lote_composto,Grandeza,Local,Data,average_valor,max_valor,min_valor,std_valor,amplitude_valor,idade_lote,teste_realizado
1282-19,AMÔNIA,AVIÁRIO MEIO,01/09/2025,23.84790874524715,31.0,20.0,1.8436164140533058,11.0,12,TESTEMUNHA
1282-19,AMÔNIA,AVIÁRIO MEIO,01/10/2025,11.684410646387832,16.0,11.0,1.0184721347019012,5.0,42,TESTEMUNHA
1282-19,AMÔNIA,AVIÁRIO MEIO,02/09/2025,18.241509433962264,27.0,11.0,5.250172825987843,16.0,13,TESTEMUNHA
1282-19,AMÔNIA,AVIÁRIO MEIO,03/09/2025,16.91698113207547,25.0,11.0,4.7113566467074275,14.0,14,TESTEMUNHA
1282-19,AMÔNIA,AVIÁRIO MEIO,04/09/2025,20.464150943396227,29.0,13.0,4.1536114924299605,16.0,15,TESTEMUNHA
1282-19,AMÔNIA,AVIÁRIO MEIO,05/09/2025,26.84351145038168,38.0,20.0,3.943583042323439,18.0,16,TESTEMUNHA
1282-19,AMÔNIA,AVIÁRIO MEIO,06/09/2025,26.326996197718632,33.0,15.0,4.328646433997105,18.0,17,TESTEMUNHA
1282-19,AMÔNIA,AVIÁRIO MEIO,07/09/2025,23.15648854961832,33.0,16.0,4.82858219256201,17.0,18,TESTEMUNHA
1282-19,AMÔNIA,AVIÁRIO MEIO,08/09/2025,16.60153256704981,25.0,11.0,4.643852025626199,14.0,19,TESTEMUNHA
1282-19,AMÔNIA,AVIÁRIO MEIO,09/09/2025,20.111538461538462,27.0,13.0,3.481691335574278,14.0,20,TESTEMUNHA
1282-19,AMÔNIA,AVIÁRIO MEIO,10/09/2025,18.22519083969466,27.0,11.0,4.753349056576479,16.0,21,TESTEMUNHA
1282-19,AMÔNIA,AVIÁRIO MEIO,11/09/2025,16.544401544401545,24.0,12.0,3.762361546979583,12.0,22,TESTEMUNHA
1282-19,AMÔNIA,AVIÁRIO MEIO,12/09/2025,14.266917293233083,19.0,11.0,2.510166450596639,8.0,23,TESTEMUNHA
1282-19,AMÔNIA,AVIÁRIO MEIO,13/09/2025,15.395437262357415,18.0,11.0,2.417360000401106,7.0,24,TESTEMUNHA
1282-19,AMÔNIA,AVIÁRIO MEIO,14/09/2025,14.4106463878327,18.0,11.0,2.548130001066448,7.0,25,TESTEMUNHA
1282-19,AMÔNIA,AVIÁRIO MEIO,15/09/2025,13.859848484848484,19.0,11.0,2.3482862819280945,8.0,26,TESTEMUNHA
1282-19,AMÔNIA,AVIÁRIO MEIO,16/09/2025,14.045977011494253,20.0,11.0,2.217527078594326,9.0,27,TESTEMUNHA
1282-19,AMÔNIA,AVIÁRIO MEIO,17/09/2025,13.650375939849624,20.0,11.0,2.259886352194425,9.0,28,TESTEMUNHA
1282-19,AMÔNIA,AVIÁRIO MEIO,18/09/2025,13.603053435114504,19.0,11.0,2.002591410129216,8.0,29,TESTEMUNHA
1282-19,AMÔNIA,AVIÁRIO MEIO,19/09/2025,13.5234375,18.0,11.0,1.7498430454168596,7.0,30,TESTEMUNHA
1282-19,AMÔNIA,AVIÁRIO MEIO,20/09/2025,13.552631578947368,19.0,11.0,1.6242559405791182,8.0,31,TESTEMUNHA
1282-19,AMÔNIA,AVIÁRIO MEIO,21/09/2025,12.818532818532818,14.0,12.0,0.7258892628327914,2.0,32,TESTEMUNHA
1282-19,AMÔNIA,AVIÁRIO MEIO,22/09/2025,15.348178137651821,21.0,13.0,2.3205268494364018,8.0,33,TESTEMUNHA
1282-19,AMÔNIA,AVIÁRIO MEIO,23/09/2025,15.873563218390805,21.0,12.0,2.30676797515792,9.0,34,TESTEMUNHA
1282-19,AMÔNIA,AVIÁRIO MEIO,24/09/2025,15.214285714285714,20.0,12.0,1.9522357669594963,8.0,35,TESTEMUNHA
1282-19,AMÔNIA,AVIÁRIO MEIO,25/08/2025,37.128787878787875,41.0,32.0,1.6669937695540793,9.0,5,TESTEMUNHA
1282-19,AMÔNIA,AVIÁRIO MEIO,25/09/2025,13.242857142857142,15.0,12.0,0.7058068186877673,3.0,36,TESTEMUNHA
1282-19,AMÔNIA,AVIÁRIO MEIO,26/08/2025,35.85294117647059,41.0,24.0,4.675994902079233,17.0,6,TESTEMUNHA
1282-19,AMÔNIA,AVIÁRIO MEIO,26/09/2025,13.53639846743295,19.0,12.0,1.7230733196757804,7.0,37,TESTEMUNHA
1282-19,AMÔNIA,AVIÁRIO MEIO,27/08/2025,28.700404858299596,40.0,14.0,7.673982006500257,26.0,7,TESTEMUNHA
1282-19,AMÔNIA,AVIÁRIO MEIO,27/09/2025,12.943396226415095,16.0,12.0,0.7324060720156462,4.0,38,TESTEMUNHA
1282-19,AMÔNIA,AVIÁRIO MEIO,28/08/2025,26.505703422053234,39.0,13.0,7.594209682575002,26.0,8,TESTEMUNHA
1282-19,AMÔNIA,AVIÁRIO MEIO,28/09/2025,13.086792452830188,14.0,12.0,0.4797946635680137,2.0,39,TESTEMUNHA
1282-19,AMÔNIA,AVIÁRIO MEIO,29/08/2025,21.870229007633586,34.0,11.0,7.103269805680225,23.0,9,TESTEMUNHA
1282-19,AMÔNIA,AVIÁRIO MEIO,29/09/2025,13.481203007518797,15.0,13.0,0.5288873803028503,2.0,40,TESTEMUNHA
1282-19,AMÔNIA,AVIÁRIO MEIO,30/08/2025,19.40909090909091,27.0,10.0,5.789167713058359,17.0,10,TESTEMUNHA
1282-19,AMÔNIA,AVIÁRIO MEIO,30/09/2025,14.460076045627376,19.0,13.0,1.6306601318790939,6.0,41,TESTEMUNHA
1282-19,AMÔNIA,AVIÁRIO MEIO,31/08/2025,20.07335907335907,27.0,11.0,5.220100066203923,16.0,11,TESTEMUNHA
1282-19,CO2,AVIÁRIO MEIO,01/09/2025,526.3372093023256,"806,00","351,00",95.94054325609187,455.0,12,TESTEMUNHA
1282-19,CO2,AVIÁRIO MEIO,01/10/2025,416.87012970711294,"994,00","1.013,00",233.00482630682112,992.987,42,TESTEMUNHA
1282-19,CO2,AVIÁRIO MEIO,02/09/2025,377.70526315789476,"726,00","150,00",125.8629893080658,576.0,13,TESTEMUNHA
1282-19,CO2,AVIÁRIO MEIO,03/09/2025,356.2011494252874,"726,00","150,00",138.93908281801413,576.0,14,TESTEMUNHA
1282-19,CO2,AVIÁRIO MEIO,04/09/2025,348.0415094339623,"753,00","150,00",127.01104607134253,603.0,15,TESTEMUNHA
1282-19,CO2,AVIÁRIO MEIO,05/09/2025,452.2230769230769,"780,00","243,00",119.13494387488082,537.0,16,TESTEMUNHA
1282-19,CO2,AVIÁRIO MEIO,06/09/2025,547.8928505747127,"981,00","1.034,00",167.67944934951834,979.966,17,TESTEMUNHA
1282-19,CO2,AVIÁRIO MEIO,07/09/2025,495.9037748091603,"954,00","1.034,00",194.36550256597508,952.966,18,TESTEMUNHA
1282-19,CO2,AVIÁRIO MEIO,08/09/2025,426.63690476190476,"982,00","150,00",191.11612730020732,832.0,19,TESTEMUNHA
1282-19,CO2,AVIÁRIO MEIO,09/09/2025,447.8255813953488,"920,00","164,00",138.41252731485423,756.0,20,TESTEMUNHA
1282-19,CO2,AVIÁRIO MEIO,10/09/2025,372.87168141592923,"708,00","150,00",128.59381202100337,558.0,21,TESTEMUNHA
1282-19,CO2,AVIÁRIO MEIO,11/09/2025,372.86387434554973,"845,00","150,00",156.41501482426926,695.0,22,TESTEMUNHA
1282-19,CO2,AVIÁRIO MEIO,12/09/2025,264.50359712230215,"458,00","150,00",60.01455148493919,308.0,23,TESTEMUNHA
1282-19,CO2,AVIÁRIO MEIO,13/09/2025,253.515,"431,00","150,00",65.45372239223684,281.0,24,TESTEMUNHA
1282-19,CO2,AVIÁRIO MEIO,14/09/2025,216.19078947368422,"392,00","150,00",45.91292295327721,242.0,25,TESTEMUNHA
1282-19,CO2,AVIÁRIO MEIO,15/09/2025,209.1290322580645,"377,00","150,00",42.601485613565515,227.0,26,TESTEMUNHA
1282-19,CO2,AVIÁRIO MEIO,16/09/2025,213.91150442477877,"404,00","150,00",56.42373779033319,254.0,27,TESTEMUNHA
1282-19,CO2,AVIÁRIO MEIO,17/09/2025,212.50877192982455,"458,00","150,00",68.34012532963924,308.0,28,TESTEMUNHA
1282-19,CO2,AVIÁRIO MEIO,18/09/2025,220.87654320987653,"404,00","150,00",60.648426789169264,254.0,29,TESTEMUNHA
1282-19,CO2,AVIÁRIO MEIO,19/09/2025,185.97530864197532,"351,00","150,00",37.36737049875408,201.0,30,TESTEMUNHA
1282-19,CO2,AVIÁRIO MEIO,20/09/2025,183.3671875,"372,00","150,00",45.37273945707757,222.0,31,TESTEMUNHA
1282-19,CO2,AVIÁRIO MEIO,21/09/2025,157.86776859504133,"217,00","150,00",13.566452393976098,67.0,32,TESTEMUNHA
1282-19,CO2,AVIÁRIO MEIO,22/09/2025,209.64224137931035,"378,00","150,00",53.239913486778526,228.0,33,TESTEMUNHA
1282-19,CO2,AVIÁRIO MEIO,23/09/2025,260.9563492063492,"673,00","150,00",94.30763826059233,523.0,34,TESTEMUNHA
1282-19,CO2,AVIÁRIO MEIO,24/09/2025,288.4156626506024,"754,00","150,00",105.61695736193228,604.0,35,TESTEMUNHA
1282-19,CO2,AVIÁRIO MEIO,25/08/2025,1.3112923076923075,"1.609,00","1.089,00",0.11427931006993149,0.52,5,TESTEMUNHA
1282-19,CO2,AVIÁRIO MEIO,25/09/2025,171.89285714285714,"217,00","150,00",21.90864031399862,67.0,36,TESTEMUNHA
1282-19,CO2,AVIÁRIO MEIO,26/08/2025,84.30537394957983,"988,00","1.002,00",267.1162597422162,986.998,6,TESTEMUNHA
1282-19,CO2,AVIÁRIO MEIO,26/09/2025,223.18595041322314,"672,00","150,00",99.46120619692032,522.0,37,TESTEMUNHA
1282-19,CO2,AVIÁRIO MEIO,27/08/2025,358.8355141700405,"981,00","1.006,00",387.9212275118577,979.994,7,TESTEMUNHA
1282-19,CO2,AVIÁRIO MEIO,27/09/2025,188.19921875,"378,00","150,00",34.28914504824593,228.0,38,TESTEMUNHA
1282-19,CO2,AVIÁRIO MEIO,28/08/2025,571.092,"996,00","1.002,00",342.29641082809314,994.998,8,TESTEMUNHA
1282-19,CO2,AVIÁRIO MEIO,28/09/2025,219.66037735849056,"351,00","150,00",31.715327760436924,201.0,39,TESTEMUNHA
1282-19,CO2,AVIÁRIO MEIO,29/08/2025,611.9290655021833,"991,00","1.007,00",258.72991869103424,989.993,9,TESTEMUNHA
1282-19,CO2,AVIÁRIO MEIO,29/09/2025,262.5338345864662,"432,00","166,00",35.77037226410274,266.0,40,TESTEMUNHA
1282-19,CO2,AVIÁRIO MEIO,30/08/2025,554.4549763033175,"954,00","150,00",195.206663149073,804.0,10,TESTEMUNHA
1282-19,CO2,AVIÁRIO MEIO,30/09/2025,317.8897338403042,"614,00","216,00",94.15333748330293,398.0,41,TESTEMUNHA
1282-19,CO2,AVIÁRIO MEIO,31/08/2025,471.60087719298247,"833,00","150,00",164.3765024589404,683.0,11,TESTEMUNHA
1282-19,CONSUMO DO SILO,EXTERNO,01/09/2025,49.09860104529617,"932,00","0,00",178.1769307051703,932.0,12,TESTEMUNHA
1282-19,CONSUMO DO SILO,EXTERNO,01/10/2025,6.444055944055944,"9,00","0,00",6.407110586434444,9.0,42,TESTEMUNHA
1282-19,CONSUMO DO SILO,EXTERNO,02/09/2025,110.24611228070175,"970,00","0,00",227.08009011614342,970.0,13,TESTEMUNHA
1282-19,CONSUMO DO SILO,EXTERNO,03/09/2025,86.00289929328622,"993,00","0,00",219.61597476475845,993.0,14,TESTEMUNHA
1282-19,CONSUMO DO SILO,EXTERNO,04/09/2025,54.180520905923345,"992,00","0,00",177.49240375678352,992.0,15,TESTEMUNHA
1282-19,CONSUMO DO SILO,EXTERNO,05/09/2025,60.41600524475525,"946,00","0,00",178.83421693439064,946.0,16,TESTEMUNHA
1282-19,CONSUMO DO SILO,EXTERNO,06/09/2025,41.285961538461535,"981,00","0,00",132.45207854223867,981.0,17,TESTEMUNHA
1282-19,CONSUMO DO SILO,EXTERNO,07/09/2025,11.088465156794426,"9,00","0,00",49.2604892319467,9.0,18,TESTEMUNHA
1282-19,CONSUMO DO SILO,EXTERNO,08/09/2025,92.59614361702127,"982,00","0,00",236.72679253107805,982.0,19,TESTEMUNHA
1282-19,CONSUMO DO SILO,EXTERNO,09/09/2025,155.3579756097561,"987,00","0,00",230.48917771483636,987.0,20,TESTEMUNHA
1282-19,CONSUMO DO SILO,EXTERNO,10/09/2025,104.44248251748252,"995,00","0,00",241.76355120202183,995.0,21,TESTEMUNHA
1282-19,CONSUMO DO SILO,EXTERNO,11/09/2025,66.57995454545454,"961,00","0,00",189.19637768603133,961.0,22,TESTEMUNHA
1282-19,CONSUMO DO SILO,EXTERNO,12/09/2025,87.88239285714286,"98,00","0,00",190.81103827878462,98.0,23,TESTEMUNHA
1282-19,CONSUMO DO SILO,EXTERNO,13/09/2025,57.95064808362369,"980,00","0,00",137.6963549719421,980.0,24,TESTEMUNHA
1282-19,CONSUMO DO SILO,EXTERNO,14/09/2025,18.661239015817223,"997,00","0,00",95.62813176321514,997.0,25,TESTEMUNHA
1282-19,CONSUMO DO SILO,EXTERNO,15/09/2025,22.605895104895104,"994,00","0,00",90.64312480616144,994.0,26,TESTEMUNHA
1282-19,CONSUMO DO SILO,EXTERNO,16/08/2025,10.449477351916377,"9,00","0,00",10.069967323041208,9.0,-4,TESTEMUNHA
1282-19,CONSUMO DO SILO,EXTERNO,16/09/2025,8.154246503496504,"99,00","0,00",45.948859967181356,99.0,27,TESTEMUNHA
1282-19,CONSUMO DO SILO,EXTERNO,17/08/2025,7.270034843205575,"9,00","0,00",9.857976182963371,9.0,-3,TESTEMUNHA
1282-19,CONSUMO DO SILO,EXTERNO,17/09/2025,122.82876190476189,"989,00","0,00",211.05940883024437,989.0,28,TESTEMUNHA
1282-19,CONSUMO DO SILO,EXTERNO,18/08/2025,63.244288224956065,"968,00","0,00",206.0856419479824,968.0,-2,TESTEMUNHA
1282-19,CONSUMO DO SILO,EXTERNO,18/09/2025,25.84715034965035,"992,00","0,00",112.83850653954659,992.0,29,TESTEMUNHA
1282-19,CONSUMO DO SILO,EXTERNO,19/08/2025,25.74395644599303,"962,00","0,00",104.53522794782808,962.0,-1,TESTEMUNHA
1282-19,CONSUMO DO SILO,EXTERNO,19/09/2025,202.20605594405595,"996,00","0,00",349.6651482236485,996.0,30,TESTEMUNHA
1282-19,CONSUMO DO SILO,EXTERNO,20/08/2025,12.56634090909091,"9,00","0,00",42.32831746651842,9.0,0,TESTEMUNHA
1282-19,CONSUMO DO SILO,EXTERNO,20/09/2025,29.447037366548045,"992,00","0,00",127.41587641596065,992.0,31,TESTEMUNHA
1282-19,CONSUMO DO SILO,EXTERNO,21/08/2025,12.23157894736842,"9,00","0,00",12.381468295644424,9.0,1,TESTEMUNHA
1282-19,CONSUMO DO SILO,EXTERNO,21/09/2025,34.91366083916084,"998,00","0,00",141.75513049808225,998.0,32,TESTEMUNHA
1282-19,CONSUMO DO SILO,EXTERNO,22/08/2025,284.7787456445993,"947,00","0,00",407.3647846479232,947.0,2,TESTEMUNHA
1282-19,CONSUMO DO SILO,EXTERNO,22/09/2025,42.39086419753086,"99,00","0,00",168.20328151793387,99.0,33,TESTEMUNHA
1282-19,CONSUMO DO SILO,EXTERNO,23/08/2025,63.09507042253521,"9,00","0,00",116.03930904355171,9.0,3,TESTEMUNHA
1282-19,CONSUMO DO SILO,EXTERNO,23/09/2025,15.12886888111888,"938,00","0,00",95.04048218039752,938.0,34,TESTEMUNHA
1282-19,CONSUMO DO SILO,EXTERNO,24/08/2025,55.72648083623693,"9,00","0,00",86.99417315473957,9.0,4,TESTEMUNHA
1282-19,CONSUMO DO SILO,EXTERNO,24/09/2025,18.583246913580247,"966,00","0,00",102.05305065002257,966.0,35,TESTEMUNHA
1282-19,CONSUMO DO SILO,EXTERNO,25/08/2025,245.44230769230768,"9,00","0,00",302.4993934460597,9.0,5,TESTEMUNHA
1282-19,CONSUMO DO SILO,EXTERNO,25/09/2025,39.962080419580424,"965,00","0,00",147.545587067174,965.0,36,TESTEMUNHA
1282-19,CONSUMO DO SILO,EXTERNO,26/08/2025,78.79230769230769,"981,00","0,00",139.9340393253758,981.0,6,TESTEMUNHA
1282-19,CONSUMO DO SILO,EXTERNO,26/09/2025,44.11675088339222,"99,00","0,00",140.54054220986515,99.0,37,TESTEMUNHA
1282-19,CONSUMO DO SILO,EXTERNO,27/08/2025,112.01902992957747,"977,00","0,00",230.2357913904591,977.0,7,TESTEMUNHA
1282-19,CONSUMO DO SILO,EXTERNO,27/09/2025,16.94445518453427,"947,00","0,00",104.59607197604225,947.0,38,TESTEMUNHA
1282-19,CONSUMO DO SILO,EXTERNO,28/08/2025,159.1425307557118,"999,00","0,00",271.44459266068844,999.0,8,TESTEMUNHA
1282-19,CONSUMO DO SILO,EXTERNO,28/09/2025,23.060931818181817,"925,00","0,00",86.84343152746574,925.0,39,TESTEMUNHA
1282-19,CONSUMO DO SILO,EXTERNO,29/08/2025,139.43175261324043,"99,00","0,00",263.18394505504455,99.0,9,TESTEMUNHA
1282-19,CONSUMO DO SILO,EXTERNO,29/09/2025,76.28853064798598,"988,00","0,00",173.5182389667826,988.0,40,TESTEMUNHA
1282-19,CONSUMO DO SILO,EXTERNO,30/08/2025,101.19666783216783,"999,00","0,00",214.63309194655076,999.0,10,TESTEMUNHA
1282-19,CONSUMO DO SILO,EXTERNO,30/09/2025,179.42686363636363,"940,00","0,00",286.1965692568187,940.0,41,TESTEMUNHA
1282-19,CONSUMO DO SILO,EXTERNO,31/08/2025,103.10562937062937,"932,00","0,00",242.62151082619698,932.0,11,TESTEMUNHA
1282-19,CORRENTE ELÉTRICA,EXTERNO,01/09/2025,3.754316631380852,9.65,0.0,2.7262128290067893,9.65,12,TESTEMUNHA
1282-19,CORRENTE ELÉTRICA,EXTERNO,01/10/2025,14.96530131826742,41.55,0.0,13.05081970113535,41.55,42,TESTEMUNHA
1282-19,CORRENTE ELÉTRICA,EXTERNO,02/09/2025,7.041237355916254,17.71,0.0,5.015905763747424,17.71,13,TESTEMUNHA
1282-19,CORRENTE ELÉTRICA,EXTERNO,03/09/2025,8.194540960451977,20.08,0.0,5.77228160771581,20.08,14,TESTEMUNHA
1282-19,CORRENTE ELÉTRICA,EXTERNO,04/09/2025,5.366800752764056,11.69,0.0,3.18913935948366,11.69,15,TESTEMUNHA
1282-19,CORRENTE ELÉTRICA,EXTERNO,05/09/2025,4.370472829922371,11.61,0.0,3.120106818799304,11.61,16,TESTEMUNHA
1282-19,CORRENTE ELÉTRICA,EXTERNO,06/09/2025,4.861012241054614,12.74,0.0,3.0001656595568593,12.74,17,TESTEMUNHA
1282-19,CORRENTE ELÉTRICA,EXTERNO,07/09/2025,7.277838983050847,15.92,0.0,2.7953336470230186,15.92,18,TESTEMUNHA
1282-19,CORRENTE ELÉTRICA,EXTERNO,08/09/2025,11.263669724770642,22.53,1.71,6.538083695033912,20.82,19,TESTEMUNHA
1282-19,CORRENTE ELÉTRICA,EXTERNO,09/09/2025,6.712226930320151,17.16,1.66,2.9957904762356984,15.5,20,TESTEMUNHA
1282-19,CORRENTE ELÉTRICA,EXTERNO,10/09/2025,9.94111581920904,22.91,1.82,6.184321009165141,21.09,21,TESTEMUNHA
1282-19,CORRENTE ELÉTRICA,EXTERNO,11/09/2025,11.19465302281816,21.72,3.76,5.485318377708301,17.96,22,TESTEMUNHA
1282-19,CORRENTE ELÉTRICA,EXTERNO,12/09/2025,16.168540489642186,34.3,7.24,8.27958361500229,27.059999999999995,23,TESTEMUNHA
1282-19,CORRENTE ELÉTRICA,EXTERNO,13/09/2025,12.639249058380415,27.71,7.57,6.015129287450902,20.14,24,TESTEMUNHA
1282-19,CORRENTE ELÉTRICA,EXTERNO,14/09/2025,15.13196189131969,32.36,7.28,8.472902575925279,25.08,25,TESTEMUNHA
1282-19,CORRENTE ELÉTRICA,EXTERNO,15/09/2025,17.302970809792846,35.81,7.71,9.273532009405479,28.1,26,TESTEMUNHA
1282-19,CORRENTE ELÉTRICA,EXTERNO,16/09/2025,18.514194915254237,32.1,7.7,8.843310808524715,24.400000000000002,27,TESTEMUNHA
1282-19,CORRENTE ELÉTRICA,EXTERNO,17/09/2025,20.42031757233592,33.65,7.29,9.18363837238331,26.36,28,TESTEMUNHA
1282-19,CORRENTE ELÉTRICA,EXTERNO,18/09/2025,18.891263232180663,33.68,0.0,8.54131490712126,33.68,29,TESTEMUNHA
1282-19,CORRENTE ELÉTRICA,EXTERNO,19/08/2025,4.806080508474576,8.34,0.0,2.023653864287305,8.34,-1,TESTEMUNHA
1282-19,CORRENTE ELÉTRICA,EXTERNO,19/09/2025,21.50771967020024,37.74,7.2,9.215086216395179,30.540000000000003,30,TESTEMUNHA
1282-19,CORRENTE ELÉTRICA,EXTERNO,20/08/2025,3.1808921845574387,9.04,0.0,2.4217300219286,9.04,0,TESTEMUNHA
1282-19,CORRENTE ELÉTRICA,EXTERNO,20/09/2025,21.822335216572505,38.17,0.0,9.312943380851022,38.17,31,TESTEMUNHA
1282-19,CORRENTE ELÉTRICA,EXTERNO,21/08/2025,3.5333827334744767,9.19,0.0,2.5957181757404553,9.19,1,TESTEMUNHA
1282-19,CORRENTE ELÉTRICA,EXTERNO,21/09/2025,26.27422018348624,38.21,5.45,7.654962801376053,32.76,32,TESTEMUNHA
1282-19,CORRENTE ELÉTRICA,EXTERNO,22/08/2025,4.545480225988701,12.94,0.0,3.1249947502908433,12.94,2,TESTEMUNHA
1282-19,CORRENTE ELÉTRICA,EXTERNO,22/09/2025,14.777219477769936,34.18,0.0,5.110571479345689,34.18,33,TESTEMUNHA
1282-19,CORRENTE ELÉTRICA,EXTERNO,23/08/2025,3.094623352165725,10.09,0.0,2.4474436872001535,10.09,3,TESTEMUNHA
1282-19,CORRENTE ELÉTRICA,EXTERNO,23/09/2025,17.668206214689263,35.68,0.0,8.848005474590277,35.68,34,TESTEMUNHA
1282-19,CORRENTE ELÉTRICA,EXTERNO,24/08/2025,2.279320159962362,7.57,0.0,1.7033545117291813,7.57,4,TESTEMUNHA
1282-19,CORRENTE ELÉTRICA,EXTERNO,24/09/2025,21.682523540489644,36.58,0.0,10.469204691872774,36.58,35,TESTEMUNHA
1282-19,CORRENTE ELÉTRICA,EXTERNO,25/08/2025,2.286471280602637,6.77,0.0,1.7178074348878531,6.77,5,TESTEMUNHA
1282-19,CORRENTE ELÉTRICA,EXTERNO,25/09/2025,20.98461773700306,39.62,9.41,9.926138994872275,30.209999999999997,36,TESTEMUNHA
1282-19,CORRENTE ELÉTRICA,EXTERNO,26/08/2025,2.776318267419962,10.18,0.0,2.2126653713561177,10.18,6,TESTEMUNHA
1282-19,CORRENTE ELÉTRICA,EXTERNO,26/09/2025,22.434178436911488,36.08,9.24,9.39442563374336,26.839999999999996,37,TESTEMUNHA
1282-19,CORRENTE ELÉTRICA,EXTERNO,27/08/2025,3.062707156308851,8.39,0.0,2.424557508491537,8.39,7,TESTEMUNHA
1282-19,CORRENTE ELÉTRICA,EXTERNO,27/09/2025,24.897208097928438,37.15,9.92,9.49380468135369,27.229999999999997,38,TESTEMUNHA
1282-19,CORRENTE ELÉTRICA,EXTERNO,28/08/2025,3.485685721006822,10.4,0.0,2.660251042577118,10.4,8,TESTEMUNHA
1282-19,CORRENTE ELÉTRICA,EXTERNO,28/09/2025,28.138673253352152,37.81,14.06,6.360838336401652,23.75,39,TESTEMUNHA
1282-19,CORRENTE ELÉTRICA,EXTERNO,29/08/2025,4.831435969868173,13.89,0.0,3.933350858208823,13.89,9,TESTEMUNHA
1282-19,CORRENTE ELÉTRICA,EXTERNO,29/09/2025,30.85007297551789,38.5,18.68,4.754437165251855,19.82,40,TESTEMUNHA
1282-19,CORRENTE ELÉTRICA,EXTERNO,30/08/2025,6.036525523406257,16.31,0.0,4.633220570900652,16.31,10,TESTEMUNHA
1282-19,CORRENTE ELÉTRICA,EXTERNO,30/09/2025,30.317767584097858,39.15,0.0,7.389606860908086,39.15,41,TESTEMUNHA
1282-19,CORRENTE ELÉTRICA,EXTERNO,31/08/2025,5.240374293785311,15.39,0.0,3.3054753307450415,15.39,11,TESTEMUNHA
1282-19,DIFERENCIAL DE PRESSÃO,AVIÁRIO MEIO,01/09/2025,4.2889733840304185,45.0,-7.0,7.754806683774499,52.0,12,TESTEMUNHA
1282-19,DIFERENCIAL DE PRESSÃO,AVIÁRIO MEIO,01/10/2025,8.912547528517111,48.0,-1.0,13.544040064425106,49.0,42,TESTEMUNHA
1282-19,DIFERENCIAL DE PRESSÃO,AVIÁRIO MEIO,02/09/2025,11.777358490566037,38.0,-6.0,10.5422535543194,44.0,13,TESTEMUNHA
1282-19,DIFERENCIAL DE PRESSÃO,AVIÁRIO MEIO,03/09/2025,14.290566037735848,46.0,-3.0,10.973832755240016,49.0,14,TESTEMUNHA
1282-19,DIFERENCIAL DE PRESSÃO,AVIÁRIO MEIO,04/09/2025,9.181132075471698,29.0,-2.0,8.473556126880041,31.0,15,TESTEMUNHA
1282-19,DIFERENCIAL DE PRESSÃO,AVIÁRIO MEIO,05/09/2025,9.893129770992367,31.0,-4.0,12.754434587817494,35.0,16,TESTEMUNHA
1282-19,DIFERENCIAL DE PRESSÃO,AVIÁRIO MEIO,06/09/2025,11.653992395437262,34.0,-3.0,13.508132082184867,37.0,17,TESTEMUNHA
1282-19,DIFERENCIAL DE PRESSÃO,AVIÁRIO MEIO,07/09/2025,18.938931297709924,62.0,-2.0,14.02302127130358,64.0,18,TESTEMUNHA
1282-19,DIFERENCIAL DE PRESSÃO,AVIÁRIO MEIO,08/09/2025,25.559386973180075,36.0,2.0,5.790178466507455,34.0,19,TESTEMUNHA
1282-19,DIFERENCIAL DE PRESSÃO,AVIÁRIO MEIO,09/09/2025,24.723076923076924,39.0,1.0,6.913215198350052,38.0,20,TESTEMUNHA
1282-19,DIFERENCIAL DE PRESSÃO,AVIÁRIO MEIO,10/09/2025,24.698473282442748,33.0,1.0,6.610533864558678,32.0,21,TESTEMUNHA
1282-19,DIFERENCIAL DE PRESSÃO,AVIÁRIO MEIO,11/09/2025,26.872586872586872,35.0,5.0,3.728630420661413,30.0,22,TESTEMUNHA
1282-19,DIFERENCIAL DE PRESSÃO,AVIÁRIO MEIO,12/09/2025,28.221804511278197,38.0,11.0,2.970983441286849,27.0,23,TESTEMUNHA
1282-19,DIFERENCIAL DE PRESSÃO,AVIÁRIO MEIO,13/09/2025,27.026615969581748,33.0,11.0,2.080886846815748,22.0,24,TESTEMUNHA
1282-19,DIFERENCIAL DE PRESSÃO,AVIÁRIO MEIO,14/09/2025,28.513307984790874,48.0,6.0,4.1938318921203654,42.0,25,TESTEMUNHA
1282-19,DIFERENCIAL DE PRESSÃO,AVIÁRIO MEIO,15/09/2025,28.981060606060606,44.0,0.0,5.451197152026914,44.0,26,TESTEMUNHA
1282-19,DIFERENCIAL DE PRESSÃO,AVIÁRIO MEIO,16/09/2025,28.3639846743295,35.0,9.0,3.6506554578316286,26.0,27,TESTEMUNHA
1282-19,DIFERENCIAL DE PRESSÃO,AVIÁRIO MEIO,17/09/2025,29.714285714285715,40.0,11.0,3.765836592534992,29.0,28,TESTEMUNHA
1282-19,DIFERENCIAL DE PRESSÃO,AVIÁRIO MEIO,18/09/2025,29.00763358778626,42.0,11.0,4.570893949691892,31.0,29,TESTEMUNHA
1282-19,DIFERENCIAL DE PRESSÃO,AVIÁRIO MEIO,19/09/2025,29.05859375,42.0,7.0,6.372585662230123,35.0,30,TESTEMUNHA
1282-19,DIFERENCIAL DE PRESSÃO,AVIÁRIO MEIO,20/09/2025,23.093984962406015,45.0,3.0,12.173348551123567,42.0,31,TESTEMUNHA
1282-19,DIFERENCIAL DE PRESSÃO,AVIÁRIO MEIO,21/09/2025,32.13513513513514,53.0,25.0,4.738029122159695,28.0,32,TESTEMUNHA
1282-19,DIFERENCIAL DE PRESSÃO,AVIÁRIO MEIO,22/09/2025,25.48582995951417,38.0,4.0,6.1465570510996015,34.0,33,TESTEMUNHA
1282-19,DIFERENCIAL DE PRESSÃO,AVIÁRIO MEIO,23/09/2025,25.704980842911876,40.0,4.0,9.037657175499376,36.0,34,TESTEMUNHA
1282-19,DIFERENCIAL DE PRESSÃO,AVIÁRIO MEIO,24/09/2025,16.5,41.0,1.0,14.953897405661428,40.0,35,TESTEMUNHA
1282-19,DIFERENCIAL DE PRESSÃO,AVIÁRIO MEIO,25/08/2025,6.878787878787879,30.0,-2.0,12.593306485102785,32.0,5,TESTEMUNHA
1282-19,DIFERENCIAL DE PRESSÃO,AVIÁRIO MEIO,25/09/2025,29.7,40.0,1.0,5.614649206699012,39.0,36,TESTEMUNHA
1282-19,DIFERENCIAL DE PRESSÃO,AVIÁRIO MEIO,26/08/2025,5.642857142857143,60.0,-2.0,11.53959986073947,62.0,6,TESTEMUNHA
1282-19,DIFERENCIAL DE PRESSÃO,AVIÁRIO MEIO,26/09/2025,32.24904214559387,50.0,3.0,7.248414349136503,47.0,37,TESTEMUNHA
1282-19,DIFERENCIAL DE PRESSÃO,AVIÁRIO MEIO,27/08/2025,4.882591093117409,15.0,-3.0,6.386218442770891,18.0,7,TESTEMUNHA
1282-19,DIFERENCIAL DE PRESSÃO,AVIÁRIO MEIO,27/09/2025,35.154716981132076,87.0,17.0,8.70147604129661,70.0,38,TESTEMUNHA
1282-19,DIFERENCIAL DE PRESSÃO,AVIÁRIO MEIO,28/08/2025,3.950570342205323,16.0,-3.0,5.690482152434998,19.0,8,TESTEMUNHA
1282-19,DIFERENCIAL DE PRESSÃO,AVIÁRIO MEIO,28/09/2025,33.177358490566036,40.0,22.0,4.208107247603562,18.0,39,TESTEMUNHA
1282-19,DIFERENCIAL DE PRESSÃO,AVIÁRIO MEIO,29/08/2025,5.645038167938932,21.0,-2.0,6.167505511564982,23.0,9,TESTEMUNHA
1282-19,DIFERENCIAL DE PRESSÃO,AVIÁRIO MEIO,29/09/2025,34.88721804511278,47.0,23.0,4.289617006824518,24.0,40,TESTEMUNHA
1282-19,DIFERENCIAL DE PRESSÃO,AVIÁRIO MEIO,30/08/2025,9.651515151515152,46.0,-5.0,10.013237335983808,51.0,10,TESTEMUNHA
1282-19,DIFERENCIAL DE PRESSÃO,AVIÁRIO MEIO,30/09/2025,35.62357414448669,50.0,0.0,7.250471032372371,50.0,41,TESTEMUNHA
1282-19,DIFERENCIAL DE PRESSÃO,AVIÁRIO MEIO,31/08/2025,7.544401544401544,27.0,-6.0,8.282707338670559,33.0,11,TESTEMUNHA
1282-19,ENERGIA ELÉTRICA DO DIA,EXTERNO,01/09/2025,4.365342272406492,15.41,0.0,3.473442983243532,15.41,12,TESTEMUNHA
1282-19,ENERGIA ELÉTRICA DO DIA,EXTERNO,01/10/2025,24.43124529190207,61.19,0.0,21.952003425769416,61.19,42,TESTEMUNHA
1282-19,ENERGIA ELÉTRICA DO DIA,EXTERNO,02/09/2025,10.208612091272641,30.5,0.0,10.049849639303254,30.5,13,TESTEMUNHA
1282-19,ENERGIA ELÉTRICA DO DIA,EXTERNO,03/09/2025,16.42273305084746,41.0,0.0,14.137790532191653,41.0,14,TESTEMUNHA
1282-19,ENERGIA ELÉTRICA DO DIA,EXTERNO,04/09/2025,10.983577981651377,28.2,0.0,8.618922398258267,28.2,15,TESTEMUNHA
1282-19,ENERGIA ELÉTRICA DO DIA,EXTERNO,05/09/2025,10.56776758409786,26.72,0.03,6.689291278674877,26.689999999999998,16,TESTEMUNHA
1282-19,ENERGIA ELÉTRICA DO DIA,EXTERNO,06/09/2025,10.596967984934086,28.03,0.0,7.202501392290253,28.03,17,TESTEMUNHA
1282-19,ENERGIA ELÉTRICA DO DIA,EXTERNO,07/09/2025,17.981810263653482,37.02,0.04,10.737926171735856,36.980000000000004,18,TESTEMUNHA
1282-19,ENERGIA ELÉTRICA DO DIA,EXTERNO,08/09/2025,21.796692542931076,56.1,0.01,18.239593140065235,56.09,19,TESTEMUNHA
1282-19,ENERGIA ELÉTRICA DO DIA,EXTERNO,09/09/2025,15.464974105461396,33.66,0.01,10.509254662823032,33.65,20,TESTEMUNHA
1282-19,ENERGIA ELÉTRICA DO DIA,EXTERNO,10/09/2025,19.954623352165726,49.97,0.01,16.34313428413089,49.96,21,TESTEMUNHA
1282-19,ENERGIA ELÉTRICA DO DIA,EXTERNO,11/09/2025,24.085203481533757,55.97,0.01,18.254002931676037,55.96,22,TESTEMUNHA
1282-19,ENERGIA ELÉTRICA DO DIA,EXTERNO,12/09/2025,33.53052024482109,80.38,0.03,26.14720409533985,80.35,23,TESTEMUNHA
1282-19,ENERGIA ELÉTRICA DO DIA,EXTERNO,13/09/2025,27.604352636534838,62.89,0.03,19.82304377975075,62.86,24,TESTEMUNHA
1282-19,ENERGIA ELÉTRICA DO DIA,EXTERNO,14/09/2025,32.66155963302752,75.12,0.03,24.99275812005025,75.09,25,TESTEMUNHA
1282-19,ENERGIA ELÉTRICA DO DIA,EXTERNO,15/09/2025,36.34064736346516,85.94,0.03,28.4909646963979,85.91,26,TESTEMUNHA
1282-19,ENERGIA ELÉTRICA DO DIA,EXTERNO,16/09/2025,37.48181497175141,91.81,0.03,29.643582827484696,91.78,27,TESTEMUNHA
1282-19,ENERGIA ELÉTRICA DO DIA,EXTERNO,17/09/2025,40.70277111267937,102.18,0.03,32.14244363444952,102.15,28,TESTEMUNHA
1282-19,ENERGIA ELÉTRICA DO DIA,EXTERNO,18/09/2025,34.65297106563162,89.85,0.0,29.179449393299524,89.85,29,TESTEMUNHA
1282-19,ENERGIA ELÉTRICA DO DIA,EXTERNO,19/08/2025,12.751537193973634,34.87,0.01,8.386538211828881,34.86,-1,TESTEMUNHA
1282-19,ENERGIA ELÉTRICA DO DIA,EXTERNO,19/09/2025,43.77864310954064,108.48,0.04,33.5715976196195,108.44,30,TESTEMUNHA
1282-19,ENERGIA ELÉTRICA DO DIA,EXTERNO,20/08/2025,7.882257532956686,29.43,0.01,7.129420240700971,29.419999999999998,0,TESTEMUNHA
1282-19,ENERGIA ELÉTRICA DO DIA,EXTERNO,20/09/2025,46.649771657250476,111.39,0.05,34.61683183101246,111.34,31,TESTEMUNHA
1282-19,ENERGIA ELÉTRICA DO DIA,EXTERNO,21/08/2025,8.31003999059045,30.9,0.01,7.676353694563394,30.889999999999997,1,TESTEMUNHA
1282-19,ENERGIA ELÉTRICA DO DIA,EXTERNO,21/09/2025,55.66289814161374,134.95,0.07,38.960810527074266,134.88,32,TESTEMUNHA
1282-19,ENERGIA ELÉTRICA DO DIA,EXTERNO,22/08/2025,10.644211393596986,31.46,0.01,8.788925126918224,31.45,2,TESTEMUNHA
1282-19,ENERGIA ELÉTRICA DO DIA,EXTERNO,22/09/2025,32.58361561985416,70.81,0.0,21.936217072704547,70.81,33,TESTEMUNHA
1282-19,ENERGIA ELÉTRICA DO DIA,EXTERNO,23/08/2025,7.404724576271186,20.62,0.01,5.544702733973592,20.61,3,TESTEMUNHA
1282-19,ENERGIA ELÉTRICA DO DIA,EXTERNO,23/09/2025,37.84623352165725,87.38,0.03,28.26726638704768,87.35,34,TESTEMUNHA
1282-19,ENERGIA ELÉTRICA DO DIA,EXTERNO,24/08/2025,5.621952481768995,17.57,0.0,4.30139186836885,17.57,4,TESTEMUNHA
1282-19,ENERGIA ELÉTRICA DO DIA,EXTERNO,24/09/2025,44.02105696798494,108.43,0.03,34.86163294564751,108.4,35,TESTEMUNHA
1282-19,ENERGIA ELÉTRICA DO DIA,EXTERNO,25/08/2025,5.645491996233521,17.58,0.0,4.2908175006463605,17.58,5,TESTEMUNHA
1282-19,ENERGIA ELÉTRICA DO DIA,EXTERNO,25/09/2025,43.26233827334745,103.93,0.03,33.59332051596067,103.9,36,TESTEMUNHA
1282-19,ENERGIA ELÉTRICA DO DIA,EXTERNO,26/08/2025,6.485609698681732,24.09,0.0,5.743937797953677,24.09,6,TESTEMUNHA
1282-19,ENERGIA ELÉTRICA DO DIA,EXTERNO,26/09/2025,45.54631826741996,110.96,0.05,34.59385748389763,110.91,37,TESTEMUNHA
1282-19,ENERGIA ELÉTRICA DO DIA,EXTERNO,27/08/2025,3.676560734463277,13.71,0.0,3.1748273027283496,13.71,7,TESTEMUNHA
1282-19,ENERGIA ELÉTRICA DO DIA,EXTERNO,27/09/2025,49.23804849340866,124.36,0.06,36.9982319986623,124.3,38,TESTEMUNHA
1282-19,ENERGIA ELÉTRICA DO DIA,EXTERNO,28/08/2025,7.609454246059751,26.61,0.01,6.78197663580832,26.599999999999998,8,TESTEMUNHA
1282-19,ENERGIA ELÉTRICA DO DIA,EXTERNO,28/09/2025,62.170905669254296,140.75,0.1,40.01219776031116,140.65,39,TESTEMUNHA
1282-19,ENERGIA ELÉTRICA DO DIA,EXTERNO,29/08/2025,9.642358757062146,29.74,0.01,8.641851944432135,29.729999999999997,9,TESTEMUNHA
1282-19,ENERGIA ELÉTRICA DO DIA,EXTERNO,29/09/2025,70.2123352165725,154.33,0.11,43.526944656917394,154.22,40,TESTEMUNHA
1282-19,ENERGIA ELÉTRICA DO DIA,EXTERNO,30/08/2025,11.043439190778642,33.32,0.0,10.29929101070677,33.32,10,TESTEMUNHA
1282-19,ENERGIA ELÉTRICA DO DIA,EXTERNO,30/09/2025,43.12337802869913,111.14,0.0,30.268599567176192,111.14,41,TESTEMUNHA
1282-19,ENERGIA ELÉTRICA DO DIA,EXTERNO,31/08/2025,11.69055790960452,31.37,0.0,8.790554445106995,31.37,11,TESTEMUNHA
1282-19,PESO MÉDIO DA AVE,AVIÁRIO FRENTE,01/09/2025,0.37453651685393263,0.41,0.35,0.020820495876463087,0.06,12,TESTEMUNHA
1282-19,PESO MÉDIO DA AVE,AVIÁRIO FRENTE,02/09/2025,0.42837307152875176,0.45,0.41,0.016610071589955883,0.040000000000000036,13,TESTEMUNHA
1282-19,PESO MÉDIO DA AVE,AVIÁRIO FRENTE,03/09/2025,0.4809034267912773,0.54,0.45,0.033116334461935175,0.09000000000000002,14,TESTEMUNHA
1282-19,PESO MÉDIO DA AVE,AVIÁRIO FRENTE,04/09/2025,0.5576685393258427,0.59,0.54,0.017211905309503027,0.04999999999999993,15,TESTEMUNHA
1282-19,PESO MÉDIO DA AVE,AVIÁRIO FRENTE,05/09/2025,0.6121518987341772,0.65,0.58,0.021530980359509497,0.07000000000000006,16,TESTEMUNHA
1282-19,PESO MÉDIO DA AVE,AVIÁRIO FRENTE,06/09/2025,0.6708005617977528,0.71,0.65,0.021101802460930866,0.05999999999999994,17,TESTEMUNHA
1282-19,PESO MÉDIO DA AVE,AVIÁRIO FRENTE,07/09/2025,0.7416444444444444,0.81,0.7,0.03449690628462104,0.1100000000000001,18,TESTEMUNHA
1282-19,PESO MÉDIO DA AVE,AVIÁRIO FRENTE,08/09/2025,0.834179523141655,0.87,0.8,0.024624672658928513,0.06999999999999995,19,TESTEMUNHA
1282-19,PESO MÉDIO DA AVE,AVIÁRIO FRENTE,09/09/2025,0.8989451476793249,0.94,0.87,0.025582080488832707,0.06999999999999995,20,TESTEMUNHA
1282-19,PESO MÉDIO DA AVE,AVIÁRIO FRENTE,10/09/2025,0.9707012622720897,1.02,0.94,0.0283350364413356,0.08000000000000007,21,TESTEMUNHA
1282-19,PESO MÉDIO DA AVE,AVIÁRIO FRENTE,11/09/2025,1.059185393258427,1.11,1.02,0.03189535928542647,0.09000000000000008,22,TESTEMUNHA
1282-19,PESO MÉDIO DA AVE,AVIÁRIO FRENTE,12/09/2025,1.1529733520336607,1.2,1.11,0.03463487151627507,0.08999999999999986,23,TESTEMUNHA
1282-19,PESO MÉDIO DA AVE,AVIÁRIO FRENTE,13/09/2025,1.236774647887324,1.29,1.2,0.031652024024944714,0.09000000000000008,24,TESTEMUNHA
1282-19,PESO MÉDIO DA AVE,AVIÁRIO FRENTE,14/09/2025,1.3139218750000001,1.37,1.25,0.030889320913287072,0.1200000000000001,25,TESTEMUNHA
1282-19,PESO MÉDIO DA AVE,AVIÁRIO FRENTE,15/09/2025,1.3874362818590704,1.43,1.3,0.025388024481539154,0.1299999999999999,26,TESTEMUNHA
1282-19,PESO MÉDIO DA AVE,AVIÁRIO FRENTE,16/09/2025,1.4686816269284713,1.51,1.43,0.03126058259663648,0.08000000000000007,27,TESTEMUNHA
1282-19,PESO MÉDIO DA AVE,AVIÁRIO FRENTE,17/09/2025,1.5266900420757363,1.56,1.51,0.016417950157538556,0.050000000000000044,28,TESTEMUNHA
1282-19,PESO MÉDIO DA AVE,AVIÁRIO FRENTE,18/09/2025,1.5959326788218795,1.65,1.56,0.030392587136533773,0.08999999999999986,29,TESTEMUNHA
1282-19,PESO MÉDIO DA AVE,AVIÁRIO FRENTE,19/09/2025,1.7391009463722396,1.83,1.64,0.06627287462285503,0.19000000000000017,30,TESTEMUNHA
1282-19,PESO MÉDIO DA AVE,AVIÁRIO FRENTE,20/09/2025,1.8691023842917251,1.93,1.83,0.034778915561979894,0.09999999999999987,31,TESTEMUNHA
1282-19,PESO MÉDIO DA AVE,AVIÁRIO FRENTE,21/09/2025,1.9404761904761905,1.96,1.92,0.01160979105031678,0.040000000000000036,32,TESTEMUNHA
1282-19,PESO MÉDIO DA AVE,AVIÁRIO FRENTE,22/09/2025,1.999746646795827,2.08,1.94,0.04651581674105378,0.14000000000000012,33,TESTEMUNHA
1282-19,PESO MÉDIO DA AVE,AVIÁRIO FRENTE,23/09/2025,2.117180925666199,2.17,2.08,0.030673452268022358,0.08999999999999986,34,TESTEMUNHA
1282-19,PESO MÉDIO DA AVE,AVIÁRIO FRENTE,24/09/2025,2.1837868162692846,2.25,2.14,0.03263929252683366,0.10999999999999988,35,TESTEMUNHA
1282-19,PESO MÉDIO DA AVE,AVIÁRIO FRENTE,25/08/2025,0.1419672131147541,0.15,0.14,0.003975198574748704,0.009999999999999981,5,TESTEMUNHA
1282-19,PESO MÉDIO DA AVE,AVIÁRIO FRENTE,25/09/2025,2.26856093979442,2.36,2.21,0.0479321246878368,0.1499999999999999,36,TESTEMUNHA
1282-19,PESO MÉDIO DA AVE,AVIÁRIO FRENTE,26/08/2025,0.1635294117647059,0.17,0.15,0.007309282149180501,0.020000000000000018,6,TESTEMUNHA
1282-19,PESO MÉDIO DA AVE,AVIÁRIO FRENTE,26/09/2025,2.3386344537815127,2.42,2.27,0.0458993325540063,0.1499999999999999,37,TESTEMUNHA
1282-19,PESO MÉDIO DA AVE,AVIÁRIO FRENTE,27/08/2025,0.20076923076923076,0.21,0.19,0.008804248570968825,0.01999999999999999,7,TESTEMUNHA
1282-19,PESO MÉDIO DA AVE,AVIÁRIO FRENTE,27/09/2025,2.454187675070028,2.51,2.42,0.02619092930901275,0.08999999999999986,38,TESTEMUNHA
1282-19,PESO MÉDIO DA AVE,AVIÁRIO FRENTE,28/08/2025,0.2176157082748948,0.23,0.21,0.0075410707223846915,0.020000000000000018,8,TESTEMUNHA
1282-19,PESO MÉDIO DA AVE,AVIÁRIO FRENTE,28/09/2025,2.5219187675070027,2.58,2.46,0.038034174676190545,0.1200000000000001,39,TESTEMUNHA
1282-19,PESO MÉDIO DA AVE,AVIÁRIO FRENTE,29/08/2025,0.24066011235955057,0.26,0.23,0.011027910657532513,0.03,9,TESTEMUNHA
1282-19,PESO MÉDIO DA AVE,AVIÁRIO FRENTE,29/09/2025,2.645034843205575,2.79,2.57,0.054487624512128706,0.2200000000000002,40,TESTEMUNHA
1282-19,PESO MÉDIO DA AVE,AVIÁRIO FRENTE,30/08/2025,0.27578431372549017,0.3,0.26,0.015229835100555372,0.03999999999999998,10,TESTEMUNHA
1282-19,PESO MÉDIO DA AVE,AVIÁRIO FRENTE,30/09/2025,2.6497772828507795,2.69,2.62,0.025959439335488218,0.06999999999999984,41,TESTEMUNHA
1282-19,PESO MÉDIO DA AVE,AVIÁRIO FRENTE,31/08/2025,0.32182584269662917,0.35,0.3,0.018985003118014827,0.04999999999999999,11,TESTEMUNHA
1282-19,PESO MÉDIO DA AVE,AVIÁRIO MEIO,01/09/2025,0.37504225352112674,0.41,0.35,0.01860443428872101,0.06,12,TESTEMUNHA
1282-19,PESO MÉDIO DA AVE,AVIÁRIO MEIO,02/09/2025,0.4230590717299578,0.46,0.4,0.018937922090094303,0.06,13,TESTEMUNHA
1282-19,PESO MÉDIO DA AVE,AVIÁRIO MEIO,03/09/2025,0.47383263009845283,0.52,0.44,0.02357040752904852,0.08000000000000002,14,TESTEMUNHA
1282-19,PESO MÉDIO DA AVE,AVIÁRIO MEIO,04/09/2025,0.5622370936902485,0.59,0.5,0.02410471897431366,0.08999999999999997,15,TESTEMUNHA
1282-19,PESO MÉDIO DA AVE,AVIÁRIO MEIO,05/09/2025,0.6112728551336146,0.65,0.59,0.021573087955037228,0.06000000000000005,16,TESTEMUNHA
1282-19,PESO MÉDIO DA AVE,AVIÁRIO MEIO,06/09/2025,0.6690633802816902,0.72,0.64,0.02329320604228982,0.07999999999999996,17,TESTEMUNHA
1282-19,PESO MÉDIO DA AVE,AVIÁRIO MEIO,07/09/2025,0.7429254571026723,0.81,0.7,0.034364126317041145,0.1100000000000001,18,TESTEMUNHA
1282-19,PESO MÉDIO DA AVE,AVIÁRIO MEIO,08/09/2025,0.8262429775280898,0.88,0.78,0.031402156873422175,0.09999999999999998,19,TESTEMUNHA
1282-19,PESO MÉDIO DA AVE,AVIÁRIO MEIO,09/09/2025,0.9007594936708861,0.96,0.86,0.030727006163316844,0.09999999999999998,20,TESTEMUNHA
1282-19,PESO MÉDIO DA AVE,AVIÁRIO MEIO,10/09/2025,1.001631537861046,1.08,0.94,0.05432640592613452,0.14000000000000012,21,TESTEMUNHA
1282-19,PESO MÉDIO DA AVE,AVIÁRIO MEIO,11/09/2025,1.0989676966292135,1.14,1.07,0.02158050179249712,0.06999999999999984,22,TESTEMUNHA
1282-19,PESO MÉDIO DA AVE,AVIÁRIO MEIO,12/09/2025,1.161669014084507,1.21,1.13,0.02184362537333082,0.08000000000000007,23,TESTEMUNHA
1282-19,PESO MÉDIO DA AVE,AVIÁRIO MEIO,13/09/2025,1.2299477611940297,1.32,1.19,0.03216673380442447,0.13000000000000012,24,TESTEMUNHA
1282-19,PESO MÉDIO DA AVE,AVIÁRIO MEIO,14/09/2025,1.3826310272536688,1.41,1.27,0.025180608025575965,0.1399999999999999,25,TESTEMUNHA
1282-19,PESO MÉDIO DA AVE,AVIÁRIO MEIO,15/09/2025,1.4238974719101123,1.48,1.4,0.022754012964054476,0.08000000000000007,26,TESTEMUNHA
1282-19,PESO MÉDIO DA AVE,AVIÁRIO MEIO,16/09/2025,1.50063202247191,1.56,1.44,0.03686857142379114,0.1200000000000001,27,TESTEMUNHA
1282-19,PESO MÉDIO DA AVE,AVIÁRIO MEIO,17/09/2025,1.5757746478873238,1.64,1.52,0.02897118392672169,0.11999999999999988,28,TESTEMUNHA
1282-19,PESO MÉDIO DA AVE,AVIÁRIO MEIO,18/09/2025,1.653546348314607,1.75,1.58,0.047423733428343065,0.16999999999999993,29,TESTEMUNHA
1282-19,PESO MÉDIO DA AVE,AVIÁRIO MEIO,19/09/2025,1.7692907303370786,1.83,1.71,0.03778063194321886,0.1200000000000001,30,TESTEMUNHA
1282-19,PESO MÉDIO DA AVE,AVIÁRIO MEIO,20/09/2025,1.886676056338028,1.95,1.83,0.04397751494875471,0.11999999999999988,31,TESTEMUNHA
1282-19,PESO MÉDIO DA AVE,AVIÁRIO MEIO,21/09/2025,1.9767741935483871,2.03,1.94,0.02914587399226047,0.08999999999999986,32,TESTEMUNHA
1282-19,PESO MÉDIO DA AVE,AVIÁRIO MEIO,22/09/2025,2.084936886395512,2.2,2.01,0.06469284596938071,0.1900000000000004,33,TESTEMUNHA
1282-19,PESO MÉDIO DA AVE,AVIÁRIO MEIO,23/08/2025,0.1,0.1,0.1,0.0,0.0,3,TESTEMUNHA
1282-19,PESO MÉDIO DA AVE,AVIÁRIO MEIO,23/09/2025,2.204248595505618,2.3,2.16,0.031233939661726273,0.13999999999999968,34,TESTEMUNHA
1282-19,PESO MÉDIO DA AVE,AVIÁRIO MEIO,24/08/2025,0.11023909985935301,0.12,0.1,0.007042102939962972,0.01999999999999999,4,TESTEMUNHA
1282-19,PESO MÉDIO DA AVE,AVIÁRIO MEIO,24/09/2025,2.2850280898876405,2.42,2.19,0.0699166783220413,0.22999999999999998,35,TESTEMUNHA
1282-19,PESO MÉDIO DA AVE,AVIÁRIO MEIO,25/08/2025,0.13056258790436007,0.14,0.12,0.007646824887199474,0.020000000000000018,5,TESTEMUNHA
1282-19,PESO MÉDIO DA AVE,AVIÁRIO MEIO,25/09/2025,2.3840042075736325,2.47,2.28,0.06245691909200411,0.1900000000000004,36,TESTEMUNHA
1282-19,PESO MÉDIO DA AVE,AVIÁRIO MEIO,26/08/2025,0.15680731364275668,0.17,0.14,0.008048080024468636,0.03,6,TESTEMUNHA
1282-19,PESO MÉDIO DA AVE,AVIÁRIO MEIO,26/09/2025,2.504775910364146,2.62,2.42,0.04716640405828217,0.20000000000000018,37,TESTEMUNHA
1282-19,PESO MÉDIO DA AVE,AVIÁRIO MEIO,27/08/2025,0.1849307159353349,0.21,0.17,0.014743607177526699,0.03999999999999998,7,TESTEMUNHA
1282-19,PESO MÉDIO DA AVE,AVIÁRIO MEIO,27/09/2025,2.593892005610098,2.65,2.52,0.04193512796126841,0.1299999999999999,38,TESTEMUNHA
1282-19,PESO MÉDIO DA AVE,AVIÁRIO MEIO,28/08/2025,0.2157303370786517,0.24,0.2,0.012069568050269382,0.03999999999999998,8,TESTEMUNHA
1282-19,PESO MÉDIO DA AVE,AVIÁRIO MEIO,28/09/2025,2.6732678821879383,2.75,2.59,0.04912681923517084,0.16000000000000014,39,TESTEMUNHA
1282-19,PESO MÉDIO DA AVE,AVIÁRIO MEIO,29/08/2025,0.2432624693376942,0.28,0.23,0.013279889915173322,0.05000000000000002,9,TESTEMUNHA
1282-19,PESO MÉDIO DA AVE,AVIÁRIO MEIO,29/09/2025,2.7872976878612716,2.98,2.67,0.09620881880297438,0.31000000000000005,40,TESTEMUNHA
1282-19,PESO MÉDIO DA AVE,AVIÁRIO MEIO,30/08/2025,0.2996548748921484,0.32,0.28,0.012485088602362578,0.03999999999999998,10,TESTEMUNHA
1282-19,PESO MÉDIO DA AVE,AVIÁRIO MEIO,30/09/2025,2.899773371104816,2.97,2.8,0.05392214169109665,0.17000000000000037,41,TESTEMUNHA
1282-19,PESO MÉDIO DA AVE,AVIÁRIO MEIO,31/08/2025,0.32945301542777,0.36,0.31,0.014455361284635317,0.04999999999999999,11,TESTEMUNHA
1282-19,PESOS QUALIFICADOS,AVIÁRIO FRENTE,01/09/2025,0.38012048192771086,0.48,0.27,0.03584375316190529,0.20999999999999996,12,TESTEMUNHA
1282-19,PESOS QUALIFICADOS,AVIÁRIO FRENTE,02/09/2025,0.4279786476868327,0.55,0.31,0.04094314571560723,0.24000000000000005,13,TESTEMUNHA
1282-19,PESOS QUALIFICADOS,AVIÁRIO FRENTE,03/09/2025,0.48161119515885026,0.66,0.35,0.05001866636673879,0.31000000000000005,14,TESTEMUNHA
1282-19,PESOS QUALIFICADOS,AVIÁRIO FRENTE,04/09/2025,0.5497742946708464,0.71,0.41,0.05364996703690051,0.3,15,TESTEMUNHA
1282-19,PESOS QUALIFICADOS,AVIÁRIO FRENTE,05/09/2025,0.6133557422969187,0.8,0.44,0.06169409990286317,0.36000000000000004,16,TESTEMUNHA
1282-19,PESOS QUALIFICADOS,AVIÁRIO FRENTE,06/09/2025,0.6719294990723562,0.86,0.49,0.06650279781195456,0.37,17,TESTEMUNHA
1282-19,PESOS QUALIFICADOS,AVIÁRIO FRENTE,07/09/2025,0.749045287637699,0.96,0.51,0.07535193092220994,0.44999999999999996,18,TESTEMUNHA
1282-19,PESOS QUALIFICADOS,AVIÁRIO FRENTE,08/09/2025,0.8243451463790447,1.07,0.61,0.08706254669664441,0.4600000000000001,19,TESTEMUNHA
1282-19,PESOS QUALIFICADOS,AVIÁRIO FRENTE,09/09/2025,0.9085045871559633,1.16,0.66,0.09198355695231773,0.4999999999999999,20,TESTEMUNHA
1282-19,PESOS QUALIFICADOS,AVIÁRIO FRENTE,10/09/2025,0.9773181324647123,1.24,0.71,0.10302628080005363,0.53,21,TESTEMUNHA
1282-19,PESOS QUALIFICADOS,AVIÁRIO FRENTE,11/09/2025,1.071480582524272,1.38,0.78,0.11697643988017019,0.5999999999999999,22,TESTEMUNHA
1282-19,PESOS QUALIFICADOS,AVIÁRIO FRENTE,12/09/2025,1.1631093544137021,1.48,0.85,0.12606156307884492,0.63,23,TESTEMUNHA
1282-19,PESOS QUALIFICADOS,AVIÁRIO FRENTE,13/09/2025,1.2444427710843375,1.59,0.91,0.1397189187008086,0.68,24,TESTEMUNHA
1282-19,PESOS QUALIFICADOS,AVIÁRIO FRENTE,14/09/2025,1.2889316987740806,1.68,0.88,0.1509215610064496,0.7999999999999999,25,TESTEMUNHA
1282-19,PESOS QUALIFICADOS,AVIÁRIO FRENTE,15/09/2025,1.3614003294892916,1.76,0.92,0.16859781120725828,0.84,26,TESTEMUNHA
1282-19,PESOS QUALIFICADOS,AVIÁRIO FRENTE,16/09/2025,1.4719893428063944,1.86,1.08,0.17865379727986852,0.78,27,TESTEMUNHA
1282-19,PESOS QUALIFICADOS,AVIÁRIO FRENTE,17/09/2025,1.5124090121317157,1.94,1.14,0.20285207095749644,0.8,28,TESTEMUNHA
1282-19,PESOS QUALIFICADOS,AVIÁRIO FRENTE,18/09/2025,1.600284757118928,2.05,1.2,0.19679616264970895,0.8499999999999999,29,TESTEMUNHA
1282-19,PESOS QUALIFICADOS,AVIÁRIO FRENTE,19/09/2025,1.7395714285714285,2.25,1.17,0.22784979835901756,1.08,30,TESTEMUNHA
1282-19,PESOS QUALIFICADOS,AVIÁRIO FRENTE,20/09/2025,1.8690728476821192,2.38,1.39,0.21933327929989796,0.99,31,TESTEMUNHA
1282-19,PESOS QUALIFICADOS,AVIÁRIO FRENTE,21/08/2025,0.052000000000000005,0.06,0.05,0.00399999999999994,0.009999999999999995,1,TESTEMUNHA
1282-19,PESOS QUALIFICADOS,AVIÁRIO FRENTE,21/09/2025,1.9076102088167053,2.42,1.45,0.22842057576265642,0.97,32,TESTEMUNHA
1282-19,PESOS QUALIFICADOS,AVIÁRIO FRENTE,22/08/2025,0.06608695652173913,0.09,0.05,0.011321057883731804,0.039999999999999994,2,TESTEMUNHA
1282-19,PESOS QUALIFICADOS,AVIÁRIO FRENTE,22/09/2025,2.0015972222222222,2.59,1.43,0.2660748550893199,1.16,33,TESTEMUNHA
1282-19,PESOS QUALIFICADOS,AVIÁRIO FRENTE,23/08/2025,0.0871830985915493,0.12,0.07,0.011889526529805822,0.04999999999999999,3,TESTEMUNHA
1282-19,PESOS QUALIFICADOS,AVIÁRIO FRENTE,23/09/2025,2.104110275689223,2.67,1.57,0.25872183971504803,1.0999999999999999,34,TESTEMUNHA
1282-19,PESOS QUALIFICADOS,AVIÁRIO FRENTE,24/08/2025,0.1101685393258427,0.14,0.07,0.013002796548864019,0.07,4,TESTEMUNHA
1282-19,PESOS QUALIFICADOS,AVIÁRIO FRENTE,24/09/2025,2.1824471299093657,2.75,1.63,0.24101947261074735,1.12,35,TESTEMUNHA
1282-19,PESOS QUALIFICADOS,AVIÁRIO FRENTE,25/08/2025,0.13174528301886793,0.17,0.09,0.014399005023772147,0.08000000000000002,5,TESTEMUNHA
1282-19,PESOS QUALIFICADOS,AVIÁRIO FRENTE,25/09/2025,2.283560606060606,2.85,1.67,0.2482203299197915,1.1800000000000002,36,TESTEMUNHA
1282-19,PESOS QUALIFICADOS,AVIÁRIO FRENTE,26/08/2025,0.1584782608695652,0.21,0.11,0.015850603214763646,0.09999999999999999,6,TESTEMUNHA
1282-19,PESOS QUALIFICADOS,AVIÁRIO FRENTE,26/09/2025,2.333040380047506,3.02,1.65,0.2892923149689482,1.37,37,TESTEMUNHA
1282-19,PESOS QUALIFICADOS,AVIÁRIO FRENTE,27/08/2025,0.18827231121281465,0.25,0.12,0.019830263431118173,0.13,7,TESTEMUNHA
1282-19,PESOS QUALIFICADOS,AVIÁRIO FRENTE,27/09/2025,2.448789625360231,3.07,1.83,0.31951643778278827,1.2399999999999998,38,TESTEMUNHA
1282-19,PESOS QUALIFICADOS,AVIÁRIO FRENTE,28/08/2025,0.2093844049247606,0.28,0.16,0.022112230282489813,0.12000000000000002,8,TESTEMUNHA
1282-19,PESOS QUALIFICADOS,AVIÁRIO FRENTE,28/09/2025,2.5308498583569405,3.16,1.86,0.25480062217523336,1.3,39,TESTEMUNHA
1282-19,PESOS QUALIFICADOS,AVIÁRIO FRENTE,29/08/2025,0.2397612551159618,0.32,0.17,0.02596587695858227,0.15,9,TESTEMUNHA
1282-19,PESOS QUALIFICADOS,AVIÁRIO FRENTE,29/09/2025,2.604471299093656,3.42,1.91,0.3236497980448069,1.51,40,TESTEMUNHA
1282-19,PESOS QUALIFICADOS,AVIÁRIO FRENTE,30/08/2025,0.28122009569377987,0.36,0.2,0.029939242750113008,0.15999999999999998,10,TESTEMUNHA
1282-19,PESOS QUALIFICADOS,AVIÁRIO FRENTE,30/09/2025,2.664025974025974,3.29,2.04,0.2780813659319811,1.25,41,TESTEMUNHA
1282-19,PESOS QUALIFICADOS,AVIÁRIO FRENTE,31/08/2025,0.3299587118084228,0.43,0.23,0.03443897336640788,0.19999999999999998,11,TESTEMUNHA
1282-19,PESOS QUALIFICADOS,AVIÁRIO MEIO,01/09/2025,0.37750389206019724,0.49,0.27,0.04486555896590425,0.21999999999999997,12,TESTEMUNHA
1282-19,PESOS QUALIFICADOS,AVIÁRIO MEIO,02/09/2025,0.42266960838389406,0.56,0.3,0.05129690941266023,0.26000000000000006,13,TESTEMUNHA
1282-19,PESOS QUALIFICADOS,AVIÁRIO MEIO,03/09/2025,0.4793674525589419,0.64,0.33,0.05710529301063314,0.31,14,TESTEMUNHA
1282-19,PESOS QUALIFICADOS,AVIÁRIO MEIO,04/09/2025,0.5444094869312681,0.73,0.36,0.06429500609938943,0.37,15,TESTEMUNHA
1282-19,PESOS QUALIFICADOS,AVIÁRIO MEIO,05/09/2025,0.6123430321592649,0.8,0.44,0.07052615458136963,0.36000000000000004,16,TESTEMUNHA
1282-19,PESOS QUALIFICADOS,AVIÁRIO MEIO,06/09/2025,0.671748538011696,0.89,0.48,0.07698967756185837,0.41000000000000003,17,TESTEMUNHA
1282-19,PESOS QUALIFICADOS,AVIÁRIO MEIO,07/09/2025,0.7541900054914883,0.99,0.52,0.08796850023475905,0.47,18,TESTEMUNHA
1282-19,PESOS QUALIFICADOS,AVIÁRIO MEIO,08/09/2025,0.8324750277469479,1.07,0.61,0.0896669177938088,0.4600000000000001,19,TESTEMUNHA
1282-19,PESOS QUALIFICADOS,AVIÁRIO MEIO,09/09/2025,0.9092787635947338,1.17,0.66,0.09880711304323662,0.5099999999999999,20,TESTEMUNHA
1282-19,PESOS QUALIFICADOS,AVIÁRIO MEIO,10/09/2025,0.9990007401924501,1.34,0.65,0.1196842348082161,0.6900000000000001,21,TESTEMUNHA
1282-19,PESOS QUALIFICADOS,AVIÁRIO MEIO,11/09/2025,1.0866748566748565,1.4,0.82,0.12473296593618342,0.58,22,TESTEMUNHA
1282-19,PESOS QUALIFICADOS,AVIÁRIO MEIO,12/09/2025,1.150025817555938,1.48,0.85,0.13532996338291062,0.63,23,TESTEMUNHA
1282-19,PESOS QUALIFICADOS,AVIÁRIO MEIO,13/09/2025,1.2412778315585673,1.61,0.89,0.1465693960650318,0.7200000000000001,24,TESTEMUNHA
1282-19,PESOS QUALIFICADOS,AVIÁRIO MEIO,14/09/2025,1.3435964035964036,1.74,0.87,0.16870741168157527,0.87,25,TESTEMUNHA
1282-19,PESOS QUALIFICADOS,AVIÁRIO MEIO,15/09/2025,1.414574898785425,1.84,1.06,0.17290188606240633,0.78,26,TESTEMUNHA
1282-19,PESOS QUALIFICADOS,AVIÁRIO MEIO,16/09/2025,1.5024730021598272,1.92,1.09,0.19044122017670173,0.8299999999999998,27,TESTEMUNHA
1282-19,PESOS QUALIFICADOS,AVIÁRIO MEIO,17/09/2025,1.5678970917225952,2.02,1.17,0.19581141492582918,0.8500000000000001,28,TESTEMUNHA
1282-19,PESOS QUALIFICADOS,AVIÁRIO MEIO,18/09/2025,1.67353579175705,2.13,1.19,0.21299759482228375,0.94,29,TESTEMUNHA
1282-19,PESOS QUALIFICADOS,AVIÁRIO MEIO,19/09/2025,1.77874715261959,2.24,1.3,0.2215826842384285,0.9400000000000002,30,TESTEMUNHA
1282-19,PESOS QUALIFICADOS,AVIÁRIO MEIO,20/09/2025,1.9094584837545125,2.4,1.43,0.2249082078241668,0.97,31,TESTEMUNHA
1282-19,PESOS QUALIFICADOS,AVIÁRIO MEIO,21/09/2025,1.975431164901664,2.51,1.48,0.24953209501336682,1.0299999999999998,32,TESTEMUNHA
1282-19,PESOS QUALIFICADOS,AVIÁRIO MEIO,22/09/2025,2.129042207792208,2.72,1.52,0.26551265929231394,1.2000000000000002,33,TESTEMUNHA
1282-19,PESOS QUALIFICADOS,AVIÁRIO MEIO,23/08/2025,0.08651234567901235,0.12,0.06,0.014354307502645543,0.06,3,TESTEMUNHA
1282-19,PESOS QUALIFICADOS,AVIÁRIO MEIO,23/09/2025,2.1804571428571426,2.8,1.64,0.2744080738979985,1.16,34,TESTEMUNHA
1282-19,PESOS QUALIFICADOS,AVIÁRIO MEIO,24/08/2025,0.10642061281337047,0.15,0.08,0.015776157698045426,0.06999999999999999,4,TESTEMUNHA
1282-19,PESOS QUALIFICADOS,AVIÁRIO MEIO,24/09/2025,2.2931927710843376,2.97,1.66,0.3006980616583536,1.3100000000000003,35,TESTEMUNHA
1282-19,PESOS QUALIFICADOS,AVIÁRIO MEIO,25/08/2025,0.12824827586206897,0.18,0.09,0.01821993263717544,0.09,5,TESTEMUNHA
1282-19,PESOS QUALIFICADOS,AVIÁRIO MEIO,25/09/2025,2.3984514003294892,3.06,1.73,0.29859457815347507,1.33,36,TESTEMUNHA
1282-19,PESOS QUALIFICADOS,AVIÁRIO MEIO,26/08/2025,0.15670226969292392,0.2,0.11,0.02011165781071311,0.09000000000000001,6,TESTEMUNHA
1282-19,PESOS QUALIFICADOS,AVIÁRIO MEIO,26/09/2025,2.5121535580524346,3.25,1.84,0.30747194204758965,1.41,37,TESTEMUNHA
1282-19,PESOS QUALIFICADOS,AVIÁRIO MEIO,27/08/2025,0.1850776836158192,0.24,0.13,0.02454086087042359,0.10999999999999999,7,TESTEMUNHA
1282-19,PESOS QUALIFICADOS,AVIÁRIO MEIO,27/09/2025,2.575140562248996,3.28,1.95,0.30784142947969445,1.3299999999999998,38,TESTEMUNHA
1282-19,PESOS QUALIFICADOS,AVIÁRIO MEIO,28/08/2025,0.21093054925102134,0.28,0.15,0.028157139418680994,0.13000000000000003,8,TESTEMUNHA
1282-19,PESOS QUALIFICADOS,AVIÁRIO MEIO,28/09/2025,2.6709702970297027,3.39,1.98,0.3281940519744353,1.4100000000000001,39,TESTEMUNHA
1282-19,PESOS QUALIFICADOS,AVIÁRIO MEIO,29/08/2025,0.2416139846743295,0.34,0.17,0.03299440385360719,0.17,9,TESTEMUNHA
1282-19,PESOS QUALIFICADOS,AVIÁRIO MEIO,29/09/2025,2.881666666666667,3.65,2.04,0.3604282946101148,1.6099999999999999,40,TESTEMUNHA
1282-19,PESOS QUALIFICADOS,AVIÁRIO MEIO,30/08/2025,0.2916818642350557,0.39,0.2,0.036484415423078106,0.19,10,TESTEMUNHA
1282-19,PESOS QUALIFICADOS,AVIÁRIO MEIO,30/09/2025,2.7872151898734177,3.54,1.96,0.27484834349358445,1.58,41,TESTEMUNHA
1282-19,PESOS QUALIFICADOS,AVIÁRIO MEIO,31/08/2025,0.32904124263524376,0.43,0.24,0.0406296441410704,0.19,11,TESTEMUNHA
1282-19,TEMPERATURA,AVIÁRIO FRENTE,01/09/2025,26.24169835234474,29.3,24.4,1.065877078762575,4.900000000000002,12,TESTEMUNHA
1282-19,TEMPERATURA,AVIÁRIO FRENTE,01/10/2025,22.49898605830165,26.0,19.6,1.7623866137953106,6.399999999999999,42,TESTEMUNHA
1282-19,TEMPERATURA,AVIÁRIO FRENTE,02/09/2025,27.815220125786162,31.8,24.5,2.174727868894392,7.300000000000001,13,TESTEMUNHA
1282-19,TEMPERATURA,AVIÁRIO FRENTE,03/09/2025,27.93119496855346,32.5,23.6,2.3369512916074244,8.899999999999999,14,TESTEMUNHA
1282-19,TEMPERATURA,AVIÁRIO FRENTE,04/09/2025,27.14188679245283,30.6,24.4,1.5364564187788217,6.200000000000003,15,TESTEMUNHA
1282-19,TEMPERATURA,AVIÁRIO FRENTE,05/09/2025,23.395165394402035,26.9,21.5,1.0932371500655587,5.399999999999999,16,TESTEMUNHA
1282-19,TEMPERATURA,AVIÁRIO FRENTE,06/09/2025,23.61001267427123,28.6,20.0,1.7587193245949515,8.600000000000001,17,TESTEMUNHA
1282-19,TEMPERATURA,AVIÁRIO FRENTE,07/09/2025,24.942239185750633,28.7,21.7,1.6042713576888117,7.0,18,TESTEMUNHA
1282-19,TEMPERATURA,AVIÁRIO FRENTE,08/09/2025,26.55287356321839,30.9,21.7,2.539534413559638,9.2,19,TESTEMUNHA
1282-19,TEMPERATURA,AVIÁRIO FRENTE,09/09/2025,24.888205128205126,30.2,19.8,1.7510185633523476,10.399999999999999,20,TESTEMUNHA
1282-19,TEMPERATURA,AVIÁRIO FRENTE,10/09/2025,23.791730279898218,30.2,15.3,4.162542933448034,14.899999999999999,21,TESTEMUNHA
1282-19,TEMPERATURA,AVIÁRIO FRENTE,11/09/2025,24.44092664092664,29.8,18.6,3.141755678337543,11.2,22,TESTEMUNHA
1282-19,TEMPERATURA,AVIÁRIO FRENTE,12/09/2025,25.935714285714287,32.6,20.0,3.5205220304649263,12.600000000000001,23,TESTEMUNHA
1282-19,TEMPERATURA,AVIÁRIO FRENTE,13/09/2025,25.14575411913815,29.7,21.2,2.1886671686280863,8.5,24,TESTEMUNHA
1282-19,TEMPERATURA,AVIÁRIO FRENTE,14/09/2025,24.231558935361218,29.6,19.6,2.959957562833674,10.0,25,TESTEMUNHA
1282-19,TEMPERATURA,AVIÁRIO FRENTE,15/09/2025,24.714015151515152,31.8,18.8,3.5449128495467153,13.0,26,TESTEMUNHA
1282-19,TEMPERATURA,AVIÁRIO FRENTE,16/09/2025,25.871136653895274,32.8,21.3,2.6406411254625524,11.499999999999996,27,TESTEMUNHA
1282-19,TEMPERATURA,AVIÁRIO FRENTE,17/09/2025,26.231453634085213,34.9,21.1,2.7673536560901213,13.799999999999997,28,TESTEMUNHA
1282-19,TEMPERATURA,AVIÁRIO FRENTE,18/09/2025,25.40992366412214,34.1,20.9,2.309423827833385,13.200000000000003,29,TESTEMUNHA
1282-19,TEMPERATURA,AVIÁRIO FRENTE,19/09/2025,25.102083333333336,32.8,19.1,2.798319963487993,13.699999999999996,30,TESTEMUNHA
1282-19,TEMPERATURA,AVIÁRIO FRENTE,20/09/2025,24.884461152882203,29.9,20.6,1.8777443803042615,9.299999999999997,31,TESTEMUNHA
1282-19,TEMPERATURA,AVIÁRIO FRENTE,21/09/2025,25.487773487773488,30.9,22.2,1.8636652585151892,8.7,32,TESTEMUNHA
1282-19,TEMPERATURA,AVIÁRIO FRENTE,22/09/2025,21.63157894736842,26.2,17.8,1.9052952182269982,8.399999999999999,33,TESTEMUNHA
1282-19,TEMPERATURA,AVIÁRIO FRENTE,23/09/2025,20.23269476372925,27.6,13.6,3.8308092663039237,14.000000000000002,34,TESTEMUNHA
1282-19,TEMPERATURA,AVIÁRIO FRENTE,24/09/2025,20.546825396825398,28.7,15.6,3.7952285521644864,13.1,35,TESTEMUNHA
1282-19,TEMPERATURA,AVIÁRIO FRENTE,25/08/2025,27.291161616161613,29.2,26.1,0.4292319475404624,3.099999999999998,5,TESTEMUNHA
1282-19,TEMPERATURA,AVIÁRIO FRENTE,25/09/2025,22.955714285714286,27.8,20.5,1.871716989770592,7.300000000000001,36,TESTEMUNHA
1282-19,TEMPERATURA,AVIÁRIO FRENTE,26/08/2025,27.126050420168067,31.0,25.7,0.952672389088307,5.300000000000001,6,TESTEMUNHA
1282-19,TEMPERATURA,AVIÁRIO FRENTE,26/09/2025,22.63869731800766,29.7,17.5,2.7291757632007583,12.2,37,TESTEMUNHA
1282-19,TEMPERATURA,AVIÁRIO FRENTE,27/08/2025,27.369095816464238,32.0,25.7,1.4449419874495104,6.300000000000001,7,TESTEMUNHA
1282-19,TEMPERATURA,AVIÁRIO FRENTE,27/09/2025,23.657735849056607,34.7,17.3,3.378578452233589,17.400000000000002,38,TESTEMUNHA
1282-19,TEMPERATURA,AVIÁRIO FRENTE,28/08/2025,27.169708491761725,31.2,25.4,1.2637913631501516,5.800000000000001,8,TESTEMUNHA
1282-19,TEMPERATURA,AVIÁRIO FRENTE,28/09/2025,25.318490566037738,38.3,20.0,3.533109911414768,18.299999999999997,39,TESTEMUNHA
1282-19,TEMPERATURA,AVIÁRIO FRENTE,29/08/2025,27.660178117048346,32.0,25.2,1.8469435500794402,6.800000000000001,9,TESTEMUNHA
1282-19,TEMPERATURA,AVIÁRIO FRENTE,29/09/2025,26.285213032581453,40.1,20.8,4.1628963664286225,19.3,40,TESTEMUNHA
1282-19,TEMPERATURA,AVIÁRIO FRENTE,30/08/2025,27.87550505050505,32.0,25.3,2.000575926540471,6.699999999999999,10,TESTEMUNHA
1282-19,TEMPERATURA,AVIÁRIO FRENTE,30/09/2025,25.530925221799748,38.8,20.5,4.372756049498508,18.299999999999997,41,TESTEMUNHA
1282-19,TEMPERATURA,AVIÁRIO FRENTE,31/08/2025,27.34337194337194,31.6,25.2,1.7047546370659483,6.400000000000002,11,TESTEMUNHA
1282-19,TEMPERATURA,AVIÁRIO FUNDO,01/09/2025,26.1319391634981,27.8,24.9,0.6936751494964194,2.900000000000002,12,TESTEMUNHA
1282-19,TEMPERATURA,AVIÁRIO FUNDO,01/10/2025,23.416920152091254,26.7,20.2,1.6403186481256067,6.5,42,TESTEMUNHA
1282-19,TEMPERATURA,AVIÁRIO FUNDO,02/09/2025,27.63075471698113,31.4,24.8,2.1450199885215975,6.599999999999998,13,TESTEMUNHA
1282-19,TEMPERATURA,AVIÁRIO FUNDO,03/09/2025,27.928301886792454,31.9,24.3,2.4312802248004726,7.599999999999998,14,TESTEMUNHA
1282-19,TEMPERATURA,AVIÁRIO FUNDO,04/09/2025,26.843773584905662,29.3,24.8,1.202077174578144,4.5,15,TESTEMUNHA
1282-19,TEMPERATURA,AVIÁRIO FUNDO,05/09/2025,23.445419847328242,25.7,22.0,0.796244773771791,3.6999999999999993,16,TESTEMUNHA
1282-19,TEMPERATURA,AVIÁRIO FUNDO,06/09/2025,24.11615969581749,26.6,20.9,1.7071604080776621,5.700000000000003,17,TESTEMUNHA
1282-19,TEMPERATURA,AVIÁRIO FUNDO,07/09/2025,25.54293893129771,27.6,23.2,1.0786122286448603,4.400000000000002,18,TESTEMUNHA
1282-19,TEMPERATURA,AVIÁRIO FUNDO,08/09/2025,27.644444444444442,31.5,23.7,2.4452819881770202,7.800000000000001,19,TESTEMUNHA
1282-19,TEMPERATURA,AVIÁRIO FUNDO,09/09/2025,25.907115384615388,29.1,22.3,1.1816088063744181,6.800000000000001,20,TESTEMUNHA
1282-19,TEMPERATURA,AVIÁRIO FUNDO,10/09/2025,25.13129770992366,31.4,18.3,3.657322133225099,13.099999999999998,21,TESTEMUNHA
1282-19,TEMPERATURA,AVIÁRIO FUNDO,11/09/2025,25.814285714285713,30.3,20.9,2.96963210470361,9.400000000000002,22,TESTEMUNHA
1282-19,TEMPERATURA,AVIÁRIO FUNDO,12/09/2025,27.19172932330827,33.2,21.6,3.654758873438125,11.600000000000001,23,TESTEMUNHA
1282-19,TEMPERATURA,AVIÁRIO FUNDO,13/09/2025,26.18422053231939,30.4,22.8,2.1606923225166264,7.599999999999998,24,TESTEMUNHA
1282-19,TEMPERATURA,AVIÁRIO FUNDO,14/09/2025,25.62281368821293,30.3,21.0,2.9814337517775416,9.3,25,TESTEMUNHA
1282-19,TEMPERATURA,AVIÁRIO FUNDO,15/09/2025,26.01344696969697,32.0,20.4,3.6229629925894367,11.600000000000001,26,TESTEMUNHA
1282-19,TEMPERATURA,AVIÁRIO FUNDO,16/09/2025,27.023946360153257,30.9,23.4,2.3413289405486486,7.5,27,TESTEMUNHA
1282-19,TEMPERATURA,AVIÁRIO FUNDO,17/09/2025,27.678383458646614,32.0,23.4,2.4573051325819804,8.600000000000001,28,TESTEMUNHA
1282-19,TEMPERATURA,AVIÁRIO FUNDO,18/09/2025,26.710496183206107,30.1,22.9,2.0208513581699816,7.200000000000003,29,TESTEMUNHA
1282-19,TEMPERATURA,AVIÁRIO FUNDO,19/09/2025,26.4646484375,30.6,20.8,2.8396915190349286,9.8,30,TESTEMUNHA
1282-19,TEMPERATURA,AVIÁRIO FUNDO,20/09/2025,26.82330827067669,30.7,23.2,1.827448906665526,7.5,31,TESTEMUNHA
1282-19,TEMPERATURA,AVIÁRIO FUNDO,21/09/2025,27.538223938223936,30.3,25.2,1.3239136772294373,5.100000000000001,32,TESTEMUNHA
1282-19,TEMPERATURA,AVIÁRIO FUNDO,22/09/2025,23.97105263157895,27.7,19.4,1.9611283481811224,8.3,33,TESTEMUNHA
1282-19,TEMPERATURA,AVIÁRIO FUNDO,23/09/2025,21.906513409961686,28.7,15.4,4.043062705786743,13.299999999999999,34,TESTEMUNHA
1282-19,TEMPERATURA,AVIÁRIO FUNDO,24/09/2025,22.872619047619047,29.3,18.4,3.7133318753890068,10.900000000000002,35,TESTEMUNHA
1282-19,TEMPERATURA,AVIÁRIO FUNDO,25/08/2025,25.105681818181818,26.6,23.5,0.9043277204824975,3.1000000000000014,5,TESTEMUNHA
1282-19,TEMPERATURA,AVIÁRIO FUNDO,25/09/2025,25.09785714285714,28.9,23.1,1.5022586736141914,5.799999999999997,36,TESTEMUNHA
1282-19,TEMPERATURA,AVIÁRIO FUNDO,26/08/2025,25.360504201680673,28.2,23.0,1.239728791660932,5.199999999999999,6,TESTEMUNHA
1282-19,TEMPERATURA,AVIÁRIO FUNDO,26/09/2025,24.532758620689656,28.9,19.3,2.622789099072027,9.599999999999998,37,TESTEMUNHA
1282-19,TEMPERATURA,AVIÁRIO FUNDO,27/08/2025,26.133400809716598,29.0,23.4,1.4801513262715464,5.600000000000001,7,TESTEMUNHA
1282-19,TEMPERATURA,AVIÁRIO FUNDO,27/09/2025,25.443584905660376,29.4,21.2,2.4308951642131302,8.2,38,TESTEMUNHA
1282-19,TEMPERATURA,AVIÁRIO FUNDO,28/08/2025,26.5254752851711,29.9,24.1,1.5324491637582238,5.799999999999997,8,TESTEMUNHA
1282-19,TEMPERATURA,AVIÁRIO FUNDO,28/09/2025,26.01754716981132,29.1,22.6,1.8620878986005704,6.5,39,TESTEMUNHA
1282-19,TEMPERATURA,AVIÁRIO FUNDO,29/08/2025,27.255534351145037,31.2,24.9,1.9232873567030007,6.300000000000001,9,TESTEMUNHA
1282-19,TEMPERATURA,AVIÁRIO FUNDO,29/09/2025,26.138345864661655,28.8,23.0,1.737445701191321,5.800000000000001,40,TESTEMUNHA
1282-19,TEMPERATURA,AVIÁRIO FUNDO,30/08/2025,27.473484848484848,31.5,24.7,2.064246867154785,6.800000000000001,10,TESTEMUNHA
1282-19,TEMPERATURA,AVIÁRIO FUNDO,30/09/2025,24.803612167300383,27.7,22.7,1.2083699991761225,5.0,41,TESTEMUNHA
1282-19,TEMPERATURA,AVIÁRIO FUNDO,31/08/2025,26.874710424710425,31.1,24.4,1.7213056834607916,6.700000000000003,11,TESTEMUNHA
1282-19,TEMPERATURA,AVIÁRIO MEIO,01/09/2025,26.236311787072243,28.1,24.7,0.7207099964525194,3.400000000000002,12,TESTEMUNHA
1282-19,TEMPERATURA,AVIÁRIO MEIO,01/10/2025,22.777756653992395,26.5,19.7,1.8652157913730194,6.800000000000001,42,TESTEMUNHA
1282-19,TEMPERATURA,AVIÁRIO MEIO,02/09/2025,27.736792452830187,31.4,24.6,2.062619943759851,6.799999999999997,13,TESTEMUNHA
1282-19,TEMPERATURA,AVIÁRIO MEIO,03/09/2025,27.934905660377357,31.8,23.8,2.3600144887958816,8.0,14,TESTEMUNHA
1282-19,TEMPERATURA,AVIÁRIO MEIO,04/09/2025,26.87188679245283,29.3,24.3,1.311121594757959,5.0,15,TESTEMUNHA
1282-19,TEMPERATURA,AVIÁRIO MEIO,05/09/2025,23.592938931297713,25.8,22.0,0.8742541794674059,3.8000000000000007,16,TESTEMUNHA
1282-19,TEMPERATURA,AVIÁRIO MEIO,06/09/2025,24.2351711026616,27.0,20.5,1.4834955986642195,6.5,17,TESTEMUNHA
1282-19,TEMPERATURA,AVIÁRIO MEIO,07/09/2025,25.419274809160306,27.5,22.8,1.2138634023622505,4.699999999999999,18,TESTEMUNHA
1282-19,TEMPERATURA,AVIÁRIO MEIO,08/09/2025,27.462068965517243,31.3,22.6,2.5993916785840305,8.7,19,TESTEMUNHA
1282-19,TEMPERATURA,AVIÁRIO MEIO,09/09/2025,25.627499999999998,29.1,21.3,1.3526588844540062,7.800000000000001,20,TESTEMUNHA
1282-19,TEMPERATURA,AVIÁRIO MEIO,10/09/2025,24.74713740458015,31.3,16.8,3.9888455412703614,14.5,21,TESTEMUNHA
1282-19,TEMPERATURA,AVIÁRIO MEIO,11/09/2025,25.43861003861004,30.2,19.2,3.3529586425634292,11.0,22,TESTEMUNHA
1282-19,TEMPERATURA,AVIÁRIO MEIO,12/09/2025,26.958646616541355,33.1,20.6,3.75502926551771,12.5,23,TESTEMUNHA
1282-19,TEMPERATURA,AVIÁRIO MEIO,13/09/2025,25.94980988593156,29.8,22.0,2.181609524169645,7.800000000000001,24,TESTEMUNHA
1282-19,TEMPERATURA,AVIÁRIO MEIO,14/09/2025,25.163307984790872,30.0,20.2,3.0328310771303864,9.8,25,TESTEMUNHA
1282-19,TEMPERATURA,AVIÁRIO MEIO,15/09/2025,25.586742424242424,32.1,19.2,3.6760453051030137,12.900000000000002,26,TESTEMUNHA
1282-19,TEMPERATURA,AVIÁRIO MEIO,16/09/2025,26.454980842911876,30.8,22.5,2.4021191353946576,8.3,27,TESTEMUNHA
1282-19,TEMPERATURA,AVIÁRIO MEIO,17/09/2025,27.078383458646616,32.1,22.4,2.6017567119732528,9.700000000000003,28,TESTEMUNHA
1282-19,TEMPERATURA,AVIÁRIO MEIO,18/09/2025,26.17557251908397,29.6,22.0,1.9625245310103006,7.600000000000001,29,TESTEMUNHA
1282-19,TEMPERATURA,AVIÁRIO MEIO,19/09/2025,25.909375,30.3,20.2,2.8076746801178696,10.100000000000001,30,TESTEMUNHA
1282-19,TEMPERATURA,AVIÁRIO MEIO,20/09/2025,26.005827067669173,30.7,22.0,1.8743279176885452,8.7,31,TESTEMUNHA
1282-19,TEMPERATURA,AVIÁRIO MEIO,21/09/2025,26.837644787644788,29.7,24.7,1.3586388306977362,5.0,32,TESTEMUNHA
1282-19,TEMPERATURA,AVIÁRIO MEIO,22/09/2025,23.22914979757085,26.7,18.7,1.7980872894933606,8.0,33,TESTEMUNHA
1282-19,TEMPERATURA,AVIÁRIO MEIO,23/09/2025,21.350957854406133,27.9,14.7,3.797166850957319,13.2,34,TESTEMUNHA
1282-19,TEMPERATURA,AVIÁRIO MEIO,24/09/2025,22.098511904761907,28.5,17.4,3.836327475575847,11.100000000000001,35,TESTEMUNHA
1282-19,TEMPERATURA,AVIÁRIO MEIO,25/08/2025,26.13560606060606,28.2,23.1,1.3119862674676899,5.099999999999998,5,TESTEMUNHA
1282-19,TEMPERATURA,AVIÁRIO MEIO,25/09/2025,24.40357142857143,28.2,22.7,1.4974936543765105,5.5,36,TESTEMUNHA
1282-19,TEMPERATURA,AVIÁRIO MEIO,26/08/2025,26.28676470588235,28.3,22.3,1.3922705426620305,6.0,6,TESTEMUNHA
1282-19,TEMPERATURA,AVIÁRIO MEIO,26/09/2025,23.880268199233715,28.3,18.8,2.583104091590681,9.5,37,TESTEMUNHA
1282-19,TEMPERATURA,AVIÁRIO MEIO,27/08/2025,27.011943319838057,29.0,25.5,0.7986064968858181,3.5,7,TESTEMUNHA
1282-19,TEMPERATURA,AVIÁRIO MEIO,27/09/2025,24.624716981132075,28.8,19.6,2.6976671289779603,9.2,38,TESTEMUNHA
1282-19,TEMPERATURA,AVIÁRIO MEIO,28/08/2025,27.256273764258555,29.6,25.5,1.1191508668163364,4.100000000000001,8,TESTEMUNHA
1282-19,TEMPERATURA,AVIÁRIO MEIO,28/09/2025,25.248301886792454,28.6,21.9,1.9665137583283094,6.700000000000003,39,TESTEMUNHA
1282-19,TEMPERATURA,AVIÁRIO MEIO,29/08/2025,27.780725190839696,31.3,25.3,1.5510494627606608,6.0,9,TESTEMUNHA
1282-19,TEMPERATURA,AVIÁRIO MEIO,29/09/2025,25.416541353383458,28.2,22.1,1.7992032677454306,6.099999999999998,40,TESTEMUNHA
1282-19,TEMPERATURA,AVIÁRIO MEIO,30/08/2025,27.77746212121212,31.4,25.5,1.7600694067982092,5.899999999999999,10,TESTEMUNHA
1282-19,TEMPERATURA,AVIÁRIO MEIO,30/09/2025,24.0893536121673,27.3,21.5,1.3257757469618383,5.800000000000001,41,TESTEMUNHA
1282-19,TEMPERATURA,AVIÁRIO MEIO,31/08/2025,27.127220077220077,31.0,25.2,1.4465550855942533,5.800000000000001,11,TESTEMUNHA
1282-19,TEMPERATURA,EXTERNO,01/09/2025,20.08555133079848,23.3,17.6,1.4511894885836714,5.699999999999999,12,TESTEMUNHA
1282-19,TEMPERATURA,EXTERNO,01/10/2025,22.60684410646388,27.2,19.4,2.3912289668483897,7.800000000000001,42,TESTEMUNHA
1282-19,TEMPERATURA,EXTERNO,02/09/2025,24.818867924528302,32.3,18.2,4.787407089744238,14.099999999999998,13,TESTEMUNHA
1282-19,TEMPERATURA,EXTERNO,03/09/2025,26.275471698113208,34.8,18.4,5.332403814217211,16.4,14,TESTEMUNHA
1282-19,TEMPERATURA,EXTERNO,04/09/2025,23.27622641509434,30.3,18.8,3.368500156928437,11.5,15,TESTEMUNHA
1282-19,TEMPERATURA,EXTERNO,05/09/2025,16.242748091603055,20.5,13.6,1.759555397276276,6.9,16,TESTEMUNHA
1282-19,TEMPERATURA,EXTERNO,06/09/2025,18.66083650190114,26.3,13.0,3.9995943786590047,13.3,17,TESTEMUNHA
1282-19,TEMPERATURA,EXTERNO,07/09/2025,20.14236641221374,24.9,15.9,2.7343724825589693,8.999999999999998,18,TESTEMUNHA
1282-19,TEMPERATURA,EXTERNO,08/09/2025,25.303831417624522,33.5,17.7,5.284378832913171,15.8,19,TESTEMUNHA
1282-19,TEMPERATURA,EXTERNO,09/09/2025,22.48807692307692,32.8,15.6,4.305690795314059,17.199999999999996,20,TESTEMUNHA
1282-19,TEMPERATURA,EXTERNO,10/09/2025,21.94580152671756,31.7,11.1,6.734844558546526,20.6,21,TESTEMUNHA
1282-19,TEMPERATURA,EXTERNO,11/09/2025,23.873359073359072,34.4,15.2,5.954695813401367,19.2,22,TESTEMUNHA
1282-19,TEMPERATURA,EXTERNO,12/09/2025,26.878571428571426,38.5,17.2,6.406947549851815,21.3,23,TESTEMUNHA
1282-19,TEMPERATURA,EXTERNO,13/09/2025,23.088212927756654,29.5,18.9,3.2255830139304926,10.600000000000001,24,TESTEMUNHA
1282-19,TEMPERATURA,EXTERNO,14/09/2025,23.15513307984791,31.0,17.1,4.664154453849259,13.899999999999999,25,TESTEMUNHA
1282-19,TEMPERATURA,EXTERNO,15/09/2025,24.35719696969697,35.2,16.2,5.910912585850553,19.000000000000004,26,TESTEMUNHA
1282-19,TEMPERATURA,EXTERNO,16/09/2025,26.037931034482757,36.9,19.2,5.724222406245532,17.7,27,TESTEMUNHA
1282-19,TEMPERATURA,EXTERNO,17/09/2025,27.594736842105263,38.0,19.0,5.706905404126665,19.0,28,TESTEMUNHA
1282-19,TEMPERATURA,EXTERNO,18/09/2025,25.630534351145037,33.2,18.4,4.52387885195223,14.800000000000004,29,TESTEMUNHA
1282-19,TEMPERATURA,EXTERNO,19/09/2025,26.879296875,36.7,17.3,5.977575371178108,19.400000000000002,30,TESTEMUNHA
1282-19,TEMPERATURA,EXTERNO,20/09/2025,28.148120300751877,38.6,20.2,6.372982228263975,18.400000000000002,31,TESTEMUNHA
1282-19,TEMPERATURA,EXTERNO,21/09/2025,29.96100386100386,38.6,21.7,5.757632550189073,16.900000000000002,32,TESTEMUNHA
1282-19,TEMPERATURA,EXTERNO,22/09/2025,20.753441295546562,28.4,15.4,3.592871132576089,12.999999999999998,33,TESTEMUNHA
1282-19,TEMPERATURA,EXTERNO,23/09/2025,19.75593869731801,27.8,10.7,5.5830145028264715,17.1,34,TESTEMUNHA
1282-19,TEMPERATURA,EXTERNO,24/09/2025,22.10892857142857,33.8,14.8,6.772113955292645,18.999999999999996,35,TESTEMUNHA
1282-19,TEMPERATURA,EXTERNO,25/08/2025,14.76969696969697,19.2,11.4,1.7384222816636767,7.799999999999999,5,TESTEMUNHA
1282-19,TEMPERATURA,EXTERNO,25/09/2025,22.771428571428572,30.0,19.4,3.0512359489764926,10.600000000000001,36,TESTEMUNHA
1282-19,TEMPERATURA,EXTERNO,26/08/2025,16.145378151260505,24.2,11.6,4.059551407496997,12.6,6,TESTEMUNHA
1282-19,TEMPERATURA,EXTERNO,26/09/2025,22.16743295019157,29.4,14.8,4.534074136596759,14.599999999999998,37,TESTEMUNHA
1282-19,TEMPERATURA,EXTERNO,27/08/2025,18.823076923076925,25.7,10.3,4.9206490723966425,15.399999999999999,7,TESTEMUNHA
1282-19,TEMPERATURA,EXTERNO,27/09/2025,24.25433962264151,32.8,15.7,5.499920242795271,17.099999999999998,38,TESTEMUNHA
1282-19,TEMPERATURA,EXTERNO,28/08/2025,20.93916349809886,29.8,12.7,5.416060687317454,17.1,8,TESTEMUNHA
1282-19,TEMPERATURA,EXTERNO,28/09/2025,25.653584905660377,34.2,19.1,4.767737129617212,15.100000000000001,39,TESTEMUNHA
1282-19,TEMPERATURA,EXTERNO,29/08/2025,22.5,30.1,14.6,5.142963769644693,15.500000000000002,9,TESTEMUNHA
1282-19,TEMPERATURA,EXTERNO,29/09/2025,26.36052631578947,34.0,20.2,4.13785728135789,13.8,40,TESTEMUNHA
1282-19,TEMPERATURA,EXTERNO,30/08/2025,23.688257575757575,31.0,17.3,4.741808566265553,13.7,10,TESTEMUNHA
1282-19,TEMPERATURA,EXTERNO,30/09/2025,22.606463878326995,28.0,19.8,2.1896568227799738,8.2,41,TESTEMUNHA
1282-19,TEMPERATURA,EXTERNO,31/08/2025,22.775289575289577,30.9,16.3,4.39696361240461,14.599999999999998,11,TESTEMUNHA
1282-19,UMIDADE,AVIÁRIO MEIO,01/09/2025,6.665399239543726,7.0,6.0,0.4718507089730401,1.0,12,TESTEMUNHA
1282-19,UMIDADE,AVIÁRIO MEIO,01/10/2025,8.482889733840304,9.0,8.0,0.4997071530326096,1.0,42,TESTEMUNHA
1282-19,UMIDADE,AVIÁRIO MEIO,02/09/2025,6.279245283018868,7.0,5.0,0.6822157271177519,2.0,13,TESTEMUNHA
1282-19,UMIDADE,AVIÁRIO MEIO,03/09/2025,5.943396226415095,7.0,5.0,0.7725257360217479,2.0,14,TESTEMUNHA
1282-19,UMIDADE,AVIÁRIO MEIO,04/09/2025,6.305660377358491,8.0,5.0,0.6271875210359753,3.0,15,TESTEMUNHA
1282-19,UMIDADE,AVIÁRIO MEIO,05/09/2025,7.030534351145038,8.0,7.0,0.17205233083337404,1.0,16,TESTEMUNHA
1282-19,UMIDADE,AVIÁRIO MEIO,06/09/2025,6.863117870722434,7.0,6.0,0.3437228708742033,1.0,17,TESTEMUNHA
1282-19,UMIDADE,AVIÁRIO MEIO,07/09/2025,6.824427480916031,7.0,6.0,0.38045605479013694,1.0,18,TESTEMUNHA
1282-19,UMIDADE,AVIÁRIO MEIO,08/09/2025,6.528735632183908,8.0,6.0,0.5067909812654903,2.0,19,TESTEMUNHA
1282-19,UMIDADE,AVIÁRIO MEIO,09/09/2025,6.742307692307692,8.0,6.0,0.502817505450021,2.0,20,TESTEMUNHA
1282-19,UMIDADE,AVIÁRIO MEIO,10/09/2025,5.709923664122138,7.0,4.0,1.1753742273529328,3.0,21,TESTEMUNHA
1282-19,UMIDADE,AVIÁRIO MEIO,11/09/2025,5.486486486486487,6.0,4.0,0.6358125033315013,2.0,22,TESTEMUNHA
1282-19,UMIDADE,AVIÁRIO MEIO,12/09/2025,5.533834586466165,7.0,4.0,0.8411312842238234,3.0,23,TESTEMUNHA
1282-19,UMIDADE,AVIÁRIO MEIO,13/09/2025,5.8783269961977185,7.0,5.0,0.43648467792361945,2.0,24,TESTEMUNHA
1282-19,UMIDADE,AVIÁRIO MEIO,14/09/2025,6.2091254752851714,7.0,5.0,0.8709465565739611,2.0,25,TESTEMUNHA
1282-19,UMIDADE,AVIÁRIO MEIO,15/09/2025,6.321969696969697,7.0,5.0,0.777604557321118,2.0,26,TESTEMUNHA
1282-19,UMIDADE,AVIÁRIO MEIO,16/09/2025,6.7011494252873565,8.0,6.0,0.5894658117222102,2.0,27,TESTEMUNHA
1282-19,UMIDADE,AVIÁRIO MEIO,17/09/2025,6.511278195488722,7.0,6.0,0.4998727861231422,1.0,28,TESTEMUNHA
1282-19,UMIDADE,AVIÁRIO MEIO,18/09/2025,6.00763358778626,7.0,5.0,0.42795774932548425,2.0,29,TESTEMUNHA
1282-19,UMIDADE,AVIÁRIO MEIO,19/09/2025,5.8671875,7.0,5.0,0.6539673843883577,2.0,30,TESTEMUNHA
1282-19,UMIDADE,AVIÁRIO MEIO,20/09/2025,6.879699248120301,8.0,6.0,0.8846017241110172,2.0,31,TESTEMUNHA
1282-19,UMIDADE,AVIÁRIO MEIO,21/09/2025,7.806949806949807,8.0,7.0,0.3946920521285841,1.0,32,TESTEMUNHA
1282-19,UMIDADE,AVIÁRIO MEIO,22/09/2025,6.825910931174089,9.0,5.0,1.2395542003270854,4.0,33,TESTEMUNHA
1282-19,UMIDADE,AVIÁRIO MEIO,23/09/2025,5.739463601532567,7.0,4.0,1.02138724105245,3.0,34,TESTEMUNHA
1282-19,UMIDADE,AVIÁRIO MEIO,24/09/2025,6.148809523809524,7.0,5.0,0.753087936372174,2.0,35,TESTEMUNHA
1282-19,UMIDADE,AVIÁRIO MEIO,25/08/2025,5.992424242424242,6.0,5.0,0.08670850865348582,1.0,5,TESTEMUNHA
1282-19,UMIDADE,AVIÁRIO MEIO,25/09/2025,5.5,6.0,5.0,0.5,1.0,36,TESTEMUNHA
1282-19,UMIDADE,AVIÁRIO MEIO,26/08/2025,6.004201680672269,7.0,6.0,0.06468405175773713,1.0,6,TESTEMUNHA
1282-19,UMIDADE,AVIÁRIO MEIO,26/09/2025,6.053639846743295,7.0,5.0,0.6289596169799426,2.0,37,TESTEMUNHA
1282-19,UMIDADE,AVIÁRIO MEIO,27/08/2025,6.068825910931174,7.0,5.0,0.4921651722110451,2.0,7,TESTEMUNHA
1282-19,UMIDADE,AVIÁRIO MEIO,27/09/2025,6.275471698113208,7.0,5.0,0.47141123351675823,2.0,38,TESTEMUNHA
1282-19,UMIDADE,AVIÁRIO MEIO,28/08/2025,5.897338403041825,7.0,5.0,0.48642459383072395,2.0,8,TESTEMUNHA
1282-19,UMIDADE,AVIÁRIO MEIO,28/09/2025,7.39622641509434,8.0,6.0,0.5808134387417277,2.0,39,TESTEMUNHA
1282-19,UMIDADE,AVIÁRIO MEIO,29/08/2025,5.973282442748092,7.0,5.0,0.34293845340164325,2.0,9,TESTEMUNHA
1282-19,UMIDADE,AVIÁRIO MEIO,29/09/2025,7.635338345864661,8.0,7.0,0.4813351557268854,1.0,40,TESTEMUNHA
1282-19,UMIDADE,AVIÁRIO MEIO,30/08/2025,6.140151515151516,7.0,5.0,0.6736782624410388,2.0,10,TESTEMUNHA
1282-19,UMIDADE,AVIÁRIO MEIO,30/09/2025,8.045627376425855,9.0,7.0,0.5633025630169617,2.0,41,TESTEMUNHA
1282-19,UMIDADE,AVIÁRIO MEIO,31/08/2025,5.8108108108108105,7.0,5.0,0.4013958739263968,2.0,11,TESTEMUNHA
1282-19,UNIFORMIDADE DO LOTE,AVIÁRIO FRENTE,01/09/2025,72.82283707865169,75.77,70.82,1.2281208063660864,4.950000000000003,12,TESTEMUNHA
1282-19,UNIFORMIDADE DO LOTE,AVIÁRIO FRENTE,01/10/2025,67.47793220338983,73.68,64.06,2.214787925451373,9.620000000000005,42,TESTEMUNHA
1282-19,UNIFORMIDADE DO LOTE,AVIÁRIO FRENTE,02/09/2025,76.36325385694249,78.96,74.64,1.1560210395280353,4.319999999999993,13,TESTEMUNHA
1282-19,UNIFORMIDADE DO LOTE,AVIÁRIO FRENTE,03/09/2025,71.84408099688474,75.36,61.99,3.7684962145788785,13.369999999999997,14,TESTEMUNHA
1282-19,UNIFORMIDADE DO LOTE,AVIÁRIO FRENTE,04/09/2025,71.8966011235955,75.03,68.42,1.6253331442082126,6.609999999999999,15,TESTEMUNHA
1282-19,UNIFORMIDADE DO LOTE,AVIÁRIO FRENTE,05/09/2025,72.16949367088608,74.8,69.23,1.6069565794604375,5.569999999999993,16,TESTEMUNHA
1282-19,UNIFORMIDADE DO LOTE,AVIÁRIO FRENTE,06/09/2025,70.90151685393258,72.58,69.23,1.233191576033489,3.3499999999999943,17,TESTEMUNHA
1282-19,UNIFORMIDADE DO LOTE,AVIÁRIO FRENTE,07/09/2025,70.6221925925926,74.59,67.4,1.5789668234557028,7.189999999999998,18,TESTEMUNHA
1282-19,UNIFORMIDADE DO LOTE,AVIÁRIO FRENTE,08/09/2025,68.528793828892,70.13,66.55,1.1301575326729296,3.5799999999999983,19,TESTEMUNHA
1282-19,UNIFORMIDADE DO LOTE,AVIÁRIO FRENTE,09/09/2025,67.8834317862166,69.71,66.03,0.6567923014190205,3.6799999999999926,20,TESTEMUNHA
1282-19,UNIFORMIDADE DO LOTE,AVIÁRIO FRENTE,10/09/2025,69.27890603085554,70.98,67.71,0.8291227445509175,3.2700000000000102,21,TESTEMUNHA
1282-19,UNIFORMIDADE DO LOTE,AVIÁRIO FRENTE,11/09/2025,67.27803370786516,69.95,63.66,2.043460811650847,6.290000000000006,22,TESTEMUNHA
1282-19,UNIFORMIDADE DO LOTE,AVIÁRIO FRENTE,12/09/2025,63.55295932678822,65.07,62.18,0.7058503826745067,2.8899999999999935,23,TESTEMUNHA
1282-19,UNIFORMIDADE DO LOTE,AVIÁRIO FRENTE,13/09/2025,63.033943661971826,65.37,60.38,1.4553991552326304,4.990000000000002,24,TESTEMUNHA
1282-19,UNIFORMIDADE DO LOTE,AVIÁRIO FRENTE,14/09/2025,61.58575,66.25,54.64,2.5284849836413885,11.61,25,TESTEMUNHA
1282-19,UNIFORMIDADE DO LOTE,AVIÁRIO FRENTE,15/09/2025,57.932563718140926,66.94,49.83,5.751686554824693,17.11,26,TESTEMUNHA
1282-19,UNIFORMIDADE DO LOTE,AVIÁRIO FRENTE,16/09/2025,55.38615708274895,57.14,53.83,0.810851430686323,3.3100000000000023,27,TESTEMUNHA
1282-19,UNIFORMIDADE DO LOTE,AVIÁRIO FRENTE,17/09/2025,51.395063113604486,54.17,47.72,2.049290583699051,6.450000000000003,28,TESTEMUNHA
1282-19,UNIFORMIDADE DO LOTE,AVIÁRIO FRENTE,18/09/2025,50.28741935483871,53.7,48.46,1.5251841227053575,5.240000000000002,29,TESTEMUNHA
1282-19,UNIFORMIDADE DO LOTE,AVIÁRIO FRENTE,19/09/2025,53.43280757097792,56.59,45.71,1.8884121994138527,10.880000000000003,30,TESTEMUNHA
1282-19,UNIFORMIDADE DO LOTE,AVIÁRIO FRENTE,20/09/2025,54.86144460028051,56.51,51.93,1.0284500055088541,4.579999999999998,31,TESTEMUNHA
1282-19,UNIFORMIDADE DO LOTE,AVIÁRIO FRENTE,21/09/2025,57.96844537815126,62.82,54.55,2.4543476471492593,8.270000000000003,32,TESTEMUNHA
1282-19,UNIFORMIDADE DO LOTE,AVIÁRIO FRENTE,22/09/2025,53.710611028315945,59.48,34.67,5.058259075269505,24.809999999999995,33,TESTEMUNHA
1282-19,UNIFORMIDADE DO LOTE,AVIÁRIO FRENTE,23/09/2025,56.21065918653576,58.08,54.32,1.3033479331162234,3.759999999999998,34,TESTEMUNHA
1282-19,UNIFORMIDADE DO LOTE,AVIÁRIO FRENTE,24/09/2025,62.813674614305754,69.28,57.48,3.9621498429507165,11.800000000000004,35,TESTEMUNHA
1282-19,UNIFORMIDADE DO LOTE,AVIÁRIO FRENTE,25/08/2025,70.57983606557377,72.12,68.26,1.0988143637172747,3.8599999999999994,5,TESTEMUNHA
1282-19,UNIFORMIDADE DO LOTE,AVIÁRIO FRENTE,25/09/2025,67.80080763582966,71.9,65.66,2.1344610601575367,6.240000000000009,36,TESTEMUNHA
1282-19,UNIFORMIDADE DO LOTE,AVIÁRIO FRENTE,26/08/2025,72.70954411764706,74.85,69.7,1.4995575615517256,5.1499999999999915,6,TESTEMUNHA
1282-19,UNIFORMIDADE DO LOTE,AVIÁRIO FRENTE,26/09/2025,65.57882352941176,71.5,55.42,2.691727500183585,16.08,37,TESTEMUNHA
1282-19,UNIFORMIDADE DO LOTE,AVIÁRIO FRENTE,27/08/2025,66.17393491124261,71.08,57.63,3.7917323898809796,13.449999999999996,7,TESTEMUNHA
1282-19,UNIFORMIDADE DO LOTE,AVIÁRIO FRENTE,27/09/2025,59.762436974789914,65.67,50.44,5.044163607391141,15.230000000000004,38,TESTEMUNHA
1282-19,UNIFORMIDADE DO LOTE,AVIÁRIO FRENTE,28/08/2025,63.39008415147265,64.91,60.68,1.1544422373223662,4.229999999999997,8,TESTEMUNHA
1282-19,UNIFORMIDADE DO LOTE,AVIÁRIO FRENTE,28/09/2025,59.471162464986,72.45,50.43,8.524114494795525,22.020000000000003,39,TESTEMUNHA
1282-19,UNIFORMIDADE DO LOTE,AVIÁRIO FRENTE,29/08/2025,68.41137640449439,72.26,64.71,2.8308118726468723,7.550000000000011,9,TESTEMUNHA
1282-19,UNIFORMIDADE DO LOTE,AVIÁRIO FRENTE,29/09/2025,61.46993031358885,72.4,46.67,5.666624765420547,25.730000000000004,40,TESTEMUNHA
1282-19,UNIFORMIDADE DO LOTE,AVIÁRIO FRENTE,30/08/2025,72.54939775910364,73.9,71.75,0.5052162654155413,2.1500000000000057,10,TESTEMUNHA
1282-19,UNIFORMIDADE DO LOTE,AVIÁRIO FRENTE,30/09/2025,64.03621318373071,69.14,60.66,2.5320117052911644,8.480000000000004,41,TESTEMUNHA
1282-19,UNIFORMIDADE DO LOTE,AVIÁRIO FRENTE,31/08/2025,72.87352528089887,75.08,71.05,1.0231105163049348,4.030000000000001,11,TESTEMUNHA
1282-19,UNIFORMIDADE DO LOTE,AVIÁRIO MEIO,01/09/2025,63.30040140845071,75.23,52.51,9.356602251027939,22.720000000000006,12,TESTEMUNHA
1282-19,UNIFORMIDADE DO LOTE,AVIÁRIO MEIO,01/10/2025,76.56872670807454,80.82,74.77,1.315980585140282,6.049999999999997,42,TESTEMUNHA
1282-19,UNIFORMIDADE DO LOTE,AVIÁRIO MEIO,02/09/2025,62.93216596343178,74.52,51.17,9.801825798262767,23.349999999999994,13,TESTEMUNHA
1282-19,UNIFORMIDADE DO LOTE,AVIÁRIO MEIO,03/09/2025,63.66084388185654,75.96,51.45,10.473793979673802,24.50999999999999,14,TESTEMUNHA
1282-19,UNIFORMIDADE DO LOTE,AVIÁRIO MEIO,04/09/2025,64.06100382409177,75.96,53.68,6.404559997602704,22.279999999999994,15,TESTEMUNHA
1282-19,UNIFORMIDADE DO LOTE,AVIÁRIO MEIO,05/09/2025,63.80529535864979,71.64,54.71,6.255836083983377,16.93,16,TESTEMUNHA
1282-19,UNIFORMIDADE DO LOTE,AVIÁRIO MEIO,06/09/2025,63.235542253521125,71.36,54.62,6.517018213577555,16.740000000000002,17,TESTEMUNHA
1282-19,UNIFORMIDADE DO LOTE,AVIÁRIO MEIO,07/09/2025,62.38930379746835,70.01,54.71,6.201127716660918,15.300000000000004,18,TESTEMUNHA
1282-19,UNIFORMIDADE DO LOTE,AVIÁRIO MEIO,08/09/2025,63.63033005617977,72.46,55.82,5.940150646951537,16.639999999999993,19,TESTEMUNHA
1282-19,UNIFORMIDADE DO LOTE,AVIÁRIO MEIO,09/09/2025,66.57395218002813,72.44,61.42,3.9766616787723863,11.019999999999996,20,TESTEMUNHA
1282-19,UNIFORMIDADE DO LOTE,AVIÁRIO MEIO,10/09/2025,63.42528141865844,71.7,54.13,4.505412176048411,17.57,21,TESTEMUNHA
1282-19,UNIFORMIDADE DO LOTE,AVIÁRIO MEIO,11/09/2025,60.6131952247191,66.67,55.16,3.5935663643095297,11.510000000000005,22,TESTEMUNHA
1282-19,UNIFORMIDADE DO LOTE,AVIÁRIO MEIO,12/09/2025,61.05237323943662,67.51,55.54,4.194567554989248,11.970000000000006,23,TESTEMUNHA
1282-19,UNIFORMIDADE DO LOTE,AVIÁRIO MEIO,13/09/2025,61.256544776119405,67.99,55.51,4.021680581948117,12.479999999999997,24,TESTEMUNHA
1282-19,UNIFORMIDADE DO LOTE,AVIÁRIO MEIO,14/09/2025,59.13494758909853,71.22,48.32,8.830738152499379,22.9,25,TESTEMUNHA
1282-19,UNIFORMIDADE DO LOTE,AVIÁRIO MEIO,15/09/2025,57.05847612359551,68.42,47.7,7.589469178470002,20.72,26,TESTEMUNHA
1282-19,UNIFORMIDADE DO LOTE,AVIÁRIO MEIO,16/09/2025,54.36509129213483,60.69,49.61,2.938987513417752,11.079999999999998,27,TESTEMUNHA
1282-19,UNIFORMIDADE DO LOTE,AVIÁRIO MEIO,17/09/2025,52.43738028169014,60.9,47.94,2.8932671301440327,12.96,28,TESTEMUNHA
1282-19,UNIFORMIDADE DO LOTE,AVIÁRIO MEIO,18/09/2025,50.99224719101124,59.17,41.63,5.378966501502876,17.54,29,TESTEMUNHA
1282-19,UNIFORMIDADE DO LOTE,AVIÁRIO MEIO,19/09/2025,52.27625525946704,61.5,42.18,6.6338223748380045,19.32,30,TESTEMUNHA
1282-19,UNIFORMIDADE DO LOTE,AVIÁRIO MEIO,20/09/2025,54.262577464788734,59.32,50.09,2.160378091335069,9.229999999999997,31,TESTEMUNHA
1282-19,UNIFORMIDADE DO LOTE,AVIÁRIO MEIO,21/09/2025,53.364509116409536,59.26,42.66,5.149855191143627,16.6,32,TESTEMUNHA
1282-19,UNIFORMIDADE DO LOTE,AVIÁRIO MEIO,22/09/2025,54.68217391304348,76.21,36.45,12.6240551522038,39.75999999999999,33,TESTEMUNHA
1282-19,UNIFORMIDADE DO LOTE,AVIÁRIO MEIO,23/08/2025,39.497971014492755,40.92,38.33,0.5536049962864923,2.5900000000000034,3,TESTEMUNHA
1282-19,UNIFORMIDADE DO LOTE,AVIÁRIO MEIO,23/09/2025,55.56265449438202,74.44,37.74,13.588338548130281,36.699999999999996,34,TESTEMUNHA
1282-19,UNIFORMIDADE DO LOTE,AVIÁRIO MEIO,24/08/2025,43.509845288326304,45.4,39.08,1.691248876089551,6.32,4,TESTEMUNHA
1282-19,UNIFORMIDADE DO LOTE,AVIÁRIO MEIO,24/09/2025,54.525758426966284,62.68,44.51,6.3291979552112645,18.17,35,TESTEMUNHA
1282-19,UNIFORMIDADE DO LOTE,AVIÁRIO MEIO,25/08/2025,46.538213783403656,48.37,45.24,0.8950031873414879,3.1299999999999955,5,TESTEMUNHA
1282-19,UNIFORMIDADE DO LOTE,AVIÁRIO MEIO,25/09/2025,53.99397615708275,71.38,44.67,7.723662470626291,26.709999999999994,36,TESTEMUNHA
1282-19,UNIFORMIDADE DO LOTE,AVIÁRIO MEIO,26/08/2025,52.46895921237694,56.78,48.35,2.6351250727106192,8.43,6,TESTEMUNHA
1282-19,UNIFORMIDADE DO LOTE,AVIÁRIO MEIO,26/09/2025,59.34080532212885,76.6,42.64,13.91460487521113,33.959999999999994,37,TESTEMUNHA
1282-19,UNIFORMIDADE DO LOTE,AVIÁRIO MEIO,27/08/2025,58.065842956120086,69.58,50.74,5.4760656459881645,18.839999999999996,7,TESTEMUNHA
1282-19,UNIFORMIDADE DO LOTE,AVIÁRIO MEIO,27/09/2025,62.27945301542777,89.52,41.91,18.544596381703084,47.61,38,TESTEMUNHA
1282-19,UNIFORMIDADE DO LOTE,AVIÁRIO MEIO,28/08/2025,58.078251404494374,69.21,45.49,9.906236797602185,23.71999999999999,8,TESTEMUNHA
1282-19,UNIFORMIDADE DO LOTE,AVIÁRIO MEIO,28/09/2025,57.68436274509804,77.63,36.13,15.489185843526638,41.49999999999999,39,TESTEMUNHA
1282-19,UNIFORMIDADE DO LOTE,AVIÁRIO MEIO,29/08/2025,57.03040065412919,72.12,44.83,11.732219869974134,27.290000000000006,9,TESTEMUNHA
1282-19,UNIFORMIDADE DO LOTE,AVIÁRIO MEIO,29/09/2025,53.3210552407932,75.81,32.84,17.7680215007404,42.97,40,TESTEMUNHA
1282-19,UNIFORMIDADE DO LOTE,AVIÁRIO MEIO,30/08/2025,56.87815358067299,71.23,45.06,9.786092491604537,26.17,10,TESTEMUNHA
1282-19,UNIFORMIDADE DO LOTE,AVIÁRIO MEIO,30/09/2025,60.96273076923077,79.53,35.0,16.79423738291408,44.53,41,TESTEMUNHA
1282-19,UNIFORMIDADE DO LOTE,AVIÁRIO MEIO,31/08/2025,62.762840112201964,74.24,53.45,8.652148627644829,20.789999999999992,11,TESTEMUNHA
1282-20,AMÔNIA,AVIÁRIO MEIO,01/11/2025,7.56078431372549,14.0,0.0,3.6400861028047644,14.0,8,TESTEMUNHA
1282-20,AMÔNIA,AVIÁRIO MEIO,01/12/2025,4.93050193050193,10.0,0.0,1.4097687791315419,10.0,38,TESTEMUNHA
1282-20,AMÔNIA,AVIÁRIO MEIO,02/11/2025,6.7594936708860756,14.0,0.0,2.9790344336937333,14.0,9,TESTEMUNHA
1282-20,AMÔNIA,AVIÁRIO MEIO,02/12/2025,5.5,9.0,3.0,1.1579762911688174,6.0,39,TESTEMUNHA
1282-20,AMÔNIA,AVIÁRIO MEIO,03/11/2025,4.193916349809886,9.0,0.0,2.1352645326004356,9.0,10,TESTEMUNHA
1282-20,AMÔNIA,AVIÁRIO MEIO,03/12/2025,6.226923076923077,12.0,3.0,1.3295625921296579,9.0,40,TESTEMUNHA
1282-20,AMÔNIA,AVIÁRIO MEIO,04/11/2025,3.525691699604743,10.0,0.0,2.8542202329449715,10.0,11,TESTEMUNHA
1282-20,AMÔNIA,AVIÁRIO MEIO,04/12/2025,4.800766283524904,10.0,2.0,1.1932759357275973,8.0,41,TESTEMUNHA
1282-20,AMÔNIA,AVIÁRIO MEIO,05/11/2025,6.0576923076923075,12.0,0.0,2.3403933063488207,12.0,12,TESTEMUNHA
1282-20,AMÔNIA,AVIÁRIO MEIO,05/12/2025,10.022988505747126,37.0,0.0,6.89323675118691,37.0,42,TESTEMUNHA
1282-20,AMÔNIA,AVIÁRIO MEIO,06/11/2025,5.281368821292776,11.0,0.0,1.8917257367838487,11.0,13,TESTEMUNHA
1282-20,AMÔNIA,AVIÁRIO MEIO,06/12/2025,9.086792452830188,18.0,0.0,4.745207621592392,18.0,43,TESTEMUNHA
1282-20,AMÔNIA,AVIÁRIO MEIO,07/11/2025,5.326848249027237,14.0,0.0,2.7983769247135584,14.0,14,TESTEMUNHA
1282-20,AMÔNIA,AVIÁRIO MEIO,07/12/2025,8.788819875776397,16.0,0.0,3.8615961329822346,16.0,44,TESTEMUNHA
1282-20,AMÔNIA,AVIÁRIO MEIO,08/11/2025,5.850574712643678,11.0,3.0,1.7410663198861123,8.0,15,TESTEMUNHA
1282-20,AMÔNIA,AVIÁRIO MEIO,09/11/2025,3.596078431372549,5.0,1.0,0.9018414243273765,4.0,16,TESTEMUNHA
1282-20,AMÔNIA,AVIÁRIO MEIO,10/11/2025,2.8582995951417005,5.0,1.0,1.057153166350715,4.0,17,TESTEMUNHA
1282-20,AMÔNIA,AVIÁRIO MEIO,11/11/2025,4.330708661417323,17.0,2.0,3.2277222365596563,15.0,18,TESTEMUNHA
1282-20,AMÔNIA,AVIÁRIO MEIO,12/11/2025,4.3938223938223935,8.0,0.0,1.4517066455287257,8.0,19,TESTEMUNHA
1282-20,AMÔNIA,AVIÁRIO MEIO,13/11/2025,6.572519083969466,10.0,4.0,1.5458910538583102,6.0,20,TESTEMUNHA
1282-20,AMÔNIA,AVIÁRIO MEIO,14/11/2025,6.223938223938224,13.0,2.0,2.388042592743091,11.0,21,TESTEMUNHA
1282-20,AMÔNIA,AVIÁRIO MEIO,15/11/2025,5.513207547169811,10.0,3.0,1.9505236583619887,7.0,22,TESTEMUNHA
1282-20,AMÔNIA,AVIÁRIO MEIO,16/11/2025,4.942965779467681,9.0,0.0,1.8826246611575383,9.0,23,TESTEMUNHA
1282-20,AMÔNIA,AVIÁRIO MEIO,17/11/2025,7.160919540229885,11.0,5.0,1.4742247515380087,6.0,24,TESTEMUNHA
1282-20,AMÔNIA,AVIÁRIO MEIO,18/11/2025,11.207692307692307,29.0,3.0,4.313121578564567,26.0,25,TESTEMUNHA
1282-20,AMÔNIA,AVIÁRIO MEIO,19/11/2025,8.212355212355213,16.0,3.0,3.200700009897969,13.0,26,TESTEMUNHA
1282-20,AMÔNIA,AVIÁRIO MEIO,20/11/2025,5.842911877394636,12.0,0.0,2.460850075045463,12.0,27,TESTEMUNHA
1282-20,AMÔNIA,AVIÁRIO MEIO,21/11/2025,5.689922480620155,11.0,3.0,1.934182316717021,8.0,28,TESTEMUNHA
1282-20,AMÔNIA,AVIÁRIO MEIO,22/11/2025,3.6614785992217898,5.0,2.0,0.49726347693683903,3.0,29,TESTEMUNHA
1282-20,AMÔNIA,AVIÁRIO MEIO,23/11/2025,3.3840304182509504,6.0,0.0,1.1272850519847863,6.0,30,TESTEMUNHA
1282-20,AMÔNIA,AVIÁRIO MEIO,24/10/2025,14.801282051282051,45.0,0.0,12.37834123336717,45.0,0,TESTEMUNHA
1282-20,AMÔNIA,AVIÁRIO MEIO,24/11/2025,4.678030303030303,13.0,0.0,2.271056835615718,13.0,31,TESTEMUNHA
1282-20,AMÔNIA,AVIÁRIO MEIO,25/10/2025,18.73015873015873,44.0,0.0,12.626447865060483,44.0,1,TESTEMUNHA
1282-20,AMÔNIA,AVIÁRIO MEIO,25/11/2025,4.279245283018868,11.0,0.0,1.8847309492755169,11.0,32,TESTEMUNHA
1282-20,AMÔNIA,AVIÁRIO MEIO,26/10/2025,22.89763779527559,33.0,0.0,6.782718482329938,33.0,2,TESTEMUNHA
1282-20,AMÔNIA,AVIÁRIO MEIO,26/11/2025,3.8275862068965516,9.0,1.0,1.4871626657136434,8.0,33,TESTEMUNHA
1282-20,AMÔNIA,AVIÁRIO MEIO,27/10/2025,19.641434262948206,33.0,0.0,7.1672476293442,33.0,3,TESTEMUNHA
1282-20,AMÔNIA,AVIÁRIO MEIO,27/11/2025,3.625,7.0,1.0,0.7878696823483162,6.0,34,TESTEMUNHA
1282-20,AMÔNIA,AVIÁRIO MEIO,28/10/2025,21.433070866141733,29.0,0.0,5.239298130521848,29.0,4,TESTEMUNHA
1282-20,AMÔNIA,AVIÁRIO MEIO,28/11/2025,3.897338403041825,8.0,0.0,1.0061184248004436,8.0,35,TESTEMUNHA
1282-20,AMÔNIA,AVIÁRIO MEIO,29/10/2025,20.015503875968992,29.0,0.0,4.132466455964876,29.0,5,TESTEMUNHA
1282-20,AMÔNIA,AVIÁRIO MEIO,29/11/2025,4.390977443609023,7.0,3.0,0.8871224620361617,4.0,36,TESTEMUNHA
1282-20,AMÔNIA,AVIÁRIO MEIO,30/10/2025,14.0,23.0,4.0,5.258818537827019,19.0,6,TESTEMUNHA
1282-20,AMÔNIA,AVIÁRIO MEIO,30/11/2025,4.831460674157303,9.0,0.0,0.9469361797942322,9.0,37,TESTEMUNHA
1282-20,AMÔNIA,AVIÁRIO MEIO,31/10/2025,9.65648854961832,19.0,3.0,4.441770832419373,16.0,7,TESTEMUNHA
1282-20,CO2,AVIÁRIO MEIO,01/11/2025,291.23150588235296,"999,00","1.000,00",367.4023871774344,998.0,8,TESTEMUNHA
1282-20,CO2,AVIÁRIO MEIO,01/12/2025,686.911196911197,"790,00","630,00",32.567539416785216,160.0,38,TESTEMUNHA
1282-20,CO2,AVIÁRIO MEIO,02/11/2025,505.2645189873418,"997,00","1.001,00",407.1279512157934,995.999,9,TESTEMUNHA
1282-20,CO2,AVIÁRIO MEIO,02/12/2025,709.7462121212121,"823,00","655,00",34.30743338770748,168.0,39,TESTEMUNHA
1282-20,CO2,AVIÁRIO MEIO,03/11/2025,730.9878174904943,"998,00","1.001,00",245.87416669946614,996.999,10,TESTEMUNHA
1282-20,CO2,AVIÁRIO MEIO,03/12/2025,727.8384615384615,"804,00","676,00",25.54266531666813,128.0,40,TESTEMUNHA
1282-20,CO2,AVIÁRIO MEIO,04/11/2025,458.892162055336,"974,00","1.008,00",313.3496186314761,972.992,11,TESTEMUNHA
1282-20,CO2,AVIÁRIO MEIO,04/12/2025,697.2222222222222,"789,00","616,00",29.149312479890543,173.0,41,TESTEMUNHA
1282-20,CO2,AVIÁRIO MEIO,05/11/2025,730.7098423076924,"999,00","1.000,00",330.2495931571739,998.0,12,TESTEMUNHA
1282-20,CO2,AVIÁRIO MEIO,05/12/2025,605.8582375478927,"795,00","506,00",52.92703554089049,289.0,42,TESTEMUNHA
1282-20,CO2,AVIÁRIO MEIO,06/11/2025,781.1068745247148,"994,00","1.002,00",172.66092970498227,992.998,13,TESTEMUNHA
1282-20,CO2,AVIÁRIO MEIO,07/11/2025,755.5452334630351,"999,00","1.004,00",176.66349010186758,997.996,14,TESTEMUNHA
1282-20,CO2,AVIÁRIO MEIO,08/11/2025,751.8477279693487,"992,00","1.004,00",175.25001236595358,990.996,15,TESTEMUNHA
1282-20,CO2,AVIÁRIO MEIO,09/11/2025,766.721568627451,"884,00","639,00",59.3042415363867,245.0,16,TESTEMUNHA
1282-20,CO2,AVIÁRIO MEIO,10/11/2025,739.2874493927126,"872,00","569,00",77.91505265047746,303.0,17,TESTEMUNHA
1282-20,CO2,AVIÁRIO MEIO,11/11/2025,716.8503937007874,"947,00","549,00",100.65443954755453,398.0,18,TESTEMUNHA
1282-20,CO2,AVIÁRIO MEIO,12/11/2025,751.3552123552123,"874,00","599,00",74.32676784831517,275.0,19,TESTEMUNHA
1282-20,CO2,AVIÁRIO MEIO,13/11/2025,806.4236641221374,"942,00","673,00",60.06872569333761,269.0,20,TESTEMUNHA
1282-20,CO2,AVIÁRIO MEIO,14/11/2025,797.6100386100386,"964,00","641,00",85.89478195548278,323.0,21,TESTEMUNHA
1282-20,CO2,AVIÁRIO MEIO,15/11/2025,779.7735849056604,"909,00","638,00",81.01652324119877,271.0,22,TESTEMUNHA
1282-20,CO2,AVIÁRIO MEIO,16/11/2025,747.6463878326996,"914,00","603,00",94.60299503431071,311.0,23,TESTEMUNHA
1282-20,CO2,AVIÁRIO MEIO,17/11/2025,831.0507203065134,"996,00","1.000,00",208.4598627751815,995.0,24,TESTEMUNHA
1282-20,CO2,AVIÁRIO MEIO,18/11/2025,850.0001692307692,"998,00","1.001,00",149.5387175063646,996.999,25,TESTEMUNHA
1282-20,CO2,AVIÁRIO MEIO,19/11/2025,783.007722007722,"962,00","594,00",118.57548928221762,368.0,26,TESTEMUNHA
1282-20,CO2,AVIÁRIO MEIO,20/11/2025,741.3990459770115,"962,00","1.151,00",122.86542152909728,960.849,27,TESTEMUNHA
1282-20,CO2,AVIÁRIO MEIO,21/11/2025,702.8953488372093,"937,00","550,00",117.3814456241542,387.0,28,TESTEMUNHA
1282-20,CO2,AVIÁRIO MEIO,22/11/2025,675.011673151751,"819,00","600,00",47.88243404628304,219.0,29,TESTEMUNHA
1282-20,CO2,AVIÁRIO MEIO,23/11/2025,713.0114068441064,"863,00","610,00",61.012651115319336,253.0,30,TESTEMUNHA
1282-20,CO2,AVIÁRIO MEIO,24/10/2025,643.7988291139241,"995,00","1.004,00",231.9905761623827,993.996,0,TESTEMUNHA
1282-20,CO2,AVIÁRIO MEIO,24/11/2025,725.810606060606,"924,00","629,00",75.22210875193093,295.0,31,TESTEMUNHA
1282-20,CO2,AVIÁRIO MEIO,25/10/2025,424.8611746031746,"995,00","1.000,00",349.2437017518833,994.0,1,TESTEMUNHA
1282-20,CO2,AVIÁRIO MEIO,25/11/2025,741.7207660377359,"991,00","1.000,00",125.92257117099831,990.0,32,TESTEMUNHA
1282-20,CO2,AVIÁRIO MEIO,26/10/2025,166.46815748031494,"997,00","1.010,00",353.04399924418703,995.99,2,TESTEMUNHA
1282-20,CO2,AVIÁRIO MEIO,26/11/2025,716.8505747126437,"995,00","620,00",92.95352054886511,375.0,33,TESTEMUNHA
1282-20,CO2,AVIÁRIO MEIO,27/10/2025,326.863625498008,"999,00","1.008,00",394.24798080996715,997.992,3,TESTEMUNHA
1282-20,CO2,AVIÁRIO MEIO,27/11/2025,696.8068181818181,"891,00","624,00",59.09568344640171,267.0,34,TESTEMUNHA
1282-20,CO2,AVIÁRIO MEIO,28/10/2025,84.11658661417323,"999,00","1.014,00",258.2707016038468,997.986,4,TESTEMUNHA
1282-20,CO2,AVIÁRIO MEIO,28/11/2025,697.7528517110267,"894,00","596,00",65.2147355389214,298.0,35,TESTEMUNHA
1282-20,CO2,AVIÁRIO MEIO,29/10/2025,1.402356589147287,"1.660,00","1.092,00",0.12598435970663796,0.5679999999999998,5,TESTEMUNHA
1282-20,CO2,AVIÁRIO MEIO,29/11/2025,709.2330827067669,"811,00","649,00",35.274836548230695,162.0,36,TESTEMUNHA
1282-20,CO2,AVIÁRIO MEIO,30/10/2025,164.21095402298852,"994,00","1.012,00",305.0127225857477,992.988,6,TESTEMUNHA
1282-20,CO2,AVIÁRIO MEIO,30/11/2025,697.438202247191,"795,00","639,00",32.56521721175754,156.0,37,TESTEMUNHA
1282-20,CO2,AVIÁRIO MEIO,31/10/2025,276.8691145038168,"979,00","1.001,00",342.3714907361636,977.999,7,TESTEMUNHA
1282-20,CONSUMO DO SILO,EXTERNO,01/11/2025,128.12595782073814,"998,00","0,00",266.966401530964,998.0,8,TESTEMUNHA
1282-20,CONSUMO DO SILO,EXTERNO,01/12/2025,16.903998230088497,"944,00","0,00",102.5205661961566,944.0,38,TESTEMUNHA
1282-20,CONSUMO DO SILO,EXTERNO,02/11/2025,64.18523426573427,"927,00","0,00",204.32994229045494,927.0,9,TESTEMUNHA
1282-20,CONSUMO DO SILO,EXTERNO,02/12/2025,22.61334574468085,"974,00","0,00",105.92234076284429,974.0,39,TESTEMUNHA
1282-20,CONSUMO DO SILO,EXTERNO,03/11/2025,77.04972822299652,"984,00","0,00",222.4595266747677,984.0,10,TESTEMUNHA
1282-20,CONSUMO DO SILO,EXTERNO,03/12/2025,103.11509615384615,"997,00","0,00",255.65065409980244,997.0,40,TESTEMUNHA
1282-20,CONSUMO DO SILO,EXTERNO,04/11/2025,11.393120287253142,"83,00","0,00",44.75298292490383,83.0,11,TESTEMUNHA
1282-20,CONSUMO DO SILO,EXTERNO,04/12/2025,30.593747368421056,"977,00","0,00",116.87271288314481,977.0,41,TESTEMUNHA
1282-20,CONSUMO DO SILO,EXTERNO,05/11/2025,60.64228321678321,"964,00","0,00",184.70874366048045,964.0,12,TESTEMUNHA
1282-20,CONSUMO DO SILO,EXTERNO,05/12/2025,8.881818181818181,"9,00","0,00",9.889141720439756,9.0,42,TESTEMUNHA
1282-20,CONSUMO DO SILO,EXTERNO,06/11/2025,84.43958216783217,"947,00","0,00",191.69058722975421,947.0,13,TESTEMUNHA
1282-20,CONSUMO DO SILO,EXTERNO,07/11/2025,84.43379790940766,"96,00","0,00",122.04817824287733,96.0,14,TESTEMUNHA
1282-20,CONSUMO DO SILO,EXTERNO,08/11/2025,75.78698392857143,"95,00","0,00",196.56275056581285,95.0,15,TESTEMUNHA
1282-20,CONSUMO DO SILO,EXTERNO,09/11/2025,32.094055944055945,"993,00","0,00",115.93203492698451,993.0,16,TESTEMUNHA
1282-20,CONSUMO DO SILO,EXTERNO,10/11/2025,53.31369512195122,"9,00","0,00",159.66083040219087,9.0,17,TESTEMUNHA
1282-20,CONSUMO DO SILO,EXTERNO,11/11/2025,114.44839367311071,"992,00","0,00",259.63694203341646,992.0,18,TESTEMUNHA
1282-20,CONSUMO DO SILO,EXTERNO,12/11/2025,41.588839441535775,"953,00","0,00",156.37837747219515,953.0,19,TESTEMUNHA
1282-20,CONSUMO DO SILO,EXTERNO,13/11/2025,90.34390636042403,"994,00","0,00",226.45967310948586,994.0,20,TESTEMUNHA
1282-20,CONSUMO DO SILO,EXTERNO,14/11/2025,51.398066433566434,"930,00","0,00",158.71060306304506,930.0,21,TESTEMUNHA
1282-20,CONSUMO DO SILO,EXTERNO,15/11/2025,20.201624125874126,"9,00","0,00",99.58820690752631,9.0,22,TESTEMUNHA
1282-20,CONSUMO DO SILO,EXTERNO,16/11/2025,69.50458885017422,"98,00","0,00",204.38523540613838,98.0,23,TESTEMUNHA
1282-20,CONSUMO DO SILO,EXTERNO,17/11/2025,90.83351150442478,"990,00","0,00",223.54334277212683,990.0,24,TESTEMUNHA
1282-20,CONSUMO DO SILO,EXTERNO,18/11/2025,232.993036971831,"960,00","0,00",289.53547300189916,960.0,25,TESTEMUNHA
1282-20,CONSUMO DO SILO,EXTERNO,19/11/2025,131.24487979094076,"971,00","0,00",255.02923667185652,971.0,26,TESTEMUNHA
1282-20,CONSUMO DO SILO,EXTERNO,20/11/2025,488.6306620209059,"96,00","0,00",299.31356339808013,96.0,27,TESTEMUNHA
1282-20,CONSUMO DO SILO,EXTERNO,21/11/2025,25.16074074074074,"910,00","0,00",118.59424383446371,910.0,28,TESTEMUNHA
1282-20,CONSUMO DO SILO,EXTERNO,22/11/2025,84.46284285714286,"988,00","0,00",221.26187227989345,988.0,29,TESTEMUNHA
1282-20,CONSUMO DO SILO,EXTERNO,23/11/2025,87.69571428571427,"990,00","0,00",148.53446179992585,990.0,30,TESTEMUNHA
1282-20,CONSUMO DO SILO,EXTERNO,24/10/2025,14.117132867132867,"9,00","0,00",9.38447908642803,9.0,0,TESTEMUNHA
1282-20,CONSUMO DO SILO,EXTERNO,24/11/2025,66.98044055944055,"996,00","0,00",131.66438211034225,996.0,31,TESTEMUNHA
1282-20,CONSUMO DO SILO,EXTERNO,25/10/2025,12.829268292682928,"9,00","0,00",10.000110477846432,9.0,1,TESTEMUNHA
1282-20,CONSUMO DO SILO,EXTERNO,25/11/2025,34.299033216783215,"988,00","0,00",146.77143537571914,988.0,32,TESTEMUNHA
1282-20,CONSUMO DO SILO,EXTERNO,26/10/2025,46.65034965034965,"9,00","0,00",95.76281953228428,9.0,2,TESTEMUNHA
1282-20,CONSUMO DO SILO,EXTERNO,26/11/2025,57.241354838709675,"990,00","0,00",188.16664128653858,990.0,33,TESTEMUNHA
1282-20,CONSUMO DO SILO,EXTERNO,27/10/2025,112.33391608391608,"9,00","0,00",164.6205067035138,9.0,3,TESTEMUNHA
1282-20,CONSUMO DO SILO,EXTERNO,27/11/2025,29.527993006993004,"991,00","0,00",106.30771749481781,991.0,34,TESTEMUNHA
1282-20,CONSUMO DO SILO,EXTERNO,28/10/2025,219.18245614035087,"9,00","0,00",274.1866409549851,9.0,4,TESTEMUNHA
1282-20,CONSUMO DO SILO,EXTERNO,28/11/2025,36.78788224956063,"966,00","0,00",140.1460299247092,966.0,35,TESTEMUNHA
1282-20,CONSUMO DO SILO,EXTERNO,29/10/2025,131.33508771929826,"88,00","0,00",198.32915666358045,88.0,5,TESTEMUNHA
1282-20,CONSUMO DO SILO,EXTERNO,29/11/2025,42.79073951048951,"956,00","0,00",141.94127305785145,956.0,36,TESTEMUNHA
1282-20,CONSUMO DO SILO,EXTERNO,30/10/2025,179.02447552447552,"9,00","0,00",202.29748423601671,9.0,6,TESTEMUNHA
1282-20,CONSUMO DO SILO,EXTERNO,30/11/2025,70.61701578947368,"994,00","0,00",161.87172225092993,994.0,37,TESTEMUNHA
1282-20,CONSUMO DO SILO,EXTERNO,31/10/2025,6.365853658536586,"9,00","0,00",8.763359212618502,9.0,7,TESTEMUNHA
1282-20,CORRENTE ELÉTRICA,EXTERNO,01/11/2025,5.342966360856269,14.46,0.0,3.6963981939364734,14.46,8,TESTEMUNHA
1282-20,CORRENTE ELÉTRICA,EXTERNO,01/12/2025,20.424058380414312,37.38,0.0,13.748583733203509,37.38,38,TESTEMUNHA
1282-20,CORRENTE ELÉTRICA,EXTERNO,02/11/2025,5.254077212806027,13.56,0.0,3.1143672438000554,13.56,9,TESTEMUNHA
1282-20,CORRENTE ELÉTRICA,EXTERNO,02/12/2025,24.521220889202542,40.03,0.0,12.376983918763557,40.03,39,TESTEMUNHA
1282-20,CORRENTE ELÉTRICA,EXTERNO,03/11/2025,8.189771657250471,18.94,0.0,4.408521331378076,18.94,10,TESTEMUNHA
1282-20,CORRENTE ELÉTRICA,EXTERNO,03/12/2025,21.494728299223713,37.46,0.0,15.410155521358924,37.46,40,TESTEMUNHA
1282-20,CORRENTE ELÉTRICA,EXTERNO,04/11/2025,10.434053988912991,22.88,0.0,5.3663042595083414,22.88,11,TESTEMUNHA
1282-20,CORRENTE ELÉTRICA,EXTERNO,04/12/2025,19.768399246704334,39.45,0.0,14.972674038752524,39.45,41,TESTEMUNHA
1282-20,CORRENTE ELÉTRICA,EXTERNO,05/11/2025,6.642492937853108,16.32,0.0,2.683045590240653,16.32,12,TESTEMUNHA
1282-20,CORRENTE ELÉTRICA,EXTERNO,05/12/2025,9.383755005889281,37.74,0.0,11.81789562067243,37.74,42,TESTEMUNHA
1282-20,CORRENTE ELÉTRICA,EXTERNO,06/11/2025,8.922937853107344,18.09,0.0,3.7677822499139704,18.09,13,TESTEMUNHA
1282-20,CORRENTE ELÉTRICA,EXTERNO,07/11/2025,9.364120827456512,19.79,0.0,4.346017514080838,19.79,14,TESTEMUNHA
1282-20,CORRENTE ELÉTRICA,EXTERNO,08/11/2025,7.841491166077738,15.23,3.74,2.151877130586195,11.49,15,TESTEMUNHA
1282-20,CORRENTE ELÉTRICA,EXTERNO,09/11/2025,8.731686661961891,18.03,6.45,1.7389481517122294,11.580000000000002,16,TESTEMUNHA
1282-20,CORRENTE ELÉTRICA,EXTERNO,10/11/2025,8.566045197740113,21.46,0.0,4.071723728856637,21.46,17,TESTEMUNHA
1282-20,CORRENTE ELÉTRICA,EXTERNO,11/11/2025,12.27703625235405,26.45,0.0,4.963393728465486,26.45,18,TESTEMUNHA
1282-20,CORRENTE ELÉTRICA,EXTERNO,12/11/2025,12.049661256175018,26.97,0.0,5.39483297216036,26.97,19,TESTEMUNHA
1282-20,CORRENTE ELÉTRICA,EXTERNO,13/11/2025,9.97040254237288,14.65,7.79,1.511357707952407,6.86,20,TESTEMUNHA
1282-20,CORRENTE ELÉTRICA,EXTERNO,14/11/2025,11.107278719397364,18.42,7.85,2.2621071696508843,10.570000000000002,21,TESTEMUNHA
1282-20,CORRENTE ELÉTRICA,EXTERNO,15/11/2025,11.979941190308164,18.89,9.65,2.0685498976829817,9.24,22,TESTEMUNHA
1282-20,CORRENTE ELÉTRICA,EXTERNO,16/11/2025,15.16915078804987,27.48,0.0,5.2868100350611344,27.48,23,TESTEMUNHA
1282-20,CORRENTE ELÉTRICA,EXTERNO,17/11/2025,9.989908192090395,14.19,7.45,1.3343102939338631,6.739999999999999,24,TESTEMUNHA
1282-20,CORRENTE ELÉTRICA,EXTERNO,18/11/2025,11.665494350282485,21.64,7.37,3.5082605492491865,14.27,25,TESTEMUNHA
1282-20,CORRENTE ELÉTRICA,EXTERNO,19/11/2025,16.132324159021405,32.35,0.01,7.154520060033126,32.34,26,TESTEMUNHA
1282-20,CORRENTE ELÉTRICA,EXTERNO,20/11/2025,18.07020230533992,35.91,0.0,7.974386461172909,35.91,27,TESTEMUNHA
1282-20,CORRENTE ELÉTRICA,EXTERNO,21/11/2025,16.19444209039548,35.85,0.0,11.092364419615434,35.85,28,TESTEMUNHA
1282-20,CORRENTE ELÉTRICA,EXTERNO,22/11/2025,18.11444366031522,34.74,0.0,11.847152177479717,34.74,29,TESTEMUNHA
1282-20,CORRENTE ELÉTRICA,EXTERNO,23/11/2025,13.520874471086037,34.53,0.0,11.866805673953603,34.53,30,TESTEMUNHA
1282-20,CORRENTE ELÉTRICA,EXTERNO,24/10/2025,3.3864500941619586,9.15,0.0,2.8351155107638584,9.15,0,TESTEMUNHA
1282-20,CORRENTE ELÉTRICA,EXTERNO,24/11/2025,16.333010828625238,34.91,0.0,10.592647109443107,34.91,31,TESTEMUNHA
1282-20,CORRENTE ELÉTRICA,EXTERNO,25/10/2025,3.4513488700564974,11.08,0.0,3.1933091822836253,11.08,1,TESTEMUNHA
1282-20,CORRENTE ELÉTRICA,EXTERNO,25/11/2025,16.648101623147497,35.39,0.0,11.401492071176209,35.39,32,TESTEMUNHA
1282-20,CORRENTE ELÉTRICA,EXTERNO,26/10/2025,2.2715596330275227,10.08,0.0,1.891247751311672,10.08,2,TESTEMUNHA
1282-20,CORRENTE ELÉTRICA,EXTERNO,26/11/2025,19.56805653710247,37.97,0.0,12.305896314961753,37.97,33,TESTEMUNHA
1282-20,CORRENTE ELÉTRICA,EXTERNO,27/10/2025,3.287509416195857,8.52,0.0,2.2313723392544054,8.52,3,TESTEMUNHA
1282-20,CORRENTE ELÉTRICA,EXTERNO,27/11/2025,17.180317796610172,38.46,0.0,14.205932965480331,38.46,34,TESTEMUNHA
1282-20,CORRENTE ELÉTRICA,EXTERNO,28/10/2025,3.284082449941107,8.84,0.0,2.449517322283207,8.84,4,TESTEMUNHA
1282-20,CORRENTE ELÉTRICA,EXTERNO,28/11/2025,20.248386262055988,38.78,0.0,14.086286524899865,38.78,35,TESTEMUNHA
1282-20,CORRENTE ELÉTRICA,EXTERNO,29/10/2025,3.1934839924670433,8.37,0.0,2.445165530586013,8.37,5,TESTEMUNHA
1282-20,CORRENTE ELÉTRICA,EXTERNO,29/11/2025,21.100070621468927,37.72,0.0,15.308414435773075,37.72,36,TESTEMUNHA
1282-20,CORRENTE ELÉTRICA,EXTERNO,30/10/2025,4.362147729945895,10.53,0.0,2.8108416600261066,10.53,6,TESTEMUNHA
1282-20,CORRENTE ELÉTRICA,EXTERNO,30/11/2025,21.419466007998118,38.25,0.0,15.54325929313854,38.25,37,TESTEMUNHA
1282-20,CORRENTE ELÉTRICA,EXTERNO,31/10/2025,5.007645951035782,11.53,0.0,3.157805765886122,11.53,7,TESTEMUNHA
1282-20,DIFERENCIAL DE PRESSÃO,AVIÁRIO MEIO,01/11/2025,13.788235294117648,52.0,-10.0,14.538193741932663,62.0,8,TESTEMUNHA
1282-20,DIFERENCIAL DE PRESSÃO,AVIÁRIO MEIO,01/12/2025,33.397683397683394,47.0,24.0,4.483362039128035,23.0,38,TESTEMUNHA
1282-20,DIFERENCIAL DE PRESSÃO,AVIÁRIO MEIO,02/11/2025,15.780590717299578,33.0,-4.0,12.666542979181736,37.0,9,TESTEMUNHA
1282-20,DIFERENCIAL DE PRESSÃO,AVIÁRIO MEIO,02/12/2025,34.38636363636363,41.0,24.0,4.13346968361261,17.0,39,TESTEMUNHA
1282-20,DIFERENCIAL DE PRESSÃO,AVIÁRIO MEIO,03/11/2025,21.722433460076047,45.0,-2.0,10.69500036753351,47.0,10,TESTEMUNHA
1282-20,DIFERENCIAL DE PRESSÃO,AVIÁRIO MEIO,03/12/2025,36.33846153846154,42.0,26.0,3.6575608647417,16.0,40,TESTEMUNHA
1282-20,DIFERENCIAL DE PRESSÃO,AVIÁRIO MEIO,04/11/2025,18.99604743083004,35.0,-2.0,9.864896852516695,37.0,11,TESTEMUNHA
1282-20,DIFERENCIAL DE PRESSÃO,AVIÁRIO MEIO,04/12/2025,33.73946360153257,43.0,0.0,8.283363635760429,43.0,41,TESTEMUNHA
1282-20,DIFERENCIAL DE PRESSÃO,AVIÁRIO MEIO,05/11/2025,21.415384615384614,34.0,-2.0,9.85415540258144,36.0,12,TESTEMUNHA
1282-20,DIFERENCIAL DE PRESSÃO,AVIÁRIO MEIO,05/12/2025,7.118773946360153,46.0,-2.0,13.207933005668718,48.0,42,TESTEMUNHA
1282-20,DIFERENCIAL DE PRESSÃO,AVIÁRIO MEIO,06/11/2025,23.429657794676807,37.0,3.0,8.169880850712241,34.0,13,TESTEMUNHA
1282-20,DIFERENCIAL DE PRESSÃO,AVIÁRIO MEIO,07/11/2025,26.653696498054476,53.0,2.0,5.204823783381886,51.0,14,TESTEMUNHA
1282-20,DIFERENCIAL DE PRESSÃO,AVIÁRIO MEIO,08/11/2025,26.386973180076627,45.0,-1.0,5.168396339622055,46.0,15,TESTEMUNHA
1282-20,DIFERENCIAL DE PRESSÃO,AVIÁRIO MEIO,09/11/2025,24.54901960784314,32.0,0.0,4.791797425626731,32.0,16,TESTEMUNHA
1282-20,DIFERENCIAL DE PRESSÃO,AVIÁRIO MEIO,10/11/2025,24.190283400809715,56.0,-1.0,6.677673441532518,57.0,17,TESTEMUNHA
1282-20,DIFERENCIAL DE PRESSÃO,AVIÁRIO MEIO,11/11/2025,26.653543307086615,42.0,15.0,2.5297535056415303,27.0,18,TESTEMUNHA
1282-20,DIFERENCIAL DE PRESSÃO,AVIÁRIO MEIO,12/11/2025,27.841698841698843,42.0,-1.0,6.263367065573172,43.0,19,TESTEMUNHA
1282-20,DIFERENCIAL DE PRESSÃO,AVIÁRIO MEIO,13/11/2025,26.450381679389313,30.0,15.0,2.4423544530162324,15.0,20,TESTEMUNHA
1282-20,DIFERENCIAL DE PRESSÃO,AVIÁRIO MEIO,14/11/2025,26.72972972972973,30.0,16.0,1.7365935246369877,14.0,21,TESTEMUNHA
1282-20,DIFERENCIAL DE PRESSÃO,AVIÁRIO MEIO,15/11/2025,25.928301886792454,31.0,11.0,2.6232902686116417,20.0,22,TESTEMUNHA
1282-20,DIFERENCIAL DE PRESSÃO,AVIÁRIO MEIO,16/11/2025,27.714828897338403,37.0,0.0,3.483591175816927,37.0,23,TESTEMUNHA
1282-20,DIFERENCIAL DE PRESSÃO,AVIÁRIO MEIO,17/11/2025,21.36015325670498,29.0,0.0,4.475623886333024,29.0,24,TESTEMUNHA
1282-20,DIFERENCIAL DE PRESSÃO,AVIÁRIO MEIO,18/11/2025,25.157692307692308,44.0,2.0,7.855555264951678,42.0,25,TESTEMUNHA
1282-20,DIFERENCIAL DE PRESSÃO,AVIÁRIO MEIO,19/11/2025,27.845559845559844,33.0,8.0,2.778726683909435,25.0,26,TESTEMUNHA
1282-20,DIFERENCIAL DE PRESSÃO,AVIÁRIO MEIO,20/11/2025,27.831417624521073,37.0,0.0,4.738600912016904,37.0,27,TESTEMUNHA
1282-20,DIFERENCIAL DE PRESSÃO,AVIÁRIO MEIO,21/11/2025,33.325581395348834,54.0,2.0,10.335955749282538,52.0,28,TESTEMUNHA
1282-20,DIFERENCIAL DE PRESSÃO,AVIÁRIO MEIO,22/11/2025,30.879377431906615,38.0,0.0,4.36258441787323,38.0,29,TESTEMUNHA
1282-20,DIFERENCIAL DE PRESSÃO,AVIÁRIO MEIO,23/11/2025,29.429657794676807,40.0,-1.0,5.280874693219008,41.0,30,TESTEMUNHA
1282-20,DIFERENCIAL DE PRESSÃO,AVIÁRIO MEIO,24/10/2025,10.0,58.0,-6.0,12.621502508869352,64.0,0,TESTEMUNHA
1282-20,DIFERENCIAL DE PRESSÃO,AVIÁRIO MEIO,24/11/2025,28.58712121212121,38.0,1.0,4.90284248572735,37.0,31,TESTEMUNHA
1282-20,DIFERENCIAL DE PRESSÃO,AVIÁRIO MEIO,25/10/2025,13.595238095238095,47.0,-3.0,12.768188751382464,50.0,1,TESTEMUNHA
1282-20,DIFERENCIAL DE PRESSÃO,AVIÁRIO MEIO,25/11/2025,29.9811320754717,38.0,1.0,5.45475581328404,37.0,32,TESTEMUNHA
1282-20,DIFERENCIAL DE PRESSÃO,AVIÁRIO MEIO,26/10/2025,7.807086614173229,44.0,-4.0,13.094981193459763,48.0,2,TESTEMUNHA
1282-20,DIFERENCIAL DE PRESSÃO,AVIÁRIO MEIO,26/11/2025,31.157088122605366,39.0,3.0,5.717004074012242,36.0,33,TESTEMUNHA
1282-20,DIFERENCIAL DE PRESSÃO,AVIÁRIO MEIO,27/10/2025,12.418326693227092,31.0,-2.0,13.836995807505938,33.0,3,TESTEMUNHA
1282-20,DIFERENCIAL DE PRESSÃO,AVIÁRIO MEIO,27/11/2025,33.03787878787879,52.0,3.0,5.857403115548277,49.0,34,TESTEMUNHA
1282-20,DIFERENCIAL DE PRESSÃO,AVIÁRIO MEIO,28/10/2025,10.133858267716535,31.0,-3.0,13.785112478998935,34.0,4,TESTEMUNHA
1282-20,DIFERENCIAL DE PRESSÃO,AVIÁRIO MEIO,28/11/2025,33.70342205323194,48.0,0.0,6.643807523071389,48.0,35,TESTEMUNHA
1282-20,DIFERENCIAL DE PRESSÃO,AVIÁRIO MEIO,29/10/2025,9.25968992248062,34.0,-4.0,12.904779592769513,38.0,5,TESTEMUNHA
1282-20,DIFERENCIAL DE PRESSÃO,AVIÁRIO MEIO,29/11/2025,35.92857142857143,42.0,24.0,3.9047122375959677,18.0,36,TESTEMUNHA
1282-20,DIFERENCIAL DE PRESSÃO,AVIÁRIO MEIO,30/10/2025,12.624521072796934,31.0,-3.0,14.316242559269504,34.0,6,TESTEMUNHA
1282-20,DIFERENCIAL DE PRESSÃO,AVIÁRIO MEIO,30/11/2025,35.92134831460674,42.0,23.0,4.360766655359739,19.0,37,TESTEMUNHA
1282-20,DIFERENCIAL DE PRESSÃO,AVIÁRIO MEIO,31/10/2025,14.293893129770993,30.0,-2.0,13.098331900818462,32.0,7,TESTEMUNHA
1282-20,ENERGIA ELÉTRICA DO DIA,EXTERNO,01/11/2025,11.904935309338978,32.45,0.0,9.065295381149866,32.45,8,TESTEMUNHA
1282-20,ENERGIA ELÉTRICA DO DIA,EXTERNO,01/12/2025,48.837431732580036,143.33,0.0,48.84895092399439,143.33,38,TESTEMUNHA
1282-20,ENERGIA ELÉTRICA DO DIA,EXTERNO,02/11/2025,11.249098399246703,32.49,0.0,8.666716300472677,32.49,9,TESTEMUNHA
1282-20,ENERGIA ELÉTRICA DO DIA,EXTERNO,02/12/2025,59.5803904963538,147.74,0.06,39.77102691620328,147.68,39,TESTEMUNHA
1282-20,ENERGIA ELÉTRICA DO DIA,EXTERNO,03/11/2025,17.59084981167608,45.11,0.0,13.554152823568044,45.11,10,TESTEMUNHA
1282-20,ENERGIA ELÉTRICA DO DIA,EXTERNO,03/12/2025,26.860684544812987,97.47,0.0,28.28167373131325,97.47,40,TESTEMUNHA
1282-20,ENERGIA ELÉTRICA DO DIA,EXTERNO,04/11/2025,20.75341769100988,55.62,0.02,16.81949953485032,55.599999999999994,11,TESTEMUNHA
1282-20,ENERGIA ELÉTRICA DO DIA,EXTERNO,04/12/2025,26.815482580037663,103.41,0.0,29.501024230562553,103.41,41,TESTEMUNHA
1282-20,ENERGIA ELÉTRICA DO DIA,EXTERNO,05/11/2025,14.964569209039547,38.43,0.02,10.049518310355129,38.41,12,TESTEMUNHA
1282-20,ENERGIA ELÉTRICA DO DIA,EXTERNO,05/12/2025,31.48154534746761,67.43,0.0,23.963550769449455,67.43,42,TESTEMUNHA
1282-20,ENERGIA ELÉTRICA DO DIA,EXTERNO,06/11/2025,19.46388418079096,48.44,0.01,14.172884573556713,48.43,13,TESTEMUNHA
1282-20,ENERGIA ELÉTRICA DO DIA,EXTERNO,07/11/2025,13.396088387400093,38.64,0.0,11.663589368255598,38.64,14,TESTEMUNHA
1282-20,ENERGIA ELÉTRICA DO DIA,EXTERNO,08/11/2025,18.379851590106007,42.4,0.03,11.50335096368696,42.37,15,TESTEMUNHA
1282-20,ENERGIA ELÉTRICA DO DIA,EXTERNO,09/11/2025,20.29647141848977,44.66,0.02,12.71710899638335,44.63999999999999,16,TESTEMUNHA
1282-20,ENERGIA ELÉTRICA DO DIA,EXTERNO,10/11/2025,21.183580508474577,49.59,0.03,13.362311788301952,49.56,17,TESTEMUNHA
1282-20,ENERGIA ELÉTRICA DO DIA,EXTERNO,11/11/2025,14.802457627118644,41.05,0.0,12.887924167457417,41.05,18,TESTEMUNHA
1282-20,ENERGIA ELÉTRICA DO DIA,EXTERNO,12/11/2025,29.75440366972477,62.17,0.03,18.609442620275686,62.14,19,TESTEMUNHA
1282-20,ENERGIA ELÉTRICA DO DIA,EXTERNO,13/11/2025,22.84254472693032,49.17,0.03,14.329055342990397,49.14,20,TESTEMUNHA
1282-20,ENERGIA ELÉTRICA DO DIA,EXTERNO,14/11/2025,25.052926082862523,55.33,0.03,16.224119587399805,55.3,21,TESTEMUNHA
1282-20,ENERGIA ELÉTRICA DO DIA,EXTERNO,15/11/2025,28.090454010820984,59.53,0.03,17.504931997310848,59.5,22,TESTEMUNHA
1282-20,ENERGIA ELÉTRICA DO DIA,EXTERNO,16/11/2025,18.368313338038107,52.5,0.0,13.17932154007024,52.5,23,TESTEMUNHA
1282-20,ENERGIA ELÉTRICA DO DIA,EXTERNO,17/11/2025,24.85697033898305,49.98,0.03,14.353998584194317,49.949999999999996,24,TESTEMUNHA
1282-20,ENERGIA ELÉTRICA DO DIA,EXTERNO,18/11/2025,25.95415254237288,58.31,0.03,17.757843711015884,58.28,25,TESTEMUNHA
1282-20,ENERGIA ELÉTRICA DO DIA,EXTERNO,19/11/2025,35.64403199247236,79.6,0.03,25.597108789462787,79.57,26,TESTEMUNHA
1282-20,ENERGIA ELÉTRICA DO DIA,EXTERNO,20/11/2025,21.13742884027288,61.53,0.0,15.181012568372632,61.53,27,TESTEMUNHA
1282-20,ENERGIA ELÉTRICA DO DIA,EXTERNO,21/11/2025,35.960609698681736,101.43,0.03,28.430461019408416,101.4,28,TESTEMUNHA
1282-20,ENERGIA ELÉTRICA DO DIA,EXTERNO,22/11/2025,29.36977887555869,102.71,0.0,29.194126750811492,102.71,29,TESTEMUNHA
1282-20,ENERGIA ELÉTRICA DO DIA,EXTERNO,23/11/2025,24.488182886694876,86.11,0.0,30.16895123283795,86.11,30,TESTEMUNHA
1282-20,ENERGIA ELÉTRICA DO DIA,EXTERNO,24/10/2025,7.534354990583804,27.71,0.0,7.500927717774473,27.71,0,TESTEMUNHA
1282-20,ENERGIA ELÉTRICA DO DIA,EXTERNO,24/11/2025,22.589093691148776,84.62,0.0,21.54802673385776,84.62,31,TESTEMUNHA
1282-20,ENERGIA ELÉTRICA DO DIA,EXTERNO,25/10/2025,7.979978813559321,26.01,0.0,6.897313334754403,26.01,1,TESTEMUNHA
1282-20,ENERGIA ELÉTRICA DO DIA,EXTERNO,25/11/2025,19.030068219242533,79.98,0.0,23.43144948671069,79.98,32,TESTEMUNHA
1282-20,ENERGIA ELÉTRICA DO DIA,EXTERNO,26/10/2025,5.384363679134322,17.76,0.0,4.431437448792686,17.76,2,TESTEMUNHA
1282-20,ENERGIA ELÉTRICA DO DIA,EXTERNO,26/11/2025,43.013663133097765,122.56,0.0,33.64022543106092,122.56,33,TESTEMUNHA
1282-20,ENERGIA ELÉTRICA DO DIA,EXTERNO,27/10/2025,7.297888418079096,25.28,0.01,6.133374031873194,25.27,3,TESTEMUNHA
1282-20,ENERGIA ELÉTRICA DO DIA,EXTERNO,27/11/2025,35.26273069679849,126.22,0.0,40.320941625299724,126.22,34,TESTEMUNHA
1282-20,ENERGIA ELÉTRICA DO DIA,EXTERNO,28/10/2025,4.916360424028269,21.73,0.0,4.917979385999828,21.73,4,TESTEMUNHA
1282-20,ENERGIA ELÉTRICA DO DIA,EXTERNO,28/11/2025,44.724469536579626,133.51,0.0,38.77382174195347,133.51,35,TESTEMUNHA
1282-20,ENERGIA ELÉTRICA DO DIA,EXTERNO,29/10/2025,7.860503766478343,28.49,0.01,7.125305308189952,28.479999999999997,5,TESTEMUNHA
1282-20,ENERGIA ELÉTRICA DO DIA,EXTERNO,29/11/2025,49.17778248587571,155.04,0.0,50.69130981862501,155.04,36,TESTEMUNHA
1282-20,ENERGIA ELÉTRICA DO DIA,EXTERNO,30/10/2025,10.017506469066102,32.79,0.0,8.253673247804713,32.79,6,TESTEMUNHA
1282-20,ENERGIA ELÉTRICA DO DIA,EXTERNO,30/11/2025,24.390625735121148,102.53,0.0,29.849606723250286,102.53,37,TESTEMUNHA
1282-20,ENERGIA ELÉTRICA DO DIA,EXTERNO,31/10/2025,10.971165254237288,31.07,0.02,8.402084505786103,31.05,7,TESTEMUNHA
1282-20,PESO MÉDIO DA AVE,AVIÁRIO FRENTE,01/11/2025,0.22932299012693935,0.25,0.22,0.008972221294191613,0.03,8,TESTEMUNHA
1282-20,PESO MÉDIO DA AVE,AVIÁRIO FRENTE,01/12/2025,1.6352875175315569,1.65,1.62,0.009589473754087486,0.029999999999999805,38,TESTEMUNHA
1282-20,PESO MÉDIO DA AVE,AVIÁRIO FRENTE,02/11/2025,0.25571830985915495,0.28,0.24,0.012901777471812186,0.040000000000000036,9,TESTEMUNHA
1282-20,PESO MÉDIO DA AVE,AVIÁRIO FRENTE,02/12/2025,1.611626928471248,1.64,1.56,0.02762991150511677,0.07999999999999985,39,TESTEMUNHA
1282-20,PESO MÉDIO DA AVE,AVIÁRIO FRENTE,03/11/2025,0.28843661971830986,0.31,0.27,0.014716314980383657,0.03999999999999998,10,TESTEMUNHA
1282-20,PESO MÉDIO DA AVE,AVIÁRIO FRENTE,03/12/2025,1.5774293785310733,1.6,1.56,0.011688124068761843,0.040000000000000036,40,TESTEMUNHA
1282-20,PESO MÉDIO DA AVE,AVIÁRIO FRENTE,04/11/2025,0.3302741702741703,0.36,0.31,0.017795045585768728,0.04999999999999999,11,TESTEMUNHA
1282-20,PESO MÉDIO DA AVE,AVIÁRIO FRENTE,04/12/2025,1.5743307086614173,1.59,1.56,0.008379817446897135,0.030000000000000027,41,TESTEMUNHA
1282-20,PESO MÉDIO DA AVE,AVIÁRIO FRENTE,05/11/2025,0.3784528832630098,0.41,0.36,0.018199479582879853,0.04999999999999999,12,TESTEMUNHA
1282-20,PESO MÉDIO DA AVE,AVIÁRIO FRENTE,06/11/2025,0.4323521126760563,0.47,0.41,0.021603728545922924,0.06,13,TESTEMUNHA
1282-20,PESO MÉDIO DA AVE,AVIÁRIO FRENTE,07/11/2025,0.5246372239747634,0.56,0.47,0.034453062330736375,0.09000000000000008,14,TESTEMUNHA
1282-20,PESO MÉDIO DA AVE,AVIÁRIO FRENTE,08/11/2025,0.5697631133671743,0.59,0.56,0.010189975156543898,0.029999999999999916,15,TESTEMUNHA
1282-20,PESO MÉDIO DA AVE,AVIÁRIO FRENTE,09/11/2025,0.628881239242685,0.66,0.56,0.031480201835224715,0.09999999999999998,16,TESTEMUNHA
1282-20,PESO MÉDIO DA AVE,AVIÁRIO FRENTE,10/11/2025,0.6720197740112994,0.69,0.66,0.012248124678537873,0.029999999999999916,17,TESTEMUNHA
1282-20,PESO MÉDIO DA AVE,AVIÁRIO FRENTE,11/11/2025,0.7077918424753867,0.73,0.69,0.014213224200544099,0.040000000000000036,18,TESTEMUNHA
1282-20,PESO MÉDIO DA AVE,AVIÁRIO FRENTE,12/11/2025,0.7414647887323943,0.76,0.73,0.0119315311768083,0.030000000000000027,19,TESTEMUNHA
1282-20,PESO MÉDIO DA AVE,AVIÁRIO FRENTE,13/11/2025,0.7714507042253521,0.79,0.76,0.011420624699119766,0.030000000000000027,20,TESTEMUNHA
1282-20,PESO MÉDIO DA AVE,AVIÁRIO FRENTE,14/11/2025,0.9519457735247209,1.03,0.79,0.09317393106177957,0.24,21,TESTEMUNHA
1282-20,PESO MÉDIO DA AVE,AVIÁRIO FRENTE,15/11/2025,1.0611186440677967,1.11,0.99,0.034662090240729526,0.1200000000000001,22,TESTEMUNHA
1282-20,PESO MÉDIO DA AVE,AVIÁRIO FRENTE,16/11/2025,1.1236755952380952,1.17,1.08,0.02349712747647448,0.08999999999999986,23,TESTEMUNHA
1282-20,PESO MÉDIO DA AVE,AVIÁRIO FRENTE,17/11/2025,1.2080063795853269,1.31,1.15,0.045838075285769574,0.16000000000000014,24,TESTEMUNHA
1282-20,PESO MÉDIO DA AVE,AVIÁRIO FRENTE,18/11/2025,1.405702647657841,1.45,1.25,0.058282138875744044,0.19999999999999996,25,TESTEMUNHA
1282-20,PESO MÉDIO DA AVE,AVIÁRIO FRENTE,19/11/2025,1.4468852459016395,1.46,1.44,0.004726524692605554,0.020000000000000018,26,TESTEMUNHA
1282-20,PESO MÉDIO DA AVE,AVIÁRIO FRENTE,20/11/2025,1.444604743083004,1.45,1.44,0.004984352713184475,0.010000000000000009,27,TESTEMUNHA
1282-20,PESO MÉDIO DA AVE,AVIÁRIO FRENTE,21/11/2025,1.479605633802817,1.52,1.45,0.01993261809282369,0.07000000000000006,28,TESTEMUNHA
1282-20,PESO MÉDIO DA AVE,AVIÁRIO FRENTE,22/11/2025,1.5153737658674191,1.54,1.5,0.009368340289541581,0.040000000000000036,29,TESTEMUNHA
1282-20,PESO MÉDIO DA AVE,AVIÁRIO FRENTE,23/11/2025,1.56262341325811,1.61,1.51,0.027905756450505442,0.10000000000000009,30,TESTEMUNHA
1282-20,PESO MÉDIO DA AVE,AVIÁRIO FRENTE,24/11/2025,1.609046283309958,1.62,1.59,0.00639418922866675,0.030000000000000027,31,TESTEMUNHA
1282-20,PESO MÉDIO DA AVE,AVIÁRIO FRENTE,25/10/2025,0.060064794816414684,0.07,0.05,0.0028261568114509947,0.020000000000000004,1,TESTEMUNHA
1282-20,PESO MÉDIO DA AVE,AVIÁRIO FRENTE,25/11/2025,1.8358886894075404,1.89,1.61,0.06677604117184752,0.2799999999999998,32,TESTEMUNHA
1282-20,PESO MÉDIO DA AVE,AVIÁRIO FRENTE,26/10/2025,0.07208579881656806,0.08,0.07,0.004062933849139511,0.009999999999999995,2,TESTEMUNHA
1282-20,PESO MÉDIO DA AVE,AVIÁRIO FRENTE,26/11/2025,1.8379102384291726,1.85,1.82,0.007907801042899296,0.030000000000000027,33,TESTEMUNHA
1282-20,PESO MÉDIO DA AVE,AVIÁRIO FRENTE,27/10/2025,0.1053358925143954,0.11,0.09,0.005604737989150275,0.020000000000000004,3,TESTEMUNHA
1282-20,PESO MÉDIO DA AVE,AVIÁRIO FRENTE,27/11/2025,1.8045147679324895,1.83,1.78,0.01336534106123099,0.050000000000000044,34,TESTEMUNHA
1282-20,PESO MÉDIO DA AVE,AVIÁRIO FRENTE,28/10/2025,0.12473314606741573,0.14,0.11,0.008033400933085504,0.030000000000000013,4,TESTEMUNHA
1282-20,PESO MÉDIO DA AVE,AVIÁRIO FRENTE,28/11/2025,1.7655960729312765,1.79,1.75,0.012939153591207826,0.040000000000000036,35,TESTEMUNHA
1282-20,PESO MÉDIO DA AVE,AVIÁRIO FRENTE,29/10/2025,0.14853846153846154,0.16,0.14,0.007328714701200795,0.01999999999999999,5,TESTEMUNHA
1282-20,PESO MÉDIO DA AVE,AVIÁRIO FRENTE,29/11/2025,1.7324229691876751,1.76,1.7,0.016640382494385715,0.06000000000000005,36,TESTEMUNHA
1282-20,PESO MÉDIO DA AVE,AVIÁRIO FRENTE,30/10/2025,0.18638028169014087,0.2,0.16,0.009771856970557585,0.04000000000000001,6,TESTEMUNHA
1282-20,PESO MÉDIO DA AVE,AVIÁRIO FRENTE,30/11/2025,1.6896774193548387,1.72,1.64,0.026434332261134483,0.08000000000000007,37,TESTEMUNHA
1282-20,PESO MÉDIO DA AVE,AVIÁRIO FRENTE,31/10/2025,0.20696202531645572,0.22,0.2,0.00768928736632193,0.01999999999999999,7,TESTEMUNHA
1282-20,PESO MÉDIO DA AVE,AVIÁRIO MEIO,01/11/2025,0.22941631504922647,0.25,0.22,0.010195540429471014,0.03,8,TESTEMUNHA
1282-20,PESO MÉDIO DA AVE,AVIÁRIO MEIO,01/12/2025,2.747194950911641,2.82,2.68,0.03005814612415046,0.13999999999999968,38,TESTEMUNHA
1282-20,PESO MÉDIO DA AVE,AVIÁRIO MEIO,02/11/2025,0.2805658536585366,0.3,0.24,0.015613371532526907,0.06,9,TESTEMUNHA
1282-20,PESO MÉDIO DA AVE,AVIÁRIO MEIO,02/12/2025,2.8488342696629214,2.93,2.75,0.050126699638028745,0.18000000000000016,39,TESTEMUNHA
1282-20,PESO MÉDIO DA AVE,AVIÁRIO MEIO,03/11/2025,0.31404889228418637,0.35,0.29,0.018675404113117963,0.06,10,TESTEMUNHA
1282-20,PESO MÉDIO DA AVE,AVIÁRIO MEIO,03/12/2025,2.9307303370786513,3.01,2.88,0.03621332365304278,0.1299999999999999,40,TESTEMUNHA
1282-20,PESO MÉDIO DA AVE,AVIÁRIO MEIO,04/11/2025,0.3575036075036075,0.38,0.34,0.013488343585161355,0.03999999999999998,11,TESTEMUNHA
1282-20,PESO MÉDIO DA AVE,AVIÁRIO MEIO,04/12/2025,3.0098821218074656,3.17,2.97,0.046933320742203424,0.19999999999999973,41,TESTEMUNHA
1282-20,PESO MÉDIO DA AVE,AVIÁRIO MEIO,05/11/2025,0.39911847672778566,0.43,0.38,0.017082684836813074,0.04999999999999999,12,TESTEMUNHA
1282-20,PESO MÉDIO DA AVE,AVIÁRIO MEIO,06/11/2025,0.4481645569620253,0.49,0.42,0.019843081561202545,0.07,13,TESTEMUNHA
1282-20,PESO MÉDIO DA AVE,AVIÁRIO MEIO,07/11/2025,0.5022323943661972,0.54,0.47,0.02079110234019756,0.07000000000000006,14,TESTEMUNHA
1282-20,PESO MÉDIO DA AVE,AVIÁRIO MEIO,08/11/2025,0.5468098591549296,0.58,0.53,0.015763406142693216,0.04999999999999993,15,TESTEMUNHA
1282-20,PESO MÉDIO DA AVE,AVIÁRIO MEIO,09/11/2025,0.598887323943662,0.64,0.57,0.02218110431455855,0.07000000000000006,16,TESTEMUNHA
1282-20,PESO MÉDIO DA AVE,AVIÁRIO MEIO,10/11/2025,0.6568732394366197,0.7,0.63,0.022293136427152197,0.06999999999999995,17,TESTEMUNHA
1282-20,PESO MÉDIO DA AVE,AVIÁRIO MEIO,11/11/2025,0.7185066162570888,0.79,0.68,0.03262377120626134,0.10999999999999999,18,TESTEMUNHA
1282-20,PESO MÉDIO DA AVE,AVIÁRIO MEIO,12/11/2025,0.8133943661971831,0.87,0.75,0.03205012749562283,0.12,19,TESTEMUNHA
1282-20,PESO MÉDIO DA AVE,AVIÁRIO MEIO,13/11/2025,0.9196839729119639,0.98,0.85,0.047222854051694296,0.13,20,TESTEMUNHA
1282-20,PESO MÉDIO DA AVE,AVIÁRIO MEIO,14/11/2025,0.9990449438202248,1.04,0.97,0.02254055526685468,0.07000000000000006,21,TESTEMUNHA
1282-20,PESO MÉDIO DA AVE,AVIÁRIO MEIO,15/11/2025,1.0711690140845072,1.13,1.04,0.02992313435204418,0.08999999999999986,22,TESTEMUNHA
1282-20,PESO MÉDIO DA AVE,AVIÁRIO MEIO,16/11/2025,1.1617345505617978,1.24,1.12,0.03746361212196349,0.11999999999999988,23,TESTEMUNHA
1282-20,PESO MÉDIO DA AVE,AVIÁRIO MEIO,17/11/2025,1.2743459915611814,1.36,1.21,0.04719369200971251,0.15000000000000013,24,TESTEMUNHA
1282-20,PESO MÉDIO DA AVE,AVIÁRIO MEIO,18/11/2025,1.3781289808917199,1.44,1.33,0.034649095183714944,0.10999999999999988,25,TESTEMUNHA
1282-20,PESO MÉDIO DA AVE,AVIÁRIO MEIO,19/11/2025,1.4843115124153499,1.58,1.43,0.04443775530118101,0.15000000000000013,26,TESTEMUNHA
1282-20,PESO MÉDIO DA AVE,AVIÁRIO MEIO,20/11/2025,1.6233614627285513,1.69,1.58,0.04145500847010001,0.10999999999999988,27,TESTEMUNHA
1282-20,PESO MÉDIO DA AVE,AVIÁRIO MEIO,21/11/2025,1.691097046413502,1.71,1.68,0.005079439789566305,0.030000000000000027,28,TESTEMUNHA
1282-20,PESO MÉDIO DA AVE,AVIÁRIO MEIO,22/11/2025,1.834285714285714,1.95,1.7,0.08438729754172215,0.25,29,TESTEMUNHA
1282-20,PESO MÉDIO DA AVE,AVIÁRIO MEIO,23/11/2025,1.9773229461756374,1.99,1.95,0.009860239229654191,0.040000000000000036,30,TESTEMUNHA
1282-20,PESO MÉDIO DA AVE,AVIÁRIO MEIO,24/11/2025,2.031856540084388,2.08,1.99,0.03648688890558982,0.09000000000000008,31,TESTEMUNHA
1282-20,PESO MÉDIO DA AVE,AVIÁRIO MEIO,25/11/2025,2.1072714486638535,2.16,2.07,0.027474745094629306,0.0900000000000003,32,TESTEMUNHA
1282-20,PESO MÉDIO DA AVE,AVIÁRIO MEIO,26/11/2025,2.229916142557652,2.33,2.15,0.05493462181928644,0.18000000000000016,33,TESTEMUNHA
1282-20,PESO MÉDIO DA AVE,AVIÁRIO MEIO,27/11/2025,2.2988239436619717,2.35,2.2,0.04326576880913494,0.1499999999999999,34,TESTEMUNHA
1282-20,PESO MÉDIO DA AVE,AVIÁRIO MEIO,28/10/2025,0.12239651416122005,0.13,0.11,0.007433632929080355,0.020000000000000004,4,TESTEMUNHA
1282-20,PESO MÉDIO DA AVE,AVIÁRIO MEIO,28/11/2025,2.3978221288515407,2.5,2.32,0.0593553535724315,0.18000000000000016,35,TESTEMUNHA
1282-20,PESO MÉDIO DA AVE,AVIÁRIO MEIO,29/10/2025,0.14803370786516853,0.16,0.13,0.008696440493844305,0.03,5,TESTEMUNHA
1282-20,PESO MÉDIO DA AVE,AVIÁRIO MEIO,29/11/2025,2.5322300140252456,2.66,2.45,0.048831425366917966,0.20999999999999996,36,TESTEMUNHA
1282-20,PESO MÉDIO DA AVE,AVIÁRIO MEIO,30/10/2025,0.17531722054380666,0.19,0.16,0.009016325996213,0.03,6,TESTEMUNHA
1282-20,PESO MÉDIO DA AVE,AVIÁRIO MEIO,30/11/2025,2.660704225352113,2.75,2.55,0.05519297627444992,0.20000000000000018,37,TESTEMUNHA
1282-20,PESO MÉDIO DA AVE,AVIÁRIO MEIO,31/10/2025,0.19835915492957748,0.22,0.18,0.012871981554718255,0.04000000000000001,7,TESTEMUNHA
1282-20,PESOS QUALIFICADOS,AVIÁRIO FRENTE,01/11/2025,0.22748870481927713,0.3,0.16,0.031798201606866555,0.13999999999999999,8,TESTEMUNHA
1282-20,PESOS QUALIFICADOS,AVIÁRIO FRENTE,01/12/2025,1.6064,2.05,1.23,0.2432378260057421,0.8199999999999998,38,TESTEMUNHA
1282-20,PESOS QUALIFICADOS,AVIÁRIO FRENTE,02/11/2025,0.25513020833333333,0.34,0.18,0.03697929373091862,0.16000000000000003,9,TESTEMUNHA
1282-20,PESOS QUALIFICADOS,AVIÁRIO FRENTE,02/12/2025,1.5515139442231076,2.04,1.2,0.2415852748506869,0.8400000000000001,39,TESTEMUNHA
1282-20,PESOS QUALIFICADOS,AVIÁRIO FRENTE,03/11/2025,0.29208030592734224,0.39,0.21,0.04204378640693805,0.18000000000000002,10,TESTEMUNHA
1282-20,PESOS QUALIFICADOS,AVIÁRIO FRENTE,03/12/2025,1.5566233766233766,1.98,1.18,0.23681295003936703,0.8,40,TESTEMUNHA
1282-20,PESOS QUALIFICADOS,AVIÁRIO FRENTE,04/11/2025,0.3354605263157895,0.45,0.24,0.04792608502724547,0.21000000000000002,11,TESTEMUNHA
1282-20,PESOS QUALIFICADOS,AVIÁRIO FRENTE,04/12/2025,1.5593181818181818,1.96,1.18,0.2445533751674368,0.78,41,TESTEMUNHA
1282-20,PESOS QUALIFICADOS,AVIÁRIO FRENTE,05/11/2025,0.3844058799510004,0.5,0.27,0.055475083725803856,0.22999999999999998,12,TESTEMUNHA
1282-20,PESOS QUALIFICADOS,AVIÁRIO FRENTE,06/11/2025,0.4406724890829694,0.58,0.31,0.061465239819198485,0.26999999999999996,13,TESTEMUNHA
1282-20,PESOS QUALIFICADOS,AVIÁRIO FRENTE,07/11/2025,0.518557347670251,0.7,0.32,0.07172401637432667,0.37999999999999995,14,TESTEMUNHA
1282-20,PESOS QUALIFICADOS,AVIÁRIO FRENTE,08/11/2025,0.5595420258620689,0.73,0.38,0.0787753473232324,0.35,15,TESTEMUNHA
1282-20,PESOS QUALIFICADOS,AVIÁRIO FRENTE,09/11/2025,0.6112314635718891,0.82,0.4,0.08657665776046936,0.41999999999999993,16,TESTEMUNHA
1282-20,PESOS QUALIFICADOS,AVIÁRIO FRENTE,10/11/2025,0.6581431608788093,0.86,0.49,0.09098147832748864,0.37,17,TESTEMUNHA
1282-20,PESOS QUALIFICADOS,AVIÁRIO FRENTE,11/11/2025,0.6994951744617669,0.9,0.52,0.10004177567869241,0.38,18,TESTEMUNHA
1282-20,PESOS QUALIFICADOS,AVIÁRIO FRENTE,12/11/2025,0.729375,0.94,0.55,0.10681563374850753,0.3899999999999999,19,TESTEMUNHA
1282-20,PESOS QUALIFICADOS,AVIÁRIO FRENTE,13/11/2025,0.7566232709519934,0.98,0.57,0.11001474335123756,0.41000000000000003,20,TESTEMUNHA
1282-20,PESOS QUALIFICADOS,AVIÁRIO FRENTE,14/11/2025,0.9685714285714286,1.28,0.64,0.14187814113018718,0.64,21,TESTEMUNHA
1282-20,PESOS QUALIFICADOS,AVIÁRIO FRENTE,15/11/2025,1.0421467889908258,1.38,0.69,0.1540623504000578,0.69,22,TESTEMUNHA
1282-20,PESOS QUALIFICADOS,AVIÁRIO FRENTE,16/11/2025,1.1010861056751466,1.45,0.74,0.16299872864781217,0.71,23,TESTEMUNHA
1282-20,PESOS QUALIFICADOS,AVIÁRIO FRENTE,17/11/2025,1.2135183129855718,1.61,0.81,0.1812282271291181,0.8,24,TESTEMUNHA
1282-20,PESOS QUALIFICADOS,AVIÁRIO FRENTE,18/11/2025,1.365665529010239,1.81,0.88,0.1947612688342234,0.93,25,TESTEMUNHA
1282-20,PESOS QUALIFICADOS,AVIÁRIO FRENTE,19/11/2025,1.3971353482260185,1.81,1.08,0.19375789605929655,0.73,26,TESTEMUNHA
1282-20,PESOS QUALIFICADOS,AVIÁRIO FRENTE,20/11/2025,1.4038714499252616,1.8,1.08,0.204161755328598,0.72,27,TESTEMUNHA
1282-20,PESOS QUALIFICADOS,AVIÁRIO FRENTE,21/11/2025,1.4698686371100165,1.89,1.11,0.2094248496168937,0.7799999999999998,28,TESTEMUNHA
1282-20,PESOS QUALIFICADOS,AVIÁRIO FRENTE,22/11/2025,1.4781958762886598,1.9,1.13,0.22093446366253972,0.77,29,TESTEMUNHA
1282-20,PESOS QUALIFICADOS,AVIÁRIO FRENTE,23/11/2025,1.5609045226130653,2.0,1.14,0.24007156790890433,0.8600000000000001,30,TESTEMUNHA
1282-20,PESOS QUALIFICADOS,AVIÁRIO FRENTE,24/10/2025,0.04686274509803922,0.06,0.03,0.009072733569615103,0.03,0,TESTEMUNHA
1282-20,PESOS QUALIFICADOS,AVIÁRIO FRENTE,24/11/2025,1.572842287694974,2.02,1.2,0.24524362254486032,0.8200000000000001,31,TESTEMUNHA
1282-20,PESOS QUALIFICADOS,AVIÁRIO FRENTE,25/10/2025,0.05464114832535885,0.08,0.03,0.009781851696115316,0.05,1,TESTEMUNHA
1282-20,PESOS QUALIFICADOS,AVIÁRIO FRENTE,25/11/2025,1.8067557932263816,2.39,1.3,0.2774691309248119,1.09,32,TESTEMUNHA
1282-20,PESOS QUALIFICADOS,AVIÁRIO FRENTE,26/10/2025,0.07079634464751959,0.1,0.05,0.011714300791565192,0.05,2,TESTEMUNHA
1282-20,PESOS QUALIFICADOS,AVIÁRIO FRENTE,26/11/2025,1.7807708333333332,2.3,1.38,0.27307056014146336,0.9199999999999999,33,TESTEMUNHA
1282-20,PESOS QUALIFICADOS,AVIÁRIO FRENTE,27/10/2025,0.09419999999999999,0.14,0.06,0.016444365079173618,0.08000000000000002,3,TESTEMUNHA
1282-20,PESOS QUALIFICADOS,AVIÁRIO FRENTE,27/11/2025,1.74720207253886,2.27,1.34,0.2631484255733162,0.9299999999999999,34,TESTEMUNHA
1282-20,PESOS QUALIFICADOS,AVIÁRIO FRENTE,28/10/2025,0.1224194348041646,0.17,0.08,0.016437757757584003,0.09000000000000001,4,TESTEMUNHA
1282-20,PESOS QUALIFICADOS,AVIÁRIO FRENTE,28/11/2025,1.7001902173913042,2.2,1.32,0.2597840171305293,0.8800000000000001,35,TESTEMUNHA
1282-20,PESOS QUALIFICADOS,AVIÁRIO FRENTE,29/10/2025,0.14371671056482294,0.2,0.1,0.019901702953730338,0.1,5,TESTEMUNHA
1282-20,PESOS QUALIFICADOS,AVIÁRIO FRENTE,29/11/2025,1.6783333333333335,2.18,1.29,0.25721389334191075,0.8900000000000001,36,TESTEMUNHA
1282-20,PESOS QUALIFICADOS,AVIÁRIO FRENTE,30/10/2025,0.17843870584743246,0.25,0.12,0.02482941261304169,0.13,6,TESTEMUNHA
1282-20,PESOS QUALIFICADOS,AVIÁRIO FRENTE,30/11/2025,1.615151515151515,2.11,1.25,0.2403842195377128,0.8599999999999999,37,TESTEMUNHA
1282-20,PESOS QUALIFICADOS,AVIÁRIO FRENTE,31/10/2025,0.20196871423120946,0.27,0.15,0.028110002446287932,0.12000000000000002,7,TESTEMUNHA
1282-20,PESOS QUALIFICADOS,AVIÁRIO MEIO,01/11/2025,0.22727586206896552,0.3,0.16,0.030573141866140987,0.13999999999999999,8,TESTEMUNHA
1282-20,PESOS QUALIFICADOS,AVIÁRIO MEIO,01/12/2025,2.7356599999999998,3.47,2.07,0.3266309299500002,1.4000000000000004,38,TESTEMUNHA
1282-20,PESOS QUALIFICADOS,AVIÁRIO MEIO,02/11/2025,0.26838040149710785,0.37,0.17,0.03776276077166152,0.19999999999999998,9,TESTEMUNHA
1282-20,PESOS QUALIFICADOS,AVIÁRIO MEIO,02/12/2025,2.8601670146137788,3.63,2.13,0.3191912622182393,1.5,39,TESTEMUNHA
1282-20,PESOS QUALIFICADOS,AVIÁRIO MEIO,03/11/2025,0.3044996293550778,0.42,0.2,0.042758716309900045,0.21999999999999997,10,TESTEMUNHA
1282-20,PESOS QUALIFICADOS,AVIÁRIO MEIO,03/12/2025,2.9353865979381446,3.71,2.22,0.3426339831632602,1.4899999999999998,40,TESTEMUNHA
1282-20,PESOS QUALIFICADOS,AVIÁRIO MEIO,04/11/2025,0.3560276073619632,0.47,0.25,0.04496695281198746,0.21999999999999997,11,TESTEMUNHA
1282-20,PESOS QUALIFICADOS,AVIÁRIO MEIO,04/12/2025,3.0837600000000003,3.74,2.27,0.4091565255498161,1.4700000000000002,41,TESTEMUNHA
1282-20,PESOS QUALIFICADOS,AVIÁRIO MEIO,05/11/2025,0.4028390004096682,0.53,0.29,0.051038481145350666,0.24000000000000005,12,TESTEMUNHA
1282-20,PESOS QUALIFICADOS,AVIÁRIO MEIO,06/11/2025,0.4519232373800584,0.6,0.32,0.05747079893980309,0.27999999999999997,13,TESTEMUNHA
1282-20,PESOS QUALIFICADOS,AVIÁRIO MEIO,07/11/2025,0.5048281938325991,0.66,0.36,0.06291551917552161,0.30000000000000004,14,TESTEMUNHA
1282-20,PESOS QUALIFICADOS,AVIÁRIO MEIO,08/11/2025,0.5431103286384976,0.7,0.4,0.07314094719259585,0.29999999999999993,15,TESTEMUNHA
1282-20,PESOS QUALIFICADOS,AVIÁRIO MEIO,09/11/2025,0.601502994011976,0.78,0.43,0.07441801132923108,0.35000000000000003,16,TESTEMUNHA
1282-20,PESOS QUALIFICADOS,AVIÁRIO MEIO,10/11/2025,0.6576872378669862,0.87,0.47,0.08243694228721,0.4,17,TESTEMUNHA
1282-20,PESOS QUALIFICADOS,AVIÁRIO MEIO,11/11/2025,0.7366118421052631,0.98,0.52,0.09802004020003892,0.45999999999999996,18,TESTEMUNHA
1282-20,PESOS QUALIFICADOS,AVIÁRIO MEIO,12/11/2025,0.8154699818071559,1.08,0.59,0.10139195202069054,0.4900000000000001,19,TESTEMUNHA
1282-20,PESOS QUALIFICADOS,AVIÁRIO MEIO,13/11/2025,0.9138167435728412,1.21,0.59,0.11236535502119713,0.62,20,TESTEMUNHA
1282-20,PESOS QUALIFICADOS,AVIÁRIO MEIO,14/11/2025,0.9947826086956522,1.28,0.74,0.11432051708716916,0.54,21,TESTEMUNHA
1282-20,PESOS QUALIFICADOS,AVIÁRIO MEIO,15/11/2025,1.0795387021110243,1.38,0.79,0.12921434524312927,0.5899999999999999,22,TESTEMUNHA
1282-20,PESOS QUALIFICADOS,AVIÁRIO MEIO,16/11/2025,1.1761769115442278,1.52,0.84,0.1387670657518862,0.68,23,TESTEMUNHA
1282-20,PESOS QUALIFICADOS,AVIÁRIO MEIO,17/11/2025,1.2974965132496512,1.67,0.91,0.1416187362085426,0.7599999999999999,24,TESTEMUNHA
1282-20,PESOS QUALIFICADOS,AVIÁRIO MEIO,18/11/2025,1.396930693069307,1.77,1.02,0.1532695972917486,0.75,25,TESTEMUNHA
1282-20,PESOS QUALIFICADOS,AVIÁRIO MEIO,19/11/2025,1.5017723718505647,1.96,1.09,0.1738199242978377,0.8699999999999999,26,TESTEMUNHA
1282-20,PESOS QUALIFICADOS,AVIÁRIO MEIO,20/11/2025,1.6193246993524515,2.1,1.19,0.18504095361521006,0.9100000000000001,27,TESTEMUNHA
1282-20,PESOS QUALIFICADOS,AVIÁRIO MEIO,21/11/2025,1.6474012474012474,2.11,1.27,0.18661026771074463,0.8399999999999999,28,TESTEMUNHA
1282-20,PESOS QUALIFICADOS,AVIÁRIO MEIO,22/11/2025,1.8209911894273128,2.36,1.12,0.2190445510412794,1.2399999999999998,29,TESTEMUNHA
1282-20,PESOS QUALIFICADOS,AVIÁRIO MEIO,23/11/2025,1.9370316027088037,2.48,1.48,0.22882932296018121,1.0,30,TESTEMUNHA
1282-20,PESOS QUALIFICADOS,AVIÁRIO MEIO,24/11/2025,2.0239838220424673,2.56,1.49,0.23971609375004857,1.07,31,TESTEMUNHA
1282-20,PESOS QUALIFICADOS,AVIÁRIO MEIO,25/11/2025,2.0974,2.67,1.57,0.24380791378363856,1.0999999999999999,32,TESTEMUNHA
1282-20,PESOS QUALIFICADOS,AVIÁRIO MEIO,26/11/2025,2.214386363636364,2.89,1.41,0.25951937359009375,1.4800000000000002,33,TESTEMUNHA
1282-20,PESOS QUALIFICADOS,AVIÁRIO MEIO,27/10/2025,0.08937500000000001,0.12,0.06,0.014963787306546199,0.06,3,TESTEMUNHA
1282-20,PESOS QUALIFICADOS,AVIÁRIO MEIO,27/11/2025,2.2751556156968875,2.93,1.69,0.2638392945488447,1.2400000000000002,34,TESTEMUNHA
1282-20,PESOS QUALIFICADOS,AVIÁRIO MEIO,28/10/2025,0.11575788402848423,0.16,0.07,0.018076653119277634,0.09,4,TESTEMUNHA
1282-20,PESOS QUALIFICADOS,AVIÁRIO MEIO,28/11/2025,2.425738880918221,3.05,1.76,0.30522951468933157,1.2899999999999998,35,TESTEMUNHA
1282-20,PESOS QUALIFICADOS,AVIÁRIO MEIO,29/10/2025,0.14372115384615383,0.2,0.1,0.01783199195631778,0.1,5,TESTEMUNHA
1282-20,PESOS QUALIFICADOS,AVIÁRIO MEIO,29/11/2025,2.5460383386581467,3.29,1.87,0.3126414697796742,1.42,36,TESTEMUNHA
1282-20,PESOS QUALIFICADOS,AVIÁRIO MEIO,30/10/2025,0.169167563688554,0.24,0.11,0.02165115296566287,0.13,6,TESTEMUNHA
1282-20,PESOS QUALIFICADOS,AVIÁRIO MEIO,30/11/2025,2.673442088091354,3.37,1.98,0.28833955986800325,1.3900000000000001,37,TESTEMUNHA
1282-20,PESOS QUALIFICADOS,AVIÁRIO MEIO,31/10/2025,0.1994191176470588,0.27,0.14,0.02666018598713299,0.13,7,TESTEMUNHA
1282-20,TEMPERATURA,AVIÁRIO FRENTE,01/11/2025,27.15176470588235,31.8,24.1,1.8103804235492384,7.699999999999999,8,TESTEMUNHA
1282-20,TEMPERATURA,AVIÁRIO FRENTE,01/12/2025,24.2014157014157,28.0,21.3,1.806405178494345,6.699999999999999,38,TESTEMUNHA
1282-20,TEMPERATURA,AVIÁRIO FRENTE,02/11/2025,26.992405063291137,30.1,25.0,1.3598311031789132,5.100000000000001,9,TESTEMUNHA
1282-20,TEMPERATURA,AVIÁRIO FRENTE,02/12/2025,24.677146464646462,28.1,21.3,1.9055793781490833,6.800000000000001,39,TESTEMUNHA
1282-20,TEMPERATURA,AVIÁRIO FRENTE,03/11/2025,27.884790874524715,32.0,25.0,1.6626507347522321,7.0,10,TESTEMUNHA
1282-20,TEMPERATURA,AVIÁRIO FRENTE,03/12/2025,24.94423076923077,28.0,22.1,1.2150994675236444,5.899999999999999,40,TESTEMUNHA
1282-20,TEMPERATURA,AVIÁRIO FRENTE,04/11/2025,28.36719367588933,34.0,24.8,2.051855140074307,9.2,11,TESTEMUNHA
1282-20,TEMPERATURA,AVIÁRIO FRENTE,04/12/2025,24.528352490421458,28.4,20.2,1.701494563034636,8.2,41,TESTEMUNHA
1282-20,TEMPERATURA,AVIÁRIO FRENTE,05/11/2025,27.145128205128206,30.8,24.1,1.3927336553862224,6.699999999999999,12,TESTEMUNHA
1282-20,TEMPERATURA,AVIÁRIO FRENTE,05/12/2025,24.843422733077908,31.6,18.3,3.2821401505980266,13.3,42,TESTEMUNHA
1282-20,TEMPERATURA,AVIÁRIO FRENTE,06/11/2025,26.9382762991128,31.0,22.2,2.149826548775154,8.8,13,TESTEMUNHA
1282-20,TEMPERATURA,AVIÁRIO FRENTE,07/11/2025,27.387808041504538,31.4,23.4,1.847691234919438,8.0,14,TESTEMUNHA
1282-20,TEMPERATURA,AVIÁRIO FRENTE,08/11/2025,24.020689655172415,30.8,19.5,2.636254945448652,11.3,15,TESTEMUNHA
1282-20,TEMPERATURA,AVIÁRIO FRENTE,09/11/2025,24.540784313725492,29.8,18.6,3.417710032830751,11.2,16,TESTEMUNHA
1282-20,TEMPERATURA,AVIÁRIO FRENTE,10/11/2025,25.179082321187586,30.2,19.3,3.1172511542070804,10.899999999999999,17,TESTEMUNHA
1282-20,TEMPERATURA,AVIÁRIO FRENTE,11/11/2025,25.242125984251967,30.9,19.4,3.551598981122548,11.5,18,TESTEMUNHA
1282-20,TEMPERATURA,AVIÁRIO FRENTE,12/11/2025,25.24993564993565,32.4,21.5,2.832660794610996,10.899999999999999,19,TESTEMUNHA
1282-20,TEMPERATURA,AVIÁRIO FRENTE,13/11/2025,24.81959287531807,27.1,22.4,1.2895342422691465,4.700000000000003,20,TESTEMUNHA
1282-20,TEMPERATURA,AVIÁRIO FRENTE,14/11/2025,25.548391248391248,27.9,23.9,0.9967259718114756,4.0,21,TESTEMUNHA
1282-20,TEMPERATURA,AVIÁRIO FRENTE,15/11/2025,25.4474213836478,28.1,23.3,1.1244913392824598,4.800000000000001,22,TESTEMUNHA
1282-20,TEMPERATURA,AVIÁRIO FRENTE,16/11/2025,25.85792141951838,30.5,22.7,2.0499723300639547,7.800000000000001,23,TESTEMUNHA
1282-20,TEMPERATURA,AVIÁRIO FRENTE,17/11/2025,22.901787994891443,26.6,20.4,1.656735737440621,6.200000000000003,24,TESTEMUNHA
1282-20,TEMPERATURA,AVIÁRIO FRENTE,18/11/2025,23.519358974358973,28.5,18.8,2.477467089353525,9.7,25,TESTEMUNHA
1282-20,TEMPERATURA,AVIÁRIO FRENTE,19/11/2025,23.5997425997426,30.5,15.4,4.055306190567298,15.1,26,TESTEMUNHA
1282-20,TEMPERATURA,AVIÁRIO FRENTE,20/11/2025,25.235887611749682,30.8,19.0,3.0221704324451175,11.8,27,TESTEMUNHA
1282-20,TEMPERATURA,AVIÁRIO FRENTE,21/11/2025,25.31058064516129,31.3,19.0,3.2058400818807335,12.3,28,TESTEMUNHA
1282-20,TEMPERATURA,AVIÁRIO FRENTE,22/11/2025,26.409208819714657,30.9,21.9,2.378318793169974,9.0,29,TESTEMUNHA
1282-20,TEMPERATURA,AVIÁRIO FRENTE,23/11/2025,25.252471482889735,30.9,20.8,2.5086182707114557,10.099999999999998,30,TESTEMUNHA
1282-20,TEMPERATURA,AVIÁRIO FRENTE,24/10/2025,31.91111111111111,34.8,28.5,1.580609425384038,6.299999999999997,0,TESTEMUNHA
1282-20,TEMPERATURA,AVIÁRIO FRENTE,24/11/2025,24.318560606060604,29.1,20.9,2.1485422469039497,8.200000000000003,31,TESTEMUNHA
1282-20,TEMPERATURA,AVIÁRIO FRENTE,25/10/2025,30.57010582010582,35.1,27.9,1.9474662658251396,7.200000000000003,1,TESTEMUNHA
1282-20,TEMPERATURA,AVIÁRIO FRENTE,25/11/2025,24.46188679245283,29.0,19.4,2.6506899943794826,9.600000000000001,32,TESTEMUNHA
1282-20,TEMPERATURA,AVIÁRIO FRENTE,26/10/2025,28.676377952755907,29.9,23.0,0.6170954774427069,6.899999999999999,2,TESTEMUNHA
1282-20,TEMPERATURA,AVIÁRIO FRENTE,26/11/2025,24.904214559386972,28.8,19.7,2.292682593887388,9.100000000000001,33,TESTEMUNHA
1282-20,TEMPERATURA,AVIÁRIO FRENTE,27/10/2025,29.4738379814077,31.8,27.8,0.9633900194935027,4.0,3,TESTEMUNHA
1282-20,TEMPERATURA,AVIÁRIO FRENTE,27/11/2025,24.310353535353535,27.9,19.4,2.2197503900674556,8.5,34,TESTEMUNHA
1282-20,TEMPERATURA,AVIÁRIO FRENTE,28/10/2025,28.513123359580053,30.6,27.0,0.6535475234133776,3.6000000000000014,4,TESTEMUNHA
1282-20,TEMPERATURA,AVIÁRIO FRENTE,28/11/2025,24.704562737642586,27.9,20.1,2.0257479409052226,7.799999999999997,35,TESTEMUNHA
1282-20,TEMPERATURA,AVIÁRIO FRENTE,29/10/2025,27.388113695090443,28.5,26.3,0.4082967805101256,2.1999999999999993,5,TESTEMUNHA
1282-20,TEMPERATURA,AVIÁRIO FRENTE,29/11/2025,25.52781954887218,28.1,22.1,1.3786514087273145,6.0,36,TESTEMUNHA
1282-20,TEMPERATURA,AVIÁRIO FRENTE,30/10/2025,27.392464878671774,30.1,25.7,1.0319825201130024,4.400000000000002,6,TESTEMUNHA
1282-20,TEMPERATURA,AVIÁRIO FRENTE,30/11/2025,25.713233458177278,28.6,21.6,1.6079234696725695,7.0,37,TESTEMUNHA
1282-20,TEMPERATURA,AVIÁRIO FRENTE,31/10/2025,27.701908396946564,31.8,25.4,1.5738266106087775,6.400000000000002,7,TESTEMUNHA
1282-20,TEMPERATURA,AVIÁRIO FUNDO,01/11/2025,27.50901960784314,32.0,25.3,1.9144233298541615,6.699999999999999,8,TESTEMUNHA
1282-20,TEMPERATURA,AVIÁRIO FUNDO,01/12/2025,26.03243243243243,29.4,23.8,1.5996953951936637,5.599999999999998,38,TESTEMUNHA
1282-20,TEMPERATURA,AVIÁRIO FUNDO,02/11/2025,27.424683544303797,30.6,25.4,1.5878502321602976,5.200000000000003,9,TESTEMUNHA
1282-20,TEMPERATURA,AVIÁRIO FUNDO,02/12/2025,26.467992424242425,29.7,23.8,1.5346065234322028,5.899999999999999,39,TESTEMUNHA
1282-20,TEMPERATURA,AVIÁRIO FUNDO,03/11/2025,27.972433460076047,31.2,25.7,1.675800861361884,5.5,10,TESTEMUNHA
1282-20,TEMPERATURA,AVIÁRIO FUNDO,03/12/2025,26.575576923076923,29.3,23.7,1.2958067185252475,5.600000000000001,40,TESTEMUNHA
1282-20,TEMPERATURA,AVIÁRIO FUNDO,04/11/2025,28.689525691699604,32.8,24.7,2.3516937324820417,8.099999999999998,11,TESTEMUNHA
1282-20,TEMPERATURA,AVIÁRIO FUNDO,04/12/2025,26.301532567049808,29.4,23.2,1.6383214788607514,6.199999999999999,41,TESTEMUNHA
1282-20,TEMPERATURA,AVIÁRIO FUNDO,05/11/2025,27.148076923076925,29.6,24.8,1.212132638181246,4.800000000000001,12,TESTEMUNHA
1282-20,TEMPERATURA,AVIÁRIO FUNDO,05/12/2025,26.01494252873563,31.6,18.8,3.5043004363811647,12.8,42,TESTEMUNHA
1282-20,TEMPERATURA,AVIÁRIO FUNDO,06/11/2025,27.513498098859316,30.6,22.8,2.4512176548485436,7.800000000000001,13,TESTEMUNHA
1282-20,TEMPERATURA,AVIÁRIO FUNDO,07/11/2025,27.752529182879375,31.2,23.9,2.1596952300041443,7.300000000000001,14,TESTEMUNHA
1282-20,TEMPERATURA,AVIÁRIO FUNDO,08/11/2025,23.26168582375479,27.3,20.2,2.0719869027211684,7.100000000000001,15,TESTEMUNHA
1282-20,TEMPERATURA,AVIÁRIO FUNDO,09/11/2025,24.839411764705883,30.4,19.1,3.6730064149913364,11.299999999999997,16,TESTEMUNHA
1282-20,TEMPERATURA,AVIÁRIO FUNDO,10/11/2025,25.63987854251012,30.9,19.9,3.3026992986514454,11.0,17,TESTEMUNHA
1282-20,TEMPERATURA,AVIÁRIO FUNDO,11/11/2025,25.653149606299213,31.0,20.0,3.6073374919416037,11.0,18,TESTEMUNHA
1282-20,TEMPERATURA,AVIÁRIO FUNDO,12/11/2025,25.612162162162164,32.4,22.1,3.0428894830630626,10.299999999999997,19,TESTEMUNHA
1282-20,TEMPERATURA,AVIÁRIO FUNDO,13/11/2025,25.316221374045803,28.3,22.8,1.609283728536533,5.5,20,TESTEMUNHA
1282-20,TEMPERATURA,AVIÁRIO FUNDO,14/11/2025,26.312548262548262,28.8,24.3,1.3833737202894163,4.5,21,TESTEMUNHA
1282-20,TEMPERATURA,AVIÁRIO FUNDO,15/11/2025,26.27169811320755,28.8,23.7,1.4905966082367355,5.100000000000001,22,TESTEMUNHA
1282-20,TEMPERATURA,AVIÁRIO FUNDO,16/11/2025,26.44486692015209,30.0,23.2,2.294613108323602,6.800000000000001,23,TESTEMUNHA
1282-20,TEMPERATURA,AVIÁRIO FUNDO,17/11/2025,23.397892720306515,26.8,21.1,1.5636359055725977,5.699999999999999,24,TESTEMUNHA
1282-20,TEMPERATURA,AVIÁRIO FUNDO,18/11/2025,24.13673076923077,28.1,19.6,2.5601338765729125,8.5,25,TESTEMUNHA
1282-20,TEMPERATURA,AVIÁRIO FUNDO,19/11/2025,24.41833976833977,30.5,16.4,4.302853451232253,14.100000000000001,26,TESTEMUNHA
1282-20,TEMPERATURA,AVIÁRIO FUNDO,20/11/2025,26.29712643678161,31.2,19.6,3.4479894996037506,11.599999999999998,27,TESTEMUNHA
1282-20,TEMPERATURA,AVIÁRIO FUNDO,21/11/2025,26.460658914728683,31.4,19.8,3.461048866420963,11.599999999999998,28,TESTEMUNHA
1282-20,TEMPERATURA,AVIÁRIO FUNDO,22/11/2025,28.012451361867704,31.2,24.5,1.908429137517592,6.699999999999999,29,TESTEMUNHA
1282-20,TEMPERATURA,AVIÁRIO FUNDO,23/11/2025,27.094676806083648,30.7,23.0,1.884035943253148,7.699999999999999,30,TESTEMUNHA
1282-20,TEMPERATURA,AVIÁRIO FUNDO,24/10/2025,29.822480620155037,33.7,26.6,1.975793052829395,7.100000000000001,0,TESTEMUNHA
1282-20,TEMPERATURA,AVIÁRIO FUNDO,24/11/2025,25.86193181818182,30.1,22.4,2.1596089141364856,7.700000000000003,31,TESTEMUNHA
1282-20,TEMPERATURA,AVIÁRIO FUNDO,25/10/2025,30.538888888888888,34.6,27.2,2.2870571727580216,7.400000000000002,1,TESTEMUNHA
1282-20,TEMPERATURA,AVIÁRIO FUNDO,25/11/2025,25.928490566037738,29.7,21.0,2.5985481405181314,8.7,32,TESTEMUNHA
1282-20,TEMPERATURA,AVIÁRIO FUNDO,26/10/2025,28.665748031496065,29.8,24.4,0.7541016657842393,5.400000000000002,2,TESTEMUNHA
1282-20,TEMPERATURA,AVIÁRIO FUNDO,26/11/2025,26.666666666666668,29.6,21.4,2.1155871081712636,8.200000000000003,33,TESTEMUNHA
1282-20,TEMPERATURA,AVIÁRIO FUNDO,27/10/2025,29.555577689243027,31.5,27.5,1.0790834446964233,4.0,3,TESTEMUNHA
1282-20,TEMPERATURA,AVIÁRIO FUNDO,27/11/2025,26.41969696969697,29.1,22.7,1.802689043335097,6.400000000000002,34,TESTEMUNHA
1282-20,TEMPERATURA,AVIÁRIO FUNDO,28/10/2025,28.725590551181103,30.3,27.7,0.5884841778902663,2.6000000000000014,4,TESTEMUNHA
1282-20,TEMPERATURA,AVIÁRIO FUNDO,28/11/2025,26.656653992395437,29.4,23.4,1.6248028315753966,6.0,35,TESTEMUNHA
1282-20,TEMPERATURA,AVIÁRIO FUNDO,29/10/2025,27.000581395348835,28.1,25.8,0.5459325028228338,2.3000000000000007,5,TESTEMUNHA
1282-20,TEMPERATURA,AVIÁRIO FUNDO,29/11/2025,27.138157894736842,29.3,24.3,1.1869397330768283,5.0,36,TESTEMUNHA
1282-20,TEMPERATURA,AVIÁRIO FUNDO,30/10/2025,26.932567049808426,29.4,25.6,0.9916184767131412,3.799999999999997,6,TESTEMUNHA
1282-20,TEMPERATURA,AVIÁRIO FUNDO,30/11/2025,27.278464419475657,29.9,23.8,1.4656761684479838,6.099999999999998,37,TESTEMUNHA
1282-20,TEMPERATURA,AVIÁRIO FUNDO,31/10/2025,27.367938931297708,31.1,25.0,1.8311351827048359,6.100000000000001,7,TESTEMUNHA
1282-20,TEMPERATURA,AVIÁRIO MEIO,01/11/2025,27.465686274509803,31.8,24.5,1.9679637679013469,7.300000000000001,8,TESTEMUNHA
1282-20,TEMPERATURA,AVIÁRIO MEIO,01/12/2025,24.97104247104247,28.6,22.6,1.6472895938232388,6.0,38,TESTEMUNHA
1282-20,TEMPERATURA,AVIÁRIO MEIO,02/11/2025,27.446202531645568,30.5,25.6,1.5325154885657977,4.899999999999999,9,TESTEMUNHA
1282-20,TEMPERATURA,AVIÁRIO MEIO,02/12/2025,25.546022727272724,28.9,22.7,1.540889432083891,6.199999999999999,39,TESTEMUNHA
1282-20,TEMPERATURA,AVIÁRIO MEIO,03/11/2025,27.91577946768061,31.2,25.6,1.6706018987828986,5.599999999999998,10,TESTEMUNHA
1282-20,TEMPERATURA,AVIÁRIO MEIO,03/12/2025,25.694423076923076,28.8,23.1,1.2895689701207596,5.699999999999999,40,TESTEMUNHA
1282-20,TEMPERATURA,AVIÁRIO MEIO,04/11/2025,28.539723320158103,32.9,24.9,2.2757232100986893,8.0,11,TESTEMUNHA
1282-20,TEMPERATURA,AVIÁRIO MEIO,04/12/2025,25.46015325670498,28.8,22.4,1.6679944066144399,6.400000000000002,41,TESTEMUNHA
1282-20,TEMPERATURA,AVIÁRIO MEIO,05/11/2025,27.01269230769231,29.5,24.4,1.252502288320654,5.100000000000001,12,TESTEMUNHA
1282-20,TEMPERATURA,AVIÁRIO MEIO,05/12/2025,25.551532567049808,30.9,18.4,3.4579033173857945,12.5,42,TESTEMUNHA
1282-20,TEMPERATURA,AVIÁRIO MEIO,06/11/2025,27.29277566539924,30.7,22.2,2.4675970622167904,8.5,13,TESTEMUNHA
1282-20,TEMPERATURA,AVIÁRIO MEIO,07/11/2025,27.632101167315174,31.3,23.4,2.1233372211558397,7.900000000000002,14,TESTEMUNHA
1282-20,TEMPERATURA,AVIÁRIO MEIO,08/11/2025,23.18295019157088,27.3,19.7,2.214294494558065,7.600000000000001,15,TESTEMUNHA
1282-20,TEMPERATURA,AVIÁRIO MEIO,09/11/2025,24.577843137254902,29.8,18.4,3.7097644414016746,11.400000000000002,16,TESTEMUNHA
1282-20,TEMPERATURA,AVIÁRIO MEIO,10/11/2025,25.401417004048582,30.5,19.3,3.2886841344569904,11.2,17,TESTEMUNHA
1282-20,TEMPERATURA,AVIÁRIO MEIO,11/11/2025,25.480314960629922,30.8,19.6,3.5876875927266103,11.2,18,TESTEMUNHA
1282-20,TEMPERATURA,AVIÁRIO MEIO,12/11/2025,25.343822393822393,32.2,21.6,2.9927954777339725,10.600000000000001,19,TESTEMUNHA
1282-20,TEMPERATURA,AVIÁRIO MEIO,13/11/2025,25.1043893129771,27.6,22.4,1.5526140875709753,5.200000000000003,20,TESTEMUNHA
1282-20,TEMPERATURA,AVIÁRIO MEIO,14/11/2025,26.04131274131274,28.6,23.9,1.3257298618767257,4.700000000000003,21,TESTEMUNHA
1282-20,TEMPERATURA,AVIÁRIO MEIO,15/11/2025,26.04566037735849,28.6,23.4,1.4096132340333833,5.200000000000003,22,TESTEMUNHA
1282-20,TEMPERATURA,AVIÁRIO MEIO,16/11/2025,26.24277566539924,29.6,22.8,2.1455886070229004,6.800000000000001,23,TESTEMUNHA
1282-20,TEMPERATURA,AVIÁRIO MEIO,17/11/2025,23.304789272030654,26.7,20.7,1.6175154939653846,6.0,24,TESTEMUNHA
1282-20,TEMPERATURA,AVIÁRIO MEIO,18/11/2025,23.998269230769232,27.9,19.1,2.526135861162885,8.799999999999997,25,TESTEMUNHA
1282-20,TEMPERATURA,AVIÁRIO MEIO,19/11/2025,24.021428571428572,30.1,15.9,4.187915171110691,14.200000000000001,26,TESTEMUNHA
1282-20,TEMPERATURA,AVIÁRIO MEIO,20/11/2025,25.853448275862068,30.8,19.3,3.3034751216724154,11.5,27,TESTEMUNHA
1282-20,TEMPERATURA,AVIÁRIO MEIO,21/11/2025,26.0183752417795,31.0,19.4,3.3702003439300965,11.600000000000001,28,TESTEMUNHA
1282-20,TEMPERATURA,AVIÁRIO MEIO,22/11/2025,27.297665369649806,30.8,23.6,1.9976723801980423,7.199999999999999,29,TESTEMUNHA
1282-20,TEMPERATURA,AVIÁRIO MEIO,23/11/2025,26.25361216730038,30.4,22.4,2.001144224437668,8.0,30,TESTEMUNHA
1282-20,TEMPERATURA,AVIÁRIO MEIO,24/10/2025,30.395542635658916,33.9,28.2,1.595572694967643,5.699999999999999,0,TESTEMUNHA
1282-20,TEMPERATURA,AVIÁRIO MEIO,24/11/2025,25.17215909090909,29.5,21.9,2.052031854593364,7.600000000000001,31,TESTEMUNHA
1282-20,TEMPERATURA,AVIÁRIO MEIO,25/10/2025,30.670436507936508,34.8,27.9,2.13701760729882,6.899999999999999,1,TESTEMUNHA
1282-20,TEMPERATURA,AVIÁRIO MEIO,25/11/2025,25.211320754716983,29.2,20.4,2.5111495058065785,8.8,32,TESTEMUNHA
1282-20,TEMPERATURA,AVIÁRIO MEIO,26/10/2025,28.684055118110237,29.7,23.3,0.6154200384562959,6.399999999999999,2,TESTEMUNHA
1282-20,TEMPERATURA,AVIÁRIO MEIO,26/11/2025,25.91015325670498,29.0,21.0,2.0584170664431354,8.0,33,TESTEMUNHA
1282-20,TEMPERATURA,AVIÁRIO MEIO,27/10/2025,29.45159362549801,31.4,27.9,0.8343637090640417,3.5,3,TESTEMUNHA
1282-20,TEMPERATURA,AVIÁRIO MEIO,27/11/2025,25.5219696969697,28.4,21.5,1.8443942256707597,6.899999999999999,34,TESTEMUNHA
1282-20,TEMPERATURA,AVIÁRIO MEIO,28/10/2025,28.616338582677166,30.5,27.6,0.5742410084237327,2.8999999999999986,4,TESTEMUNHA
1282-20,TEMPERATURA,AVIÁRIO MEIO,28/11/2025,25.706273764258555,28.7,22.2,1.672245647864636,6.5,35,TESTEMUNHA
1282-20,TEMPERATURA,AVIÁRIO MEIO,29/10/2025,27.46046511627907,28.2,26.6,0.3230591672235886,1.5999999999999979,5,TESTEMUNHA
1282-20,TEMPERATURA,AVIÁRIO MEIO,29/11/2025,26.151127819548872,28.2,23.4,1.1538667611380553,4.800000000000001,36,TESTEMUNHA
1282-20,TEMPERATURA,AVIÁRIO MEIO,30/10/2025,27.260153256704978,29.4,25.7,0.8127706595928079,3.6999999999999993,6,TESTEMUNHA
1282-20,TEMPERATURA,AVIÁRIO MEIO,30/11/2025,26.29007490636704,28.9,22.7,1.4451892279219278,6.199999999999999,37,TESTEMUNHA
1282-20,TEMPERATURA,AVIÁRIO MEIO,31/10/2025,27.512786259541986,31.1,25.0,1.5622113975061476,6.100000000000001,7,TESTEMUNHA
1282-20,TEMPERATURA,EXTERNO,01/11/2025,23.12627450980392,31.9,17.8,4.257604021404037,14.099999999999998,8,TESTEMUNHA
1282-20,TEMPERATURA,EXTERNO,01/12/2025,25.740154440154438,38.2,21.2,4.382609716803031,17.000000000000004,38,TESTEMUNHA
1282-20,TEMPERATURA,EXTERNO,02/11/2025,23.615189873417723,30.5,18.4,3.817031185837056,12.100000000000001,9,TESTEMUNHA
1282-20,TEMPERATURA,EXTERNO,02/12/2025,27.386742424242424,36.8,20.7,5.362440788146937,16.099999999999998,39,TESTEMUNHA
1282-20,TEMPERATURA,EXTERNO,03/11/2025,27.39619771863118,37.3,21.9,4.986550808395483,15.399999999999999,10,TESTEMUNHA
1282-20,TEMPERATURA,EXTERNO,03/12/2025,29.640769230769234,41.1,22.0,6.215726904131604,19.1,40,TESTEMUNHA
1282-20,TEMPERATURA,EXTERNO,04/11/2025,29.021343873517786,38.2,20.5,5.912800057342937,17.700000000000003,11,TESTEMUNHA
1282-20,TEMPERATURA,EXTERNO,04/12/2025,27.872030651340996,37.6,19.2,4.8581116050247815,18.400000000000002,41,TESTEMUNHA
1282-20,TEMPERATURA,EXTERNO,05/11/2025,24.358846153846155,29.2,21.0,2.7047036335913126,8.2,12,TESTEMUNHA
1282-20,TEMPERATURA,EXTERNO,05/12/2025,26.67624521072797,34.8,18.8,4.972295938268961,15.999999999999996,42,TESTEMUNHA
1282-20,TEMPERATURA,EXTERNO,06/11/2025,26.352851711026616,32.5,18.8,4.464560645088809,13.7,13,TESTEMUNHA
1282-20,TEMPERATURA,EXTERNO,07/11/2025,25.970817120622566,33.8,20.1,4.283863091871805,13.699999999999996,14,TESTEMUNHA
1282-20,TEMPERATURA,EXTERNO,08/11/2025,21.396168582375477,30.1,17.4,3.419179714191725,12.700000000000003,15,TESTEMUNHA
1282-20,TEMPERATURA,EXTERNO,09/11/2025,22.754509803921568,29.5,16.0,4.405714788649342,13.5,16,TESTEMUNHA
1282-20,TEMPERATURA,EXTERNO,10/11/2025,23.52753036437247,29.7,17.2,3.770304164923779,12.5,17,TESTEMUNHA
1282-20,TEMPERATURA,EXTERNO,11/11/2025,23.944488188976376,31.2,17.0,4.659317683253922,14.2,18,TESTEMUNHA
1282-20,TEMPERATURA,EXTERNO,12/11/2025,24.2027027027027,36.6,19.9,5.008598054491883,16.700000000000003,19,TESTEMUNHA
1282-20,TEMPERATURA,EXTERNO,13/11/2025,22.434351145038168,28.1,19.7,2.1235779612750663,8.400000000000002,20,TESTEMUNHA
1282-20,TEMPERATURA,EXTERNO,14/11/2025,23.569884169884173,28.2,21.0,1.986659267337581,7.199999999999999,21,TESTEMUNHA
1282-20,TEMPERATURA,EXTERNO,15/11/2025,23.563018867924526,28.2,20.7,2.0693610215184433,7.5,22,TESTEMUNHA
1282-20,TEMPERATURA,EXTERNO,16/11/2025,24.306463878326998,30.5,19.6,3.524201504041806,10.899999999999999,23,TESTEMUNHA
1282-20,TEMPERATURA,EXTERNO,17/11/2025,20.381226053639846,26.9,17.6,2.567985933274852,9.299999999999997,24,TESTEMUNHA
1282-20,TEMPERATURA,EXTERNO,18/11/2025,22.823076923076922,31.9,16.4,5.313336463908374,15.5,25,TESTEMUNHA
1282-20,TEMPERATURA,EXTERNO,19/11/2025,23.603861003861002,35.7,12.6,7.008691829038096,23.1,26,TESTEMUNHA
1282-20,TEMPERATURA,EXTERNO,20/11/2025,24.603065134099616,32.4,15.9,5.128374059096165,16.5,27,TESTEMUNHA
1282-20,TEMPERATURA,EXTERNO,21/11/2025,25.979457364341084,37.8,16.4,6.37445274259384,21.4,28,TESTEMUNHA
1282-20,TEMPERATURA,EXTERNO,22/11/2025,29.6147859922179,39.5,21.3,6.021015017533182,18.2,29,TESTEMUNHA
1282-20,TEMPERATURA,EXTERNO,23/11/2025,27.07148288973384,38.0,19.9,5.5513969473635765,18.1,30,TESTEMUNHA
1282-20,TEMPERATURA,EXTERNO,24/10/2025,25.434362934362934,33.8,17.0,5.445803233380338,16.799999999999997,0,TESTEMUNHA
1282-20,TEMPERATURA,EXTERNO,24/11/2025,24.320454545454545,31.0,19.3,3.8900852728124247,11.7,31,TESTEMUNHA
1282-20,TEMPERATURA,EXTERNO,25/10/2025,27.68968253968254,37.0,19.5,6.0831517176422505,17.5,1,TESTEMUNHA
1282-20,TEMPERATURA,EXTERNO,25/11/2025,24.75433962264151,32.2,17.3,4.814427025386268,14.900000000000002,32,TESTEMUNHA
1282-20,TEMPERATURA,EXTERNO,26/10/2025,21.87992125984252,24.9,19.8,1.6230956114409143,5.099999999999998,2,TESTEMUNHA
1282-20,TEMPERATURA,EXTERNO,26/11/2025,26.734099616858238,34.9,17.8,5.106470432819936,17.099999999999998,33,TESTEMUNHA
1282-20,TEMPERATURA,EXTERNO,27/10/2025,24.623107569721114,30.2,19.1,3.504945837397522,11.099999999999998,3,TESTEMUNHA
1282-20,TEMPERATURA,EXTERNO,27/11/2025,26.545833333333334,34.8,18.4,5.012747166378957,16.4,34,TESTEMUNHA
1282-20,TEMPERATURA,EXTERNO,28/10/2025,23.21456692913386,29.4,20.9,1.8815056192121,8.5,4,TESTEMUNHA
1282-20,TEMPERATURA,EXTERNO,28/11/2025,28.145247148288973,38.7,19.0,5.840924050200489,19.700000000000003,35,TESTEMUNHA
1282-20,TEMPERATURA,EXTERNO,29/10/2025,20.26937984496124,27.1,16.6,2.798330136597945,10.5,5,TESTEMUNHA
1282-20,TEMPERATURA,EXTERNO,29/11/2025,30.087593984962407,40.0,22.1,5.299563416601448,17.9,36,TESTEMUNHA
1282-20,TEMPERATURA,EXTERNO,30/10/2025,23.252107279693487,32.5,16.1,5.579756562685856,16.4,6,TESTEMUNHA
1282-20,TEMPERATURA,EXTERNO,30/11/2025,30.760299625468164,40.4,21.7,5.458127697540531,18.7,37,TESTEMUNHA
1282-20,TEMPERATURA,EXTERNO,31/10/2025,24.268702290076334,34.2,17.9,4.9637861683506594,16.300000000000004,7,TESTEMUNHA
1282-20,UMIDADE,AVIÁRIO MEIO,01/11/2025,7.035294117647059,8.0,6.0,0.23995385946320355,2.0,8,TESTEMUNHA
1282-20,UMIDADE,AVIÁRIO MEIO,01/12/2025,8.486486486486486,9.0,8.0,0.4998173515920949,1.0,38,TESTEMUNHA
1282-20,UMIDADE,AVIÁRIO MEIO,02/11/2025,7.274261603375527,8.0,7.0,0.44614143081472507,1.0,9,TESTEMUNHA
1282-20,UMIDADE,AVIÁRIO MEIO,02/12/2025,8.329545454545455,9.0,8.0,0.47004813363514547,1.0,39,TESTEMUNHA
1282-20,UMIDADE,AVIÁRIO MEIO,03/11/2025,7.418250950570342,8.0,6.0,0.5009208077680459,2.0,10,TESTEMUNHA
1282-20,UMIDADE,AVIÁRIO MEIO,03/12/2025,7.980769230769231,9.0,6.0,0.751674658944554,3.0,40,TESTEMUNHA
1282-20,UMIDADE,AVIÁRIO MEIO,04/11/2025,7.0355731225296445,8.0,6.0,0.2054575718318899,2.0,11,TESTEMUNHA
1282-20,UMIDADE,AVIÁRIO MEIO,04/12/2025,7.0344827586206895,8.0,6.0,0.4741988814881883,2.0,41,TESTEMUNHA
1282-20,UMIDADE,AVIÁRIO MEIO,05/11/2025,7.25,8.0,7.0,0.4330127018922193,1.0,12,TESTEMUNHA
1282-20,UMIDADE,AVIÁRIO MEIO,05/12/2025,7.486590038314176,8.0,7.0,0.49982014057817326,1.0,42,TESTEMUNHA
1282-20,UMIDADE,AVIÁRIO MEIO,06/11/2025,7.326996197718631,8.0,7.0,0.4691158539169121,1.0,13,TESTEMUNHA
1282-20,UMIDADE,AVIÁRIO MEIO,07/11/2025,7.287937743190661,8.0,6.0,0.4696741440313276,2.0,14,TESTEMUNHA
1282-20,UMIDADE,AVIÁRIO MEIO,08/11/2025,6.708812260536399,8.0,6.0,0.5173974505561577,2.0,15,TESTEMUNHA
1282-20,UMIDADE,AVIÁRIO MEIO,09/11/2025,6.6,7.0,6.0,0.48989794855663765,1.0,16,TESTEMUNHA
1282-20,UMIDADE,AVIÁRIO MEIO,10/11/2025,6.668016194331984,7.0,6.0,0.4709252153391183,1.0,17,TESTEMUNHA
1282-20,UMIDADE,AVIÁRIO MEIO,11/11/2025,6.456692913385827,7.0,5.0,0.6551540723018646,2.0,18,TESTEMUNHA
1282-20,UMIDADE,AVIÁRIO MEIO,12/11/2025,7.332046332046332,8.0,6.0,0.5325106827069042,2.0,19,TESTEMUNHA
1282-20,UMIDADE,AVIÁRIO MEIO,13/11/2025,8.0,8.0,8.0,0.0,0.0,20,TESTEMUNHA
1282-20,UMIDADE,AVIÁRIO MEIO,14/11/2025,7.918918918918919,8.0,7.0,0.2729595929286862,1.0,21,TESTEMUNHA
1282-20,UMIDADE,AVIÁRIO MEIO,15/11/2025,8.0,8.0,8.0,0.0,0.0,22,TESTEMUNHA
1282-20,UMIDADE,AVIÁRIO MEIO,16/11/2025,7.730038022813688,8.0,7.0,0.44393975724187057,1.0,23,TESTEMUNHA
1282-20,UMIDADE,AVIÁRIO MEIO,17/11/2025,7.559386973180077,8.0,7.0,0.496460660492355,1.0,24,TESTEMUNHA
1282-20,UMIDADE,AVIÁRIO MEIO,18/11/2025,6.819230769230769,8.0,5.0,0.8868783763503746,3.0,25,TESTEMUNHA
1282-20,UMIDADE,AVIÁRIO MEIO,19/11/2025,6.424710424710424,8.0,5.0,0.8273366424903241,3.0,26,TESTEMUNHA
1282-20,UMIDADE,AVIÁRIO MEIO,20/11/2025,6.7203065134099615,8.0,6.0,0.5126087417723998,2.0,27,TESTEMUNHA
1282-20,UMIDADE,AVIÁRIO MEIO,21/11/2025,6.523255813953488,7.0,5.0,0.5222211993694322,2.0,28,TESTEMUNHA
1282-20,UMIDADE,AVIÁRIO MEIO,22/11/2025,6.856031128404669,7.0,6.0,0.3510581655607867,1.0,29,TESTEMUNHA
1282-20,UMIDADE,AVIÁRIO MEIO,23/11/2025,7.3726235741444865,8.0,6.0,0.5427814919812746,2.0,30,TESTEMUNHA
1282-20,UMIDADE,AVIÁRIO MEIO,24/10/2025,5.0271317829457365,6.0,4.0,0.7281975132422306,2.0,0,TESTEMUNHA
1282-20,UMIDADE,AVIÁRIO MEIO,24/11/2025,7.356060606060606,8.0,6.0,0.4866797801923914,2.0,31,TESTEMUNHA
1282-20,UMIDADE,AVIÁRIO MEIO,25/10/2025,5.2103174603174605,7.0,4.0,0.6896432670061264,3.0,1,TESTEMUNHA
1282-20,UMIDADE,AVIÁRIO MEIO,25/11/2025,7.166037735849057,8.0,6.0,0.6578820781604345,2.0,32,TESTEMUNHA
1282-20,UMIDADE,AVIÁRIO MEIO,26/10/2025,7.0,7.0,7.0,0.0,0.0,2,TESTEMUNHA
1282-20,UMIDADE,AVIÁRIO MEIO,26/11/2025,6.89272030651341,8.0,6.0,0.5360425748744857,2.0,33,TESTEMUNHA
1282-20,UMIDADE,AVIÁRIO MEIO,27/10/2025,6.7848605577689245,7.0,6.0,0.41091904631883214,1.0,3,TESTEMUNHA
1282-20,UMIDADE,AVIÁRIO MEIO,27/11/2025,7.0227272727272725,8.0,6.0,0.17258766287720473,2.0,34,TESTEMUNHA
1282-20,UMIDADE,AVIÁRIO MEIO,28/10/2025,7.18503937007874,8.0,7.0,0.38832950132537036,1.0,4,TESTEMUNHA
1282-20,UMIDADE,AVIÁRIO MEIO,28/11/2025,7.346007604562738,8.0,7.0,0.4756956402443573,1.0,35,TESTEMUNHA
1282-20,UMIDADE,AVIÁRIO MEIO,29/10/2025,6.182170542635659,7.0,6.0,0.38598502047551453,1.0,5,TESTEMUNHA
1282-20,UMIDADE,AVIÁRIO MEIO,29/11/2025,7.68796992481203,8.0,7.0,0.46332203419021206,1.0,36,TESTEMUNHA
1282-20,UMIDADE,AVIÁRIO MEIO,30/10/2025,6.222222222222222,7.0,5.0,0.4337801017461741,2.0,6,TESTEMUNHA
1282-20,UMIDADE,AVIÁRIO MEIO,30/11/2025,7.719101123595506,8.0,7.0,0.4494382022471904,1.0,37,TESTEMUNHA
1282-20,UMIDADE,AVIÁRIO MEIO,31/10/2025,6.477099236641221,7.0,5.0,0.6519571106457506,2.0,7,TESTEMUNHA
1282-20,UNIFORMIDADE DO LOTE,AVIÁRIO FRENTE,01/11/2025,47.72720733427362,49.2,46.56,0.8576313614935342,2.6400000000000006,8,TESTEMUNHA
1282-20,UNIFORMIDADE DO LOTE,AVIÁRIO FRENTE,01/12/2025,38.817545582047686,40.98,35.94,1.3703093930842618,5.039999999999999,38,TESTEMUNHA
1282-20,UNIFORMIDADE DO LOTE,AVIÁRIO FRENTE,02/11/2025,45.811211267605636,47.48,44.35,1.1089985066536874,3.1299999999999955,9,TESTEMUNHA
1282-20,UNIFORMIDADE DO LOTE,AVIÁRIO FRENTE,02/12/2025,37.05866760168303,40.43,33.47,1.6884142099883128,6.960000000000001,39,TESTEMUNHA
1282-20,UNIFORMIDADE DO LOTE,AVIÁRIO FRENTE,03/11/2025,45.231014084507045,46.18,44.56,0.39451105387868435,1.6199999999999974,10,TESTEMUNHA
1282-20,UNIFORMIDADE DO LOTE,AVIÁRIO FRENTE,03/12/2025,34.822678821879386,37.39,32.7,1.2038974712360424,4.689999999999998,40,TESTEMUNHA
1282-20,UNIFORMIDADE DO LOTE,AVIÁRIO FRENTE,04/11/2025,45.04425685425686,45.91,43.69,0.723049241276123,2.219999999999999,11,TESTEMUNHA
1282-20,UNIFORMIDADE DO LOTE,AVIÁRIO FRENTE,04/12/2025,37.25093846153846,42.86,34.55,1.8204381245853225,8.310000000000002,41,TESTEMUNHA
1282-20,UNIFORMIDADE DO LOTE,AVIÁRIO FRENTE,05/11/2025,44.033291139240504,45.23,43.16,0.4513590958222601,2.0700000000000003,12,TESTEMUNHA
1282-20,UNIFORMIDADE DO LOTE,AVIÁRIO FRENTE,06/11/2025,45.72657746478873,47.98,43.33,1.7238859571603196,4.649999999999999,13,TESTEMUNHA
1282-20,UNIFORMIDADE DO LOTE,AVIÁRIO FRENTE,07/11/2025,51.015,54.05,43.93,2.8173756301991832,10.119999999999997,14,TESTEMUNHA
1282-20,UNIFORMIDADE DO LOTE,AVIÁRIO FRENTE,08/11/2025,52.20458544839256,53.84,37.99,2.0405900051856336,15.850000000000001,15,TESTEMUNHA
1282-20,UNIFORMIDADE DO LOTE,AVIÁRIO FRENTE,09/11/2025,46.31805507745267,49.14,36.73,3.7658552256351046,12.410000000000004,16,TESTEMUNHA
1282-20,UNIFORMIDADE DO LOTE,AVIÁRIO FRENTE,10/11/2025,47.30293785310735,48.59,45.31,0.7782047728286109,3.280000000000001,17,TESTEMUNHA
1282-20,UNIFORMIDADE DO LOTE,AVIÁRIO FRENTE,11/11/2025,43.79291139240506,45.78,40.91,1.4200299482876637,4.8700000000000045,18,TESTEMUNHA
1282-20,UNIFORMIDADE DO LOTE,AVIÁRIO FRENTE,12/11/2025,41.58374647887324,42.54,39.87,0.7525500632509379,2.6700000000000017,19,TESTEMUNHA
1282-20,UNIFORMIDADE DO LOTE,AVIÁRIO FRENTE,13/11/2025,40.22277464788732,41.17,39.1,0.5288004415308641,2.0700000000000003,20,TESTEMUNHA
1282-20,UNIFORMIDADE DO LOTE,AVIÁRIO FRENTE,14/11/2025,40.854306220095694,45.05,30.0,3.3848599897556326,15.049999999999997,21,TESTEMUNHA
1282-20,UNIFORMIDADE DO LOTE,AVIÁRIO FRENTE,15/11/2025,42.80169491525424,45.83,37.9,1.8121064178560953,7.93,22,TESTEMUNHA
1282-20,UNIFORMIDADE DO LOTE,AVIÁRIO FRENTE,16/11/2025,43.05380952380953,48.7,38.24,1.928033419959461,10.46,23,TESTEMUNHA
1282-20,UNIFORMIDADE DO LOTE,AVIÁRIO FRENTE,17/11/2025,42.16244019138756,47.22,36.67,3.100069342875006,10.549999999999997,24,TESTEMUNHA
1282-20,UNIFORMIDADE DO LOTE,AVIÁRIO FRENTE,18/11/2025,48.15951219512195,51.09,40.91,2.477722975669552,10.180000000000007,25,TESTEMUNHA
1282-20,UNIFORMIDADE DO LOTE,AVIÁRIO FRENTE,19/11/2025,48.19919943820225,51.38,45.23,1.8265047066378122,6.150000000000006,26,TESTEMUNHA
1282-20,UNIFORMIDADE DO LOTE,AVIÁRIO FRENTE,20/11/2025,43.1236095505618,45.5,41.13,1.4358182998714235,4.369999999999997,27,TESTEMUNHA
1282-20,UNIFORMIDADE DO LOTE,AVIÁRIO FRENTE,21/11/2025,40.02352528089887,41.64,37.18,1.3147867193345237,4.460000000000001,28,TESTEMUNHA
1282-20,UNIFORMIDADE DO LOTE,AVIÁRIO FRENTE,22/11/2025,40.8756338028169,43.4,37.39,1.6748281664177378,6.009999999999998,29,TESTEMUNHA
1282-20,UNIFORMIDADE DO LOTE,AVIÁRIO FRENTE,23/11/2025,35.63126404494382,38.3,33.0,1.522536812694714,5.299999999999997,30,TESTEMUNHA
1282-20,UNIFORMIDADE DO LOTE,AVIÁRIO FRENTE,24/11/2025,35.03287517531557,37.55,33.33,1.0872151371301184,4.219999999999999,31,TESTEMUNHA
1282-20,UNIFORMIDADE DO LOTE,AVIÁRIO FRENTE,25/10/2025,39.07347732181426,42.63,34.14,2.4382025659745996,8.490000000000002,1,TESTEMUNHA
1282-20,UNIFORMIDADE DO LOTE,AVIÁRIO FRENTE,25/11/2025,37.59741472172352,40.0,34.55,1.12650464087975,5.450000000000003,32,TESTEMUNHA
1282-20,UNIFORMIDADE DO LOTE,AVIÁRIO FRENTE,26/10/2025,45.82075443786982,48.06,42.29,1.6560221441955152,5.770000000000003,2,TESTEMUNHA
1282-20,UNIFORMIDADE DO LOTE,AVIÁRIO FRENTE,26/11/2025,37.653632538569425,38.79,36.63,0.46673959650646174,2.1599999999999966,33,TESTEMUNHA
1282-20,UNIFORMIDADE DO LOTE,AVIÁRIO FRENTE,27/10/2025,52.42804222648752,55.08,48.59,1.1302499197675795,6.489999999999995,3,TESTEMUNHA
1282-20,UNIFORMIDADE DO LOTE,AVIÁRIO FRENTE,27/11/2025,38.377848101265826,42.25,36.92,1.32444484965125,5.329999999999998,34,TESTEMUNHA
1282-20,UNIFORMIDADE DO LOTE,AVIÁRIO FRENTE,28/10/2025,54.82345505617978,56.73,52.79,1.1942336293466864,3.9399999999999977,4,TESTEMUNHA
1282-20,UNIFORMIDADE DO LOTE,AVIÁRIO FRENTE,28/11/2025,37.013955119214586,40.73,33.76,2.149737727100902,6.969999999999999,35,TESTEMUNHA
1282-20,UNIFORMIDADE DO LOTE,AVIÁRIO FRENTE,29/10/2025,53.76166153846154,56.16,47.01,2.030508767445853,9.149999999999999,5,TESTEMUNHA
1282-20,UNIFORMIDADE DO LOTE,AVIÁRIO FRENTE,29/11/2025,33.488921568627454,34.62,31.48,0.8958079069607188,3.139999999999997,36,TESTEMUNHA
1282-20,UNIFORMIDADE DO LOTE,AVIÁRIO FRENTE,30/10/2025,48.0762676056338,50.01,46.34,1.0319995695183068,3.6699999999999946,6,TESTEMUNHA
1282-20,UNIFORMIDADE DO LOTE,AVIÁRIO FRENTE,30/11/2025,36.777307152875174,40.94,34.19,2.3368578025905204,6.75,37,TESTEMUNHA
1282-20,UNIFORMIDADE DO LOTE,AVIÁRIO FRENTE,31/10/2025,49.51070323488045,52.02,46.48,1.7023504262681126,5.540000000000006,7,TESTEMUNHA
1282-20,UNIFORMIDADE DO LOTE,AVIÁRIO MEIO,01/11/2025,55.0173417721519,65.68,46.99,7.303567416857785,18.690000000000005,8,TESTEMUNHA
1282-20,UNIFORMIDADE DO LOTE,AVIÁRIO MEIO,01/12/2025,62.75200561009818,73.01,52.27,6.624910270315348,20.740000000000002,38,TESTEMUNHA
1282-20,UNIFORMIDADE DO LOTE,AVIÁRIO MEIO,02/11/2025,51.273024390243904,59.13,40.98,5.838614037376834,18.150000000000006,9,TESTEMUNHA
1282-20,UNIFORMIDADE DO LOTE,AVIÁRIO MEIO,02/12/2025,56.18287921348315,66.81,48.59,4.767468543878514,18.22,39,TESTEMUNHA
1282-20,UNIFORMIDADE DO LOTE,AVIÁRIO MEIO,03/11/2025,51.40650878533231,58.17,33.73,5.846014341937043,24.440000000000005,10,TESTEMUNHA
1282-20,UNIFORMIDADE DO LOTE,AVIÁRIO MEIO,03/12/2025,61.34176264044944,67.53,49.68,4.1773493588123864,17.85,40,TESTEMUNHA
1282-20,UNIFORMIDADE DO LOTE,AVIÁRIO MEIO,04/11/2025,54.148845598845604,60.51,47.37,4.444014551509044,13.14,11,TESTEMUNHA
1282-20,UNIFORMIDADE DO LOTE,AVIÁRIO MEIO,04/12/2025,48.36073782234957,61.8,22.41,12.249206580353205,39.39,41,TESTEMUNHA
1282-20,UNIFORMIDADE DO LOTE,AVIÁRIO MEIO,05/11/2025,55.46615655853314,60.47,48.66,4.102398860755174,11.810000000000002,12,TESTEMUNHA
1282-20,UNIFORMIDADE DO LOTE,AVIÁRIO MEIO,05/12/2025,59.03732323232323,64.06,56.94,2.5390564155566606,7.1200000000000045,42,TESTEMUNHA
1282-20,UNIFORMIDADE DO LOTE,AVIÁRIO MEIO,06/11/2025,55.04006329113924,63.19,48.37,5.787274565956,14.82,13,TESTEMUNHA
1282-20,UNIFORMIDADE DO LOTE,AVIÁRIO MEIO,07/11/2025,55.9825352112676,64.79,47.94,6.914339971007797,16.85000000000001,14,TESTEMUNHA
1282-20,UNIFORMIDADE DO LOTE,AVIÁRIO MEIO,08/11/2025,53.934070422535214,61.43,46.19,5.4675256185413765,15.240000000000002,15,TESTEMUNHA
1282-20,UNIFORMIDADE DO LOTE,AVIÁRIO MEIO,09/11/2025,53.09914788732394,60.02,46.14,5.049773225206979,13.880000000000003,16,TESTEMUNHA
1282-20,UNIFORMIDADE DO LOTE,AVIÁRIO MEIO,10/11/2025,55.659697183098594,61.78,49.52,4.684966710374351,12.259999999999998,17,TESTEMUNHA
1282-20,UNIFORMIDADE DO LOTE,AVIÁRIO MEIO,11/11/2025,54.440056258790435,61.55,46.65,4.958365148676368,14.899999999999999,18,TESTEMUNHA
1282-20,UNIFORMIDADE DO LOTE,AVIÁRIO MEIO,12/11/2025,53.600387323943664,62.75,46.86,4.548302460535684,15.89,19,TESTEMUNHA
1282-20,UNIFORMIDADE DO LOTE,AVIÁRIO MEIO,13/11/2025,60.13026335590669,65.66,52.03,3.5934417740050613,13.629999999999995,20,TESTEMUNHA
1282-20,UNIFORMIDADE DO LOTE,AVIÁRIO MEIO,14/11/2025,62.57323033707865,69.87,57.23,3.5673878591984676,12.640000000000008,21,TESTEMUNHA
1282-20,UNIFORMIDADE DO LOTE,AVIÁRIO MEIO,15/11/2025,59.17962676056339,63.53,54.39,2.6158636446057915,9.14,22,TESTEMUNHA
1282-20,UNIFORMIDADE DO LOTE,AVIÁRIO MEIO,16/11/2025,59.1434691011236,68.06,52.75,3.785954960075317,15.310000000000002,23,TESTEMUNHA
1282-20,UNIFORMIDADE DO LOTE,AVIÁRIO MEIO,17/11/2025,63.45049929676512,70.71,57.49,4.369049334287911,13.219999999999992,24,TESTEMUNHA
1282-20,UNIFORMIDADE DO LOTE,AVIÁRIO MEIO,18/11/2025,66.0292194092827,71.33,59.42,2.7268439784227043,11.909999999999997,25,TESTEMUNHA
1282-20,UNIFORMIDADE DO LOTE,AVIÁRIO MEIO,19/11/2025,62.932268258426966,70.3,55.74,4.856573673545661,14.559999999999995,26,TESTEMUNHA
1282-20,UNIFORMIDADE DO LOTE,AVIÁRIO MEIO,20/11/2025,62.376050354051934,71.43,55.27,4.300020856332093,16.160000000000004,27,TESTEMUNHA
1282-20,UNIFORMIDADE DO LOTE,AVIÁRIO MEIO,21/11/2025,63.15216596343179,65.97,58.54,2.0504929476327822,7.43,28,TESTEMUNHA
1282-20,UNIFORMIDADE DO LOTE,AVIÁRIO MEIO,22/11/2025,61.33611607142858,68.07,57.67,2.3517122570795888,10.399999999999991,29,TESTEMUNHA
1282-20,UNIFORMIDADE DO LOTE,AVIÁRIO MEIO,23/11/2025,58.069135977337105,60.95,55.08,1.7206090285428146,5.8700000000000045,30,TESTEMUNHA
1282-20,UNIFORMIDADE DO LOTE,AVIÁRIO MEIO,24/11/2025,54.22126582278481,56.1,51.6,1.1492287273364998,4.5,31,TESTEMUNHA
1282-20,UNIFORMIDADE DO LOTE,AVIÁRIO MEIO,25/11/2025,58.51436005625879,62.12,55.34,2.2695459758426386,6.779999999999994,32,TESTEMUNHA
1282-20,UNIFORMIDADE DO LOTE,AVIÁRIO MEIO,26/11/2025,65.12004192872116,82.09,56.1,6.903238446299028,25.990000000000002,33,TESTEMUNHA
1282-20,UNIFORMIDADE DO LOTE,AVIÁRIO MEIO,27/11/2025,63.415957746478874,74.16,47.3,9.655825935944401,26.86,34,TESTEMUNHA
1282-20,UNIFORMIDADE DO LOTE,AVIÁRIO MEIO,28/10/2025,48.99520697167756,55.14,43.39,3.7376740799551182,11.75,4,TESTEMUNHA
1282-20,UNIFORMIDADE DO LOTE,AVIÁRIO MEIO,28/11/2025,58.81714285714286,73.8,45.76,10.129175507344268,28.04,35,TESTEMUNHA
1282-20,UNIFORMIDADE DO LOTE,AVIÁRIO MEIO,29/10/2025,58.82116573033708,61.04,54.75,1.7050187535805228,6.289999999999999,5,TESTEMUNHA
1282-20,UNIFORMIDADE DO LOTE,AVIÁRIO MEIO,29/11/2025,53.20446002805049,65.92,41.16,8.078706971747312,24.760000000000005,36,TESTEMUNHA
1282-20,UNIFORMIDADE DO LOTE,AVIÁRIO MEIO,30/10/2025,59.61122860020141,65.15,46.25,6.339137842102511,18.900000000000006,6,TESTEMUNHA
1282-20,UNIFORMIDADE DO LOTE,AVIÁRIO MEIO,30/11/2025,58.67422535211267,74.09,46.1,7.927164948342564,27.990000000000002,37,TESTEMUNHA
1282-20,UNIFORMIDADE DO LOTE,AVIÁRIO MEIO,31/10/2025,58.15323239436619,67.84,48.09,7.51571190218847,19.75,7,TESTEMUNHA
1283-19,AMÔNIA,AVIÁRIO MEIO,01/09/2025,11.9140625,19.0,0.0,3.0453020779708786,19.0,12,CLIMA200
1283-19,AMÔNIA,AVIÁRIO MEIO,01/10/2025,4.897119341563786,13.0,2.0,1.6259571205213412,11.0,42,CLIMA200
1283-19,AMÔNIA,AVIÁRIO MEIO,02/09/2025,6.447368421052632,16.0,0.0,4.912682359160857,16.0,13,CLIMA200
1283-19,AMÔNIA,AVIÁRIO MEIO,03/09/2025,4.734848484848484,15.0,0.0,4.27352641355429,15.0,14,CLIMA200
1283-19,AMÔNIA,AVIÁRIO MEIO,04/09/2025,4.932075471698113,10.0,0.0,2.4112764634075607,10.0,15,CLIMA200
1283-19,AMÔNIA,AVIÁRIO MEIO,05/09/2025,7.583657587548638,15.0,0.0,2.487674958645992,15.0,16,CLIMA200
1283-19,AMÔNIA,AVIÁRIO MEIO,06/09/2025,10.438931297709924,18.0,0.0,3.206936006928092,18.0,17,CLIMA200
1283-19,AMÔNIA,AVIÁRIO MEIO,07/09/2025,9.700757575757576,19.0,4.0,3.1075176737623935,15.0,18,CLIMA200
1283-19,AMÔNIA,AVIÁRIO MEIO,08/09/2025,5.38403041825095,15.0,0.0,3.8872967176352575,15.0,19,CLIMA200
1283-19,AMÔNIA,AVIÁRIO MEIO,09/09/2025,8.354961832061068,16.0,0.0,3.1319509257963567,16.0,20,CLIMA200
1283-19,AMÔNIA,AVIÁRIO MEIO,10/09/2025,5.1477272727272725,14.0,1.0,3.259739855512988,13.0,21,CLIMA200
1283-19,AMÔNIA,AVIÁRIO MEIO,11/09/2025,3.7192307692307693,9.0,0.0,2.072256152634171,9.0,22,CLIMA200
1283-19,AMÔNIA,AVIÁRIO MEIO,12/09/2025,3.7030075187969924,15.0,0.0,2.1146975769714054,15.0,23,CLIMA200
1283-19,AMÔNIA,AVIÁRIO MEIO,13/09/2025,5.2846153846153845,13.0,0.0,2.7378672648182403,13.0,24,CLIMA200
1283-19,AMÔNIA,AVIÁRIO MEIO,14/09/2025,3.4732824427480917,9.0,0.0,2.32913260490219,9.0,25,CLIMA200
1283-19,AMÔNIA,AVIÁRIO MEIO,15/09/2025,2.811320754716981,8.0,0.0,2.006184812246867,8.0,26,CLIMA200
1283-19,AMÔNIA,AVIÁRIO MEIO,16/09/2025,3.0,8.0,0.0,2.160847218196859,8.0,27,CLIMA200
1283-19,AMÔNIA,AVIÁRIO MEIO,17/09/2025,2.553030303030303,10.0,1.0,2.1857471988460935,9.0,28,CLIMA200
1283-19,AMÔNIA,AVIÁRIO MEIO,18/09/2025,2.3448275862068964,11.0,0.0,2.1054258651687934,11.0,29,CLIMA200
1283-19,AMÔNIA,AVIÁRIO MEIO,19/09/2025,1.874015748031496,6.0,0.0,1.3544451517294225,6.0,30,CLIMA200
1283-19,AMÔNIA,AVIÁRIO MEIO,20/09/2025,1.178030303030303,4.0,0.0,0.605006185034675,4.0,31,CLIMA200
1283-19,AMÔNIA,AVIÁRIO MEIO,21/09/2025,1.0772200772200773,2.0,0.0,0.4325358398148275,2.0,32,CLIMA200
1283-19,AMÔNIA,AVIÁRIO MEIO,22/09/2025,2.4696356275303644,5.0,0.0,0.9032605517333986,5.0,33,CLIMA200
1283-19,AMÔNIA,AVIÁRIO MEIO,23/09/2025,2.772200772200772,7.0,0.0,1.7679688032938405,7.0,34,CLIMA200
1283-19,AMÔNIA,AVIÁRIO MEIO,24/09/2025,2.7823529411764705,7.0,0.0,1.8390327681940173,7.0,35,CLIMA200
1283-19,AMÔNIA,AVIÁRIO MEIO,25/08/2025,29.25581395348837,41.0,0.0,4.10195466691402,41.0,5,CLIMA200
1283-19,AMÔNIA,AVIÁRIO MEIO,25/09/2025,1.542857142857143,3.0,1.0,0.5778213833187624,2.0,36,CLIMA200
1283-19,AMÔNIA,AVIÁRIO MEIO,26/08/2025,25.451882845188283,45.0,16.0,4.3378246156704705,29.0,6,CLIMA200
1283-19,AMÔNIA,AVIÁRIO MEIO,26/09/2025,1.6525096525096525,6.0,0.0,0.9600632796186299,6.0,37,CLIMA200
1283-19,AMÔNIA,AVIÁRIO MEIO,27/08/2025,19.959183673469386,27.0,5.0,5.799926754194331,22.0,7,CLIMA200
1283-19,AMÔNIA,AVIÁRIO MEIO,27/09/2025,2.2547528517110265,8.0,0.0,1.378724211808043,8.0,38,CLIMA200
1283-19,AMÔNIA,AVIÁRIO MEIO,28/08/2025,17.75665399239544,27.0,0.0,6.904130536282445,27.0,8,CLIMA200
1283-19,AMÔNIA,AVIÁRIO MEIO,28/09/2025,2.2807692307692307,4.0,0.0,0.6028899828003008,4.0,39,CLIMA200
1283-19,AMÔNIA,AVIÁRIO MEIO,29/08/2025,14.334600760456274,28.0,1.0,8.08146617656977,27.0,9,CLIMA200
1283-19,AMÔNIA,AVIÁRIO MEIO,29/09/2025,2.898496240601504,4.0,2.0,0.5760227859953687,2.0,40,CLIMA200
1283-19,AMÔNIA,AVIÁRIO MEIO,30/08/2025,10.75,23.0,0.0,6.9808992648121295,23.0,10,CLIMA200
1283-19,AMÔNIA,AVIÁRIO MEIO,30/09/2025,3.3840304182509504,8.0,2.0,0.8854826781022971,6.0,41,CLIMA200
1283-19,AMÔNIA,AVIÁRIO MEIO,31/08/2025,8.973180076628353,17.0,1.0,4.829194526230032,16.0,11,CLIMA200
1283-19,CO2,AVIÁRIO MEIO,01/09/2025,77.7333359375,"998,00","1.000,00",255.8439881501511,997.0,12,CLIMA200
1283-19,CO2,AVIÁRIO MEIO,01/10/2025,694.0864197530864,"960,00","576,00",70.43670903858309,384.0,42,CLIMA200
1283-19,CO2,AVIÁRIO MEIO,02/09/2025,434.19870676691727,"959,00","1.009,00",362.62559402655177,957.991,13,CLIMA200
1283-19,CO2,AVIÁRIO MEIO,03/09/2025,438.04012878787876,"967,00","1.014,00",331.087970790457,965.986,14,CLIMA200
1283-19,CO2,AVIÁRIO MEIO,04/09/2025,362.28769811320757,"995,00","1.011,00",390.77517388863123,993.989,15,CLIMA200
1283-19,CO2,AVIÁRIO MEIO,05/09/2025,1.431533073929961,"1.928,00","1.008,00",0.23755528513917593,0.9199999999999999,16,CLIMA200
1283-19,CO2,AVIÁRIO MEIO,06/09/2025,23.485919847328244,"996,00","1.011,00",144.41348235711527,994.989,17,CLIMA200
1283-19,CO2,AVIÁRIO MEIO,07/09/2025,248.9455946969697,"993,00","1.000,00",397.38610502330994,992.0,18,CLIMA200
1283-19,CO2,AVIÁRIO MEIO,08/09/2025,421.1794486692015,"961,00","1.006,00",353.15666577214256,959.994,19,CLIMA200
1283-19,CO2,AVIÁRIO MEIO,09/09/2025,265.55740458015265,"999,00","1.004,00",388.06963276039846,997.996,20,CLIMA200
1283-19,CO2,AVIÁRIO MEIO,10/09/2025,400.36559090909094,"996,00","1.000,00",381.9201456824321,995.0,21,CLIMA200
1283-19,CO2,AVIÁRIO MEIO,11/09/2025,714.0791153846154,"995,00","1.001,00",269.1214102242312,993.999,22,CLIMA200
1283-19,CO2,AVIÁRIO MEIO,12/09/2025,706.718045112782,"924,00","550,00",111.55715776591813,374.0,23,CLIMA200
1283-19,CO2,AVIÁRIO MEIO,13/09/2025,763.6923076923077,"973,00","558,00",116.17151419370903,415.0,24,CLIMA200
1283-19,CO2,AVIÁRIO MEIO,14/09/2025,745.1450381679389,"962,00","548,00",138.6224826800759,414.0,25,CLIMA200
1283-19,CO2,AVIÁRIO MEIO,15/09/2025,725.1962264150943,"995,00","561,00",134.76206560224097,434.0,26,CLIMA200
1283-19,CO2,AVIÁRIO MEIO,16/09/2025,734.4902723735408,"991,00","584,00",126.31139683940283,407.0,27,CLIMA200
1283-19,CO2,AVIÁRIO MEIO,17/09/2025,681.2426931818181,"993,00","1.004,00",156.08923112819144,991.996,28,CLIMA200
1283-19,CO2,AVIÁRIO MEIO,18/09/2025,684.6551724137931,"986,00","574,00",111.49411897136135,412.0,29,CLIMA200
1283-19,CO2,AVIÁRIO MEIO,19/09/2025,663.2874015748032,"896,00","566,00",93.75806568317034,330.0,30,CLIMA200
1283-19,CO2,AVIÁRIO MEIO,20/09/2025,628.2954545454545,"756,00","558,00",36.968606386051604,198.0,31,CLIMA200
1283-19,CO2,AVIÁRIO MEIO,21/09/2025,626.6833976833976,"688,00","562,00",33.18172955258038,126.0,32,CLIMA200
1283-19,CO2,AVIÁRIO MEIO,22/09/2025,733.579024291498,"995,00","1.006,00",112.44983357827098,993.994,33,CLIMA200
1283-19,CO2,AVIÁRIO MEIO,23/09/2025,755.722027027027,"998,00","1.000,00",142.72876289714645,997.0,34,CLIMA200
1283-19,CO2,AVIÁRIO MEIO,24/09/2025,741.9470588235295,"939,00","597,00",124.1335742498992,342.0,35,CLIMA200
1283-19,CO2,AVIÁRIO MEIO,25/08/2025,1.9034728682170543,"2.055,00","1.749,00",0.07008511741069456,0.30600000000000005,5,CLIMA200
1283-19,CO2,AVIÁRIO MEIO,25/09/2025,668.7,"805,00","587,00",55.02138545277466,218.0,36,CLIMA200
1283-19,CO2,AVIÁRIO MEIO,26/08/2025,1.8119666666666667,"2.301,00","1.213,00",0.2538195859704726,1.088,6,CLIMA200
1283-19,CO2,AVIÁRIO MEIO,26/09/2025,643.3204633204633,"780,00","573,00",40.69712983269624,207.0,37,CLIMA200
1283-19,CO2,AVIÁRIO MEIO,27/08/2025,130.26170612244897,"971,00","1.000,00",301.2553613755371,970.0,7,CLIMA200
1283-19,CO2,AVIÁRIO MEIO,27/09/2025,652.7072243346007,"897,00","580,00",65.67521354396068,317.0,38,CLIMA200
1283-19,CO2,AVIÁRIO MEIO,28/08/2025,142.22584030418253,"982,00","1.016,00",292.8009854729859,980.984,8,CLIMA200
1283-19,CO2,AVIÁRIO MEIO,28/09/2025,653.2576923076923,"730,00","615,00",20.356036206961438,115.0,39,CLIMA200
1283-19,CO2,AVIÁRIO MEIO,29/08/2025,221.66376045627376,"984,00","1.014,00",319.3257807506542,982.986,9,CLIMA200
1283-19,CO2,AVIÁRIO MEIO,29/09/2025,678.5563909774436,"743,00","622,00",20.883282350048578,121.0,40,CLIMA200
1283-19,CO2,AVIÁRIO MEIO,30/08/2025,287.65269318181817,"982,00","1.001,00",340.8432973129992,980.999,10,CLIMA200
1283-19,CO2,AVIÁRIO MEIO,30/09/2025,694.3650190114068,"769,00","632,00",21.104390022732,137.0,41,CLIMA200
1283-19,CO2,AVIÁRIO MEIO,31/08/2025,290.07363601532563,"982,00","1.007,00",358.70206091005446,980.993,11,CLIMA200
1283-19,CONSUMO DO SILO,EXTERNO,01/10/2025,5.316766784452296,"921,12","0,00",47.95012853247945,921.0,42,CLIMA200
1283-19,CONSUMO DO SILO,EXTERNO,10/09/2025,202.38047222222224,"928,06","0,00",326.6950320248981,928.0,21,CLIMA200
1283-19,CONSUMO DO SILO,EXTERNO,17/09/2025,42.723386363636365,"991,19","0,00",149.27945105117615,991.0,28,CLIMA200
1283-19,CONSUMO DO SILO,EXTERNO,18/09/2025,37.38626807760141,"996,51","0,00",149.01455617233094,996.0,29,CLIMA200
1283-19,CONSUMO DO SILO,EXTERNO,19/09/2025,34.35510350877193,"999,51","0,00",127.05504965825331,999.0,30,CLIMA200
1283-19,CONSUMO DO SILO,EXTERNO,20/09/2025,28.25815331010453,"863,33","0,00",106.48453633389586,863.0,31,CLIMA200
1283-19,CONSUMO DO SILO,EXTERNO,21/09/2025,26.53418661971831,"999,56","0,00",116.77017152395031,999.0,32,CLIMA200
1283-19,CONSUMO DO SILO,EXTERNO,22/09/2025,12.629085514834207,"983,11","0,00",89.46913819735846,983.0,33,CLIMA200
1283-19,CONSUMO DO SILO,EXTERNO,23/09/2025,121.7620777385159,"97,67","0,00",186.64701469746183,97.0,34,CLIMA200
1283-19,CONSUMO DO SILO,EXTERNO,24/09/2025,46.62390476190476,"99,98","0,00",161.79326720534013,99.0,35,CLIMA200
1283-19,CONSUMO DO SILO,EXTERNO,25/09/2025,20.318887521968367,"9,80","0,00",72.27878072895236,9.0,36,CLIMA200
1283-19,CONSUMO DO SILO,EXTERNO,26/09/2025,21.51538986013986,"9,94","0,00",93.70576659343726,9.0,37,CLIMA200
1283-19,CONSUMO DO SILO,EXTERNO,27/09/2025,21.697921847246892,"94,46","0,00",54.129483110165054,94.0,38,CLIMA200
1283-19,CONSUMO DO SILO,EXTERNO,28/09/2025,37.77348432055749,"939,31","0,00",126.50725083379614,939.0,39,CLIMA200
1283-19,CONSUMO DO SILO,EXTERNO,29/09/2025,21.413731578947367,"923,34","0,00",100.52898477187084,923.0,40,CLIMA200
1283-19,CONSUMO DO SILO,EXTERNO,30/09/2025,13.052858885017422,"953,28","0,00",88.5434733176256,953.0,41,CLIMA200
1283-19,CORRENTE ELÉTRICA,EXTERNO,01/09/2025,11.794814030131826,19.86,0.0,2.8126188216408514,19.86,12,CLIMA200
1283-19,CORRENTE ELÉTRICA,EXTERNO,01/10/2025,19.367029446407535,41.34,0.0,11.087163046285387,41.34,42,CLIMA200
1283-19,CORRENTE ELÉTRICA,EXTERNO,02/09/2025,12.197450564971751,20.19,1.02,2.979842862678622,19.17,13,CLIMA200
1283-19,CORRENTE ELÉTRICA,EXTERNO,03/09/2025,12.63282956685499,21.47,4.42,3.6451707529840287,17.049999999999997,14,CLIMA200
1283-19,CORRENTE ELÉTRICA,EXTERNO,04/09/2025,9.641959952885749,16.7,2.14,2.782079100401939,14.559999999999999,15,CLIMA200
1283-19,CORRENTE ELÉTRICA,EXTERNO,05/09/2025,11.886138987043582,18.9,1.13,2.628120298953403,17.77,16,CLIMA200
1283-19,CORRENTE ELÉTRICA,EXTERNO,06/09/2025,9.5040395480226,18.79,0.61,3.7898299854461257,18.18,17,CLIMA200
1283-19,CORRENTE ELÉTRICA,EXTERNO,07/09/2025,8.325160075329567,17.74,1.45,3.172050630170425,16.29,18,CLIMA200
1283-19,CORRENTE ELÉTRICA,EXTERNO,08/09/2025,12.605873912020702,21.05,2.22,4.266760241832628,18.830000000000002,19,CLIMA200
1283-19,CORRENTE ELÉTRICA,EXTERNO,09/09/2025,6.831822033898305,14.86,1.53,2.7020768716499273,13.33,20,CLIMA200
1283-19,CORRENTE ELÉTRICA,EXTERNO,10/09/2025,8.846459656551401,22.42,0.0,5.243655574771662,22.42,21,CLIMA200
1283-19,CORRENTE ELÉTRICA,EXTERNO,11/09/2025,9.742418899858956,22.3,0.0,4.948511385191048,22.3,22,CLIMA200
1283-19,CORRENTE ELÉTRICA,EXTERNO,12/09/2025,12.98142890772128,24.06,5.94,5.665078678845254,18.119999999999997,23,CLIMA200
1283-19,CORRENTE ELÉTRICA,EXTERNO,13/09/2025,10.771333803810869,22.43,0.0,4.889257489604606,22.43,24,CLIMA200
1283-19,CORRENTE ELÉTRICA,EXTERNO,14/09/2025,13.555477871939736,28.13,6.22,7.26399522679342,21.91,25,CLIMA200
1283-19,CORRENTE ELÉTRICA,EXTERNO,15/09/2025,14.56950835097624,27.81,0.0,7.966091929168271,27.81,26,CLIMA200
1283-19,CORRENTE ELÉTRICA,EXTERNO,16/09/2025,12.38171845574388,28.21,0.0,9.44835093642843,28.21,27,CLIMA200
1283-19,CORRENTE ELÉTRICA,EXTERNO,17/09/2025,13.381604328393319,30.01,0.0,10.148220917054424,30.01,28,CLIMA200
1283-19,CORRENTE ELÉTRICA,EXTERNO,18/09/2025,12.717953422724063,29.66,0.0,9.689755801297261,29.66,29,CLIMA200
1283-19,CORRENTE ELÉTRICA,EXTERNO,19/08/2025,4.6500775740479545,11.09,0.0,2.5319420656834883,11.09,-1,CLIMA200
1283-19,CORRENTE ELÉTRICA,EXTERNO,19/09/2025,13.847422850412249,36.08,0.0,12.11269703442702,36.08,30,CLIMA200
1283-19,CORRENTE ELÉTRICA,EXTERNO,20/08/2025,8.903662900188325,26.57,0.65,7.664181490561272,25.92,0,CLIMA200
1283-19,CORRENTE ELÉTRICA,EXTERNO,20/09/2025,14.86632768361582,37.12,0.0,12.49434882343315,37.12,31,CLIMA200
1283-19,CORRENTE ELÉTRICA,EXTERNO,21/08/2025,13.366466572504708,24.34,0.0,5.796458552208423,24.34,1,CLIMA200
1283-19,CORRENTE ELÉTRICA,EXTERNO,21/09/2025,17.449726737338043,37.48,0.0,13.699086918434592,37.48,32,CLIMA200
1283-19,CORRENTE ELÉTRICA,EXTERNO,22/08/2025,9.059073159256647,20.92,0.0,4.233655272617269,20.92,2,CLIMA200
1283-19,CORRENTE ELÉTRICA,EXTERNO,22/09/2025,9.696991525423728,34.67,0.0,7.928041452884034,34.67,33,CLIMA200
1283-19,CORRENTE ELÉTRICA,EXTERNO,23/08/2025,9.188762644083745,18.87,1.0,3.61866945722798,17.87,3,CLIMA200
1283-19,CORRENTE ELÉTRICA,EXTERNO,23/09/2025,12.328148670900964,35.39,0.0,11.514655617297207,35.39,34,CLIMA200
1283-19,CORRENTE ELÉTRICA,EXTERNO,24/08/2025,7.271186440677966,13.46,1.11,3.0674932801263446,12.350000000000001,4,CLIMA200
1283-19,CORRENTE ELÉTRICA,EXTERNO,24/09/2025,15.196504351917195,38.27,0.0,13.809322342032093,38.27,35,CLIMA200
1283-19,CORRENTE ELÉTRICA,EXTERNO,25/08/2025,7.657662429378531,14.57,0.0,3.002172231769841,14.57,5,CLIMA200
1283-19,CORRENTE ELÉTRICA,EXTERNO,25/09/2025,14.103578154425612,37.71,0.0,12.83596093883026,37.71,36,CLIMA200
1283-19,CORRENTE ELÉTRICA,EXTERNO,26/08/2025,8.06747824041402,14.41,0.0,2.9508378121533165,14.41,6,CLIMA200
1283-19,CORRENTE ELÉTRICA,EXTERNO,26/09/2025,15.043857915784521,37.41,0.0,13.674007189748997,37.41,37,CLIMA200
1283-19,CORRENTE ELÉTRICA,EXTERNO,27/08/2025,8.967655367231638,18.43,2.24,3.5007914711594537,16.189999999999998,7,CLIMA200
1283-19,CORRENTE ELÉTRICA,EXTERNO,27/09/2025,17.924890613973183,39.14,0.0,14.460017633332178,39.14,38,CLIMA200
1283-19,CORRENTE ELÉTRICA,EXTERNO,28/08/2025,10.352128910844508,16.57,4.36,2.794334012237868,12.21,8,CLIMA200
1283-19,CORRENTE ELÉTRICA,EXTERNO,28/09/2025,19.3305131826742,38.34,0.0,14.733123812015704,38.34,39,CLIMA200
1283-19,CORRENTE ELÉTRICA,EXTERNO,29/08/2025,10.140324858757062,18.22,4.27,2.3641410566838137,13.95,9,CLIMA200
1283-19,CORRENTE ELÉTRICA,EXTERNO,29/09/2025,20.646598447424136,38.53,0.0,15.216863630427016,38.53,40,CLIMA200
1283-19,CORRENTE ELÉTRICA,EXTERNO,30/08/2025,11.724703389830509,21.04,3.42,2.6116997475123576,17.619999999999997,10,CLIMA200
1283-19,CORRENTE ELÉTRICA,EXTERNO,30/09/2025,18.339623352165724,37.42,0.0,13.912768165659717,37.42,41,CLIMA200
1283-19,CORRENTE ELÉTRICA,EXTERNO,31/08/2025,11.98248882615855,18.84,4.76,2.4949814822192873,14.08,11,CLIMA200
1283-19,DIFERENCIAL DE PRESSÃO,AVIÁRIO MEIO,01/09/2025,8.66015625,31.0,-2.0,11.79370753730929,33.0,12,CLIMA200
1283-19,DIFERENCIAL DE PRESSÃO,AVIÁRIO MEIO,01/10/2025,21.679012345679013,48.0,-1.0,11.293496246103457,49.0,42,CLIMA200
1283-19,DIFERENCIAL DE PRESSÃO,AVIÁRIO MEIO,02/09/2025,19.026315789473685,34.0,-1.0,12.000127785891307,35.0,13,CLIMA200
1283-19,DIFERENCIAL DE PRESSÃO,AVIÁRIO MEIO,03/09/2025,20.553030303030305,69.0,-2.0,11.879645435186536,71.0,14,CLIMA200
1283-19,DIFERENCIAL DE PRESSÃO,AVIÁRIO MEIO,04/09/2025,16.671698113207547,48.0,-2.0,13.474285465824327,50.0,15,CLIMA200
1283-19,DIFERENCIAL DE PRESSÃO,AVIÁRIO MEIO,05/09/2025,9.085603112840467,30.0,-4.0,12.22679915727595,34.0,16,CLIMA200
1283-19,DIFERENCIAL DE PRESSÃO,AVIÁRIO MEIO,06/09/2025,13.69083969465649,35.0,-2.0,13.213449950722799,37.0,17,CLIMA200
1283-19,DIFERENCIAL DE PRESSÃO,AVIÁRIO MEIO,07/09/2025,19.022727272727273,58.0,-2.0,13.436137335610162,60.0,18,CLIMA200
1283-19,DIFERENCIAL DE PRESSÃO,AVIÁRIO MEIO,08/09/2025,26.29657794676806,66.0,2.0,7.218709036432314,64.0,19,CLIMA200
1283-19,DIFERENCIAL DE PRESSÃO,AVIÁRIO MEIO,09/09/2025,25.14503816793893,64.0,-1.0,8.02631372558063,65.0,20,CLIMA200
1283-19,DIFERENCIAL DE PRESSÃO,AVIÁRIO MEIO,10/09/2025,26.193181818181817,51.0,2.0,5.854662648224746,49.0,21,CLIMA200
1283-19,DIFERENCIAL DE PRESSÃO,AVIÁRIO MEIO,11/09/2025,26.53076923076923,33.0,0.0,4.179967724458494,33.0,22,CLIMA200
1283-19,DIFERENCIAL DE PRESSÃO,AVIÁRIO MEIO,12/09/2025,26.654135338345863,34.0,-1.0,3.1313239477726036,35.0,23,CLIMA200
1283-19,DIFERENCIAL DE PRESSÃO,AVIÁRIO MEIO,13/09/2025,27.303846153846155,31.0,8.0,2.002878845222275,23.0,24,CLIMA200
1283-19,DIFERENCIAL DE PRESSÃO,AVIÁRIO MEIO,14/09/2025,28.022900763358777,34.0,8.0,2.3878370194327823,26.0,25,CLIMA200
1283-19,DIFERENCIAL DE PRESSÃO,AVIÁRIO MEIO,15/09/2025,28.430188679245283,36.0,23.0,2.146483293770976,13.0,26,CLIMA200
1283-19,DIFERENCIAL DE PRESSÃO,AVIÁRIO MEIO,16/09/2025,27.31906614785992,35.0,-1.0,2.8814694261765696,36.0,27,CLIMA200
1283-19,DIFERENCIAL DE PRESSÃO,AVIÁRIO MEIO,17/09/2025,28.049242424242426,35.0,8.0,2.571964118349795,27.0,28,CLIMA200
1283-19,DIFERENCIAL DE PRESSÃO,AVIÁRIO MEIO,18/09/2025,28.444444444444443,35.0,10.0,2.6366445386435426,25.0,29,CLIMA200
1283-19,DIFERENCIAL DE PRESSÃO,AVIÁRIO MEIO,19/09/2025,29.346456692913385,38.0,13.0,3.5201958444889945,25.0,30,CLIMA200
1283-19,DIFERENCIAL DE PRESSÃO,AVIÁRIO MEIO,20/09/2025,31.333333333333332,54.0,10.0,6.136288813610423,44.0,31,CLIMA200
1283-19,DIFERENCIAL DE PRESSÃO,AVIÁRIO MEIO,21/09/2025,29.003861003861005,49.0,12.0,4.982206229678076,37.0,32,CLIMA200
1283-19,DIFERENCIAL DE PRESSÃO,AVIÁRIO MEIO,22/09/2025,27.31578947368421,34.0,0.0,2.864955377663432,34.0,33,CLIMA200
1283-19,DIFERENCIAL DE PRESSÃO,AVIÁRIO MEIO,23/09/2025,29.123552123552123,39.0,6.0,4.506557355353437,33.0,34,CLIMA200
1283-19,DIFERENCIAL DE PRESSÃO,AVIÁRIO MEIO,24/09/2025,30.476470588235294,42.0,10.0,4.895619820370606,32.0,35,CLIMA200
1283-19,DIFERENCIAL DE PRESSÃO,AVIÁRIO MEIO,25/08/2025,2.868217054263566,30.0,-3.0,8.813643269035666,33.0,5,CLIMA200
1283-19,DIFERENCIAL DE PRESSÃO,AVIÁRIO MEIO,25/09/2025,23.314285714285713,37.0,7.0,10.46428327645023,30.0,36,CLIMA200
1283-19,DIFERENCIAL DE PRESSÃO,AVIÁRIO MEIO,26/08/2025,3.558333333333333,30.0,-3.0,9.533970695477421,33.0,6,CLIMA200
1283-19,DIFERENCIAL DE PRESSÃO,AVIÁRIO MEIO,26/09/2025,25.227799227799228,46.0,4.0,14.51873504673785,42.0,37,CLIMA200
1283-19,DIFERENCIAL DE PRESSÃO,AVIÁRIO MEIO,27/08/2025,10.204081632653061,35.0,-2.0,12.883432791113245,37.0,7,CLIMA200
1283-19,DIFERENCIAL DE PRESSÃO,AVIÁRIO MEIO,27/09/2025,34.866920152091254,57.0,9.0,7.41141402263543,48.0,38,CLIMA200
1283-19,DIFERENCIAL DE PRESSÃO,AVIÁRIO MEIO,28/08/2025,10.47148288973384,44.0,-2.0,13.008557598936184,46.0,8,CLIMA200
1283-19,DIFERENCIAL DE PRESSÃO,AVIÁRIO MEIO,28/09/2025,33.60769230769231,45.0,24.0,4.357127059544815,21.0,39,CLIMA200
1283-19,DIFERENCIAL DE PRESSÃO,AVIÁRIO MEIO,29/08/2025,13.73384030418251,52.0,-2.0,13.20982593457028,54.0,9,CLIMA200
1283-19,DIFERENCIAL DE PRESSÃO,AVIÁRIO MEIO,29/09/2025,35.090225563909776,50.0,4.0,5.043358838132933,46.0,40,CLIMA200
1283-19,DIFERENCIAL DE PRESSÃO,AVIÁRIO MEIO,30/08/2025,13.068181818181818,40.0,-2.0,13.141821504334574,42.0,10,CLIMA200
1283-19,DIFERENCIAL DE PRESSÃO,AVIÁRIO MEIO,30/09/2025,30.779467680608366,44.0,3.0,7.414713849211268,41.0,41,CLIMA200
1283-19,DIFERENCIAL DE PRESSÃO,AVIÁRIO MEIO,31/08/2025,14.28735632183908,37.0,-2.0,12.939802901946923,39.0,11,CLIMA200
1283-19,ENERGIA ELÉTRICA DO DIA,EXTERNO,01/09/2025,20.943429849340866,58.48,0.0,15.514691891358314,58.48,12,CLIMA200
1283-19,ENERGIA ELÉTRICA DO DIA,EXTERNO,01/10/2025,40.93974322732626,108.79,0.0,32.57185500293441,108.79,42,CLIMA200
1283-19,ENERGIA ELÉTRICA DO DIA,EXTERNO,02/09/2025,29.485833333333336,71.57,0.04,18.19747321382016,71.52999999999999,13,CLIMA200
1283-19,ENERGIA ELÉTRICA DO DIA,EXTERNO,03/09/2025,30.06150188323917,64.9,0.04,18.876465575969686,64.86,14,CLIMA200
1283-19,ENERGIA ELÉTRICA DO DIA,EXTERNO,04/09/2025,25.56228268551237,51.2,0.03,14.09638962858372,51.17,15,CLIMA200
1283-19,ENERGIA ELÉTRICA DO DIA,EXTERNO,05/09/2025,29.08286454652532,64.45,0.01,17.11841293684529,64.44,16,CLIMA200
1283-19,ENERGIA ELÉTRICA DO DIA,EXTERNO,06/09/2025,25.14266007532957,52.58,0.03,13.34166366837385,52.55,17,CLIMA200
1283-19,ENERGIA ELÉTRICA DO DIA,EXTERNO,07/09/2025,22.660722693032014,45.58,0.04,11.687267679809631,45.54,18,CLIMA200
1283-19,ENERGIA ELÉTRICA DO DIA,EXTERNO,08/09/2025,29.416297341801926,64.47,0.02,18.889975903391534,64.45,19,CLIMA200
1283-19,ENERGIA ELÉTRICA DO DIA,EXTERNO,09/09/2025,15.948575800376648,36.69,0.03,10.523789652702565,36.66,20,CLIMA200
1283-19,ENERGIA ELÉTRICA DO DIA,EXTERNO,10/09/2025,14.416767819336627,39.91,0.0,13.442783981169738,39.91,21,CLIMA200
1283-19,ENERGIA ELÉTRICA DO DIA,EXTERNO,11/09/2025,17.583810531264692,45.92,0.0,14.963633373155325,45.92,22,CLIMA200
1283-19,ENERGIA ELÉTRICA DO DIA,EXTERNO,12/09/2025,27.644835216572503,65.05,0.02,20.64882699415676,65.03,23,CLIMA200
1283-19,ENERGIA ELÉTRICA DO DIA,EXTERNO,13/09/2025,21.7778616796048,52.63,0.0,16.352230886534038,52.63,24,CLIMA200
1283-19,ENERGIA ELÉTRICA DO DIA,EXTERNO,14/09/2025,29.237577683615818,67.6,0.02,22.287336775611408,67.58,25,CLIMA200
1283-19,ENERGIA ELÉTRICA DO DIA,EXTERNO,15/09/2025,28.080319924723597,71.61,0.0,23.640337476484852,71.61,26,CLIMA200
1283-19,ENERGIA ELÉTRICA DO DIA,EXTERNO,16/09/2025,23.046031073446326,79.01,0.0,21.825034376551184,79.01,27,CLIMA200
1283-19,ENERGIA ELÉTRICA DO DIA,EXTERNO,17/09/2025,28.328372147729947,91.0,0.0,26.579497293784975,91.0,28,CLIMA200
1283-19,ENERGIA ELÉTRICA DO DIA,EXTERNO,18/09/2025,24.02702422959304,81.48,0.0,24.698060994811623,81.48,29,CLIMA200
1283-19,ENERGIA ELÉTRICA DO DIA,EXTERNO,19/08/2025,6.423742360131641,27.7,0.0,6.157503325838864,27.7,-1,CLIMA200
1283-19,ENERGIA ELÉTRICA DO DIA,EXTERNO,19/09/2025,27.26157126030624,101.97,0.0,32.245271379195266,101.97,30,CLIMA200
1283-19,ENERGIA ELÉTRICA DO DIA,EXTERNO,20/08/2025,13.935685028248587,60.48,0.01,13.950010455741378,60.47,0,CLIMA200
1283-19,ENERGIA ELÉTRICA DO DIA,EXTERNO,20/09/2025,33.1326577212806,110.72,0.0,36.80611564398095,110.72,31,CLIMA200
1283-19,ENERGIA ELÉTRICA DO DIA,EXTERNO,21/08/2025,16.584159604519773,45.67,0.0,11.148468221737863,45.67,1,CLIMA200
1283-19,ENERGIA ELÉTRICA DO DIA,EXTERNO,21/09/2025,36.327305064782095,130.26,0.0,40.63621625892541,130.26,32,CLIMA200
1283-19,ENERGIA ELÉTRICA DO DIA,EXTERNO,22/08/2025,12.518852034815337,33.15,0.0,8.40977007400926,33.15,2,CLIMA200
1283-19,ENERGIA ELÉTRICA DO DIA,EXTERNO,22/09/2025,23.16629001883239,70.99,0.0,24.335706520421642,70.99,33,CLIMA200
1283-19,ENERGIA ELÉTRICA DO DIA,EXTERNO,23/08/2025,23.29196894848271,61.09,0.01,16.069854139005315,61.080000000000005,3,CLIMA200
1283-19,ENERGIA ELÉTRICA DO DIA,EXTERNO,23/09/2025,21.511479651846624,86.99,0.0,26.94491717049985,86.99,34,CLIMA200
1283-19,ENERGIA ELÉTRICA DO DIA,EXTERNO,24/08/2025,17.76412429378531,51.82,0.01,13.282544619120952,51.81,4,CLIMA200
1283-19,ENERGIA ELÉTRICA DO DIA,EXTERNO,24/09/2025,31.23755351681957,111.49,0.0,37.23926117224992,111.49,35,CLIMA200
1283-19,ENERGIA ELÉTRICA DO DIA,EXTERNO,25/08/2025,12.663399246704332,43.59,0.0,10.853484391028047,43.59,5,CLIMA200
1283-19,ENERGIA ELÉTRICA DO DIA,EXTERNO,25/09/2025,29.283137947269303,103.11,0.0,34.490391739340055,103.11,36,CLIMA200
1283-19,ENERGIA ELÉTRICA DO DIA,EXTERNO,26/08/2025,10.667602916960716,36.22,0.0,8.260660092817744,36.22,6,CLIMA200
1283-19,ENERGIA ELÉTRICA DO DIA,EXTERNO,26/09/2025,27.73570454010821,107.05,0.0,34.63837273891113,107.05,37,CLIMA200
1283-19,ENERGIA ELÉTRICA DO DIA,EXTERNO,27/08/2025,20.62295668549906,55.55,0.02,13.905841041842326,55.529999999999994,7,CLIMA200
1283-19,ENERGIA ELÉTRICA DO DIA,EXTERNO,27/09/2025,22.525459891790167,93.51,0.0,26.34283396105961,93.51,38,CLIMA200
1283-19,ENERGIA ELÉTRICA DO DIA,EXTERNO,28/08/2025,26.279214302517055,61.6,0.04,15.336107005040336,61.56,8,CLIMA200
1283-19,ENERGIA ELÉTRICA DO DIA,EXTERNO,28/09/2025,42.62884416195857,142.03,0.0,45.3667833596075,142.03,39,CLIMA200
1283-19,ENERGIA ELÉTRICA DO DIA,EXTERNO,29/08/2025,23.7033356873823,56.61,0.02,14.845667228515481,56.589999999999996,9,CLIMA200
1283-19,ENERGIA ELÉTRICA DO DIA,EXTERNO,29/09/2025,46.8585179957657,152.05,0.0,49.03214498894316,152.05,40,CLIMA200
1283-19,ENERGIA ELÉTRICA DO DIA,EXTERNO,30/08/2025,27.241089924670433,63.81,0.03,16.782299414778677,63.78,10,CLIMA200
1283-19,ENERGIA ELÉTRICA DO DIA,EXTERNO,30/09/2025,24.11814971751412,67.84,0.0,23.0684274103508,67.84,41,CLIMA200
1283-19,ENERGIA ELÉTRICA DO DIA,EXTERNO,31/08/2025,29.503498000470476,64.66,0.03,17.078157724129127,64.63,11,CLIMA200
1283-19,PESO MÉDIO DA AVE,AVIÁRIO FRENTE,01/09/2025,0.38258292166549046,0.41,0.37,0.01230483511991947,0.03999999999999998,12,CLIMA200
1283-19,PESO MÉDIO DA AVE,AVIÁRIO FRENTE,02/09/2025,0.4284348441926346,0.45,0.41,0.011944186943705953,0.040000000000000036,13,CLIMA200
1283-19,PESO MÉDIO DA AVE,AVIÁRIO FRENTE,03/09/2025,0.4846571213262999,0.53,0.44,0.031419794064940394,0.09000000000000002,14,CLIMA200
1283-19,PESO MÉDIO DA AVE,AVIÁRIO FRENTE,04/09/2025,0.5433380281690141,0.58,0.52,0.01892493969847094,0.05999999999999994,15,CLIMA200
1283-19,PESO MÉDIO DA AVE,AVIÁRIO FRENTE,05/09/2025,0.6012557781201848,0.66,0.57,0.02940935096598601,0.09000000000000008,16,CLIMA200
1283-19,PESO MÉDIO DA AVE,AVIÁRIO FRENTE,06/09/2025,0.6839492242595204,0.72,0.66,0.019770979718554633,0.05999999999999994,17,CLIMA200
1283-19,PESO MÉDIO DA AVE,AVIÁRIO FRENTE,07/09/2025,0.7470807926829268,0.83,0.71,0.03785320889649733,0.12,18,CLIMA200
1283-19,PESO MÉDIO DA AVE,AVIÁRIO FRENTE,08/09/2025,0.845755649717514,0.9,0.81,0.024690048299465712,0.08999999999999997,19,CLIMA200
1283-19,PESO MÉDIO DA AVE,AVIÁRIO FRENTE,09/09/2025,0.9071297602256699,0.97,0.87,0.029341841626612193,0.09999999999999998,20,CLIMA200
1283-19,PESO MÉDIO DA AVE,AVIÁRIO FRENTE,10/09/2025,0.9918740279937791,1.12,0.94,0.04640567275526336,0.18000000000000016,21,CLIMA200
1283-19,PESO MÉDIO DA AVE,AVIÁRIO FRENTE,11/09/2025,1.098237359550562,1.17,1.04,0.03829105504420689,0.1299999999999999,22,CLIMA200
1283-19,PESO MÉDIO DA AVE,AVIÁRIO FRENTE,12/09/2025,1.1411196911196912,1.19,1.1,0.035997924091542656,0.08999999999999986,23,CLIMA200
1283-19,PESO MÉDIO DA AVE,AVIÁRIO FRENTE,13/09/2025,1.203721436343852,1.24,1.15,0.022379472555071635,0.09000000000000008,24,CLIMA200
1283-19,PESO MÉDIO DA AVE,AVIÁRIO FRENTE,14/09/2025,1.2644733146067417,1.36,1.23,0.03908903861154507,0.13000000000000012,25,CLIMA200
1283-19,PESO MÉDIO DA AVE,AVIÁRIO FRENTE,15/09/2025,1.3408918539325843,1.44,1.26,0.05172425366100285,0.17999999999999994,26,CLIMA200
1283-19,PESO MÉDIO DA AVE,AVIÁRIO FRENTE,16/09/2025,1.4234419381787802,1.51,1.34,0.04461306040256059,0.16999999999999993,27,CLIMA200
1283-19,PESO MÉDIO DA AVE,AVIÁRIO FRENTE,17/09/2025,1.4936956521739129,1.66,1.41,0.07738822149020276,0.25,28,CLIMA200
1283-19,PESO MÉDIO DA AVE,AVIÁRIO FRENTE,18/09/2025,1.5618469101123593,1.72,1.43,0.11442774886169307,0.29000000000000004,29,CLIMA200
1283-19,PESO MÉDIO DA AVE,AVIÁRIO FRENTE,19/09/2025,1.6039185393258426,1.77,1.45,0.13930035488029704,0.32000000000000006,30,CLIMA200
1283-19,PESO MÉDIO DA AVE,AVIÁRIO FRENTE,20/09/2025,1.6502949438202248,1.9,1.46,0.17763757946266787,0.43999999999999995,31,CLIMA200
1283-19,PESO MÉDIO DA AVE,AVIÁRIO FRENTE,21/08/2025,0.06,0.06,0.06,0.0,0.0,1,CLIMA200
1283-19,PESO MÉDIO DA AVE,AVIÁRIO FRENTE,21/09/2025,1.690121107266436,1.96,1.44,0.22951540465330114,0.52,32,CLIMA200
1283-19,PESO MÉDIO DA AVE,AVIÁRIO FRENTE,22/08/2025,0.08,0.08,0.08,0.0,0.0,2,CLIMA200
1283-19,PESO MÉDIO DA AVE,AVIÁRIO FRENTE,22/09/2025,2.0001002865329514,2.09,1.92,0.05470280449302494,0.16999999999999993,33,CLIMA200
1283-19,PESO MÉDIO DA AVE,AVIÁRIO FRENTE,23/08/2025,0.094,0.11,0.08,0.005439200829200688,0.03,3,CLIMA200
1283-19,PESO MÉDIO DA AVE,AVIÁRIO FRENTE,23/09/2025,2.053813202247191,2.23,1.96,0.07477397736424894,0.27,34,CLIMA200
1283-19,PESO MÉDIO DA AVE,AVIÁRIO FRENTE,24/08/2025,0.12238977072310404,0.13,0.1,0.005477525135066465,0.03,4,CLIMA200
1283-19,PESO MÉDIO DA AVE,AVIÁRIO FRENTE,24/09/2025,2.135266479663394,2.3,1.97,0.13442764425959236,0.32999999999999985,35,CLIMA200
1283-19,PESO MÉDIO DA AVE,AVIÁRIO FRENTE,25/08/2025,0.13769393511988717,0.15,0.13,0.007123688993881285,0.01999999999999999,5,CLIMA200
1283-19,PESO MÉDIO DA AVE,AVIÁRIO FRENTE,25/09/2025,2.1944600280504907,2.46,2.0,0.15197215508038225,0.45999999999999996,36,CLIMA200
1283-19,PESO MÉDIO DA AVE,AVIÁRIO FRENTE,26/08/2025,0.16145980253878703,0.17,0.15,0.007561604479363868,0.020000000000000018,6,CLIMA200
1283-19,PESO MÉDIO DA AVE,AVIÁRIO FRENTE,26/09/2025,2.291161154116819,2.53,2.07,0.1958725836682334,0.45999999999999996,37,CLIMA200
1283-19,PESO MÉDIO DA AVE,AVIÁRIO FRENTE,27/08/2025,0.18349295774647886,0.2,0.17,0.011248628385164296,0.03,7,CLIMA200
1283-19,PESO MÉDIO DA AVE,AVIÁRIO FRENTE,27/09/2025,2.3577250177179305,2.62,2.11,0.21414871487219747,0.5100000000000002,38,CLIMA200
1283-19,PESO MÉDIO DA AVE,AVIÁRIO FRENTE,28/08/2025,0.21177464788732397,0.23,0.2,0.011105381493466859,0.03,8,CLIMA200
1283-19,PESO MÉDIO DA AVE,AVIÁRIO FRENTE,28/09/2025,2.4236115007012624,2.76,2.13,0.27062301603934164,0.6299999999999999,39,CLIMA200
1283-19,PESO MÉDIO DA AVE,AVIÁRIO FRENTE,29/08/2025,0.24182137834036568,0.26,0.23,0.011703757498813803,0.03,9,CLIMA200
1283-19,PESO MÉDIO DA AVE,AVIÁRIO FRENTE,29/09/2025,2.5028781512605045,2.89,2.16,0.2953202586699632,0.73,40,CLIMA200
1283-19,PESO MÉDIO DA AVE,AVIÁRIO FRENTE,30/08/2025,0.29619426751592354,0.32,0.26,0.022752626339726318,0.06,10,CLIMA200
1283-19,PESO MÉDIO DA AVE,AVIÁRIO FRENTE,30/09/2025,2.626496746203905,2.95,2.29,0.2837783202113044,0.6600000000000001,41,CLIMA200
1283-19,PESO MÉDIO DA AVE,AVIÁRIO FRENTE,31/08/2025,0.35175557710960237,0.37,0.32,0.015299227059699183,0.04999999999999999,11,CLIMA200
1283-19,PESO MÉDIO DA AVE,AVIÁRIO MEIO,01/09/2025,0.3754929577464789,0.41,0.35,0.017565870589343714,0.06,12,CLIMA200
1283-19,PESO MÉDIO DA AVE,AVIÁRIO MEIO,02/09/2025,0.42863572433192687,0.46,0.39,0.016833621696236836,0.07,13,CLIMA200
1283-19,PESO MÉDIO DA AVE,AVIÁRIO MEIO,03/09/2025,0.4768424753867792,0.52,0.45,0.022252272983768733,0.07,14,CLIMA200
1283-19,PESO MÉDIO DA AVE,AVIÁRIO MEIO,04/09/2025,0.5503530377668309,0.61,0.5,0.03893226185234365,0.10999999999999999,15,CLIMA200
1283-19,PESO MÉDIO DA AVE,AVIÁRIO MEIO,05/09/2025,0.6278973105134474,0.67,0.6,0.018474305624752916,0.07000000000000006,16,CLIMA200
1283-19,PESO MÉDIO DA AVE,AVIÁRIO MEIO,06/09/2025,0.6805492957746478,0.71,0.64,0.02153234627540167,0.06999999999999995,17,CLIMA200
1283-19,PESO MÉDIO DA AVE,AVIÁRIO MEIO,07/09/2025,0.7365049226441631,0.79,0.71,0.025900511069435563,0.08000000000000007,18,CLIMA200
1283-19,PESO MÉDIO DA AVE,AVIÁRIO MEIO,08/09/2025,0.8106267605633802,0.87,0.77,0.030536772834402124,0.09999999999999998,19,CLIMA200
1283-19,PESO MÉDIO DA AVE,AVIÁRIO MEIO,09/09/2025,0.9153398791540787,0.97,0.84,0.04532483508534586,0.13,20,CLIMA200
1283-19,PESO MÉDIO DA AVE,AVIÁRIO MEIO,10/09/2025,0.984936797752809,1.03,0.96,0.020261532847766016,0.07000000000000006,21,CLIMA200
1283-19,PESO MÉDIO DA AVE,AVIÁRIO MEIO,11/09/2025,1.0555259467040674,1.11,1.01,0.033242864444055095,0.10000000000000009,22,CLIMA200
1283-19,PESO MÉDIO DA AVE,AVIÁRIO MEIO,12/09/2025,1.165234521575985,1.21,1.1,0.036997938302760075,0.10999999999999988,23,CLIMA200
1283-19,PESO MÉDIO DA AVE,AVIÁRIO MEIO,13/09/2025,1.2409747545582046,1.3,1.2,0.029244161153057533,0.10000000000000009,24,CLIMA200
1283-19,PESO MÉDIO DA AVE,AVIÁRIO MEIO,14/09/2025,1.3108637640449439,1.38,1.26,0.0327275694073823,0.11999999999999988,25,CLIMA200
1283-19,PESO MÉDIO DA AVE,AVIÁRIO MEIO,15/09/2025,1.4007584269662923,1.46,1.35,0.034867132422494236,0.10999999999999988,26,CLIMA200
1283-19,PESO MÉDIO DA AVE,AVIÁRIO MEIO,16/09/2025,1.4851753155680225,1.58,1.44,0.04412946472775185,0.14000000000000012,27,CLIMA200
1283-19,PESO MÉDIO DA AVE,AVIÁRIO MEIO,17/09/2025,1.5614418272662383,1.66,1.47,0.06237786072120125,0.18999999999999995,28,CLIMA200
1283-19,PESO MÉDIO DA AVE,AVIÁRIO MEIO,18/09/2025,1.6311430575035064,1.73,1.54,0.0607320744264806,0.18999999999999995,29,CLIMA200
1283-19,PESO MÉDIO DA AVE,AVIÁRIO MEIO,19/09/2025,1.7262148876404495,1.83,1.65,0.06234474111463075,0.18000000000000016,30,CLIMA200
1283-19,PESO MÉDIO DA AVE,AVIÁRIO MEIO,20/09/2025,1.7858978723404253,1.91,1.71,0.06594922447034522,0.19999999999999996,31,CLIMA200
1283-19,PESO MÉDIO DA AVE,AVIÁRIO MEIO,21/08/2025,0.06693430656934307,0.07,0.06,0.004610689546672533,0.010000000000000009,1,CLIMA200
1283-19,PESO MÉDIO DA AVE,AVIÁRIO MEIO,21/09/2025,1.836369382022472,1.96,1.75,0.05652712449888527,0.20999999999999996,32,CLIMA200
1283-19,PESO MÉDIO DA AVE,AVIÁRIO MEIO,22/08/2025,0.07511921458625526,0.08,0.07,0.004998578586200785,0.009999999999999995,2,CLIMA200
1283-19,PESO MÉDIO DA AVE,AVIÁRIO MEIO,22/09/2025,1.9487289325842696,2.05,1.86,0.06032565747194281,0.18999999999999972,33,CLIMA200
1283-19,PESO MÉDIO DA AVE,AVIÁRIO MEIO,23/08/2025,0.0916994382022472,0.1,0.08,0.005907013515571614,0.020000000000000004,3,CLIMA200
1283-19,PESO MÉDIO DA AVE,AVIÁRIO MEIO,23/09/2025,2.0250561797752806,2.15,1.94,0.07226859382070695,0.20999999999999996,34,CLIMA200
1283-19,PESO MÉDIO DA AVE,AVIÁRIO MEIO,24/08/2025,0.10936708860759495,0.12,0.1,0.006689327506876709,0.01999999999999999,4,CLIMA200
1283-19,PESO MÉDIO DA AVE,AVIÁRIO MEIO,24/09/2025,2.1212061711079944,2.39,1.96,0.15018110942497606,0.43000000000000016,35,CLIMA200
1283-19,PESO MÉDIO DA AVE,AVIÁRIO MEIO,25/08/2025,0.1307876230661041,0.14,0.12,0.007608468437155286,0.020000000000000018,5,CLIMA200
1283-19,PESO MÉDIO DA AVE,AVIÁRIO MEIO,25/09/2025,2.25072695035461,2.4,2.0,0.14088815260050103,0.3999999999999999,36,CLIMA200
1283-19,PESO MÉDIO DA AVE,AVIÁRIO MEIO,26/08/2025,0.15551336146272857,0.17,0.14,0.008300578925643986,0.03,6,CLIMA200
1283-19,PESO MÉDIO DA AVE,AVIÁRIO MEIO,26/09/2025,2.323078541374474,2.43,2.22,0.05392312591710721,0.20999999999999996,37,CLIMA200
1283-19,PESO MÉDIO DA AVE,AVIÁRIO MEIO,27/08/2025,0.18867307692307692,0.22,0.17,0.01673230541135042,0.04999999999999999,7,CLIMA200
1283-19,PESO MÉDIO DA AVE,AVIÁRIO MEIO,27/09/2025,2.4721775898520084,2.62,2.4,0.055817148668876326,0.2200000000000002,38,CLIMA200
1283-19,PESO MÉDIO DA AVE,AVIÁRIO MEIO,28/08/2025,0.2147875816993464,0.24,0.19,0.011817815399577802,0.04999999999999999,8,CLIMA200
1283-19,PESO MÉDIO DA AVE,AVIÁRIO MEIO,28/09/2025,2.632,2.78,2.46,0.10438134069705379,0.31999999999999984,39,CLIMA200
1283-19,PESO MÉDIO DA AVE,AVIÁRIO MEIO,29/08/2025,0.2622299306243806,0.28,0.24,0.010330641639557546,0.040000000000000036,9,CLIMA200
1283-19,PESO MÉDIO DA AVE,AVIÁRIO MEIO,29/09/2025,2.7036974789915966,2.78,2.59,0.04408323320977116,0.18999999999999995,40,CLIMA200
1283-19,PESO MÉDIO DA AVE,AVIÁRIO MEIO,30/08/2025,0.2891350210970464,0.32,0.27,0.01501138986110668,0.04999999999999999,10,CLIMA200
1283-19,PESO MÉDIO DA AVE,AVIÁRIO MEIO,30/09/2025,2.7043969298245614,2.78,2.67,0.022615888477509144,0.10999999999999988,41,CLIMA200
1283-19,PESO MÉDIO DA AVE,AVIÁRIO MEIO,31/08/2025,0.329549929676512,0.37,0.31,0.016994910195963924,0.06,11,CLIMA200
1283-19,PESOS QUALIFICADOS,AVIÁRIO FRENTE,01/09/2025,0.3812845642282114,0.5,0.28,0.047340860100980826,0.21999999999999997,12,CLIMA200
1283-19,PESOS QUALIFICADOS,AVIÁRIO FRENTE,02/09/2025,0.4248900343642612,0.55,0.31,0.051489547236009216,0.24000000000000005,13,CLIMA200
1283-19,PESOS QUALIFICADOS,AVIÁRIO FRENTE,03/09/2025,0.4815871516296646,0.66,0.32,0.06678056894436453,0.34,14,CLIMA200
1283-19,PESOS QUALIFICADOS,AVIÁRIO FRENTE,04/09/2025,0.5424629080118694,0.72,0.39,0.06991281386189206,0.32999999999999996,15,CLIMA200
1283-19,PESOS QUALIFICADOS,AVIÁRIO FRENTE,05/09/2025,0.6007548100641342,0.81,0.42,0.08135794075702671,0.39000000000000007,16,CLIMA200
1283-19,PESOS QUALIFICADOS,AVIÁRIO FRENTE,06/09/2025,0.6786083956296721,0.88,0.5,0.08155275836198664,0.38,17,CLIMA200
1283-19,PESOS QUALIFICADOS,AVIÁRIO FRENTE,07/09/2025,0.7408579710144928,1.0,0.51,0.09812305259701055,0.49,18,CLIMA200
1283-19,PESOS QUALIFICADOS,AVIÁRIO FRENTE,08/09/2025,0.8392365456821026,1.09,0.61,0.10048277888348739,0.4800000000000001,19,CLIMA200
1283-19,PESOS QUALIFICADOS,AVIÁRIO FRENTE,09/09/2025,0.9085610561056106,1.2,0.66,0.10713263455951931,0.5399999999999999,20,CLIMA200
1283-19,PESOS QUALIFICADOS,AVIÁRIO FRENTE,10/09/2025,0.9907567964731815,1.32,0.67,0.1226235390489925,0.65,21,CLIMA200
1283-19,PESOS QUALIFICADOS,AVIÁRIO FRENTE,11/09/2025,1.089558693733451,1.45,0.79,0.1322357791107346,0.6599999999999999,22,CLIMA200
1283-19,PESOS QUALIFICADOS,AVIÁRIO FRENTE,12/09/2025,1.1261070911722142,1.48,0.78,0.148802397526966,0.7,23,CLIMA200
1283-19,PESOS QUALIFICADOS,AVIÁRIO FRENTE,13/09/2025,1.1760302197802197,1.51,0.8,0.17620397199298768,0.71,24,CLIMA200
1283-19,PESOS QUALIFICADOS,AVIÁRIO FRENTE,14/09/2025,1.2721491228070174,1.67,0.93,0.1806006093610148,0.7399999999999999,25,CLIMA200
1283-19,PESOS QUALIFICADOS,AVIÁRIO FRENTE,15/09/2025,1.3477637795275592,1.76,0.97,0.18466238428113071,0.79,26,CLIMA200
1283-19,PESOS QUALIFICADOS,AVIÁRIO FRENTE,16/09/2025,1.4119342359767892,1.87,0.98,0.21633426462383423,0.8900000000000001,27,CLIMA200
1283-19,PESOS QUALIFICADOS,AVIÁRIO FRENTE,17/09/2025,1.5157724957555179,2.03,1.06,0.2271031624047679,0.9699999999999998,28,CLIMA200
1283-19,PESOS QUALIFICADOS,AVIÁRIO FRENTE,18/09/2025,1.5525827814569537,2.12,1.07,0.25378189409362223,1.05,29,CLIMA200
1283-19,PESOS QUALIFICADOS,AVIÁRIO FRENTE,19/09/2025,1.5887090558766859,2.19,1.1,0.26001272781740314,1.0899999999999999,30,CLIMA200
1283-19,PESOS QUALIFICADOS,AVIÁRIO FRENTE,20/08/2025,0.05,0.05,0.05,0.0,0.0,0,CLIMA200
1283-19,PESOS QUALIFICADOS,AVIÁRIO FRENTE,20/09/2025,1.6789335664335665,2.34,1.11,0.3150803246335707,1.2299999999999998,31,CLIMA200
1283-19,PESOS QUALIFICADOS,AVIÁRIO FRENTE,21/08/2025,0.05360144057623049,0.08,0.03,0.009270878793459213,0.05,1,CLIMA200
1283-19,PESOS QUALIFICADOS,AVIÁRIO FRENTE,21/09/2025,1.7561462450592886,2.46,1.09,0.33598238113116013,1.3699999999999999,32,CLIMA200
1283-19,PESOS QUALIFICADOS,AVIÁRIO FRENTE,22/08/2025,0.07245949926362298,0.1,0.04,0.010210785558552949,0.060000000000000005,2,CLIMA200
1283-19,PESOS QUALIFICADOS,AVIÁRIO FRENTE,22/09/2025,1.9756410256410255,2.59,1.37,0.26365608264276924,1.2199999999999998,33,CLIMA200
1283-19,PESOS QUALIFICADOS,AVIÁRIO FRENTE,23/08/2025,0.09151586368977672,0.12,0.06,0.01158144590946761,0.06,3,CLIMA200
1283-19,PESOS QUALIFICADOS,AVIÁRIO FRENTE,23/09/2025,2.070580357142857,2.7,1.5,0.28631919433165864,1.2000000000000002,34,CLIMA200
1283-19,PESOS QUALIFICADOS,AVIÁRIO FRENTE,24/08/2025,0.11303482587064675,0.15,0.07,0.013673901049504469,0.07999999999999999,4,CLIMA200
1283-19,PESOS QUALIFICADOS,AVIÁRIO FRENTE,24/09/2025,2.135959079283887,2.86,1.5,0.3270593435177684,1.3599999999999999,35,CLIMA200
1283-19,PESOS QUALIFICADOS,AVIÁRIO FRENTE,25/08/2025,0.13412231930103258,0.18,0.1,0.01596524130623625,0.07999999999999999,5,CLIMA200
1283-19,PESOS QUALIFICADOS,AVIÁRIO FRENTE,25/09/2025,2.2649999999999997,3.06,1.55,0.3505287511822773,1.51,36,CLIMA200
1283-19,PESOS QUALIFICADOS,AVIÁRIO FRENTE,26/08/2025,0.1579672131147541,0.21,0.11,0.018146911594814075,0.09999999999999999,6,CLIMA200
1283-19,PESOS QUALIFICADOS,AVIÁRIO FRENTE,26/09/2025,2.3437321937321935,3.1,1.57,0.3482844026738787,1.53,37,CLIMA200
1283-19,PESOS QUALIFICADOS,AVIÁRIO FRENTE,27/08/2025,0.1882390438247012,0.25,0.13,0.02439234885678437,0.12,7,CLIMA200
1283-19,PESOS QUALIFICADOS,AVIÁRIO FRENTE,27/09/2025,2.3881019830028327,3.23,1.59,0.3924082265044447,1.64,38,CLIMA200
1283-19,PESOS QUALIFICADOS,AVIÁRIO FRENTE,28/08/2025,0.21208809135399673,0.28,0.15,0.02822096576581161,0.13000000000000003,8,CLIMA200
1283-19,PESOS QUALIFICADOS,AVIÁRIO FRENTE,28/09/2025,2.512267002518892,3.36,1.61,0.4384733065403706,1.7499999999999998,39,CLIMA200
1283-19,PESOS QUALIFICADOS,AVIÁRIO FRENTE,29/08/2025,0.2436086360520905,0.32,0.17,0.034085029860331136,0.15,9,CLIMA200
1283-19,PESOS QUALIFICADOS,AVIÁRIO FRENTE,29/09/2025,2.6255917159763316,3.54,1.66,0.435216506199675,1.8800000000000001,40,CLIMA200
1283-19,PESOS QUALIFICADOS,AVIÁRIO FRENTE,30/08/2025,0.292511043153245,0.4,0.19,0.0404525176118971,0.21000000000000002,10,CLIMA200
1283-19,PESOS QUALIFICADOS,AVIÁRIO FRENTE,30/09/2025,2.825,3.63,1.87,0.4070098278911685,1.7599999999999998,41,CLIMA200
1283-19,PESOS QUALIFICADOS,AVIÁRIO FRENTE,31/08/2025,0.3368336314847943,0.45,0.22,0.04538792301773901,0.23,11,CLIMA200
1283-19,PESOS QUALIFICADOS,AVIÁRIO MEIO,01/09/2025,0.3774276422764227,0.5,0.26,0.0428791178558947,0.24,12,CLIMA200
1283-19,PESOS QUALIFICADOS,AVIÁRIO MEIO,02/09/2025,0.430407181789035,0.57,0.3,0.04673015342602926,0.26999999999999996,13,CLIMA200
1283-19,PESOS QUALIFICADOS,AVIÁRIO MEIO,03/09/2025,0.484561170212766,0.64,0.34,0.05535493772506154,0.3,14,CLIMA200
1283-19,PESOS QUALIFICADOS,AVIÁRIO MEIO,04/09/2025,0.5468607705779335,0.74,0.37,0.06622743717510667,0.37,15,CLIMA200
1283-19,PESOS QUALIFICADOS,AVIÁRIO MEIO,05/09/2025,0.6099002267573695,0.82,0.4,0.07414326405946021,0.41999999999999993,16,CLIMA200
1283-19,PESOS QUALIFICADOS,AVIÁRIO MEIO,06/09/2025,0.6677427961579508,0.87,0.47,0.07508427150191616,0.4,17,CLIMA200
1283-19,PESOS QUALIFICADOS,AVIÁRIO MEIO,07/09/2025,0.7429250559284116,0.98,0.53,0.08678705056775271,0.44999999999999996,18,CLIMA200
1283-19,PESOS QUALIFICADOS,AVIÁRIO MEIO,08/09/2025,0.817059891107078,1.08,0.58,0.09420958175195382,0.5000000000000001,19,CLIMA200
1283-19,PESOS QUALIFICADOS,AVIÁRIO MEIO,09/09/2025,0.9064804110468851,1.19,0.61,0.10663749797634144,0.58,20,CLIMA200
1283-19,PESOS QUALIFICADOS,AVIÁRIO MEIO,10/09/2025,0.9806393861892583,1.23,0.73,0.10878943449353794,0.5,21,CLIMA200
1283-19,PESOS QUALIFICADOS,AVIÁRIO MEIO,11/09/2025,1.0633157431838172,1.38,0.77,0.11756769657936234,0.6099999999999999,22,CLIMA200
1283-19,PESOS QUALIFICADOS,AVIÁRIO MEIO,12/09/2025,1.1472010869565217,1.48,0.74,0.13705577569366623,0.74,23,CLIMA200
1283-19,PESOS QUALIFICADOS,AVIÁRIO MEIO,13/09/2025,1.2364004914004914,1.58,0.91,0.1492600645831486,0.67,24,CLIMA200
1283-19,PESOS QUALIFICADOS,AVIÁRIO MEIO,14/09/2025,1.3075985221674877,1.66,0.96,0.156004677831164,0.7,25,CLIMA200
1283-19,PESOS QUALIFICADOS,AVIÁRIO MEIO,15/09/2025,1.4032314923619273,1.8,1.02,0.16297114072668867,0.78,26,CLIMA200
1283-19,PESOS QUALIFICADOS,AVIÁRIO MEIO,16/09/2025,1.483362573099415,1.95,1.1,0.1820941617554667,0.8499999999999999,27,CLIMA200
1283-19,PESOS QUALIFICADOS,AVIÁRIO MEIO,17/09/2025,1.5617123287671233,2.03,1.11,0.19566223898803184,0.9199999999999997,28,CLIMA200
1283-19,PESOS QUALIFICADOS,AVIÁRIO MEIO,18/09/2025,1.6333571428571427,2.15,1.16,0.21391373666666294,0.99,29,CLIMA200
1283-19,PESOS QUALIFICADOS,AVIÁRIO MEIO,19/09/2025,1.7295559845559845,2.26,1.25,0.23132569877136805,1.0099999999999998,30,CLIMA200
1283-19,PESOS QUALIFICADOS,AVIÁRIO MEIO,20/08/2025,0.05,0.05,0.05,0.0,0.0,0,CLIMA200
1283-19,PESOS QUALIFICADOS,AVIÁRIO MEIO,20/09/2025,1.7925844930417494,2.36,1.26,0.27258879728204066,1.0999999999999999,31,CLIMA200
1283-19,PESOS QUALIFICADOS,AVIÁRIO MEIO,21/08/2025,0.056666666666666664,0.08,0.04,0.008785054193183886,0.04,1,CLIMA200
1283-19,PESOS QUALIFICADOS,AVIÁRIO MEIO,21/09/2025,1.8571052631578948,2.35,1.33,0.24341493591176913,1.02,32,CLIMA200
1283-19,PESOS QUALIFICADOS,AVIÁRIO MEIO,22/08/2025,0.07161500815660685,0.1,0.05,0.008443376500496444,0.05,2,CLIMA200
1283-19,PESOS QUALIFICADOS,AVIÁRIO MEIO,22/09/2025,1.9596724890829693,2.54,1.41,0.278050177971934,1.1300000000000001,33,CLIMA200
1283-19,PESOS QUALIFICADOS,AVIÁRIO MEIO,23/08/2025,0.08895734597156399,0.12,0.06,0.010599103388503074,0.06,3,CLIMA200
1283-19,PESOS QUALIFICADOS,AVIÁRIO MEIO,23/09/2025,2.023361111111111,2.62,1.47,0.26204024847528357,1.1500000000000001,34,CLIMA200
1283-19,PESOS QUALIFICADOS,AVIÁRIO MEIO,24/08/2025,0.10635693215339233,0.14,0.07,0.013097187341258996,0.07,4,CLIMA200
1283-19,PESOS QUALIFICADOS,AVIÁRIO MEIO,24/09/2025,2.2134866828087167,2.97,1.49,0.33385770401426274,1.4800000000000002,35,CLIMA200
1283-19,PESOS QUALIFICADOS,AVIÁRIO MEIO,25/08/2025,0.12942528735632183,0.17,0.09,0.014737653850236256,0.08000000000000002,5,CLIMA200
1283-19,PESOS QUALIFICADOS,AVIÁRIO MEIO,25/09/2025,2.2383627204030225,2.94,1.56,0.3392406536350647,1.38,36,CLIMA200
1283-19,PESOS QUALIFICADOS,AVIÁRIO MEIO,26/08/2025,0.15443298969072164,0.2,0.11,0.017416186884134807,0.09000000000000001,6,CLIMA200
1283-19,PESOS QUALIFICADOS,AVIÁRIO MEIO,26/09/2025,2.347554479418886,2.95,1.7,0.3025438155857517,1.2500000000000002,37,CLIMA200
1283-19,PESOS QUALIFICADOS,AVIÁRIO MEIO,27/08/2025,0.19003602676273804,0.26,0.13,0.022782480539212984,0.13,7,CLIMA200
1283-19,PESOS QUALIFICADOS,AVIÁRIO MEIO,27/09/2025,2.5070247933884295,3.15,1.83,0.29999075640883266,1.3199999999999998,38,CLIMA200
1283-19,PESOS QUALIFICADOS,AVIÁRIO MEIO,28/08/2025,0.2135762772418721,0.29,0.15,0.026585497210958205,0.13999999999999999,8,CLIMA200
1283-19,PESOS QUALIFICADOS,AVIÁRIO MEIO,28/09/2025,2.595625,3.36,1.8,0.3918879583184467,1.5599999999999998,39,CLIMA200
1283-19,PESOS QUALIFICADOS,AVIÁRIO MEIO,29/08/2025,0.24938531787846857,0.34,0.17,0.03100825493887917,0.17,9,CLIMA200
1283-19,PESOS QUALIFICADOS,AVIÁRIO MEIO,29/09/2025,2.6218620689655174,3.39,1.98,0.34649506713623235,1.4100000000000001,40,CLIMA200
1283-19,PESOS QUALIFICADOS,AVIÁRIO MEIO,30/08/2025,0.29021592920353984,0.39,0.2,0.035841185007204325,0.19,10,CLIMA200
1283-19,PESOS QUALIFICADOS,AVIÁRIO MEIO,30/09/2025,2.705170731707317,3.39,2.01,0.3575207244505723,1.3800000000000003,41,CLIMA200
1283-19,PESOS QUALIFICADOS,AVIÁRIO MEIO,31/08/2025,0.3327597891566265,0.44,0.23,0.040396522693651064,0.21,11,CLIMA200
1283-19,TEMPERATURA,AVIÁRIO FRENTE,01/09/2025,26.455338541666666,28.3,24.7,0.7175788574362307,3.6000000000000014,12,CLIMA200
1283-19,TEMPERATURA,AVIÁRIO FRENTE,01/10/2025,25.39026063100137,33.3,20.3,4.378796154421379,12.999999999999996,42,CLIMA200
1283-19,TEMPERATURA,AVIÁRIO FRENTE,02/09/2025,27.17957393483709,31.0,25.0,1.4508303106836427,6.0,13,CLIMA200
1283-19,TEMPERATURA,AVIÁRIO FRENTE,03/09/2025,27.227651515151514,33.1,24.4,1.969555028393858,8.700000000000003,14,CLIMA200
1283-19,TEMPERATURA,AVIÁRIO FRENTE,04/09/2025,26.286289308176098,29.1,24.2,1.1200070493147412,4.900000000000002,15,CLIMA200
1283-19,TEMPERATURA,AVIÁRIO FRENTE,05/09/2025,23.89961089494163,26.1,21.9,0.8174569748103966,4.200000000000003,16,CLIMA200
1283-19,TEMPERATURA,AVIÁRIO FRENTE,06/09/2025,24.37099236641221,28.0,21.2,1.5556997827959202,6.800000000000001,17,CLIMA200
1283-19,TEMPERATURA,AVIÁRIO FRENTE,07/09/2025,25.396590909090907,29.2,22.3,1.506920397754957,6.899999999999999,18,CLIMA200
1283-19,TEMPERATURA,AVIÁRIO FRENTE,08/09/2025,26.631432192648923,31.1,21.7,2.3597008686770886,9.400000000000002,19,CLIMA200
1283-19,TEMPERATURA,AVIÁRIO FRENTE,09/09/2025,25.180152671755724,30.1,20.2,1.7550473854833155,9.900000000000002,20,CLIMA200
1283-19,TEMPERATURA,AVIÁRIO FRENTE,10/09/2025,24.006944444444443,30.6,15.8,4.14437244788793,14.8,21,CLIMA200
1283-19,TEMPERATURA,AVIÁRIO FRENTE,11/09/2025,24.708717948717947,29.8,18.7,3.098548195598574,11.100000000000001,22,CLIMA200
1283-19,TEMPERATURA,AVIÁRIO FRENTE,12/09/2025,25.946491228070176,32.4,20.1,3.2871903687799624,12.299999999999997,23,CLIMA200
1283-19,TEMPERATURA,AVIÁRIO FRENTE,13/09/2025,25.59102564102564,31.4,21.1,2.3084119248364456,10.299999999999997,24,CLIMA200
1283-19,TEMPERATURA,AVIÁRIO FRENTE,14/09/2025,25.04058524173028,30.9,20.2,2.873874451828257,10.7,25,CLIMA200
1283-19,TEMPERATURA,AVIÁRIO FRENTE,15/09/2025,25.59433962264151,32.0,19.3,3.3722479165154096,12.7,26,CLIMA200
1283-19,TEMPERATURA,AVIÁRIO FRENTE,16/09/2025,26.56601815823606,32.5,21.2,2.69201385948219,11.3,27,CLIMA200
1283-19,TEMPERATURA,AVIÁRIO FRENTE,17/09/2025,26.71957070707071,31.7,20.9,2.5638479834760366,10.8,28,CLIMA200
1283-19,TEMPERATURA,AVIÁRIO FRENTE,18/09/2025,26.153128991060026,32.1,20.4,2.5412635090022455,11.700000000000003,29,CLIMA200
1283-19,TEMPERATURA,AVIÁRIO FRENTE,19/09/2025,26.10839895013123,33.8,19.7,3.0888348266370116,14.099999999999998,30,CLIMA200
1283-19,TEMPERATURA,AVIÁRIO FRENTE,20/09/2025,26.53560606060606,32.3,20.7,3.1729634184643243,11.599999999999998,31,CLIMA200
1283-19,TEMPERATURA,AVIÁRIO FRENTE,21/09/2025,27.51673101673102,35.7,21.9,3.518281451456574,13.800000000000004,32,CLIMA200
1283-19,TEMPERATURA,AVIÁRIO FRENTE,22/09/2025,23.837246963562755,31.8,17.8,4.14745291717006,14.0,33,CLIMA200
1283-19,TEMPERATURA,AVIÁRIO FRENTE,23/09/2025,23.080566280566277,34.5,14.4,5.362117053293978,20.1,34,CLIMA200
1283-19,TEMPERATURA,AVIÁRIO FRENTE,24/09/2025,23.872549019607842,33.1,16.7,4.377436730099996,16.400000000000002,35,CLIMA200
1283-19,TEMPERATURA,AVIÁRIO FRENTE,25/08/2025,27.36201550387597,28.6,26.3,0.361133830000067,2.3000000000000007,5,CLIMA200
1283-19,TEMPERATURA,AVIÁRIO FRENTE,25/09/2025,23.952380952380953,30.0,19.9,2.5372123900095698,10.100000000000001,36,CLIMA200
1283-19,TEMPERATURA,AVIÁRIO FRENTE,26/08/2025,27.17763888888889,29.5,26.0,0.6443019328776174,3.5,6,CLIMA200
1283-19,TEMPERATURA,AVIÁRIO FRENTE,26/09/2025,24.08314028314028,34.0,16.0,4.485261024488794,18.0,37,CLIMA200
1283-19,TEMPERATURA,AVIÁRIO FRENTE,27/08/2025,27.57768707482993,30.6,25.6,1.1580032474589779,5.0,7,CLIMA200
1283-19,TEMPERATURA,AVIÁRIO FRENTE,27/09/2025,25.862103929024084,34.8,17.0,4.7830071130720615,17.799999999999997,38,CLIMA200
1283-19,TEMPERATURA,AVIÁRIO FRENTE,28/08/2025,27.292015209125477,29.8,25.7,1.0062666105612188,4.100000000000001,8,CLIMA200
1283-19,TEMPERATURA,AVIÁRIO FRENTE,28/09/2025,26.678076923076926,34.7,19.6,4.443949374752689,15.100000000000001,39,CLIMA200
1283-19,TEMPERATURA,AVIÁRIO FRENTE,29/08/2025,27.745880861850445,31.9,25.5,1.5366659846206776,6.399999999999999,9,CLIMA200
1283-19,TEMPERATURA,AVIÁRIO FRENTE,29/09/2025,27.10827067669173,34.5,20.6,4.353019493834306,13.899999999999999,40,CLIMA200
1283-19,TEMPERATURA,AVIÁRIO FRENTE,30/08/2025,27.86098484848485,31.5,25.4,1.585184098467081,6.100000000000001,10,CLIMA200
1283-19,TEMPERATURA,AVIÁRIO FRENTE,30/09/2025,25.73916349809886,33.9,20.4,4.471217605918838,13.5,41,CLIMA200
1283-19,TEMPERATURA,AVIÁRIO FRENTE,31/08/2025,27.21558109833972,31.0,25.0,1.4317196256023688,6.0,11,CLIMA200
1283-19,TEMPERATURA,AVIÁRIO FUNDO,01/09/2025,26.570703125,27.2,25.5,0.35515331987066806,1.6999999999999993,12,CLIMA200
1283-19,TEMPERATURA,AVIÁRIO FUNDO,01/10/2025,24.61152263374486,28.6,21.5,1.9193274463195273,7.100000000000001,42,CLIMA200
1283-19,TEMPERATURA,AVIÁRIO FUNDO,02/09/2025,27.53796992481203,29.8,26.1,1.245362078217517,3.6999999999999993,13,CLIMA200
1283-19,TEMPERATURA,AVIÁRIO FUNDO,03/09/2025,27.850757575757576,31.5,25.6,1.7455352661785144,5.899999999999999,14,CLIMA200
1283-19,TEMPERATURA,AVIÁRIO FUNDO,04/09/2025,26.741509433962264,29.2,25.6,1.0322413719237642,3.599999999999998,15,CLIMA200
1283-19,TEMPERATURA,AVIÁRIO FUNDO,05/09/2025,24.147859922178988,25.8,22.8,0.6431359302170823,3.0,16,CLIMA200
1283-19,TEMPERATURA,AVIÁRIO FUNDO,06/09/2025,24.486259541984733,27.6,22.4,1.446779174041258,5.200000000000003,17,CLIMA200
1283-19,TEMPERATURA,AVIÁRIO FUNDO,07/09/2025,25.511363636363637,27.2,23.3,1.097010243265368,3.8999999999999986,18,CLIMA200
1283-19,TEMPERATURA,AVIÁRIO FUNDO,08/09/2025,27.634980988593156,31.0,23.9,2.122626766832452,7.100000000000001,19,CLIMA200
1283-19,TEMPERATURA,AVIÁRIO FUNDO,09/09/2025,26.234732824427482,28.5,22.9,1.0005607803537442,5.600000000000001,20,CLIMA200
1283-19,TEMPERATURA,AVIÁRIO FUNDO,10/09/2025,24.979924242424243,29.5,18.4,3.4402935472471645,11.100000000000001,21,CLIMA200
1283-19,TEMPERATURA,AVIÁRIO FUNDO,11/09/2025,25.676923076923078,29.7,20.7,2.9851308040284836,9.0,22,CLIMA200
1283-19,TEMPERATURA,AVIÁRIO FUNDO,12/09/2025,26.582706766917294,31.0,21.5,3.100351939231573,9.5,23,CLIMA200
1283-19,TEMPERATURA,AVIÁRIO FUNDO,13/09/2025,26.08269230769231,30.0,22.8,2.2382102356953677,7.199999999999999,24,CLIMA200
1283-19,TEMPERATURA,AVIÁRIO FUNDO,14/09/2025,25.47824427480916,29.6,21.2,2.86881494828532,8.400000000000002,25,CLIMA200
1283-19,TEMPERATURA,AVIÁRIO FUNDO,15/09/2025,25.946415094339624,31.2,20.4,3.44849931503688,10.8,26,CLIMA200
1283-19,TEMPERATURA,AVIÁRIO FUNDO,16/09/2025,26.812451361867705,30.7,23.2,2.342452201790505,7.5,27,CLIMA200
1283-19,TEMPERATURA,AVIÁRIO FUNDO,17/09/2025,27.482954545454547,30.9,23.6,2.1665617359100615,7.299999999999997,28,CLIMA200
1283-19,TEMPERATURA,AVIÁRIO FUNDO,18/09/2025,26.75823754789272,30.2,22.7,2.066828682259038,7.5,29,CLIMA200
1283-19,TEMPERATURA,AVIÁRIO FUNDO,19/09/2025,26.446456692913383,30.0,20.7,2.7144058753249483,9.3,30,CLIMA200
1283-19,TEMPERATURA,AVIÁRIO FUNDO,20/09/2025,27.159469696969698,31.0,24.6,1.5614876426576707,6.399999999999999,31,CLIMA200
1283-19,TEMPERATURA,AVIÁRIO FUNDO,21/09/2025,27.37837837837838,29.3,25.4,1.1138976733586925,3.900000000000002,32,CLIMA200
1283-19,TEMPERATURA,AVIÁRIO FUNDO,22/09/2025,23.805263157894736,26.9,19.2,2.0329503877187896,7.699999999999999,33,CLIMA200
1283-19,TEMPERATURA,AVIÁRIO FUNDO,23/09/2025,21.806177606177606,27.6,15.5,3.9343601304925904,12.100000000000001,34,CLIMA200
1283-19,TEMPERATURA,AVIÁRIO FUNDO,24/09/2025,23.11058823529412,28.4,19.2,3.330925450961257,9.2,35,CLIMA200
1283-19,TEMPERATURA,AVIÁRIO FUNDO,25/08/2025,23.237984496124028,24.0,22.6,0.4281189790523517,1.3999999999999986,5,CLIMA200
1283-19,TEMPERATURA,AVIÁRIO FUNDO,25/09/2025,24.645714285714288,28.1,22.6,1.6653344335328173,5.5,36,CLIMA200
1283-19,TEMPERATURA,AVIÁRIO FUNDO,26/08/2025,24.986666666666668,28.5,22.2,2.068531416783913,6.300000000000001,6,CLIMA200
1283-19,TEMPERATURA,AVIÁRIO FUNDO,26/09/2025,24.244015444015442,28.4,19.2,2.859582700297159,9.2,37,CLIMA200
1283-19,TEMPERATURA,AVIÁRIO FUNDO,27/08/2025,26.654285714285717,29.4,24.7,1.4442963119576926,4.699999999999999,7,CLIMA200
1283-19,TEMPERATURA,AVIÁRIO FUNDO,27/09/2025,25.28174904942966,28.9,19.6,2.618385125809732,9.299999999999997,38,CLIMA200
1283-19,TEMPERATURA,AVIÁRIO FUNDO,28/08/2025,27.03764258555133,29.3,24.6,1.497192986236093,4.699999999999999,8,CLIMA200
1283-19,TEMPERATURA,AVIÁRIO FUNDO,28/09/2025,25.910769230769233,28.7,23.0,1.7871225757041918,5.699999999999999,39,CLIMA200
1283-19,TEMPERATURA,AVIÁRIO FUNDO,29/08/2025,27.59315589353612,30.2,25.5,1.4024526053660267,4.699999999999999,9,CLIMA200
1283-19,TEMPERATURA,AVIÁRIO FUNDO,29/09/2025,26.129323308270674,28.6,23.2,1.584097758189802,5.400000000000002,40,CLIMA200
1283-19,TEMPERATURA,AVIÁRIO FUNDO,30/08/2025,27.632575757575758,30.4,25.5,1.4900679368344254,4.899999999999999,10,CLIMA200
1283-19,TEMPERATURA,AVIÁRIO FUNDO,30/09/2025,24.63536121673004,27.7,22.3,1.4253825324518592,5.399999999999999,41,CLIMA200
1283-19,TEMPERATURA,AVIÁRIO FUNDO,31/08/2025,27.01379310344828,30.3,25.0,1.350791374159564,5.300000000000001,11,CLIMA200
1283-19,TEMPERATURA,AVIÁRIO MEIO,01/09/2025,26.4259765625,27.4,25.3,0.41978536116763066,2.099999999999998,12,CLIMA200
1283-19,TEMPERATURA,AVIÁRIO MEIO,01/10/2025,23.532921810699587,27.0,21.2,1.6001628331679014,5.800000000000001,42,CLIMA200
1283-19,TEMPERATURA,AVIÁRIO MEIO,02/09/2025,27.575563909774438,31.0,25.6,1.5185335791077892,5.399999999999999,13,CLIMA200
1283-19,TEMPERATURA,AVIÁRIO MEIO,03/09/2025,27.872348484848487,32.5,25.3,2.008512324419754,7.199999999999999,14,CLIMA200
1283-19,TEMPERATURA,AVIÁRIO MEIO,04/09/2025,26.503018867924528,29.0,24.9,1.169804990853247,4.100000000000001,15,CLIMA200
1283-19,TEMPERATURA,AVIÁRIO MEIO,05/09/2025,23.885603112840467,25.6,22.4,0.6301649821573456,3.200000000000003,16,CLIMA200
1283-19,TEMPERATURA,AVIÁRIO MEIO,06/09/2025,24.289503816793893,27.3,21.7,1.2679341488068776,5.600000000000001,17,CLIMA200
1283-19,TEMPERATURA,AVIÁRIO MEIO,07/09/2025,25.342992424242425,27.8,22.9,1.1991743308210612,4.900000000000002,18,CLIMA200
1283-19,TEMPERATURA,AVIÁRIO MEIO,08/09/2025,27.42376425855513,31.5,22.8,2.5219918446692495,8.7,19,CLIMA200
1283-19,TEMPERATURA,AVIÁRIO MEIO,09/09/2025,25.73358778625954,29.6,21.5,1.3775107922450573,8.100000000000001,20,CLIMA200
1283-19,TEMPERATURA,AVIÁRIO MEIO,10/09/2025,24.693749999999998,30.8,16.9,4.088673697443546,13.900000000000002,21,CLIMA200
1283-19,TEMPERATURA,AVIÁRIO MEIO,11/09/2025,25.443076923076923,30.2,19.8,3.306960920927922,10.399999999999999,22,CLIMA200
1283-19,TEMPERATURA,AVIÁRIO MEIO,12/09/2025,26.5953007518797,32.5,20.9,3.508281891017497,11.600000000000001,23,CLIMA200
1283-19,TEMPERATURA,AVIÁRIO MEIO,13/09/2025,25.9375,30.5,22.2,2.2792706112330605,8.3,24,CLIMA200
1283-19,TEMPERATURA,AVIÁRIO MEIO,14/09/2025,25.289312977099236,30.2,20.6,2.967894411518587,9.599999999999998,25,CLIMA200
1283-19,TEMPERATURA,AVIÁRIO MEIO,15/09/2025,25.56754716981132,31.4,19.7,3.4813686885890616,11.7,26,CLIMA200
1283-19,TEMPERATURA,AVIÁRIO MEIO,16/09/2025,26.364980544747084,30.3,22.6,2.329363254373936,7.699999999999999,27,CLIMA200
1283-19,TEMPERATURA,AVIÁRIO MEIO,17/09/2025,26.986174242424244,31.0,22.9,2.298232634518689,8.100000000000001,28,CLIMA200
1283-19,TEMPERATURA,AVIÁRIO MEIO,18/09/2025,26.247892720306513,29.8,22.2,2.088686310076511,7.600000000000001,29,CLIMA200
1283-19,TEMPERATURA,AVIÁRIO MEIO,19/09/2025,25.971653543307088,30.0,20.5,2.675255455836591,9.5,30,CLIMA200
1283-19,TEMPERATURA,AVIÁRIO MEIO,20/09/2025,26.419507575757574,31.2,23.1,1.9039278936412432,8.099999999999998,31,CLIMA200
1283-19,TEMPERATURA,AVIÁRIO MEIO,21/09/2025,26.78957528957529,30.1,23.9,1.5732953062853008,6.200000000000003,32,CLIMA200
1283-19,TEMPERATURA,AVIÁRIO MEIO,22/09/2025,23.018218623481783,26.3,18.6,1.9391533861553574,7.699999999999999,33,CLIMA200
1283-19,TEMPERATURA,AVIÁRIO MEIO,23/09/2025,21.476061776061776,28.6,14.9,3.942972627224399,13.700000000000001,34,CLIMA200
1283-19,TEMPERATURA,AVIÁRIO MEIO,24/09/2025,22.788235294117648,29.0,18.8,3.3585943055603753,10.2,35,CLIMA200
1283-19,TEMPERATURA,AVIÁRIO MEIO,25/08/2025,26.0984496124031,27.9,23.9,1.3755046710841325,4.0,5,CLIMA200
1283-19,TEMPERATURA,AVIÁRIO MEIO,25/09/2025,24.09,28.0,21.8,1.787628117286794,6.199999999999999,36,CLIMA200
1283-19,TEMPERATURA,AVIÁRIO MEIO,26/08/2025,26.711458333333333,29.4,23.5,1.4716961438866147,5.899999999999999,6,CLIMA200
1283-19,TEMPERATURA,AVIÁRIO MEIO,26/09/2025,23.5530888030888,28.0,18.2,3.0908540066110537,9.8,37,CLIMA200
1283-19,TEMPERATURA,AVIÁRIO MEIO,27/08/2025,27.260204081632654,28.9,25.9,0.8991537740403881,3.0,7,CLIMA200
1283-19,TEMPERATURA,AVIÁRIO MEIO,27/09/2025,24.699049429657798,29.1,19.2,2.8423633678097504,9.900000000000002,38,CLIMA200
1283-19,TEMPERATURA,AVIÁRIO MEIO,28/08/2025,27.231939163498097,29.5,25.6,1.0639114843298882,3.8999999999999986,8,CLIMA200
1283-19,TEMPERATURA,AVIÁRIO MEIO,28/09/2025,25.289807692307694,29.0,21.6,2.022515560826917,7.399999999999999,39,CLIMA200
1283-19,TEMPERATURA,AVIÁRIO MEIO,29/08/2025,27.633650190114068,31.0,25.6,1.5105550006380104,5.399999999999999,9,CLIMA200
1283-19,TEMPERATURA,AVIÁRIO MEIO,29/09/2025,25.607706766917293,28.8,22.4,1.797219240026463,6.400000000000002,40,CLIMA200
1283-19,TEMPERATURA,AVIÁRIO MEIO,30/08/2025,27.63901515151515,31.1,25.5,1.6355637337148479,5.600000000000001,10,CLIMA200
1283-19,TEMPERATURA,AVIÁRIO MEIO,30/09/2025,23.89448669201521,27.1,21.3,1.6345683558355264,5.800000000000001,41,CLIMA200
1283-19,TEMPERATURA,AVIÁRIO MEIO,31/08/2025,27.00249042145594,30.7,25.1,1.4165191014775418,5.599999999999998,11,CLIMA200
1283-19,TEMPERATURA,EXTERNO,01/09/2025,20.526171875,24.3,18.0,1.5750181651203317,6.300000000000001,12,CLIMA200
1283-19,TEMPERATURA,EXTERNO,01/10/2025,22.286008230452676,26.0,19.6,1.9836081643627161,6.399999999999999,42,CLIMA200
1283-19,TEMPERATURA,EXTERNO,02/09/2025,25.239473684210527,34.9,18.7,5.469105137148775,16.2,13,CLIMA200
1283-19,TEMPERATURA,EXTERNO,03/09/2025,26.73787878787879,36.6,19.1,5.785398683297603,17.5,14,CLIMA200
1283-19,TEMPERATURA,EXTERNO,04/09/2025,23.30943396226415,29.4,19.1,3.1433826360439037,10.299999999999997,15,CLIMA200
1283-19,TEMPERATURA,EXTERNO,05/09/2025,16.115175097276268,20.5,13.8,1.7399973356576366,6.699999999999999,16,CLIMA200
1283-19,TEMPERATURA,EXTERNO,06/09/2025,17.72480916030534,26.1,13.1,3.6461674642452673,13.000000000000002,17,CLIMA200
1283-19,TEMPERATURA,EXTERNO,07/09/2025,20.659848484848485,26.8,16.2,2.993613400084309,10.600000000000001,18,CLIMA200
1283-19,TEMPERATURA,EXTERNO,08/09/2025,25.458935361216728,33.9,17.9,5.473891193484148,16.0,19,CLIMA200
1283-19,TEMPERATURA,EXTERNO,09/09/2025,22.413358778625955,33.0,16.2,4.396556270448136,16.8,20,CLIMA200
1283-19,TEMPERATURA,EXTERNO,10/09/2025,22.4594696969697,35.4,11.8,7.586809807297927,23.599999999999998,21,CLIMA200
1283-19,TEMPERATURA,EXTERNO,11/09/2025,23.51269230769231,34.2,16.2,5.279331293386076,18.000000000000004,22,CLIMA200
1283-19,TEMPERATURA,EXTERNO,12/09/2025,27.606766917293232,43.1,17.6,7.863030423565273,25.5,23,CLIMA200
1283-19,TEMPERATURA,EXTERNO,13/09/2025,24.075,32.7,19.6,3.822699157160285,13.100000000000001,24,CLIMA200
1283-19,TEMPERATURA,EXTERNO,14/09/2025,24.08969465648855,34.7,17.6,5.492813547729801,17.1,25,CLIMA200
1283-19,TEMPERATURA,EXTERNO,15/09/2025,24.92,36.2,16.9,6.247669452276231,19.300000000000004,26,CLIMA200
1283-19,TEMPERATURA,EXTERNO,16/09/2025,26.67509727626459,38.8,19.5,6.094125710977652,19.299999999999997,27,CLIMA200
1283-19,TEMPERATURA,EXTERNO,17/09/2025,27.850757575757576,38.7,19.7,5.7860136511706886,19.000000000000004,28,CLIMA200
1283-19,TEMPERATURA,EXTERNO,18/09/2025,26.664367816091954,36.9,19.1,5.367754805330811,17.799999999999997,29,CLIMA200
1283-19,TEMPERATURA,EXTERNO,19/09/2025,27.304330708661418,37.9,17.9,6.2542789246250985,20.0,30,CLIMA200
1283-19,TEMPERATURA,EXTERNO,20/09/2025,28.09431818181818,38.3,21.1,5.872232254972225,17.199999999999996,31,CLIMA200
1283-19,TEMPERATURA,EXTERNO,21/09/2025,29.535907335907336,38.8,22.2,5.641105364783324,16.599999999999998,32,CLIMA200
1283-19,TEMPERATURA,EXTERNO,22/09/2025,21.5417004048583,30.0,15.9,4.028089874841099,14.1,33,CLIMA200
1283-19,TEMPERATURA,EXTERNO,23/09/2025,20.664092664092664,34.4,11.1,6.971917209932072,23.299999999999997,34,CLIMA200
1283-19,TEMPERATURA,EXTERNO,24/09/2025,23.428823529411765,40.4,15.8,8.435927636395725,24.599999999999998,35,CLIMA200
1283-19,TEMPERATURA,EXTERNO,25/08/2025,13.582170542635659,16.9,11.7,1.3896879139026228,5.199999999999999,5,CLIMA200
1283-19,TEMPERATURA,EXTERNO,25/09/2025,24.59857142857143,33.8,20.7,3.8336663860048783,13.099999999999998,36,CLIMA200
1283-19,TEMPERATURA,EXTERNO,26/08/2025,16.537916666666668,29.5,11.2,5.316783550831164,18.3,6,CLIMA200
1283-19,TEMPERATURA,EXTERNO,26/09/2025,23.154826254826258,32.7,15.4,5.524861837990682,17.300000000000004,37,CLIMA200
1283-19,TEMPERATURA,EXTERNO,27/08/2025,20.271020408163263,31.3,10.9,5.913735048518267,20.4,7,CLIMA200
1283-19,TEMPERATURA,EXTERNO,27/09/2025,24.96083650190114,35.2,16.1,6.2102780672759055,19.1,38,CLIMA200
1283-19,TEMPERATURA,EXTERNO,28/08/2025,21.239163498098858,31.8,13.1,5.476533629317027,18.700000000000003,8,CLIMA200
1283-19,TEMPERATURA,EXTERNO,28/09/2025,25.74230769230769,34.2,19.7,4.3456143300257875,14.500000000000004,39,CLIMA200
1283-19,TEMPERATURA,EXTERNO,29/08/2025,23.18859315589354,34.2,15.1,5.917958034521369,19.1,9,CLIMA200
1283-19,TEMPERATURA,EXTERNO,29/09/2025,26.503383458646613,35.4,20.7,4.163539808885908,14.7,40,CLIMA200
1283-19,TEMPERATURA,EXTERNO,30/08/2025,24.488257575757576,34.1,18.0,5.445255649202325,16.1,10,CLIMA200
1283-19,TEMPERATURA,EXTERNO,30/09/2025,23.075285171102664,28.0,20.2,2.2517330491781107,7.800000000000001,41,CLIMA200
1283-19,TEMPERATURA,EXTERNO,31/08/2025,23.069348659003833,32.9,16.8,4.550110431598275,16.099999999999998,11,CLIMA200
1283-19,UMIDADE,AVIÁRIO MEIO,01/09/2025,6.58984375,7.0,6.0,0.4918618714496352,1.0,12,CLIMA200
1283-19,UMIDADE,AVIÁRIO MEIO,01/10/2025,7.934156378600823,8.0,7.0,0.24800854606286982,1.0,42,CLIMA200
1283-19,UMIDADE,AVIÁRIO MEIO,02/09/2025,6.142857142857143,7.0,5.0,0.7865682304133537,2.0,13,CLIMA200
1283-19,UMIDADE,AVIÁRIO MEIO,03/09/2025,5.534090909090909,7.0,5.0,0.5211190676271862,2.0,14,CLIMA200
1283-19,UMIDADE,AVIÁRIO MEIO,04/09/2025,6.0150943396226415,7.0,5.0,0.747169811320757,2.0,15,CLIMA200
1283-19,UMIDADE,AVIÁRIO MEIO,05/09/2025,6.953307392996109,7.0,6.0,0.2109796375365958,1.0,16,CLIMA200
1283-19,UMIDADE,AVIÁRIO MEIO,06/09/2025,6.194656488549619,7.0,6.0,0.39593603020581675,1.0,17,CLIMA200
1283-19,UMIDADE,AVIÁRIO MEIO,07/09/2025,6.541666666666667,7.0,6.0,0.4982608642958884,1.0,18,CLIMA200
1283-19,UMIDADE,AVIÁRIO MEIO,08/09/2025,6.300380228136882,7.0,5.0,0.7380736461475847,2.0,19,CLIMA200
1283-19,UMIDADE,AVIÁRIO MEIO,09/09/2025,6.4541984732824424,7.0,5.0,0.5760830546016782,2.0,20,CLIMA200
1283-19,UMIDADE,AVIÁRIO MEIO,10/09/2025,5.268939393939394,7.0,3.0,1.1869002521055092,4.0,21,CLIMA200
1283-19,UMIDADE,AVIÁRIO MEIO,11/09/2025,5.130769230769231,6.0,4.0,0.6666617356819597,2.0,22,CLIMA200
1283-19,UMIDADE,AVIÁRIO MEIO,12/09/2025,5.285714285714286,6.0,4.0,0.7516541014936045,2.0,23,CLIMA200
1283-19,UMIDADE,AVIÁRIO MEIO,13/09/2025,5.730769230769231,6.0,5.0,0.44356009979502803,1.0,24,CLIMA200
1283-19,UMIDADE,AVIÁRIO MEIO,14/09/2025,5.8320610687022905,7.0,5.0,0.7377774727680724,2.0,25,CLIMA200
1283-19,UMIDADE,AVIÁRIO MEIO,15/09/2025,6.1169811320754715,7.0,5.0,0.7899691536983874,2.0,26,CLIMA200
1283-19,UMIDADE,AVIÁRIO MEIO,16/09/2025,6.291828793774319,7.0,5.0,0.751426245612336,2.0,27,CLIMA200
1283-19,UMIDADE,AVIÁRIO MEIO,17/09/2025,6.087121212121212,7.0,5.0,0.6484136005890366,2.0,28,CLIMA200
1283-19,UMIDADE,AVIÁRIO MEIO,18/09/2025,5.532567049808429,6.0,5.0,0.49893825997489955,1.0,29,CLIMA200
1283-19,UMIDADE,AVIÁRIO MEIO,19/09/2025,5.4015748031496065,6.0,5.0,0.49021676901648464,1.0,30,CLIMA200
1283-19,UMIDADE,AVIÁRIO MEIO,20/09/2025,6.28030303030303,8.0,5.0,0.7911862396101135,3.0,31,CLIMA200
1283-19,UMIDADE,AVIÁRIO MEIO,21/09/2025,6.822393822393822,8.0,6.0,0.5551795974677639,2.0,32,CLIMA200
1283-19,UMIDADE,AVIÁRIO MEIO,22/09/2025,6.493927125506073,8.0,4.0,1.3819848582873326,4.0,33,CLIMA200
1283-19,UMIDADE,AVIÁRIO MEIO,23/09/2025,5.154440154440154,7.0,3.0,0.9582448438585252,4.0,34,CLIMA200
1283-19,UMIDADE,AVIÁRIO MEIO,24/09/2025,5.535294117647059,6.0,4.0,0.5955137934596405,2.0,35,CLIMA200
1283-19,UMIDADE,AVIÁRIO MEIO,25/08/2025,6.0,6.0,6.0,0.0,0.0,5,CLIMA200
1283-19,UMIDADE,AVIÁRIO MEIO,25/09/2025,4.828571428571428,6.0,4.0,0.6963461489687989,2.0,36,CLIMA200
1283-19,UMIDADE,AVIÁRIO MEIO,26/08/2025,6.108333333333333,7.0,6.0,0.3108009366495249,1.0,6,CLIMA200
1283-19,UMIDADE,AVIÁRIO MEIO,26/09/2025,5.517374517374518,7.0,5.0,0.5297038389836625,2.0,37,CLIMA200
1283-19,UMIDADE,AVIÁRIO MEIO,27/08/2025,6.146938775510204,7.0,5.0,0.6282798157380236,2.0,7,CLIMA200
1283-19,UMIDADE,AVIÁRIO MEIO,27/09/2025,5.669201520912548,7.0,5.0,0.5093070380517944,2.0,38,CLIMA200
1283-19,UMIDADE,AVIÁRIO MEIO,28/08/2025,5.942965779467681,7.0,5.0,0.6108788367602653,2.0,8,CLIMA200
1283-19,UMIDADE,AVIÁRIO MEIO,28/09/2025,6.826923076923077,8.0,6.0,0.6177239191068199,2.0,39,CLIMA200
1283-19,UMIDADE,AVIÁRIO MEIO,29/08/2025,5.901140684410646,7.0,5.0,0.5632255617777284,2.0,9,CLIMA200
1283-19,UMIDADE,AVIÁRIO MEIO,29/09/2025,7.0,8.0,6.0,0.49811675413689777,2.0,40,CLIMA200
1283-19,UMIDADE,AVIÁRIO MEIO,30/08/2025,6.0643939393939394,7.0,5.0,0.8069426564957164,2.0,10,CLIMA200
1283-19,UMIDADE,AVIÁRIO MEIO,30/09/2025,7.509505703422053,8.0,7.0,0.49990963343634126,1.0,41,CLIMA200
1283-19,UMIDADE,AVIÁRIO MEIO,31/08/2025,5.796934865900383,7.0,5.0,0.4641869581925166,2.0,11,CLIMA200
1283-19,UNIFORMIDADE DO LOTE,AVIÁRIO FRENTE,01/09/2025,55.30401552575864,57.71,53.25,1.176137192505783,4.460000000000001,12,CLIMA200
1283-19,UNIFORMIDADE DO LOTE,AVIÁRIO FRENTE,01/10/2025,53.93929292929293,56.67,48.61,1.9819146538983854,8.060000000000002,42,CLIMA200
1283-19,UNIFORMIDADE DO LOTE,AVIÁRIO FRENTE,02/09/2025,57.55712464589235,61.41,54.76,1.6400258077805778,6.649999999999999,13,CLIMA200
1283-19,UNIFORMIDADE DO LOTE,AVIÁRIO FRENTE,03/09/2025,54.00932177844762,63.38,41.88,4.17336007073814,21.5,14,CLIMA200
1283-19,UNIFORMIDADE DO LOTE,AVIÁRIO FRENTE,04/09/2025,53.128774647887326,55.4,49.96,1.387050997744095,5.439999999999998,15,CLIMA200
1283-19,UNIFORMIDADE DO LOTE,AVIÁRIO FRENTE,05/09/2025,54.50559322033898,57.44,47.06,1.700370528191967,10.379999999999995,16,CLIMA200
1283-19,UNIFORMIDADE DO LOTE,AVIÁRIO FRENTE,06/09/2025,55.878053596614954,59.7,52.43,1.9757303246866085,7.270000000000003,17,CLIMA200
1283-19,UNIFORMIDADE DO LOTE,AVIÁRIO FRENTE,07/09/2025,56.77233993902439,59.17,46.58,3.0540472842311117,12.590000000000003,18,CLIMA200
1283-19,UNIFORMIDADE DO LOTE,AVIÁRIO FRENTE,08/09/2025,58.09864406779661,65.41,51.96,4.377619118898754,13.449999999999996,19,CLIMA200
1283-19,UNIFORMIDADE DO LOTE,AVIÁRIO FRENTE,09/09/2025,60.01706629055007,64.88,55.82,2.8481496227308805,9.059999999999995,20,CLIMA200
1283-19,UNIFORMIDADE DO LOTE,AVIÁRIO FRENTE,10/09/2025,60.681158631415244,71.43,47.79,4.40858597580845,23.640000000000008,21,CLIMA200
1283-19,UNIFORMIDADE DO LOTE,AVIÁRIO FRENTE,11/09/2025,58.453132022471905,66.52,52.33,4.827693376396535,14.189999999999998,22,CLIMA200
1283-19,UNIFORMIDADE DO LOTE,AVIÁRIO FRENTE,12/09/2025,59.055178294573636,69.52,49.27,7.343896195126991,20.249999999999993,23,CLIMA200
1283-19,UNIFORMIDADE DO LOTE,AVIÁRIO FRENTE,13/09/2025,47.723547334058765,61.36,39.6,4.330176050784076,21.759999999999998,24,CLIMA200
1283-19,UNIFORMIDADE DO LOTE,AVIÁRIO FRENTE,14/09/2025,43.86010533707865,52.45,35.19,6.433565285145563,17.260000000000005,25,CLIMA200
1283-19,UNIFORMIDADE DO LOTE,AVIÁRIO FRENTE,15/09/2025,45.911037868162694,57.1,34.71,7.8214324464700535,22.39,26,CLIMA200
1283-19,UNIFORMIDADE DO LOTE,AVIÁRIO FRENTE,16/09/2025,43.10651712887439,54.79,35.78,5.6446061845719,19.009999999999998,27,CLIMA200
1283-19,UNIFORMIDADE DO LOTE,AVIÁRIO FRENTE,17/09/2025,43.02511220196353,58.6,33.73,7.391886374528961,24.870000000000005,28,CLIMA200
1283-19,UNIFORMIDADE DO LOTE,AVIÁRIO FRENTE,18/09/2025,44.19608848314607,57.54,32.45,9.904401384875928,25.089999999999996,29,CLIMA200
1283-19,UNIFORMIDADE DO LOTE,AVIÁRIO FRENTE,19/09/2025,41.81589761570827,49.7,33.58,5.7735105120954096,16.120000000000005,30,CLIMA200
1283-19,UNIFORMIDADE DO LOTE,AVIÁRIO FRENTE,20/09/2025,42.47381320224719,46.15,37.39,2.2652778115324335,8.759999999999998,31,CLIMA200
1283-19,UNIFORMIDADE DO LOTE,AVIÁRIO FRENTE,21/08/2025,40.63974943052391,45.3,37.33,2.4373299706774563,7.969999999999999,1,CLIMA200
1283-19,UNIFORMIDADE DO LOTE,AVIÁRIO FRENTE,21/09/2025,43.252067474048445,55.52,34.3,6.368671603402638,21.220000000000006,32,CLIMA200
1283-19,UNIFORMIDADE DO LOTE,AVIÁRIO FRENTE,22/08/2025,51.76262589928058,53.56,49.81,0.9701215956816267,3.75,2,CLIMA200
1283-19,UNIFORMIDADE DO LOTE,AVIÁRIO FRENTE,22/09/2025,48.37954154727793,62.29,36.92,7.785568352723027,25.369999999999997,33,CLIMA200
1283-19,UNIFORMIDADE DO LOTE,AVIÁRIO FRENTE,23/08/2025,61.32599245283019,66.45,53.43,3.0987243900071757,13.020000000000003,3,CLIMA200
1283-19,UNIFORMIDADE DO LOTE,AVIÁRIO FRENTE,23/09/2025,53.349171348314606,65.72,36.97,10.054645455723588,28.75,34,CLIMA200
1283-19,UNIFORMIDADE DO LOTE,AVIÁRIO FRENTE,24/08/2025,57.790299823633156,65.62,52.53,2.2661779931642574,13.090000000000003,4,CLIMA200
1283-19,UNIFORMIDADE DO LOTE,AVIÁRIO FRENTE,24/09/2025,47.39038569424965,58.8,26.24,10.317141684792697,32.56,35,CLIMA200
1283-19,UNIFORMIDADE DO LOTE,AVIÁRIO FRENTE,25/08/2025,62.99727080394923,64.62,59.88,1.3129233786917245,4.740000000000002,5,CLIMA200
1283-19,UNIFORMIDADE DO LOTE,AVIÁRIO FRENTE,25/09/2025,42.53070126227209,57.14,25.0,12.580822582145998,32.14,36,CLIMA200
1283-19,UNIFORMIDADE DO LOTE,AVIÁRIO FRENTE,26/08/2025,64.20232016925247,65.48,62.87,0.5281882615721439,2.6100000000000065,6,CLIMA200
1283-19,UNIFORMIDADE DO LOTE,AVIÁRIO FRENTE,26/09/2025,47.48960618846695,61.0,34.45,9.553604925585255,26.549999999999997,37,CLIMA200
1283-19,UNIFORMIDADE DO LOTE,AVIÁRIO FRENTE,27/08/2025,61.12018309859155,66.0,54.21,3.7220909193012424,11.79,7,CLIMA200
1283-19,UNIFORMIDADE DO LOTE,AVIÁRIO FRENTE,27/09/2025,46.451547619047616,63.43,28.78,12.857942418953863,34.65,38,CLIMA200
1283-19,UNIFORMIDADE DO LOTE,AVIÁRIO FRENTE,28/08/2025,54.233330985915494,55.6,52.14,0.7403858645846797,3.460000000000001,8,CLIMA200
1283-19,UNIFORMIDADE DO LOTE,AVIÁRIO FRENTE,28/09/2025,43.169754558204765,56.88,27.93,9.324150977675405,28.950000000000003,39,CLIMA200
1283-19,UNIFORMIDADE DO LOTE,AVIÁRIO FRENTE,29/08/2025,52.55270745428973,55.38,48.59,1.975275208495759,6.789999999999999,9,CLIMA200
1283-19,UNIFORMIDADE DO LOTE,AVIÁRIO FRENTE,29/09/2025,43.82469887955182,65.8,28.71,11.116358160245717,37.089999999999996,40,CLIMA200
1283-19,UNIFORMIDADE DO LOTE,AVIÁRIO FRENTE,30/08/2025,49.82500796178344,52.79,41.03,2.267516353623246,11.759999999999998,10,CLIMA200
1283-19,UNIFORMIDADE DO LOTE,AVIÁRIO FRENTE,30/09/2025,48.732408376963356,68.81,28.85,15.756760965200117,39.96,41,CLIMA200
1283-19,UNIFORMIDADE DO LOTE,AVIÁRIO FRENTE,31/08/2025,51.03816682832202,54.67,39.7,3.1669378092393954,14.969999999999999,11,CLIMA200
1283-19,UNIFORMIDADE DO LOTE,AVIÁRIO MEIO,01/09/2025,62.978873239436616,69.15,59.12,3.6258553140713796,10.030000000000008,12,CLIMA200
1283-19,UNIFORMIDADE DO LOTE,AVIÁRIO MEIO,01/10/2025,48.23546902654867,65.45,41.79,5.416533097629276,23.660000000000004,42,CLIMA200
1283-19,UNIFORMIDADE DO LOTE,AVIÁRIO MEIO,02/09/2025,64.75612517580872,69.03,59.66,3.7581308149163957,9.370000000000005,13,CLIMA200
1283-19,UNIFORMIDADE DO LOTE,AVIÁRIO MEIO,03/09/2025,64.97670182841068,69.49,61.82,2.4569633573222047,7.669999999999995,14,CLIMA200
1283-19,UNIFORMIDADE DO LOTE,AVIÁRIO MEIO,04/09/2025,63.185114942528735,67.11,56.68,2.133837834289384,10.43,15,CLIMA200
1283-19,UNIFORMIDADE DO LOTE,AVIÁRIO MEIO,05/09/2025,59.54585167074164,66.98,48.73,5.2643453550388175,18.250000000000007,16,CLIMA200
1283-19,UNIFORMIDADE DO LOTE,AVIÁRIO MEIO,06/09/2025,59.46308720112517,64.02,53.1,3.0444153694534277,10.919999999999995,17,CLIMA200
1283-19,UNIFORMIDADE DO LOTE,AVIÁRIO MEIO,07/09/2025,61.64080168776371,64.32,59.23,1.1169692536933093,5.089999999999996,18,CLIMA200
1283-19,UNIFORMIDADE DO LOTE,AVIÁRIO MEIO,08/09/2025,61.634380281690134,64.05,58.63,1.1094608367778795,5.419999999999995,19,CLIMA200
1283-19,UNIFORMIDADE DO LOTE,AVIÁRIO MEIO,09/09/2025,62.39941842900302,66.93,56.94,2.777430844107416,9.990000000000009,20,CLIMA200
1283-19,UNIFORMIDADE DO LOTE,AVIÁRIO MEIO,10/09/2025,61.93538623595506,65.55,58.9,2.078672867516011,6.649999999999999,21,CLIMA200
1283-19,UNIFORMIDADE DO LOTE,AVIÁRIO MEIO,11/09/2025,63.02091164095372,65.67,59.94,1.6119371964042772,5.730000000000004,22,CLIMA200
1283-19,UNIFORMIDADE DO LOTE,AVIÁRIO MEIO,12/09/2025,62.469271966527195,64.73,57.84,1.2486288602451174,6.890000000000001,23,CLIMA200
1283-19,UNIFORMIDADE DO LOTE,AVIÁRIO MEIO,13/09/2025,60.289424964936885,68.48,50.0,5.7035644060896065,18.480000000000004,24,CLIMA200
1283-19,UNIFORMIDADE DO LOTE,AVIÁRIO MEIO,14/09/2025,59.1922191011236,66.83,51.31,5.3525441280764605,15.519999999999996,25,CLIMA200
1283-19,UNIFORMIDADE DO LOTE,AVIÁRIO MEIO,15/09/2025,60.91404494382023,64.18,56.95,2.1076483415615876,7.230000000000004,26,CLIMA200
1283-19,UNIFORMIDADE DO LOTE,AVIÁRIO MEIO,16/09/2025,59.96291725105189,64.17,53.07,2.9083228328411037,11.100000000000001,27,CLIMA200
1283-19,UNIFORMIDADE DO LOTE,AVIÁRIO MEIO,17/09/2025,56.32565400843882,66.45,48.44,4.614143055157082,18.010000000000005,28,CLIMA200
1283-19,UNIFORMIDADE DO LOTE,AVIÁRIO MEIO,18/09/2025,56.01443899018233,66.45,47.18,6.667037607788763,19.270000000000003,29,CLIMA200
1283-19,UNIFORMIDADE DO LOTE,AVIÁRIO MEIO,19/09/2025,53.72756320224719,57.79,48.81,2.328373872613359,8.979999999999997,30,CLIMA200
1283-19,UNIFORMIDADE DO LOTE,AVIÁRIO MEIO,20/09/2025,50.84095319148936,55.95,45.07,3.1145318602395466,10.880000000000003,31,CLIMA200
1283-19,UNIFORMIDADE DO LOTE,AVIÁRIO MEIO,21/08/2025,48.13467153284672,50.88,44.54,1.9740621171771764,6.340000000000003,1,CLIMA200
1283-19,UNIFORMIDADE DO LOTE,AVIÁRIO MEIO,21/09/2025,50.875681179775285,61.96,41.24,6.203496767820008,20.72,32,CLIMA200
1283-19,UNIFORMIDADE DO LOTE,AVIÁRIO MEIO,22/08/2025,56.5191584852735,63.03,50.54,3.85047934122622,12.490000000000002,2,CLIMA200
1283-19,UNIFORMIDADE DO LOTE,AVIÁRIO MEIO,22/09/2025,46.193110955056184,58.53,33.94,8.729126882026614,24.590000000000003,33,CLIMA200
1283-19,UNIFORMIDADE DO LOTE,AVIÁRIO MEIO,23/08/2025,66.74942415730338,69.06,62.85,1.601397416401761,6.210000000000001,3,CLIMA200
1283-19,UNIFORMIDADE DO LOTE,AVIÁRIO MEIO,23/09/2025,48.25072331460674,56.57,35.44,6.381790883766069,21.130000000000003,34,CLIMA200
1283-19,UNIFORMIDADE DO LOTE,AVIÁRIO MEIO,24/08/2025,67.04631504922644,69.04,66.2,0.5841330809839386,2.8400000000000034,4,CLIMA200
1283-19,UNIFORMIDADE DO LOTE,AVIÁRIO MEIO,24/09/2025,49.046416549789626,58.08,33.1,7.3651748011660345,24.979999999999997,35,CLIMA200
1283-19,UNIFORMIDADE DO LOTE,AVIÁRIO MEIO,25/08/2025,67.73139240506329,69.13,66.38,0.6290956623178292,2.75,5,CLIMA200
1283-19,UNIFORMIDADE DO LOTE,AVIÁRIO MEIO,25/09/2025,43.93362588652482,54.09,34.12,6.143980467429293,19.970000000000006,36,CLIMA200
1283-19,UNIFORMIDADE DO LOTE,AVIÁRIO MEIO,26/08/2025,66.25255977496484,67.65,64.67,0.8304596368594065,2.980000000000004,6,CLIMA200
1283-19,UNIFORMIDADE DO LOTE,AVIÁRIO MEIO,26/09/2025,45.47414446002805,50.45,37.82,3.5346926171570603,12.630000000000003,37,CLIMA200
1283-19,UNIFORMIDADE DO LOTE,AVIÁRIO MEIO,27/08/2025,64.89165384615386,69.15,57.45,3.5135280257695642,11.700000000000003,7,CLIMA200
1283-19,UNIFORMIDADE DO LOTE,AVIÁRIO MEIO,27/09/2025,51.944535211267606,62.56,46.11,3.798114746692359,16.450000000000003,38,CLIMA200
1283-19,UNIFORMIDADE DO LOTE,AVIÁRIO MEIO,28/08/2025,62.523129084967316,65.66,57.98,1.9456986487387227,7.68,8,CLIMA200
1283-19,UNIFORMIDADE DO LOTE,AVIÁRIO MEIO,28/09/2025,47.85294169611307,63.68,26.32,11.66156732128349,37.36,39,CLIMA200
1283-19,UNIFORMIDADE DO LOTE,AVIÁRIO MEIO,29/08/2025,58.308523290386525,63.74,50.11,3.854298271181581,13.630000000000003,9,CLIMA200
1283-19,UNIFORMIDADE DO LOTE,AVIÁRIO MEIO,29/09/2025,45.6996218487395,55.6,32.39,6.827804325097454,23.21,40,CLIMA200
1283-19,UNIFORMIDADE DO LOTE,AVIÁRIO MEIO,30/08/2025,60.56278481012658,66.93,55.45,4.250072157255594,11.480000000000004,10,CLIMA200
1283-19,UNIFORMIDADE DO LOTE,AVIÁRIO MEIO,30/09/2025,48.837057584269665,56.22,37.89,5.676365720143361,18.33,41,CLIMA200
1283-19,UNIFORMIDADE DO LOTE,AVIÁRIO MEIO,31/08/2025,61.44947257383966,65.8,57.17,3.19833831949174,8.629999999999995,11,CLIMA200
1283-20,AMÔNIA,AVIÁRIO MEIO,01/11/2025,11.244,20.0,0.0,5.139694932581116,20.0,8,CLIMA200
1283-20,AMÔNIA,AVIÁRIO MEIO,01/12/2025,7.0,7.0,7.0,0.0,0.0,38,CLIMA200
1283-20,AMÔNIA,AVIÁRIO MEIO,02/11/2025,11.220338983050848,21.0,3.0,4.158176737873891,18.0,9,CLIMA200
1283-20,AMÔNIA,AVIÁRIO MEIO,02/12/2025,7.0,7.0,7.0,0.0,0.0,39,CLIMA200
1283-20,AMÔNIA,AVIÁRIO MEIO,03/11/2025,7.537878787878788,16.0,0.0,3.809687219783317,16.0,10,CLIMA200
1283-20,AMÔNIA,AVIÁRIO MEIO,03/12/2025,7.0,7.0,7.0,0.0,0.0,40,CLIMA200
1283-20,AMÔNIA,AVIÁRIO MEIO,04/11/2025,6.063492063492063,15.0,0.0,4.147567716653066,15.0,11,CLIMA200
1283-20,AMÔNIA,AVIÁRIO MEIO,04/12/2025,7.0,7.0,7.0,0.0,0.0,41,CLIMA200
1283-20,AMÔNIA,AVIÁRIO MEIO,05/11/2025,8.132575757575758,15.0,0.0,3.502358430771203,15.0,12,CLIMA200
1283-20,AMÔNIA,AVIÁRIO MEIO,05/12/2025,7.0,7.0,7.0,0.0,0.0,42,CLIMA200
1283-20,AMÔNIA,AVIÁRIO MEIO,06/11/2025,7.049618320610687,16.0,0.0,3.184141861837436,16.0,13,CLIMA200
1283-20,AMÔNIA,AVIÁRIO MEIO,06/12/2025,7.0,7.0,7.0,0.0,0.0,43,CLIMA200
1283-20,AMÔNIA,AVIÁRIO MEIO,07/11/2025,7.544747081712062,18.0,0.0,3.9053666600284687,18.0,14,CLIMA200
1283-20,AMÔNIA,AVIÁRIO MEIO,07/12/2025,7.0,7.0,7.0,0.0,0.0,44,CLIMA200
1283-20,AMÔNIA,AVIÁRIO MEIO,08/11/2025,6.280769230769231,10.0,3.0,1.3452249542417796,7.0,15,CLIMA200
1283-20,AMÔNIA,AVIÁRIO MEIO,08/12/2025,6.891385767790262,7.0,6.0,0.31115459304216025,1.0,45,CLIMA200
1283-20,AMÔNIA,AVIÁRIO MEIO,09/11/2025,4.01171875,8.0,1.0,1.245248537802168,7.0,16,CLIMA200
1283-20,AMÔNIA,AVIÁRIO MEIO,09/12/2025,6.829545454545454,7.0,6.0,0.376031638813053,1.0,46,CLIMA200
1283-20,AMÔNIA,AVIÁRIO MEIO,10/11/2025,3.4471544715447155,7.0,0.0,1.1167843794225818,7.0,17,CLIMA200
1283-20,AMÔNIA,AVIÁRIO MEIO,11/11/2025,4.429718875502008,13.0,2.0,1.745930529816384,11.0,18,CLIMA200
1283-20,AMÔNIA,AVIÁRIO MEIO,12/11/2025,4.478764478764479,11.0,0.0,1.4232395542211556,11.0,19,CLIMA200
1283-20,AMÔNIA,AVIÁRIO MEIO,13/11/2025,5.828897338403042,9.0,4.0,1.3070449360086154,5.0,20,CLIMA200
1283-20,AMÔNIA,AVIÁRIO MEIO,14/11/2025,5.9652509652509655,9.0,3.0,1.5127352029219454,6.0,21,CLIMA200
1283-20,AMÔNIA,AVIÁRIO MEIO,15/11/2025,6.447368421052632,10.0,4.0,1.596239893185467,6.0,22,CLIMA200
1283-20,AMÔNIA,AVIÁRIO MEIO,16/11/2025,6.011406844106464,10.0,0.0,1.766788863364779,10.0,23,CLIMA200
1283-20,AMÔNIA,AVIÁRIO MEIO,17/11/2025,8.590038314176246,14.0,5.0,2.0744145641536136,9.0,24,CLIMA200
1283-20,AMÔNIA,AVIÁRIO MEIO,18/11/2025,7.301526717557252,10.0,0.0,1.956764923756408,10.0,25,CLIMA200
1283-20,AMÔNIA,AVIÁRIO MEIO,19/11/2025,7.0,7.0,7.0,0.0,0.0,26,CLIMA200
1283-20,AMÔNIA,AVIÁRIO MEIO,20/11/2025,7.0,7.0,7.0,0.0,0.0,27,CLIMA200
1283-20,AMÔNIA,AVIÁRIO MEIO,21/11/2025,7.0,7.0,7.0,0.0,0.0,28,CLIMA200
1283-20,AMÔNIA,AVIÁRIO MEIO,22/11/2025,7.0,7.0,7.0,0.0,0.0,29,CLIMA200
1283-20,AMÔNIA,AVIÁRIO MEIO,23/11/2025,7.0,7.0,7.0,0.0,0.0,30,CLIMA200
1283-20,AMÔNIA,AVIÁRIO MEIO,24/10/2025,15.374149659863946,50.0,1.0,13.786126756402188,49.0,0,CLIMA200
1283-20,AMÔNIA,AVIÁRIO MEIO,24/11/2025,7.0,7.0,7.0,0.0,0.0,31,CLIMA200
1283-20,AMÔNIA,AVIÁRIO MEIO,25/10/2025,22.655813953488373,50.0,0.0,13.681175359639267,50.0,1,CLIMA200
1283-20,AMÔNIA,AVIÁRIO MEIO,25/11/2025,7.0,7.0,7.0,0.0,0.0,32,CLIMA200
1283-20,AMÔNIA,AVIÁRIO MEIO,26/10/2025,35.53174603174603,50.0,0.0,14.732905891201236,50.0,2,CLIMA200
1283-20,AMÔNIA,AVIÁRIO MEIO,26/11/2025,7.0,7.0,7.0,0.0,0.0,33,CLIMA200
1283-20,AMÔNIA,AVIÁRIO MEIO,27/10/2025,36.140127388535035,50.0,0.0,8.977295209757502,50.0,3,CLIMA200
1283-20,AMÔNIA,AVIÁRIO MEIO,27/11/2025,7.0,7.0,7.0,0.0,0.0,34,CLIMA200
1283-20,AMÔNIA,AVIÁRIO MEIO,28/10/2025,26.0,40.0,0.0,8.460658001181093,40.0,4,CLIMA200
1283-20,AMÔNIA,AVIÁRIO MEIO,28/11/2025,7.0,7.0,7.0,0.0,0.0,35,CLIMA200
1283-20,AMÔNIA,AVIÁRIO MEIO,29/10/2025,24.258823529411764,30.0,0.0,4.194729488138909,30.0,5,CLIMA200
1283-20,AMÔNIA,AVIÁRIO MEIO,29/11/2025,7.0,7.0,7.0,0.0,0.0,36,CLIMA200
1283-20,AMÔNIA,AVIÁRIO MEIO,30/10/2025,18.523255813953487,29.0,5.0,5.856276188417381,24.0,6,CLIMA200
1283-20,AMÔNIA,AVIÁRIO MEIO,30/11/2025,7.0,7.0,7.0,0.0,0.0,37,CLIMA200
1283-20,AMÔNIA,AVIÁRIO MEIO,31/10/2025,12.50190114068441,21.0,3.0,5.232884121932458,18.0,7,CLIMA200
1283-20,CO2,AVIÁRIO MEIO,01/11/2025,230.25479199999998,"975,00","1.015,00",331.1188924106457,973.985,8,CLIMA200
1283-20,CO2,AVIÁRIO MEIO,01/12/2025,703.463601532567,"808,00","636,00",29.83523747949861,172.0,38,CLIMA200
1283-20,CO2,AVIÁRIO MEIO,02/11/2025,282.91925423728816,"981,00","1.020,00",365.6981096204596,979.98,9,CLIMA200
1283-20,CO2,AVIÁRIO MEIO,02/12/2025,718.5210727969348,"859,00","673,00",33.01753476433775,186.0,39,CLIMA200
1283-20,CO2,AVIÁRIO MEIO,03/11/2025,445.97566666666665,"996,00","1.001,00",362.4698830077424,994.999,10,CLIMA200
1283-20,CO2,AVIÁRIO MEIO,03/12/2025,736.4186046511628,"829,00","668,00",30.833183994882305,161.0,40,CLIMA200
1283-20,CO2,AVIÁRIO MEIO,04/11/2025,471.79789682539683,"995,00","1.031,00",321.0979357606511,993.969,11,CLIMA200
1283-20,CO2,AVIÁRIO MEIO,04/12/2025,697.3422053231939,"795,00","638,00",32.04068240498216,157.0,41,CLIMA200
1283-20,CO2,AVIÁRIO MEIO,05/11/2025,448.36965151515153,"987,00","1.007,00",414.297437849928,985.993,12,CLIMA200
1283-20,CO2,AVIÁRIO MEIO,05/12/2025,616.4777061068703,"913,00","1.159,00",117.38446758087565,911.841,42,CLIMA200
1283-20,CO2,AVIÁRIO MEIO,06/11/2025,542.5188396946564,"999,00","1.000,00",358.97767435600093,998.0,13,CLIMA200
1283-20,CO2,AVIÁRIO MEIO,07/11/2025,537.1259416342413,"995,00","1.000,00",347.8669817175367,994.0,14,CLIMA200
1283-20,CO2,AVIÁRIO MEIO,08/11/2025,826.0076923076923,"990,00","726,00",56.45093119813058,264.0,15,CLIMA200
1283-20,CO2,AVIÁRIO MEIO,09/11/2025,726.17578125,"890,00","578,00",76.37574390604748,312.0,16,CLIMA200
1283-20,CO2,AVIÁRIO MEIO,10/11/2025,708.8048780487804,"928,00","556,00",83.23223055912297,372.0,17,CLIMA200
1283-20,CO2,AVIÁRIO MEIO,11/11/2025,699.1365461847389,"851,00","531,00",99.97339721305978,320.0,18,CLIMA200
1283-20,CO2,AVIÁRIO MEIO,12/11/2025,740.081081081081,"947,00","571,00",78.18548624799317,376.0,19,CLIMA200
1283-20,CO2,AVIÁRIO MEIO,13/11/2025,779.4942965779468,"906,00","648,00",51.51631368640408,258.0,20,CLIMA200
1283-20,CO2,AVIÁRIO MEIO,14/11/2025,773.7837837837837,"939,00","610,00",81.82111318779019,329.0,21,CLIMA200
1283-20,CO2,AVIÁRIO MEIO,15/11/2025,781.6541353383459,"923,00","620,00",91.25598508440949,303.0,22,CLIMA200
1283-20,CO2,AVIÁRIO MEIO,16/11/2025,743.1026615969582,"899,00","600,00",94.79580272062756,299.0,23,CLIMA200
1283-20,CO2,AVIÁRIO MEIO,17/11/2025,838.904214559387,"941,00","744,00",50.844462899364544,197.0,24,CLIMA200
1283-20,CO2,AVIÁRIO MEIO,18/11/2025,829.8740157480315,"969,00","633,00",55.92078088034392,336.0,25,CLIMA200
1283-20,CO2,AVIÁRIO MEIO,19/11/2025,753.2307692307693,"932,00","563,00",103.72211680636325,369.0,26,CLIMA200
1283-20,CO2,AVIÁRIO MEIO,20/11/2025,721.8237038461539,"993,00","1.163,00",135.88324880745952,991.837,27,CLIMA200
1283-20,CO2,AVIÁRIO MEIO,21/11/2025,721.8702290076336,"987,00","575,00",125.74607255315335,412.0,28,CLIMA200
1283-20,CO2,AVIÁRIO MEIO,22/11/2025,663.2217898832685,"848,00","577,00",52.70305767075491,271.0,29,CLIMA200
1283-20,CO2,AVIÁRIO MEIO,23/11/2025,690.8030303030303,"856,00","583,00",62.75317683542862,273.0,30,CLIMA200
1283-20,CO2,AVIÁRIO MEIO,24/10/2025,590.1901688311688,"998,00","1.012,00",274.4743461045441,996.988,0,CLIMA200
1283-20,CO2,AVIÁRIO MEIO,24/11/2025,713.8181818181819,"880,00","606,00",77.88285863668203,274.0,31,CLIMA200
1283-20,CO2,AVIÁRIO MEIO,25/10/2025,446.4453526970954,"994,00","1.014,00",342.74951225445693,992.986,1,CLIMA200
1283-20,CO2,AVIÁRIO MEIO,25/11/2025,720.4507575757576,"941,00","600,00",103.3364496081024,341.0,32,CLIMA200
1283-20,CO2,AVIÁRIO MEIO,26/10/2025,236.01175423728813,"994,00","1.001,00",395.69973158121815,992.999,2,CLIMA200
1283-20,CO2,AVIÁRIO MEIO,26/11/2025,697.7011494252873,"985,00","597,00",85.22673589953357,388.0,33,CLIMA200
1283-20,CO2,AVIÁRIO MEIO,27/10/2025,311.36160619469024,"993,00","1.001,00",385.81746581498044,991.999,3,CLIMA200
1283-20,CO2,AVIÁRIO MEIO,27/11/2025,704.2269230769231,"931,00","604,00",96.51240676598692,327.0,34,CLIMA200
1283-20,CO2,AVIÁRIO MEIO,28/10/2025,43.63458232931727,"989,00","1.001,00",189.02491348678086,987.999,4,CLIMA200
1283-20,CO2,AVIÁRIO MEIO,28/11/2025,684.7931034482758,"846,00","590,00",57.26381871025188,256.0,35,CLIMA200
1283-20,CO2,AVIÁRIO MEIO,29/10/2025,1.43981568627451,"1.721,00","1.207,00",0.11121638222631261,0.514,5,CLIMA200
1283-20,CO2,AVIÁRIO MEIO,29/11/2025,699.5243445692884,"801,00","635,00",33.672168780955126,166.0,36,CLIMA200
1283-20,CO2,AVIÁRIO MEIO,30/10/2025,157.5561046511628,"997,00","1.008,00",312.41466401647637,995.992,6,CLIMA200
1283-20,CO2,AVIÁRIO MEIO,30/11/2025,695.8614232209737,"797,00","634,00",35.33753098480167,163.0,37,CLIMA200
1283-20,CO2,AVIÁRIO MEIO,31/10/2025,283.8489389312977,"992,00","1.000,00",350.68379823316695,991.0,7,CLIMA200
1283-20,CONSUMO DO SILO,EXTERNO,01/11/2025,115.65623591549296,"982,76","0,00",264.6272295914389,982.0,8,CLIMA200
1283-20,CONSUMO DO SILO,EXTERNO,01/12/2025,80.14976648841355,"983,24","0,00",184.7987759047494,983.0,38,CLIMA200
1283-20,CONSUMO DO SILO,EXTERNO,02/11/2025,95.79229195804196,"991,45","0,00",221.95230282161663,991.0,9,CLIMA200
1283-20,CONSUMO DO SILO,EXTERNO,02/12/2025,182.7769842105263,"965,71","0,00",251.48680461590985,965.0,39,CLIMA200
1283-20,CONSUMO DO SILO,EXTERNO,03/11/2025,97.17608833922262,"946,48","0,00",228.72899157827857,946.0,10,CLIMA200
1283-20,CONSUMO DO SILO,EXTERNO,03/12/2025,34.21455044247788,"996,89","0,00",126.98077300301075,996.0,40,CLIMA200
1283-20,CONSUMO DO SILO,EXTERNO,04/11/2025,82.49749192100539,"975,21","0,00",204.79250572674042,975.0,11,CLIMA200
1283-20,CONSUMO DO SILO,EXTERNO,04/12/2025,22.176313588850174,"9,89","0,00",72.8648261270987,9.0,41,CLIMA200
1283-20,CONSUMO DO SILO,EXTERNO,05/11/2025,105.34712587412587,"950,45","0,00",227.46199648718292,950.0,12,CLIMA200
1283-20,CONSUMO DO SILO,EXTERNO,05/12/2025,24.928321678321677,"9,96","0,00",22.0790878652054,9.0,42,CLIMA200
1283-20,CONSUMO DO SILO,EXTERNO,06/11/2025,79.75719755244755,"958,34","0,00",211.67337857319728,958.0,13,CLIMA200
1283-20,CONSUMO DO SILO,EXTERNO,07/11/2025,65.60793960923623,"871,85","0,00",185.54559039226484,871.0,14,CLIMA200
1283-20,CONSUMO DO SILO,EXTERNO,08/11/2025,44.888917832167834,"943,21","0,00",162.87575356550147,943.0,15,CLIMA200
1283-20,CONSUMO DO SILO,EXTERNO,09/11/2025,73.44511929824561,"93,83","0,00",163.71150136529963,93.0,16,CLIMA200
1283-20,CONSUMO DO SILO,EXTERNO,10/11/2025,123.71991958041957,"995,90","0,00",297.6825196770139,995.0,17,CLIMA200
1283-20,CONSUMO DO SILO,EXTERNO,11/11/2025,40.68201048951049,"907,08","0,00",132.10814116995596,907.0,18,CLIMA200
1283-20,CONSUMO DO SILO,EXTERNO,12/11/2025,26.249290492957748,"993,77","0,00",116.19616625823348,993.0,19,CLIMA200
1283-20,CONSUMO DO SILO,EXTERNO,13/11/2025,120.31320104895104,"912,20","0,00",176.9008213523997,912.0,20,CLIMA200
1283-20,CONSUMO DO SILO,EXTERNO,14/11/2025,98.98961180679785,"992,63","0,00",235.4281691525695,992.0,21,CLIMA200
1283-20,CONSUMO DO SILO,EXTERNO,15/11/2025,181.94536538461537,"99,55","0,00",232.88030230916058,99.0,22,CLIMA200
1283-20,CONSUMO DO SILO,EXTERNO,16/11/2025,140.6350192982456,"99,82","0,00",222.952153039878,99.0,23,CLIMA200
1283-20,CONSUMO DO SILO,EXTERNO,17/11/2025,79.36680526315789,"957,09","0,00",169.603869646858,957.0,24,CLIMA200
1283-20,CONSUMO DO SILO,EXTERNO,18/11/2025,76.74683392226149,"987,16","0,00",211.1011020276216,987.0,25,CLIMA200
1283-20,CONSUMO DO SILO,EXTERNO,19/11/2025,143.69155221238938,"991,12","0,00",207.44525807870636,991.0,26,CLIMA200
1283-20,CONSUMO DO SILO,EXTERNO,20/11/2025,169.51625524475523,"92,40","0,00",230.48290845430108,92.0,27,CLIMA200
1283-20,CONSUMO DO SILO,EXTERNO,21/11/2025,123.98168783068783,"996,89","0,00",213.42016814304156,996.0,28,CLIMA200
1283-20,CONSUMO DO SILO,EXTERNO,22/11/2025,131.7400839160839,"991,77","0,00",190.23098789383104,991.0,29,CLIMA200
1283-20,CONSUMO DO SILO,EXTERNO,23/11/2025,43.25543181818182,"999,21","0,00",131.32575362456535,999.0,30,CLIMA200
1283-20,CONSUMO DO SILO,EXTERNO,24/10/2025,20.99298245614035,"8,53","0,00",16.617258621307293,8.0,0,CLIMA200
1283-20,CONSUMO DO SILO,EXTERNO,24/11/2025,28.601123674911662,"9,59","0,00",116.10125077905808,9.0,31,CLIMA200
1283-20,CONSUMO DO SILO,EXTERNO,25/10/2025,28.12020905923345,"9,50","0,00",26.4109411909239,9.0,1,CLIMA200
1283-20,CONSUMO DO SILO,EXTERNO,25/11/2025,28.063259581881532,"93,04","0,00",100.30268959054948,93.0,32,CLIMA200
1283-20,CONSUMO DO SILO,EXTERNO,26/10/2025,247.06161971830986,"9,99","0,00",365.91322867767457,9.0,2,CLIMA200
1283-20,CONSUMO DO SILO,EXTERNO,26/11/2025,329.74984736842106,"999,97","0,00",457.2293302860361,999.0,33,CLIMA200
1283-20,CONSUMO DO SILO,EXTERNO,27/10/2025,248.9773519163763,"9,67","0,00",382.21008394278675,9.0,3,CLIMA200
1283-20,CONSUMO DO SILO,EXTERNO,27/11/2025,102.31531746031747,"98,88","0,00",204.91774394967987,98.0,34,CLIMA200
1283-20,CONSUMO DO SILO,EXTERNO,28/10/2025,284.54006968641113,"993,30","0,00",395.359058299903,993.0,4,CLIMA200
1283-20,CONSUMO DO SILO,EXTERNO,28/11/2025,20.869822807017545,"992,15","0,00",89.79760794662221,992.0,35,CLIMA200
1283-20,CONSUMO DO SILO,EXTERNO,29/10/2025,221.33797909407664,"916,37","0,00",317.3162625974407,916.0,5,CLIMA200
1283-20,CONSUMO DO SILO,EXTERNO,29/11/2025,42.21804912280702,"908,06","0,00",150.6866094590849,908.0,36,CLIMA200
1283-20,CONSUMO DO SILO,EXTERNO,30/10/2025,84.86465263157895,"9,96","0,00",154.06371059419303,9.0,6,CLIMA200
1283-20,CONSUMO DO SILO,EXTERNO,30/11/2025,24.28102972027972,"9,76","0,00",76.14234204050629,9.0,37,CLIMA200
1283-20,CONSUMO DO SILO,EXTERNO,31/10/2025,56.47633507853403,"871,37","0,00",137.20294930426965,871.0,7,CLIMA200
1283-20,CORRENTE ELÉTRICA,EXTERNO,01/11/2025,10.473321571394965,20.08,0.0,3.384377711048254,20.08,8,CLIMA200
1283-20,CORRENTE ELÉTRICA,EXTERNO,02/11/2025,9.819656308851224,20.74,1.42,3.341678441524085,19.32,9,CLIMA200
1283-20,CORRENTE ELÉTRICA,EXTERNO,03/11/2025,11.096452448210924,20.76,0.0,3.9341005738824752,20.76,10,CLIMA200
1283-20,CORRENTE ELÉTRICA,EXTERNO,04/11/2025,8.874446050096338,27.24,0.0,7.014398835439804,27.24,11,CLIMA200
1283-20,CORRENTE ELÉTRICA,EXTERNO,05/11/2025,5.868053201506592,20.52,0.0,5.228268375585818,20.52,12,CLIMA200
1283-20,CORRENTE ELÉTRICA,EXTERNO,06/11/2025,8.335329566854991,19.67,0.0,6.090808520375216,19.67,13,CLIMA200
1283-20,CORRENTE ELÉTRICA,EXTERNO,07/11/2025,6.770148409893992,25.53,0.0,6.064391094077963,25.53,14,CLIMA200
1283-20,CORRENTE ELÉTRICA,EXTERNO,08/11/2025,5.229064782096584,22.4,0.0,7.622665551038443,22.4,15,CLIMA200
1283-20,CORRENTE ELÉTRICA,EXTERNO,09/11/2025,4.857502354048964,19.96,0.0,7.163795410901962,19.96,16,CLIMA200
1283-20,CORRENTE ELÉTRICA,EXTERNO,10/11/2025,6.143456790123457,18.86,0.0,8.68880688042579,18.86,17,CLIMA200
1283-20,CORRENTE ELÉTRICA,EXTERNO,24/10/2025,6.798112052730697,21.91,0.0,3.851793485539015,21.91,0,CLIMA200
1283-20,CORRENTE ELÉTRICA,EXTERNO,25/10/2025,6.722069209039548,12.38,1.39,1.8635668440428337,10.99,1,CLIMA200
1283-20,CORRENTE ELÉTRICA,EXTERNO,26/10/2025,7.5936746704331455,16.8,0.07,2.9619954073913366,16.73,2,CLIMA200
1283-20,CORRENTE ELÉTRICA,EXTERNO,27/10/2025,6.496530228181604,15.41,0.86,2.997162906929898,14.55,3,CLIMA200
1283-20,CORRENTE ELÉTRICA,EXTERNO,28/10/2025,7.194084274952919,14.09,0.55,3.192258210947976,13.54,4,CLIMA200
1283-20,CORRENTE ELÉTRICA,EXTERNO,29/10/2025,8.476169962335216,15.65,0.29,2.918299195469278,15.360000000000001,5,CLIMA200
1283-20,CORRENTE ELÉTRICA,EXTERNO,30/10/2025,10.119456214689265,19.79,2.47,3.359593097750376,17.32,6,CLIMA200
1283-20,CORRENTE ELÉTRICA,EXTERNO,31/10/2025,9.074668079096046,19.01,1.84,3.0602704856571177,17.17,7,CLIMA200
1283-20,DIFERENCIAL DE PRESSÃO,AVIÁRIO MEIO,01/11/2025,12.192,31.0,-3.0,13.687773230149599,34.0,8,CLIMA200
1283-20,DIFERENCIAL DE PRESSÃO,AVIÁRIO MEIO,01/12/2025,31.911877394636015,43.0,22.0,3.9328526786372824,21.0,38,CLIMA200
1283-20,DIFERENCIAL DE PRESSÃO,AVIÁRIO MEIO,02/11/2025,12.69915254237288,32.0,-2.0,13.045494031889051,34.0,9,CLIMA200
1283-20,DIFERENCIAL DE PRESSÃO,AVIÁRIO MEIO,02/12/2025,32.81226053639847,39.0,24.0,4.372414733163741,15.0,39,CLIMA200
1283-20,DIFERENCIAL DE PRESSÃO,AVIÁRIO MEIO,03/11/2025,17.071969696969695,39.0,-2.0,12.861386974513001,41.0,10,CLIMA200
1283-20,DIFERENCIAL DE PRESSÃO,AVIÁRIO MEIO,03/12/2025,34.67054263565891,40.0,25.0,3.464658849851889,15.0,40,CLIMA200
1283-20,DIFERENCIAL DE PRESSÃO,AVIÁRIO MEIO,04/11/2025,18.547619047619047,37.0,-2.0,10.83212970812321,39.0,11,CLIMA200
1283-20,DIFERENCIAL DE PRESSÃO,AVIÁRIO MEIO,04/12/2025,33.98098859315589,40.0,3.0,4.660694371709636,37.0,41,CLIMA200
1283-20,DIFERENCIAL DE PRESSÃO,AVIÁRIO MEIO,05/11/2025,22.897727272727273,39.0,-3.0,9.290806517402117,42.0,12,CLIMA200
1283-20,DIFERENCIAL DE PRESSÃO,AVIÁRIO MEIO,05/12/2025,18.19083969465649,54.0,-2.0,15.78704392162961,56.0,42,CLIMA200
1283-20,DIFERENCIAL DE PRESSÃO,AVIÁRIO MEIO,06/11/2025,26.423664122137403,33.0,2.0,4.44816339252229,31.0,13,CLIMA200
1283-20,DIFERENCIAL DE PRESSÃO,AVIÁRIO MEIO,07/11/2025,26.198443579766536,45.0,1.0,5.135093032938494,44.0,14,CLIMA200
1283-20,DIFERENCIAL DE PRESSÃO,AVIÁRIO MEIO,08/11/2025,27.06923076923077,41.0,0.0,4.4921957309546245,41.0,15,CLIMA200
1283-20,DIFERENCIAL DE PRESSÃO,AVIÁRIO MEIO,09/11/2025,26.77734375,30.0,-1.0,3.50463342510111,31.0,16,CLIMA200
1283-20,DIFERENCIAL DE PRESSÃO,AVIÁRIO MEIO,10/11/2025,24.19918699186992,32.0,0.0,5.991606540195518,32.0,17,CLIMA200
1283-20,DIFERENCIAL DE PRESSÃO,AVIÁRIO MEIO,11/11/2025,26.79116465863454,32.0,11.0,2.046782725915068,21.0,18,CLIMA200
1283-20,DIFERENCIAL DE PRESSÃO,AVIÁRIO MEIO,12/11/2025,27.096525096525095,38.0,-1.0,4.2054326294355935,39.0,19,CLIMA200
1283-20,DIFERENCIAL DE PRESSÃO,AVIÁRIO MEIO,13/11/2025,25.927756653992397,35.0,3.0,3.4241522924325833,32.0,20,CLIMA200
1283-20,DIFERENCIAL DE PRESSÃO,AVIÁRIO MEIO,14/11/2025,26.54054054054054,30.0,8.0,2.1056316510493702,22.0,21,CLIMA200
1283-20,DIFERENCIAL DE PRESSÃO,AVIÁRIO MEIO,15/11/2025,26.225563909774436,31.0,8.0,2.404933967653302,23.0,22,CLIMA200
1283-20,DIFERENCIAL DE PRESSÃO,AVIÁRIO MEIO,16/11/2025,27.547528517110266,40.0,11.0,3.3881676764232584,29.0,23,CLIMA200
1283-20,DIFERENCIAL DE PRESSÃO,AVIÁRIO MEIO,17/11/2025,26.084291187739463,30.0,0.0,2.827170846565417,30.0,24,CLIMA200
1283-20,DIFERENCIAL DE PRESSÃO,AVIÁRIO MEIO,18/11/2025,27.92337164750958,45.0,-1.0,5.476689519736766,46.0,25,CLIMA200
1283-20,DIFERENCIAL DE PRESSÃO,AVIÁRIO MEIO,19/11/2025,27.334615384615386,32.0,13.0,2.180233281042038,19.0,26,CLIMA200
1283-20,DIFERENCIAL DE PRESSÃO,AVIÁRIO MEIO,20/11/2025,26.74230769230769,35.0,-1.0,3.5484203502753955,36.0,27,CLIMA200
1283-20,DIFERENCIAL DE PRESSÃO,AVIÁRIO MEIO,21/11/2025,27.27480916030534,31.0,-1.0,2.852756628846503,32.0,28,CLIMA200
1283-20,DIFERENCIAL DE PRESSÃO,AVIÁRIO MEIO,22/11/2025,28.898832684824903,32.0,-1.0,3.1060187898624245,33.0,29,CLIMA200
1283-20,DIFERENCIAL DE PRESSÃO,AVIÁRIO MEIO,23/11/2025,28.125475285171103,39.0,-2.0,3.8797805372791365,41.0,30,CLIMA200
1283-20,DIFERENCIAL DE PRESSÃO,AVIÁRIO MEIO,24/10/2025,7.221774193548387,50.0,-8.0,11.491371661324372,58.0,0,CLIMA200
1283-20,DIFERENCIAL DE PRESSÃO,AVIÁRIO MEIO,24/11/2025,27.53409090909091,36.0,5.0,3.301568257878734,31.0,31,CLIMA200
1283-20,DIFERENCIAL DE PRESSÃO,AVIÁRIO MEIO,25/10/2025,12.294605809128631,50.0,-2.0,12.798807482628746,52.0,1,CLIMA200
1283-20,DIFERENCIAL DE PRESSÃO,AVIÁRIO MEIO,25/11/2025,29.071969696969695,36.0,-1.0,4.531720096098702,37.0,32,CLIMA200
1283-20,DIFERENCIAL DE PRESSÃO,AVIÁRIO MEIO,26/10/2025,6.127118644067797,33.0,-2.0,11.66266432490514,35.0,2,CLIMA200
1283-20,DIFERENCIAL DE PRESSÃO,AVIÁRIO MEIO,26/11/2025,30.448275862068964,40.0,2.0,6.529787838150368,38.0,33,CLIMA200
1283-20,DIFERENCIAL DE PRESSÃO,AVIÁRIO MEIO,27/10/2025,11.386666666666667,37.0,-2.0,13.896340045733865,39.0,3,CLIMA200
1283-20,DIFERENCIAL DE PRESSÃO,AVIÁRIO MEIO,27/11/2025,26.24230769230769,41.0,8.0,12.417997890063969,33.0,34,CLIMA200
1283-20,DIFERENCIAL DE PRESSÃO,AVIÁRIO MEIO,28/10/2025,5.385542168674699,30.0,-4.0,10.857786048672349,34.0,4,CLIMA200
1283-20,DIFERENCIAL DE PRESSÃO,AVIÁRIO MEIO,28/11/2025,32.54406130268199,40.0,-1.0,5.01214742600385,41.0,35,CLIMA200
1283-20,DIFERENCIAL DE PRESSÃO,AVIÁRIO MEIO,29/10/2025,5.866666666666666,36.0,-3.0,10.547644782486579,39.0,5,CLIMA200
1283-20,DIFERENCIAL DE PRESSÃO,AVIÁRIO MEIO,29/11/2025,34.153558052434455,40.0,8.0,3.907499808828321,32.0,36,CLIMA200
1283-20,DIFERENCIAL DE PRESSÃO,AVIÁRIO MEIO,30/10/2025,10.542635658914728,30.0,-2.0,13.25890530162608,32.0,6,CLIMA200
1283-20,DIFERENCIAL DE PRESSÃO,AVIÁRIO MEIO,30/11/2025,34.39473684210526,40.0,20.0,4.161022426942086,20.0,37,CLIMA200
1283-20,DIFERENCIAL DE PRESSÃO,AVIÁRIO MEIO,31/10/2025,9.416030534351146,30.0,-4.0,11.283584758697089,34.0,7,CLIMA200
1283-20,ENERGIA ELÉTRICA DO DIA,EXTERNO,01/11/2025,25.221140908021642,62.19,0.02,15.390193500374476,62.169999999999995,8,CLIMA200
1283-20,ENERGIA ELÉTRICA DO DIA,EXTERNO,02/11/2025,23.025096516007533,58.19,0.04,13.794385068094938,58.15,9,CLIMA200
1283-20,ENERGIA ELÉTRICA DO DIA,EXTERNO,03/11/2025,27.84310734463277,65.22,0.04,16.463073474469013,65.17999999999999,10,CLIMA200
1283-20,ENERGIA ELÉTRICA DO DIA,EXTERNO,04/11/2025,20.954383429672447,70.45,0.0,21.960946229657818,70.45,11,CLIMA200
1283-20,ENERGIA ELÉTRICA DO DIA,EXTERNO,05/11/2025,12.824505649717514,48.99,0.0,14.223308508730502,48.99,12,CLIMA200
1283-20,ENERGIA ELÉTRICA DO DIA,EXTERNO,06/11/2025,21.14074858757062,63.68,0.0,19.903387414210275,63.68,13,CLIMA200
1283-20,ENERGIA ELÉTRICA DO DIA,EXTERNO,07/11/2025,15.113901060070672,57.39,0.01,13.973577635777339,57.38,14,CLIMA200
1283-20,ENERGIA ELÉTRICA DO DIA,EXTERNO,08/11/2025,12.671934040047114,76.13,0.0,21.80840604738927,76.13,15,CLIMA200
1283-20,ENERGIA ELÉTRICA DO DIA,EXTERNO,09/11/2025,12.36738935969868,70.54,0.0,20.713087522498647,70.54,16,CLIMA200
1283-20,ENERGIA ELÉTRICA DO DIA,EXTERNO,10/11/2025,2.5598079561042524,15.36,0.0,4.434019312180224,15.36,17,CLIMA200
1283-20,ENERGIA ELÉTRICA DO DIA,EXTERNO,24/10/2025,12.690428436911489,39.09,0.0,10.791347086647805,39.09,0,CLIMA200
1283-20,ENERGIA ELÉTRICA DO DIA,EXTERNO,25/10/2025,16.49169962335217,40.21,0.01,10.352328032807451,40.2,1,CLIMA200
1283-20,ENERGIA ELÉTRICA DO DIA,EXTERNO,26/10/2025,17.69191854990584,52.09,0.01,12.840485585503387,52.080000000000005,2,CLIMA200
1283-20,ENERGIA ELÉTRICA DO DIA,EXTERNO,27/10/2025,17.108553281580807,46.05,0.01,10.918823395977606,46.04,3,CLIMA200
1283-20,ENERGIA ELÉTRICA DO DIA,EXTERNO,28/10/2025,18.069533898305085,49.56,0.02,11.688459970718153,49.54,4,CLIMA200
1283-20,ENERGIA ELÉTRICA DO DIA,EXTERNO,29/10/2025,20.601313559322033,56.63,0.02,14.150970081723953,56.61,5,CLIMA200
1283-20,ENERGIA ELÉTRICA DO DIA,EXTERNO,30/10/2025,25.201603107344635,64.57,0.02,15.639415858202332,64.55,6,CLIMA200
1283-20,ENERGIA ELÉTRICA DO DIA,EXTERNO,31/10/2025,22.506699623352166,56.56,0.02,13.50198603415288,56.54,7,CLIMA200
1283-20,PESO MÉDIO DA AVE,AVIÁRIO FRENTE,01/11/2025,0.2312926391382406,0.26,0.22,0.01268095589482768,0.04000000000000001,8,CLIMA200
1283-20,PESO MÉDIO DA AVE,AVIÁRIO FRENTE,01/12/2025,2.735756302521008,2.83,2.64,0.05063520321691073,0.18999999999999995,38,CLIMA200
1283-20,PESO MÉDIO DA AVE,AVIÁRIO FRENTE,02/11/2025,0.2842161016949153,0.3,0.26,0.013173383992738548,0.03999999999999998,9,CLIMA200
1283-20,PESO MÉDIO DA AVE,AVIÁRIO FRENTE,02/12/2025,2.8923521126760567,3.08,2.77,0.08656001721373995,0.31000000000000005,39,CLIMA200
1283-20,PESO MÉDIO DA AVE,AVIÁRIO FRENTE,03/11/2025,0.31126582278481013,0.34,0.3,0.011898584551832306,0.040000000000000036,10,CLIMA200
1283-20,PESO MÉDIO DA AVE,AVIÁRIO FRENTE,03/12/2025,3.032317927170868,3.13,2.92,0.05733475623437912,0.20999999999999996,40,CLIMA200
1283-20,PESO MÉDIO DA AVE,AVIÁRIO FRENTE,04/11/2025,0.34647186147186143,0.38,0.32,0.017618848185902605,0.06,11,CLIMA200
1283-20,PESO MÉDIO DA AVE,AVIÁRIO FRENTE,04/12/2025,3.072608695652174,3.12,3.01,0.040181731154703915,0.11000000000000032,41,CLIMA200
1283-20,PESO MÉDIO DA AVE,AVIÁRIO FRENTE,05/11/2025,0.39327221438645976,0.43,0.37,0.01890546829586127,0.06,12,CLIMA200
1283-20,PESO MÉDIO DA AVE,AVIÁRIO FRENTE,06/11/2025,0.4471015514809591,0.5,0.42,0.024468790411909514,0.08000000000000002,13,CLIMA200
1283-20,PESO MÉDIO DA AVE,AVIÁRIO FRENTE,07/11/2025,0.5031073446327683,0.56,0.46,0.029784153870181747,0.10000000000000003,14,CLIMA200
1283-20,PESO MÉDIO DA AVE,AVIÁRIO FRENTE,08/11/2025,0.5639187116564417,0.63,0.51,0.036567394955074065,0.12,15,CLIMA200
1283-20,PESO MÉDIO DA AVE,AVIÁRIO FRENTE,09/11/2025,0.6304926866820632,0.69,0.6,0.023599896277930354,0.08999999999999997,16,CLIMA200
1283-20,PESO MÉDIO DA AVE,AVIÁRIO FRENTE,10/11/2025,0.7073450704225351,0.76,0.65,0.03288360732384689,0.10999999999999999,17,CLIMA200
1283-20,PESO MÉDIO DA AVE,AVIÁRIO FRENTE,11/11/2025,0.7645531315974666,0.8,0.73,0.02107326515439978,0.07000000000000006,18,CLIMA200
1283-20,PESO MÉDIO DA AVE,AVIÁRIO FRENTE,12/11/2025,0.831992957746479,0.9,0.79,0.03681568030885342,0.10999999999999999,19,CLIMA200
1283-20,PESO MÉDIO DA AVE,AVIÁRIO FRENTE,13/11/2025,0.9283309659090908,1.0,0.89,0.03442071103174633,0.10999999999999999,20,CLIMA200
1283-20,PESO MÉDIO DA AVE,AVIÁRIO FRENTE,14/11/2025,1.019759206798867,1.07,0.97,0.03074290413431037,0.10000000000000009,21,CLIMA200
1283-20,PESO MÉDIO DA AVE,AVIÁRIO FRENTE,15/11/2025,1.0937881508078995,1.17,0.99,0.038910360589595974,0.17999999999999994,22,CLIMA200
1283-20,PESO MÉDIO DA AVE,AVIÁRIO FRENTE,16/11/2025,1.1967326732673267,1.26,1.13,0.039224311862485844,0.13000000000000012,23,CLIMA200
1283-20,PESO MÉDIO DA AVE,AVIÁRIO FRENTE,17/11/2025,1.2814527503526094,1.35,1.25,0.031736389242753564,0.10000000000000009,24,CLIMA200
1283-20,PESO MÉDIO DA AVE,AVIÁRIO FRENTE,18/11/2025,1.3663838903170524,1.45,1.33,0.03261444180376289,0.11999999999999988,25,CLIMA200
1283-20,PESO MÉDIO DA AVE,AVIÁRIO FRENTE,19/11/2025,1.486845493562232,1.61,1.39,0.060956776746615586,0.2200000000000002,26,CLIMA200
1283-20,PESO MÉDIO DA AVE,AVIÁRIO FRENTE,20/11/2025,1.5978401122019634,1.7,1.51,0.06007328125152157,0.18999999999999995,27,CLIMA200
1283-20,PESO MÉDIO DA AVE,AVIÁRIO FRENTE,21/11/2025,1.6957323943661973,1.79,1.62,0.04785790521376474,0.16999999999999993,28,CLIMA200
1283-20,PESO MÉDIO DA AVE,AVIÁRIO FRENTE,22/11/2025,1.7942696629213484,1.87,1.71,0.04860440264077048,0.16000000000000014,29,CLIMA200
1283-20,PESO MÉDIO DA AVE,AVIÁRIO FRENTE,23/11/2025,1.857752808988764,1.95,1.77,0.055164520208760566,0.17999999999999994,30,CLIMA200
1283-20,PESO MÉDIO DA AVE,AVIÁRIO FRENTE,24/10/2025,0.05,0.05,0.05,0.0,0.0,0,CLIMA200
1283-20,PESO MÉDIO DA AVE,AVIÁRIO FRENTE,24/11/2025,1.947031029619182,2.06,1.84,0.05715394199106496,0.21999999999999997,31,CLIMA200
1283-20,PESO MÉDIO DA AVE,AVIÁRIO FRENTE,25/10/2025,0.056116338751069285,0.06,0.05,0.004873785776258676,0.009999999999999995,1,CLIMA200
1283-20,PESO MÉDIO DA AVE,AVIÁRIO FRENTE,25/11/2025,2.039710144927536,2.14,1.91,0.052556967422190924,0.2300000000000002,32,CLIMA200
1283-20,PESO MÉDIO DA AVE,AVIÁRIO FRENTE,26/10/2025,0.07256680731364276,0.09,0.06,0.009462753741493775,0.03,2,CLIMA200
1283-20,PESO MÉDIO DA AVE,AVIÁRIO FRENTE,26/11/2025,2.2335142594296227,2.36,2.08,0.07974992843017069,0.2799999999999998,33,CLIMA200
1283-20,PESO MÉDIO DA AVE,AVIÁRIO FRENTE,27/10/2025,0.0970181219110379,0.11,0.09,0.006545091431252771,0.020000000000000004,3,CLIMA200
1283-20,PESO MÉDIO DA AVE,AVIÁRIO FRENTE,27/11/2025,2.310300653594771,2.37,2.22,0.04477147273448731,0.1499999999999999,34,CLIMA200
1283-20,PESO MÉDIO DA AVE,AVIÁRIO FRENTE,28/10/2025,0.12845461978740802,0.14,0.11,0.007333835574514725,0.030000000000000013,4,CLIMA200
1283-20,PESO MÉDIO DA AVE,AVIÁRIO FRENTE,28/11/2025,2.3798455056179777,2.48,2.31,0.04352745171536951,0.16999999999999993,35,CLIMA200
1283-20,PESO MÉDIO DA AVE,AVIÁRIO FRENTE,29/10/2025,0.14852187028657618,0.16,0.14,0.0076451695019264685,0.01999999999999999,5,CLIMA200
1283-20,PESO MÉDIO DA AVE,AVIÁRIO FRENTE,29/11/2025,2.509978962131837,2.65,2.43,0.07284106008472865,0.21999999999999975,36,CLIMA200
1283-20,PESO MÉDIO DA AVE,AVIÁRIO FRENTE,30/10/2025,0.18456692913385828,0.2,0.16,0.008834070187721569,0.04000000000000001,6,CLIMA200
1283-20,PESO MÉDIO DA AVE,AVIÁRIO FRENTE,30/11/2025,2.6499579242636746,2.73,2.6,0.029139090388668507,0.1299999999999999,37,CLIMA200
1283-20,PESO MÉDIO DA AVE,AVIÁRIO FRENTE,31/10/2025,0.20486619718309862,0.22,0.19,0.010307749630253146,0.03,7,CLIMA200
1283-20,PESO MÉDIO DA AVE,AVIÁRIO MEIO,01/11/2025,0.21315049226441632,0.23,0.2,0.011506916976103761,0.03,8,CLIMA200
1283-20,PESO MÉDIO DA AVE,AVIÁRIO MEIO,01/12/2025,2.7158064516129032,2.81,2.65,0.04584964283391513,0.16000000000000014,38,CLIMA200
1283-20,PESO MÉDIO DA AVE,AVIÁRIO MEIO,02/11/2025,0.24559154929577465,0.27,0.23,0.0140773291568832,0.04000000000000001,9,CLIMA200
1283-20,PESO MÉDIO DA AVE,AVIÁRIO MEIO,02/12/2025,2.8781154771451485,3.04,2.58,0.11073738185277261,0.45999999999999996,39,CLIMA200
1283-20,PESO MÉDIO DA AVE,AVIÁRIO MEIO,03/11/2025,0.28282700421940926,0.3,0.27,0.012371290747796797,0.02999999999999997,10,CLIMA200
1283-20,PESO MÉDIO DA AVE,AVIÁRIO MEIO,03/12/2025,3.041204225352113,3.17,2.91,0.08065768727998221,0.2599999999999998,40,CLIMA200
1283-20,PESO MÉDIO DA AVE,AVIÁRIO MEIO,04/11/2025,0.32336690647482014,0.35,0.3,0.016504694725564303,0.04999999999999999,11,CLIMA200
1283-20,PESO MÉDIO DA AVE,AVIÁRIO MEIO,04/12/2025,3.077797833935018,3.17,2.96,0.05728063409425526,0.20999999999999996,41,CLIMA200
1283-20,PESO MÉDIO DA AVE,AVIÁRIO MEIO,05/11/2025,0.36691376701966716,0.4,0.35,0.016098415400174253,0.050000000000000044,12,CLIMA200
1283-20,PESO MÉDIO DA AVE,AVIÁRIO MEIO,06/11/2025,0.47708249496981886,0.5,0.42,0.021402984884927055,0.08000000000000002,13,CLIMA200
1283-20,PESO MÉDIO DA AVE,AVIÁRIO MEIO,07/11/2025,0.5160256410256411,0.54,0.47,0.021226177813942308,0.07000000000000006,14,CLIMA200
1283-20,PESO MÉDIO DA AVE,AVIÁRIO MEIO,08/11/2025,0.5814234234234235,0.6,0.53,0.021618122840038227,0.06999999999999995,15,CLIMA200
1283-20,PESO MÉDIO DA AVE,AVIÁRIO MEIO,09/11/2025,0.6168450704225352,0.64,0.6,0.015120779366719808,0.040000000000000036,16,CLIMA200
1283-20,PESO MÉDIO DA AVE,AVIÁRIO MEIO,10/11/2025,0.6693239436619719,0.71,0.64,0.02432397220611848,0.06999999999999995,17,CLIMA200
1283-20,PESO MÉDIO DA AVE,AVIÁRIO MEIO,11/11/2025,0.7226020408163265,0.75,0.71,0.012584333038026039,0.040000000000000036,18,CLIMA200
1283-20,PESO MÉDIO DA AVE,AVIÁRIO MEIO,12/11/2025,0.767277856135402,0.8,0.75,0.016190259061939712,0.050000000000000044,19,CLIMA200
1283-20,PESO MÉDIO DA AVE,AVIÁRIO MEIO,13/11/2025,0.8086440677966101,0.83,0.79,0.014886496416000185,0.039999999999999925,20,CLIMA200
1283-20,PESO MÉDIO DA AVE,AVIÁRIO MEIO,14/11/2025,0.8530239099859352,0.88,0.83,0.017037998136300487,0.050000000000000044,21,CLIMA200
1283-20,PESO MÉDIO DA AVE,AVIÁRIO MEIO,15/11/2025,0.8922316384180792,0.91,0.88,0.011166056014545307,0.030000000000000027,22,CLIMA200
1283-20,PESO MÉDIO DA AVE,AVIÁRIO MEIO,16/11/2025,0.9217796610169492,0.93,0.91,0.007986360823754373,0.020000000000000018,23,CLIMA200
1283-20,PESO MÉDIO DA AVE,AVIÁRIO MEIO,17/11/2025,0.9304647887323944,0.94,0.92,0.0021710709106527075,0.019999999999999907,24,CLIMA200
1283-20,PESO MÉDIO DA AVE,AVIÁRIO MEIO,18/11/2025,0.9330606488011283,0.94,0.93,0.004608569943878895,0.009999999999999898,25,CLIMA200
1283-20,PESO MÉDIO DA AVE,AVIÁRIO MEIO,19/11/2025,0.9314505494505495,0.94,0.92,0.005187185682283989,0.019999999999999907,26,CLIMA200
1283-20,PESO MÉDIO DA AVE,AVIÁRIO MEIO,20/11/2025,1.3171157167530225,1.41,0.93,0.17501188337139922,0.47999999999999987,27,CLIMA200
1283-20,PESO MÉDIO DA AVE,AVIÁRIO MEIO,21/11/2025,1.3890168539325842,1.41,1.37,0.012045780985072543,0.039999999999999813,28,CLIMA200
1283-20,PESO MÉDIO DA AVE,AVIÁRIO MEIO,22/11/2025,1.4131882022471909,1.43,1.4,0.010800981859427296,0.030000000000000027,29,CLIMA200
1283-20,PESO MÉDIO DA AVE,AVIÁRIO MEIO,23/11/2025,1.4355119214586256,1.44,1.43,0.004973724602324897,0.010000000000000009,30,CLIMA200
1283-20,PESO MÉDIO DA AVE,AVIÁRIO MEIO,24/11/2025,1.442281690140845,1.45,1.43,0.004850390135568838,0.020000000000000018,31,CLIMA200
1283-20,PESO MÉDIO DA AVE,AVIÁRIO MEIO,25/11/2025,1.4072230014025244,1.44,1.37,0.01947780924496914,0.06999999999999984,32,CLIMA200
1283-20,PESO MÉDIO DA AVE,AVIÁRIO MEIO,26/11/2025,1.3844300144300143,1.41,1.37,0.008653991371985637,0.039999999999999813,33,CLIMA200
1283-20,PESO MÉDIO DA AVE,AVIÁRIO MEIO,27/10/2025,0.10725806451612904,0.11,0.1,0.004461069898689814,0.009999999999999995,3,CLIMA200
1283-20,PESO MÉDIO DA AVE,AVIÁRIO MEIO,27/11/2025,2.016191860465116,2.45,1.36,0.43859263781925606,1.09,34,CLIMA200
1283-20,PESO MÉDIO DA AVE,AVIÁRIO MEIO,28/10/2025,0.12464033850493654,0.13,0.11,0.005498209263390193,0.020000000000000004,4,CLIMA200
1283-20,PESO MÉDIO DA AVE,AVIÁRIO MEIO,28/11/2025,2.422693389592124,2.52,2.29,0.06937121813597259,0.22999999999999998,35,CLIMA200
1283-20,PESO MÉDIO DA AVE,AVIÁRIO MEIO,29/10/2025,0.1427926657263752,0.15,0.13,0.006829633623605685,0.01999999999999999,5,CLIMA200
1283-20,PESO MÉDIO DA AVE,AVIÁRIO MEIO,29/11/2025,2.526991584852735,2.62,2.46,0.05022106738620472,0.16000000000000014,36,CLIMA200
1283-20,PESO MÉDIO DA AVE,AVIÁRIO MEIO,30/10/2025,0.16564174894217207,0.18,0.15,0.007457732730338815,0.03,6,CLIMA200
1283-20,PESO MÉDIO DA AVE,AVIÁRIO MEIO,30/11/2025,2.6422159887798036,2.72,2.59,0.03670126430879103,0.13000000000000034,37,CLIMA200
1283-20,PESO MÉDIO DA AVE,AVIÁRIO MEIO,31/10/2025,0.18676056338028169,0.2,0.18,0.008217920625128668,0.020000000000000018,7,CLIMA200
1283-20,PESOS QUALIFICADOS,AVIÁRIO FRENTE,01/11/2025,0.2285635359116022,0.32,0.15,0.03265858202314564,0.17,8,CLIMA200
1283-20,PESOS QUALIFICADOS,AVIÁRIO FRENTE,01/12/2025,2.7319672131147543,3.48,2.01,0.3104231362433916,1.4700000000000002,38,CLIMA200
1283-20,PESOS QUALIFICADOS,AVIÁRIO FRENTE,02/11/2025,0.2686214876033058,0.37,0.17,0.03880509297453434,0.19999999999999998,9,CLIMA200
1283-20,PESOS QUALIFICADOS,AVIÁRIO FRENTE,02/12/2025,2.941644859813084,3.7,2.13,0.3429774863142475,1.5700000000000003,39,CLIMA200
1283-20,PESOS QUALIFICADOS,AVIÁRIO FRENTE,03/11/2025,0.3081340244353943,0.41,0.22,0.0395784688377447,0.18999999999999997,10,CLIMA200
1283-20,PESOS QUALIFICADOS,AVIÁRIO FRENTE,03/12/2025,3.0086624203821652,3.87,2.24,0.35151977388588657,1.63,40,CLIMA200
1283-20,PESOS QUALIFICADOS,AVIÁRIO FRENTE,04/11/2025,0.34811224489795917,0.46,0.24,0.04705377821944764,0.22000000000000003,11,CLIMA200
1283-20,PESOS QUALIFICADOS,AVIÁRIO FRENTE,04/12/2025,2.9566225165562914,3.84,2.3,0.3909690582720284,1.54,41,CLIMA200
1283-20,PESOS QUALIFICADOS,AVIÁRIO FRENTE,05/11/2025,0.39867248908296943,0.53,0.28,0.054073233403046574,0.25,12,CLIMA200
1283-20,PESOS QUALIFICADOS,AVIÁRIO FRENTE,06/11/2025,0.4528559357836925,0.63,0.32,0.061539514971063344,0.31,13,CLIMA200
1283-20,PESOS QUALIFICADOS,AVIÁRIO FRENTE,07/11/2025,0.505845521023766,0.68,0.35,0.06743314037947397,0.33000000000000007,14,CLIMA200
1283-20,PESOS QUALIFICADOS,AVIÁRIO FRENTE,08/11/2025,0.5560244648318043,0.77,0.38,0.07828953432845218,0.39,15,CLIMA200
1283-20,PESOS QUALIFICADOS,AVIÁRIO FRENTE,09/11/2025,0.618978835978836,0.83,0.42,0.08217006868078439,0.41,16,CLIMA200
1283-20,PESOS QUALIFICADOS,AVIÁRIO FRENTE,10/11/2025,0.7026720867208672,0.93,0.51,0.08643661340449399,0.42000000000000004,17,CLIMA200
1283-20,PESOS QUALIFICADOS,AVIÁRIO FRENTE,11/11/2025,0.761053391053391,0.99,0.55,0.0947513722656349,0.43999999999999995,18,CLIMA200
1283-20,PESOS QUALIFICADOS,AVIÁRIO FRENTE,12/11/2025,0.8548381294964029,1.11,0.61,0.10956327162232518,0.5000000000000001,19,CLIMA200
1283-20,PESOS QUALIFICADOS,AVIÁRIO FRENTE,13/11/2025,0.9439121756487026,1.21,0.68,0.11365223539480704,0.5299999999999999,20,CLIMA200
1283-20,PESOS QUALIFICADOS,AVIÁRIO FRENTE,14/11/2025,1.0253660982948847,1.32,0.76,0.11874549613640277,0.56,21,CLIMA200
1283-20,PESOS QUALIFICADOS,AVIÁRIO FRENTE,15/11/2025,1.0712321792260693,1.44,0.69,0.1574187439932875,0.75,22,CLIMA200
1283-20,PESOS QUALIFICADOS,AVIÁRIO FRENTE,16/11/2025,1.2019509476031216,1.55,0.86,0.1387131727887515,0.6900000000000001,23,CLIMA200
1283-20,PESOS QUALIFICADOS,AVIÁRIO FRENTE,17/11/2025,1.2870121130551817,1.66,0.95,0.1570281150769066,0.71,24,CLIMA200
1283-20,PESOS QUALIFICADOS,AVIÁRIO FRENTE,18/11/2025,1.3648613376835237,1.72,0.88,0.17677883258584068,0.84,25,CLIMA200
1283-20,PESOS QUALIFICADOS,AVIÁRIO FRENTE,19/11/2025,1.5172395128552099,1.97,1.08,0.1728835623325595,0.8899999999999999,26,CLIMA200
1283-20,PESOS QUALIFICADOS,AVIÁRIO FRENTE,20/11/2025,1.6177272727272727,2.09,1.16,0.18462904115844359,0.9299999999999999,27,CLIMA200
1283-20,PESOS QUALIFICADOS,AVIÁRIO FRENTE,21/11/2025,1.7015940224159403,2.18,1.24,0.19767439815341525,0.9400000000000002,28,CLIMA200
1283-20,PESOS QUALIFICADOS,AVIÁRIO FRENTE,22/11/2025,1.7917735042735041,2.32,1.32,0.21043822809790438,0.9999999999999998,29,CLIMA200
1283-20,PESOS QUALIFICADOS,AVIÁRIO FRENTE,23/11/2025,1.8643546798029556,2.42,1.34,0.21152030569068137,1.0799999999999998,30,CLIMA200
1283-20,PESOS QUALIFICADOS,AVIÁRIO FRENTE,24/10/2025,0.0441407867494824,0.06,0.03,0.008778199339616053,0.03,0,CLIMA200
1283-20,PESOS QUALIFICADOS,AVIÁRIO FRENTE,24/11/2025,1.9790717821782178,2.53,1.39,0.22732027999895713,1.14,31,CLIMA200
1283-20,PESOS QUALIFICADOS,AVIÁRIO FRENTE,25/10/2025,0.052500000000000005,0.08,0.03,0.009194949779595053,0.05,1,CLIMA200
1283-20,PESOS QUALIFICADOS,AVIÁRIO FRENTE,25/11/2025,2.0540977443609023,2.64,1.33,0.2415590038702783,1.31,32,CLIMA200
1283-20,PESOS QUALIFICADOS,AVIÁRIO FRENTE,26/10/2025,0.07508351488743646,0.1,0.04,0.012207816697388015,0.060000000000000005,2,CLIMA200
1283-20,PESOS QUALIFICADOS,AVIÁRIO FRENTE,26/11/2025,2.22544235924933,2.92,1.44,0.26895663767790096,1.48,33,CLIMA200
1283-20,PESOS QUALIFICADOS,AVIÁRIO FRENTE,27/10/2025,0.09708810068649885,0.13,0.06,0.012342333627294253,0.07,3,CLIMA200
1283-20,PESOS QUALIFICADOS,AVIÁRIO FRENTE,27/11/2025,2.27736301369863,2.93,1.67,0.2768683080489282,1.2600000000000002,34,CLIMA200
1283-20,PESOS QUALIFICADOS,AVIÁRIO FRENTE,28/10/2025,0.12066130800146145,0.17,0.07,0.016204563610638777,0.1,4,CLIMA200
1283-20,PESOS QUALIFICADOS,AVIÁRIO FRENTE,28/11/2025,2.3907438016528926,3.05,1.76,0.2809269346767425,1.2899999999999998,35,CLIMA200
1283-20,PESOS QUALIFICADOS,AVIÁRIO FRENTE,29/10/2025,0.14494810744810746,0.19,0.1,0.01725421484373241,0.09,5,CLIMA200
1283-20,PESOS QUALIFICADOS,AVIÁRIO FRENTE,29/11/2025,2.5505555555555555,3.27,1.87,0.3100091026711592,1.4,36,CLIMA200
1283-20,PESOS QUALIFICADOS,AVIÁRIO FRENTE,30/10/2025,0.17187420178799492,0.24,0.1,0.02352886352426384,0.13999999999999999,6,CLIMA200
1283-20,PESOS QUALIFICADOS,AVIÁRIO FRENTE,30/11/2025,2.6445346534653464,3.35,1.96,0.2975747369093405,1.3900000000000001,37,CLIMA200
1283-20,PESOS QUALIFICADOS,AVIÁRIO FRENTE,31/10/2025,0.2023276795380729,0.27,0.14,0.026105900331360683,0.13,7,CLIMA200
1283-20,PESOS QUALIFICADOS,AVIÁRIO MEIO,01/11/2025,0.21432746196957567,0.29,0.15,0.032138362651614606,0.13999999999999999,8,CLIMA200
1283-20,PESOS QUALIFICADOS,AVIÁRIO MEIO,01/12/2025,2.7076940133037697,3.48,2.02,0.30913225871589717,1.46,38,CLIMA200
1283-20,PESOS QUALIFICADOS,AVIÁRIO MEIO,02/11/2025,0.24846283783783785,0.33,0.17,0.036456221024759705,0.16,9,CLIMA200
1283-20,PESOS QUALIFICADOS,AVIÁRIO MEIO,02/12/2025,2.8496186440677964,3.58,1.81,0.35283936469662724,1.77,39,CLIMA200
1283-20,PESOS QUALIFICADOS,AVIÁRIO MEIO,03/11/2025,0.2852023860247124,0.38,0.2,0.041405735914387,0.18,10,CLIMA200
1283-20,PESOS QUALIFICADOS,AVIÁRIO MEIO,03/12/2025,3.042874396135266,3.82,2.19,0.3736323836830951,1.63,40,CLIMA200
1283-20,PESOS QUALIFICADOS,AVIÁRIO MEIO,04/11/2025,0.32984976525821597,0.44,0.23,0.04791890609120529,0.21,11,CLIMA200
1283-20,PESOS QUALIFICADOS,AVIÁRIO MEIO,04/12/2025,3.0044029850746266,3.95,2.51,0.33261629364338374,1.4400000000000004,41,CLIMA200
1283-20,PESOS QUALIFICADOS,AVIÁRIO MEIO,05/11/2025,0.37242130750605323,0.49,0.26,0.05420744595829938,0.22999999999999998,12,CLIMA200
1283-20,PESOS QUALIFICADOS,AVIÁRIO MEIO,06/11/2025,0.4574572127139364,0.62,0.28,0.06734278079525963,0.33999999999999997,13,CLIMA200
1283-20,PESOS QUALIFICADOS,AVIÁRIO MEIO,07/11/2025,0.5002802283341982,0.68,0.32,0.07466322477452364,0.36000000000000004,14,CLIMA200
1283-20,PESOS QUALIFICADOS,AVIÁRIO MEIO,08/11/2025,0.5612652536929994,0.75,0.35,0.08329982929657183,0.4,15,CLIMA200
1283-20,PESOS QUALIFICADOS,AVIÁRIO MEIO,09/11/2025,0.6100757054370268,0.8,0.45,0.0848718384126419,0.35000000000000003,16,CLIMA200
1283-20,PESOS QUALIFICADOS,AVIÁRIO MEIO,10/11/2025,0.6730564362714014,0.88,0.49,0.09232454946117939,0.39,17,CLIMA200
1283-20,PESOS QUALIFICADOS,AVIÁRIO MEIO,11/11/2025,0.7177247502774694,0.92,0.54,0.1023369320236556,0.38,18,CLIMA200
1283-20,PESOS QUALIFICADOS,AVIÁRIO MEIO,12/11/2025,0.7617936117936118,0.99,0.57,0.1120619490185278,0.42000000000000004,19,CLIMA200
1283-20,PESOS QUALIFICADOS,AVIÁRIO MEIO,13/11/2025,0.7992599118942731,1.04,0.6,0.11935870612462868,0.44000000000000006,20,CLIMA200
1283-20,PESOS QUALIFICADOS,AVIÁRIO MEIO,14/11/2025,0.8447272727272728,1.09,0.63,0.12928455049937354,0.4600000000000001,21,CLIMA200
1283-20,PESOS QUALIFICADOS,AVIÁRIO MEIO,15/11/2025,0.8788824101068999,1.13,0.66,0.13211082447425768,0.46999999999999986,22,CLIMA200
1283-20,PESOS QUALIFICADOS,AVIÁRIO MEIO,16/11/2025,0.8992335766423357,1.16,0.69,0.13644877809246006,0.47,23,CLIMA200
1283-20,PESOS QUALIFICADOS,AVIÁRIO MEIO,17/11/2025,0.8995754026354319,1.16,0.7,0.134198869423553,0.45999999999999996,24,CLIMA200
1283-20,PESOS QUALIFICADOS,AVIÁRIO MEIO,18/11/2025,0.9036569579288026,1.16,0.7,0.1352543766382711,0.45999999999999996,25,CLIMA200
1283-20,PESOS QUALIFICADOS,AVIÁRIO MEIO,19/11/2025,0.8860810810810811,1.16,0.7,0.1216310056439822,0.45999999999999996,26,CLIMA200
1283-20,PESOS QUALIFICADOS,AVIÁRIO MEIO,20/11/2025,1.3416046511627906,1.77,0.8,0.21345656271104307,0.97,27,CLIMA200
1283-20,PESOS QUALIFICADOS,AVIÁRIO MEIO,21/11/2025,1.3593793103448277,1.74,1.03,0.20859757447699337,0.71,28,CLIMA200
1283-20,PESOS QUALIFICADOS,AVIÁRIO MEIO,22/11/2025,1.3850408163265304,1.77,1.06,0.21127914209653645,0.71,29,CLIMA200
1283-20,PESOS QUALIFICADOS,AVIÁRIO MEIO,23/11/2025,1.4050372208436726,1.79,1.08,0.21523877007440934,0.71,30,CLIMA200
1283-20,PESOS QUALIFICADOS,AVIÁRIO MEIO,24/11/2025,1.3993351063829786,1.8,1.08,0.2156344780624015,0.72,31,CLIMA200
1283-20,PESOS QUALIFICADOS,AVIÁRIO MEIO,25/11/2025,1.3455013550135502,1.77,1.05,0.19863853847718893,0.72,32,CLIMA200
1283-20,PESOS QUALIFICADOS,AVIÁRIO MEIO,26/11/2025,1.456353887399464,2.61,1.04,0.3435988421225316,1.5699999999999998,33,CLIMA200
1283-20,PESOS QUALIFICADOS,AVIÁRIO MEIO,27/10/2025,0.09934967012252592,0.14,0.06,0.014531686343874235,0.08000000000000002,3,CLIMA200
1283-20,PESOS QUALIFICADOS,AVIÁRIO MEIO,27/11/2025,2.1729902912621357,2.96,1.04,0.4073766296099265,1.92,34,CLIMA200
1283-20,PESOS QUALIFICADOS,AVIÁRIO MEIO,28/10/2025,0.11957860021986075,0.16,0.09,0.016104907430095117,0.07,4,CLIMA200
1283-20,PESOS QUALIFICADOS,AVIÁRIO MEIO,28/11/2025,2.4298848368522075,3.12,1.78,0.272221941073713,1.34,35,CLIMA200
1283-20,PESOS QUALIFICADOS,AVIÁRIO MEIO,29/10/2025,0.13940141931502623,0.19,0.1,0.01964384169005841,0.09,5,CLIMA200
1283-20,PESOS QUALIFICADOS,AVIÁRIO MEIO,29/11/2025,2.5473461538461537,3.16,1.87,0.27130715524144894,1.29,36,CLIMA200
1283-20,PESOS QUALIFICADOS,AVIÁRIO MEIO,30/10/2025,0.16163748079877113,0.22,0.11,0.023382035375318314,0.11,6,CLIMA200
1283-20,PESOS QUALIFICADOS,AVIÁRIO MEIO,30/11/2025,2.636068548387097,3.37,1.99,0.29253216555066697,1.3800000000000001,37,CLIMA200
1283-20,PESOS QUALIFICADOS,AVIÁRIO MEIO,31/10/2025,0.18590857999250657,0.25,0.13,0.027690697123772656,0.12,7,CLIMA200
1283-20,TEMPERATURA,AVIÁRIO FRENTE,01/11/2025,27.592533333333336,31.8,25.4,1.6615407254178658,6.400000000000002,8,CLIMA200
1283-20,TEMPERATURA,AVIÁRIO FRENTE,01/12/2025,23.82605363984674,27.2,21.1,1.7779652100956902,6.099999999999998,38,CLIMA200
1283-20,TEMPERATURA,AVIÁRIO FRENTE,02/11/2025,27.405790960451977,30.6,25.4,1.1778716903866664,5.200000000000003,9,CLIMA200
1283-20,TEMPERATURA,AVIÁRIO FRENTE,02/12/2025,24.27816091954023,27.7,20.9,1.8294932097443555,6.800000000000001,39,CLIMA200
1283-20,TEMPERATURA,AVIÁRIO FRENTE,03/11/2025,27.974368686868686,31.0,26.1,1.2373142572284144,4.899999999999999,10,CLIMA200
1283-20,TEMPERATURA,AVIÁRIO FRENTE,03/12/2025,24.630749354005168,27.8,21.8,1.260125996209888,6.0,40,CLIMA200
1283-20,TEMPERATURA,AVIÁRIO FRENTE,04/11/2025,28.454894179894183,32.9,25.1,1.6356203180386453,7.799999999999997,11,CLIMA200
1283-20,TEMPERATURA,AVIÁRIO FRENTE,04/12/2025,24.38846641318124,28.7,19.5,1.8426316952829536,9.2,41,CLIMA200
1283-20,TEMPERATURA,AVIÁRIO FRENTE,05/11/2025,27.142171717171717,29.5,24.6,1.119033823343144,4.899999999999999,12,CLIMA200
1283-20,TEMPERATURA,AVIÁRIO FRENTE,05/12/2025,25.408651399491095,33.4,18.8,3.5055174922763896,14.599999999999998,42,CLIMA200
1283-20,TEMPERATURA,AVIÁRIO FRENTE,06/11/2025,26.923791348600506,30.9,22.7,1.938542086753211,8.2,13,CLIMA200
1283-20,TEMPERATURA,AVIÁRIO FRENTE,07/11/2025,27.12827496757458,31.2,23.1,1.7366887129654471,8.099999999999998,14,CLIMA200
1283-20,TEMPERATURA,AVIÁRIO FRENTE,08/11/2025,23.229615384615382,27.6,19.1,2.415262868481609,8.5,15,CLIMA200
1283-20,TEMPERATURA,AVIÁRIO FRENTE,09/11/2025,24.122005208333334,29.7,17.8,3.6481227535504934,11.899999999999999,16,CLIMA200
1283-20,TEMPERATURA,AVIÁRIO FRENTE,10/11/2025,25.05718157181572,30.7,19.0,3.161156296299392,11.7,17,CLIMA200
1283-20,TEMPERATURA,AVIÁRIO FRENTE,11/11/2025,25.21512717536814,31.3,19.1,3.5704234733441966,12.2,18,CLIMA200
1283-20,TEMPERATURA,AVIÁRIO FRENTE,12/11/2025,24.980180180180177,32.3,21.2,2.9343382159314992,11.099999999999998,19,CLIMA200
1283-20,TEMPERATURA,AVIÁRIO FRENTE,13/11/2025,24.236248415716098,27.0,21.3,1.5437363917742644,5.699999999999999,20,CLIMA200
1283-20,TEMPERATURA,AVIÁRIO FRENTE,14/11/2025,24.993564993564995,27.9,22.9,1.179985289356947,5.0,21,CLIMA200
1283-20,TEMPERATURA,AVIÁRIO FRENTE,15/11/2025,25.006265664160402,27.4,22.5,1.109420061013152,4.899999999999999,22,CLIMA200
1283-20,TEMPERATURA,AVIÁRIO FRENTE,16/11/2025,25.377693282636248,29.8,21.7,2.0385845265046023,8.100000000000001,23,CLIMA200
1283-20,TEMPERATURA,AVIÁRIO FRENTE,17/11/2025,22.503065134099618,26.3,19.5,1.8126251729105096,6.800000000000001,24,CLIMA200
1283-20,TEMPERATURA,AVIÁRIO FRENTE,18/11/2025,23.274554707379135,29.6,19.0,2.7808302104265135,10.600000000000001,25,CLIMA200
1283-20,TEMPERATURA,AVIÁRIO FRENTE,19/11/2025,23.114615384615387,29.8,16.2,3.8577284043611018,13.600000000000001,26,CLIMA200
1283-20,TEMPERATURA,AVIÁRIO FRENTE,20/11/2025,24.963589743589743,30.5,18.7,3.0311303529055063,11.8,27,CLIMA200
1283-20,TEMPERATURA,AVIÁRIO FRENTE,21/11/2025,25.49274809160305,31.5,18.9,3.335518748757199,12.600000000000001,28,CLIMA200
1283-20,TEMPERATURA,AVIÁRIO FRENTE,22/11/2025,26.33916990920882,31.1,21.7,2.49628441625244,9.400000000000002,29,CLIMA200
1283-20,TEMPERATURA,AVIÁRIO FRENTE,23/11/2025,24.897084917617235,30.0,20.6,2.599498658721083,9.399999999999999,30,CLIMA200
1283-20,TEMPERATURA,AVIÁRIO FRENTE,24/10/2025,32.042684563758385,34.7,27.9,1.616119567837496,6.800000000000004,0,CLIMA200
1283-20,TEMPERATURA,AVIÁRIO FRENTE,24/11/2025,24.37436868686869,30.1,20.5,2.404018543397525,9.600000000000001,31,CLIMA200
1283-20,TEMPERATURA,AVIÁRIO FRENTE,25/10/2025,30.749033149171268,34.9,28.4,1.8857525291276445,6.5,1,CLIMA200
1283-20,TEMPERATURA,AVIÁRIO FRENTE,25/11/2025,24.340656565656566,30.1,19.1,2.7901184894343105,11.0,32,CLIMA200
1283-20,TEMPERATURA,AVIÁRIO FRENTE,26/10/2025,28.637517630465446,30.1,22.5,0.7440995268271974,7.600000000000001,2,CLIMA200
1283-20,TEMPERATURA,AVIÁRIO FRENTE,26/11/2025,24.72286079182631,30.9,18.7,2.486762088661056,12.2,33,CLIMA200
1283-20,TEMPERATURA,AVIÁRIO FRENTE,27/10/2025,29.419851851851853,31.6,27.5,0.9074620573112374,4.100000000000001,3,CLIMA200
1283-20,TEMPERATURA,AVIÁRIO FRENTE,27/11/2025,24.12397435897436,28.0,18.3,2.500020943370528,9.7,34,CLIMA200
1283-20,TEMPERATURA,AVIÁRIO FRENTE,28/10/2025,28.586497326203208,30.3,27.3,0.6535726814922742,3.0,4,CLIMA200
1283-20,TEMPERATURA,AVIÁRIO FRENTE,28/11/2025,24.658748403575988,28.3,19.4,2.21431473575007,8.900000000000002,35,CLIMA200
1283-20,TEMPERATURA,AVIÁRIO FRENTE,29/10/2025,27.41856209150327,29.0,26.4,0.3374576580566556,2.6000000000000014,5,CLIMA200
1283-20,TEMPERATURA,AVIÁRIO FRENTE,29/11/2025,25.404369538077404,27.7,21.8,1.410082610013361,5.899999999999999,36,CLIMA200
1283-20,TEMPERATURA,AVIÁRIO FRENTE,30/10/2025,27.55361757105943,30.3,25.9,1.0683277224157608,4.400000000000002,6,CLIMA200
1283-20,TEMPERATURA,AVIÁRIO FRENTE,30/11/2025,25.43929912390488,28.5,21.5,1.482355973924142,7.0,37,CLIMA200
1283-20,TEMPERATURA,AVIÁRIO FRENTE,31/10/2025,27.731297709923663,31.4,25.7,1.422094858540328,5.699999999999999,7,CLIMA200
1283-20,TEMPERATURA,AVIÁRIO FUNDO,01/11/2025,27.6204,31.3,25.5,1.7057385028192578,5.800000000000001,8,CLIMA200
1283-20,TEMPERATURA,AVIÁRIO FUNDO,01/12/2025,25.68544061302682,29.0,23.8,1.5729571368982274,5.199999999999999,38,CLIMA200
1283-20,TEMPERATURA,AVIÁRIO FUNDO,02/11/2025,27.68050847457627,30.7,25.6,1.4932196175376484,5.099999999999998,9,CLIMA200
1283-20,TEMPERATURA,AVIÁRIO FUNDO,02/12/2025,26.30191570881226,29.2,23.5,1.687194322699734,5.699999999999999,39,CLIMA200
1283-20,TEMPERATURA,AVIÁRIO FUNDO,03/11/2025,28.248106060606062,31.0,26.6,1.4418777911142882,4.399999999999999,10,CLIMA200
1283-20,TEMPERATURA,AVIÁRIO FUNDO,03/12/2025,26.39302325581395,29.0,24.1,1.1959353672168813,4.899999999999999,40,CLIMA200
1283-20,TEMPERATURA,AVIÁRIO FUNDO,04/11/2025,29.020238095238096,32.4,25.6,2.00553478767643,6.799999999999997,11,CLIMA200
1283-20,TEMPERATURA,AVIÁRIO FUNDO,04/12/2025,25.850570342205323,28.2,22.7,1.39100507259039,5.5,41,CLIMA200
1283-20,TEMPERATURA,AVIÁRIO FUNDO,05/11/2025,27.52992424242424,29.2,26.0,0.8167600406226264,3.1999999999999993,12,CLIMA200
1283-20,TEMPERATURA,AVIÁRIO FUNDO,05/12/2025,26.412595419847328,31.9,20.9,2.9117349010555307,11.0,42,CLIMA200
1283-20,TEMPERATURA,AVIÁRIO FUNDO,06/11/2025,27.73969465648855,30.1,24.1,1.8700605937569559,6.0,13,CLIMA200
1283-20,TEMPERATURA,AVIÁRIO FUNDO,07/11/2025,28.136964980544747,31.1,24.7,1.7719373563652394,6.400000000000002,14,CLIMA200
1283-20,TEMPERATURA,AVIÁRIO FUNDO,08/11/2025,23.769615384615385,27.4,20.3,2.0642841574842046,7.099999999999998,15,CLIMA200
1283-20,TEMPERATURA,AVIÁRIO FUNDO,09/11/2025,24.64375,29.3,19.0,3.5603776572857977,10.3,16,CLIMA200
1283-20,TEMPERATURA,AVIÁRIO FUNDO,10/11/2025,25.46951219512195,29.7,20.0,3.0952634556055836,9.7,17,CLIMA200
1283-20,TEMPERATURA,AVIÁRIO FUNDO,11/11/2025,25.59718875502008,30.6,20.1,3.5053762679108456,10.5,18,CLIMA200
1283-20,TEMPERATURA,AVIÁRIO FUNDO,12/11/2025,25.485328185328186,32.4,22.1,3.1368923504262933,10.299999999999997,19,CLIMA200
1283-20,TEMPERATURA,AVIÁRIO FUNDO,13/11/2025,24.786311787072243,27.7,22.3,1.7353961233880077,5.399999999999999,20,CLIMA200
1283-20,TEMPERATURA,AVIÁRIO FUNDO,14/11/2025,25.82857142857143,28.6,23.6,1.4858776268986842,5.0,21,CLIMA200
1283-20,TEMPERATURA,AVIÁRIO FUNDO,15/11/2025,26.01390977443609,28.6,23.7,1.417981374993788,4.900000000000002,22,CLIMA200
1283-20,TEMPERATURA,AVIÁRIO FUNDO,16/11/2025,26.182889733840305,29.9,23.1,2.2423109038138014,6.799999999999997,23,CLIMA200
1283-20,TEMPERATURA,AVIÁRIO FUNDO,17/11/2025,22.960536398467433,26.4,20.2,1.7636859748900453,6.199999999999999,24,CLIMA200
1283-20,TEMPERATURA,AVIÁRIO FUNDO,18/11/2025,23.7118320610687,28.2,19.3,2.8916788492528656,8.899999999999999,25,CLIMA200
1283-20,TEMPERATURA,AVIÁRIO FUNDO,19/11/2025,24.13346153846154,29.8,16.5,4.330934738605405,13.3,26,CLIMA200
1283-20,TEMPERATURA,AVIÁRIO FUNDO,20/11/2025,26.119615384615386,30.6,20.0,3.178079948611002,10.600000000000001,27,CLIMA200
1283-20,TEMPERATURA,AVIÁRIO FUNDO,21/11/2025,26.6793893129771,31.3,20.6,3.3855376642294726,10.7,28,CLIMA200
1283-20,TEMPERATURA,AVIÁRIO FUNDO,22/11/2025,27.825291828793777,30.8,24.6,1.9205073939572601,6.199999999999999,29,CLIMA200
1283-20,TEMPERATURA,AVIÁRIO FUNDO,23/11/2025,26.714828897338403,30.5,22.6,2.216780256264525,7.899999999999999,30,CLIMA200
1283-20,TEMPERATURA,AVIÁRIO FUNDO,24/10/2025,30.236290322580647,33.6,28.1,1.7710865389968826,5.5,0,CLIMA200
1283-20,TEMPERATURA,AVIÁRIO FUNDO,24/11/2025,25.329924242424244,28.8,22.1,2.1590310664221324,6.699999999999999,31,CLIMA200
1283-20,TEMPERATURA,AVIÁRIO FUNDO,25/10/2025,30.695020746887966,34.6,27.5,2.3258193799070765,7.100000000000001,1,CLIMA200
1283-20,TEMPERATURA,AVIÁRIO FUNDO,25/11/2025,25.562121212121212,29.0,20.8,2.585288516313092,8.2,32,CLIMA200
1283-20,TEMPERATURA,AVIÁRIO FUNDO,26/10/2025,28.73347457627119,29.9,23.7,0.7510601288512705,6.199999999999999,2,CLIMA200
1283-20,TEMPERATURA,AVIÁRIO FUNDO,26/11/2025,26.169731800766286,28.8,21.2,2.0340123995391357,7.600000000000001,33,CLIMA200
1283-20,TEMPERATURA,AVIÁRIO FUNDO,27/10/2025,29.62088888888889,31.6,28.6,0.8401899843943531,3.0,3,CLIMA200
1283-20,TEMPERATURA,AVIÁRIO FUNDO,27/11/2025,25.859615384615385,28.4,21.8,2.028115800003754,6.599999999999998,34,CLIMA200
1283-20,TEMPERATURA,AVIÁRIO FUNDO,28/10/2025,28.840963855421684,30.5,27.6,0.7729414133119763,2.8999999999999986,4,CLIMA200
1283-20,TEMPERATURA,AVIÁRIO FUNDO,28/11/2025,26.18927203065134,28.5,22.4,1.713625765202022,6.100000000000001,35,CLIMA200
1283-20,TEMPERATURA,AVIÁRIO FUNDO,29/10/2025,27.003529411764706,28.0,26.3,0.4365049402474339,1.6999999999999993,5,CLIMA200
1283-20,TEMPERATURA,AVIÁRIO FUNDO,29/11/2025,26.810486891385768,29.0,24.3,1.1859834281201727,4.699999999999999,36,CLIMA200
1283-20,TEMPERATURA,AVIÁRIO FUNDO,30/10/2025,27.36395348837209,29.7,25.8,1.2305774270798437,3.8999999999999986,6,CLIMA200
1283-20,TEMPERATURA,AVIÁRIO FUNDO,30/11/2025,26.969172932330828,29.2,24.1,1.3605715545522403,5.099999999999998,37,CLIMA200
1283-20,TEMPERATURA,AVIÁRIO FUNDO,31/10/2025,27.77022900763359,31.1,26.0,1.440350607046649,5.100000000000001,7,CLIMA200
1283-20,TEMPERATURA,AVIÁRIO MEIO,01/11/2025,27.5598,31.8,25.5,1.7403229470417532,6.300000000000001,8,CLIMA200
1283-20,TEMPERATURA,AVIÁRIO MEIO,01/12/2025,24.90727969348659,28.2,22.5,1.6189208938267616,5.699999999999999,38,CLIMA200
1283-20,TEMPERATURA,AVIÁRIO MEIO,02/11/2025,27.507203389830508,30.6,25.6,1.326742145763225,5.0,9,CLIMA200
1283-20,TEMPERATURA,AVIÁRIO MEIO,02/12/2025,25.531417624521072,28.5,22.8,1.503804084970188,5.699999999999999,39,CLIMA200
1283-20,TEMPERATURA,AVIÁRIO MEIO,03/11/2025,28.045833333333334,31.0,26.2,1.5199623907162634,4.800000000000001,10,CLIMA200
1283-20,TEMPERATURA,AVIÁRIO MEIO,03/12/2025,25.48720930232558,28.4,22.8,1.2175999245842362,5.599999999999998,40,CLIMA200
1283-20,TEMPERATURA,AVIÁRIO MEIO,04/11/2025,28.795039682539684,32.6,25.3,2.0248346979397476,7.300000000000001,11,CLIMA200
1283-20,TEMPERATURA,AVIÁRIO MEIO,04/12/2025,25.100760456273765,29.0,22.0,1.5513147225738428,7.0,41,CLIMA200
1283-20,TEMPERATURA,AVIÁRIO MEIO,05/11/2025,27.25094696969697,29.3,25.4,0.9322499730970071,3.900000000000002,12,CLIMA200
1283-20,TEMPERATURA,AVIÁRIO MEIO,05/12/2025,26.014503816793894,32.5,20.4,3.034826406680878,12.100000000000001,42,CLIMA200
1283-20,TEMPERATURA,AVIÁRIO MEIO,06/11/2025,27.62614503816794,31.3,23.4,2.150222699711153,7.900000000000002,13,CLIMA200
1283-20,TEMPERATURA,AVIÁRIO MEIO,07/11/2025,27.81614785992218,31.5,24.2,1.8764752809677623,7.300000000000001,14,CLIMA200
1283-20,TEMPERATURA,AVIÁRIO MEIO,08/11/2025,23.435000000000002,27.2,19.6,2.1719731369637683,7.599999999999998,15,CLIMA200
1283-20,TEMPERATURA,AVIÁRIO MEIO,09/11/2025,24.4326171875,30.0,18.3,3.8656553891713563,11.7,16,CLIMA200
1283-20,TEMPERATURA,AVIÁRIO MEIO,10/11/2025,25.406910569105694,30.7,19.2,3.396284586427047,11.5,17,CLIMA200
1283-20,TEMPERATURA,AVIÁRIO MEIO,11/11/2025,25.47128514056225,31.5,19.5,3.674469438932726,12.0,18,CLIMA200
1283-20,TEMPERATURA,AVIÁRIO MEIO,12/11/2025,25.223166023166023,32.3,21.6,3.2104564944783665,10.699999999999996,19,CLIMA200
1283-20,TEMPERATURA,AVIÁRIO MEIO,13/11/2025,24.65190114068441,27.7,21.7,1.9038249965801197,6.0,20,CLIMA200
1283-20,TEMPERATURA,AVIÁRIO MEIO,14/11/2025,25.707142857142856,28.7,23.2,1.5998332269675186,5.5,21,CLIMA200
1283-20,TEMPERATURA,AVIÁRIO MEIO,15/11/2025,25.87687969924812,28.4,23.1,1.462864645307328,5.299999999999997,22,CLIMA200
1283-20,TEMPERATURA,AVIÁRIO MEIO,16/11/2025,25.998479087452473,30.0,22.5,2.2765120672924852,7.5,23,CLIMA200
1283-20,TEMPERATURA,AVIÁRIO MEIO,17/11/2025,22.70095785440613,26.2,19.4,1.7874989060751703,6.800000000000001,24,CLIMA200
1283-20,TEMPERATURA,AVIÁRIO MEIO,18/11/2025,23.388167938931296,28.2,18.6,2.9366812294752593,9.599999999999998,25,CLIMA200
1283-20,TEMPERATURA,AVIÁRIO MEIO,19/11/2025,23.928653846153846,30.3,15.8,4.351384186866978,14.5,26,CLIMA200
1283-20,TEMPERATURA,AVIÁRIO MEIO,20/11/2025,26.266923076923074,32.4,19.5,3.3346349924009053,12.899999999999999,27,CLIMA200
1283-20,TEMPERATURA,AVIÁRIO MEIO,21/11/2025,26.800763358778628,32.9,19.9,3.4258168064461736,13.0,28,CLIMA200
1283-20,TEMPERATURA,AVIÁRIO MEIO,22/11/2025,27.68249027237354,31.4,24.4,1.8988847906992583,7.0,29,CLIMA200
1283-20,TEMPERATURA,AVIÁRIO MEIO,23/11/2025,26.13783269961977,30.5,22.2,2.1303247441967135,8.3,30,CLIMA200
1283-20,TEMPERATURA,AVIÁRIO MEIO,24/10/2025,31.251008064516128,34.4,28.7,1.7031395913655787,5.699999999999999,0,CLIMA200
1283-20,TEMPERATURA,AVIÁRIO MEIO,24/11/2025,25.082386363636363,30.0,21.8,2.1805033966596996,8.2,31,CLIMA200
1283-20,TEMPERATURA,AVIÁRIO MEIO,25/10/2025,30.92427385892116,35.1,28.2,2.118700570532292,6.900000000000002,1,CLIMA200
1283-20,TEMPERATURA,AVIÁRIO MEIO,25/11/2025,25.172916666666666,29.5,20.2,2.580118738581006,9.3,32,CLIMA200
1283-20,TEMPERATURA,AVIÁRIO MEIO,26/10/2025,28.735381355932205,29.9,22.8,0.7305081980709105,7.099999999999998,2,CLIMA200
1283-20,TEMPERATURA,AVIÁRIO MEIO,26/11/2025,25.75095785440613,30.6,20.8,2.1723023615389923,9.8,33,CLIMA200
1283-20,TEMPERATURA,AVIÁRIO MEIO,27/10/2025,29.60311111111111,31.7,28.0,0.932923296173476,3.6999999999999993,3,CLIMA200
1283-20,TEMPERATURA,AVIÁRIO MEIO,27/11/2025,25.143076923076922,28.4,19.8,2.437075437156298,8.599999999999998,34,CLIMA200
1283-20,TEMPERATURA,AVIÁRIO MEIO,28/10/2025,29.033734939759036,30.8,27.6,0.7935650496185161,3.1999999999999993,4,CLIMA200
1283-20,TEMPERATURA,AVIÁRIO MEIO,28/11/2025,25.67911877394636,28.3,21.8,1.7147782240103595,6.5,35,CLIMA200
1283-20,TEMPERATURA,AVIÁRIO MEIO,29/10/2025,27.576470588235296,28.7,26.7,0.3502314278536233,2.0,5,CLIMA200
1283-20,TEMPERATURA,AVIÁRIO MEIO,29/11/2025,26.229588014981275,28.5,23.3,1.2013043078280217,5.199999999999999,36,CLIMA200
1283-20,TEMPERATURA,AVIÁRIO MEIO,30/10/2025,27.736821705426358,29.8,25.9,1.0546872011368726,3.900000000000002,6,CLIMA200
1283-20,TEMPERATURA,AVIÁRIO MEIO,30/11/2025,26.300187969924814,28.9,22.6,1.358964929257878,6.299999999999997,37,CLIMA200
1283-20,TEMPERATURA,AVIÁRIO MEIO,31/10/2025,27.626717557251908,31.0,25.8,1.4405562129499958,5.199999999999999,7,CLIMA200
1283-20,TEMPERATURA,EXTERNO,01/11/2025,24.458,34.6,18.9,4.816433950548915,15.700000000000003,8,CLIMA200
1283-20,TEMPERATURA,EXTERNO,01/12/2025,25.788888888888888,36.9,21.6,4.0516104256572225,15.299999999999997,38,CLIMA200
1283-20,TEMPERATURA,EXTERNO,02/11/2025,23.686864406779662,30.3,19.2,3.405920368694154,11.100000000000001,9,CLIMA200
1283-20,TEMPERATURA,EXTERNO,02/12/2025,26.842528735632182,36.3,20.9,4.722148810757326,15.399999999999999,39,CLIMA200
1283-20,TEMPERATURA,EXTERNO,03/11/2025,27.247348484848487,37.8,22.3,4.606861707024544,15.499999999999996,10,CLIMA200
1283-20,TEMPERATURA,EXTERNO,03/12/2025,28.970542635658912,37.7,22.1,5.490137783684592,15.600000000000001,40,CLIMA200
1283-20,TEMPERATURA,EXTERNO,04/11/2025,28.79047619047619,37.7,21.3,5.236114344056686,16.400000000000002,11,CLIMA200
1283-20,TEMPERATURA,EXTERNO,04/12/2025,28.909505703422052,40.6,20.4,6.001795116678937,20.200000000000003,41,CLIMA200
1283-20,TEMPERATURA,EXTERNO,05/11/2025,24.29659090909091,28.7,20.8,2.3718096049939588,7.899999999999999,12,CLIMA200
1283-20,TEMPERATURA,EXTERNO,05/12/2025,28.6587786259542,40.8,19.7,6.187346978340787,21.099999999999998,42,CLIMA200
1283-20,TEMPERATURA,EXTERNO,06/11/2025,27.43854961832061,36.5,19.5,5.53061591508665,17.0,13,CLIMA200
1283-20,TEMPERATURA,EXTERNO,07/11/2025,25.894941634241246,33.6,20.7,3.9474285695587317,12.900000000000002,14,CLIMA200
1283-20,TEMPERATURA,EXTERNO,08/11/2025,21.56923076923077,29.1,17.5,3.2968247230384877,11.600000000000001,15,CLIMA200
1283-20,TEMPERATURA,EXTERNO,09/11/2025,24.073828125,34.0,16.1,5.807327889869747,17.9,16,CLIMA200
1283-20,TEMPERATURA,EXTERNO,10/11/2025,25.376422764227645,35.2,17.6,5.283639133015894,17.6,17,CLIMA200
1283-20,TEMPERATURA,EXTERNO,11/11/2025,25.599196787148593,34.5,17.7,5.682927239148115,16.8,18,CLIMA200
1283-20,TEMPERATURA,EXTERNO,12/11/2025,24.444015444015445,36.5,20.4,4.716502787874084,16.1,19,CLIMA200
1283-20,TEMPERATURA,EXTERNO,13/11/2025,22.76768060836502,27.3,19.9,2.2088960176115227,7.400000000000002,20,CLIMA200
1283-20,TEMPERATURA,EXTERNO,14/11/2025,24.07915057915058,29.6,21.4,2.3853052491800844,8.200000000000003,21,CLIMA200
1283-20,TEMPERATURA,EXTERNO,15/11/2025,23.824812030075186,27.8,21.1,1.9177997267011861,6.699999999999999,22,CLIMA200
1283-20,TEMPERATURA,EXTERNO,16/11/2025,24.30152091254753,30.7,19.9,3.2458451895938705,10.8,23,CLIMA200
1283-20,TEMPERATURA,EXTERNO,17/11/2025,20.119157088122606,25.3,17.3,2.126014938655087,8.0,24,CLIMA200
1283-20,TEMPERATURA,EXTERNO,18/11/2025,21.246564885496184,28.5,16.4,3.759990208488215,12.100000000000001,25,CLIMA200
1283-20,TEMPERATURA,EXTERNO,19/11/2025,23.56230769230769,36.6,13.2,6.938873388766037,23.400000000000002,26,CLIMA200
1283-20,TEMPERATURA,EXTERNO,20/11/2025,25.995,36.2,17.0,6.127630832171974,19.200000000000003,27,CLIMA200
1283-20,TEMPERATURA,EXTERNO,21/11/2025,27.214503816793894,39.6,17.6,6.78387313247132,22.0,28,CLIMA200
1283-20,TEMPERATURA,EXTERNO,22/11/2025,29.657198443579766,42.1,21.8,6.084326097268,20.3,29,CLIMA200
1283-20,TEMPERATURA,EXTERNO,23/11/2025,26.637878787878787,36.8,20.6,5.063042418424151,16.199999999999996,30,CLIMA200
1283-20,TEMPERATURA,EXTERNO,24/10/2025,26.4570281124498,35.6,18.7,5.763362402969697,16.900000000000002,0,CLIMA200
1283-20,TEMPERATURA,EXTERNO,24/11/2025,25.660227272727273,35.6,19.6,5.0040106590234155,16.0,31,CLIMA200
1283-20,TEMPERATURA,EXTERNO,25/10/2025,28.494628099173553,38.0,20.6,6.0832526561222755,17.4,1,CLIMA200
1283-20,TEMPERATURA,EXTERNO,25/11/2025,26.23598484848485,37.9,17.8,5.823212478995404,20.099999999999998,32,CLIMA200
1283-20,TEMPERATURA,EXTERNO,26/10/2025,22.75677966101695,27.0,20.2,2.0013545757539832,6.800000000000001,2,CLIMA200
1283-20,TEMPERATURA,EXTERNO,26/11/2025,27.92873563218391,38.2,19.0,6.063297815026992,19.200000000000003,33,CLIMA200
1283-20,TEMPERATURA,EXTERNO,27/10/2025,25.014035087719297,32.0,19.5,3.7031489017109025,12.5,3,CLIMA200
1283-20,TEMPERATURA,EXTERNO,27/11/2025,27.692692307692308,36.5,19.5,5.233235546957615,17.0,34,CLIMA200
1283-20,TEMPERATURA,EXTERNO,28/10/2025,23.492430278884463,28.7,20.4,1.8955132781830828,8.3,4,CLIMA200
1283-20,TEMPERATURA,EXTERNO,28/11/2025,28.5088122605364,39.0,20.1,5.468814314538345,18.9,35,CLIMA200
1283-20,TEMPERATURA,EXTERNO,29/10/2025,19.362745098039216,24.9,16.4,2.277180987262643,8.5,5,CLIMA200
1283-20,TEMPERATURA,EXTERNO,29/11/2025,30.874157303370787,40.6,22.9,5.4761969380304985,17.700000000000003,36,CLIMA200
1283-20,TEMPERATURA,EXTERNO,30/10/2025,21.95968992248062,31.9,16.3,4.938811949218494,15.599999999999998,6,CLIMA200
1283-20,TEMPERATURA,EXTERNO,30/11/2025,31.340601503759398,39.3,22.6,5.60121546414591,16.699999999999996,37,CLIMA200
1283-20,TEMPERATURA,EXTERNO,31/10/2025,24.527862595419847,33.7,18.0,4.948546938804098,15.700000000000003,7,CLIMA200
1283-20,UMIDADE,AVIÁRIO MEIO,01/11/2025,6.756,7.0,6.0,0.4294927240361569,1.0,8,CLIMA200
1283-20,UMIDADE,AVIÁRIO MEIO,01/12/2025,7.954022988505747,8.0,7.0,0.20943525469298774,1.0,38,CLIMA200
1283-20,UMIDADE,AVIÁRIO MEIO,02/11/2025,7.0974576271186445,8.0,7.0,0.29657990160333675,1.0,9,CLIMA200
1283-20,UMIDADE,AVIÁRIO MEIO,02/12/2025,7.961685823754789,8.0,7.0,0.19195364061111989,1.0,39,CLIMA200
1283-20,UMIDADE,AVIÁRIO MEIO,03/11/2025,7.257575757575758,8.0,6.0,0.7030368338254595,2.0,10,CLIMA200
1283-20,UMIDADE,AVIÁRIO MEIO,03/12/2025,7.364341085271318,8.0,6.0,0.6981479874231626,2.0,40,CLIMA200
1283-20,UMIDADE,AVIÁRIO MEIO,04/11/2025,6.869047619047619,7.0,6.0,0.3373482694120323,1.0,11,CLIMA200
1283-20,UMIDADE,AVIÁRIO MEIO,04/12/2025,6.642585551330798,7.0,6.0,0.4792383129004779,1.0,41,CLIMA200
1283-20,UMIDADE,AVIÁRIO MEIO,05/11/2025,7.049242424242424,8.0,6.0,0.26371363374772117,2.0,12,CLIMA200
1283-20,UMIDADE,AVIÁRIO MEIO,05/12/2025,6.793893129770993,8.0,5.0,0.6386717759802057,3.0,42,CLIMA200
1283-20,UMIDADE,AVIÁRIO MEIO,06/11/2025,6.935114503816794,8.0,6.0,0.5725826936673412,2.0,13,CLIMA200
1283-20,UMIDADE,AVIÁRIO MEIO,07/11/2025,6.937743190661479,8.0,6.0,0.4626261151035588,2.0,14,CLIMA200
1283-20,UMIDADE,AVIÁRIO MEIO,08/11/2025,6.623076923076923,7.0,6.0,0.48461538461539244,1.0,15,CLIMA200
1283-20,UMIDADE,AVIÁRIO MEIO,09/11/2025,6.359375,7.0,5.0,0.7627497029661827,2.0,16,CLIMA200
1283-20,UMIDADE,AVIÁRIO MEIO,10/11/2025,6.300813008130081,7.0,5.0,0.7428243109268556,2.0,17,CLIMA200
1283-20,UMIDADE,AVIÁRIO MEIO,11/11/2025,6.116465863453815,7.0,5.0,0.8445965505328851,2.0,18,CLIMA200
1283-20,UMIDADE,AVIÁRIO MEIO,12/11/2025,7.100386100386101,8.0,6.0,0.6132071566360363,2.0,19,CLIMA200
1283-20,UMIDADE,AVIÁRIO MEIO,13/11/2025,7.726235741444867,8.0,7.0,0.44588943617547633,1.0,20,CLIMA200
1283-20,UMIDADE,AVIÁRIO MEIO,14/11/2025,7.768339768339768,8.0,7.0,0.4218930773636392,1.0,21,CLIMA200
1283-20,UMIDADE,AVIÁRIO MEIO,15/11/2025,7.868421052631579,8.0,7.0,0.3380324362806622,1.0,22,CLIMA200
1283-20,UMIDADE,AVIÁRIO MEIO,16/11/2025,7.479087452471483,8.0,7.0,0.49956247392679554,1.0,23,CLIMA200
1283-20,UMIDADE,AVIÁRIO MEIO,17/11/2025,7.379310344827586,8.0,7.0,0.48521542343001184,1.0,24,CLIMA200
1283-20,UMIDADE,AVIÁRIO MEIO,18/11/2025,6.541984732824427,8.0,5.0,1.0647692075824569,3.0,25,CLIMA200
1283-20,UMIDADE,AVIÁRIO MEIO,19/11/2025,6.246153846153846,7.0,4.0,0.9119846360171644,3.0,26,CLIMA200
1283-20,UMIDADE,AVIÁRIO MEIO,20/11/2025,6.392307692307693,7.0,5.0,0.6444574802009643,2.0,27,CLIMA200
1283-20,UMIDADE,AVIÁRIO MEIO,21/11/2025,6.2251908396946565,7.0,5.0,0.6471126135168286,2.0,28,CLIMA200
1283-20,UMIDADE,AVIÁRIO MEIO,22/11/2025,6.653696498054475,7.0,6.0,0.4757913266189147,1.0,29,CLIMA200
1283-20,UMIDADE,AVIÁRIO MEIO,23/11/2025,7.053231939163498,8.0,6.0,0.34473085799674147,2.0,30,CLIMA200
1283-20,UMIDADE,AVIÁRIO MEIO,24/10/2025,4.963709677419355,6.0,4.0,0.7998825193395944,2.0,0,CLIMA200
1283-20,UMIDADE,AVIÁRIO MEIO,24/11/2025,6.731060606060606,8.0,6.0,0.49964117059866153,2.0,31,CLIMA200
1283-20,UMIDADE,AVIÁRIO MEIO,25/10/2025,4.854771784232365,7.0,4.0,0.6753422751327411,3.0,1,CLIMA200
1283-20,UMIDADE,AVIÁRIO MEIO,25/11/2025,6.488636363636363,7.0,5.0,0.5221093185300115,2.0,32,CLIMA200
1283-20,UMIDADE,AVIÁRIO MEIO,26/10/2025,6.6991525423728815,7.0,6.0,0.4586264982165936,1.0,2,CLIMA200
1283-20,UMIDADE,AVIÁRIO MEIO,26/11/2025,6.559386973180077,7.0,5.0,0.5041190560428642,2.0,33,CLIMA200
1283-20,UMIDADE,AVIÁRIO MEIO,27/10/2025,6.28,7.0,6.0,0.448998886412872,1.0,3,CLIMA200
1283-20,UMIDADE,AVIÁRIO MEIO,27/11/2025,6.788461538461538,7.0,6.0,0.4083992419537547,1.0,34,CLIMA200
1283-20,UMIDADE,AVIÁRIO MEIO,28/10/2025,7.004016064257028,8.0,7.0,0.06324504316476473,1.0,4,CLIMA200
1283-20,UMIDADE,AVIÁRIO MEIO,28/11/2025,6.888888888888889,8.0,6.0,0.3489325691962287,2.0,35,CLIMA200
1283-20,UMIDADE,AVIÁRIO MEIO,29/10/2025,6.188235294117647,7.0,6.0,0.3908999464902535,1.0,5,CLIMA200
1283-20,UMIDADE,AVIÁRIO MEIO,29/11/2025,6.992509363295881,8.0,6.0,0.4150042584799871,2.0,36,CLIMA200
1283-20,UMIDADE,AVIÁRIO MEIO,30/10/2025,6.352713178294573,7.0,5.0,0.6253777177245236,2.0,6,CLIMA200
1283-20,UMIDADE,AVIÁRIO MEIO,30/11/2025,7.3745318352059925,8.0,7.0,0.4840017971280937,1.0,37,CLIMA200
1283-20,UMIDADE,AVIÁRIO MEIO,31/10/2025,6.179389312977099,7.0,5.0,0.8483677689163912,2.0,7,CLIMA200
1283-20,UNIFORMIDADE DO LOTE,AVIÁRIO FRENTE,01/11/2025,54.1236894075404,59.58,42.01,4.534495624807196,17.57,8,CLIMA200
1283-20,UNIFORMIDADE DO LOTE,AVIÁRIO FRENTE,01/12/2025,64.31427170868348,73.96,54.93,5.622257933740987,19.029999999999994,38,CLIMA200
1283-20,UNIFORMIDADE DO LOTE,AVIÁRIO FRENTE,02/11/2025,49.95082627118644,55.81,40.65,4.287920923093059,15.160000000000004,9,CLIMA200
1283-20,UNIFORMIDADE DO LOTE,AVIÁRIO FRENTE,02/12/2025,62.27809154929577,69.49,56.52,3.6934271775090943,12.969999999999992,39,CLIMA200
1283-20,UNIFORMIDADE DO LOTE,AVIÁRIO FRENTE,03/11/2025,53.671265822784804,59.46,48.5,3.78308643607106,10.96,10,CLIMA200
1283-20,UNIFORMIDADE DO LOTE,AVIÁRIO FRENTE,03/12/2025,59.30477591036415,67.76,51.43,4.198121147402806,16.330000000000005,40,CLIMA200
1283-20,UNIFORMIDADE DO LOTE,AVIÁRIO FRENTE,04/11/2025,54.07723665223666,60.56,46.64,4.644513273441025,13.920000000000002,11,CLIMA200
1283-20,UNIFORMIDADE DO LOTE,AVIÁRIO FRENTE,04/12/2025,55.663807854137445,64.09,47.3,4.616386966868848,16.790000000000006,41,CLIMA200
1283-20,UNIFORMIDADE DO LOTE,AVIÁRIO FRENTE,05/11/2025,50.71596614950635,56.56,44.79,4.274516603157969,11.770000000000003,12,CLIMA200
1283-20,UNIFORMIDADE DO LOTE,AVIÁRIO FRENTE,05/12/2025,50.36184895833333,58.93,47.3,2.9043945632902144,11.630000000000003,42,CLIMA200
1283-20,UNIFORMIDADE DO LOTE,AVIÁRIO FRENTE,06/11/2025,53.1179125528914,66.37,45.85,6.791688016097985,20.520000000000003,13,CLIMA200
1283-20,UNIFORMIDADE DO LOTE,AVIÁRIO FRENTE,07/11/2025,55.470197740112994,67.01,42.49,10.564262895529946,24.520000000000003,14,CLIMA200
1283-20,UNIFORMIDADE DO LOTE,AVIÁRIO FRENTE,08/11/2025,52.329271472392634,65.87,33.49,10.886796197586126,32.38,15,CLIMA200
1283-20,UNIFORMIDADE DO LOTE,AVIÁRIO FRENTE,09/11/2025,53.41418783679754,65.69,41.34,7.881211548488629,24.349999999999994,16,CLIMA200
1283-20,UNIFORMIDADE DO LOTE,AVIÁRIO FRENTE,10/11/2025,56.66536619718309,69.9,42.29,9.531938488302062,27.610000000000007,17,CLIMA200
1283-20,UNIFORMIDADE DO LOTE,AVIÁRIO FRENTE,11/11/2025,56.681413502109706,66.16,48.06,7.0312070425059785,18.099999999999994,18,CLIMA200
1283-20,UNIFORMIDADE DO LOTE,AVIÁRIO FRENTE,12/11/2025,54.96143661971831,61.18,50.18,3.3999181503503157,11.0,19,CLIMA200
1283-20,UNIFORMIDADE DO LOTE,AVIÁRIO FRENTE,13/11/2025,53.74362926136364,60.22,49.35,3.353067281600395,10.869999999999997,20,CLIMA200
1283-20,UNIFORMIDADE DO LOTE,AVIÁRIO FRENTE,14/11/2025,56.88801699716714,66.54,49.3,5.926380658611054,17.24000000000001,21,CLIMA200
1283-20,UNIFORMIDADE DO LOTE,AVIÁRIO FRENTE,15/11/2025,54.226095152603236,66.54,41.48,7.541847079684841,25.06000000000001,22,CLIMA200
1283-20,UNIFORMIDADE DO LOTE,AVIÁRIO FRENTE,16/11/2025,53.13866336633664,62.45,48.08,4.051673862084349,14.370000000000005,23,CLIMA200
1283-20,UNIFORMIDADE DO LOTE,AVIÁRIO FRENTE,17/11/2025,58.269710860366715,62.64,54.29,2.613725810090472,8.350000000000001,24,CLIMA200
1283-20,UNIFORMIDADE DO LOTE,AVIÁRIO FRENTE,18/11/2025,58.66233076263925,70.06,51.65,3.888145371567424,18.410000000000004,25,CLIMA200
1283-20,UNIFORMIDADE DO LOTE,AVIÁRIO FRENTE,19/11/2025,62.85717696629213,71.08,52.21,5.83645274581034,18.869999999999997,26,CLIMA200
1283-20,UNIFORMIDADE DO LOTE,AVIÁRIO FRENTE,20/11/2025,59.624165497896215,68.26,48.73,6.124587506901438,19.53000000000001,27,CLIMA200
1283-20,UNIFORMIDADE DO LOTE,AVIÁRIO FRENTE,21/11/2025,64.23519014084508,70.93,58.04,4.343665895824614,12.890000000000008,28,CLIMA200
1283-20,UNIFORMIDADE DO LOTE,AVIÁRIO FRENTE,22/11/2025,60.90301264044944,70.4,52.92,4.5113026575900355,17.480000000000004,29,CLIMA200
1283-20,UNIFORMIDADE DO LOTE,AVIÁRIO FRENTE,23/11/2025,58.23904494382022,65.87,52.52,3.541420664623681,13.350000000000001,30,CLIMA200
1283-20,UNIFORMIDADE DO LOTE,AVIÁRIO FRENTE,24/10/2025,31.137818930041153,31.75,29.31,0.4864668287190039,2.4400000000000013,0,CLIMA200
1283-20,UNIFORMIDADE DO LOTE,AVIÁRIO FRENTE,24/11/2025,61.23689703808181,66.09,58.15,2.1308790816860164,7.940000000000005,31,CLIMA200
1283-20,UNIFORMIDADE DO LOTE,AVIÁRIO FRENTE,25/10/2025,37.70034424853065,42.62,31.34,3.365509925751836,11.279999999999998,1,CLIMA200
1283-20,UNIFORMIDADE DO LOTE,AVIÁRIO FRENTE,25/11/2025,61.62175845410628,78.57,51.95,4.222458404232379,26.61999999999999,32,CLIMA200
1283-20,UNIFORMIDADE DO LOTE,AVIÁRIO FRENTE,26/10/2025,44.82475386779184,54.95,40.75,3.1648738500192897,14.200000000000003,2,CLIMA200
1283-20,UNIFORMIDADE DO LOTE,AVIÁRIO FRENTE,26/11/2025,73.47513339466421,90.0,62.0,6.875775320046145,28.0,33,CLIMA200
1283-20,UNIFORMIDADE DO LOTE,AVIÁRIO FRENTE,27/10/2025,60.93046952224052,70.95,48.74,5.658702824353257,22.21,3,CLIMA200
1283-20,UNIFORMIDADE DO LOTE,AVIÁRIO FRENTE,27/11/2025,61.07707189542484,75.52,44.41,8.303827886583072,31.11,34,CLIMA200
1283-20,UNIFORMIDADE DO LOTE,AVIÁRIO FRENTE,28/10/2025,60.265380212591985,64.96,52.91,3.0893070134821405,12.049999999999997,4,CLIMA200
1283-20,UNIFORMIDADE DO LOTE,AVIÁRIO FRENTE,28/11/2025,55.46094101123596,66.67,44.08,7.091211324384688,22.590000000000003,35,CLIMA200
1283-20,UNIFORMIDADE DO LOTE,AVIÁRIO FRENTE,29/10/2025,64.35213423831071,66.17,59.94,1.4098662955830723,6.230000000000004,5,CLIMA200
1283-20,UNIFORMIDADE DO LOTE,AVIÁRIO FRENTE,29/11/2025,59.11751753155681,68.88,49.84,6.3463453836009345,19.039999999999992,36,CLIMA200
1283-20,UNIFORMIDADE DO LOTE,AVIÁRIO FRENTE,30/10/2025,56.975629921259845,63.74,50.61,4.258972062410831,13.130000000000003,6,CLIMA200
1283-20,UNIFORMIDADE DO LOTE,AVIÁRIO FRENTE,30/11/2025,60.387917251051896,68.8,50.94,5.703753870456823,17.86,37,CLIMA200
1283-20,UNIFORMIDADE DO LOTE,AVIÁRIO FRENTE,31/10/2025,56.96216901408451,63.11,51.49,4.049088240217522,11.619999999999997,7,CLIMA200
1283-20,UNIFORMIDADE DO LOTE,AVIÁRIO MEIO,01/11/2025,43.73129395218003,45.23,42.03,0.9334562980810737,3.1999999999999957,8,CLIMA200
1283-20,UNIFORMIDADE DO LOTE,AVIÁRIO MEIO,01/12/2025,64.38910238429173,78.22,49.05,9.821088840375833,29.17,38,CLIMA200
1283-20,UNIFORMIDADE DO LOTE,AVIÁRIO MEIO,02/11/2025,42.16159154929577,42.72,41.24,0.43425815251713273,1.4799999999999969,9,CLIMA200
1283-20,UNIFORMIDADE DO LOTE,AVIÁRIO MEIO,02/12/2025,62.666439454691265,76.19,44.44,11.311281556482568,31.75,39,CLIMA200
1283-20,UNIFORMIDADE DO LOTE,AVIÁRIO MEIO,03/11/2025,41.930900140646976,42.74,41.25,0.4173303135297778,1.490000000000002,10,CLIMA200
1283-20,UNIFORMIDADE DO LOTE,AVIÁRIO MEIO,03/12/2025,56.40314788732395,75.59,42.08,10.423353223159454,33.510000000000005,40,CLIMA200
1283-20,UNIFORMIDADE DO LOTE,AVIÁRIO MEIO,04/11/2025,42.68306474820144,43.61,41.86,0.4020762161301968,1.75,11,CLIMA200
1283-20,UNIFORMIDADE DO LOTE,AVIÁRIO MEIO,04/12/2025,54.38730392156863,77.08,41.34,9.781373509439286,35.739999999999995,41,CLIMA200
1283-20,UNIFORMIDADE DO LOTE,AVIÁRIO MEIO,05/11/2025,42.16508320726172,43.1,40.6,0.6624089814720109,2.5,12,CLIMA200
1283-20,UNIFORMIDADE DO LOTE,AVIÁRIO MEIO,05/12/2025,64.96044736842106,75.34,54.24,9.088294122827403,21.1,42,CLIMA200
1283-20,UNIFORMIDADE DO LOTE,AVIÁRIO MEIO,06/11/2025,45.00360160965795,47.41,38.46,2.5827719940554013,8.949999999999996,13,CLIMA200
1283-20,UNIFORMIDADE DO LOTE,AVIÁRIO MEIO,07/11/2025,43.303637820512826,47.06,35.58,2.927276246169765,11.480000000000004,14,CLIMA200
1283-20,UNIFORMIDADE DO LOTE,AVIÁRIO MEIO,08/11/2025,42.68147747747748,44.98,38.59,1.6179762626285874,6.3899999999999935,15,CLIMA200
1283-20,UNIFORMIDADE DO LOTE,AVIÁRIO MEIO,09/11/2025,44.786084507042254,46.57,43.41,0.9667855224295989,3.1600000000000037,16,CLIMA200
1283-20,UNIFORMIDADE DO LOTE,AVIÁRIO MEIO,10/11/2025,46.79152112676057,48.1,45.69,0.6388501523507789,2.4100000000000037,17,CLIMA200
1283-20,UNIFORMIDADE DO LOTE,AVIÁRIO MEIO,11/11/2025,45.1673661971831,47.11,40.06,2.1082457746148466,7.049999999999997,18,CLIMA200
1283-20,UNIFORMIDADE DO LOTE,AVIÁRIO MEIO,12/11/2025,39.16015514809591,41.51,37.52,0.9212010640846249,3.989999999999995,19,CLIMA200
1283-20,UNIFORMIDADE DO LOTE,AVIÁRIO MEIO,13/11/2025,38.19920903954802,39.15,36.66,0.5228258142141183,2.490000000000002,20,CLIMA200
1283-20,UNIFORMIDADE DO LOTE,AVIÁRIO MEIO,14/11/2025,38.09282700421941,39.47,36.2,0.8991849862803674,3.269999999999996,21,CLIMA200
1283-20,UNIFORMIDADE DO LOTE,AVIÁRIO MEIO,15/11/2025,37.17497175141243,38.68,36.18,0.7301680205166821,2.5,22,CLIMA200
1283-20,UNIFORMIDADE DO LOTE,AVIÁRIO MEIO,16/11/2025,35.95716502115656,37.44,33.63,1.1391489670365387,3.809999999999995,23,CLIMA200
1283-20,UNIFORMIDADE DO LOTE,AVIÁRIO MEIO,17/11/2025,36.097412095639946,38.52,34.91,0.8312363813005366,3.6100000000000065,24,CLIMA200
1283-20,UNIFORMIDADE DO LOTE,AVIÁRIO MEIO,18/11/2025,34.85568406205924,36.21,33.18,0.9571313460451346,3.030000000000001,25,CLIMA200
1283-20,UNIFORMIDADE DO LOTE,AVIÁRIO MEIO,19/11/2025,40.46625352112676,47.03,35.6,4.109550442218171,11.43,26,CLIMA200
1283-20,UNIFORMIDADE DO LOTE,AVIÁRIO MEIO,20/11/2025,36.87571675302245,45.78,31.43,4.119170141608919,14.350000000000001,27,CLIMA200
1283-20,UNIFORMIDADE DO LOTE,AVIÁRIO MEIO,21/11/2025,35.0102808988764,36.78,32.63,0.9767310647160777,4.149999999999999,28,CLIMA200
1283-20,UNIFORMIDADE DO LOTE,AVIÁRIO MEIO,22/11/2025,36.06411516853933,38.21,34.13,1.139989061250029,4.079999999999998,29,CLIMA200
1283-20,UNIFORMIDADE DO LOTE,AVIÁRIO MEIO,23/11/2025,34.753842917251056,35.97,33.33,0.7618526455854776,2.6400000000000006,30,CLIMA200
1283-20,UNIFORMIDADE DO LOTE,AVIÁRIO MEIO,24/11/2025,35.265253521126766,38.06,33.59,1.134733389525541,4.469999999999999,31,CLIMA200
1283-20,UNIFORMIDADE DO LOTE,AVIÁRIO MEIO,25/11/2025,36.27242636746143,37.33,34.76,0.6902077074047964,2.5700000000000003,32,CLIMA200
1283-20,UNIFORMIDADE DO LOTE,AVIÁRIO MEIO,26/11/2025,37.533248945147676,39.37,35.88,0.8338179139080456,3.489999999999995,33,CLIMA200
1283-20,UNIFORMIDADE DO LOTE,AVIÁRIO MEIO,27/10/2025,52.06887096774194,54.01,48.82,1.5727660602026239,5.189999999999998,3,CLIMA200
1283-20,UNIFORMIDADE DO LOTE,AVIÁRIO MEIO,27/11/2025,55.085474806201546,81.25,34.98,14.928768315503135,46.27,34,CLIMA200
1283-20,UNIFORMIDADE DO LOTE,AVIÁRIO MEIO,28/10/2025,52.257038081805355,53.56,50.77,0.6889756300918143,2.789999999999999,4,CLIMA200
1283-20,UNIFORMIDADE DO LOTE,AVIÁRIO MEIO,28/11/2025,65.09799578059072,72.78,58.8,4.108924011420388,13.980000000000004,35,CLIMA200
1283-20,UNIFORMIDADE DO LOTE,AVIÁRIO MEIO,29/10/2025,50.586502115655854,52.32,49.24,0.7627793485809607,3.0799999999999983,5,CLIMA200
1283-20,UNIFORMIDADE DO LOTE,AVIÁRIO MEIO,29/11/2025,65.15690743338008,70.23,60.94,2.117123975660595,9.290000000000006,36,CLIMA200
1283-20,UNIFORMIDADE DO LOTE,AVIÁRIO MEIO,30/10/2025,47.49582510578279,49.42,45.66,1.0198125068372992,3.760000000000005,6,CLIMA200
1283-20,UNIFORMIDADE DO LOTE,AVIÁRIO MEIO,30/11/2025,59.85605890603086,72.06,44.57,7.775541220392399,27.490000000000002,37,CLIMA200
1283-20,UNIFORMIDADE DO LOTE,AVIÁRIO MEIO,31/10/2025,46.29043661971831,47.3,45.1,0.48383061383549175,2.1999999999999957,7,CLIMA200
