sep=;
Grandeza;Coletor;Dispositivo;ID longa;ID curta;Canal;Local;Valor;Data;Hora;Lote;lote_composto
CO2;1282;CT-CO2-0;02938df5-6afb-d44e-582d-0b5eea40f8eb;51:88:0A:9E;0;AVIÁRIO MEIO;806,00;09/11/2025;00:03:46;20;1282-20
CO2;1282;CT-CO2-0;02938df5-6afb-d44e-582d-0b5eea40f8eb;51:88:0A:9E;0;AVIÁRIO MEIO;809,00;09/11/2025;00:09:17;20;1282-20
CO2;1282;CT-CO2-0;02938df5-6afb-d44e-582d-0b5eea40f8eb;51:88:0A:9E;0;AVIÁRIO MEIO;809,00;09/11/2025;00:14:19;20;1282-20
CO2;1282;CT-CO2-0;02938df5-6afb-d44e-582d-0b5eea40f8eb;51:88:0A:9E;0;AVIÁRIO MEIO;803,00;09/11/2025;00:19:53;20;1282-20
CO2;1282;CT-CO2-0;02938df5-6afb-d44e-582d-0b5eea40f8eb;51:88:0A:9E;0;AVIÁRIO MEIO;791,00;09/11/2025;00:30:26;20;1282-20
CO2;1282;CT-CO2-0;02938df5-6afb-d44e-582d-0b5eea40f8eb;51:88:0A:9E;0;AVIÁRIO MEIO;797,00;09/11/2025;00:35:58;20;1282-20
CO2;1282;CT-CO2-0;02938df5-6afb-d44e-582d-0b5eea40f8eb;51:88:0A:9E;0;AVIÁRIO MEIO;784,00;09/11/2025;00:41:30;20;1282-20
CO2;1282;CT-CO2-0;02938df5-6afb-d44e-582d-0b5eea40f8eb;51:88:0A:9E;0;AVIÁRIO MEIO;803,00;09/11/2025;00:46:32;20;1282-20
CO2;1282;CT-CO2-0;02938df5-6afb-d44e-582d-0b5eea40f8eb;51:88:0A:9E;0;AVIÁRIO MEIO;776,00;09/11/2025;00:52:05;20;1282-20
CO2;1282;CT-CO2-0;02938df5-6afb-d44e-582d-0b5eea40f8eb;51:88:0A:9E;0;AVIÁRIO MEIO;811,00;09/11/2025;00:57:37;20;1282-20
CO2;1282;CT-CO2-0;02938df5-6afb-d44e-582d-0b5eea40f8eb;51:88:0A:9E;0;AVIÁRIO MEIO;804,00;09/11/2025;01:02:39;20;1282-20
CO2;1282;CT-CO2-0;02938df5-6afb-d44e-582d-0b5eea40f8eb;51:88:0A:9E;0;AVIÁRIO MEIO;799,00;09/11/2025;01:08:43;20;1282-20
CO2;1282;CT-CO2-0;02938df5-6afb-d44e-582d-0b5eea40f8eb;51:88:0A:9E;0;AVIÁRIO MEIO;811,00;09/11/2025;01:13:45;20;1282-20
CO2;1282;CT-CO2-0;02938df5-6afb-d44e-582d-0b5eea40f8eb;51:88:0A:9E;0;AVIÁRIO MEIO;809,00;09/11/2025;01:19:17;20;1282-20
CO2;1282;CT-CO2-0;02938df5-6afb-d44e-582d-0b5eea40f8eb;51:88:0A:9E;0;AVIÁRIO MEIO;787,00;09/11/2025;01:24:19;20;1282-20
CO2;1282;CT-CO2-0;02938df5-6afb-d44e-582d-0b5eea40f8eb;51:88:0A:9E;0;AVIÁRIO MEIO;805,00;09/11/2025;01:29:51;20;1282-20
CO2;1282;CT-CO2-0;02938df5-6afb-d44e-582d-0b5eea40f8eb;51:88:0A:9E;0;AVIÁRIO MEIO;789,00;09/11/2025;01:45:58;20;1282-20
CO2;1282;CT-CO2-0;02938df5-6afb-d44e-582d-0b5eea40f8eb;51:88:0A:9E;0;AVIÁRIO MEIO;777,00;09/11/2025;01:51:29;20;1282-20
CO2;1282;CT-CO2-0;02938df5-6afb-d44e-582d-0b5eea40f8eb;51:88:0A:9E;0;AVIÁRIO MEIO;810,00;09/11/2025;01:56:31;20;1282-20
CO2;1282;CT-CO2-0;02938df5-6afb-d44e-582d-0b5eea40f8eb;51:88:0A:9E;0;AVIÁRIO MEIO;798,00;09/11/2025;02:02:03;20;1282-20
CO2;1282;CT-CO2-0;02938df5-6afb-d44e-582d-0b5eea40f8eb;51:88:0A:9E;0;AVIÁRIO MEIO;783,00;09/11/2025;02:07:36;20;1282-20
CO2;1282;CT-CO2-0;02938df5-6afb-d44e-582d-0b5eea40f8eb;51:88:0A:9E;0;AVIÁRIO MEIO;804,00;09/11/2025;02:13:08;20;1282-20
CO2;1282;CT-CO2-0;02938df5-6afb-d44e-582d-0b5eea40f8eb;51:88:0A:9E;0;AVIÁRIO MEIO;806,00;09/11/2025;02:18:42;20;1282-20
CO2;1282;CT-CO2-0;02938df5-6afb-d44e-582d-0b5eea40f8eb;51:88:0A:9E;0;AVIÁRIO MEIO;794,00;09/11/2025;02:23:44;20;1282-20
CO2;1282;CT-CO2-0;02938df5-6afb-d44e-582d-0b5eea40f8eb;51:88:0A:9E;0;AVIÁRIO MEIO;798,00;09/11/2025;02:29:15;20;1282-20
CO2;1282;CT-CO2-0;02938df5-6afb-d44e-582d-0b5eea40f8eb;51:88:0A:9E;0;AVIÁRIO MEIO;804,00;09/11/2025;02:34:17;20;1282-20
CO2;1282;CT-CO2-0;02938df5-6afb-d44e-582d-0b5eea40f8eb;51:88:0A:9E;0;AVIÁRIO MEIO;813,00;09/11/2025;02:39:49;20;1282-20
CO2;1282;CT-CO2-0;02938df5-6afb-d44e-582d-0b5eea40f8eb;51:88:0A:9E;0;AVIÁRIO MEIO;792,00;09/11/2025;02:45:27;20;1282-20
CO2;1282;CT-CO2-0;02938df5-6afb-d44e-582d-0b5eea40f8eb;51:88:0A:9E;0;AVIÁRIO MEIO;793,00;09/11/2025;02:50:29;20;1282-20
CO2;1282;CT-CO2-0;02938df5-6afb-d44e-582d-0b5eea40f8eb;51:88:0A:9E;0;AVIÁRIO MEIO;790,00;09/11/2025;02:56:01;20;1282-20
CO2;1282;CT-CO2-0;02938df5-6afb-d44e-582d-0b5eea40f8eb;51:88:0A:9E;0;AVIÁRIO MEIO;797,00;09/11/2025;03:01:32;20;1282-20
CO2;1282;CT-CO2-0;02938df5-6afb-d44e-582d-0b5eea40f8eb;51:88:0A:9E;0;AVIÁRIO MEIO;788,00;09/11/2025;03:06:34;20;1282-20
CO2;1282;CT-CO2-0;02938df5-6afb-d44e-582d-0b5eea40f8eb;51:88:0A:9E;0;AVIÁRIO MEIO;800,00;09/11/2025;03:12:07;20;1282-20
CO2;1282;CT-CO2-0;02938df5-6afb-d44e-582d-0b5eea40f8eb;51:88:0A:9E;0;AVIÁRIO MEIO;798,00;09/11/2025;03:17:38;20;1282-20
CO2;1282;CT-CO2-0;02938df5-6afb-d44e-582d-0b5eea40f8eb;51:88:0A:9E;0;AVIÁRIO MEIO;786,00;09/11/2025;03:23:10;20;1282-20
CO2;1282;CT-CO2-0;02938df5-6afb-d44e-582d-0b5eea40f8eb;51:88:0A:9E;0;AVIÁRIO MEIO;796,00;09/11/2025;03:28:45;20;1282-20
CO2;1282;CT-CO2-0;02938df5-6afb-d44e-582d-0b5eea40f8eb;51:88:0A:9E;0;AVIÁRIO MEIO;801,00;09/11/2025;03:33:47;20;1282-20
CO2;1282;CT-CO2-0;02938df5-6afb-d44e-582d-0b5eea40f8eb;51:88:0A:9E;0;AVIÁRIO MEIO;814,00;09/11/2025;03:39:19;20;1282-20
CO2;1282;CT-CO2-0;02938df5-6afb-d44e-582d-0b5eea40f8eb;51:88:0A:9E;0;AVIÁRIO MEIO;792,00;09/11/2025;03:44:21;20;1282-20
CO2;1282;CT-CO2-0;02938df5-6afb-d44e-582d-0b5eea40f8eb;51:88:0A:9E;0;AVIÁRIO MEIO;838,00;09/11/2025;03:49:53;20;1282-20
CO2;1282;CT-CO2-0;02938df5-6afb-d44e-582d-0b5eea40f8eb;51:88:0A:9E;0;AVIÁRIO MEIO;784,00;09/11/2025;03:55:25;20;1282-20
CO2;1282;CT-CO2-0;02938df5-6afb-d44e-582d-0b5eea40f8eb;51:88:0A:9E;0;AVIÁRIO MEIO;793,00;09/11/2025;04:00:28;20;1282-20
CO2;1282;CT-CO2-0;02938df5-6afb-d44e-582d-0b5eea40f8eb;51:88:0A:9E;0;AVIÁRIO MEIO;800,00;09/11/2025;04:06:00;20;1282-20
CO2;1282;CT-CO2-0;02938df5-6afb-d44e-582d-0b5eea40f8eb;51:88:0A:9E;0;AVIÁRIO MEIO;796,00;09/11/2025;04:11:31;20;1282-20
CO2;1282;CT-CO2-0;02938df5-6afb-d44e-582d-0b5eea40f8eb;51:88:0A:9E;0;AVIÁRIO MEIO;795,00;09/11/2025;04:16:34;20;1282-20
CO2;1282;CT-CO2-0;02938df5-6afb-d44e-582d-0b5eea40f8eb;51:88:0A:9E;0;AVIÁRIO MEIO;790,00;09/11/2025;04:22:06;20;1282-20
CO2;1282;CT-CO2-0;02938df5-6afb-d44e-582d-0b5eea40f8eb;51:88:0A:9E;0;AVIÁRIO MEIO;795,00;09/11/2025;04:27:37;20;1282-20
CO2;1282;CT-CO2-0;02938df5-6afb-d44e-582d-0b5eea40f8eb;51:88:0A:9E;0;AVIÁRIO MEIO;806,00;09/11/2025;04:33:09;20;1282-20
CO2;1282;CT-CO2-0;02938df5-6afb-d44e-582d-0b5eea40f8eb;51:88:0A:9E;0;AVIÁRIO MEIO;793,00;09/11/2025;04:38:42;20;1282-20
CO2;1282;CT-CO2-0;02938df5-6afb-d44e-582d-0b5eea40f8eb;51:88:0A:9E;0;AVIÁRIO MEIO;795,00;09/11/2025;04:43:43;20;1282-20
CO2;1282;CT-CO2-0;02938df5-6afb-d44e-582d-0b5eea40f8eb;51:88:0A:9E;0;AVIÁRIO MEIO;798,00;09/11/2025;04:49:15;20;1282-20
CO2;1282;CT-CO2-0;02938df5-6afb-d44e-582d-0b5eea40f8eb;51:88:0A:9E;0;AVIÁRIO MEIO;793,00;09/11/2025;04:54:17;20;1282-20
CO2;1282;CT-CO2-0;02938df5-6afb-d44e-582d-0b5eea40f8eb;51:88:0A:9E;0;AVIÁRIO MEIO;787,00;09/11/2025;04:59:48;20;1282-20
CO2;1282;CT-CO2-0;02938df5-6afb-d44e-582d-0b5eea40f8eb;51:88:0A:9E;0;AVIÁRIO MEIO;773,00;09/11/2025;05:10:26;20;1282-20
CO2;1282;CT-CO2-0;02938df5-6afb-d44e-582d-0b5eea40f8eb;51:88:0A:9E;0;AVIÁRIO MEIO;789,00;09/11/2025;05:15:58;20;1282-20
CO2;1282;CT-CO2-0;02938df5-6afb-d44e-582d-0b5eea40f8eb;51:88:0A:9E;0;AVIÁRIO MEIO;788,00;09/11/2025;05:21:30;20;1282-20
CO2;1282;CT-CO2-0;02938df5-6afb-d44e-582d-0b5eea40f8eb;51:88:0A:9E;0;AVIÁRIO MEIO;790,00;09/11/2025;05:27:02;20;1282-20
CO2;1282;CT-CO2-0;02938df5-6afb-d44e-582d-0b5eea40f8eb;51:88:0A:9E;0;AVIÁRIO MEIO;785,00;09/11/2025;05:32:04;20;1282-20
CO2;1282;CT-CO2-0;02938df5-6afb-d44e-582d-0b5eea40f8eb;51:88:0A:9E;0;AVIÁRIO MEIO;768,00;09/11/2025;05:37:36;20;1282-20
CO2;1282;CT-CO2-0;02938df5-6afb-d44e-582d-0b5eea40f8eb;51:88:0A:9E;0;AVIÁRIO MEIO;786,00;09/11/2025;05:43:07;20;1282-20
CO2;1282;CT-CO2-0;02938df5-6afb-d44e-582d-0b5eea40f8eb;51:88:0A:9E;0;AVIÁRIO MEIO;791,00;09/11/2025;05:48:42;20;1282-20
CO2;1282;CT-CO2-0;02938df5-6afb-d44e-582d-0b5eea40f8eb;51:88:0A:9E;0;AVIÁRIO MEIO;811,00;09/11/2025;05:53:44;20;1282-20
CO2;1282;CT-CO2-0;02938df5-6afb-d44e-582d-0b5eea40f8eb;51:88:0A:9E;0;AVIÁRIO MEIO;804,00;09/11/2025;05:59:15;20;1282-20
CO2;1282;CT-CO2-0;02938df5-6afb-d44e-582d-0b5eea40f8eb;51:88:0A:9E;0;AVIÁRIO MEIO;797,00;09/11/2025;06:04:17;20;1282-20
CO2;1282;CT-CO2-0;02938df5-6afb-d44e-582d-0b5eea40f8eb;51:88:0A:9E;0;AVIÁRIO MEIO;795,00;09/11/2025;06:09:48;20;1282-20
CO2;1282;CT-CO2-0;02938df5-6afb-d44e-582d-0b5eea40f8eb;51:88:0A:9E;0;AVIÁRIO MEIO;838,00;09/11/2025;06:15:25;20;1282-20
CO2;1282;CT-CO2-0;02938df5-6afb-d44e-582d-0b5eea40f8eb;51:88:0A:9E;0;AVIÁRIO MEIO;841,00;09/11/2025;06:26:00;20;1282-20
CO2;1282;CT-CO2-0;02938df5-6afb-d44e-582d-0b5eea40f8eb;51:88:0A:9E;0;AVIÁRIO MEIO;843,00;09/11/2025;06:31:31;20;1282-20
CO2;1282;CT-CO2-0;02938df5-6afb-d44e-582d-0b5eea40f8eb;51:88:0A:9E;0;AVIÁRIO MEIO;818,00;09/11/2025;06:36:33;20;1282-20
CO2;1282;CT-CO2-0;02938df5-6afb-d44e-582d-0b5eea40f8eb;51:88:0A:9E;0;AVIÁRIO MEIO;840,00;09/11/2025;06:42:05;20;1282-20
CO2;1282;CT-CO2-0;02938df5-6afb-d44e-582d-0b5eea40f8eb;51:88:0A:9E;0;AVIÁRIO MEIO;853,00;09/11/2025;06:47:37;20;1282-20
CO2;1282;CT-CO2-0;02938df5-6afb-d44e-582d-0b5eea40f8eb;51:88:0A:9E;0;AVIÁRIO MEIO;842,00;09/11/2025;06:53:10;20;1282-20
CO2;1282;CT-CO2-0;02938df5-6afb-d44e-582d-0b5eea40f8eb;51:88:0A:9E;0;AVIÁRIO MEIO;868,00;09/11/2025;06:58:44;20;1282-20
CO2;1282;CT-CO2-0;02938df5-6afb-d44e-582d-0b5eea40f8eb;51:88:0A:9E;0;AVIÁRIO MEIO;863,00;09/11/2025;07:03:46;20;1282-20
CO2;1282;CT-CO2-0;02938df5-6afb-d44e-582d-0b5eea40f8eb;51:88:0A:9E;0;AVIÁRIO MEIO;856,00;09/11/2025;07:09:18;20;1282-20
CO2;1282;CT-CO2-0;02938df5-6afb-d44e-582d-0b5eea40f8eb;51:88:0A:9E;0;AVIÁRIO MEIO;872,00;09/11/2025;07:14:19;20;1282-20
CO2;1282;CT-CO2-0;02938df5-6afb-d44e-582d-0b5eea40f8eb;51:88:0A:9E;0;AVIÁRIO MEIO;866,00;09/11/2025;07:19:51;20;1282-20
CO2;1282;CT-CO2-0;02938df5-6afb-d44e-582d-0b5eea40f8eb;51:88:0A:9E;0;AVIÁRIO MEIO;864,00;09/11/2025;07:30:27;20;1282-20
CO2;1282;CT-CO2-0;02938df5-6afb-d44e-582d-0b5eea40f8eb;51:88:0A:9E;0;AVIÁRIO MEIO;864,00;09/11/2025;07:35:59;20;1282-20
CO2;1282;CT-CO2-0;02938df5-6afb-d44e-582d-0b5eea40f8eb;51:88:0A:9E;0;AVIÁRIO MEIO;857,00;09/11/2025;07:41:31;20;1282-20
CO2;1282;CT-CO2-0;02938df5-6afb-d44e-582d-0b5eea40f8eb;51:88:0A:9E;0;AVIÁRIO MEIO;859,00;09/11/2025;07:47:02;20;1282-20
CO2;1282;CT-CO2-0;02938df5-6afb-d44e-582d-0b5eea40f8eb;51:88:0A:9E;0;AVIÁRIO MEIO;867,00;09/11/2025;07:52:03;20;1282-20
CO2;1282;CT-CO2-0;02938df5-6afb-d44e-582d-0b5eea40f8eb;51:88:0A:9E;0;AVIÁRIO MEIO;868,00;09/11/2025;07:57:36;20;1282-20
CO2;1282;CT-CO2-0;02938df5-6afb-d44e-582d-0b5eea40f8eb;51:88:0A:9E;0;AVIÁRIO MEIO;835,00;09/11/2025;08:03:08;20;1282-20
CO2;1282;CT-CO2-0;02938df5-6afb-d44e-582d-0b5eea40f8eb;51:88:0A:9E;0;AVIÁRIO MEIO;855,00;09/11/2025;08:08:42;20;1282-20
CO2;1282;CT-CO2-0;02938df5-6afb-d44e-582d-0b5eea40f8eb;51:88:0A:9E;0;AVIÁRIO MEIO;830,00;09/11/2025;08:13:45;20;1282-20
CO2;1282;CT-CO2-0;02938df5-6afb-d44e-582d-0b5eea40f8eb;51:88:0A:9E;0;AVIÁRIO MEIO;837,00;09/11/2025;08:19:17;20;1282-20
CO2;1282;CT-CO2-0;02938df5-6afb-d44e-582d-0b5eea40f8eb;51:88:0A:9E;0;AVIÁRIO MEIO;839,00;09/11/2025;08:24:49;20;1282-20
CO2;1282;CT-CO2-0;02938df5-6afb-d44e-582d-0b5eea40f8eb;51:88:0A:9E;0;AVIÁRIO MEIO;832,00;09/11/2025;08:29:52;20;1282-20
CO2;1282;CT-CO2-0;02938df5-6afb-d44e-582d-0b5eea40f8eb;51:88:0A:9E;0;AVIÁRIO MEIO;847,00;09/11/2025;08:40:57;20;1282-20
CO2;1282;CT-CO2-0;02938df5-6afb-d44e-582d-0b5eea40f8eb;51:88:0A:9E;0;AVIÁRIO MEIO;838,00;09/11/2025;08:45:59;20;1282-20
CO2;1282;CT-CO2-0;02938df5-6afb-d44e-582d-0b5eea40f8eb;51:88:0A:9E;0;AVIÁRIO MEIO;839,00;09/11/2025;08:51:30;20;1282-20
CO2;1282;CT-CO2-0;02938df5-6afb-d44e-582d-0b5eea40f8eb;51:88:0A:9E;0;AVIÁRIO MEIO;822,00;09/11/2025;08:57:03;20;1282-20
CO2;1282;CT-CO2-0;02938df5-6afb-d44e-582d-0b5eea40f8eb;51:88:0A:9E;0;AVIÁRIO MEIO;794,00;09/11/2025;09:02:05;20;1282-20
CO2;1282;CT-CO2-0;02938df5-6afb-d44e-582d-0b5eea40f8eb;51:88:0A:9E;0;AVIÁRIO MEIO;793,00;09/11/2025;09:07:37;20;1282-20
CO2;1282;CT-CO2-0;02938df5-6afb-d44e-582d-0b5eea40f8eb;51:88:0A:9E;0;AVIÁRIO MEIO;790,00;09/11/2025;09:13:08;20;1282-20
CO2;1282;CT-CO2-0;02938df5-6afb-d44e-582d-0b5eea40f8eb;51:88:0A:9E;0;AVIÁRIO MEIO;784,00;09/11/2025;09:19:12;20;1282-20
CO2;1282;CT-CO2-0;02938df5-6afb-d44e-582d-0b5eea40f8eb;51:88:0A:9E;0;AVIÁRIO MEIO;795,00;09/11/2025;09:23:43;20;1282-20
CO2;1282;CT-CO2-0;02938df5-6afb-d44e-582d-0b5eea40f8eb;51:88:0A:9E;0;AVIÁRIO MEIO;782,00;09/11/2025;09:29:15;20;1282-20
CO2;1282;CT-CO2-0;02938df5-6afb-d44e-582d-0b5eea40f8eb;51:88:0A:9E;0;AVIÁRIO MEIO;785,00;09/11/2025;09:34:47;20;1282-20
CO2;1282;CT-CO2-0;02938df5-6afb-d44e-582d-0b5eea40f8eb;51:88:0A:9E;0;AVIÁRIO MEIO;782,00;09/11/2025;09:39:48;20;1282-20
CO2;1282;CT-CO2-0;02938df5-6afb-d44e-582d-0b5eea40f8eb;51:88:0A:9E;0;AVIÁRIO MEIO;812,00;09/11/2025;09:45:20;20;1282-20
CO2;1282;CT-CO2-0;02938df5-6afb-d44e-582d-0b5eea40f8eb;51:88:0A:9E;0;AVIÁRIO MEIO;820,00;09/11/2025;09:50:52;20;1282-20
CO2;1282;CT-CO2-0;02938df5-6afb-d44e-582d-0b5eea40f8eb;51:88:0A:9E;0;AVIÁRIO MEIO;828,00;09/11/2025;09:55:55;20;1282-20
CO2;1282;CT-CO2-0;02938df5-6afb-d44e-582d-0b5eea40f8eb;51:88:0A:9E;0;AVIÁRIO MEIO;797,00;09/11/2025;10:01:28;20;1282-20
CO2;1282;CT-CO2-0;02938df5-6afb-d44e-582d-0b5eea40f8eb;51:88:0A:9E;0;AVIÁRIO MEIO;807,00;09/11/2025;10:07:00;20;1282-20
CO2;1282;CT-CO2-0;02938df5-6afb-d44e-582d-0b5eea40f8eb;51:88:0A:9E;0;AVIÁRIO MEIO;784,00;09/11/2025;10:12:31;20;1282-20
CO2;1282;CT-CO2-0;02938df5-6afb-d44e-582d-0b5eea40f8eb;51:88:0A:9E;0;AVIÁRIO MEIO;786,00;09/11/2025;10:17:33;20;1282-20
CO2;1282;CT-CO2-0;02938df5-6afb-d44e-582d-0b5eea40f8eb;51:88:0A:9E;0;AVIÁRIO MEIO;763,00;09/11/2025;10:23:05;20;1282-20
CO2;1282;CT-CO2-0;02938df5-6afb-d44e-582d-0b5eea40f8eb;51:88:0A:9E;0;AVIÁRIO MEIO;795,00;09/11/2025;10:29:09;20;1282-20
CO2;1282;CT-CO2-0;02938df5-6afb-d44e-582d-0b5eea40f8eb;51:88:0A:9E;0;AVIÁRIO MEIO;790,00;09/11/2025;10:33:41;20;1282-20
CO2;1282;CT-CO2-0;02938df5-6afb-d44e-582d-0b5eea40f8eb;51:88:0A:9E;0;AVIÁRIO MEIO;767,00;09/11/2025;10:39:15;20;1282-20
CO2;1282;CT-CO2-0;02938df5-6afb-d44e-582d-0b5eea40f8eb;51:88:0A:9E;0;AVIÁRIO MEIO;787,00;09/11/2025;10:44:47;20;1282-20
CO2;1282;CT-CO2-0;02938df5-6afb-d44e-582d-0b5eea40f8eb;51:88:0A:9E;0;AVIÁRIO MEIO;790,00;09/11/2025;10:49:48;20;1282-20
CO2;1282;CT-CO2-0;02938df5-6afb-d44e-582d-0b5eea40f8eb;51:88:0A:9E;0;AVIÁRIO MEIO;771,00;09/11/2025;10:55:20;20;1282-20
CO2;1282;CT-CO2-0;02938df5-6afb-d44e-582d-0b5eea40f8eb;51:88:0A:9E;0;AVIÁRIO MEIO;782,00;09/11/2025;11:00:52;20;1282-20
CO2;1282;CT-CO2-0;02938df5-6afb-d44e-582d-0b5eea40f8eb;51:88:0A:9E;0;AVIÁRIO MEIO;789,00;09/11/2025;11:06:24;20;1282-20
CO2;1282;CT-CO2-0;02938df5-6afb-d44e-582d-0b5eea40f8eb;51:88:0A:9E;0;AVIÁRIO MEIO;782,00;09/11/2025;11:11:31;20;1282-20
CO2;1282;CT-CO2-0;02938df5-6afb-d44e-582d-0b5eea40f8eb;51:88:0A:9E;0;AVIÁRIO MEIO;809,00;09/11/2025;11:17:03;20;1282-20
CO2;1282;CT-CO2-0;02938df5-6afb-d44e-582d-0b5eea40f8eb;51:88:0A:9E;0;AVIÁRIO MEIO;744,00;09/11/2025;11:22:35;20;1282-20
CO2;1282;CT-CO2-0;02938df5-6afb-d44e-582d-0b5eea40f8eb;51:88:0A:9E;0;AVIÁRIO MEIO;700,00;09/11/2025;11:27:37;20;1282-20
CO2;1282;CT-CO2-0;02938df5-6afb-d44e-582d-0b5eea40f8eb;51:88:0A:9E;0;AVIÁRIO MEIO;684,00;09/11/2025;11:33:09;20;1282-20
CO2;1282;CT-CO2-0;02938df5-6afb-d44e-582d-0b5eea40f8eb;51:88:0A:9E;0;AVIÁRIO MEIO;673,00;09/11/2025;11:39:12;20;1282-20
CO2;1282;CT-CO2-0;02938df5-6afb-d44e-582d-0b5eea40f8eb;51:88:0A:9E;0;AVIÁRIO MEIO;670,00;09/11/2025;11:43:44;20;1282-20
CO2;1282;CT-CO2-0;02938df5-6afb-d44e-582d-0b5eea40f8eb;51:88:0A:9E;0;AVIÁRIO MEIO;688,00;09/11/2025;11:49:16;20;1282-20
CO2;1282;CT-CO2-0;02938df5-6afb-d44e-582d-0b5eea40f8eb;51:88:0A:9E;0;AVIÁRIO MEIO;691,00;09/11/2025;11:54:48;20;1282-20
CO2;1282;CT-CO2-0;02938df5-6afb-d44e-582d-0b5eea40f8eb;51:88:0A:9E;0;AVIÁRIO MEIO;695,00;09/11/2025;11:59:51;20;1282-20
CO2;1282;CT-CO2-0;02938df5-6afb-d44e-582d-0b5eea40f8eb;51:88:0A:9E;0;AVIÁRIO MEIO;709,00;09/11/2025;12:10:56;20;1282-20
CO2;1282;CT-CO2-0;02938df5-6afb-d44e-582d-0b5eea40f8eb;51:88:0A:9E;0;AVIÁRIO MEIO;709,00;09/11/2025;12:16:28;20;1282-20
CO2;1282;CT-CO2-0;02938df5-6afb-d44e-582d-0b5eea40f8eb;51:88:0A:9E;0;AVIÁRIO MEIO;700,00;09/11/2025;12:21:30;20;1282-20
CO2;1282;CT-CO2-0;02938df5-6afb-d44e-582d-0b5eea40f8eb;51:88:0A:9E;0;AVIÁRIO MEIO;709,00;09/11/2025;12:27:01;20;1282-20
CO2;1282;CT-CO2-0;02938df5-6afb-d44e-582d-0b5eea40f8eb;51:88:0A:9E;0;AVIÁRIO MEIO;714,00;09/11/2025;12:32:33;20;1282-20
CO2;1282;CT-CO2-0;02938df5-6afb-d44e-582d-0b5eea40f8eb;51:88:0A:9E;0;AVIÁRIO MEIO;721,00;09/11/2025;12:37:35;20;1282-20
CO2;1282;CT-CO2-0;02938df5-6afb-d44e-582d-0b5eea40f8eb;51:88:0A:9E;0;AVIÁRIO MEIO;734,00;09/11/2025;12:43:07;20;1282-20
CO2;1282;CT-CO2-0;02938df5-6afb-d44e-582d-0b5eea40f8eb;51:88:0A:9E;0;AVIÁRIO MEIO;706,00;09/11/2025;12:49:11;20;1282-20
CO2;1282;CT-CO2-0;02938df5-6afb-d44e-582d-0b5eea40f8eb;51:88:0A:9E;0;AVIÁRIO MEIO;695,00;09/11/2025;12:53:43;20;1282-20
CO2;1282;CT-CO2-0;02938df5-6afb-d44e-582d-0b5eea40f8eb;51:88:0A:9E;0;AVIÁRIO MEIO;714,00;09/11/2025;12:59:15;20;1282-20
CO2;1282;CT-CO2-0;02938df5-6afb-d44e-582d-0b5eea40f8eb;51:88:0A:9E;0;AVIÁRIO MEIO;692,00;09/11/2025;13:04:47;20;1282-20
CO2;1282;CT-CO2-0;02938df5-6afb-d44e-582d-0b5eea40f8eb;51:88:0A:9E;0;AVIÁRIO MEIO;651,00;09/11/2025;13:09:49;20;1282-20
CO2;1282;CT-CO2-0;02938df5-6afb-d44e-582d-0b5eea40f8eb;51:88:0A:9E;0;AVIÁRIO MEIO;651,00;09/11/2025;13:20:55;20;1282-20
CO2;1282;CT-CO2-0;02938df5-6afb-d44e-582d-0b5eea40f8eb;51:88:0A:9E;0;AVIÁRIO MEIO;655,00;09/11/2025;13:26:27;20;1282-20
CO2;1282;CT-CO2-0;02938df5-6afb-d44e-582d-0b5eea40f8eb;51:88:0A:9E;0;AVIÁRIO MEIO;665,00;09/11/2025;13:31:29;20;1282-20
CO2;1282;CT-CO2-0;02938df5-6afb-d44e-582d-0b5eea40f8eb;51:88:0A:9E;0;AVIÁRIO MEIO;671,00;09/11/2025;13:37:00;20;1282-20
CO2;1282;CT-CO2-0;02938df5-6afb-d44e-582d-0b5eea40f8eb;51:88:0A:9E;0;AVIÁRIO MEIO;666,00;09/11/2025;13:42:33;20;1282-20
CO2;1282;CT-CO2-0;02938df5-6afb-d44e-582d-0b5eea40f8eb;51:88:0A:9E;0;AVIÁRIO MEIO;671,00;09/11/2025;13:47:35;20;1282-20
CO2;1282;CT-CO2-0;02938df5-6afb-d44e-582d-0b5eea40f8eb;51:88:0A:9E;0;AVIÁRIO MEIO;707,00;09/11/2025;13:53:06;20;1282-20
CO2;1282;CT-CO2-0;02938df5-6afb-d44e-582d-0b5eea40f8eb;51:88:0A:9E;0;AVIÁRIO MEIO;672,00;09/11/2025;13:59:09;20;1282-20
CO2;1282;CT-CO2-0;02938df5-6afb-d44e-582d-0b5eea40f8eb;51:88:0A:9E;0;AVIÁRIO MEIO;661,00;09/11/2025;14:03:41;20;1282-20
CO2;1282;CT-CO2-0;02938df5-6afb-d44e-582d-0b5eea40f8eb;51:88:0A:9E;0;AVIÁRIO MEIO;667,00;09/11/2025;14:09:13;20;1282-20
CO2;1282;CT-CO2-0;02938df5-6afb-d44e-582d-0b5eea40f8eb;51:88:0A:9E;0;AVIÁRIO MEIO;657,00;09/11/2025;14:14:45;20;1282-20
CO2;1282;CT-CO2-0;02938df5-6afb-d44e-582d-0b5eea40f8eb;51:88:0A:9E;0;AVIÁRIO MEIO;704,00;09/11/2025;14:20:17;20;1282-20
CO2;1282;CT-CO2-0;02938df5-6afb-d44e-582d-0b5eea40f8eb;51:88:0A:9E;0;AVIÁRIO MEIO;649,00;09/11/2025;14:25:19;20;1282-20
CO2;1282;CT-CO2-0;02938df5-6afb-d44e-582d-0b5eea40f8eb;51:88:0A:9E;0;AVIÁRIO MEIO;648,00;09/11/2025;14:30:51;20;1282-20
CO2;1282;CT-CO2-0;02938df5-6afb-d44e-582d-0b5eea40f8eb;51:88:0A:9E;0;AVIÁRIO MEIO;639,00;09/11/2025;14:36:25;20;1282-20
CO2;1282;CT-CO2-0;02938df5-6afb-d44e-582d-0b5eea40f8eb;51:88:0A:9E;0;AVIÁRIO MEIO;663,00;09/11/2025;14:41:27;20;1282-20
CO2;1282;CT-CO2-0;02938df5-6afb-d44e-582d-0b5eea40f8eb;51:88:0A:9E;0;AVIÁRIO MEIO;682,00;09/11/2025;14:46:59;20;1282-20
CO2;1282;CT-CO2-0;02938df5-6afb-d44e-582d-0b5eea40f8eb;51:88:0A:9E;0;AVIÁRIO MEIO;683,00;09/11/2025;14:52:31;20;1282-20
CO2;1282;CT-CO2-0;02938df5-6afb-d44e-582d-0b5eea40f8eb;51:88:0A:9E;0;AVIÁRIO MEIO;688,00;09/11/2025;14:57:32;20;1282-20
CO2;1282;CT-CO2-0;02938df5-6afb-d44e-582d-0b5eea40f8eb;51:88:0A:9E;0;AVIÁRIO MEIO;693,00;09/11/2025;15:03:04;20;1282-20
CO2;1282;CT-CO2-0;02938df5-6afb-d44e-582d-0b5eea40f8eb;51:88:0A:9E;0;AVIÁRIO MEIO;679,00;09/11/2025;15:09:08;20;1282-20
CO2;1282;CT-CO2-0;02938df5-6afb-d44e-582d-0b5eea40f8eb;51:88:0A:9E;0;AVIÁRIO MEIO;690,00;09/11/2025;15:13:40;20;1282-20
CO2;1282;CT-CO2-0;02938df5-6afb-d44e-582d-0b5eea40f8eb;51:88:0A:9E;0;AVIÁRIO MEIO;704,00;09/11/2025;15:19:12;20;1282-20
CO2;1282;CT-CO2-0;02938df5-6afb-d44e-582d-0b5eea40f8eb;51:88:0A:9E;0;AVIÁRIO MEIO;722,00;09/11/2025;15:24:44;20;1282-20
CO2;1282;CT-CO2-0;02938df5-6afb-d44e-582d-0b5eea40f8eb;51:88:0A:9E;0;AVIÁRIO MEIO;719,00;09/11/2025;15:30:16;20;1282-20
CO2;1282;CT-CO2-0;02938df5-6afb-d44e-582d-0b5eea40f8eb;51:88:0A:9E;0;AVIÁRIO MEIO;722,00;09/11/2025;15:35:18;20;1282-20
CO2;1282;CT-CO2-0;02938df5-6afb-d44e-582d-0b5eea40f8eb;51:88:0A:9E;0;AVIÁRIO MEIO;716,00;09/11/2025;15:40:50;20;1282-20
CO2;1282;CT-CO2-0;02938df5-6afb-d44e-582d-0b5eea40f8eb;51:88:0A:9E;0;AVIÁRIO MEIO;717,00;09/11/2025;15:46:21;20;1282-20
CO2;1282;CT-CO2-0;02938df5-6afb-d44e-582d-0b5eea40f8eb;51:88:0A:9E;0;AVIÁRIO MEIO;695,00;09/11/2025;15:51:23;20;1282-20
CO2;1282;CT-CO2-0;02938df5-6afb-d44e-582d-0b5eea40f8eb;51:88:0A:9E;0;AVIÁRIO MEIO;699,00;09/11/2025;15:56:57;20;1282-20
CO2;1282;CT-CO2-0;02938df5-6afb-d44e-582d-0b5eea40f8eb;51:88:0A:9E;0;AVIÁRIO MEIO;712,00;09/11/2025;16:02:28;20;1282-20
CO2;1282;CT-CO2-0;02938df5-6afb-d44e-582d-0b5eea40f8eb;51:88:0A:9E;0;AVIÁRIO MEIO;727,00;09/11/2025;16:08:00;20;1282-20
CO2;1282;CT-CO2-0;02938df5-6afb-d44e-582d-0b5eea40f8eb;51:88:0A:9E;0;AVIÁRIO MEIO;711,00;09/11/2025;16:13:02;20;1282-20
CO2;1282;CT-CO2-0;02938df5-6afb-d44e-582d-0b5eea40f8eb;51:88:0A:9E;0;AVIÁRIO MEIO;698,00;09/11/2025;16:19:05;20;1282-20
CO2;1282;CT-CO2-0;02938df5-6afb-d44e-582d-0b5eea40f8eb;51:88:0A:9E;0;AVIÁRIO MEIO;718,00;09/11/2025;16:24:07;20;1282-20
CO2;1282;CT-CO2-0;02938df5-6afb-d44e-582d-0b5eea40f8eb;51:88:0A:9E;0;AVIÁRIO MEIO;735,00;09/11/2025;16:29:09;20;1282-20
CO2;1282;CT-CO2-0;02938df5-6afb-d44e-582d-0b5eea40f8eb;51:88:0A:9E;0;AVIÁRIO MEIO;724,00;09/11/2025;16:34:40;20;1282-20
CO2;1282;CT-CO2-0;02938df5-6afb-d44e-582d-0b5eea40f8eb;51:88:0A:9E;0;AVIÁRIO MEIO;718,00;09/11/2025;16:40:15;20;1282-20
CO2;1282;CT-CO2-0;02938df5-6afb-d44e-582d-0b5eea40f8eb;51:88:0A:9E;0;AVIÁRIO MEIO;689,00;09/11/2025;16:45:16;20;1282-20
CO2;1282;CT-CO2-0;02938df5-6afb-d44e-582d-0b5eea40f8eb;51:88:0A:9E;0;AVIÁRIO MEIO;688,00;09/11/2025;16:50:49;20;1282-20
CO2;1282;CT-CO2-0;02938df5-6afb-d44e-582d-0b5eea40f8eb;51:88:0A:9E;0;AVIÁRIO MEIO;710,00;09/11/2025;16:56:21;20;1282-20
CO2;1282;CT-CO2-0;02938df5-6afb-d44e-582d-0b5eea40f8eb;51:88:0A:9E;0;AVIÁRIO MEIO;752,00;09/11/2025;17:01:22;20;1282-20
CO2;1282;CT-CO2-0;02938df5-6afb-d44e-582d-0b5eea40f8eb;51:88:0A:9E;0;AVIÁRIO MEIO;742,00;09/11/2025;17:06:55;20;1282-20
CO2;1282;CT-CO2-0;02938df5-6afb-d44e-582d-0b5eea40f8eb;51:88:0A:9E;0;AVIÁRIO MEIO;723,00;09/11/2025;17:12:27;20;1282-20
CO2;1282;CT-CO2-0;02938df5-6afb-d44e-582d-0b5eea40f8eb;51:88:0A:9E;0;AVIÁRIO MEIO;737,00;09/11/2025;17:17:28;20;1282-20
CO2;1282;CT-CO2-0;02938df5-6afb-d44e-582d-0b5eea40f8eb;51:88:0A:9E;0;AVIÁRIO MEIO;703,00;09/11/2025;17:23:02;20;1282-20
CO2;1282;CT-CO2-0;02938df5-6afb-d44e-582d-0b5eea40f8eb;51:88:0A:9E;0;AVIÁRIO MEIO;696,00;09/11/2025;17:29:05;20;1282-20
CO2;1282;CT-CO2-0;02938df5-6afb-d44e-582d-0b5eea40f8eb;51:88:0A:9E;0;AVIÁRIO MEIO;720,00;09/11/2025;17:33:37;20;1282-20
CO2;1282;CT-CO2-0;02938df5-6afb-d44e-582d-0b5eea40f8eb;51:88:0A:9E;0;AVIÁRIO MEIO;709,00;09/11/2025;17:39:11;20;1282-20
CO2;1282;CT-CO2-0;02938df5-6afb-d44e-582d-0b5eea40f8eb;51:88:0A:9E;0;AVIÁRIO MEIO;718,00;09/11/2025;17:44:42;20;1282-20
CO2;1282;CT-CO2-0;02938df5-6afb-d44e-582d-0b5eea40f8eb;51:88:0A:9E;0;AVIÁRIO MEIO;692,00;09/11/2025;17:50:15;20;1282-20
CO2;1282;CT-CO2-0;02938df5-6afb-d44e-582d-0b5eea40f8eb;51:88:0A:9E;0;AVIÁRIO MEIO;712,00;09/11/2025;17:55:17;20;1282-20
CO2;1282;CT-CO2-0;02938df5-6afb-d44e-582d-0b5eea40f8eb;51:88:0A:9E;0;AVIÁRIO MEIO;689,00;09/11/2025;18:00:50;20;1282-20
CO2;1282;CT-CO2-0;02938df5-6afb-d44e-582d-0b5eea40f8eb;51:88:0A:9E;0;AVIÁRIO MEIO;690,00;09/11/2025;18:06:22;20;1282-20
CO2;1282;CT-CO2-0;02938df5-6afb-d44e-582d-0b5eea40f8eb;51:88:0A:9E;0;AVIÁRIO MEIO;684,00;09/11/2025;18:11:24;20;1282-20
CO2;1282;CT-CO2-0;02938df5-6afb-d44e-582d-0b5eea40f8eb;51:88:0A:9E;0;AVIÁRIO MEIO;714,00;09/11/2025;18:16:56;20;1282-20
CO2;1282;CT-CO2-0;02938df5-6afb-d44e-582d-0b5eea40f8eb;51:88:0A:9E;0;AVIÁRIO MEIO;702,00;09/11/2025;18:22:29;20;1282-20
CO2;1282;CT-CO2-0;02938df5-6afb-d44e-582d-0b5eea40f8eb;51:88:0A:9E;0;AVIÁRIO MEIO;689,00;09/11/2025;18:27:31;20;1282-20
CO2;1282;CT-CO2-0;02938df5-6afb-d44e-582d-0b5eea40f8eb;51:88:0A:9E;0;AVIÁRIO MEIO;680,00;09/11/2025;18:33:03;20;1282-20
CO2;1282;CT-CO2-0;02938df5-6afb-d44e-582d-0b5eea40f8eb;51:88:0A:9E;0;AVIÁRIO MEIO;700,00;09/11/2025;18:39:11;20;1282-20
CO2;1282;CT-CO2-0;02938df5-6afb-d44e-582d-0b5eea40f8eb;51:88:0A:9E;0;AVIÁRIO MEIO;693,00;09/11/2025;18:43:43;20;1282-20
CO2;1282;CT-CO2-0;02938df5-6afb-d44e-582d-0b5eea40f8eb;51:88:0A:9E;0;AVIÁRIO MEIO;689,00;09/11/2025;18:49:15;20;1282-20
CO2;1282;CT-CO2-0;02938df5-6afb-d44e-582d-0b5eea40f8eb;51:88:0A:9E;0;AVIÁRIO MEIO;681,00;09/11/2025;18:54:47;20;1282-20
CO2;1282;CT-CO2-0;02938df5-6afb-d44e-582d-0b5eea40f8eb;51:88:0A:9E;0;AVIÁRIO MEIO;688,00;09/11/2025;18:59:51;20;1282-20
CO2;1282;CT-CO2-0;02938df5-6afb-d44e-582d-0b5eea40f8eb;51:88:0A:9E;0;AVIÁRIO MEIO;690,00;09/11/2025;19:05:25;20;1282-20
CO2;1282;CT-CO2-0;02938df5-6afb-d44e-582d-0b5eea40f8eb;51:88:0A:9E;0;AVIÁRIO MEIO;722,00;09/11/2025;19:15:59;20;1282-20
CO2;1282;CT-CO2-0;02938df5-6afb-d44e-582d-0b5eea40f8eb;51:88:0A:9E;0;AVIÁRIO MEIO;728,00;09/11/2025;19:21:31;20;1282-20
CO2;1282;CT-CO2-0;02938df5-6afb-d44e-582d-0b5eea40f8eb;51:88:0A:9E;0;AVIÁRIO MEIO;704,00;09/11/2025;19:26:32;20;1282-20
CO2;1282;CT-CO2-0;02938df5-6afb-d44e-582d-0b5eea40f8eb;51:88:0A:9E;0;AVIÁRIO MEIO;725,00;09/11/2025;19:32:04;20;1282-20
CO2;1282;CT-CO2-0;02938df5-6afb-d44e-582d-0b5eea40f8eb;51:88:0A:9E;0;AVIÁRIO MEIO;711,00;09/11/2025;19:37:38;20;1282-20
CO2;1282;CT-CO2-0;02938df5-6afb-d44e-582d-0b5eea40f8eb;51:88:0A:9E;0;AVIÁRIO MEIO;721,00;09/11/2025;19:42:40;20;1282-20
CO2;1282;CT-CO2-0;02938df5-6afb-d44e-582d-0b5eea40f8eb;51:88:0A:9E;0;AVIÁRIO MEIO;707,00;09/11/2025;19:48:44;20;1282-20
CO2;1282;CT-CO2-0;02938df5-6afb-d44e-582d-0b5eea40f8eb;51:88:0A:9E;0;AVIÁRIO MEIO;721,00;09/11/2025;19:53:46;20;1282-20
CO2;1282;CT-CO2-0;02938df5-6afb-d44e-582d-0b5eea40f8eb;51:88:0A:9E;0;AVIÁRIO MEIO;714,00;09/11/2025;19:58:48;20;1282-20
CO2;1282;CT-CO2-0;02938df5-6afb-d44e-582d-0b5eea40f8eb;51:88:0A:9E;0;AVIÁRIO MEIO;718,00;09/11/2025;20:04:20;20;1282-20
CO2;1282;CT-CO2-0;02938df5-6afb-d44e-582d-0b5eea40f8eb;51:88:0A:9E;0;AVIÁRIO MEIO;713,00;09/11/2025;20:09:52;20;1282-20
CO2;1282;CT-CO2-0;02938df5-6afb-d44e-582d-0b5eea40f8eb;51:88:0A:9E;0;AVIÁRIO MEIO;772,00;09/11/2025;20:15:10;20;1282-20
CO2;1282;CT-CO2-0;02938df5-6afb-d44e-582d-0b5eea40f8eb;51:88:0A:9E;0;AVIÁRIO MEIO;835,00;09/11/2025;20:20:43;20;1282-20
CO2;1282;CT-CO2-0;02938df5-6afb-d44e-582d-0b5eea40f8eb;51:88:0A:9E;0;AVIÁRIO MEIO;856,00;09/11/2025;20:25:45;20;1282-20
CO2;1282;CT-CO2-0;02938df5-6afb-d44e-582d-0b5eea40f8eb;51:88:0A:9E;0;AVIÁRIO MEIO;851,00;09/11/2025;20:31:17;20;1282-20
CO2;1282;CT-CO2-0;02938df5-6afb-d44e-582d-0b5eea40f8eb;51:88:0A:9E;0;AVIÁRIO MEIO;884,00;09/11/2025;20:36:49;20;1282-20
CO2;1282;CT-CO2-0;02938df5-6afb-d44e-582d-0b5eea40f8eb;51:88:0A:9E;0;AVIÁRIO MEIO;843,00;09/11/2025;20:41:51;20;1282-20
CO2;1282;CT-CO2-0;02938df5-6afb-d44e-582d-0b5eea40f8eb;51:88:0A:9E;0;AVIÁRIO MEIO;844,00;09/11/2025;20:47:23;20;1282-20
CO2;1282;CT-CO2-0;02938df5-6afb-d44e-582d-0b5eea40f8eb;51:88:0A:9E;0;AVIÁRIO MEIO;854,00;09/11/2025;20:52:56;20;1282-20
CO2;1282;CT-CO2-0;02938df5-6afb-d44e-582d-0b5eea40f8eb;51:88:0A:9E;0;AVIÁRIO MEIO;851,00;09/11/2025;20:58:30;20;1282-20
CO2;1282;CT-CO2-0;02938df5-6afb-d44e-582d-0b5eea40f8eb;51:88:0A:9E;0;AVIÁRIO MEIO;828,00;09/11/2025;21:07:03;20;1282-20
CO2;1282;CT-CO2-0;02938df5-6afb-d44e-582d-0b5eea40f8eb;51:88:0A:9E;0;AVIÁRIO MEIO;827,00;09/11/2025;21:12:05;20;1282-20
CO2;1282;CT-CO2-0;02938df5-6afb-d44e-582d-0b5eea40f8eb;51:88:0A:9E;0;AVIÁRIO MEIO;810,00;09/11/2025;21:17:37;20;1282-20
CO2;1282;CT-CO2-0;02938df5-6afb-d44e-582d-0b5eea40f8eb;51:88:0A:9E;0;AVIÁRIO MEIO;828,00;09/11/2025;21:23:10;20;1282-20
CO2;1282;CT-CO2-0;02938df5-6afb-d44e-582d-0b5eea40f8eb;51:88:0A:9E;0;AVIÁRIO MEIO;827,00;09/11/2025;21:28:11;20;1282-20
CO2;1282;CT-CO2-0;02938df5-6afb-d44e-582d-0b5eea40f8eb;51:88:0A:9E;0;AVIÁRIO MEIO;840,00;09/11/2025;21:33:43;20;1282-20
CO2;1282;CT-CO2-0;02938df5-6afb-d44e-582d-0b5eea40f8eb;51:88:0A:9E;0;AVIÁRIO MEIO;838,00;09/11/2025;21:39:20;20;1282-20
CO2;1282;CT-CO2-0;02938df5-6afb-d44e-582d-0b5eea40f8eb;51:88:0A:9E;0;AVIÁRIO MEIO;834,00;09/11/2025;21:44:22;20;1282-20
CO2;1282;CT-CO2-0;02938df5-6afb-d44e-582d-0b5eea40f8eb;51:88:0A:9E;0;AVIÁRIO MEIO;818,00;09/11/2025;21:49:54;20;1282-20
CO2;1282;CT-CO2-0;02938df5-6afb-d44e-582d-0b5eea40f8eb;51:88:0A:9E;0;AVIÁRIO MEIO;815,00;09/11/2025;22:00:31;20;1282-20
CO2;1282;CT-CO2-0;02938df5-6afb-d44e-582d-0b5eea40f8eb;51:88:0A:9E;0;AVIÁRIO MEIO;813,00;09/11/2025;22:06:36;20;1282-20
CO2;1282;CT-CO2-0;02938df5-6afb-d44e-582d-0b5eea40f8eb;51:88:0A:9E;0;AVIÁRIO MEIO;816,00;09/11/2025;22:11:38;20;1282-20
CO2;1282;CT-CO2-0;02938df5-6afb-d44e-582d-0b5eea40f8eb;51:88:0A:9E;0;AVIÁRIO MEIO;821,00;09/11/2025;22:16:40;20;1282-20
CO2;1282;CT-CO2-0;02938df5-6afb-d44e-582d-0b5eea40f8eb;51:88:0A:9E;0;AVIÁRIO MEIO;824,00;09/11/2025;22:22:12;20;1282-20
CO2;1282;CT-CO2-0;02938df5-6afb-d44e-582d-0b5eea40f8eb;51:88:0A:9E;0;AVIÁRIO MEIO;799,00;09/11/2025;22:27:44;20;1282-20
CO2;1282;CT-CO2-0;02938df5-6afb-d44e-582d-0b5eea40f8eb;51:88:0A:9E;0;AVIÁRIO MEIO;787,00;09/11/2025;22:32:46;20;1282-20
CO2;1282;CT-CO2-0;02938df5-6afb-d44e-582d-0b5eea40f8eb;51:88:0A:9E;0;AVIÁRIO MEIO;851,00;09/11/2025;22:38:18;20;1282-20
CO2;1282;CT-CO2-0;02938df5-6afb-d44e-582d-0b5eea40f8eb;51:88:0A:9E;0;AVIÁRIO MEIO;791,00;09/11/2025;22:43:50;20;1282-20
CO2;1282;CT-CO2-0;02938df5-6afb-d44e-582d-0b5eea40f8eb;51:88:0A:9E;0;AVIÁRIO MEIO;795,00;09/11/2025;22:48:51;20;1282-20
CO2;1282;CT-CO2-0;02938df5-6afb-d44e-582d-0b5eea40f8eb;51:88:0A:9E;0;AVIÁRIO MEIO;793,00;09/11/2025;22:54:23;20;1282-20
CO2;1282;CT-CO2-0;02938df5-6afb-d44e-582d-0b5eea40f8eb;51:88:0A:9E;0;AVIÁRIO MEIO;779,00;09/11/2025;22:59:55;20;1282-20
CO2;1282;CT-CO2-0;02938df5-6afb-d44e-582d-0b5eea40f8eb;51:88:0A:9E;0;AVIÁRIO MEIO;775,00;09/11/2025;23:10:32;20;1282-20
CO2;1282;CT-CO2-0;02938df5-6afb-d44e-582d-0b5eea40f8eb;51:88:0A:9E;0;AVIÁRIO MEIO;771,00;09/11/2025;23:16:36;20;1282-20
CO2;1282;CT-CO2-0;02938df5-6afb-d44e-582d-0b5eea40f8eb;51:88:0A:9E;0;AVIÁRIO MEIO;769,00;09/11/2025;23:21:08;20;1282-20
CO2;1282;CT-CO2-0;02938df5-6afb-d44e-582d-0b5eea40f8eb;51:88:0A:9E;0;AVIÁRIO MEIO;764,00;09/11/2025;23:26:41;20;1282-20
CO2;1282;CT-CO2-0;02938df5-6afb-d44e-582d-0b5eea40f8eb;51:88:0A:9E;0;AVIÁRIO MEIO;776,00;09/11/2025;23:32:14;20;1282-20
CO2;1282;CT-CO2-0;02938df5-6afb-d44e-582d-0b5eea40f8eb;51:88:0A:9E;0;AVIÁRIO MEIO;766,00;09/11/2025;23:37:15;20;1282-20
CO2;1282;CT-CO2-0;02938df5-6afb-d44e-582d-0b5eea40f8eb;51:88:0A:9E;0;AVIÁRIO MEIO;744,00;09/11/2025;23:42:47;20;1282-20
CO2;1282;CT-CO2-0;02938df5-6afb-d44e-582d-0b5eea40f8eb;51:88:0A:9E;0;AVIÁRIO MEIO;756,00;09/11/2025;23:48:20;20;1282-20
CO2;1282;CT-CO2-0;02938df5-6afb-d44e-582d-0b5eea40f8eb;51:88:0A:9E;0;AVIÁRIO MEIO;759,00;09/11/2025;23:53:23;20;1282-20
CO2;1282;CT-CO2-0;02938df5-6afb-d44e-582d-0b5eea40f8eb;51:88:0A:9E;0;AVIÁRIO MEIO;765,00;09/11/2025;23:58:55;20;1282-20
CO2;1282;CT-CO2-0;02938df5-6afb-d44e-582d-0b5eea40f8eb;51:88:0A:9E;0;AVIÁRIO MEIO;738,00;10/11/2025;00:04:27;20;1282-20
CO2;1282;CT-CO2-0;02938df5-6afb-d44e-582d-0b5eea40f8eb;51:88:0A:9E;0;AVIÁRIO MEIO;757,00;10/11/2025;00:09:29;20;1282-20
CO2;1282;CT-CO2-0;02938df5-6afb-d44e-582d-0b5eea40f8eb;51:88:0A:9E;0;AVIÁRIO MEIO;768,00;10/11/2025;00:15:01;20;1282-20
CO2;1282;CT-CO2-0;02938df5-6afb-d44e-582d-0b5eea40f8eb;51:88:0A:9E;0;AVIÁRIO MEIO;801,00;10/11/2025;00:20:34;20;1282-20
CO2;1282;CT-CO2-0;02938df5-6afb-d44e-582d-0b5eea40f8eb;51:88:0A:9E;0;AVIÁRIO MEIO;748,00;10/11/2025;00:26:07;20;1282-20
CO2;1282;CT-CO2-0;02938df5-6afb-d44e-582d-0b5eea40f8eb;51:88:0A:9E;0;AVIÁRIO MEIO;744,00;10/11/2025;00:31:09;20;1282-20
CO2;1282;CT-CO2-0;02938df5-6afb-d44e-582d-0b5eea40f8eb;51:88:0A:9E;0;AVIÁRIO MEIO;760,00;10/11/2025;00:36:41;20;1282-20
CO2;1282;CT-CO2-0;02938df5-6afb-d44e-582d-0b5eea40f8eb;51:88:0A:9E;0;AVIÁRIO MEIO;765,00;10/11/2025;00:41:45;20;1282-20
CO2;1282;CT-CO2-0;02938df5-6afb-d44e-582d-0b5eea40f8eb;51:88:0A:9E;0;AVIÁRIO MEIO;767,00;10/11/2025;00:47:17;20;1282-20
CO2;1282;CT-CO2-0;02938df5-6afb-d44e-582d-0b5eea40f8eb;51:88:0A:9E;0;AVIÁRIO MEIO;752,00;10/11/2025;00:52:50;20;1282-20
CO2;1282;CT-CO2-0;02938df5-6afb-d44e-582d-0b5eea40f8eb;51:88:0A:9E;0;AVIÁRIO MEIO;746,00;10/11/2025;00:57:52;20;1282-20
CO2;1282;CT-CO2-0;02938df5-6afb-d44e-582d-0b5eea40f8eb;51:88:0A:9E;0;AVIÁRIO MEIO;754,00;10/11/2025;01:03:25;20;1282-20
CO2;1282;CT-CO2-0;02938df5-6afb-d44e-582d-0b5eea40f8eb;51:88:0A:9E;0;AVIÁRIO MEIO;754,00;10/11/2025;01:08:57;20;1282-20
CO2;1282;CT-CO2-0;02938df5-6afb-d44e-582d-0b5eea40f8eb;51:88:0A:9E;0;AVIÁRIO MEIO;753,00;10/11/2025;01:13:59;20;1282-20
CO2;1282;CT-CO2-0;02938df5-6afb-d44e-582d-0b5eea40f8eb;51:88:0A:9E;0;AVIÁRIO MEIO;787,00;10/11/2025;01:19:31;20;1282-20
CO2;1282;CT-CO2-0;02938df5-6afb-d44e-582d-0b5eea40f8eb;51:88:0A:9E;0;AVIÁRIO MEIO;726,00;10/11/2025;01:25:03;20;1282-20
CO2;1282;CT-CO2-0;02938df5-6afb-d44e-582d-0b5eea40f8eb;51:88:0A:9E;0;AVIÁRIO MEIO;750,00;10/11/2025;01:30:05;20;1282-20
CO2;1282;CT-CO2-0;02938df5-6afb-d44e-582d-0b5eea40f8eb;51:88:0A:9E;0;AVIÁRIO MEIO;774,00;10/11/2025;01:36:09;20;1282-20
CO2;1282;CT-CO2-0;02938df5-6afb-d44e-582d-0b5eea40f8eb;51:88:0A:9E;0;AVIÁRIO MEIO;762,00;10/11/2025;01:41:12;20;1282-20
CO2;1282;CT-CO2-0;02938df5-6afb-d44e-582d-0b5eea40f8eb;51:88:0A:9E;0;AVIÁRIO MEIO;760,00;10/11/2025;01:46:15;20;1282-20
CO2;1282;CT-CO2-0;02938df5-6afb-d44e-582d-0b5eea40f8eb;51:88:0A:9E;0;AVIÁRIO MEIO;763,00;10/11/2025;01:51:47;20;1282-20
CO2;1282;CT-CO2-0;02938df5-6afb-d44e-582d-0b5eea40f8eb;51:88:0A:9E;0;AVIÁRIO MEIO;761,00;10/11/2025;01:57:19;20;1282-20
CO2;1282;CT-CO2-0;02938df5-6afb-d44e-582d-0b5eea40f8eb;51:88:0A:9E;0;AVIÁRIO MEIO;783,00;10/11/2025;02:02:21;20;1282-20
CO2;1282;CT-CO2-0;02938df5-6afb-d44e-582d-0b5eea40f8eb;51:88:0A:9E;0;AVIÁRIO MEIO;773,00;10/11/2025;02:07:53;20;1282-20
CO2;1282;CT-CO2-0;02938df5-6afb-d44e-582d-0b5eea40f8eb;51:88:0A:9E;0;AVIÁRIO MEIO;780,00;10/11/2025;02:13:25;20;1282-20
CO2;1282;CT-CO2-0;02938df5-6afb-d44e-582d-0b5eea40f8eb;51:88:0A:9E;0;AVIÁRIO MEIO;768,00;10/11/2025;02:18:28;20;1282-20
CO2;1282;CT-CO2-0;02938df5-6afb-d44e-582d-0b5eea40f8eb;51:88:0A:9E;0;AVIÁRIO MEIO;780,00;10/11/2025;02:24:00;20;1282-20
CO2;1282;CT-CO2-0;02938df5-6afb-d44e-582d-0b5eea40f8eb;51:88:0A:9E;0;AVIÁRIO MEIO;803,00;10/11/2025;02:29:31;20;1282-20
CO2;1282;CT-CO2-0;02938df5-6afb-d44e-582d-0b5eea40f8eb;51:88:0A:9E;0;AVIÁRIO MEIO;788,00;10/11/2025;02:35:04;20;1282-20
CO2;1282;CT-CO2-0;02938df5-6afb-d44e-582d-0b5eea40f8eb;51:88:0A:9E;0;AVIÁRIO MEIO;779,00;10/11/2025;02:40:06;20;1282-20
CO2;1282;CT-CO2-0;02938df5-6afb-d44e-582d-0b5eea40f8eb;51:88:0A:9E;0;AVIÁRIO MEIO;803,00;10/11/2025;02:46:10;20;1282-20
CO2;1282;CT-CO2-0;02938df5-6afb-d44e-582d-0b5eea40f8eb;51:88:0A:9E;0;AVIÁRIO MEIO;805,00;10/11/2025;02:50:42;20;1282-20
CO2;1282;CT-CO2-0;02938df5-6afb-d44e-582d-0b5eea40f8eb;51:88:0A:9E;0;AVIÁRIO MEIO;783,00;10/11/2025;02:56:14;20;1282-20
CO2;1282;CT-CO2-0;02938df5-6afb-d44e-582d-0b5eea40f8eb;51:88:0A:9E;0;AVIÁRIO MEIO;759,00;10/11/2025;03:01:47;20;1282-20
CO2;1282;CT-CO2-0;02938df5-6afb-d44e-582d-0b5eea40f8eb;51:88:0A:9E;0;AVIÁRIO MEIO;773,00;10/11/2025;03:06:49;20;1282-20
CO2;1282;CT-CO2-0;02938df5-6afb-d44e-582d-0b5eea40f8eb;51:88:0A:9E;0;AVIÁRIO MEIO;785,00;10/11/2025;03:12:21;20;1282-20
CO2;1282;CT-CO2-0;02938df5-6afb-d44e-582d-0b5eea40f8eb;51:88:0A:9E;0;AVIÁRIO MEIO;770,00;10/11/2025;03:17:53;20;1282-20
CO2;1282;CT-CO2-0;02938df5-6afb-d44e-582d-0b5eea40f8eb;51:88:0A:9E;0;AVIÁRIO MEIO;774,00;10/11/2025;03:23:25;20;1282-20
CO2;1282;CT-CO2-0;02938df5-6afb-d44e-582d-0b5eea40f8eb;51:88:0A:9E;0;AVIÁRIO MEIO;786,00;10/11/2025;03:28:26;20;1282-20
CO2;1282;CT-CO2-0;02938df5-6afb-d44e-582d-0b5eea40f8eb;51:88:0A:9E;0;AVIÁRIO MEIO;798,00;10/11/2025;03:33:59;20;1282-20
CO2;1282;CT-CO2-0;02938df5-6afb-d44e-582d-0b5eea40f8eb;51:88:0A:9E;0;AVIÁRIO MEIO;788,00;10/11/2025;03:39:32;20;1282-20
CO2;1282;CT-CO2-0;02938df5-6afb-d44e-582d-0b5eea40f8eb;51:88:0A:9E;0;AVIÁRIO MEIO;797,00;10/11/2025;03:44:34;20;1282-20
CO2;1282;CT-CO2-0;02938df5-6afb-d44e-582d-0b5eea40f8eb;51:88:0A:9E;0;AVIÁRIO MEIO;791,00;10/11/2025;03:50:05;20;1282-20
CO2;1282;CT-CO2-0;02938df5-6afb-d44e-582d-0b5eea40f8eb;51:88:0A:9E;0;AVIÁRIO MEIO;791,00;10/11/2025;03:56:09;20;1282-20
CO2;1282;CT-CO2-0;02938df5-6afb-d44e-582d-0b5eea40f8eb;51:88:0A:9E;0;AVIÁRIO MEIO;795,00;10/11/2025;04:00:41;20;1282-20
CO2;1282;CT-CO2-0;02938df5-6afb-d44e-582d-0b5eea40f8eb;51:88:0A:9E;0;AVIÁRIO MEIO;789,00;10/11/2025;04:06:12;20;1282-20
CO2;1282;CT-CO2-0;02938df5-6afb-d44e-582d-0b5eea40f8eb;51:88:0A:9E;0;AVIÁRIO MEIO;804,00;10/11/2025;04:11:45;20;1282-20
CO2;1282;CT-CO2-0;02938df5-6afb-d44e-582d-0b5eea40f8eb;51:88:0A:9E;0;AVIÁRIO MEIO;802,00;10/11/2025;04:16:47;20;1282-20
CO2;1282;CT-CO2-0;02938df5-6afb-d44e-582d-0b5eea40f8eb;51:88:0A:9E;0;AVIÁRIO MEIO;798,00;10/11/2025;04:22:22;20;1282-20
CO2;1282;CT-CO2-0;02938df5-6afb-d44e-582d-0b5eea40f8eb;51:88:0A:9E;0;AVIÁRIO MEIO;803,00;10/11/2025;04:27:54;20;1282-20
CO2;1282;CT-CO2-0;02938df5-6afb-d44e-582d-0b5eea40f8eb;51:88:0A:9E;0;AVIÁRIO MEIO;808,00;10/11/2025;04:32:58;20;1282-20
CO2;1282;CT-CO2-0;02938df5-6afb-d44e-582d-0b5eea40f8eb;51:88:0A:9E;0;AVIÁRIO MEIO;807,00;10/11/2025;04:38:30;20;1282-20
CO2;1282;CT-CO2-0;02938df5-6afb-d44e-582d-0b5eea40f8eb;51:88:0A:9E;0;AVIÁRIO MEIO;801,00;10/11/2025;04:43:33;20;1282-20
CO2;1282;CT-CO2-0;02938df5-6afb-d44e-582d-0b5eea40f8eb;51:88:0A:9E;0;AVIÁRIO MEIO;781,00;10/11/2025;04:49:06;20;1282-20
CO2;1282;CT-CO2-0;02938df5-6afb-d44e-582d-0b5eea40f8eb;51:88:0A:9E;0;AVIÁRIO MEIO;779,00;10/11/2025;04:54:38;20;1282-20
CO2;1282;CT-CO2-0;02938df5-6afb-d44e-582d-0b5eea40f8eb;51:88:0A:9E;0;AVIÁRIO MEIO;777,00;10/11/2025;04:59:40;20;1282-20
CO2;1282;CT-CO2-0;02938df5-6afb-d44e-582d-0b5eea40f8eb;51:88:0A:9E;0;AVIÁRIO MEIO;777,00;10/11/2025;05:05:44;20;1282-20
CO2;1282;CT-CO2-0;02938df5-6afb-d44e-582d-0b5eea40f8eb;51:88:0A:9E;0;AVIÁRIO MEIO;813,00;10/11/2025;05:10:47;20;1282-20
CO2;1282;CT-CO2-0;02938df5-6afb-d44e-582d-0b5eea40f8eb;51:88:0A:9E;0;AVIÁRIO MEIO;772,00;10/11/2025;05:15:49;20;1282-20
CO2;1282;CT-CO2-0;02938df5-6afb-d44e-582d-0b5eea40f8eb;51:88:0A:9E;0;AVIÁRIO MEIO;800,00;10/11/2025;05:21:21;20;1282-20
CO2;1282;CT-CO2-0;02938df5-6afb-d44e-582d-0b5eea40f8eb;51:88:0A:9E;0;AVIÁRIO MEIO;807,00;10/11/2025;05:26:53;20;1282-20
CO2;1282;CT-CO2-0;02938df5-6afb-d44e-582d-0b5eea40f8eb;51:88:0A:9E;0;AVIÁRIO MEIO;851,00;10/11/2025;05:32:25;20;1282-20
CO2;1282;CT-CO2-0;02938df5-6afb-d44e-582d-0b5eea40f8eb;51:88:0A:9E;0;AVIÁRIO MEIO;787,00;10/11/2025;05:37:29;20;1282-20
CO2;1282;CT-CO2-0;02938df5-6afb-d44e-582d-0b5eea40f8eb;51:88:0A:9E;0;AVIÁRIO MEIO;817,00;10/11/2025;05:43:01;20;1282-20
CO2;1282;CT-CO2-0;02938df5-6afb-d44e-582d-0b5eea40f8eb;51:88:0A:9E;0;AVIÁRIO MEIO;813,00;10/11/2025;05:48:03;20;1282-20
CO2;1282;CT-CO2-0;02938df5-6afb-d44e-582d-0b5eea40f8eb;51:88:0A:9E;0;AVIÁRIO MEIO;815,00;10/11/2025;05:53:35;20;1282-20
CO2;1282;CT-CO2-0;02938df5-6afb-d44e-582d-0b5eea40f8eb;51:88:0A:9E;0;AVIÁRIO MEIO;818,00;10/11/2025;05:59:07;20;1282-20
CO2;1282;CT-CO2-0;02938df5-6afb-d44e-582d-0b5eea40f8eb;51:88:0A:9E;0;AVIÁRIO MEIO;811,00;10/11/2025;06:04:39;20;1282-20
CO2;1282;CT-CO2-0;02938df5-6afb-d44e-582d-0b5eea40f8eb;51:88:0A:9E;0;AVIÁRIO MEIO;813,00;10/11/2025;06:09:43;20;1282-20
CO2;1282;CT-CO2-0;02938df5-6afb-d44e-582d-0b5eea40f8eb;51:88:0A:9E;0;AVIÁRIO MEIO;808,00;10/11/2025;06:20:18;20;1282-20
CO2;1282;CT-CO2-0;02938df5-6afb-d44e-582d-0b5eea40f8eb;51:88:0A:9E;0;AVIÁRIO MEIO;812,00;10/11/2025;06:25:52;20;1282-20
CO2;1282;CT-CO2-0;02938df5-6afb-d44e-582d-0b5eea40f8eb;51:88:0A:9E;0;AVIÁRIO MEIO;809,00;10/11/2025;06:31:24;20;1282-20
CO2;1282;CT-CO2-0;02938df5-6afb-d44e-582d-0b5eea40f8eb;51:88:0A:9E;0;AVIÁRIO MEIO;800,00;10/11/2025;06:36:56;20;1282-20
CO2;1282;CT-CO2-0;02938df5-6afb-d44e-582d-0b5eea40f8eb;51:88:0A:9E;0;AVIÁRIO MEIO;819,00;10/11/2025;06:41:58;20;1282-20
CO2;1282;CT-CO2-0;02938df5-6afb-d44e-582d-0b5eea40f8eb;51:88:0A:9E;0;AVIÁRIO MEIO;805,00;10/11/2025;06:47:30;20;1282-20
CO2;1282;CT-CO2-0;02938df5-6afb-d44e-582d-0b5eea40f8eb;51:88:0A:9E;0;AVIÁRIO MEIO;815,00;10/11/2025;06:53:02;20;1282-20
CO2;1282;CT-CO2-0;02938df5-6afb-d44e-582d-0b5eea40f8eb;51:88:0A:9E;0;AVIÁRIO MEIO;814,00;10/11/2025;06:58:04;20;1282-20
CO2;1282;CT-CO2-0;02938df5-6afb-d44e-582d-0b5eea40f8eb;51:88:0A:9E;0;AVIÁRIO MEIO;797,00;10/11/2025;07:03:37;20;1282-20
CO2;1282;CT-CO2-0;02938df5-6afb-d44e-582d-0b5eea40f8eb;51:88:0A:9E;0;AVIÁRIO MEIO;824,00;10/11/2025;07:09:09;20;1282-20
CO2;1282;CT-CO2-0;02938df5-6afb-d44e-582d-0b5eea40f8eb;51:88:0A:9E;0;AVIÁRIO MEIO;813,00;10/11/2025;07:14:10;20;1282-20
CO2;1282;CT-CO2-0;02938df5-6afb-d44e-582d-0b5eea40f8eb;51:88:0A:9E;0;AVIÁRIO MEIO;789,00;10/11/2025;07:19:42;20;1282-20
CO2;1282;CT-CO2-0;02938df5-6afb-d44e-582d-0b5eea40f8eb;51:88:0A:9E;0;AVIÁRIO MEIO;804,00;10/11/2025;07:30:19;20;1282-20
CO2;1282;CT-CO2-0;02938df5-6afb-d44e-582d-0b5eea40f8eb;51:88:0A:9E;0;AVIÁRIO MEIO;806,00;10/11/2025;07:35:51;20;1282-20
CO2;1282;CT-CO2-0;02938df5-6afb-d44e-582d-0b5eea40f8eb;51:88:0A:9E;0;AVIÁRIO MEIO;801,00;10/11/2025;07:41:23;20;1282-20
CO2;1282;CT-CO2-0;02938df5-6afb-d44e-582d-0b5eea40f8eb;51:88:0A:9E;0;AVIÁRIO MEIO;803,00;10/11/2025;07:46:24;20;1282-20
CO2;1282;CT-CO2-0;02938df5-6afb-d44e-582d-0b5eea40f8eb;51:88:0A:9E;0;AVIÁRIO MEIO;810,00;10/11/2025;07:51:56;20;1282-20
CO2;1282;CT-CO2-0;02938df5-6afb-d44e-582d-0b5eea40f8eb;51:88:0A:9E;0;AVIÁRIO MEIO;800,00;10/11/2025;07:57:29;20;1282-20
CO2;1282;CT-CO2-0;02938df5-6afb-d44e-582d-0b5eea40f8eb;51:88:0A:9E;0;AVIÁRIO MEIO;804,00;10/11/2025;08:02:31;20;1282-20
CO2;1282;CT-CO2-0;02938df5-6afb-d44e-582d-0b5eea40f8eb;51:88:0A:9E;0;AVIÁRIO MEIO;781,00;10/11/2025;08:08:03;20;1282-20
CO2;1282;CT-CO2-0;02938df5-6afb-d44e-582d-0b5eea40f8eb;51:88:0A:9E;0;AVIÁRIO MEIO;872,00;10/11/2025;08:13:35;20;1282-20
CO2;1282;CT-CO2-0;02938df5-6afb-d44e-582d-0b5eea40f8eb;51:88:0A:9E;0;AVIÁRIO MEIO;789,00;10/11/2025;08:18:37;20;1282-20
CO2;1282;CT-CO2-0;02938df5-6afb-d44e-582d-0b5eea40f8eb;51:88:0A:9E;0;AVIÁRIO MEIO;773,00;10/11/2025;08:24:09;20;1282-20
CO2;1282;CT-CO2-0;02938df5-6afb-d44e-582d-0b5eea40f8eb;51:88:0A:9E;0;AVIÁRIO MEIO;770,00;10/11/2025;08:29:41;20;1282-20
CO2;1282;CT-CO2-0;02938df5-6afb-d44e-582d-0b5eea40f8eb;51:88:0A:9E;0;AVIÁRIO MEIO;782,00;10/11/2025;08:35:15;20;1282-20
CO2;1282;CT-CO2-0;02938df5-6afb-d44e-582d-0b5eea40f8eb;51:88:0A:9E;0;AVIÁRIO MEIO;760,00;10/11/2025;08:40:17;20;1282-20
CO2;1282;CT-CO2-0;02938df5-6afb-d44e-582d-0b5eea40f8eb;51:88:0A:9E;0;AVIÁRIO MEIO;783,00;10/11/2025;08:45:49;20;1282-20
CO2;1282;CT-CO2-0;02938df5-6afb-d44e-582d-0b5eea40f8eb;51:88:0A:9E;0;AVIÁRIO MEIO;763,00;10/11/2025;08:50:51;20;1282-20
CO2;1282;CT-CO2-0;02938df5-6afb-d44e-582d-0b5eea40f8eb;51:88:0A:9E;0;AVIÁRIO MEIO;766,00;10/11/2025;08:56:23;20;1282-20
CO2;1282;CT-CO2-0;02938df5-6afb-d44e-582d-0b5eea40f8eb;51:88:0A:9E;0;AVIÁRIO MEIO;771,00;10/11/2025;09:01:55;20;1282-20
CO2;1282;CT-CO2-0;02938df5-6afb-d44e-582d-0b5eea40f8eb;51:88:0A:9E;0;AVIÁRIO MEIO;768,00;10/11/2025;09:06:57;20;1282-20
CO2;1282;CT-CO2-0;02938df5-6afb-d44e-582d-0b5eea40f8eb;51:88:0A:9E;0;AVIÁRIO MEIO;779,00;10/11/2025;09:12:29;20;1282-20
CO2;1282;CT-CO2-0;02938df5-6afb-d44e-582d-0b5eea40f8eb;51:88:0A:9E;0;AVIÁRIO MEIO;780,00;10/11/2025;09:18:01;20;1282-20
CO2;1282;CT-CO2-0;02938df5-6afb-d44e-582d-0b5eea40f8eb;51:88:0A:9E;0;AVIÁRIO MEIO;786,00;10/11/2025;09:23:33;20;1282-20
CO2;1282;CT-CO2-0;02938df5-6afb-d44e-582d-0b5eea40f8eb;51:88:0A:9E;0;AVIÁRIO MEIO;789,00;10/11/2025;09:28:35;20;1282-20
CO2;1282;CT-CO2-0;02938df5-6afb-d44e-582d-0b5eea40f8eb;51:88:0A:9E;0;AVIÁRIO MEIO;772,00;10/11/2025;09:34:07;20;1282-20
CO2;1282;CT-CO2-0;02938df5-6afb-d44e-582d-0b5eea40f8eb;51:88:0A:9E;0;AVIÁRIO MEIO;782,00;10/11/2025;09:39:39;20;1282-20
CO2;1282;CT-CO2-0;02938df5-6afb-d44e-582d-0b5eea40f8eb;51:88:0A:9E;0;AVIÁRIO MEIO;831,00;10/11/2025;09:45:13;20;1282-20
CO2;1282;CT-CO2-0;02938df5-6afb-d44e-582d-0b5eea40f8eb;51:88:0A:9E;0;AVIÁRIO MEIO;789,00;10/11/2025;09:50:15;20;1282-20
CO2;1282;CT-CO2-0;02938df5-6afb-d44e-582d-0b5eea40f8eb;51:88:0A:9E;0;AVIÁRIO MEIO;871,00;10/11/2025;09:55:47;20;1282-20
CO2;1282;CT-CO2-0;02938df5-6afb-d44e-582d-0b5eea40f8eb;51:88:0A:9E;0;AVIÁRIO MEIO;776,00;10/11/2025;10:00:48;20;1282-20
CO2;1282;CT-CO2-0;02938df5-6afb-d44e-582d-0b5eea40f8eb;51:88:0A:9E;0;AVIÁRIO MEIO;771,00;10/11/2025;10:06:21;20;1282-20
CO2;1282;CT-CO2-0;02938df5-6afb-d44e-582d-0b5eea40f8eb;51:88:0A:9E;0;AVIÁRIO MEIO;779,00;10/11/2025;10:11:53;20;1282-20
CO2;1282;CT-CO2-0;02938df5-6afb-d44e-582d-0b5eea40f8eb;51:88:0A:9E;0;AVIÁRIO MEIO;786,00;10/11/2025;10:16:55;20;1282-20
CO2;1282;CT-CO2-0;02938df5-6afb-d44e-582d-0b5eea40f8eb;51:88:0A:9E;0;AVIÁRIO MEIO;794,00;10/11/2025;10:22:27;20;1282-20
CO2;1282;CT-CO2-0;02938df5-6afb-d44e-582d-0b5eea40f8eb;51:88:0A:9E;0;AVIÁRIO MEIO;775,00;10/11/2025;10:27:59;20;1282-20
CO2;1282;CT-CO2-0;02938df5-6afb-d44e-582d-0b5eea40f8eb;51:88:0A:9E;0;AVIÁRIO MEIO;783,00;10/11/2025;10:33:01;20;1282-20
CO2;1282;CT-CO2-0;02938df5-6afb-d44e-582d-0b5eea40f8eb;51:88:0A:9E;0;AVIÁRIO MEIO;798,00;10/11/2025;10:38:33;20;1282-20
CO2;1282;CT-CO2-0;02938df5-6afb-d44e-582d-0b5eea40f8eb;51:88:0A:9E;0;AVIÁRIO MEIO;729,00;10/11/2025;10:44:05;20;1282-20
CO2;1282;CT-CO2-0;02938df5-6afb-d44e-582d-0b5eea40f8eb;51:88:0A:9E;0;AVIÁRIO MEIO;718,00;10/11/2025;10:49:07;20;1282-20
CO2;1282;CT-CO2-0;02938df5-6afb-d44e-582d-0b5eea40f8eb;51:88:0A:9E;0;AVIÁRIO MEIO;715,00;10/11/2025;10:55:11;20;1282-20
CO2;1282;CT-CO2-0;02938df5-6afb-d44e-582d-0b5eea40f8eb;51:88:0A:9E;0;AVIÁRIO MEIO;693,00;10/11/2025;11:00:13;20;1282-20
CO2;1282;CT-CO2-0;02938df5-6afb-d44e-582d-0b5eea40f8eb;51:88:0A:9E;0;AVIÁRIO MEIO;752,00;10/11/2025;11:05:16;20;1282-20
CO2;1282;CT-CO2-0;02938df5-6afb-d44e-582d-0b5eea40f8eb;51:88:0A:9E;0;AVIÁRIO MEIO;690,00;10/11/2025;11:16:22;20;1282-20
CO2;1282;CT-CO2-0;02938df5-6afb-d44e-582d-0b5eea40f8eb;51:88:0A:9E;0;AVIÁRIO MEIO;700,00;10/11/2025;11:21:24;20;1282-20
CO2;1282;CT-CO2-0;02938df5-6afb-d44e-582d-0b5eea40f8eb;51:88:0A:9E;0;AVIÁRIO MEIO;707,00;10/11/2025;11:26:57;20;1282-20
CO2;1282;CT-CO2-0;02938df5-6afb-d44e-582d-0b5eea40f8eb;51:88:0A:9E;0;AVIÁRIO MEIO;714,00;10/11/2025;11:32:31;20;1282-20
CO2;1282;CT-CO2-0;02938df5-6afb-d44e-582d-0b5eea40f8eb;51:88:0A:9E;0;AVIÁRIO MEIO;715,00;10/11/2025;11:43:05;20;1282-20
CO2;1282;CT-CO2-0;02938df5-6afb-d44e-582d-0b5eea40f8eb;51:88:0A:9E;0;AVIÁRIO MEIO;725,00;10/11/2025;11:48:37;20;1282-20
CO2;1282;CT-CO2-0;02938df5-6afb-d44e-582d-0b5eea40f8eb;51:88:0A:9E;0;AVIÁRIO MEIO;723,00;10/11/2025;11:59:13;20;1282-20
CO2;1282;CT-CO2-0;02938df5-6afb-d44e-582d-0b5eea40f8eb;51:88:0A:9E;0;AVIÁRIO MEIO;715,00;10/11/2025;12:05:18;20;1282-20
CO2;1282;CT-CO2-0;02938df5-6afb-d44e-582d-0b5eea40f8eb;51:88:0A:9E;0;AVIÁRIO MEIO;722,00;10/11/2025;12:09:52;20;1282-20
CO2;1282;CT-CO2-0;02938df5-6afb-d44e-582d-0b5eea40f8eb;51:88:0A:9E;0;AVIÁRIO MEIO;717,00;10/11/2025;12:15:25;20;1282-20
CO2;1282;CT-CO2-0;02938df5-6afb-d44e-582d-0b5eea40f8eb;51:88:0A:9E;0;AVIÁRIO MEIO;722,00;10/11/2025;12:20:57;20;1282-20
CO2;1282;CT-CO2-0;02938df5-6afb-d44e-582d-0b5eea40f8eb;51:88:0A:9E;0;AVIÁRIO MEIO;717,00;10/11/2025;12:26:00;20;1282-20
CO2;1282;CT-CO2-0;02938df5-6afb-d44e-582d-0b5eea40f8eb;51:88:0A:9E;0;AVIÁRIO MEIO;730,00;10/11/2025;12:31:33;20;1282-20
CO2;1282;CT-CO2-0;02938df5-6afb-d44e-582d-0b5eea40f8eb;51:88:0A:9E;0;AVIÁRIO MEIO;719,00;10/11/2025;12:37:04;20;1282-20
CO2;1282;CT-CO2-0;02938df5-6afb-d44e-582d-0b5eea40f8eb;51:88:0A:9E;0;AVIÁRIO MEIO;718,00;10/11/2025;12:42:07;20;1282-20
CO2;1282;CT-CO2-0;02938df5-6afb-d44e-582d-0b5eea40f8eb;51:88:0A:9E;0;AVIÁRIO MEIO;749,00;10/11/2025;12:47:39;20;1282-20
CO2;1282;CT-CO2-0;02938df5-6afb-d44e-582d-0b5eea40f8eb;51:88:0A:9E;0;AVIÁRIO MEIO;757,00;10/11/2025;12:58:14;20;1282-20
CO2;1282;CT-CO2-0;02938df5-6afb-d44e-582d-0b5eea40f8eb;51:88:0A:9E;0;AVIÁRIO MEIO;673,00;10/11/2025;13:09:19;20;1282-20
CO2;1282;CT-CO2-0;02938df5-6afb-d44e-582d-0b5eea40f8eb;51:88:0A:9E;0;AVIÁRIO MEIO;700,00;10/11/2025;13:14:53;20;1282-20
CO2;1282;CT-CO2-0;02938df5-6afb-d44e-582d-0b5eea40f8eb;51:88:0A:9E;0;AVIÁRIO MEIO;690,00;10/11/2025;13:19:55;20;1282-20
CO2;1282;CT-CO2-0;02938df5-6afb-d44e-582d-0b5eea40f8eb;51:88:0A:9E;0;AVIÁRIO MEIO;713,00;10/11/2025;13:25:27;20;1282-20
CO2;1282;CT-CO2-0;02938df5-6afb-d44e-582d-0b5eea40f8eb;51:88:0A:9E;0;AVIÁRIO MEIO;701,00;10/11/2025;13:30:30;20;1282-20
CO2;1282;CT-CO2-0;02938df5-6afb-d44e-582d-0b5eea40f8eb;51:88:0A:9E;0;AVIÁRIO MEIO;689,00;10/11/2025;13:36:02;20;1282-20
CO2;1282;CT-CO2-0;02938df5-6afb-d44e-582d-0b5eea40f8eb;51:88:0A:9E;0;AVIÁRIO MEIO;697,00;10/11/2025;13:41:35;20;1282-20
CO2;1282;CT-CO2-0;02938df5-6afb-d44e-582d-0b5eea40f8eb;51:88:0A:9E;0;AVIÁRIO MEIO;789,00;10/11/2025;13:46:38;20;1282-20
CO2;1282;CT-CO2-0;02938df5-6afb-d44e-582d-0b5eea40f8eb;51:88:0A:9E;0;AVIÁRIO MEIO;683,00;10/11/2025;13:57:17;20;1282-20
CO2;1282;CT-CO2-0;02938df5-6afb-d44e-582d-0b5eea40f8eb;51:88:0A:9E;0;AVIÁRIO MEIO;669,00;10/11/2025;14:02:49;20;1282-20
CO2;1282;CT-CO2-0;02938df5-6afb-d44e-582d-0b5eea40f8eb;51:88:0A:9E;0;AVIÁRIO MEIO;653,00;10/11/2025;14:08:22;20;1282-20
CO2;1282;CT-CO2-0;02938df5-6afb-d44e-582d-0b5eea40f8eb;51:88:0A:9E;0;AVIÁRIO MEIO;658,00;10/11/2025;14:13:25;20;1282-20
CO2;1282;CT-CO2-0;02938df5-6afb-d44e-582d-0b5eea40f8eb;51:88:0A:9E;0;AVIÁRIO MEIO;646,00;10/11/2025;14:18:57;20;1282-20
CO2;1282;CT-CO2-0;02938df5-6afb-d44e-582d-0b5eea40f8eb;51:88:0A:9E;0;AVIÁRIO MEIO;652,00;10/11/2025;14:25:02;20;1282-20
CO2;1282;CT-CO2-0;02938df5-6afb-d44e-582d-0b5eea40f8eb;51:88:0A:9E;0;AVIÁRIO MEIO;663,00;10/11/2025;14:29:35;20;1282-20
CO2;1282;CT-CO2-0;02938df5-6afb-d44e-582d-0b5eea40f8eb;51:88:0A:9E;0;AVIÁRIO MEIO;668,00;10/11/2025;14:35:08;20;1282-20
CO2;1282;CT-CO2-0;02938df5-6afb-d44e-582d-0b5eea40f8eb;51:88:0A:9E;0;AVIÁRIO MEIO;673,00;10/11/2025;14:40:39;20;1282-20
CO2;1282;CT-CO2-0;02938df5-6afb-d44e-582d-0b5eea40f8eb;51:88:0A:9E;0;AVIÁRIO MEIO;657,00;10/11/2025;14:45:41;20;1282-20
CO2;1282;CT-CO2-0;02938df5-6afb-d44e-582d-0b5eea40f8eb;51:88:0A:9E;0;AVIÁRIO MEIO;644,00;10/11/2025;14:56:46;20;1282-20
CO2;1282;CT-CO2-0;02938df5-6afb-d44e-582d-0b5eea40f8eb;51:88:0A:9E;0;AVIÁRIO MEIO;631,00;10/11/2025;15:01:49;20;1282-20
CO2;1282;CT-CO2-0;02938df5-6afb-d44e-582d-0b5eea40f8eb;51:88:0A:9E;0;AVIÁRIO MEIO;636,00;10/11/2025;15:07:22;20;1282-20
CO2;1282;CT-CO2-0;02938df5-6afb-d44e-582d-0b5eea40f8eb;51:88:0A:9E;0;AVIÁRIO MEIO;614,00;10/11/2025;15:12:54;20;1282-20
CO2;1282;CT-CO2-0;02938df5-6afb-d44e-582d-0b5eea40f8eb;51:88:0A:9E;0;AVIÁRIO MEIO;583,00;10/11/2025;15:17:55;20;1282-20
CO2;1282;CT-CO2-0;02938df5-6afb-d44e-582d-0b5eea40f8eb;51:88:0A:9E;0;AVIÁRIO MEIO;599,00;10/11/2025;15:23:29;20;1282-20
CO2;1282;CT-CO2-0;02938df5-6afb-d44e-582d-0b5eea40f8eb;51:88:0A:9E;0;AVIÁRIO MEIO;593,00;10/11/2025;15:29:01;20;1282-20
CO2;1282;CT-CO2-0;02938df5-6afb-d44e-582d-0b5eea40f8eb;51:88:0A:9E;0;AVIÁRIO MEIO;629,00;10/11/2025;15:34:34;20;1282-20
CO2;1282;CT-CO2-0;02938df5-6afb-d44e-582d-0b5eea40f8eb;51:88:0A:9E;0;AVIÁRIO MEIO;592,00;10/11/2025;15:39:36;20;1282-20
CO2;1282;CT-CO2-0;02938df5-6afb-d44e-582d-0b5eea40f8eb;51:88:0A:9E;0;AVIÁRIO MEIO;569,00;10/11/2025;15:45:08;20;1282-20
CO2;1282;CT-CO2-0;02938df5-6afb-d44e-582d-0b5eea40f8eb;51:88:0A:9E;0;AVIÁRIO MEIO;574,00;10/11/2025;15:55:43;20;1282-20
CO2;1282;CT-CO2-0;02938df5-6afb-d44e-582d-0b5eea40f8eb;51:88:0A:9E;0;AVIÁRIO MEIO;588,00;10/11/2025;16:01:15;20;1282-20
CO2;1282;CT-CO2-0;02938df5-6afb-d44e-582d-0b5eea40f8eb;51:88:0A:9E;0;AVIÁRIO MEIO;594,00;10/11/2025;16:06:17;20;1282-20
CO2;1282;CT-CO2-0;02938df5-6afb-d44e-582d-0b5eea40f8eb;51:88:0A:9E;0;AVIÁRIO MEIO;598,00;10/11/2025;16:11:49;20;1282-20
CO2;1282;CT-CO2-0;02938df5-6afb-d44e-582d-0b5eea40f8eb;51:88:0A:9E;0;AVIÁRIO MEIO;605,00;10/11/2025;16:17:22;20;1282-20
CO2;1282;CT-CO2-0;02938df5-6afb-d44e-582d-0b5eea40f8eb;51:88:0A:9E;0;AVIÁRIO MEIO;617,00;10/11/2025;16:22:24;20;1282-20
CO2;1282;CT-CO2-0;02938df5-6afb-d44e-582d-0b5eea40f8eb;51:88:0A:9E;0;AVIÁRIO MEIO;601,00;10/11/2025;16:27:56;20;1282-20
CO2;1282;CT-CO2-0;02938df5-6afb-d44e-582d-0b5eea40f8eb;51:88:0A:9E;0;AVIÁRIO MEIO;591,00;10/11/2025;16:33:28;20;1282-20
CO2;1282;CT-CO2-0;02938df5-6afb-d44e-582d-0b5eea40f8eb;51:88:0A:9E;0;AVIÁRIO MEIO;588,00;10/11/2025;16:38:30;20;1282-20
CO2;1282;CT-CO2-0;02938df5-6afb-d44e-582d-0b5eea40f8eb;51:88:0A:9E;0;AVIÁRIO MEIO;596,00;10/11/2025;16:44:34;20;1282-20
CO2;1282;CT-CO2-0;02938df5-6afb-d44e-582d-0b5eea40f8eb;51:88:0A:9E;0;AVIÁRIO MEIO;590,00;10/11/2025;16:54:38;20;1282-20
CO2;1282;CT-CO2-0;02938df5-6afb-d44e-582d-0b5eea40f8eb;51:88:0A:9E;0;AVIÁRIO MEIO;584,00;10/11/2025;17:00:10;20;1282-20
CO2;1282;CT-CO2-0;02938df5-6afb-d44e-582d-0b5eea40f8eb;51:88:0A:9E;0;AVIÁRIO MEIO;603,00;10/11/2025;17:05:43;20;1282-20
CO2;1282;CT-CO2-0;02938df5-6afb-d44e-582d-0b5eea40f8eb;51:88:0A:9E;0;AVIÁRIO MEIO;603,00;10/11/2025;17:10:45;20;1282-20
CO2;1282;CT-CO2-0;02938df5-6afb-d44e-582d-0b5eea40f8eb;51:88:0A:9E;0;AVIÁRIO MEIO;641,00;10/11/2025;17:16:18;20;1282-20
CO2;1282;CT-CO2-0;02938df5-6afb-d44e-582d-0b5eea40f8eb;51:88:0A:9E;0;AVIÁRIO MEIO;686,00;10/11/2025;17:21:50;20;1282-20
CO2;1282;CT-CO2-0;02938df5-6afb-d44e-582d-0b5eea40f8eb;51:88:0A:9E;0;AVIÁRIO MEIO;638,00;10/11/2025;17:26:52;20;1282-20
CO2;1282;CT-CO2-0;02938df5-6afb-d44e-582d-0b5eea40f8eb;51:88:0A:9E;0;AVIÁRIO MEIO;597,00;10/11/2025;17:32:29;20;1282-20
CO2;1282;CT-CO2-0;02938df5-6afb-d44e-582d-0b5eea40f8eb;51:88:0A:9E;0;AVIÁRIO MEIO;614,00;10/11/2025;17:38:01;20;1282-20
CO2;1282;CT-CO2-0;02938df5-6afb-d44e-582d-0b5eea40f8eb;51:88:0A:9E;0;AVIÁRIO MEIO;603,00;10/11/2025;17:43:03;20;1282-20
CO2;1282;CT-CO2-0;02938df5-6afb-d44e-582d-0b5eea40f8eb;51:88:0A:9E;0;AVIÁRIO MEIO;591,00;10/11/2025;17:48:35;20;1282-20
CO2;1282;CT-CO2-0;02938df5-6afb-d44e-582d-0b5eea40f8eb;51:88:0A:9E;0;AVIÁRIO MEIO;592,00;10/11/2025;17:54:39;20;1282-20
CO2;1282;CT-CO2-0;02938df5-6afb-d44e-582d-0b5eea40f8eb;51:88:0A:9E;0;AVIÁRIO MEIO;604,00;10/11/2025;17:59:11;20;1282-20
CO2;1282;CT-CO2-0;02938df5-6afb-d44e-582d-0b5eea40f8eb;51:88:0A:9E;0;AVIÁRIO MEIO;596,00;10/11/2025;18:04:43;20;1282-20
CO2;1282;CT-CO2-0;02938df5-6afb-d44e-582d-0b5eea40f8eb;51:88:0A:9E;0;AVIÁRIO MEIO;635,00;10/11/2025;18:10:16;20;1282-20
CO2;1282;CT-CO2-0;02938df5-6afb-d44e-582d-0b5eea40f8eb;51:88:0A:9E;0;AVIÁRIO MEIO;600,00;10/11/2025;18:15:19;20;1282-20
CO2;1282;CT-CO2-0;02938df5-6afb-d44e-582d-0b5eea40f8eb;51:88:0A:9E;0;AVIÁRIO MEIO;605,00;10/11/2025;18:20:52;20;1282-20
CO2;1282;CT-CO2-0;02938df5-6afb-d44e-582d-0b5eea40f8eb;51:88:0A:9E;0;AVIÁRIO MEIO;620,00;10/11/2025;18:25:54;20;1282-20
CO2;1282;CT-CO2-0;02938df5-6afb-d44e-582d-0b5eea40f8eb;51:88:0A:9E;0;AVIÁRIO MEIO;609,00;10/11/2025;18:31:26;20;1282-20
CO2;1282;CT-CO2-0;02938df5-6afb-d44e-582d-0b5eea40f8eb;51:88:0A:9E;0;AVIÁRIO MEIO;617,00;10/11/2025;18:36:58;20;1282-20
CO2;1282;CT-CO2-0;02938df5-6afb-d44e-582d-0b5eea40f8eb;51:88:0A:9E;0;AVIÁRIO MEIO;622,00;10/11/2025;18:42:30;20;1282-20
CO2;1282;CT-CO2-0;02938df5-6afb-d44e-582d-0b5eea40f8eb;51:88:0A:9E;0;AVIÁRIO MEIO;597,00;10/11/2025;18:47:32;20;1282-20
CO2;1282;CT-CO2-0;02938df5-6afb-d44e-582d-0b5eea40f8eb;51:88:0A:9E;0;AVIÁRIO MEIO;616,00;10/11/2025;18:58:41;20;1282-20
CO2;1282;CT-CO2-0;02938df5-6afb-d44e-582d-0b5eea40f8eb;51:88:0A:9E;0;AVIÁRIO MEIO;631,00;10/11/2025;19:04:14;20;1282-20
CO2;1282;CT-CO2-0;02938df5-6afb-d44e-582d-0b5eea40f8eb;51:88:0A:9E;0;AVIÁRIO MEIO;687,00;10/11/2025;19:09:17;20;1282-20
CO2;1282;CT-CO2-0;02938df5-6afb-d44e-582d-0b5eea40f8eb;51:88:0A:9E;0;AVIÁRIO MEIO;664,00;10/11/2025;19:14:19;20;1282-20
CO2;1282;CT-CO2-0;02938df5-6afb-d44e-582d-0b5eea40f8eb;51:88:0A:9E;0;AVIÁRIO MEIO;670,00;10/11/2025;19:19:51;20;1282-20
CO2;1282;CT-CO2-0;02938df5-6afb-d44e-582d-0b5eea40f8eb;51:88:0A:9E;0;AVIÁRIO MEIO;657,00;10/11/2025;19:25:23;20;1282-20
CO2;1282;CT-CO2-0;02938df5-6afb-d44e-582d-0b5eea40f8eb;51:88:0A:9E;0;AVIÁRIO MEIO;654,00;10/11/2025;19:30:25;20;1282-20
CO2;1282;CT-CO2-0;02938df5-6afb-d44e-582d-0b5eea40f8eb;51:88:0A:9E;0;AVIÁRIO MEIO;718,00;10/11/2025;19:35:58;20;1282-20
CO2;1282;CT-CO2-0;02938df5-6afb-d44e-582d-0b5eea40f8eb;51:88:0A:9E;0;AVIÁRIO MEIO;737,00;10/11/2025;19:41:30;20;1282-20
CO2;1282;CT-CO2-0;02938df5-6afb-d44e-582d-0b5eea40f8eb;51:88:0A:9E;0;AVIÁRIO MEIO;761,00;10/11/2025;19:47:02;20;1282-20
CO2;1282;CT-CO2-0;02938df5-6afb-d44e-582d-0b5eea40f8eb;51:88:0A:9E;0;AVIÁRIO MEIO;722,00;10/11/2025;19:57:35;20;1282-20
CO2;1282;CT-CO2-0;02938df5-6afb-d44e-582d-0b5eea40f8eb;51:88:0A:9E;0;AVIÁRIO MEIO;715,00;10/11/2025;20:03:07;20;1282-20
CO2;1282;CT-CO2-0;02938df5-6afb-d44e-582d-0b5eea40f8eb;51:88:0A:9E;0;AVIÁRIO MEIO;735,00;10/11/2025;20:08:10;20;1282-20
CO2;1282;CT-CO2-0;02938df5-6afb-d44e-582d-0b5eea40f8eb;51:88:0A:9E;0;AVIÁRIO MEIO;707,00;10/11/2025;20:19:15;20;1282-20
CO2;1282;CT-CO2-0;02938df5-6afb-d44e-582d-0b5eea40f8eb;51:88:0A:9E;0;AVIÁRIO MEIO;726,00;10/11/2025;20:24:17;20;1282-20
CO2;1282;CT-CO2-0;02938df5-6afb-d44e-582d-0b5eea40f8eb;51:88:0A:9E;0;AVIÁRIO MEIO;730,00;10/11/2025;20:29:49;20;1282-20
CO2;1282;CT-CO2-0;02938df5-6afb-d44e-582d-0b5eea40f8eb;51:88:0A:9E;0;AVIÁRIO MEIO;709,00;10/11/2025;20:35:24;20;1282-20
CO2;1282;CT-CO2-0;02938df5-6afb-d44e-582d-0b5eea40f8eb;51:88:0A:9E;0;AVIÁRIO MEIO;704,00;10/11/2025;20:46:00;20;1282-20
CO2;1282;CT-CO2-0;02938df5-6afb-d44e-582d-0b5eea40f8eb;51:88:0A:9E;0;AVIÁRIO MEIO;680,00;10/11/2025;20:56:36;20;1282-20
CO2;1282;CT-CO2-0;02938df5-6afb-d44e-582d-0b5eea40f8eb;51:88:0A:9E;0;AVIÁRIO MEIO;680,00;10/11/2025;21:06:39;20;1282-20
CO2;1282;CT-CO2-0;02938df5-6afb-d44e-582d-0b5eea40f8eb;51:88:0A:9E;0;AVIÁRIO MEIO;674,00;10/11/2025;21:11:40;20;1282-20
CO2;1282;CT-CO2-0;02938df5-6afb-d44e-582d-0b5eea40f8eb;51:88:0A:9E;0;AVIÁRIO MEIO;694,00;10/11/2025;21:17:14;20;1282-20
CO2;1282;CT-CO2-0;02938df5-6afb-d44e-582d-0b5eea40f8eb;51:88:0A:9E;0;AVIÁRIO MEIO;708,00;10/11/2025;21:23:17;20;1282-20
CO2;1282;CT-CO2-0;02938df5-6afb-d44e-582d-0b5eea40f8eb;51:88:0A:9E;0;AVIÁRIO MEIO;773,00;10/11/2025;21:27:48;20;1282-20
CO2;1282;CT-CO2-0;02938df5-6afb-d44e-582d-0b5eea40f8eb;51:88:0A:9E;0;AVIÁRIO MEIO;848,00;10/11/2025;21:33:20;20;1282-20
CO2;1282;CT-CO2-0;02938df5-6afb-d44e-582d-0b5eea40f8eb;51:88:0A:9E;0;AVIÁRIO MEIO;836,00;10/11/2025;21:38:53;20;1282-20
CO2;1282;CT-CO2-0;02938df5-6afb-d44e-582d-0b5eea40f8eb;51:88:0A:9E;0;AVIÁRIO MEIO;847,00;10/11/2025;21:43:54;20;1282-20
CO2;1282;CT-CO2-0;02938df5-6afb-d44e-582d-0b5eea40f8eb;51:88:0A:9E;0;AVIÁRIO MEIO;842,00;10/11/2025;21:54:59;20;1282-20
CO2;1282;CT-CO2-0;02938df5-6afb-d44e-582d-0b5eea40f8eb;51:88:0A:9E;0;AVIÁRIO MEIO;868,00;10/11/2025;22:00:01;20;1282-20
CO2;1282;CT-CO2-0;02938df5-6afb-d44e-582d-0b5eea40f8eb;51:88:0A:9E;0;AVIÁRIO MEIO;855,00;10/11/2025;22:05:32;20;1282-20
CO2;1282;CT-CO2-0;02938df5-6afb-d44e-582d-0b5eea40f8eb;51:88:0A:9E;0;AVIÁRIO MEIO;848,00;10/11/2025;22:11:04;20;1282-20
CO2;1282;CT-CO2-0;02938df5-6afb-d44e-582d-0b5eea40f8eb;51:88:0A:9E;0;AVIÁRIO MEIO;866,00;10/11/2025;22:16:37;20;1282-20
CO2;1282;CT-CO2-0;02938df5-6afb-d44e-582d-0b5eea40f8eb;51:88:0A:9E;0;AVIÁRIO MEIO;856,00;10/11/2025;22:21:38;20;1282-20
CO2;1282;CT-CO2-0;02938df5-6afb-d44e-582d-0b5eea40f8eb;51:88:0A:9E;0;AVIÁRIO MEIO;837,00;10/11/2025;22:27:10;20;1282-20
CO2;1282;CT-CO2-0;02938df5-6afb-d44e-582d-0b5eea40f8eb;51:88:0A:9E;0;AVIÁRIO MEIO;825,00;10/11/2025;22:33:14;20;1282-20
CO2;1282;CT-CO2-0;02938df5-6afb-d44e-582d-0b5eea40f8eb;51:88:0A:9E;0;AVIÁRIO MEIO;829,00;10/11/2025;22:37:46;20;1282-20
CO2;1282;CT-CO2-0;02938df5-6afb-d44e-582d-0b5eea40f8eb;51:88:0A:9E;0;AVIÁRIO MEIO;833,00;10/11/2025;22:43:18;20;1282-20
CO2;1282;CT-CO2-0;02938df5-6afb-d44e-582d-0b5eea40f8eb;51:88:0A:9E;0;AVIÁRIO MEIO;815,00;10/11/2025;22:53:52;20;1282-20
CO2;1282;CT-CO2-0;02938df5-6afb-d44e-582d-0b5eea40f8eb;51:88:0A:9E;0;AVIÁRIO MEIO;828,00;10/11/2025;22:59:24;20;1282-20
CO2;1282;CT-CO2-0;02938df5-6afb-d44e-582d-0b5eea40f8eb;51:88:0A:9E;0;AVIÁRIO MEIO;825,00;10/11/2025;23:04:57;20;1282-20
CO2;1282;CT-CO2-0;02938df5-6afb-d44e-582d-0b5eea40f8eb;51:88:0A:9E;0;AVIÁRIO MEIO;822,00;10/11/2025;23:09:58;20;1282-20
CO2;1282;CT-CO2-0;02938df5-6afb-d44e-582d-0b5eea40f8eb;51:88:0A:9E;0;AVIÁRIO MEIO;816,00;10/11/2025;23:21:02;20;1282-20
CO2;1282;CT-CO2-0;02938df5-6afb-d44e-582d-0b5eea40f8eb;51:88:0A:9E;0;AVIÁRIO MEIO;836,00;10/11/2025;23:26:04;20;1282-20
CO2;1282;CT-CO2-0;02938df5-6afb-d44e-582d-0b5eea40f8eb;51:88:0A:9E;0;AVIÁRIO MEIO;829,00;10/11/2025;23:31:35;20;1282-20
CO2;1282;CT-CO2-0;02938df5-6afb-d44e-582d-0b5eea40f8eb;51:88:0A:9E;0;AVIÁRIO MEIO;834,00;10/11/2025;23:37:08;20;1282-20
CO2;1282;CT-CO2-0;02938df5-6afb-d44e-582d-0b5eea40f8eb;51:88:0A:9E;0;AVIÁRIO MEIO;847,00;10/11/2025;23:42:41;20;1282-20
CO2;1282;CT-CO2-0;02938df5-6afb-d44e-582d-0b5eea40f8eb;51:88:0A:9E;0;AVIÁRIO MEIO;829,00;10/11/2025;23:47:44;20;1282-20
CO2;1282;CT-CO2-0;02938df5-6afb-d44e-582d-0b5eea40f8eb;51:88:0A:9E;0;AVIÁRIO MEIO;834,00;10/11/2025;23:58:17;20;1282-20
CO2;1282;CT-CO2-0;02938df5-6afb-d44e-582d-0b5eea40f8eb;51:88:0A:9E;0;AVIÁRIO MEIO;830,00;11/11/2025;00:03:50;20;1282-20
CO2;1282;CT-CO2-0;02938df5-6afb-d44e-582d-0b5eea40f8eb;51:88:0A:9E;0;AVIÁRIO MEIO;829,00;11/11/2025;00:09:23;20;1282-20
CO2;1282;CT-CO2-0;02938df5-6afb-d44e-582d-0b5eea40f8eb;51:88:0A:9E;0;AVIÁRIO MEIO;821,00;11/11/2025;00:14:25;20;1282-20
CO2;1282;CT-CO2-0;02938df5-6afb-d44e-582d-0b5eea40f8eb;51:88:0A:9E;0;AVIÁRIO MEIO;813,00;11/11/2025;00:19:56;20;1282-20
CO2;1282;CT-CO2-0;02938df5-6afb-d44e-582d-0b5eea40f8eb;51:88:0A:9E;0;AVIÁRIO MEIO;818,00;11/11/2025;00:25:28;20;1282-20
CO2;1282;CT-CO2-0;02938df5-6afb-d44e-582d-0b5eea40f8eb;51:88:0A:9E;0;AVIÁRIO MEIO;831,00;11/11/2025;00:30:29;20;1282-20
CO2;1282;CT-CO2-0;02938df5-6afb-d44e-582d-0b5eea40f8eb;51:88:0A:9E;0;AVIÁRIO MEIO;822,00;11/11/2025;00:36:04;20;1282-20
CO2;1282;CT-CO2-0;02938df5-6afb-d44e-582d-0b5eea40f8eb;51:88:0A:9E;0;AVIÁRIO MEIO;827,00;11/11/2025;00:41:36;20;1282-20
CO2;1282;CT-CO2-0;02938df5-6afb-d44e-582d-0b5eea40f8eb;51:88:0A:9E;0;AVIÁRIO MEIO;813,00;11/11/2025;00:46:38;20;1282-20
CO2;1282;CT-CO2-0;02938df5-6afb-d44e-582d-0b5eea40f8eb;51:88:0A:9E;0;AVIÁRIO MEIO;833,00;11/11/2025;00:57:44;20;1282-20
CO2;1282;CT-CO2-0;02938df5-6afb-d44e-582d-0b5eea40f8eb;51:88:0A:9E;0;AVIÁRIO MEIO;838,00;11/11/2025;01:02:46;20;1282-20
CO2;1282;CT-CO2-0;02938df5-6afb-d44e-582d-0b5eea40f8eb;51:88:0A:9E;0;AVIÁRIO MEIO;830,00;11/11/2025;01:08:18;20;1282-20
CO2;1282;CT-CO2-0;02938df5-6afb-d44e-582d-0b5eea40f8eb;51:88:0A:9E;0;AVIÁRIO MEIO;842,00;11/11/2025;01:13:50;20;1282-20
CO2;1282;CT-CO2-0;02938df5-6afb-d44e-582d-0b5eea40f8eb;51:88:0A:9E;0;AVIÁRIO MEIO;829,00;11/11/2025;01:18:52;20;1282-20
CO2;1282;CT-CO2-0;02938df5-6afb-d44e-582d-0b5eea40f8eb;51:88:0A:9E;0;AVIÁRIO MEIO;879,00;11/11/2025;01:24:24;20;1282-20
CO2;1282;CT-CO2-0;02938df5-6afb-d44e-582d-0b5eea40f8eb;51:88:0A:9E;0;AVIÁRIO MEIO;828,00;11/11/2025;01:29:58;20;1282-20
CO2;1282;CT-CO2-0;02938df5-6afb-d44e-582d-0b5eea40f8eb;51:88:0A:9E;0;AVIÁRIO MEIO;821,00;11/11/2025;01:35:00;20;1282-20
CO2;1282;CT-CO2-0;02938df5-6afb-d44e-582d-0b5eea40f8eb;51:88:0A:9E;0;AVIÁRIO MEIO;825,00;11/11/2025;01:40:31;20;1282-20
CO2;1282;CT-CO2-0;02938df5-6afb-d44e-582d-0b5eea40f8eb;51:88:0A:9E;0;AVIÁRIO MEIO;830,00;11/11/2025;01:46:04;20;1282-20
CO2;1282;CT-CO2-0;02938df5-6afb-d44e-582d-0b5eea40f8eb;51:88:0A:9E;0;AVIÁRIO MEIO;838,00;11/11/2025;01:56:38;20;1282-20
CO2;1282;CT-CO2-0;02938df5-6afb-d44e-582d-0b5eea40f8eb;51:88:0A:9E;0;AVIÁRIO MEIO;834,00;11/11/2025;02:02:42;20;1282-20
CO2;1282;CT-CO2-0;02938df5-6afb-d44e-582d-0b5eea40f8eb;51:88:0A:9E;0;AVIÁRIO MEIO;806,00;11/11/2025;02:07:15;20;1282-20
CO2;1282;CT-CO2-0;02938df5-6afb-d44e-582d-0b5eea40f8eb;51:88:0A:9E;0;AVIÁRIO MEIO;812,00;11/11/2025;02:12:47;20;1282-20
CO2;1282;CT-CO2-0;02938df5-6afb-d44e-582d-0b5eea40f8eb;51:88:0A:9E;0;AVIÁRIO MEIO;806,00;11/11/2025;02:18:19;20;1282-20
CO2;1282;CT-CO2-0;02938df5-6afb-d44e-582d-0b5eea40f8eb;51:88:0A:9E;0;AVIÁRIO MEIO;819,00;11/11/2025;02:23:21;20;1282-20
CO2;1282;CT-CO2-0;02938df5-6afb-d44e-582d-0b5eea40f8eb;51:88:0A:9E;0;AVIÁRIO MEIO;831,00;11/11/2025;02:28:53;20;1282-20
CO2;1282;CT-CO2-0;02938df5-6afb-d44e-582d-0b5eea40f8eb;51:88:0A:9E;0;AVIÁRIO MEIO;818,00;11/11/2025;02:34:25;20;1282-20
CO2;1282;CT-CO2-0;02938df5-6afb-d44e-582d-0b5eea40f8eb;51:88:0A:9E;0;AVIÁRIO MEIO;835,00;11/11/2025;02:39:57;20;1282-20
CO2;1282;CT-CO2-0;02938df5-6afb-d44e-582d-0b5eea40f8eb;51:88:0A:9E;0;AVIÁRIO MEIO;829,00;11/11/2025;02:45:00;20;1282-20
CO2;1282;CT-CO2-0;02938df5-6afb-d44e-582d-0b5eea40f8eb;51:88:0A:9E;0;AVIÁRIO MEIO;839,00;11/11/2025;02:56:03;20;1282-20
CO2;1282;CT-CO2-0;02938df5-6afb-d44e-582d-0b5eea40f8eb;51:88:0A:9E;0;AVIÁRIO MEIO;818,00;11/11/2025;03:01:05;20;1282-20
CO2;1282;CT-CO2-0;02938df5-6afb-d44e-582d-0b5eea40f8eb;51:88:0A:9E;0;AVIÁRIO MEIO;825,00;11/11/2025;03:06:37;20;1282-20
CO2;1282;CT-CO2-0;02938df5-6afb-d44e-582d-0b5eea40f8eb;51:88:0A:9E;0;AVIÁRIO MEIO;831,00;11/11/2025;03:12:41;20;1282-20
CO2;1282;CT-CO2-0;02938df5-6afb-d44e-582d-0b5eea40f8eb;51:88:0A:9E;0;AVIÁRIO MEIO;811,00;11/11/2025;03:17:13;20;1282-20
CO2;1282;CT-CO2-0;02938df5-6afb-d44e-582d-0b5eea40f8eb;51:88:0A:9E;0;AVIÁRIO MEIO;808,00;11/11/2025;03:22:46;20;1282-20
CO2;1282;CT-CO2-0;02938df5-6afb-d44e-582d-0b5eea40f8eb;51:88:0A:9E;0;AVIÁRIO MEIO;813,00;11/11/2025;03:28:18;20;1282-20
CO2;1282;CT-CO2-0;02938df5-6afb-d44e-582d-0b5eea40f8eb;51:88:0A:9E;0;AVIÁRIO MEIO;799,00;11/11/2025;03:33:20;20;1282-20
CO2;1282;CT-CO2-0;02938df5-6afb-d44e-582d-0b5eea40f8eb;51:88:0A:9E;0;AVIÁRIO MEIO;807,00;11/11/2025;03:44:25;20;1282-20
CO2;1282;CT-CO2-0;02938df5-6afb-d44e-582d-0b5eea40f8eb;51:88:0A:9E;0;AVIÁRIO MEIO;798,00;11/11/2025;03:49:27;20;1282-20
CO2;1282;CT-CO2-0;02938df5-6afb-d44e-582d-0b5eea40f8eb;51:88:0A:9E;0;AVIÁRIO MEIO;783,00;11/11/2025;03:55:00;20;1282-20
CO2;1282;CT-CO2-0;02938df5-6afb-d44e-582d-0b5eea40f8eb;51:88:0A:9E;0;AVIÁRIO MEIO;788,00;11/11/2025;04:00:32;20;1282-20
CO2;1282;CT-CO2-0;02938df5-6afb-d44e-582d-0b5eea40f8eb;51:88:0A:9E;0;AVIÁRIO MEIO;800,00;11/11/2025;04:05:35;20;1282-20
CO2;1282;CT-CO2-0;02938df5-6afb-d44e-582d-0b5eea40f8eb;51:88:0A:9E;0;AVIÁRIO MEIO;790,00;11/11/2025;04:11:07;20;1282-20
CO2;1282;CT-CO2-0;02938df5-6afb-d44e-582d-0b5eea40f8eb;51:88:0A:9E;0;AVIÁRIO MEIO;788,00;11/11/2025;04:16:40;20;1282-20
CO2;1282;CT-CO2-0;02938df5-6afb-d44e-582d-0b5eea40f8eb;51:88:0A:9E;0;AVIÁRIO MEIO;761,00;11/11/2025;04:22:13;20;1282-20
CO2;1282;CT-CO2-0;02938df5-6afb-d44e-582d-0b5eea40f8eb;51:88:0A:9E;0;AVIÁRIO MEIO;758,00;11/11/2025;04:27:15;20;1282-20
CO2;1282;CT-CO2-0;02938df5-6afb-d44e-582d-0b5eea40f8eb;51:88:0A:9E;0;AVIÁRIO MEIO;769,00;11/11/2025;04:32:47;20;1282-20
CO2;1282;CT-CO2-0;02938df5-6afb-d44e-582d-0b5eea40f8eb;51:88:0A:9E;0;AVIÁRIO MEIO;755,00;11/11/2025;04:37:49;20;1282-20
CO2;1282;CT-CO2-0;02938df5-6afb-d44e-582d-0b5eea40f8eb;51:88:0A:9E;0;AVIÁRIO MEIO;762,00;11/11/2025;04:43:21;20;1282-20
CO2;1282;CT-CO2-0;02938df5-6afb-d44e-582d-0b5eea40f8eb;51:88:0A:9E;0;AVIÁRIO MEIO;745,00;11/11/2025;04:48:54;20;1282-20
CO2;1282;CT-CO2-0;02938df5-6afb-d44e-582d-0b5eea40f8eb;51:88:0A:9E;0;AVIÁRIO MEIO;772,00;11/11/2025;04:53:57;20;1282-20
CO2;1282;CT-CO2-0;02938df5-6afb-d44e-582d-0b5eea40f8eb;51:88:0A:9E;0;AVIÁRIO MEIO;758,00;11/11/2025;04:59:29;20;1282-20
CO2;1282;CT-CO2-0;02938df5-6afb-d44e-582d-0b5eea40f8eb;51:88:0A:9E;0;AVIÁRIO MEIO;767,00;11/11/2025;05:05:03;20;1282-20
CO2;1282;CT-CO2-0;02938df5-6afb-d44e-582d-0b5eea40f8eb;51:88:0A:9E;0;AVIÁRIO MEIO;736,00;11/11/2025;05:10:05;20;1282-20
CO2;1282;CT-CO2-0;02938df5-6afb-d44e-582d-0b5eea40f8eb;51:88:0A:9E;0;AVIÁRIO MEIO;754,00;11/11/2025;05:15:37;20;1282-20
CO2;1282;CT-CO2-0;02938df5-6afb-d44e-582d-0b5eea40f8eb;51:88:0A:9E;0;AVIÁRIO MEIO;757,00;11/11/2025;05:21:09;20;1282-20
CO2;1282;CT-CO2-0;02938df5-6afb-d44e-582d-0b5eea40f8eb;51:88:0A:9E;0;AVIÁRIO MEIO;737,00;11/11/2025;05:26:11;20;1282-20
CO2;1282;CT-CO2-0;02938df5-6afb-d44e-582d-0b5eea40f8eb;51:88:0A:9E;0;AVIÁRIO MEIO;752,00;11/11/2025;05:32:14;20;1282-20
CO2;1282;CT-CO2-0;02938df5-6afb-d44e-582d-0b5eea40f8eb;51:88:0A:9E;0;AVIÁRIO MEIO;759,00;11/11/2025;05:37:17;20;1282-20
CO2;1282;CT-CO2-0;02938df5-6afb-d44e-582d-0b5eea40f8eb;51:88:0A:9E;0;AVIÁRIO MEIO;769,00;11/11/2025;05:42:19;20;1282-20
CO2;1282;CT-CO2-0;02938df5-6afb-d44e-582d-0b5eea40f8eb;51:88:0A:9E;0;AVIÁRIO MEIO;775,00;11/11/2025;05:47:51;20;1282-20
CO2;1282;CT-CO2-0;02938df5-6afb-d44e-582d-0b5eea40f8eb;51:88:0A:9E;0;AVIÁRIO MEIO;761,00;11/11/2025;05:53:23;20;1282-20
CO2;1282;CT-CO2-0;02938df5-6afb-d44e-582d-0b5eea40f8eb;51:88:0A:9E;0;AVIÁRIO MEIO;777,00;11/11/2025;05:58:27;20;1282-20
CO2;1282;CT-CO2-0;02938df5-6afb-d44e-582d-0b5eea40f8eb;51:88:0A:9E;0;AVIÁRIO MEIO;774,00;11/11/2025;06:03:58;20;1282-20
CO2;1282;CT-CO2-0;02938df5-6afb-d44e-582d-0b5eea40f8eb;51:88:0A:9E;0;AVIÁRIO MEIO;779,00;11/11/2025;06:09:30;20;1282-20
CO2;1282;CT-CO2-0;02938df5-6afb-d44e-582d-0b5eea40f8eb;51:88:0A:9E;0;AVIÁRIO MEIO;780,00;11/11/2025;06:14:33;20;1282-20
CO2;1282;CT-CO2-0;02938df5-6afb-d44e-582d-0b5eea40f8eb;51:88:0A:9E;0;AVIÁRIO MEIO;800,00;11/11/2025;06:20:05;20;1282-20
CO2;1282;CT-CO2-0;02938df5-6afb-d44e-582d-0b5eea40f8eb;51:88:0A:9E;0;AVIÁRIO MEIO;790,00;11/11/2025;06:30:39;20;1282-20
CO2;1282;CT-CO2-0;02938df5-6afb-d44e-582d-0b5eea40f8eb;51:88:0A:9E;0;AVIÁRIO MEIO;827,00;11/11/2025;06:36:11;20;1282-20
CO2;1282;CT-CO2-0;02938df5-6afb-d44e-582d-0b5eea40f8eb;51:88:0A:9E;0;AVIÁRIO MEIO;785,00;11/11/2025;06:42:15;20;1282-20
CO2;1282;CT-CO2-0;02938df5-6afb-d44e-582d-0b5eea40f8eb;51:88:0A:9E;0;AVIÁRIO MEIO;891,00;11/11/2025;06:46:46;20;1282-20
CO2;1282;CT-CO2-0;02938df5-6afb-d44e-582d-0b5eea40f8eb;51:88:0A:9E;0;AVIÁRIO MEIO;802,00;11/11/2025;06:57:52;20;1282-20
CO2;1282;CT-CO2-0;02938df5-6afb-d44e-582d-0b5eea40f8eb;51:88:0A:9E;0;AVIÁRIO MEIO;800,00;11/11/2025;07:02:54;20;1282-20
CO2;1282;CT-CO2-0;02938df5-6afb-d44e-582d-0b5eea40f8eb;51:88:0A:9E;0;AVIÁRIO MEIO;812,00;11/11/2025;07:08:26;20;1282-20
CO2;1282;CT-CO2-0;02938df5-6afb-d44e-582d-0b5eea40f8eb;51:88:0A:9E;0;AVIÁRIO MEIO;829,00;11/11/2025;07:13:58;20;1282-20
CO2;1282;CT-CO2-0;02938df5-6afb-d44e-582d-0b5eea40f8eb;51:88:0A:9E;0;AVIÁRIO MEIO;801,00;11/11/2025;07:19:00;20;1282-20
CO2;1282;CT-CO2-0;02938df5-6afb-d44e-582d-0b5eea40f8eb;51:88:0A:9E;0;AVIÁRIO MEIO;786,00;11/11/2025;07:24:33;20;1282-20
CO2;1282;CT-CO2-0;02938df5-6afb-d44e-582d-0b5eea40f8eb;51:88:0A:9E;0;AVIÁRIO MEIO;784,00;11/11/2025;07:30:05;20;1282-20
CO2;1282;CT-CO2-0;02938df5-6afb-d44e-582d-0b5eea40f8eb;51:88:0A:9E;0;AVIÁRIO MEIO;787,00;11/11/2025;07:35:08;20;1282-20
CO2;1282;CT-CO2-0;02938df5-6afb-d44e-582d-0b5eea40f8eb;51:88:0A:9E;0;AVIÁRIO MEIO;824,00;11/11/2025;07:40:39;20;1282-20
CO2;1282;CT-CO2-0;02938df5-6afb-d44e-582d-0b5eea40f8eb;51:88:0A:9E;0;AVIÁRIO MEIO;778,00;11/11/2025;07:46:11;20;1282-20
CO2;1282;CT-CO2-0;02938df5-6afb-d44e-582d-0b5eea40f8eb;51:88:0A:9E;0;AVIÁRIO MEIO;705,00;11/11/2025;07:56:48;20;1282-20
CO2;1282;CT-CO2-0;02938df5-6afb-d44e-582d-0b5eea40f8eb;51:88:0A:9E;0;AVIÁRIO MEIO;706,00;11/11/2025;08:02:19;20;1282-20
CO2;1282;CT-CO2-0;02938df5-6afb-d44e-582d-0b5eea40f8eb;51:88:0A:9E;0;AVIÁRIO MEIO;692,00;11/11/2025;08:07:51;20;1282-20
CO2;1282;CT-CO2-0;02938df5-6afb-d44e-582d-0b5eea40f8eb;51:88:0A:9E;0;AVIÁRIO MEIO;679,00;11/11/2025;08:12:53;20;1282-20
CO2;1282;CT-CO2-0;02938df5-6afb-d44e-582d-0b5eea40f8eb;51:88:0A:9E;0;AVIÁRIO MEIO;628,00;11/11/2025;08:18:25;20;1282-20
CO2;1282;CT-CO2-0;02938df5-6afb-d44e-582d-0b5eea40f8eb;51:88:0A:9E;0;AVIÁRIO MEIO;656,00;11/11/2025;08:23:58;20;1282-20
CO2;1282;CT-CO2-0;02938df5-6afb-d44e-582d-0b5eea40f8eb;51:88:0A:9E;0;AVIÁRIO MEIO;663,00;11/11/2025;08:29:00;20;1282-20
CO2;1282;CT-CO2-0;02938df5-6afb-d44e-582d-0b5eea40f8eb;51:88:0A:9E;0;AVIÁRIO MEIO;652,00;11/11/2025;08:34:32;20;1282-20
CO2;1282;CT-CO2-0;02938df5-6afb-d44e-582d-0b5eea40f8eb;51:88:0A:9E;0;AVIÁRIO MEIO;711,00;11/11/2025;08:40:04;20;1282-20
CO2;1282;CT-CO2-0;02938df5-6afb-d44e-582d-0b5eea40f8eb;51:88:0A:9E;0;AVIÁRIO MEIO;721,00;11/11/2025;08:45:06;20;1282-20
CO2;1282;CT-CO2-0;02938df5-6afb-d44e-582d-0b5eea40f8eb;51:88:0A:9E;0;AVIÁRIO MEIO;914,00;11/11/2025;08:56:10;20;1282-20
CO2;1282;CT-CO2-0;02938df5-6afb-d44e-582d-0b5eea40f8eb;51:88:0A:9E;0;AVIÁRIO MEIO;937,00;11/11/2025;09:01:44;20;1282-20
CO2;1282;CT-CO2-0;02938df5-6afb-d44e-582d-0b5eea40f8eb;51:88:0A:9E;0;AVIÁRIO MEIO;947,00;11/11/2025;09:06:45;20;1282-20
CO2;1282;CT-CO2-0;02938df5-6afb-d44e-582d-0b5eea40f8eb;51:88:0A:9E;0;AVIÁRIO MEIO;943,00;11/11/2025;09:12:17;20;1282-20
CO2;1282;CT-CO2-0;02938df5-6afb-d44e-582d-0b5eea40f8eb;51:88:0A:9E;0;AVIÁRIO MEIO;939,00;11/11/2025;09:17:19;20;1282-20
CO2;1282;CT-CO2-0;02938df5-6afb-d44e-582d-0b5eea40f8eb;51:88:0A:9E;0;AVIÁRIO MEIO;924,00;11/11/2025;09:22:51;20;1282-20
CO2;1282;CT-CO2-0;02938df5-6afb-d44e-582d-0b5eea40f8eb;51:88:0A:9E;0;AVIÁRIO MEIO;920,00;11/11/2025;09:28:23;20;1282-20
CO2;1282;CT-CO2-0;02938df5-6afb-d44e-582d-0b5eea40f8eb;51:88:0A:9E;0;AVIÁRIO MEIO;838,00;11/11/2025;09:33:25;20;1282-20
CO2;1282;CT-CO2-0;02938df5-6afb-d44e-582d-0b5eea40f8eb;51:88:0A:9E;0;AVIÁRIO MEIO;841,00;11/11/2025;09:38:57;20;1282-20
CO2;1282;CT-CO2-0;02938df5-6afb-d44e-582d-0b5eea40f8eb;51:88:0A:9E;0;AVIÁRIO MEIO;849,00;11/11/2025;09:44:29;20;1282-20
CO2;1282;CT-CO2-0;02938df5-6afb-d44e-582d-0b5eea40f8eb;51:88:0A:9E;0;AVIÁRIO MEIO;828,00;11/11/2025;09:55:04;20;1282-20
CO2;1282;CT-CO2-0;02938df5-6afb-d44e-582d-0b5eea40f8eb;51:88:0A:9E;0;AVIÁRIO MEIO;824,00;11/11/2025;10:00:37;20;1282-20
CO2;1282;CT-CO2-0;02938df5-6afb-d44e-582d-0b5eea40f8eb;51:88:0A:9E;0;AVIÁRIO MEIO;817,00;11/11/2025;10:05:39;20;1282-20
CO2;1282;CT-CO2-0;02938df5-6afb-d44e-582d-0b5eea40f8eb;51:88:0A:9E;0;AVIÁRIO MEIO;812,00;11/11/2025;10:11:43;20;1282-20
CO2;1282;CT-CO2-0;02938df5-6afb-d44e-582d-0b5eea40f8eb;51:88:0A:9E;0;AVIÁRIO MEIO;824,00;11/11/2025;10:16:45;20;1282-20
CO2;1282;CT-CO2-0;02938df5-6afb-d44e-582d-0b5eea40f8eb;51:88:0A:9E;0;AVIÁRIO MEIO;832,00;11/11/2025;10:21:47;20;1282-20
CO2;1282;CT-CO2-0;02938df5-6afb-d44e-582d-0b5eea40f8eb;51:88:0A:9E;0;AVIÁRIO MEIO;829,00;11/11/2025;10:27:19;20;1282-20
CO2;1282;CT-CO2-0;02938df5-6afb-d44e-582d-0b5eea40f8eb;51:88:0A:9E;0;AVIÁRIO MEIO;840,00;11/11/2025;10:32:52;20;1282-20
CO2;1282;CT-CO2-0;02938df5-6afb-d44e-582d-0b5eea40f8eb;51:88:0A:9E;0;AVIÁRIO MEIO;830,00;11/11/2025;10:37:55;20;1282-20
CO2;1282;CT-CO2-0;02938df5-6afb-d44e-582d-0b5eea40f8eb;51:88:0A:9E;0;AVIÁRIO MEIO;770,00;11/11/2025;10:43:29;20;1282-20
CO2;1282;CT-CO2-0;02938df5-6afb-d44e-582d-0b5eea40f8eb;51:88:0A:9E;0;AVIÁRIO MEIO;752,00;11/11/2025;10:54:02;20;1282-20
CO2;1282;CT-CO2-0;02938df5-6afb-d44e-582d-0b5eea40f8eb;51:88:0A:9E;0;AVIÁRIO MEIO;739,00;11/11/2025;11:05:07;20;1282-20
CO2;1282;CT-CO2-0;02938df5-6afb-d44e-582d-0b5eea40f8eb;51:88:0A:9E;0;AVIÁRIO MEIO;722,00;11/11/2025;11:10:09;20;1282-20
CO2;1282;CT-CO2-0;02938df5-6afb-d44e-582d-0b5eea40f8eb;51:88:0A:9E;0;AVIÁRIO MEIO;716,00;11/11/2025;11:15:41;20;1282-20
CO2;1282;CT-CO2-0;02938df5-6afb-d44e-582d-0b5eea40f8eb;51:88:0A:9E;0;AVIÁRIO MEIO;728,00;11/11/2025;11:21:45;20;1282-20
CO2;1282;CT-CO2-0;02938df5-6afb-d44e-582d-0b5eea40f8eb;51:88:0A:9E;0;AVIÁRIO MEIO;670,00;11/11/2025;11:26:17;20;1282-20
CO2;1282;CT-CO2-0;02938df5-6afb-d44e-582d-0b5eea40f8eb;51:88:0A:9E;0;AVIÁRIO MEIO;667,00;11/11/2025;11:31:49;20;1282-20
CO2;1282;CT-CO2-0;02938df5-6afb-d44e-582d-0b5eea40f8eb;51:88:0A:9E;0;AVIÁRIO MEIO;665,00;11/11/2025;11:37:21;20;1282-20
CO2;1282;CT-CO2-0;02938df5-6afb-d44e-582d-0b5eea40f8eb;51:88:0A:9E;0;AVIÁRIO MEIO;669,00;11/11/2025;11:42:23;20;1282-20
CO2;1282;CT-CO2-0;02938df5-6afb-d44e-582d-0b5eea40f8eb;51:88:0A:9E;0;AVIÁRIO MEIO;683,00;11/11/2025;11:47:55;20;1282-20
CO2;1282;CT-CO2-0;02938df5-6afb-d44e-582d-0b5eea40f8eb;51:88:0A:9E;0;AVIÁRIO MEIO;694,00;11/11/2025;11:53:27;20;1282-20
CO2;1282;CT-CO2-0;02938df5-6afb-d44e-582d-0b5eea40f8eb;51:88:0A:9E;0;AVIÁRIO MEIO;676,00;11/11/2025;11:58:59;20;1282-20
CO2;1282;CT-CO2-0;02938df5-6afb-d44e-582d-0b5eea40f8eb;51:88:0A:9E;0;AVIÁRIO MEIO;666,00;11/11/2025;12:04:00;20;1282-20
CO2;1282;CT-CO2-0;02938df5-6afb-d44e-582d-0b5eea40f8eb;51:88:0A:9E;0;AVIÁRIO MEIO;665,00;11/11/2025;12:09:32;20;1282-20
CO2;1282;CT-CO2-0;02938df5-6afb-d44e-582d-0b5eea40f8eb;51:88:0A:9E;0;AVIÁRIO MEIO;664,00;11/11/2025;12:15:09;20;1282-20
CO2;1282;CT-CO2-0;02938df5-6afb-d44e-582d-0b5eea40f8eb;51:88:0A:9E;0;AVIÁRIO MEIO;630,00;11/11/2025;12:20:12;20;1282-20
CO2;1282;CT-CO2-0;02938df5-6afb-d44e-582d-0b5eea40f8eb;51:88:0A:9E;0;AVIÁRIO MEIO;642,00;11/11/2025;12:25:43;20;1282-20
CO2;1282;CT-CO2-0;02938df5-6afb-d44e-582d-0b5eea40f8eb;51:88:0A:9E;0;AVIÁRIO MEIO;634,00;11/11/2025;12:31:16;20;1282-20
CO2;1282;CT-CO2-0;02938df5-6afb-d44e-582d-0b5eea40f8eb;51:88:0A:9E;0;AVIÁRIO MEIO;626,00;11/11/2025;12:36:18;20;1282-20
CO2;1282;CT-CO2-0;02938df5-6afb-d44e-582d-0b5eea40f8eb;51:88:0A:9E;0;AVIÁRIO MEIO;621,00;11/11/2025;12:41:51;20;1282-20
CO2;1282;CT-CO2-0;02938df5-6afb-d44e-582d-0b5eea40f8eb;51:88:0A:9E;0;AVIÁRIO MEIO;602,00;11/11/2025;12:46:53;20;1282-20
CO2;1282;CT-CO2-0;02938df5-6afb-d44e-582d-0b5eea40f8eb;51:88:0A:9E;0;AVIÁRIO MEIO;627,00;11/11/2025;12:52:25;20;1282-20
CO2;1282;CT-CO2-0;02938df5-6afb-d44e-582d-0b5eea40f8eb;51:88:0A:9E;0;AVIÁRIO MEIO;630,00;11/11/2025;12:57:58;20;1282-20
CO2;1282;CT-CO2-0;02938df5-6afb-d44e-582d-0b5eea40f8eb;51:88:0A:9E;0;AVIÁRIO MEIO;720,00;11/11/2025;13:03:29;20;1282-20
CO2;1282;CT-CO2-0;02938df5-6afb-d44e-582d-0b5eea40f8eb;51:88:0A:9E;0;AVIÁRIO MEIO;607,00;11/11/2025;13:08:31;20;1282-20
CO2;1282;CT-CO2-0;02938df5-6afb-d44e-582d-0b5eea40f8eb;51:88:0A:9E;0;AVIÁRIO MEIO;647,00;11/11/2025;13:14:11;20;1282-20
CO2;1282;CT-CO2-0;02938df5-6afb-d44e-582d-0b5eea40f8eb;51:88:0A:9E;0;AVIÁRIO MEIO;583,00;11/11/2025;13:19:13;20;1282-20
CO2;1282;CT-CO2-0;02938df5-6afb-d44e-582d-0b5eea40f8eb;51:88:0A:9E;0;AVIÁRIO MEIO;596,00;11/11/2025;13:24:45;20;1282-20
CO2;1282;CT-CO2-0;02938df5-6afb-d44e-582d-0b5eea40f8eb;51:88:0A:9E;0;AVIÁRIO MEIO;587,00;11/11/2025;13:30:18;20;1282-20
CO2;1282;CT-CO2-0;02938df5-6afb-d44e-582d-0b5eea40f8eb;51:88:0A:9E;0;AVIÁRIO MEIO;592,00;11/11/2025;13:35:20;20;1282-20
CO2;1282;CT-CO2-0;02938df5-6afb-d44e-582d-0b5eea40f8eb;51:88:0A:9E;0;AVIÁRIO MEIO;607,00;11/11/2025;13:41:23;20;1282-20
CO2;1282;CT-CO2-0;02938df5-6afb-d44e-582d-0b5eea40f8eb;51:88:0A:9E;0;AVIÁRIO MEIO;601,00;11/11/2025;13:46:26;20;1282-20
CO2;1282;CT-CO2-0;02938df5-6afb-d44e-582d-0b5eea40f8eb;51:88:0A:9E;0;AVIÁRIO MEIO;589,00;11/11/2025;13:51:27;20;1282-20
CO2;1282;CT-CO2-0;02938df5-6afb-d44e-582d-0b5eea40f8eb;51:88:0A:9E;0;AVIÁRIO MEIO;593,00;11/11/2025;13:57:01;20;1282-20
CO2;1282;CT-CO2-0;02938df5-6afb-d44e-582d-0b5eea40f8eb;51:88:0A:9E;0;AVIÁRIO MEIO;608,00;11/11/2025;14:02:33;20;1282-20
CO2;1282;CT-CO2-0;02938df5-6afb-d44e-582d-0b5eea40f8eb;51:88:0A:9E;0;AVIÁRIO MEIO;594,00;11/11/2025;14:07:35;20;1282-20
CO2;1282;CT-CO2-0;02938df5-6afb-d44e-582d-0b5eea40f8eb;51:88:0A:9E;0;AVIÁRIO MEIO;594,00;11/11/2025;14:13:08;20;1282-20
CO2;1282;CT-CO2-0;02938df5-6afb-d44e-582d-0b5eea40f8eb;51:88:0A:9E;0;AVIÁRIO MEIO;596,00;11/11/2025;14:18:40;20;1282-20
CO2;1282;CT-CO2-0;02938df5-6afb-d44e-582d-0b5eea40f8eb;51:88:0A:9E;0;AVIÁRIO MEIO;575,00;11/11/2025;14:23:42;20;1282-20
CO2;1282;CT-CO2-0;02938df5-6afb-d44e-582d-0b5eea40f8eb;51:88:0A:9E;0;AVIÁRIO MEIO;571,00;11/11/2025;14:29:15;20;1282-20
CO2;1282;CT-CO2-0;02938df5-6afb-d44e-582d-0b5eea40f8eb;51:88:0A:9E;0;AVIÁRIO MEIO;578,00;11/11/2025;14:34:47;20;1282-20
CO2;1282;CT-CO2-0;02938df5-6afb-d44e-582d-0b5eea40f8eb;51:88:0A:9E;0;AVIÁRIO MEIO;594,00;11/11/2025;14:39:48;20;1282-20
CO2;1282;CT-CO2-0;02938df5-6afb-d44e-582d-0b5eea40f8eb;51:88:0A:9E;0;AVIÁRIO MEIO;585,00;11/11/2025;14:45:20;20;1282-20
CO2;1282;CT-CO2-0;02938df5-6afb-d44e-582d-0b5eea40f8eb;51:88:0A:9E;0;AVIÁRIO MEIO;582,00;11/11/2025;14:51:24;20;1282-20
CO2;1282;CT-CO2-0;02938df5-6afb-d44e-582d-0b5eea40f8eb;51:88:0A:9E;0;AVIÁRIO MEIO;577,00;11/11/2025;14:55:56;20;1282-20
CO2;1282;CT-CO2-0;02938df5-6afb-d44e-582d-0b5eea40f8eb;51:88:0A:9E;0;AVIÁRIO MEIO;571,00;11/11/2025;15:01:28;20;1282-20
CO2;1282;CT-CO2-0;02938df5-6afb-d44e-582d-0b5eea40f8eb;51:88:0A:9E;0;AVIÁRIO MEIO;562,00;11/11/2025;15:07:00;20;1282-20
CO2;1282;CT-CO2-0;02938df5-6afb-d44e-582d-0b5eea40f8eb;51:88:0A:9E;0;AVIÁRIO MEIO;565,00;11/11/2025;15:12:02;20;1282-20
CO2;1282;CT-CO2-0;02938df5-6afb-d44e-582d-0b5eea40f8eb;51:88:0A:9E;0;AVIÁRIO MEIO;591,00;11/11/2025;15:17:35;20;1282-20
CO2;1282;CT-CO2-0;02938df5-6afb-d44e-582d-0b5eea40f8eb;51:88:0A:9E;0;AVIÁRIO MEIO;576,00;11/11/2025;15:23:07;20;1282-20
CO2;1282;CT-CO2-0;02938df5-6afb-d44e-582d-0b5eea40f8eb;51:88:0A:9E;0;AVIÁRIO MEIO;585,00;11/11/2025;15:28:09;20;1282-20
CO2;1282;CT-CO2-0;02938df5-6afb-d44e-582d-0b5eea40f8eb;51:88:0A:9E;0;AVIÁRIO MEIO;588,00;11/11/2025;15:33:42;20;1282-20
CO2;1282;CT-CO2-0;02938df5-6afb-d44e-582d-0b5eea40f8eb;51:88:0A:9E;0;AVIÁRIO MEIO;566,00;11/11/2025;15:39:13;20;1282-20
CO2;1282;CT-CO2-0;02938df5-6afb-d44e-582d-0b5eea40f8eb;51:88:0A:9E;0;AVIÁRIO MEIO;570,00;11/11/2025;15:44:45;20;1282-20
CO2;1282;CT-CO2-0;02938df5-6afb-d44e-582d-0b5eea40f8eb;51:88:0A:9E;0;AVIÁRIO MEIO;550,00;11/11/2025;15:49:47;20;1282-20
CO2;1282;CT-CO2-0;02938df5-6afb-d44e-582d-0b5eea40f8eb;51:88:0A:9E;0;AVIÁRIO MEIO;558,00;11/11/2025;15:55:19;20;1282-20
CO2;1282;CT-CO2-0;02938df5-6afb-d44e-582d-0b5eea40f8eb;51:88:0A:9E;0;AVIÁRIO MEIO;574,00;11/11/2025;16:01:25;20;1282-20
CO2;1282;CT-CO2-0;02938df5-6afb-d44e-582d-0b5eea40f8eb;51:88:0A:9E;0;AVIÁRIO MEIO;557,00;11/11/2025;16:05:58;20;1282-20
CO2;1282;CT-CO2-0;02938df5-6afb-d44e-582d-0b5eea40f8eb;51:88:0A:9E;0;AVIÁRIO MEIO;550,00;11/11/2025;16:11:30;20;1282-20
CO2;1282;CT-CO2-0;02938df5-6afb-d44e-582d-0b5eea40f8eb;51:88:0A:9E;0;AVIÁRIO MEIO;561,00;11/11/2025;16:17:03;20;1282-20
CO2;1282;CT-CO2-0;02938df5-6afb-d44e-582d-0b5eea40f8eb;51:88:0A:9E;0;AVIÁRIO MEIO;566,00;11/11/2025;16:22:05;20;1282-20
CO2;1282;CT-CO2-0;02938df5-6afb-d44e-582d-0b5eea40f8eb;51:88:0A:9E;0;AVIÁRIO MEIO;577,00;11/11/2025;16:27:37;20;1282-20
CO2;1282;CT-CO2-0;02938df5-6afb-d44e-582d-0b5eea40f8eb;51:88:0A:9E;0;AVIÁRIO MEIO;562,00;11/11/2025;16:33:09;20;1282-20
CO2;1282;CT-CO2-0;02938df5-6afb-d44e-582d-0b5eea40f8eb;51:88:0A:9E;0;AVIÁRIO MEIO;549,00;11/11/2025;16:38:11;20;1282-20
CO2;1282;CT-CO2-0;02938df5-6afb-d44e-582d-0b5eea40f8eb;51:88:0A:9E;0;AVIÁRIO MEIO;582,00;11/11/2025;16:43:43;20;1282-20
CO2;1282;CT-CO2-0;02938df5-6afb-d44e-582d-0b5eea40f8eb;51:88:0A:9E;0;AVIÁRIO MEIO;575,00;11/11/2025;16:49:15;20;1282-20
CO2;1282;CT-CO2-0;02938df5-6afb-d44e-582d-0b5eea40f8eb;51:88:0A:9E;0;AVIÁRIO MEIO;572,00;11/11/2025;16:54:17;20;1282-20
CO2;1282;CT-CO2-0;02938df5-6afb-d44e-582d-0b5eea40f8eb;51:88:0A:9E;0;AVIÁRIO MEIO;572,00;11/11/2025;16:59:50;20;1282-20
CO2;1282;CT-CO2-0;02938df5-6afb-d44e-582d-0b5eea40f8eb;51:88:0A:9E;0;AVIÁRIO MEIO;563,00;11/11/2025;17:05:21;20;1282-20
CO2;1282;CT-CO2-0;02938df5-6afb-d44e-582d-0b5eea40f8eb;51:88:0A:9E;0;AVIÁRIO MEIO;575,00;11/11/2025;17:10:55;20;1282-20
CO2;1282;CT-CO2-0;02938df5-6afb-d44e-582d-0b5eea40f8eb;51:88:0A:9E;0;AVIÁRIO MEIO;576,00;11/11/2025;17:15:57;20;1282-20
CO2;1282;CT-CO2-0;02938df5-6afb-d44e-582d-0b5eea40f8eb;51:88:0A:9E;0;AVIÁRIO MEIO;579,00;11/11/2025;17:21:30;20;1282-20
CO2;1282;CT-CO2-0;02938df5-6afb-d44e-582d-0b5eea40f8eb;51:88:0A:9E;0;AVIÁRIO MEIO;587,00;11/11/2025;17:26:33;20;1282-20
CO2;1282;CT-CO2-0;02938df5-6afb-d44e-582d-0b5eea40f8eb;51:88:0A:9E;0;AVIÁRIO MEIO;583,00;11/11/2025;17:32:05;20;1282-20
CO2;1282;CT-CO2-0;02938df5-6afb-d44e-582d-0b5eea40f8eb;51:88:0A:9E;0;AVIÁRIO MEIO;580,00;11/11/2025;17:37:37;20;1282-20
CO2;1282;CT-CO2-0;02938df5-6afb-d44e-582d-0b5eea40f8eb;51:88:0A:9E;0;AVIÁRIO MEIO;580,00;11/11/2025;17:43:09;20;1282-20
CO2;1282;CT-CO2-0;02938df5-6afb-d44e-582d-0b5eea40f8eb;51:88:0A:9E;0;AVIÁRIO MEIO;588,00;11/11/2025;17:48:10;20;1282-20
CO2;1282;CT-CO2-0;02938df5-6afb-d44e-582d-0b5eea40f8eb;51:88:0A:9E;0;AVIÁRIO MEIO;578,00;11/11/2025;17:53:42;20;1282-20
CO2;1282;CT-CO2-0;02938df5-6afb-d44e-582d-0b5eea40f8eb;51:88:0A:9E;0;AVIÁRIO MEIO;571,00;11/11/2025;17:59:14;20;1282-20
CO2;1282;CT-CO2-0;02938df5-6afb-d44e-582d-0b5eea40f8eb;51:88:0A:9E;0;AVIÁRIO MEIO;572,00;11/11/2025;18:04:17;20;1282-20
CO2;1282;CT-CO2-0;02938df5-6afb-d44e-582d-0b5eea40f8eb;51:88:0A:9E;0;AVIÁRIO MEIO;572,00;11/11/2025;18:09:48;20;1282-20
CO2;1282;CT-CO2-0;02938df5-6afb-d44e-582d-0b5eea40f8eb;51:88:0A:9E;0;AVIÁRIO MEIO;632,00;11/11/2025;18:15:21;20;1282-20
CO2;1282;CT-CO2-0;02938df5-6afb-d44e-582d-0b5eea40f8eb;51:88:0A:9E;0;AVIÁRIO MEIO;595,00;11/11/2025;18:20:55;20;1282-20
CO2;1282;CT-CO2-0;02938df5-6afb-d44e-582d-0b5eea40f8eb;51:88:0A:9E;0;AVIÁRIO MEIO;583,00;11/11/2025;18:25:56;20;1282-20
CO2;1282;CT-CO2-0;02938df5-6afb-d44e-582d-0b5eea40f8eb;51:88:0A:9E;0;AVIÁRIO MEIO;593,00;11/11/2025;18:31:30;20;1282-20
CO2;1282;CT-CO2-0;02938df5-6afb-d44e-582d-0b5eea40f8eb;51:88:0A:9E;0;AVIÁRIO MEIO;604,00;11/11/2025;18:36:32;20;1282-20
CO2;1282;CT-CO2-0;02938df5-6afb-d44e-582d-0b5eea40f8eb;51:88:0A:9E;0;AVIÁRIO MEIO;619,00;11/11/2025;18:42:05;20;1282-20
CO2;1282;CT-CO2-0;02938df5-6afb-d44e-582d-0b5eea40f8eb;51:88:0A:9E;0;AVIÁRIO MEIO;621,00;11/11/2025;18:47:37;20;1282-20
CO2;1282;CT-CO2-0;02938df5-6afb-d44e-582d-0b5eea40f8eb;51:88:0A:9E;0;AVIÁRIO MEIO;609,00;11/11/2025;18:52:39;20;1282-20
CO2;1282;CT-CO2-0;02938df5-6afb-d44e-582d-0b5eea40f8eb;51:88:0A:9E;0;AVIÁRIO MEIO;628,00;11/11/2025;18:58:11;20;1282-20
CO2;1282;CT-CO2-0;02938df5-6afb-d44e-582d-0b5eea40f8eb;51:88:0A:9E;0;AVIÁRIO MEIO;617,00;11/11/2025;19:03:43;20;1282-20
CO2;1282;CT-CO2-0;02938df5-6afb-d44e-582d-0b5eea40f8eb;51:88:0A:9E;0;AVIÁRIO MEIO;627,00;11/11/2025;19:09:14;20;1282-20
CO2;1282;CT-CO2-0;02938df5-6afb-d44e-582d-0b5eea40f8eb;51:88:0A:9E;0;AVIÁRIO MEIO;646,00;11/11/2025;19:14:16;20;1282-20
CO2;1282;CT-CO2-0;02938df5-6afb-d44e-582d-0b5eea40f8eb;51:88:0A:9E;0;AVIÁRIO MEIO;652,00;11/11/2025;19:19:48;20;1282-20
CO2;1282;CT-CO2-0;02938df5-6afb-d44e-582d-0b5eea40f8eb;51:88:0A:9E;0;AVIÁRIO MEIO;658,00;11/11/2025;19:25:20;20;1282-20
CO2;1282;CT-CO2-0;02938df5-6afb-d44e-582d-0b5eea40f8eb;51:88:0A:9E;0;AVIÁRIO MEIO;662,00;11/11/2025;19:30:54;20;1282-20
CO2;1282;CT-CO2-0;02938df5-6afb-d44e-582d-0b5eea40f8eb;51:88:0A:9E;0;AVIÁRIO MEIO;682,00;11/11/2025;19:35:56;20;1282-20
CO2;1282;CT-CO2-0;02938df5-6afb-d44e-582d-0b5eea40f8eb;51:88:0A:9E;0;AVIÁRIO MEIO;722,00;11/11/2025;19:41:28;20;1282-20
CO2;1282;CT-CO2-0;02938df5-6afb-d44e-582d-0b5eea40f8eb;51:88:0A:9E;0;AVIÁRIO MEIO;751,00;11/11/2025;19:46:30;20;1282-20
CO2;1282;CT-CO2-0;02938df5-6afb-d44e-582d-0b5eea40f8eb;51:88:0A:9E;0;AVIÁRIO MEIO;737,00;11/11/2025;19:52:02;20;1282-20
CO2;1282;CT-CO2-0;02938df5-6afb-d44e-582d-0b5eea40f8eb;51:88:0A:9E;0;AVIÁRIO MEIO;745,00;11/11/2025;19:57:34;20;1282-20
CO2;1282;CT-CO2-0;02938df5-6afb-d44e-582d-0b5eea40f8eb;51:88:0A:9E;0;AVIÁRIO MEIO;755,00;11/11/2025;20:02:35;20;1282-20
CO2;1282;CT-CO2-0;02938df5-6afb-d44e-582d-0b5eea40f8eb;51:88:0A:9E;0;AVIÁRIO MEIO;691,00;11/11/2025;20:08:10;20;1282-20
CO2;1282;CT-CO2-0;02938df5-6afb-d44e-582d-0b5eea40f8eb;51:88:0A:9E;0;AVIÁRIO MEIO;653,00;11/11/2025;20:13:42;20;1282-20
CO2;1282;CT-CO2-0;02938df5-6afb-d44e-582d-0b5eea40f8eb;51:88:0A:9E;0;AVIÁRIO MEIO;674,00;11/11/2025;20:18:44;20;1282-20
CO2;1282;CT-CO2-0;02938df5-6afb-d44e-582d-0b5eea40f8eb;51:88:0A:9E;0;AVIÁRIO MEIO;667,00;11/11/2025;20:24:16;20;1282-20
CO2;1282;CT-CO2-0;02938df5-6afb-d44e-582d-0b5eea40f8eb;51:88:0A:9E;0;AVIÁRIO MEIO;682,00;11/11/2025;20:29:48;20;1282-20
CO2;1282;CT-CO2-0;02938df5-6afb-d44e-582d-0b5eea40f8eb;51:88:0A:9E;0;AVIÁRIO MEIO;723,00;11/11/2025;20:35:21;20;1282-20
CO2;1282;CT-CO2-0;02938df5-6afb-d44e-582d-0b5eea40f8eb;51:88:0A:9E;0;AVIÁRIO MEIO;724,00;11/11/2025;20:40:56;20;1282-20
CO2;1282;CT-CO2-0;02938df5-6afb-d44e-582d-0b5eea40f8eb;51:88:0A:9E;0;AVIÁRIO MEIO;713,00;11/11/2025;20:45:58;20;1282-20
CO2;1282;CT-CO2-0;02938df5-6afb-d44e-582d-0b5eea40f8eb;51:88:0A:9E;0;AVIÁRIO MEIO;700,00;11/11/2025;20:51:05;20;1282-20
CO2;1282;CT-CO2-0;02938df5-6afb-d44e-582d-0b5eea40f8eb;51:88:0A:9E;0;AVIÁRIO MEIO;707,00;11/11/2025;20:56:38;20;1282-20
CO2;1282;CT-CO2-0;02938df5-6afb-d44e-582d-0b5eea40f8eb;51:88:0A:9E;0;AVIÁRIO MEIO;719,00;11/11/2025;21:06:40;20;1282-20
CO2;1282;CT-CO2-0;02938df5-6afb-d44e-582d-0b5eea40f8eb;51:88:0A:9E;0;AVIÁRIO MEIO;729,00;11/11/2025;21:11:42;20;1282-20
CO2;1282;CT-CO2-0;02938df5-6afb-d44e-582d-0b5eea40f8eb;51:88:0A:9E;0;AVIÁRIO MEIO;739,00;11/11/2025;21:17:14;20;1282-20
CO2;1282;CT-CO2-0;02938df5-6afb-d44e-582d-0b5eea40f8eb;51:88:0A:9E;0;AVIÁRIO MEIO;738,00;11/11/2025;21:22:48;20;1282-20
CO2;1282;CT-CO2-0;02938df5-6afb-d44e-582d-0b5eea40f8eb;51:88:0A:9E;0;AVIÁRIO MEIO;712,00;11/11/2025;21:27:50;20;1282-20
CO2;1282;CT-CO2-0;02938df5-6afb-d44e-582d-0b5eea40f8eb;51:88:0A:9E;0;AVIÁRIO MEIO;700,00;11/11/2025;21:33:22;20;1282-20
CO2;1282;CT-CO2-0;02938df5-6afb-d44e-582d-0b5eea40f8eb;51:88:0A:9E;0;AVIÁRIO MEIO;665,00;11/11/2025;21:38:54;20;1282-20
CO2;1282;CT-CO2-0;02938df5-6afb-d44e-582d-0b5eea40f8eb;51:88:0A:9E;0;AVIÁRIO MEIO;674,00;11/11/2025;21:43:56;20;1282-20
CO2;1282;CT-CO2-0;02938df5-6afb-d44e-582d-0b5eea40f8eb;51:88:0A:9E;0;AVIÁRIO MEIO;684,00;11/11/2025;21:50:01;20;1282-20
CO2;1282;CT-CO2-0;02938df5-6afb-d44e-582d-0b5eea40f8eb;51:88:0A:9E;0;AVIÁRIO MEIO;724,00;11/11/2025;21:55:14;20;1282-20
CO2;1282;CT-CO2-0;02938df5-6afb-d44e-582d-0b5eea40f8eb;51:88:0A:9E;0;AVIÁRIO MEIO;810,00;11/11/2025;22:00:16;20;1282-20
CO2;1282;CT-CO2-0;02938df5-6afb-d44e-582d-0b5eea40f8eb;51:88:0A:9E;0;AVIÁRIO MEIO;787,00;11/11/2025;22:05:48;20;1282-20
CO2;1282;CT-CO2-0;02938df5-6afb-d44e-582d-0b5eea40f8eb;51:88:0A:9E;0;AVIÁRIO MEIO;771,00;11/11/2025;22:10:50;20;1282-20
CO2;1282;CT-CO2-0;02938df5-6afb-d44e-582d-0b5eea40f8eb;51:88:0A:9E;0;AVIÁRIO MEIO;761,00;11/11/2025;22:16:21;20;1282-20
CO2;1282;CT-CO2-0;02938df5-6afb-d44e-582d-0b5eea40f8eb;51:88:0A:9E;0;AVIÁRIO MEIO;798,00;11/11/2025;22:21:54;20;1282-20
CO2;1282;CT-CO2-0;02938df5-6afb-d44e-582d-0b5eea40f8eb;51:88:0A:9E;0;AVIÁRIO MEIO;791,00;11/11/2025;22:26:56;20;1282-20
CO2;1282;CT-CO2-0;02938df5-6afb-d44e-582d-0b5eea40f8eb;51:88:0A:9E;0;AVIÁRIO MEIO;789,00;11/11/2025;22:32:27;20;1282-20
CO2;1282;CT-CO2-0;02938df5-6afb-d44e-582d-0b5eea40f8eb;51:88:0A:9E;0;AVIÁRIO MEIO;770,00;11/11/2025;22:38:01;20;1282-20
CO2;1282;CT-CO2-0;02938df5-6afb-d44e-582d-0b5eea40f8eb;51:88:0A:9E;0;AVIÁRIO MEIO;783,00;11/11/2025;22:43:03;20;1282-20
CO2;1282;CT-CO2-0;02938df5-6afb-d44e-582d-0b5eea40f8eb;51:88:0A:9E;0;AVIÁRIO MEIO;784,00;11/11/2025;22:48:35;20;1282-20
CO2;1282;CT-CO2-0;02938df5-6afb-d44e-582d-0b5eea40f8eb;51:88:0A:9E;0;AVIÁRIO MEIO;767,00;11/11/2025;22:54:07;20;1282-20
CO2;1282;CT-CO2-0;02938df5-6afb-d44e-582d-0b5eea40f8eb;51:88:0A:9E;0;AVIÁRIO MEIO;768,00;11/11/2025;22:59:41;20;1282-20
CO2;1282;CT-CO2-0;02938df5-6afb-d44e-582d-0b5eea40f8eb;51:88:0A:9E;0;AVIÁRIO MEIO;760,00;11/11/2025;23:04:43;20;1282-20
CO2;1282;CT-CO2-0;02938df5-6afb-d44e-582d-0b5eea40f8eb;51:88:0A:9E;0;AVIÁRIO MEIO;776,00;11/11/2025;23:20:50;20;1282-20
CO2;1282;CT-CO2-0;02938df5-6afb-d44e-582d-0b5eea40f8eb;51:88:0A:9E;0;AVIÁRIO MEIO;762,00;11/11/2025;23:26:22;20;1282-20
CO2;1282;CT-CO2-0;02938df5-6afb-d44e-582d-0b5eea40f8eb;51:88:0A:9E;0;AVIÁRIO MEIO;756,00;11/11/2025;23:31:54;20;1282-20
CO2;1282;CT-CO2-0;02938df5-6afb-d44e-582d-0b5eea40f8eb;51:88:0A:9E;0;AVIÁRIO MEIO;743,00;11/11/2025;23:36:57;20;1282-20
CO2;1282;CT-CO2-0;02938df5-6afb-d44e-582d-0b5eea40f8eb;51:88:0A:9E;0;AVIÁRIO MEIO;747,00;11/11/2025;23:42:30;20;1282-20
CO2;1282;CT-CO2-0;02938df5-6afb-d44e-582d-0b5eea40f8eb;51:88:0A:9E;0;AVIÁRIO MEIO;742,00;11/11/2025;23:48:02;20;1282-20
CO2;1282;CT-CO2-0;02938df5-6afb-d44e-582d-0b5eea40f8eb;51:88:0A:9E;0;AVIÁRIO MEIO;753,00;11/11/2025;23:53:03;20;1282-20
CO2;1282;CT-CO2-0;02938df5-6afb-d44e-582d-0b5eea40f8eb;51:88:0A:9E;0;AVIÁRIO MEIO;750,00;11/11/2025;23:58:36;20;1282-20
CO2;1282;CT-CO2-0;02938df5-6afb-d44e-582d-0b5eea40f8eb;51:88:0A:9E;0;AVIÁRIO MEIO;761,00;12/11/2025;00:04:09;20;1282-20
CO2;1282;CT-CO2-0;02938df5-6afb-d44e-582d-0b5eea40f8eb;51:88:0A:9E;0;AVIÁRIO MEIO;769,00;12/11/2025;00:09:44;20;1282-20
CO2;1282;CT-CO2-0;02938df5-6afb-d44e-582d-0b5eea40f8eb;51:88:0A:9E;0;AVIÁRIO MEIO;774,00;12/11/2025;00:14:45;20;1282-20
CO2;1282;CT-CO2-0;02938df5-6afb-d44e-582d-0b5eea40f8eb;51:88:0A:9E;0;AVIÁRIO MEIO;754,00;12/11/2025;00:20:17;20;1282-20
CO2;1282;CT-CO2-0;02938df5-6afb-d44e-582d-0b5eea40f8eb;51:88:0A:9E;0;AVIÁRIO MEIO;730,00;12/11/2025;00:30:52;20;1282-20
CO2;1282;CT-CO2-0;02938df5-6afb-d44e-582d-0b5eea40f8eb;51:88:0A:9E;0;AVIÁRIO MEIO;743,00;12/11/2025;00:36:24;20;1282-20
CO2;1282;CT-CO2-0;02938df5-6afb-d44e-582d-0b5eea40f8eb;51:88:0A:9E;0;AVIÁRIO MEIO;748,00;12/11/2025;00:41:27;20;1282-20
CO2;1282;CT-CO2-0;02938df5-6afb-d44e-582d-0b5eea40f8eb;51:88:0A:9E;0;AVIÁRIO MEIO;769,00;12/11/2025;00:46:59;20;1282-20
CO2;1282;CT-CO2-0;02938df5-6afb-d44e-582d-0b5eea40f8eb;51:88:0A:9E;0;AVIÁRIO MEIO;760,00;12/11/2025;00:52:31;20;1282-20
CO2;1282;CT-CO2-0;02938df5-6afb-d44e-582d-0b5eea40f8eb;51:88:0A:9E;0;AVIÁRIO MEIO;765,00;12/11/2025;00:57:33;20;1282-20
CO2;1282;CT-CO2-0;02938df5-6afb-d44e-582d-0b5eea40f8eb;51:88:0A:9E;0;AVIÁRIO MEIO;773,00;12/11/2025;01:03:05;20;1282-20
CO2;1282;CT-CO2-0;02938df5-6afb-d44e-582d-0b5eea40f8eb;51:88:0A:9E;0;AVIÁRIO MEIO;773,00;12/11/2025;01:08:38;20;1282-20
CO2;1282;CT-CO2-0;02938df5-6afb-d44e-582d-0b5eea40f8eb;51:88:0A:9E;0;AVIÁRIO MEIO;784,00;12/11/2025;01:14:10;20;1282-20
CO2;1282;CT-CO2-0;02938df5-6afb-d44e-582d-0b5eea40f8eb;51:88:0A:9E;0;AVIÁRIO MEIO;785,00;12/11/2025;01:19:44;20;1282-20
CO2;1282;CT-CO2-0;02938df5-6afb-d44e-582d-0b5eea40f8eb;51:88:0A:9E;0;AVIÁRIO MEIO;781,00;12/11/2025;01:24:45;20;1282-20
CO2;1282;CT-CO2-0;02938df5-6afb-d44e-582d-0b5eea40f8eb;51:88:0A:9E;0;AVIÁRIO MEIO;794,00;12/11/2025;01:35:19;20;1282-20
CO2;1282;CT-CO2-0;02938df5-6afb-d44e-582d-0b5eea40f8eb;51:88:0A:9E;0;AVIÁRIO MEIO;800,00;12/11/2025;01:40:51;20;1282-20
CO2;1282;CT-CO2-0;02938df5-6afb-d44e-582d-0b5eea40f8eb;51:88:0A:9E;0;AVIÁRIO MEIO;803,00;12/11/2025;01:46:23;20;1282-20
CO2;1282;CT-CO2-0;02938df5-6afb-d44e-582d-0b5eea40f8eb;51:88:0A:9E;0;AVIÁRIO MEIO;785,00;12/11/2025;01:51:24;20;1282-20
CO2;1282;CT-CO2-0;02938df5-6afb-d44e-582d-0b5eea40f8eb;51:88:0A:9E;0;AVIÁRIO MEIO;797,00;12/11/2025;01:56:57;20;1282-20
CO2;1282;CT-CO2-0;02938df5-6afb-d44e-582d-0b5eea40f8eb;51:88:0A:9E;0;AVIÁRIO MEIO;800,00;12/11/2025;02:02:29;20;1282-20
CO2;1282;CT-CO2-0;02938df5-6afb-d44e-582d-0b5eea40f8eb;51:88:0A:9E;0;AVIÁRIO MEIO;789,00;12/11/2025;02:07:31;20;1282-20
CO2;1282;CT-CO2-0;02938df5-6afb-d44e-582d-0b5eea40f8eb;51:88:0A:9E;0;AVIÁRIO MEIO;791,00;12/11/2025;02:13:03;20;1282-20
CO2;1282;CT-CO2-0;02938df5-6afb-d44e-582d-0b5eea40f8eb;51:88:0A:9E;0;AVIÁRIO MEIO;794,00;12/11/2025;02:18:35;20;1282-20
CO2;1282;CT-CO2-0;02938df5-6afb-d44e-582d-0b5eea40f8eb;51:88:0A:9E;0;AVIÁRIO MEIO;791,00;12/11/2025;02:23:37;20;1282-20
CO2;1282;CT-CO2-0;02938df5-6afb-d44e-582d-0b5eea40f8eb;51:88:0A:9E;0;AVIÁRIO MEIO;787,00;12/11/2025;02:29:42;20;1282-20
CO2;1282;CT-CO2-0;02938df5-6afb-d44e-582d-0b5eea40f8eb;51:88:0A:9E;0;AVIÁRIO MEIO;784,00;12/11/2025;02:34:44;20;1282-20
CO2;1282;CT-CO2-0;02938df5-6afb-d44e-582d-0b5eea40f8eb;51:88:0A:9E;0;AVIÁRIO MEIO;781,00;12/11/2025;02:39:47;20;1282-20
CO2;1282;CT-CO2-0;02938df5-6afb-d44e-582d-0b5eea40f8eb;51:88:0A:9E;0;AVIÁRIO MEIO;807,00;12/11/2025;02:50:50;20;1282-20
CO2;1282;CT-CO2-0;02938df5-6afb-d44e-582d-0b5eea40f8eb;51:88:0A:9E;0;AVIÁRIO MEIO;778,00;12/11/2025;02:56:22;20;1282-20
CO2;1282;CT-CO2-0;02938df5-6afb-d44e-582d-0b5eea40f8eb;51:88:0A:9E;0;AVIÁRIO MEIO;786,00;12/11/2025;03:01:24;20;1282-20
CO2;1282;CT-CO2-0;02938df5-6afb-d44e-582d-0b5eea40f8eb;51:88:0A:9E;0;AVIÁRIO MEIO;790,00;12/11/2025;03:06:56;20;1282-20
CO2;1282;CT-CO2-0;02938df5-6afb-d44e-582d-0b5eea40f8eb;51:88:0A:9E;0;AVIÁRIO MEIO;782,00;12/11/2025;03:12:28;20;1282-20
CO2;1282;CT-CO2-0;02938df5-6afb-d44e-582d-0b5eea40f8eb;51:88:0A:9E;0;AVIÁRIO MEIO;784,00;12/11/2025;03:17:30;20;1282-20
CO2;1282;CT-CO2-0;02938df5-6afb-d44e-582d-0b5eea40f8eb;51:88:0A:9E;0;AVIÁRIO MEIO;782,00;12/11/2025;03:23:02;20;1282-20
CO2;1282;CT-CO2-0;02938df5-6afb-d44e-582d-0b5eea40f8eb;51:88:0A:9E;0;AVIÁRIO MEIO;766,00;12/11/2025;03:28:36;20;1282-20
CO2;1282;CT-CO2-0;02938df5-6afb-d44e-582d-0b5eea40f8eb;51:88:0A:9E;0;AVIÁRIO MEIO;759,00;12/11/2025;03:33:38;20;1282-20
CO2;1282;CT-CO2-0;02938df5-6afb-d44e-582d-0b5eea40f8eb;51:88:0A:9E;0;AVIÁRIO MEIO;758,00;12/11/2025;03:39:43;20;1282-20
CO2;1282;CT-CO2-0;02938df5-6afb-d44e-582d-0b5eea40f8eb;51:88:0A:9E;0;AVIÁRIO MEIO;795,00;12/11/2025;03:44:45;20;1282-20
CO2;1282;CT-CO2-0;02938df5-6afb-d44e-582d-0b5eea40f8eb;51:88:0A:9E;0;AVIÁRIO MEIO;778,00;12/11/2025;03:49:48;20;1282-20
CO2;1282;CT-CO2-0;02938df5-6afb-d44e-582d-0b5eea40f8eb;51:88:0A:9E;0;AVIÁRIO MEIO;764,00;12/11/2025;04:00:52;20;1282-20
CO2;1282;CT-CO2-0;02938df5-6afb-d44e-582d-0b5eea40f8eb;51:88:0A:9E;0;AVIÁRIO MEIO;766,00;12/11/2025;04:05:54;20;1282-20
CO2;1282;CT-CO2-0;02938df5-6afb-d44e-582d-0b5eea40f8eb;51:88:0A:9E;0;AVIÁRIO MEIO;769,00;12/11/2025;04:11:26;20;1282-20
CO2;1282;CT-CO2-0;02938df5-6afb-d44e-582d-0b5eea40f8eb;51:88:0A:9E;0;AVIÁRIO MEIO;759,00;12/11/2025;04:16:58;20;1282-20
CO2;1282;CT-CO2-0;02938df5-6afb-d44e-582d-0b5eea40f8eb;51:88:0A:9E;0;AVIÁRIO MEIO;756,00;12/11/2025;04:21:59;20;1282-20
CO2;1282;CT-CO2-0;02938df5-6afb-d44e-582d-0b5eea40f8eb;51:88:0A:9E;0;AVIÁRIO MEIO;782,00;12/11/2025;04:27:32;20;1282-20
CO2;1282;CT-CO2-0;02938df5-6afb-d44e-582d-0b5eea40f8eb;51:88:0A:9E;0;AVIÁRIO MEIO;769,00;12/11/2025;04:33:04;20;1282-20
CO2;1282;CT-CO2-0;02938df5-6afb-d44e-582d-0b5eea40f8eb;51:88:0A:9E;0;AVIÁRIO MEIO;782,00;12/11/2025;04:38:36;20;1282-20
CO2;1282;CT-CO2-0;02938df5-6afb-d44e-582d-0b5eea40f8eb;51:88:0A:9E;0;AVIÁRIO MEIO;760,00;12/11/2025;04:43:41;20;1282-20
CO2;1282;CT-CO2-0;02938df5-6afb-d44e-582d-0b5eea40f8eb;51:88:0A:9E;0;AVIÁRIO MEIO;771,00;12/11/2025;04:49:44;20;1282-20
CO2;1282;CT-CO2-0;02938df5-6afb-d44e-582d-0b5eea40f8eb;51:88:0A:9E;0;AVIÁRIO MEIO;788,00;12/11/2025;04:54:16;20;1282-20
CO2;1282;CT-CO2-0;02938df5-6afb-d44e-582d-0b5eea40f8eb;51:88:0A:9E;0;AVIÁRIO MEIO;761,00;12/11/2025;04:59:49;20;1282-20
CO2;1282;CT-CO2-0;02938df5-6afb-d44e-582d-0b5eea40f8eb;51:88:0A:9E;0;AVIÁRIO MEIO;768,00;12/11/2025;05:05:22;20;1282-20
CO2;1282;CT-CO2-0;02938df5-6afb-d44e-582d-0b5eea40f8eb;51:88:0A:9E;0;AVIÁRIO MEIO;774,00;12/11/2025;05:10:24;20;1282-20
CO2;1282;CT-CO2-0;02938df5-6afb-d44e-582d-0b5eea40f8eb;51:88:0A:9E;0;AVIÁRIO MEIO;766,00;12/11/2025;05:15:57;20;1282-20
CO2;1282;CT-CO2-0;02938df5-6afb-d44e-582d-0b5eea40f8eb;51:88:0A:9E;0;AVIÁRIO MEIO;760,00;12/11/2025;05:21:29;20;1282-20
CO2;1282;CT-CO2-0;02938df5-6afb-d44e-582d-0b5eea40f8eb;51:88:0A:9E;0;AVIÁRIO MEIO;757,00;12/11/2025;05:27:01;20;1282-20
CO2;1282;CT-CO2-0;02938df5-6afb-d44e-582d-0b5eea40f8eb;51:88:0A:9E;0;AVIÁRIO MEIO;766,00;12/11/2025;05:32:03;20;1282-20
CO2;1282;CT-CO2-0;02938df5-6afb-d44e-582d-0b5eea40f8eb;51:88:0A:9E;0;AVIÁRIO MEIO;760,00;12/11/2025;05:37:34;20;1282-20
CO2;1282;CT-CO2-0;02938df5-6afb-d44e-582d-0b5eea40f8eb;51:88:0A:9E;0;AVIÁRIO MEIO;790,00;12/11/2025;05:43:06;20;1282-20
CO2;1282;CT-CO2-0;02938df5-6afb-d44e-582d-0b5eea40f8eb;51:88:0A:9E;0;AVIÁRIO MEIO;777,00;12/11/2025;05:48:08;20;1282-20
CO2;1282;CT-CO2-0;02938df5-6afb-d44e-582d-0b5eea40f8eb;51:88:0A:9E;0;AVIÁRIO MEIO;765,00;12/11/2025;05:53:41;20;1282-20
CO2;1282;CT-CO2-0;02938df5-6afb-d44e-582d-0b5eea40f8eb;51:88:0A:9E;0;AVIÁRIO MEIO;820,00;12/11/2025;05:59:44;20;1282-20
CO2;1282;CT-CO2-0;02938df5-6afb-d44e-582d-0b5eea40f8eb;51:88:0A:9E;0;AVIÁRIO MEIO;801,00;12/11/2025;06:04:17;20;1282-20
CO2;1282;CT-CO2-0;02938df5-6afb-d44e-582d-0b5eea40f8eb;51:88:0A:9E;0;AVIÁRIO MEIO;798,00;12/11/2025;06:09:49;20;1282-20
CO2;1282;CT-CO2-0;02938df5-6afb-d44e-582d-0b5eea40f8eb;51:88:0A:9E;0;AVIÁRIO MEIO;799,00;12/11/2025;06:15:23;20;1282-20
CO2;1282;CT-CO2-0;02938df5-6afb-d44e-582d-0b5eea40f8eb;51:88:0A:9E;0;AVIÁRIO MEIO;810,00;12/11/2025;06:20:29;20;1282-20
CO2;1282;CT-CO2-0;02938df5-6afb-d44e-582d-0b5eea40f8eb;51:88:0A:9E;0;AVIÁRIO MEIO;808,00;12/11/2025;06:26:01;20;1282-20
CO2;1282;CT-CO2-0;02938df5-6afb-d44e-582d-0b5eea40f8eb;51:88:0A:9E;0;AVIÁRIO MEIO;800,00;12/11/2025;06:31:34;20;1282-20
CO2;1282;CT-CO2-0;02938df5-6afb-d44e-582d-0b5eea40f8eb;51:88:0A:9E;0;AVIÁRIO MEIO;792,00;12/11/2025;06:36:36;20;1282-20
CO2;1282;CT-CO2-0;02938df5-6afb-d44e-582d-0b5eea40f8eb;51:88:0A:9E;0;AVIÁRIO MEIO;804,00;12/11/2025;06:42:08;20;1282-20
CO2;1282;CT-CO2-0;02938df5-6afb-d44e-582d-0b5eea40f8eb;51:88:0A:9E;0;AVIÁRIO MEIO;794,00;12/11/2025;06:47:41;20;1282-20
CO2;1282;CT-CO2-0;02938df5-6afb-d44e-582d-0b5eea40f8eb;51:88:0A:9E;0;AVIÁRIO MEIO;793,00;12/11/2025;06:52:42;20;1282-20
CO2;1282;CT-CO2-0;02938df5-6afb-d44e-582d-0b5eea40f8eb;51:88:0A:9E;0;AVIÁRIO MEIO;782,00;12/11/2025;06:58:14;20;1282-20
CO2;1282;CT-CO2-0;02938df5-6afb-d44e-582d-0b5eea40f8eb;51:88:0A:9E;0;AVIÁRIO MEIO;796,00;12/11/2025;07:03:46;20;1282-20
CO2;1282;CT-CO2-0;02938df5-6afb-d44e-582d-0b5eea40f8eb;51:88:0A:9E;0;AVIÁRIO MEIO;799,00;12/11/2025;07:09:22;20;1282-20
CO2;1282;CT-CO2-0;02938df5-6afb-d44e-582d-0b5eea40f8eb;51:88:0A:9E;0;AVIÁRIO MEIO;781,00;12/11/2025;07:14:23;20;1282-20
CO2;1282;CT-CO2-0;02938df5-6afb-d44e-582d-0b5eea40f8eb;51:88:0A:9E;0;AVIÁRIO MEIO;801,00;12/11/2025;07:19:56;20;1282-20
CO2;1282;CT-CO2-0;02938df5-6afb-d44e-582d-0b5eea40f8eb;51:88:0A:9E;0;AVIÁRIO MEIO;775,00;12/11/2025;07:24:58;20;1282-20
CO2;1282;CT-CO2-0;02938df5-6afb-d44e-582d-0b5eea40f8eb;51:88:0A:9E;0;AVIÁRIO MEIO;769,00;12/11/2025;07:30:31;20;1282-20
CO2;1282;CT-CO2-0;02938df5-6afb-d44e-582d-0b5eea40f8eb;51:88:0A:9E;0;AVIÁRIO MEIO;773,00;12/11/2025;07:36:03;20;1282-20
CO2;1282;CT-CO2-0;02938df5-6afb-d44e-582d-0b5eea40f8eb;51:88:0A:9E;0;AVIÁRIO MEIO;782,00;12/11/2025;07:41:05;20;1282-20
CO2;1282;CT-CO2-0;02938df5-6afb-d44e-582d-0b5eea40f8eb;51:88:0A:9E;0;AVIÁRIO MEIO;790,00;12/11/2025;07:46:36;20;1282-20
CO2;1282;CT-CO2-0;02938df5-6afb-d44e-582d-0b5eea40f8eb;51:88:0A:9E;0;AVIÁRIO MEIO;777,00;12/11/2025;07:52:08;20;1282-20
CO2;1282;CT-CO2-0;02938df5-6afb-d44e-582d-0b5eea40f8eb;51:88:0A:9E;0;AVIÁRIO MEIO;772,00;12/11/2025;07:57:41;20;1282-20
CO2;1282;CT-CO2-0;02938df5-6afb-d44e-582d-0b5eea40f8eb;51:88:0A:9E;0;AVIÁRIO MEIO;759,00;12/11/2025;08:02:43;20;1282-20
CO2;1282;CT-CO2-0;02938df5-6afb-d44e-582d-0b5eea40f8eb;51:88:0A:9E;0;AVIÁRIO MEIO;718,00;12/11/2025;08:08:15;20;1282-20
CO2;1282;CT-CO2-0;02938df5-6afb-d44e-582d-0b5eea40f8eb;51:88:0A:9E;0;AVIÁRIO MEIO;697,00;12/11/2025;08:13:47;20;1282-20
CO2;1282;CT-CO2-0;02938df5-6afb-d44e-582d-0b5eea40f8eb;51:88:0A:9E;0;AVIÁRIO MEIO;767,00;12/11/2025;08:19:21;20;1282-20
CO2;1282;CT-CO2-0;02938df5-6afb-d44e-582d-0b5eea40f8eb;51:88:0A:9E;0;AVIÁRIO MEIO;699,00;12/11/2025;08:24:23;20;1282-20
CO2;1282;CT-CO2-0;02938df5-6afb-d44e-582d-0b5eea40f8eb;51:88:0A:9E;0;AVIÁRIO MEIO;702,00;12/11/2025;08:29:55;20;1282-20
CO2;1282;CT-CO2-0;02938df5-6afb-d44e-582d-0b5eea40f8eb;51:88:0A:9E;0;AVIÁRIO MEIO;698,00;12/11/2025;08:34:57;20;1282-20
CO2;1282;CT-CO2-0;02938df5-6afb-d44e-582d-0b5eea40f8eb;51:88:0A:9E;0;AVIÁRIO MEIO;671,00;12/11/2025;08:40:31;20;1282-20
CO2;1282;CT-CO2-0;02938df5-6afb-d44e-582d-0b5eea40f8eb;51:88:0A:9E;0;AVIÁRIO MEIO;675,00;12/11/2025;08:46:03;20;1282-20
CO2;1282;CT-CO2-0;02938df5-6afb-d44e-582d-0b5eea40f8eb;51:88:0A:9E;0;AVIÁRIO MEIO;683,00;12/11/2025;08:51:05;20;1282-20
CO2;1282;CT-CO2-0;02938df5-6afb-d44e-582d-0b5eea40f8eb;51:88:0A:9E;0;AVIÁRIO MEIO;676,00;12/11/2025;08:56:38;20;1282-20
CO2;1282;CT-CO2-0;02938df5-6afb-d44e-582d-0b5eea40f8eb;51:88:0A:9E;0;AVIÁRIO MEIO;680,00;12/11/2025;09:02:09;20;1282-20
CO2;1282;CT-CO2-0;02938df5-6afb-d44e-582d-0b5eea40f8eb;51:88:0A:9E;0;AVIÁRIO MEIO;668,00;12/11/2025;09:07:41;20;1282-20
CO2;1282;CT-CO2-0;02938df5-6afb-d44e-582d-0b5eea40f8eb;51:88:0A:9E;0;AVIÁRIO MEIO;675,00;12/11/2025;09:12:43;20;1282-20
CO2;1282;CT-CO2-0;02938df5-6afb-d44e-582d-0b5eea40f8eb;51:88:0A:9E;0;AVIÁRIO MEIO;667,00;12/11/2025;09:18:16;20;1282-20
CO2;1282;CT-CO2-0;02938df5-6afb-d44e-582d-0b5eea40f8eb;51:88:0A:9E;0;AVIÁRIO MEIO;663,00;12/11/2025;09:23:47;20;1282-20
CO2;1282;CT-CO2-0;02938df5-6afb-d44e-582d-0b5eea40f8eb;51:88:0A:9E;0;AVIÁRIO MEIO;649,00;12/11/2025;09:29:20;20;1282-20
CO2;1282;CT-CO2-0;02938df5-6afb-d44e-582d-0b5eea40f8eb;51:88:0A:9E;0;AVIÁRIO MEIO;651,00;12/11/2025;09:34:22;20;1282-20
CO2;1282;CT-CO2-0;02938df5-6afb-d44e-582d-0b5eea40f8eb;51:88:0A:9E;0;AVIÁRIO MEIO;651,00;12/11/2025;09:39:54;20;1282-20
CO2;1282;CT-CO2-0;02938df5-6afb-d44e-582d-0b5eea40f8eb;51:88:0A:9E;0;AVIÁRIO MEIO;677,00;12/11/2025;09:44:56;20;1282-20
CO2;1282;CT-CO2-0;02938df5-6afb-d44e-582d-0b5eea40f8eb;51:88:0A:9E;0;AVIÁRIO MEIO;643,00;12/11/2025;09:50:30;20;1282-20
CO2;1282;CT-CO2-0;02938df5-6afb-d44e-582d-0b5eea40f8eb;51:88:0A:9E;0;AVIÁRIO MEIO;663,00;12/11/2025;09:56:03;20;1282-20
CO2;1282;CT-CO2-0;02938df5-6afb-d44e-582d-0b5eea40f8eb;51:88:0A:9E;0;AVIÁRIO MEIO;652,00;12/11/2025;10:01:06;20;1282-20
CO2;1282;CT-CO2-0;02938df5-6afb-d44e-582d-0b5eea40f8eb;51:88:0A:9E;0;AVIÁRIO MEIO;645,00;12/11/2025;10:06:38;20;1282-20
CO2;1282;CT-CO2-0;02938df5-6afb-d44e-582d-0b5eea40f8eb;51:88:0A:9E;0;AVIÁRIO MEIO;628,00;12/11/2025;10:12:09;20;1282-20
CO2;1282;CT-CO2-0;02938df5-6afb-d44e-582d-0b5eea40f8eb;51:88:0A:9E;0;AVIÁRIO MEIO;637,00;12/11/2025;10:17:41;20;1282-20
CO2;1282;CT-CO2-0;02938df5-6afb-d44e-582d-0b5eea40f8eb;51:88:0A:9E;0;AVIÁRIO MEIO;622,00;12/11/2025;10:22:43;20;1282-20
CO2;1282;CT-CO2-0;02938df5-6afb-d44e-582d-0b5eea40f8eb;51:88:0A:9E;0;AVIÁRIO MEIO;612,00;12/11/2025;10:28:15;20;1282-20
CO2;1282;CT-CO2-0;02938df5-6afb-d44e-582d-0b5eea40f8eb;51:88:0A:9E;0;AVIÁRIO MEIO;612,00;12/11/2025;10:33:47;20;1282-20
CO2;1282;CT-CO2-0;02938df5-6afb-d44e-582d-0b5eea40f8eb;51:88:0A:9E;0;AVIÁRIO MEIO;606,00;12/11/2025;10:39:19;20;1282-20
CO2;1282;CT-CO2-0;02938df5-6afb-d44e-582d-0b5eea40f8eb;51:88:0A:9E;0;AVIÁRIO MEIO;604,00;12/11/2025;10:44:21;20;1282-20
CO2;1282;CT-CO2-0;02938df5-6afb-d44e-582d-0b5eea40f8eb;51:88:0A:9E;0;AVIÁRIO MEIO;631,00;12/11/2025;10:49:53;20;1282-20
CO2;1282;CT-CO2-0;02938df5-6afb-d44e-582d-0b5eea40f8eb;51:88:0A:9E;0;AVIÁRIO MEIO;683,00;12/11/2025;10:54:55;20;1282-20
CO2;1282;CT-CO2-0;02938df5-6afb-d44e-582d-0b5eea40f8eb;51:88:0A:9E;0;AVIÁRIO MEIO;628,00;12/11/2025;11:00:27;20;1282-20
CO2;1282;CT-CO2-0;02938df5-6afb-d44e-582d-0b5eea40f8eb;51:88:0A:9E;0;AVIÁRIO MEIO;599,00;12/11/2025;11:05:59;20;1282-20
CO2;1282;CT-CO2-0;02938df5-6afb-d44e-582d-0b5eea40f8eb;51:88:0A:9E;0;AVIÁRIO MEIO;603,00;12/11/2025;11:11:31;20;1282-20
CO2;1282;CT-CO2-0;02938df5-6afb-d44e-582d-0b5eea40f8eb;51:88:0A:9E;0;AVIÁRIO MEIO;627,00;12/11/2025;11:16:32;20;1282-20
CO2;1282;CT-CO2-0;02938df5-6afb-d44e-582d-0b5eea40f8eb;51:88:0A:9E;0;AVIÁRIO MEIO;610,00;12/11/2025;11:22:04;20;1282-20
CO2;1282;CT-CO2-0;02938df5-6afb-d44e-582d-0b5eea40f8eb;51:88:0A:9E;0;AVIÁRIO MEIO;667,00;12/11/2025;11:27:36;20;1282-20
CO2;1282;CT-CO2-0;02938df5-6afb-d44e-582d-0b5eea40f8eb;51:88:0A:9E;0;AVIÁRIO MEIO;617,00;12/11/2025;11:32:37;20;1282-20
CO2;1282;CT-CO2-0;02938df5-6afb-d44e-582d-0b5eea40f8eb;51:88:0A:9E;0;AVIÁRIO MEIO;616,00;12/11/2025;11:38:09;20;1282-20
CO2;1282;CT-CO2-0;02938df5-6afb-d44e-582d-0b5eea40f8eb;51:88:0A:9E;0;AVIÁRIO MEIO;617,00;12/11/2025;11:43:42;20;1282-20
CO2;1282;CT-CO2-0;02938df5-6afb-d44e-582d-0b5eea40f8eb;51:88:0A:9E;0;AVIÁRIO MEIO;632,00;12/11/2025;11:49:45;20;1282-20
CO2;1282;CT-CO2-0;02938df5-6afb-d44e-582d-0b5eea40f8eb;51:88:0A:9E;0;AVIÁRIO MEIO;632,00;12/11/2025;11:54:17;20;1282-20
CO2;1282;CT-CO2-0;02938df5-6afb-d44e-582d-0b5eea40f8eb;51:88:0A:9E;0;AVIÁRIO MEIO;624,00;12/11/2025;11:59:48;20;1282-20
CO2;1282;CT-CO2-0;02938df5-6afb-d44e-582d-0b5eea40f8eb;51:88:0A:9E;0;AVIÁRIO MEIO;617,00;12/11/2025;12:05:20;20;1282-20
CO2;1282;CT-CO2-0;02938df5-6afb-d44e-582d-0b5eea40f8eb;51:88:0A:9E;0;AVIÁRIO MEIO;616,00;12/11/2025;12:10:22;20;1282-20
CO2;1282;CT-CO2-0;02938df5-6afb-d44e-582d-0b5eea40f8eb;51:88:0A:9E;0;AVIÁRIO MEIO;636,00;12/11/2025;12:15:54;20;1282-20
CO2;1282;CT-CO2-0;02938df5-6afb-d44e-582d-0b5eea40f8eb;51:88:0A:9E;0;AVIÁRIO MEIO;627,00;12/11/2025;12:21:27;20;1282-20
CO2;1282;CT-CO2-0;02938df5-6afb-d44e-582d-0b5eea40f8eb;51:88:0A:9E;0;AVIÁRIO MEIO;630,00;12/11/2025;12:26:29;20;1282-20
CO2;1282;CT-CO2-0;02938df5-6afb-d44e-582d-0b5eea40f8eb;51:88:0A:9E;0;AVIÁRIO MEIO;634,00;12/11/2025;12:32:01;20;1282-20
CO2;1282;CT-CO2-0;02938df5-6afb-d44e-582d-0b5eea40f8eb;51:88:0A:9E;0;AVIÁRIO MEIO;612,00;12/11/2025;12:37:33;20;1282-20
CO2;1282;CT-CO2-0;02938df5-6afb-d44e-582d-0b5eea40f8eb;51:88:0A:9E;0;AVIÁRIO MEIO;633,00;12/11/2025;12:43:06;20;1282-20
CO2;1282;CT-CO2-0;02938df5-6afb-d44e-582d-0b5eea40f8eb;51:88:0A:9E;0;AVIÁRIO MEIO;638,00;12/11/2025;12:48:07;20;1282-20
CO2;1282;CT-CO2-0;02938df5-6afb-d44e-582d-0b5eea40f8eb;51:88:0A:9E;0;AVIÁRIO MEIO;622,00;12/11/2025;12:59:12;20;1282-20
CO2;1282;CT-CO2-0;02938df5-6afb-d44e-582d-0b5eea40f8eb;51:88:0A:9E;0;AVIÁRIO MEIO;625,00;12/11/2025;13:04:14;20;1282-20
CO2;1282;CT-CO2-0;02938df5-6afb-d44e-582d-0b5eea40f8eb;51:88:0A:9E;0;AVIÁRIO MEIO;623,00;12/11/2025;13:09:46;20;1282-20
CO2;1282;CT-CO2-0;02938df5-6afb-d44e-582d-0b5eea40f8eb;51:88:0A:9E;0;AVIÁRIO MEIO;632,00;12/11/2025;13:20:50;20;1282-20
CO2;1282;CT-CO2-0;02938df5-6afb-d44e-582d-0b5eea40f8eb;51:88:0A:9E;0;AVIÁRIO MEIO;621,00;12/11/2025;13:25:52;20;1282-20
CO2;1282;CT-CO2-0;02938df5-6afb-d44e-582d-0b5eea40f8eb;51:88:0A:9E;0;AVIÁRIO MEIO;682,00;12/11/2025;13:31:25;20;1282-20
CO2;1282;CT-CO2-0;02938df5-6afb-d44e-582d-0b5eea40f8eb;51:88:0A:9E;0;AVIÁRIO MEIO;619,00;12/11/2025;13:36:57;20;1282-20
CO2;1282;CT-CO2-0;02938df5-6afb-d44e-582d-0b5eea40f8eb;51:88:0A:9E;0;AVIÁRIO MEIO;621,00;12/11/2025;13:41:59;20;1282-20
CO2;1282;CT-CO2-0;02938df5-6afb-d44e-582d-0b5eea40f8eb;51:88:0A:9E;0;AVIÁRIO MEIO;631,00;12/11/2025;13:47:31;20;1282-20
CO2;1282;CT-CO2-0;02938df5-6afb-d44e-582d-0b5eea40f8eb;51:88:0A:9E;0;AVIÁRIO MEIO;628,00;12/11/2025;13:53:03;20;1282-20
CO2;1282;CT-CO2-0;02938df5-6afb-d44e-582d-0b5eea40f8eb;51:88:0A:9E;0;AVIÁRIO MEIO;629,00;12/11/2025;13:58:35;20;1282-20
CO2;1282;CT-CO2-0;02938df5-6afb-d44e-582d-0b5eea40f8eb;51:88:0A:9E;0;AVIÁRIO MEIO;620,00;12/11/2025;14:04:08;20;1282-20
CO2;1282;CT-CO2-0;02938df5-6afb-d44e-582d-0b5eea40f8eb;51:88:0A:9E;0;AVIÁRIO MEIO;642,00;12/11/2025;14:09:09;20;1282-20
CO2;1282;CT-CO2-0;02938df5-6afb-d44e-582d-0b5eea40f8eb;51:88:0A:9E;0;AVIÁRIO MEIO;637,00;12/11/2025;14:14:46;20;1282-20
CO2;1282;CT-CO2-0;02938df5-6afb-d44e-582d-0b5eea40f8eb;51:88:0A:9E;0;AVIÁRIO MEIO;639,00;12/11/2025;14:19:48;20;1282-20
CO2;1282;CT-CO2-0;02938df5-6afb-d44e-582d-0b5eea40f8eb;51:88:0A:9E;0;AVIÁRIO MEIO;641,00;12/11/2025;14:25:20;20;1282-20
CO2;1282;CT-CO2-0;02938df5-6afb-d44e-582d-0b5eea40f8eb;51:88:0A:9E;0;AVIÁRIO MEIO;651,00;12/11/2025;14:30:52;20;1282-20
CO2;1282;CT-CO2-0;02938df5-6afb-d44e-582d-0b5eea40f8eb;51:88:0A:9E;0;AVIÁRIO MEIO;663,00;12/11/2025;14:36:25;20;1282-20
CO2;1282;CT-CO2-0;02938df5-6afb-d44e-582d-0b5eea40f8eb;51:88:0A:9E;0;AVIÁRIO MEIO;661,00;12/11/2025;14:41:27;20;1282-20
CO2;1282;CT-CO2-0;02938df5-6afb-d44e-582d-0b5eea40f8eb;51:88:0A:9E;0;AVIÁRIO MEIO;654,00;12/11/2025;14:46:59;20;1282-20
CO2;1282;CT-CO2-0;02938df5-6afb-d44e-582d-0b5eea40f8eb;51:88:0A:9E;0;AVIÁRIO MEIO;656,00;12/11/2025;14:52:31;20;1282-20
CO2;1282;CT-CO2-0;02938df5-6afb-d44e-582d-0b5eea40f8eb;51:88:0A:9E;0;AVIÁRIO MEIO;658,00;12/11/2025;14:57:33;20;1282-20
CO2;1282;CT-CO2-0;02938df5-6afb-d44e-582d-0b5eea40f8eb;51:88:0A:9E;0;AVIÁRIO MEIO;667,00;12/11/2025;15:03:05;20;1282-20
CO2;1282;CT-CO2-0;02938df5-6afb-d44e-582d-0b5eea40f8eb;51:88:0A:9E;0;AVIÁRIO MEIO;703,00;12/11/2025;15:09:08;20;1282-20
CO2;1282;CT-CO2-0;02938df5-6afb-d44e-582d-0b5eea40f8eb;51:88:0A:9E;0;AVIÁRIO MEIO;703,00;12/11/2025;15:13:40;20;1282-20
CO2;1282;CT-CO2-0;02938df5-6afb-d44e-582d-0b5eea40f8eb;51:88:0A:9E;0;AVIÁRIO MEIO;703,00;12/11/2025;15:19:15;20;1282-20
CO2;1282;CT-CO2-0;02938df5-6afb-d44e-582d-0b5eea40f8eb;51:88:0A:9E;0;AVIÁRIO MEIO;756,00;12/11/2025;15:25:02;20;1282-20
CO2;1282;CT-CO2-0;02938df5-6afb-d44e-582d-0b5eea40f8eb;51:88:0A:9E;0;AVIÁRIO MEIO;833,00;12/11/2025;15:30:04;20;1282-20
CO2;1282;CT-CO2-0;02938df5-6afb-d44e-582d-0b5eea40f8eb;51:88:0A:9E;0;AVIÁRIO MEIO;824,00;12/11/2025;15:35:37;20;1282-20
CO2;1282;CT-CO2-0;02938df5-6afb-d44e-582d-0b5eea40f8eb;51:88:0A:9E;0;AVIÁRIO MEIO;803,00;12/11/2025;15:40:39;20;1282-20
CO2;1282;CT-CO2-0;02938df5-6afb-d44e-582d-0b5eea40f8eb;51:88:0A:9E;0;AVIÁRIO MEIO;807,00;12/11/2025;15:46:14;20;1282-20
CO2;1282;CT-CO2-0;02938df5-6afb-d44e-582d-0b5eea40f8eb;51:88:0A:9E;0;AVIÁRIO MEIO;823,00;12/11/2025;15:51:18;20;1282-20
CO2;1282;CT-CO2-0;02938df5-6afb-d44e-582d-0b5eea40f8eb;51:88:0A:9E;0;AVIÁRIO MEIO;808,00;12/11/2025;15:56:50;20;1282-20
CO2;1282;CT-CO2-0;02938df5-6afb-d44e-582d-0b5eea40f8eb;51:88:0A:9E;0;AVIÁRIO MEIO;845,00;12/11/2025;16:02:22;20;1282-20
CO2;1282;CT-CO2-0;02938df5-6afb-d44e-582d-0b5eea40f8eb;51:88:0A:9E;0;AVIÁRIO MEIO;838,00;12/11/2025;16:07:24;20;1282-20
CO2;1282;CT-CO2-0;02938df5-6afb-d44e-582d-0b5eea40f8eb;51:88:0A:9E;0;AVIÁRIO MEIO;829,00;12/11/2025;16:12:56;20;1282-20
CO2;1282;CT-CO2-0;02938df5-6afb-d44e-582d-0b5eea40f8eb;51:88:0A:9E;0;AVIÁRIO MEIO;835,00;12/11/2025;16:18:58;20;1282-20
CO2;1282;CT-CO2-0;02938df5-6afb-d44e-582d-0b5eea40f8eb;51:88:0A:9E;0;AVIÁRIO MEIO;823,00;12/11/2025;16:23:30;20;1282-20
CO2;1282;CT-CO2-0;02938df5-6afb-d44e-582d-0b5eea40f8eb;51:88:0A:9E;0;AVIÁRIO MEIO;833,00;12/11/2025;16:29:02;20;1282-20
CO2;1282;CT-CO2-0;02938df5-6afb-d44e-582d-0b5eea40f8eb;51:88:0A:9E;0;AVIÁRIO MEIO;807,00;12/11/2025;16:34:34;20;1282-20
CO2;1282;CT-CO2-0;02938df5-6afb-d44e-582d-0b5eea40f8eb;51:88:0A:9E;0;AVIÁRIO MEIO;821,00;12/11/2025;16:39:36;20;1282-20
CO2;1282;CT-CO2-0;02938df5-6afb-d44e-582d-0b5eea40f8eb;51:88:0A:9E;0;AVIÁRIO MEIO;817,00;12/11/2025;16:50:42;20;1282-20
CO2;1282;CT-CO2-0;02938df5-6afb-d44e-582d-0b5eea40f8eb;51:88:0A:9E;0;AVIÁRIO MEIO;841,00;12/11/2025;16:55:44;20;1282-20
CO2;1282;CT-CO2-0;02938df5-6afb-d44e-582d-0b5eea40f8eb;51:88:0A:9E;0;AVIÁRIO MEIO;852,00;12/11/2025;17:01:17;20;1282-20
CO2;1282;CT-CO2-0;02938df5-6afb-d44e-582d-0b5eea40f8eb;51:88:0A:9E;0;AVIÁRIO MEIO;808,00;12/11/2025;17:06:50;20;1282-20
CO2;1282;CT-CO2-0;02938df5-6afb-d44e-582d-0b5eea40f8eb;51:88:0A:9E;0;AVIÁRIO MEIO;809,00;12/11/2025;17:11:52;20;1282-20
CO2;1282;CT-CO2-0;02938df5-6afb-d44e-582d-0b5eea40f8eb;51:88:0A:9E;0;AVIÁRIO MEIO;771,00;12/11/2025;17:17:23;20;1282-20
CO2;1282;CT-CO2-0;02938df5-6afb-d44e-582d-0b5eea40f8eb;51:88:0A:9E;0;AVIÁRIO MEIO;764,00;12/11/2025;17:22:56;20;1282-20
CO2;1282;CT-CO2-0;02938df5-6afb-d44e-582d-0b5eea40f8eb;51:88:0A:9E;0;AVIÁRIO MEIO;769,00;12/11/2025;17:29:01;20;1282-20
CO2;1282;CT-CO2-0;02938df5-6afb-d44e-582d-0b5eea40f8eb;51:88:0A:9E;0;AVIÁRIO MEIO;775,00;12/11/2025;17:33:33;20;1282-20
CO2;1282;CT-CO2-0;02938df5-6afb-d44e-582d-0b5eea40f8eb;51:88:0A:9E;0;AVIÁRIO MEIO;787,00;12/11/2025;17:39:05;20;1282-20
CO2;1282;CT-CO2-0;02938df5-6afb-d44e-582d-0b5eea40f8eb;51:88:0A:9E;0;AVIÁRIO MEIO;788,00;12/11/2025;17:44:12;20;1282-20
CO2;1282;CT-CO2-0;02938df5-6afb-d44e-582d-0b5eea40f8eb;51:88:0A:9E;0;AVIÁRIO MEIO;804,00;12/11/2025;17:49:45;20;1282-20
CO2;1282;CT-CO2-0;02938df5-6afb-d44e-582d-0b5eea40f8eb;51:88:0A:9E;0;AVIÁRIO MEIO;808,00;12/11/2025;17:55:17;20;1282-20
CO2;1282;CT-CO2-0;02938df5-6afb-d44e-582d-0b5eea40f8eb;51:88:0A:9E;0;AVIÁRIO MEIO;809,00;12/11/2025;18:00:19;20;1282-20
CO2;1282;CT-CO2-0;02938df5-6afb-d44e-582d-0b5eea40f8eb;51:88:0A:9E;0;AVIÁRIO MEIO;779,00;12/11/2025;18:05:51;20;1282-20
CO2;1282;CT-CO2-0;02938df5-6afb-d44e-582d-0b5eea40f8eb;51:88:0A:9E;0;AVIÁRIO MEIO;785,00;12/11/2025;18:11:23;20;1282-20
CO2;1282;CT-CO2-0;02938df5-6afb-d44e-582d-0b5eea40f8eb;51:88:0A:9E;0;AVIÁRIO MEIO;793,00;12/11/2025;18:16:24;20;1282-20
CO2;1282;CT-CO2-0;02938df5-6afb-d44e-582d-0b5eea40f8eb;51:88:0A:9E;0;AVIÁRIO MEIO;803,00;12/11/2025;18:21:56;20;1282-20
CO2;1282;CT-CO2-0;02938df5-6afb-d44e-582d-0b5eea40f8eb;51:88:0A:9E;0;AVIÁRIO MEIO;810,00;12/11/2025;18:27:30;20;1282-20
CO2;1282;CT-CO2-0;02938df5-6afb-d44e-582d-0b5eea40f8eb;51:88:0A:9E;0;AVIÁRIO MEIO;811,00;12/11/2025;18:32:32;20;1282-20
CO2;1282;CT-CO2-0;02938df5-6afb-d44e-582d-0b5eea40f8eb;51:88:0A:9E;0;AVIÁRIO MEIO;793,00;12/11/2025;18:38:36;20;1282-20
CO2;1282;CT-CO2-0;02938df5-6afb-d44e-582d-0b5eea40f8eb;51:88:0A:9E;0;AVIÁRIO MEIO;788,00;12/11/2025;18:43:38;20;1282-20
CO2;1282;CT-CO2-0;02938df5-6afb-d44e-582d-0b5eea40f8eb;51:88:0A:9E;0;AVIÁRIO MEIO;807,00;12/11/2025;18:48:40;20;1282-20
CO2;1282;CT-CO2-0;02938df5-6afb-d44e-582d-0b5eea40f8eb;51:88:0A:9E;0;AVIÁRIO MEIO;825,00;12/11/2025;18:54:12;20;1282-20
CO2;1282;CT-CO2-0;02938df5-6afb-d44e-582d-0b5eea40f8eb;51:88:0A:9E;0;AVIÁRIO MEIO;815,00;12/11/2025;18:59:44;20;1282-20
CO2;1282;CT-CO2-0;02938df5-6afb-d44e-582d-0b5eea40f8eb;51:88:0A:9E;0;AVIÁRIO MEIO;812,00;12/11/2025;19:04:46;20;1282-20
CO2;1282;CT-CO2-0;02938df5-6afb-d44e-582d-0b5eea40f8eb;51:88:0A:9E;0;AVIÁRIO MEIO;797,00;12/11/2025;19:10:18;20;1282-20
CO2;1282;CT-CO2-0;02938df5-6afb-d44e-582d-0b5eea40f8eb;51:88:0A:9E;0;AVIÁRIO MEIO;797,00;12/11/2025;19:15:50;20;1282-20
CO2;1282;CT-CO2-0;02938df5-6afb-d44e-582d-0b5eea40f8eb;51:88:0A:9E;0;AVIÁRIO MEIO;801,00;12/11/2025;19:20:52;20;1282-20
CO2;1282;CT-CO2-0;02938df5-6afb-d44e-582d-0b5eea40f8eb;51:88:0A:9E;0;AVIÁRIO MEIO;809,00;12/11/2025;19:26:24;20;1282-20
CO2;1282;CT-CO2-0;02938df5-6afb-d44e-582d-0b5eea40f8eb;51:88:0A:9E;0;AVIÁRIO MEIO;811,00;12/11/2025;19:31:56;20;1282-20
CO2;1282;CT-CO2-0;02938df5-6afb-d44e-582d-0b5eea40f8eb;51:88:0A:9E;0;AVIÁRIO MEIO;819,00;12/11/2025;19:36:58;20;1282-20
CO2;1282;CT-CO2-0;02938df5-6afb-d44e-582d-0b5eea40f8eb;51:88:0A:9E;0;AVIÁRIO MEIO;834,00;12/11/2025;19:42:30;20;1282-20
CO2;1282;CT-CO2-0;02938df5-6afb-d44e-582d-0b5eea40f8eb;51:88:0A:9E;0;AVIÁRIO MEIO;791,00;12/11/2025;19:48:34;20;1282-20
CO2;1282;CT-CO2-0;02938df5-6afb-d44e-582d-0b5eea40f8eb;51:88:0A:9E;0;AVIÁRIO MEIO;805,00;12/11/2025;19:53:05;20;1282-20
CO2;1282;CT-CO2-0;02938df5-6afb-d44e-582d-0b5eea40f8eb;51:88:0A:9E;0;AVIÁRIO MEIO;797,00;12/11/2025;19:58:38;20;1282-20
CO2;1282;CT-CO2-0;02938df5-6afb-d44e-582d-0b5eea40f8eb;51:88:0A:9E;0;AVIÁRIO MEIO;799,00;12/11/2025;20:04:10;20;1282-20
CO2;1282;CT-CO2-0;02938df5-6afb-d44e-582d-0b5eea40f8eb;51:88:0A:9E;0;AVIÁRIO MEIO;790,00;12/11/2025;20:09:12;20;1282-20
CO2;1282;CT-CO2-0;02938df5-6afb-d44e-582d-0b5eea40f8eb;51:88:0A:9E;0;AVIÁRIO MEIO;802,00;12/11/2025;20:14:45;20;1282-20
CO2;1282;CT-CO2-0;02938df5-6afb-d44e-582d-0b5eea40f8eb;51:88:0A:9E;0;AVIÁRIO MEIO;786,00;12/11/2025;20:20:17;20;1282-20
CO2;1282;CT-CO2-0;02938df5-6afb-d44e-582d-0b5eea40f8eb;51:88:0A:9E;0;AVIÁRIO MEIO;790,00;12/11/2025;20:25:19;20;1282-20
CO2;1282;CT-CO2-0;02938df5-6afb-d44e-582d-0b5eea40f8eb;51:88:0A:9E;0;AVIÁRIO MEIO;789,00;12/11/2025;20:31:02;20;1282-20
CO2;1282;CT-CO2-0;02938df5-6afb-d44e-582d-0b5eea40f8eb;51:88:0A:9E;0;AVIÁRIO MEIO;810,00;12/11/2025;20:36:04;20;1282-20
CO2;1282;CT-CO2-0;02938df5-6afb-d44e-582d-0b5eea40f8eb;51:88:0A:9E;0;AVIÁRIO MEIO;796,00;12/11/2025;20:41:42;20;1282-20
CO2;1282;CT-CO2-0;02938df5-6afb-d44e-582d-0b5eea40f8eb;51:88:0A:9E;0;AVIÁRIO MEIO;812,00;12/11/2025;20:47:13;20;1282-20
CO2;1282;CT-CO2-0;02938df5-6afb-d44e-582d-0b5eea40f8eb;51:88:0A:9E;0;AVIÁRIO MEIO;800,00;12/11/2025;20:52:15;20;1282-20
CO2;1282;CT-CO2-0;02938df5-6afb-d44e-582d-0b5eea40f8eb;51:88:0A:9E;0;AVIÁRIO MEIO;807,00;12/11/2025;20:58:31;20;1282-20
CO2;1282;CT-CO2-0;02938df5-6afb-d44e-582d-0b5eea40f8eb;51:88:0A:9E;0;AVIÁRIO MEIO;801,00;12/11/2025;21:06:33;20;1282-20
CO2;1282;CT-CO2-0;02938df5-6afb-d44e-582d-0b5eea40f8eb;51:88:0A:9E;0;AVIÁRIO MEIO;810,00;12/11/2025;21:12:05;20;1282-20
CO2;1282;CT-CO2-0;02938df5-6afb-d44e-582d-0b5eea40f8eb;51:88:0A:9E;0;AVIÁRIO MEIO;797,00;12/11/2025;21:17:07;20;1282-20
CO2;1282;CT-CO2-0;02938df5-6afb-d44e-582d-0b5eea40f8eb;51:88:0A:9E;0;AVIÁRIO MEIO;808,00;12/11/2025;21:22:39;20;1282-20
CO2;1282;CT-CO2-0;02938df5-6afb-d44e-582d-0b5eea40f8eb;51:88:0A:9E;0;AVIÁRIO MEIO;804,00;12/11/2025;21:28:10;20;1282-20
CO2;1282;CT-CO2-0;02938df5-6afb-d44e-582d-0b5eea40f8eb;51:88:0A:9E;0;AVIÁRIO MEIO;795,00;12/11/2025;21:33:11;20;1282-20
CO2;1282;CT-CO2-0;02938df5-6afb-d44e-582d-0b5eea40f8eb;51:88:0A:9E;0;AVIÁRIO MEIO;785,00;12/11/2025;21:38:43;20;1282-20
CO2;1282;CT-CO2-0;02938df5-6afb-d44e-582d-0b5eea40f8eb;51:88:0A:9E;0;AVIÁRIO MEIO;797,00;12/11/2025;21:44:15;20;1282-20
CO2;1282;CT-CO2-0;02938df5-6afb-d44e-582d-0b5eea40f8eb;51:88:0A:9E;0;AVIÁRIO MEIO;794,00;12/11/2025;21:49:47;20;1282-20
CO2;1282;CT-CO2-0;02938df5-6afb-d44e-582d-0b5eea40f8eb;51:88:0A:9E;0;AVIÁRIO MEIO;824,00;12/11/2025;21:54:49;20;1282-20
CO2;1282;CT-CO2-0;02938df5-6afb-d44e-582d-0b5eea40f8eb;51:88:0A:9E;0;AVIÁRIO MEIO;866,00;12/11/2025;22:06:26;20;1282-20
CO2;1282;CT-CO2-0;02938df5-6afb-d44e-582d-0b5eea40f8eb;51:88:0A:9E;0;AVIÁRIO MEIO;874,00;12/11/2025;22:10:59;20;1282-20
CO2;1282;CT-CO2-0;02938df5-6afb-d44e-582d-0b5eea40f8eb;51:88:0A:9E;0;AVIÁRIO MEIO;857,00;12/11/2025;22:16:31;20;1282-20
CO2;1282;CT-CO2-0;02938df5-6afb-d44e-582d-0b5eea40f8eb;51:88:0A:9E;0;AVIÁRIO MEIO;854,00;12/11/2025;22:22:03;20;1282-20
CO2;1282;CT-CO2-0;02938df5-6afb-d44e-582d-0b5eea40f8eb;51:88:0A:9E;0;AVIÁRIO MEIO;849,00;12/11/2025;22:27:04;20;1282-20
CO2;1282;CT-CO2-0;02938df5-6afb-d44e-582d-0b5eea40f8eb;51:88:0A:9E;0;AVIÁRIO MEIO;829,00;12/11/2025;22:32:37;20;1282-20
CO2;1282;CT-CO2-0;02938df5-6afb-d44e-582d-0b5eea40f8eb;51:88:0A:9E;0;AVIÁRIO MEIO;847,00;12/11/2025;22:38:09;20;1282-20
CO2;1282;CT-CO2-0;02938df5-6afb-d44e-582d-0b5eea40f8eb;51:88:0A:9E;0;AVIÁRIO MEIO;854,00;12/11/2025;22:43:10;20;1282-20
CO2;1282;CT-CO2-0;02938df5-6afb-d44e-582d-0b5eea40f8eb;51:88:0A:9E;0;AVIÁRIO MEIO;835,00;12/11/2025;22:48:42;20;1282-20
CO2;1282;CT-CO2-0;02938df5-6afb-d44e-582d-0b5eea40f8eb;51:88:0A:9E;0;AVIÁRIO MEIO;825,00;12/11/2025;22:54:14;20;1282-20
CO2;1282;CT-CO2-0;02938df5-6afb-d44e-582d-0b5eea40f8eb;51:88:0A:9E;0;AVIÁRIO MEIO;840,00;12/11/2025;22:59:16;20;1282-20
CO2;1282;CT-CO2-0;02938df5-6afb-d44e-582d-0b5eea40f8eb;51:88:0A:9E;0;AVIÁRIO MEIO;828,00;12/11/2025;23:04:48;20;1282-20
CO2;1282;CT-CO2-0;02938df5-6afb-d44e-582d-0b5eea40f8eb;51:88:0A:9E;0;AVIÁRIO MEIO;830,00;12/11/2025;23:10:22;20;1282-20
CO2;1282;CT-CO2-0;02938df5-6afb-d44e-582d-0b5eea40f8eb;51:88:0A:9E;0;AVIÁRIO MEIO;837,00;12/11/2025;23:15:56;20;1282-20
CO2;1282;CT-CO2-0;02938df5-6afb-d44e-582d-0b5eea40f8eb;51:88:0A:9E;0;AVIÁRIO MEIO;828,00;12/11/2025;23:20:58;20;1282-20
CO2;1282;CT-CO2-0;02938df5-6afb-d44e-582d-0b5eea40f8eb;51:88:0A:9E;0;AVIÁRIO MEIO;831,00;12/11/2025;23:26:30;20;1282-20
CO2;1282;CT-CO2-0;02938df5-6afb-d44e-582d-0b5eea40f8eb;51:88:0A:9E;0;AVIÁRIO MEIO;827,00;12/11/2025;23:31:33;20;1282-20
CO2;1282;CT-CO2-0;02938df5-6afb-d44e-582d-0b5eea40f8eb;51:88:0A:9E;0;AVIÁRIO MEIO;840,00;12/11/2025;23:37:05;20;1282-20
CO2;1282;CT-CO2-0;02938df5-6afb-d44e-582d-0b5eea40f8eb;51:88:0A:9E;0;AVIÁRIO MEIO;832,00;12/11/2025;23:42:37;20;1282-20
CO2;1282;CT-CO2-0;02938df5-6afb-d44e-582d-0b5eea40f8eb;51:88:0A:9E;0;AVIÁRIO MEIO;821,00;12/11/2025;23:47:39;20;1282-20
CO2;1282;CT-CO2-0;02938df5-6afb-d44e-582d-0b5eea40f8eb;51:88:0A:9E;0;AVIÁRIO MEIO;843,00;12/11/2025;23:53:10;20;1282-20
CO2;1282;CT-CO2-0;02938df5-6afb-d44e-582d-0b5eea40f8eb;51:88:0A:9E;0;AVIÁRIO MEIO;823,00;12/11/2025;23:58:42;20;1282-20
CO2;1282;CT-CO2-0;02938df5-6afb-d44e-582d-0b5eea40f8eb;51:88:0A:9E;0;AVIÁRIO MEIO;828,00;13/11/2025;00:03:44;20;1282-20
CO2;1282;CT-CO2-0;02938df5-6afb-d44e-582d-0b5eea40f8eb;51:88:0A:9E;0;AVIÁRIO MEIO;827,00;13/11/2025;00:09:15;20;1282-20
CO2;1282;CT-CO2-0;02938df5-6afb-d44e-582d-0b5eea40f8eb;51:88:0A:9E;0;AVIÁRIO MEIO;815,00;13/11/2025;00:14:47;20;1282-20
CO2;1282;CT-CO2-0;02938df5-6afb-d44e-582d-0b5eea40f8eb;51:88:0A:9E;0;AVIÁRIO MEIO;814,00;13/11/2025;00:19:50;20;1282-20
CO2;1282;CT-CO2-0;02938df5-6afb-d44e-582d-0b5eea40f8eb;51:88:0A:9E;0;AVIÁRIO MEIO;816,00;13/11/2025;00:25:54;20;1282-20
CO2;1282;CT-CO2-0;02938df5-6afb-d44e-582d-0b5eea40f8eb;51:88:0A:9E;0;AVIÁRIO MEIO;802,00;13/11/2025;00:30:57;20;1282-20
CO2;1282;CT-CO2-0;02938df5-6afb-d44e-582d-0b5eea40f8eb;51:88:0A:9E;0;AVIÁRIO MEIO;812,00;13/11/2025;00:36:00;20;1282-20
CO2;1282;CT-CO2-0;02938df5-6afb-d44e-582d-0b5eea40f8eb;51:88:0A:9E;0;AVIÁRIO MEIO;795,00;13/11/2025;00:41:33;20;1282-20
CO2;1282;CT-CO2-0;02938df5-6afb-d44e-582d-0b5eea40f8eb;51:88:0A:9E;0;AVIÁRIO MEIO;814,00;13/11/2025;00:47:05;20;1282-20
CO2;1282;CT-CO2-0;02938df5-6afb-d44e-582d-0b5eea40f8eb;51:88:0A:9E;0;AVIÁRIO MEIO;826,00;13/11/2025;00:52:07;20;1282-20
CO2;1282;CT-CO2-0;02938df5-6afb-d44e-582d-0b5eea40f8eb;51:88:0A:9E;0;AVIÁRIO MEIO;817,00;13/11/2025;00:57:39;20;1282-20
CO2;1282;CT-CO2-0;02938df5-6afb-d44e-582d-0b5eea40f8eb;51:88:0A:9E;0;AVIÁRIO MEIO;829,00;13/11/2025;01:03:12;20;1282-20
CO2;1282;CT-CO2-0;02938df5-6afb-d44e-582d-0b5eea40f8eb;51:88:0A:9E;0;AVIÁRIO MEIO;828,00;13/11/2025;01:08:15;20;1282-20
CO2;1282;CT-CO2-0;02938df5-6afb-d44e-582d-0b5eea40f8eb;51:88:0A:9E;0;AVIÁRIO MEIO;812,00;13/11/2025;01:13:47;20;1282-20
CO2;1282;CT-CO2-0;02938df5-6afb-d44e-582d-0b5eea40f8eb;51:88:0A:9E;0;AVIÁRIO MEIO;816,00;13/11/2025;01:19:19;20;1282-20
CO2;1282;CT-CO2-0;02938df5-6afb-d44e-582d-0b5eea40f8eb;51:88:0A:9E;0;AVIÁRIO MEIO;818,00;13/11/2025;01:24:21;20;1282-20
CO2;1282;CT-CO2-0;02938df5-6afb-d44e-582d-0b5eea40f8eb;51:88:0A:9E;0;AVIÁRIO MEIO;813,00;13/11/2025;01:29:53;20;1282-20
CO2;1282;CT-CO2-0;02938df5-6afb-d44e-582d-0b5eea40f8eb;51:88:0A:9E;0;AVIÁRIO MEIO;803,00;13/11/2025;01:35:58;20;1282-20
CO2;1282;CT-CO2-0;02938df5-6afb-d44e-582d-0b5eea40f8eb;51:88:0A:9E;0;AVIÁRIO MEIO;813,00;13/11/2025;01:40:29;20;1282-20
CO2;1282;CT-CO2-0;02938df5-6afb-d44e-582d-0b5eea40f8eb;51:88:0A:9E;0;AVIÁRIO MEIO;826,00;13/11/2025;01:46:01;20;1282-20
CO2;1282;CT-CO2-0;02938df5-6afb-d44e-582d-0b5eea40f8eb;51:88:0A:9E;0;AVIÁRIO MEIO;805,00;13/11/2025;01:51:33;20;1282-20
CO2;1282;CT-CO2-0;02938df5-6afb-d44e-582d-0b5eea40f8eb;51:88:0A:9E;0;AVIÁRIO MEIO;792,00;13/11/2025;01:56:36;20;1282-20
CO2;1282;CT-CO2-0;02938df5-6afb-d44e-582d-0b5eea40f8eb;51:88:0A:9E;0;AVIÁRIO MEIO;816,00;13/11/2025;02:02:07;20;1282-20
CO2;1282;CT-CO2-0;02938df5-6afb-d44e-582d-0b5eea40f8eb;51:88:0A:9E;0;AVIÁRIO MEIO;805,00;13/11/2025;02:07:40;20;1282-20
CO2;1282;CT-CO2-0;02938df5-6afb-d44e-582d-0b5eea40f8eb;51:88:0A:9E;0;AVIÁRIO MEIO;816,00;13/11/2025;02:12:42;20;1282-20
CO2;1282;CT-CO2-0;02938df5-6afb-d44e-582d-0b5eea40f8eb;51:88:0A:9E;0;AVIÁRIO MEIO;812,00;13/11/2025;02:18:14;20;1282-20
CO2;1282;CT-CO2-0;02938df5-6afb-d44e-582d-0b5eea40f8eb;51:88:0A:9E;0;AVIÁRIO MEIO;816,00;13/11/2025;02:23:46;20;1282-20
CO2;1282;CT-CO2-0;02938df5-6afb-d44e-582d-0b5eea40f8eb;51:88:0A:9E;0;AVIÁRIO MEIO;796,00;13/11/2025;02:28:48;20;1282-20
CO2;1282;CT-CO2-0;02938df5-6afb-d44e-582d-0b5eea40f8eb;51:88:0A:9E;0;AVIÁRIO MEIO;813,00;13/11/2025;02:34:21;20;1282-20
CO2;1282;CT-CO2-0;02938df5-6afb-d44e-582d-0b5eea40f8eb;51:88:0A:9E;0;AVIÁRIO MEIO;827,00;13/11/2025;02:39:53;20;1282-20
CO2;1282;CT-CO2-0;02938df5-6afb-d44e-582d-0b5eea40f8eb;51:88:0A:9E;0;AVIÁRIO MEIO;809,00;13/11/2025;02:45:26;20;1282-20
CO2;1282;CT-CO2-0;02938df5-6afb-d44e-582d-0b5eea40f8eb;51:88:0A:9E;0;AVIÁRIO MEIO;808,00;13/11/2025;02:50:28;20;1282-20
CO2;1282;CT-CO2-0;02938df5-6afb-d44e-582d-0b5eea40f8eb;51:88:0A:9E;0;AVIÁRIO MEIO;805,00;13/11/2025;02:56:01;20;1282-20
CO2;1282;CT-CO2-0;02938df5-6afb-d44e-582d-0b5eea40f8eb;51:88:0A:9E;0;AVIÁRIO MEIO;824,00;13/11/2025;03:01:03;20;1282-20
CO2;1282;CT-CO2-0;02938df5-6afb-d44e-582d-0b5eea40f8eb;51:88:0A:9E;0;AVIÁRIO MEIO;819,00;13/11/2025;03:06:35;20;1282-20
CO2;1282;CT-CO2-0;02938df5-6afb-d44e-582d-0b5eea40f8eb;51:88:0A:9E;0;AVIÁRIO MEIO;819,00;13/11/2025;03:12:08;20;1282-20
CO2;1282;CT-CO2-0;02938df5-6afb-d44e-582d-0b5eea40f8eb;51:88:0A:9E;0;AVIÁRIO MEIO;815,00;13/11/2025;03:17:09;20;1282-20
CO2;1282;CT-CO2-0;02938df5-6afb-d44e-582d-0b5eea40f8eb;51:88:0A:9E;0;AVIÁRIO MEIO;827,00;13/11/2025;03:22:42;20;1282-20
CO2;1282;CT-CO2-0;02938df5-6afb-d44e-582d-0b5eea40f8eb;51:88:0A:9E;0;AVIÁRIO MEIO;845,00;13/11/2025;03:28:15;20;1282-20
CO2;1282;CT-CO2-0;02938df5-6afb-d44e-582d-0b5eea40f8eb;51:88:0A:9E;0;AVIÁRIO MEIO;835,00;13/11/2025;03:33:19;20;1282-20
CO2;1282;CT-CO2-0;02938df5-6afb-d44e-582d-0b5eea40f8eb;51:88:0A:9E;0;AVIÁRIO MEIO;832,00;13/11/2025;03:38:52;20;1282-20
CO2;1282;CT-CO2-0;02938df5-6afb-d44e-582d-0b5eea40f8eb;51:88:0A:9E;0;AVIÁRIO MEIO;820,00;13/11/2025;03:44:25;20;1282-20
CO2;1282;CT-CO2-0;02938df5-6afb-d44e-582d-0b5eea40f8eb;51:88:0A:9E;0;AVIÁRIO MEIO;820,00;13/11/2025;03:49:27;20;1282-20
CO2;1282;CT-CO2-0;02938df5-6afb-d44e-582d-0b5eea40f8eb;51:88:0A:9E;0;AVIÁRIO MEIO;801,00;13/11/2025;03:55:31;20;1282-20
CO2;1282;CT-CO2-0;02938df5-6afb-d44e-582d-0b5eea40f8eb;51:88:0A:9E;0;AVIÁRIO MEIO;822,00;13/11/2025;04:00:32;20;1282-20
CO2;1282;CT-CO2-0;02938df5-6afb-d44e-582d-0b5eea40f8eb;51:88:0A:9E;0;AVIÁRIO MEIO;825,00;13/11/2025;04:05:34;20;1282-20
CO2;1282;CT-CO2-0;02938df5-6afb-d44e-582d-0b5eea40f8eb;51:88:0A:9E;0;AVIÁRIO MEIO;832,00;13/11/2025;04:11:07;20;1282-20
CO2;1282;CT-CO2-0;02938df5-6afb-d44e-582d-0b5eea40f8eb;51:88:0A:9E;0;AVIÁRIO MEIO;834,00;13/11/2025;04:16:40;20;1282-20
CO2;1282;CT-CO2-0;02938df5-6afb-d44e-582d-0b5eea40f8eb;51:88:0A:9E;0;AVIÁRIO MEIO;810,00;13/11/2025;04:21:43;20;1282-20
CO2;1282;CT-CO2-0;02938df5-6afb-d44e-582d-0b5eea40f8eb;51:88:0A:9E;0;AVIÁRIO MEIO;802,00;13/11/2025;04:27:16;20;1282-20
CO2;1282;CT-CO2-0;02938df5-6afb-d44e-582d-0b5eea40f8eb;51:88:0A:9E;0;AVIÁRIO MEIO;804,00;13/11/2025;04:32:18;20;1282-20
CO2;1282;CT-CO2-0;02938df5-6afb-d44e-582d-0b5eea40f8eb;51:88:0A:9E;0;AVIÁRIO MEIO;814,00;13/11/2025;04:37:49;20;1282-20
CO2;1282;CT-CO2-0;02938df5-6afb-d44e-582d-0b5eea40f8eb;51:88:0A:9E;0;AVIÁRIO MEIO;795,00;13/11/2025;04:43:20;20;1282-20
CO2;1282;CT-CO2-0;02938df5-6afb-d44e-582d-0b5eea40f8eb;51:88:0A:9E;0;AVIÁRIO MEIO;800,00;13/11/2025;04:48:52;20;1282-20
CO2;1282;CT-CO2-0;02938df5-6afb-d44e-582d-0b5eea40f8eb;51:88:0A:9E;0;AVIÁRIO MEIO;802,00;13/11/2025;04:53:55;20;1282-20
CO2;1282;CT-CO2-0;02938df5-6afb-d44e-582d-0b5eea40f8eb;51:88:0A:9E;0;AVIÁRIO MEIO;822,00;13/11/2025;04:59:28;20;1282-20
CO2;1282;CT-CO2-0;02938df5-6afb-d44e-582d-0b5eea40f8eb;51:88:0A:9E;0;AVIÁRIO MEIO;805,00;13/11/2025;05:10:03;20;1282-20
CO2;1282;CT-CO2-0;02938df5-6afb-d44e-582d-0b5eea40f8eb;51:88:0A:9E;0;AVIÁRIO MEIO;814,00;13/11/2025;05:15:35;20;1282-20
CO2;1282;CT-CO2-0;02938df5-6afb-d44e-582d-0b5eea40f8eb;51:88:0A:9E;0;AVIÁRIO MEIO;798,00;13/11/2025;05:21:07;20;1282-20
CO2;1282;CT-CO2-0;02938df5-6afb-d44e-582d-0b5eea40f8eb;51:88:0A:9E;0;AVIÁRIO MEIO;813,00;13/11/2025;05:26:09;20;1282-20
CO2;1282;CT-CO2-0;02938df5-6afb-d44e-582d-0b5eea40f8eb;51:88:0A:9E;0;AVIÁRIO MEIO;816,00;13/11/2025;05:31:40;20;1282-20
CO2;1282;CT-CO2-0;02938df5-6afb-d44e-582d-0b5eea40f8eb;51:88:0A:9E;0;AVIÁRIO MEIO;806,00;13/11/2025;05:37:13;20;1282-20
CO2;1282;CT-CO2-0;02938df5-6afb-d44e-582d-0b5eea40f8eb;51:88:0A:9E;0;AVIÁRIO MEIO;801,00;13/11/2025;05:42:16;20;1282-20
CO2;1282;CT-CO2-0;02938df5-6afb-d44e-582d-0b5eea40f8eb;51:88:0A:9E;0;AVIÁRIO MEIO;785,00;13/11/2025;05:47:48;20;1282-20
CO2;1282;CT-CO2-0;02938df5-6afb-d44e-582d-0b5eea40f8eb;51:88:0A:9E;0;AVIÁRIO MEIO;795,00;13/11/2025;05:53:20;20;1282-20
CO2;1282;CT-CO2-0;02938df5-6afb-d44e-582d-0b5eea40f8eb;51:88:0A:9E;0;AVIÁRIO MEIO;825,00;13/11/2025;05:58:22;20;1282-20
CO2;1282;CT-CO2-0;02938df5-6afb-d44e-582d-0b5eea40f8eb;51:88:0A:9E;0;AVIÁRIO MEIO;810,00;13/11/2025;06:03:54;20;1282-20
CO2;1282;CT-CO2-0;02938df5-6afb-d44e-582d-0b5eea40f8eb;51:88:0A:9E;0;AVIÁRIO MEIO;813,00;13/11/2025;06:09:26;20;1282-20
CO2;1282;CT-CO2-0;02938df5-6afb-d44e-582d-0b5eea40f8eb;51:88:0A:9E;0;AVIÁRIO MEIO;808,00;13/11/2025;06:15:00;20;1282-20
CO2;1282;CT-CO2-0;02938df5-6afb-d44e-582d-0b5eea40f8eb;51:88:0A:9E;0;AVIÁRIO MEIO;800,00;13/11/2025;06:20:01;20;1282-20
CO2;1282;CT-CO2-0;02938df5-6afb-d44e-582d-0b5eea40f8eb;51:88:0A:9E;0;AVIÁRIO MEIO;804,00;13/11/2025;06:25:33;20;1282-20
CO2;1282;CT-CO2-0;02938df5-6afb-d44e-582d-0b5eea40f8eb;51:88:0A:9E;0;AVIÁRIO MEIO;815,00;13/11/2025;06:30:35;20;1282-20
CO2;1282;CT-CO2-0;02938df5-6afb-d44e-582d-0b5eea40f8eb;51:88:0A:9E;0;AVIÁRIO MEIO;823,00;13/11/2025;06:36:07;20;1282-20
CO2;1282;CT-CO2-0;02938df5-6afb-d44e-582d-0b5eea40f8eb;51:88:0A:9E;0;AVIÁRIO MEIO;832,00;13/11/2025;06:41:40;20;1282-20
CO2;1282;CT-CO2-0;02938df5-6afb-d44e-582d-0b5eea40f8eb;51:88:0A:9E;0;AVIÁRIO MEIO;844,00;13/11/2025;06:46:43;20;1282-20
CO2;1282;CT-CO2-0;02938df5-6afb-d44e-582d-0b5eea40f8eb;51:88:0A:9E;0;AVIÁRIO MEIO;850,00;13/11/2025;06:52:15;20;1282-20
CO2;1282;CT-CO2-0;02938df5-6afb-d44e-582d-0b5eea40f8eb;51:88:0A:9E;0;AVIÁRIO MEIO;871,00;13/11/2025;06:57:49;20;1282-20
CO2;1282;CT-CO2-0;02938df5-6afb-d44e-582d-0b5eea40f8eb;51:88:0A:9E;0;AVIÁRIO MEIO;880,00;13/11/2025;07:02:51;20;1282-20
CO2;1282;CT-CO2-0;02938df5-6afb-d44e-582d-0b5eea40f8eb;51:88:0A:9E;0;AVIÁRIO MEIO;881,00;13/11/2025;07:08:23;20;1282-20
CO2;1282;CT-CO2-0;02938df5-6afb-d44e-582d-0b5eea40f8eb;51:88:0A:9E;0;AVIÁRIO MEIO;875,00;13/11/2025;07:13:55;20;1282-20
CO2;1282;CT-CO2-0;02938df5-6afb-d44e-582d-0b5eea40f8eb;51:88:0A:9E;0;AVIÁRIO MEIO;885,00;13/11/2025;07:18:57;20;1282-20
CO2;1282;CT-CO2-0;02938df5-6afb-d44e-582d-0b5eea40f8eb;51:88:0A:9E;0;AVIÁRIO MEIO;874,00;13/11/2025;07:25:00;20;1282-20
CO2;1282;CT-CO2-0;02938df5-6afb-d44e-582d-0b5eea40f8eb;51:88:0A:9E;0;AVIÁRIO MEIO;875,00;13/11/2025;07:30:02;20;1282-20
CO2;1282;CT-CO2-0;02938df5-6afb-d44e-582d-0b5eea40f8eb;51:88:0A:9E;0;AVIÁRIO MEIO;906,00;13/11/2025;07:35:06;20;1282-20
CO2;1282;CT-CO2-0;02938df5-6afb-d44e-582d-0b5eea40f8eb;51:88:0A:9E;0;AVIÁRIO MEIO;899,00;13/11/2025;07:40:38;20;1282-20
CO2;1282;CT-CO2-0;02938df5-6afb-d44e-582d-0b5eea40f8eb;51:88:0A:9E;0;AVIÁRIO MEIO;907,00;13/11/2025;07:46:10;20;1282-20
CO2;1282;CT-CO2-0;02938df5-6afb-d44e-582d-0b5eea40f8eb;51:88:0A:9E;0;AVIÁRIO MEIO;885,00;13/11/2025;07:51:13;20;1282-20
CO2;1282;CT-CO2-0;02938df5-6afb-d44e-582d-0b5eea40f8eb;51:88:0A:9E;0;AVIÁRIO MEIO;885,00;13/11/2025;07:56:47;20;1282-20
CO2;1282;CT-CO2-0;02938df5-6afb-d44e-582d-0b5eea40f8eb;51:88:0A:9E;0;AVIÁRIO MEIO;880,00;13/11/2025;08:02:19;20;1282-20
CO2;1282;CT-CO2-0;02938df5-6afb-d44e-582d-0b5eea40f8eb;51:88:0A:9E;0;AVIÁRIO MEIO;894,00;13/11/2025;08:07:20;20;1282-20
CO2;1282;CT-CO2-0;02938df5-6afb-d44e-582d-0b5eea40f8eb;51:88:0A:9E;0;AVIÁRIO MEIO;897,00;13/11/2025;08:12:54;20;1282-20
CO2;1282;CT-CO2-0;02938df5-6afb-d44e-582d-0b5eea40f8eb;51:88:0A:9E;0;AVIÁRIO MEIO;890,00;13/11/2025;08:18:25;20;1282-20
CO2;1282;CT-CO2-0;02938df5-6afb-d44e-582d-0b5eea40f8eb;51:88:0A:9E;0;AVIÁRIO MEIO;904,00;13/11/2025;08:23:27;20;1282-20
CO2;1282;CT-CO2-0;02938df5-6afb-d44e-582d-0b5eea40f8eb;51:88:0A:9E;0;AVIÁRIO MEIO;873,00;13/11/2025;08:29:00;20;1282-20
CO2;1282;CT-CO2-0;02938df5-6afb-d44e-582d-0b5eea40f8eb;51:88:0A:9E;0;AVIÁRIO MEIO;878,00;13/11/2025;08:35:03;20;1282-20
CO2;1282;CT-CO2-0;02938df5-6afb-d44e-582d-0b5eea40f8eb;51:88:0A:9E;0;AVIÁRIO MEIO;866,00;13/11/2025;08:39:35;20;1282-20
CO2;1282;CT-CO2-0;02938df5-6afb-d44e-582d-0b5eea40f8eb;51:88:0A:9E;0;AVIÁRIO MEIO;885,00;13/11/2025;08:45:11;20;1282-20
CO2;1282;CT-CO2-0;02938df5-6afb-d44e-582d-0b5eea40f8eb;51:88:0A:9E;0;AVIÁRIO MEIO;786,00;13/11/2025;08:55:45;20;1282-20
CO2;1282;CT-CO2-0;02938df5-6afb-d44e-582d-0b5eea40f8eb;51:88:0A:9E;0;AVIÁRIO MEIO;811,00;13/11/2025;09:01:17;20;1282-20
CO2;1282;CT-CO2-0;02938df5-6afb-d44e-582d-0b5eea40f8eb;51:88:0A:9E;0;AVIÁRIO MEIO;853,00;13/11/2025;09:06:49;20;1282-20
CO2;1282;CT-CO2-0;02938df5-6afb-d44e-582d-0b5eea40f8eb;51:88:0A:9E;0;AVIÁRIO MEIO;853,00;13/11/2025;09:11:51;20;1282-20
CO2;1282;CT-CO2-0;02938df5-6afb-d44e-582d-0b5eea40f8eb;51:88:0A:9E;0;AVIÁRIO MEIO;862,00;13/11/2025;09:17:23;20;1282-20
CO2;1282;CT-CO2-0;02938df5-6afb-d44e-582d-0b5eea40f8eb;51:88:0A:9E;0;AVIÁRIO MEIO;870,00;13/11/2025;09:22:56;20;1282-20
CO2;1282;CT-CO2-0;02938df5-6afb-d44e-582d-0b5eea40f8eb;51:88:0A:9E;0;AVIÁRIO MEIO;818,00;13/11/2025;09:27:59;20;1282-20
CO2;1282;CT-CO2-0;02938df5-6afb-d44e-582d-0b5eea40f8eb;51:88:0A:9E;0;AVIÁRIO MEIO;794,00;13/11/2025;09:33:31;20;1282-20
CO2;1282;CT-CO2-0;02938df5-6afb-d44e-582d-0b5eea40f8eb;51:88:0A:9E;0;AVIÁRIO MEIO;813,00;13/11/2025;09:39:03;20;1282-20
CO2;1282;CT-CO2-0;02938df5-6afb-d44e-582d-0b5eea40f8eb;51:88:0A:9E;0;AVIÁRIO MEIO;811,00;13/11/2025;09:44:37;20;1282-20
CO2;1282;CT-CO2-0;02938df5-6afb-d44e-582d-0b5eea40f8eb;51:88:0A:9E;0;AVIÁRIO MEIO;829,00;13/11/2025;09:49:40;20;1282-20
CO2;1282;CT-CO2-0;02938df5-6afb-d44e-582d-0b5eea40f8eb;51:88:0A:9E;0;AVIÁRIO MEIO;808,00;13/11/2025;10:05:48;20;1282-20
CO2;1282;CT-CO2-0;02938df5-6afb-d44e-582d-0b5eea40f8eb;51:88:0A:9E;0;AVIÁRIO MEIO;795,00;13/11/2025;10:10:50;20;1282-20
CO2;1282;CT-CO2-0;02938df5-6afb-d44e-582d-0b5eea40f8eb;51:88:0A:9E;0;AVIÁRIO MEIO;784,00;13/11/2025;10:16:21;20;1282-20
CO2;1282;CT-CO2-0;02938df5-6afb-d44e-582d-0b5eea40f8eb;51:88:0A:9E;0;AVIÁRIO MEIO;806,00;13/11/2025;10:21:53;20;1282-20
CO2;1282;CT-CO2-0;02938df5-6afb-d44e-582d-0b5eea40f8eb;51:88:0A:9E;0;AVIÁRIO MEIO;800,00;13/11/2025;10:27:24;20;1282-20
CO2;1282;CT-CO2-0;02938df5-6afb-d44e-582d-0b5eea40f8eb;51:88:0A:9E;0;AVIÁRIO MEIO;795,00;13/11/2025;10:32:26;20;1282-20
CO2;1282;CT-CO2-0;02938df5-6afb-d44e-582d-0b5eea40f8eb;51:88:0A:9E;0;AVIÁRIO MEIO;800,00;13/11/2025;10:37:58;20;1282-20
CO2;1282;CT-CO2-0;02938df5-6afb-d44e-582d-0b5eea40f8eb;51:88:0A:9E;0;AVIÁRIO MEIO;786,00;13/11/2025;10:43:31;20;1282-20
CO2;1282;CT-CO2-0;02938df5-6afb-d44e-582d-0b5eea40f8eb;51:88:0A:9E;0;AVIÁRIO MEIO;786,00;13/11/2025;10:48:32;20;1282-20
CO2;1282;CT-CO2-0;02938df5-6afb-d44e-582d-0b5eea40f8eb;51:88:0A:9E;0;AVIÁRIO MEIO;788,00;13/11/2025;10:54:37;20;1282-20
CO2;1282;CT-CO2-0;02938df5-6afb-d44e-582d-0b5eea40f8eb;51:88:0A:9E;0;AVIÁRIO MEIO;795,00;13/11/2025;10:59:39;20;1282-20
CO2;1282;CT-CO2-0;02938df5-6afb-d44e-582d-0b5eea40f8eb;51:88:0A:9E;0;AVIÁRIO MEIO;786,00;13/11/2025;11:04:41;20;1282-20
CO2;1282;CT-CO2-0;02938df5-6afb-d44e-582d-0b5eea40f8eb;51:88:0A:9E;0;AVIÁRIO MEIO;773,00;13/11/2025;11:10:13;20;1282-20
CO2;1282;CT-CO2-0;02938df5-6afb-d44e-582d-0b5eea40f8eb;51:88:0A:9E;0;AVIÁRIO MEIO;783,00;13/11/2025;11:15:45;20;1282-20
CO2;1282;CT-CO2-0;02938df5-6afb-d44e-582d-0b5eea40f8eb;51:88:0A:9E;0;AVIÁRIO MEIO;783,00;13/11/2025;11:20:47;20;1282-20
CO2;1282;CT-CO2-0;02938df5-6afb-d44e-582d-0b5eea40f8eb;51:88:0A:9E;0;AVIÁRIO MEIO;737,00;13/11/2025;11:26:19;20;1282-20
CO2;1282;CT-CO2-0;02938df5-6afb-d44e-582d-0b5eea40f8eb;51:88:0A:9E;0;AVIÁRIO MEIO;718,00;13/11/2025;11:31:51;20;1282-20
CO2;1282;CT-CO2-0;02938df5-6afb-d44e-582d-0b5eea40f8eb;51:88:0A:9E;0;AVIÁRIO MEIO;703,00;13/11/2025;11:36:53;20;1282-20
CO2;1282;CT-CO2-0;02938df5-6afb-d44e-582d-0b5eea40f8eb;51:88:0A:9E;0;AVIÁRIO MEIO;714,00;13/11/2025;11:42:26;20;1282-20
CO2;1282;CT-CO2-0;02938df5-6afb-d44e-582d-0b5eea40f8eb;51:88:0A:9E;0;AVIÁRIO MEIO;714,00;13/11/2025;11:47:57;20;1282-20
CO2;1282;CT-CO2-0;02938df5-6afb-d44e-582d-0b5eea40f8eb;51:88:0A:9E;0;AVIÁRIO MEIO;707,00;13/11/2025;11:52:59;20;1282-20
CO2;1282;CT-CO2-0;02938df5-6afb-d44e-582d-0b5eea40f8eb;51:88:0A:9E;0;AVIÁRIO MEIO;702,00;13/11/2025;11:58:31;20;1282-20
CO2;1282;CT-CO2-0;02938df5-6afb-d44e-582d-0b5eea40f8eb;51:88:0A:9E;0;AVIÁRIO MEIO;691,00;13/11/2025;12:04:35;20;1282-20
CO2;1282;CT-CO2-0;02938df5-6afb-d44e-582d-0b5eea40f8eb;51:88:0A:9E;0;AVIÁRIO MEIO;714,00;13/11/2025;12:09:06;20;1282-20
CO2;1282;CT-CO2-0;02938df5-6afb-d44e-582d-0b5eea40f8eb;51:88:0A:9E;0;AVIÁRIO MEIO;709,00;13/11/2025;12:14:43;20;1282-20
CO2;1282;CT-CO2-0;02938df5-6afb-d44e-582d-0b5eea40f8eb;51:88:0A:9E;0;AVIÁRIO MEIO;707,00;13/11/2025;12:20:16;20;1282-20
CO2;1282;CT-CO2-0;02938df5-6afb-d44e-582d-0b5eea40f8eb;51:88:0A:9E;0;AVIÁRIO MEIO;713,00;13/11/2025;12:25:19;20;1282-20
CO2;1282;CT-CO2-0;02938df5-6afb-d44e-582d-0b5eea40f8eb;51:88:0A:9E;0;AVIÁRIO MEIO;698,00;13/11/2025;12:30:51;20;1282-20
CO2;1282;CT-CO2-0;02938df5-6afb-d44e-582d-0b5eea40f8eb;51:88:0A:9E;0;AVIÁRIO MEIO;694,00;13/11/2025;12:36:22;20;1282-20
CO2;1282;CT-CO2-0;02938df5-6afb-d44e-582d-0b5eea40f8eb;51:88:0A:9E;0;AVIÁRIO MEIO;701,00;13/11/2025;12:41:24;20;1282-20
CO2;1282;CT-CO2-0;02938df5-6afb-d44e-582d-0b5eea40f8eb;51:88:0A:9E;0;AVIÁRIO MEIO;709,00;13/11/2025;12:46:56;20;1282-20
CO2;1282;CT-CO2-0;02938df5-6afb-d44e-582d-0b5eea40f8eb;51:88:0A:9E;0;AVIÁRIO MEIO;715,00;13/11/2025;12:52:28;20;1282-20
CO2;1282;CT-CO2-0;02938df5-6afb-d44e-582d-0b5eea40f8eb;51:88:0A:9E;0;AVIÁRIO MEIO;688,00;13/11/2025;12:57:29;20;1282-20
CO2;1282;CT-CO2-0;02938df5-6afb-d44e-582d-0b5eea40f8eb;51:88:0A:9E;0;AVIÁRIO MEIO;682,00;13/11/2025;13:03:02;20;1282-20
CO2;1282;CT-CO2-0;02938df5-6afb-d44e-582d-0b5eea40f8eb;51:88:0A:9E;0;AVIÁRIO MEIO;678,00;13/11/2025;13:08:34;20;1282-20
CO2;1282;CT-CO2-0;02938df5-6afb-d44e-582d-0b5eea40f8eb;51:88:0A:9E;0;AVIÁRIO MEIO;678,00;13/11/2025;13:14:08;20;1282-20
CO2;1282;CT-CO2-0;02938df5-6afb-d44e-582d-0b5eea40f8eb;51:88:0A:9E;0;AVIÁRIO MEIO;675,00;13/11/2025;13:19:10;20;1282-20
CO2;1282;CT-CO2-0;02938df5-6afb-d44e-582d-0b5eea40f8eb;51:88:0A:9E;0;AVIÁRIO MEIO;691,00;13/11/2025;13:24:43;20;1282-20
CO2;1282;CT-CO2-0;02938df5-6afb-d44e-582d-0b5eea40f8eb;51:88:0A:9E;0;AVIÁRIO MEIO;673,00;13/11/2025;13:29:45;20;1282-20
CO2;1282;CT-CO2-0;02938df5-6afb-d44e-582d-0b5eea40f8eb;51:88:0A:9E;0;AVIÁRIO MEIO;683,00;13/11/2025;13:40:49;20;1282-20
CO2;1282;CT-CO2-0;02938df5-6afb-d44e-582d-0b5eea40f8eb;51:88:0A:9E;0;AVIÁRIO MEIO;678,00;13/11/2025;13:45:51;20;1282-20
CO2;1282;CT-CO2-0;02938df5-6afb-d44e-582d-0b5eea40f8eb;51:88:0A:9E;0;AVIÁRIO MEIO;734,00;13/11/2025;13:51:23;20;1282-20
CO2;1282;CT-CO2-0;02938df5-6afb-d44e-582d-0b5eea40f8eb;51:88:0A:9E;0;AVIÁRIO MEIO;680,00;13/11/2025;13:56:55;20;1282-20
CO2;1282;CT-CO2-0;02938df5-6afb-d44e-582d-0b5eea40f8eb;51:88:0A:9E;0;AVIÁRIO MEIO;675,00;13/11/2025;14:01:57;20;1282-20
CO2;1282;CT-CO2-0;02938df5-6afb-d44e-582d-0b5eea40f8eb;51:88:0A:9E;0;AVIÁRIO MEIO;686,00;13/11/2025;14:07:31;20;1282-20
CO2;1282;CT-CO2-0;02938df5-6afb-d44e-582d-0b5eea40f8eb;51:88:0A:9E;0;AVIÁRIO MEIO;702,00;13/11/2025;14:13:03;20;1282-20
CO2;1282;CT-CO2-0;02938df5-6afb-d44e-582d-0b5eea40f8eb;51:88:0A:9E;0;AVIÁRIO MEIO;713,00;13/11/2025;14:18:05;20;1282-20
CO2;1282;CT-CO2-0;02938df5-6afb-d44e-582d-0b5eea40f8eb;51:88:0A:9E;0;AVIÁRIO MEIO;725,00;13/11/2025;14:24:08;20;1282-20
CO2;1282;CT-CO2-0;02938df5-6afb-d44e-582d-0b5eea40f8eb;51:88:0A:9E;0;AVIÁRIO MEIO;717,00;13/11/2025;14:29:10;20;1282-20
CO2;1282;CT-CO2-0;02938df5-6afb-d44e-582d-0b5eea40f8eb;51:88:0A:9E;0;AVIÁRIO MEIO;713,00;13/11/2025;14:34:12;20;1282-20
CO2;1282;CT-CO2-0;02938df5-6afb-d44e-582d-0b5eea40f8eb;51:88:0A:9E;0;AVIÁRIO MEIO;683,00;13/11/2025;14:39:45;20;1282-20
CO2;1282;CT-CO2-0;02938df5-6afb-d44e-582d-0b5eea40f8eb;51:88:0A:9E;0;AVIÁRIO MEIO;692,00;13/11/2025;14:45:17;20;1282-20
CO2;1282;CT-CO2-0;02938df5-6afb-d44e-582d-0b5eea40f8eb;51:88:0A:9E;0;AVIÁRIO MEIO;707,00;13/11/2025;14:50:19;20;1282-20
CO2;1282;CT-CO2-0;02938df5-6afb-d44e-582d-0b5eea40f8eb;51:88:0A:9E;0;AVIÁRIO MEIO;693,00;13/11/2025;14:55:51;20;1282-20
CO2;1282;CT-CO2-0;02938df5-6afb-d44e-582d-0b5eea40f8eb;51:88:0A:9E;0;AVIÁRIO MEIO;684,00;13/11/2025;15:01:23;20;1282-20
CO2;1282;CT-CO2-0;02938df5-6afb-d44e-582d-0b5eea40f8eb;51:88:0A:9E;0;AVIÁRIO MEIO;705,00;13/11/2025;15:06:25;20;1282-20
CO2;1282;CT-CO2-0;02938df5-6afb-d44e-582d-0b5eea40f8eb;51:88:0A:9E;0;AVIÁRIO MEIO;711,00;13/11/2025;15:11:59;20;1282-20
CO2;1282;CT-CO2-0;02938df5-6afb-d44e-582d-0b5eea40f8eb;51:88:0A:9E;0;AVIÁRIO MEIO;700,00;13/11/2025;15:17:31;20;1282-20
CO2;1282;CT-CO2-0;02938df5-6afb-d44e-582d-0b5eea40f8eb;51:88:0A:9E;0;AVIÁRIO MEIO;713,00;13/11/2025;15:22:33;20;1282-20
CO2;1282;CT-CO2-0;02938df5-6afb-d44e-582d-0b5eea40f8eb;51:88:0A:9E;0;AVIÁRIO MEIO;702,00;13/11/2025;15:28:05;20;1282-20
CO2;1282;CT-CO2-0;02938df5-6afb-d44e-582d-0b5eea40f8eb;51:88:0A:9E;0;AVIÁRIO MEIO;694,00;13/11/2025;15:34:09;20;1282-20
CO2;1282;CT-CO2-0;02938df5-6afb-d44e-582d-0b5eea40f8eb;51:88:0A:9E;0;AVIÁRIO MEIO;705,00;13/11/2025;15:38:41;20;1282-20
CO2;1282;CT-CO2-0;02938df5-6afb-d44e-582d-0b5eea40f8eb;51:88:0A:9E;0;AVIÁRIO MEIO;731,00;13/11/2025;15:44:13;20;1282-20
CO2;1282;CT-CO2-0;02938df5-6afb-d44e-582d-0b5eea40f8eb;51:88:0A:9E;0;AVIÁRIO MEIO;808,00;13/11/2025;15:49:45;20;1282-20
CO2;1282;CT-CO2-0;02938df5-6afb-d44e-582d-0b5eea40f8eb;51:88:0A:9E;0;AVIÁRIO MEIO;803,00;13/11/2025;15:54:47;20;1282-20
CO2;1282;CT-CO2-0;02938df5-6afb-d44e-582d-0b5eea40f8eb;51:88:0A:9E;0;AVIÁRIO MEIO;901,00;13/11/2025;16:00:23;20;1282-20
CO2;1282;CT-CO2-0;02938df5-6afb-d44e-582d-0b5eea40f8eb;51:88:0A:9E;0;AVIÁRIO MEIO;804,00;13/11/2025;16:05:55;20;1282-20
CO2;1282;CT-CO2-0;02938df5-6afb-d44e-582d-0b5eea40f8eb;51:88:0A:9E;0;AVIÁRIO MEIO;821,00;13/11/2025;16:10:57;20;1282-20
CO2;1282;CT-CO2-0;02938df5-6afb-d44e-582d-0b5eea40f8eb;51:88:0A:9E;0;AVIÁRIO MEIO;794,00;13/11/2025;16:16:28;20;1282-20
CO2;1282;CT-CO2-0;02938df5-6afb-d44e-582d-0b5eea40f8eb;51:88:0A:9E;0;AVIÁRIO MEIO;800,00;13/11/2025;16:22:01;20;1282-20
CO2;1282;CT-CO2-0;02938df5-6afb-d44e-582d-0b5eea40f8eb;51:88:0A:9E;0;AVIÁRIO MEIO;807,00;13/11/2025;16:27:03;20;1282-20
CO2;1282;CT-CO2-0;02938df5-6afb-d44e-582d-0b5eea40f8eb;51:88:0A:9E;0;AVIÁRIO MEIO;800,00;13/11/2025;16:32:35;20;1282-20
CO2;1282;CT-CO2-0;02938df5-6afb-d44e-582d-0b5eea40f8eb;51:88:0A:9E;0;AVIÁRIO MEIO;803,00;13/11/2025;16:38:08;20;1282-20
CO2;1282;CT-CO2-0;02938df5-6afb-d44e-582d-0b5eea40f8eb;51:88:0A:9E;0;AVIÁRIO MEIO;772,00;13/11/2025;16:43:42;20;1282-20
CO2;1282;CT-CO2-0;02938df5-6afb-d44e-582d-0b5eea40f8eb;51:88:0A:9E;0;AVIÁRIO MEIO;796,00;13/11/2025;16:48:44;20;1282-20
CO2;1282;CT-CO2-0;02938df5-6afb-d44e-582d-0b5eea40f8eb;51:88:0A:9E;0;AVIÁRIO MEIO;785,00;13/11/2025;16:54:17;20;1282-20
CO2;1282;CT-CO2-0;02938df5-6afb-d44e-582d-0b5eea40f8eb;51:88:0A:9E;0;AVIÁRIO MEIO;793,00;13/11/2025;16:59:19;20;1282-20
CO2;1282;CT-CO2-0;02938df5-6afb-d44e-582d-0b5eea40f8eb;51:88:0A:9E;0;AVIÁRIO MEIO;794,00;13/11/2025;17:04:51;20;1282-20
CO2;1282;CT-CO2-0;02938df5-6afb-d44e-582d-0b5eea40f8eb;51:88:0A:9E;0;AVIÁRIO MEIO;798,00;13/11/2025;17:10:25;20;1282-20
CO2;1282;CT-CO2-0;02938df5-6afb-d44e-582d-0b5eea40f8eb;51:88:0A:9E;0;AVIÁRIO MEIO;777,00;13/11/2025;17:15:27;20;1282-20
CO2;1282;CT-CO2-0;02938df5-6afb-d44e-582d-0b5eea40f8eb;51:88:0A:9E;0;AVIÁRIO MEIO;794,00;13/11/2025;17:20:58;20;1282-20
CO2;1282;CT-CO2-0;02938df5-6afb-d44e-582d-0b5eea40f8eb;51:88:0A:9E;0;AVIÁRIO MEIO;775,00;13/11/2025;17:26:30;20;1282-20
CO2;1282;CT-CO2-0;02938df5-6afb-d44e-582d-0b5eea40f8eb;51:88:0A:9E;0;AVIÁRIO MEIO;782,00;13/11/2025;17:31:32;20;1282-20
CO2;1282;CT-CO2-0;02938df5-6afb-d44e-582d-0b5eea40f8eb;51:88:0A:9E;0;AVIÁRIO MEIO;781,00;13/11/2025;17:37:04;20;1282-20
CO2;1282;CT-CO2-0;02938df5-6afb-d44e-582d-0b5eea40f8eb;51:88:0A:9E;0;AVIÁRIO MEIO;790,00;13/11/2025;17:42:36;20;1282-20
CO2;1282;CT-CO2-0;02938df5-6afb-d44e-582d-0b5eea40f8eb;51:88:0A:9E;0;AVIÁRIO MEIO;787,00;13/11/2025;17:47:38;20;1282-20
CO2;1282;CT-CO2-0;02938df5-6afb-d44e-582d-0b5eea40f8eb;51:88:0A:9E;0;AVIÁRIO MEIO;806,00;13/11/2025;17:53:42;20;1282-20
CO2;1282;CT-CO2-0;02938df5-6afb-d44e-582d-0b5eea40f8eb;51:88:0A:9E;0;AVIÁRIO MEIO;789,00;13/11/2025;17:58:44;20;1282-20
CO2;1282;CT-CO2-0;02938df5-6afb-d44e-582d-0b5eea40f8eb;51:88:0A:9E;0;AVIÁRIO MEIO;795,00;13/11/2025;18:03:46;20;1282-20
CO2;1282;CT-CO2-0;02938df5-6afb-d44e-582d-0b5eea40f8eb;51:88:0A:9E;0;AVIÁRIO MEIO;800,00;13/11/2025;18:09:18;20;1282-20
CO2;1282;CT-CO2-0;02938df5-6afb-d44e-582d-0b5eea40f8eb;51:88:0A:9E;0;AVIÁRIO MEIO;794,00;13/11/2025;18:14:50;20;1282-20
CO2;1282;CT-CO2-0;02938df5-6afb-d44e-582d-0b5eea40f8eb;51:88:0A:9E;0;AVIÁRIO MEIO;794,00;13/11/2025;18:19:52;20;1282-20
CO2;1282;CT-CO2-0;02938df5-6afb-d44e-582d-0b5eea40f8eb;51:88:0A:9E;0;AVIÁRIO MEIO;787,00;13/11/2025;18:25:25;20;1282-20
CO2;1282;CT-CO2-0;02938df5-6afb-d44e-582d-0b5eea40f8eb;51:88:0A:9E;0;AVIÁRIO MEIO;801,00;13/11/2025;18:30:56;20;1282-20
CO2;1282;CT-CO2-0;02938df5-6afb-d44e-582d-0b5eea40f8eb;51:88:0A:9E;0;AVIÁRIO MEIO;831,00;13/11/2025;18:35:59;20;1282-20
CO2;1282;CT-CO2-0;02938df5-6afb-d44e-582d-0b5eea40f8eb;51:88:0A:9E;0;AVIÁRIO MEIO;829,00;13/11/2025;18:41:31;20;1282-20
CO2;1282;CT-CO2-0;02938df5-6afb-d44e-582d-0b5eea40f8eb;51:88:0A:9E;0;AVIÁRIO MEIO;834,00;13/11/2025;18:47:03;20;1282-20
CO2;1282;CT-CO2-0;02938df5-6afb-d44e-582d-0b5eea40f8eb;51:88:0A:9E;0;AVIÁRIO MEIO;811,00;13/11/2025;18:52:04;20;1282-20
CO2;1282;CT-CO2-0;02938df5-6afb-d44e-582d-0b5eea40f8eb;51:88:0A:9E;0;AVIÁRIO MEIO;829,00;13/11/2025;18:57:36;20;1282-20
CO2;1282;CT-CO2-0;02938df5-6afb-d44e-582d-0b5eea40f8eb;51:88:0A:9E;0;AVIÁRIO MEIO;828,00;13/11/2025;19:03:45;20;1282-20
CO2;1282;CT-CO2-0;02938df5-6afb-d44e-582d-0b5eea40f8eb;51:88:0A:9E;0;AVIÁRIO MEIO;827,00;13/11/2025;19:08:18;20;1282-20
CO2;1282;CT-CO2-0;02938df5-6afb-d44e-582d-0b5eea40f8eb;51:88:0A:9E;0;AVIÁRIO MEIO;847,00;13/11/2025;19:13:50;20;1282-20
CO2;1282;CT-CO2-0;02938df5-6afb-d44e-582d-0b5eea40f8eb;51:88:0A:9E;0;AVIÁRIO MEIO;842,00;13/11/2025;19:18:52;20;1282-20
CO2;1282;CT-CO2-0;02938df5-6afb-d44e-582d-0b5eea40f8eb;51:88:0A:9E;0;AVIÁRIO MEIO;847,00;13/11/2025;19:24:25;20;1282-20
CO2;1282;CT-CO2-0;02938df5-6afb-d44e-582d-0b5eea40f8eb;51:88:0A:9E;0;AVIÁRIO MEIO;842,00;13/11/2025;19:30:03;20;1282-20
CO2;1282;CT-CO2-0;02938df5-6afb-d44e-582d-0b5eea40f8eb;51:88:0A:9E;0;AVIÁRIO MEIO;843,00;13/11/2025;19:35:04;20;1282-20
CO2;1282;CT-CO2-0;02938df5-6afb-d44e-582d-0b5eea40f8eb;51:88:0A:9E;0;AVIÁRIO MEIO;860,00;13/11/2025;19:40:36;20;1282-20
CO2;1282;CT-CO2-0;02938df5-6afb-d44e-582d-0b5eea40f8eb;51:88:0A:9E;0;AVIÁRIO MEIO;865,00;13/11/2025;19:46:09;20;1282-20
CO2;1282;CT-CO2-0;02938df5-6afb-d44e-582d-0b5eea40f8eb;51:88:0A:9E;0;AVIÁRIO MEIO;865,00;13/11/2025;19:51:12;20;1282-20
CO2;1282;CT-CO2-0;02938df5-6afb-d44e-582d-0b5eea40f8eb;51:88:0A:9E;0;AVIÁRIO MEIO;835,00;13/11/2025;19:56:44;20;1282-20
CO2;1282;CT-CO2-0;02938df5-6afb-d44e-582d-0b5eea40f8eb;51:88:0A:9E;0;AVIÁRIO MEIO;870,00;13/11/2025;20:02:16;20;1282-20
CO2;1282;CT-CO2-0;02938df5-6afb-d44e-582d-0b5eea40f8eb;51:88:0A:9E;0;AVIÁRIO MEIO;870,00;13/11/2025;20:07:18;20;1282-20
CO2;1282;CT-CO2-0;02938df5-6afb-d44e-582d-0b5eea40f8eb;51:88:0A:9E;0;AVIÁRIO MEIO;865,00;13/11/2025;20:13:23;20;1282-20
CO2;1282;CT-CO2-0;02938df5-6afb-d44e-582d-0b5eea40f8eb;51:88:0A:9E;0;AVIÁRIO MEIO;922,00;13/11/2025;20:18:25;20;1282-20
CO2;1282;CT-CO2-0;02938df5-6afb-d44e-582d-0b5eea40f8eb;51:88:0A:9E;0;AVIÁRIO MEIO;864,00;13/11/2025;20:23:27;20;1282-20
CO2;1282;CT-CO2-0;02938df5-6afb-d44e-582d-0b5eea40f8eb;51:88:0A:9E;0;AVIÁRIO MEIO;904,00;13/11/2025;20:29:00;20;1282-20
CO2;1282;CT-CO2-0;02938df5-6afb-d44e-582d-0b5eea40f8eb;51:88:0A:9E;0;AVIÁRIO MEIO;866,00;13/11/2025;20:34:37;20;1282-20
CO2;1282;CT-CO2-0;02938df5-6afb-d44e-582d-0b5eea40f8eb;51:88:0A:9E;0;AVIÁRIO MEIO;873,00;13/11/2025;20:39:39;20;1282-20
CO2;1282;CT-CO2-0;02938df5-6afb-d44e-582d-0b5eea40f8eb;51:88:0A:9E;0;AVIÁRIO MEIO;887,00;13/11/2025;20:50:49;20;1282-20
CO2;1282;CT-CO2-0;02938df5-6afb-d44e-582d-0b5eea40f8eb;51:88:0A:9E;0;AVIÁRIO MEIO;870,00;13/11/2025;20:55:56;20;1282-20
CO2;1282;CT-CO2-0;02938df5-6afb-d44e-582d-0b5eea40f8eb;51:88:0A:9E;0;AVIÁRIO MEIO;877,00;13/11/2025;21:01:28;20;1282-20
CO2;1282;CT-CO2-0;02938df5-6afb-d44e-582d-0b5eea40f8eb;51:88:0A:9E;0;AVIÁRIO MEIO;868,00;13/11/2025;21:07:01;20;1282-20
CO2;1282;CT-CO2-0;02938df5-6afb-d44e-582d-0b5eea40f8eb;51:88:0A:9E;0;AVIÁRIO MEIO;847,00;13/11/2025;21:12:33;20;1282-20
CO2;1282;CT-CO2-0;02938df5-6afb-d44e-582d-0b5eea40f8eb;51:88:0A:9E;0;AVIÁRIO MEIO;907,00;13/11/2025;21:18:36;20;1282-20
CO2;1282;CT-CO2-0;02938df5-6afb-d44e-582d-0b5eea40f8eb;51:88:0A:9E;0;AVIÁRIO MEIO;844,00;13/11/2025;21:23:11;20;1282-20
CO2;1282;CT-CO2-0;02938df5-6afb-d44e-582d-0b5eea40f8eb;51:88:0A:9E;0;AVIÁRIO MEIO;856,00;13/11/2025;21:28:43;20;1282-20
CO2;1282;CT-CO2-0;02938df5-6afb-d44e-582d-0b5eea40f8eb;51:88:0A:9E;0;AVIÁRIO MEIO;842,00;13/11/2025;21:33:45;20;1282-20
CO2;1282;CT-CO2-0;02938df5-6afb-d44e-582d-0b5eea40f8eb;51:88:0A:9E;0;AVIÁRIO MEIO;835,00;13/11/2025;21:39:17;20;1282-20
CO2;1282;CT-CO2-0;02938df5-6afb-d44e-582d-0b5eea40f8eb;51:88:0A:9E;0;AVIÁRIO MEIO;861,00;13/11/2025;21:44:49;20;1282-20
CO2;1282;CT-CO2-0;02938df5-6afb-d44e-582d-0b5eea40f8eb;51:88:0A:9E;0;AVIÁRIO MEIO;857,00;13/11/2025;21:49:51;20;1282-20
CO2;1282;CT-CO2-0;02938df5-6afb-d44e-582d-0b5eea40f8eb;51:88:0A:9E;0;AVIÁRIO MEIO;871,00;13/11/2025;21:55:23;20;1282-20
CO2;1282;CT-CO2-0;02938df5-6afb-d44e-582d-0b5eea40f8eb;51:88:0A:9E;0;AVIÁRIO MEIO;871,00;13/11/2025;22:00:55;20;1282-20
CO2;1282;CT-CO2-0;02938df5-6afb-d44e-582d-0b5eea40f8eb;51:88:0A:9E;0;AVIÁRIO MEIO;864,00;13/11/2025;22:06:27;20;1282-20
CO2;1282;CT-CO2-0;02938df5-6afb-d44e-582d-0b5eea40f8eb;51:88:0A:9E;0;AVIÁRIO MEIO;843,00;13/11/2025;22:11:29;20;1282-20
CO2;1282;CT-CO2-0;02938df5-6afb-d44e-582d-0b5eea40f8eb;51:88:0A:9E;0;AVIÁRIO MEIO;854,00;13/11/2025;22:17:01;20;1282-20
CO2;1282;CT-CO2-0;02938df5-6afb-d44e-582d-0b5eea40f8eb;51:88:0A:9E;0;AVIÁRIO MEIO;848,00;13/11/2025;22:22:35;20;1282-20
CO2;1282;CT-CO2-0;02938df5-6afb-d44e-582d-0b5eea40f8eb;51:88:0A:9E;0;AVIÁRIO MEIO;865,00;13/11/2025;22:28:11;20;1282-20
CO2;1282;CT-CO2-0;02938df5-6afb-d44e-582d-0b5eea40f8eb;51:88:0A:9E;0;AVIÁRIO MEIO;911,00;13/11/2025;22:33:12;20;1282-20
CO2;1282;CT-CO2-0;02938df5-6afb-d44e-582d-0b5eea40f8eb;51:88:0A:9E;0;AVIÁRIO MEIO;937,00;13/11/2025;22:38:15;20;1282-20
CO2;1282;CT-CO2-0;02938df5-6afb-d44e-582d-0b5eea40f8eb;51:88:0A:9E;0;AVIÁRIO MEIO;924,00;13/11/2025;22:43:49;20;1282-20
CO2;1282;CT-CO2-0;02938df5-6afb-d44e-582d-0b5eea40f8eb;51:88:0A:9E;0;AVIÁRIO MEIO;942,00;13/11/2025;22:49:21;20;1282-20
CO2;1282;CT-CO2-0;02938df5-6afb-d44e-582d-0b5eea40f8eb;51:88:0A:9E;0;AVIÁRIO MEIO;902,00;13/11/2025;22:54:23;20;1282-20
CO2;1282;CT-CO2-0;02938df5-6afb-d44e-582d-0b5eea40f8eb;51:88:0A:9E;0;AVIÁRIO MEIO;886,00;13/11/2025;22:59:55;20;1282-20
CO2;1282;CT-CO2-0;02938df5-6afb-d44e-582d-0b5eea40f8eb;51:88:0A:9E;0;AVIÁRIO MEIO;853,00;13/11/2025;23:05:28;20;1282-20
CO2;1282;CT-CO2-0;02938df5-6afb-d44e-582d-0b5eea40f8eb;51:88:0A:9E;0;AVIÁRIO MEIO;826,00;13/11/2025;23:10:30;20;1282-20
CO2;1282;CT-CO2-0;02938df5-6afb-d44e-582d-0b5eea40f8eb;51:88:0A:9E;0;AVIÁRIO MEIO;833,00;13/11/2025;23:16:04;20;1282-20
CO2;1282;CT-CO2-0;02938df5-6afb-d44e-582d-0b5eea40f8eb;51:88:0A:9E;0;AVIÁRIO MEIO;843,00;13/11/2025;23:21:36;20;1282-20
CO2;1282;CT-CO2-0;02938df5-6afb-d44e-582d-0b5eea40f8eb;51:88:0A:9E;0;AVIÁRIO MEIO;835,00;13/11/2025;23:26:38;20;1282-20
CO2;1282;CT-CO2-0;02938df5-6afb-d44e-582d-0b5eea40f8eb;51:88:0A:9E;0;AVIÁRIO MEIO;804,00;13/11/2025;23:32:10;20;1282-20
CO2;1282;CT-CO2-0;02938df5-6afb-d44e-582d-0b5eea40f8eb;51:88:0A:9E;0;AVIÁRIO MEIO;807,00;13/11/2025;23:38:14;20;1282-20
CO2;1282;CT-CO2-0;02938df5-6afb-d44e-582d-0b5eea40f8eb;51:88:0A:9E;0;AVIÁRIO MEIO;821,00;13/11/2025;23:42:47;20;1282-20
CO2;1282;CT-CO2-0;02938df5-6afb-d44e-582d-0b5eea40f8eb;51:88:0A:9E;0;AVIÁRIO MEIO;813,00;13/11/2025;23:48:19;20;1282-20
CO2;1282;CT-CO2-0;02938df5-6afb-d44e-582d-0b5eea40f8eb;51:88:0A:9E;0;AVIÁRIO MEIO;835,00;13/11/2025;23:53:51;20;1282-20
CO2;1282;CT-CO2-0;02938df5-6afb-d44e-582d-0b5eea40f8eb;51:88:0A:9E;0;AVIÁRIO MEIO;829,00;13/11/2025;23:58:52;20;1282-20
CO2;1282;CT-CO2-0;02938df5-6afb-d44e-582d-0b5eea40f8eb;51:88:0A:9E;0;AVIÁRIO MEIO;832,00;14/11/2025;00:04:25;20;1282-20
CO2;1282;CT-CO2-0;02938df5-6afb-d44e-582d-0b5eea40f8eb;51:88:0A:9E;0;AVIÁRIO MEIO;848,00;14/11/2025;00:09:57;20;1282-20
CO2;1282;CT-CO2-0;02938df5-6afb-d44e-582d-0b5eea40f8eb;51:88:0A:9E;0;AVIÁRIO MEIO;831,00;14/11/2025;00:14:59;20;1282-20
CO2;1282;CT-CO2-0;02938df5-6afb-d44e-582d-0b5eea40f8eb;51:88:0A:9E;0;AVIÁRIO MEIO;891,00;14/11/2025;00:20:32;20;1282-20
CO2;1282;CT-CO2-0;02938df5-6afb-d44e-582d-0b5eea40f8eb;51:88:0A:9E;0;AVIÁRIO MEIO;903,00;14/11/2025;00:26:06;20;1282-20
CO2;1282;CT-CO2-0;02938df5-6afb-d44e-582d-0b5eea40f8eb;51:88:0A:9E;0;AVIÁRIO MEIO;918,00;14/11/2025;00:31:07;20;1282-20
CO2;1282;CT-CO2-0;02938df5-6afb-d44e-582d-0b5eea40f8eb;51:88:0A:9E;0;AVIÁRIO MEIO;914,00;14/11/2025;00:36:39;20;1282-20
CO2;1282;CT-CO2-0;02938df5-6afb-d44e-582d-0b5eea40f8eb;51:88:0A:9E;0;AVIÁRIO MEIO;933,00;14/11/2025;00:42:11;20;1282-20
CO2;1282;CT-CO2-0;02938df5-6afb-d44e-582d-0b5eea40f8eb;51:88:0A:9E;0;AVIÁRIO MEIO;910,00;14/11/2025;00:48:14;20;1282-20
CO2;1282;CT-CO2-0;02938df5-6afb-d44e-582d-0b5eea40f8eb;51:88:0A:9E;0;AVIÁRIO MEIO;908,00;14/11/2025;00:52:46;20;1282-20
CO2;1282;CT-CO2-0;02938df5-6afb-d44e-582d-0b5eea40f8eb;51:88:0A:9E;0;AVIÁRIO MEIO;912,00;14/11/2025;00:58:18;20;1282-20
CO2;1282;CT-CO2-0;02938df5-6afb-d44e-582d-0b5eea40f8eb;51:88:0A:9E;0;AVIÁRIO MEIO;909,00;14/11/2025;01:03:49;20;1282-20
CO2;1282;CT-CO2-0;02938df5-6afb-d44e-582d-0b5eea40f8eb;51:88:0A:9E;0;AVIÁRIO MEIO;905,00;14/11/2025;01:08:52;20;1282-20
CO2;1282;CT-CO2-0;02938df5-6afb-d44e-582d-0b5eea40f8eb;51:88:0A:9E;0;AVIÁRIO MEIO;910,00;14/11/2025;01:14:24;20;1282-20
CO2;1282;CT-CO2-0;02938df5-6afb-d44e-582d-0b5eea40f8eb;51:88:0A:9E;0;AVIÁRIO MEIO;897,00;14/11/2025;01:19:56;20;1282-20
CO2;1282;CT-CO2-0;02938df5-6afb-d44e-582d-0b5eea40f8eb;51:88:0A:9E;0;AVIÁRIO MEIO;837,00;14/11/2025;01:24:58;20;1282-20
CO2;1282;CT-CO2-0;02938df5-6afb-d44e-582d-0b5eea40f8eb;51:88:0A:9E;0;AVIÁRIO MEIO;827,00;14/11/2025;01:30:31;20;1282-20
CO2;1282;CT-CO2-0;02938df5-6afb-d44e-582d-0b5eea40f8eb;51:88:0A:9E;0;AVIÁRIO MEIO;895,00;14/11/2025;01:36:03;20;1282-20
CO2;1282;CT-CO2-0;02938df5-6afb-d44e-582d-0b5eea40f8eb;51:88:0A:9E;0;AVIÁRIO MEIO;881,00;14/11/2025;01:41:07;20;1282-20
CO2;1282;CT-CO2-0;02938df5-6afb-d44e-582d-0b5eea40f8eb;51:88:0A:9E;0;AVIÁRIO MEIO;882,00;14/11/2025;01:46:39;20;1282-20
CO2;1282;CT-CO2-0;02938df5-6afb-d44e-582d-0b5eea40f8eb;51:88:0A:9E;0;AVIÁRIO MEIO;905,00;14/11/2025;01:51:41;20;1282-20
CO2;1282;CT-CO2-0;02938df5-6afb-d44e-582d-0b5eea40f8eb;51:88:0A:9E;0;AVIÁRIO MEIO;889,00;14/11/2025;01:57:45;20;1282-20
CO2;1282;CT-CO2-0;02938df5-6afb-d44e-582d-0b5eea40f8eb;51:88:0A:9E;0;AVIÁRIO MEIO;883,00;14/11/2025;02:02:47;20;1282-20
CO2;1282;CT-CO2-0;02938df5-6afb-d44e-582d-0b5eea40f8eb;51:88:0A:9E;0;AVIÁRIO MEIO;920,00;14/11/2025;02:07:49;20;1282-20
CO2;1282;CT-CO2-0;02938df5-6afb-d44e-582d-0b5eea40f8eb;51:88:0A:9E;0;AVIÁRIO MEIO;898,00;14/11/2025;02:13:21;20;1282-20
CO2;1282;CT-CO2-0;02938df5-6afb-d44e-582d-0b5eea40f8eb;51:88:0A:9E;0;AVIÁRIO MEIO;888,00;14/11/2025;02:18:53;20;1282-20
CO2;1282;CT-CO2-0;02938df5-6afb-d44e-582d-0b5eea40f8eb;51:88:0A:9E;0;AVIÁRIO MEIO;884,00;14/11/2025;02:23:55;20;1282-20
CO2;1282;CT-CO2-0;02938df5-6afb-d44e-582d-0b5eea40f8eb;51:88:0A:9E;0;AVIÁRIO MEIO;873,00;14/11/2025;02:29:28;20;1282-20
CO2;1282;CT-CO2-0;02938df5-6afb-d44e-582d-0b5eea40f8eb;51:88:0A:9E;0;AVIÁRIO MEIO;909,00;14/11/2025;02:35:01;20;1282-20
CO2;1282;CT-CO2-0;02938df5-6afb-d44e-582d-0b5eea40f8eb;51:88:0A:9E;0;AVIÁRIO MEIO;894,00;14/11/2025;02:40:02;20;1282-20
CO2;1282;CT-CO2-0;02938df5-6afb-d44e-582d-0b5eea40f8eb;51:88:0A:9E;0;AVIÁRIO MEIO;884,00;14/11/2025;02:45:35;20;1282-20
CO2;1282;CT-CO2-0;02938df5-6afb-d44e-582d-0b5eea40f8eb;51:88:0A:9E;0;AVIÁRIO MEIO;908,00;14/11/2025;02:51:07;20;1282-20
CO2;1282;CT-CO2-0;02938df5-6afb-d44e-582d-0b5eea40f8eb;51:88:0A:9E;0;AVIÁRIO MEIO;906,00;14/11/2025;02:56:09;20;1282-20
CO2;1282;CT-CO2-0;02938df5-6afb-d44e-582d-0b5eea40f8eb;51:88:0A:9E;0;AVIÁRIO MEIO;887,00;14/11/2025;03:01:41;20;1282-20
CO2;1282;CT-CO2-0;02938df5-6afb-d44e-582d-0b5eea40f8eb;51:88:0A:9E;0;AVIÁRIO MEIO;896,00;14/11/2025;03:07:46;20;1282-20
CO2;1282;CT-CO2-0;02938df5-6afb-d44e-582d-0b5eea40f8eb;51:88:0A:9E;0;AVIÁRIO MEIO;904,00;14/11/2025;03:12:18;20;1282-20
CO2;1282;CT-CO2-0;02938df5-6afb-d44e-582d-0b5eea40f8eb;51:88:0A:9E;0;AVIÁRIO MEIO;872,00;14/11/2025;03:17:50;20;1282-20
CO2;1282;CT-CO2-0;02938df5-6afb-d44e-582d-0b5eea40f8eb;51:88:0A:9E;0;AVIÁRIO MEIO;901,00;14/11/2025;03:23:22;20;1282-20
CO2;1282;CT-CO2-0;02938df5-6afb-d44e-582d-0b5eea40f8eb;51:88:0A:9E;0;AVIÁRIO MEIO;906,00;14/11/2025;03:28:25;20;1282-20
CO2;1282;CT-CO2-0;02938df5-6afb-d44e-582d-0b5eea40f8eb;51:88:0A:9E;0;AVIÁRIO MEIO;892,00;14/11/2025;03:33:57;20;1282-20
CO2;1282;CT-CO2-0;02938df5-6afb-d44e-582d-0b5eea40f8eb;51:88:0A:9E;0;AVIÁRIO MEIO;888,00;14/11/2025;03:39:29;20;1282-20
CO2;1282;CT-CO2-0;02938df5-6afb-d44e-582d-0b5eea40f8eb;51:88:0A:9E;0;AVIÁRIO MEIO;896,00;14/11/2025;03:44:30;20;1282-20
CO2;1282;CT-CO2-0;02938df5-6afb-d44e-582d-0b5eea40f8eb;51:88:0A:9E;0;AVIÁRIO MEIO;897,00;14/11/2025;03:50:03;20;1282-20
CO2;1282;CT-CO2-0;02938df5-6afb-d44e-582d-0b5eea40f8eb;51:88:0A:9E;0;AVIÁRIO MEIO;895,00;14/11/2025;03:55:36;20;1282-20
CO2;1282;CT-CO2-0;02938df5-6afb-d44e-582d-0b5eea40f8eb;51:88:0A:9E;0;AVIÁRIO MEIO;872,00;14/11/2025;04:00:39;20;1282-20
CO2;1282;CT-CO2-0;02938df5-6afb-d44e-582d-0b5eea40f8eb;51:88:0A:9E;0;AVIÁRIO MEIO;871,00;14/11/2025;04:06:10;20;1282-20
CO2;1282;CT-CO2-0;02938df5-6afb-d44e-582d-0b5eea40f8eb;51:88:0A:9E;0;AVIÁRIO MEIO;858,00;14/11/2025;04:11:42;20;1282-20
CO2;1282;CT-CO2-0;02938df5-6afb-d44e-582d-0b5eea40f8eb;51:88:0A:9E;0;AVIÁRIO MEIO;867,00;14/11/2025;04:17:17;20;1282-20
CO2;1282;CT-CO2-0;02938df5-6afb-d44e-582d-0b5eea40f8eb;51:88:0A:9E;0;AVIÁRIO MEIO;856,00;14/11/2025;04:22:20;20;1282-20
CO2;1282;CT-CO2-0;02938df5-6afb-d44e-582d-0b5eea40f8eb;51:88:0A:9E;0;AVIÁRIO MEIO;836,00;14/11/2025;04:27:52;20;1282-20
CO2;1282;CT-CO2-0;02938df5-6afb-d44e-582d-0b5eea40f8eb;51:88:0A:9E;0;AVIÁRIO MEIO;860,00;14/11/2025;04:32:53;20;1282-20
CO2;1282;CT-CO2-0;02938df5-6afb-d44e-582d-0b5eea40f8eb;51:88:0A:9E;0;AVIÁRIO MEIO;854,00;14/11/2025;04:38:25;20;1282-20
CO2;1282;CT-CO2-0;02938df5-6afb-d44e-582d-0b5eea40f8eb;51:88:0A:9E;0;AVIÁRIO MEIO;864,00;14/11/2025;04:43:57;20;1282-20
CO2;1282;CT-CO2-0;02938df5-6afb-d44e-582d-0b5eea40f8eb;51:88:0A:9E;0;AVIÁRIO MEIO;858,00;14/11/2025;04:49:29;20;1282-20
CO2;1282;CT-CO2-0;02938df5-6afb-d44e-582d-0b5eea40f8eb;51:88:0A:9E;0;AVIÁRIO MEIO;855,00;14/11/2025;04:54:32;20;1282-20
CO2;1282;CT-CO2-0;02938df5-6afb-d44e-582d-0b5eea40f8eb;51:88:0A:9E;0;AVIÁRIO MEIO;847,00;14/11/2025;05:00:03;20;1282-20
CO2;1282;CT-CO2-0;02938df5-6afb-d44e-582d-0b5eea40f8eb;51:88:0A:9E;0;AVIÁRIO MEIO;869,00;14/11/2025;05:05:36;20;1282-20
CO2;1282;CT-CO2-0;02938df5-6afb-d44e-582d-0b5eea40f8eb;51:88:0A:9E;0;AVIÁRIO MEIO;878,00;14/11/2025;05:10:38;20;1282-20
CO2;1282;CT-CO2-0;02938df5-6afb-d44e-582d-0b5eea40f8eb;51:88:0A:9E;0;AVIÁRIO MEIO;890,00;14/11/2025;05:16:10;20;1282-20
CO2;1282;CT-CO2-0;02938df5-6afb-d44e-582d-0b5eea40f8eb;51:88:0A:9E;0;AVIÁRIO MEIO;866,00;14/11/2025;05:21:42;20;1282-20
CO2;1282;CT-CO2-0;02938df5-6afb-d44e-582d-0b5eea40f8eb;51:88:0A:9E;0;AVIÁRIO MEIO;897,00;14/11/2025;05:27:17;20;1282-20
CO2;1282;CT-CO2-0;02938df5-6afb-d44e-582d-0b5eea40f8eb;51:88:0A:9E;0;AVIÁRIO MEIO;881,00;14/11/2025;05:32:20;20;1282-20
CO2;1282;CT-CO2-0;02938df5-6afb-d44e-582d-0b5eea40f8eb;51:88:0A:9E;0;AVIÁRIO MEIO;899,00;14/11/2025;05:37:22;20;1282-20
CO2;1282;CT-CO2-0;02938df5-6afb-d44e-582d-0b5eea40f8eb;51:88:0A:9E;0;AVIÁRIO MEIO;860,00;14/11/2025;05:42:54;20;1282-20
CO2;1282;CT-CO2-0;02938df5-6afb-d44e-582d-0b5eea40f8eb;51:88:0A:9E;0;AVIÁRIO MEIO;882,00;14/11/2025;05:48:27;20;1282-20
CO2;1282;CT-CO2-0;02938df5-6afb-d44e-582d-0b5eea40f8eb;51:88:0A:9E;0;AVIÁRIO MEIO;880,00;14/11/2025;05:53:29;20;1282-20
CO2;1282;CT-CO2-0;02938df5-6afb-d44e-582d-0b5eea40f8eb;51:88:0A:9E;0;AVIÁRIO MEIO;882,00;14/11/2025;05:59:02;20;1282-20
CO2;1282;CT-CO2-0;02938df5-6afb-d44e-582d-0b5eea40f8eb;51:88:0A:9E;0;AVIÁRIO MEIO;938,00;14/11/2025;06:04:34;20;1282-20
CO2;1282;CT-CO2-0;02938df5-6afb-d44e-582d-0b5eea40f8eb;51:88:0A:9E;0;AVIÁRIO MEIO;946,00;14/11/2025;06:09:36;20;1282-20
CO2;1282;CT-CO2-0;02938df5-6afb-d44e-582d-0b5eea40f8eb;51:88:0A:9E;0;AVIÁRIO MEIO;934,00;14/11/2025;06:15:12;20;1282-20
CO2;1282;CT-CO2-0;02938df5-6afb-d44e-582d-0b5eea40f8eb;51:88:0A:9E;0;AVIÁRIO MEIO;889,00;14/11/2025;06:20:46;20;1282-20
CO2;1282;CT-CO2-0;02938df5-6afb-d44e-582d-0b5eea40f8eb;51:88:0A:9E;0;AVIÁRIO MEIO;858,00;14/11/2025;06:25:47;20;1282-20
CO2;1282;CT-CO2-0;02938df5-6afb-d44e-582d-0b5eea40f8eb;51:88:0A:9E;0;AVIÁRIO MEIO;844,00;14/11/2025;06:31:21;20;1282-20
CO2;1282;CT-CO2-0;02938df5-6afb-d44e-582d-0b5eea40f8eb;51:88:0A:9E;0;AVIÁRIO MEIO;853,00;14/11/2025;06:37:25;20;1282-20
CO2;1282;CT-CO2-0;02938df5-6afb-d44e-582d-0b5eea40f8eb;51:88:0A:9E;0;AVIÁRIO MEIO;842,00;14/11/2025;06:41:57;20;1282-20
CO2;1282;CT-CO2-0;02938df5-6afb-d44e-582d-0b5eea40f8eb;51:88:0A:9E;0;AVIÁRIO MEIO;861,00;14/11/2025;06:47:30;20;1282-20
CO2;1282;CT-CO2-0;02938df5-6afb-d44e-582d-0b5eea40f8eb;51:88:0A:9E;0;AVIÁRIO MEIO;862,00;14/11/2025;06:53:02;20;1282-20
CO2;1282;CT-CO2-0;02938df5-6afb-d44e-582d-0b5eea40f8eb;51:88:0A:9E;0;AVIÁRIO MEIO;964,00;14/11/2025;06:58:05;20;1282-20
CO2;1282;CT-CO2-0;02938df5-6afb-d44e-582d-0b5eea40f8eb;51:88:0A:9E;0;AVIÁRIO MEIO;860,00;14/11/2025;07:03:38;20;1282-20
CO2;1282;CT-CO2-0;02938df5-6afb-d44e-582d-0b5eea40f8eb;51:88:0A:9E;0;AVIÁRIO MEIO;871,00;14/11/2025;07:09:10;20;1282-20
CO2;1282;CT-CO2-0;02938df5-6afb-d44e-582d-0b5eea40f8eb;51:88:0A:9E;0;AVIÁRIO MEIO;844,00;14/11/2025;07:14:12;20;1282-20
CO2;1282;CT-CO2-0;02938df5-6afb-d44e-582d-0b5eea40f8eb;51:88:0A:9E;0;AVIÁRIO MEIO;852,00;14/11/2025;07:19:44;20;1282-20
CO2;1282;CT-CO2-0;02938df5-6afb-d44e-582d-0b5eea40f8eb;51:88:0A:9E;0;AVIÁRIO MEIO;842,00;14/11/2025;07:25:17;20;1282-20
CO2;1282;CT-CO2-0;02938df5-6afb-d44e-582d-0b5eea40f8eb;51:88:0A:9E;0;AVIÁRIO MEIO;846,00;14/11/2025;07:30:19;20;1282-20
CO2;1282;CT-CO2-0;02938df5-6afb-d44e-582d-0b5eea40f8eb;51:88:0A:9E;0;AVIÁRIO MEIO;867,00;14/11/2025;07:35:51;20;1282-20
CO2;1282;CT-CO2-0;02938df5-6afb-d44e-582d-0b5eea40f8eb;51:88:0A:9E;0;AVIÁRIO MEIO;877,00;14/11/2025;07:41:22;20;1282-20
CO2;1282;CT-CO2-0;02938df5-6afb-d44e-582d-0b5eea40f8eb;51:88:0A:9E;0;AVIÁRIO MEIO;876,00;14/11/2025;07:46:58;20;1282-20
CO2;1282;CT-CO2-0;02938df5-6afb-d44e-582d-0b5eea40f8eb;51:88:0A:9E;0;AVIÁRIO MEIO;877,00;14/11/2025;07:52:00;20;1282-20
CO2;1282;CT-CO2-0;02938df5-6afb-d44e-582d-0b5eea40f8eb;51:88:0A:9E;0;AVIÁRIO MEIO;855,00;14/11/2025;07:57:33;20;1282-20
CO2;1282;CT-CO2-0;02938df5-6afb-d44e-582d-0b5eea40f8eb;51:88:0A:9E;0;AVIÁRIO MEIO;859,00;14/11/2025;08:02:35;20;1282-20
CO2;1282;CT-CO2-0;02938df5-6afb-d44e-582d-0b5eea40f8eb;51:88:0A:9E;0;AVIÁRIO MEIO;856,00;14/11/2025;08:08:07;20;1282-20
CO2;1282;CT-CO2-0;02938df5-6afb-d44e-582d-0b5eea40f8eb;51:88:0A:9E;0;AVIÁRIO MEIO;841,00;14/11/2025;08:13:39;20;1282-20
CO2;1282;CT-CO2-0;02938df5-6afb-d44e-582d-0b5eea40f8eb;51:88:0A:9E;0;AVIÁRIO MEIO;848,00;14/11/2025;08:18:42;20;1282-20
CO2;1282;CT-CO2-0;02938df5-6afb-d44e-582d-0b5eea40f8eb;51:88:0A:9E;0;AVIÁRIO MEIO;840,00;14/11/2025;08:24:14;20;1282-20
CO2;1282;CT-CO2-0;02938df5-6afb-d44e-582d-0b5eea40f8eb;51:88:0A:9E;0;AVIÁRIO MEIO;833,00;14/11/2025;08:29:47;20;1282-20
CO2;1282;CT-CO2-0;02938df5-6afb-d44e-582d-0b5eea40f8eb;51:88:0A:9E;0;AVIÁRIO MEIO;831,00;14/11/2025;08:34:49;20;1282-20
CO2;1282;CT-CO2-0;02938df5-6afb-d44e-582d-0b5eea40f8eb;51:88:0A:9E;0;AVIÁRIO MEIO;835,00;14/11/2025;08:40:21;20;1282-20
CO2;1282;CT-CO2-0;02938df5-6afb-d44e-582d-0b5eea40f8eb;51:88:0A:9E;0;AVIÁRIO MEIO;819,00;14/11/2025;08:45:53;20;1282-20
CO2;1282;CT-CO2-0;02938df5-6afb-d44e-582d-0b5eea40f8eb;51:88:0A:9E;0;AVIÁRIO MEIO;811,00;14/11/2025;08:50:59;20;1282-20
CO2;1282;CT-CO2-0;02938df5-6afb-d44e-582d-0b5eea40f8eb;51:88:0A:9E;0;AVIÁRIO MEIO;809,00;14/11/2025;08:57:03;20;1282-20
CO2;1282;CT-CO2-0;02938df5-6afb-d44e-582d-0b5eea40f8eb;51:88:0A:9E;0;AVIÁRIO MEIO;822,00;14/11/2025;09:01:36;20;1282-20
CO2;1282;CT-CO2-0;02938df5-6afb-d44e-582d-0b5eea40f8eb;51:88:0A:9E;0;AVIÁRIO MEIO;818,00;14/11/2025;09:12:41;20;1282-20
CO2;1282;CT-CO2-0;02938df5-6afb-d44e-582d-0b5eea40f8eb;51:88:0A:9E;0;AVIÁRIO MEIO;791,00;14/11/2025;09:17:44;20;1282-20
CO2;1282;CT-CO2-0;02938df5-6afb-d44e-582d-0b5eea40f8eb;51:88:0A:9E;0;AVIÁRIO MEIO;816,00;14/11/2025;09:23:16;20;1282-20
CO2;1282;CT-CO2-0;02938df5-6afb-d44e-582d-0b5eea40f8eb;51:88:0A:9E;0;AVIÁRIO MEIO;813,00;14/11/2025;09:28:48;20;1282-20
CO2;1282;CT-CO2-0;02938df5-6afb-d44e-582d-0b5eea40f8eb;51:88:0A:9E;0;AVIÁRIO MEIO;812,00;14/11/2025;09:33:51;20;1282-20
CO2;1282;CT-CO2-0;02938df5-6afb-d44e-582d-0b5eea40f8eb;51:88:0A:9E;0;AVIÁRIO MEIO;821,00;14/11/2025;09:39:24;20;1282-20
CO2;1282;CT-CO2-0;02938df5-6afb-d44e-582d-0b5eea40f8eb;51:88:0A:9E;0;AVIÁRIO MEIO;800,00;14/11/2025;09:44:56;20;1282-20
CO2;1282;CT-CO2-0;02938df5-6afb-d44e-582d-0b5eea40f8eb;51:88:0A:9E;0;AVIÁRIO MEIO;819,00;14/11/2025;09:49:58;20;1282-20
CO2;1282;CT-CO2-0;02938df5-6afb-d44e-582d-0b5eea40f8eb;51:88:0A:9E;0;AVIÁRIO MEIO;830,00;14/11/2025;09:55:30;20;1282-20
CO2;1282;CT-CO2-0;02938df5-6afb-d44e-582d-0b5eea40f8eb;51:88:0A:9E;0;AVIÁRIO MEIO;825,00;14/11/2025;10:01:03;20;1282-20
CO2;1282;CT-CO2-0;02938df5-6afb-d44e-582d-0b5eea40f8eb;51:88:0A:9E;0;AVIÁRIO MEIO;827,00;14/11/2025;10:06:36;20;1282-20
CO2;1282;CT-CO2-0;02938df5-6afb-d44e-582d-0b5eea40f8eb;51:88:0A:9E;0;AVIÁRIO MEIO;819,00;14/11/2025;10:11:38;20;1282-20
CO2;1282;CT-CO2-0;02938df5-6afb-d44e-582d-0b5eea40f8eb;51:88:0A:9E;0;AVIÁRIO MEIO;828,00;14/11/2025;10:17:11;20;1282-20
CO2;1282;CT-CO2-0;02938df5-6afb-d44e-582d-0b5eea40f8eb;51:88:0A:9E;0;AVIÁRIO MEIO;805,00;14/11/2025;10:22:12;20;1282-20
CO2;1282;CT-CO2-0;02938df5-6afb-d44e-582d-0b5eea40f8eb;51:88:0A:9E;0;AVIÁRIO MEIO;804,00;14/11/2025;10:27:45;20;1282-20
CO2;1282;CT-CO2-0;02938df5-6afb-d44e-582d-0b5eea40f8eb;51:88:0A:9E;0;AVIÁRIO MEIO;817,00;14/11/2025;10:33:18;20;1282-20
CO2;1282;CT-CO2-0;02938df5-6afb-d44e-582d-0b5eea40f8eb;51:88:0A:9E;0;AVIÁRIO MEIO;796,00;14/11/2025;10:38:21;20;1282-20
CO2;1282;CT-CO2-0;02938df5-6afb-d44e-582d-0b5eea40f8eb;51:88:0A:9E;0;AVIÁRIO MEIO;811,00;14/11/2025;10:43:53;20;1282-20
CO2;1282;CT-CO2-0;02938df5-6afb-d44e-582d-0b5eea40f8eb;51:88:0A:9E;0;AVIÁRIO MEIO;813,00;14/11/2025;10:49:24;20;1282-20
CO2;1282;CT-CO2-0;02938df5-6afb-d44e-582d-0b5eea40f8eb;51:88:0A:9E;0;AVIÁRIO MEIO;799,00;14/11/2025;10:59:58;20;1282-20
CO2;1282;CT-CO2-0;02938df5-6afb-d44e-582d-0b5eea40f8eb;51:88:0A:9E;0;AVIÁRIO MEIO;823,00;14/11/2025;11:05:31;20;1282-20
CO2;1282;CT-CO2-0;02938df5-6afb-d44e-582d-0b5eea40f8eb;51:88:0A:9E;0;AVIÁRIO MEIO;805,00;14/11/2025;11:10:33;20;1282-20
CO2;1282;CT-CO2-0;02938df5-6afb-d44e-582d-0b5eea40f8eb;51:88:0A:9E;0;AVIÁRIO MEIO;797,00;14/11/2025;11:16:36;20;1282-20
CO2;1282;CT-CO2-0;02938df5-6afb-d44e-582d-0b5eea40f8eb;51:88:0A:9E;0;AVIÁRIO MEIO;802,00;14/11/2025;11:21:39;20;1282-20
CO2;1282;CT-CO2-0;02938df5-6afb-d44e-582d-0b5eea40f8eb;51:88:0A:9E;0;AVIÁRIO MEIO;813,00;14/11/2025;11:26:41;20;1282-20
CO2;1282;CT-CO2-0;02938df5-6afb-d44e-582d-0b5eea40f8eb;51:88:0A:9E;0;AVIÁRIO MEIO;813,00;14/11/2025;11:32:12;20;1282-20
CO2;1282;CT-CO2-0;02938df5-6afb-d44e-582d-0b5eea40f8eb;51:88:0A:9E;0;AVIÁRIO MEIO;812,00;14/11/2025;11:37:44;20;1282-20
CO2;1282;CT-CO2-0;02938df5-6afb-d44e-582d-0b5eea40f8eb;51:88:0A:9E;0;AVIÁRIO MEIO;798,00;14/11/2025;11:42:46;20;1282-20
CO2;1282;CT-CO2-0;02938df5-6afb-d44e-582d-0b5eea40f8eb;51:88:0A:9E;0;AVIÁRIO MEIO;791,00;14/11/2025;11:48:18;20;1282-20
CO2;1282;CT-CO2-0;02938df5-6afb-d44e-582d-0b5eea40f8eb;51:88:0A:9E;0;AVIÁRIO MEIO;809,00;14/11/2025;11:53:50;20;1282-20
CO2;1282;CT-CO2-0;02938df5-6afb-d44e-582d-0b5eea40f8eb;51:88:0A:9E;0;AVIÁRIO MEIO;794,00;14/11/2025;11:58:52;20;1282-20
CO2;1282;CT-CO2-0;02938df5-6afb-d44e-582d-0b5eea40f8eb;51:88:0A:9E;0;AVIÁRIO MEIO;824,00;14/11/2025;12:04:24;20;1282-20
CO2;1282;CT-CO2-0;02938df5-6afb-d44e-582d-0b5eea40f8eb;51:88:0A:9E;0;AVIÁRIO MEIO;808,00;14/11/2025;12:09:55;20;1282-20
CO2;1282;CT-CO2-0;02938df5-6afb-d44e-582d-0b5eea40f8eb;51:88:0A:9E;0;AVIÁRIO MEIO;861,00;14/11/2025;12:14:57;20;1282-20
CO2;1282;CT-CO2-0;02938df5-6afb-d44e-582d-0b5eea40f8eb;51:88:0A:9E;0;AVIÁRIO MEIO;802,00;14/11/2025;12:20:29;20;1282-20
CO2;1282;CT-CO2-0;02938df5-6afb-d44e-582d-0b5eea40f8eb;51:88:0A:9E;0;AVIÁRIO MEIO;801,00;14/11/2025;12:26:36;20;1282-20
CO2;1282;CT-CO2-0;02938df5-6afb-d44e-582d-0b5eea40f8eb;51:88:0A:9E;0;AVIÁRIO MEIO;788,00;14/11/2025;12:31:08;20;1282-20
CO2;1282;CT-CO2-0;02938df5-6afb-d44e-582d-0b5eea40f8eb;51:88:0A:9E;0;AVIÁRIO MEIO;793,00;14/11/2025;12:36:39;20;1282-20
CO2;1282;CT-CO2-0;02938df5-6afb-d44e-582d-0b5eea40f8eb;51:88:0A:9E;0;AVIÁRIO MEIO;808,00;14/11/2025;12:42:12;20;1282-20
CO2;1282;CT-CO2-0;02938df5-6afb-d44e-582d-0b5eea40f8eb;51:88:0A:9E;0;AVIÁRIO MEIO;785,00;14/11/2025;12:47:14;20;1282-20
CO2;1282;CT-CO2-0;02938df5-6afb-d44e-582d-0b5eea40f8eb;51:88:0A:9E;0;AVIÁRIO MEIO;801,00;14/11/2025;12:52:47;20;1282-20
CO2;1282;CT-CO2-0;02938df5-6afb-d44e-582d-0b5eea40f8eb;51:88:0A:9E;0;AVIÁRIO MEIO;747,00;14/11/2025;12:58:19;20;1282-20
CO2;1282;CT-CO2-0;02938df5-6afb-d44e-582d-0b5eea40f8eb;51:88:0A:9E;0;AVIÁRIO MEIO;737,00;14/11/2025;13:03:22;20;1282-20
CO2;1282;CT-CO2-0;02938df5-6afb-d44e-582d-0b5eea40f8eb;51:88:0A:9E;0;AVIÁRIO MEIO;745,00;14/11/2025;13:08:54;20;1282-20
CO2;1282;CT-CO2-0;02938df5-6afb-d44e-582d-0b5eea40f8eb;51:88:0A:9E;0;AVIÁRIO MEIO;740,00;14/11/2025;13:14:26;20;1282-20
CO2;1282;CT-CO2-0;02938df5-6afb-d44e-582d-0b5eea40f8eb;51:88:0A:9E;0;AVIÁRIO MEIO;738,00;14/11/2025;13:25:00;20;1282-20
CO2;1282;CT-CO2-0;02938df5-6afb-d44e-582d-0b5eea40f8eb;51:88:0A:9E;0;AVIÁRIO MEIO;688,00;14/11/2025;13:30:33;20;1282-20
CO2;1282;CT-CO2-0;02938df5-6afb-d44e-582d-0b5eea40f8eb;51:88:0A:9E;0;AVIÁRIO MEIO;700,00;14/11/2025;13:36:08;20;1282-20
CO2;1282;CT-CO2-0;02938df5-6afb-d44e-582d-0b5eea40f8eb;51:88:0A:9E;0;AVIÁRIO MEIO;685,00;14/11/2025;13:41:10;20;1282-20
CO2;1282;CT-CO2-0;02938df5-6afb-d44e-582d-0b5eea40f8eb;51:88:0A:9E;0;AVIÁRIO MEIO;699,00;14/11/2025;13:46:43;20;1282-20
CO2;1282;CT-CO2-0;02938df5-6afb-d44e-582d-0b5eea40f8eb;51:88:0A:9E;0;AVIÁRIO MEIO;691,00;14/11/2025;13:51:45;20;1282-20
CO2;1282;CT-CO2-0;02938df5-6afb-d44e-582d-0b5eea40f8eb;51:88:0A:9E;0;AVIÁRIO MEIO;694,00;14/11/2025;13:57:17;20;1282-20
CO2;1282;CT-CO2-0;02938df5-6afb-d44e-582d-0b5eea40f8eb;51:88:0A:9E;0;AVIÁRIO MEIO;705,00;14/11/2025;14:02:51;20;1282-20
CO2;1282;CT-CO2-0;02938df5-6afb-d44e-582d-0b5eea40f8eb;51:88:0A:9E;0;AVIÁRIO MEIO;687,00;14/11/2025;14:07:53;20;1282-20
CO2;1282;CT-CO2-0;02938df5-6afb-d44e-582d-0b5eea40f8eb;51:88:0A:9E;0;AVIÁRIO MEIO;728,00;14/11/2025;14:13:25;20;1282-20
CO2;1282;CT-CO2-0;02938df5-6afb-d44e-582d-0b5eea40f8eb;51:88:0A:9E;0;AVIÁRIO MEIO;681,00;14/11/2025;14:18:57;20;1282-20
CO2;1282;CT-CO2-0;02938df5-6afb-d44e-582d-0b5eea40f8eb;51:88:0A:9E;0;AVIÁRIO MEIO;668,00;14/11/2025;14:23:58;20;1282-20
CO2;1282;CT-CO2-0;02938df5-6afb-d44e-582d-0b5eea40f8eb;51:88:0A:9E;0;AVIÁRIO MEIO;657,00;14/11/2025;14:29:30;20;1282-20
CO2;1282;CT-CO2-0;02938df5-6afb-d44e-582d-0b5eea40f8eb;51:88:0A:9E;0;AVIÁRIO MEIO;670,00;14/11/2025;14:35:02;20;1282-20
CO2;1282;CT-CO2-0;02938df5-6afb-d44e-582d-0b5eea40f8eb;51:88:0A:9E;0;AVIÁRIO MEIO;659,00;14/11/2025;14:40:04;20;1282-20
CO2;1282;CT-CO2-0;02938df5-6afb-d44e-582d-0b5eea40f8eb;51:88:0A:9E;0;AVIÁRIO MEIO;657,00;14/11/2025;14:46:10;20;1282-20
CO2;1282;CT-CO2-0;02938df5-6afb-d44e-582d-0b5eea40f8eb;51:88:0A:9E;0;AVIÁRIO MEIO;666,00;14/11/2025;14:51:13;20;1282-20
CO2;1282;CT-CO2-0;02938df5-6afb-d44e-582d-0b5eea40f8eb;51:88:0A:9E;0;AVIÁRIO MEIO;663,00;14/11/2025;14:56:15;20;1282-20
CO2;1282;CT-CO2-0;02938df5-6afb-d44e-582d-0b5eea40f8eb;51:88:0A:9E;0;AVIÁRIO MEIO;652,00;14/11/2025;15:01:47;20;1282-20
CO2;1282;CT-CO2-0;02938df5-6afb-d44e-582d-0b5eea40f8eb;51:88:0A:9E;0;AVIÁRIO MEIO;670,00;14/11/2025;15:07:18;20;1282-20
CO2;1282;CT-CO2-0;02938df5-6afb-d44e-582d-0b5eea40f8eb;51:88:0A:9E;0;AVIÁRIO MEIO;673,00;14/11/2025;15:12:21;20;1282-20
CO2;1282;CT-CO2-0;02938df5-6afb-d44e-582d-0b5eea40f8eb;51:88:0A:9E;0;AVIÁRIO MEIO;671,00;14/11/2025;15:17:58;20;1282-20
CO2;1282;CT-CO2-0;02938df5-6afb-d44e-582d-0b5eea40f8eb;51:88:0A:9E;0;AVIÁRIO MEIO;661,00;14/11/2025;15:23:30;20;1282-20
CO2;1282;CT-CO2-0;02938df5-6afb-d44e-582d-0b5eea40f8eb;51:88:0A:9E;0;AVIÁRIO MEIO;661,00;14/11/2025;15:28:32;20;1282-20
CO2;1282;CT-CO2-0;02938df5-6afb-d44e-582d-0b5eea40f8eb;51:88:0A:9E;0;AVIÁRIO MEIO;669,00;14/11/2025;15:34:04;20;1282-20
CO2;1282;CT-CO2-0;02938df5-6afb-d44e-582d-0b5eea40f8eb;51:88:0A:9E;0;AVIÁRIO MEIO;674,00;14/11/2025;15:39:38;20;1282-20
CO2;1282;CT-CO2-0;02938df5-6afb-d44e-582d-0b5eea40f8eb;51:88:0A:9E;0;AVIÁRIO MEIO;685,00;14/11/2025;15:44:40;20;1282-20
CO2;1282;CT-CO2-0;02938df5-6afb-d44e-582d-0b5eea40f8eb;51:88:0A:9E;0;AVIÁRIO MEIO;672,00;14/11/2025;15:50:12;20;1282-20
CO2;1282;CT-CO2-0;02938df5-6afb-d44e-582d-0b5eea40f8eb;51:88:0A:9E;0;AVIÁRIO MEIO;672,00;14/11/2025;15:56:16;20;1282-20
CO2;1282;CT-CO2-0;02938df5-6afb-d44e-582d-0b5eea40f8eb;51:88:0A:9E;0;AVIÁRIO MEIO;651,00;14/11/2025;16:00:51;20;1282-20
CO2;1282;CT-CO2-0;02938df5-6afb-d44e-582d-0b5eea40f8eb;51:88:0A:9E;0;AVIÁRIO MEIO;664,00;14/11/2025;16:06:23;20;1282-20
CO2;1282;CT-CO2-0;02938df5-6afb-d44e-582d-0b5eea40f8eb;51:88:0A:9E;0;AVIÁRIO MEIO;668,00;14/11/2025;16:11:25;20;1282-20
CO2;1282;CT-CO2-0;02938df5-6afb-d44e-582d-0b5eea40f8eb;51:88:0A:9E;0;AVIÁRIO MEIO;678,00;14/11/2025;16:16:59;20;1282-20
CO2;1282;CT-CO2-0;02938df5-6afb-d44e-582d-0b5eea40f8eb;51:88:0A:9E;0;AVIÁRIO MEIO;657,00;14/11/2025;16:22:31;20;1282-20
CO2;1282;CT-CO2-0;02938df5-6afb-d44e-582d-0b5eea40f8eb;51:88:0A:9E;0;AVIÁRIO MEIO;647,00;14/11/2025;16:28:03;20;1282-20
CO2;1282;CT-CO2-0;02938df5-6afb-d44e-582d-0b5eea40f8eb;51:88:0A:9E;0;AVIÁRIO MEIO;651,00;14/11/2025;16:33:06;20;1282-20
CO2;1282;CT-CO2-0;02938df5-6afb-d44e-582d-0b5eea40f8eb;51:88:0A:9E;0;AVIÁRIO MEIO;641,00;14/11/2025;16:38:38;20;1282-20
CO2;1282;CT-CO2-0;02938df5-6afb-d44e-582d-0b5eea40f8eb;51:88:0A:9E;0;AVIÁRIO MEIO;653,00;14/11/2025;16:44:10;20;1282-20
CO2;1282;CT-CO2-0;02938df5-6afb-d44e-582d-0b5eea40f8eb;51:88:0A:9E;0;AVIÁRIO MEIO;657,00;14/11/2025;16:54:56;20;1282-20
CO2;1282;CT-CO2-0;02938df5-6afb-d44e-582d-0b5eea40f8eb;51:88:0A:9E;0;AVIÁRIO MEIO;642,00;14/11/2025;16:59:58;20;1282-20
CO2;1282;CT-CO2-0;02938df5-6afb-d44e-582d-0b5eea40f8eb;51:88:0A:9E;0;AVIÁRIO MEIO;655,00;14/11/2025;17:06:03;20;1282-20
CO2;1282;CT-CO2-0;02938df5-6afb-d44e-582d-0b5eea40f8eb;51:88:0A:9E;0;AVIÁRIO MEIO;671,00;14/11/2025;17:11:05;20;1282-20
CO2;1282;CT-CO2-0;02938df5-6afb-d44e-582d-0b5eea40f8eb;51:88:0A:9E;0;AVIÁRIO MEIO;660,00;14/11/2025;17:16:07;20;1282-20
CO2;1282;CT-CO2-0;02938df5-6afb-d44e-582d-0b5eea40f8eb;51:88:0A:9E;0;AVIÁRIO MEIO;648,00;14/11/2025;17:21:39;20;1282-20
CO2;1282;CT-CO2-0;02938df5-6afb-d44e-582d-0b5eea40f8eb;51:88:0A:9E;0;AVIÁRIO MEIO;647,00;14/11/2025;17:27:11;20;1282-20
CO2;1282;CT-CO2-0;02938df5-6afb-d44e-582d-0b5eea40f8eb;51:88:0A:9E;0;AVIÁRIO MEIO;649,00;14/11/2025;17:32:43;20;1282-20
CO2;1282;CT-CO2-0;02938df5-6afb-d44e-582d-0b5eea40f8eb;51:88:0A:9E;0;AVIÁRIO MEIO;654,00;14/11/2025;17:37:45;20;1282-20
CO2;1282;CT-CO2-0;02938df5-6afb-d44e-582d-0b5eea40f8eb;51:88:0A:9E;0;AVIÁRIO MEIO;662,00;14/11/2025;17:43:18;20;1282-20
CO2;1282;CT-CO2-0;02938df5-6afb-d44e-582d-0b5eea40f8eb;51:88:0A:9E;0;AVIÁRIO MEIO;658,00;14/11/2025;17:48:51;20;1282-20
CO2;1282;CT-CO2-0;02938df5-6afb-d44e-582d-0b5eea40f8eb;51:88:0A:9E;0;AVIÁRIO MEIO;654,00;14/11/2025;17:53:53;20;1282-20
CO2;1282;CT-CO2-0;02938df5-6afb-d44e-582d-0b5eea40f8eb;51:88:0A:9E;0;AVIÁRIO MEIO;665,00;14/11/2025;18:04:57;20;1282-20
CO2;1282;CT-CO2-0;02938df5-6afb-d44e-582d-0b5eea40f8eb;51:88:0A:9E;0;AVIÁRIO MEIO;665,00;14/11/2025;18:10:29;20;1282-20
CO2;1282;CT-CO2-0;02938df5-6afb-d44e-582d-0b5eea40f8eb;51:88:0A:9E;0;AVIÁRIO MEIO;674,00;14/11/2025;18:16:03;20;1282-20
CO2;1282;CT-CO2-0;02938df5-6afb-d44e-582d-0b5eea40f8eb;51:88:0A:9E;0;AVIÁRIO MEIO;698,00;14/11/2025;18:21:05;20;1282-20
CO2;1282;CT-CO2-0;02938df5-6afb-d44e-582d-0b5eea40f8eb;51:88:0A:9E;0;AVIÁRIO MEIO;681,00;14/11/2025;18:26:38;20;1282-20
CO2;1282;CT-CO2-0;02938df5-6afb-d44e-582d-0b5eea40f8eb;51:88:0A:9E;0;AVIÁRIO MEIO;690,00;14/11/2025;18:31:39;20;1282-20
CO2;1282;CT-CO2-0;02938df5-6afb-d44e-582d-0b5eea40f8eb;51:88:0A:9E;0;AVIÁRIO MEIO;686,00;14/11/2025;18:37:11;20;1282-20
CO2;1282;CT-CO2-0;02938df5-6afb-d44e-582d-0b5eea40f8eb;51:88:0A:9E;0;AVIÁRIO MEIO;676,00;14/11/2025;18:42:43;20;1282-20
CO2;1282;CT-CO2-0;02938df5-6afb-d44e-582d-0b5eea40f8eb;51:88:0A:9E;0;AVIÁRIO MEIO;739,00;14/11/2025;18:48:16;20;1282-20
CO2;1282;CT-CO2-0;02938df5-6afb-d44e-582d-0b5eea40f8eb;51:88:0A:9E;0;AVIÁRIO MEIO;700,00;14/11/2025;18:53:18;20;1282-20
CO2;1282;CT-CO2-0;02938df5-6afb-d44e-582d-0b5eea40f8eb;51:88:0A:9E;0;AVIÁRIO MEIO;700,00;14/11/2025;18:58:50;20;1282-20
CO2;1282;CT-CO2-0;02938df5-6afb-d44e-582d-0b5eea40f8eb;51:88:0A:9E;0;AVIÁRIO MEIO;717,00;14/11/2025;19:14:57;20;1282-20
CO2;1282;CT-CO2-0;02938df5-6afb-d44e-582d-0b5eea40f8eb;51:88:0A:9E;0;AVIÁRIO MEIO;729,00;14/11/2025;19:20:29;20;1282-20
CO2;1282;CT-CO2-0;02938df5-6afb-d44e-582d-0b5eea40f8eb;51:88:0A:9E;0;AVIÁRIO MEIO;799,00;14/11/2025;19:26:34;20;1282-20
CO2;1282;CT-CO2-0;02938df5-6afb-d44e-582d-0b5eea40f8eb;51:88:0A:9E;0;AVIÁRIO MEIO;758,00;14/11/2025;19:31:06;20;1282-20
CO2;1282;CT-CO2-0;02938df5-6afb-d44e-582d-0b5eea40f8eb;51:88:0A:9E;0;AVIÁRIO MEIO;758,00;14/11/2025;19:36:38;20;1282-20
CO2;1282;CT-CO2-0;02938df5-6afb-d44e-582d-0b5eea40f8eb;51:88:0A:9E;0;AVIÁRIO MEIO;761,00;14/11/2025;19:42:09;20;1282-20
CO2;1282;CT-CO2-0;02938df5-6afb-d44e-582d-0b5eea40f8eb;51:88:0A:9E;0;AVIÁRIO MEIO;752,00;14/11/2025;19:47:12;20;1282-20
CO2;1282;CT-CO2-0;02938df5-6afb-d44e-582d-0b5eea40f8eb;51:88:0A:9E;0;AVIÁRIO MEIO;769,00;14/11/2025;19:52:44;20;1282-20
CO2;1282;CT-CO2-0;02938df5-6afb-d44e-582d-0b5eea40f8eb;51:88:0A:9E;0;AVIÁRIO MEIO;771,00;14/11/2025;19:58:16;20;1282-20
CO2;1282;CT-CO2-0;02938df5-6afb-d44e-582d-0b5eea40f8eb;51:88:0A:9E;0;AVIÁRIO MEIO;774,00;14/11/2025;20:03:18;20;1282-20
CO2;1282;CT-CO2-0;02938df5-6afb-d44e-582d-0b5eea40f8eb;51:88:0A:9E;0;AVIÁRIO MEIO;772,00;14/11/2025;20:08:51;20;1282-20
CO2;1282;CT-CO2-0;02938df5-6afb-d44e-582d-0b5eea40f8eb;51:88:0A:9E;0;AVIÁRIO MEIO;771,00;14/11/2025;20:14:24;20;1282-20
CO2;1282;CT-CO2-0;02938df5-6afb-d44e-582d-0b5eea40f8eb;51:88:0A:9E;0;AVIÁRIO MEIO;793,00;14/11/2025;20:19:56;20;1282-20
CO2;1282;CT-CO2-0;02938df5-6afb-d44e-582d-0b5eea40f8eb;51:88:0A:9E;0;AVIÁRIO MEIO;780,00;14/11/2025;20:24:58;20;1282-20
CO2;1282;CT-CO2-0;02938df5-6afb-d44e-582d-0b5eea40f8eb;51:88:0A:9E;0;AVIÁRIO MEIO;814,00;14/11/2025;20:30:30;20;1282-20
CO2;1282;CT-CO2-0;02938df5-6afb-d44e-582d-0b5eea40f8eb;51:88:0A:9E;0;AVIÁRIO MEIO;802,00;14/11/2025;20:36:33;20;1282-20
CO2;1282;CT-CO2-0;02938df5-6afb-d44e-582d-0b5eea40f8eb;51:88:0A:9E;0;AVIÁRIO MEIO;776,00;14/11/2025;20:41:05;20;1282-20
CO2;1282;CT-CO2-0;02938df5-6afb-d44e-582d-0b5eea40f8eb;51:88:0A:9E;0;AVIÁRIO MEIO;790,00;14/11/2025;20:46:37;20;1282-20
CO2;1282;CT-CO2-0;02938df5-6afb-d44e-582d-0b5eea40f8eb;51:88:0A:9E;0;AVIÁRIO MEIO;779,00;14/11/2025;20:52:10;20;1282-20
CO2;1282;CT-CO2-0;02938df5-6afb-d44e-582d-0b5eea40f8eb;51:88:0A:9E;0;AVIÁRIO MEIO;783,00;14/11/2025;20:57:12;20;1282-20
CO2;1282;CT-CO2-0;02938df5-6afb-d44e-582d-0b5eea40f8eb;51:88:0A:9E;0;AVIÁRIO MEIO;829,00;14/11/2025;21:06:13;20;1282-20
CO2;1282;CT-CO2-0;02938df5-6afb-d44e-582d-0b5eea40f8eb;51:88:0A:9E;0;AVIÁRIO MEIO;851,00;14/11/2025;21:11:46;20;1282-20
CO2;1282;CT-CO2-0;02938df5-6afb-d44e-582d-0b5eea40f8eb;51:88:0A:9E;0;AVIÁRIO MEIO;858,00;14/11/2025;21:16:48;20;1282-20
CO2;1282;CT-CO2-0;02938df5-6afb-d44e-582d-0b5eea40f8eb;51:88:0A:9E;0;AVIÁRIO MEIO;833,00;14/11/2025;21:22:22;20;1282-20
CO2;1282;CT-CO2-0;02938df5-6afb-d44e-582d-0b5eea40f8eb;51:88:0A:9E;0;AVIÁRIO MEIO;798,00;14/11/2025;21:27:54;20;1282-20
CO2;1282;CT-CO2-0;02938df5-6afb-d44e-582d-0b5eea40f8eb;51:88:0A:9E;0;AVIÁRIO MEIO;771,00;14/11/2025;21:32:56;20;1282-20
CO2;1282;CT-CO2-0;02938df5-6afb-d44e-582d-0b5eea40f8eb;51:88:0A:9E;0;AVIÁRIO MEIO;751,00;14/11/2025;21:38:27;20;1282-20
CO2;1282;CT-CO2-0;02938df5-6afb-d44e-582d-0b5eea40f8eb;51:88:0A:9E;0;AVIÁRIO MEIO;752,00;14/11/2025;21:44:31;20;1282-20
CO2;1282;CT-CO2-0;02938df5-6afb-d44e-582d-0b5eea40f8eb;51:88:0A:9E;0;AVIÁRIO MEIO;721,00;14/11/2025;21:49:33;20;1282-20
CO2;1282;CT-CO2-0;02938df5-6afb-d44e-582d-0b5eea40f8eb;51:88:0A:9E;0;AVIÁRIO MEIO;740,00;14/11/2025;21:54:41;20;1282-20
CO2;1282;CT-CO2-0;02938df5-6afb-d44e-582d-0b5eea40f8eb;51:88:0A:9E;0;AVIÁRIO MEIO;718,00;14/11/2025;22:00:14;20;1282-20
CO2;1282;CT-CO2-0;02938df5-6afb-d44e-582d-0b5eea40f8eb;51:88:0A:9E;0;AVIÁRIO MEIO;739,00;14/11/2025;22:05:46;20;1282-20
CO2;1282;CT-CO2-0;02938df5-6afb-d44e-582d-0b5eea40f8eb;51:88:0A:9E;0;AVIÁRIO MEIO;732,00;14/11/2025;22:10:48;20;1282-20
CO2;1282;CT-CO2-0;02938df5-6afb-d44e-582d-0b5eea40f8eb;51:88:0A:9E;0;AVIÁRIO MEIO;734,00;14/11/2025;22:16:20;20;1282-20
CO2;1282;CT-CO2-0;02938df5-6afb-d44e-582d-0b5eea40f8eb;51:88:0A:9E;0;AVIÁRIO MEIO;716,00;14/11/2025;22:21:52;20;1282-20
CO2;1282;CT-CO2-0;02938df5-6afb-d44e-582d-0b5eea40f8eb;51:88:0A:9E;0;AVIÁRIO MEIO;727,00;14/11/2025;22:26:54;20;1282-20
CO2;1282;CT-CO2-0;02938df5-6afb-d44e-582d-0b5eea40f8eb;51:88:0A:9E;0;AVIÁRIO MEIO;735,00;14/11/2025;22:32:26;20;1282-20
CO2;1282;CT-CO2-0;02938df5-6afb-d44e-582d-0b5eea40f8eb;51:88:0A:9E;0;AVIÁRIO MEIO;728,00;14/11/2025;22:37:58;20;1282-20
CO2;1282;CT-CO2-0;02938df5-6afb-d44e-582d-0b5eea40f8eb;51:88:0A:9E;0;AVIÁRIO MEIO;722,00;14/11/2025;22:43:36;20;1282-20
CO2;1282;CT-CO2-0;02938df5-6afb-d44e-582d-0b5eea40f8eb;51:88:0A:9E;0;AVIÁRIO MEIO;720,00;14/11/2025;22:48:38;20;1282-20
CO2;1282;CT-CO2-0;02938df5-6afb-d44e-582d-0b5eea40f8eb;51:88:0A:9E;0;AVIÁRIO MEIO;739,00;14/11/2025;22:59:21;20;1282-20
CO2;1282;CT-CO2-0;02938df5-6afb-d44e-582d-0b5eea40f8eb;51:88:0A:9E;0;AVIÁRIO MEIO;764,00;14/11/2025;23:04:53;20;1282-20
CO2;1282;CT-CO2-0;02938df5-6afb-d44e-582d-0b5eea40f8eb;51:88:0A:9E;0;AVIÁRIO MEIO;850,00;14/11/2025;23:10:26;20;1282-20
CO2;1282;CT-CO2-0;02938df5-6afb-d44e-582d-0b5eea40f8eb;51:88:0A:9E;0;AVIÁRIO MEIO;775,00;14/11/2025;23:15:28;20;1282-20
CO2;1282;CT-CO2-0;02938df5-6afb-d44e-582d-0b5eea40f8eb;51:88:0A:9E;0;AVIÁRIO MEIO;802,00;14/11/2025;23:21:00;20;1282-20
CO2;1282;CT-CO2-0;02938df5-6afb-d44e-582d-0b5eea40f8eb;51:88:0A:9E;0;AVIÁRIO MEIO;919,00;14/11/2025;23:26:32;20;1282-20
CO2;1282;CT-CO2-0;02938df5-6afb-d44e-582d-0b5eea40f8eb;51:88:0A:9E;0;AVIÁRIO MEIO;908,00;14/11/2025;23:31:33;20;1282-20
CO2;1282;CT-CO2-0;02938df5-6afb-d44e-582d-0b5eea40f8eb;51:88:0A:9E;0;AVIÁRIO MEIO;926,00;14/11/2025;23:37:05;20;1282-20
CO2;1282;CT-CO2-0;02938df5-6afb-d44e-582d-0b5eea40f8eb;51:88:0A:9E;0;AVIÁRIO MEIO;900,00;14/11/2025;23:42:37;20;1282-20
CO2;1282;CT-CO2-0;02938df5-6afb-d44e-582d-0b5eea40f8eb;51:88:0A:9E;0;AVIÁRIO MEIO;899,00;14/11/2025;23:47:40;20;1282-20
CO2;1282;CT-CO2-0;02938df5-6afb-d44e-582d-0b5eea40f8eb;51:88:0A:9E;0;AVIÁRIO MEIO;895,00;14/11/2025;23:53:12;20;1282-20
CO2;1282;CT-CO2-0;02938df5-6afb-d44e-582d-0b5eea40f8eb;51:88:0A:9E;0;AVIÁRIO MEIO;921,00;14/11/2025;23:58:44;20;1282-20
CO2;1282;CT-CO2-0;02938df5-6afb-d44e-582d-0b5eea40f8eb;51:88:0A:9E;0;AVIÁRIO MEIO;908,00;15/11/2025;00:04:52;20;1282-20
CO2;1282;CT-CO2-0;02938df5-6afb-d44e-582d-0b5eea40f8eb;51:88:0A:9E;0;AVIÁRIO MEIO;898,00;15/11/2025;00:09:25;20;1282-20
CO2;1282;CT-CO2-0;02938df5-6afb-d44e-582d-0b5eea40f8eb;51:88:0A:9E;0;AVIÁRIO MEIO;906,00;15/11/2025;00:14:58;20;1282-20
CO2;1282;CT-CO2-0;02938df5-6afb-d44e-582d-0b5eea40f8eb;51:88:0A:9E;0;AVIÁRIO MEIO;893,00;15/11/2025;00:20:00;20;1282-20
CO2;1282;CT-CO2-0;02938df5-6afb-d44e-582d-0b5eea40f8eb;51:88:0A:9E;0;AVIÁRIO MEIO;900,00;15/11/2025;00:25:31;20;1282-20
CO2;1282;CT-CO2-0;02938df5-6afb-d44e-582d-0b5eea40f8eb;51:88:0A:9E;0;AVIÁRIO MEIO;909,00;15/11/2025;00:31:03;20;1282-20
CO2;1282;CT-CO2-0;02938df5-6afb-d44e-582d-0b5eea40f8eb;51:88:0A:9E;0;AVIÁRIO MEIO;904,00;15/11/2025;00:36:36;20;1282-20
CO2;1282;CT-CO2-0;02938df5-6afb-d44e-582d-0b5eea40f8eb;51:88:0A:9E;0;AVIÁRIO MEIO;904,00;15/11/2025;00:41:37;20;1282-20
CO2;1282;CT-CO2-0;02938df5-6afb-d44e-582d-0b5eea40f8eb;51:88:0A:9E;0;AVIÁRIO MEIO;893,00;15/11/2025;00:47:11;20;1282-20
CO2;1282;CT-CO2-0;02938df5-6afb-d44e-582d-0b5eea40f8eb;51:88:0A:9E;0;AVIÁRIO MEIO;876,00;15/11/2025;00:52:43;20;1282-20
CO2;1282;CT-CO2-0;02938df5-6afb-d44e-582d-0b5eea40f8eb;51:88:0A:9E;0;AVIÁRIO MEIO;897,00;15/11/2025;00:57:45;20;1282-20
CO2;1282;CT-CO2-0;02938df5-6afb-d44e-582d-0b5eea40f8eb;51:88:0A:9E;0;AVIÁRIO MEIO;885,00;15/11/2025;01:03:19;20;1282-20
CO2;1282;CT-CO2-0;02938df5-6afb-d44e-582d-0b5eea40f8eb;51:88:0A:9E;0;AVIÁRIO MEIO;890,00;15/11/2025;01:08:51;20;1282-20
CO2;1282;CT-CO2-0;02938df5-6afb-d44e-582d-0b5eea40f8eb;51:88:0A:9E;0;AVIÁRIO MEIO;863,00;15/11/2025;01:14:25;20;1282-20
CO2;1282;CT-CO2-0;02938df5-6afb-d44e-582d-0b5eea40f8eb;51:88:0A:9E;0;AVIÁRIO MEIO;848,00;15/11/2025;01:24:59;20;1282-20
CO2;1282;CT-CO2-0;02938df5-6afb-d44e-582d-0b5eea40f8eb;51:88:0A:9E;0;AVIÁRIO MEIO;862,00;15/11/2025;01:30:03;20;1282-20
CO2;1282;CT-CO2-0;02938df5-6afb-d44e-582d-0b5eea40f8eb;51:88:0A:9E;0;AVIÁRIO MEIO;855,00;15/11/2025;01:35:35;20;1282-20
CO2;1282;CT-CO2-0;02938df5-6afb-d44e-582d-0b5eea40f8eb;51:88:0A:9E;0;AVIÁRIO MEIO;850,00;15/11/2025;01:41:06;20;1282-20
CO2;1282;CT-CO2-0;02938df5-6afb-d44e-582d-0b5eea40f8eb;51:88:0A:9E;0;AVIÁRIO MEIO;855,00;15/11/2025;01:46:38;20;1282-20
CO2;1282;CT-CO2-0;02938df5-6afb-d44e-582d-0b5eea40f8eb;51:88:0A:9E;0;AVIÁRIO MEIO;888,00;15/11/2025;01:51:40;20;1282-20
CO2;1282;CT-CO2-0;02938df5-6afb-d44e-582d-0b5eea40f8eb;51:88:0A:9E;0;AVIÁRIO MEIO;871,00;15/11/2025;01:57:12;20;1282-20
CO2;1282;CT-CO2-0;02938df5-6afb-d44e-582d-0b5eea40f8eb;51:88:0A:9E;0;AVIÁRIO MEIO;854,00;15/11/2025;02:02:44;20;1282-20
CO2;1282;CT-CO2-0;02938df5-6afb-d44e-582d-0b5eea40f8eb;51:88:0A:9E;0;AVIÁRIO MEIO;863,00;15/11/2025;02:07:45;20;1282-20
CO2;1282;CT-CO2-0;02938df5-6afb-d44e-582d-0b5eea40f8eb;51:88:0A:9E;0;AVIÁRIO MEIO;873,00;15/11/2025;02:13:17;20;1282-20
CO2;1282;CT-CO2-0;02938df5-6afb-d44e-582d-0b5eea40f8eb;51:88:0A:9E;0;AVIÁRIO MEIO;870,00;15/11/2025;02:18:49;20;1282-20
CO2;1282;CT-CO2-0;02938df5-6afb-d44e-582d-0b5eea40f8eb;51:88:0A:9E;0;AVIÁRIO MEIO;864,00;15/11/2025;02:25:00;20;1282-20
CO2;1282;CT-CO2-0;02938df5-6afb-d44e-582d-0b5eea40f8eb;51:88:0A:9E;0;AVIÁRIO MEIO;855,00;15/11/2025;02:29:32;20;1282-20
CO2;1282;CT-CO2-0;02938df5-6afb-d44e-582d-0b5eea40f8eb;51:88:0A:9E;0;AVIÁRIO MEIO;863,00;15/11/2025;02:35:04;20;1282-20
CO2;1282;CT-CO2-0;02938df5-6afb-d44e-582d-0b5eea40f8eb;51:88:0A:9E;0;AVIÁRIO MEIO;856,00;15/11/2025;02:40:06;20;1282-20
CO2;1282;CT-CO2-0;02938df5-6afb-d44e-582d-0b5eea40f8eb;51:88:0A:9E;0;AVIÁRIO MEIO;836,00;15/11/2025;02:45:38;20;1282-20
CO2;1282;CT-CO2-0;02938df5-6afb-d44e-582d-0b5eea40f8eb;51:88:0A:9E;0;AVIÁRIO MEIO;848,00;15/11/2025;02:51:10;20;1282-20
CO2;1282;CT-CO2-0;02938df5-6afb-d44e-582d-0b5eea40f8eb;51:88:0A:9E;0;AVIÁRIO MEIO;846,00;15/11/2025;02:56:42;20;1282-20
CO2;1282;CT-CO2-0;02938df5-6afb-d44e-582d-0b5eea40f8eb;51:88:0A:9E;0;AVIÁRIO MEIO;856,00;15/11/2025;03:01:44;20;1282-20
CO2;1282;CT-CO2-0;02938df5-6afb-d44e-582d-0b5eea40f8eb;51:88:0A:9E;0;AVIÁRIO MEIO;853,00;15/11/2025;03:07:16;20;1282-20
CO2;1282;CT-CO2-0;02938df5-6afb-d44e-582d-0b5eea40f8eb;51:88:0A:9E;0;AVIÁRIO MEIO;841,00;15/11/2025;03:12:47;20;1282-20
CO2;1282;CT-CO2-0;02938df5-6afb-d44e-582d-0b5eea40f8eb;51:88:0A:9E;0;AVIÁRIO MEIO;836,00;15/11/2025;03:17:49;20;1282-20
CO2;1282;CT-CO2-0;02938df5-6afb-d44e-582d-0b5eea40f8eb;51:88:0A:9E;0;AVIÁRIO MEIO;834,00;15/11/2025;03:23:21;20;1282-20
CO2;1282;CT-CO2-0;02938df5-6afb-d44e-582d-0b5eea40f8eb;51:88:0A:9E;0;AVIÁRIO MEIO;802,00;15/11/2025;03:28:53;20;1282-20
CO2;1282;CT-CO2-0;02938df5-6afb-d44e-582d-0b5eea40f8eb;51:88:0A:9E;0;AVIÁRIO MEIO;812,00;15/11/2025;03:34:57;20;1282-20
CO2;1282;CT-CO2-0;02938df5-6afb-d44e-582d-0b5eea40f8eb;51:88:0A:9E;0;AVIÁRIO MEIO;802,00;15/11/2025;03:39:30;20;1282-20
CO2;1282;CT-CO2-0;02938df5-6afb-d44e-582d-0b5eea40f8eb;51:88:0A:9E;0;AVIÁRIO MEIO;793,00;15/11/2025;03:45:02;20;1282-20
CO2;1282;CT-CO2-0;02938df5-6afb-d44e-582d-0b5eea40f8eb;51:88:0A:9E;0;AVIÁRIO MEIO;811,00;15/11/2025;03:50:34;20;1282-20
CO2;1282;CT-CO2-0;02938df5-6afb-d44e-582d-0b5eea40f8eb;51:88:0A:9E;0;AVIÁRIO MEIO;789,00;15/11/2025;03:55:36;20;1282-20
CO2;1282;CT-CO2-0;02938df5-6afb-d44e-582d-0b5eea40f8eb;51:88:0A:9E;0;AVIÁRIO MEIO;786,00;15/11/2025;04:01:08;20;1282-20
CO2;1282;CT-CO2-0;02938df5-6afb-d44e-582d-0b5eea40f8eb;51:88:0A:9E;0;AVIÁRIO MEIO;801,00;15/11/2025;04:06:40;20;1282-20
CO2;1282;CT-CO2-0;02938df5-6afb-d44e-582d-0b5eea40f8eb;51:88:0A:9E;0;AVIÁRIO MEIO;786,00;15/11/2025;04:11:41;20;1282-20
CO2;1282;CT-CO2-0;02938df5-6afb-d44e-582d-0b5eea40f8eb;51:88:0A:9E;0;AVIÁRIO MEIO;814,00;15/11/2025;04:17:13;20;1282-20
CO2;1282;CT-CO2-0;02938df5-6afb-d44e-582d-0b5eea40f8eb;51:88:0A:9E;0;AVIÁRIO MEIO;816,00;15/11/2025;04:22:47;20;1282-20
CO2;1282;CT-CO2-0;02938df5-6afb-d44e-582d-0b5eea40f8eb;51:88:0A:9E;0;AVIÁRIO MEIO;826,00;15/11/2025;04:27:50;20;1282-20
CO2;1282;CT-CO2-0;02938df5-6afb-d44e-582d-0b5eea40f8eb;51:88:0A:9E;0;AVIÁRIO MEIO;840,00;15/11/2025;04:33:22;20;1282-20
CO2;1282;CT-CO2-0;02938df5-6afb-d44e-582d-0b5eea40f8eb;51:88:0A:9E;0;AVIÁRIO MEIO;841,00;15/11/2025;04:38:53;20;1282-20
CO2;1282;CT-CO2-0;02938df5-6afb-d44e-582d-0b5eea40f8eb;51:88:0A:9E;0;AVIÁRIO MEIO;817,00;15/11/2025;04:44:58;20;1282-20
CO2;1282;CT-CO2-0;02938df5-6afb-d44e-582d-0b5eea40f8eb;51:88:0A:9E;0;AVIÁRIO MEIO;830,00;15/11/2025;04:49:31;20;1282-20
CO2;1282;CT-CO2-0;02938df5-6afb-d44e-582d-0b5eea40f8eb;51:88:0A:9E;0;AVIÁRIO MEIO;809,00;15/11/2025;04:55:03;20;1282-20
CO2;1282;CT-CO2-0;02938df5-6afb-d44e-582d-0b5eea40f8eb;51:88:0A:9E;0;AVIÁRIO MEIO;819,00;15/11/2025;05:00:35;20;1282-20
CO2;1282;CT-CO2-0;02938df5-6afb-d44e-582d-0b5eea40f8eb;51:88:0A:9E;0;AVIÁRIO MEIO;796,00;15/11/2025;05:05:37;20;1282-20
CO2;1282;CT-CO2-0;02938df5-6afb-d44e-582d-0b5eea40f8eb;51:88:0A:9E;0;AVIÁRIO MEIO;795,00;15/11/2025;05:11:08;20;1282-20
CO2;1282;CT-CO2-0;02938df5-6afb-d44e-582d-0b5eea40f8eb;51:88:0A:9E;0;AVIÁRIO MEIO;852,00;15/11/2025;05:16:41;20;1282-20
CO2;1282;CT-CO2-0;02938df5-6afb-d44e-582d-0b5eea40f8eb;51:88:0A:9E;0;AVIÁRIO MEIO;816,00;15/11/2025;05:21:43;20;1282-20
CO2;1282;CT-CO2-0;02938df5-6afb-d44e-582d-0b5eea40f8eb;51:88:0A:9E;0;AVIÁRIO MEIO;804,00;15/11/2025;05:27:18;20;1282-20
CO2;1282;CT-CO2-0;02938df5-6afb-d44e-582d-0b5eea40f8eb;51:88:0A:9E;0;AVIÁRIO MEIO;804,00;15/11/2025;05:32:50;20;1282-20
CO2;1282;CT-CO2-0;02938df5-6afb-d44e-582d-0b5eea40f8eb;51:88:0A:9E;0;AVIÁRIO MEIO;832,00;15/11/2025;05:37:52;20;1282-20
CO2;1282;CT-CO2-0;02938df5-6afb-d44e-582d-0b5eea40f8eb;51:88:0A:9E;0;AVIÁRIO MEIO;822,00;15/11/2025;05:43:24;20;1282-20
CO2;1282;CT-CO2-0;02938df5-6afb-d44e-582d-0b5eea40f8eb;51:88:0A:9E;0;AVIÁRIO MEIO;826,00;15/11/2025;05:48:55;20;1282-20
CO2;1282;CT-CO2-0;02938df5-6afb-d44e-582d-0b5eea40f8eb;51:88:0A:9E;0;AVIÁRIO MEIO;815,00;15/11/2025;05:55:02;20;1282-20
CO2;1282;CT-CO2-0;02938df5-6afb-d44e-582d-0b5eea40f8eb;51:88:0A:9E;0;AVIÁRIO MEIO;831,00;15/11/2025;05:59:34;20;1282-20
CO2;1282;CT-CO2-0;02938df5-6afb-d44e-582d-0b5eea40f8eb;51:88:0A:9E;0;AVIÁRIO MEIO;848,00;15/11/2025;06:05:06;20;1282-20
CO2;1282;CT-CO2-0;02938df5-6afb-d44e-582d-0b5eea40f8eb;51:88:0A:9E;0;AVIÁRIO MEIO;835,00;15/11/2025;06:10:38;20;1282-20
CO2;1282;CT-CO2-0;02938df5-6afb-d44e-582d-0b5eea40f8eb;51:88:0A:9E;0;AVIÁRIO MEIO;837,00;15/11/2025;06:15:46;20;1282-20
CO2;1282;CT-CO2-0;02938df5-6afb-d44e-582d-0b5eea40f8eb;51:88:0A:9E;0;AVIÁRIO MEIO;832,00;15/11/2025;06:21:18;20;1282-20
CO2;1282;CT-CO2-0;02938df5-6afb-d44e-582d-0b5eea40f8eb;51:88:0A:9E;0;AVIÁRIO MEIO;834,00;15/11/2025;06:26:20;20;1282-20
CO2;1282;CT-CO2-0;02938df5-6afb-d44e-582d-0b5eea40f8eb;51:88:0A:9E;0;AVIÁRIO MEIO;834,00;15/11/2025;06:31:52;20;1282-20
CO2;1282;CT-CO2-0;02938df5-6afb-d44e-582d-0b5eea40f8eb;51:88:0A:9E;0;AVIÁRIO MEIO;841,00;15/11/2025;06:37:24;20;1282-20
CO2;1282;CT-CO2-0;02938df5-6afb-d44e-582d-0b5eea40f8eb;51:88:0A:9E;0;AVIÁRIO MEIO;840,00;15/11/2025;06:42:56;20;1282-20
CO2;1282;CT-CO2-0;02938df5-6afb-d44e-582d-0b5eea40f8eb;51:88:0A:9E;0;AVIÁRIO MEIO;872,00;15/11/2025;06:47:59;20;1282-20
CO2;1282;CT-CO2-0;02938df5-6afb-d44e-582d-0b5eea40f8eb;51:88:0A:9E;0;AVIÁRIO MEIO;872,00;15/11/2025;06:53:31;20;1282-20
CO2;1282;CT-CO2-0;02938df5-6afb-d44e-582d-0b5eea40f8eb;51:88:0A:9E;0;AVIÁRIO MEIO;873,00;15/11/2025;06:59:03;20;1282-20
CO2;1282;CT-CO2-0;02938df5-6afb-d44e-582d-0b5eea40f8eb;51:88:0A:9E;0;AVIÁRIO MEIO;868,00;15/11/2025;07:04:39;20;1282-20
CO2;1282;CT-CO2-0;02938df5-6afb-d44e-582d-0b5eea40f8eb;51:88:0A:9E;0;AVIÁRIO MEIO;878,00;15/11/2025;07:09:41;20;1282-20
CO2;1282;CT-CO2-0;02938df5-6afb-d44e-582d-0b5eea40f8eb;51:88:0A:9E;0;AVIÁRIO MEIO;864,00;15/11/2025;07:15:13;20;1282-20
CO2;1282;CT-CO2-0;02938df5-6afb-d44e-582d-0b5eea40f8eb;51:88:0A:9E;0;AVIÁRIO MEIO;867,00;15/11/2025;07:20:45;20;1282-20
CO2;1282;CT-CO2-0;02938df5-6afb-d44e-582d-0b5eea40f8eb;51:88:0A:9E;0;AVIÁRIO MEIO;864,00;15/11/2025;07:25:49;20;1282-20
CO2;1282;CT-CO2-0;02938df5-6afb-d44e-582d-0b5eea40f8eb;51:88:0A:9E;0;AVIÁRIO MEIO;879,00;15/11/2025;07:31:21;20;1282-20
CO2;1282;CT-CO2-0;02938df5-6afb-d44e-582d-0b5eea40f8eb;51:88:0A:9E;0;AVIÁRIO MEIO;859,00;15/11/2025;07:36:53;20;1282-20
CO2;1282;CT-CO2-0;02938df5-6afb-d44e-582d-0b5eea40f8eb;51:88:0A:9E;0;AVIÁRIO MEIO;863,00;15/11/2025;07:41:56;20;1282-20
CO2;1282;CT-CO2-0;02938df5-6afb-d44e-582d-0b5eea40f8eb;51:88:0A:9E;0;AVIÁRIO MEIO;849,00;15/11/2025;07:47:28;20;1282-20
CO2;1282;CT-CO2-0;02938df5-6afb-d44e-582d-0b5eea40f8eb;51:88:0A:9E;0;AVIÁRIO MEIO;858,00;15/11/2025;07:53:00;20;1282-20
CO2;1282;CT-CO2-0;02938df5-6afb-d44e-582d-0b5eea40f8eb;51:88:0A:9E;0;AVIÁRIO MEIO;852,00;15/11/2025;07:58:03;20;1282-20
CO2;1282;CT-CO2-0;02938df5-6afb-d44e-582d-0b5eea40f8eb;51:88:0A:9E;0;AVIÁRIO MEIO;846,00;15/11/2025;08:03:34;20;1282-20
CO2;1282;CT-CO2-0;02938df5-6afb-d44e-582d-0b5eea40f8eb;51:88:0A:9E;0;AVIÁRIO MEIO;871,00;15/11/2025;08:09:06;20;1282-20
CO2;1282;CT-CO2-0;02938df5-6afb-d44e-582d-0b5eea40f8eb;51:88:0A:9E;0;AVIÁRIO MEIO;867,00;15/11/2025;08:15:10;20;1282-20
CO2;1282;CT-CO2-0;02938df5-6afb-d44e-582d-0b5eea40f8eb;51:88:0A:9E;0;AVIÁRIO MEIO;861,00;15/11/2025;08:19:42;20;1282-20
CO2;1282;CT-CO2-0;02938df5-6afb-d44e-582d-0b5eea40f8eb;51:88:0A:9E;0;AVIÁRIO MEIO;860,00;15/11/2025;08:25:14;20;1282-20
CO2;1282;CT-CO2-0;02938df5-6afb-d44e-582d-0b5eea40f8eb;51:88:0A:9E;0;AVIÁRIO MEIO;849,00;15/11/2025;08:30:46;20;1282-20
CO2;1282;CT-CO2-0;02938df5-6afb-d44e-582d-0b5eea40f8eb;51:88:0A:9E;0;AVIÁRIO MEIO;855,00;15/11/2025;08:35:48;20;1282-20
CO2;1282;CT-CO2-0;02938df5-6afb-d44e-582d-0b5eea40f8eb;51:88:0A:9E;0;AVIÁRIO MEIO;861,00;15/11/2025;08:41:20;20;1282-20
CO2;1282;CT-CO2-0;02938df5-6afb-d44e-582d-0b5eea40f8eb;51:88:0A:9E;0;AVIÁRIO MEIO;852,00;15/11/2025;08:46:52;20;1282-20
CO2;1282;CT-CO2-0;02938df5-6afb-d44e-582d-0b5eea40f8eb;51:88:0A:9E;0;AVIÁRIO MEIO;857,00;15/11/2025;08:51:55;20;1282-20
CO2;1282;CT-CO2-0;02938df5-6afb-d44e-582d-0b5eea40f8eb;51:88:0A:9E;0;AVIÁRIO MEIO;823,00;15/11/2025;08:57:27;20;1282-20
CO2;1282;CT-CO2-0;02938df5-6afb-d44e-582d-0b5eea40f8eb;51:88:0A:9E;0;AVIÁRIO MEIO;825,00;15/11/2025;09:02:59;20;1282-20
CO2;1282;CT-CO2-0;02938df5-6afb-d44e-582d-0b5eea40f8eb;51:88:0A:9E;0;AVIÁRIO MEIO;851,00;15/11/2025;09:08:02;20;1282-20
CO2;1282;CT-CO2-0;02938df5-6afb-d44e-582d-0b5eea40f8eb;51:88:0A:9E;0;AVIÁRIO MEIO;840,00;15/11/2025;09:13:35;20;1282-20
CO2;1282;CT-CO2-0;02938df5-6afb-d44e-582d-0b5eea40f8eb;51:88:0A:9E;0;AVIÁRIO MEIO;840,00;15/11/2025;09:19:09;20;1282-20
CO2;1282;CT-CO2-0;02938df5-6afb-d44e-582d-0b5eea40f8eb;51:88:0A:9E;0;AVIÁRIO MEIO;834,00;15/11/2025;09:25:13;20;1282-20
CO2;1282;CT-CO2-0;02938df5-6afb-d44e-582d-0b5eea40f8eb;51:88:0A:9E;0;AVIÁRIO MEIO;823,00;15/11/2025;09:29:45;20;1282-20
CO2;1282;CT-CO2-0;02938df5-6afb-d44e-582d-0b5eea40f8eb;51:88:0A:9E;0;AVIÁRIO MEIO;834,00;15/11/2025;09:35:18;20;1282-20
CO2;1282;CT-CO2-0;02938df5-6afb-d44e-582d-0b5eea40f8eb;51:88:0A:9E;0;AVIÁRIO MEIO;830,00;15/11/2025;09:40:50;20;1282-20
CO2;1282;CT-CO2-0;02938df5-6afb-d44e-582d-0b5eea40f8eb;51:88:0A:9E;0;AVIÁRIO MEIO;828,00;15/11/2025;09:45:52;20;1282-20
CO2;1282;CT-CO2-0;02938df5-6afb-d44e-582d-0b5eea40f8eb;51:88:0A:9E;0;AVIÁRIO MEIO;831,00;15/11/2025;09:51:25;20;1282-20
CO2;1282;CT-CO2-0;02938df5-6afb-d44e-582d-0b5eea40f8eb;51:88:0A:9E;0;AVIÁRIO MEIO;830,00;15/11/2025;09:56:57;20;1282-20
CO2;1282;CT-CO2-0;02938df5-6afb-d44e-582d-0b5eea40f8eb;51:88:0A:9E;0;AVIÁRIO MEIO;857,00;15/11/2025;10:02:00;20;1282-20
CO2;1282;CT-CO2-0;02938df5-6afb-d44e-582d-0b5eea40f8eb;51:88:0A:9E;0;AVIÁRIO MEIO;861,00;15/11/2025;10:07:32;20;1282-20
CO2;1282;CT-CO2-0;02938df5-6afb-d44e-582d-0b5eea40f8eb;51:88:0A:9E;0;AVIÁRIO MEIO;828,00;15/11/2025;10:13:03;20;1282-20
CO2;1282;CT-CO2-0;02938df5-6afb-d44e-582d-0b5eea40f8eb;51:88:0A:9E;0;AVIÁRIO MEIO;855,00;15/11/2025;10:18:05;20;1282-20
CO2;1282;CT-CO2-0;02938df5-6afb-d44e-582d-0b5eea40f8eb;51:88:0A:9E;0;AVIÁRIO MEIO;805,00;15/11/2025;10:23:38;20;1282-20
CO2;1282;CT-CO2-0;02938df5-6afb-d44e-582d-0b5eea40f8eb;51:88:0A:9E;0;AVIÁRIO MEIO;822,00;15/11/2025;10:29:10;20;1282-20
CO2;1282;CT-CO2-0;02938df5-6afb-d44e-582d-0b5eea40f8eb;51:88:0A:9E;0;AVIÁRIO MEIO;806,00;15/11/2025;10:35:14;20;1282-20
CO2;1282;CT-CO2-0;02938df5-6afb-d44e-582d-0b5eea40f8eb;51:88:0A:9E;0;AVIÁRIO MEIO;813,00;15/11/2025;10:39:51;20;1282-20
CO2;1282;CT-CO2-0;02938df5-6afb-d44e-582d-0b5eea40f8eb;51:88:0A:9E;0;AVIÁRIO MEIO;805,00;15/11/2025;10:45:23;20;1282-20
CO2;1282;CT-CO2-0;02938df5-6afb-d44e-582d-0b5eea40f8eb;51:88:0A:9E;0;AVIÁRIO MEIO;822,00;15/11/2025;10:50:54;20;1282-20
CO2;1282;CT-CO2-0;02938df5-6afb-d44e-582d-0b5eea40f8eb;51:88:0A:9E;0;AVIÁRIO MEIO;797,00;15/11/2025;10:55:56;20;1282-20
CO2;1282;CT-CO2-0;02938df5-6afb-d44e-582d-0b5eea40f8eb;51:88:0A:9E;0;AVIÁRIO MEIO;791,00;15/11/2025;11:01:29;20;1282-20
CO2;1282;CT-CO2-0;02938df5-6afb-d44e-582d-0b5eea40f8eb;51:88:0A:9E;0;AVIÁRIO MEIO;776,00;15/11/2025;11:07:03;20;1282-20
CO2;1282;CT-CO2-0;02938df5-6afb-d44e-582d-0b5eea40f8eb;51:88:0A:9E;0;AVIÁRIO MEIO;760,00;15/11/2025;11:12:05;20;1282-20
CO2;1282;CT-CO2-0;02938df5-6afb-d44e-582d-0b5eea40f8eb;51:88:0A:9E;0;AVIÁRIO MEIO;754,00;15/11/2025;11:17:37;20;1282-20
CO2;1282;CT-CO2-0;02938df5-6afb-d44e-582d-0b5eea40f8eb;51:88:0A:9E;0;AVIÁRIO MEIO;693,00;15/11/2025;11:23:10;20;1282-20
CO2;1282;CT-CO2-0;02938df5-6afb-d44e-582d-0b5eea40f8eb;51:88:0A:9E;0;AVIÁRIO MEIO;703,00;15/11/2025;11:28:12;20;1282-20
CO2;1282;CT-CO2-0;02938df5-6afb-d44e-582d-0b5eea40f8eb;51:88:0A:9E;0;AVIÁRIO MEIO;711,00;15/11/2025;11:33:44;20;1282-20
CO2;1282;CT-CO2-0;02938df5-6afb-d44e-582d-0b5eea40f8eb;51:88:0A:9E;0;AVIÁRIO MEIO;698,00;15/11/2025;11:39:20;20;1282-20
CO2;1282;CT-CO2-0;02938df5-6afb-d44e-582d-0b5eea40f8eb;51:88:0A:9E;0;AVIÁRIO MEIO;699,00;15/11/2025;11:44:59;20;1282-20
CO2;1282;CT-CO2-0;02938df5-6afb-d44e-582d-0b5eea40f8eb;51:88:0A:9E;0;AVIÁRIO MEIO;702,00;15/11/2025;11:50:00;20;1282-20
CO2;1282;CT-CO2-0;02938df5-6afb-d44e-582d-0b5eea40f8eb;51:88:0A:9E;0;AVIÁRIO MEIO;672,00;15/11/2025;11:55:32;20;1282-20
CO2;1282;CT-CO2-0;02938df5-6afb-d44e-582d-0b5eea40f8eb;51:88:0A:9E;0;AVIÁRIO MEIO;674,00;15/11/2025;12:00:34;20;1282-20
CO2;1282;CT-CO2-0;02938df5-6afb-d44e-582d-0b5eea40f8eb;51:88:0A:9E;0;AVIÁRIO MEIO;686,00;15/11/2025;12:06:06;20;1282-20
CO2;1282;CT-CO2-0;02938df5-6afb-d44e-582d-0b5eea40f8eb;51:88:0A:9E;0;AVIÁRIO MEIO;682,00;15/11/2025;12:11:39;20;1282-20
CO2;1282;CT-CO2-0;02938df5-6afb-d44e-582d-0b5eea40f8eb;51:88:0A:9E;0;AVIÁRIO MEIO;659,00;15/11/2025;12:16:41;20;1282-20
CO2;1282;CT-CO2-0;02938df5-6afb-d44e-582d-0b5eea40f8eb;51:88:0A:9E;0;AVIÁRIO MEIO;683,00;15/11/2025;12:22:13;20;1282-20
CO2;1282;CT-CO2-0;02938df5-6afb-d44e-582d-0b5eea40f8eb;51:88:0A:9E;0;AVIÁRIO MEIO;679,00;15/11/2025;12:27:45;20;1282-20
CO2;1282;CT-CO2-0;02938df5-6afb-d44e-582d-0b5eea40f8eb;51:88:0A:9E;0;AVIÁRIO MEIO;665,00;15/11/2025;12:33:18;20;1282-20
CO2;1282;CT-CO2-0;02938df5-6afb-d44e-582d-0b5eea40f8eb;51:88:0A:9E;0;AVIÁRIO MEIO;676,00;15/11/2025;12:38:19;20;1282-20
CO2;1282;CT-CO2-0;02938df5-6afb-d44e-582d-0b5eea40f8eb;51:88:0A:9E;0;AVIÁRIO MEIO;666,00;15/11/2025;12:43:54;20;1282-20
CO2;1282;CT-CO2-0;02938df5-6afb-d44e-582d-0b5eea40f8eb;51:88:0A:9E;0;AVIÁRIO MEIO;662,00;15/11/2025;12:49:26;20;1282-20
CO2;1282;CT-CO2-0;02938df5-6afb-d44e-582d-0b5eea40f8eb;51:88:0A:9E;0;AVIÁRIO MEIO;680,00;15/11/2025;12:55:00;20;1282-20
CO2;1282;CT-CO2-0;02938df5-6afb-d44e-582d-0b5eea40f8eb;51:88:0A:9E;0;AVIÁRIO MEIO;661,00;15/11/2025;13:00:02;20;1282-20
CO2;1282;CT-CO2-0;02938df5-6afb-d44e-582d-0b5eea40f8eb;51:88:0A:9E;0;AVIÁRIO MEIO;672,00;15/11/2025;13:05:35;20;1282-20
CO2;1282;CT-CO2-0;02938df5-6afb-d44e-582d-0b5eea40f8eb;51:88:0A:9E;0;AVIÁRIO MEIO;681,00;15/11/2025;13:10:37;20;1282-20
CO2;1282;CT-CO2-0;02938df5-6afb-d44e-582d-0b5eea40f8eb;51:88:0A:9E;0;AVIÁRIO MEIO;665,00;15/11/2025;13:16:09;20;1282-20
CO2;1282;CT-CO2-0;02938df5-6afb-d44e-582d-0b5eea40f8eb;51:88:0A:9E;0;AVIÁRIO MEIO;676,00;15/11/2025;13:21:41;20;1282-20
CO2;1282;CT-CO2-0;02938df5-6afb-d44e-582d-0b5eea40f8eb;51:88:0A:9E;0;AVIÁRIO MEIO;721,00;15/11/2025;13:27:13;20;1282-20
CO2;1282;CT-CO2-0;02938df5-6afb-d44e-582d-0b5eea40f8eb;51:88:0A:9E;0;AVIÁRIO MEIO;692,00;15/11/2025;13:32:18;20;1282-20
CO2;1282;CT-CO2-0;02938df5-6afb-d44e-582d-0b5eea40f8eb;51:88:0A:9E;0;AVIÁRIO MEIO;665,00;15/11/2025;13:37:51;20;1282-20
CO2;1282;CT-CO2-0;02938df5-6afb-d44e-582d-0b5eea40f8eb;51:88:0A:9E;0;AVIÁRIO MEIO;692,00;15/11/2025;13:43:25;20;1282-20
CO2;1282;CT-CO2-0;02938df5-6afb-d44e-582d-0b5eea40f8eb;51:88:0A:9E;0;AVIÁRIO MEIO;681,00;15/11/2025;13:48:26;20;1282-20
CO2;1282;CT-CO2-0;02938df5-6afb-d44e-582d-0b5eea40f8eb;51:88:0A:9E;0;AVIÁRIO MEIO;682,00;15/11/2025;13:53:58;20;1282-20
CO2;1282;CT-CO2-0;02938df5-6afb-d44e-582d-0b5eea40f8eb;51:88:0A:9E;0;AVIÁRIO MEIO;695,00;15/11/2025;14:00:02;20;1282-20
CO2;1282;CT-CO2-0;02938df5-6afb-d44e-582d-0b5eea40f8eb;51:88:0A:9E;0;AVIÁRIO MEIO;732,00;15/11/2025;14:04:34;20;1282-20
CO2;1282;CT-CO2-0;02938df5-6afb-d44e-582d-0b5eea40f8eb;51:88:0A:9E;0;AVIÁRIO MEIO;698,00;15/11/2025;14:10:06;20;1282-20
CO2;1282;CT-CO2-0;02938df5-6afb-d44e-582d-0b5eea40f8eb;51:88:0A:9E;0;AVIÁRIO MEIO;660,00;15/11/2025;14:15:39;20;1282-20
CO2;1282;CT-CO2-0;02938df5-6afb-d44e-582d-0b5eea40f8eb;51:88:0A:9E;0;AVIÁRIO MEIO;690,00;15/11/2025;14:21:11;20;1282-20
CO2;1282;CT-CO2-0;02938df5-6afb-d44e-582d-0b5eea40f8eb;51:88:0A:9E;0;AVIÁRIO MEIO;672,00;15/11/2025;14:26:13;20;1282-20
CO2;1282;CT-CO2-0;02938df5-6afb-d44e-582d-0b5eea40f8eb;51:88:0A:9E;0;AVIÁRIO MEIO;657,00;15/11/2025;14:31:45;20;1282-20
CO2;1282;CT-CO2-0;02938df5-6afb-d44e-582d-0b5eea40f8eb;51:88:0A:9E;0;AVIÁRIO MEIO;653,00;15/11/2025;14:37:17;20;1282-20
CO2;1282;CT-CO2-0;02938df5-6afb-d44e-582d-0b5eea40f8eb;51:88:0A:9E;0;AVIÁRIO MEIO;642,00;15/11/2025;14:42:19;20;1282-20
CO2;1282;CT-CO2-0;02938df5-6afb-d44e-582d-0b5eea40f8eb;51:88:0A:9E;0;AVIÁRIO MEIO;642,00;15/11/2025;14:47:52;20;1282-20
CO2;1282;CT-CO2-0;02938df5-6afb-d44e-582d-0b5eea40f8eb;51:88:0A:9E;0;AVIÁRIO MEIO;638,00;15/11/2025;14:53:24;20;1282-20
CO2;1282;CT-CO2-0;02938df5-6afb-d44e-582d-0b5eea40f8eb;51:88:0A:9E;0;AVIÁRIO MEIO;648,00;15/11/2025;14:58:58;20;1282-20
CO2;1282;CT-CO2-0;02938df5-6afb-d44e-582d-0b5eea40f8eb;51:88:0A:9E;0;AVIÁRIO MEIO;640,00;15/11/2025;15:03:59;20;1282-20
CO2;1282;CT-CO2-0;02938df5-6afb-d44e-582d-0b5eea40f8eb;51:88:0A:9E;0;AVIÁRIO MEIO;650,00;15/11/2025;15:10:02;20;1282-20
CO2;1282;CT-CO2-0;02938df5-6afb-d44e-582d-0b5eea40f8eb;51:88:0A:9E;0;AVIÁRIO MEIO;643,00;15/11/2025;15:15:05;20;1282-20
CO2;1282;CT-CO2-0;02938df5-6afb-d44e-582d-0b5eea40f8eb;51:88:0A:9E;0;AVIÁRIO MEIO;644,00;15/11/2025;15:20:08;20;1282-20
CO2;1282;CT-CO2-0;02938df5-6afb-d44e-582d-0b5eea40f8eb;51:88:0A:9E;0;AVIÁRIO MEIO;649,00;15/11/2025;15:25:40;20;1282-20
CO2;1282;CT-CO2-0;02938df5-6afb-d44e-582d-0b5eea40f8eb;51:88:0A:9E;0;AVIÁRIO MEIO;639,00;15/11/2025;15:31:11;20;1282-20
CO2;1282;CT-CO2-0;02938df5-6afb-d44e-582d-0b5eea40f8eb;51:88:0A:9E;0;AVIÁRIO MEIO;653,00;15/11/2025;15:36:43;20;1282-20
CO2;1282;CT-CO2-0;02938df5-6afb-d44e-582d-0b5eea40f8eb;51:88:0A:9E;0;AVIÁRIO MEIO;652,00;15/11/2025;15:41:45;20;1282-20
CO2;1282;CT-CO2-0;02938df5-6afb-d44e-582d-0b5eea40f8eb;51:88:0A:9E;0;AVIÁRIO MEIO;651,00;15/11/2025;15:47:17;20;1282-20
CO2;1282;CT-CO2-0;02938df5-6afb-d44e-582d-0b5eea40f8eb;51:88:0A:9E;0;AVIÁRIO MEIO;652,00;15/11/2025;15:52:49;20;1282-20
CO2;1282;CT-CO2-0;02938df5-6afb-d44e-582d-0b5eea40f8eb;51:88:0A:9E;0;AVIÁRIO MEIO;659,00;15/11/2025;15:57:52;20;1282-20
CO2;1282;CT-CO2-0;02938df5-6afb-d44e-582d-0b5eea40f8eb;51:88:0A:9E;0;AVIÁRIO MEIO;667,00;15/11/2025;16:03:24;20;1282-20
CO2;1282;CT-CO2-0;02938df5-6afb-d44e-582d-0b5eea40f8eb;51:88:0A:9E;0;AVIÁRIO MEIO;669,00;15/11/2025;16:08:56;20;1282-20
CO2;1282;CT-CO2-0;02938df5-6afb-d44e-582d-0b5eea40f8eb;51:88:0A:9E;0;AVIÁRIO MEIO;662,00;15/11/2025;16:20:09;20;1282-20
CO2;1282;CT-CO2-0;02938df5-6afb-d44e-582d-0b5eea40f8eb;51:88:0A:9E;0;AVIÁRIO MEIO;667,00;15/11/2025;16:25:11;20;1282-20
CO2;1282;CT-CO2-0;02938df5-6afb-d44e-582d-0b5eea40f8eb;51:88:0A:9E;0;AVIÁRIO MEIO;646,00;15/11/2025;16:30:43;20;1282-20
CO2;1282;CT-CO2-0;02938df5-6afb-d44e-582d-0b5eea40f8eb;51:88:0A:9E;0;AVIÁRIO MEIO;657,00;15/11/2025;16:35:45;20;1282-20
CO2;1282;CT-CO2-0;02938df5-6afb-d44e-582d-0b5eea40f8eb;51:88:0A:9E;0;AVIÁRIO MEIO;657,00;15/11/2025;16:41:17;20;1282-20
CO2;1282;CT-CO2-0;02938df5-6afb-d44e-582d-0b5eea40f8eb;51:88:0A:9E;0;AVIÁRIO MEIO;657,00;15/11/2025;16:46:49;20;1282-20
CO2;1282;CT-CO2-0;02938df5-6afb-d44e-582d-0b5eea40f8eb;51:88:0A:9E;0;AVIÁRIO MEIO;656,00;15/11/2025;16:51:51;20;1282-20
CO2;1282;CT-CO2-0;02938df5-6afb-d44e-582d-0b5eea40f8eb;51:88:0A:9E;0;AVIÁRIO MEIO;667,00;15/11/2025;16:57:23;20;1282-20
CO2;1282;CT-CO2-0;02938df5-6afb-d44e-582d-0b5eea40f8eb;51:88:0A:9E;0;AVIÁRIO MEIO;667,00;15/11/2025;17:02:55;20;1282-20
CO2;1282;CT-CO2-0;02938df5-6afb-d44e-582d-0b5eea40f8eb;51:88:0A:9E;0;AVIÁRIO MEIO;686,00;15/11/2025;17:08:27;20;1282-20
CO2;1282;CT-CO2-0;02938df5-6afb-d44e-582d-0b5eea40f8eb;51:88:0A:9E;0;AVIÁRIO MEIO;667,00;15/11/2025;17:13:29;20;1282-20
CO2;1282;CT-CO2-0;02938df5-6afb-d44e-582d-0b5eea40f8eb;51:88:0A:9E;0;AVIÁRIO MEIO;655,00;15/11/2025;17:19:01;20;1282-20
CO2;1282;CT-CO2-0;02938df5-6afb-d44e-582d-0b5eea40f8eb;51:88:0A:9E;0;AVIÁRIO MEIO;664,00;15/11/2025;17:24:33;20;1282-20
CO2;1282;CT-CO2-0;02938df5-6afb-d44e-582d-0b5eea40f8eb;51:88:0A:9E;0;AVIÁRIO MEIO;667,00;15/11/2025;17:30:07;20;1282-20
CO2;1282;CT-CO2-0;02938df5-6afb-d44e-582d-0b5eea40f8eb;51:88:0A:9E;0;AVIÁRIO MEIO;638,00;15/11/2025;17:35:09;20;1282-20
CO2;1282;CT-CO2-0;02938df5-6afb-d44e-582d-0b5eea40f8eb;51:88:0A:9E;0;AVIÁRIO MEIO;667,00;15/11/2025;17:40:41;20;1282-20
CO2;1282;CT-CO2-0;02938df5-6afb-d44e-582d-0b5eea40f8eb;51:88:0A:9E;0;AVIÁRIO MEIO;685,00;15/11/2025;17:45:43;20;1282-20
CO2;1282;CT-CO2-0;02938df5-6afb-d44e-582d-0b5eea40f8eb;51:88:0A:9E;0;AVIÁRIO MEIO;693,00;15/11/2025;17:51:16;20;1282-20
CO2;1282;CT-CO2-0;02938df5-6afb-d44e-582d-0b5eea40f8eb;51:88:0A:9E;0;AVIÁRIO MEIO;712,00;15/11/2025;17:56:48;20;1282-20
CO2;1282;CT-CO2-0;02938df5-6afb-d44e-582d-0b5eea40f8eb;51:88:0A:9E;0;AVIÁRIO MEIO;722,00;15/11/2025;18:02:21;20;1282-20
CO2;1282;CT-CO2-0;02938df5-6afb-d44e-582d-0b5eea40f8eb;51:88:0A:9E;0;AVIÁRIO MEIO;714,00;15/11/2025;18:07:23;20;1282-20
CO2;1282;CT-CO2-0;02938df5-6afb-d44e-582d-0b5eea40f8eb;51:88:0A:9E;0;AVIÁRIO MEIO;694,00;15/11/2025;18:12:56;20;1282-20
CO2;1282;CT-CO2-0;02938df5-6afb-d44e-582d-0b5eea40f8eb;51:88:0A:9E;0;AVIÁRIO MEIO;692,00;15/11/2025;18:18:28;20;1282-20
CO2;1282;CT-CO2-0;02938df5-6afb-d44e-582d-0b5eea40f8eb;51:88:0A:9E;0;AVIÁRIO MEIO;677,00;15/11/2025;18:23:30;20;1282-20
CO2;1282;CT-CO2-0;02938df5-6afb-d44e-582d-0b5eea40f8eb;51:88:0A:9E;0;AVIÁRIO MEIO;703,00;15/11/2025;18:29:04;20;1282-20
CO2;1282;CT-CO2-0;02938df5-6afb-d44e-582d-0b5eea40f8eb;51:88:0A:9E;0;AVIÁRIO MEIO;708,00;15/11/2025;18:34:37;20;1282-20
CO2;1282;CT-CO2-0;02938df5-6afb-d44e-582d-0b5eea40f8eb;51:88:0A:9E;0;AVIÁRIO MEIO;713,00;15/11/2025;18:40:11;20;1282-20
CO2;1282;CT-CO2-0;02938df5-6afb-d44e-582d-0b5eea40f8eb;51:88:0A:9E;0;AVIÁRIO MEIO;721,00;15/11/2025;18:45:13;20;1282-20
CO2;1282;CT-CO2-0;02938df5-6afb-d44e-582d-0b5eea40f8eb;51:88:0A:9E;0;AVIÁRIO MEIO;705,00;15/11/2025;18:50:45;20;1282-20
CO2;1282;CT-CO2-0;02938df5-6afb-d44e-582d-0b5eea40f8eb;51:88:0A:9E;0;AVIÁRIO MEIO;718,00;15/11/2025;18:56:17;20;1282-20
CO2;1282;CT-CO2-0;02938df5-6afb-d44e-582d-0b5eea40f8eb;51:88:0A:9E;0;AVIÁRIO MEIO;705,00;15/11/2025;19:01:19;20;1282-20
CO2;1282;CT-CO2-0;02938df5-6afb-d44e-582d-0b5eea40f8eb;51:88:0A:9E;0;AVIÁRIO MEIO;704,00;15/11/2025;19:06:51;20;1282-20
CO2;1282;CT-CO2-0;02938df5-6afb-d44e-582d-0b5eea40f8eb;51:88:0A:9E;0;AVIÁRIO MEIO;715,00;15/11/2025;19:12:22;20;1282-20
CO2;1282;CT-CO2-0;02938df5-6afb-d44e-582d-0b5eea40f8eb;51:88:0A:9E;0;AVIÁRIO MEIO;727,00;15/11/2025;19:17:25;20;1282-20
CO2;1282;CT-CO2-0;02938df5-6afb-d44e-582d-0b5eea40f8eb;51:88:0A:9E;0;AVIÁRIO MEIO;718,00;15/11/2025;19:22:57;20;1282-20
CO2;1282;CT-CO2-0;02938df5-6afb-d44e-582d-0b5eea40f8eb;51:88:0A:9E;0;AVIÁRIO MEIO;723,00;15/11/2025;19:28:29;20;1282-20
CO2;1282;CT-CO2-0;02938df5-6afb-d44e-582d-0b5eea40f8eb;51:88:0A:9E;0;AVIÁRIO MEIO;718,00;15/11/2025;19:34:01;20;1282-20
CO2;1282;CT-CO2-0;02938df5-6afb-d44e-582d-0b5eea40f8eb;51:88:0A:9E;0;AVIÁRIO MEIO;719,00;15/11/2025;19:39:03;20;1282-20
CO2;1282;CT-CO2-0;02938df5-6afb-d44e-582d-0b5eea40f8eb;51:88:0A:9E;0;AVIÁRIO MEIO;742,00;15/11/2025;19:44:35;20;1282-20
CO2;1282;CT-CO2-0;02938df5-6afb-d44e-582d-0b5eea40f8eb;51:88:0A:9E;0;AVIÁRIO MEIO;742,00;15/11/2025;19:50:38;20;1282-20
CO2;1282;CT-CO2-0;02938df5-6afb-d44e-582d-0b5eea40f8eb;51:88:0A:9E;0;AVIÁRIO MEIO;765,00;15/11/2025;19:55:10;20;1282-20
CO2;1282;CT-CO2-0;02938df5-6afb-d44e-582d-0b5eea40f8eb;51:88:0A:9E;0;AVIÁRIO MEIO;761,00;15/11/2025;20:00:42;20;1282-20
CO2;1282;CT-CO2-0;02938df5-6afb-d44e-582d-0b5eea40f8eb;51:88:0A:9E;0;AVIÁRIO MEIO;751,00;15/11/2025;20:06:14;20;1282-20
CO2;1282;CT-CO2-0;02938df5-6afb-d44e-582d-0b5eea40f8eb;51:88:0A:9E;0;AVIÁRIO MEIO;752,00;15/11/2025;20:11:16;20;1282-20
CO2;1282;CT-CO2-0;02938df5-6afb-d44e-582d-0b5eea40f8eb;51:88:0A:9E;0;AVIÁRIO MEIO;786,00;15/11/2025;20:16:48;20;1282-20
CO2;1282;CT-CO2-0;02938df5-6afb-d44e-582d-0b5eea40f8eb;51:88:0A:9E;0;AVIÁRIO MEIO;778,00;15/11/2025;20:22:20;20;1282-20
CO2;1282;CT-CO2-0;02938df5-6afb-d44e-582d-0b5eea40f8eb;51:88:0A:9E;0;AVIÁRIO MEIO;760,00;15/11/2025;20:27:52;20;1282-20
CO2;1282;CT-CO2-0;02938df5-6afb-d44e-582d-0b5eea40f8eb;51:88:0A:9E;0;AVIÁRIO MEIO;762,00;15/11/2025;20:32:59;20;1282-20
CO2;1282;CT-CO2-0;02938df5-6afb-d44e-582d-0b5eea40f8eb;51:88:0A:9E;0;AVIÁRIO MEIO;758,00;15/11/2025;20:38:32;20;1282-20
CO2;1282;CT-CO2-0;02938df5-6afb-d44e-582d-0b5eea40f8eb;51:88:0A:9E;0;AVIÁRIO MEIO;774,00;15/11/2025;20:44:04;20;1282-20
CO2;1282;CT-CO2-0;02938df5-6afb-d44e-582d-0b5eea40f8eb;51:88:0A:9E;0;AVIÁRIO MEIO;775,00;15/11/2025;20:49:06;20;1282-20
CO2;1282;CT-CO2-0;02938df5-6afb-d44e-582d-0b5eea40f8eb;51:88:0A:9E;0;AVIÁRIO MEIO;771,00;15/11/2025;20:54:38;20;1282-20
CO2;1282;CT-CO2-0;02938df5-6afb-d44e-582d-0b5eea40f8eb;51:88:0A:9E;0;AVIÁRIO MEIO;777,00;15/11/2025;21:00:44;20;1282-20
CO2;1282;CT-CO2-0;02938df5-6afb-d44e-582d-0b5eea40f8eb;51:88:0A:9E;0;AVIÁRIO MEIO;765,00;15/11/2025;21:06:46;20;1282-20
CO2;1282;CT-CO2-0;02938df5-6afb-d44e-582d-0b5eea40f8eb;51:88:0A:9E;0;AVIÁRIO MEIO;767,00;15/11/2025;21:12:18;20;1282-20
CO2;1282;CT-CO2-0;02938df5-6afb-d44e-582d-0b5eea40f8eb;51:88:0A:9E;0;AVIÁRIO MEIO;757,00;15/11/2025;21:17:50;20;1282-20
CO2;1282;CT-CO2-0;02938df5-6afb-d44e-582d-0b5eea40f8eb;51:88:0A:9E;0;AVIÁRIO MEIO;746,00;15/11/2025;21:22:52;20;1282-20
CO2;1282;CT-CO2-0;02938df5-6afb-d44e-582d-0b5eea40f8eb;51:88:0A:9E;0;AVIÁRIO MEIO;806,00;15/11/2025;21:28:24;20;1282-20
CO2;1282;CT-CO2-0;02938df5-6afb-d44e-582d-0b5eea40f8eb;51:88:0A:9E;0;AVIÁRIO MEIO;815,00;15/11/2025;21:33:56;20;1282-20
CO2;1282;CT-CO2-0;02938df5-6afb-d44e-582d-0b5eea40f8eb;51:88:0A:9E;0;AVIÁRIO MEIO;839,00;15/11/2025;21:38:59;20;1282-20
CO2;1282;CT-CO2-0;02938df5-6afb-d44e-582d-0b5eea40f8eb;51:88:0A:9E;0;AVIÁRIO MEIO;845,00;15/11/2025;21:44:36;20;1282-20
CO2;1282;CT-CO2-0;02938df5-6afb-d44e-582d-0b5eea40f8eb;51:88:0A:9E;0;AVIÁRIO MEIO;859,00;15/11/2025;21:50:08;20;1282-20
CO2;1282;CT-CO2-0;02938df5-6afb-d44e-582d-0b5eea40f8eb;51:88:0A:9E;0;AVIÁRIO MEIO;839,00;15/11/2025;21:55:10;20;1282-20
CO2;1282;CT-CO2-0;02938df5-6afb-d44e-582d-0b5eea40f8eb;51:88:0A:9E;0;AVIÁRIO MEIO;845,00;15/11/2025;22:00:43;20;1282-20
CO2;1282;CT-CO2-0;02938df5-6afb-d44e-582d-0b5eea40f8eb;51:88:0A:9E;0;AVIÁRIO MEIO;829,00;15/11/2025;22:06:48;20;1282-20
CO2;1282;CT-CO2-0;02938df5-6afb-d44e-582d-0b5eea40f8eb;51:88:0A:9E;0;AVIÁRIO MEIO;844,00;15/11/2025;22:11:21;20;1282-20
CO2;1282;CT-CO2-0;02938df5-6afb-d44e-582d-0b5eea40f8eb;51:88:0A:9E;0;AVIÁRIO MEIO;851,00;15/11/2025;22:16:53;20;1282-20
CO2;1282;CT-CO2-0;02938df5-6afb-d44e-582d-0b5eea40f8eb;51:88:0A:9E;0;AVIÁRIO MEIO;836,00;15/11/2025;22:22:24;20;1282-20
CO2;1282;CT-CO2-0;02938df5-6afb-d44e-582d-0b5eea40f8eb;51:88:0A:9E;0;AVIÁRIO MEIO;837,00;15/11/2025;22:27:56;20;1282-20
CO2;1282;CT-CO2-0;02938df5-6afb-d44e-582d-0b5eea40f8eb;51:88:0A:9E;0;AVIÁRIO MEIO;881,00;15/11/2025;22:33:02;20;1282-20
CO2;1282;CT-CO2-0;02938df5-6afb-d44e-582d-0b5eea40f8eb;51:88:0A:9E;0;AVIÁRIO MEIO;860,00;15/11/2025;22:38:33;20;1282-20
CO2;1282;CT-CO2-0;02938df5-6afb-d44e-582d-0b5eea40f8eb;51:88:0A:9E;0;AVIÁRIO MEIO;844,00;15/11/2025;22:44:06;20;1282-20
CO2;1282;CT-CO2-0;02938df5-6afb-d44e-582d-0b5eea40f8eb;51:88:0A:9E;0;AVIÁRIO MEIO;830,00;15/11/2025;22:49:08;20;1282-20
CO2;1282;CT-CO2-0;02938df5-6afb-d44e-582d-0b5eea40f8eb;51:88:0A:9E;0;AVIÁRIO MEIO;853,00;15/11/2025;22:54:40;20;1282-20
CO2;1282;CT-CO2-0;02938df5-6afb-d44e-582d-0b5eea40f8eb;51:88:0A:9E;0;AVIÁRIO MEIO;854,00;15/11/2025;23:00:13;20;1282-20
CO2;1282;CT-CO2-0;02938df5-6afb-d44e-582d-0b5eea40f8eb;51:88:0A:9E;0;AVIÁRIO MEIO;838,00;15/11/2025;23:05:15;20;1282-20
CO2;1282;CT-CO2-0;02938df5-6afb-d44e-582d-0b5eea40f8eb;51:88:0A:9E;0;AVIÁRIO MEIO;847,00;15/11/2025;23:10:47;20;1282-20
CO2;1282;CT-CO2-0;02938df5-6afb-d44e-582d-0b5eea40f8eb;51:88:0A:9E;0;AVIÁRIO MEIO;842,00;15/11/2025;23:16:52;20;1282-20
CO2;1282;CT-CO2-0;02938df5-6afb-d44e-582d-0b5eea40f8eb;51:88:0A:9E;0;AVIÁRIO MEIO;830,00;15/11/2025;23:21:24;20;1282-20
CO2;1282;CT-CO2-0;02938df5-6afb-d44e-582d-0b5eea40f8eb;51:88:0A:9E;0;AVIÁRIO MEIO;843,00;15/11/2025;23:26:56;20;1282-20
CO2;1282;CT-CO2-0;02938df5-6afb-d44e-582d-0b5eea40f8eb;51:88:0A:9E;0;AVIÁRIO MEIO;852,00;15/11/2025;23:32:28;20;1282-20
CO2;1282;CT-CO2-0;02938df5-6afb-d44e-582d-0b5eea40f8eb;51:88:0A:9E;0;AVIÁRIO MEIO;831,00;15/11/2025;23:38:00;20;1282-20
CO2;1282;CT-CO2-0;02938df5-6afb-d44e-582d-0b5eea40f8eb;51:88:0A:9E;0;AVIÁRIO MEIO;828,00;15/11/2025;23:43:02;20;1282-20
CO2;1282;CT-CO2-0;02938df5-6afb-d44e-582d-0b5eea40f8eb;51:88:0A:9E;0;AVIÁRIO MEIO;841,00;15/11/2025;23:48:34;20;1282-20
CO2;1282;CT-CO2-0;02938df5-6afb-d44e-582d-0b5eea40f8eb;51:88:0A:9E;0;AVIÁRIO MEIO;831,00;15/11/2025;23:54:07;20;1282-20
CO2;1282;CT-CO2-0;02938df5-6afb-d44e-582d-0b5eea40f8eb;51:88:0A:9E;0;AVIÁRIO MEIO;833,00;15/11/2025;23:59:09;20;1282-20
CO2;1282;CT-CO2-0;02938df5-6afb-d44e-582d-0b5eea40f8eb;51:88:0A:9E;0;AVIÁRIO MEIO;870,00;16/11/2025;00:04:41;20;1282-20
CO2;1282;CT-CO2-0;02938df5-6afb-d44e-582d-0b5eea40f8eb;51:88:0A:9E;0;AVIÁRIO MEIO;828,00;16/11/2025;00:10:13;20;1282-20
CO2;1282;CT-CO2-0;02938df5-6afb-d44e-582d-0b5eea40f8eb;51:88:0A:9E;0;AVIÁRIO MEIO;820,00;16/11/2025;00:15:46;20;1282-20
CO2;1282;CT-CO2-0;02938df5-6afb-d44e-582d-0b5eea40f8eb;51:88:0A:9E;0;AVIÁRIO MEIO;835,00;16/11/2025;00:20:50;20;1282-20
CO2;1282;CT-CO2-0;02938df5-6afb-d44e-582d-0b5eea40f8eb;51:88:0A:9E;0;AVIÁRIO MEIO;839,00;16/11/2025;00:26:54;20;1282-20
CO2;1282;CT-CO2-0;02938df5-6afb-d44e-582d-0b5eea40f8eb;51:88:0A:9E;0;AVIÁRIO MEIO;838,00;16/11/2025;00:31:26;20;1282-20
CO2;1282;CT-CO2-0;02938df5-6afb-d44e-582d-0b5eea40f8eb;51:88:0A:9E;0;AVIÁRIO MEIO;830,00;16/11/2025;00:36:58;20;1282-20
CO2;1282;CT-CO2-0;02938df5-6afb-d44e-582d-0b5eea40f8eb;51:88:0A:9E;0;AVIÁRIO MEIO;827,00;16/11/2025;00:42:30;20;1282-20
CO2;1282;CT-CO2-0;02938df5-6afb-d44e-582d-0b5eea40f8eb;51:88:0A:9E;0;AVIÁRIO MEIO;841,00;16/11/2025;00:48:03;20;1282-20
CO2;1282;CT-CO2-0;02938df5-6afb-d44e-582d-0b5eea40f8eb;51:88:0A:9E;0;AVIÁRIO MEIO;823,00;16/11/2025;00:53:05;20;1282-20
CO2;1282;CT-CO2-0;02938df5-6afb-d44e-582d-0b5eea40f8eb;51:88:0A:9E;0;AVIÁRIO MEIO;825,00;16/11/2025;00:58:37;20;1282-20
CO2;1282;CT-CO2-0;02938df5-6afb-d44e-582d-0b5eea40f8eb;51:88:0A:9E;0;AVIÁRIO MEIO;822,00;16/11/2025;01:04:09;20;1282-20
CO2;1282;CT-CO2-0;02938df5-6afb-d44e-582d-0b5eea40f8eb;51:88:0A:9E;0;AVIÁRIO MEIO;818,00;16/11/2025;01:09:11;20;1282-20
CO2;1282;CT-CO2-0;02938df5-6afb-d44e-582d-0b5eea40f8eb;51:88:0A:9E;0;AVIÁRIO MEIO;815,00;16/11/2025;01:14:43;20;1282-20
CO2;1282;CT-CO2-0;02938df5-6afb-d44e-582d-0b5eea40f8eb;51:88:0A:9E;0;AVIÁRIO MEIO;820,00;16/11/2025;01:20:15;20;1282-20
CO2;1282;CT-CO2-0;02938df5-6afb-d44e-582d-0b5eea40f8eb;51:88:0A:9E;0;AVIÁRIO MEIO;837,00;16/11/2025;01:25:47;20;1282-20
CO2;1282;CT-CO2-0;02938df5-6afb-d44e-582d-0b5eea40f8eb;51:88:0A:9E;0;AVIÁRIO MEIO;826,00;16/11/2025;01:30:49;20;1282-20
CO2;1282;CT-CO2-0;02938df5-6afb-d44e-582d-0b5eea40f8eb;51:88:0A:9E;0;AVIÁRIO MEIO;825,00;16/11/2025;01:36:52;20;1282-20
CO2;1282;CT-CO2-0;02938df5-6afb-d44e-582d-0b5eea40f8eb;51:88:0A:9E;0;AVIÁRIO MEIO;825,00;16/11/2025;01:41:54;20;1282-20
CO2;1282;CT-CO2-0;02938df5-6afb-d44e-582d-0b5eea40f8eb;51:88:0A:9E;0;AVIÁRIO MEIO;807,00;16/11/2025;01:46:56;20;1282-20
CO2;1282;CT-CO2-0;02938df5-6afb-d44e-582d-0b5eea40f8eb;51:88:0A:9E;0;AVIÁRIO MEIO;821,00;16/11/2025;01:52:28;20;1282-20
CO2;1282;CT-CO2-0;02938df5-6afb-d44e-582d-0b5eea40f8eb;51:88:0A:9E;0;AVIÁRIO MEIO;815,00;16/11/2025;01:58:01;20;1282-20
CO2;1282;CT-CO2-0;02938df5-6afb-d44e-582d-0b5eea40f8eb;51:88:0A:9E;0;AVIÁRIO MEIO;828,00;16/11/2025;02:03:03;20;1282-20
CO2;1282;CT-CO2-0;02938df5-6afb-d44e-582d-0b5eea40f8eb;51:88:0A:9E;0;AVIÁRIO MEIO;822,00;16/11/2025;02:08:37;20;1282-20
CO2;1282;CT-CO2-0;02938df5-6afb-d44e-582d-0b5eea40f8eb;51:88:0A:9E;0;AVIÁRIO MEIO;823,00;16/11/2025;02:14:09;20;1282-20
CO2;1282;CT-CO2-0;02938df5-6afb-d44e-582d-0b5eea40f8eb;51:88:0A:9E;0;AVIÁRIO MEIO;828,00;16/11/2025;02:19:40;20;1282-20
CO2;1282;CT-CO2-0;02938df5-6afb-d44e-582d-0b5eea40f8eb;51:88:0A:9E;0;AVIÁRIO MEIO;824,00;16/11/2025;02:24:43;20;1282-20
CO2;1282;CT-CO2-0;02938df5-6afb-d44e-582d-0b5eea40f8eb;51:88:0A:9E;0;AVIÁRIO MEIO;822,00;16/11/2025;02:30:15;20;1282-20
CO2;1282;CT-CO2-0;02938df5-6afb-d44e-582d-0b5eea40f8eb;51:88:0A:9E;0;AVIÁRIO MEIO;825,00;16/11/2025;02:35:46;20;1282-20
CO2;1282;CT-CO2-0;02938df5-6afb-d44e-582d-0b5eea40f8eb;51:88:0A:9E;0;AVIÁRIO MEIO;826,00;16/11/2025;02:40:48;20;1282-20
CO2;1282;CT-CO2-0;02938df5-6afb-d44e-582d-0b5eea40f8eb;51:88:0A:9E;0;AVIÁRIO MEIO;834,00;16/11/2025;02:46:51;20;1282-20
CO2;1282;CT-CO2-0;02938df5-6afb-d44e-582d-0b5eea40f8eb;51:88:0A:9E;0;AVIÁRIO MEIO;816,00;16/11/2025;02:51:52;20;1282-20
CO2;1282;CT-CO2-0;02938df5-6afb-d44e-582d-0b5eea40f8eb;51:88:0A:9E;0;AVIÁRIO MEIO;821,00;16/11/2025;02:56:55;20;1282-20
CO2;1282;CT-CO2-0;02938df5-6afb-d44e-582d-0b5eea40f8eb;51:88:0A:9E;0;AVIÁRIO MEIO;823,00;16/11/2025;03:02:28;20;1282-20
CO2;1282;CT-CO2-0;02938df5-6afb-d44e-582d-0b5eea40f8eb;51:88:0A:9E;0;AVIÁRIO MEIO;822,00;16/11/2025;03:07:59;20;1282-20
CO2;1282;CT-CO2-0;02938df5-6afb-d44e-582d-0b5eea40f8eb;51:88:0A:9E;0;AVIÁRIO MEIO;815,00;16/11/2025;03:13:31;20;1282-20
CO2;1282;CT-CO2-0;02938df5-6afb-d44e-582d-0b5eea40f8eb;51:88:0A:9E;0;AVIÁRIO MEIO;833,00;16/11/2025;03:18:33;20;1282-20
CO2;1282;CT-CO2-0;02938df5-6afb-d44e-582d-0b5eea40f8eb;51:88:0A:9E;0;AVIÁRIO MEIO;820,00;16/11/2025;03:24:05;20;1282-20
CO2;1282;CT-CO2-0;02938df5-6afb-d44e-582d-0b5eea40f8eb;51:88:0A:9E;0;AVIÁRIO MEIO;826,00;16/11/2025;03:29:37;20;1282-20
CO2;1282;CT-CO2-0;02938df5-6afb-d44e-582d-0b5eea40f8eb;51:88:0A:9E;0;AVIÁRIO MEIO;816,00;16/11/2025;03:34:39;20;1282-20
CO2;1282;CT-CO2-0;02938df5-6afb-d44e-582d-0b5eea40f8eb;51:88:0A:9E;0;AVIÁRIO MEIO;824,00;16/11/2025;03:40:11;20;1282-20
CO2;1282;CT-CO2-0;02938df5-6afb-d44e-582d-0b5eea40f8eb;51:88:0A:9E;0;AVIÁRIO MEIO;808,00;16/11/2025;03:45:43;20;1282-20
CO2;1282;CT-CO2-0;02938df5-6afb-d44e-582d-0b5eea40f8eb;51:88:0A:9E;0;AVIÁRIO MEIO;809,00;16/11/2025;03:51:14;20;1282-20
CO2;1282;CT-CO2-0;02938df5-6afb-d44e-582d-0b5eea40f8eb;51:88:0A:9E;0;AVIÁRIO MEIO;799,00;16/11/2025;03:56:48;20;1282-20
CO2;1282;CT-CO2-0;02938df5-6afb-d44e-582d-0b5eea40f8eb;51:88:0A:9E;0;AVIÁRIO MEIO;814,00;16/11/2025;04:01:50;20;1282-20
CO2;1282;CT-CO2-0;02938df5-6afb-d44e-582d-0b5eea40f8eb;51:88:0A:9E;0;AVIÁRIO MEIO;797,00;16/11/2025;04:07:22;20;1282-20
CO2;1282;CT-CO2-0;02938df5-6afb-d44e-582d-0b5eea40f8eb;51:88:0A:9E;0;AVIÁRIO MEIO;789,00;16/11/2025;04:12:24;20;1282-20
CO2;1282;CT-CO2-0;02938df5-6afb-d44e-582d-0b5eea40f8eb;51:88:0A:9E;0;AVIÁRIO MEIO;805,00;16/11/2025;04:17:56;20;1282-20
CO2;1282;CT-CO2-0;02938df5-6afb-d44e-582d-0b5eea40f8eb;51:88:0A:9E;0;AVIÁRIO MEIO;816,00;16/11/2025;04:23:28;20;1282-20
CO2;1282;CT-CO2-0;02938df5-6afb-d44e-582d-0b5eea40f8eb;51:88:0A:9E;0;AVIÁRIO MEIO;819,00;16/11/2025;04:28:31;20;1282-20
CO2;1282;CT-CO2-0;02938df5-6afb-d44e-582d-0b5eea40f8eb;51:88:0A:9E;0;AVIÁRIO MEIO;802,00;16/11/2025;04:34:02;20;1282-20
CO2;1282;CT-CO2-0;02938df5-6afb-d44e-582d-0b5eea40f8eb;51:88:0A:9E;0;AVIÁRIO MEIO;782,00;16/11/2025;04:39:34;20;1282-20
CO2;1282;CT-CO2-0;02938df5-6afb-d44e-582d-0b5eea40f8eb;51:88:0A:9E;0;AVIÁRIO MEIO;832,00;16/11/2025;04:45:06;20;1282-20
CO2;1282;CT-CO2-0;02938df5-6afb-d44e-582d-0b5eea40f8eb;51:88:0A:9E;0;AVIÁRIO MEIO;794,00;16/11/2025;04:50:09;20;1282-20
CO2;1282;CT-CO2-0;02938df5-6afb-d44e-582d-0b5eea40f8eb;51:88:0A:9E;0;AVIÁRIO MEIO;785,00;16/11/2025;04:55:41;20;1282-20
CO2;1282;CT-CO2-0;02938df5-6afb-d44e-582d-0b5eea40f8eb;51:88:0A:9E;0;AVIÁRIO MEIO;789,00;16/11/2025;05:01:12;20;1282-20
CO2;1282;CT-CO2-0;02938df5-6afb-d44e-582d-0b5eea40f8eb;51:88:0A:9E;0;AVIÁRIO MEIO;786,00;16/11/2025;05:06:46;20;1282-20
CO2;1282;CT-CO2-0;02938df5-6afb-d44e-582d-0b5eea40f8eb;51:88:0A:9E;0;AVIÁRIO MEIO;772,00;16/11/2025;05:11:48;20;1282-20
CO2;1282;CT-CO2-0;02938df5-6afb-d44e-582d-0b5eea40f8eb;51:88:0A:9E;0;AVIÁRIO MEIO;786,00;16/11/2025;05:17:20;20;1282-20
CO2;1282;CT-CO2-0;02938df5-6afb-d44e-582d-0b5eea40f8eb;51:88:0A:9E;0;AVIÁRIO MEIO;793,00;16/11/2025;05:22:52;20;1282-20
CO2;1282;CT-CO2-0;02938df5-6afb-d44e-582d-0b5eea40f8eb;51:88:0A:9E;0;AVIÁRIO MEIO;782,00;16/11/2025;05:27:53;20;1282-20
CO2;1282;CT-CO2-0;02938df5-6afb-d44e-582d-0b5eea40f8eb;51:88:0A:9E;0;AVIÁRIO MEIO;784,00;16/11/2025;05:33:25;20;1282-20
CO2;1282;CT-CO2-0;02938df5-6afb-d44e-582d-0b5eea40f8eb;51:88:0A:9E;0;AVIÁRIO MEIO;797,00;16/11/2025;05:38:57;20;1282-20
CO2;1282;CT-CO2-0;02938df5-6afb-d44e-582d-0b5eea40f8eb;51:88:0A:9E;0;AVIÁRIO MEIO;790,00;16/11/2025;05:43:59;20;1282-20
CO2;1282;CT-CO2-0;02938df5-6afb-d44e-582d-0b5eea40f8eb;51:88:0A:9E;0;AVIÁRIO MEIO;796,00;16/11/2025;05:49:33;20;1282-20
CO2;1282;CT-CO2-0;02938df5-6afb-d44e-582d-0b5eea40f8eb;51:88:0A:9E;0;AVIÁRIO MEIO;794,00;16/11/2025;05:55:05;20;1282-20
CO2;1282;CT-CO2-0;02938df5-6afb-d44e-582d-0b5eea40f8eb;51:88:0A:9E;0;AVIÁRIO MEIO;799,00;16/11/2025;06:00:07;20;1282-20
CO2;1282;CT-CO2-0;02938df5-6afb-d44e-582d-0b5eea40f8eb;51:88:0A:9E;0;AVIÁRIO MEIO;798,00;16/11/2025;06:05:39;20;1282-20
CO2;1282;CT-CO2-0;02938df5-6afb-d44e-582d-0b5eea40f8eb;51:88:0A:9E;0;AVIÁRIO MEIO;812,00;16/11/2025;06:11:11;20;1282-20
CO2;1282;CT-CO2-0;02938df5-6afb-d44e-582d-0b5eea40f8eb;51:88:0A:9E;0;AVIÁRIO MEIO;811,00;16/11/2025;06:17:14;20;1282-20
CO2;1282;CT-CO2-0;02938df5-6afb-d44e-582d-0b5eea40f8eb;51:88:0A:9E;0;AVIÁRIO MEIO;822,00;16/11/2025;06:21:46;20;1282-20
CO2;1282;CT-CO2-0;02938df5-6afb-d44e-582d-0b5eea40f8eb;51:88:0A:9E;0;AVIÁRIO MEIO;822,00;16/11/2025;06:27:18;20;1282-20
CO2;1282;CT-CO2-0;02938df5-6afb-d44e-582d-0b5eea40f8eb;51:88:0A:9E;0;AVIÁRIO MEIO;818,00;16/11/2025;06:32:50;20;1282-20
CO2;1282;CT-CO2-0;02938df5-6afb-d44e-582d-0b5eea40f8eb;51:88:0A:9E;0;AVIÁRIO MEIO;834,00;16/11/2025;06:37:52;20;1282-20
CO2;1282;CT-CO2-0;02938df5-6afb-d44e-582d-0b5eea40f8eb;51:88:0A:9E;0;AVIÁRIO MEIO;843,00;16/11/2025;06:43:23;20;1282-20
CO2;1282;CT-CO2-0;02938df5-6afb-d44e-582d-0b5eea40f8eb;51:88:0A:9E;0;AVIÁRIO MEIO;849,00;16/11/2025;06:48:56;20;1282-20
CO2;1282;CT-CO2-0;02938df5-6afb-d44e-582d-0b5eea40f8eb;51:88:0A:9E;0;AVIÁRIO MEIO;865,00;16/11/2025;06:59:31;20;1282-20
CO2;1282;CT-CO2-0;02938df5-6afb-d44e-582d-0b5eea40f8eb;51:88:0A:9E;0;AVIÁRIO MEIO;867,00;16/11/2025;07:05:03;20;1282-20
CO2;1282;CT-CO2-0;02938df5-6afb-d44e-582d-0b5eea40f8eb;51:88:0A:9E;0;AVIÁRIO MEIO;862,00;16/11/2025;07:10:37;20;1282-20
CO2;1282;CT-CO2-0;02938df5-6afb-d44e-582d-0b5eea40f8eb;51:88:0A:9E;0;AVIÁRIO MEIO;858,00;16/11/2025;07:15:39;20;1282-20
CO2;1282;CT-CO2-0;02938df5-6afb-d44e-582d-0b5eea40f8eb;51:88:0A:9E;0;AVIÁRIO MEIO;856,00;16/11/2025;07:21:11;20;1282-20
CO2;1282;CT-CO2-0;02938df5-6afb-d44e-582d-0b5eea40f8eb;51:88:0A:9E;0;AVIÁRIO MEIO;873,00;16/11/2025;07:27:15;20;1282-20
CO2;1282;CT-CO2-0;02938df5-6afb-d44e-582d-0b5eea40f8eb;51:88:0A:9E;0;AVIÁRIO MEIO;871,00;16/11/2025;07:31:46;20;1282-20
CO2;1282;CT-CO2-0;02938df5-6afb-d44e-582d-0b5eea40f8eb;51:88:0A:9E;0;AVIÁRIO MEIO;871,00;16/11/2025;07:37:18;20;1282-20
CO2;1282;CT-CO2-0;02938df5-6afb-d44e-582d-0b5eea40f8eb;51:88:0A:9E;0;AVIÁRIO MEIO;863,00;16/11/2025;07:42:50;20;1282-20
CO2;1282;CT-CO2-0;02938df5-6afb-d44e-582d-0b5eea40f8eb;51:88:0A:9E;0;AVIÁRIO MEIO;852,00;16/11/2025;07:48:22;20;1282-20
CO2;1282;CT-CO2-0;02938df5-6afb-d44e-582d-0b5eea40f8eb;51:88:0A:9E;0;AVIÁRIO MEIO;859,00;16/11/2025;07:53:24;20;1282-20
CO2;1282;CT-CO2-0;02938df5-6afb-d44e-582d-0b5eea40f8eb;51:88:0A:9E;0;AVIÁRIO MEIO;846,00;16/11/2025;07:58:58;20;1282-20
CO2;1282;CT-CO2-0;02938df5-6afb-d44e-582d-0b5eea40f8eb;51:88:0A:9E;0;AVIÁRIO MEIO;848,00;16/11/2025;08:04:30;20;1282-20
CO2;1282;CT-CO2-0;02938df5-6afb-d44e-582d-0b5eea40f8eb;51:88:0A:9E;0;AVIÁRIO MEIO;868,00;16/11/2025;08:09:32;20;1282-20
CO2;1282;CT-CO2-0;02938df5-6afb-d44e-582d-0b5eea40f8eb;51:88:0A:9E;0;AVIÁRIO MEIO;846,00;16/11/2025;08:15:03;20;1282-20
CO2;1282;CT-CO2-0;02938df5-6afb-d44e-582d-0b5eea40f8eb;51:88:0A:9E;0;AVIÁRIO MEIO;837,00;16/11/2025;08:20:36;20;1282-20
CO2;1282;CT-CO2-0;02938df5-6afb-d44e-582d-0b5eea40f8eb;51:88:0A:9E;0;AVIÁRIO MEIO;851,00;16/11/2025;08:26:08;20;1282-20
CO2;1282;CT-CO2-0;02938df5-6afb-d44e-582d-0b5eea40f8eb;51:88:0A:9E;0;AVIÁRIO MEIO;848,00;16/11/2025;08:31:10;20;1282-20
CO2;1282;CT-CO2-0;02938df5-6afb-d44e-582d-0b5eea40f8eb;51:88:0A:9E;0;AVIÁRIO MEIO;836,00;16/11/2025;08:37:14;20;1282-20
CO2;1282;CT-CO2-0;02938df5-6afb-d44e-582d-0b5eea40f8eb;51:88:0A:9E;0;AVIÁRIO MEIO;850,00;16/11/2025;08:42:16;20;1282-20
CO2;1282;CT-CO2-0;02938df5-6afb-d44e-582d-0b5eea40f8eb;51:88:0A:9E;0;AVIÁRIO MEIO;837,00;16/11/2025;08:47:18;20;1282-20
CO2;1282;CT-CO2-0;02938df5-6afb-d44e-582d-0b5eea40f8eb;51:88:0A:9E;0;AVIÁRIO MEIO;849,00;16/11/2025;08:52:52;20;1282-20
CO2;1282;CT-CO2-0;02938df5-6afb-d44e-582d-0b5eea40f8eb;51:88:0A:9E;0;AVIÁRIO MEIO;845,00;16/11/2025;08:58:24;20;1282-20
CO2;1282;CT-CO2-0;02938df5-6afb-d44e-582d-0b5eea40f8eb;51:88:0A:9E;0;AVIÁRIO MEIO;804,00;16/11/2025;09:03:26;20;1282-20
CO2;1282;CT-CO2-0;02938df5-6afb-d44e-582d-0b5eea40f8eb;51:88:0A:9E;0;AVIÁRIO MEIO;787,00;16/11/2025;09:08:58;20;1282-20
CO2;1282;CT-CO2-0;02938df5-6afb-d44e-582d-0b5eea40f8eb;51:88:0A:9E;0;AVIÁRIO MEIO;791,00;16/11/2025;09:19:34;20;1282-20
CO2;1282;CT-CO2-0;02938df5-6afb-d44e-582d-0b5eea40f8eb;51:88:0A:9E;0;AVIÁRIO MEIO;737,00;16/11/2025;09:25:07;20;1282-20
CO2;1282;CT-CO2-0;02938df5-6afb-d44e-582d-0b5eea40f8eb;51:88:0A:9E;0;AVIÁRIO MEIO;715,00;16/11/2025;09:30:39;20;1282-20
CO2;1282;CT-CO2-0;02938df5-6afb-d44e-582d-0b5eea40f8eb;51:88:0A:9E;0;AVIÁRIO MEIO;706,00;16/11/2025;09:36:11;20;1282-20
CO2;1282;CT-CO2-0;02938df5-6afb-d44e-582d-0b5eea40f8eb;51:88:0A:9E;0;AVIÁRIO MEIO;721,00;16/11/2025;09:41:12;20;1282-20
CO2;1282;CT-CO2-0;02938df5-6afb-d44e-582d-0b5eea40f8eb;51:88:0A:9E;0;AVIÁRIO MEIO;736,00;16/11/2025;09:47:18;20;1282-20
CO2;1282;CT-CO2-0;02938df5-6afb-d44e-582d-0b5eea40f8eb;51:88:0A:9E;0;AVIÁRIO MEIO;699,00;16/11/2025;09:52:20;20;1282-20
CO2;1282;CT-CO2-0;02938df5-6afb-d44e-582d-0b5eea40f8eb;51:88:0A:9E;0;AVIÁRIO MEIO;660,00;16/11/2025;09:57:22;20;1282-20
CO2;1282;CT-CO2-0;02938df5-6afb-d44e-582d-0b5eea40f8eb;51:88:0A:9E;0;AVIÁRIO MEIO;654,00;16/11/2025;10:02:54;20;1282-20
CO2;1282;CT-CO2-0;02938df5-6afb-d44e-582d-0b5eea40f8eb;51:88:0A:9E;0;AVIÁRIO MEIO;661,00;16/11/2025;10:08:27;20;1282-20
CO2;1282;CT-CO2-0;02938df5-6afb-d44e-582d-0b5eea40f8eb;51:88:0A:9E;0;AVIÁRIO MEIO;657,00;16/11/2025;10:13:59;20;1282-20
CO2;1282;CT-CO2-0;02938df5-6afb-d44e-582d-0b5eea40f8eb;51:88:0A:9E;0;AVIÁRIO MEIO;680,00;16/11/2025;10:19:01;20;1282-20
CO2;1282;CT-CO2-0;02938df5-6afb-d44e-582d-0b5eea40f8eb;51:88:0A:9E;0;AVIÁRIO MEIO;694,00;16/11/2025;10:24:33;20;1282-20
CO2;1282;CT-CO2-0;02938df5-6afb-d44e-582d-0b5eea40f8eb;51:88:0A:9E;0;AVIÁRIO MEIO;674,00;16/11/2025;10:30:05;20;1282-20
CO2;1282;CT-CO2-0;02938df5-6afb-d44e-582d-0b5eea40f8eb;51:88:0A:9E;0;AVIÁRIO MEIO;675,00;16/11/2025;10:35:36;20;1282-20
CO2;1282;CT-CO2-0;02938df5-6afb-d44e-582d-0b5eea40f8eb;51:88:0A:9E;0;AVIÁRIO MEIO;669,00;16/11/2025;10:40:38;20;1282-20
CO2;1282;CT-CO2-0;02938df5-6afb-d44e-582d-0b5eea40f8eb;51:88:0A:9E;0;AVIÁRIO MEIO;701,00;16/11/2025;10:46:10;20;1282-20
CO2;1282;CT-CO2-0;02938df5-6afb-d44e-582d-0b5eea40f8eb;51:88:0A:9E;0;AVIÁRIO MEIO;667,00;16/11/2025;10:51:42;20;1282-20
CO2;1282;CT-CO2-0;02938df5-6afb-d44e-582d-0b5eea40f8eb;51:88:0A:9E;0;AVIÁRIO MEIO;675,00;16/11/2025;10:57:45;20;1282-20
CO2;1282;CT-CO2-0;02938df5-6afb-d44e-582d-0b5eea40f8eb;51:88:0A:9E;0;AVIÁRIO MEIO;664,00;16/11/2025;11:02:19;20;1282-20
CO2;1282;CT-CO2-0;02938df5-6afb-d44e-582d-0b5eea40f8eb;51:88:0A:9E;0;AVIÁRIO MEIO;663,00;16/11/2025;11:07:52;20;1282-20
CO2;1282;CT-CO2-0;02938df5-6afb-d44e-582d-0b5eea40f8eb;51:88:0A:9E;0;AVIÁRIO MEIO;648,00;16/11/2025;11:13:24;20;1282-20
CO2;1282;CT-CO2-0;02938df5-6afb-d44e-582d-0b5eea40f8eb;51:88:0A:9E;0;AVIÁRIO MEIO;660,00;16/11/2025;11:18:26;20;1282-20
CO2;1282;CT-CO2-0;02938df5-6afb-d44e-582d-0b5eea40f8eb;51:88:0A:9E;0;AVIÁRIO MEIO;645,00;16/11/2025;11:23:58;20;1282-20
CO2;1282;CT-CO2-0;02938df5-6afb-d44e-582d-0b5eea40f8eb;51:88:0A:9E;0;AVIÁRIO MEIO;637,00;16/11/2025;11:29:30;20;1282-20
CO2;1282;CT-CO2-0;02938df5-6afb-d44e-582d-0b5eea40f8eb;51:88:0A:9E;0;AVIÁRIO MEIO;623,00;16/11/2025;11:35:02;20;1282-20
CO2;1282;CT-CO2-0;02938df5-6afb-d44e-582d-0b5eea40f8eb;51:88:0A:9E;0;AVIÁRIO MEIO;614,00;16/11/2025;11:40:05;20;1282-20
CO2;1282;CT-CO2-0;02938df5-6afb-d44e-582d-0b5eea40f8eb;51:88:0A:9E;0;AVIÁRIO MEIO;628,00;16/11/2025;11:45:37;20;1282-20
CO2;1282;CT-CO2-0;02938df5-6afb-d44e-582d-0b5eea40f8eb;51:88:0A:9E;0;AVIÁRIO MEIO;629,00;16/11/2025;11:51:15;20;1282-20
CO2;1282;CT-CO2-0;02938df5-6afb-d44e-582d-0b5eea40f8eb;51:88:0A:9E;0;AVIÁRIO MEIO;613,00;16/11/2025;11:56:18;20;1282-20
CO2;1282;CT-CO2-0;02938df5-6afb-d44e-582d-0b5eea40f8eb;51:88:0A:9E;0;AVIÁRIO MEIO;617,00;16/11/2025;12:01:51;20;1282-20
CO2;1282;CT-CO2-0;02938df5-6afb-d44e-582d-0b5eea40f8eb;51:88:0A:9E;0;AVIÁRIO MEIO;624,00;16/11/2025;12:07:53;20;1282-20
CO2;1282;CT-CO2-0;02938df5-6afb-d44e-582d-0b5eea40f8eb;51:88:0A:9E;0;AVIÁRIO MEIO;613,00;16/11/2025;12:12:25;20;1282-20
CO2;1282;CT-CO2-0;02938df5-6afb-d44e-582d-0b5eea40f8eb;51:88:0A:9E;0;AVIÁRIO MEIO;626,00;16/11/2025;12:17:58;20;1282-20
CO2;1282;CT-CO2-0;02938df5-6afb-d44e-582d-0b5eea40f8eb;51:88:0A:9E;0;AVIÁRIO MEIO;618,00;16/11/2025;12:23:29;20;1282-20
CO2;1282;CT-CO2-0;02938df5-6afb-d44e-582d-0b5eea40f8eb;51:88:0A:9E;0;AVIÁRIO MEIO;623,00;16/11/2025;12:29:01;20;1282-20
CO2;1282;CT-CO2-0;02938df5-6afb-d44e-582d-0b5eea40f8eb;51:88:0A:9E;0;AVIÁRIO MEIO;633,00;16/11/2025;12:34:04;20;1282-20
CO2;1282;CT-CO2-0;02938df5-6afb-d44e-582d-0b5eea40f8eb;51:88:0A:9E;0;AVIÁRIO MEIO;611,00;16/11/2025;12:39:36;20;1282-20
CO2;1282;CT-CO2-0;02938df5-6afb-d44e-582d-0b5eea40f8eb;51:88:0A:9E;0;AVIÁRIO MEIO;622,00;16/11/2025;12:45:08;20;1282-20
CO2;1282;CT-CO2-0;02938df5-6afb-d44e-582d-0b5eea40f8eb;51:88:0A:9E;0;AVIÁRIO MEIO;625,00;16/11/2025;12:50:40;20;1282-20
CO2;1282;CT-CO2-0;02938df5-6afb-d44e-582d-0b5eea40f8eb;51:88:0A:9E;0;AVIÁRIO MEIO;619,00;16/11/2025;12:55:42;20;1282-20
CO2;1282;CT-CO2-0;02938df5-6afb-d44e-582d-0b5eea40f8eb;51:88:0A:9E;0;AVIÁRIO MEIO;609,00;16/11/2025;13:01:14;20;1282-20
CO2;1282;CT-CO2-0;02938df5-6afb-d44e-582d-0b5eea40f8eb;51:88:0A:9E;0;AVIÁRIO MEIO;625,00;16/11/2025;13:06:47;20;1282-20
CO2;1282;CT-CO2-0;02938df5-6afb-d44e-582d-0b5eea40f8eb;51:88:0A:9E;0;AVIÁRIO MEIO;628,00;16/11/2025;13:12:19;20;1282-20
CO2;1282;CT-CO2-0;02938df5-6afb-d44e-582d-0b5eea40f8eb;51:88:0A:9E;0;AVIÁRIO MEIO;620,00;16/11/2025;13:17:52;20;1282-20
CO2;1282;CT-CO2-0;02938df5-6afb-d44e-582d-0b5eea40f8eb;51:88:0A:9E;0;AVIÁRIO MEIO;615,00;16/11/2025;13:22:56;20;1282-20
CO2;1282;CT-CO2-0;02938df5-6afb-d44e-582d-0b5eea40f8eb;51:88:0A:9E;0;AVIÁRIO MEIO;603,00;16/11/2025;13:28:28;20;1282-20
CO2;1282;CT-CO2-0;02938df5-6afb-d44e-582d-0b5eea40f8eb;51:88:0A:9E;0;AVIÁRIO MEIO;618,00;16/11/2025;13:33:30;20;1282-20
CO2;1282;CT-CO2-0;02938df5-6afb-d44e-582d-0b5eea40f8eb;51:88:0A:9E;0;AVIÁRIO MEIO;620,00;16/11/2025;13:39:02;20;1282-20
CO2;1282;CT-CO2-0;02938df5-6afb-d44e-582d-0b5eea40f8eb;51:88:0A:9E;0;AVIÁRIO MEIO;615,00;16/11/2025;13:44:34;20;1282-20
CO2;1282;CT-CO2-0;02938df5-6afb-d44e-582d-0b5eea40f8eb;51:88:0A:9E;0;AVIÁRIO MEIO;611,00;16/11/2025;13:50:06;20;1282-20
CO2;1282;CT-CO2-0;02938df5-6afb-d44e-582d-0b5eea40f8eb;51:88:0A:9E;0;AVIÁRIO MEIO;618,00;16/11/2025;13:55:08;20;1282-20
CO2;1282;CT-CO2-0;02938df5-6afb-d44e-582d-0b5eea40f8eb;51:88:0A:9E;0;AVIÁRIO MEIO;628,00;16/11/2025;14:00:40;20;1282-20
CO2;1282;CT-CO2-0;02938df5-6afb-d44e-582d-0b5eea40f8eb;51:88:0A:9E;0;AVIÁRIO MEIO;629,00;16/11/2025;14:06:13;20;1282-20
CO2;1282;CT-CO2-0;02938df5-6afb-d44e-582d-0b5eea40f8eb;51:88:0A:9E;0;AVIÁRIO MEIO;612,00;16/11/2025;14:11:45;20;1282-20
CO2;1282;CT-CO2-0;02938df5-6afb-d44e-582d-0b5eea40f8eb;51:88:0A:9E;0;AVIÁRIO MEIO;630,00;16/11/2025;14:16:47;20;1282-20
CO2;1282;CT-CO2-0;02938df5-6afb-d44e-582d-0b5eea40f8eb;51:88:0A:9E;0;AVIÁRIO MEIO;629,00;16/11/2025;14:22:19;20;1282-20
CO2;1282;CT-CO2-0;02938df5-6afb-d44e-582d-0b5eea40f8eb;51:88:0A:9E;0;AVIÁRIO MEIO;643,00;16/11/2025;14:28:23;20;1282-20
CO2;1282;CT-CO2-0;02938df5-6afb-d44e-582d-0b5eea40f8eb;51:88:0A:9E;0;AVIÁRIO MEIO;627,00;16/11/2025;14:33:26;20;1282-20
CO2;1282;CT-CO2-0;02938df5-6afb-d44e-582d-0b5eea40f8eb;51:88:0A:9E;0;AVIÁRIO MEIO;630,00;16/11/2025;14:38:28;20;1282-20
CO2;1282;CT-CO2-0;02938df5-6afb-d44e-582d-0b5eea40f8eb;51:88:0A:9E;0;AVIÁRIO MEIO;622,00;16/11/2025;14:44:01;20;1282-20
CO2;1282;CT-CO2-0;02938df5-6afb-d44e-582d-0b5eea40f8eb;51:88:0A:9E;0;AVIÁRIO MEIO;625,00;16/11/2025;14:49:33;20;1282-20
CO2;1282;CT-CO2-0;02938df5-6afb-d44e-582d-0b5eea40f8eb;51:88:0A:9E;0;AVIÁRIO MEIO;670,00;16/11/2025;14:54:34;20;1282-20
CO2;1282;CT-CO2-0;02938df5-6afb-d44e-582d-0b5eea40f8eb;51:88:0A:9E;0;AVIÁRIO MEIO;644,00;16/11/2025;15:00:06;20;1282-20
CO2;1282;CT-CO2-0;02938df5-6afb-d44e-582d-0b5eea40f8eb;51:88:0A:9E;0;AVIÁRIO MEIO;635,00;16/11/2025;15:05:38;20;1282-20
CO2;1282;CT-CO2-0;02938df5-6afb-d44e-582d-0b5eea40f8eb;51:88:0A:9E;0;AVIÁRIO MEIO;623,00;16/11/2025;15:11:10;20;1282-20
CO2;1282;CT-CO2-0;02938df5-6afb-d44e-582d-0b5eea40f8eb;51:88:0A:9E;0;AVIÁRIO MEIO;618,00;16/11/2025;15:16:12;20;1282-20
CO2;1282;CT-CO2-0;02938df5-6afb-d44e-582d-0b5eea40f8eb;51:88:0A:9E;0;AVIÁRIO MEIO;617,00;16/11/2025;15:21:44;20;1282-20
CO2;1282;CT-CO2-0;02938df5-6afb-d44e-582d-0b5eea40f8eb;51:88:0A:9E;0;AVIÁRIO MEIO;622,00;16/11/2025;15:27:16;20;1282-20
CO2;1282;CT-CO2-0;02938df5-6afb-d44e-582d-0b5eea40f8eb;51:88:0A:9E;0;AVIÁRIO MEIO;628,00;16/11/2025;15:32:48;20;1282-20
CO2;1282;CT-CO2-0;02938df5-6afb-d44e-582d-0b5eea40f8eb;51:88:0A:9E;0;AVIÁRIO MEIO;627,00;16/11/2025;15:38:23;20;1282-20
CO2;1282;CT-CO2-0;02938df5-6afb-d44e-582d-0b5eea40f8eb;51:88:0A:9E;0;AVIÁRIO MEIO;676,00;16/11/2025;15:43:27;20;1282-20
CO2;1282;CT-CO2-0;02938df5-6afb-d44e-582d-0b5eea40f8eb;51:88:0A:9E;0;AVIÁRIO MEIO;631,00;16/11/2025;15:48:59;20;1282-20
CO2;1282;CT-CO2-0;02938df5-6afb-d44e-582d-0b5eea40f8eb;51:88:0A:9E;0;AVIÁRIO MEIO;617,00;16/11/2025;15:54:00;20;1282-20
CO2;1282;CT-CO2-0;02938df5-6afb-d44e-582d-0b5eea40f8eb;51:88:0A:9E;0;AVIÁRIO MEIO;606,00;16/11/2025;15:59:34;20;1282-20
CO2;1282;CT-CO2-0;02938df5-6afb-d44e-582d-0b5eea40f8eb;51:88:0A:9E;0;AVIÁRIO MEIO;608,00;16/11/2025;16:05:05;20;1282-20
CO2;1282;CT-CO2-0;02938df5-6afb-d44e-582d-0b5eea40f8eb;51:88:0A:9E;0;AVIÁRIO MEIO;614,00;16/11/2025;16:10:07;20;1282-20
CO2;1282;CT-CO2-0;02938df5-6afb-d44e-582d-0b5eea40f8eb;51:88:0A:9E;0;AVIÁRIO MEIO;612,00;16/11/2025;16:15:39;20;1282-20
CO2;1282;CT-CO2-0;02938df5-6afb-d44e-582d-0b5eea40f8eb;51:88:0A:9E;0;AVIÁRIO MEIO;624,00;16/11/2025;16:21:11;20;1282-20
CO2;1282;CT-CO2-0;02938df5-6afb-d44e-582d-0b5eea40f8eb;51:88:0A:9E;0;AVIÁRIO MEIO;619,00;16/11/2025;16:26:43;20;1282-20
CO2;1282;CT-CO2-0;02938df5-6afb-d44e-582d-0b5eea40f8eb;51:88:0A:9E;0;AVIÁRIO MEIO;620,00;16/11/2025;16:31:46;20;1282-20
CO2;1282;CT-CO2-0;02938df5-6afb-d44e-582d-0b5eea40f8eb;51:88:0A:9E;0;AVIÁRIO MEIO;631,00;16/11/2025;16:37:19;20;1282-20
CO2;1282;CT-CO2-0;02938df5-6afb-d44e-582d-0b5eea40f8eb;51:88:0A:9E;0;AVIÁRIO MEIO;616,00;16/11/2025;16:42:51;20;1282-20
CO2;1282;CT-CO2-0;02938df5-6afb-d44e-582d-0b5eea40f8eb;51:88:0A:9E;0;AVIÁRIO MEIO;625,00;16/11/2025;16:48:25;20;1282-20
CO2;1282;CT-CO2-0;02938df5-6afb-d44e-582d-0b5eea40f8eb;51:88:0A:9E;0;AVIÁRIO MEIO;621,00;16/11/2025;16:53:27;20;1282-20
CO2;1282;CT-CO2-0;02938df5-6afb-d44e-582d-0b5eea40f8eb;51:88:0A:9E;0;AVIÁRIO MEIO;628,00;16/11/2025;16:58:59;20;1282-20
CO2;1282;CT-CO2-0;02938df5-6afb-d44e-582d-0b5eea40f8eb;51:88:0A:9E;0;AVIÁRIO MEIO;628,00;16/11/2025;17:09:34;20;1282-20
CO2;1282;CT-CO2-0;02938df5-6afb-d44e-582d-0b5eea40f8eb;51:88:0A:9E;0;AVIÁRIO MEIO;625,00;16/11/2025;17:15:05;20;1282-20
CO2;1282;CT-CO2-0;02938df5-6afb-d44e-582d-0b5eea40f8eb;51:88:0A:9E;0;AVIÁRIO MEIO;650,00;16/11/2025;17:20:38;20;1282-20
CO2;1282;CT-CO2-0;02938df5-6afb-d44e-582d-0b5eea40f8eb;51:88:0A:9E;0;AVIÁRIO MEIO;642,00;16/11/2025;17:26:10;20;1282-20
CO2;1282;CT-CO2-0;02938df5-6afb-d44e-582d-0b5eea40f8eb;51:88:0A:9E;0;AVIÁRIO MEIO;635,00;16/11/2025;17:31:15;20;1282-20
CO2;1282;CT-CO2-0;02938df5-6afb-d44e-582d-0b5eea40f8eb;51:88:0A:9E;0;AVIÁRIO MEIO;617,00;16/11/2025;17:36:47;20;1282-20
CO2;1282;CT-CO2-0;02938df5-6afb-d44e-582d-0b5eea40f8eb;51:88:0A:9E;0;AVIÁRIO MEIO;635,00;16/11/2025;17:42:19;20;1282-20
CO2;1282;CT-CO2-0;02938df5-6afb-d44e-582d-0b5eea40f8eb;51:88:0A:9E;0;AVIÁRIO MEIO;623,00;16/11/2025;17:47:21;20;1282-20
CO2;1282;CT-CO2-0;02938df5-6afb-d44e-582d-0b5eea40f8eb;51:88:0A:9E;0;AVIÁRIO MEIO;622,00;16/11/2025;17:52:53;20;1282-20
CO2;1282;CT-CO2-0;02938df5-6afb-d44e-582d-0b5eea40f8eb;51:88:0A:9E;0;AVIÁRIO MEIO;626,00;16/11/2025;17:59:01;20;1282-20
CO2;1282;CT-CO2-0;02938df5-6afb-d44e-582d-0b5eea40f8eb;51:88:0A:9E;0;AVIÁRIO MEIO;639,00;16/11/2025;18:03:33;20;1282-20
CO2;1282;CT-CO2-0;02938df5-6afb-d44e-582d-0b5eea40f8eb;51:88:0A:9E;0;AVIÁRIO MEIO;646,00;16/11/2025;18:09:05;20;1282-20
CO2;1282;CT-CO2-0;02938df5-6afb-d44e-582d-0b5eea40f8eb;51:88:0A:9E;0;AVIÁRIO MEIO;636,00;16/11/2025;18:14:37;20;1282-20
CO2;1282;CT-CO2-0;02938df5-6afb-d44e-582d-0b5eea40f8eb;51:88:0A:9E;0;AVIÁRIO MEIO;641,00;16/11/2025;18:19:39;20;1282-20
CO2;1282;CT-CO2-0;02938df5-6afb-d44e-582d-0b5eea40f8eb;51:88:0A:9E;0;AVIÁRIO MEIO;643,00;16/11/2025;18:25:11;20;1282-20
CO2;1282;CT-CO2-0;02938df5-6afb-d44e-582d-0b5eea40f8eb;51:88:0A:9E;0;AVIÁRIO MEIO;644,00;16/11/2025;18:30:43;20;1282-20
CO2;1282;CT-CO2-0;02938df5-6afb-d44e-582d-0b5eea40f8eb;51:88:0A:9E;0;AVIÁRIO MEIO;662,00;16/11/2025;18:36:15;20;1282-20
CO2;1282;CT-CO2-0;02938df5-6afb-d44e-582d-0b5eea40f8eb;51:88:0A:9E;0;AVIÁRIO MEIO;651,00;16/11/2025;18:41:17;20;1282-20
CO2;1282;CT-CO2-0;02938df5-6afb-d44e-582d-0b5eea40f8eb;51:88:0A:9E;0;AVIÁRIO MEIO;653,00;16/11/2025;18:46:49;20;1282-20
CO2;1282;CT-CO2-0;02938df5-6afb-d44e-582d-0b5eea40f8eb;51:88:0A:9E;0;AVIÁRIO MEIO;675,00;16/11/2025;18:52:20;20;1282-20
CO2;1282;CT-CO2-0;02938df5-6afb-d44e-582d-0b5eea40f8eb;51:88:0A:9E;0;AVIÁRIO MEIO;673,00;16/11/2025;18:57:52;20;1282-20
CO2;1282;CT-CO2-0;02938df5-6afb-d44e-582d-0b5eea40f8eb;51:88:0A:9E;0;AVIÁRIO MEIO;694,00;16/11/2025;19:02:54;20;1282-20
CO2;1282;CT-CO2-0;02938df5-6afb-d44e-582d-0b5eea40f8eb;51:88:0A:9E;0;AVIÁRIO MEIO;691,00;16/11/2025;19:08:58;20;1282-20
CO2;1282;CT-CO2-0;02938df5-6afb-d44e-582d-0b5eea40f8eb;51:88:0A:9E;0;AVIÁRIO MEIO;698,00;16/11/2025;19:14:00;20;1282-20
CO2;1282;CT-CO2-0;02938df5-6afb-d44e-582d-0b5eea40f8eb;51:88:0A:9E;0;AVIÁRIO MEIO;763,00;16/11/2025;19:19:02;20;1282-20
CO2;1282;CT-CO2-0;02938df5-6afb-d44e-582d-0b5eea40f8eb;51:88:0A:9E;0;AVIÁRIO MEIO;686,00;16/11/2025;19:24:34;20;1282-20
CO2;1282;CT-CO2-0;02938df5-6afb-d44e-582d-0b5eea40f8eb;51:88:0A:9E;0;AVIÁRIO MEIO;718,00;16/11/2025;19:30:05;20;1282-20
CO2;1282;CT-CO2-0;02938df5-6afb-d44e-582d-0b5eea40f8eb;51:88:0A:9E;0;AVIÁRIO MEIO;714,00;16/11/2025;19:35:39;20;1282-20
CO2;1282;CT-CO2-0;02938df5-6afb-d44e-582d-0b5eea40f8eb;51:88:0A:9E;0;AVIÁRIO MEIO;721,00;16/11/2025;19:40:41;20;1282-20
CO2;1282;CT-CO2-0;02938df5-6afb-d44e-582d-0b5eea40f8eb;51:88:0A:9E;0;AVIÁRIO MEIO;776,00;16/11/2025;19:46:13;20;1282-20
CO2;1282;CT-CO2-0;02938df5-6afb-d44e-582d-0b5eea40f8eb;51:88:0A:9E;0;AVIÁRIO MEIO;813,00;16/11/2025;19:51:45;20;1282-20
CO2;1282;CT-CO2-0;02938df5-6afb-d44e-582d-0b5eea40f8eb;51:88:0A:9E;0;AVIÁRIO MEIO;817,00;16/11/2025;19:56:47;20;1282-20
CO2;1282;CT-CO2-0;02938df5-6afb-d44e-582d-0b5eea40f8eb;51:88:0A:9E;0;AVIÁRIO MEIO;810,00;16/11/2025;20:02:23;20;1282-20
CO2;1282;CT-CO2-0;02938df5-6afb-d44e-582d-0b5eea40f8eb;51:88:0A:9E;0;AVIÁRIO MEIO;806,00;16/11/2025;20:07:55;20;1282-20
CO2;1282;CT-CO2-0;02938df5-6afb-d44e-582d-0b5eea40f8eb;51:88:0A:9E;0;AVIÁRIO MEIO;820,00;16/11/2025;20:12:58;20;1282-20
CO2;1282;CT-CO2-0;02938df5-6afb-d44e-582d-0b5eea40f8eb;51:88:0A:9E;0;AVIÁRIO MEIO;825,00;16/11/2025;20:19:01;20;1282-20
CO2;1282;CT-CO2-0;02938df5-6afb-d44e-582d-0b5eea40f8eb;51:88:0A:9E;0;AVIÁRIO MEIO;838,00;16/11/2025;20:24:04;20;1282-20
CO2;1282;CT-CO2-0;02938df5-6afb-d44e-582d-0b5eea40f8eb;51:88:0A:9E;0;AVIÁRIO MEIO;839,00;16/11/2025;20:29:07;20;1282-20
CO2;1282;CT-CO2-0;02938df5-6afb-d44e-582d-0b5eea40f8eb;51:88:0A:9E;0;AVIÁRIO MEIO;816,00;16/11/2025;20:34:39;20;1282-20
CO2;1282;CT-CO2-0;02938df5-6afb-d44e-582d-0b5eea40f8eb;51:88:0A:9E;0;AVIÁRIO MEIO;817,00;16/11/2025;20:40:11;20;1282-20
CO2;1282;CT-CO2-0;02938df5-6afb-d44e-582d-0b5eea40f8eb;51:88:0A:9E;0;AVIÁRIO MEIO;813,00;16/11/2025;20:45:42;20;1282-20
CO2;1282;CT-CO2-0;02938df5-6afb-d44e-582d-0b5eea40f8eb;51:88:0A:9E;0;AVIÁRIO MEIO;830,00;16/11/2025;20:50:45;20;1282-20
CO2;1282;CT-CO2-0;02938df5-6afb-d44e-582d-0b5eea40f8eb;51:88:0A:9E;0;AVIÁRIO MEIO;835,00;16/11/2025;20:56:16;20;1282-20
CO2;1282;CT-CO2-0;02938df5-6afb-d44e-582d-0b5eea40f8eb;51:88:0A:9E;0;AVIÁRIO MEIO;833,00;16/11/2025;21:06:17;20;1282-20
CO2;1282;CT-CO2-0;02938df5-6afb-d44e-582d-0b5eea40f8eb;51:88:0A:9E;0;AVIÁRIO MEIO;861,00;16/11/2025;21:11:19;20;1282-20
CO2;1282;CT-CO2-0;02938df5-6afb-d44e-582d-0b5eea40f8eb;51:88:0A:9E;0;AVIÁRIO MEIO;833,00;16/11/2025;21:16:52;20;1282-20
CO2;1282;CT-CO2-0;02938df5-6afb-d44e-582d-0b5eea40f8eb;51:88:0A:9E;0;AVIÁRIO MEIO;837,00;16/11/2025;21:22:24;20;1282-20
CO2;1282;CT-CO2-0;02938df5-6afb-d44e-582d-0b5eea40f8eb;51:88:0A:9E;0;AVIÁRIO MEIO;846,00;16/11/2025;21:27:59;20;1282-20
CO2;1282;CT-CO2-0;02938df5-6afb-d44e-582d-0b5eea40f8eb;51:88:0A:9E;0;AVIÁRIO MEIO;837,00;16/11/2025;21:33:01;20;1282-20
CO2;1282;CT-CO2-0;02938df5-6afb-d44e-582d-0b5eea40f8eb;51:88:0A:9E;0;AVIÁRIO MEIO;845,00;16/11/2025;21:38:33;20;1282-20
CO2;1282;CT-CO2-0;02938df5-6afb-d44e-582d-0b5eea40f8eb;51:88:0A:9E;0;AVIÁRIO MEIO;839,00;16/11/2025;21:44:05;20;1282-20
CO2;1282;CT-CO2-0;02938df5-6afb-d44e-582d-0b5eea40f8eb;51:88:0A:9E;0;AVIÁRIO MEIO;828,00;16/11/2025;21:49:08;20;1282-20
CO2;1282;CT-CO2-0;02938df5-6afb-d44e-582d-0b5eea40f8eb;51:88:0A:9E;0;AVIÁRIO MEIO;823,00;16/11/2025;21:54:40;20;1282-20
CO2;1282;CT-CO2-0;02938df5-6afb-d44e-582d-0b5eea40f8eb;51:88:0A:9E;0;AVIÁRIO MEIO;824,00;16/11/2025;22:00:12;20;1282-20
CO2;1282;CT-CO2-0;02938df5-6afb-d44e-582d-0b5eea40f8eb;51:88:0A:9E;0;AVIÁRIO MEIO;854,00;16/11/2025;22:05:14;20;1282-20
CO2;1282;CT-CO2-0;02938df5-6afb-d44e-582d-0b5eea40f8eb;51:88:0A:9E;0;AVIÁRIO MEIO;860,00;16/11/2025;22:10:46;20;1282-20
CO2;1282;CT-CO2-0;02938df5-6afb-d44e-582d-0b5eea40f8eb;51:88:0A:9E;0;AVIÁRIO MEIO;844,00;16/11/2025;22:16:19;20;1282-20
CO2;1282;CT-CO2-0;02938df5-6afb-d44e-582d-0b5eea40f8eb;51:88:0A:9E;0;AVIÁRIO MEIO;862,00;16/11/2025;22:21:51;20;1282-20
CO2;1282;CT-CO2-0;02938df5-6afb-d44e-582d-0b5eea40f8eb;51:88:0A:9E;0;AVIÁRIO MEIO;866,00;16/11/2025;22:26:53;20;1282-20
CO2;1282;CT-CO2-0;02938df5-6afb-d44e-582d-0b5eea40f8eb;51:88:0A:9E;0;AVIÁRIO MEIO;847,00;16/11/2025;22:32:24;20;1282-20
CO2;1282;CT-CO2-0;02938df5-6afb-d44e-582d-0b5eea40f8eb;51:88:0A:9E;0;AVIÁRIO MEIO;849,00;16/11/2025;22:38:27;20;1282-20
CO2;1282;CT-CO2-0;02938df5-6afb-d44e-582d-0b5eea40f8eb;51:88:0A:9E;0;AVIÁRIO MEIO;907,00;16/11/2025;22:42:59;20;1282-20
CO2;1282;CT-CO2-0;02938df5-6afb-d44e-582d-0b5eea40f8eb;51:88:0A:9E;0;AVIÁRIO MEIO;914,00;16/11/2025;22:48:31;20;1282-20
CO2;1282;CT-CO2-0;02938df5-6afb-d44e-582d-0b5eea40f8eb;51:88:0A:9E;0;AVIÁRIO MEIO;830,00;16/11/2025;22:54:04;20;1282-20
CO2;1282;CT-CO2-0;02938df5-6afb-d44e-582d-0b5eea40f8eb;51:88:0A:9E;0;AVIÁRIO MEIO;832,00;16/11/2025;22:59:06;20;1282-20
CO2;1282;CT-CO2-0;02938df5-6afb-d44e-582d-0b5eea40f8eb;51:88:0A:9E;0;AVIÁRIO MEIO;816,00;16/11/2025;23:04:38;20;1282-20
CO2;1282;CT-CO2-0;02938df5-6afb-d44e-582d-0b5eea40f8eb;51:88:0A:9E;0;AVIÁRIO MEIO;804,00;16/11/2025;23:10:09;20;1282-20
CO2;1282;CT-CO2-0;02938df5-6afb-d44e-582d-0b5eea40f8eb;51:88:0A:9E;0;AVIÁRIO MEIO;823,00;16/11/2025;23:15:41;20;1282-20
CO2;1282;CT-CO2-0;02938df5-6afb-d44e-582d-0b5eea40f8eb;51:88:0A:9E;0;AVIÁRIO MEIO;821,00;16/11/2025;23:20:43;20;1282-20
CO2;1282;CT-CO2-0;02938df5-6afb-d44e-582d-0b5eea40f8eb;51:88:0A:9E;0;AVIÁRIO MEIO;816,00;16/11/2025;23:26:15;20;1282-20
CO2;1282;CT-CO2-0;02938df5-6afb-d44e-582d-0b5eea40f8eb;51:88:0A:9E;0;AVIÁRIO MEIO;825,00;16/11/2025;23:31:48;20;1282-20
CO2;1282;CT-CO2-0;02938df5-6afb-d44e-582d-0b5eea40f8eb;51:88:0A:9E;0;AVIÁRIO MEIO;832,00;16/11/2025;23:36:50;20;1282-20
CO2;1282;CT-CO2-0;02938df5-6afb-d44e-582d-0b5eea40f8eb;51:88:0A:9E;0;AVIÁRIO MEIO;812,00;16/11/2025;23:42:22;20;1282-20
CO2;1282;CT-CO2-0;02938df5-6afb-d44e-582d-0b5eea40f8eb;51:88:0A:9E;0;AVIÁRIO MEIO;813,00;16/11/2025;23:48:26;20;1282-20
CO2;1282;CT-CO2-0;02938df5-6afb-d44e-582d-0b5eea40f8eb;51:88:0A:9E;0;AVIÁRIO MEIO;827,00;16/11/2025;23:53:02;20;1282-20
CO2;1282;CT-CO2-0;02938df5-6afb-d44e-582d-0b5eea40f8eb;51:88:0A:9E;0;AVIÁRIO MEIO;817,00;16/11/2025;23:58:35;20;1282-20
CO2;1282;CT-CO2-0;02938df5-6afb-d44e-582d-0b5eea40f8eb;51:88:0A:9E;0;AVIÁRIO MEIO;826,00;17/11/2025;00:03:36;20;1282-20
CO2;1282;CT-CO2-0;02938df5-6afb-d44e-582d-0b5eea40f8eb;51:88:0A:9E;0;AVIÁRIO MEIO;825,00;17/11/2025;00:09:08;20;1282-20
CO2;1282;CT-CO2-0;02938df5-6afb-d44e-582d-0b5eea40f8eb;51:88:0A:9E;0;AVIÁRIO MEIO;820,00;17/11/2025;00:14:40;20;1282-20
CO2;1282;CT-CO2-0;02938df5-6afb-d44e-582d-0b5eea40f8eb;51:88:0A:9E;0;AVIÁRIO MEIO;809,00;17/11/2025;00:19:42;20;1282-20
CO2;1282;CT-CO2-0;02938df5-6afb-d44e-582d-0b5eea40f8eb;51:88:0A:9E;0;AVIÁRIO MEIO;831,00;17/11/2025;00:25:14;20;1282-20
CO2;1282;CT-CO2-0;02938df5-6afb-d44e-582d-0b5eea40f8eb;51:88:0A:9E;0;AVIÁRIO MEIO;811,00;17/11/2025;00:30:46;20;1282-20
CO2;1282;CT-CO2-0;02938df5-6afb-d44e-582d-0b5eea40f8eb;51:88:0A:9E;0;AVIÁRIO MEIO;811,00;17/11/2025;00:35:47;20;1282-20
CO2;1282;CT-CO2-0;02938df5-6afb-d44e-582d-0b5eea40f8eb;51:88:0A:9E;0;AVIÁRIO MEIO;821,00;17/11/2025;00:41:20;20;1282-20
CO2;1282;CT-CO2-0;02938df5-6afb-d44e-582d-0b5eea40f8eb;51:88:0A:9E;0;AVIÁRIO MEIO;804,00;17/11/2025;00:46:52;20;1282-20
CO2;1282;CT-CO2-0;02938df5-6afb-d44e-582d-0b5eea40f8eb;51:88:0A:9E;0;AVIÁRIO MEIO;813,00;17/11/2025;00:51:55;20;1282-20
CO2;1282;CT-CO2-0;02938df5-6afb-d44e-582d-0b5eea40f8eb;51:88:0A:9E;0;AVIÁRIO MEIO;805,00;17/11/2025;00:57:59;20;1282-20
CO2;1282;CT-CO2-0;02938df5-6afb-d44e-582d-0b5eea40f8eb;51:88:0A:9E;0;AVIÁRIO MEIO;806,00;17/11/2025;01:03:00;20;1282-20
CO2;1282;CT-CO2-0;02938df5-6afb-d44e-582d-0b5eea40f8eb;51:88:0A:9E;0;AVIÁRIO MEIO;809,00;17/11/2025;01:08:02;20;1282-20
CO2;1282;CT-CO2-0;02938df5-6afb-d44e-582d-0b5eea40f8eb;51:88:0A:9E;0;AVIÁRIO MEIO;788,00;17/11/2025;01:13:34;20;1282-20
CO2;1282;CT-CO2-0;02938df5-6afb-d44e-582d-0b5eea40f8eb;51:88:0A:9E;0;AVIÁRIO MEIO;787,00;17/11/2025;01:19:06;20;1282-20
CO2;1282;CT-CO2-0;02938df5-6afb-d44e-582d-0b5eea40f8eb;51:88:0A:9E;0;AVIÁRIO MEIO;789,00;17/11/2025;01:24:08;20;1282-20
CO2;1282;CT-CO2-0;02938df5-6afb-d44e-582d-0b5eea40f8eb;51:88:0A:9E;0;AVIÁRIO MEIO;800,00;17/11/2025;01:29:40;20;1282-20
CO2;1282;CT-CO2-0;02938df5-6afb-d44e-582d-0b5eea40f8eb;51:88:0A:9E;0;AVIÁRIO MEIO;807,00;17/11/2025;01:35:12;20;1282-20
CO2;1282;CT-CO2-0;02938df5-6afb-d44e-582d-0b5eea40f8eb;51:88:0A:9E;0;AVIÁRIO MEIO;796,00;17/11/2025;01:40:14;20;1282-20
CO2;1282;CT-CO2-0;02938df5-6afb-d44e-582d-0b5eea40f8eb;51:88:0A:9E;0;AVIÁRIO MEIO;796,00;17/11/2025;01:45:45;20;1282-20
CO2;1282;CT-CO2-0;02938df5-6afb-d44e-582d-0b5eea40f8eb;51:88:0A:9E;0;AVIÁRIO MEIO;820,00;17/11/2025;01:51:17;20;1282-20
CO2;1282;CT-CO2-0;02938df5-6afb-d44e-582d-0b5eea40f8eb;51:88:0A:9E;0;AVIÁRIO MEIO;796,00;17/11/2025;01:56:48;20;1282-20
CO2;1282;CT-CO2-0;02938df5-6afb-d44e-582d-0b5eea40f8eb;51:88:0A:9E;0;AVIÁRIO MEIO;790,00;17/11/2025;02:01:51;20;1282-20
CO2;1282;CT-CO2-0;02938df5-6afb-d44e-582d-0b5eea40f8eb;51:88:0A:9E;0;AVIÁRIO MEIO;809,00;17/11/2025;02:07:53;20;1282-20
CO2;1282;CT-CO2-0;02938df5-6afb-d44e-582d-0b5eea40f8eb;51:88:0A:9E;0;AVIÁRIO MEIO;793,00;17/11/2025;02:12:55;20;1282-20
CO2;1282;CT-CO2-0;02938df5-6afb-d44e-582d-0b5eea40f8eb;51:88:0A:9E;0;AVIÁRIO MEIO;801,00;17/11/2025;02:17:57;20;1282-20
CO2;1282;CT-CO2-0;02938df5-6afb-d44e-582d-0b5eea40f8eb;51:88:0A:9E;0;AVIÁRIO MEIO;800,00;17/11/2025;02:23:29;20;1282-20
CO2;1282;CT-CO2-0;02938df5-6afb-d44e-582d-0b5eea40f8eb;51:88:0A:9E;0;AVIÁRIO MEIO;777,00;17/11/2025;02:29:01;20;1282-20
CO2;1282;CT-CO2-0;02938df5-6afb-d44e-582d-0b5eea40f8eb;51:88:0A:9E;0;AVIÁRIO MEIO;800,00;17/11/2025;02:34:04;20;1282-20
CO2;1282;CT-CO2-0;02938df5-6afb-d44e-582d-0b5eea40f8eb;51:88:0A:9E;0;AVIÁRIO MEIO;789,00;17/11/2025;02:39:36;20;1282-20
CO2;1282;CT-CO2-0;02938df5-6afb-d44e-582d-0b5eea40f8eb;51:88:0A:9E;0;AVIÁRIO MEIO;787,00;17/11/2025;02:45:08;20;1282-20
CO2;1282;CT-CO2-0;02938df5-6afb-d44e-582d-0b5eea40f8eb;51:88:0A:9E;0;AVIÁRIO MEIO;791,00;17/11/2025;02:50:10;20;1282-20
CO2;1282;CT-CO2-0;02938df5-6afb-d44e-582d-0b5eea40f8eb;51:88:0A:9E;0;AVIÁRIO MEIO;805,00;17/11/2025;02:55:43;20;1282-20
CO2;1282;CT-CO2-0;02938df5-6afb-d44e-582d-0b5eea40f8eb;51:88:0A:9E;0;AVIÁRIO MEIO;797,00;17/11/2025;03:01:15;20;1282-20
CO2;1282;CT-CO2-0;02938df5-6afb-d44e-582d-0b5eea40f8eb;51:88:0A:9E;0;AVIÁRIO MEIO;795,00;17/11/2025;03:06:17;20;1282-20
CO2;1282;CT-CO2-0;02938df5-6afb-d44e-582d-0b5eea40f8eb;51:88:0A:9E;0;AVIÁRIO MEIO;782,00;17/11/2025;03:11:50;20;1282-20
CO2;1282;CT-CO2-0;02938df5-6afb-d44e-582d-0b5eea40f8eb;51:88:0A:9E;0;AVIÁRIO MEIO;803,00;17/11/2025;03:17:55;20;1282-20
CO2;1282;CT-CO2-0;02938df5-6afb-d44e-582d-0b5eea40f8eb;51:88:0A:9E;0;AVIÁRIO MEIO;784,00;17/11/2025;03:22:27;20;1282-20
CO2;1282;CT-CO2-0;02938df5-6afb-d44e-582d-0b5eea40f8eb;51:88:0A:9E;0;AVIÁRIO MEIO;782,00;17/11/2025;03:28:00;20;1282-20
CO2;1282;CT-CO2-0;02938df5-6afb-d44e-582d-0b5eea40f8eb;51:88:0A:9E;0;AVIÁRIO MEIO;794,00;17/11/2025;03:33:02;20;1282-20
CO2;1282;CT-CO2-0;02938df5-6afb-d44e-582d-0b5eea40f8eb;51:88:0A:9E;0;AVIÁRIO MEIO;776,00;17/11/2025;03:38:34;20;1282-20
CO2;1282;CT-CO2-0;02938df5-6afb-d44e-582d-0b5eea40f8eb;51:88:0A:9E;0;AVIÁRIO MEIO;769,00;17/11/2025;03:44:06;20;1282-20
CO2;1282;CT-CO2-0;02938df5-6afb-d44e-582d-0b5eea40f8eb;51:88:0A:9E;0;AVIÁRIO MEIO;756,00;17/11/2025;03:49:09;20;1282-20
CO2;1282;CT-CO2-0;02938df5-6afb-d44e-582d-0b5eea40f8eb;51:88:0A:9E;0;AVIÁRIO MEIO;780,00;17/11/2025;03:54:42;20;1282-20
CO2;1282;CT-CO2-0;02938df5-6afb-d44e-582d-0b5eea40f8eb;51:88:0A:9E;0;AVIÁRIO MEIO;786,00;17/11/2025;04:00:13;20;1282-20
CO2;1282;CT-CO2-0;02938df5-6afb-d44e-582d-0b5eea40f8eb;51:88:0A:9E;0;AVIÁRIO MEIO;796,00;17/11/2025;04:05:15;20;1282-20
CO2;1282;CT-CO2-0;02938df5-6afb-d44e-582d-0b5eea40f8eb;51:88:0A:9E;0;AVIÁRIO MEIO;798,00;17/11/2025;04:10:47;20;1282-20
CO2;1282;CT-CO2-0;02938df5-6afb-d44e-582d-0b5eea40f8eb;51:88:0A:9E;0;AVIÁRIO MEIO;798,00;17/11/2025;04:16:19;20;1282-20
CO2;1282;CT-CO2-0;02938df5-6afb-d44e-582d-0b5eea40f8eb;51:88:0A:9E;0;AVIÁRIO MEIO;780,00;17/11/2025;04:21:21;20;1282-20
CO2;1282;CT-CO2-0;02938df5-6afb-d44e-582d-0b5eea40f8eb;51:88:0A:9E;0;AVIÁRIO MEIO;776,00;17/11/2025;04:27:25;20;1282-20
CO2;1282;CT-CO2-0;02938df5-6afb-d44e-582d-0b5eea40f8eb;51:88:0A:9E;0;AVIÁRIO MEIO;779,00;17/11/2025;04:32:27;20;1282-20
CO2;1282;CT-CO2-0;02938df5-6afb-d44e-582d-0b5eea40f8eb;51:88:0A:9E;0;AVIÁRIO MEIO;788,00;17/11/2025;04:37:29;20;1282-20
CO2;1282;CT-CO2-0;02938df5-6afb-d44e-582d-0b5eea40f8eb;51:88:0A:9E;0;AVIÁRIO MEIO;769,00;17/11/2025;04:43:04;20;1282-20
CO2;1282;CT-CO2-0;02938df5-6afb-d44e-582d-0b5eea40f8eb;51:88:0A:9E;0;AVIÁRIO MEIO;783,00;17/11/2025;04:48:38;20;1282-20
CO2;1282;CT-CO2-0;02938df5-6afb-d44e-582d-0b5eea40f8eb;51:88:0A:9E;0;AVIÁRIO MEIO;772,00;17/11/2025;04:53:40;20;1282-20
CO2;1282;CT-CO2-0;02938df5-6afb-d44e-582d-0b5eea40f8eb;51:88:0A:9E;0;AVIÁRIO MEIO;789,00;17/11/2025;04:59:12;20;1282-20
CO2;1282;CT-CO2-0;02938df5-6afb-d44e-582d-0b5eea40f8eb;51:88:0A:9E;0;AVIÁRIO MEIO;809,00;17/11/2025;05:04:45;20;1282-20
CO2;1282;CT-CO2-0;02938df5-6afb-d44e-582d-0b5eea40f8eb;51:88:0A:9E;0;AVIÁRIO MEIO;806,00;17/11/2025;05:09:48;20;1282-20
CO2;1282;CT-CO2-0;02938df5-6afb-d44e-582d-0b5eea40f8eb;51:88:0A:9E;0;AVIÁRIO MEIO;781,00;17/11/2025;05:15:20;20;1282-20
CO2;1282;CT-CO2-0;02938df5-6afb-d44e-582d-0b5eea40f8eb;51:88:0A:9E;0;AVIÁRIO MEIO;778,00;17/11/2025;05:25:54;20;1282-20
CO2;1282;CT-CO2-0;02938df5-6afb-d44e-582d-0b5eea40f8eb;51:88:0A:9E;0;AVIÁRIO MEIO;768,00;17/11/2025;05:31:26;20;1282-20
CO2;1282;CT-CO2-0;02938df5-6afb-d44e-582d-0b5eea40f8eb;51:88:0A:9E;0;AVIÁRIO MEIO;776,00;17/11/2025;05:37:05;20;1282-20
CO2;1282;CT-CO2-0;02938df5-6afb-d44e-582d-0b5eea40f8eb;51:88:0A:9E;0;AVIÁRIO MEIO;780,00;17/11/2025;05:42:07;20;1282-20
CO2;1282;CT-CO2-0;02938df5-6afb-d44e-582d-0b5eea40f8eb;51:88:0A:9E;0;AVIÁRIO MEIO;789,00;17/11/2025;05:47:09;20;1282-20
CO2;1282;CT-CO2-0;02938df5-6afb-d44e-582d-0b5eea40f8eb;51:88:0A:9E;0;AVIÁRIO MEIO;777,00;17/11/2025;05:52:41;20;1282-20
CO2;1282;CT-CO2-0;02938df5-6afb-d44e-582d-0b5eea40f8eb;51:88:0A:9E;0;AVIÁRIO MEIO;814,00;17/11/2025;05:58:13;20;1282-20
CO2;1282;CT-CO2-0;02938df5-6afb-d44e-582d-0b5eea40f8eb;51:88:0A:9E;0;AVIÁRIO MEIO;820,00;17/11/2025;06:03:15;20;1282-20
CO2;1282;CT-CO2-0;02938df5-6afb-d44e-582d-0b5eea40f8eb;51:88:0A:9E;0;AVIÁRIO MEIO;787,00;17/11/2025;06:08:47;20;1282-20
CO2;1282;CT-CO2-0;02938df5-6afb-d44e-582d-0b5eea40f8eb;51:88:0A:9E;0;AVIÁRIO MEIO;797,00;17/11/2025;06:14:22;20;1282-20
CO2;1282;CT-CO2-0;02938df5-6afb-d44e-582d-0b5eea40f8eb;51:88:0A:9E;0;AVIÁRIO MEIO;816,00;17/11/2025;06:19:25;20;1282-20
CO2;1282;CT-CO2-0;02938df5-6afb-d44e-582d-0b5eea40f8eb;51:88:0A:9E;0;AVIÁRIO MEIO;822,00;17/11/2025;06:24:57;20;1282-20
CO2;1282;CT-CO2-0;02938df5-6afb-d44e-582d-0b5eea40f8eb;51:88:0A:9E;0;AVIÁRIO MEIO;822,00;17/11/2025;06:30:30;20;1282-20
CO2;1282;CT-CO2-0;02938df5-6afb-d44e-582d-0b5eea40f8eb;51:88:0A:9E;0;AVIÁRIO MEIO;813,00;17/11/2025;06:35:32;20;1282-20
CO2;1282;CT-CO2-0;02938df5-6afb-d44e-582d-0b5eea40f8eb;51:88:0A:9E;0;AVIÁRIO MEIO;814,00;17/11/2025;06:41:05;20;1282-20
CO2;1282;CT-CO2-0;02938df5-6afb-d44e-582d-0b5eea40f8eb;51:88:0A:9E;0;AVIÁRIO MEIO;846,00;17/11/2025;06:47:10;20;1282-20
CO2;1282;CT-CO2-0;02938df5-6afb-d44e-582d-0b5eea40f8eb;51:88:0A:9E;0;AVIÁRIO MEIO;856,00;17/11/2025;06:51:43;20;1282-20
CO2;1282;CT-CO2-0;02938df5-6afb-d44e-582d-0b5eea40f8eb;51:88:0A:9E;0;AVIÁRIO MEIO;867,00;17/11/2025;06:57:15;20;1282-20
CO2;1282;CT-CO2-0;02938df5-6afb-d44e-582d-0b5eea40f8eb;51:88:0A:9E;0;AVIÁRIO MEIO;872,00;17/11/2025;07:02:17;20;1282-20
CO2;1282;CT-CO2-0;02938df5-6afb-d44e-582d-0b5eea40f8eb;51:88:0A:9E;0;AVIÁRIO MEIO;875,00;17/11/2025;07:07:48;20;1282-20
CO2;1282;CT-CO2-0;02938df5-6afb-d44e-582d-0b5eea40f8eb;51:88:0A:9E;0;AVIÁRIO MEIO;876,00;17/11/2025;07:13:20;20;1282-20
CO2;1282;CT-CO2-0;02938df5-6afb-d44e-582d-0b5eea40f8eb;51:88:0A:9E;0;AVIÁRIO MEIO;867,00;17/11/2025;07:18:52;20;1282-20
CO2;1282;CT-CO2-0;02938df5-6afb-d44e-582d-0b5eea40f8eb;51:88:0A:9E;0;AVIÁRIO MEIO;870,00;17/11/2025;07:23:54;20;1282-20
CO2;1282;CT-CO2-0;02938df5-6afb-d44e-582d-0b5eea40f8eb;51:88:0A:9E;0;AVIÁRIO MEIO;878,00;17/11/2025;07:34:58;20;1282-20
CO2;1282;CT-CO2-0;02938df5-6afb-d44e-582d-0b5eea40f8eb;51:88:0A:9E;0;AVIÁRIO MEIO;885,00;17/11/2025;07:40:00;20;1282-20
CO2;1282;CT-CO2-0;02938df5-6afb-d44e-582d-0b5eea40f8eb;51:88:0A:9E;0;AVIÁRIO MEIO;880,00;17/11/2025;07:45:33;20;1282-20
CO2;1282;CT-CO2-0;02938df5-6afb-d44e-582d-0b5eea40f8eb;51:88:0A:9E;0;AVIÁRIO MEIO;875,00;17/11/2025;07:51:05;20;1282-20
CO2;1282;CT-CO2-0;02938df5-6afb-d44e-582d-0b5eea40f8eb;51:88:0A:9E;0;AVIÁRIO MEIO;886,00;17/11/2025;07:56:38;20;1282-20
CO2;1282;CT-CO2-0;02938df5-6afb-d44e-582d-0b5eea40f8eb;51:88:0A:9E;0;AVIÁRIO MEIO;885,00;17/11/2025;08:01:40;20;1282-20
CO2;1282;CT-CO2-0;02938df5-6afb-d44e-582d-0b5eea40f8eb;51:88:0A:9E;0;AVIÁRIO MEIO;881,00;17/11/2025;08:07:12;20;1282-20
CO2;1282;CT-CO2-0;02938df5-6afb-d44e-582d-0b5eea40f8eb;51:88:0A:9E;0;AVIÁRIO MEIO;893,00;17/11/2025;08:12:14;20;1282-20
CO2;1282;CT-CO2-0;02938df5-6afb-d44e-582d-0b5eea40f8eb;51:88:0A:9E;0;AVIÁRIO MEIO;883,00;17/11/2025;08:17:46;20;1282-20
CO2;1282;CT-CO2-0;02938df5-6afb-d44e-582d-0b5eea40f8eb;51:88:0A:9E;0;AVIÁRIO MEIO;886,00;17/11/2025;08:23:18;20;1282-20
CO2;1282;CT-CO2-0;02938df5-6afb-d44e-582d-0b5eea40f8eb;51:88:0A:9E;0;AVIÁRIO MEIO;879,00;17/11/2025;08:28:20;20;1282-20
CO2;1282;CT-CO2-0;02938df5-6afb-d44e-582d-0b5eea40f8eb;51:88:0A:9E;0;AVIÁRIO MEIO;871,00;17/11/2025;08:33:52;20;1282-20
CO2;1282;CT-CO2-0;02938df5-6afb-d44e-582d-0b5eea40f8eb;51:88:0A:9E;0;AVIÁRIO MEIO;877,00;17/11/2025;08:39:24;20;1282-20
CO2;1282;CT-CO2-0;02938df5-6afb-d44e-582d-0b5eea40f8eb;51:88:0A:9E;0;AVIÁRIO MEIO;869,00;17/11/2025;08:44:26;20;1282-20
CO2;1282;CT-CO2-0;02938df5-6afb-d44e-582d-0b5eea40f8eb;51:88:0A:9E;0;AVIÁRIO MEIO;935,00;17/11/2025;08:49:59;20;1282-20
CO2;1282;CT-CO2-0;02938df5-6afb-d44e-582d-0b5eea40f8eb;51:88:0A:9E;0;AVIÁRIO MEIO;976,00;17/11/2025;08:55:31;20;1282-20
CO2;1282;CT-CO2-0;02938df5-6afb-d44e-582d-0b5eea40f8eb;51:88:0A:9E;0;AVIÁRIO MEIO;971,00;17/11/2025;09:00:34;20;1282-20
CO2;1282;CT-CO2-0;02938df5-6afb-d44e-582d-0b5eea40f8eb;51:88:0A:9E;0;AVIÁRIO MEIO;963,00;17/11/2025;09:06:36;20;1282-20
CO2;1282;CT-CO2-0;02938df5-6afb-d44e-582d-0b5eea40f8eb;51:88:0A:9E;0;AVIÁRIO MEIO;964,00;17/11/2025;09:11:38;20;1282-20
CO2;1282;CT-CO2-0;02938df5-6afb-d44e-582d-0b5eea40f8eb;51:88:0A:9E;0;AVIÁRIO MEIO;975,00;17/11/2025;09:16:40;20;1282-20
CO2;1282;CT-CO2-0;02938df5-6afb-d44e-582d-0b5eea40f8eb;51:88:0A:9E;0;AVIÁRIO MEIO;981,00;17/11/2025;09:22:12;20;1282-20
CO2;1282;CT-CO2-0;02938df5-6afb-d44e-582d-0b5eea40f8eb;51:88:0A:9E;0;AVIÁRIO MEIO;985,00;17/11/2025;09:27:44;20;1282-20
CO2;1282;CT-CO2-0;02938df5-6afb-d44e-582d-0b5eea40f8eb;51:88:0A:9E;0;AVIÁRIO MEIO;988,00;17/11/2025;09:32:46;20;1282-20
CO2;1282;CT-CO2-0;02938df5-6afb-d44e-582d-0b5eea40f8eb;51:88:0A:9E;0;AVIÁRIO MEIO;1.021,00;17/11/2025;09:38:18;20;1282-20
CO2;1282;CT-CO2-0;02938df5-6afb-d44e-582d-0b5eea40f8eb;51:88:0A:9E;0;AVIÁRIO MEIO;1.039,00;17/11/2025;09:43:49;20;1282-20
CO2;1282;CT-CO2-0;02938df5-6afb-d44e-582d-0b5eea40f8eb;51:88:0A:9E;0;AVIÁRIO MEIO;1.025,00;17/11/2025;09:48:51;20;1282-20
CO2;1282;CT-CO2-0;02938df5-6afb-d44e-582d-0b5eea40f8eb;51:88:0A:9E;0;AVIÁRIO MEIO;1.048,00;17/11/2025;09:59:56;20;1282-20
CO2;1282;CT-CO2-0;02938df5-6afb-d44e-582d-0b5eea40f8eb;51:88:0A:9E;0;AVIÁRIO MEIO;1.031,00;17/11/2025;10:04:58;20;1282-20
CO2;1282;CT-CO2-0;02938df5-6afb-d44e-582d-0b5eea40f8eb;51:88:0A:9E;0;AVIÁRIO MEIO;994,00;17/11/2025;10:10:31;20;1282-20
CO2;1282;CT-CO2-0;02938df5-6afb-d44e-582d-0b5eea40f8eb;51:88:0A:9E;0;AVIÁRIO MEIO;966,00;17/11/2025;10:16:33;20;1282-20
CO2;1282;CT-CO2-0;02938df5-6afb-d44e-582d-0b5eea40f8eb;51:88:0A:9E;0;AVIÁRIO MEIO;990,00;17/11/2025;10:21:05;20;1282-20
CO2;1282;CT-CO2-0;02938df5-6afb-d44e-582d-0b5eea40f8eb;51:88:0A:9E;0;AVIÁRIO MEIO;980,00;17/11/2025;10:26:39;20;1282-20
CO2;1282;CT-CO2-0;02938df5-6afb-d44e-582d-0b5eea40f8eb;51:88:0A:9E;0;AVIÁRIO MEIO;992,00;17/11/2025;10:32:10;20;1282-20
CO2;1282;CT-CO2-0;02938df5-6afb-d44e-582d-0b5eea40f8eb;51:88:0A:9E;0;AVIÁRIO MEIO;973,00;17/11/2025;10:37:12;20;1282-20
CO2;1282;CT-CO2-0;02938df5-6afb-d44e-582d-0b5eea40f8eb;51:88:0A:9E;0;AVIÁRIO MEIO;925,00;17/11/2025;10:42:44;20;1282-20
CO2;1282;CT-CO2-0;02938df5-6afb-d44e-582d-0b5eea40f8eb;51:88:0A:9E;0;AVIÁRIO MEIO;889,00;17/11/2025;10:48:16;20;1282-20
CO2;1282;CT-CO2-0;02938df5-6afb-d44e-582d-0b5eea40f8eb;51:88:0A:9E;0;AVIÁRIO MEIO;921,00;17/11/2025;10:53:18;20;1282-20
CO2;1282;CT-CO2-0;02938df5-6afb-d44e-582d-0b5eea40f8eb;51:88:0A:9E;0;AVIÁRIO MEIO;969,00;17/11/2025;10:58:51;20;1282-20
CO2;1282;CT-CO2-0;02938df5-6afb-d44e-582d-0b5eea40f8eb;51:88:0A:9E;0;AVIÁRIO MEIO;994,00;17/11/2025;11:04:22;20;1282-20
CO2;1282;CT-CO2-0;02938df5-6afb-d44e-582d-0b5eea40f8eb;51:88:0A:9E;0;AVIÁRIO MEIO;1.008,00;17/11/2025;11:09:24;20;1282-20
CO2;1282;CT-CO2-0;02938df5-6afb-d44e-582d-0b5eea40f8eb;51:88:0A:9E;0;AVIÁRIO MEIO;1.011,00;17/11/2025;11:14:56;20;1282-20
CO2;1282;CT-CO2-0;02938df5-6afb-d44e-582d-0b5eea40f8eb;51:88:0A:9E;0;AVIÁRIO MEIO;936,00;17/11/2025;11:20:28;20;1282-20
CO2;1282;CT-CO2-0;02938df5-6afb-d44e-582d-0b5eea40f8eb;51:88:0A:9E;0;AVIÁRIO MEIO;904,00;17/11/2025;11:26:01;20;1282-20
CO2;1282;CT-CO2-0;02938df5-6afb-d44e-582d-0b5eea40f8eb;51:88:0A:9E;0;AVIÁRIO MEIO;934,00;17/11/2025;11:31:03;20;1282-20
CO2;1282;CT-CO2-0;02938df5-6afb-d44e-582d-0b5eea40f8eb;51:88:0A:9E;0;AVIÁRIO MEIO;957,00;17/11/2025;11:36:35;20;1282-20
CO2;1282;CT-CO2-0;02938df5-6afb-d44e-582d-0b5eea40f8eb;51:88:0A:9E;0;AVIÁRIO MEIO;985,00;17/11/2025;11:41:37;20;1282-20
CO2;1282;CT-CO2-0;02938df5-6afb-d44e-582d-0b5eea40f8eb;51:88:0A:9E;0;AVIÁRIO MEIO;962,00;17/11/2025;11:47:10;20;1282-20
CO2;1282;CT-CO2-0;02938df5-6afb-d44e-582d-0b5eea40f8eb;51:88:0A:9E;0;AVIÁRIO MEIO;918,00;17/11/2025;11:52:41;20;1282-20
CO2;1282;CT-CO2-0;02938df5-6afb-d44e-582d-0b5eea40f8eb;51:88:0A:9E;0;AVIÁRIO MEIO;903,00;17/11/2025;11:57:43;20;1282-20
CO2;1282;CT-CO2-0;02938df5-6afb-d44e-582d-0b5eea40f8eb;51:88:0A:9E;0;AVIÁRIO MEIO;876,00;17/11/2025;12:03:16;20;1282-20
CO2;1282;CT-CO2-0;02938df5-6afb-d44e-582d-0b5eea40f8eb;51:88:0A:9E;0;AVIÁRIO MEIO;895,00;17/11/2025;12:08:48;20;1282-20
CO2;1282;CT-CO2-0;02938df5-6afb-d44e-582d-0b5eea40f8eb;51:88:0A:9E;0;AVIÁRIO MEIO;879,00;17/11/2025;12:13:50;20;1282-20
CO2;1282;CT-CO2-0;02938df5-6afb-d44e-582d-0b5eea40f8eb;51:88:0A:9E;0;AVIÁRIO MEIO;898,00;17/11/2025;12:19:24;20;1282-20
CO2;1282;CT-CO2-0;02938df5-6afb-d44e-582d-0b5eea40f8eb;51:88:0A:9E;0;AVIÁRIO MEIO;898,00;17/11/2025;12:24:56;20;1282-20
CO2;1282;CT-CO2-0;02938df5-6afb-d44e-582d-0b5eea40f8eb;51:88:0A:9E;0;AVIÁRIO MEIO;879,00;17/11/2025;12:29:58;20;1282-20
CO2;1282;CT-CO2-0;02938df5-6afb-d44e-582d-0b5eea40f8eb;51:88:0A:9E;0;AVIÁRIO MEIO;885,00;17/11/2025;12:36:01;20;1282-20
CO2;1282;CT-CO2-0;02938df5-6afb-d44e-582d-0b5eea40f8eb;51:88:0A:9E;0;AVIÁRIO MEIO;888,00;17/11/2025;12:41:04;20;1282-20
CO2;1282;CT-CO2-0;02938df5-6afb-d44e-582d-0b5eea40f8eb;51:88:0A:9E;0;AVIÁRIO MEIO;882,00;17/11/2025;12:46:06;20;1282-20
CO2;1282;CT-CO2-0;02938df5-6afb-d44e-582d-0b5eea40f8eb;51:88:0A:9E;0;AVIÁRIO MEIO;897,00;17/11/2025;12:51:38;20;1282-20
CO2;1282;CT-CO2-0;02938df5-6afb-d44e-582d-0b5eea40f8eb;51:88:0A:9E;0;AVIÁRIO MEIO;881,00;17/11/2025;12:57:10;20;1282-20
CO2;1282;CT-CO2-0;02938df5-6afb-d44e-582d-0b5eea40f8eb;51:88:0A:9E;0;AVIÁRIO MEIO;889,00;17/11/2025;13:02:12;20;1282-20
CO2;1282;CT-CO2-0;02938df5-6afb-d44e-582d-0b5eea40f8eb;51:88:0A:9E;0;AVIÁRIO MEIO;883,00;17/11/2025;13:07:44;20;1282-20
CO2;1282;CT-CO2-0;02938df5-6afb-d44e-582d-0b5eea40f8eb;51:88:0A:9E;0;AVIÁRIO MEIO;896,00;17/11/2025;13:13:15;20;1282-20
CO2;1282;CT-CO2-0;02938df5-6afb-d44e-582d-0b5eea40f8eb;51:88:0A:9E;0;AVIÁRIO MEIO;890,00;17/11/2025;13:18:17;20;1282-20
CO2;1282;CT-CO2-0;02938df5-6afb-d44e-582d-0b5eea40f8eb;51:88:0A:9E;0;AVIÁRIO MEIO;880,00;17/11/2025;13:23:49;20;1282-20
CO2;1282;CT-CO2-0;02938df5-6afb-d44e-582d-0b5eea40f8eb;51:88:0A:9E;0;AVIÁRIO MEIO;882,00;17/11/2025;13:34:23;20;1282-20
CO2;1282;CT-CO2-0;02938df5-6afb-d44e-582d-0b5eea40f8eb;51:88:0A:9E;0;AVIÁRIO MEIO;871,00;17/11/2025;13:40:01;20;1282-20
CO2;1282;CT-CO2-0;02938df5-6afb-d44e-582d-0b5eea40f8eb;51:88:0A:9E;0;AVIÁRIO MEIO;885,00;17/11/2025;13:45:33;20;1282-20
CO2;1282;CT-CO2-0;02938df5-6afb-d44e-582d-0b5eea40f8eb;51:88:0A:9E;0;AVIÁRIO MEIO;894,00;17/11/2025;13:50:46;20;1282-20
CO2;1282;CT-CO2-0;02938df5-6afb-d44e-582d-0b5eea40f8eb;51:88:0A:9E;0;AVIÁRIO MEIO;904,00;17/11/2025;13:55:48;20;1282-20
CO2;1282;CT-CO2-0;02938df5-6afb-d44e-582d-0b5eea40f8eb;51:88:0A:9E;0;AVIÁRIO MEIO;867,00;17/11/2025;14:01:20;20;1282-20
CO2;1282;CT-CO2-0;02938df5-6afb-d44e-582d-0b5eea40f8eb;51:88:0A:9E;0;AVIÁRIO MEIO;883,00;17/11/2025;14:06:52;20;1282-20
CO2;1282;CT-CO2-0;02938df5-6afb-d44e-582d-0b5eea40f8eb;51:88:0A:9E;0;AVIÁRIO MEIO;847,00;17/11/2025;14:11:54;20;1282-20
CO2;1282;CT-CO2-0;02938df5-6afb-d44e-582d-0b5eea40f8eb;51:88:0A:9E;0;AVIÁRIO MEIO;883,00;17/11/2025;14:17:27;20;1282-20
CO2;1282;CT-CO2-0;02938df5-6afb-d44e-582d-0b5eea40f8eb;51:88:0A:9E;0;AVIÁRIO MEIO;895,00;17/11/2025;14:23:00;20;1282-20
CO2;1282;CT-CO2-0;02938df5-6afb-d44e-582d-0b5eea40f8eb;51:88:0A:9E;0;AVIÁRIO MEIO;890,00;17/11/2025;14:28:01;20;1282-20
CO2;1282;CT-CO2-0;02938df5-6afb-d44e-582d-0b5eea40f8eb;51:88:0A:9E;0;AVIÁRIO MEIO;890,00;17/11/2025;14:33:33;20;1282-20
CO2;1282;CT-CO2-0;02938df5-6afb-d44e-582d-0b5eea40f8eb;51:88:0A:9E;0;AVIÁRIO MEIO;885,00;17/11/2025;14:39:05;20;1282-20
CO2;1282;CT-CO2-0;02938df5-6afb-d44e-582d-0b5eea40f8eb;51:88:0A:9E;0;AVIÁRIO MEIO;894,00;17/11/2025;14:44:07;20;1282-20
CO2;1282;CT-CO2-0;02938df5-6afb-d44e-582d-0b5eea40f8eb;51:88:0A:9E;0;AVIÁRIO MEIO;827,00;17/11/2025;14:49:38;20;1282-20
CO2;1282;CT-CO2-0;02938df5-6afb-d44e-582d-0b5eea40f8eb;51:88:0A:9E;0;AVIÁRIO MEIO;803,00;17/11/2025;14:55:43;20;1282-20
CO2;1282;CT-CO2-0;02938df5-6afb-d44e-582d-0b5eea40f8eb;51:88:0A:9E;0;AVIÁRIO MEIO;813,00;17/11/2025;15:00:16;20;1282-20
CO2;1282;CT-CO2-0;02938df5-6afb-d44e-582d-0b5eea40f8eb;51:88:0A:9E;0;AVIÁRIO MEIO;807,00;17/11/2025;15:05:47;20;1282-20
CO2;1282;CT-CO2-0;02938df5-6afb-d44e-582d-0b5eea40f8eb;51:88:0A:9E;0;AVIÁRIO MEIO;813,00;17/11/2025;15:11:19;20;1282-20
CO2;1282;CT-CO2-0;02938df5-6afb-d44e-582d-0b5eea40f8eb;51:88:0A:9E;0;AVIÁRIO MEIO;817,00;17/11/2025;15:16:21;20;1282-20
CO2;1282;CT-CO2-0;02938df5-6afb-d44e-582d-0b5eea40f8eb;51:88:0A:9E;0;AVIÁRIO MEIO;833,00;17/11/2025;15:21:53;20;1282-20
CO2;1282;CT-CO2-0;02938df5-6afb-d44e-582d-0b5eea40f8eb;51:88:0A:9E;0;AVIÁRIO MEIO;842,00;17/11/2025;15:27:25;20;1282-20
CO2;1282;CT-CO2-0;02938df5-6afb-d44e-582d-0b5eea40f8eb;51:88:0A:9E;0;AVIÁRIO MEIO;865,00;17/11/2025;15:32:27;20;1282-20
CO2;1282;CT-CO2-0;02938df5-6afb-d44e-582d-0b5eea40f8eb;51:88:0A:9E;0;AVIÁRIO MEIO;884,00;17/11/2025;15:37:59;20;1282-20
CO2;1282;CT-CO2-0;02938df5-6afb-d44e-582d-0b5eea40f8eb;51:88:0A:9E;0;AVIÁRIO MEIO;871,00;17/11/2025;15:43:31;20;1282-20
CO2;1282;CT-CO2-0;02938df5-6afb-d44e-582d-0b5eea40f8eb;51:88:0A:9E;0;AVIÁRIO MEIO;863,00;17/11/2025;15:48:32;20;1282-20
CO2;1282;CT-CO2-0;02938df5-6afb-d44e-582d-0b5eea40f8eb;51:88:0A:9E;0;AVIÁRIO MEIO;879,00;17/11/2025;15:54:04;20;1282-20
CO2;1282;CT-CO2-0;02938df5-6afb-d44e-582d-0b5eea40f8eb;51:88:0A:9E;0;AVIÁRIO MEIO;946,00;17/11/2025;15:59:36;20;1282-20
CO2;1282;CT-CO2-0;02938df5-6afb-d44e-582d-0b5eea40f8eb;51:88:0A:9E;0;AVIÁRIO MEIO;869,00;17/11/2025;16:05:14;20;1282-20
CO2;1282;CT-CO2-0;02938df5-6afb-d44e-582d-0b5eea40f8eb;51:88:0A:9E;0;AVIÁRIO MEIO;875,00;17/11/2025;16:10:17;20;1282-20
CO2;1282;CT-CO2-0;02938df5-6afb-d44e-582d-0b5eea40f8eb;51:88:0A:9E;0;AVIÁRIO MEIO;874,00;17/11/2025;16:15:50;20;1282-20
CO2;1282;CT-CO2-0;02938df5-6afb-d44e-582d-0b5eea40f8eb;51:88:0A:9E;0;AVIÁRIO MEIO;871,00;17/11/2025;16:20:53;20;1282-20
CO2;1282;CT-CO2-0;02938df5-6afb-d44e-582d-0b5eea40f8eb;51:88:0A:9E;0;AVIÁRIO MEIO;880,00;17/11/2025;16:26:25;20;1282-20
CO2;1282;CT-CO2-0;02938df5-6afb-d44e-582d-0b5eea40f8eb;51:88:0A:9E;0;AVIÁRIO MEIO;869,00;17/11/2025;16:36:59;20;1282-20
CO2;1282;CT-CO2-0;02938df5-6afb-d44e-582d-0b5eea40f8eb;51:88:0A:9E;0;AVIÁRIO MEIO;883,00;17/11/2025;16:42:32;20;1282-20
CO2;1282;CT-CO2-0;02938df5-6afb-d44e-582d-0b5eea40f8eb;51:88:0A:9E;0;AVIÁRIO MEIO;876,00;17/11/2025;16:48:04;20;1282-20
CO2;1282;CT-CO2-0;02938df5-6afb-d44e-582d-0b5eea40f8eb;51:88:0A:9E;0;AVIÁRIO MEIO;892,00;17/11/2025;16:53:08;20;1282-20
CO2;1282;CT-CO2-0;02938df5-6afb-d44e-582d-0b5eea40f8eb;51:88:0A:9E;0;AVIÁRIO MEIO;883,00;17/11/2025;16:58:40;20;1282-20
CO2;1282;CT-CO2-0;02938df5-6afb-d44e-582d-0b5eea40f8eb;51:88:0A:9E;0;AVIÁRIO MEIO;879,00;17/11/2025;17:03:43;20;1282-20
CO2;1282;CT-CO2-0;02938df5-6afb-d44e-582d-0b5eea40f8eb;51:88:0A:9E;0;AVIÁRIO MEIO;879,00;17/11/2025;17:09:18;20;1282-20
CO2;1282;CT-CO2-0;02938df5-6afb-d44e-582d-0b5eea40f8eb;51:88:0A:9E;0;AVIÁRIO MEIO;873,00;17/11/2025;17:15:22;20;1282-20
CO2;1282;CT-CO2-0;02938df5-6afb-d44e-582d-0b5eea40f8eb;51:88:0A:9E;0;AVIÁRIO MEIO;866,00;17/11/2025;17:19:54;20;1282-20
CO2;1282;CT-CO2-0;02938df5-6afb-d44e-582d-0b5eea40f8eb;51:88:0A:9E;0;AVIÁRIO MEIO;842,00;17/11/2025;17:25:27;20;1282-20
CO2;1282;CT-CO2-0;02938df5-6afb-d44e-582d-0b5eea40f8eb;51:88:0A:9E;0;AVIÁRIO MEIO;821,00;17/11/2025;17:30:59;20;1282-20
CO2;1282;CT-CO2-0;02938df5-6afb-d44e-582d-0b5eea40f8eb;51:88:0A:9E;0;AVIÁRIO MEIO;833,00;17/11/2025;17:36:01;20;1282-20
CO2;1282;CT-CO2-0;02938df5-6afb-d44e-582d-0b5eea40f8eb;51:88:0A:9E;0;AVIÁRIO MEIO;819,00;17/11/2025;17:41:33;20;1282-20
CO2;1282;CT-CO2-0;02938df5-6afb-d44e-582d-0b5eea40f8eb;51:88:0A:9E;0;AVIÁRIO MEIO;852,00;17/11/2025;17:47:05;20;1282-20
CO2;1282;CT-CO2-0;02938df5-6afb-d44e-582d-0b5eea40f8eb;51:88:0A:9E;0;AVIÁRIO MEIO;876,00;17/11/2025;17:52:07;20;1282-20
CO2;1282;CT-CO2-0;02938df5-6afb-d44e-582d-0b5eea40f8eb;51:88:0A:9E;0;AVIÁRIO MEIO;879,00;17/11/2025;17:57:39;20;1282-20
CO2;1282;CT-CO2-0;02938df5-6afb-d44e-582d-0b5eea40f8eb;51:88:0A:9E;0;AVIÁRIO MEIO;888,00;17/11/2025;18:03:11;20;1282-20
CO2;1282;CT-CO2-0;02938df5-6afb-d44e-582d-0b5eea40f8eb;51:88:0A:9E;0;AVIÁRIO MEIO;901,00;17/11/2025;18:08:13;20;1282-20
CO2;1282;CT-CO2-0;02938df5-6afb-d44e-582d-0b5eea40f8eb;51:88:0A:9E;0;AVIÁRIO MEIO;900,00;17/11/2025;18:13:46;20;1282-20
CO2;1282;CT-CO2-0;02938df5-6afb-d44e-582d-0b5eea40f8eb;51:88:0A:9E;0;AVIÁRIO MEIO;899,00;17/11/2025;18:24:54;20;1282-20
CO2;1282;CT-CO2-0;02938df5-6afb-d44e-582d-0b5eea40f8eb;51:88:0A:9E;0;AVIÁRIO MEIO;894,00;17/11/2025;18:29:56;20;1282-20
CO2;1282;CT-CO2-0;02938df5-6afb-d44e-582d-0b5eea40f8eb;51:88:0A:9E;0;AVIÁRIO MEIO;912,00;17/11/2025;18:35:28;20;1282-20
CO2;1282;CT-CO2-0;02938df5-6afb-d44e-582d-0b5eea40f8eb;51:88:0A:9E;0;AVIÁRIO MEIO;917,00;17/11/2025;18:40:30;20;1282-20
CO2;1282;CT-CO2-0;02938df5-6afb-d44e-582d-0b5eea40f8eb;51:88:0A:9E;0;AVIÁRIO MEIO;917,00;17/11/2025;18:46:04;20;1282-20
CO2;1282;CT-CO2-0;02938df5-6afb-d44e-582d-0b5eea40f8eb;51:88:0A:9E;0;AVIÁRIO MEIO;914,00;17/11/2025;18:51:06;20;1282-20
CO2;1282;CT-CO2-0;02938df5-6afb-d44e-582d-0b5eea40f8eb;51:88:0A:9E;0;AVIÁRIO MEIO;922,00;17/11/2025;18:56:38;20;1282-20
CO2;1282;CT-CO2-0;02938df5-6afb-d44e-582d-0b5eea40f8eb;51:88:0A:9E;0;AVIÁRIO MEIO;912,00;17/11/2025;19:02:10;20;1282-20
CO2;1282;CT-CO2-0;02938df5-6afb-d44e-582d-0b5eea40f8eb;51:88:0A:9E;0;AVIÁRIO MEIO;930,00;17/11/2025;19:07:13;20;1282-20
CO2;1282;CT-CO2-0;02938df5-6afb-d44e-582d-0b5eea40f8eb;51:88:0A:9E;0;AVIÁRIO MEIO;926,00;17/11/2025;19:12:45;20;1282-20
CO2;1282;CT-CO2-0;02938df5-6afb-d44e-582d-0b5eea40f8eb;51:88:0A:9E;0;AVIÁRIO MEIO;934,00;17/11/2025;19:18:17;20;1282-20
CO2;1282;CT-CO2-0;02938df5-6afb-d44e-582d-0b5eea40f8eb;51:88:0A:9E;0;AVIÁRIO MEIO;920,00;17/11/2025;19:23:20;20;1282-20
CO2;1282;CT-CO2-0;02938df5-6afb-d44e-582d-0b5eea40f8eb;51:88:0A:9E;0;AVIÁRIO MEIO;926,00;17/11/2025;19:28:51;20;1282-20
CO2;1282;CT-CO2-0;02938df5-6afb-d44e-582d-0b5eea40f8eb;51:88:0A:9E;0;AVIÁRIO MEIO;986,00;17/11/2025;19:34:56;20;1282-20
CO2;1282;CT-CO2-0;02938df5-6afb-d44e-582d-0b5eea40f8eb;51:88:0A:9E;0;AVIÁRIO MEIO;987,00;17/11/2025;19:39:28;20;1282-20
CO2;1282;CT-CO2-0;02938df5-6afb-d44e-582d-0b5eea40f8eb;51:88:0A:9E;0;AVIÁRIO MEIO;972,00;17/11/2025;19:45:01;20;1282-20
CO2;1282;CT-CO2-0;02938df5-6afb-d44e-582d-0b5eea40f8eb;51:88:0A:9E;0;AVIÁRIO MEIO;956,00;17/11/2025;19:50:38;20;1282-20
CO2;1282;CT-CO2-0;02938df5-6afb-d44e-582d-0b5eea40f8eb;51:88:0A:9E;0;AVIÁRIO MEIO;970,00;17/11/2025;19:55:44;20;1282-20
CO2;1282;CT-CO2-0;02938df5-6afb-d44e-582d-0b5eea40f8eb;51:88:0A:9E;0;AVIÁRIO MEIO;972,00;17/11/2025;20:01:18;20;1282-20
CO2;1282;CT-CO2-0;02938df5-6afb-d44e-582d-0b5eea40f8eb;51:88:0A:9E;0;AVIÁRIO MEIO;979,00;17/11/2025;20:06:20;20;1282-20
CO2;1282;CT-CO2-0;02938df5-6afb-d44e-582d-0b5eea40f8eb;51:88:0A:9E;0;AVIÁRIO MEIO;982,00;17/11/2025;20:11:53;20;1282-20
CO2;1282;CT-CO2-0;02938df5-6afb-d44e-582d-0b5eea40f8eb;51:88:0A:9E;0;AVIÁRIO MEIO;1.005,00;17/11/2025;20:17:25;20;1282-20
CO2;1282;CT-CO2-0;02938df5-6afb-d44e-582d-0b5eea40f8eb;51:88:0A:9E;0;AVIÁRIO MEIO;1.007,00;17/11/2025;20:22:28;20;1282-20
CO2;1282;CT-CO2-0;02938df5-6afb-d44e-582d-0b5eea40f8eb;51:88:0A:9E;0;AVIÁRIO MEIO;1.010,00;17/11/2025;20:28:05;20;1282-20
CO2;1282;CT-CO2-0;02938df5-6afb-d44e-582d-0b5eea40f8eb;51:88:0A:9E;0;AVIÁRIO MEIO;1.008,00;17/11/2025;20:33:07;20;1282-20
CO2;1282;CT-CO2-0;02938df5-6afb-d44e-582d-0b5eea40f8eb;51:88:0A:9E;0;AVIÁRIO MEIO;996,00;17/11/2025;20:38:41;20;1282-20
CO2;1282;CT-CO2-0;02938df5-6afb-d44e-582d-0b5eea40f8eb;51:88:0A:9E;0;AVIÁRIO MEIO;1.000,00;17/11/2025;20:44:50;20;1282-20
CO2;1282;CT-CO2-0;02938df5-6afb-d44e-582d-0b5eea40f8eb;51:88:0A:9E;0;AVIÁRIO MEIO;993,00;17/11/2025;20:49:22;20;1282-20
CO2;1282;CT-CO2-0;02938df5-6afb-d44e-582d-0b5eea40f8eb;51:88:0A:9E;0;AVIÁRIO MEIO;996,00;17/11/2025;20:54:55;20;1282-20
CO2;1282;CT-CO2-0;02938df5-6afb-d44e-582d-0b5eea40f8eb;51:88:0A:9E;0;AVIÁRIO MEIO;981,00;17/11/2025;21:00:34;20;1282-20
CO2;1282;CT-CO2-0;02938df5-6afb-d44e-582d-0b5eea40f8eb;51:88:0A:9E;0;AVIÁRIO MEIO;984,00;17/11/2025;21:07:07;20;1282-20
CO2;1282;CT-CO2-0;02938df5-6afb-d44e-582d-0b5eea40f8eb;51:88:0A:9E;0;AVIÁRIO MEIO;974,00;17/11/2025;21:12:09;20;1282-20
CO2;1282;CT-CO2-0;02938df5-6afb-d44e-582d-0b5eea40f8eb;51:88:0A:9E;0;AVIÁRIO MEIO;987,00;17/11/2025;21:17:41;20;1282-20
CO2;1282;CT-CO2-0;02938df5-6afb-d44e-582d-0b5eea40f8eb;51:88:0A:9E;0;AVIÁRIO MEIO;967,00;17/11/2025;21:23:15;20;1282-20
CO2;1282;CT-CO2-0;02938df5-6afb-d44e-582d-0b5eea40f8eb;51:88:0A:9E;0;AVIÁRIO MEIO;967,00;17/11/2025;21:28:17;20;1282-20
CO2;1282;CT-CO2-0;02938df5-6afb-d44e-582d-0b5eea40f8eb;51:88:0A:9E;0;AVIÁRIO MEIO;968,00;17/11/2025;21:33:49;20;1282-20
CO2;1282;CT-CO2-0;02938df5-6afb-d44e-582d-0b5eea40f8eb;51:88:0A:9E;0;AVIÁRIO MEIO;974,00;17/11/2025;21:44:25;20;1282-20
CO2;1282;CT-CO2-0;02938df5-6afb-d44e-582d-0b5eea40f8eb;51:88:0A:9E;0;AVIÁRIO MEIO;971,00;17/11/2025;21:50:28;20;1282-20
CO2;1282;CT-CO2-0;02938df5-6afb-d44e-582d-0b5eea40f8eb;51:88:0A:9E;0;AVIÁRIO MEIO;973,00;17/11/2025;21:55:33;20;1282-20
CO2;1282;CT-CO2-0;02938df5-6afb-d44e-582d-0b5eea40f8eb;51:88:0A:9E;0;AVIÁRIO MEIO;973,00;17/11/2025;22:00:34;20;1282-20
CO2;1282;CT-CO2-0;02938df5-6afb-d44e-582d-0b5eea40f8eb;51:88:0A:9E;0;AVIÁRIO MEIO;996,00;17/11/2025;22:06:06;20;1282-20
CO2;1282;CT-CO2-0;02938df5-6afb-d44e-582d-0b5eea40f8eb;51:88:0A:9E;0;AVIÁRIO MEIO;1.022,00;17/11/2025;22:11:38;20;1282-20
CO2;1282;CT-CO2-0;02938df5-6afb-d44e-582d-0b5eea40f8eb;51:88:0A:9E;0;AVIÁRIO MEIO;977,00;17/11/2025;22:16:41;20;1282-20
CO2;1282;CT-CO2-0;02938df5-6afb-d44e-582d-0b5eea40f8eb;51:88:0A:9E;0;AVIÁRIO MEIO;953,00;17/11/2025;22:22:13;20;1282-20
CO2;1282;CT-CO2-0;02938df5-6afb-d44e-582d-0b5eea40f8eb;51:88:0A:9E;0;AVIÁRIO MEIO;927,00;17/11/2025;22:27:45;20;1282-20
CO2;1282;CT-CO2-0;02938df5-6afb-d44e-582d-0b5eea40f8eb;51:88:0A:9E;0;AVIÁRIO MEIO;954,00;17/11/2025;22:32:47;20;1282-20
CO2;1282;CT-CO2-0;02938df5-6afb-d44e-582d-0b5eea40f8eb;51:88:0A:9E;0;AVIÁRIO MEIO;956,00;17/11/2025;22:38:19;20;1282-20
CO2;1282;CT-CO2-0;02938df5-6afb-d44e-582d-0b5eea40f8eb;51:88:0A:9E;0;AVIÁRIO MEIO;958,00;17/11/2025;22:43:53;20;1282-20
CO2;1282;CT-CO2-0;02938df5-6afb-d44e-582d-0b5eea40f8eb;51:88:0A:9E;0;AVIÁRIO MEIO;968,00;17/11/2025;22:48:54;20;1282-20
CO2;1282;CT-CO2-0;02938df5-6afb-d44e-582d-0b5eea40f8eb;51:88:0A:9E;0;AVIÁRIO MEIO;1.003,00;17/11/2025;22:54:26;20;1282-20
CO2;1282;CT-CO2-0;02938df5-6afb-d44e-582d-0b5eea40f8eb;51:88:0A:9E;0;AVIÁRIO MEIO;968,00;17/11/2025;23:00:31;20;1282-20
CO2;1282;CT-CO2-0;02938df5-6afb-d44e-582d-0b5eea40f8eb;51:88:0A:9E;0;AVIÁRIO MEIO;969,00;17/11/2025;23:05:05;20;1282-20
CO2;1282;CT-CO2-0;02938df5-6afb-d44e-582d-0b5eea40f8eb;51:88:0A:9E;0;AVIÁRIO MEIO;980,00;17/11/2025;23:10:36;20;1282-20
CO2;1282;CT-CO2-0;02938df5-6afb-d44e-582d-0b5eea40f8eb;51:88:0A:9E;0;AVIÁRIO MEIO;968,00;17/11/2025;23:15:38;20;1282-20
CO2;1282;CT-CO2-0;02938df5-6afb-d44e-582d-0b5eea40f8eb;51:88:0A:9E;0;AVIÁRIO MEIO;951,00;17/11/2025;23:21:11;20;1282-20
CO2;1282;CT-CO2-0;02938df5-6afb-d44e-582d-0b5eea40f8eb;51:88:0A:9E;0;AVIÁRIO MEIO;965,00;17/11/2025;23:26:43;20;1282-20
CO2;1282;CT-CO2-0;02938df5-6afb-d44e-582d-0b5eea40f8eb;51:88:0A:9E;0;AVIÁRIO MEIO;954,00;17/11/2025;23:31:45;20;1282-20
CO2;1282;CT-CO2-0;02938df5-6afb-d44e-582d-0b5eea40f8eb;51:88:0A:9E;0;AVIÁRIO MEIO;943,00;17/11/2025;23:37:17;20;1282-20
CO2;1282;CT-CO2-0;02938df5-6afb-d44e-582d-0b5eea40f8eb;51:88:0A:9E;0;AVIÁRIO MEIO;947,00;17/11/2025;23:42:49;20;1282-20
CO2;1282;CT-CO2-0;02938df5-6afb-d44e-582d-0b5eea40f8eb;51:88:0A:9E;0;AVIÁRIO MEIO;941,00;17/11/2025;23:47:51;20;1282-20
CO2;1282;CT-CO2-0;02938df5-6afb-d44e-582d-0b5eea40f8eb;51:88:0A:9E;0;AVIÁRIO MEIO;926,00;17/11/2025;23:53:24;20;1282-20
CO2;1282;CT-CO2-0;02938df5-6afb-d44e-582d-0b5eea40f8eb;51:88:0A:9E;0;AVIÁRIO MEIO;949,00;17/11/2025;23:58:56;20;1282-20
CO2;1282;CT-CO2-0;02938df5-6afb-d44e-582d-0b5eea40f8eb;51:88:0A:9E;0;AVIÁRIO MEIO;946,00;18/11/2025;00:03:59;20;1282-20
CO2;1282;CT-CO2-0;02938df5-6afb-d44e-582d-0b5eea40f8eb;51:88:0A:9E;0;AVIÁRIO MEIO;942,00;18/11/2025;00:10:03;20;1282-20
CO2;1282;CT-CO2-0;02938df5-6afb-d44e-582d-0b5eea40f8eb;51:88:0A:9E;0;AVIÁRIO MEIO;954,00;18/11/2025;00:15:05;20;1282-20
CO2;1282;CT-CO2-0;02938df5-6afb-d44e-582d-0b5eea40f8eb;51:88:0A:9E;0;AVIÁRIO MEIO;930,00;18/11/2025;00:20:38;20;1282-20
CO2;1282;CT-CO2-0;02938df5-6afb-d44e-582d-0b5eea40f8eb;51:88:0A:9E;0;AVIÁRIO MEIO;935,00;18/11/2025;00:25:40;20;1282-20
CO2;1282;CT-CO2-0;02938df5-6afb-d44e-582d-0b5eea40f8eb;51:88:0A:9E;0;AVIÁRIO MEIO;933,00;18/11/2025;00:31:12;20;1282-20
CO2;1282;CT-CO2-0;02938df5-6afb-d44e-582d-0b5eea40f8eb;51:88:0A:9E;0;AVIÁRIO MEIO;924,00;18/11/2025;00:36:14;20;1282-20
CO2;1282;CT-CO2-0;02938df5-6afb-d44e-582d-0b5eea40f8eb;51:88:0A:9E;0;AVIÁRIO MEIO;915,00;18/11/2025;00:41:45;20;1282-20
CO2;1282;CT-CO2-0;02938df5-6afb-d44e-582d-0b5eea40f8eb;51:88:0A:9E;0;AVIÁRIO MEIO;918,00;18/11/2025;00:47:17;20;1282-20
CO2;1282;CT-CO2-0;02938df5-6afb-d44e-582d-0b5eea40f8eb;51:88:0A:9E;0;AVIÁRIO MEIO;925,00;18/11/2025;00:52:19;20;1282-20
CO2;1282;CT-CO2-0;02938df5-6afb-d44e-582d-0b5eea40f8eb;51:88:0A:9E;0;AVIÁRIO MEIO;924,00;18/11/2025;00:57:50;20;1282-20
CO2;1282;CT-CO2-0;02938df5-6afb-d44e-582d-0b5eea40f8eb;51:88:0A:9E;0;AVIÁRIO MEIO;936,00;18/11/2025;01:03:23;20;1282-20
CO2;1282;CT-CO2-0;02938df5-6afb-d44e-582d-0b5eea40f8eb;51:88:0A:9E;0;AVIÁRIO MEIO;931,00;18/11/2025;01:08:25;20;1282-20
CO2;1282;CT-CO2-0;02938df5-6afb-d44e-582d-0b5eea40f8eb;51:88:0A:9E;0;AVIÁRIO MEIO;942,00;18/11/2025;01:14:03;20;1282-20
CO2;1282;CT-CO2-0;02938df5-6afb-d44e-582d-0b5eea40f8eb;51:88:0A:9E;0;AVIÁRIO MEIO;931,00;18/11/2025;01:20:07;20;1282-20
CO2;1282;CT-CO2-0;02938df5-6afb-d44e-582d-0b5eea40f8eb;51:88:0A:9E;0;AVIÁRIO MEIO;942,00;18/11/2025;01:26:04;20;1282-20
CO2;1282;CT-CO2-0;02938df5-6afb-d44e-582d-0b5eea40f8eb;51:88:0A:9E;0;AVIÁRIO MEIO;969,00;18/11/2025;01:30:05;20;1282-20
CO2;1282;CT-CO2-0;02938df5-6afb-d44e-582d-0b5eea40f8eb;51:88:0A:9E;0;AVIÁRIO MEIO;928,00;18/11/2025;01:35:37;20;1282-20
CO2;1282;CT-CO2-0;02938df5-6afb-d44e-582d-0b5eea40f8eb;51:88:0A:9E;0;AVIÁRIO MEIO;911,00;18/11/2025;01:40:39;20;1282-20
CO2;1282;CT-CO2-0;02938df5-6afb-d44e-582d-0b5eea40f8eb;51:88:0A:9E;0;AVIÁRIO MEIO;916,00;18/11/2025;01:46:11;20;1282-20
CO2;1282;CT-CO2-0;02938df5-6afb-d44e-582d-0b5eea40f8eb;51:88:0A:9E;0;AVIÁRIO MEIO;923,00;18/11/2025;01:51:43;20;1282-20
CO2;1282;CT-CO2-0;02938df5-6afb-d44e-582d-0b5eea40f8eb;51:88:0A:9E;0;AVIÁRIO MEIO;932,00;18/11/2025;01:56:45;20;1282-20
CO2;1282;CT-CO2-0;02938df5-6afb-d44e-582d-0b5eea40f8eb;51:88:0A:9E;0;AVIÁRIO MEIO;936,00;18/11/2025;02:02:17;20;1282-20
CO2;1282;CT-CO2-0;02938df5-6afb-d44e-582d-0b5eea40f8eb;51:88:0A:9E;0;AVIÁRIO MEIO;935,00;18/11/2025;02:08:04;20;1282-20
CO2;1282;CT-CO2-0;02938df5-6afb-d44e-582d-0b5eea40f8eb;51:88:0A:9E;0;AVIÁRIO MEIO;930,00;18/11/2025;02:15:30;20;1282-20
CO2;1282;CT-CO2-0;02938df5-6afb-d44e-582d-0b5eea40f8eb;51:88:0A:9E;0;AVIÁRIO MEIO;893,00;18/11/2025;02:37:52;20;1282-20
CO2;1282;CT-CO2-0;02938df5-6afb-d44e-582d-0b5eea40f8eb;51:88:0A:9E;0;AVIÁRIO MEIO;925,00;18/11/2025;02:39:58;20;1282-20
CO2;1282;CT-CO2-0;02938df5-6afb-d44e-582d-0b5eea40f8eb;51:88:0A:9E;0;AVIÁRIO MEIO;927,00;18/11/2025;02:45:36;20;1282-20
CO2;1282;CT-CO2-0;02938df5-6afb-d44e-582d-0b5eea40f8eb;51:88:0A:9E;0;AVIÁRIO MEIO;940,00;18/11/2025;02:50:38;20;1282-20
CO2;1282;CT-CO2-0;02938df5-6afb-d44e-582d-0b5eea40f8eb;51:88:0A:9E;0;AVIÁRIO MEIO;939,00;18/11/2025;02:56:11;20;1282-20
CO2;1282;CT-CO2-0;02938df5-6afb-d44e-582d-0b5eea40f8eb;51:88:0A:9E;0;AVIÁRIO MEIO;922,00;18/11/2025;03:01:12;20;1282-20
CO2;1282;CT-CO2-0;02938df5-6afb-d44e-582d-0b5eea40f8eb;51:88:0A:9E;0;AVIÁRIO MEIO;945,00;18/11/2025;03:06:45;20;1282-20
CO2;1282;CT-CO2-0;02938df5-6afb-d44e-582d-0b5eea40f8eb;51:88:0A:9E;0;AVIÁRIO MEIO;946,00;18/11/2025;03:12:17;20;1282-20
CO2;1282;CT-CO2-0;02938df5-6afb-d44e-582d-0b5eea40f8eb;51:88:0A:9E;0;AVIÁRIO MEIO;928,00;18/11/2025;03:17:19;20;1282-20
CO2;1282;CT-CO2-0;02938df5-6afb-d44e-582d-0b5eea40f8eb;51:88:0A:9E;0;AVIÁRIO MEIO;939,00;18/11/2025;03:22:51;20;1282-20
CO2;1282;CT-CO2-0;02938df5-6afb-d44e-582d-0b5eea40f8eb;51:88:0A:9E;0;AVIÁRIO MEIO;938,00;18/11/2025;03:28:22;20;1282-20
CO2;1282;CT-CO2-0;02938df5-6afb-d44e-582d-0b5eea40f8eb;51:88:0A:9E;0;AVIÁRIO MEIO;923,00;18/11/2025;03:33:25;20;1282-20
CO2;1282;CT-CO2-0;02938df5-6afb-d44e-582d-0b5eea40f8eb;51:88:0A:9E;0;AVIÁRIO MEIO;918,00;18/11/2025;03:38:57;20;1282-20
CO2;1282;CT-CO2-0;02938df5-6afb-d44e-582d-0b5eea40f8eb;51:88:0A:9E;0;AVIÁRIO MEIO;918,00;18/11/2025;03:45:01;20;1282-20
CO2;1282;CT-CO2-0;02938df5-6afb-d44e-582d-0b5eea40f8eb;51:88:0A:9E;0;AVIÁRIO MEIO;915,00;18/11/2025;03:49:33;20;1282-20
CO2;1282;CT-CO2-0;02938df5-6afb-d44e-582d-0b5eea40f8eb;51:88:0A:9E;0;AVIÁRIO MEIO;913,00;18/11/2025;03:55:06;20;1282-20
CO2;1282;CT-CO2-0;02938df5-6afb-d44e-582d-0b5eea40f8eb;51:88:0A:9E;0;AVIÁRIO MEIO;899,00;18/11/2025;04:00:38;20;1282-20
CO2;1282;CT-CO2-0;02938df5-6afb-d44e-582d-0b5eea40f8eb;51:88:0A:9E;0;AVIÁRIO MEIO;927,00;18/11/2025;04:05:39;20;1282-20
CO2;1282;CT-CO2-0;02938df5-6afb-d44e-582d-0b5eea40f8eb;51:88:0A:9E;0;AVIÁRIO MEIO;892,00;18/11/2025;04:11:11;20;1282-20
CO2;1282;CT-CO2-0;02938df5-6afb-d44e-582d-0b5eea40f8eb;51:88:0A:9E;0;AVIÁRIO MEIO;889,00;18/11/2025;04:16:45;20;1282-20
CO2;1282;CT-CO2-0;02938df5-6afb-d44e-582d-0b5eea40f8eb;51:88:0A:9E;0;AVIÁRIO MEIO;886,00;18/11/2025;04:21:47;20;1282-20
CO2;1282;CT-CO2-0;02938df5-6afb-d44e-582d-0b5eea40f8eb;51:88:0A:9E;0;AVIÁRIO MEIO;905,00;18/11/2025;04:27:19;20;1282-20
CO2;1282;CT-CO2-0;02938df5-6afb-d44e-582d-0b5eea40f8eb;51:88:0A:9E;0;AVIÁRIO MEIO;901,00;18/11/2025;04:32:51;20;1282-20
CO2;1282;CT-CO2-0;02938df5-6afb-d44e-582d-0b5eea40f8eb;51:88:0A:9E;0;AVIÁRIO MEIO;894,00;18/11/2025;04:37:53;20;1282-20
CO2;1282;CT-CO2-0;02938df5-6afb-d44e-582d-0b5eea40f8eb;51:88:0A:9E;0;AVIÁRIO MEIO;898,00;18/11/2025;04:43:25;20;1282-20
CO2;1282;CT-CO2-0;02938df5-6afb-d44e-582d-0b5eea40f8eb;51:88:0A:9E;0;AVIÁRIO MEIO;905,00;18/11/2025;04:48:57;20;1282-20
CO2;1282;CT-CO2-0;02938df5-6afb-d44e-582d-0b5eea40f8eb;51:88:0A:9E;0;AVIÁRIO MEIO;894,00;18/11/2025;04:54:29;20;1282-20
CO2;1282;CT-CO2-0;02938df5-6afb-d44e-582d-0b5eea40f8eb;51:88:0A:9E;0;AVIÁRIO MEIO;890,00;18/11/2025;04:59:31;20;1282-20
CO2;1282;CT-CO2-0;02938df5-6afb-d44e-582d-0b5eea40f8eb;51:88:0A:9E;0;AVIÁRIO MEIO;891,00;18/11/2025;05:05:03;20;1282-20
CO2;1282;CT-CO2-0;02938df5-6afb-d44e-582d-0b5eea40f8eb;51:88:0A:9E;0;AVIÁRIO MEIO;886,00;18/11/2025;05:10:05;20;1282-20
CO2;1282;CT-CO2-0;02938df5-6afb-d44e-582d-0b5eea40f8eb;51:88:0A:9E;0;AVIÁRIO MEIO;870,00;18/11/2025;05:15:37;20;1282-20
CO2;1282;CT-CO2-0;02938df5-6afb-d44e-582d-0b5eea40f8eb;51:88:0A:9E;0;AVIÁRIO MEIO;886,00;18/11/2025;05:21:09;20;1282-20
CO2;1282;CT-CO2-0;02938df5-6afb-d44e-582d-0b5eea40f8eb;51:88:0A:9E;0;AVIÁRIO MEIO;870,00;18/11/2025;05:26:11;20;1282-20
CO2;1282;CT-CO2-0;02938df5-6afb-d44e-582d-0b5eea40f8eb;51:88:0A:9E;0;AVIÁRIO MEIO;878,00;18/11/2025;05:31:43;20;1282-20
CO2;1282;CT-CO2-0;02938df5-6afb-d44e-582d-0b5eea40f8eb;51:88:0A:9E;0;AVIÁRIO MEIO;876,00;18/11/2025;05:37:15;20;1282-20
CO2;1282;CT-CO2-0;02938df5-6afb-d44e-582d-0b5eea40f8eb;51:88:0A:9E;0;AVIÁRIO MEIO;882,00;18/11/2025;05:42:17;20;1282-20
CO2;1282;CT-CO2-0;02938df5-6afb-d44e-582d-0b5eea40f8eb;51:88:0A:9E;0;AVIÁRIO MEIO;904,00;18/11/2025;05:47:49;20;1282-20
CO2;1282;CT-CO2-0;02938df5-6afb-d44e-582d-0b5eea40f8eb;51:88:0A:9E;0;AVIÁRIO MEIO;894,00;18/11/2025;05:53:21;20;1282-20
CO2;1282;CT-CO2-0;02938df5-6afb-d44e-582d-0b5eea40f8eb;51:88:0A:9E;0;AVIÁRIO MEIO;903,00;18/11/2025;05:58:23;20;1282-20
CO2;1282;CT-CO2-0;02938df5-6afb-d44e-582d-0b5eea40f8eb;51:88:0A:9E;0;AVIÁRIO MEIO;897,00;18/11/2025;06:04:27;20;1282-20
CO2;1282;CT-CO2-0;02938df5-6afb-d44e-582d-0b5eea40f8eb;51:88:0A:9E;0;AVIÁRIO MEIO;908,00;18/11/2025;06:09:29;20;1282-20
CO2;1282;CT-CO2-0;02938df5-6afb-d44e-582d-0b5eea40f8eb;51:88:0A:9E;0;AVIÁRIO MEIO;912,00;18/11/2025;06:14:30;20;1282-20
CO2;1282;CT-CO2-0;02938df5-6afb-d44e-582d-0b5eea40f8eb;51:88:0A:9E;0;AVIÁRIO MEIO;914,00;18/11/2025;06:20:02;20;1282-20
CO2;1282;CT-CO2-0;02938df5-6afb-d44e-582d-0b5eea40f8eb;51:88:0A:9E;0;AVIÁRIO MEIO;920,00;18/11/2025;06:25:34;20;1282-20
CO2;1282;CT-CO2-0;02938df5-6afb-d44e-582d-0b5eea40f8eb;51:88:0A:9E;0;AVIÁRIO MEIO;926,00;18/11/2025;06:30:36;20;1282-20
CO2;1282;CT-CO2-0;02938df5-6afb-d44e-582d-0b5eea40f8eb;51:88:0A:9E;0;AVIÁRIO MEIO;926,00;18/11/2025;06:36:08;20;1282-20
CO2;1282;CT-CO2-0;02938df5-6afb-d44e-582d-0b5eea40f8eb;51:88:0A:9E;0;AVIÁRIO MEIO;933,00;18/11/2025;06:41:41;20;1282-20
CO2;1282;CT-CO2-0;02938df5-6afb-d44e-582d-0b5eea40f8eb;51:88:0A:9E;0;AVIÁRIO MEIO;970,00;18/11/2025;06:46:43;20;1282-20
CO2;1282;CT-CO2-0;02938df5-6afb-d44e-582d-0b5eea40f8eb;51:88:0A:9E;0;AVIÁRIO MEIO;975,00;18/11/2025;06:52:15;20;1282-20
CO2;1282;CT-CO2-0;02938df5-6afb-d44e-582d-0b5eea40f8eb;51:88:0A:9E;0;AVIÁRIO MEIO;970,00;18/11/2025;06:57:48;20;1282-20
CO2;1282;CT-CO2-0;02938df5-6afb-d44e-582d-0b5eea40f8eb;51:88:0A:9E;0;AVIÁRIO MEIO;980,00;18/11/2025;07:02:50;20;1282-20
CO2;1282;CT-CO2-0;02938df5-6afb-d44e-582d-0b5eea40f8eb;51:88:0A:9E;0;AVIÁRIO MEIO;984,00;18/11/2025;07:08:24;20;1282-20
CO2;1282;CT-CO2-0;02938df5-6afb-d44e-582d-0b5eea40f8eb;51:88:0A:9E;0;AVIÁRIO MEIO;948,00;18/11/2025;07:19:03;20;1282-20
CO2;1282;CT-CO2-0;02938df5-6afb-d44e-582d-0b5eea40f8eb;51:88:0A:9E;0;AVIÁRIO MEIO;958,00;18/11/2025;07:24:35;20;1282-20
CO2;1282;CT-CO2-0;02938df5-6afb-d44e-582d-0b5eea40f8eb;51:88:0A:9E;0;AVIÁRIO MEIO;966,00;18/11/2025;07:30:06;20;1282-20
CO2;1282;CT-CO2-0;02938df5-6afb-d44e-582d-0b5eea40f8eb;51:88:0A:9E;0;AVIÁRIO MEIO;921,00;18/11/2025;07:35:08;20;1282-20
CO2;1282;CT-CO2-0;02938df5-6afb-d44e-582d-0b5eea40f8eb;51:88:0A:9E;0;AVIÁRIO MEIO;896,00;18/11/2025;07:40:41;20;1282-20
CO2;1282;CT-CO2-0;02938df5-6afb-d44e-582d-0b5eea40f8eb;51:88:0A:9E;0;AVIÁRIO MEIO;866,00;18/11/2025;07:46:14;20;1282-20
CO2;1282;CT-CO2-0;02938df5-6afb-d44e-582d-0b5eea40f8eb;51:88:0A:9E;0;AVIÁRIO MEIO;872,00;18/11/2025;07:51:17;20;1282-20
CO2;1282;CT-CO2-0;02938df5-6afb-d44e-582d-0b5eea40f8eb;51:88:0A:9E;0;AVIÁRIO MEIO;878,00;18/11/2025;07:56:48;20;1282-20
CO2;1282;CT-CO2-0;02938df5-6afb-d44e-582d-0b5eea40f8eb;51:88:0A:9E;0;AVIÁRIO MEIO;862,00;18/11/2025;08:02:21;20;1282-20
CO2;1282;CT-CO2-0;02938df5-6afb-d44e-582d-0b5eea40f8eb;51:88:0A:9E;0;AVIÁRIO MEIO;872,00;18/11/2025;08:07:22;20;1282-20
CO2;1282;CT-CO2-0;02938df5-6afb-d44e-582d-0b5eea40f8eb;51:88:0A:9E;0;AVIÁRIO MEIO;876,00;18/11/2025;08:12:56;20;1282-20
CO2;1282;CT-CO2-0;02938df5-6afb-d44e-582d-0b5eea40f8eb;51:88:0A:9E;0;AVIÁRIO MEIO;879,00;18/11/2025;08:18:27;20;1282-20
CO2;1282;CT-CO2-0;02938df5-6afb-d44e-582d-0b5eea40f8eb;51:88:0A:9E;0;AVIÁRIO MEIO;875,00;18/11/2025;08:24:00;20;1282-20
CO2;1282;CT-CO2-0;02938df5-6afb-d44e-582d-0b5eea40f8eb;51:88:0A:9E;0;AVIÁRIO MEIO;883,00;18/11/2025;08:29:02;20;1282-20
CO2;1282;CT-CO2-0;02938df5-6afb-d44e-582d-0b5eea40f8eb;51:88:0A:9E;0;AVIÁRIO MEIO;879,00;18/11/2025;08:34:34;20;1282-20
CO2;1282;CT-CO2-0;02938df5-6afb-d44e-582d-0b5eea40f8eb;51:88:0A:9E;0;AVIÁRIO MEIO;888,00;18/11/2025;08:39:36;20;1282-20
CO2;1282;CT-CO2-0;02938df5-6afb-d44e-582d-0b5eea40f8eb;51:88:0A:9E;0;AVIÁRIO MEIO;877,00;18/11/2025;08:45:08;20;1282-20
CO2;1282;CT-CO2-0;02938df5-6afb-d44e-582d-0b5eea40f8eb;51:88:0A:9E;0;AVIÁRIO MEIO;879,00;18/11/2025;08:50:41;20;1282-20
CO2;1282;CT-CO2-0;02938df5-6afb-d44e-582d-0b5eea40f8eb;51:88:0A:9E;0;AVIÁRIO MEIO;907,00;18/11/2025;08:55:43;20;1282-20
CO2;1282;CT-CO2-0;02938df5-6afb-d44e-582d-0b5eea40f8eb;51:88:0A:9E;0;AVIÁRIO MEIO;873,00;18/11/2025;09:01:15;20;1282-20
CO2;1282;CT-CO2-0;02938df5-6afb-d44e-582d-0b5eea40f8eb;51:88:0A:9E;0;AVIÁRIO MEIO;880,00;18/11/2025;09:06:47;20;1282-20
CO2;1282;CT-CO2-0;02938df5-6afb-d44e-582d-0b5eea40f8eb;51:88:0A:9E;0;AVIÁRIO MEIO;883,00;18/11/2025;09:11:49;20;1282-20
CO2;1282;CT-CO2-0;02938df5-6afb-d44e-582d-0b5eea40f8eb;51:88:0A:9E;0;AVIÁRIO MEIO;783,00;18/11/2025;09:17:21;20;1282-20
CO2;1282;CT-CO2-0;02938df5-6afb-d44e-582d-0b5eea40f8eb;51:88:0A:9E;0;AVIÁRIO MEIO;724,00;18/11/2025;09:22:53;20;1282-20
CO2;1282;CT-CO2-0;02938df5-6afb-d44e-582d-0b5eea40f8eb;51:88:0A:9E;0;AVIÁRIO MEIO;686,00;18/11/2025;09:27:55;20;1282-20
CO2;1282;CT-CO2-0;02938df5-6afb-d44e-582d-0b5eea40f8eb;51:88:0A:9E;0;AVIÁRIO MEIO;654,00;18/11/2025;09:33:58;20;1282-20
CO2;1282;CT-CO2-0;02938df5-6afb-d44e-582d-0b5eea40f8eb;51:88:0A:9E;0;AVIÁRIO MEIO;672,00;18/11/2025;09:39:00;20;1282-20
CO2;1282;CT-CO2-0;02938df5-6afb-d44e-582d-0b5eea40f8eb;51:88:0A:9E;0;AVIÁRIO MEIO;665,00;18/11/2025;09:44:03;20;1282-20
CO2;1282;CT-CO2-0;02938df5-6afb-d44e-582d-0b5eea40f8eb;51:88:0A:9E;0;AVIÁRIO MEIO;670,00;18/11/2025;09:49:34;20;1282-20
CO2;1282;CT-CO2-0;02938df5-6afb-d44e-582d-0b5eea40f8eb;51:88:0A:9E;0;AVIÁRIO MEIO;706,00;18/11/2025;09:55:06;20;1282-20
CO2;1282;CT-CO2-0;02938df5-6afb-d44e-582d-0b5eea40f8eb;51:88:0A:9E;0;AVIÁRIO MEIO;703,00;18/11/2025;10:00:09;20;1282-20
CO2;1282;CT-CO2-0;02938df5-6afb-d44e-582d-0b5eea40f8eb;51:88:0A:9E;0;AVIÁRIO MEIO;717,00;18/11/2025;10:05:40;20;1282-20
CO2;1282;CT-CO2-0;02938df5-6afb-d44e-582d-0b5eea40f8eb;51:88:0A:9E;0;AVIÁRIO MEIO;724,00;18/11/2025;10:11:17;20;1282-20
CO2;1282;CT-CO2-0;02938df5-6afb-d44e-582d-0b5eea40f8eb;51:88:0A:9E;0;AVIÁRIO MEIO;733,00;18/11/2025;10:16:20;20;1282-20
CO2;1282;CT-CO2-0;02938df5-6afb-d44e-582d-0b5eea40f8eb;51:88:0A:9E;0;AVIÁRIO MEIO;753,00;18/11/2025;10:21:52;20;1282-20
CO2;1282;CT-CO2-0;02938df5-6afb-d44e-582d-0b5eea40f8eb;51:88:0A:9E;0;AVIÁRIO MEIO;745,00;18/11/2025;10:26:54;20;1282-20
CO2;1282;CT-CO2-0;02938df5-6afb-d44e-582d-0b5eea40f8eb;51:88:0A:9E;0;AVIÁRIO MEIO;760,00;18/11/2025;10:32:26;20;1282-20
CO2;1282;CT-CO2-0;02938df5-6afb-d44e-582d-0b5eea40f8eb;51:88:0A:9E;0;AVIÁRIO MEIO;726,00;18/11/2025;10:37:58;20;1282-20
CO2;1282;CT-CO2-0;02938df5-6afb-d44e-582d-0b5eea40f8eb;51:88:0A:9E;0;AVIÁRIO MEIO;741,00;18/11/2025;10:43:33;20;1282-20
CO2;1282;CT-CO2-0;02938df5-6afb-d44e-582d-0b5eea40f8eb;51:88:0A:9E;0;AVIÁRIO MEIO;767,00;18/11/2025;10:48:35;20;1282-20
CO2;1282;CT-CO2-0;02938df5-6afb-d44e-582d-0b5eea40f8eb;51:88:0A:9E;0;AVIÁRIO MEIO;758,00;18/11/2025;10:54:07;20;1282-20
CO2;1282;CT-CO2-0;02938df5-6afb-d44e-582d-0b5eea40f8eb;51:88:0A:9E;0;AVIÁRIO MEIO;834,00;18/11/2025;11:04:47;20;1282-20
CO2;1282;CT-CO2-0;02938df5-6afb-d44e-582d-0b5eea40f8eb;51:88:0A:9E;0;AVIÁRIO MEIO;996,00;18/11/2025;11:10:20;20;1282-20
CO2;1282;CT-CO2-0;02938df5-6afb-d44e-582d-0b5eea40f8eb;51:88:0A:9E;0;AVIÁRIO MEIO;1.023,00;18/11/2025;11:15:22;20;1282-20
CO2;1282;CT-CO2-0;02938df5-6afb-d44e-582d-0b5eea40f8eb;51:88:0A:9E;0;AVIÁRIO MEIO;975,00;18/11/2025;11:20:58;20;1282-20
CO2;1282;CT-CO2-0;02938df5-6afb-d44e-582d-0b5eea40f8eb;51:88:0A:9E;0;AVIÁRIO MEIO;931,00;18/11/2025;11:26:00;20;1282-20
CO2;1282;CT-CO2-0;02938df5-6afb-d44e-582d-0b5eea40f8eb;51:88:0A:9E;0;AVIÁRIO MEIO;815,00;18/11/2025;11:31:32;20;1282-20
CO2;1282;CT-CO2-0;02938df5-6afb-d44e-582d-0b5eea40f8eb;51:88:0A:9E;0;AVIÁRIO MEIO;796,00;18/11/2025;11:37:05;20;1282-20
CO2;1282;CT-CO2-0;02938df5-6afb-d44e-582d-0b5eea40f8eb;51:88:0A:9E;0;AVIÁRIO MEIO;768,00;18/11/2025;11:42:06;20;1282-20
CO2;1282;CT-CO2-0;02938df5-6afb-d44e-582d-0b5eea40f8eb;51:88:0A:9E;0;AVIÁRIO MEIO;789,00;18/11/2025;11:47:38;20;1282-20
CO2;1282;CT-CO2-0;02938df5-6afb-d44e-582d-0b5eea40f8eb;51:88:0A:9E;0;AVIÁRIO MEIO;787,00;18/11/2025;11:53:42;20;1282-20
CO2;1282;CT-CO2-0;02938df5-6afb-d44e-582d-0b5eea40f8eb;51:88:0A:9E;0;AVIÁRIO MEIO;778,00;18/11/2025;11:58:19;20;1282-20
CO2;1282;CT-CO2-0;02938df5-6afb-d44e-582d-0b5eea40f8eb;51:88:0A:9E;0;AVIÁRIO MEIO;791,00;18/11/2025;12:03:51;20;1282-20
CO2;1282;CT-CO2-0;02938df5-6afb-d44e-582d-0b5eea40f8eb;51:88:0A:9E;0;AVIÁRIO MEIO;788,00;18/11/2025;12:09:23;20;1282-20
CO2;1282;CT-CO2-0;02938df5-6afb-d44e-582d-0b5eea40f8eb;51:88:0A:9E;0;AVIÁRIO MEIO;780,00;18/11/2025;12:14:26;20;1282-20
CO2;1282;CT-CO2-0;02938df5-6afb-d44e-582d-0b5eea40f8eb;51:88:0A:9E;0;AVIÁRIO MEIO;767,00;18/11/2025;12:19:58;20;1282-20
CO2;1282;CT-CO2-0;02938df5-6afb-d44e-582d-0b5eea40f8eb;51:88:0A:9E;0;AVIÁRIO MEIO;792,00;18/11/2025;12:25:30;20;1282-20
CO2;1282;CT-CO2-0;02938df5-6afb-d44e-582d-0b5eea40f8eb;51:88:0A:9E;0;AVIÁRIO MEIO;771,00;18/11/2025;12:30:32;20;1282-20
CO2;1282;CT-CO2-0;02938df5-6afb-d44e-582d-0b5eea40f8eb;51:88:0A:9E;0;AVIÁRIO MEIO;758,00;18/11/2025;12:36:04;20;1282-20
CO2;1282;CT-CO2-0;02938df5-6afb-d44e-582d-0b5eea40f8eb;51:88:0A:9E;0;AVIÁRIO MEIO;770,00;18/11/2025;12:41:42;20;1282-20
CO2;1282;CT-CO2-0;02938df5-6afb-d44e-582d-0b5eea40f8eb;51:88:0A:9E;0;AVIÁRIO MEIO;765,00;18/11/2025;12:46:44;20;1282-20
CO2;1282;CT-CO2-0;02938df5-6afb-d44e-582d-0b5eea40f8eb;51:88:0A:9E;0;AVIÁRIO MEIO;728,00;18/11/2025;12:52:16;20;1282-20
CO2;1282;CT-CO2-0;02938df5-6afb-d44e-582d-0b5eea40f8eb;51:88:0A:9E;0;AVIÁRIO MEIO;764,00;18/11/2025;12:57:18;20;1282-20
CO2;1282;CT-CO2-0;02938df5-6afb-d44e-582d-0b5eea40f8eb;51:88:0A:9E;0;AVIÁRIO MEIO;728,00;18/11/2025;13:03:23;20;1282-20
CO2;1282;CT-CO2-0;02938df5-6afb-d44e-582d-0b5eea40f8eb;51:88:0A:9E;0;AVIÁRIO MEIO;723,00;18/11/2025;13:08:26;20;1282-20
CO2;1282;CT-CO2-0;02938df5-6afb-d44e-582d-0b5eea40f8eb;51:88:0A:9E;0;AVIÁRIO MEIO;703,00;18/11/2025;13:13:28;20;1282-20
CO2;1282;CT-CO2-0;02938df5-6afb-d44e-582d-0b5eea40f8eb;51:88:0A:9E;0;AVIÁRIO MEIO;714,00;18/11/2025;13:19:01;20;1282-20
CO2;1282;CT-CO2-0;02938df5-6afb-d44e-582d-0b5eea40f8eb;51:88:0A:9E;0;AVIÁRIO MEIO;729,00;18/11/2025;13:24:34;20;1282-20
CO2;1282;CT-CO2-0;02938df5-6afb-d44e-582d-0b5eea40f8eb;51:88:0A:9E;0;AVIÁRIO MEIO;697,00;18/11/2025;13:29:36;20;1282-20
CO2;1282;CT-CO2-0;02938df5-6afb-d44e-582d-0b5eea40f8eb;51:88:0A:9E;0;AVIÁRIO MEIO;718,00;18/11/2025;13:35:09;20;1282-20
CO2;1282;CT-CO2-0;02938df5-6afb-d44e-582d-0b5eea40f8eb;51:88:0A:9E;0;AVIÁRIO MEIO;726,00;18/11/2025;13:40:41;20;1282-20
CO2;1282;CT-CO2-0;02938df5-6afb-d44e-582d-0b5eea40f8eb;51:88:0A:9E;0;AVIÁRIO MEIO;721,00;18/11/2025;13:45:43;20;1282-20
CO2;1282;CT-CO2-0;02938df5-6afb-d44e-582d-0b5eea40f8eb;51:88:0A:9E;0;AVIÁRIO MEIO;705,00;18/11/2025;13:51:15;20;1282-20
CO2;1282;CT-CO2-0;02938df5-6afb-d44e-582d-0b5eea40f8eb;51:88:0A:9E;0;AVIÁRIO MEIO;693,00;18/11/2025;13:56:46;20;1282-20
CO2;1282;CT-CO2-0;02938df5-6afb-d44e-582d-0b5eea40f8eb;51:88:0A:9E;0;AVIÁRIO MEIO;693,00;18/11/2025;14:01:48;20;1282-20
CO2;1282;CT-CO2-0;02938df5-6afb-d44e-582d-0b5eea40f8eb;51:88:0A:9E;0;AVIÁRIO MEIO;712,00;18/11/2025;14:07:21;20;1282-20
CO2;1282;CT-CO2-0;02938df5-6afb-d44e-582d-0b5eea40f8eb;51:88:0A:9E;0;AVIÁRIO MEIO;704,00;18/11/2025;14:13:25;20;1282-20
CO2;1282;CT-CO2-0;02938df5-6afb-d44e-582d-0b5eea40f8eb;51:88:0A:9E;0;AVIÁRIO MEIO;739,00;18/11/2025;14:17:59;20;1282-20
CO2;1282;CT-CO2-0;02938df5-6afb-d44e-582d-0b5eea40f8eb;51:88:0A:9E;0;AVIÁRIO MEIO;701,00;18/11/2025;14:23:31;20;1282-20
CO2;1282;CT-CO2-0;02938df5-6afb-d44e-582d-0b5eea40f8eb;51:88:0A:9E;0;AVIÁRIO MEIO;716,00;18/11/2025;14:28:33;20;1282-20
CO2;1282;CT-CO2-0;02938df5-6afb-d44e-582d-0b5eea40f8eb;51:88:0A:9E;0;AVIÁRIO MEIO;705,00;18/11/2025;14:34:05;20;1282-20
CO2;1282;CT-CO2-0;02938df5-6afb-d44e-582d-0b5eea40f8eb;51:88:0A:9E;0;AVIÁRIO MEIO;721,00;18/11/2025;14:39:43;20;1282-20
CO2;1282;CT-CO2-0;02938df5-6afb-d44e-582d-0b5eea40f8eb;51:88:0A:9E;0;AVIÁRIO MEIO;727,00;18/11/2025;14:44:45;20;1282-20
CO2;1282;CT-CO2-0;02938df5-6afb-d44e-582d-0b5eea40f8eb;51:88:0A:9E;0;AVIÁRIO MEIO;703,00;18/11/2025;14:50:17;20;1282-20
CO2;1282;CT-CO2-0;02938df5-6afb-d44e-582d-0b5eea40f8eb;51:88:0A:9E;0;AVIÁRIO MEIO;699,00;18/11/2025;14:55:49;20;1282-20
CO2;1282;CT-CO2-0;02938df5-6afb-d44e-582d-0b5eea40f8eb;51:88:0A:9E;0;AVIÁRIO MEIO;679,00;18/11/2025;15:00:51;20;1282-20
CO2;1282;CT-CO2-0;02938df5-6afb-d44e-582d-0b5eea40f8eb;51:88:0A:9E;0;AVIÁRIO MEIO;734,00;18/11/2025;15:06:25;20;1282-20
CO2;1282;CT-CO2-0;02938df5-6afb-d44e-582d-0b5eea40f8eb;51:88:0A:9E;0;AVIÁRIO MEIO;681,00;18/11/2025;15:11:58;20;1282-20
CO2;1282;CT-CO2-0;02938df5-6afb-d44e-582d-0b5eea40f8eb;51:88:0A:9E;0;AVIÁRIO MEIO;707,00;18/11/2025;15:17:00;20;1282-20
CO2;1282;CT-CO2-0;02938df5-6afb-d44e-582d-0b5eea40f8eb;51:88:0A:9E;0;AVIÁRIO MEIO;690,00;18/11/2025;15:23:04;20;1282-20
CO2;1282;CT-CO2-0;02938df5-6afb-d44e-582d-0b5eea40f8eb;51:88:0A:9E;0;AVIÁRIO MEIO;767,00;18/11/2025;15:28:06;20;1282-20
CO2;1282;CT-CO2-0;02938df5-6afb-d44e-582d-0b5eea40f8eb;51:88:0A:9E;0;AVIÁRIO MEIO;825,00;18/11/2025;15:33:08;20;1282-20
CO2;1282;CT-CO2-0;02938df5-6afb-d44e-582d-0b5eea40f8eb;51:88:0A:9E;0;AVIÁRIO MEIO;849,00;18/11/2025;15:38:40;20;1282-20
CO2;1282;CT-CO2-0;02938df5-6afb-d44e-582d-0b5eea40f8eb;51:88:0A:9E;0;AVIÁRIO MEIO;812,00;18/11/2025;15:49:19;20;1282-20
CO2;1282;CT-CO2-0;02938df5-6afb-d44e-582d-0b5eea40f8eb;51:88:0A:9E;0;AVIÁRIO MEIO;834,00;18/11/2025;15:54:51;20;1282-20
CO2;1282;CT-CO2-0;02938df5-6afb-d44e-582d-0b5eea40f8eb;51:88:0A:9E;0;AVIÁRIO MEIO;815,00;18/11/2025;15:59:53;20;1282-20
CO2;1282;CT-CO2-0;02938df5-6afb-d44e-582d-0b5eea40f8eb;51:88:0A:9E;0;AVIÁRIO MEIO;810,00;18/11/2025;16:05:25;20;1282-20
CO2;1282;CT-CO2-0;02938df5-6afb-d44e-582d-0b5eea40f8eb;51:88:0A:9E;0;AVIÁRIO MEIO;810,00;18/11/2025;16:10:57;20;1282-20
CO2;1282;CT-CO2-0;02938df5-6afb-d44e-582d-0b5eea40f8eb;51:88:0A:9E;0;AVIÁRIO MEIO;802,00;18/11/2025;16:16:00;20;1282-20
CO2;1282;CT-CO2-0;02938df5-6afb-d44e-582d-0b5eea40f8eb;51:88:0A:9E;0;AVIÁRIO MEIO;785,00;18/11/2025;16:21:33;20;1282-20
CO2;1282;CT-CO2-0;02938df5-6afb-d44e-582d-0b5eea40f8eb;51:88:0A:9E;0;AVIÁRIO MEIO;795,00;18/11/2025;16:27:05;20;1282-20
CO2;1282;CT-CO2-0;02938df5-6afb-d44e-582d-0b5eea40f8eb;51:88:0A:9E;0;AVIÁRIO MEIO;809,00;18/11/2025;16:32:38;20;1282-20
CO2;1282;CT-CO2-0;02938df5-6afb-d44e-582d-0b5eea40f8eb;51:88:0A:9E;0;AVIÁRIO MEIO;817,00;18/11/2025;16:37:40;20;1282-20
CO2;1282;CT-CO2-0;02938df5-6afb-d44e-582d-0b5eea40f8eb;51:88:0A:9E;0;AVIÁRIO MEIO;804,00;18/11/2025;16:43:12;20;1282-20
CO2;1282;CT-CO2-0;02938df5-6afb-d44e-582d-0b5eea40f8eb;51:88:0A:9E;0;AVIÁRIO MEIO;812,00;18/11/2025;16:48:14;20;1282-20
CO2;1282;CT-CO2-0;02938df5-6afb-d44e-582d-0b5eea40f8eb;51:88:0A:9E;0;AVIÁRIO MEIO;816,00;18/11/2025;16:53:47;20;1282-20
CO2;1282;CT-CO2-0;02938df5-6afb-d44e-582d-0b5eea40f8eb;51:88:0A:9E;0;AVIÁRIO MEIO;821,00;18/11/2025;17:04:23;20;1282-20
CO2;1282;CT-CO2-0;02938df5-6afb-d44e-582d-0b5eea40f8eb;51:88:0A:9E;0;AVIÁRIO MEIO;822,00;18/11/2025;17:09:55;20;1282-20
CO2;1282;CT-CO2-0;02938df5-6afb-d44e-582d-0b5eea40f8eb;51:88:0A:9E;0;AVIÁRIO MEIO;820,00;18/11/2025;17:15:27;20;1282-20
CO2;1282;CT-CO2-0;02938df5-6afb-d44e-582d-0b5eea40f8eb;51:88:0A:9E;0;AVIÁRIO MEIO;816,00;18/11/2025;17:20:30;20;1282-20
CO2;1282;CT-CO2-0;02938df5-6afb-d44e-582d-0b5eea40f8eb;51:88:0A:9E;0;AVIÁRIO MEIO;814,00;18/11/2025;17:26:01;20;1282-20
CO2;1282;CT-CO2-0;02938df5-6afb-d44e-582d-0b5eea40f8eb;51:88:0A:9E;0;AVIÁRIO MEIO;818,00;18/11/2025;17:31:33;20;1282-20
CO2;1282;CT-CO2-0;02938df5-6afb-d44e-582d-0b5eea40f8eb;51:88:0A:9E;0;AVIÁRIO MEIO;820,00;18/11/2025;17:36:36;20;1282-20
CO2;1282;CT-CO2-0;02938df5-6afb-d44e-582d-0b5eea40f8eb;51:88:0A:9E;0;AVIÁRIO MEIO;836,00;18/11/2025;17:42:40;20;1282-20
CO2;1282;CT-CO2-0;02938df5-6afb-d44e-582d-0b5eea40f8eb;51:88:0A:9E;0;AVIÁRIO MEIO;835,00;18/11/2025;17:47:44;20;1282-20
CO2;1282;CT-CO2-0;02938df5-6afb-d44e-582d-0b5eea40f8eb;51:88:0A:9E;0;AVIÁRIO MEIO;844,00;18/11/2025;17:52:46;20;1282-20
CO2;1282;CT-CO2-0;02938df5-6afb-d44e-582d-0b5eea40f8eb;51:88:0A:9E;0;AVIÁRIO MEIO;833,00;18/11/2025;17:58:18;20;1282-20
CO2;1282;CT-CO2-0;02938df5-6afb-d44e-582d-0b5eea40f8eb;51:88:0A:9E;0;AVIÁRIO MEIO;846,00;18/11/2025;18:03:50;20;1282-20
CO2;1282;CT-CO2-0;02938df5-6afb-d44e-582d-0b5eea40f8eb;51:88:0A:9E;0;AVIÁRIO MEIO;840,00;18/11/2025;18:08:52;20;1282-20
CO2;1282;CT-CO2-0;02938df5-6afb-d44e-582d-0b5eea40f8eb;51:88:0A:9E;0;AVIÁRIO MEIO;871,00;18/11/2025;18:14:24;20;1282-20
CO2;1282;CT-CO2-0;02938df5-6afb-d44e-582d-0b5eea40f8eb;51:88:0A:9E;0;AVIÁRIO MEIO;876,00;18/11/2025;18:19:57;20;1282-20
CO2;1282;CT-CO2-0;02938df5-6afb-d44e-582d-0b5eea40f8eb;51:88:0A:9E;0;AVIÁRIO MEIO;897,00;18/11/2025;18:24:59;20;1282-20
CO2;1282;CT-CO2-0;02938df5-6afb-d44e-582d-0b5eea40f8eb;51:88:0A:9E;0;AVIÁRIO MEIO;897,00;18/11/2025;18:30:30;20;1282-20
CO2;1282;CT-CO2-0;02938df5-6afb-d44e-582d-0b5eea40f8eb;51:88:0A:9E;0;AVIÁRIO MEIO;904,00;18/11/2025;18:36:02;20;1282-20
CO2;1282;CT-CO2-0;02938df5-6afb-d44e-582d-0b5eea40f8eb;51:88:0A:9E;0;AVIÁRIO MEIO;888,00;18/11/2025;18:41:05;20;1282-20
CO2;1282;CT-CO2-0;02938df5-6afb-d44e-582d-0b5eea40f8eb;51:88:0A:9E;0;AVIÁRIO MEIO;934,00;18/11/2025;18:46:37;20;1282-20
CO2;1282;CT-CO2-0;02938df5-6afb-d44e-582d-0b5eea40f8eb;51:88:0A:9E;0;AVIÁRIO MEIO;954,00;18/11/2025;18:52:42;20;1282-20
CO2;1282;CT-CO2-0;02938df5-6afb-d44e-582d-0b5eea40f8eb;51:88:0A:9E;0;AVIÁRIO MEIO;994,00;18/11/2025;18:57:18;20;1282-20
CO2;1282;CT-CO2-0;02938df5-6afb-d44e-582d-0b5eea40f8eb;51:88:0A:9E;0;AVIÁRIO MEIO;975,00;18/11/2025;19:02:50;20;1282-20
CO2;1282;CT-CO2-0;02938df5-6afb-d44e-582d-0b5eea40f8eb;51:88:0A:9E;0;AVIÁRIO MEIO;977,00;18/11/2025;19:07:52;20;1282-20
CO2;1282;CT-CO2-0;02938df5-6afb-d44e-582d-0b5eea40f8eb;51:88:0A:9E;0;AVIÁRIO MEIO;963,00;18/11/2025;19:13:24;20;1282-20
CO2;1282;CT-CO2-0;02938df5-6afb-d44e-582d-0b5eea40f8eb;51:88:0A:9E;0;AVIÁRIO MEIO;980,00;18/11/2025;19:18:57;20;1282-20
CO2;1282;CT-CO2-0;02938df5-6afb-d44e-582d-0b5eea40f8eb;51:88:0A:9E;0;AVIÁRIO MEIO;964,00;18/11/2025;19:23:59;20;1282-20
CO2;1282;CT-CO2-0;02938df5-6afb-d44e-582d-0b5eea40f8eb;51:88:0A:9E;0;AVIÁRIO MEIO;987,00;18/11/2025;19:29:30;20;1282-20
CO2;1282;CT-CO2-0;02938df5-6afb-d44e-582d-0b5eea40f8eb;51:88:0A:9E;0;AVIÁRIO MEIO;994,00;18/11/2025;19:35:02;20;1282-20
CO2;1282;CT-CO2-0;02938df5-6afb-d44e-582d-0b5eea40f8eb;51:88:0A:9E;0;AVIÁRIO MEIO;997,00;18/11/2025;19:40:04;20;1282-20
CO2;1282;CT-CO2-0;02938df5-6afb-d44e-582d-0b5eea40f8eb;51:88:0A:9E;0;AVIÁRIO MEIO;996,00;18/11/2025;19:45:36;20;1282-20
CO2;1282;CT-CO2-0;02938df5-6afb-d44e-582d-0b5eea40f8eb;51:88:0A:9E;0;AVIÁRIO MEIO;1.007,00;18/11/2025;19:51:08;20;1282-20
CO2;1282;CT-CO2-0;02938df5-6afb-d44e-582d-0b5eea40f8eb;51:88:0A:9E;0;AVIÁRIO MEIO;946,00;18/11/2025;19:56:13;20;1282-20
CO2;1282;CT-CO2-0;02938df5-6afb-d44e-582d-0b5eea40f8eb;51:88:0A:9E;0;AVIÁRIO MEIO;959,00;18/11/2025;20:02:19;20;1282-20
CO2;1282;CT-CO2-0;02938df5-6afb-d44e-582d-0b5eea40f8eb;51:88:0A:9E;0;AVIÁRIO MEIO;975,00;18/11/2025;20:07:22;20;1282-20
CO2;1282;CT-CO2-0;02938df5-6afb-d44e-582d-0b5eea40f8eb;51:88:0A:9E;0;AVIÁRIO MEIO;998,00;18/11/2025;20:12:23;20;1282-20
CO2;1282;CT-CO2-0;02938df5-6afb-d44e-582d-0b5eea40f8eb;51:88:0A:9E;0;AVIÁRIO MEIO;989,00;18/11/2025;20:17:56;20;1282-20
CO2;1282;CT-CO2-0;02938df5-6afb-d44e-582d-0b5eea40f8eb;51:88:0A:9E;0;AVIÁRIO MEIO;1.001,00;18/11/2025;20:23:28;20;1282-20
CO2;1282;CT-CO2-0;02938df5-6afb-d44e-582d-0b5eea40f8eb;51:88:0A:9E;0;AVIÁRIO MEIO;978,00;18/11/2025;20:28:36;20;1282-20
CO2;1282;CT-CO2-0;02938df5-6afb-d44e-582d-0b5eea40f8eb;51:88:0A:9E;0;AVIÁRIO MEIO;982,00;18/11/2025;20:34:07;20;1282-20
CO2;1282;CT-CO2-0;02938df5-6afb-d44e-582d-0b5eea40f8eb;51:88:0A:9E;0;AVIÁRIO MEIO;970,00;18/11/2025;20:39:17;20;1282-20
CO2;1282;CT-CO2-0;02938df5-6afb-d44e-582d-0b5eea40f8eb;51:88:0A:9E;0;AVIÁRIO MEIO;973,00;18/11/2025;20:44:49;20;1282-20
CO2;1282;CT-CO2-0;02938df5-6afb-d44e-582d-0b5eea40f8eb;51:88:0A:9E;0;AVIÁRIO MEIO;970,00;18/11/2025;20:49:51;20;1282-20
CO2;1282;CT-CO2-0;02938df5-6afb-d44e-582d-0b5eea40f8eb;51:88:0A:9E;0;AVIÁRIO MEIO;982,00;18/11/2025;20:55:24;20;1282-20
CO2;1282;CT-CO2-0;02938df5-6afb-d44e-582d-0b5eea40f8eb;51:88:0A:9E;0;AVIÁRIO MEIO;954,00;18/11/2025;21:00:57;20;1282-20
CO2;1282;CT-CO2-0;02938df5-6afb-d44e-582d-0b5eea40f8eb;51:88:0A:9E;0;AVIÁRIO MEIO;950,00;18/11/2025;21:06:29;20;1282-20
CO2;1282;CT-CO2-0;02938df5-6afb-d44e-582d-0b5eea40f8eb;51:88:0A:9E;0;AVIÁRIO MEIO;959,00;18/11/2025;21:12:33;20;1282-20
CO2;1282;CT-CO2-0;02938df5-6afb-d44e-582d-0b5eea40f8eb;51:88:0A:9E;0;AVIÁRIO MEIO;966,00;18/11/2025;21:17:35;20;1282-20
CO2;1282;CT-CO2-0;02938df5-6afb-d44e-582d-0b5eea40f8eb;51:88:0A:9E;0;AVIÁRIO MEIO;948,00;18/11/2025;21:22:39;20;1282-20
CO2;1282;CT-CO2-0;02938df5-6afb-d44e-582d-0b5eea40f8eb;51:88:0A:9E;0;AVIÁRIO MEIO;938,00;18/11/2025;21:28:11;20;1282-20
CO2;1282;CT-CO2-0;02938df5-6afb-d44e-582d-0b5eea40f8eb;51:88:0A:9E;0;AVIÁRIO MEIO;932,00;18/11/2025;21:33:14;20;1282-20
CO2;1282;CT-CO2-0;02938df5-6afb-d44e-582d-0b5eea40f8eb;51:88:0A:9E;0;AVIÁRIO MEIO;931,00;18/11/2025;21:38:45;20;1282-20
CO2;1282;CT-CO2-0;02938df5-6afb-d44e-582d-0b5eea40f8eb;51:88:0A:9E;0;AVIÁRIO MEIO;969,00;18/11/2025;21:49:26;20;1282-20
CO2;1282;CT-CO2-0;02938df5-6afb-d44e-582d-0b5eea40f8eb;51:88:0A:9E;0;AVIÁRIO MEIO;967,00;18/11/2025;21:54:58;20;1282-20
CO2;1282;CT-CO2-0;02938df5-6afb-d44e-582d-0b5eea40f8eb;51:88:0A:9E;0;AVIÁRIO MEIO;980,00;18/11/2025;22:00:30;20;1282-20
CO2;1282;CT-CO2-0;02938df5-6afb-d44e-582d-0b5eea40f8eb;51:88:0A:9E;0;AVIÁRIO MEIO;985,00;18/11/2025;22:05:32;20;1282-20
CO2;1282;CT-CO2-0;02938df5-6afb-d44e-582d-0b5eea40f8eb;51:88:0A:9E;0;AVIÁRIO MEIO;956,00;18/11/2025;22:11:05;20;1282-20
CO2;1282;CT-CO2-0;02938df5-6afb-d44e-582d-0b5eea40f8eb;51:88:0A:9E;0;AVIÁRIO MEIO;958,00;18/11/2025;22:16:38;20;1282-20
CO2;1282;CT-CO2-0;02938df5-6afb-d44e-582d-0b5eea40f8eb;51:88:0A:9E;0;AVIÁRIO MEIO;940,00;18/11/2025;22:22:12;20;1282-20
CO2;1282;CT-CO2-0;02938df5-6afb-d44e-582d-0b5eea40f8eb;51:88:0A:9E;0;AVIÁRIO MEIO;932,00;18/11/2025;22:27:19;20;1282-20
CO2;1282;CT-CO2-0;02938df5-6afb-d44e-582d-0b5eea40f8eb;51:88:0A:9E;0;AVIÁRIO MEIO;915,00;18/11/2025;22:32:23;20;1282-20
CO2;1282;CT-CO2-0;02938df5-6afb-d44e-582d-0b5eea40f8eb;51:88:0A:9E;0;AVIÁRIO MEIO;899,00;18/11/2025;22:37:55;20;1282-20
CO2;1282;CT-CO2-0;02938df5-6afb-d44e-582d-0b5eea40f8eb;51:88:0A:9E;0;AVIÁRIO MEIO;928,00;18/11/2025;22:43:29;20;1282-20
CO2;1282;CT-CO2-0;02938df5-6afb-d44e-582d-0b5eea40f8eb;51:88:0A:9E;0;AVIÁRIO MEIO;912,00;18/11/2025;22:48:33;20;1282-20
CO2;1282;CT-CO2-0;02938df5-6afb-d44e-582d-0b5eea40f8eb;51:88:0A:9E;0;AVIÁRIO MEIO;1.011,00;18/11/2025;22:54:05;20;1282-20
CO2;1282;CT-CO2-0;02938df5-6afb-d44e-582d-0b5eea40f8eb;51:88:0A:9E;0;AVIÁRIO MEIO;1.002,00;18/11/2025;22:59:37;20;1282-20
CO2;1282;CT-CO2-0;02938df5-6afb-d44e-582d-0b5eea40f8eb;51:88:0A:9E;0;AVIÁRIO MEIO;981,00;18/11/2025;23:04:46;20;1282-20
CO2;1282;CT-CO2-0;02938df5-6afb-d44e-582d-0b5eea40f8eb;51:88:0A:9E;0;AVIÁRIO MEIO;965,00;18/11/2025;23:10:18;20;1282-20
CO2;1282;CT-CO2-0;02938df5-6afb-d44e-582d-0b5eea40f8eb;51:88:0A:9E;0;AVIÁRIO MEIO;957,00;18/11/2025;23:15:20;20;1282-20
CO2;1282;CT-CO2-0;02938df5-6afb-d44e-582d-0b5eea40f8eb;51:88:0A:9E;0;AVIÁRIO MEIO;930,00;18/11/2025;23:20:52;20;1282-20
CO2;1282;CT-CO2-0;02938df5-6afb-d44e-582d-0b5eea40f8eb;51:88:0A:9E;0;AVIÁRIO MEIO;931,00;18/11/2025;23:26:25;20;1282-20
CO2;1282;CT-CO2-0;02938df5-6afb-d44e-582d-0b5eea40f8eb;51:88:0A:9E;0;AVIÁRIO MEIO;973,00;18/11/2025;23:31:59;20;1282-20
CO2;1282;CT-CO2-0;02938df5-6afb-d44e-582d-0b5eea40f8eb;51:88:0A:9E;0;AVIÁRIO MEIO;935,00;18/11/2025;23:37:01;20;1282-20
CO2;1282;CT-CO2-0;02938df5-6afb-d44e-582d-0b5eea40f8eb;51:88:0A:9E;0;AVIÁRIO MEIO;897,00;18/11/2025;23:42:34;20;1282-20
CO2;1282;CT-CO2-0;02938df5-6afb-d44e-582d-0b5eea40f8eb;51:88:0A:9E;0;AVIÁRIO MEIO;908,00;18/11/2025;23:47:36;20;1282-20
CO2;1282;CT-CO2-0;02938df5-6afb-d44e-582d-0b5eea40f8eb;51:88:0A:9E;0;AVIÁRIO MEIO;898,00;18/11/2025;23:53:07;20;1282-20
CO2;1282;CT-CO2-0;02938df5-6afb-d44e-582d-0b5eea40f8eb;51:88:0A:9E;0;AVIÁRIO MEIO;916,00;18/11/2025;23:58:41;20;1282-20
CO2;1282;CT-CO2-0;02938df5-6afb-d44e-582d-0b5eea40f8eb;51:88:0A:9E;0;AVIÁRIO MEIO;897,00;19/11/2025;00:03:43;20;1282-20
CO2;1282;CT-CO2-0;02938df5-6afb-d44e-582d-0b5eea40f8eb;51:88:0A:9E;0;AVIÁRIO MEIO;911,00;19/11/2025;00:14:47;20;1282-20
CO2;1282;CT-CO2-0;02938df5-6afb-d44e-582d-0b5eea40f8eb;51:88:0A:9E;0;AVIÁRIO MEIO;918,00;19/11/2025;00:19:49;20;1282-20
CO2;1282;CT-CO2-0;02938df5-6afb-d44e-582d-0b5eea40f8eb;51:88:0A:9E;0;AVIÁRIO MEIO;893,00;19/11/2025;00:25:21;20;1282-20
CO2;1282;CT-CO2-0;02938df5-6afb-d44e-582d-0b5eea40f8eb;51:88:0A:9E;0;AVIÁRIO MEIO;957,00;19/11/2025;00:30:54;20;1282-20
CO2;1282;CT-CO2-0;02938df5-6afb-d44e-582d-0b5eea40f8eb;51:88:0A:9E;0;AVIÁRIO MEIO;936,00;19/11/2025;00:35:56;20;1282-20
CO2;1282;CT-CO2-0;02938df5-6afb-d44e-582d-0b5eea40f8eb;51:88:0A:9E;0;AVIÁRIO MEIO;890,00;19/11/2025;00:42:00;20;1282-20
CO2;1282;CT-CO2-0;02938df5-6afb-d44e-582d-0b5eea40f8eb;51:88:0A:9E;0;AVIÁRIO MEIO;933,00;19/11/2025;00:46:33;20;1282-20
CO2;1282;CT-CO2-0;02938df5-6afb-d44e-582d-0b5eea40f8eb;51:88:0A:9E;0;AVIÁRIO MEIO;941,00;19/11/2025;00:52:06;20;1282-20
CO2;1282;CT-CO2-0;02938df5-6afb-d44e-582d-0b5eea40f8eb;51:88:0A:9E;0;AVIÁRIO MEIO;942,00;19/11/2025;00:57:38;20;1282-20
CO2;1282;CT-CO2-0;02938df5-6afb-d44e-582d-0b5eea40f8eb;51:88:0A:9E;0;AVIÁRIO MEIO;894,00;19/11/2025;01:02:40;20;1282-20
CO2;1282;CT-CO2-0;02938df5-6afb-d44e-582d-0b5eea40f8eb;51:88:0A:9E;0;AVIÁRIO MEIO;939,00;19/11/2025;01:08:14;20;1282-20
CO2;1282;CT-CO2-0;02938df5-6afb-d44e-582d-0b5eea40f8eb;51:88:0A:9E;0;AVIÁRIO MEIO;874,00;19/11/2025;01:13:46;20;1282-20
CO2;1282;CT-CO2-0;02938df5-6afb-d44e-582d-0b5eea40f8eb;51:88:0A:9E;0;AVIÁRIO MEIO;877,00;19/11/2025;01:18:48;20;1282-20
CO2;1282;CT-CO2-0;02938df5-6afb-d44e-582d-0b5eea40f8eb;51:88:0A:9E;0;AVIÁRIO MEIO;856,00;19/11/2025;01:24:20;20;1282-20
CO2;1282;CT-CO2-0;02938df5-6afb-d44e-582d-0b5eea40f8eb;51:88:0A:9E;0;AVIÁRIO MEIO;858,00;19/11/2025;01:29:54;20;1282-20
CO2;1282;CT-CO2-0;02938df5-6afb-d44e-582d-0b5eea40f8eb;51:88:0A:9E;0;AVIÁRIO MEIO;857,00;19/11/2025;01:34:56;20;1282-20
CO2;1282;CT-CO2-0;02938df5-6afb-d44e-582d-0b5eea40f8eb;51:88:0A:9E;0;AVIÁRIO MEIO;903,00;19/11/2025;01:40:28;20;1282-20
CO2;1282;CT-CO2-0;02938df5-6afb-d44e-582d-0b5eea40f8eb;51:88:0A:9E;0;AVIÁRIO MEIO;962,00;19/11/2025;01:46:00;20;1282-20
CO2;1282;CT-CO2-0;02938df5-6afb-d44e-582d-0b5eea40f8eb;51:88:0A:9E;0;AVIÁRIO MEIO;908,00;19/11/2025;01:51:33;20;1282-20
CO2;1282;CT-CO2-0;02938df5-6afb-d44e-582d-0b5eea40f8eb;51:88:0A:9E;0;AVIÁRIO MEIO;943,00;19/11/2025;01:56:35;20;1282-20
CO2;1282;CT-CO2-0;02938df5-6afb-d44e-582d-0b5eea40f8eb;51:88:0A:9E;0;AVIÁRIO MEIO;910,00;19/11/2025;02:02:09;20;1282-20
CO2;1282;CT-CO2-0;02938df5-6afb-d44e-582d-0b5eea40f8eb;51:88:0A:9E;0;AVIÁRIO MEIO;901,00;19/11/2025;02:07:10;20;1282-20
CO2;1282;CT-CO2-0;02938df5-6afb-d44e-582d-0b5eea40f8eb;51:88:0A:9E;0;AVIÁRIO MEIO;887,00;19/11/2025;02:12:42;20;1282-20
CO2;1282;CT-CO2-0;02938df5-6afb-d44e-582d-0b5eea40f8eb;51:88:0A:9E;0;AVIÁRIO MEIO;913,00;19/11/2025;02:18:15;20;1282-20
CO2;1282;CT-CO2-0;02938df5-6afb-d44e-582d-0b5eea40f8eb;51:88:0A:9E;0;AVIÁRIO MEIO;930,00;19/11/2025;02:23:17;20;1282-20
CO2;1282;CT-CO2-0;02938df5-6afb-d44e-582d-0b5eea40f8eb;51:88:0A:9E;0;AVIÁRIO MEIO;869,00;19/11/2025;02:28:51;20;1282-20
CO2;1282;CT-CO2-0;02938df5-6afb-d44e-582d-0b5eea40f8eb;51:88:0A:9E;0;AVIÁRIO MEIO;854,00;19/11/2025;02:34:23;20;1282-20
CO2;1282;CT-CO2-0;02938df5-6afb-d44e-582d-0b5eea40f8eb;51:88:0A:9E;0;AVIÁRIO MEIO;859,00;19/11/2025;02:39:25;20;1282-20
CO2;1282;CT-CO2-0;02938df5-6afb-d44e-582d-0b5eea40f8eb;51:88:0A:9E;0;AVIÁRIO MEIO;843,00;19/11/2025;02:44:57;20;1282-20
CO2;1282;CT-CO2-0;02938df5-6afb-d44e-582d-0b5eea40f8eb;51:88:0A:9E;0;AVIÁRIO MEIO;860,00;19/11/2025;02:50:29;20;1282-20
CO2;1282;CT-CO2-0;02938df5-6afb-d44e-582d-0b5eea40f8eb;51:88:0A:9E;0;AVIÁRIO MEIO;857,00;19/11/2025;02:55:31;20;1282-20
CO2;1282;CT-CO2-0;02938df5-6afb-d44e-582d-0b5eea40f8eb;51:88:0A:9E;0;AVIÁRIO MEIO;906,00;19/11/2025;03:01:35;20;1282-20
CO2;1282;CT-CO2-0;02938df5-6afb-d44e-582d-0b5eea40f8eb;51:88:0A:9E;0;AVIÁRIO MEIO;901,00;19/11/2025;03:06:37;20;1282-20
CO2;1282;CT-CO2-0;02938df5-6afb-d44e-582d-0b5eea40f8eb;51:88:0A:9E;0;AVIÁRIO MEIO;905,00;19/11/2025;03:11:39;20;1282-20
CO2;1282;CT-CO2-0;02938df5-6afb-d44e-582d-0b5eea40f8eb;51:88:0A:9E;0;AVIÁRIO MEIO;919,00;19/11/2025;03:17:12;20;1282-20
CO2;1282;CT-CO2-0;02938df5-6afb-d44e-582d-0b5eea40f8eb;51:88:0A:9E;0;AVIÁRIO MEIO;924,00;19/11/2025;03:22:44;20;1282-20
CO2;1282;CT-CO2-0;02938df5-6afb-d44e-582d-0b5eea40f8eb;51:88:0A:9E;0;AVIÁRIO MEIO;910,00;19/11/2025;03:27:46;20;1282-20
CO2;1282;CT-CO2-0;02938df5-6afb-d44e-582d-0b5eea40f8eb;51:88:0A:9E;0;AVIÁRIO MEIO;932,00;19/11/2025;03:33:18;20;1282-20
CO2;1282;CT-CO2-0;02938df5-6afb-d44e-582d-0b5eea40f8eb;51:88:0A:9E;0;AVIÁRIO MEIO;900,00;19/11/2025;03:38:50;20;1282-20
CO2;1282;CT-CO2-0;02938df5-6afb-d44e-582d-0b5eea40f8eb;51:88:0A:9E;0;AVIÁRIO MEIO;923,00;19/11/2025;03:43:52;20;1282-20
CO2;1282;CT-CO2-0;02938df5-6afb-d44e-582d-0b5eea40f8eb;51:88:0A:9E;0;AVIÁRIO MEIO;932,00;19/11/2025;03:49:24;20;1282-20
CO2;1282;CT-CO2-0;02938df5-6afb-d44e-582d-0b5eea40f8eb;51:88:0A:9E;0;AVIÁRIO MEIO;912,00;19/11/2025;03:54:56;20;1282-20
CO2;1282;CT-CO2-0;02938df5-6afb-d44e-582d-0b5eea40f8eb;51:88:0A:9E;0;AVIÁRIO MEIO;886,00;19/11/2025;03:59:59;20;1282-20
CO2;1282;CT-CO2-0;02938df5-6afb-d44e-582d-0b5eea40f8eb;51:88:0A:9E;0;AVIÁRIO MEIO;861,00;19/11/2025;04:05:30;20;1282-20
CO2;1282;CT-CO2-0;02938df5-6afb-d44e-582d-0b5eea40f8eb;51:88:0A:9E;0;AVIÁRIO MEIO;838,00;19/11/2025;04:11:34;20;1282-20
CO2;1282;CT-CO2-0;02938df5-6afb-d44e-582d-0b5eea40f8eb;51:88:0A:9E;0;AVIÁRIO MEIO;859,00;19/11/2025;04:16:06;20;1282-20
CO2;1282;CT-CO2-0;02938df5-6afb-d44e-582d-0b5eea40f8eb;51:88:0A:9E;0;AVIÁRIO MEIO;859,00;19/11/2025;04:21:39;20;1282-20
CO2;1282;CT-CO2-0;02938df5-6afb-d44e-582d-0b5eea40f8eb;51:88:0A:9E;0;AVIÁRIO MEIO;877,00;19/11/2025;04:27:10;20;1282-20
CO2;1282;CT-CO2-0;02938df5-6afb-d44e-582d-0b5eea40f8eb;51:88:0A:9E;0;AVIÁRIO MEIO;900,00;19/11/2025;04:32:15;20;1282-20
CO2;1282;CT-CO2-0;02938df5-6afb-d44e-582d-0b5eea40f8eb;51:88:0A:9E;0;AVIÁRIO MEIO;900,00;19/11/2025;04:37:47;20;1282-20
CO2;1282;CT-CO2-0;02938df5-6afb-d44e-582d-0b5eea40f8eb;51:88:0A:9E;0;AVIÁRIO MEIO;869,00;19/11/2025;04:42:50;20;1282-20
CO2;1282;CT-CO2-0;02938df5-6afb-d44e-582d-0b5eea40f8eb;51:88:0A:9E;0;AVIÁRIO MEIO;842,00;19/11/2025;04:48:21;20;1282-20
CO2;1282;CT-CO2-0;02938df5-6afb-d44e-582d-0b5eea40f8eb;51:88:0A:9E;0;AVIÁRIO MEIO;850,00;19/11/2025;04:53:55;20;1282-20
CO2;1282;CT-CO2-0;02938df5-6afb-d44e-582d-0b5eea40f8eb;51:88:0A:9E;0;AVIÁRIO MEIO;835,00;19/11/2025;04:58:57;20;1282-20
CO2;1282;CT-CO2-0;02938df5-6afb-d44e-582d-0b5eea40f8eb;51:88:0A:9E;0;AVIÁRIO MEIO;816,00;19/11/2025;05:04:30;20;1282-20
CO2;1282;CT-CO2-0;02938df5-6afb-d44e-582d-0b5eea40f8eb;51:88:0A:9E;0;AVIÁRIO MEIO;885,00;19/11/2025;05:10:02;20;1282-20
CO2;1282;CT-CO2-0;02938df5-6afb-d44e-582d-0b5eea40f8eb;51:88:0A:9E;0;AVIÁRIO MEIO;774,00;19/11/2025;05:15:03;20;1282-20
CO2;1282;CT-CO2-0;02938df5-6afb-d44e-582d-0b5eea40f8eb;51:88:0A:9E;0;AVIÁRIO MEIO;875,00;19/11/2025;05:21:08;20;1282-20
CO2;1282;CT-CO2-0;02938df5-6afb-d44e-582d-0b5eea40f8eb;51:88:0A:9E;0;AVIÁRIO MEIO;874,00;19/11/2025;05:26:12;20;1282-20
CO2;1282;CT-CO2-0;02938df5-6afb-d44e-582d-0b5eea40f8eb;51:88:0A:9E;0;AVIÁRIO MEIO;887,00;19/11/2025;05:31:14;20;1282-20
CO2;1282;CT-CO2-0;02938df5-6afb-d44e-582d-0b5eea40f8eb;51:88:0A:9E;0;AVIÁRIO MEIO;873,00;19/11/2025;05:36:46;20;1282-20
CO2;1282;CT-CO2-0;02938df5-6afb-d44e-582d-0b5eea40f8eb;51:88:0A:9E;0;AVIÁRIO MEIO;886,00;19/11/2025;05:42:18;20;1282-20
CO2;1282;CT-CO2-0;02938df5-6afb-d44e-582d-0b5eea40f8eb;51:88:0A:9E;0;AVIÁRIO MEIO;872,00;19/11/2025;05:47:19;20;1282-20
CO2;1282;CT-CO2-0;02938df5-6afb-d44e-582d-0b5eea40f8eb;51:88:0A:9E;0;AVIÁRIO MEIO;882,00;19/11/2025;05:52:51;20;1282-20
CO2;1282;CT-CO2-0;02938df5-6afb-d44e-582d-0b5eea40f8eb;51:88:0A:9E;0;AVIÁRIO MEIO;904,00;19/11/2025;05:58:24;20;1282-20
CO2;1282;CT-CO2-0;02938df5-6afb-d44e-582d-0b5eea40f8eb;51:88:0A:9E;0;AVIÁRIO MEIO;898,00;19/11/2025;06:03:26;20;1282-20
CO2;1282;CT-CO2-0;02938df5-6afb-d44e-582d-0b5eea40f8eb;51:88:0A:9E;0;AVIÁRIO MEIO;891,00;19/11/2025;06:08:58;20;1282-20
CO2;1282;CT-CO2-0;02938df5-6afb-d44e-582d-0b5eea40f8eb;51:88:0A:9E;0;AVIÁRIO MEIO;913,00;19/11/2025;06:14:30;20;1282-20
CO2;1282;CT-CO2-0;02938df5-6afb-d44e-582d-0b5eea40f8eb;51:88:0A:9E;0;AVIÁRIO MEIO;912,00;19/11/2025;06:19:32;20;1282-20
CO2;1282;CT-CO2-0;02938df5-6afb-d44e-582d-0b5eea40f8eb;51:88:0A:9E;0;AVIÁRIO MEIO;942,00;19/11/2025;06:25:04;20;1282-20
CO2;1282;CT-CO2-0;02938df5-6afb-d44e-582d-0b5eea40f8eb;51:88:0A:9E;0;AVIÁRIO MEIO;897,00;19/11/2025;06:31:07;20;1282-20
CO2;1282;CT-CO2-0;02938df5-6afb-d44e-582d-0b5eea40f8eb;51:88:0A:9E;0;AVIÁRIO MEIO;892,00;19/11/2025;06:35:39;20;1282-20
CO2;1282;CT-CO2-0;02938df5-6afb-d44e-582d-0b5eea40f8eb;51:88:0A:9E;0;AVIÁRIO MEIO;890,00;19/11/2025;06:41:11;20;1282-20
CO2;1282;CT-CO2-0;02938df5-6afb-d44e-582d-0b5eea40f8eb;51:88:0A:9E;0;AVIÁRIO MEIO;893,00;19/11/2025;06:46:43;20;1282-20
CO2;1282;CT-CO2-0;02938df5-6afb-d44e-582d-0b5eea40f8eb;51:88:0A:9E;0;AVIÁRIO MEIO;936,00;19/11/2025;06:51:45;20;1282-20
CO2;1282;CT-CO2-0;02938df5-6afb-d44e-582d-0b5eea40f8eb;51:88:0A:9E;0;AVIÁRIO MEIO;959,00;19/11/2025;06:57:18;20;1282-20
CO2;1282;CT-CO2-0;02938df5-6afb-d44e-582d-0b5eea40f8eb;51:88:0A:9E;0;AVIÁRIO MEIO;935,00;19/11/2025;07:02:50;20;1282-20
CO2;1282;CT-CO2-0;02938df5-6afb-d44e-582d-0b5eea40f8eb;51:88:0A:9E;0;AVIÁRIO MEIO;936,00;19/11/2025;07:07:52;20;1282-20
CO2;1282;CT-CO2-0;02938df5-6afb-d44e-582d-0b5eea40f8eb;51:88:0A:9E;0;AVIÁRIO MEIO;918,00;19/11/2025;07:13:24;20;1282-20
CO2;1282;CT-CO2-0;02938df5-6afb-d44e-582d-0b5eea40f8eb;51:88:0A:9E;0;AVIÁRIO MEIO;911,00;19/11/2025;07:18:56;20;1282-20
CO2;1282;CT-CO2-0;02938df5-6afb-d44e-582d-0b5eea40f8eb;51:88:0A:9E;0;AVIÁRIO MEIO;916,00;19/11/2025;07:23:57;20;1282-20
CO2;1282;CT-CO2-0;02938df5-6afb-d44e-582d-0b5eea40f8eb;51:88:0A:9E;0;AVIÁRIO MEIO;912,00;19/11/2025;07:29:29;20;1282-20
CO2;1282;CT-CO2-0;02938df5-6afb-d44e-582d-0b5eea40f8eb;51:88:0A:9E;0;AVIÁRIO MEIO;910,00;19/11/2025;07:35:02;20;1282-20
CO2;1282;CT-CO2-0;02938df5-6afb-d44e-582d-0b5eea40f8eb;51:88:0A:9E;0;AVIÁRIO MEIO;917,00;19/11/2025;07:40:34;20;1282-20
CO2;1282;CT-CO2-0;02938df5-6afb-d44e-582d-0b5eea40f8eb;51:88:0A:9E;0;AVIÁRIO MEIO;913,00;19/11/2025;07:45:37;20;1282-20
CO2;1282;CT-CO2-0;02938df5-6afb-d44e-582d-0b5eea40f8eb;51:88:0A:9E;0;AVIÁRIO MEIO;914,00;19/11/2025;07:51:09;20;1282-20
CO2;1282;CT-CO2-0;02938df5-6afb-d44e-582d-0b5eea40f8eb;51:88:0A:9E;0;AVIÁRIO MEIO;907,00;19/11/2025;07:56:12;20;1282-20
CO2;1282;CT-CO2-0;02938df5-6afb-d44e-582d-0b5eea40f8eb;51:88:0A:9E;0;AVIÁRIO MEIO;895,00;19/11/2025;08:01:44;20;1282-20
CO2;1282;CT-CO2-0;02938df5-6afb-d44e-582d-0b5eea40f8eb;51:88:0A:9E;0;AVIÁRIO MEIO;887,00;19/11/2025;08:07:16;20;1282-20
CO2;1282;CT-CO2-0;02938df5-6afb-d44e-582d-0b5eea40f8eb;51:88:0A:9E;0;AVIÁRIO MEIO;906,00;19/11/2025;08:12:19;20;1282-20
CO2;1282;CT-CO2-0;02938df5-6afb-d44e-582d-0b5eea40f8eb;51:88:0A:9E;0;AVIÁRIO MEIO;891,00;19/11/2025;08:17:51;20;1282-20
CO2;1282;CT-CO2-0;02938df5-6afb-d44e-582d-0b5eea40f8eb;51:88:0A:9E;0;AVIÁRIO MEIO;909,00;19/11/2025;08:23:22;20;1282-20
CO2;1282;CT-CO2-0;02938df5-6afb-d44e-582d-0b5eea40f8eb;51:88:0A:9E;0;AVIÁRIO MEIO;914,00;19/11/2025;08:28:24;20;1282-20
CO2;1282;CT-CO2-0;02938df5-6afb-d44e-582d-0b5eea40f8eb;51:88:0A:9E;0;AVIÁRIO MEIO;900,00;19/11/2025;08:33:56;20;1282-20
CO2;1282;CT-CO2-0;02938df5-6afb-d44e-582d-0b5eea40f8eb;51:88:0A:9E;0;AVIÁRIO MEIO;899,00;19/11/2025;08:39:29;20;1282-20
CO2;1282;CT-CO2-0;02938df5-6afb-d44e-582d-0b5eea40f8eb;51:88:0A:9E;0;AVIÁRIO MEIO;906,00;19/11/2025;08:44:31;20;1282-20
CO2;1282;CT-CO2-0;02938df5-6afb-d44e-582d-0b5eea40f8eb;51:88:0A:9E;0;AVIÁRIO MEIO;902,00;19/11/2025;08:50:34;20;1282-20
CO2;1282;CT-CO2-0;02938df5-6afb-d44e-582d-0b5eea40f8eb;51:88:0A:9E;0;AVIÁRIO MEIO;908,00;19/11/2025;08:55:35;20;1282-20
CO2;1282;CT-CO2-0;02938df5-6afb-d44e-582d-0b5eea40f8eb;51:88:0A:9E;0;AVIÁRIO MEIO;904,00;19/11/2025;09:00:38;20;1282-20
CO2;1282;CT-CO2-0;02938df5-6afb-d44e-582d-0b5eea40f8eb;51:88:0A:9E;0;AVIÁRIO MEIO;866,00;19/11/2025;09:06:09;20;1282-20
CO2;1282;CT-CO2-0;02938df5-6afb-d44e-582d-0b5eea40f8eb;51:88:0A:9E;0;AVIÁRIO MEIO;866,00;19/11/2025;09:11:42;20;1282-20
CO2;1282;CT-CO2-0;02938df5-6afb-d44e-582d-0b5eea40f8eb;51:88:0A:9E;0;AVIÁRIO MEIO;866,00;19/11/2025;09:16:45;20;1282-20
CO2;1282;CT-CO2-0;02938df5-6afb-d44e-582d-0b5eea40f8eb;51:88:0A:9E;0;AVIÁRIO MEIO;802,00;19/11/2025;09:22:17;20;1282-20
CO2;1282;CT-CO2-0;02938df5-6afb-d44e-582d-0b5eea40f8eb;51:88:0A:9E;0;AVIÁRIO MEIO;761,00;19/11/2025;09:27:49;20;1282-20
CO2;1282;CT-CO2-0;02938df5-6afb-d44e-582d-0b5eea40f8eb;51:88:0A:9E;0;AVIÁRIO MEIO;760,00;19/11/2025;09:32:51;20;1282-20
CO2;1282;CT-CO2-0;02938df5-6afb-d44e-582d-0b5eea40f8eb;51:88:0A:9E;0;AVIÁRIO MEIO;764,00;19/11/2025;09:38:22;20;1282-20
CO2;1282;CT-CO2-0;02938df5-6afb-d44e-582d-0b5eea40f8eb;51:88:0A:9E;0;AVIÁRIO MEIO;761,00;19/11/2025;09:43:55;20;1282-20
CO2;1282;CT-CO2-0;02938df5-6afb-d44e-582d-0b5eea40f8eb;51:88:0A:9E;0;AVIÁRIO MEIO;781,00;19/11/2025;09:48:57;20;1282-20
CO2;1282;CT-CO2-0;02938df5-6afb-d44e-582d-0b5eea40f8eb;51:88:0A:9E;0;AVIÁRIO MEIO;765,00;19/11/2025;09:54:29;20;1282-20
CO2;1282;CT-CO2-0;02938df5-6afb-d44e-582d-0b5eea40f8eb;51:88:0A:9E;0;AVIÁRIO MEIO;777,00;19/11/2025;10:00:32;20;1282-20
CO2;1282;CT-CO2-0;02938df5-6afb-d44e-582d-0b5eea40f8eb;51:88:0A:9E;0;AVIÁRIO MEIO;787,00;19/11/2025;10:05:04;20;1282-20
CO2;1282;CT-CO2-0;02938df5-6afb-d44e-582d-0b5eea40f8eb;51:88:0A:9E;0;AVIÁRIO MEIO;779,00;19/11/2025;10:10:36;20;1282-20
CO2;1282;CT-CO2-0;02938df5-6afb-d44e-582d-0b5eea40f8eb;51:88:0A:9E;0;AVIÁRIO MEIO;769,00;19/11/2025;10:16:09;20;1282-20
CO2;1282;CT-CO2-0;02938df5-6afb-d44e-582d-0b5eea40f8eb;51:88:0A:9E;0;AVIÁRIO MEIO;754,00;19/11/2025;10:21:11;20;1282-20
CO2;1282;CT-CO2-0;02938df5-6afb-d44e-582d-0b5eea40f8eb;51:88:0A:9E;0;AVIÁRIO MEIO;767,00;19/11/2025;10:26:43;20;1282-20
CO2;1282;CT-CO2-0;02938df5-6afb-d44e-582d-0b5eea40f8eb;51:88:0A:9E;0;AVIÁRIO MEIO;761,00;19/11/2025;10:32:16;20;1282-20
CO2;1282;CT-CO2-0;02938df5-6afb-d44e-582d-0b5eea40f8eb;51:88:0A:9E;0;AVIÁRIO MEIO;748,00;19/11/2025;10:37:18;20;1282-20
CO2;1282;CT-CO2-0;02938df5-6afb-d44e-582d-0b5eea40f8eb;51:88:0A:9E;0;AVIÁRIO MEIO;708,00;19/11/2025;10:42:50;20;1282-20
CO2;1282;CT-CO2-0;02938df5-6afb-d44e-582d-0b5eea40f8eb;51:88:0A:9E;0;AVIÁRIO MEIO;677,00;19/11/2025;10:48:22;20;1282-20
CO2;1282;CT-CO2-0;02938df5-6afb-d44e-582d-0b5eea40f8eb;51:88:0A:9E;0;AVIÁRIO MEIO;672,00;19/11/2025;10:53:24;20;1282-20
CO2;1282;CT-CO2-0;02938df5-6afb-d44e-582d-0b5eea40f8eb;51:88:0A:9E;0;AVIÁRIO MEIO;678,00;19/11/2025;10:58:56;20;1282-20
CO2;1282;CT-CO2-0;02938df5-6afb-d44e-582d-0b5eea40f8eb;51:88:0A:9E;0;AVIÁRIO MEIO;686,00;19/11/2025;11:04:28;20;1282-20
CO2;1282;CT-CO2-0;02938df5-6afb-d44e-582d-0b5eea40f8eb;51:88:0A:9E;0;AVIÁRIO MEIO;669,00;19/11/2025;11:10:01;20;1282-20
CO2;1282;CT-CO2-0;02938df5-6afb-d44e-582d-0b5eea40f8eb;51:88:0A:9E;0;AVIÁRIO MEIO;648,00;19/11/2025;11:15:03;20;1282-20
CO2;1282;CT-CO2-0;02938df5-6afb-d44e-582d-0b5eea40f8eb;51:88:0A:9E;0;AVIÁRIO MEIO;651,00;19/11/2025;11:20:36;20;1282-20
CO2;1282;CT-CO2-0;02938df5-6afb-d44e-582d-0b5eea40f8eb;51:88:0A:9E;0;AVIÁRIO MEIO;647,00;19/11/2025;11:25:38;20;1282-20
CO2;1282;CT-CO2-0;02938df5-6afb-d44e-582d-0b5eea40f8eb;51:88:0A:9E;0;AVIÁRIO MEIO;638,00;19/11/2025;11:31:10;20;1282-20
CO2;1282;CT-CO2-0;02938df5-6afb-d44e-582d-0b5eea40f8eb;51:88:0A:9E;0;AVIÁRIO MEIO;649,00;19/11/2025;11:36:42;20;1282-20
CO2;1282;CT-CO2-0;02938df5-6afb-d44e-582d-0b5eea40f8eb;51:88:0A:9E;0;AVIÁRIO MEIO;651,00;19/11/2025;11:41:44;20;1282-20
CO2;1282;CT-CO2-0;02938df5-6afb-d44e-582d-0b5eea40f8eb;51:88:0A:9E;0;AVIÁRIO MEIO;626,00;19/11/2025;11:47:16;20;1282-20
CO2;1282;CT-CO2-0;02938df5-6afb-d44e-582d-0b5eea40f8eb;51:88:0A:9E;0;AVIÁRIO MEIO;627,00;19/11/2025;11:52:48;20;1282-20
CO2;1282;CT-CO2-0;02938df5-6afb-d44e-582d-0b5eea40f8eb;51:88:0A:9E;0;AVIÁRIO MEIO;621,00;19/11/2025;11:57:55;20;1282-20
CO2;1282;CT-CO2-0;02938df5-6afb-d44e-582d-0b5eea40f8eb;51:88:0A:9E;0;AVIÁRIO MEIO;627,00;19/11/2025;12:03:27;20;1282-20
CO2;1282;CT-CO2-0;02938df5-6afb-d44e-582d-0b5eea40f8eb;51:88:0A:9E;0;AVIÁRIO MEIO;624,00;19/11/2025;12:08:29;20;1282-20
CO2;1282;CT-CO2-0;02938df5-6afb-d44e-582d-0b5eea40f8eb;51:88:0A:9E;0;AVIÁRIO MEIO;631,00;19/11/2025;12:14:02;20;1282-20
CO2;1282;CT-CO2-0;02938df5-6afb-d44e-582d-0b5eea40f8eb;51:88:0A:9E;0;AVIÁRIO MEIO;623,00;19/11/2025;12:20:06;20;1282-20
CO2;1282;CT-CO2-0;02938df5-6afb-d44e-582d-0b5eea40f8eb;51:88:0A:9E;0;AVIÁRIO MEIO;652,00;19/11/2025;12:24:38;20;1282-20
CO2;1282;CT-CO2-0;02938df5-6afb-d44e-582d-0b5eea40f8eb;51:88:0A:9E;0;AVIÁRIO MEIO;633,00;19/11/2025;12:30:09;20;1282-20
CO2;1282;CT-CO2-0;02938df5-6afb-d44e-582d-0b5eea40f8eb;51:88:0A:9E;0;AVIÁRIO MEIO;624,00;19/11/2025;12:35:42;20;1282-20
CO2;1282;CT-CO2-0;02938df5-6afb-d44e-582d-0b5eea40f8eb;51:88:0A:9E;0;AVIÁRIO MEIO;632,00;19/11/2025;12:40:44;20;1282-20
CO2;1282;CT-CO2-0;02938df5-6afb-d44e-582d-0b5eea40f8eb;51:88:0A:9E;0;AVIÁRIO MEIO;640,00;19/11/2025;12:46:15;20;1282-20
CO2;1282;CT-CO2-0;02938df5-6afb-d44e-582d-0b5eea40f8eb;51:88:0A:9E;0;AVIÁRIO MEIO;628,00;19/11/2025;12:51:47;20;1282-20
CO2;1282;CT-CO2-0;02938df5-6afb-d44e-582d-0b5eea40f8eb;51:88:0A:9E;0;AVIÁRIO MEIO;626,00;19/11/2025;12:56:49;20;1282-20
CO2;1282;CT-CO2-0;02938df5-6afb-d44e-582d-0b5eea40f8eb;51:88:0A:9E;0;AVIÁRIO MEIO;646,00;19/11/2025;13:02:25;20;1282-20
CO2;1282;CT-CO2-0;02938df5-6afb-d44e-582d-0b5eea40f8eb;51:88:0A:9E;0;AVIÁRIO MEIO;638,00;19/11/2025;13:07:58;20;1282-20
CO2;1282;CT-CO2-0;02938df5-6afb-d44e-582d-0b5eea40f8eb;51:88:0A:9E;0;AVIÁRIO MEIO;628,00;19/11/2025;13:13:00;20;1282-20
CO2;1282;CT-CO2-0;02938df5-6afb-d44e-582d-0b5eea40f8eb;51:88:0A:9E;0;AVIÁRIO MEIO;625,00;19/11/2025;13:18:32;20;1282-20
CO2;1282;CT-CO2-0;02938df5-6afb-d44e-582d-0b5eea40f8eb;51:88:0A:9E;0;AVIÁRIO MEIO;627,00;19/11/2025;13:24:04;20;1282-20
CO2;1282;CT-CO2-0;02938df5-6afb-d44e-582d-0b5eea40f8eb;51:88:0A:9E;0;AVIÁRIO MEIO;636,00;19/11/2025;13:29:38;20;1282-20
CO2;1282;CT-CO2-0;02938df5-6afb-d44e-582d-0b5eea40f8eb;51:88:0A:9E;0;AVIÁRIO MEIO;624,00;19/11/2025;13:34:40;20;1282-20
CO2;1282;CT-CO2-0;02938df5-6afb-d44e-582d-0b5eea40f8eb;51:88:0A:9E;0;AVIÁRIO MEIO;624,00;19/11/2025;13:40:12;20;1282-20
CO2;1282;CT-CO2-0;02938df5-6afb-d44e-582d-0b5eea40f8eb;51:88:0A:9E;0;AVIÁRIO MEIO;623,00;19/11/2025;13:45:14;20;1282-20
CO2;1282;CT-CO2-0;02938df5-6afb-d44e-582d-0b5eea40f8eb;51:88:0A:9E;0;AVIÁRIO MEIO;624,00;19/11/2025;13:50:47;20;1282-20
CO2;1282;CT-CO2-0;02938df5-6afb-d44e-582d-0b5eea40f8eb;51:88:0A:9E;0;AVIÁRIO MEIO;629,00;19/11/2025;13:56:18;20;1282-20
CO2;1282;CT-CO2-0;02938df5-6afb-d44e-582d-0b5eea40f8eb;51:88:0A:9E;0;AVIÁRIO MEIO;642,00;19/11/2025;14:01:22;20;1282-20
CO2;1282;CT-CO2-0;02938df5-6afb-d44e-582d-0b5eea40f8eb;51:88:0A:9E;0;AVIÁRIO MEIO;621,00;19/11/2025;14:12:29;20;1282-20
CO2;1282;CT-CO2-0;02938df5-6afb-d44e-582d-0b5eea40f8eb;51:88:0A:9E;0;AVIÁRIO MEIO;645,00;19/11/2025;14:17:31;20;1282-20
CO2;1282;CT-CO2-0;02938df5-6afb-d44e-582d-0b5eea40f8eb;51:88:0A:9E;0;AVIÁRIO MEIO;621,00;19/11/2025;14:23:04;20;1282-20
CO2;1282;CT-CO2-0;02938df5-6afb-d44e-582d-0b5eea40f8eb;51:88:0A:9E;0;AVIÁRIO MEIO;633,00;19/11/2025;14:28:36;20;1282-20
CO2;1282;CT-CO2-0;02938df5-6afb-d44e-582d-0b5eea40f8eb;51:88:0A:9E;0;AVIÁRIO MEIO;625,00;19/11/2025;14:33:38;20;1282-20
CO2;1282;CT-CO2-0;02938df5-6afb-d44e-582d-0b5eea40f8eb;51:88:0A:9E;0;AVIÁRIO MEIO;619,00;19/11/2025;14:39:42;20;1282-20
CO2;1282;CT-CO2-0;02938df5-6afb-d44e-582d-0b5eea40f8eb;51:88:0A:9E;0;AVIÁRIO MEIO;620,00;19/11/2025;14:44:44;20;1282-20
CO2;1282;CT-CO2-0;02938df5-6afb-d44e-582d-0b5eea40f8eb;51:88:0A:9E;0;AVIÁRIO MEIO;605,00;19/11/2025;14:49:48;20;1282-20
CO2;1282;CT-CO2-0;02938df5-6afb-d44e-582d-0b5eea40f8eb;51:88:0A:9E;0;AVIÁRIO MEIO;594,00;19/11/2025;14:55:19;20;1282-20
CO2;1282;CT-CO2-0;02938df5-6afb-d44e-582d-0b5eea40f8eb;51:88:0A:9E;0;AVIÁRIO MEIO;626,00;19/11/2025;15:00:22;20;1282-20
CO2;1282;CT-CO2-0;02938df5-6afb-d44e-582d-0b5eea40f8eb;51:88:0A:9E;0;AVIÁRIO MEIO;648,00;19/11/2025;15:11:32;20;1282-20
CO2;1282;CT-CO2-0;02938df5-6afb-d44e-582d-0b5eea40f8eb;51:88:0A:9E;0;AVIÁRIO MEIO;629,00;19/11/2025;15:22:06;20;1282-20
CO2;1282;CT-CO2-0;02938df5-6afb-d44e-582d-0b5eea40f8eb;51:88:0A:9E;0;AVIÁRIO MEIO;617,00;19/11/2025;15:27:38;20;1282-20
CO2;1282;CT-CO2-0;02938df5-6afb-d44e-582d-0b5eea40f8eb;51:88:0A:9E;0;AVIÁRIO MEIO;607,00;19/11/2025;15:32:40;20;1282-20
CO2;1282;CT-CO2-0;02938df5-6afb-d44e-582d-0b5eea40f8eb;51:88:0A:9E;0;AVIÁRIO MEIO;629,00;19/11/2025;15:38:11;20;1282-20
CO2;1282;CT-CO2-0;02938df5-6afb-d44e-582d-0b5eea40f8eb;51:88:0A:9E;0;AVIÁRIO MEIO;621,00;19/11/2025;15:43:43;20;1282-20
CO2;1282;CT-CO2-0;02938df5-6afb-d44e-582d-0b5eea40f8eb;51:88:0A:9E;0;AVIÁRIO MEIO;630,00;19/11/2025;15:49:17;20;1282-20
CO2;1282;CT-CO2-0;02938df5-6afb-d44e-582d-0b5eea40f8eb;51:88:0A:9E;0;AVIÁRIO MEIO;635,00;19/11/2025;15:54:19;20;1282-20
CO2;1282;CT-CO2-0;02938df5-6afb-d44e-582d-0b5eea40f8eb;51:88:0A:9E;0;AVIÁRIO MEIO;626,00;19/11/2025;15:59:52;20;1282-20
CO2;1282;CT-CO2-0;02938df5-6afb-d44e-582d-0b5eea40f8eb;51:88:0A:9E;0;AVIÁRIO MEIO;618,00;19/11/2025;16:04:55;20;1282-20
CO2;1282;CT-CO2-0;02938df5-6afb-d44e-582d-0b5eea40f8eb;51:88:0A:9E;0;AVIÁRIO MEIO;610,00;19/11/2025;16:10:27;20;1282-20
CO2;1282;CT-CO2-0;02938df5-6afb-d44e-582d-0b5eea40f8eb;51:88:0A:9E;0;AVIÁRIO MEIO;629,00;19/11/2025;16:15:59;20;1282-20
CO2;1282;CT-CO2-0;02938df5-6afb-d44e-582d-0b5eea40f8eb;51:88:0A:9E;0;AVIÁRIO MEIO;631,00;19/11/2025;16:21:01;20;1282-20
CO2;1282;CT-CO2-0;02938df5-6afb-d44e-582d-0b5eea40f8eb;51:88:0A:9E;0;AVIÁRIO MEIO;637,00;19/11/2025;16:32:04;20;1282-20
CO2;1282;CT-CO2-0;02938df5-6afb-d44e-582d-0b5eea40f8eb;51:88:0A:9E;0;AVIÁRIO MEIO;630,00;19/11/2025;16:37:07;20;1282-20
CO2;1282;CT-CO2-0;02938df5-6afb-d44e-582d-0b5eea40f8eb;51:88:0A:9E;0;AVIÁRIO MEIO;644,00;19/11/2025;16:42:39;20;1282-20
CO2;1282;CT-CO2-0;02938df5-6afb-d44e-582d-0b5eea40f8eb;51:88:0A:9E;0;AVIÁRIO MEIO;632,00;19/11/2025;16:48:11;20;1282-20
CO2;1282;CT-CO2-0;02938df5-6afb-d44e-582d-0b5eea40f8eb;51:88:0A:9E;0;AVIÁRIO MEIO;635,00;19/11/2025;16:53:12;20;1282-20
CO2;1282;CT-CO2-0;02938df5-6afb-d44e-582d-0b5eea40f8eb;51:88:0A:9E;0;AVIÁRIO MEIO;644,00;19/11/2025;16:59:17;20;1282-20
CO2;1282;CT-CO2-0;02938df5-6afb-d44e-582d-0b5eea40f8eb;51:88:0A:9E;0;AVIÁRIO MEIO;647,00;19/11/2025;17:04:19;20;1282-20
CO2;1282;CT-CO2-0;02938df5-6afb-d44e-582d-0b5eea40f8eb;51:88:0A:9E;0;AVIÁRIO MEIO;641,00;19/11/2025;17:09:21;20;1282-20
CO2;1282;CT-CO2-0;02938df5-6afb-d44e-582d-0b5eea40f8eb;51:88:0A:9E;0;AVIÁRIO MEIO;634,00;19/11/2025;17:14:53;20;1282-20
CO2;1282;CT-CO2-0;02938df5-6afb-d44e-582d-0b5eea40f8eb;51:88:0A:9E;0;AVIÁRIO MEIO;636,00;19/11/2025;17:20:25;20;1282-20
CO2;1282;CT-CO2-0;02938df5-6afb-d44e-582d-0b5eea40f8eb;51:88:0A:9E;0;AVIÁRIO MEIO;630,00;19/11/2025;17:25:27;20;1282-20
CO2;1282;CT-CO2-0;02938df5-6afb-d44e-582d-0b5eea40f8eb;51:88:0A:9E;0;AVIÁRIO MEIO;636,00;19/11/2025;17:30:59;20;1282-20
CO2;1282;CT-CO2-0;02938df5-6afb-d44e-582d-0b5eea40f8eb;51:88:0A:9E;0;AVIÁRIO MEIO;630,00;19/11/2025;17:36:32;20;1282-20
CO2;1282;CT-CO2-0;02938df5-6afb-d44e-582d-0b5eea40f8eb;51:88:0A:9E;0;AVIÁRIO MEIO;626,00;19/11/2025;17:47:06;20;1282-20
CO2;1282;CT-CO2-0;02938df5-6afb-d44e-582d-0b5eea40f8eb;51:88:0A:9E;0;AVIÁRIO MEIO;625,00;19/11/2025;17:52:37;20;1282-20
CO2;1282;CT-CO2-0;02938df5-6afb-d44e-582d-0b5eea40f8eb;51:88:0A:9E;0;AVIÁRIO MEIO;627,00;19/11/2025;17:57:39;20;1282-20
CO2;1282;CT-CO2-0;02938df5-6afb-d44e-582d-0b5eea40f8eb;51:88:0A:9E;0;AVIÁRIO MEIO;626,00;19/11/2025;18:03:11;20;1282-20
CO2;1282;CT-CO2-0;02938df5-6afb-d44e-582d-0b5eea40f8eb;51:88:0A:9E;0;AVIÁRIO MEIO;627,00;19/11/2025;18:09:15;20;1282-20
CO2;1282;CT-CO2-0;02938df5-6afb-d44e-582d-0b5eea40f8eb;51:88:0A:9E;0;AVIÁRIO MEIO;644,00;19/11/2025;18:13:47;20;1282-20
CO2;1282;CT-CO2-0;02938df5-6afb-d44e-582d-0b5eea40f8eb;51:88:0A:9E;0;AVIÁRIO MEIO;636,00;19/11/2025;18:19:18;20;1282-20
CO2;1282;CT-CO2-0;02938df5-6afb-d44e-582d-0b5eea40f8eb;51:88:0A:9E;0;AVIÁRIO MEIO;653,00;19/11/2025;18:24:51;20;1282-20
CO2;1282;CT-CO2-0;02938df5-6afb-d44e-582d-0b5eea40f8eb;51:88:0A:9E;0;AVIÁRIO MEIO;670,00;19/11/2025;18:29:54;20;1282-20
CO2;1282;CT-CO2-0;02938df5-6afb-d44e-582d-0b5eea40f8eb;51:88:0A:9E;0;AVIÁRIO MEIO;683,00;19/11/2025;18:35:27;20;1282-20
CO2;1282;CT-CO2-0;02938df5-6afb-d44e-582d-0b5eea40f8eb;51:88:0A:9E;0;AVIÁRIO MEIO;679,00;19/11/2025;18:40:29;20;1282-20
CO2;1282;CT-CO2-0;02938df5-6afb-d44e-582d-0b5eea40f8eb;51:88:0A:9E;0;AVIÁRIO MEIO;658,00;19/11/2025;18:46:02;20;1282-20
CO2;1282;CT-CO2-0;02938df5-6afb-d44e-582d-0b5eea40f8eb;51:88:0A:9E;0;AVIÁRIO MEIO;657,00;19/11/2025;18:51:34;20;1282-20
CO2;1282;CT-CO2-0;02938df5-6afb-d44e-582d-0b5eea40f8eb;51:88:0A:9E;0;AVIÁRIO MEIO;694,00;19/11/2025;19:02:09;20;1282-20
CO2;1282;CT-CO2-0;02938df5-6afb-d44e-582d-0b5eea40f8eb;51:88:0A:9E;0;AVIÁRIO MEIO;710,00;19/11/2025;19:07:42;20;1282-20
CO2;1282;CT-CO2-0;02938df5-6afb-d44e-582d-0b5eea40f8eb;51:88:0A:9E;0;AVIÁRIO MEIO;719,00;19/11/2025;19:12:44;20;1282-20
CO2;1282;CT-CO2-0;02938df5-6afb-d44e-582d-0b5eea40f8eb;51:88:0A:9E;0;AVIÁRIO MEIO;709,00;19/11/2025;19:18:48;20;1282-20
CO2;1282;CT-CO2-0;02938df5-6afb-d44e-582d-0b5eea40f8eb;51:88:0A:9E;0;AVIÁRIO MEIO;722,00;19/11/2025;19:23:50;20;1282-20
CO2;1282;CT-CO2-0;02938df5-6afb-d44e-582d-0b5eea40f8eb;51:88:0A:9E;0;AVIÁRIO MEIO;728,00;19/11/2025;19:28:52;20;1282-20
CO2;1282;CT-CO2-0;02938df5-6afb-d44e-582d-0b5eea40f8eb;51:88:0A:9E;0;AVIÁRIO MEIO;739,00;19/11/2025;19:34:24;20;1282-20
CO2;1282;CT-CO2-0;02938df5-6afb-d44e-582d-0b5eea40f8eb;51:88:0A:9E;0;AVIÁRIO MEIO;728,00;19/11/2025;19:39:57;20;1282-20
CO2;1282;CT-CO2-0;02938df5-6afb-d44e-582d-0b5eea40f8eb;51:88:0A:9E;0;AVIÁRIO MEIO;763,00;19/11/2025;19:44:59;20;1282-20
CO2;1282;CT-CO2-0;02938df5-6afb-d44e-582d-0b5eea40f8eb;51:88:0A:9E;0;AVIÁRIO MEIO;757,00;19/11/2025;19:50:32;20;1282-20
CO2;1282;CT-CO2-0;02938df5-6afb-d44e-582d-0b5eea40f8eb;51:88:0A:9E;0;AVIÁRIO MEIO;771,00;19/11/2025;19:56:04;20;1282-20
CO2;1282;CT-CO2-0;02938df5-6afb-d44e-582d-0b5eea40f8eb;51:88:0A:9E;0;AVIÁRIO MEIO;759,00;19/11/2025;20:01:06;20;1282-20
CO2;1282;CT-CO2-0;02938df5-6afb-d44e-582d-0b5eea40f8eb;51:88:0A:9E;0;AVIÁRIO MEIO;763,00;19/11/2025;20:12:12;20;1282-20
CO2;1282;CT-CO2-0;02938df5-6afb-d44e-582d-0b5eea40f8eb;51:88:0A:9E;0;AVIÁRIO MEIO;757,00;19/11/2025;20:17:14;20;1282-20
CO2;1282;CT-CO2-0;02938df5-6afb-d44e-582d-0b5eea40f8eb;51:88:0A:9E;0;AVIÁRIO MEIO;753,00;19/11/2025;20:22:46;20;1282-20
CO2;1282;CT-CO2-0;02938df5-6afb-d44e-582d-0b5eea40f8eb;51:88:0A:9E;0;AVIÁRIO MEIO;750,00;19/11/2025;20:28:50;20;1282-20
CO2;1282;CT-CO2-0;02938df5-6afb-d44e-582d-0b5eea40f8eb;51:88:0A:9E;0;AVIÁRIO MEIO;772,00;19/11/2025;20:33:22;20;1282-20
CO2;1282;CT-CO2-0;02938df5-6afb-d44e-582d-0b5eea40f8eb;51:88:0A:9E;0;AVIÁRIO MEIO;763,00;19/11/2025;20:38:56;20;1282-20
CO2;1282;CT-CO2-0;02938df5-6afb-d44e-582d-0b5eea40f8eb;51:88:0A:9E;0;AVIÁRIO MEIO;761,00;19/11/2025;20:44:29;20;1282-20
CO2;1282;CT-CO2-0;02938df5-6afb-d44e-582d-0b5eea40f8eb;51:88:0A:9E;0;AVIÁRIO MEIO;758,00;19/11/2025;20:49:30;20;1282-20
CO2;1282;CT-CO2-0;02938df5-6afb-d44e-582d-0b5eea40f8eb;51:88:0A:9E;0;AVIÁRIO MEIO;763,00;19/11/2025;20:55:02;20;1282-20
CO2;1282;CT-CO2-0;02938df5-6afb-d44e-582d-0b5eea40f8eb;51:88:0A:9E;0;AVIÁRIO MEIO;756,00;19/11/2025;21:00:34;20;1282-20
CO2;1282;CT-CO2-0;02938df5-6afb-d44e-582d-0b5eea40f8eb;51:88:0A:9E;0;AVIÁRIO MEIO;737,00;19/11/2025;21:06:06;20;1282-20
CO2;1282;CT-CO2-0;02938df5-6afb-d44e-582d-0b5eea40f8eb;51:88:0A:9E;0;AVIÁRIO MEIO;732,00;19/11/2025;21:16:50;20;1282-20
CO2;1282;CT-CO2-0;02938df5-6afb-d44e-582d-0b5eea40f8eb;51:88:0A:9E;0;AVIÁRIO MEIO;732,00;19/11/2025;21:22:24;20;1282-20
CO2;1282;CT-CO2-0;02938df5-6afb-d44e-582d-0b5eea40f8eb;51:88:0A:9E;0;AVIÁRIO MEIO;732,00;19/11/2025;21:27:55;20;1282-20
CO2;1282;CT-CO2-0;02938df5-6afb-d44e-582d-0b5eea40f8eb;51:88:0A:9E;0;AVIÁRIO MEIO;723,00;19/11/2025;21:32:57;20;1282-20
CO2;1282;CT-CO2-0;02938df5-6afb-d44e-582d-0b5eea40f8eb;51:88:0A:9E;0;AVIÁRIO MEIO;728,00;19/11/2025;21:39:02;20;1282-20
CO2;1282;CT-CO2-0;02938df5-6afb-d44e-582d-0b5eea40f8eb;51:88:0A:9E;0;AVIÁRIO MEIO;738,00;19/11/2025;21:44:03;20;1282-20
CO2;1282;CT-CO2-0;02938df5-6afb-d44e-582d-0b5eea40f8eb;51:88:0A:9E;0;AVIÁRIO MEIO;859,00;19/11/2025;21:49:06;20;1282-20
CO2;1282;CT-CO2-0;02938df5-6afb-d44e-582d-0b5eea40f8eb;51:88:0A:9E;0;AVIÁRIO MEIO;883,00;19/11/2025;21:54:38;20;1282-20
CO2;1282;CT-CO2-0;02938df5-6afb-d44e-582d-0b5eea40f8eb;51:88:0A:9E;0;AVIÁRIO MEIO;890,00;19/11/2025;22:00:11;20;1282-20
CO2;1282;CT-CO2-0;02938df5-6afb-d44e-582d-0b5eea40f8eb;51:88:0A:9E;0;AVIÁRIO MEIO;913,00;19/11/2025;22:05:13;20;1282-20
CO2;1282;CT-CO2-0;02938df5-6afb-d44e-582d-0b5eea40f8eb;51:88:0A:9E;0;AVIÁRIO MEIO;945,00;19/11/2025;22:10:55;20;1282-20
CO2;1282;CT-CO2-0;02938df5-6afb-d44e-582d-0b5eea40f8eb;51:88:0A:9E;0;AVIÁRIO MEIO;923,00;19/11/2025;22:15:57;20;1282-20
CO2;1282;CT-CO2-0;02938df5-6afb-d44e-582d-0b5eea40f8eb;51:88:0A:9E;0;AVIÁRIO MEIO;916,00;19/11/2025;22:21:32;20;1282-20
CO2;1282;CT-CO2-0;02938df5-6afb-d44e-582d-0b5eea40f8eb;51:88:0A:9E;0;AVIÁRIO MEIO;903,00;19/11/2025;22:27:04;20;1282-20
CO2;1282;CT-CO2-0;02938df5-6afb-d44e-582d-0b5eea40f8eb;51:88:0A:9E;0;AVIÁRIO MEIO;886,00;19/11/2025;22:32:06;20;1282-20
CO2;1282;CT-CO2-0;02938df5-6afb-d44e-582d-0b5eea40f8eb;51:88:0A:9E;0;AVIÁRIO MEIO;888,00;19/11/2025;22:37:38;20;1282-20
CO2;1282;CT-CO2-0;02938df5-6afb-d44e-582d-0b5eea40f8eb;51:88:0A:9E;0;AVIÁRIO MEIO;884,00;19/11/2025;22:43:12;20;1282-20
CO2;1282;CT-CO2-0;02938df5-6afb-d44e-582d-0b5eea40f8eb;51:88:0A:9E;0;AVIÁRIO MEIO;876,00;19/11/2025;22:48:48;20;1282-20
CO2;1282;CT-CO2-0;02938df5-6afb-d44e-582d-0b5eea40f8eb;51:88:0A:9E;0;AVIÁRIO MEIO;875,00;19/11/2025;22:53:50;20;1282-20
CO2;1282;CT-CO2-0;02938df5-6afb-d44e-582d-0b5eea40f8eb;51:88:0A:9E;0;AVIÁRIO MEIO;886,00;19/11/2025;22:58:52;20;1282-20
CO2;1282;CT-CO2-0;02938df5-6afb-d44e-582d-0b5eea40f8eb;51:88:0A:9E;0;AVIÁRIO MEIO;873,00;19/11/2025;23:06:01;20;1282-20
CO2;1282;CT-CO2-0;02938df5-6afb-d44e-582d-0b5eea40f8eb;51:88:0A:9E;0;AVIÁRIO MEIO;876,00;19/11/2025;23:09:33;20;1282-20
CO2;1282;CT-CO2-0;02938df5-6afb-d44e-582d-0b5eea40f8eb;51:88:0A:9E;0;AVIÁRIO MEIO;883,00;19/11/2025;23:15:06;20;1282-20
CO2;1282;CT-CO2-0;02938df5-6afb-d44e-582d-0b5eea40f8eb;51:88:0A:9E;0;AVIÁRIO MEIO;861,00;19/11/2025;23:20:38;20;1282-20
CO2;1282;CT-CO2-0;02938df5-6afb-d44e-582d-0b5eea40f8eb;51:88:0A:9E;0;AVIÁRIO MEIO;876,00;19/11/2025;23:25:40;20;1282-20
CO2;1282;CT-CO2-0;02938df5-6afb-d44e-582d-0b5eea40f8eb;51:88:0A:9E;0;AVIÁRIO MEIO;846,00;19/11/2025;23:31:12;20;1282-20
CO2;1282;CT-CO2-0;02938df5-6afb-d44e-582d-0b5eea40f8eb;51:88:0A:9E;0;AVIÁRIO MEIO;864,00;19/11/2025;23:36:45;20;1282-20
CO2;1282;CT-CO2-0;02938df5-6afb-d44e-582d-0b5eea40f8eb;51:88:0A:9E;0;AVIÁRIO MEIO;878,00;19/11/2025;23:41:47;20;1282-20
CO2;1282;CT-CO2-0;02938df5-6afb-d44e-582d-0b5eea40f8eb;51:88:0A:9E;0;AVIÁRIO MEIO;874,00;19/11/2025;23:47:19;20;1282-20
CO2;1282;CT-CO2-0;02938df5-6afb-d44e-582d-0b5eea40f8eb;51:88:0A:9E;0;AVIÁRIO MEIO;868,00;19/11/2025;23:52:51;20;1282-20
CO2;1282;CT-CO2-0;02938df5-6afb-d44e-582d-0b5eea40f8eb;51:88:0A:9E;0;AVIÁRIO MEIO;869,00;19/11/2025;23:57:55;20;1282-20
CO2;1282;CT-CO2-0;02938df5-6afb-d44e-582d-0b5eea40f8eb;51:88:0A:9E;0;AVIÁRIO MEIO;867,00;20/11/2025;00:03:28;20;1282-20
CO2;1282;CT-CO2-0;02938df5-6afb-d44e-582d-0b5eea40f8eb;51:88:0A:9E;0;AVIÁRIO MEIO;878,00;20/11/2025;00:08:59;20;1282-20
CO2;1282;CT-CO2-0;02938df5-6afb-d44e-582d-0b5eea40f8eb;51:88:0A:9E;0;AVIÁRIO MEIO;878,00;20/11/2025;00:14:34;20;1282-20
CO2;1282;CT-CO2-0;02938df5-6afb-d44e-582d-0b5eea40f8eb;51:88:0A:9E;0;AVIÁRIO MEIO;884,00;20/11/2025;00:19:35;20;1282-20
CO2;1282;CT-CO2-0;02938df5-6afb-d44e-582d-0b5eea40f8eb;51:88:0A:9E;0;AVIÁRIO MEIO;947,00;20/11/2025;00:25:08;20;1282-20
CO2;1282;CT-CO2-0;02938df5-6afb-d44e-582d-0b5eea40f8eb;51:88:0A:9E;0;AVIÁRIO MEIO;874,00;20/11/2025;00:30:10;20;1282-20
CO2;1282;CT-CO2-0;02938df5-6afb-d44e-582d-0b5eea40f8eb;51:88:0A:9E;0;AVIÁRIO MEIO;883,00;20/11/2025;00:35:42;20;1282-20
CO2;1282;CT-CO2-0;02938df5-6afb-d44e-582d-0b5eea40f8eb;51:88:0A:9E;0;AVIÁRIO MEIO;869,00;20/11/2025;00:41:15;20;1282-20
CO2;1282;CT-CO2-0;02938df5-6afb-d44e-582d-0b5eea40f8eb;51:88:0A:9E;0;AVIÁRIO MEIO;867,00;20/11/2025;00:46:16;20;1282-20
CO2;1282;CT-CO2-0;02938df5-6afb-d44e-582d-0b5eea40f8eb;51:88:0A:9E;0;AVIÁRIO MEIO;853,00;20/11/2025;00:51:48;20;1282-20
CO2;1282;CT-CO2-0;02938df5-6afb-d44e-582d-0b5eea40f8eb;51:88:0A:9E;0;AVIÁRIO MEIO;848,00;20/11/2025;00:57:20;20;1282-20
CO2;1282;CT-CO2-0;02938df5-6afb-d44e-582d-0b5eea40f8eb;51:88:0A:9E;0;AVIÁRIO MEIO;855,00;20/11/2025;01:02:24;20;1282-20
CO2;1282;CT-CO2-0;02938df5-6afb-d44e-582d-0b5eea40f8eb;51:88:0A:9E;0;AVIÁRIO MEIO;864,00;20/11/2025;01:07:56;20;1282-20
CO2;1282;CT-CO2-0;02938df5-6afb-d44e-582d-0b5eea40f8eb;51:88:0A:9E;0;AVIÁRIO MEIO;846,00;20/11/2025;01:13:28;20;1282-20
CO2;1282;CT-CO2-0;02938df5-6afb-d44e-582d-0b5eea40f8eb;51:88:0A:9E;0;AVIÁRIO MEIO;846,00;20/11/2025;01:18:30;20;1282-20
CO2;1282;CT-CO2-0;02938df5-6afb-d44e-582d-0b5eea40f8eb;51:88:0A:9E;0;AVIÁRIO MEIO;851,00;20/11/2025;01:24:35;20;1282-20
CO2;1282;CT-CO2-0;02938df5-6afb-d44e-582d-0b5eea40f8eb;51:88:0A:9E;0;AVIÁRIO MEIO;857,00;20/11/2025;01:29:36;20;1282-20
CO2;1282;CT-CO2-0;02938df5-6afb-d44e-582d-0b5eea40f8eb;51:88:0A:9E;0;AVIÁRIO MEIO;864,00;20/11/2025;01:34:38;20;1282-20
CO2;1282;CT-CO2-0;02938df5-6afb-d44e-582d-0b5eea40f8eb;51:88:0A:9E;0;AVIÁRIO MEIO;861,00;20/11/2025;01:40:10;20;1282-20
CO2;1282;CT-CO2-0;02938df5-6afb-d44e-582d-0b5eea40f8eb;51:88:0A:9E;0;AVIÁRIO MEIO;855,00;20/11/2025;01:45:42;20;1282-20
CO2;1282;CT-CO2-0;02938df5-6afb-d44e-582d-0b5eea40f8eb;51:88:0A:9E;0;AVIÁRIO MEIO;863,00;20/11/2025;01:50:44;20;1282-20
CO2;1282;CT-CO2-0;02938df5-6afb-d44e-582d-0b5eea40f8eb;51:88:0A:9E;0;AVIÁRIO MEIO;851,00;20/11/2025;01:56:16;20;1282-20
CO2;1282;CT-CO2-0;02938df5-6afb-d44e-582d-0b5eea40f8eb;51:88:0A:9E;0;AVIÁRIO MEIO;854,00;20/11/2025;02:01:49;20;1282-20
CO2;1282;CT-CO2-0;02938df5-6afb-d44e-582d-0b5eea40f8eb;51:88:0A:9E;0;AVIÁRIO MEIO;857,00;20/11/2025;02:06:52;20;1282-20
CO2;1282;CT-CO2-0;02938df5-6afb-d44e-582d-0b5eea40f8eb;51:88:0A:9E;0;AVIÁRIO MEIO;865,00;20/11/2025;02:12:24;20;1282-20
CO2;1282;CT-CO2-0;02938df5-6afb-d44e-582d-0b5eea40f8eb;51:88:0A:9E;0;AVIÁRIO MEIO;869,00;20/11/2025;02:17:56;20;1282-20
CO2;1282;CT-CO2-0;02938df5-6afb-d44e-582d-0b5eea40f8eb;51:88:0A:9E;0;AVIÁRIO MEIO;848,00;20/11/2025;02:22:58;20;1282-20
CO2;1282;CT-CO2-0;02938df5-6afb-d44e-582d-0b5eea40f8eb;51:88:0A:9E;0;AVIÁRIO MEIO;854,00;20/11/2025;02:28:30;20;1282-20
CO2;1282;CT-CO2-0;02938df5-6afb-d44e-582d-0b5eea40f8eb;51:88:0A:9E;0;AVIÁRIO MEIO;866,00;20/11/2025;02:34:32;20;1282-20
CO2;1282;CT-CO2-0;02938df5-6afb-d44e-582d-0b5eea40f8eb;51:88:0A:9E;0;AVIÁRIO MEIO;854,00;20/11/2025;02:39:05;20;1282-20
CO2;1282;CT-CO2-0;02938df5-6afb-d44e-582d-0b5eea40f8eb;51:88:0A:9E;0;AVIÁRIO MEIO;861,00;20/11/2025;02:44:36;20;1282-20
CO2;1282;CT-CO2-0;02938df5-6afb-d44e-582d-0b5eea40f8eb;51:88:0A:9E;0;AVIÁRIO MEIO;848,00;20/11/2025;02:50:09;20;1282-20
CO2;1282;CT-CO2-0;02938df5-6afb-d44e-582d-0b5eea40f8eb;51:88:0A:9E;0;AVIÁRIO MEIO;853,00;20/11/2025;02:55:12;20;1282-20
CO2;1282;CT-CO2-0;02938df5-6afb-d44e-582d-0b5eea40f8eb;51:88:0A:9E;0;AVIÁRIO MEIO;861,00;20/11/2025;03:00:44;20;1282-20
CO2;1282;CT-CO2-0;02938df5-6afb-d44e-582d-0b5eea40f8eb;51:88:0A:9E;0;AVIÁRIO MEIO;857,00;20/11/2025;03:06:16;20;1282-20
CO2;1282;CT-CO2-0;02938df5-6afb-d44e-582d-0b5eea40f8eb;51:88:0A:9E;0;AVIÁRIO MEIO;883,00;20/11/2025;03:11:23;20;1282-20
CO2;1282;CT-CO2-0;02938df5-6afb-d44e-582d-0b5eea40f8eb;51:88:0A:9E;0;AVIÁRIO MEIO;856,00;20/11/2025;03:16:59;20;1282-20
CO2;1282;CT-CO2-0;02938df5-6afb-d44e-582d-0b5eea40f8eb;51:88:0A:9E;0;AVIÁRIO MEIO;840,00;20/11/2025;03:22:02;20;1282-20
CO2;1282;CT-CO2-0;02938df5-6afb-d44e-582d-0b5eea40f8eb;51:88:0A:9E;0;AVIÁRIO MEIO;845,00;20/11/2025;03:27:33;20;1282-20
CO2;1282;CT-CO2-0;02938df5-6afb-d44e-582d-0b5eea40f8eb;51:88:0A:9E;0;AVIÁRIO MEIO;839,00;20/11/2025;03:33:06;20;1282-20
CO2;1282;CT-CO2-0;02938df5-6afb-d44e-582d-0b5eea40f8eb;51:88:0A:9E;0;AVIÁRIO MEIO;836,00;20/11/2025;03:38:08;20;1282-20
CO2;1282;CT-CO2-0;02938df5-6afb-d44e-582d-0b5eea40f8eb;51:88:0A:9E;0;AVIÁRIO MEIO;839,00;20/11/2025;03:44:11;20;1282-20
CO2;1282;CT-CO2-0;02938df5-6afb-d44e-582d-0b5eea40f8eb;51:88:0A:9E;0;AVIÁRIO MEIO;837,00;20/11/2025;03:49:13;20;1282-20
CO2;1282;CT-CO2-0;02938df5-6afb-d44e-582d-0b5eea40f8eb;51:88:0A:9E;0;AVIÁRIO MEIO;858,00;20/11/2025;03:54:17;20;1282-20
CO2;1282;CT-CO2-0;02938df5-6afb-d44e-582d-0b5eea40f8eb;51:88:0A:9E;0;AVIÁRIO MEIO;855,00;20/11/2025;03:59:49;20;1282-20
CO2;1282;CT-CO2-0;02938df5-6afb-d44e-582d-0b5eea40f8eb;51:88:0A:9E;0;AVIÁRIO MEIO;867,00;20/11/2025;04:04:51;20;1282-20
CO2;1282;CT-CO2-0;02938df5-6afb-d44e-582d-0b5eea40f8eb;51:88:0A:9E;0;AVIÁRIO MEIO;887,00;20/11/2025;04:10:23;20;1282-20
CO2;1282;CT-CO2-0;02938df5-6afb-d44e-582d-0b5eea40f8eb;51:88:0A:9E;0;AVIÁRIO MEIO;892,00;20/11/2025;04:15:56;20;1282-20
CO2;1282;CT-CO2-0;02938df5-6afb-d44e-582d-0b5eea40f8eb;51:88:0A:9E;0;AVIÁRIO MEIO;896,00;20/11/2025;04:20:58;20;1282-20
CO2;1282;CT-CO2-0;02938df5-6afb-d44e-582d-0b5eea40f8eb;51:88:0A:9E;0;AVIÁRIO MEIO;864,00;20/11/2025;04:32:02;20;1282-20
CO2;1282;CT-CO2-0;02938df5-6afb-d44e-582d-0b5eea40f8eb;51:88:0A:9E;0;AVIÁRIO MEIO;882,00;20/11/2025;04:37:03;20;1282-20
CO2;1282;CT-CO2-0;02938df5-6afb-d44e-582d-0b5eea40f8eb;51:88:0A:9E;0;AVIÁRIO MEIO;890,00;20/11/2025;04:42:35;20;1282-20
CO2;1282;CT-CO2-0;02938df5-6afb-d44e-582d-0b5eea40f8eb;51:88:0A:9E;0;AVIÁRIO MEIO;883,00;20/11/2025;04:48:07;20;1282-20
CO2;1282;CT-CO2-0;02938df5-6afb-d44e-582d-0b5eea40f8eb;51:88:0A:9E;0;AVIÁRIO MEIO;874,00;20/11/2025;04:53:41;20;1282-20
CO2;1282;CT-CO2-0;02938df5-6afb-d44e-582d-0b5eea40f8eb;51:88:0A:9E;0;AVIÁRIO MEIO;856,00;20/11/2025;04:58:43;20;1282-20
CO2;1282;CT-CO2-0;02938df5-6afb-d44e-582d-0b5eea40f8eb;51:88:0A:9E;0;AVIÁRIO MEIO;842,00;20/11/2025;05:04:15;20;1282-20
CO2;1282;CT-CO2-0;02938df5-6afb-d44e-582d-0b5eea40f8eb;51:88:0A:9E;0;AVIÁRIO MEIO;843,00;20/11/2025;05:09:17;20;1282-20
CO2;1282;CT-CO2-0;02938df5-6afb-d44e-582d-0b5eea40f8eb;51:88:0A:9E;0;AVIÁRIO MEIO;849,00;20/11/2025;05:14:49;20;1282-20
CO2;1282;CT-CO2-0;02938df5-6afb-d44e-582d-0b5eea40f8eb;51:88:0A:9E;0;AVIÁRIO MEIO;855,00;20/11/2025;05:20:22;20;1282-20
CO2;1282;CT-CO2-0;02938df5-6afb-d44e-582d-0b5eea40f8eb;51:88:0A:9E;0;AVIÁRIO MEIO;877,00;20/11/2025;05:25:24;20;1282-20
CO2;1282;CT-CO2-0;02938df5-6afb-d44e-582d-0b5eea40f8eb;51:88:0A:9E;0;AVIÁRIO MEIO;873,00;20/11/2025;05:30:56;20;1282-20
CO2;1282;CT-CO2-0;02938df5-6afb-d44e-582d-0b5eea40f8eb;51:88:0A:9E;0;AVIÁRIO MEIO;901,00;20/11/2025;05:36:30;20;1282-20
CO2;1282;CT-CO2-0;02938df5-6afb-d44e-582d-0b5eea40f8eb;51:88:0A:9E;0;AVIÁRIO MEIO;894,00;20/11/2025;05:47:04;20;1282-20
CO2;1282;CT-CO2-0;02938df5-6afb-d44e-582d-0b5eea40f8eb;51:88:0A:9E;0;AVIÁRIO MEIO;887,00;20/11/2025;05:52:36;20;1282-20
CO2;1282;CT-CO2-0;02938df5-6afb-d44e-582d-0b5eea40f8eb;51:88:0A:9E;0;AVIÁRIO MEIO;879,00;20/11/2025;05:57:38;20;1282-20
CO2;1282;CT-CO2-0;02938df5-6afb-d44e-582d-0b5eea40f8eb;51:88:0A:9E;0;AVIÁRIO MEIO;891,00;20/11/2025;06:03:42;20;1282-20
CO2;1282;CT-CO2-0;02938df5-6afb-d44e-582d-0b5eea40f8eb;51:88:0A:9E;0;AVIÁRIO MEIO;901,00;20/11/2025;06:08:46;20;1282-20
CO2;1282;CT-CO2-0;02938df5-6afb-d44e-582d-0b5eea40f8eb;51:88:0A:9E;0;AVIÁRIO MEIO;889,00;20/11/2025;06:13:47;20;1282-20
CO2;1282;CT-CO2-0;02938df5-6afb-d44e-582d-0b5eea40f8eb;51:88:0A:9E;0;AVIÁRIO MEIO;932,00;20/11/2025;06:19:19;20;1282-20
CO2;1282;CT-CO2-0;02938df5-6afb-d44e-582d-0b5eea40f8eb;51:88:0A:9E;0;AVIÁRIO MEIO;903,00;20/11/2025;06:24:51;20;1282-20
CO2;1282;CT-CO2-0;02938df5-6afb-d44e-582d-0b5eea40f8eb;51:88:0A:9E;0;AVIÁRIO MEIO;918,00;20/11/2025;06:29:53;20;1282-20
CO2;1282;CT-CO2-0;02938df5-6afb-d44e-582d-0b5eea40f8eb;51:88:0A:9E;0;AVIÁRIO MEIO;920,00;20/11/2025;06:35:24;20;1282-20
CO2;1282;CT-CO2-0;02938df5-6afb-d44e-582d-0b5eea40f8eb;51:88:0A:9E;0;AVIÁRIO MEIO;940,00;20/11/2025;06:40:59;20;1282-20
CO2;1282;CT-CO2-0;02938df5-6afb-d44e-582d-0b5eea40f8eb;51:88:0A:9E;0;AVIÁRIO MEIO;936,00;20/11/2025;06:46:00;20;1282-20
CO2;1282;CT-CO2-0;02938df5-6afb-d44e-582d-0b5eea40f8eb;51:88:0A:9E;0;AVIÁRIO MEIO;925,00;20/11/2025;06:57:05;20;1282-20
CO2;1282;CT-CO2-0;02938df5-6afb-d44e-582d-0b5eea40f8eb;51:88:0A:9E;0;AVIÁRIO MEIO;931,00;20/11/2025;07:02:13;20;1282-20
CO2;1282;CT-CO2-0;02938df5-6afb-d44e-582d-0b5eea40f8eb;51:88:0A:9E;0;AVIÁRIO MEIO;929,00;20/11/2025;07:07:46;20;1282-20
CO2;1282;CT-CO2-0;02938df5-6afb-d44e-582d-0b5eea40f8eb;51:88:0A:9E;0;AVIÁRIO MEIO;919,00;20/11/2025;07:13:20;20;1282-20
CO2;1282;CT-CO2-0;02938df5-6afb-d44e-582d-0b5eea40f8eb;51:88:0A:9E;0;AVIÁRIO MEIO;1.151,00;20/11/2025;07:18:22;20;1282-20
CO2;1282;CT-CO2-0;02938df5-6afb-d44e-582d-0b5eea40f8eb;51:88:0A:9E;0;AVIÁRIO MEIO;962,00;20/11/2025;07:23:54;20;1282-20
CO2;1282;CT-CO2-0;02938df5-6afb-d44e-582d-0b5eea40f8eb;51:88:0A:9E;0;AVIÁRIO MEIO;960,00;20/11/2025;07:28:56;20;1282-20
CO2;1282;CT-CO2-0;02938df5-6afb-d44e-582d-0b5eea40f8eb;51:88:0A:9E;0;AVIÁRIO MEIO;906,00;20/11/2025;07:34:28;20;1282-20
CO2;1282;CT-CO2-0;02938df5-6afb-d44e-582d-0b5eea40f8eb;51:88:0A:9E;0;AVIÁRIO MEIO;911,00;20/11/2025;07:40:00;20;1282-20
CO2;1282;CT-CO2-0;02938df5-6afb-d44e-582d-0b5eea40f8eb;51:88:0A:9E;0;AVIÁRIO MEIO;919,00;20/11/2025;07:45:02;20;1282-20
CO2;1282;CT-CO2-0;02938df5-6afb-d44e-582d-0b5eea40f8eb;51:88:0A:9E;0;AVIÁRIO MEIO;888,00;20/11/2025;07:50:34;20;1282-20
CO2;1282;CT-CO2-0;02938df5-6afb-d44e-582d-0b5eea40f8eb;51:88:0A:9E;0;AVIÁRIO MEIO;892,00;20/11/2025;07:56:06;20;1282-20
CO2;1282;CT-CO2-0;02938df5-6afb-d44e-582d-0b5eea40f8eb;51:88:0A:9E;0;AVIÁRIO MEIO;836,00;20/11/2025;08:01:08;20;1282-20
CO2;1282;CT-CO2-0;02938df5-6afb-d44e-582d-0b5eea40f8eb;51:88:0A:9E;0;AVIÁRIO MEIO;840,00;20/11/2025;08:06:40;20;1282-20
CO2;1282;CT-CO2-0;02938df5-6afb-d44e-582d-0b5eea40f8eb;51:88:0A:9E;0;AVIÁRIO MEIO;850,00;20/11/2025;08:12:12;20;1282-20
CO2;1282;CT-CO2-0;02938df5-6afb-d44e-582d-0b5eea40f8eb;51:88:0A:9E;0;AVIÁRIO MEIO;838,00;20/11/2025;08:17:15;20;1282-20
CO2;1282;CT-CO2-0;02938df5-6afb-d44e-582d-0b5eea40f8eb;51:88:0A:9E;0;AVIÁRIO MEIO;830,00;20/11/2025;08:23:20;20;1282-20
CO2;1282;CT-CO2-0;02938df5-6afb-d44e-582d-0b5eea40f8eb;51:88:0A:9E;0;AVIÁRIO MEIO;833,00;20/11/2025;08:27:52;20;1282-20
CO2;1282;CT-CO2-0;02938df5-6afb-d44e-582d-0b5eea40f8eb;51:88:0A:9E;0;AVIÁRIO MEIO;828,00;20/11/2025;08:33:25;20;1282-20
CO2;1282;CT-CO2-0;02938df5-6afb-d44e-582d-0b5eea40f8eb;51:88:0A:9E;0;AVIÁRIO MEIO;792,00;20/11/2025;08:38:59;20;1282-20
CO2;1282;CT-CO2-0;02938df5-6afb-d44e-582d-0b5eea40f8eb;51:88:0A:9E;0;AVIÁRIO MEIO;747,00;20/11/2025;08:44:01;20;1282-20
CO2;1282;CT-CO2-0;02938df5-6afb-d44e-582d-0b5eea40f8eb;51:88:0A:9E;0;AVIÁRIO MEIO;703,00;20/11/2025;08:49:33;20;1282-20
CO2;1282;CT-CO2-0;02938df5-6afb-d44e-582d-0b5eea40f8eb;51:88:0A:9E;0;AVIÁRIO MEIO;709,00;20/11/2025;08:55:05;20;1282-20
CO2;1282;CT-CO2-0;02938df5-6afb-d44e-582d-0b5eea40f8eb;51:88:0A:9E;0;AVIÁRIO MEIO;705,00;20/11/2025;09:00:07;20;1282-20
CO2;1282;CT-CO2-0;02938df5-6afb-d44e-582d-0b5eea40f8eb;51:88:0A:9E;0;AVIÁRIO MEIO;711,00;20/11/2025;09:05:39;20;1282-20
CO2;1282;CT-CO2-0;02938df5-6afb-d44e-582d-0b5eea40f8eb;51:88:0A:9E;0;AVIÁRIO MEIO;713,00;20/11/2025;09:11:12;20;1282-20
CO2;1282;CT-CO2-0;02938df5-6afb-d44e-582d-0b5eea40f8eb;51:88:0A:9E;0;AVIÁRIO MEIO;682,00;20/11/2025;09:16:14;20;1282-20
CO2;1282;CT-CO2-0;02938df5-6afb-d44e-582d-0b5eea40f8eb;51:88:0A:9E;0;AVIÁRIO MEIO;685,00;20/11/2025;09:21:46;20;1282-20
CO2;1282;CT-CO2-0;02938df5-6afb-d44e-582d-0b5eea40f8eb;51:88:0A:9E;0;AVIÁRIO MEIO;671,00;20/11/2025;09:27:18;20;1282-20
CO2;1282;CT-CO2-0;02938df5-6afb-d44e-582d-0b5eea40f8eb;51:88:0A:9E;0;AVIÁRIO MEIO;687,00;20/11/2025;09:32:53;20;1282-20
CO2;1282;CT-CO2-0;02938df5-6afb-d44e-582d-0b5eea40f8eb;51:88:0A:9E;0;AVIÁRIO MEIO;738,00;20/11/2025;09:37:55;20;1282-20
CO2;1282;CT-CO2-0;02938df5-6afb-d44e-582d-0b5eea40f8eb;51:88:0A:9E;0;AVIÁRIO MEIO;684,00;20/11/2025;09:42:57;20;1282-20
CO2;1282;CT-CO2-0;02938df5-6afb-d44e-582d-0b5eea40f8eb;51:88:0A:9E;0;AVIÁRIO MEIO;673,00;20/11/2025;09:48:30;20;1282-20
CO2;1282;CT-CO2-0;02938df5-6afb-d44e-582d-0b5eea40f8eb;51:88:0A:9E;0;AVIÁRIO MEIO;644,00;20/11/2025;09:54:03;20;1282-20
CO2;1282;CT-CO2-0;02938df5-6afb-d44e-582d-0b5eea40f8eb;51:88:0A:9E;0;AVIÁRIO MEIO;652,00;20/11/2025;09:59:05;20;1282-20
CO2;1282;CT-CO2-0;02938df5-6afb-d44e-582d-0b5eea40f8eb;51:88:0A:9E;0;AVIÁRIO MEIO;642,00;20/11/2025;10:04:37;20;1282-20
CO2;1282;CT-CO2-0;02938df5-6afb-d44e-582d-0b5eea40f8eb;51:88:0A:9E;0;AVIÁRIO MEIO;608,00;20/11/2025;10:10:09;20;1282-20
CO2;1282;CT-CO2-0;02938df5-6afb-d44e-582d-0b5eea40f8eb;51:88:0A:9E;0;AVIÁRIO MEIO;613,00;20/11/2025;10:15:12;20;1282-20
CO2;1282;CT-CO2-0;02938df5-6afb-d44e-582d-0b5eea40f8eb;51:88:0A:9E;0;AVIÁRIO MEIO;628,00;20/11/2025;10:20:44;20;1282-20
CO2;1282;CT-CO2-0;02938df5-6afb-d44e-582d-0b5eea40f8eb;51:88:0A:9E;0;AVIÁRIO MEIO;655,00;20/11/2025;10:26:15;20;1282-20
CO2;1282;CT-CO2-0;02938df5-6afb-d44e-582d-0b5eea40f8eb;51:88:0A:9E;0;AVIÁRIO MEIO;635,00;20/11/2025;10:31:17;20;1282-20
CO2;1282;CT-CO2-0;02938df5-6afb-d44e-582d-0b5eea40f8eb;51:88:0A:9E;0;AVIÁRIO MEIO;674,00;20/11/2025;10:36:49;20;1282-20
CO2;1282;CT-CO2-0;02938df5-6afb-d44e-582d-0b5eea40f8eb;51:88:0A:9E;0;AVIÁRIO MEIO;648,00;20/11/2025;10:42:53;20;1282-20
CO2;1282;CT-CO2-0;02938df5-6afb-d44e-582d-0b5eea40f8eb;51:88:0A:9E;0;AVIÁRIO MEIO;652,00;20/11/2025;10:47:26;20;1282-20
CO2;1282;CT-CO2-0;02938df5-6afb-d44e-582d-0b5eea40f8eb;51:88:0A:9E;0;AVIÁRIO MEIO;646,00;20/11/2025;10:52:57;20;1282-20
CO2;1282;CT-CO2-0;02938df5-6afb-d44e-582d-0b5eea40f8eb;51:88:0A:9E;0;AVIÁRIO MEIO;708,00;20/11/2025;10:58:29;20;1282-20
CO2;1282;CT-CO2-0;02938df5-6afb-d44e-582d-0b5eea40f8eb;51:88:0A:9E;0;AVIÁRIO MEIO;714,00;20/11/2025;11:03:31;20;1282-20
CO2;1282;CT-CO2-0;02938df5-6afb-d44e-582d-0b5eea40f8eb;51:88:0A:9E;0;AVIÁRIO MEIO;642,00;20/11/2025;11:09:04;20;1282-20
CO2;1282;CT-CO2-0;02938df5-6afb-d44e-582d-0b5eea40f8eb;51:88:0A:9E;0;AVIÁRIO MEIO;698,00;20/11/2025;11:14:36;20;1282-20
CO2;1282;CT-CO2-0;02938df5-6afb-d44e-582d-0b5eea40f8eb;51:88:0A:9E;0;AVIÁRIO MEIO;676,00;20/11/2025;11:19:39;20;1282-20
CO2;1282;CT-CO2-0;02938df5-6afb-d44e-582d-0b5eea40f8eb;51:88:0A:9E;0;AVIÁRIO MEIO;670,00;20/11/2025;11:25:12;20;1282-20
CO2;1282;CT-CO2-0;02938df5-6afb-d44e-582d-0b5eea40f8eb;51:88:0A:9E;0;AVIÁRIO MEIO;642,00;20/11/2025;11:30:44;20;1282-20
CO2;1282;CT-CO2-0;02938df5-6afb-d44e-582d-0b5eea40f8eb;51:88:0A:9E;0;AVIÁRIO MEIO;652,00;20/11/2025;11:35:45;20;1282-20
CO2;1282;CT-CO2-0;02938df5-6afb-d44e-582d-0b5eea40f8eb;51:88:0A:9E;0;AVIÁRIO MEIO;669,00;20/11/2025;11:41:18;20;1282-20
CO2;1282;CT-CO2-0;02938df5-6afb-d44e-582d-0b5eea40f8eb;51:88:0A:9E;0;AVIÁRIO MEIO;629,00;20/11/2025;11:46:50;20;1282-20
CO2;1282;CT-CO2-0;02938df5-6afb-d44e-582d-0b5eea40f8eb;51:88:0A:9E;0;AVIÁRIO MEIO;648,00;20/11/2025;11:52:25;20;1282-20
CO2;1282;CT-CO2-0;02938df5-6afb-d44e-582d-0b5eea40f8eb;51:88:0A:9E;0;AVIÁRIO MEIO;630,00;20/11/2025;11:57:29;20;1282-20
CO2;1282;CT-CO2-0;02938df5-6afb-d44e-582d-0b5eea40f8eb;51:88:0A:9E;0;AVIÁRIO MEIO;635,00;20/11/2025;12:02:31;20;1282-20
CO2;1282;CT-CO2-0;02938df5-6afb-d44e-582d-0b5eea40f8eb;51:88:0A:9E;0;AVIÁRIO MEIO;621,00;20/11/2025;12:08:02;20;1282-20
CO2;1282;CT-CO2-0;02938df5-6afb-d44e-582d-0b5eea40f8eb;51:88:0A:9E;0;AVIÁRIO MEIO;606,00;20/11/2025;12:13:34;20;1282-20
CO2;1282;CT-CO2-0;02938df5-6afb-d44e-582d-0b5eea40f8eb;51:88:0A:9E;0;AVIÁRIO MEIO;618,00;20/11/2025;12:18:36;20;1282-20
CO2;1282;CT-CO2-0;02938df5-6afb-d44e-582d-0b5eea40f8eb;51:88:0A:9E;0;AVIÁRIO MEIO;633,00;20/11/2025;12:24:08;20;1282-20
CO2;1282;CT-CO2-0;02938df5-6afb-d44e-582d-0b5eea40f8eb;51:88:0A:9E;0;AVIÁRIO MEIO;618,00;20/11/2025;12:29:40;20;1282-20
CO2;1282;CT-CO2-0;02938df5-6afb-d44e-582d-0b5eea40f8eb;51:88:0A:9E;0;AVIÁRIO MEIO;615,00;20/11/2025;12:34:42;20;1282-20
CO2;1282;CT-CO2-0;02938df5-6afb-d44e-582d-0b5eea40f8eb;51:88:0A:9E;0;AVIÁRIO MEIO;621,00;20/11/2025;12:40:15;20;1282-20
CO2;1282;CT-CO2-0;02938df5-6afb-d44e-582d-0b5eea40f8eb;51:88:0A:9E;0;AVIÁRIO MEIO;607,00;20/11/2025;12:45:47;20;1282-20
CO2;1282;CT-CO2-0;02938df5-6afb-d44e-582d-0b5eea40f8eb;51:88:0A:9E;0;AVIÁRIO MEIO;623,00;20/11/2025;12:50:50;20;1282-20
CO2;1282;CT-CO2-0;02938df5-6afb-d44e-582d-0b5eea40f8eb;51:88:0A:9E;0;AVIÁRIO MEIO;621,00;20/11/2025;12:56:27;20;1282-20
CO2;1282;CT-CO2-0;02938df5-6afb-d44e-582d-0b5eea40f8eb;51:88:0A:9E;0;AVIÁRIO MEIO;602,00;20/11/2025;13:02:30;20;1282-20
CO2;1282;CT-CO2-0;02938df5-6afb-d44e-582d-0b5eea40f8eb;51:88:0A:9E;0;AVIÁRIO MEIO;614,00;20/11/2025;13:07:04;20;1282-20
CO2;1282;CT-CO2-0;02938df5-6afb-d44e-582d-0b5eea40f8eb;51:88:0A:9E;0;AVIÁRIO MEIO;624,00;20/11/2025;13:12:38;20;1282-20
CO2;1282;CT-CO2-0;02938df5-6afb-d44e-582d-0b5eea40f8eb;51:88:0A:9E;0;AVIÁRIO MEIO;615,00;20/11/2025;13:17:40;20;1282-20
CO2;1282;CT-CO2-0;02938df5-6afb-d44e-582d-0b5eea40f8eb;51:88:0A:9E;0;AVIÁRIO MEIO;625,00;20/11/2025;13:23:12;20;1282-20
CO2;1282;CT-CO2-0;02938df5-6afb-d44e-582d-0b5eea40f8eb;51:88:0A:9E;0;AVIÁRIO MEIO;617,00;20/11/2025;13:28:45;20;1282-20
CO2;1282;CT-CO2-0;02938df5-6afb-d44e-582d-0b5eea40f8eb;51:88:0A:9E;0;AVIÁRIO MEIO;609,00;20/11/2025;13:33:47;20;1282-20
CO2;1282;CT-CO2-0;02938df5-6afb-d44e-582d-0b5eea40f8eb;51:88:0A:9E;0;AVIÁRIO MEIO;622,00;20/11/2025;13:39:19;20;1282-20
CO2;1282;CT-CO2-0;02938df5-6afb-d44e-582d-0b5eea40f8eb;51:88:0A:9E;0;AVIÁRIO MEIO;617,00;20/11/2025;13:44:52;20;1282-20
CO2;1282;CT-CO2-0;02938df5-6afb-d44e-582d-0b5eea40f8eb;51:88:0A:9E;0;AVIÁRIO MEIO;621,00;20/11/2025;13:49:54;20;1282-20
CO2;1282;CT-CO2-0;02938df5-6afb-d44e-582d-0b5eea40f8eb;51:88:0A:9E;0;AVIÁRIO MEIO;624,00;20/11/2025;13:55:27;20;1282-20
CO2;1282;CT-CO2-0;02938df5-6afb-d44e-582d-0b5eea40f8eb;51:88:0A:9E;0;AVIÁRIO MEIO;599,00;20/11/2025;14:00:58;20;1282-20
CO2;1282;CT-CO2-0;02938df5-6afb-d44e-582d-0b5eea40f8eb;51:88:0A:9E;0;AVIÁRIO MEIO;593,00;20/11/2025;14:06:00;20;1282-20
CO2;1282;CT-CO2-0;02938df5-6afb-d44e-582d-0b5eea40f8eb;51:88:0A:9E;0;AVIÁRIO MEIO;608,00;20/11/2025;14:12:05;20;1282-20
CO2;1282;CT-CO2-0;02938df5-6afb-d44e-582d-0b5eea40f8eb;51:88:0A:9E;0;AVIÁRIO MEIO;610,00;20/11/2025;14:17:08;20;1282-20
CO2;1282;CT-CO2-0;02938df5-6afb-d44e-582d-0b5eea40f8eb;51:88:0A:9E;0;AVIÁRIO MEIO;606,00;20/11/2025;14:22:10;20;1282-20
CO2;1282;CT-CO2-0;02938df5-6afb-d44e-582d-0b5eea40f8eb;51:88:0A:9E;0;AVIÁRIO MEIO;607,00;20/11/2025;14:27:43;20;1282-20
CO2;1282;CT-CO2-0;02938df5-6afb-d44e-582d-0b5eea40f8eb;51:88:0A:9E;0;AVIÁRIO MEIO;615,00;20/11/2025;14:33:15;20;1282-20
CO2;1282;CT-CO2-0;02938df5-6afb-d44e-582d-0b5eea40f8eb;51:88:0A:9E;0;AVIÁRIO MEIO;601,00;20/11/2025;14:38:17;20;1282-20
CO2;1282;CT-CO2-0;02938df5-6afb-d44e-582d-0b5eea40f8eb;51:88:0A:9E;0;AVIÁRIO MEIO;662,00;20/11/2025;14:43:49;20;1282-20
CO2;1282;CT-CO2-0;02938df5-6afb-d44e-582d-0b5eea40f8eb;51:88:0A:9E;0;AVIÁRIO MEIO;591,00;20/11/2025;14:49:21;20;1282-20
CO2;1282;CT-CO2-0;02938df5-6afb-d44e-582d-0b5eea40f8eb;51:88:0A:9E;0;AVIÁRIO MEIO;606,00;20/11/2025;14:54:24;20;1282-20
CO2;1282;CT-CO2-0;02938df5-6afb-d44e-582d-0b5eea40f8eb;51:88:0A:9E;0;AVIÁRIO MEIO;599,00;20/11/2025;14:59:58;20;1282-20
CO2;1282;CT-CO2-0;02938df5-6afb-d44e-582d-0b5eea40f8eb;51:88:0A:9E;0;AVIÁRIO MEIO;602,00;20/11/2025;15:05:00;20;1282-20
CO2;1282;CT-CO2-0;02938df5-6afb-d44e-582d-0b5eea40f8eb;51:88:0A:9E;0;AVIÁRIO MEIO;623,00;20/11/2025;15:10:32;20;1282-20
CO2;1282;CT-CO2-0;02938df5-6afb-d44e-582d-0b5eea40f8eb;51:88:0A:9E;0;AVIÁRIO MEIO;610,00;20/11/2025;15:16:05;20;1282-20
CO2;1282;CT-CO2-0;02938df5-6afb-d44e-582d-0b5eea40f8eb;51:88:0A:9E;0;AVIÁRIO MEIO;622,00;20/11/2025;15:21:43;20;1282-20
CO2;1282;CT-CO2-0;02938df5-6afb-d44e-582d-0b5eea40f8eb;51:88:0A:9E;0;AVIÁRIO MEIO;608,00;20/11/2025;15:26:44;20;1282-20
CO2;1282;CT-CO2-0;02938df5-6afb-d44e-582d-0b5eea40f8eb;51:88:0A:9E;0;AVIÁRIO MEIO;608,00;20/11/2025;15:32:17;20;1282-20
CO2;1282;CT-CO2-0;02938df5-6afb-d44e-582d-0b5eea40f8eb;51:88:0A:9E;0;AVIÁRIO MEIO;612,00;20/11/2025;15:37:19;20;1282-20
CO2;1282;CT-CO2-0;02938df5-6afb-d44e-582d-0b5eea40f8eb;51:88:0A:9E;0;AVIÁRIO MEIO;615,00;20/11/2025;15:42:52;20;1282-20
CO2;1282;CT-CO2-0;02938df5-6afb-d44e-582d-0b5eea40f8eb;51:88:0A:9E;0;AVIÁRIO MEIO;619,00;20/11/2025;15:47:54;20;1282-20
CO2;1282;CT-CO2-0;02938df5-6afb-d44e-582d-0b5eea40f8eb;51:88:0A:9E;0;AVIÁRIO MEIO;591,00;20/11/2025;15:53:27;20;1282-20
CO2;1282;CT-CO2-0;02938df5-6afb-d44e-582d-0b5eea40f8eb;51:88:0A:9E;0;AVIÁRIO MEIO;610,00;20/11/2025;15:58:59;20;1282-20
CO2;1282;CT-CO2-0;02938df5-6afb-d44e-582d-0b5eea40f8eb;51:88:0A:9E;0;AVIÁRIO MEIO;619,00;20/11/2025;16:04:01;20;1282-20
CO2;1282;CT-CO2-0;02938df5-6afb-d44e-582d-0b5eea40f8eb;51:88:0A:9E;0;AVIÁRIO MEIO;622,00;20/11/2025;16:09:33;20;1282-20
CO2;1282;CT-CO2-0;02938df5-6afb-d44e-582d-0b5eea40f8eb;51:88:0A:9E;0;AVIÁRIO MEIO;616,00;20/11/2025;16:15:05;20;1282-20
CO2;1282;CT-CO2-0;02938df5-6afb-d44e-582d-0b5eea40f8eb;51:88:0A:9E;0;AVIÁRIO MEIO;625,00;20/11/2025;16:20:07;20;1282-20
CO2;1282;CT-CO2-0;02938df5-6afb-d44e-582d-0b5eea40f8eb;51:88:0A:9E;0;AVIÁRIO MEIO;627,00;20/11/2025;16:25:40;20;1282-20
CO2;1282;CT-CO2-0;02938df5-6afb-d44e-582d-0b5eea40f8eb;51:88:0A:9E;0;AVIÁRIO MEIO;635,00;20/11/2025;16:36:16;20;1282-20
CO2;1282;CT-CO2-0;02938df5-6afb-d44e-582d-0b5eea40f8eb;51:88:0A:9E;0;AVIÁRIO MEIO;632,00;20/11/2025;16:41:48;20;1282-20
CO2;1282;CT-CO2-0;02938df5-6afb-d44e-582d-0b5eea40f8eb;51:88:0A:9E;0;AVIÁRIO MEIO;622,00;20/11/2025;16:47:19;20;1282-20
CO2;1282;CT-CO2-0;02938df5-6afb-d44e-582d-0b5eea40f8eb;51:88:0A:9E;0;AVIÁRIO MEIO;637,00;20/11/2025;16:52:22;20;1282-20
CO2;1282;CT-CO2-0;02938df5-6afb-d44e-582d-0b5eea40f8eb;51:88:0A:9E;0;AVIÁRIO MEIO;621,00;20/11/2025;16:57:54;20;1282-20
CO2;1282;CT-CO2-0;02938df5-6afb-d44e-582d-0b5eea40f8eb;51:88:0A:9E;0;AVIÁRIO MEIO;605,00;20/11/2025;17:03:26;20;1282-20
CO2;1282;CT-CO2-0;02938df5-6afb-d44e-582d-0b5eea40f8eb;51:88:0A:9E;0;AVIÁRIO MEIO;616,00;20/11/2025;17:08:28;20;1282-20
CO2;1282;CT-CO2-0;02938df5-6afb-d44e-582d-0b5eea40f8eb;51:88:0A:9E;0;AVIÁRIO MEIO;676,00;20/11/2025;17:13:59;20;1282-20
CO2;1282;CT-CO2-0;02938df5-6afb-d44e-582d-0b5eea40f8eb;51:88:0A:9E;0;AVIÁRIO MEIO;631,00;20/11/2025;17:19:32;20;1282-20
CO2;1282;CT-CO2-0;02938df5-6afb-d44e-582d-0b5eea40f8eb;51:88:0A:9E;0;AVIÁRIO MEIO;621,00;20/11/2025;17:24:34;20;1282-20
CO2;1282;CT-CO2-0;02938df5-6afb-d44e-582d-0b5eea40f8eb;51:88:0A:9E;0;AVIÁRIO MEIO;615,00;20/11/2025;17:30:09;20;1282-20
CO2;1282;CT-CO2-0;02938df5-6afb-d44e-582d-0b5eea40f8eb;51:88:0A:9E;0;AVIÁRIO MEIO;607,00;20/11/2025;17:35:40;20;1282-20
CO2;1282;CT-CO2-0;02938df5-6afb-d44e-582d-0b5eea40f8eb;51:88:0A:9E;0;AVIÁRIO MEIO;634,00;20/11/2025;17:41:15;20;1282-20
CO2;1282;CT-CO2-0;02938df5-6afb-d44e-582d-0b5eea40f8eb;51:88:0A:9E;0;AVIÁRIO MEIO;620,00;20/11/2025;17:46:17;20;1282-20
CO2;1282;CT-CO2-0;02938df5-6afb-d44e-582d-0b5eea40f8eb;51:88:0A:9E;0;AVIÁRIO MEIO;636,00;20/11/2025;17:51:53;20;1282-20
CO2;1282;CT-CO2-0;02938df5-6afb-d44e-582d-0b5eea40f8eb;51:88:0A:9E;0;AVIÁRIO MEIO;618,00;20/11/2025;17:56:56;20;1282-20
CO2;1282;CT-CO2-0;02938df5-6afb-d44e-582d-0b5eea40f8eb;51:88:0A:9E;0;AVIÁRIO MEIO;682,00;20/11/2025;18:02:30;20;1282-20
CO2;1282;CT-CO2-0;02938df5-6afb-d44e-582d-0b5eea40f8eb;51:88:0A:9E;0;AVIÁRIO MEIO;639,00;20/11/2025;18:07:31;20;1282-20
CO2;1282;CT-CO2-0;02938df5-6afb-d44e-582d-0b5eea40f8eb;51:88:0A:9E;0;AVIÁRIO MEIO;630,00;20/11/2025;18:13:03;20;1282-20
CO2;1282;CT-CO2-0;02938df5-6afb-d44e-582d-0b5eea40f8eb;51:88:0A:9E;0;AVIÁRIO MEIO;644,00;20/11/2025;18:18:36;20;1282-20
CO2;1282;CT-CO2-0;02938df5-6afb-d44e-582d-0b5eea40f8eb;51:88:0A:9E;0;AVIÁRIO MEIO;631,00;20/11/2025;18:23:38;20;1282-20
CO2;1282;CT-CO2-0;02938df5-6afb-d44e-582d-0b5eea40f8eb;51:88:0A:9E;0;AVIÁRIO MEIO;633,00;20/11/2025;18:29:12;20;1282-20
CO2;1282;CT-CO2-0;02938df5-6afb-d44e-582d-0b5eea40f8eb;51:88:0A:9E;0;AVIÁRIO MEIO;635,00;20/11/2025;18:34:44;20;1282-20
CO2;1282;CT-CO2-0;02938df5-6afb-d44e-582d-0b5eea40f8eb;51:88:0A:9E;0;AVIÁRIO MEIO;666,00;20/11/2025;18:39:47;20;1282-20
CO2;1282;CT-CO2-0;02938df5-6afb-d44e-582d-0b5eea40f8eb;51:88:0A:9E;0;AVIÁRIO MEIO;628,00;20/11/2025;18:45:19;20;1282-20
CO2;1282;CT-CO2-0;02938df5-6afb-d44e-582d-0b5eea40f8eb;51:88:0A:9E;0;AVIÁRIO MEIO;630,00;20/11/2025;18:50:54;20;1282-20
CO2;1282;CT-CO2-0;02938df5-6afb-d44e-582d-0b5eea40f8eb;51:88:0A:9E;0;AVIÁRIO MEIO;653,00;20/11/2025;18:55:57;20;1282-20
CO2;1282;CT-CO2-0;02938df5-6afb-d44e-582d-0b5eea40f8eb;51:88:0A:9E;0;AVIÁRIO MEIO;653,00;20/11/2025;19:12:09;20;1282-20
CO2;1282;CT-CO2-0;02938df5-6afb-d44e-582d-0b5eea40f8eb;51:88:0A:9E;0;AVIÁRIO MEIO;647,00;20/11/2025;19:17:12;20;1282-20
CO2;1282;CT-CO2-0;02938df5-6afb-d44e-582d-0b5eea40f8eb;51:88:0A:9E;0;AVIÁRIO MEIO;648,00;20/11/2025;19:22:44;20;1282-20
CO2;1282;CT-CO2-0;02938df5-6afb-d44e-582d-0b5eea40f8eb;51:88:0A:9E;0;AVIÁRIO MEIO;650,00;20/11/2025;19:28:16;20;1282-20
CO2;1282;CT-CO2-0;02938df5-6afb-d44e-582d-0b5eea40f8eb;51:88:0A:9E;0;AVIÁRIO MEIO;641,00;20/11/2025;19:33:19;20;1282-20
CO2;1282;CT-CO2-0;02938df5-6afb-d44e-582d-0b5eea40f8eb;51:88:0A:9E;0;AVIÁRIO MEIO;698,00;20/11/2025;19:38:52;20;1282-20
CO2;1282;CT-CO2-0;02938df5-6afb-d44e-582d-0b5eea40f8eb;51:88:0A:9E;0;AVIÁRIO MEIO;679,00;20/11/2025;19:44:24;20;1282-20
CO2;1282;CT-CO2-0;02938df5-6afb-d44e-582d-0b5eea40f8eb;51:88:0A:9E;0;AVIÁRIO MEIO;671,00;20/11/2025;19:49:27;20;1282-20
CO2;1282;CT-CO2-0;02938df5-6afb-d44e-582d-0b5eea40f8eb;51:88:0A:9E;0;AVIÁRIO MEIO;662,00;20/11/2025;19:54:59;20;1282-20
CO2;1282;CT-CO2-0;02938df5-6afb-d44e-582d-0b5eea40f8eb;51:88:0A:9E;0;AVIÁRIO MEIO;690,00;20/11/2025;20:01:04;20;1282-20
CO2;1282;CT-CO2-0;02938df5-6afb-d44e-582d-0b5eea40f8eb;51:88:0A:9E;0;AVIÁRIO MEIO;707,00;20/11/2025;20:05:37;20;1282-20
CO2;1282;CT-CO2-0;02938df5-6afb-d44e-582d-0b5eea40f8eb;51:88:0A:9E;0;AVIÁRIO MEIO;686,00;20/11/2025;20:11:09;20;1282-20
CO2;1282;CT-CO2-0;02938df5-6afb-d44e-582d-0b5eea40f8eb;51:88:0A:9E;0;AVIÁRIO MEIO;682,00;20/11/2025;20:16:42;20;1282-20
CO2;1282;CT-CO2-0;02938df5-6afb-d44e-582d-0b5eea40f8eb;51:88:0A:9E;0;AVIÁRIO MEIO;695,00;20/11/2025;20:21:45;20;1282-20
CO2;1282;CT-CO2-0;02938df5-6afb-d44e-582d-0b5eea40f8eb;51:88:0A:9E;0;AVIÁRIO MEIO;726,00;20/11/2025;20:27:17;20;1282-20
CO2;1282;CT-CO2-0;02938df5-6afb-d44e-582d-0b5eea40f8eb;51:88:0A:9E;0;AVIÁRIO MEIO;702,00;20/11/2025;20:32:49;20;1282-20
CO2;1282;CT-CO2-0;02938df5-6afb-d44e-582d-0b5eea40f8eb;51:88:0A:9E;0;AVIÁRIO MEIO;699,00;20/11/2025;20:37:54;20;1282-20
CO2;1282;CT-CO2-0;02938df5-6afb-d44e-582d-0b5eea40f8eb;51:88:0A:9E;0;AVIÁRIO MEIO;710,00;20/11/2025;20:43:28;20;1282-20
CO2;1282;CT-CO2-0;02938df5-6afb-d44e-582d-0b5eea40f8eb;51:88:0A:9E;0;AVIÁRIO MEIO;703,00;20/11/2025;20:48:30;20;1282-20
CO2;1282;CT-CO2-0;02938df5-6afb-d44e-582d-0b5eea40f8eb;51:88:0A:9E;0;AVIÁRIO MEIO;708,00;20/11/2025;20:54:02;20;1282-20
CO2;1282;CT-CO2-0;02938df5-6afb-d44e-582d-0b5eea40f8eb;51:88:0A:9E;0;AVIÁRIO MEIO;696,00;20/11/2025;20:59:41;20;1282-20
CO2;1282;CT-CO2-0;02938df5-6afb-d44e-582d-0b5eea40f8eb;51:88:0A:9E;0;AVIÁRIO MEIO;698,00;20/11/2025;21:06:46;20;1282-20
CO2;1282;CT-CO2-0;02938df5-6afb-d44e-582d-0b5eea40f8eb;51:88:0A:9E;0;AVIÁRIO MEIO;699,00;20/11/2025;21:11:47;20;1282-20
CO2;1282;CT-CO2-0;02938df5-6afb-d44e-582d-0b5eea40f8eb;51:88:0A:9E;0;AVIÁRIO MEIO;694,00;20/11/2025;21:16:49;20;1282-20
CO2;1282;CT-CO2-0;02938df5-6afb-d44e-582d-0b5eea40f8eb;51:88:0A:9E;0;AVIÁRIO MEIO;691,00;20/11/2025;21:22:32;20;1282-20
CO2;1282;CT-CO2-0;02938df5-6afb-d44e-582d-0b5eea40f8eb;51:88:0A:9E;0;AVIÁRIO MEIO;695,00;20/11/2025;21:27:34;20;1282-20
CO2;1282;CT-CO2-0;02938df5-6afb-d44e-582d-0b5eea40f8eb;51:88:0A:9E;0;AVIÁRIO MEIO;684,00;20/11/2025;21:33:06;20;1282-20
CO2;1282;CT-CO2-0;02938df5-6afb-d44e-582d-0b5eea40f8eb;51:88:0A:9E;0;AVIÁRIO MEIO;696,00;20/11/2025;21:38:44;20;1282-20
CO2;1282;CT-CO2-0;02938df5-6afb-d44e-582d-0b5eea40f8eb;51:88:0A:9E;0;AVIÁRIO MEIO;742,00;20/11/2025;21:43:45;20;1282-20
CO2;1282;CT-CO2-0;02938df5-6afb-d44e-582d-0b5eea40f8eb;51:88:0A:9E;0;AVIÁRIO MEIO;746,00;20/11/2025;21:49:17;20;1282-20
CO2;1282;CT-CO2-0;02938df5-6afb-d44e-582d-0b5eea40f8eb;51:88:0A:9E;0;AVIÁRIO MEIO;752,00;20/11/2025;21:54:19;20;1282-20
CO2;1282;CT-CO2-0;02938df5-6afb-d44e-582d-0b5eea40f8eb;51:88:0A:9E;0;AVIÁRIO MEIO;807,00;20/11/2025;21:59:52;20;1282-20
CO2;1282;CT-CO2-0;02938df5-6afb-d44e-582d-0b5eea40f8eb;51:88:0A:9E;0;AVIÁRIO MEIO;781,00;20/11/2025;22:05:25;20;1282-20
CO2;1282;CT-CO2-0;02938df5-6afb-d44e-582d-0b5eea40f8eb;51:88:0A:9E;0;AVIÁRIO MEIO;743,00;20/11/2025;22:10:28;20;1282-20
CO2;1282;CT-CO2-0;02938df5-6afb-d44e-582d-0b5eea40f8eb;51:88:0A:9E;0;AVIÁRIO MEIO;752,00;20/11/2025;22:21:13;20;1282-20
CO2;1282;CT-CO2-0;02938df5-6afb-d44e-582d-0b5eea40f8eb;51:88:0A:9E;0;AVIÁRIO MEIO;743,00;20/11/2025;22:26:46;20;1282-20
CO2;1282;CT-CO2-0;02938df5-6afb-d44e-582d-0b5eea40f8eb;51:88:0A:9E;0;AVIÁRIO MEIO;739,00;20/11/2025;22:32:17;20;1282-20
CO2;1282;CT-CO2-0;02938df5-6afb-d44e-582d-0b5eea40f8eb;51:88:0A:9E;0;AVIÁRIO MEIO;886,00;20/11/2025;22:37:19;20;1282-20
CO2;1282;CT-CO2-0;02938df5-6afb-d44e-582d-0b5eea40f8eb;51:88:0A:9E;0;AVIÁRIO MEIO;881,00;20/11/2025;22:42:52;20;1282-20
CO2;1282;CT-CO2-0;02938df5-6afb-d44e-582d-0b5eea40f8eb;51:88:0A:9E;0;AVIÁRIO MEIO;889,00;20/11/2025;22:48:24;20;1282-20
CO2;1282;CT-CO2-0;02938df5-6afb-d44e-582d-0b5eea40f8eb;51:88:0A:9E;0;AVIÁRIO MEIO;871,00;20/11/2025;22:53:26;20;1282-20
CO2;1282;CT-CO2-0;02938df5-6afb-d44e-582d-0b5eea40f8eb;51:88:0A:9E;0;AVIÁRIO MEIO;864,00;20/11/2025;22:58:58;20;1282-20
CO2;1282;CT-CO2-0;02938df5-6afb-d44e-582d-0b5eea40f8eb;51:88:0A:9E;0;AVIÁRIO MEIO;846,00;20/11/2025;23:04:31;20;1282-20
CO2;1282;CT-CO2-0;02938df5-6afb-d44e-582d-0b5eea40f8eb;51:88:0A:9E;0;AVIÁRIO MEIO;861,00;20/11/2025;23:09:33;20;1282-20
CO2;1282;CT-CO2-0;02938df5-6afb-d44e-582d-0b5eea40f8eb;51:88:0A:9E;0;AVIÁRIO MEIO;829,00;20/11/2025;23:15:06;20;1282-20
CO2;1282;CT-CO2-0;02938df5-6afb-d44e-582d-0b5eea40f8eb;51:88:0A:9E;0;AVIÁRIO MEIO;858,00;20/11/2025;23:20:08;20;1282-20
CO2;1282;CT-CO2-0;02938df5-6afb-d44e-582d-0b5eea40f8eb;51:88:0A:9E;0;AVIÁRIO MEIO;843,00;20/11/2025;23:26:11;20;1282-20
CO2;1282;CT-CO2-0;02938df5-6afb-d44e-582d-0b5eea40f8eb;51:88:0A:9E;0;AVIÁRIO MEIO;849,00;20/11/2025;23:31:13;20;1282-20
CO2;1282;CT-CO2-0;02938df5-6afb-d44e-582d-0b5eea40f8eb;51:88:0A:9E;0;AVIÁRIO MEIO;843,00;20/11/2025;23:36:16;20;1282-20
CO2;1282;CT-CO2-0;02938df5-6afb-d44e-582d-0b5eea40f8eb;51:88:0A:9E;0;AVIÁRIO MEIO;819,00;20/11/2025;23:41:50;20;1282-20
CO2;1282;CT-CO2-0;02938df5-6afb-d44e-582d-0b5eea40f8eb;51:88:0A:9E;0;AVIÁRIO MEIO;828,00;20/11/2025;23:47:23;20;1282-20
CO2;1282;CT-CO2-0;02938df5-6afb-d44e-582d-0b5eea40f8eb;51:88:0A:9E;0;AVIÁRIO MEIO;842,00;20/11/2025;23:52:26;20;1282-20
CO2;1282;CT-CO2-0;02938df5-6afb-d44e-582d-0b5eea40f8eb;51:88:0A:9E;0;AVIÁRIO MEIO;860,00;20/11/2025;23:57:57;20;1282-20
CO2;1282;CT-CO2-0;02938df5-6afb-d44e-582d-0b5eea40f8eb;51:88:0A:9E;0;AVIÁRIO MEIO;848,00;21/11/2025;00:03:29;20;1282-20
CO2;1282;CT-CO2-0;02938df5-6afb-d44e-582d-0b5eea40f8eb;51:88:0A:9E;0;AVIÁRIO MEIO;865,00;21/11/2025;00:08:32;20;1282-20
CO2;1282;CT-CO2-0;02938df5-6afb-d44e-582d-0b5eea40f8eb;51:88:0A:9E;0;AVIÁRIO MEIO;848,00;21/11/2025;00:14:03;20;1282-20
CO2;1282;CT-CO2-0;02938df5-6afb-d44e-582d-0b5eea40f8eb;51:88:0A:9E;0;AVIÁRIO MEIO;854,00;21/11/2025;00:19:37;20;1282-20
CO2;1282;CT-CO2-0;02938df5-6afb-d44e-582d-0b5eea40f8eb;51:88:0A:9E;0;AVIÁRIO MEIO;849,00;21/11/2025;00:24:39;20;1282-20
CO2;1282;CT-CO2-0;02938df5-6afb-d44e-582d-0b5eea40f8eb;51:88:0A:9E;0;AVIÁRIO MEIO;831,00;21/11/2025;00:30:11;20;1282-20
CO2;1282;CT-CO2-0;02938df5-6afb-d44e-582d-0b5eea40f8eb;51:88:0A:9E;0;AVIÁRIO MEIO;843,00;21/11/2025;00:36:15;20;1282-20
CO2;1282;CT-CO2-0;02938df5-6afb-d44e-582d-0b5eea40f8eb;51:88:0A:9E;0;AVIÁRIO MEIO;860,00;21/11/2025;00:40:48;20;1282-20
CO2;1282;CT-CO2-0;02938df5-6afb-d44e-582d-0b5eea40f8eb;51:88:0A:9E;0;AVIÁRIO MEIO;856,00;21/11/2025;00:46:20;20;1282-20
CO2;1282;CT-CO2-0;02938df5-6afb-d44e-582d-0b5eea40f8eb;51:88:0A:9E;0;AVIÁRIO MEIO;855,00;21/11/2025;00:51:22;20;1282-20
CO2;1282;CT-CO2-0;02938df5-6afb-d44e-582d-0b5eea40f8eb;51:88:0A:9E;0;AVIÁRIO MEIO;862,00;21/11/2025;00:56:54;20;1282-20
CO2;1282;CT-CO2-0;02938df5-6afb-d44e-582d-0b5eea40f8eb;51:88:0A:9E;0;AVIÁRIO MEIO;867,00;21/11/2025;01:02:26;20;1282-20
CO2;1282;CT-CO2-0;02938df5-6afb-d44e-582d-0b5eea40f8eb;51:88:0A:9E;0;AVIÁRIO MEIO;866,00;21/11/2025;01:07:28;20;1282-20
CO2;1282;CT-CO2-0;02938df5-6afb-d44e-582d-0b5eea40f8eb;51:88:0A:9E;0;AVIÁRIO MEIO;854,00;21/11/2025;01:13:01;20;1282-20
CO2;1282;CT-CO2-0;02938df5-6afb-d44e-582d-0b5eea40f8eb;51:88:0A:9E;0;AVIÁRIO MEIO;860,00;21/11/2025;01:18:35;20;1282-20
CO2;1282;CT-CO2-0;02938df5-6afb-d44e-582d-0b5eea40f8eb;51:88:0A:9E;0;AVIÁRIO MEIO;867,00;21/11/2025;01:23:37;20;1282-20
CO2;1282;CT-CO2-0;02938df5-6afb-d44e-582d-0b5eea40f8eb;51:88:0A:9E;0;AVIÁRIO MEIO;868,00;21/11/2025;01:29:08;20;1282-20
CO2;1282;CT-CO2-0;02938df5-6afb-d44e-582d-0b5eea40f8eb;51:88:0A:9E;0;AVIÁRIO MEIO;865,00;21/11/2025;01:34:40;20;1282-20
CO2;1282;CT-CO2-0;02938df5-6afb-d44e-582d-0b5eea40f8eb;51:88:0A:9E;0;AVIÁRIO MEIO;864,00;21/11/2025;01:39:42;20;1282-20
CO2;1282;CT-CO2-0;02938df5-6afb-d44e-582d-0b5eea40f8eb;51:88:0A:9E;0;AVIÁRIO MEIO;862,00;21/11/2025;01:45:49;20;1282-20
CO2;1282;CT-CO2-0;02938df5-6afb-d44e-582d-0b5eea40f8eb;51:88:0A:9E;0;AVIÁRIO MEIO;856,00;21/11/2025;01:50:21;20;1282-20
CO2;1282;CT-CO2-0;02938df5-6afb-d44e-582d-0b5eea40f8eb;51:88:0A:9E;0;AVIÁRIO MEIO;861,00;21/11/2025;01:55:53;20;1282-20
CO2;1282;CT-CO2-0;02938df5-6afb-d44e-582d-0b5eea40f8eb;51:88:0A:9E;0;AVIÁRIO MEIO;867,00;21/11/2025;02:01:26;20;1282-20
CO2;1282;CT-CO2-0;02938df5-6afb-d44e-582d-0b5eea40f8eb;51:88:0A:9E;0;AVIÁRIO MEIO;865,00;21/11/2025;02:06:32;20;1282-20
CO2;1282;CT-CO2-0;02938df5-6afb-d44e-582d-0b5eea40f8eb;51:88:0A:9E;0;AVIÁRIO MEIO;882,00;21/11/2025;02:12:05;20;1282-20
CO2;1282;CT-CO2-0;02938df5-6afb-d44e-582d-0b5eea40f8eb;51:88:0A:9E;0;AVIÁRIO MEIO;873,00;21/11/2025;02:17:37;20;1282-20
CO2;1282;CT-CO2-0;02938df5-6afb-d44e-582d-0b5eea40f8eb;51:88:0A:9E;0;AVIÁRIO MEIO;869,00;21/11/2025;02:22:40;20;1282-20
CO2;1282;CT-CO2-0;02938df5-6afb-d44e-582d-0b5eea40f8eb;51:88:0A:9E;0;AVIÁRIO MEIO;868,00;21/11/2025;02:28:13;20;1282-20
CO2;1282;CT-CO2-0;02938df5-6afb-d44e-582d-0b5eea40f8eb;51:88:0A:9E;0;AVIÁRIO MEIO;867,00;21/11/2025;02:33:46;20;1282-20
CO2;1282;CT-CO2-0;02938df5-6afb-d44e-582d-0b5eea40f8eb;51:88:0A:9E;0;AVIÁRIO MEIO;844,00;21/11/2025;02:38:47;20;1282-20
CO2;1282;CT-CO2-0;02938df5-6afb-d44e-582d-0b5eea40f8eb;51:88:0A:9E;0;AVIÁRIO MEIO;869,00;21/11/2025;02:44:20;20;1282-20
CO2;1282;CT-CO2-0;02938df5-6afb-d44e-582d-0b5eea40f8eb;51:88:0A:9E;0;AVIÁRIO MEIO;859,00;21/11/2025;02:49:23;20;1282-20
CO2;1282;CT-CO2-0;02938df5-6afb-d44e-582d-0b5eea40f8eb;51:88:0A:9E;0;AVIÁRIO MEIO;873,00;21/11/2025;02:55:25;20;1282-20
CO2;1282;CT-CO2-0;02938df5-6afb-d44e-582d-0b5eea40f8eb;51:88:0A:9E;0;AVIÁRIO MEIO;884,00;21/11/2025;03:00:28;20;1282-20
CO2;1282;CT-CO2-0;02938df5-6afb-d44e-582d-0b5eea40f8eb;51:88:0A:9E;0;AVIÁRIO MEIO;880,00;21/11/2025;03:05:30;20;1282-20
CO2;1282;CT-CO2-0;02938df5-6afb-d44e-582d-0b5eea40f8eb;51:88:0A:9E;0;AVIÁRIO MEIO;885,00;21/11/2025;03:11:01;20;1282-20
CO2;1282;CT-CO2-0;02938df5-6afb-d44e-582d-0b5eea40f8eb;51:88:0A:9E;0;AVIÁRIO MEIO;880,00;21/11/2025;03:21:35;20;1282-20
CO2;1282;CT-CO2-0;02938df5-6afb-d44e-582d-0b5eea40f8eb;51:88:0A:9E;0;AVIÁRIO MEIO;937,00;21/11/2025;03:27:07;20;1282-20
CO2;1282;CT-CO2-0;02938df5-6afb-d44e-582d-0b5eea40f8eb;51:88:0A:9E;0;AVIÁRIO MEIO;854,00;21/11/2025;03:32:39;20;1282-20
CO2;1282;CT-CO2-0;02938df5-6afb-d44e-582d-0b5eea40f8eb;51:88:0A:9E;0;AVIÁRIO MEIO;860,00;21/11/2025;03:37:42;20;1282-20
CO2;1282;CT-CO2-0;02938df5-6afb-d44e-582d-0b5eea40f8eb;51:88:0A:9E;0;AVIÁRIO MEIO;868,00;21/11/2025;03:43:14;20;1282-20
CO2;1282;CT-CO2-0;02938df5-6afb-d44e-582d-0b5eea40f8eb;51:88:0A:9E;0;AVIÁRIO MEIO;866,00;21/11/2025;03:48:47;20;1282-20
CO2;1282;CT-CO2-0;02938df5-6afb-d44e-582d-0b5eea40f8eb;51:88:0A:9E;0;AVIÁRIO MEIO;911,00;21/11/2025;03:53:49;20;1282-20
CO2;1282;CT-CO2-0;02938df5-6afb-d44e-582d-0b5eea40f8eb;51:88:0A:9E;0;AVIÁRIO MEIO;872,00;21/11/2025;03:59:20;20;1282-20
CO2;1282;CT-CO2-0;02938df5-6afb-d44e-582d-0b5eea40f8eb;51:88:0A:9E;0;AVIÁRIO MEIO;859,00;21/11/2025;04:05:24;20;1282-20
CO2;1282;CT-CO2-0;02938df5-6afb-d44e-582d-0b5eea40f8eb;51:88:0A:9E;0;AVIÁRIO MEIO;846,00;21/11/2025;04:09:58;20;1282-20
CO2;1282;CT-CO2-0;02938df5-6afb-d44e-582d-0b5eea40f8eb;51:88:0A:9E;0;AVIÁRIO MEIO;848,00;21/11/2025;04:15:30;20;1282-20
CO2;1282;CT-CO2-0;02938df5-6afb-d44e-582d-0b5eea40f8eb;51:88:0A:9E;0;AVIÁRIO MEIO;850,00;21/11/2025;04:21:02;20;1282-20
CO2;1282;CT-CO2-0;02938df5-6afb-d44e-582d-0b5eea40f8eb;51:88:0A:9E;0;AVIÁRIO MEIO;844,00;21/11/2025;04:26:04;20;1282-20
CO2;1282;CT-CO2-0;02938df5-6afb-d44e-582d-0b5eea40f8eb;51:88:0A:9E;0;AVIÁRIO MEIO;845,00;21/11/2025;04:31:38;20;1282-20
CO2;1282;CT-CO2-0;02938df5-6afb-d44e-582d-0b5eea40f8eb;51:88:0A:9E;0;AVIÁRIO MEIO;835,00;21/11/2025;04:37:10;20;1282-20
CO2;1282;CT-CO2-0;02938df5-6afb-d44e-582d-0b5eea40f8eb;51:88:0A:9E;0;AVIÁRIO MEIO;840,00;21/11/2025;04:42:12;20;1282-20
CO2;1282;CT-CO2-0;02938df5-6afb-d44e-582d-0b5eea40f8eb;51:88:0A:9E;0;AVIÁRIO MEIO;835,00;21/11/2025;04:47:45;20;1282-20
CO2;1282;CT-CO2-0;02938df5-6afb-d44e-582d-0b5eea40f8eb;51:88:0A:9E;0;AVIÁRIO MEIO;849,00;21/11/2025;04:53:16;20;1282-20
CO2;1282;CT-CO2-0;02938df5-6afb-d44e-582d-0b5eea40f8eb;51:88:0A:9E;0;AVIÁRIO MEIO;847,00;21/11/2025;04:58:19;20;1282-20
CO2;1282;CT-CO2-0;02938df5-6afb-d44e-582d-0b5eea40f8eb;51:88:0A:9E;0;AVIÁRIO MEIO;833,00;21/11/2025;05:03:51;20;1282-20
CO2;1282;CT-CO2-0;02938df5-6afb-d44e-582d-0b5eea40f8eb;51:88:0A:9E;0;AVIÁRIO MEIO;841,00;21/11/2025;05:09:23;20;1282-20
CO2;1282;CT-CO2-0;02938df5-6afb-d44e-582d-0b5eea40f8eb;51:88:0A:9E;0;AVIÁRIO MEIO;849,00;21/11/2025;05:14:57;20;1282-20
CO2;1282;CT-CO2-0;02938df5-6afb-d44e-582d-0b5eea40f8eb;51:88:0A:9E;0;AVIÁRIO MEIO;854,00;21/11/2025;05:19:59;20;1282-20
CO2;1282;CT-CO2-0;02938df5-6afb-d44e-582d-0b5eea40f8eb;51:88:0A:9E;0;AVIÁRIO MEIO;874,00;21/11/2025;05:25:01;20;1282-20
CO2;1282;CT-CO2-0;02938df5-6afb-d44e-582d-0b5eea40f8eb;51:88:0A:9E;0;AVIÁRIO MEIO;861,00;21/11/2025;05:30:34;20;1282-20
CO2;1282;CT-CO2-0;02938df5-6afb-d44e-582d-0b5eea40f8eb;51:88:0A:9E;0;AVIÁRIO MEIO;886,00;21/11/2025;05:36:06;20;1282-20
CO2;1282;CT-CO2-0;02938df5-6afb-d44e-582d-0b5eea40f8eb;51:88:0A:9E;0;AVIÁRIO MEIO;889,00;21/11/2025;05:41:08;20;1282-20
CO2;1282;CT-CO2-0;02938df5-6afb-d44e-582d-0b5eea40f8eb;51:88:0A:9E;0;AVIÁRIO MEIO;900,00;21/11/2025;05:46:40;20;1282-20
CO2;1282;CT-CO2-0;02938df5-6afb-d44e-582d-0b5eea40f8eb;51:88:0A:9E;0;AVIÁRIO MEIO;910,00;21/11/2025;05:52:12;20;1282-20
CO2;1282;CT-CO2-0;02938df5-6afb-d44e-582d-0b5eea40f8eb;51:88:0A:9E;0;AVIÁRIO MEIO;921,00;21/11/2025;05:57:14;20;1282-20
CO2;1282;CT-CO2-0;02938df5-6afb-d44e-582d-0b5eea40f8eb;51:88:0A:9E;0;AVIÁRIO MEIO;913,00;21/11/2025;06:02:46;20;1282-20
CO2;1282;CT-CO2-0;02938df5-6afb-d44e-582d-0b5eea40f8eb;51:88:0A:9E;0;AVIÁRIO MEIO;886,00;21/11/2025;06:08:18;20;1282-20
CO2;1282;CT-CO2-0;02938df5-6afb-d44e-582d-0b5eea40f8eb;51:88:0A:9E;0;AVIÁRIO MEIO;879,00;21/11/2025;06:13:20;20;1282-20
CO2;1282;CT-CO2-0;02938df5-6afb-d44e-582d-0b5eea40f8eb;51:88:0A:9E;0;AVIÁRIO MEIO;887,00;21/11/2025;06:18:52;20;1282-20
CO2;1282;CT-CO2-0;02938df5-6afb-d44e-582d-0b5eea40f8eb;51:88:0A:9E;0;AVIÁRIO MEIO;883,00;21/11/2025;06:24:55;20;1282-20
CO2;1282;CT-CO2-0;02938df5-6afb-d44e-582d-0b5eea40f8eb;51:88:0A:9E;0;AVIÁRIO MEIO;860,00;21/11/2025;06:29:27;20;1282-20
CO2;1282;CT-CO2-0;02938df5-6afb-d44e-582d-0b5eea40f8eb;51:88:0A:9E;0;AVIÁRIO MEIO;908,00;21/11/2025;06:34:59;20;1282-20
CO2;1282;CT-CO2-0;02938df5-6afb-d44e-582d-0b5eea40f8eb;51:88:0A:9E;0;AVIÁRIO MEIO;854,00;21/11/2025;06:40:31;20;1282-20
CO2;1282;CT-CO2-0;02938df5-6afb-d44e-582d-0b5eea40f8eb;51:88:0A:9E;0;AVIÁRIO MEIO;837,00;21/11/2025;06:45:33;20;1282-20
CO2;1282;CT-CO2-0;02938df5-6afb-d44e-582d-0b5eea40f8eb;51:88:0A:9E;0;AVIÁRIO MEIO;831,00;21/11/2025;06:51:05;20;1282-20
CO2;1282;CT-CO2-0;02938df5-6afb-d44e-582d-0b5eea40f8eb;51:88:0A:9E;0;AVIÁRIO MEIO;828,00;21/11/2025;06:56:38;20;1282-20
CO2;1282;CT-CO2-0;02938df5-6afb-d44e-582d-0b5eea40f8eb;51:88:0A:9E;0;AVIÁRIO MEIO;819,00;21/11/2025;07:01:42;20;1282-20
CO2;1282;CT-CO2-0;02938df5-6afb-d44e-582d-0b5eea40f8eb;51:88:0A:9E;0;AVIÁRIO MEIO;805,00;21/11/2025;07:07:13;20;1282-20
CO2;1282;CT-CO2-0;02938df5-6afb-d44e-582d-0b5eea40f8eb;51:88:0A:9E;0;AVIÁRIO MEIO;806,00;21/11/2025;07:12:45;20;1282-20
CO2;1282;CT-CO2-0;02938df5-6afb-d44e-582d-0b5eea40f8eb;51:88:0A:9E;0;AVIÁRIO MEIO;782,00;21/11/2025;07:17:47;20;1282-20
CO2;1282;CT-CO2-0;02938df5-6afb-d44e-582d-0b5eea40f8eb;51:88:0A:9E;0;AVIÁRIO MEIO;780,00;21/11/2025;07:23:19;20;1282-20
CO2;1282;CT-CO2-0;02938df5-6afb-d44e-582d-0b5eea40f8eb;51:88:0A:9E;0;AVIÁRIO MEIO;786,00;21/11/2025;07:28:51;20;1282-20
CO2;1282;CT-CO2-0;02938df5-6afb-d44e-582d-0b5eea40f8eb;51:88:0A:9E;0;AVIÁRIO MEIO;778,00;21/11/2025;07:34:24;20;1282-20
CO2;1282;CT-CO2-0;02938df5-6afb-d44e-582d-0b5eea40f8eb;51:88:0A:9E;0;AVIÁRIO MEIO;767,00;21/11/2025;07:39:27;20;1282-20
CO2;1282;CT-CO2-0;02938df5-6afb-d44e-582d-0b5eea40f8eb;51:88:0A:9E;0;AVIÁRIO MEIO;770,00;21/11/2025;07:44:59;20;1282-20
CO2;1282;CT-CO2-0;02938df5-6afb-d44e-582d-0b5eea40f8eb;51:88:0A:9E;0;AVIÁRIO MEIO;721,00;21/11/2025;07:50:01;20;1282-20
CO2;1282;CT-CO2-0;02938df5-6afb-d44e-582d-0b5eea40f8eb;51:88:0A:9E;0;AVIÁRIO MEIO;718,00;21/11/2025;07:55:33;20;1282-20
CO2;1282;CT-CO2-0;02938df5-6afb-d44e-582d-0b5eea40f8eb;51:88:0A:9E;0;AVIÁRIO MEIO;773,00;21/11/2025;08:01:06;20;1282-20
CO2;1282;CT-CO2-0;02938df5-6afb-d44e-582d-0b5eea40f8eb;51:88:0A:9E;0;AVIÁRIO MEIO;705,00;21/11/2025;08:06:07;20;1282-20
CO2;1282;CT-CO2-0;02938df5-6afb-d44e-582d-0b5eea40f8eb;51:88:0A:9E;0;AVIÁRIO MEIO;709,00;21/11/2025;08:11:39;20;1282-20
CO2;1282;CT-CO2-0;02938df5-6afb-d44e-582d-0b5eea40f8eb;51:88:0A:9E;0;AVIÁRIO MEIO;701,00;21/11/2025;08:17:12;20;1282-20
CO2;1282;CT-CO2-0;02938df5-6afb-d44e-582d-0b5eea40f8eb;51:88:0A:9E;0;AVIÁRIO MEIO;698,00;21/11/2025;08:22:13;20;1282-20
CO2;1282;CT-CO2-0;02938df5-6afb-d44e-582d-0b5eea40f8eb;51:88:0A:9E;0;AVIÁRIO MEIO;713,00;21/11/2025;08:27:45;20;1282-20
CO2;1282;CT-CO2-0;02938df5-6afb-d44e-582d-0b5eea40f8eb;51:88:0A:9E;0;AVIÁRIO MEIO;698,00;21/11/2025;08:33:17;20;1282-20
CO2;1282;CT-CO2-0;02938df5-6afb-d44e-582d-0b5eea40f8eb;51:88:0A:9E;0;AVIÁRIO MEIO;683,00;21/11/2025;08:38:20;20;1282-20
CO2;1282;CT-CO2-0;02938df5-6afb-d44e-582d-0b5eea40f8eb;51:88:0A:9E;0;AVIÁRIO MEIO;672,00;21/11/2025;08:44:26;20;1282-20
CO2;1282;CT-CO2-0;02938df5-6afb-d44e-582d-0b5eea40f8eb;51:88:0A:9E;0;AVIÁRIO MEIO;712,00;21/11/2025;08:48:57;20;1282-20
CO2;1282;CT-CO2-0;02938df5-6afb-d44e-582d-0b5eea40f8eb;51:88:0A:9E;0;AVIÁRIO MEIO;631,00;21/11/2025;08:54:29;20;1282-20
CO2;1282;CT-CO2-0;02938df5-6afb-d44e-582d-0b5eea40f8eb;51:88:0A:9E;0;AVIÁRIO MEIO;623,00;21/11/2025;09:00:02;20;1282-20
CO2;1282;CT-CO2-0;02938df5-6afb-d44e-582d-0b5eea40f8eb;51:88:0A:9E;0;AVIÁRIO MEIO;612,00;21/11/2025;09:05:05;20;1282-20
CO2;1282;CT-CO2-0;02938df5-6afb-d44e-582d-0b5eea40f8eb;51:88:0A:9E;0;AVIÁRIO MEIO;626,00;21/11/2025;09:10:36;20;1282-20
CO2;1282;CT-CO2-0;02938df5-6afb-d44e-582d-0b5eea40f8eb;51:88:0A:9E;0;AVIÁRIO MEIO;628,00;21/11/2025;09:16:08;20;1282-20
CO2;1282;CT-CO2-0;02938df5-6afb-d44e-582d-0b5eea40f8eb;51:88:0A:9E;0;AVIÁRIO MEIO;615,00;21/11/2025;09:21:10;20;1282-20
CO2;1282;CT-CO2-0;02938df5-6afb-d44e-582d-0b5eea40f8eb;51:88:0A:9E;0;AVIÁRIO MEIO;608,00;21/11/2025;09:26:43;20;1282-20
CO2;1282;CT-CO2-0;02938df5-6afb-d44e-582d-0b5eea40f8eb;51:88:0A:9E;0;AVIÁRIO MEIO;618,00;21/11/2025;09:32:15;20;1282-20
CO2;1282;CT-CO2-0;02938df5-6afb-d44e-582d-0b5eea40f8eb;51:88:0A:9E;0;AVIÁRIO MEIO;612,00;21/11/2025;09:37:18;20;1282-20
CO2;1282;CT-CO2-0;02938df5-6afb-d44e-582d-0b5eea40f8eb;51:88:0A:9E;0;AVIÁRIO MEIO;650,00;21/11/2025;09:42:50;20;1282-20
CO2;1282;CT-CO2-0;02938df5-6afb-d44e-582d-0b5eea40f8eb;51:88:0A:9E;0;AVIÁRIO MEIO;598,00;21/11/2025;09:48:21;20;1282-20
CO2;1282;CT-CO2-0;02938df5-6afb-d44e-582d-0b5eea40f8eb;51:88:0A:9E;0;AVIÁRIO MEIO;602,00;21/11/2025;09:53:55;20;1282-20
CO2;1282;CT-CO2-0;02938df5-6afb-d44e-582d-0b5eea40f8eb;51:88:0A:9E;0;AVIÁRIO MEIO;601,00;21/11/2025;09:58:56;20;1282-20
CO2;1282;CT-CO2-0;02938df5-6afb-d44e-582d-0b5eea40f8eb;51:88:0A:9E;0;AVIÁRIO MEIO;594,00;21/11/2025;10:04:28;20;1282-20
CO2;1282;CT-CO2-0;02938df5-6afb-d44e-582d-0b5eea40f8eb;51:88:0A:9E;0;AVIÁRIO MEIO;600,00;21/11/2025;10:09:30;20;1282-20
CO2;1282;CT-CO2-0;02938df5-6afb-d44e-582d-0b5eea40f8eb;51:88:0A:9E;0;AVIÁRIO MEIO;600,00;21/11/2025;10:15:07;20;1282-20
CO2;1282;CT-CO2-0;02938df5-6afb-d44e-582d-0b5eea40f8eb;51:88:0A:9E;0;AVIÁRIO MEIO;599,00;21/11/2025;10:20:11;20;1282-20
CO2;1282;CT-CO2-0;02938df5-6afb-d44e-582d-0b5eea40f8eb;51:88:0A:9E;0;AVIÁRIO MEIO;595,00;21/11/2025;10:25:44;20;1282-20
CO2;1282;CT-CO2-0;02938df5-6afb-d44e-582d-0b5eea40f8eb;51:88:0A:9E;0;AVIÁRIO MEIO;601,00;21/11/2025;10:31:17;20;1282-20
CO2;1282;CT-CO2-0;02938df5-6afb-d44e-582d-0b5eea40f8eb;51:88:0A:9E;0;AVIÁRIO MEIO;577,00;21/11/2025;10:36:19;20;1282-20
CO2;1282;CT-CO2-0;02938df5-6afb-d44e-582d-0b5eea40f8eb;51:88:0A:9E;0;AVIÁRIO MEIO;585,00;21/11/2025;10:41:51;20;1282-20
CO2;1282;CT-CO2-0;02938df5-6afb-d44e-582d-0b5eea40f8eb;51:88:0A:9E;0;AVIÁRIO MEIO;577,00;21/11/2025;10:47:23;20;1282-20
CO2;1282;CT-CO2-0;02938df5-6afb-d44e-582d-0b5eea40f8eb;51:88:0A:9E;0;AVIÁRIO MEIO;584,00;21/11/2025;10:52:25;20;1282-20
CO2;1282;CT-CO2-0;02938df5-6afb-d44e-582d-0b5eea40f8eb;51:88:0A:9E;0;AVIÁRIO MEIO;588,00;21/11/2025;10:57:58;20;1282-20
CO2;1282;CT-CO2-0;02938df5-6afb-d44e-582d-0b5eea40f8eb;51:88:0A:9E;0;AVIÁRIO MEIO;587,00;21/11/2025;11:04:03;20;1282-20
CO2;1282;CT-CO2-0;02938df5-6afb-d44e-582d-0b5eea40f8eb;51:88:0A:9E;0;AVIÁRIO MEIO;588,00;21/11/2025;11:08:36;20;1282-20
CO2;1282;CT-CO2-0;02938df5-6afb-d44e-582d-0b5eea40f8eb;51:88:0A:9E;0;AVIÁRIO MEIO;588,00;21/11/2025;11:14:08;20;1282-20
CO2;1282;CT-CO2-0;02938df5-6afb-d44e-582d-0b5eea40f8eb;51:88:0A:9E;0;AVIÁRIO MEIO;580,00;21/11/2025;11:19:40;20;1282-20
CO2;1282;CT-CO2-0;02938df5-6afb-d44e-582d-0b5eea40f8eb;51:88:0A:9E;0;AVIÁRIO MEIO;590,00;21/11/2025;11:30:15;20;1282-20
CO2;1282;CT-CO2-0;02938df5-6afb-d44e-582d-0b5eea40f8eb;51:88:0A:9E;0;AVIÁRIO MEIO;591,00;21/11/2025;11:35:47;20;1282-20
CO2;1282;CT-CO2-0;02938df5-6afb-d44e-582d-0b5eea40f8eb;51:88:0A:9E;0;AVIÁRIO MEIO;596,00;21/11/2025;11:40:49;20;1282-20
CO2;1282;CT-CO2-0;02938df5-6afb-d44e-582d-0b5eea40f8eb;51:88:0A:9E;0;AVIÁRIO MEIO;600,00;21/11/2025;11:46:22;20;1282-20
CO2;1282;CT-CO2-0;02938df5-6afb-d44e-582d-0b5eea40f8eb;51:88:0A:9E;0;AVIÁRIO MEIO;588,00;21/11/2025;11:51:55;20;1282-20
CO2;1282;CT-CO2-0;02938df5-6afb-d44e-582d-0b5eea40f8eb;51:88:0A:9E;0;AVIÁRIO MEIO;593,00;21/11/2025;11:56:57;20;1282-20
CO2;1282;CT-CO2-0;02938df5-6afb-d44e-582d-0b5eea40f8eb;51:88:0A:9E;0;AVIÁRIO MEIO;592,00;21/11/2025;12:02:29;20;1282-20
CO2;1282;CT-CO2-0;02938df5-6afb-d44e-582d-0b5eea40f8eb;51:88:0A:9E;0;AVIÁRIO MEIO;601,00;21/11/2025;12:07:32;20;1282-20
CO2;1282;CT-CO2-0;02938df5-6afb-d44e-582d-0b5eea40f8eb;51:88:0A:9E;0;AVIÁRIO MEIO;590,00;21/11/2025;12:13:37;20;1282-20
CO2;1282;CT-CO2-0;02938df5-6afb-d44e-582d-0b5eea40f8eb;51:88:0A:9E;0;AVIÁRIO MEIO;606,00;21/11/2025;12:18:39;20;1282-20
CO2;1282;CT-CO2-0;02938df5-6afb-d44e-582d-0b5eea40f8eb;51:88:0A:9E;0;AVIÁRIO MEIO;597,00;21/11/2025;12:23:42;20;1282-20
CO2;1282;CT-CO2-0;02938df5-6afb-d44e-582d-0b5eea40f8eb;51:88:0A:9E;0;AVIÁRIO MEIO;614,00;21/11/2025;12:29:13;20;1282-20
CO2;1282;CT-CO2-0;02938df5-6afb-d44e-582d-0b5eea40f8eb;51:88:0A:9E;0;AVIÁRIO MEIO;606,00;21/11/2025;12:34:46;20;1282-20
CO2;1282;CT-CO2-0;02938df5-6afb-d44e-582d-0b5eea40f8eb;51:88:0A:9E;0;AVIÁRIO MEIO;604,00;21/11/2025;12:39:48;20;1282-20
CO2;1282;CT-CO2-0;02938df5-6afb-d44e-582d-0b5eea40f8eb;51:88:0A:9E;0;AVIÁRIO MEIO;605,00;21/11/2025;12:45:20;20;1282-20
CO2;1282;CT-CO2-0;02938df5-6afb-d44e-582d-0b5eea40f8eb;51:88:0A:9E;0;AVIÁRIO MEIO;598,00;21/11/2025;12:50:53;20;1282-20
CO2;1282;CT-CO2-0;02938df5-6afb-d44e-582d-0b5eea40f8eb;51:88:0A:9E;0;AVIÁRIO MEIO;607,00;21/11/2025;12:55:54;20;1282-20
CO2;1282;CT-CO2-0;02938df5-6afb-d44e-582d-0b5eea40f8eb;51:88:0A:9E;0;AVIÁRIO MEIO;600,00;21/11/2025;13:01:27;20;1282-20
CO2;1282;CT-CO2-0;02938df5-6afb-d44e-582d-0b5eea40f8eb;51:88:0A:9E;0;AVIÁRIO MEIO;596,00;21/11/2025;13:06:59;20;1282-20
CO2;1282;CT-CO2-0;02938df5-6afb-d44e-582d-0b5eea40f8eb;51:88:0A:9E;0;AVIÁRIO MEIO;595,00;21/11/2025;13:12:00;20;1282-20
CO2;1282;CT-CO2-0;02938df5-6afb-d44e-582d-0b5eea40f8eb;51:88:0A:9E;0;AVIÁRIO MEIO;624,00;21/11/2025;13:17:32;20;1282-20
CO2;1282;CT-CO2-0;02938df5-6afb-d44e-582d-0b5eea40f8eb;51:88:0A:9E;0;AVIÁRIO MEIO;596,00;21/11/2025;13:23:35;20;1282-20
CO2;1282;CT-CO2-0;02938df5-6afb-d44e-582d-0b5eea40f8eb;51:88:0A:9E;0;AVIÁRIO MEIO;612,00;21/11/2025;13:28:08;20;1282-20
CO2;1282;CT-CO2-0;02938df5-6afb-d44e-582d-0b5eea40f8eb;51:88:0A:9E;0;AVIÁRIO MEIO;602,00;21/11/2025;13:33:40;20;1282-20
CO2;1282;CT-CO2-0;02938df5-6afb-d44e-582d-0b5eea40f8eb;51:88:0A:9E;0;AVIÁRIO MEIO;605,00;21/11/2025;13:39:12;20;1282-20
CO2;1282;CT-CO2-0;02938df5-6afb-d44e-582d-0b5eea40f8eb;51:88:0A:9E;0;AVIÁRIO MEIO;615,00;21/11/2025;13:44:14;20;1282-20
CO2;1282;CT-CO2-0;02938df5-6afb-d44e-582d-0b5eea40f8eb;51:88:0A:9E;0;AVIÁRIO MEIO;600,00;21/11/2025;13:49:47;20;1282-20
CO2;1282;CT-CO2-0;02938df5-6afb-d44e-582d-0b5eea40f8eb;51:88:0A:9E;0;AVIÁRIO MEIO;609,00;21/11/2025;13:55:19;20;1282-20
CO2;1282;CT-CO2-0;02938df5-6afb-d44e-582d-0b5eea40f8eb;51:88:0A:9E;0;AVIÁRIO MEIO;598,00;21/11/2025;14:00:21;20;1282-20
CO2;1282;CT-CO2-0;02938df5-6afb-d44e-582d-0b5eea40f8eb;51:88:0A:9E;0;AVIÁRIO MEIO;608,00;21/11/2025;14:05:55;20;1282-20
CO2;1282;CT-CO2-0;02938df5-6afb-d44e-582d-0b5eea40f8eb;51:88:0A:9E;0;AVIÁRIO MEIO;622,00;21/11/2025;14:11:27;20;1282-20
CO2;1282;CT-CO2-0;02938df5-6afb-d44e-582d-0b5eea40f8eb;51:88:0A:9E;0;AVIÁRIO MEIO;606,00;21/11/2025;14:16:29;20;1282-20
CO2;1282;CT-CO2-0;02938df5-6afb-d44e-582d-0b5eea40f8eb;51:88:0A:9E;0;AVIÁRIO MEIO;609,00;21/11/2025;14:22:07;20;1282-20
CO2;1282;CT-CO2-0;02938df5-6afb-d44e-582d-0b5eea40f8eb;51:88:0A:9E;0;AVIÁRIO MEIO;609,00;21/11/2025;14:27:39;20;1282-20
CO2;1282;CT-CO2-0;02938df5-6afb-d44e-582d-0b5eea40f8eb;51:88:0A:9E;0;AVIÁRIO MEIO;612,00;21/11/2025;14:33:13;20;1282-20
CO2;1282;CT-CO2-0;02938df5-6afb-d44e-582d-0b5eea40f8eb;51:88:0A:9E;0;AVIÁRIO MEIO;594,00;21/11/2025;14:38:15;20;1282-20
CO2;1282;CT-CO2-0;02938df5-6afb-d44e-582d-0b5eea40f8eb;51:88:0A:9E;0;AVIÁRIO MEIO;605,00;21/11/2025;14:43:47;20;1282-20
CO2;1282;CT-CO2-0;02938df5-6afb-d44e-582d-0b5eea40f8eb;51:88:0A:9E;0;AVIÁRIO MEIO;601,00;21/11/2025;14:48:50;20;1282-20
CO2;1282;CT-CO2-0;02938df5-6afb-d44e-582d-0b5eea40f8eb;51:88:0A:9E;0;AVIÁRIO MEIO;597,00;21/11/2025;14:54:22;20;1282-20
CO2;1282;CT-CO2-0;02938df5-6afb-d44e-582d-0b5eea40f8eb;51:88:0A:9E;0;AVIÁRIO MEIO;626,00;21/11/2025;15:04:58;20;1282-20
CO2;1282;CT-CO2-0;02938df5-6afb-d44e-582d-0b5eea40f8eb;51:88:0A:9E;0;AVIÁRIO MEIO;627,00;21/11/2025;15:10:30;20;1282-20
CO2;1282;CT-CO2-0;02938df5-6afb-d44e-582d-0b5eea40f8eb;51:88:0A:9E;0;AVIÁRIO MEIO;638,00;21/11/2025;15:16:03;20;1282-20
CO2;1282;CT-CO2-0;02938df5-6afb-d44e-582d-0b5eea40f8eb;51:88:0A:9E;0;AVIÁRIO MEIO;609,00;21/11/2025;15:21:05;20;1282-20
CO2;1282;CT-CO2-0;02938df5-6afb-d44e-582d-0b5eea40f8eb;51:88:0A:9E;0;AVIÁRIO MEIO;584,00;21/11/2025;15:26:37;20;1282-20
CO2;1282;CT-CO2-0;02938df5-6afb-d44e-582d-0b5eea40f8eb;51:88:0A:9E;0;AVIÁRIO MEIO;579,00;21/11/2025;15:32:09;20;1282-20
CO2;1282;CT-CO2-0;02938df5-6afb-d44e-582d-0b5eea40f8eb;51:88:0A:9E;0;AVIÁRIO MEIO;570,00;21/11/2025;15:37:10;20;1282-20
CO2;1282;CT-CO2-0;02938df5-6afb-d44e-582d-0b5eea40f8eb;51:88:0A:9E;0;AVIÁRIO MEIO;588,00;21/11/2025;15:43:14;20;1282-20
CO2;1282;CT-CO2-0;02938df5-6afb-d44e-582d-0b5eea40f8eb;51:88:0A:9E;0;AVIÁRIO MEIO;577,00;21/11/2025;15:48:17;20;1282-20
CO2;1282;CT-CO2-0;02938df5-6afb-d44e-582d-0b5eea40f8eb;51:88:0A:9E;0;AVIÁRIO MEIO;576,00;21/11/2025;15:53:19;20;1282-20
CO2;1282;CT-CO2-0;02938df5-6afb-d44e-582d-0b5eea40f8eb;51:88:0A:9E;0;AVIÁRIO MEIO;571,00;21/11/2025;15:58:51;20;1282-20
CO2;1282;CT-CO2-0;02938df5-6afb-d44e-582d-0b5eea40f8eb;51:88:0A:9E;0;AVIÁRIO MEIO;565,00;21/11/2025;16:04:23;20;1282-20
CO2;1282;CT-CO2-0;02938df5-6afb-d44e-582d-0b5eea40f8eb;51:88:0A:9E;0;AVIÁRIO MEIO;584,00;21/11/2025;16:09:25;20;1282-20
CO2;1282;CT-CO2-0;02938df5-6afb-d44e-582d-0b5eea40f8eb;51:88:0A:9E;0;AVIÁRIO MEIO;582,00;21/11/2025;16:14:57;20;1282-20
CO2;1282;CT-CO2-0;02938df5-6afb-d44e-582d-0b5eea40f8eb;51:88:0A:9E;0;AVIÁRIO MEIO;573,00;21/11/2025;16:20:29;20;1282-20
CO2;1282;CT-CO2-0;02938df5-6afb-d44e-582d-0b5eea40f8eb;51:88:0A:9E;0;AVIÁRIO MEIO;583,00;21/11/2025;16:26:00;20;1282-20
CO2;1282;CT-CO2-0;02938df5-6afb-d44e-582d-0b5eea40f8eb;51:88:0A:9E;0;AVIÁRIO MEIO;585,00;21/11/2025;16:31:02;20;1282-20
CO2;1282;CT-CO2-0;02938df5-6afb-d44e-582d-0b5eea40f8eb;51:88:0A:9E;0;AVIÁRIO MEIO;574,00;21/11/2025;16:36:34;20;1282-20
CO2;1282;CT-CO2-0;02938df5-6afb-d44e-582d-0b5eea40f8eb;51:88:0A:9E;0;AVIÁRIO MEIO;571,00;21/11/2025;16:42:06;20;1282-20
CO2;1282;CT-CO2-0;02938df5-6afb-d44e-582d-0b5eea40f8eb;51:88:0A:9E;0;AVIÁRIO MEIO;572,00;21/11/2025;16:47:08;20;1282-20
CO2;1282;CT-CO2-0;02938df5-6afb-d44e-582d-0b5eea40f8eb;51:88:0A:9E;0;AVIÁRIO MEIO;576,00;21/11/2025;16:53:12;20;1282-20
CO2;1282;CT-CO2-0;02938df5-6afb-d44e-582d-0b5eea40f8eb;51:88:0A:9E;0;AVIÁRIO MEIO;572,00;21/11/2025;16:58:14;20;1282-20
CO2;1282;CT-CO2-0;02938df5-6afb-d44e-582d-0b5eea40f8eb;51:88:0A:9E;0;AVIÁRIO MEIO;594,00;21/11/2025;17:03:17;20;1282-20
CO2;1282;CT-CO2-0;02938df5-6afb-d44e-582d-0b5eea40f8eb;51:88:0A:9E;0;AVIÁRIO MEIO;590,00;21/11/2025;17:08:49;20;1282-20
CO2;1282;CT-CO2-0;02938df5-6afb-d44e-582d-0b5eea40f8eb;51:88:0A:9E;0;AVIÁRIO MEIO;584,00;21/11/2025;17:14:21;20;1282-20
CO2;1282;CT-CO2-0;02938df5-6afb-d44e-582d-0b5eea40f8eb;51:88:0A:9E;0;AVIÁRIO MEIO;595,00;21/11/2025;17:19:28;20;1282-20
CO2;1282;CT-CO2-0;02938df5-6afb-d44e-582d-0b5eea40f8eb;51:88:0A:9E;0;AVIÁRIO MEIO;580,00;21/11/2025;17:25:01;20;1282-20
CO2;1282;CT-CO2-0;02938df5-6afb-d44e-582d-0b5eea40f8eb;51:88:0A:9E;0;AVIÁRIO MEIO;578,00;21/11/2025;17:30:33;20;1282-20
CO2;1282;CT-CO2-0;02938df5-6afb-d44e-582d-0b5eea40f8eb;51:88:0A:9E;0;AVIÁRIO MEIO;579,00;21/11/2025;17:35:36;20;1282-20
CO2;1282;CT-CO2-0;02938df5-6afb-d44e-582d-0b5eea40f8eb;51:88:0A:9E;0;AVIÁRIO MEIO;572,00;21/11/2025;17:41:08;20;1282-20
CO2;1282;CT-CO2-0;02938df5-6afb-d44e-582d-0b5eea40f8eb;51:88:0A:9E;0;AVIÁRIO MEIO;569,00;21/11/2025;17:51:48;20;1282-20
CO2;1282;CT-CO2-0;02938df5-6afb-d44e-582d-0b5eea40f8eb;51:88:0A:9E;0;AVIÁRIO MEIO;568,00;21/11/2025;17:57:19;20;1282-20
CO2;1282;CT-CO2-0;02938df5-6afb-d44e-582d-0b5eea40f8eb;51:88:0A:9E;0;AVIÁRIO MEIO;550,00;21/11/2025;18:03:23;20;1282-20
CO2;1282;CT-CO2-0;02938df5-6afb-d44e-582d-0b5eea40f8eb;51:88:0A:9E;0;AVIÁRIO MEIO;567,00;21/11/2025;18:07:56;20;1282-20
CO2;1282;CT-CO2-0;02938df5-6afb-d44e-582d-0b5eea40f8eb;51:88:0A:9E;0;AVIÁRIO MEIO;565,00;21/11/2025;18:13:27;20;1282-20
CO2;1282;CT-CO2-0;02938df5-6afb-d44e-582d-0b5eea40f8eb;51:88:0A:9E;0;AVIÁRIO MEIO;579,00;21/11/2025;18:19:00;20;1282-20
CO2;1282;CT-CO2-0;02938df5-6afb-d44e-582d-0b5eea40f8eb;51:88:0A:9E;0;AVIÁRIO MEIO;597,00;21/11/2025;18:24:01;20;1282-20
CO2;1282;CT-CO2-0;02938df5-6afb-d44e-582d-0b5eea40f8eb;51:88:0A:9E;0;AVIÁRIO MEIO;592,00;21/11/2025;18:29:34;20;1282-20
CO2;1282;CT-CO2-0;02938df5-6afb-d44e-582d-0b5eea40f8eb;51:88:0A:9E;0;AVIÁRIO MEIO;601,00;21/11/2025;18:35:06;20;1282-20
CO2;1282;CT-CO2-0;02938df5-6afb-d44e-582d-0b5eea40f8eb;51:88:0A:9E;0;AVIÁRIO MEIO;597,00;21/11/2025;18:40:08;20;1282-20
CO2;1282;CT-CO2-0;02938df5-6afb-d44e-582d-0b5eea40f8eb;51:88:0A:9E;0;AVIÁRIO MEIO;593,00;21/11/2025;18:45:40;20;1282-20
CO2;1282;CT-CO2-0;02938df5-6afb-d44e-582d-0b5eea40f8eb;51:88:0A:9E;0;AVIÁRIO MEIO;597,00;21/11/2025;18:51:12;20;1282-20
CO2;1282;CT-CO2-0;02938df5-6afb-d44e-582d-0b5eea40f8eb;51:88:0A:9E;0;AVIÁRIO MEIO;598,00;21/11/2025;18:56:14;20;1282-20
CO2;1282;CT-CO2-0;02938df5-6afb-d44e-582d-0b5eea40f8eb;51:88:0A:9E;0;AVIÁRIO MEIO;599,00;21/11/2025;19:07:19;20;1282-20
CO2;1282;CT-CO2-0;02938df5-6afb-d44e-582d-0b5eea40f8eb;51:88:0A:9E;0;AVIÁRIO MEIO;605,00;21/11/2025;19:12:52;20;1282-20
CO2;1282;CT-CO2-0;02938df5-6afb-d44e-582d-0b5eea40f8eb;51:88:0A:9E;0;AVIÁRIO MEIO;606,00;21/11/2025;19:17:54;20;1282-20
CO2;1282;CT-CO2-0;02938df5-6afb-d44e-582d-0b5eea40f8eb;51:88:0A:9E;0;AVIÁRIO MEIO;620,00;21/11/2025;19:23:25;20;1282-20
CO2;1282;CT-CO2-0;02938df5-6afb-d44e-582d-0b5eea40f8eb;51:88:0A:9E;0;AVIÁRIO MEIO;621,00;21/11/2025;19:28:57;20;1282-20
CO2;1282;CT-CO2-0;02938df5-6afb-d44e-582d-0b5eea40f8eb;51:88:0A:9E;0;AVIÁRIO MEIO;609,00;21/11/2025;19:33:59;20;1282-20
CO2;1282;CT-CO2-0;02938df5-6afb-d44e-582d-0b5eea40f8eb;51:88:0A:9E;0;AVIÁRIO MEIO;638,00;21/11/2025;19:39:32;20;1282-20
CO2;1282;CT-CO2-0;02938df5-6afb-d44e-582d-0b5eea40f8eb;51:88:0A:9E;0;AVIÁRIO MEIO;661,00;21/11/2025;19:45:07;20;1282-20
CO2;1282;CT-CO2-0;02938df5-6afb-d44e-582d-0b5eea40f8eb;51:88:0A:9E;0;AVIÁRIO MEIO;656,00;21/11/2025;19:50:10;20;1282-20
CO2;1282;CT-CO2-0;02938df5-6afb-d44e-582d-0b5eea40f8eb;51:88:0A:9E;0;AVIÁRIO MEIO;645,00;21/11/2025;19:55:42;20;1282-20
CO2;1282;CT-CO2-0;02938df5-6afb-d44e-582d-0b5eea40f8eb;51:88:0A:9E;0;AVIÁRIO MEIO;640,00;21/11/2025;20:01:13;20;1282-20
CO2;1282;CT-CO2-0;02938df5-6afb-d44e-582d-0b5eea40f8eb;51:88:0A:9E;0;AVIÁRIO MEIO;646,00;21/11/2025;20:06:16;20;1282-20
CO2;1282;CT-CO2-0;02938df5-6afb-d44e-582d-0b5eea40f8eb;51:88:0A:9E;0;AVIÁRIO MEIO;629,00;21/11/2025;20:17:53;20;1282-20
CO2;1282;CT-CO2-0;02938df5-6afb-d44e-582d-0b5eea40f8eb;51:88:0A:9E;0;AVIÁRIO MEIO;644,00;21/11/2025;20:22:26;20;1282-20
CO2;1282;CT-CO2-0;02938df5-6afb-d44e-582d-0b5eea40f8eb;51:88:0A:9E;0;AVIÁRIO MEIO;637,00;21/11/2025;20:27:58;20;1282-20
CO2;1282;CT-CO2-0;02938df5-6afb-d44e-582d-0b5eea40f8eb;51:88:0A:9E;0;AVIÁRIO MEIO;654,00;21/11/2025;20:33:30;20;1282-20
CO2;1282;CT-CO2-0;02938df5-6afb-d44e-582d-0b5eea40f8eb;51:88:0A:9E;0;AVIÁRIO MEIO;657,00;21/11/2025;20:38:32;20;1282-20
CO2;1282;CT-CO2-0;02938df5-6afb-d44e-582d-0b5eea40f8eb;51:88:0A:9E;0;AVIÁRIO MEIO;670,00;21/11/2025;20:44:04;20;1282-20
CO2;1282;CT-CO2-0;02938df5-6afb-d44e-582d-0b5eea40f8eb;51:88:0A:9E;0;AVIÁRIO MEIO;665,00;21/11/2025;20:49:36;20;1282-20
CO2;1282;CT-CO2-0;02938df5-6afb-d44e-582d-0b5eea40f8eb;51:88:0A:9E;0;AVIÁRIO MEIO;649,00;21/11/2025;20:54:38;20;1282-20
CO2;1282;CT-CO2-0;02938df5-6afb-d44e-582d-0b5eea40f8eb;51:88:0A:9E;0;AVIÁRIO MEIO;669,00;21/11/2025;21:00:10;20;1282-20
CO2;1282;CT-CO2-0;02938df5-6afb-d44e-582d-0b5eea40f8eb;51:88:0A:9E;0;AVIÁRIO MEIO;672,00;21/11/2025;21:07:12;20;1282-20
CO2;1282;CT-CO2-0;02938df5-6afb-d44e-582d-0b5eea40f8eb;51:88:0A:9E;0;AVIÁRIO MEIO;676,00;21/11/2025;21:12:14;20;1282-20
CO2;1282;CT-CO2-0;02938df5-6afb-d44e-582d-0b5eea40f8eb;51:88:0A:9E;0;AVIÁRIO MEIO;645,00;21/11/2025;21:17:47;20;1282-20
CO2;1282;CT-CO2-0;02938df5-6afb-d44e-582d-0b5eea40f8eb;51:88:0A:9E;0;AVIÁRIO MEIO;656,00;21/11/2025;21:23:52;20;1282-20
CO2;1282;CT-CO2-0;02938df5-6afb-d44e-582d-0b5eea40f8eb;51:88:0A:9E;0;AVIÁRIO MEIO;711,00;21/11/2025;21:28:24;20;1282-20
CO2;1282;CT-CO2-0;02938df5-6afb-d44e-582d-0b5eea40f8eb;51:88:0A:9E;0;AVIÁRIO MEIO;665,00;21/11/2025;21:33:56;20;1282-20
CO2;1282;CT-CO2-0;02938df5-6afb-d44e-582d-0b5eea40f8eb;51:88:0A:9E;0;AVIÁRIO MEIO;687,00;21/11/2025;21:39:28;20;1282-20
CO2;1282;CT-CO2-0;02938df5-6afb-d44e-582d-0b5eea40f8eb;51:88:0A:9E;0;AVIÁRIO MEIO;702,00;21/11/2025;21:44:30;20;1282-20
CO2;1282;CT-CO2-0;02938df5-6afb-d44e-582d-0b5eea40f8eb;51:88:0A:9E;0;AVIÁRIO MEIO;676,00;21/11/2025;21:50:04;20;1282-20
CO2;1282;CT-CO2-0;02938df5-6afb-d44e-582d-0b5eea40f8eb;51:88:0A:9E;0;AVIÁRIO MEIO;666,00;21/11/2025;21:55:36;20;1282-20
CO2;1282;CT-CO2-0;02938df5-6afb-d44e-582d-0b5eea40f8eb;51:88:0A:9E;0;AVIÁRIO MEIO;687,00;21/11/2025;22:00:37;20;1282-20
CO2;1282;CT-CO2-0;02938df5-6afb-d44e-582d-0b5eea40f8eb;51:88:0A:9E;0;AVIÁRIO MEIO;719,00;21/11/2025;22:06:09;20;1282-20
CO2;1282;CT-CO2-0;02938df5-6afb-d44e-582d-0b5eea40f8eb;51:88:0A:9E;0;AVIÁRIO MEIO;706,00;21/11/2025;22:22:19;20;1282-20
CO2;1282;CT-CO2-0;02938df5-6afb-d44e-582d-0b5eea40f8eb;51:88:0A:9E;0;AVIÁRIO MEIO;693,00;21/11/2025;22:27:51;20;1282-20
CO2;1282;CT-CO2-0;02938df5-6afb-d44e-582d-0b5eea40f8eb;51:88:0A:9E;0;AVIÁRIO MEIO;667,00;21/11/2025;22:33:25;20;1282-20
CO2;1282;CT-CO2-0;02938df5-6afb-d44e-582d-0b5eea40f8eb;51:88:0A:9E;0;AVIÁRIO MEIO;672,00;21/11/2025;22:38:27;20;1282-20
CO2;1282;CT-CO2-0;02938df5-6afb-d44e-582d-0b5eea40f8eb;51:88:0A:9E;0;AVIÁRIO MEIO;711,00;21/11/2025;22:43:58;20;1282-20
CO2;1282;CT-CO2-0;02938df5-6afb-d44e-582d-0b5eea40f8eb;51:88:0A:9E;0;AVIÁRIO MEIO;679,00;21/11/2025;22:49:31;20;1282-20
CO2;1282;CT-CO2-0;02938df5-6afb-d44e-582d-0b5eea40f8eb;51:88:0A:9E;0;AVIÁRIO MEIO;668,00;21/11/2025;22:54:33;20;1282-20
CO2;1282;CT-CO2-0;02938df5-6afb-d44e-582d-0b5eea40f8eb;51:88:0A:9E;0;AVIÁRIO MEIO;689,00;21/11/2025;23:00:05;20;1282-20
CO2;1282;CT-CO2-0;02938df5-6afb-d44e-582d-0b5eea40f8eb;51:88:0A:9E;0;AVIÁRIO MEIO;718,00;21/11/2025;23:05:37;20;1282-20
CO2;1282;CT-CO2-0;02938df5-6afb-d44e-582d-0b5eea40f8eb;51:88:0A:9E;0;AVIÁRIO MEIO;706,00;21/11/2025;23:10:39;20;1282-20
CO2;1282;CT-CO2-0;02938df5-6afb-d44e-582d-0b5eea40f8eb;51:88:0A:9E;0;AVIÁRIO MEIO;741,00;21/11/2025;23:16:10;20;1282-20
CO2;1282;CT-CO2-0;02938df5-6afb-d44e-582d-0b5eea40f8eb;51:88:0A:9E;0;AVIÁRIO MEIO;729,00;21/11/2025;23:32:20;20;1282-20
CO2;1282;CT-CO2-0;02938df5-6afb-d44e-582d-0b5eea40f8eb;51:88:0A:9E;0;AVIÁRIO MEIO;717,00;21/11/2025;23:37:53;20;1282-20
CO2;1282;CT-CO2-0;02938df5-6afb-d44e-582d-0b5eea40f8eb;51:88:0A:9E;0;AVIÁRIO MEIO;745,00;21/11/2025;23:43:26;20;1282-20
CO2;1282;CT-CO2-0;02938df5-6afb-d44e-582d-0b5eea40f8eb;51:88:0A:9E;0;AVIÁRIO MEIO;768,00;21/11/2025;23:48:29;20;1282-20
CO2;1282;CT-CO2-0;02938df5-6afb-d44e-582d-0b5eea40f8eb;51:88:0A:9E;0;AVIÁRIO MEIO;733,00;21/11/2025;23:54:03;20;1282-20
CO2;1282;CT-CO2-0;02938df5-6afb-d44e-582d-0b5eea40f8eb;51:88:0A:9E;0;AVIÁRIO MEIO;764,00;21/11/2025;23:59:05;20;1282-20
CO2;1282;CT-CO2-0;02938df5-6afb-d44e-582d-0b5eea40f8eb;51:88:0A:9E;0;AVIÁRIO MEIO;785,00;22/11/2025;00:04:36;20;1282-20
CO2;1282;CT-CO2-0;02938df5-6afb-d44e-582d-0b5eea40f8eb;51:88:0A:9E;0;AVIÁRIO MEIO;753,00;22/11/2025;00:10:10;20;1282-20
CO2;1282;CT-CO2-0;02938df5-6afb-d44e-582d-0b5eea40f8eb;51:88:0A:9E;0;AVIÁRIO MEIO;764,00;22/11/2025;00:15:11;20;1282-20
CO2;1282;CT-CO2-0;02938df5-6afb-d44e-582d-0b5eea40f8eb;51:88:0A:9E;0;AVIÁRIO MEIO;766,00;22/11/2025;00:20:44;20;1282-20
CO2;1282;CT-CO2-0;02938df5-6afb-d44e-582d-0b5eea40f8eb;51:88:0A:9E;0;AVIÁRIO MEIO;744,00;22/11/2025;00:26:17;20;1282-20
CO2;1282;CT-CO2-0;02938df5-6afb-d44e-582d-0b5eea40f8eb;51:88:0A:9E;0;AVIÁRIO MEIO;739,00;22/11/2025;00:31:18;20;1282-20
CO2;1282;CT-CO2-0;02938df5-6afb-d44e-582d-0b5eea40f8eb;51:88:0A:9E;0;AVIÁRIO MEIO;736,00;22/11/2025;00:42:22;20;1282-20
CO2;1282;CT-CO2-0;02938df5-6afb-d44e-582d-0b5eea40f8eb;51:88:0A:9E;0;AVIÁRIO MEIO;717,00;22/11/2025;00:47:25;20;1282-20
CO2;1282;CT-CO2-0;02938df5-6afb-d44e-582d-0b5eea40f8eb;51:88:0A:9E;0;AVIÁRIO MEIO;713,00;22/11/2025;00:53:27;20;1282-20
CO2;1282;CT-CO2-0;02938df5-6afb-d44e-582d-0b5eea40f8eb;51:88:0A:9E;0;AVIÁRIO MEIO;714,00;22/11/2025;00:58:29;20;1282-20
CO2;1282;CT-CO2-0;02938df5-6afb-d44e-582d-0b5eea40f8eb;51:88:0A:9E;0;AVIÁRIO MEIO;712,00;22/11/2025;01:03:31;20;1282-20
CO2;1282;CT-CO2-0;02938df5-6afb-d44e-582d-0b5eea40f8eb;51:88:0A:9E;0;AVIÁRIO MEIO;721,00;22/11/2025;01:09:03;20;1282-20
CO2;1282;CT-CO2-0;02938df5-6afb-d44e-582d-0b5eea40f8eb;51:88:0A:9E;0;AVIÁRIO MEIO;706,00;22/11/2025;01:14:35;20;1282-20
CO2;1282;CT-CO2-0;02938df5-6afb-d44e-582d-0b5eea40f8eb;51:88:0A:9E;0;AVIÁRIO MEIO;703,00;22/11/2025;01:20:06;20;1282-20
CO2;1282;CT-CO2-0;02938df5-6afb-d44e-582d-0b5eea40f8eb;51:88:0A:9E;0;AVIÁRIO MEIO;689,00;22/11/2025;01:25:08;20;1282-20
CO2;1282;CT-CO2-0;02938df5-6afb-d44e-582d-0b5eea40f8eb;51:88:0A:9E;0;AVIÁRIO MEIO;703,00;22/11/2025;01:30:41;20;1282-20
CO2;1282;CT-CO2-0;02938df5-6afb-d44e-582d-0b5eea40f8eb;51:88:0A:9E;0;AVIÁRIO MEIO;723,00;22/11/2025;01:36:13;20;1282-20
CO2;1282;CT-CO2-0;02938df5-6afb-d44e-582d-0b5eea40f8eb;51:88:0A:9E;0;AVIÁRIO MEIO;723,00;22/11/2025;01:41:15;20;1282-20
CO2;1282;CT-CO2-0;02938df5-6afb-d44e-582d-0b5eea40f8eb;51:88:0A:9E;0;AVIÁRIO MEIO;759,00;22/11/2025;01:52:18;20;1282-20
CO2;1282;CT-CO2-0;02938df5-6afb-d44e-582d-0b5eea40f8eb;51:88:0A:9E;0;AVIÁRIO MEIO;748,00;22/11/2025;01:57:20;20;1282-20
CO2;1282;CT-CO2-0;02938df5-6afb-d44e-582d-0b5eea40f8eb;51:88:0A:9E;0;AVIÁRIO MEIO;743,00;22/11/2025;02:03:23;20;1282-20
CO2;1282;CT-CO2-0;02938df5-6afb-d44e-582d-0b5eea40f8eb;51:88:0A:9E;0;AVIÁRIO MEIO;735,00;22/11/2025;02:08:25;20;1282-20
CO2;1282;CT-CO2-0;02938df5-6afb-d44e-582d-0b5eea40f8eb;51:88:0A:9E;0;AVIÁRIO MEIO;722,00;22/11/2025;02:13:27;20;1282-20
CO2;1282;CT-CO2-0;02938df5-6afb-d44e-582d-0b5eea40f8eb;51:88:0A:9E;0;AVIÁRIO MEIO;727,00;22/11/2025;02:18:59;20;1282-20
CO2;1282;CT-CO2-0;02938df5-6afb-d44e-582d-0b5eea40f8eb;51:88:0A:9E;0;AVIÁRIO MEIO;722,00;22/11/2025;02:24:31;20;1282-20
CO2;1282;CT-CO2-0;02938df5-6afb-d44e-582d-0b5eea40f8eb;51:88:0A:9E;0;AVIÁRIO MEIO;709,00;22/11/2025;02:29:33;20;1282-20
CO2;1282;CT-CO2-0;02938df5-6afb-d44e-582d-0b5eea40f8eb;51:88:0A:9E;0;AVIÁRIO MEIO;711,00;22/11/2025;02:35:08;20;1282-20
CO2;1282;CT-CO2-0;02938df5-6afb-d44e-582d-0b5eea40f8eb;51:88:0A:9E;0;AVIÁRIO MEIO;717,00;22/11/2025;02:40:41;20;1282-20
CO2;1282;CT-CO2-0;02938df5-6afb-d44e-582d-0b5eea40f8eb;51:88:0A:9E;0;AVIÁRIO MEIO;705,00;22/11/2025;02:45:42;20;1282-20
CO2;1282;CT-CO2-0;02938df5-6afb-d44e-582d-0b5eea40f8eb;51:88:0A:9E;0;AVIÁRIO MEIO;794,00;22/11/2025;02:51:14;20;1282-20
CO2;1282;CT-CO2-0;02938df5-6afb-d44e-582d-0b5eea40f8eb;51:88:0A:9E;0;AVIÁRIO MEIO;722,00;22/11/2025;03:01:50;20;1282-20
CO2;1282;CT-CO2-0;02938df5-6afb-d44e-582d-0b5eea40f8eb;51:88:0A:9E;0;AVIÁRIO MEIO;733,00;22/11/2025;03:07:23;20;1282-20
CO2;1282;CT-CO2-0;02938df5-6afb-d44e-582d-0b5eea40f8eb;51:88:0A:9E;0;AVIÁRIO MEIO;736,00;22/11/2025;03:13:26;20;1282-20
CO2;1282;CT-CO2-0;02938df5-6afb-d44e-582d-0b5eea40f8eb;51:88:0A:9E;0;AVIÁRIO MEIO;731,00;22/11/2025;03:17:58;20;1282-20
CO2;1282;CT-CO2-0;02938df5-6afb-d44e-582d-0b5eea40f8eb;51:88:0A:9E;0;AVIÁRIO MEIO;738,00;22/11/2025;03:23:30;20;1282-20
CO2;1282;CT-CO2-0;02938df5-6afb-d44e-582d-0b5eea40f8eb;51:88:0A:9E;0;AVIÁRIO MEIO;722,00;22/11/2025;03:29:03;20;1282-20
CO2;1282;CT-CO2-0;02938df5-6afb-d44e-582d-0b5eea40f8eb;51:88:0A:9E;0;AVIÁRIO MEIO;738,00;22/11/2025;03:34:35;20;1282-20
CO2;1282;CT-CO2-0;02938df5-6afb-d44e-582d-0b5eea40f8eb;51:88:0A:9E;0;AVIÁRIO MEIO;730,00;22/11/2025;03:39:37;20;1282-20
CO2;1282;CT-CO2-0;02938df5-6afb-d44e-582d-0b5eea40f8eb;51:88:0A:9E;0;AVIÁRIO MEIO;718,00;22/11/2025;03:45:10;20;1282-20
CO2;1282;CT-CO2-0;02938df5-6afb-d44e-582d-0b5eea40f8eb;51:88:0A:9E;0;AVIÁRIO MEIO;703,00;22/11/2025;03:50:43;20;1282-20
CO2;1282;CT-CO2-0;02938df5-6afb-d44e-582d-0b5eea40f8eb;51:88:0A:9E;0;AVIÁRIO MEIO;717,00;22/11/2025;03:55:45;20;1282-20
CO2;1282;CT-CO2-0;02938df5-6afb-d44e-582d-0b5eea40f8eb;51:88:0A:9E;0;AVIÁRIO MEIO;723,00;22/11/2025;04:01:17;20;1282-20
CO2;1282;CT-CO2-0;02938df5-6afb-d44e-582d-0b5eea40f8eb;51:88:0A:9E;0;AVIÁRIO MEIO;723,00;22/11/2025;04:06:49;20;1282-20
CO2;1282;CT-CO2-0;02938df5-6afb-d44e-582d-0b5eea40f8eb;51:88:0A:9E;0;AVIÁRIO MEIO;732,00;22/11/2025;04:11:51;20;1282-20
CO2;1282;CT-CO2-0;02938df5-6afb-d44e-582d-0b5eea40f8eb;51:88:0A:9E;0;AVIÁRIO MEIO;765,00;22/11/2025;04:17:23;20;1282-20
CO2;1282;CT-CO2-0;02938df5-6afb-d44e-582d-0b5eea40f8eb;51:88:0A:9E;0;AVIÁRIO MEIO;724,00;22/11/2025;04:23:27;20;1282-20
CO2;1282;CT-CO2-0;02938df5-6afb-d44e-582d-0b5eea40f8eb;51:88:0A:9E;0;AVIÁRIO MEIO;813,00;22/11/2025;04:27:59;20;1282-20
CO2;1282;CT-CO2-0;02938df5-6afb-d44e-582d-0b5eea40f8eb;51:88:0A:9E;0;AVIÁRIO MEIO;715,00;22/11/2025;04:33:31;20;1282-20
CO2;1282;CT-CO2-0;02938df5-6afb-d44e-582d-0b5eea40f8eb;51:88:0A:9E;0;AVIÁRIO MEIO;804,00;22/11/2025;04:39:03;20;1282-20
CO2;1282;CT-CO2-0;02938df5-6afb-d44e-582d-0b5eea40f8eb;51:88:0A:9E;0;AVIÁRIO MEIO;713,00;22/11/2025;04:44:05;20;1282-20
CO2;1282;CT-CO2-0;02938df5-6afb-d44e-582d-0b5eea40f8eb;51:88:0A:9E;0;AVIÁRIO MEIO;754,00;22/11/2025;04:49:37;20;1282-20
CO2;1282;CT-CO2-0;02938df5-6afb-d44e-582d-0b5eea40f8eb;51:88:0A:9E;0;AVIÁRIO MEIO;699,00;22/11/2025;04:55:09;20;1282-20
CO2;1282;CT-CO2-0;02938df5-6afb-d44e-582d-0b5eea40f8eb;51:88:0A:9E;0;AVIÁRIO MEIO;698,00;22/11/2025;05:00:41;20;1282-20
CO2;1282;CT-CO2-0;02938df5-6afb-d44e-582d-0b5eea40f8eb;51:88:0A:9E;0;AVIÁRIO MEIO;723,00;22/11/2025;05:05:44;20;1282-20
CO2;1282;CT-CO2-0;02938df5-6afb-d44e-582d-0b5eea40f8eb;51:88:0A:9E;0;AVIÁRIO MEIO;705,00;22/11/2025;05:11:16;20;1282-20
CO2;1282;CT-CO2-0;02938df5-6afb-d44e-582d-0b5eea40f8eb;51:88:0A:9E;0;AVIÁRIO MEIO;729,00;22/11/2025;05:16:48;20;1282-20
CO2;1282;CT-CO2-0;02938df5-6afb-d44e-582d-0b5eea40f8eb;51:88:0A:9E;0;AVIÁRIO MEIO;716,00;22/11/2025;05:21:50;20;1282-20
CO2;1282;CT-CO2-0;02938df5-6afb-d44e-582d-0b5eea40f8eb;51:88:0A:9E;0;AVIÁRIO MEIO;726,00;22/11/2025;05:27:22;20;1282-20
CO2;1282;CT-CO2-0;02938df5-6afb-d44e-582d-0b5eea40f8eb;51:88:0A:9E;0;AVIÁRIO MEIO;715,00;22/11/2025;05:33:25;20;1282-20
CO2;1282;CT-CO2-0;02938df5-6afb-d44e-582d-0b5eea40f8eb;51:88:0A:9E;0;AVIÁRIO MEIO;737,00;22/11/2025;05:37:56;20;1282-20
CO2;1282;CT-CO2-0;02938df5-6afb-d44e-582d-0b5eea40f8eb;51:88:0A:9E;0;AVIÁRIO MEIO;725,00;22/11/2025;05:43:29;20;1282-20
CO2;1282;CT-CO2-0;02938df5-6afb-d44e-582d-0b5eea40f8eb;51:88:0A:9E;0;AVIÁRIO MEIO;716,00;22/11/2025;05:49:02;20;1282-20
CO2;1282;CT-CO2-0;02938df5-6afb-d44e-582d-0b5eea40f8eb;51:88:0A:9E;0;AVIÁRIO MEIO;721,00;22/11/2025;05:54:04;20;1282-20
CO2;1282;CT-CO2-0;02938df5-6afb-d44e-582d-0b5eea40f8eb;51:88:0A:9E;0;AVIÁRIO MEIO;721,00;22/11/2025;05:59:36;20;1282-20
CO2;1282;CT-CO2-0;02938df5-6afb-d44e-582d-0b5eea40f8eb;51:88:0A:9E;0;AVIÁRIO MEIO;724,00;22/11/2025;06:05:08;20;1282-20
CO2;1282;CT-CO2-0;02938df5-6afb-d44e-582d-0b5eea40f8eb;51:88:0A:9E;0;AVIÁRIO MEIO;737,00;22/11/2025;06:10:10;20;1282-20
CO2;1282;CT-CO2-0;02938df5-6afb-d44e-582d-0b5eea40f8eb;51:88:0A:9E;0;AVIÁRIO MEIO;729,00;22/11/2025;06:15:41;20;1282-20
CO2;1282;CT-CO2-0;02938df5-6afb-d44e-582d-0b5eea40f8eb;51:88:0A:9E;0;AVIÁRIO MEIO;742,00;22/11/2025;06:21:14;20;1282-20
CO2;1282;CT-CO2-0;02938df5-6afb-d44e-582d-0b5eea40f8eb;51:88:0A:9E;0;AVIÁRIO MEIO;720,00;22/11/2025;06:31:48;20;1282-20
CO2;1282;CT-CO2-0;02938df5-6afb-d44e-582d-0b5eea40f8eb;51:88:0A:9E;0;AVIÁRIO MEIO;732,00;22/11/2025;06:37:21;20;1282-20
CO2;1282;CT-CO2-0;02938df5-6afb-d44e-582d-0b5eea40f8eb;51:88:0A:9E;0;AVIÁRIO MEIO;722,00;22/11/2025;06:43:24;20;1282-20
CO2;1282;CT-CO2-0;02938df5-6afb-d44e-582d-0b5eea40f8eb;51:88:0A:9E;0;AVIÁRIO MEIO;721,00;22/11/2025;06:47:58;20;1282-20
CO2;1282;CT-CO2-0;02938df5-6afb-d44e-582d-0b5eea40f8eb;51:88:0A:9E;0;AVIÁRIO MEIO;725,00;22/11/2025;06:53:30;20;1282-20
CO2;1282;CT-CO2-0;02938df5-6afb-d44e-582d-0b5eea40f8eb;51:88:0A:9E;0;AVIÁRIO MEIO;712,00;22/11/2025;06:59:03;20;1282-20
CO2;1282;CT-CO2-0;02938df5-6afb-d44e-582d-0b5eea40f8eb;51:88:0A:9E;0;AVIÁRIO MEIO;703,00;22/11/2025;07:04:05;20;1282-20
CO2;1282;CT-CO2-0;02938df5-6afb-d44e-582d-0b5eea40f8eb;51:88:0A:9E;0;AVIÁRIO MEIO;708,00;22/11/2025;07:09:37;20;1282-20
CO2;1282;CT-CO2-0;02938df5-6afb-d44e-582d-0b5eea40f8eb;51:88:0A:9E;0;AVIÁRIO MEIO;718,00;22/11/2025;07:15:09;20;1282-20
CO2;1282;CT-CO2-0;02938df5-6afb-d44e-582d-0b5eea40f8eb;51:88:0A:9E;0;AVIÁRIO MEIO;693,00;22/11/2025;07:20:12;20;1282-20
CO2;1282;CT-CO2-0;02938df5-6afb-d44e-582d-0b5eea40f8eb;51:88:0A:9E;0;AVIÁRIO MEIO;670,00;22/11/2025;07:25:44;20;1282-20
CO2;1282;CT-CO2-0;02938df5-6afb-d44e-582d-0b5eea40f8eb;51:88:0A:9E;0;AVIÁRIO MEIO;664,00;22/11/2025;07:31:17;20;1282-20
CO2;1282;CT-CO2-0;02938df5-6afb-d44e-582d-0b5eea40f8eb;51:88:0A:9E;0;AVIÁRIO MEIO;661,00;22/11/2025;07:36:19;20;1282-20
CO2;1282;CT-CO2-0;02938df5-6afb-d44e-582d-0b5eea40f8eb;51:88:0A:9E;0;AVIÁRIO MEIO;648,00;22/11/2025;07:41:51;20;1282-20
CO2;1282;CT-CO2-0;02938df5-6afb-d44e-582d-0b5eea40f8eb;51:88:0A:9E;0;AVIÁRIO MEIO;641,00;22/11/2025;07:47:23;20;1282-20
CO2;1282;CT-CO2-0;02938df5-6afb-d44e-582d-0b5eea40f8eb;51:88:0A:9E;0;AVIÁRIO MEIO;609,00;22/11/2025;07:52:56;20;1282-20
CO2;1282;CT-CO2-0;02938df5-6afb-d44e-582d-0b5eea40f8eb;51:88:0A:9E;0;AVIÁRIO MEIO;640,00;22/11/2025;07:57:58;20;1282-20
CO2;1282;CT-CO2-0;02938df5-6afb-d44e-582d-0b5eea40f8eb;51:88:0A:9E;0;AVIÁRIO MEIO;625,00;22/11/2025;08:03:30;20;1282-20
CO2;1282;CT-CO2-0;02938df5-6afb-d44e-582d-0b5eea40f8eb;51:88:0A:9E;0;AVIÁRIO MEIO;635,00;22/11/2025;08:08:32;20;1282-20
CO2;1282;CT-CO2-0;02938df5-6afb-d44e-582d-0b5eea40f8eb;51:88:0A:9E;0;AVIÁRIO MEIO;626,00;22/11/2025;08:14:04;20;1282-20
CO2;1282;CT-CO2-0;02938df5-6afb-d44e-582d-0b5eea40f8eb;51:88:0A:9E;0;AVIÁRIO MEIO;631,00;22/11/2025;08:19:38;20;1282-20
CO2;1282;CT-CO2-0;02938df5-6afb-d44e-582d-0b5eea40f8eb;51:88:0A:9E;0;AVIÁRIO MEIO;630,00;22/11/2025;08:24:40;20;1282-20
CO2;1282;CT-CO2-0;02938df5-6afb-d44e-582d-0b5eea40f8eb;51:88:0A:9E;0;AVIÁRIO MEIO;639,00;22/11/2025;08:30:12;20;1282-20
CO2;1282;CT-CO2-0;02938df5-6afb-d44e-582d-0b5eea40f8eb;51:88:0A:9E;0;AVIÁRIO MEIO;641,00;22/11/2025;08:35:44;20;1282-20
CO2;1282;CT-CO2-0;02938df5-6afb-d44e-582d-0b5eea40f8eb;51:88:0A:9E;0;AVIÁRIO MEIO;641,00;22/11/2025;08:41:16;20;1282-20
CO2;1282;CT-CO2-0;02938df5-6afb-d44e-582d-0b5eea40f8eb;51:88:0A:9E;0;AVIÁRIO MEIO;634,00;22/11/2025;08:46:19;20;1282-20
CO2;1282;CT-CO2-0;02938df5-6afb-d44e-582d-0b5eea40f8eb;51:88:0A:9E;0;AVIÁRIO MEIO;629,00;22/11/2025;08:51:52;20;1282-20
CO2;1282;CT-CO2-0;02938df5-6afb-d44e-582d-0b5eea40f8eb;51:88:0A:9E;0;AVIÁRIO MEIO;635,00;22/11/2025;08:57:23;20;1282-20
CO2;1282;CT-CO2-0;02938df5-6afb-d44e-582d-0b5eea40f8eb;51:88:0A:9E;0;AVIÁRIO MEIO;626,00;22/11/2025;09:02:56;20;1282-20
CO2;1282;CT-CO2-0;02938df5-6afb-d44e-582d-0b5eea40f8eb;51:88:0A:9E;0;AVIÁRIO MEIO;819,00;22/11/2025;09:07:58;20;1282-20
CO2;1282;CT-CO2-0;02938df5-6afb-d44e-582d-0b5eea40f8eb;51:88:0A:9E;0;AVIÁRIO MEIO;790,00;22/11/2025;09:13:30;20;1282-20
CO2;1282;CT-CO2-0;02938df5-6afb-d44e-582d-0b5eea40f8eb;51:88:0A:9E;0;AVIÁRIO MEIO;643,00;22/11/2025;09:18:32;20;1282-20
CO2;1282;CT-CO2-0;02938df5-6afb-d44e-582d-0b5eea40f8eb;51:88:0A:9E;0;AVIÁRIO MEIO;634,00;22/11/2025;09:24:04;20;1282-20
CO2;1282;CT-CO2-0;02938df5-6afb-d44e-582d-0b5eea40f8eb;51:88:0A:9E;0;AVIÁRIO MEIO;625,00;22/11/2025;09:29:36;20;1282-20
CO2;1282;CT-CO2-0;02938df5-6afb-d44e-582d-0b5eea40f8eb;51:88:0A:9E;0;AVIÁRIO MEIO;634,00;22/11/2025;09:34:38;20;1282-20
CO2;1282;CT-CO2-0;02938df5-6afb-d44e-582d-0b5eea40f8eb;51:88:0A:9E;0;AVIÁRIO MEIO;609,00;22/11/2025;09:40:11;20;1282-20
CO2;1282;CT-CO2-0;02938df5-6afb-d44e-582d-0b5eea40f8eb;51:88:0A:9E;0;AVIÁRIO MEIO;633,00;22/11/2025;09:45:43;20;1282-20
CO2;1282;CT-CO2-0;02938df5-6afb-d44e-582d-0b5eea40f8eb;51:88:0A:9E;0;AVIÁRIO MEIO;639,00;22/11/2025;09:50:45;20;1282-20
CO2;1282;CT-CO2-0;02938df5-6afb-d44e-582d-0b5eea40f8eb;51:88:0A:9E;0;AVIÁRIO MEIO;642,00;22/11/2025;09:56:16;20;1282-20
CO2;1282;CT-CO2-0;02938df5-6afb-d44e-582d-0b5eea40f8eb;51:88:0A:9E;0;AVIÁRIO MEIO;649,00;22/11/2025;10:01:49;20;1282-20
CO2;1282;CT-CO2-0;02938df5-6afb-d44e-582d-0b5eea40f8eb;51:88:0A:9E;0;AVIÁRIO MEIO;636,00;22/11/2025;10:07:21;20;1282-20
CO2;1282;CT-CO2-0;02938df5-6afb-d44e-582d-0b5eea40f8eb;51:88:0A:9E;0;AVIÁRIO MEIO;635,00;22/11/2025;10:12:55;20;1282-20
CO2;1282;CT-CO2-0;02938df5-6afb-d44e-582d-0b5eea40f8eb;51:88:0A:9E;0;AVIÁRIO MEIO;633,00;22/11/2025;10:17:57;20;1282-20
CO2;1282;CT-CO2-0;02938df5-6afb-d44e-582d-0b5eea40f8eb;51:88:0A:9E;0;AVIÁRIO MEIO;651,00;22/11/2025;10:23:29;20;1282-20
CO2;1282;CT-CO2-0;02938df5-6afb-d44e-582d-0b5eea40f8eb;51:88:0A:9E;0;AVIÁRIO MEIO;646,00;22/11/2025;10:28:32;20;1282-20
CO2;1282;CT-CO2-0;02938df5-6afb-d44e-582d-0b5eea40f8eb;51:88:0A:9E;0;AVIÁRIO MEIO;644,00;22/11/2025;10:34:04;20;1282-20
CO2;1282;CT-CO2-0;02938df5-6afb-d44e-582d-0b5eea40f8eb;51:88:0A:9E;0;AVIÁRIO MEIO;636,00;22/11/2025;10:39:36;20;1282-20
CO2;1282;CT-CO2-0;02938df5-6afb-d44e-582d-0b5eea40f8eb;51:88:0A:9E;0;AVIÁRIO MEIO;628,00;22/11/2025;10:44:38;20;1282-20
CO2;1282;CT-CO2-0;02938df5-6afb-d44e-582d-0b5eea40f8eb;51:88:0A:9E;0;AVIÁRIO MEIO;638,00;22/11/2025;10:50:10;20;1282-20
CO2;1282;CT-CO2-0;02938df5-6afb-d44e-582d-0b5eea40f8eb;51:88:0A:9E;0;AVIÁRIO MEIO;639,00;22/11/2025;10:55:41;20;1282-20
CO2;1282;CT-CO2-0;02938df5-6afb-d44e-582d-0b5eea40f8eb;51:88:0A:9E;0;AVIÁRIO MEIO;635,00;22/11/2025;11:00:43;20;1282-20
CO2;1282;CT-CO2-0;02938df5-6afb-d44e-582d-0b5eea40f8eb;51:88:0A:9E;0;AVIÁRIO MEIO;631,00;22/11/2025;11:06:15;20;1282-20
CO2;1282;CT-CO2-0;02938df5-6afb-d44e-582d-0b5eea40f8eb;51:88:0A:9E;0;AVIÁRIO MEIO;621,00;22/11/2025;11:11:47;20;1282-20
CO2;1282;CT-CO2-0;02938df5-6afb-d44e-582d-0b5eea40f8eb;51:88:0A:9E;0;AVIÁRIO MEIO;627,00;22/11/2025;11:17:19;20;1282-20
CO2;1282;CT-CO2-0;02938df5-6afb-d44e-582d-0b5eea40f8eb;51:88:0A:9E;0;AVIÁRIO MEIO;619,00;22/11/2025;11:22:52;20;1282-20
CO2;1282;CT-CO2-0;02938df5-6afb-d44e-582d-0b5eea40f8eb;51:88:0A:9E;0;AVIÁRIO MEIO;612,00;22/11/2025;11:27:54;20;1282-20
CO2;1282;CT-CO2-0;02938df5-6afb-d44e-582d-0b5eea40f8eb;51:88:0A:9E;0;AVIÁRIO MEIO;608,00;22/11/2025;11:33:26;20;1282-20
CO2;1282;CT-CO2-0;02938df5-6afb-d44e-582d-0b5eea40f8eb;51:88:0A:9E;0;AVIÁRIO MEIO;609,00;22/11/2025;11:38:28;20;1282-20
CO2;1282;CT-CO2-0;02938df5-6afb-d44e-582d-0b5eea40f8eb;51:88:0A:9E;0;AVIÁRIO MEIO;616,00;22/11/2025;11:44:00;20;1282-20
CO2;1282;CT-CO2-0;02938df5-6afb-d44e-582d-0b5eea40f8eb;51:88:0A:9E;0;AVIÁRIO MEIO;609,00;22/11/2025;11:49:32;20;1282-20
CO2;1282;CT-CO2-0;02938df5-6afb-d44e-582d-0b5eea40f8eb;51:88:0A:9E;0;AVIÁRIO MEIO;633,00;22/11/2025;11:54:34;20;1282-20
CO2;1282;CT-CO2-0;02938df5-6afb-d44e-582d-0b5eea40f8eb;51:88:0A:9E;0;AVIÁRIO MEIO;615,00;22/11/2025;12:00:08;20;1282-20
CO2;1282;CT-CO2-0;02938df5-6afb-d44e-582d-0b5eea40f8eb;51:88:0A:9E;0;AVIÁRIO MEIO;604,00;22/11/2025;12:05:40;20;1282-20
CO2;1282;CT-CO2-0;02938df5-6afb-d44e-582d-0b5eea40f8eb;51:88:0A:9E;0;AVIÁRIO MEIO;605,00;22/11/2025;12:10:43;20;1282-20
CO2;1282;CT-CO2-0;02938df5-6afb-d44e-582d-0b5eea40f8eb;51:88:0A:9E;0;AVIÁRIO MEIO;621,00;22/11/2025;12:16:15;20;1282-20
CO2;1282;CT-CO2-0;02938df5-6afb-d44e-582d-0b5eea40f8eb;51:88:0A:9E;0;AVIÁRIO MEIO;613,00;22/11/2025;12:21:47;20;1282-20
CO2;1282;CT-CO2-0;02938df5-6afb-d44e-582d-0b5eea40f8eb;51:88:0A:9E;0;AVIÁRIO MEIO;626,00;22/11/2025;12:27:19;20;1282-20
CO2;1282;CT-CO2-0;02938df5-6afb-d44e-582d-0b5eea40f8eb;51:88:0A:9E;0;AVIÁRIO MEIO;634,00;22/11/2025;12:32:52;20;1282-20
CO2;1282;CT-CO2-0;02938df5-6afb-d44e-582d-0b5eea40f8eb;51:88:0A:9E;0;AVIÁRIO MEIO;622,00;22/11/2025;12:37:55;20;1282-20
CO2;1282;CT-CO2-0;02938df5-6afb-d44e-582d-0b5eea40f8eb;51:88:0A:9E;0;AVIÁRIO MEIO;630,00;22/11/2025;12:43:26;20;1282-20
CO2;1282;CT-CO2-0;02938df5-6afb-d44e-582d-0b5eea40f8eb;51:88:0A:9E;0;AVIÁRIO MEIO;600,00;22/11/2025;12:48:58;20;1282-20
CO2;1282;CT-CO2-0;02938df5-6afb-d44e-582d-0b5eea40f8eb;51:88:0A:9E;0;AVIÁRIO MEIO;608,00;22/11/2025;12:54:00;20;1282-20
CO2;1282;CT-CO2-0;02938df5-6afb-d44e-582d-0b5eea40f8eb;51:88:0A:9E;0;AVIÁRIO MEIO;606,00;22/11/2025;12:59:33;20;1282-20
CO2;1282;CT-CO2-0;02938df5-6afb-d44e-582d-0b5eea40f8eb;51:88:0A:9E;0;AVIÁRIO MEIO;623,00;22/11/2025;13:05:07;20;1282-20
CO2;1282;CT-CO2-0;02938df5-6afb-d44e-582d-0b5eea40f8eb;51:88:0A:9E;0;AVIÁRIO MEIO;614,00;22/11/2025;13:10:09;20;1282-20
CO2;1282;CT-CO2-0;02938df5-6afb-d44e-582d-0b5eea40f8eb;51:88:0A:9E;0;AVIÁRIO MEIO;616,00;22/11/2025;13:15:41;20;1282-20
CO2;1282;CT-CO2-0;02938df5-6afb-d44e-582d-0b5eea40f8eb;51:88:0A:9E;0;AVIÁRIO MEIO;605,00;22/11/2025;13:21:14;20;1282-20
CO2;1282;CT-CO2-0;02938df5-6afb-d44e-582d-0b5eea40f8eb;51:88:0A:9E;0;AVIÁRIO MEIO;615,00;22/11/2025;13:26:16;20;1282-20
CO2;1282;CT-CO2-0;02938df5-6afb-d44e-582d-0b5eea40f8eb;51:88:0A:9E;0;AVIÁRIO MEIO;617,00;22/11/2025;13:37:21;20;1282-20
CO2;1282;CT-CO2-0;02938df5-6afb-d44e-582d-0b5eea40f8eb;51:88:0A:9E;0;AVIÁRIO MEIO;629,00;22/11/2025;13:43:24;20;1282-20
CO2;1282;CT-CO2-0;02938df5-6afb-d44e-582d-0b5eea40f8eb;51:88:0A:9E;0;AVIÁRIO MEIO;624,00;22/11/2025;13:47:56;20;1282-20
CO2;1282;CT-CO2-0;02938df5-6afb-d44e-582d-0b5eea40f8eb;51:88:0A:9E;0;AVIÁRIO MEIO;631,00;22/11/2025;13:53:28;20;1282-20
CO2;1282;CT-CO2-0;02938df5-6afb-d44e-582d-0b5eea40f8eb;51:88:0A:9E;0;AVIÁRIO MEIO;623,00;22/11/2025;13:59:01;20;1282-20
CO2;1282;CT-CO2-0;02938df5-6afb-d44e-582d-0b5eea40f8eb;51:88:0A:9E;0;AVIÁRIO MEIO;618,00;22/11/2025;14:04:03;20;1282-20
CO2;1282;CT-CO2-0;02938df5-6afb-d44e-582d-0b5eea40f8eb;51:88:0A:9E;0;AVIÁRIO MEIO;630,00;22/11/2025;14:09:35;20;1282-20
CO2;1282;CT-CO2-0;02938df5-6afb-d44e-582d-0b5eea40f8eb;51:88:0A:9E;0;AVIÁRIO MEIO;612,00;22/11/2025;14:15:08;20;1282-20
CO2;1282;CT-CO2-0;02938df5-6afb-d44e-582d-0b5eea40f8eb;51:88:0A:9E;0;AVIÁRIO MEIO;620,00;22/11/2025;14:20:40;20;1282-20
CO2;1282;CT-CO2-0;02938df5-6afb-d44e-582d-0b5eea40f8eb;51:88:0A:9E;0;AVIÁRIO MEIO;639,00;22/11/2025;14:25:42;20;1282-20
CO2;1282;CT-CO2-0;02938df5-6afb-d44e-582d-0b5eea40f8eb;51:88:0A:9E;0;AVIÁRIO MEIO;640,00;22/11/2025;14:31:14;20;1282-20
CO2;1282;CT-CO2-0;02938df5-6afb-d44e-582d-0b5eea40f8eb;51:88:0A:9E;0;AVIÁRIO MEIO;621,00;22/11/2025;14:47:21;20;1282-20
CO2;1282;CT-CO2-0;02938df5-6afb-d44e-582d-0b5eea40f8eb;51:88:0A:9E;0;AVIÁRIO MEIO;635,00;22/11/2025;14:53:27;20;1282-20
CO2;1282;CT-CO2-0;02938df5-6afb-d44e-582d-0b5eea40f8eb;51:88:0A:9E;0;AVIÁRIO MEIO;625,00;22/11/2025;14:58:29;20;1282-20
CO2;1282;CT-CO2-0;02938df5-6afb-d44e-582d-0b5eea40f8eb;51:88:0A:9E;0;AVIÁRIO MEIO;625,00;22/11/2025;15:03:32;20;1282-20
CO2;1282;CT-CO2-0;02938df5-6afb-d44e-582d-0b5eea40f8eb;51:88:0A:9E;0;AVIÁRIO MEIO;637,00;22/11/2025;15:09:04;20;1282-20
CO2;1282;CT-CO2-0;02938df5-6afb-d44e-582d-0b5eea40f8eb;51:88:0A:9E;0;AVIÁRIO MEIO;614,00;22/11/2025;15:14:36;20;1282-20
CO2;1282;CT-CO2-0;02938df5-6afb-d44e-582d-0b5eea40f8eb;51:88:0A:9E;0;AVIÁRIO MEIO;628,00;22/11/2025;15:19:38;20;1282-20
CO2;1282;CT-CO2-0;02938df5-6afb-d44e-582d-0b5eea40f8eb;51:88:0A:9E;0;AVIÁRIO MEIO;644,00;22/11/2025;15:25:15;20;1282-20
CO2;1282;CT-CO2-0;02938df5-6afb-d44e-582d-0b5eea40f8eb;51:88:0A:9E;0;AVIÁRIO MEIO;600,00;22/11/2025;15:30:49;20;1282-20
CO2;1282;CT-CO2-0;02938df5-6afb-d44e-582d-0b5eea40f8eb;51:88:0A:9E;0;AVIÁRIO MEIO;632,00;22/11/2025;15:35:50;20;1282-20
CO2;1282;CT-CO2-0;02938df5-6afb-d44e-582d-0b5eea40f8eb;51:88:0A:9E;0;AVIÁRIO MEIO;662,00;22/11/2025;15:41:23;20;1282-20
CO2;1282;CT-CO2-0;02938df5-6afb-d44e-582d-0b5eea40f8eb;51:88:0A:9E;0;AVIÁRIO MEIO;638,00;22/11/2025;15:46:55;20;1282-20
CO2;1282;CT-CO2-0;02938df5-6afb-d44e-582d-0b5eea40f8eb;51:88:0A:9E;0;AVIÁRIO MEIO;635,00;22/11/2025;15:52:27;20;1282-20
CO2;1282;CT-CO2-0;02938df5-6afb-d44e-582d-0b5eea40f8eb;51:88:0A:9E;0;AVIÁRIO MEIO;636,00;22/11/2025;15:57:29;20;1282-20
CO2;1282;CT-CO2-0;02938df5-6afb-d44e-582d-0b5eea40f8eb;51:88:0A:9E;0;AVIÁRIO MEIO;628,00;22/11/2025;16:03:33;20;1282-20
CO2;1282;CT-CO2-0;02938df5-6afb-d44e-582d-0b5eea40f8eb;51:88:0A:9E;0;AVIÁRIO MEIO;635,00;22/11/2025;16:08:36;20;1282-20
CO2;1282;CT-CO2-0;02938df5-6afb-d44e-582d-0b5eea40f8eb;51:88:0A:9E;0;AVIÁRIO MEIO;632,00;22/11/2025;16:13:39;20;1282-20
CO2;1282;CT-CO2-0;02938df5-6afb-d44e-582d-0b5eea40f8eb;51:88:0A:9E;0;AVIÁRIO MEIO;637,00;22/11/2025;16:19:11;20;1282-20
CO2;1282;CT-CO2-0;02938df5-6afb-d44e-582d-0b5eea40f8eb;51:88:0A:9E;0;AVIÁRIO MEIO;626,00;22/11/2025;16:24:43;20;1282-20
CO2;1282;CT-CO2-0;02938df5-6afb-d44e-582d-0b5eea40f8eb;51:88:0A:9E;0;AVIÁRIO MEIO;637,00;22/11/2025;16:29:45;20;1282-20
CO2;1282;CT-CO2-0;02938df5-6afb-d44e-582d-0b5eea40f8eb;51:88:0A:9E;0;AVIÁRIO MEIO;639,00;22/11/2025;16:35:17;20;1282-20
CO2;1282;CT-CO2-0;02938df5-6afb-d44e-582d-0b5eea40f8eb;51:88:0A:9E;0;AVIÁRIO MEIO;646,00;22/11/2025;16:40:51;20;1282-20
CO2;1282;CT-CO2-0;02938df5-6afb-d44e-582d-0b5eea40f8eb;51:88:0A:9E;0;AVIÁRIO MEIO;637,00;22/11/2025;16:46:24;20;1282-20
CO2;1282;CT-CO2-0;02938df5-6afb-d44e-582d-0b5eea40f8eb;51:88:0A:9E;0;AVIÁRIO MEIO;642,00;22/11/2025;16:51:28;20;1282-20
CO2;1282;CT-CO2-0;02938df5-6afb-d44e-582d-0b5eea40f8eb;51:88:0A:9E;0;AVIÁRIO MEIO;628,00;22/11/2025;16:57:00;20;1282-20
CO2;1282;CT-CO2-0;02938df5-6afb-d44e-582d-0b5eea40f8eb;51:88:0A:9E;0;AVIÁRIO MEIO;622,00;22/11/2025;17:02:32;20;1282-20
CO2;1282;CT-CO2-0;02938df5-6afb-d44e-582d-0b5eea40f8eb;51:88:0A:9E;0;AVIÁRIO MEIO;642,00;22/11/2025;17:07:34;20;1282-20
CO2;1282;CT-CO2-0;02938df5-6afb-d44e-582d-0b5eea40f8eb;51:88:0A:9E;0;AVIÁRIO MEIO;641,00;22/11/2025;17:13:38;20;1282-20
CO2;1282;CT-CO2-0;02938df5-6afb-d44e-582d-0b5eea40f8eb;51:88:0A:9E;0;AVIÁRIO MEIO;638,00;22/11/2025;17:18:40;20;1282-20
CO2;1282;CT-CO2-0;02938df5-6afb-d44e-582d-0b5eea40f8eb;51:88:0A:9E;0;AVIÁRIO MEIO;621,00;22/11/2025;17:23:42;20;1282-20
CO2;1282;CT-CO2-0;02938df5-6afb-d44e-582d-0b5eea40f8eb;51:88:0A:9E;0;AVIÁRIO MEIO;645,00;22/11/2025;17:29:13;20;1282-20
CO2;1282;CT-CO2-0;02938df5-6afb-d44e-582d-0b5eea40f8eb;51:88:0A:9E;0;AVIÁRIO MEIO;629,00;22/11/2025;17:34:45;20;1282-20
CO2;1282;CT-CO2-0;02938df5-6afb-d44e-582d-0b5eea40f8eb;51:88:0A:9E;0;AVIÁRIO MEIO;645,00;22/11/2025;17:40:17;20;1282-20
CO2;1282;CT-CO2-0;02938df5-6afb-d44e-582d-0b5eea40f8eb;51:88:0A:9E;0;AVIÁRIO MEIO;639,00;22/11/2025;17:45:19;20;1282-20
CO2;1282;CT-CO2-0;02938df5-6afb-d44e-582d-0b5eea40f8eb;51:88:0A:9E;0;AVIÁRIO MEIO;646,00;22/11/2025;17:50:51;20;1282-20
CO2;1282;CT-CO2-0;02938df5-6afb-d44e-582d-0b5eea40f8eb;51:88:0A:9E;0;AVIÁRIO MEIO;647,00;22/11/2025;17:56:23;20;1282-20
CO2;1282;CT-CO2-0;02938df5-6afb-d44e-582d-0b5eea40f8eb;51:88:0A:9E;0;AVIÁRIO MEIO;634,00;22/11/2025;18:01:55;20;1282-20
CO2;1282;CT-CO2-0;02938df5-6afb-d44e-582d-0b5eea40f8eb;51:88:0A:9E;0;AVIÁRIO MEIO;630,00;22/11/2025;18:06:58;20;1282-20
CO2;1282;CT-CO2-0;02938df5-6afb-d44e-582d-0b5eea40f8eb;51:88:0A:9E;0;AVIÁRIO MEIO;652,00;22/11/2025;18:12:30;20;1282-20
CO2;1282;CT-CO2-0;02938df5-6afb-d44e-582d-0b5eea40f8eb;51:88:0A:9E;0;AVIÁRIO MEIO;632,00;22/11/2025;18:18:03;20;1282-20
CO2;1282;CT-CO2-0;02938df5-6afb-d44e-582d-0b5eea40f8eb;51:88:0A:9E;0;AVIÁRIO MEIO;644,00;22/11/2025;18:23:36;20;1282-20
CO2;1282;CT-CO2-0;02938df5-6afb-d44e-582d-0b5eea40f8eb;51:88:0A:9E;0;AVIÁRIO MEIO;662,00;22/11/2025;18:28:38;20;1282-20
CO2;1282;CT-CO2-0;02938df5-6afb-d44e-582d-0b5eea40f8eb;51:88:0A:9E;0;AVIÁRIO MEIO;659,00;22/11/2025;18:34:11;20;1282-20
CO2;1282;CT-CO2-0;02938df5-6afb-d44e-582d-0b5eea40f8eb;51:88:0A:9E;0;AVIÁRIO MEIO;666,00;22/11/2025;18:39:13;20;1282-20
CO2;1282;CT-CO2-0;02938df5-6afb-d44e-582d-0b5eea40f8eb;51:88:0A:9E;0;AVIÁRIO MEIO;666,00;22/11/2025;18:44:45;20;1282-20
CO2;1282;CT-CO2-0;02938df5-6afb-d44e-582d-0b5eea40f8eb;51:88:0A:9E;0;AVIÁRIO MEIO;662,00;22/11/2025;18:50:17;20;1282-20
CO2;1282;CT-CO2-0;02938df5-6afb-d44e-582d-0b5eea40f8eb;51:88:0A:9E;0;AVIÁRIO MEIO;684,00;22/11/2025;18:55:49;20;1282-20
CO2;1282;CT-CO2-0;02938df5-6afb-d44e-582d-0b5eea40f8eb;51:88:0A:9E;0;AVIÁRIO MEIO;652,00;22/11/2025;19:00:51;20;1282-20
CO2;1282;CT-CO2-0;02938df5-6afb-d44e-582d-0b5eea40f8eb;51:88:0A:9E;0;AVIÁRIO MEIO;670,00;22/11/2025;19:06:23;20;1282-20
CO2;1282;CT-CO2-0;02938df5-6afb-d44e-582d-0b5eea40f8eb;51:88:0A:9E;0;AVIÁRIO MEIO;672,00;22/11/2025;19:11:55;20;1282-20
CO2;1282;CT-CO2-0;02938df5-6afb-d44e-582d-0b5eea40f8eb;51:88:0A:9E;0;AVIÁRIO MEIO;731,00;22/11/2025;19:17:27;20;1282-20
CO2;1282;CT-CO2-0;02938df5-6afb-d44e-582d-0b5eea40f8eb;51:88:0A:9E;0;AVIÁRIO MEIO;678,00;22/11/2025;19:22:29;20;1282-20
CO2;1282;CT-CO2-0;02938df5-6afb-d44e-582d-0b5eea40f8eb;51:88:0A:9E;0;AVIÁRIO MEIO;663,00;22/11/2025;19:28:00;20;1282-20
CO2;1282;CT-CO2-0;02938df5-6afb-d44e-582d-0b5eea40f8eb;51:88:0A:9E;0;AVIÁRIO MEIO;675,00;22/11/2025;19:34:04;20;1282-20
CO2;1282;CT-CO2-0;02938df5-6afb-d44e-582d-0b5eea40f8eb;51:88:0A:9E;0;AVIÁRIO MEIO;665,00;22/11/2025;19:38:37;20;1282-20
CO2;1282;CT-CO2-0;02938df5-6afb-d44e-582d-0b5eea40f8eb;51:88:0A:9E;0;AVIÁRIO MEIO;671,00;22/11/2025;19:44:09;20;1282-20
CO2;1282;CT-CO2-0;02938df5-6afb-d44e-582d-0b5eea40f8eb;51:88:0A:9E;0;AVIÁRIO MEIO;663,00;22/11/2025;19:49:41;20;1282-20
CO2;1282;CT-CO2-0;02938df5-6afb-d44e-582d-0b5eea40f8eb;51:88:0A:9E;0;AVIÁRIO MEIO;663,00;22/11/2025;19:55:13;20;1282-20
CO2;1282;CT-CO2-0;02938df5-6afb-d44e-582d-0b5eea40f8eb;51:88:0A:9E;0;AVIÁRIO MEIO;679,00;22/11/2025;20:00:15;20;1282-20
CO2;1282;CT-CO2-0;02938df5-6afb-d44e-582d-0b5eea40f8eb;51:88:0A:9E;0;AVIÁRIO MEIO;681,00;22/11/2025;20:05:48;20;1282-20
CO2;1282;CT-CO2-0;02938df5-6afb-d44e-582d-0b5eea40f8eb;51:88:0A:9E;0;AVIÁRIO MEIO;664,00;22/11/2025;20:11:20;20;1282-20
CO2;1282;CT-CO2-0;02938df5-6afb-d44e-582d-0b5eea40f8eb;51:88:0A:9E;0;AVIÁRIO MEIO;687,00;22/11/2025;20:16:21;20;1282-20
CO2;1282;CT-CO2-0;02938df5-6afb-d44e-582d-0b5eea40f8eb;51:88:0A:9E;0;AVIÁRIO MEIO;694,00;22/11/2025;20:21:54;20;1282-20
CO2;1282;CT-CO2-0;02938df5-6afb-d44e-582d-0b5eea40f8eb;51:88:0A:9E;0;AVIÁRIO MEIO;686,00;22/11/2025;20:27:26;20;1282-20
CO2;1282;CT-CO2-0;02938df5-6afb-d44e-582d-0b5eea40f8eb;51:88:0A:9E;0;AVIÁRIO MEIO;662,00;22/11/2025;20:32:59;20;1282-20
CO2;1282;CT-CO2-0;02938df5-6afb-d44e-582d-0b5eea40f8eb;51:88:0A:9E;0;AVIÁRIO MEIO;677,00;22/11/2025;20:38:01;20;1282-20
CO2;1282;CT-CO2-0;02938df5-6afb-d44e-582d-0b5eea40f8eb;51:88:0A:9E;0;AVIÁRIO MEIO;670,00;22/11/2025;20:44:06;20;1282-20
CO2;1282;CT-CO2-0;02938df5-6afb-d44e-582d-0b5eea40f8eb;51:88:0A:9E;0;AVIÁRIO MEIO;683,00;22/11/2025;20:49:08;20;1282-20
CO2;1282;CT-CO2-0;02938df5-6afb-d44e-582d-0b5eea40f8eb;51:88:0A:9E;0;AVIÁRIO MEIO;684,00;22/11/2025;20:54:09;20;1282-20
CO2;1282;CT-CO2-0;02938df5-6afb-d44e-582d-0b5eea40f8eb;51:88:0A:9E;0;AVIÁRIO MEIO;676,00;22/11/2025;20:59:41;20;1282-20
CO2;1282;CT-CO2-0;02938df5-6afb-d44e-582d-0b5eea40f8eb;51:88:0A:9E;0;AVIÁRIO MEIO;685,00;22/11/2025;21:17:17;20;1282-20
CO2;1282;CT-CO2-0;02938df5-6afb-d44e-582d-0b5eea40f8eb;51:88:0A:9E;0;AVIÁRIO MEIO;683,00;22/11/2025;21:22:55;20;1282-20
CO2;1282;CT-CO2-0;02938df5-6afb-d44e-582d-0b5eea40f8eb;51:88:0A:9E;0;AVIÁRIO MEIO;676,00;22/11/2025;21:27:57;20;1282-20
CO2;1282;CT-CO2-0;02938df5-6afb-d44e-582d-0b5eea40f8eb;51:88:0A:9E;0;AVIÁRIO MEIO;683,00;22/11/2025;21:33:29;20;1282-20
CO2;1282;CT-CO2-0;02938df5-6afb-d44e-582d-0b5eea40f8eb;51:88:0A:9E;0;AVIÁRIO MEIO;683,00;22/11/2025;21:39:01;20;1282-20
CO2;1282;CT-CO2-0;02938df5-6afb-d44e-582d-0b5eea40f8eb;51:88:0A:9E;0;AVIÁRIO MEIO;683,00;22/11/2025;21:44:33;20;1282-20
CO2;1282;CT-CO2-0;02938df5-6afb-d44e-582d-0b5eea40f8eb;51:88:0A:9E;0;AVIÁRIO MEIO;676,00;22/11/2025;21:50:06;20;1282-20
CO2;1282;CT-CO2-0;02938df5-6afb-d44e-582d-0b5eea40f8eb;51:88:0A:9E;0;AVIÁRIO MEIO;689,00;22/11/2025;21:55:08;20;1282-20
CO2;1282;CT-CO2-0;02938df5-6afb-d44e-582d-0b5eea40f8eb;51:88:0A:9E;0;AVIÁRIO MEIO;719,00;22/11/2025;22:00:39;20;1282-20
CO2;1282;CT-CO2-0;02938df5-6afb-d44e-582d-0b5eea40f8eb;51:88:0A:9E;0;AVIÁRIO MEIO;726,00;22/11/2025;22:05:42;20;1282-20
CO2;1282;CT-CO2-0;02938df5-6afb-d44e-582d-0b5eea40f8eb;51:88:0A:9E;0;AVIÁRIO MEIO;708,00;22/11/2025;22:11:14;20;1282-20
CO2;1282;CT-CO2-0;02938df5-6afb-d44e-582d-0b5eea40f8eb;51:88:0A:9E;0;AVIÁRIO MEIO;713,00;22/11/2025;22:22:18;20;1282-20
CO2;1282;CT-CO2-0;02938df5-6afb-d44e-582d-0b5eea40f8eb;51:88:0A:9E;0;AVIÁRIO MEIO;700,00;22/11/2025;22:27:20;20;1282-20
CO2;1282;CT-CO2-0;02938df5-6afb-d44e-582d-0b5eea40f8eb;51:88:0A:9E;0;AVIÁRIO MEIO;697,00;22/11/2025;22:32:52;20;1282-20
CO2;1282;CT-CO2-0;02938df5-6afb-d44e-582d-0b5eea40f8eb;51:88:0A:9E;0;AVIÁRIO MEIO;717,00;22/11/2025;22:38:24;20;1282-20
CO2;1282;CT-CO2-0;02938df5-6afb-d44e-582d-0b5eea40f8eb;51:88:0A:9E;0;AVIÁRIO MEIO;698,00;22/11/2025;22:43:26;20;1282-20
CO2;1282;CT-CO2-0;02938df5-6afb-d44e-582d-0b5eea40f8eb;51:88:0A:9E;0;AVIÁRIO MEIO;704,00;22/11/2025;22:48:58;20;1282-20
CO2;1282;CT-CO2-0;02938df5-6afb-d44e-582d-0b5eea40f8eb;51:88:0A:9E;0;AVIÁRIO MEIO;711,00;22/11/2025;22:54:30;20;1282-20
CO2;1282;CT-CO2-0;02938df5-6afb-d44e-582d-0b5eea40f8eb;51:88:0A:9E;0;AVIÁRIO MEIO;726,00;22/11/2025;23:00:34;20;1282-20
CO2;1282;CT-CO2-0;02938df5-6afb-d44e-582d-0b5eea40f8eb;51:88:0A:9E;0;AVIÁRIO MEIO;728,00;22/11/2025;23:05:06;20;1282-20
CO2;1282;CT-CO2-0;02938df5-6afb-d44e-582d-0b5eea40f8eb;51:88:0A:9E;0;AVIÁRIO MEIO;724,00;22/11/2025;23:10:38;20;1282-20
CO2;1282;CT-CO2-0;02938df5-6afb-d44e-582d-0b5eea40f8eb;51:88:0A:9E;0;AVIÁRIO MEIO;708,00;22/11/2025;23:16:09;20;1282-20
CO2;1282;CT-CO2-0;02938df5-6afb-d44e-582d-0b5eea40f8eb;51:88:0A:9E;0;AVIÁRIO MEIO;709,00;22/11/2025;23:21:11;20;1282-20
CO2;1282;CT-CO2-0;02938df5-6afb-d44e-582d-0b5eea40f8eb;51:88:0A:9E;0;AVIÁRIO MEIO;702,00;22/11/2025;23:26:44;20;1282-20
CO2;1282;CT-CO2-0;02938df5-6afb-d44e-582d-0b5eea40f8eb;51:88:0A:9E;0;AVIÁRIO MEIO;710,00;22/11/2025;23:32:16;20;1282-20
CO2;1282;CT-CO2-0;02938df5-6afb-d44e-582d-0b5eea40f8eb;51:88:0A:9E;0;AVIÁRIO MEIO;700,00;22/11/2025;23:37:48;20;1282-20
CO2;1282;CT-CO2-0;02938df5-6afb-d44e-582d-0b5eea40f8eb;51:88:0A:9E;0;AVIÁRIO MEIO;720,00;22/11/2025;23:42:50;20;1282-20
CO2;1282;CT-CO2-0;02938df5-6afb-d44e-582d-0b5eea40f8eb;51:88:0A:9E;0;AVIÁRIO MEIO;715,00;22/11/2025;23:48:22;20;1282-20
CO2;1282;CT-CO2-0;02938df5-6afb-d44e-582d-0b5eea40f8eb;51:88:0A:9E;0;AVIÁRIO MEIO;714,00;22/11/2025;23:53:55;20;1282-20
CO2;1282;CT-CO2-0;02938df5-6afb-d44e-582d-0b5eea40f8eb;51:88:0A:9E;0;AVIÁRIO MEIO;738,00;22/11/2025;23:58:57;20;1282-20
CO2;1282;CT-CO2-0;02938df5-6afb-d44e-582d-0b5eea40f8eb;51:88:0A:9E;0;AVIÁRIO MEIO;712,00;23/11/2025;00:04:29;20;1282-20
CO2;1282;CT-CO2-0;02938df5-6afb-d44e-582d-0b5eea40f8eb;51:88:0A:9E;0;AVIÁRIO MEIO;723,00;23/11/2025;00:10:34;20;1282-20
CO2;1282;CT-CO2-0;02938df5-6afb-d44e-582d-0b5eea40f8eb;51:88:0A:9E;0;AVIÁRIO MEIO;724,00;23/11/2025;00:15:36;20;1282-20
CO2;1282;CT-CO2-0;02938df5-6afb-d44e-582d-0b5eea40f8eb;51:88:0A:9E;0;AVIÁRIO MEIO;697,00;23/11/2025;00:20:38;20;1282-20
CO2;1282;CT-CO2-0;02938df5-6afb-d44e-582d-0b5eea40f8eb;51:88:0A:9E;0;AVIÁRIO MEIO;693,00;23/11/2025;00:26:10;20;1282-20
CO2;1282;CT-CO2-0;02938df5-6afb-d44e-582d-0b5eea40f8eb;51:88:0A:9E;0;AVIÁRIO MEIO;694,00;23/11/2025;00:31:42;20;1282-20
CO2;1282;CT-CO2-0;02938df5-6afb-d44e-582d-0b5eea40f8eb;51:88:0A:9E;0;AVIÁRIO MEIO;695,00;23/11/2025;00:36:45;20;1282-20
CO2;1282;CT-CO2-0;02938df5-6afb-d44e-582d-0b5eea40f8eb;51:88:0A:9E;0;AVIÁRIO MEIO;698,00;23/11/2025;00:42:18;20;1282-20
CO2;1282;CT-CO2-0;02938df5-6afb-d44e-582d-0b5eea40f8eb;51:88:0A:9E;0;AVIÁRIO MEIO;719,00;23/11/2025;00:47:49;20;1282-20
CO2;1282;CT-CO2-0;02938df5-6afb-d44e-582d-0b5eea40f8eb;51:88:0A:9E;0;AVIÁRIO MEIO;727,00;23/11/2025;00:53:21;20;1282-20
CO2;1282;CT-CO2-0;02938df5-6afb-d44e-582d-0b5eea40f8eb;51:88:0A:9E;0;AVIÁRIO MEIO;732,00;23/11/2025;00:58:23;20;1282-20
CO2;1282;CT-CO2-0;02938df5-6afb-d44e-582d-0b5eea40f8eb;51:88:0A:9E;0;AVIÁRIO MEIO;721,00;23/11/2025;01:03:55;20;1282-20
CO2;1282;CT-CO2-0;02938df5-6afb-d44e-582d-0b5eea40f8eb;51:88:0A:9E;0;AVIÁRIO MEIO;731,00;23/11/2025;01:09:27;20;1282-20
CO2;1282;CT-CO2-0;02938df5-6afb-d44e-582d-0b5eea40f8eb;51:88:0A:9E;0;AVIÁRIO MEIO;733,00;23/11/2025;01:14:59;20;1282-20
CO2;1282;CT-CO2-0;02938df5-6afb-d44e-582d-0b5eea40f8eb;51:88:0A:9E;0;AVIÁRIO MEIO;742,00;23/11/2025;01:20:33;20;1282-20
CO2;1282;CT-CO2-0;02938df5-6afb-d44e-582d-0b5eea40f8eb;51:88:0A:9E;0;AVIÁRIO MEIO;749,00;23/11/2025;01:25:35;20;1282-20
CO2;1282;CT-CO2-0;02938df5-6afb-d44e-582d-0b5eea40f8eb;51:88:0A:9E;0;AVIÁRIO MEIO;757,00;23/11/2025;01:31:07;20;1282-20
CO2;1282;CT-CO2-0;02938df5-6afb-d44e-582d-0b5eea40f8eb;51:88:0A:9E;0;AVIÁRIO MEIO;775,00;23/11/2025;01:36:09;20;1282-20
CO2;1282;CT-CO2-0;02938df5-6afb-d44e-582d-0b5eea40f8eb;51:88:0A:9E;0;AVIÁRIO MEIO;771,00;23/11/2025;01:47:17;20;1282-20
CO2;1282;CT-CO2-0;02938df5-6afb-d44e-582d-0b5eea40f8eb;51:88:0A:9E;0;AVIÁRIO MEIO;768,00;23/11/2025;01:52:19;20;1282-20
CO2;1282;CT-CO2-0;02938df5-6afb-d44e-582d-0b5eea40f8eb;51:88:0A:9E;0;AVIÁRIO MEIO;773,00;23/11/2025;01:57:51;20;1282-20
CO2;1282;CT-CO2-0;02938df5-6afb-d44e-582d-0b5eea40f8eb;51:88:0A:9E;0;AVIÁRIO MEIO;763,00;23/11/2025;02:03:23;20;1282-20
CO2;1282;CT-CO2-0;02938df5-6afb-d44e-582d-0b5eea40f8eb;51:88:0A:9E;0;AVIÁRIO MEIO;793,00;23/11/2025;02:08:25;20;1282-20
CO2;1282;CT-CO2-0;02938df5-6afb-d44e-582d-0b5eea40f8eb;51:88:0A:9E;0;AVIÁRIO MEIO;755,00;23/11/2025;02:13:59;20;1282-20
CO2;1282;CT-CO2-0;02938df5-6afb-d44e-582d-0b5eea40f8eb;51:88:0A:9E;0;AVIÁRIO MEIO;786,00;23/11/2025;02:19:30;20;1282-20
CO2;1282;CT-CO2-0;02938df5-6afb-d44e-582d-0b5eea40f8eb;51:88:0A:9E;0;AVIÁRIO MEIO;803,00;23/11/2025;02:25:03;20;1282-20
CO2;1282;CT-CO2-0;02938df5-6afb-d44e-582d-0b5eea40f8eb;51:88:0A:9E;0;AVIÁRIO MEIO;805,00;23/11/2025;02:30:37;20;1282-20
CO2;1282;CT-CO2-0;02938df5-6afb-d44e-582d-0b5eea40f8eb;51:88:0A:9E;0;AVIÁRIO MEIO;774,00;23/11/2025;02:35:40;20;1282-20
CO2;1282;CT-CO2-0;02938df5-6afb-d44e-582d-0b5eea40f8eb;51:88:0A:9E;0;AVIÁRIO MEIO;794,00;23/11/2025;02:41:12;20;1282-20
CO2;1282;CT-CO2-0;02938df5-6afb-d44e-582d-0b5eea40f8eb;51:88:0A:9E;0;AVIÁRIO MEIO;787,00;23/11/2025;02:46:14;20;1282-20
CO2;1282;CT-CO2-0;02938df5-6afb-d44e-582d-0b5eea40f8eb;51:88:0A:9E;0;AVIÁRIO MEIO;821,00;23/11/2025;02:57:18;20;1282-20
CO2;1282;CT-CO2-0;02938df5-6afb-d44e-582d-0b5eea40f8eb;51:88:0A:9E;0;AVIÁRIO MEIO;775,00;23/11/2025;03:02:20;20;1282-20
CO2;1282;CT-CO2-0;02938df5-6afb-d44e-582d-0b5eea40f8eb;51:88:0A:9E;0;AVIÁRIO MEIO;796,00;23/11/2025;03:07:52;20;1282-20
CO2;1282;CT-CO2-0;02938df5-6afb-d44e-582d-0b5eea40f8eb;51:88:0A:9E;0;AVIÁRIO MEIO;791,00;23/11/2025;03:13:24;20;1282-20
CO2;1282;CT-CO2-0;02938df5-6afb-d44e-582d-0b5eea40f8eb;51:88:0A:9E;0;AVIÁRIO MEIO;786,00;23/11/2025;03:18:56;20;1282-20
CO2;1282;CT-CO2-0;02938df5-6afb-d44e-582d-0b5eea40f8eb;51:88:0A:9E;0;AVIÁRIO MEIO;794,00;23/11/2025;03:23:58;20;1282-20
CO2;1282;CT-CO2-0;02938df5-6afb-d44e-582d-0b5eea40f8eb;51:88:0A:9E;0;AVIÁRIO MEIO;763,00;23/11/2025;03:29:29;20;1282-20
CO2;1282;CT-CO2-0;02938df5-6afb-d44e-582d-0b5eea40f8eb;51:88:0A:9E;0;AVIÁRIO MEIO;749,00;23/11/2025;03:35:01;20;1282-20
CO2;1282;CT-CO2-0;02938df5-6afb-d44e-582d-0b5eea40f8eb;51:88:0A:9E;0;AVIÁRIO MEIO;735,00;23/11/2025;03:40:34;20;1282-20
CO2;1282;CT-CO2-0;02938df5-6afb-d44e-582d-0b5eea40f8eb;51:88:0A:9E;0;AVIÁRIO MEIO;765,00;23/11/2025;03:45:36;20;1282-20
CO2;1282;CT-CO2-0;02938df5-6afb-d44e-582d-0b5eea40f8eb;51:88:0A:9E;0;AVIÁRIO MEIO;746,00;23/11/2025;03:51:08;20;1282-20
CO2;1282;CT-CO2-0;02938df5-6afb-d44e-582d-0b5eea40f8eb;51:88:0A:9E;0;AVIÁRIO MEIO;754,00;23/11/2025;03:56:42;20;1282-20
CO2;1282;CT-CO2-0;02938df5-6afb-d44e-582d-0b5eea40f8eb;51:88:0A:9E;0;AVIÁRIO MEIO;772,00;23/11/2025;04:07:16;20;1282-20
CO2;1282;CT-CO2-0;02938df5-6afb-d44e-582d-0b5eea40f8eb;51:88:0A:9E;0;AVIÁRIO MEIO;780,00;23/11/2025;04:12:48;20;1282-20
CO2;1282;CT-CO2-0;02938df5-6afb-d44e-582d-0b5eea40f8eb;51:88:0A:9E;0;AVIÁRIO MEIO;791,00;23/11/2025;04:17:49;20;1282-20
CO2;1282;CT-CO2-0;02938df5-6afb-d44e-582d-0b5eea40f8eb;51:88:0A:9E;0;AVIÁRIO MEIO;787,00;23/11/2025;04:23:22;20;1282-20
CO2;1282;CT-CO2-0;02938df5-6afb-d44e-582d-0b5eea40f8eb;51:88:0A:9E;0;AVIÁRIO MEIO;786,00;23/11/2025;04:28:53;20;1282-20
CO2;1282;CT-CO2-0;02938df5-6afb-d44e-582d-0b5eea40f8eb;51:88:0A:9E;0;AVIÁRIO MEIO;779,00;23/11/2025;04:34:25;20;1282-20
CO2;1282;CT-CO2-0;02938df5-6afb-d44e-582d-0b5eea40f8eb;51:88:0A:9E;0;AVIÁRIO MEIO;772,00;23/11/2025;04:39:27;20;1282-20
CO2;1282;CT-CO2-0;02938df5-6afb-d44e-582d-0b5eea40f8eb;51:88:0A:9E;0;AVIÁRIO MEIO;766,00;23/11/2025;04:44:59;20;1282-20
CO2;1282;CT-CO2-0;02938df5-6afb-d44e-582d-0b5eea40f8eb;51:88:0A:9E;0;AVIÁRIO MEIO;771,00;23/11/2025;04:51:02;20;1282-20
CO2;1282;CT-CO2-0;02938df5-6afb-d44e-582d-0b5eea40f8eb;51:88:0A:9E;0;AVIÁRIO MEIO;768,00;23/11/2025;04:56:03;20;1282-20
CO2;1282;CT-CO2-0;02938df5-6afb-d44e-582d-0b5eea40f8eb;51:88:0A:9E;0;AVIÁRIO MEIO;780,00;23/11/2025;05:01:06;20;1282-20
CO2;1282;CT-CO2-0;02938df5-6afb-d44e-582d-0b5eea40f8eb;51:88:0A:9E;0;AVIÁRIO MEIO;790,00;23/11/2025;05:06:38;20;1282-20
CO2;1282;CT-CO2-0;02938df5-6afb-d44e-582d-0b5eea40f8eb;51:88:0A:9E;0;AVIÁRIO MEIO;772,00;23/11/2025;05:12:11;20;1282-20
CO2;1282;CT-CO2-0;02938df5-6afb-d44e-582d-0b5eea40f8eb;51:88:0A:9E;0;AVIÁRIO MEIO;803,00;23/11/2025;05:17:13;20;1282-20
CO2;1282;CT-CO2-0;02938df5-6afb-d44e-582d-0b5eea40f8eb;51:88:0A:9E;0;AVIÁRIO MEIO;822,00;23/11/2025;05:22:45;20;1282-20
CO2;1282;CT-CO2-0;02938df5-6afb-d44e-582d-0b5eea40f8eb;51:88:0A:9E;0;AVIÁRIO MEIO;794,00;23/11/2025;05:28:16;20;1282-20
CO2;1282;CT-CO2-0;02938df5-6afb-d44e-582d-0b5eea40f8eb;51:88:0A:9E;0;AVIÁRIO MEIO;758,00;23/11/2025;05:33:48;20;1282-20
CO2;1282;CT-CO2-0;02938df5-6afb-d44e-582d-0b5eea40f8eb;51:88:0A:9E;0;AVIÁRIO MEIO;769,00;23/11/2025;05:38:50;20;1282-20
CO2;1282;CT-CO2-0;02938df5-6afb-d44e-582d-0b5eea40f8eb;51:88:0A:9E;0;AVIÁRIO MEIO;776,00;23/11/2025;05:44:22;20;1282-20
CO2;1282;CT-CO2-0;02938df5-6afb-d44e-582d-0b5eea40f8eb;51:88:0A:9E;0;AVIÁRIO MEIO;782,00;23/11/2025;05:49:54;20;1282-20
CO2;1282;CT-CO2-0;02938df5-6afb-d44e-582d-0b5eea40f8eb;51:88:0A:9E;0;AVIÁRIO MEIO;763,00;23/11/2025;05:54:57;20;1282-20
CO2;1282;CT-CO2-0;02938df5-6afb-d44e-582d-0b5eea40f8eb;51:88:0A:9E;0;AVIÁRIO MEIO;771,00;23/11/2025;06:01:01;20;1282-20
CO2;1282;CT-CO2-0;02938df5-6afb-d44e-582d-0b5eea40f8eb;51:88:0A:9E;0;AVIÁRIO MEIO;755,00;23/11/2025;06:06:02;20;1282-20
CO2;1282;CT-CO2-0;02938df5-6afb-d44e-582d-0b5eea40f8eb;51:88:0A:9E;0;AVIÁRIO MEIO;769,00;23/11/2025;06:11:04;20;1282-20
CO2;1282;CT-CO2-0;02938df5-6afb-d44e-582d-0b5eea40f8eb;51:88:0A:9E;0;AVIÁRIO MEIO;757,00;23/11/2025;06:16:38;20;1282-20
CO2;1282;CT-CO2-0;02938df5-6afb-d44e-582d-0b5eea40f8eb;51:88:0A:9E;0;AVIÁRIO MEIO;771,00;23/11/2025;06:22:10;20;1282-20
CO2;1282;CT-CO2-0;02938df5-6afb-d44e-582d-0b5eea40f8eb;51:88:0A:9E;0;AVIÁRIO MEIO;762,00;23/11/2025;06:27:42;20;1282-20
CO2;1282;CT-CO2-0;02938df5-6afb-d44e-582d-0b5eea40f8eb;51:88:0A:9E;0;AVIÁRIO MEIO;786,00;23/11/2025;06:32:44;20;1282-20
CO2;1282;CT-CO2-0;02938df5-6afb-d44e-582d-0b5eea40f8eb;51:88:0A:9E;0;AVIÁRIO MEIO;778,00;23/11/2025;06:38:16;20;1282-20
CO2;1282;CT-CO2-0;02938df5-6afb-d44e-582d-0b5eea40f8eb;51:88:0A:9E;0;AVIÁRIO MEIO;752,00;23/11/2025;06:43:49;20;1282-20
CO2;1282;CT-CO2-0;02938df5-6afb-d44e-582d-0b5eea40f8eb;51:88:0A:9E;0;AVIÁRIO MEIO;731,00;23/11/2025;06:48:51;20;1282-20
CO2;1282;CT-CO2-0;02938df5-6afb-d44e-582d-0b5eea40f8eb;51:88:0A:9E;0;AVIÁRIO MEIO;723,00;23/11/2025;06:54:24;20;1282-20
CO2;1282;CT-CO2-0;02938df5-6afb-d44e-582d-0b5eea40f8eb;51:88:0A:9E;0;AVIÁRIO MEIO;726,00;23/11/2025;06:59:56;20;1282-20
CO2;1282;CT-CO2-0;02938df5-6afb-d44e-582d-0b5eea40f8eb;51:88:0A:9E;0;AVIÁRIO MEIO;831,00;23/11/2025;07:04:58;20;1282-20
CO2;1282;CT-CO2-0;02938df5-6afb-d44e-582d-0b5eea40f8eb;51:88:0A:9E;0;AVIÁRIO MEIO;838,00;23/11/2025;07:11:01;20;1282-20
CO2;1282;CT-CO2-0;02938df5-6afb-d44e-582d-0b5eea40f8eb;51:88:0A:9E;0;AVIÁRIO MEIO;735,00;23/11/2025;07:16:04;20;1282-20
CO2;1282;CT-CO2-0;02938df5-6afb-d44e-582d-0b5eea40f8eb;51:88:0A:9E;0;AVIÁRIO MEIO;711,00;23/11/2025;07:21:06;20;1282-20
CO2;1282;CT-CO2-0;02938df5-6afb-d44e-582d-0b5eea40f8eb;51:88:0A:9E;0;AVIÁRIO MEIO;695,00;23/11/2025;07:26:37;20;1282-20
CO2;1282;CT-CO2-0;02938df5-6afb-d44e-582d-0b5eea40f8eb;51:88:0A:9E;0;AVIÁRIO MEIO;708,00;23/11/2025;07:32:09;20;1282-20
CO2;1282;CT-CO2-0;02938df5-6afb-d44e-582d-0b5eea40f8eb;51:88:0A:9E;0;AVIÁRIO MEIO;703,00;23/11/2025;07:37:41;20;1282-20
CO2;1282;CT-CO2-0;02938df5-6afb-d44e-582d-0b5eea40f8eb;51:88:0A:9E;0;AVIÁRIO MEIO;696,00;23/11/2025;07:42:43;20;1282-20
CO2;1282;CT-CO2-0;02938df5-6afb-d44e-582d-0b5eea40f8eb;51:88:0A:9E;0;AVIÁRIO MEIO;698,00;23/11/2025;07:48:15;20;1282-20
CO2;1282;CT-CO2-0;02938df5-6afb-d44e-582d-0b5eea40f8eb;51:88:0A:9E;0;AVIÁRIO MEIO;675,00;23/11/2025;07:53:47;20;1282-20
CO2;1282;CT-CO2-0;02938df5-6afb-d44e-582d-0b5eea40f8eb;51:88:0A:9E;0;AVIÁRIO MEIO;674,00;23/11/2025;07:58:49;20;1282-20
CO2;1282;CT-CO2-0;02938df5-6afb-d44e-582d-0b5eea40f8eb;51:88:0A:9E;0;AVIÁRIO MEIO;683,00;23/11/2025;08:04:21;20;1282-20
CO2;1282;CT-CO2-0;02938df5-6afb-d44e-582d-0b5eea40f8eb;51:88:0A:9E;0;AVIÁRIO MEIO;687,00;23/11/2025;08:09:53;20;1282-20
CO2;1282;CT-CO2-0;02938df5-6afb-d44e-582d-0b5eea40f8eb;51:88:0A:9E;0;AVIÁRIO MEIO;691,00;23/11/2025;08:14:55;20;1282-20
CO2;1282;CT-CO2-0;02938df5-6afb-d44e-582d-0b5eea40f8eb;51:88:0A:9E;0;AVIÁRIO MEIO;692,00;23/11/2025;08:20:59;20;1282-20
CO2;1282;CT-CO2-0;02938df5-6afb-d44e-582d-0b5eea40f8eb;51:88:0A:9E;0;AVIÁRIO MEIO;686,00;23/11/2025;08:26:00;20;1282-20
CO2;1282;CT-CO2-0;02938df5-6afb-d44e-582d-0b5eea40f8eb;51:88:0A:9E;0;AVIÁRIO MEIO;677,00;23/11/2025;08:31:04;20;1282-20
CO2;1282;CT-CO2-0;02938df5-6afb-d44e-582d-0b5eea40f8eb;51:88:0A:9E;0;AVIÁRIO MEIO;674,00;23/11/2025;08:36:36;20;1282-20
CO2;1282;CT-CO2-0;02938df5-6afb-d44e-582d-0b5eea40f8eb;51:88:0A:9E;0;AVIÁRIO MEIO;655,00;23/11/2025;08:42:08;20;1282-20
CO2;1282;CT-CO2-0;02938df5-6afb-d44e-582d-0b5eea40f8eb;51:88:0A:9E;0;AVIÁRIO MEIO;668,00;23/11/2025;08:47:10;20;1282-20
CO2;1282;CT-CO2-0;02938df5-6afb-d44e-582d-0b5eea40f8eb;51:88:0A:9E;0;AVIÁRIO MEIO;674,00;23/11/2025;08:52:42;20;1282-20
CO2;1282;CT-CO2-0;02938df5-6afb-d44e-582d-0b5eea40f8eb;51:88:0A:9E;0;AVIÁRIO MEIO;677,00;23/11/2025;08:58:14;20;1282-20
CO2;1282;CT-CO2-0;02938df5-6afb-d44e-582d-0b5eea40f8eb;51:88:0A:9E;0;AVIÁRIO MEIO;684,00;23/11/2025;09:03:17;20;1282-20
CO2;1282;CT-CO2-0;02938df5-6afb-d44e-582d-0b5eea40f8eb;51:88:0A:9E;0;AVIÁRIO MEIO;686,00;23/11/2025;09:08:49;20;1282-20
CO2;1282;CT-CO2-0;02938df5-6afb-d44e-582d-0b5eea40f8eb;51:88:0A:9E;0;AVIÁRIO MEIO;705,00;23/11/2025;09:14:21;20;1282-20
CO2;1282;CT-CO2-0;02938df5-6afb-d44e-582d-0b5eea40f8eb;51:88:0A:9E;0;AVIÁRIO MEIO;686,00;23/11/2025;09:19:23;20;1282-20
CO2;1282;CT-CO2-0;02938df5-6afb-d44e-582d-0b5eea40f8eb;51:88:0A:9E;0;AVIÁRIO MEIO;680,00;23/11/2025;09:24:56;20;1282-20
CO2;1282;CT-CO2-0;02938df5-6afb-d44e-582d-0b5eea40f8eb;51:88:0A:9E;0;AVIÁRIO MEIO;664,00;23/11/2025;09:31:00;20;1282-20
CO2;1282;CT-CO2-0;02938df5-6afb-d44e-582d-0b5eea40f8eb;51:88:0A:9E;0;AVIÁRIO MEIO;659,00;23/11/2025;09:35:33;20;1282-20
CO2;1282;CT-CO2-0;02938df5-6afb-d44e-582d-0b5eea40f8eb;51:88:0A:9E;0;AVIÁRIO MEIO;648,00;23/11/2025;09:41:06;20;1282-20
CO2;1282;CT-CO2-0;02938df5-6afb-d44e-582d-0b5eea40f8eb;51:88:0A:9E;0;AVIÁRIO MEIO;682,00;23/11/2025;09:46:08;20;1282-20
CO2;1282;CT-CO2-0;02938df5-6afb-d44e-582d-0b5eea40f8eb;51:88:0A:9E;0;AVIÁRIO MEIO;670,00;23/11/2025;09:51:44;20;1282-20
CO2;1282;CT-CO2-0;02938df5-6afb-d44e-582d-0b5eea40f8eb;51:88:0A:9E;0;AVIÁRIO MEIO;710,00;23/11/2025;09:57:16;20;1282-20
CO2;1282;CT-CO2-0;02938df5-6afb-d44e-582d-0b5eea40f8eb;51:88:0A:9E;0;AVIÁRIO MEIO;681,00;23/11/2025;10:02:18;20;1282-20
CO2;1282;CT-CO2-0;02938df5-6afb-d44e-582d-0b5eea40f8eb;51:88:0A:9E;0;AVIÁRIO MEIO;700,00;23/11/2025;10:07:50;20;1282-20
CO2;1282;CT-CO2-0;02938df5-6afb-d44e-582d-0b5eea40f8eb;51:88:0A:9E;0;AVIÁRIO MEIO;754,00;23/11/2025;10:13:22;20;1282-20
CO2;1282;CT-CO2-0;02938df5-6afb-d44e-582d-0b5eea40f8eb;51:88:0A:9E;0;AVIÁRIO MEIO;684,00;23/11/2025;10:18:24;20;1282-20
CO2;1282;CT-CO2-0;02938df5-6afb-d44e-582d-0b5eea40f8eb;51:88:0A:9E;0;AVIÁRIO MEIO;671,00;23/11/2025;10:23:56;20;1282-20
CO2;1282;CT-CO2-0;02938df5-6afb-d44e-582d-0b5eea40f8eb;51:88:0A:9E;0;AVIÁRIO MEIO;671,00;23/11/2025;10:29:28;20;1282-20
CO2;1282;CT-CO2-0;02938df5-6afb-d44e-582d-0b5eea40f8eb;51:88:0A:9E;0;AVIÁRIO MEIO;657,00;23/11/2025;10:34:30;20;1282-20
CO2;1282;CT-CO2-0;02938df5-6afb-d44e-582d-0b5eea40f8eb;51:88:0A:9E;0;AVIÁRIO MEIO;664,00;23/11/2025;10:40:35;20;1282-20
CO2;1282;CT-CO2-0;02938df5-6afb-d44e-582d-0b5eea40f8eb;51:88:0A:9E;0;AVIÁRIO MEIO;659,00;23/11/2025;10:45:38;20;1282-20
CO2;1282;CT-CO2-0;02938df5-6afb-d44e-582d-0b5eea40f8eb;51:88:0A:9E;0;AVIÁRIO MEIO;674,00;23/11/2025;10:50:40;20;1282-20
CO2;1282;CT-CO2-0;02938df5-6afb-d44e-582d-0b5eea40f8eb;51:88:0A:9E;0;AVIÁRIO MEIO;670,00;23/11/2025;10:56:13;20;1282-20
CO2;1282;CT-CO2-0;02938df5-6afb-d44e-582d-0b5eea40f8eb;51:88:0A:9E;0;AVIÁRIO MEIO;652,00;23/11/2025;11:01:16;20;1282-20
CO2;1282;CT-CO2-0;02938df5-6afb-d44e-582d-0b5eea40f8eb;51:88:0A:9E;0;AVIÁRIO MEIO;660,00;23/11/2025;11:06:49;20;1282-20
CO2;1282;CT-CO2-0;02938df5-6afb-d44e-582d-0b5eea40f8eb;51:88:0A:9E;0;AVIÁRIO MEIO;651,00;23/11/2025;11:12:22;20;1282-20
CO2;1282;CT-CO2-0;02938df5-6afb-d44e-582d-0b5eea40f8eb;51:88:0A:9E;0;AVIÁRIO MEIO;664,00;23/11/2025;11:17:24;20;1282-20
CO2;1282;CT-CO2-0;02938df5-6afb-d44e-582d-0b5eea40f8eb;51:88:0A:9E;0;AVIÁRIO MEIO;644,00;23/11/2025;11:22:56;20;1282-20
CO2;1282;CT-CO2-0;02938df5-6afb-d44e-582d-0b5eea40f8eb;51:88:0A:9E;0;AVIÁRIO MEIO;651,00;23/11/2025;11:28:27;20;1282-20
CO2;1282;CT-CO2-0;02938df5-6afb-d44e-582d-0b5eea40f8eb;51:88:0A:9E;0;AVIÁRIO MEIO;651,00;23/11/2025;11:33:29;20;1282-20
CO2;1282;CT-CO2-0;02938df5-6afb-d44e-582d-0b5eea40f8eb;51:88:0A:9E;0;AVIÁRIO MEIO;641,00;23/11/2025;11:39:02;20;1282-20
CO2;1282;CT-CO2-0;02938df5-6afb-d44e-582d-0b5eea40f8eb;51:88:0A:9E;0;AVIÁRIO MEIO;644,00;23/11/2025;11:44:34;20;1282-20
CO2;1282;CT-CO2-0;02938df5-6afb-d44e-582d-0b5eea40f8eb;51:88:0A:9E;0;AVIÁRIO MEIO;656,00;23/11/2025;11:50:07;20;1282-20
CO2;1282;CT-CO2-0;02938df5-6afb-d44e-582d-0b5eea40f8eb;51:88:0A:9E;0;AVIÁRIO MEIO;649,00;23/11/2025;11:55:10;20;1282-20
CO2;1282;CT-CO2-0;02938df5-6afb-d44e-582d-0b5eea40f8eb;51:88:0A:9E;0;AVIÁRIO MEIO;674,00;23/11/2025;12:00:43;20;1282-20
CO2;1282;CT-CO2-0;02938df5-6afb-d44e-582d-0b5eea40f8eb;51:88:0A:9E;0;AVIÁRIO MEIO;658,00;23/11/2025;12:05:45;20;1282-20
CO2;1282;CT-CO2-0;02938df5-6afb-d44e-582d-0b5eea40f8eb;51:88:0A:9E;0;AVIÁRIO MEIO;629,00;23/11/2025;12:11:17;20;1282-20
CO2;1282;CT-CO2-0;02938df5-6afb-d44e-582d-0b5eea40f8eb;51:88:0A:9E;0;AVIÁRIO MEIO;635,00;23/11/2025;12:16:49;20;1282-20
CO2;1282;CT-CO2-0;02938df5-6afb-d44e-582d-0b5eea40f8eb;51:88:0A:9E;0;AVIÁRIO MEIO;661,00;23/11/2025;12:21:51;20;1282-20
CO2;1282;CT-CO2-0;02938df5-6afb-d44e-582d-0b5eea40f8eb;51:88:0A:9E;0;AVIÁRIO MEIO;641,00;23/11/2025;12:27:23;20;1282-20
CO2;1282;CT-CO2-0;02938df5-6afb-d44e-582d-0b5eea40f8eb;51:88:0A:9E;0;AVIÁRIO MEIO;648,00;23/11/2025;12:32:56;20;1282-20
CO2;1282;CT-CO2-0;02938df5-6afb-d44e-582d-0b5eea40f8eb;51:88:0A:9E;0;AVIÁRIO MEIO;647,00;23/11/2025;12:37:59;20;1282-20
CO2;1282;CT-CO2-0;02938df5-6afb-d44e-582d-0b5eea40f8eb;51:88:0A:9E;0;AVIÁRIO MEIO;654,00;23/11/2025;12:43:31;20;1282-20
CO2;1282;CT-CO2-0;02938df5-6afb-d44e-582d-0b5eea40f8eb;51:88:0A:9E;0;AVIÁRIO MEIO;651,00;23/11/2025;12:49:03;20;1282-20
CO2;1282;CT-CO2-0;02938df5-6afb-d44e-582d-0b5eea40f8eb;51:88:0A:9E;0;AVIÁRIO MEIO;636,00;23/11/2025;12:54:05;20;1282-20
CO2;1282;CT-CO2-0;02938df5-6afb-d44e-582d-0b5eea40f8eb;51:88:0A:9E;0;AVIÁRIO MEIO;665,00;23/11/2025;13:00:08;20;1282-20
CO2;1282;CT-CO2-0;02938df5-6afb-d44e-582d-0b5eea40f8eb;51:88:0A:9E;0;AVIÁRIO MEIO;643,00;23/11/2025;13:05:10;20;1282-20
CO2;1282;CT-CO2-0;02938df5-6afb-d44e-582d-0b5eea40f8eb;51:88:0A:9E;0;AVIÁRIO MEIO;656,00;23/11/2025;13:10:12;20;1282-20
CO2;1282;CT-CO2-0;02938df5-6afb-d44e-582d-0b5eea40f8eb;51:88:0A:9E;0;AVIÁRIO MEIO;649,00;23/11/2025;13:15:46;20;1282-20
CO2;1282;CT-CO2-0;02938df5-6afb-d44e-582d-0b5eea40f8eb;51:88:0A:9E;0;AVIÁRIO MEIO;648,00;23/11/2025;13:20:48;20;1282-20
CO2;1282;CT-CO2-0;02938df5-6afb-d44e-582d-0b5eea40f8eb;51:88:0A:9E;0;AVIÁRIO MEIO;635,00;23/11/2025;13:26:20;20;1282-20
CO2;1282;CT-CO2-0;02938df5-6afb-d44e-582d-0b5eea40f8eb;51:88:0A:9E;0;AVIÁRIO MEIO;630,00;23/11/2025;13:31:53;20;1282-20
CO2;1282;CT-CO2-0;02938df5-6afb-d44e-582d-0b5eea40f8eb;51:88:0A:9E;0;AVIÁRIO MEIO;613,00;23/11/2025;13:36:55;20;1282-20
CO2;1282;CT-CO2-0;02938df5-6afb-d44e-582d-0b5eea40f8eb;51:88:0A:9E;0;AVIÁRIO MEIO;624,00;23/11/2025;13:42:27;20;1282-20
CO2;1282;CT-CO2-0;02938df5-6afb-d44e-582d-0b5eea40f8eb;51:88:0A:9E;0;AVIÁRIO MEIO;632,00;23/11/2025;13:47:59;20;1282-20
CO2;1282;CT-CO2-0;02938df5-6afb-d44e-582d-0b5eea40f8eb;51:88:0A:9E;0;AVIÁRIO MEIO;631,00;23/11/2025;13:53:02;20;1282-20
CO2;1282;CT-CO2-0;02938df5-6afb-d44e-582d-0b5eea40f8eb;51:88:0A:9E;0;AVIÁRIO MEIO;638,00;23/11/2025;13:58:34;20;1282-20
CO2;1282;CT-CO2-0;02938df5-6afb-d44e-582d-0b5eea40f8eb;51:88:0A:9E;0;AVIÁRIO MEIO;611,00;23/11/2025;14:04:06;20;1282-20
CO2;1282;CT-CO2-0;02938df5-6afb-d44e-582d-0b5eea40f8eb;51:88:0A:9E;0;AVIÁRIO MEIO;638,00;23/11/2025;14:09:39;20;1282-20
CO2;1282;CT-CO2-0;02938df5-6afb-d44e-582d-0b5eea40f8eb;51:88:0A:9E;0;AVIÁRIO MEIO;611,00;23/11/2025;14:14:41;20;1282-20
CO2;1282;CT-CO2-0;02938df5-6afb-d44e-582d-0b5eea40f8eb;51:88:0A:9E;0;AVIÁRIO MEIO;621,00;23/11/2025;14:20:15;20;1282-20
CO2;1282;CT-CO2-0;02938df5-6afb-d44e-582d-0b5eea40f8eb;51:88:0A:9E;0;AVIÁRIO MEIO;615,00;23/11/2025;14:25:16;20;1282-20
CO2;1282;CT-CO2-0;02938df5-6afb-d44e-582d-0b5eea40f8eb;51:88:0A:9E;0;AVIÁRIO MEIO;619,00;23/11/2025;14:30:53;20;1282-20
CO2;1282;CT-CO2-0;02938df5-6afb-d44e-582d-0b5eea40f8eb;51:88:0A:9E;0;AVIÁRIO MEIO;654,00;23/11/2025;14:35:55;20;1282-20
CO2;1282;CT-CO2-0;02938df5-6afb-d44e-582d-0b5eea40f8eb;51:88:0A:9E;0;AVIÁRIO MEIO;628,00;23/11/2025;14:41:27;20;1282-20
CO2;1282;CT-CO2-0;02938df5-6afb-d44e-582d-0b5eea40f8eb;51:88:0A:9E;0;AVIÁRIO MEIO;629,00;23/11/2025;14:46:59;20;1282-20
CO2;1282;CT-CO2-0;02938df5-6afb-d44e-582d-0b5eea40f8eb;51:88:0A:9E;0;AVIÁRIO MEIO;645,00;23/11/2025;14:52:01;20;1282-20
CO2;1282;CT-CO2-0;02938df5-6afb-d44e-582d-0b5eea40f8eb;51:88:0A:9E;0;AVIÁRIO MEIO;637,00;23/11/2025;14:57:33;20;1282-20
CO2;1282;CT-CO2-0;02938df5-6afb-d44e-582d-0b5eea40f8eb;51:88:0A:9E;0;AVIÁRIO MEIO;631,00;23/11/2025;15:03:05;20;1282-20
CO2;1282;CT-CO2-0;02938df5-6afb-d44e-582d-0b5eea40f8eb;51:88:0A:9E;0;AVIÁRIO MEIO;626,00;23/11/2025;15:08:07;20;1282-20
CO2;1282;CT-CO2-0;02938df5-6afb-d44e-582d-0b5eea40f8eb;51:88:0A:9E;0;AVIÁRIO MEIO;641,00;23/11/2025;15:13:39;20;1282-20
CO2;1282;CT-CO2-0;02938df5-6afb-d44e-582d-0b5eea40f8eb;51:88:0A:9E;0;AVIÁRIO MEIO;623,00;23/11/2025;15:19:42;20;1282-20
CO2;1282;CT-CO2-0;02938df5-6afb-d44e-582d-0b5eea40f8eb;51:88:0A:9E;0;AVIÁRIO MEIO;618,00;23/11/2025;15:24:15;20;1282-20
CO2;1282;CT-CO2-0;02938df5-6afb-d44e-582d-0b5eea40f8eb;51:88:0A:9E;0;AVIÁRIO MEIO;621,00;23/11/2025;15:29:47;20;1282-20
CO2;1282;CT-CO2-0;02938df5-6afb-d44e-582d-0b5eea40f8eb;51:88:0A:9E;0;AVIÁRIO MEIO;628,00;23/11/2025;15:35:19;20;1282-20
CO2;1282;CT-CO2-0;02938df5-6afb-d44e-582d-0b5eea40f8eb;51:88:0A:9E;0;AVIÁRIO MEIO;644,00;23/11/2025;15:40:21;20;1282-20
CO2;1282;CT-CO2-0;02938df5-6afb-d44e-582d-0b5eea40f8eb;51:88:0A:9E;0;AVIÁRIO MEIO;630,00;23/11/2025;15:45:54;20;1282-20
CO2;1282;CT-CO2-0;02938df5-6afb-d44e-582d-0b5eea40f8eb;51:88:0A:9E;0;AVIÁRIO MEIO;634,00;23/11/2025;15:51:26;20;1282-20
CO2;1282;CT-CO2-0;02938df5-6afb-d44e-582d-0b5eea40f8eb;51:88:0A:9E;0;AVIÁRIO MEIO;655,00;23/11/2025;15:56:28;20;1282-20
CO2;1282;CT-CO2-0;02938df5-6afb-d44e-582d-0b5eea40f8eb;51:88:0A:9E;0;AVIÁRIO MEIO;663,00;23/11/2025;16:01:59;20;1282-20
CO2;1282;CT-CO2-0;02938df5-6afb-d44e-582d-0b5eea40f8eb;51:88:0A:9E;0;AVIÁRIO MEIO;642,00;23/11/2025;16:07:31;20;1282-20
CO2;1282;CT-CO2-0;02938df5-6afb-d44e-582d-0b5eea40f8eb;51:88:0A:9E;0;AVIÁRIO MEIO;639,00;23/11/2025;16:12:33;20;1282-20
CO2;1282;CT-CO2-0;02938df5-6afb-d44e-582d-0b5eea40f8eb;51:88:0A:9E;0;AVIÁRIO MEIO;650,00;23/11/2025;16:18:04;20;1282-20
CO2;1282;CT-CO2-0;02938df5-6afb-d44e-582d-0b5eea40f8eb;51:88:0A:9E;0;AVIÁRIO MEIO;653,00;23/11/2025;16:23:36;20;1282-20
CO2;1282;CT-CO2-0;02938df5-6afb-d44e-582d-0b5eea40f8eb;51:88:0A:9E;0;AVIÁRIO MEIO;632,00;23/11/2025;16:29:10;20;1282-20
CO2;1282;CT-CO2-0;02938df5-6afb-d44e-582d-0b5eea40f8eb;51:88:0A:9E;0;AVIÁRIO MEIO;619,00;23/11/2025;16:34:11;20;1282-20
CO2;1282;CT-CO2-0;02938df5-6afb-d44e-582d-0b5eea40f8eb;51:88:0A:9E;0;AVIÁRIO MEIO;618,00;23/11/2025;16:39:43;20;1282-20
CO2;1282;CT-CO2-0;02938df5-6afb-d44e-582d-0b5eea40f8eb;51:88:0A:9E;0;AVIÁRIO MEIO;613,00;23/11/2025;16:44:45;20;1282-20
CO2;1282;CT-CO2-0;02938df5-6afb-d44e-582d-0b5eea40f8eb;51:88:0A:9E;0;AVIÁRIO MEIO;610,00;23/11/2025;16:50:17;20;1282-20
CO2;1282;CT-CO2-0;02938df5-6afb-d44e-582d-0b5eea40f8eb;51:88:0A:9E;0;AVIÁRIO MEIO;615,00;23/11/2025;16:55:49;20;1282-20
CO2;1282;CT-CO2-0;02938df5-6afb-d44e-582d-0b5eea40f8eb;51:88:0A:9E;0;AVIÁRIO MEIO;611,00;23/11/2025;17:00:51;20;1282-20
CO2;1282;CT-CO2-0;02938df5-6afb-d44e-582d-0b5eea40f8eb;51:88:0A:9E;0;AVIÁRIO MEIO;626,00;23/11/2025;17:06:24;20;1282-20
CO2;1282;CT-CO2-0;02938df5-6afb-d44e-582d-0b5eea40f8eb;51:88:0A:9E;0;AVIÁRIO MEIO;640,00;23/11/2025;17:11:55;20;1282-20
CO2;1282;CT-CO2-0;02938df5-6afb-d44e-582d-0b5eea40f8eb;51:88:0A:9E;0;AVIÁRIO MEIO;654,00;23/11/2025;17:16:57;20;1282-20
CO2;1282;CT-CO2-0;02938df5-6afb-d44e-582d-0b5eea40f8eb;51:88:0A:9E;0;AVIÁRIO MEIO;645,00;23/11/2025;17:22:29;20;1282-20
CO2;1282;CT-CO2-0;02938df5-6afb-d44e-582d-0b5eea40f8eb;51:88:0A:9E;0;AVIÁRIO MEIO;654,00;23/11/2025;17:28:01;20;1282-20
CO2;1282;CT-CO2-0;02938df5-6afb-d44e-582d-0b5eea40f8eb;51:88:0A:9E;0;AVIÁRIO MEIO;788,00;23/11/2025;17:33:03;20;1282-20
CO2;1282;CT-CO2-0;02938df5-6afb-d44e-582d-0b5eea40f8eb;51:88:0A:9E;0;AVIÁRIO MEIO;704,00;23/11/2025;17:39:06;20;1282-20
CO2;1282;CT-CO2-0;02938df5-6afb-d44e-582d-0b5eea40f8eb;51:88:0A:9E;0;AVIÁRIO MEIO;636,00;23/11/2025;17:44:09;20;1282-20
CO2;1282;CT-CO2-0;02938df5-6afb-d44e-582d-0b5eea40f8eb;51:88:0A:9E;0;AVIÁRIO MEIO;661,00;23/11/2025;17:49:11;20;1282-20
CO2;1282;CT-CO2-0;02938df5-6afb-d44e-582d-0b5eea40f8eb;51:88:0A:9E;0;AVIÁRIO MEIO;725,00;23/11/2025;17:54:42;20;1282-20
CO2;1282;CT-CO2-0;02938df5-6afb-d44e-582d-0b5eea40f8eb;51:88:0A:9E;0;AVIÁRIO MEIO;739,00;23/11/2025;18:00:15;20;1282-20
CO2;1282;CT-CO2-0;02938df5-6afb-d44e-582d-0b5eea40f8eb;51:88:0A:9E;0;AVIÁRIO MEIO;739,00;23/11/2025;18:05:17;20;1282-20
CO2;1282;CT-CO2-0;02938df5-6afb-d44e-582d-0b5eea40f8eb;51:88:0A:9E;0;AVIÁRIO MEIO;727,00;23/11/2025;18:10:49;20;1282-20
CO2;1282;CT-CO2-0;02938df5-6afb-d44e-582d-0b5eea40f8eb;51:88:0A:9E;0;AVIÁRIO MEIO;690,00;23/11/2025;18:16:22;20;1282-20
CO2;1282;CT-CO2-0;02938df5-6afb-d44e-582d-0b5eea40f8eb;51:88:0A:9E;0;AVIÁRIO MEIO;697,00;23/11/2025;18:21:25;20;1282-20
CO2;1282;CT-CO2-0;02938df5-6afb-d44e-582d-0b5eea40f8eb;51:88:0A:9E;0;AVIÁRIO MEIO;709,00;23/11/2025;18:26:58;20;1282-20
CO2;1282;CT-CO2-0;02938df5-6afb-d44e-582d-0b5eea40f8eb;51:88:0A:9E;0;AVIÁRIO MEIO;704,00;23/11/2025;18:32:30;20;1282-20
CO2;1282;CT-CO2-0;02938df5-6afb-d44e-582d-0b5eea40f8eb;51:88:0A:9E;0;AVIÁRIO MEIO;701,00;23/11/2025;18:37:32;20;1282-20
CO2;1282;CT-CO2-0;02938df5-6afb-d44e-582d-0b5eea40f8eb;51:88:0A:9E;0;AVIÁRIO MEIO;688,00;23/11/2025;18:43:04;20;1282-20
CO2;1282;CT-CO2-0;02938df5-6afb-d44e-582d-0b5eea40f8eb;51:88:0A:9E;0;AVIÁRIO MEIO;685,00;23/11/2025;18:49:09;20;1282-20
CO2;1282;CT-CO2-0;02938df5-6afb-d44e-582d-0b5eea40f8eb;51:88:0A:9E;0;AVIÁRIO MEIO;679,00;23/11/2025;18:53:42;20;1282-20
CO2;1282;CT-CO2-0;02938df5-6afb-d44e-582d-0b5eea40f8eb;51:88:0A:9E;0;AVIÁRIO MEIO;708,00;23/11/2025;18:59:14;20;1282-20
CO2;1282;CT-CO2-0;02938df5-6afb-d44e-582d-0b5eea40f8eb;51:88:0A:9E;0;AVIÁRIO MEIO;723,00;23/11/2025;19:04:16;20;1282-20
CO2;1282;CT-CO2-0;02938df5-6afb-d44e-582d-0b5eea40f8eb;51:88:0A:9E;0;AVIÁRIO MEIO;722,00;23/11/2025;19:09:48;20;1282-20
CO2;1282;CT-CO2-0;02938df5-6afb-d44e-582d-0b5eea40f8eb;51:88:0A:9E;0;AVIÁRIO MEIO;717,00;23/11/2025;19:15:23;20;1282-20
CO2;1282;CT-CO2-0;02938df5-6afb-d44e-582d-0b5eea40f8eb;51:88:0A:9E;0;AVIÁRIO MEIO;777,00;23/11/2025;19:20:25;20;1282-20
CO2;1282;CT-CO2-0;02938df5-6afb-d44e-582d-0b5eea40f8eb;51:88:0A:9E;0;AVIÁRIO MEIO;730,00;23/11/2025;19:25:57;20;1282-20
CO2;1282;CT-CO2-0;02938df5-6afb-d44e-582d-0b5eea40f8eb;51:88:0A:9E;0;AVIÁRIO MEIO;707,00;23/11/2025;19:31:29;20;1282-20
CO2;1282;CT-CO2-0;02938df5-6afb-d44e-582d-0b5eea40f8eb;51:88:0A:9E;0;AVIÁRIO MEIO;715,00;23/11/2025;19:36:32;20;1282-20
CO2;1282;CT-CO2-0;02938df5-6afb-d44e-582d-0b5eea40f8eb;51:88:0A:9E;0;AVIÁRIO MEIO;718,00;23/11/2025;19:42:03;20;1282-20
CO2;1282;CT-CO2-0;02938df5-6afb-d44e-582d-0b5eea40f8eb;51:88:0A:9E;0;AVIÁRIO MEIO;730,00;23/11/2025;19:47:35;20;1282-20
CO2;1282;CT-CO2-0;02938df5-6afb-d44e-582d-0b5eea40f8eb;51:88:0A:9E;0;AVIÁRIO MEIO;741,00;23/11/2025;19:52:42;20;1282-20
CO2;1282;CT-CO2-0;02938df5-6afb-d44e-582d-0b5eea40f8eb;51:88:0A:9E;0;AVIÁRIO MEIO;747,00;23/11/2025;19:58:45;20;1282-20
CO2;1282;CT-CO2-0;02938df5-6afb-d44e-582d-0b5eea40f8eb;51:88:0A:9E;0;AVIÁRIO MEIO;733,00;23/11/2025;20:03:48;20;1282-20
CO2;1282;CT-CO2-0;02938df5-6afb-d44e-582d-0b5eea40f8eb;51:88:0A:9E;0;AVIÁRIO MEIO;750,00;23/11/2025;20:08:51;20;1282-20
CO2;1282;CT-CO2-0;02938df5-6afb-d44e-582d-0b5eea40f8eb;51:88:0A:9E;0;AVIÁRIO MEIO;771,00;23/11/2025;20:14:22;20;1282-20
CO2;1282;CT-CO2-0;02938df5-6afb-d44e-582d-0b5eea40f8eb;51:88:0A:9E;0;AVIÁRIO MEIO;748,00;23/11/2025;20:19:54;20;1282-20
CO2;1282;CT-CO2-0;02938df5-6afb-d44e-582d-0b5eea40f8eb;51:88:0A:9E;0;AVIÁRIO MEIO;765,00;23/11/2025;20:24:56;20;1282-20
CO2;1282;CT-CO2-0;02938df5-6afb-d44e-582d-0b5eea40f8eb;51:88:0A:9E;0;AVIÁRIO MEIO;761,00;23/11/2025;20:30:29;20;1282-20
CO2;1282;CT-CO2-0;02938df5-6afb-d44e-582d-0b5eea40f8eb;51:88:0A:9E;0;AVIÁRIO MEIO;763,00;23/11/2025;20:36:01;20;1282-20
CO2;1282;CT-CO2-0;02938df5-6afb-d44e-582d-0b5eea40f8eb;51:88:0A:9E;0;AVIÁRIO MEIO;767,00;23/11/2025;20:41:04;20;1282-20
CO2;1282;CT-CO2-0;02938df5-6afb-d44e-582d-0b5eea40f8eb;51:88:0A:9E;0;AVIÁRIO MEIO;777,00;23/11/2025;20:46:37;20;1282-20
CO2;1282;CT-CO2-0;02938df5-6afb-d44e-582d-0b5eea40f8eb;51:88:0A:9E;0;AVIÁRIO MEIO;761,00;23/11/2025;20:52:14;20;1282-20
CO2;1282;CT-CO2-0;02938df5-6afb-d44e-582d-0b5eea40f8eb;51:88:0A:9E;0;AVIÁRIO MEIO;784,00;23/11/2025;20:57:19;20;1282-20
CO2;1282;CT-CO2-0;02938df5-6afb-d44e-582d-0b5eea40f8eb;51:88:0A:9E;0;AVIÁRIO MEIO;748,00;23/11/2025;21:11:23;20;1282-20
CO2;1282;CT-CO2-0;02938df5-6afb-d44e-582d-0b5eea40f8eb;51:88:0A:9E;0;AVIÁRIO MEIO;750,00;23/11/2025;21:16:57;20;1282-20
CO2;1282;CT-CO2-0;02938df5-6afb-d44e-582d-0b5eea40f8eb;51:88:0A:9E;0;AVIÁRIO MEIO;764,00;23/11/2025;21:22:29;20;1282-20
CO2;1282;CT-CO2-0;02938df5-6afb-d44e-582d-0b5eea40f8eb;51:88:0A:9E;0;AVIÁRIO MEIO;782,00;23/11/2025;21:27:31;20;1282-20
CO2;1282;CT-CO2-0;02938df5-6afb-d44e-582d-0b5eea40f8eb;51:88:0A:9E;0;AVIÁRIO MEIO;770,00;23/11/2025;21:33:03;20;1282-20
CO2;1282;CT-CO2-0;02938df5-6afb-d44e-582d-0b5eea40f8eb;51:88:0A:9E;0;AVIÁRIO MEIO;778,00;23/11/2025;21:38:35;20;1282-20
CO2;1282;CT-CO2-0;02938df5-6afb-d44e-582d-0b5eea40f8eb;51:88:0A:9E;0;AVIÁRIO MEIO;797,00;23/11/2025;21:43:37;20;1282-20
CO2;1282;CT-CO2-0;02938df5-6afb-d44e-582d-0b5eea40f8eb;51:88:0A:9E;0;AVIÁRIO MEIO;793,00;23/11/2025;21:49:10;20;1282-20
CO2;1282;CT-CO2-0;02938df5-6afb-d44e-582d-0b5eea40f8eb;51:88:0A:9E;0;AVIÁRIO MEIO;778,00;23/11/2025;21:54:42;20;1282-20
CO2;1282;CT-CO2-0;02938df5-6afb-d44e-582d-0b5eea40f8eb;51:88:0A:9E;0;AVIÁRIO MEIO;760,00;23/11/2025;21:59:43;20;1282-20
CO2;1282;CT-CO2-0;02938df5-6afb-d44e-582d-0b5eea40f8eb;51:88:0A:9E;0;AVIÁRIO MEIO;780,00;23/11/2025;22:05:15;20;1282-20
CO2;1282;CT-CO2-0;02938df5-6afb-d44e-582d-0b5eea40f8eb;51:88:0A:9E;0;AVIÁRIO MEIO;807,00;23/11/2025;22:10:47;20;1282-20
CO2;1282;CT-CO2-0;02938df5-6afb-d44e-582d-0b5eea40f8eb;51:88:0A:9E;0;AVIÁRIO MEIO;802,00;23/11/2025;22:16:20;20;1282-20
CO2;1282;CT-CO2-0;02938df5-6afb-d44e-582d-0b5eea40f8eb;51:88:0A:9E;0;AVIÁRIO MEIO;770,00;23/11/2025;22:21:22;20;1282-20
CO2;1282;CT-CO2-0;02938df5-6afb-d44e-582d-0b5eea40f8eb;51:88:0A:9E;0;AVIÁRIO MEIO;795,00;23/11/2025;22:26:55;20;1282-20
CO2;1282;CT-CO2-0;02938df5-6afb-d44e-582d-0b5eea40f8eb;51:88:0A:9E;0;AVIÁRIO MEIO;777,00;23/11/2025;22:31:57;20;1282-20
CO2;1282;CT-CO2-0;02938df5-6afb-d44e-582d-0b5eea40f8eb;51:88:0A:9E;0;AVIÁRIO MEIO;776,00;23/11/2025;22:37:30;20;1282-20
CO2;1282;CT-CO2-0;02938df5-6afb-d44e-582d-0b5eea40f8eb;51:88:0A:9E;0;AVIÁRIO MEIO;768,00;23/11/2025;22:43:02;20;1282-20
CO2;1282;CT-CO2-0;02938df5-6afb-d44e-582d-0b5eea40f8eb;51:88:0A:9E;0;AVIÁRIO MEIO;755,00;23/11/2025;22:48:34;20;1282-20
CO2;1282;CT-CO2-0;02938df5-6afb-d44e-582d-0b5eea40f8eb;51:88:0A:9E;0;AVIÁRIO MEIO;761,00;23/11/2025;22:53:35;20;1282-20
CO2;1282;CT-CO2-0;02938df5-6afb-d44e-582d-0b5eea40f8eb;51:88:0A:9E;0;AVIÁRIO MEIO;735,00;23/11/2025;22:59:08;20;1282-20
CO2;1282;CT-CO2-0;02938df5-6afb-d44e-582d-0b5eea40f8eb;51:88:0A:9E;0;AVIÁRIO MEIO;733,00;23/11/2025;23:04:39;20;1282-20
CO2;1282;CT-CO2-0;02938df5-6afb-d44e-582d-0b5eea40f8eb;51:88:0A:9E;0;AVIÁRIO MEIO;791,00;23/11/2025;23:09:41;20;1282-20
CO2;1282;CT-CO2-0;02938df5-6afb-d44e-582d-0b5eea40f8eb;51:88:0A:9E;0;AVIÁRIO MEIO;820,00;23/11/2025;23:15:14;20;1282-20
CO2;1282;CT-CO2-0;02938df5-6afb-d44e-582d-0b5eea40f8eb;51:88:0A:9E;0;AVIÁRIO MEIO;789,00;23/11/2025;23:20:48;20;1282-20
CO2;1282;CT-CO2-0;02938df5-6afb-d44e-582d-0b5eea40f8eb;51:88:0A:9E;0;AVIÁRIO MEIO;809,00;23/11/2025;23:26:22;20;1282-20
CO2;1282;CT-CO2-0;02938df5-6afb-d44e-582d-0b5eea40f8eb;51:88:0A:9E;0;AVIÁRIO MEIO;805,00;23/11/2025;23:31:26;20;1282-20
CO2;1282;CT-CO2-0;02938df5-6afb-d44e-582d-0b5eea40f8eb;51:88:0A:9E;0;AVIÁRIO MEIO;802,00;23/11/2025;23:36:58;20;1282-20
CO2;1282;CT-CO2-0;02938df5-6afb-d44e-582d-0b5eea40f8eb;51:88:0A:9E;0;AVIÁRIO MEIO;793,00;23/11/2025;23:41:59;20;1282-20
CO2;1282;CT-CO2-0;02938df5-6afb-d44e-582d-0b5eea40f8eb;51:88:0A:9E;0;AVIÁRIO MEIO;863,00;23/11/2025;23:47:31;20;1282-20
CO2;1282;CT-CO2-0;02938df5-6afb-d44e-582d-0b5eea40f8eb;51:88:0A:9E;0;AVIÁRIO MEIO;778,00;23/11/2025;23:53:03;20;1282-20
CO2;1282;CT-CO2-0;02938df5-6afb-d44e-582d-0b5eea40f8eb;51:88:0A:9E;0;AVIÁRIO MEIO;784,00;23/11/2025;23:58:05;20;1282-20
CO2;1282;CT-CO2-0;02938df5-6afb-d44e-582d-0b5eea40f8eb;51:88:0A:9E;0;AVIÁRIO MEIO;780,00;24/11/2025;00:03:38;20;1282-20
CO2;1282;CT-CO2-0;02938df5-6afb-d44e-582d-0b5eea40f8eb;51:88:0A:9E;0;AVIÁRIO MEIO;767,00;24/11/2025;00:09:10;20;1282-20
CO2;1282;CT-CO2-0;02938df5-6afb-d44e-582d-0b5eea40f8eb;51:88:0A:9E;0;AVIÁRIO MEIO;779,00;24/11/2025;00:14:12;20;1282-20
CO2;1282;CT-CO2-0;02938df5-6afb-d44e-582d-0b5eea40f8eb;51:88:0A:9E;0;AVIÁRIO MEIO;766,00;24/11/2025;00:19:44;20;1282-20
CO2;1282;CT-CO2-0;02938df5-6afb-d44e-582d-0b5eea40f8eb;51:88:0A:9E;0;AVIÁRIO MEIO;772,00;24/11/2025;00:25:15;20;1282-20
CO2;1282;CT-CO2-0;02938df5-6afb-d44e-582d-0b5eea40f8eb;51:88:0A:9E;0;AVIÁRIO MEIO;780,00;24/11/2025;00:30:47;20;1282-20
CO2;1282;CT-CO2-0;02938df5-6afb-d44e-582d-0b5eea40f8eb;51:88:0A:9E;0;AVIÁRIO MEIO;776,00;24/11/2025;00:36:21;20;1282-20
CO2;1282;CT-CO2-0;02938df5-6afb-d44e-582d-0b5eea40f8eb;51:88:0A:9E;0;AVIÁRIO MEIO;770,00;24/11/2025;00:41:24;20;1282-20
CO2;1282;CT-CO2-0;02938df5-6afb-d44e-582d-0b5eea40f8eb;51:88:0A:9E;0;AVIÁRIO MEIO;771,00;24/11/2025;00:46:56;20;1282-20
CO2;1282;CT-CO2-0;02938df5-6afb-d44e-582d-0b5eea40f8eb;51:88:0A:9E;0;AVIÁRIO MEIO;767,00;24/11/2025;00:51:57;20;1282-20
CO2;1282;CT-CO2-0;02938df5-6afb-d44e-582d-0b5eea40f8eb;51:88:0A:9E;0;AVIÁRIO MEIO;776,00;24/11/2025;00:57:30;20;1282-20
CO2;1282;CT-CO2-0;02938df5-6afb-d44e-582d-0b5eea40f8eb;51:88:0A:9E;0;AVIÁRIO MEIO;774,00;24/11/2025;01:03:03;20;1282-20
CO2;1282;CT-CO2-0;02938df5-6afb-d44e-582d-0b5eea40f8eb;51:88:0A:9E;0;AVIÁRIO MEIO;781,00;24/11/2025;01:08:04;20;1282-20
CO2;1282;CT-CO2-0;02938df5-6afb-d44e-582d-0b5eea40f8eb;51:88:0A:9E;0;AVIÁRIO MEIO;763,00;24/11/2025;01:13:37;20;1282-20
CO2;1282;CT-CO2-0;02938df5-6afb-d44e-582d-0b5eea40f8eb;51:88:0A:9E;0;AVIÁRIO MEIO;765,00;24/11/2025;01:19:08;20;1282-20
CO2;1282;CT-CO2-0;02938df5-6afb-d44e-582d-0b5eea40f8eb;51:88:0A:9E;0;AVIÁRIO MEIO;769,00;24/11/2025;01:24:10;20;1282-20
CO2;1282;CT-CO2-0;02938df5-6afb-d44e-582d-0b5eea40f8eb;51:88:0A:9E;0;AVIÁRIO MEIO;787,00;24/11/2025;01:29:42;20;1282-20
CO2;1282;CT-CO2-0;02938df5-6afb-d44e-582d-0b5eea40f8eb;51:88:0A:9E;0;AVIÁRIO MEIO;768,00;24/11/2025;01:35:15;20;1282-20
CO2;1282;CT-CO2-0;02938df5-6afb-d44e-582d-0b5eea40f8eb;51:88:0A:9E;0;AVIÁRIO MEIO;788,00;24/11/2025;01:40:16;20;1282-20
CO2;1282;CT-CO2-0;02938df5-6afb-d44e-582d-0b5eea40f8eb;51:88:0A:9E;0;AVIÁRIO MEIO;781,00;24/11/2025;01:46:20;20;1282-20
CO2;1282;CT-CO2-0;02938df5-6afb-d44e-582d-0b5eea40f8eb;51:88:0A:9E;0;AVIÁRIO MEIO;785,00;24/11/2025;01:51:22;20;1282-20
CO2;1282;CT-CO2-0;02938df5-6afb-d44e-582d-0b5eea40f8eb;51:88:0A:9E;0;AVIÁRIO MEIO;769,00;24/11/2025;01:56:24;20;1282-20
CO2;1282;CT-CO2-0;02938df5-6afb-d44e-582d-0b5eea40f8eb;51:88:0A:9E;0;AVIÁRIO MEIO;773,00;24/11/2025;02:01:57;20;1282-20
CO2;1282;CT-CO2-0;02938df5-6afb-d44e-582d-0b5eea40f8eb;51:88:0A:9E;0;AVIÁRIO MEIO;775,00;24/11/2025;02:07:28;20;1282-20
CO2;1282;CT-CO2-0;02938df5-6afb-d44e-582d-0b5eea40f8eb;51:88:0A:9E;0;AVIÁRIO MEIO;774,00;24/11/2025;02:13:01;20;1282-20
CO2;1282;CT-CO2-0;02938df5-6afb-d44e-582d-0b5eea40f8eb;51:88:0A:9E;0;AVIÁRIO MEIO;762,00;24/11/2025;02:18:03;20;1282-20
CO2;1282;CT-CO2-0;02938df5-6afb-d44e-582d-0b5eea40f8eb;51:88:0A:9E;0;AVIÁRIO MEIO;823,00;24/11/2025;02:23:34;20;1282-20
CO2;1282;CT-CO2-0;02938df5-6afb-d44e-582d-0b5eea40f8eb;51:88:0A:9E;0;AVIÁRIO MEIO;790,00;24/11/2025;02:29:06;20;1282-20
CO2;1282;CT-CO2-0;02938df5-6afb-d44e-582d-0b5eea40f8eb;51:88:0A:9E;0;AVIÁRIO MEIO;770,00;24/11/2025;02:34:08;20;1282-20
CO2;1282;CT-CO2-0;02938df5-6afb-d44e-582d-0b5eea40f8eb;51:88:0A:9E;0;AVIÁRIO MEIO;773,00;24/11/2025;02:39:40;20;1282-20
CO2;1282;CT-CO2-0;02938df5-6afb-d44e-582d-0b5eea40f8eb;51:88:0A:9E;0;AVIÁRIO MEIO;775,00;24/11/2025;02:45:13;20;1282-20
CO2;1282;CT-CO2-0;02938df5-6afb-d44e-582d-0b5eea40f8eb;51:88:0A:9E;0;AVIÁRIO MEIO;775,00;24/11/2025;02:50:16;20;1282-20
CO2;1282;CT-CO2-0;02938df5-6afb-d44e-582d-0b5eea40f8eb;51:88:0A:9E;0;AVIÁRIO MEIO;774,00;24/11/2025;02:56:20;20;1282-20
CO2;1282;CT-CO2-0;02938df5-6afb-d44e-582d-0b5eea40f8eb;51:88:0A:9E;0;AVIÁRIO MEIO;768,00;24/11/2025;03:01:21;20;1282-20
CO2;1282;CT-CO2-0;02938df5-6afb-d44e-582d-0b5eea40f8eb;51:88:0A:9E;0;AVIÁRIO MEIO;773,00;24/11/2025;03:06:24;20;1282-20
CO2;1282;CT-CO2-0;02938df5-6afb-d44e-582d-0b5eea40f8eb;51:88:0A:9E;0;AVIÁRIO MEIO;767,00;24/11/2025;03:11:57;20;1282-20
CO2;1282;CT-CO2-0;02938df5-6afb-d44e-582d-0b5eea40f8eb;51:88:0A:9E;0;AVIÁRIO MEIO;770,00;24/11/2025;03:17:29;20;1282-20
CO2;1282;CT-CO2-0;02938df5-6afb-d44e-582d-0b5eea40f8eb;51:88:0A:9E;0;AVIÁRIO MEIO;767,00;24/11/2025;03:22:30;20;1282-20
CO2;1282;CT-CO2-0;02938df5-6afb-d44e-582d-0b5eea40f8eb;51:88:0A:9E;0;AVIÁRIO MEIO;767,00;24/11/2025;03:28:03;20;1282-20
CO2;1282;CT-CO2-0;02938df5-6afb-d44e-582d-0b5eea40f8eb;51:88:0A:9E;0;AVIÁRIO MEIO;778,00;24/11/2025;03:33:36;20;1282-20
CO2;1282;CT-CO2-0;02938df5-6afb-d44e-582d-0b5eea40f8eb;51:88:0A:9E;0;AVIÁRIO MEIO;770,00;24/11/2025;03:38:38;20;1282-20
CO2;1282;CT-CO2-0;02938df5-6afb-d44e-582d-0b5eea40f8eb;51:88:0A:9E;0;AVIÁRIO MEIO;785,00;24/11/2025;03:44:10;20;1282-20
CO2;1282;CT-CO2-0;02938df5-6afb-d44e-582d-0b5eea40f8eb;51:88:0A:9E;0;AVIÁRIO MEIO;781,00;24/11/2025;03:49:42;20;1282-20
CO2;1282;CT-CO2-0;02938df5-6afb-d44e-582d-0b5eea40f8eb;51:88:0A:9E;0;AVIÁRIO MEIO;773,00;24/11/2025;03:54:44;20;1282-20
CO2;1282;CT-CO2-0;02938df5-6afb-d44e-582d-0b5eea40f8eb;51:88:0A:9E;0;AVIÁRIO MEIO;764,00;24/11/2025;04:00:16;20;1282-20
CO2;1282;CT-CO2-0;02938df5-6afb-d44e-582d-0b5eea40f8eb;51:88:0A:9E;0;AVIÁRIO MEIO;771,00;24/11/2025;04:06:21;20;1282-20
CO2;1282;CT-CO2-0;02938df5-6afb-d44e-582d-0b5eea40f8eb;51:88:0A:9E;0;AVIÁRIO MEIO;784,00;24/11/2025;04:10:53;20;1282-20
CO2;1282;CT-CO2-0;02938df5-6afb-d44e-582d-0b5eea40f8eb;51:88:0A:9E;0;AVIÁRIO MEIO;781,00;24/11/2025;04:16:25;20;1282-20
CO2;1282;CT-CO2-0;02938df5-6afb-d44e-582d-0b5eea40f8eb;51:88:0A:9E;0;AVIÁRIO MEIO;772,00;24/11/2025;04:21:57;20;1282-20
CO2;1282;CT-CO2-0;02938df5-6afb-d44e-582d-0b5eea40f8eb;51:88:0A:9E;0;AVIÁRIO MEIO;767,00;24/11/2025;04:27:29;20;1282-20
CO2;1282;CT-CO2-0;02938df5-6afb-d44e-582d-0b5eea40f8eb;51:88:0A:9E;0;AVIÁRIO MEIO;772,00;24/11/2025;04:32:30;20;1282-20
CO2;1282;CT-CO2-0;02938df5-6afb-d44e-582d-0b5eea40f8eb;51:88:0A:9E;0;AVIÁRIO MEIO;783,00;24/11/2025;04:38:04;20;1282-20
CO2;1282;CT-CO2-0;02938df5-6afb-d44e-582d-0b5eea40f8eb;51:88:0A:9E;0;AVIÁRIO MEIO;804,00;24/11/2025;04:43:37;20;1282-20
CO2;1282;CT-CO2-0;02938df5-6afb-d44e-582d-0b5eea40f8eb;51:88:0A:9E;0;AVIÁRIO MEIO;798,00;24/11/2025;04:48:39;20;1282-20
CO2;1282;CT-CO2-0;02938df5-6afb-d44e-582d-0b5eea40f8eb;51:88:0A:9E;0;AVIÁRIO MEIO;788,00;24/11/2025;04:54:11;20;1282-20
CO2;1282;CT-CO2-0;02938df5-6afb-d44e-582d-0b5eea40f8eb;51:88:0A:9E;0;AVIÁRIO MEIO;822,00;24/11/2025;04:59:45;20;1282-20
CO2;1282;CT-CO2-0;02938df5-6afb-d44e-582d-0b5eea40f8eb;51:88:0A:9E;0;AVIÁRIO MEIO;821,00;24/11/2025;05:04:47;20;1282-20
CO2;1282;CT-CO2-0;02938df5-6afb-d44e-582d-0b5eea40f8eb;51:88:0A:9E;0;AVIÁRIO MEIO;844,00;24/11/2025;05:10:20;20;1282-20
CO2;1282;CT-CO2-0;02938df5-6afb-d44e-582d-0b5eea40f8eb;51:88:0A:9E;0;AVIÁRIO MEIO;848,00;24/11/2025;05:16:24;20;1282-20
CO2;1282;CT-CO2-0;02938df5-6afb-d44e-582d-0b5eea40f8eb;51:88:0A:9E;0;AVIÁRIO MEIO;850,00;24/11/2025;05:20:56;20;1282-20
CO2;1282;CT-CO2-0;02938df5-6afb-d44e-582d-0b5eea40f8eb;51:88:0A:9E;0;AVIÁRIO MEIO;871,00;24/11/2025;05:26:27;20;1282-20
CO2;1282;CT-CO2-0;02938df5-6afb-d44e-582d-0b5eea40f8eb;51:88:0A:9E;0;AVIÁRIO MEIO;860,00;24/11/2025;05:31:59;20;1282-20
CO2;1282;CT-CO2-0;02938df5-6afb-d44e-582d-0b5eea40f8eb;51:88:0A:9E;0;AVIÁRIO MEIO;867,00;24/11/2025;05:37:01;20;1282-20
CO2;1282;CT-CO2-0;02938df5-6afb-d44e-582d-0b5eea40f8eb;51:88:0A:9E;0;AVIÁRIO MEIO;884,00;24/11/2025;05:42:33;20;1282-20
CO2;1282;CT-CO2-0;02938df5-6afb-d44e-582d-0b5eea40f8eb;51:88:0A:9E;0;AVIÁRIO MEIO;901,00;24/11/2025;05:48:04;20;1282-20
CO2;1282;CT-CO2-0;02938df5-6afb-d44e-582d-0b5eea40f8eb;51:88:0A:9E;0;AVIÁRIO MEIO;880,00;24/11/2025;05:53:37;20;1282-20
CO2;1282;CT-CO2-0;02938df5-6afb-d44e-582d-0b5eea40f8eb;51:88:0A:9E;0;AVIÁRIO MEIO;885,00;24/11/2025;05:58:39;20;1282-20
CO2;1282;CT-CO2-0;02938df5-6afb-d44e-582d-0b5eea40f8eb;51:88:0A:9E;0;AVIÁRIO MEIO;900,00;24/11/2025;06:04:11;20;1282-20
CO2;1282;CT-CO2-0;02938df5-6afb-d44e-582d-0b5eea40f8eb;51:88:0A:9E;0;AVIÁRIO MEIO;907,00;24/11/2025;06:09:44;20;1282-20
CO2;1282;CT-CO2-0;02938df5-6afb-d44e-582d-0b5eea40f8eb;51:88:0A:9E;0;AVIÁRIO MEIO;902,00;24/11/2025;06:14:46;20;1282-20
CO2;1282;CT-CO2-0;02938df5-6afb-d44e-582d-0b5eea40f8eb;51:88:0A:9E;0;AVIÁRIO MEIO;892,00;24/11/2025;06:20:18;20;1282-20
CO2;1282;CT-CO2-0;02938df5-6afb-d44e-582d-0b5eea40f8eb;51:88:0A:9E;0;AVIÁRIO MEIO;924,00;24/11/2025;06:26:21;20;1282-20
CO2;1282;CT-CO2-0;02938df5-6afb-d44e-582d-0b5eea40f8eb;51:88:0A:9E;0;AVIÁRIO MEIO;888,00;24/11/2025;06:30:55;20;1282-20
CO2;1282;CT-CO2-0;02938df5-6afb-d44e-582d-0b5eea40f8eb;51:88:0A:9E;0;AVIÁRIO MEIO;878,00;24/11/2025;06:36:27;20;1282-20
CO2;1282;CT-CO2-0;02938df5-6afb-d44e-582d-0b5eea40f8eb;51:88:0A:9E;0;AVIÁRIO MEIO;900,00;24/11/2025;06:42:01;20;1282-20
CO2;1282;CT-CO2-0;02938df5-6afb-d44e-582d-0b5eea40f8eb;51:88:0A:9E;0;AVIÁRIO MEIO;909,00;24/11/2025;06:47:04;20;1282-20
CO2;1282;CT-CO2-0;02938df5-6afb-d44e-582d-0b5eea40f8eb;51:88:0A:9E;0;AVIÁRIO MEIO;910,00;24/11/2025;06:52:36;20;1282-20
CO2;1282;CT-CO2-0;02938df5-6afb-d44e-582d-0b5eea40f8eb;51:88:0A:9E;0;AVIÁRIO MEIO;880,00;24/11/2025;06:58:09;20;1282-20
CO2;1282;CT-CO2-0;02938df5-6afb-d44e-582d-0b5eea40f8eb;51:88:0A:9E;0;AVIÁRIO MEIO;900,00;24/11/2025;07:03:11;20;1282-20
CO2;1282;CT-CO2-0;02938df5-6afb-d44e-582d-0b5eea40f8eb;51:88:0A:9E;0;AVIÁRIO MEIO;911,00;24/11/2025;07:08:44;20;1282-20
CO2;1282;CT-CO2-0;02938df5-6afb-d44e-582d-0b5eea40f8eb;51:88:0A:9E;0;AVIÁRIO MEIO;885,00;24/11/2025;07:14:15;20;1282-20
CO2;1282;CT-CO2-0;02938df5-6afb-d44e-582d-0b5eea40f8eb;51:88:0A:9E;0;AVIÁRIO MEIO;837,00;24/11/2025;07:19:17;20;1282-20
CO2;1282;CT-CO2-0;02938df5-6afb-d44e-582d-0b5eea40f8eb;51:88:0A:9E;0;AVIÁRIO MEIO;781,00;24/11/2025;07:24:49;20;1282-20
CO2;1282;CT-CO2-0;02938df5-6afb-d44e-582d-0b5eea40f8eb;51:88:0A:9E;0;AVIÁRIO MEIO;766,00;24/11/2025;07:30:21;20;1282-20
CO2;1282;CT-CO2-0;02938df5-6afb-d44e-582d-0b5eea40f8eb;51:88:0A:9E;0;AVIÁRIO MEIO;740,00;24/11/2025;07:35:55;20;1282-20
CO2;1282;CT-CO2-0;02938df5-6afb-d44e-582d-0b5eea40f8eb;51:88:0A:9E;0;AVIÁRIO MEIO;758,00;24/11/2025;07:40:57;20;1282-20
CO2;1282;CT-CO2-0;02938df5-6afb-d44e-582d-0b5eea40f8eb;51:88:0A:9E;0;AVIÁRIO MEIO;758,00;24/11/2025;07:46:29;20;1282-20
CO2;1282;CT-CO2-0;02938df5-6afb-d44e-582d-0b5eea40f8eb;51:88:0A:9E;0;AVIÁRIO MEIO;754,00;24/11/2025;07:51:32;20;1282-20
CO2;1282;CT-CO2-0;02938df5-6afb-d44e-582d-0b5eea40f8eb;51:88:0A:9E;0;AVIÁRIO MEIO;742,00;24/11/2025;07:57:04;20;1282-20
CO2;1282;CT-CO2-0;02938df5-6afb-d44e-582d-0b5eea40f8eb;51:88:0A:9E;0;AVIÁRIO MEIO;719,00;24/11/2025;08:02:36;20;1282-20
CO2;1282;CT-CO2-0;02938df5-6afb-d44e-582d-0b5eea40f8eb;51:88:0A:9E;0;AVIÁRIO MEIO;724,00;24/11/2025;08:07:38;20;1282-20
CO2;1282;CT-CO2-0;02938df5-6afb-d44e-582d-0b5eea40f8eb;51:88:0A:9E;0;AVIÁRIO MEIO;719,00;24/11/2025;08:13:10;20;1282-20
CO2;1282;CT-CO2-0;02938df5-6afb-d44e-582d-0b5eea40f8eb;51:88:0A:9E;0;AVIÁRIO MEIO;737,00;24/11/2025;08:18:42;20;1282-20
CO2;1282;CT-CO2-0;02938df5-6afb-d44e-582d-0b5eea40f8eb;51:88:0A:9E;0;AVIÁRIO MEIO;726,00;24/11/2025;08:24:14;20;1282-20
CO2;1282;CT-CO2-0;02938df5-6afb-d44e-582d-0b5eea40f8eb;51:88:0A:9E;0;AVIÁRIO MEIO;735,00;24/11/2025;08:29:16;20;1282-20
CO2;1282;CT-CO2-0;02938df5-6afb-d44e-582d-0b5eea40f8eb;51:88:0A:9E;0;AVIÁRIO MEIO;712,00;24/11/2025;08:34:50;20;1282-20
CO2;1282;CT-CO2-0;02938df5-6afb-d44e-582d-0b5eea40f8eb;51:88:0A:9E;0;AVIÁRIO MEIO;707,00;24/11/2025;08:40:21;20;1282-20
CO2;1282;CT-CO2-0;02938df5-6afb-d44e-582d-0b5eea40f8eb;51:88:0A:9E;0;AVIÁRIO MEIO;683,00;24/11/2025;08:45:55;20;1282-20
CO2;1282;CT-CO2-0;02938df5-6afb-d44e-582d-0b5eea40f8eb;51:88:0A:9E;0;AVIÁRIO MEIO;658,00;24/11/2025;08:50:57;20;1282-20
CO2;1282;CT-CO2-0;02938df5-6afb-d44e-582d-0b5eea40f8eb;51:88:0A:9E;0;AVIÁRIO MEIO;674,00;24/11/2025;08:56:31;20;1282-20
CO2;1282;CT-CO2-0;02938df5-6afb-d44e-582d-0b5eea40f8eb;51:88:0A:9E;0;AVIÁRIO MEIO;677,00;24/11/2025;09:01:32;20;1282-20
CO2;1282;CT-CO2-0;02938df5-6afb-d44e-582d-0b5eea40f8eb;51:88:0A:9E;0;AVIÁRIO MEIO;697,00;24/11/2025;09:07:04;20;1282-20
CO2;1282;CT-CO2-0;02938df5-6afb-d44e-582d-0b5eea40f8eb;51:88:0A:9E;0;AVIÁRIO MEIO;724,00;24/11/2025;09:12:36;20;1282-20
CO2;1282;CT-CO2-0;02938df5-6afb-d44e-582d-0b5eea40f8eb;51:88:0A:9E;0;AVIÁRIO MEIO;687,00;24/11/2025;09:17:38;20;1282-20
CO2;1282;CT-CO2-0;02938df5-6afb-d44e-582d-0b5eea40f8eb;51:88:0A:9E;0;AVIÁRIO MEIO;685,00;24/11/2025;09:23:10;20;1282-20
CO2;1282;CT-CO2-0;02938df5-6afb-d44e-582d-0b5eea40f8eb;51:88:0A:9E;0;AVIÁRIO MEIO;692,00;24/11/2025;09:28:41;20;1282-20
CO2;1282;CT-CO2-0;02938df5-6afb-d44e-582d-0b5eea40f8eb;51:88:0A:9E;0;AVIÁRIO MEIO;674,00;24/11/2025;09:33:44;20;1282-20
CO2;1282;CT-CO2-0;02938df5-6afb-d44e-582d-0b5eea40f8eb;51:88:0A:9E;0;AVIÁRIO MEIO;677,00;24/11/2025;09:39:16;20;1282-20
CO2;1282;CT-CO2-0;02938df5-6afb-d44e-582d-0b5eea40f8eb;51:88:0A:9E;0;AVIÁRIO MEIO;669,00;24/11/2025;09:44:47;20;1282-20
CO2;1282;CT-CO2-0;02938df5-6afb-d44e-582d-0b5eea40f8eb;51:88:0A:9E;0;AVIÁRIO MEIO;659,00;24/11/2025;09:50:19;20;1282-20
CO2;1282;CT-CO2-0;02938df5-6afb-d44e-582d-0b5eea40f8eb;51:88:0A:9E;0;AVIÁRIO MEIO;656,00;24/11/2025;09:55:54;20;1282-20
CO2;1282;CT-CO2-0;02938df5-6afb-d44e-582d-0b5eea40f8eb;51:88:0A:9E;0;AVIÁRIO MEIO;661,00;24/11/2025;10:00:56;20;1282-20
CO2;1282;CT-CO2-0;02938df5-6afb-d44e-582d-0b5eea40f8eb;51:88:0A:9E;0;AVIÁRIO MEIO;670,00;24/11/2025;10:06:28;20;1282-20
CO2;1282;CT-CO2-0;02938df5-6afb-d44e-582d-0b5eea40f8eb;51:88:0A:9E;0;AVIÁRIO MEIO;665,00;24/11/2025;10:11:30;20;1282-20
CO2;1282;CT-CO2-0;02938df5-6afb-d44e-582d-0b5eea40f8eb;51:88:0A:9E;0;AVIÁRIO MEIO;674,00;24/11/2025;10:17:01;20;1282-20
CO2;1282;CT-CO2-0;02938df5-6afb-d44e-582d-0b5eea40f8eb;51:88:0A:9E;0;AVIÁRIO MEIO;673,00;24/11/2025;10:22:34;20;1282-20
CO2;1282;CT-CO2-0;02938df5-6afb-d44e-582d-0b5eea40f8eb;51:88:0A:9E;0;AVIÁRIO MEIO;651,00;24/11/2025;10:27:37;20;1282-20
CO2;1282;CT-CO2-0;02938df5-6afb-d44e-582d-0b5eea40f8eb;51:88:0A:9E;0;AVIÁRIO MEIO;661,00;24/11/2025;10:33:09;20;1282-20
CO2;1282;CT-CO2-0;02938df5-6afb-d44e-582d-0b5eea40f8eb;51:88:0A:9E;0;AVIÁRIO MEIO;667,00;24/11/2025;10:38:41;20;1282-20
CO2;1282;CT-CO2-0;02938df5-6afb-d44e-582d-0b5eea40f8eb;51:88:0A:9E;0;AVIÁRIO MEIO;664,00;24/11/2025;10:43:43;20;1282-20
CO2;1282;CT-CO2-0;02938df5-6afb-d44e-582d-0b5eea40f8eb;51:88:0A:9E;0;AVIÁRIO MEIO;660,00;24/11/2025;10:49:14;20;1282-20
CO2;1282;CT-CO2-0;02938df5-6afb-d44e-582d-0b5eea40f8eb;51:88:0A:9E;0;AVIÁRIO MEIO;661,00;24/11/2025;10:54:46;20;1282-20
CO2;1282;CT-CO2-0;02938df5-6afb-d44e-582d-0b5eea40f8eb;51:88:0A:9E;0;AVIÁRIO MEIO;660,00;24/11/2025;11:00:18;20;1282-20
CO2;1282;CT-CO2-0;02938df5-6afb-d44e-582d-0b5eea40f8eb;51:88:0A:9E;0;AVIÁRIO MEIO;672,00;24/11/2025;11:05:52;20;1282-20
CO2;1282;CT-CO2-0;02938df5-6afb-d44e-582d-0b5eea40f8eb;51:88:0A:9E;0;AVIÁRIO MEIO;670,00;24/11/2025;11:11:00;20;1282-20
CO2;1282;CT-CO2-0;02938df5-6afb-d44e-582d-0b5eea40f8eb;51:88:0A:9E;0;AVIÁRIO MEIO;659,00;24/11/2025;11:16:02;20;1282-20
CO2;1282;CT-CO2-0;02938df5-6afb-d44e-582d-0b5eea40f8eb;51:88:0A:9E;0;AVIÁRIO MEIO;654,00;24/11/2025;11:21:35;20;1282-20
CO2;1282;CT-CO2-0;02938df5-6afb-d44e-582d-0b5eea40f8eb;51:88:0A:9E;0;AVIÁRIO MEIO;668,00;24/11/2025;11:27:07;20;1282-20
CO2;1282;CT-CO2-0;02938df5-6afb-d44e-582d-0b5eea40f8eb;51:88:0A:9E;0;AVIÁRIO MEIO;660,00;24/11/2025;11:32:09;20;1282-20
CO2;1282;CT-CO2-0;02938df5-6afb-d44e-582d-0b5eea40f8eb;51:88:0A:9E;0;AVIÁRIO MEIO;650,00;24/11/2025;11:37:41;20;1282-20
CO2;1282;CT-CO2-0;02938df5-6afb-d44e-582d-0b5eea40f8eb;51:88:0A:9E;0;AVIÁRIO MEIO;652,00;24/11/2025;11:43:13;20;1282-20
CO2;1282;CT-CO2-0;02938df5-6afb-d44e-582d-0b5eea40f8eb;51:88:0A:9E;0;AVIÁRIO MEIO;637,00;24/11/2025;11:48:15;20;1282-20
CO2;1282;CT-CO2-0;02938df5-6afb-d44e-582d-0b5eea40f8eb;51:88:0A:9E;0;AVIÁRIO MEIO;646,00;24/11/2025;11:53:47;20;1282-20
CO2;1282;CT-CO2-0;02938df5-6afb-d44e-582d-0b5eea40f8eb;51:88:0A:9E;0;AVIÁRIO MEIO;648,00;24/11/2025;11:59:19;20;1282-20
CO2;1282;CT-CO2-0;02938df5-6afb-d44e-582d-0b5eea40f8eb;51:88:0A:9E;0;AVIÁRIO MEIO;640,00;24/11/2025;12:04:51;20;1282-20
CO2;1282;CT-CO2-0;02938df5-6afb-d44e-582d-0b5eea40f8eb;51:88:0A:9E;0;AVIÁRIO MEIO;639,00;24/11/2025;12:09:55;20;1282-20
CO2;1282;CT-CO2-0;02938df5-6afb-d44e-582d-0b5eea40f8eb;51:88:0A:9E;0;AVIÁRIO MEIO;640,00;24/11/2025;12:15:58;20;1282-20
CO2;1282;CT-CO2-0;02938df5-6afb-d44e-582d-0b5eea40f8eb;51:88:0A:9E;0;AVIÁRIO MEIO;629,00;24/11/2025;12:21:01;20;1282-20
CO2;1282;CT-CO2-0;02938df5-6afb-d44e-582d-0b5eea40f8eb;51:88:0A:9E;0;AVIÁRIO MEIO;653,00;24/11/2025;12:26:10;20;1282-20
CO2;1282;CT-CO2-0;02938df5-6afb-d44e-582d-0b5eea40f8eb;51:88:0A:9E;0;AVIÁRIO MEIO;643,00;24/11/2025;12:36:48;20;1282-20
CO2;1282;CT-CO2-0;02938df5-6afb-d44e-582d-0b5eea40f8eb;51:88:0A:9E;0;AVIÁRIO MEIO;643,00;24/11/2025;12:42:21;20;1282-20
CO2;1282;CT-CO2-0;02938df5-6afb-d44e-582d-0b5eea40f8eb;51:88:0A:9E;0;AVIÁRIO MEIO;666,00;24/11/2025;12:47:53;20;1282-20
CO2;1282;CT-CO2-0;02938df5-6afb-d44e-582d-0b5eea40f8eb;51:88:0A:9E;0;AVIÁRIO MEIO;650,00;24/11/2025;12:52:56;20;1282-20
CO2;1282;CT-CO2-0;02938df5-6afb-d44e-582d-0b5eea40f8eb;51:88:0A:9E;0;AVIÁRIO MEIO;666,00;24/11/2025;12:58:33;20;1282-20
CO2;1282;CT-CO2-0;02938df5-6afb-d44e-582d-0b5eea40f8eb;51:88:0A:9E;0;AVIÁRIO MEIO;646,00;24/11/2025;13:04:06;20;1282-20
CO2;1282;CT-CO2-0;02938df5-6afb-d44e-582d-0b5eea40f8eb;51:88:0A:9E;0;AVIÁRIO MEIO;632,00;24/11/2025;13:09:10;20;1282-20
CO2;1282;CT-CO2-0;02938df5-6afb-d44e-582d-0b5eea40f8eb;51:88:0A:9E;0;AVIÁRIO MEIO;645,00;24/11/2025;13:14:42;20;1282-20
CO2;1282;CT-CO2-0;02938df5-6afb-d44e-582d-0b5eea40f8eb;51:88:0A:9E;0;AVIÁRIO MEIO;668,00;24/11/2025;13:19:44;20;1282-20
CO2;1282;CT-CO2-0;02938df5-6afb-d44e-582d-0b5eea40f8eb;51:88:0A:9E;0;AVIÁRIO MEIO;649,00;24/11/2025;13:25:48;20;1282-20
CO2;1282;CT-CO2-0;02938df5-6afb-d44e-582d-0b5eea40f8eb;51:88:0A:9E;0;AVIÁRIO MEIO;654,00;24/11/2025;13:30:52;20;1282-20
CO2;1282;CT-CO2-0;02938df5-6afb-d44e-582d-0b5eea40f8eb;51:88:0A:9E;0;AVIÁRIO MEIO;664,00;24/11/2025;13:35:53;20;1282-20
CO2;1282;CT-CO2-0;02938df5-6afb-d44e-582d-0b5eea40f8eb;51:88:0A:9E;0;AVIÁRIO MEIO;631,00;24/11/2025;13:41:25;20;1282-20
CO2;1282;CT-CO2-0;02938df5-6afb-d44e-582d-0b5eea40f8eb;51:88:0A:9E;0;AVIÁRIO MEIO;647,00;24/11/2025;13:49:13;20;1282-20
CO2;1282;CT-CO2-0;02938df5-6afb-d44e-582d-0b5eea40f8eb;51:88:0A:9E;0;AVIÁRIO MEIO;657,00;24/11/2025;13:52:16;20;1282-20
CO2;1282;CT-CO2-0;02938df5-6afb-d44e-582d-0b5eea40f8eb;51:88:0A:9E;0;AVIÁRIO MEIO;661,00;24/11/2025;13:57:48;20;1282-20
CO2;1282;CT-CO2-0;02938df5-6afb-d44e-582d-0b5eea40f8eb;51:88:0A:9E;0;AVIÁRIO MEIO;650,00;24/11/2025;14:02:50;20;1282-20
CO2;1282;CT-CO2-0;02938df5-6afb-d44e-582d-0b5eea40f8eb;51:88:0A:9E;0;AVIÁRIO MEIO;644,00;24/11/2025;14:08:22;20;1282-20
CO2;1282;CT-CO2-0;02938df5-6afb-d44e-582d-0b5eea40f8eb;51:88:0A:9E;0;AVIÁRIO MEIO;636,00;24/11/2025;14:13:54;20;1282-20
CO2;1282;CT-CO2-0;02938df5-6afb-d44e-582d-0b5eea40f8eb;51:88:0A:9E;0;AVIÁRIO MEIO;650,00;24/11/2025;14:18:56;20;1282-20
CO2;1282;CT-CO2-0;02938df5-6afb-d44e-582d-0b5eea40f8eb;51:88:0A:9E;0;AVIÁRIO MEIO;646,00;24/11/2025;14:24:28;20;1282-20
CO2;1282;CT-CO2-0;02938df5-6afb-d44e-582d-0b5eea40f8eb;51:88:0A:9E;0;AVIÁRIO MEIO;631,00;24/11/2025;14:30:05;20;1282-20
CO2;1282;CT-CO2-0;02938df5-6afb-d44e-582d-0b5eea40f8eb;51:88:0A:9E;0;AVIÁRIO MEIO;652,00;24/11/2025;14:35:11;20;1282-20
CO2;1282;CT-CO2-0;02938df5-6afb-d44e-582d-0b5eea40f8eb;51:88:0A:9E;0;AVIÁRIO MEIO;647,00;24/11/2025;14:40:48;20;1282-20
CO2;1282;CT-CO2-0;02938df5-6afb-d44e-582d-0b5eea40f8eb;51:88:0A:9E;0;AVIÁRIO MEIO;657,00;24/11/2025;14:45:51;20;1282-20
CO2;1282;CT-CO2-0;02938df5-6afb-d44e-582d-0b5eea40f8eb;51:88:0A:9E;0;AVIÁRIO MEIO;643,00;24/11/2025;14:51:23;20;1282-20
CO2;1282;CT-CO2-0;02938df5-6afb-d44e-582d-0b5eea40f8eb;51:88:0A:9E;0;AVIÁRIO MEIO;651,00;24/11/2025;14:57:26;20;1282-20
CO2;1282;CT-CO2-0;02938df5-6afb-d44e-582d-0b5eea40f8eb;51:88:0A:9E;0;AVIÁRIO MEIO;646,00;24/11/2025;15:07:34;20;1282-20
CO2;1282;CT-CO2-0;02938df5-6afb-d44e-582d-0b5eea40f8eb;51:88:0A:9E;0;AVIÁRIO MEIO;657,00;24/11/2025;15:13:05;20;1282-20
CO2;1282;CT-CO2-0;02938df5-6afb-d44e-582d-0b5eea40f8eb;51:88:0A:9E;0;AVIÁRIO MEIO;648,00;24/11/2025;15:18:07;20;1282-20
CO2;1282;CT-CO2-0;02938df5-6afb-d44e-582d-0b5eea40f8eb;51:88:0A:9E;0;AVIÁRIO MEIO;652,00;24/11/2025;15:23:42;20;1282-20
CO2;1282;CT-CO2-0;02938df5-6afb-d44e-582d-0b5eea40f8eb;51:88:0A:9E;0;AVIÁRIO MEIO;652,00;24/11/2025;15:29:14;20;1282-20
CO2;1282;CT-CO2-0;02938df5-6afb-d44e-582d-0b5eea40f8eb;51:88:0A:9E;0;AVIÁRIO MEIO;661,00;24/11/2025;15:34:46;20;1282-20
CO2;1282;CT-CO2-0;02938df5-6afb-d44e-582d-0b5eea40f8eb;51:88:0A:9E;0;AVIÁRIO MEIO;662,00;24/11/2025;15:39:49;20;1282-20
CO2;1282;CT-CO2-0;02938df5-6afb-d44e-582d-0b5eea40f8eb;51:88:0A:9E;0;AVIÁRIO MEIO;641,00;24/11/2025;15:45:21;20;1282-20
CO2;1282;CT-CO2-0;02938df5-6afb-d44e-582d-0b5eea40f8eb;51:88:0A:9E;0;AVIÁRIO MEIO;636,00;24/11/2025;15:50:54;20;1282-20
CO2;1282;CT-CO2-0;02938df5-6afb-d44e-582d-0b5eea40f8eb;51:88:0A:9E;0;AVIÁRIO MEIO;638,00;24/11/2025;15:55:56;20;1282-20
CO2;1282;CT-CO2-0;02938df5-6afb-d44e-582d-0b5eea40f8eb;51:88:0A:9E;0;AVIÁRIO MEIO;637,00;24/11/2025;16:01:28;20;1282-20
CO2;1282;CT-CO2-0;02938df5-6afb-d44e-582d-0b5eea40f8eb;51:88:0A:9E;0;AVIÁRIO MEIO;658,00;24/11/2025;16:07:37;20;1282-20
CO2;1282;CT-CO2-0;02938df5-6afb-d44e-582d-0b5eea40f8eb;51:88:0A:9E;0;AVIÁRIO MEIO;655,00;24/11/2025;16:12:08;20;1282-20
CO2;1282;CT-CO2-0;02938df5-6afb-d44e-582d-0b5eea40f8eb;51:88:0A:9E;0;AVIÁRIO MEIO;642,00;24/11/2025;16:17:40;20;1282-20
CO2;1282;CT-CO2-0;02938df5-6afb-d44e-582d-0b5eea40f8eb;51:88:0A:9E;0;AVIÁRIO MEIO;643,00;24/11/2025;16:23:11;20;1282-20
CO2;1282;CT-CO2-0;02938df5-6afb-d44e-582d-0b5eea40f8eb;51:88:0A:9E;0;AVIÁRIO MEIO;646,00;24/11/2025;16:28:16;20;1282-20
CO2;1282;CT-CO2-0;02938df5-6afb-d44e-582d-0b5eea40f8eb;51:88:0A:9E;0;AVIÁRIO MEIO;638,00;24/11/2025;16:33:50;20;1282-20
CO2;1282;CT-CO2-0;02938df5-6afb-d44e-582d-0b5eea40f8eb;51:88:0A:9E;0;AVIÁRIO MEIO;646,00;24/11/2025;16:38:51;20;1282-20
CO2;1282;CT-CO2-0;02938df5-6afb-d44e-582d-0b5eea40f8eb;51:88:0A:9E;0;AVIÁRIO MEIO;650,00;24/11/2025;16:44:23;20;1282-20
CO2;1282;CT-CO2-0;02938df5-6afb-d44e-582d-0b5eea40f8eb;51:88:0A:9E;0;AVIÁRIO MEIO;640,00;24/11/2025;16:49:55;20;1282-20
CO2;1282;CT-CO2-0;02938df5-6afb-d44e-582d-0b5eea40f8eb;51:88:0A:9E;0;AVIÁRIO MEIO;643,00;24/11/2025;16:55:27;20;1282-20
CO2;1282;CT-CO2-0;02938df5-6afb-d44e-582d-0b5eea40f8eb;51:88:0A:9E;0;AVIÁRIO MEIO;637,00;24/11/2025;17:00:29;20;1282-20
CO2;1282;CT-CO2-0;02938df5-6afb-d44e-582d-0b5eea40f8eb;51:88:0A:9E;0;AVIÁRIO MEIO;650,00;24/11/2025;17:06:01;20;1282-20
CO2;1282;CT-CO2-0;02938df5-6afb-d44e-582d-0b5eea40f8eb;51:88:0A:9E;0;AVIÁRIO MEIO;653,00;24/11/2025;17:11:33;20;1282-20
CO2;1282;CT-CO2-0;02938df5-6afb-d44e-582d-0b5eea40f8eb;51:88:0A:9E;0;AVIÁRIO MEIO;633,00;24/11/2025;17:17:08;20;1282-20
CO2;1282;CT-CO2-0;02938df5-6afb-d44e-582d-0b5eea40f8eb;51:88:0A:9E;0;AVIÁRIO MEIO;640,00;24/11/2025;17:22:10;20;1282-20
CO2;1282;CT-CO2-0;02938df5-6afb-d44e-582d-0b5eea40f8eb;51:88:0A:9E;0;AVIÁRIO MEIO;630,00;24/11/2025;17:27:42;20;1282-20
CO2;1282;CT-CO2-0;02938df5-6afb-d44e-582d-0b5eea40f8eb;51:88:0A:9E;0;AVIÁRIO MEIO;649,00;24/11/2025;17:32:44;20;1282-20
CO2;1282;CT-CO2-0;02938df5-6afb-d44e-582d-0b5eea40f8eb;51:88:0A:9E;0;AVIÁRIO MEIO;667,00;24/11/2025;17:38:16;20;1282-20
CO2;1282;CT-CO2-0;02938df5-6afb-d44e-582d-0b5eea40f8eb;51:88:0A:9E;0;AVIÁRIO MEIO;644,00;24/11/2025;17:43:50;20;1282-20
CO2;1282;CT-CO2-0;02938df5-6afb-d44e-582d-0b5eea40f8eb;51:88:0A:9E;0;AVIÁRIO MEIO;644,00;24/11/2025;17:48:53;20;1282-20
CO2;1282;CT-CO2-0;02938df5-6afb-d44e-582d-0b5eea40f8eb;51:88:0A:9E;0;AVIÁRIO MEIO;640,00;24/11/2025;17:54:25;20;1282-20
CO2;1282;CT-CO2-0;02938df5-6afb-d44e-582d-0b5eea40f8eb;51:88:0A:9E;0;AVIÁRIO MEIO;643,00;24/11/2025;17:59:58;20;1282-20
CO2;1282;CT-CO2-0;02938df5-6afb-d44e-582d-0b5eea40f8eb;51:88:0A:9E;0;AVIÁRIO MEIO;643,00;24/11/2025;18:05:01;20;1282-20
CO2;1282;CT-CO2-0;02938df5-6afb-d44e-582d-0b5eea40f8eb;51:88:0A:9E;0;AVIÁRIO MEIO;648,00;24/11/2025;18:10:33;20;1282-20
CO2;1282;CT-CO2-0;02938df5-6afb-d44e-582d-0b5eea40f8eb;51:88:0A:9E;0;AVIÁRIO MEIO;642,00;24/11/2025;18:16:05;20;1282-20
CO2;1282;CT-CO2-0;02938df5-6afb-d44e-582d-0b5eea40f8eb;51:88:0A:9E;0;AVIÁRIO MEIO;639,00;24/11/2025;18:21:07;20;1282-20
CO2;1282;CT-CO2-0;02938df5-6afb-d44e-582d-0b5eea40f8eb;51:88:0A:9E;0;AVIÁRIO MEIO;649,00;24/11/2025;18:27:11;20;1282-20
CO2;1282;CT-CO2-0;02938df5-6afb-d44e-582d-0b5eea40f8eb;51:88:0A:9E;0;AVIÁRIO MEIO;654,00;24/11/2025;18:32:13;20;1282-20
CO2;1282;CT-CO2-0;02938df5-6afb-d44e-582d-0b5eea40f8eb;51:88:0A:9E;0;AVIÁRIO MEIO;653,00;24/11/2025;18:37:45;20;1282-20
CO2;1282;CT-CO2-0;02938df5-6afb-d44e-582d-0b5eea40f8eb;51:88:0A:9E;0;AVIÁRIO MEIO;645,00;24/11/2025;18:42:47;20;1282-20
CO2;1282;CT-CO2-0;02938df5-6afb-d44e-582d-0b5eea40f8eb;51:88:0A:9E;0;AVIÁRIO MEIO;642,00;24/11/2025;18:48:19;20;1282-20
CO2;1282;CT-CO2-0;02938df5-6afb-d44e-582d-0b5eea40f8eb;51:88:0A:9E;0;AVIÁRIO MEIO;649,00;24/11/2025;18:53:51;20;1282-20
CO2;1282;CT-CO2-0;02938df5-6afb-d44e-582d-0b5eea40f8eb;51:88:0A:9E;0;AVIÁRIO MEIO;694,00;24/11/2025;18:58:53;20;1282-20
CO2;1282;CT-CO2-0;02938df5-6afb-d44e-582d-0b5eea40f8eb;51:88:0A:9E;0;AVIÁRIO MEIO;662,00;24/11/2025;19:04:30;20;1282-20
CO2;1282;CT-CO2-0;02938df5-6afb-d44e-582d-0b5eea40f8eb;51:88:0A:9E;0;AVIÁRIO MEIO;673,00;24/11/2025;19:09:32;20;1282-20
CO2;1282;CT-CO2-0;02938df5-6afb-d44e-582d-0b5eea40f8eb;51:88:0A:9E;0;AVIÁRIO MEIO;676,00;24/11/2025;19:15:04;20;1282-20
CO2;1282;CT-CO2-0;02938df5-6afb-d44e-582d-0b5eea40f8eb;51:88:0A:9E;0;AVIÁRIO MEIO;693,00;24/11/2025;19:20:36;20;1282-20
CO2;1282;CT-CO2-0;02938df5-6afb-d44e-582d-0b5eea40f8eb;51:88:0A:9E;0;AVIÁRIO MEIO;689,00;24/11/2025;19:26:08;20;1282-20
CO2;1282;CT-CO2-0;02938df5-6afb-d44e-582d-0b5eea40f8eb;51:88:0A:9E;0;AVIÁRIO MEIO;706,00;24/11/2025;19:31:11;20;1282-20
CO2;1282;CT-CO2-0;02938df5-6afb-d44e-582d-0b5eea40f8eb;51:88:0A:9E;0;AVIÁRIO MEIO;738,00;24/11/2025;19:37:14;20;1282-20
CO2;1282;CT-CO2-0;02938df5-6afb-d44e-582d-0b5eea40f8eb;51:88:0A:9E;0;AVIÁRIO MEIO;727,00;24/11/2025;19:42:15;20;1282-20
CO2;1282;CT-CO2-0;02938df5-6afb-d44e-582d-0b5eea40f8eb;51:88:0A:9E;0;AVIÁRIO MEIO;740,00;24/11/2025;19:47:18;20;1282-20
CO2;1282;CT-CO2-0;02938df5-6afb-d44e-582d-0b5eea40f8eb;51:88:0A:9E;0;AVIÁRIO MEIO;716,00;24/11/2025;19:52:50;20;1282-20
CO2;1282;CT-CO2-0;02938df5-6afb-d44e-582d-0b5eea40f8eb;51:88:0A:9E;0;AVIÁRIO MEIO;705,00;24/11/2025;19:58:27;20;1282-20
CO2;1282;CT-CO2-0;02938df5-6afb-d44e-582d-0b5eea40f8eb;51:88:0A:9E;0;AVIÁRIO MEIO;748,00;24/11/2025;20:03:32;20;1282-20
CO2;1282;CT-CO2-0;02938df5-6afb-d44e-582d-0b5eea40f8eb;51:88:0A:9E;0;AVIÁRIO MEIO;706,00;24/11/2025;20:09:03;20;1282-20
CO2;1282;CT-CO2-0;02938df5-6afb-d44e-582d-0b5eea40f8eb;51:88:0A:9E;0;AVIÁRIO MEIO;717,00;24/11/2025;20:14:35;20;1282-20
CO2;1282;CT-CO2-0;02938df5-6afb-d44e-582d-0b5eea40f8eb;51:88:0A:9E;0;AVIÁRIO MEIO;741,00;24/11/2025;20:19:42;20;1282-20
CO2;1282;CT-CO2-0;02938df5-6afb-d44e-582d-0b5eea40f8eb;51:88:0A:9E;0;AVIÁRIO MEIO;728,00;24/11/2025;20:25:14;20;1282-20
CO2;1282;CT-CO2-0;02938df5-6afb-d44e-582d-0b5eea40f8eb;51:88:0A:9E;0;AVIÁRIO MEIO;741,00;24/11/2025;20:30:16;20;1282-20
CO2;1282;CT-CO2-0;02938df5-6afb-d44e-582d-0b5eea40f8eb;51:88:0A:9E;0;AVIÁRIO MEIO;727,00;24/11/2025;20:35:49;20;1282-20
CO2;1282;CT-CO2-0;02938df5-6afb-d44e-582d-0b5eea40f8eb;51:88:0A:9E;0;AVIÁRIO MEIO;716,00;24/11/2025;20:41:21;20;1282-20
CO2;1282;CT-CO2-0;02938df5-6afb-d44e-582d-0b5eea40f8eb;51:88:0A:9E;0;AVIÁRIO MEIO;740,00;24/11/2025;20:51:57;20;1282-20
CO2;1282;CT-CO2-0;02938df5-6afb-d44e-582d-0b5eea40f8eb;51:88:0A:9E;0;AVIÁRIO MEIO;752,00;24/11/2025;20:57:30;20;1282-20
CO2;1282;CT-CO2-0;02938df5-6afb-d44e-582d-0b5eea40f8eb;51:88:0A:9E;0;AVIÁRIO MEIO;751,00;24/11/2025;21:06:03;20;1282-20
CO2;1282;CT-CO2-0;02938df5-6afb-d44e-582d-0b5eea40f8eb;51:88:0A:9E;0;AVIÁRIO MEIO;747,00;24/11/2025;21:11:35;20;1282-20
CO2;1282;CT-CO2-0;02938df5-6afb-d44e-582d-0b5eea40f8eb;51:88:0A:9E;0;AVIÁRIO MEIO;795,00;24/11/2025;21:17:07;20;1282-20
CO2;1282;CT-CO2-0;02938df5-6afb-d44e-582d-0b5eea40f8eb;51:88:0A:9E;0;AVIÁRIO MEIO;769,00;24/11/2025;21:22:09;20;1282-20
CO2;1282;CT-CO2-0;02938df5-6afb-d44e-582d-0b5eea40f8eb;51:88:0A:9E;0;AVIÁRIO MEIO;819,00;24/11/2025;21:27:41;20;1282-20
CO2;1282;CT-CO2-0;02938df5-6afb-d44e-582d-0b5eea40f8eb;51:88:0A:9E;0;AVIÁRIO MEIO;745,00;24/11/2025;21:33:13;20;1282-20
CO2;1282;CT-CO2-0;02938df5-6afb-d44e-582d-0b5eea40f8eb;51:88:0A:9E;0;AVIÁRIO MEIO;728,00;24/11/2025;21:38:18;20;1282-20
CO2;1282;CT-CO2-0;02938df5-6afb-d44e-582d-0b5eea40f8eb;51:88:0A:9E;0;AVIÁRIO MEIO;755,00;24/11/2025;21:43:50;20;1282-20
CO2;1282;CT-CO2-0;02938df5-6afb-d44e-582d-0b5eea40f8eb;51:88:0A:9E;0;AVIÁRIO MEIO;748,00;24/11/2025;21:49:22;20;1282-20
CO2;1282;CT-CO2-0;02938df5-6afb-d44e-582d-0b5eea40f8eb;51:88:0A:9E;0;AVIÁRIO MEIO;762,00;24/11/2025;21:55:00;20;1282-20
CO2;1282;CT-CO2-0;02938df5-6afb-d44e-582d-0b5eea40f8eb;51:88:0A:9E;0;AVIÁRIO MEIO;751,00;24/11/2025;22:00:02;20;1282-20
CO2;1282;CT-CO2-0;02938df5-6afb-d44e-582d-0b5eea40f8eb;51:88:0A:9E;0;AVIÁRIO MEIO;739,00;24/11/2025;22:05:35;20;1282-20
CO2;1282;CT-CO2-0;02938df5-6afb-d44e-582d-0b5eea40f8eb;51:88:0A:9E;0;AVIÁRIO MEIO;778,00;24/11/2025;22:10:37;20;1282-20
CO2;1282;CT-CO2-0;02938df5-6afb-d44e-582d-0b5eea40f8eb;51:88:0A:9E;0;AVIÁRIO MEIO;777,00;24/11/2025;22:16:09;20;1282-20
CO2;1282;CT-CO2-0;02938df5-6afb-d44e-582d-0b5eea40f8eb;51:88:0A:9E;0;AVIÁRIO MEIO;773,00;24/11/2025;22:21:40;20;1282-20
CO2;1282;CT-CO2-0;02938df5-6afb-d44e-582d-0b5eea40f8eb;51:88:0A:9E;0;AVIÁRIO MEIO;785,00;24/11/2025;22:26:43;20;1282-20
CO2;1282;CT-CO2-0;02938df5-6afb-d44e-582d-0b5eea40f8eb;51:88:0A:9E;0;AVIÁRIO MEIO;776,00;24/11/2025;22:32:15;20;1282-20
CO2;1282;CT-CO2-0;02938df5-6afb-d44e-582d-0b5eea40f8eb;51:88:0A:9E;0;AVIÁRIO MEIO;770,00;24/11/2025;22:37:48;20;1282-20
CO2;1282;CT-CO2-0;02938df5-6afb-d44e-582d-0b5eea40f8eb;51:88:0A:9E;0;AVIÁRIO MEIO;773,00;24/11/2025;22:42:51;20;1282-20
CO2;1282;CT-CO2-0;02938df5-6afb-d44e-582d-0b5eea40f8eb;51:88:0A:9E;0;AVIÁRIO MEIO;756,00;24/11/2025;22:48:25;20;1282-20
CO2;1282;CT-CO2-0;02938df5-6afb-d44e-582d-0b5eea40f8eb;51:88:0A:9E;0;AVIÁRIO MEIO;770,00;24/11/2025;22:53:57;20;1282-20
CO2;1282;CT-CO2-0;02938df5-6afb-d44e-582d-0b5eea40f8eb;51:88:0A:9E;0;AVIÁRIO MEIO;768,00;24/11/2025;22:58:58;20;1282-20
CO2;1282;CT-CO2-0;02938df5-6afb-d44e-582d-0b5eea40f8eb;51:88:0A:9E;0;AVIÁRIO MEIO;770,00;24/11/2025;23:05:03;20;1282-20
CO2;1282;CT-CO2-0;02938df5-6afb-d44e-582d-0b5eea40f8eb;51:88:0A:9E;0;AVIÁRIO MEIO;767,00;24/11/2025;23:10:05;20;1282-20
CO2;1282;CT-CO2-0;02938df5-6afb-d44e-582d-0b5eea40f8eb;51:88:0A:9E;0;AVIÁRIO MEIO;745,00;24/11/2025;23:15:07;20;1282-20
CO2;1282;CT-CO2-0;02938df5-6afb-d44e-582d-0b5eea40f8eb;51:88:0A:9E;0;AVIÁRIO MEIO;759,00;24/11/2025;23:20:39;20;1282-20
CO2;1282;CT-CO2-0;02938df5-6afb-d44e-582d-0b5eea40f8eb;51:88:0A:9E;0;AVIÁRIO MEIO;754,00;24/11/2025;23:26:12;20;1282-20
CO2;1282;CT-CO2-0;02938df5-6afb-d44e-582d-0b5eea40f8eb;51:88:0A:9E;0;AVIÁRIO MEIO;763,00;24/11/2025;23:31:14;20;1282-20
CO2;1282;CT-CO2-0;02938df5-6afb-d44e-582d-0b5eea40f8eb;51:88:0A:9E;0;AVIÁRIO MEIO;751,00;24/11/2025;23:36:46;20;1282-20
CO2;1282;CT-CO2-0;02938df5-6afb-d44e-582d-0b5eea40f8eb;51:88:0A:9E;0;AVIÁRIO MEIO;753,00;24/11/2025;23:42:17;20;1282-20
CO2;1282;CT-CO2-0;02938df5-6afb-d44e-582d-0b5eea40f8eb;51:88:0A:9E;0;AVIÁRIO MEIO;760,00;24/11/2025;23:47:49;20;1282-20
CO2;1282;CT-CO2-0;02938df5-6afb-d44e-582d-0b5eea40f8eb;51:88:0A:9E;0;AVIÁRIO MEIO;744,00;24/11/2025;23:52:51;20;1282-20
CO2;1282;CT-CO2-0;02938df5-6afb-d44e-582d-0b5eea40f8eb;51:88:0A:9E;0;AVIÁRIO MEIO;753,00;24/11/2025;23:58:22;20;1282-20
CO2;1283;CT-CO2-0;1f94f8ad-7171-b062-c0a5-dbf839ac97e9;CD:E6:D3:07;0;AVIÁRIO MEIO;745,00;09/11/2025;00:03:46;20;1283-20
CO2;1283;CT-CO2-0;1f94f8ad-7171-b062-c0a5-dbf839ac97e9;CD:E6:D3:07;0;AVIÁRIO MEIO;751,00;09/11/2025;00:09:17;20;1283-20
CO2;1283;CT-CO2-0;1f94f8ad-7171-b062-c0a5-dbf839ac97e9;CD:E6:D3:07;0;AVIÁRIO MEIO;748,00;09/11/2025;00:14:19;20;1283-20
CO2;1283;CT-CO2-0;1f94f8ad-7171-b062-c0a5-dbf839ac97e9;CD:E6:D3:07;0;AVIÁRIO MEIO;746,00;09/11/2025;00:19:53;20;1283-20
CO2;1283;CT-CO2-0;1f94f8ad-7171-b062-c0a5-dbf839ac97e9;CD:E6:D3:07;0;AVIÁRIO MEIO;738,00;09/11/2025;00:25:25;20;1283-20
CO2;1283;CT-CO2-0;1f94f8ad-7171-b062-c0a5-dbf839ac97e9;CD:E6:D3:07;0;AVIÁRIO MEIO;741,00;09/11/2025;00:35:58;20;1283-20
CO2;1283;CT-CO2-0;1f94f8ad-7171-b062-c0a5-dbf839ac97e9;CD:E6:D3:07;0;AVIÁRIO MEIO;730,00;09/11/2025;00:41:30;20;1283-20
CO2;1283;CT-CO2-0;1f94f8ad-7171-b062-c0a5-dbf839ac97e9;CD:E6:D3:07;0;AVIÁRIO MEIO;730,00;09/11/2025;00:46:32;20;1283-20
CO2;1283;CT-CO2-0;1f94f8ad-7171-b062-c0a5-dbf839ac97e9;CD:E6:D3:07;0;AVIÁRIO MEIO;736,00;09/11/2025;00:52:05;20;1283-20
CO2;1283;CT-CO2-0;1f94f8ad-7171-b062-c0a5-dbf839ac97e9;CD:E6:D3:07;0;AVIÁRIO MEIO;743,00;09/11/2025;00:57:37;20;1283-20
CO2;1283;CT-CO2-0;1f94f8ad-7171-b062-c0a5-dbf839ac97e9;CD:E6:D3:07;0;AVIÁRIO MEIO;746,00;09/11/2025;01:02:39;20;1283-20
CO2;1283;CT-CO2-0;1f94f8ad-7171-b062-c0a5-dbf839ac97e9;CD:E6:D3:07;0;AVIÁRIO MEIO;749,00;09/11/2025;01:08:43;20;1283-20
CO2;1283;CT-CO2-0;1f94f8ad-7171-b062-c0a5-dbf839ac97e9;CD:E6:D3:07;0;AVIÁRIO MEIO;739,00;09/11/2025;01:13:45;20;1283-20
CO2;1283;CT-CO2-0;1f94f8ad-7171-b062-c0a5-dbf839ac97e9;CD:E6:D3:07;0;AVIÁRIO MEIO;744,00;09/11/2025;01:19:17;20;1283-20
CO2;1283;CT-CO2-0;1f94f8ad-7171-b062-c0a5-dbf839ac97e9;CD:E6:D3:07;0;AVIÁRIO MEIO;756,00;09/11/2025;01:24:19;20;1283-20
CO2;1283;CT-CO2-0;1f94f8ad-7171-b062-c0a5-dbf839ac97e9;CD:E6:D3:07;0;AVIÁRIO MEIO;749,00;09/11/2025;01:29:51;20;1283-20
CO2;1283;CT-CO2-0;1f94f8ad-7171-b062-c0a5-dbf839ac97e9;CD:E6:D3:07;0;AVIÁRIO MEIO;749,00;09/11/2025;01:35:22;20;1283-20
CO2;1283;CT-CO2-0;1f94f8ad-7171-b062-c0a5-dbf839ac97e9;CD:E6:D3:07;0;AVIÁRIO MEIO;752,00;09/11/2025;01:45:58;20;1283-20
CO2;1283;CT-CO2-0;1f94f8ad-7171-b062-c0a5-dbf839ac97e9;CD:E6:D3:07;0;AVIÁRIO MEIO;757,00;09/11/2025;01:51:29;20;1283-20
CO2;1283;CT-CO2-0;1f94f8ad-7171-b062-c0a5-dbf839ac97e9;CD:E6:D3:07;0;AVIÁRIO MEIO;752,00;09/11/2025;01:56:31;20;1283-20
CO2;1283;CT-CO2-0;1f94f8ad-7171-b062-c0a5-dbf839ac97e9;CD:E6:D3:07;0;AVIÁRIO MEIO;748,00;09/11/2025;02:02:03;20;1283-20
CO2;1283;CT-CO2-0;1f94f8ad-7171-b062-c0a5-dbf839ac97e9;CD:E6:D3:07;0;AVIÁRIO MEIO;772,00;09/11/2025;02:07:36;20;1283-20
CO2;1283;CT-CO2-0;1f94f8ad-7171-b062-c0a5-dbf839ac97e9;CD:E6:D3:07;0;AVIÁRIO MEIO;745,00;09/11/2025;02:13:08;20;1283-20
CO2;1283;CT-CO2-0;1f94f8ad-7171-b062-c0a5-dbf839ac97e9;CD:E6:D3:07;0;AVIÁRIO MEIO;762,00;09/11/2025;02:18:42;20;1283-20
CO2;1283;CT-CO2-0;1f94f8ad-7171-b062-c0a5-dbf839ac97e9;CD:E6:D3:07;0;AVIÁRIO MEIO;752,00;09/11/2025;02:23:44;20;1283-20
CO2;1283;CT-CO2-0;1f94f8ad-7171-b062-c0a5-dbf839ac97e9;CD:E6:D3:07;0;AVIÁRIO MEIO;762,00;09/11/2025;02:29:15;20;1283-20
CO2;1283;CT-CO2-0;1f94f8ad-7171-b062-c0a5-dbf839ac97e9;CD:E6:D3:07;0;AVIÁRIO MEIO;743,00;09/11/2025;02:34:17;20;1283-20
CO2;1283;CT-CO2-0;1f94f8ad-7171-b062-c0a5-dbf839ac97e9;CD:E6:D3:07;0;AVIÁRIO MEIO;755,00;09/11/2025;02:39:49;20;1283-20
CO2;1283;CT-CO2-0;1f94f8ad-7171-b062-c0a5-dbf839ac97e9;CD:E6:D3:07;0;AVIÁRIO MEIO;744,00;09/11/2025;02:56:01;20;1283-20
CO2;1283;CT-CO2-0;1f94f8ad-7171-b062-c0a5-dbf839ac97e9;CD:E6:D3:07;0;AVIÁRIO MEIO;756,00;09/11/2025;03:01:32;20;1283-20
CO2;1283;CT-CO2-0;1f94f8ad-7171-b062-c0a5-dbf839ac97e9;CD:E6:D3:07;0;AVIÁRIO MEIO;740,00;09/11/2025;03:06:34;20;1283-20
CO2;1283;CT-CO2-0;1f94f8ad-7171-b062-c0a5-dbf839ac97e9;CD:E6:D3:07;0;AVIÁRIO MEIO;743,00;09/11/2025;03:12:07;20;1283-20
CO2;1283;CT-CO2-0;1f94f8ad-7171-b062-c0a5-dbf839ac97e9;CD:E6:D3:07;0;AVIÁRIO MEIO;752,00;09/11/2025;03:17:38;20;1283-20
CO2;1283;CT-CO2-0;1f94f8ad-7171-b062-c0a5-dbf839ac97e9;CD:E6:D3:07;0;AVIÁRIO MEIO;739,00;09/11/2025;03:23:10;20;1283-20
CO2;1283;CT-CO2-0;1f94f8ad-7171-b062-c0a5-dbf839ac97e9;CD:E6:D3:07;0;AVIÁRIO MEIO;742,00;09/11/2025;03:28:45;20;1283-20
CO2;1283;CT-CO2-0;1f94f8ad-7171-b062-c0a5-dbf839ac97e9;CD:E6:D3:07;0;AVIÁRIO MEIO;741,00;09/11/2025;03:33:47;20;1283-20
CO2;1283;CT-CO2-0;1f94f8ad-7171-b062-c0a5-dbf839ac97e9;CD:E6:D3:07;0;AVIÁRIO MEIO;753,00;09/11/2025;03:39:19;20;1283-20
CO2;1283;CT-CO2-0;1f94f8ad-7171-b062-c0a5-dbf839ac97e9;CD:E6:D3:07;0;AVIÁRIO MEIO;733,00;09/11/2025;03:44:21;20;1283-20
CO2;1283;CT-CO2-0;1f94f8ad-7171-b062-c0a5-dbf839ac97e9;CD:E6:D3:07;0;AVIÁRIO MEIO;738,00;09/11/2025;03:49:53;20;1283-20
CO2;1283;CT-CO2-0;1f94f8ad-7171-b062-c0a5-dbf839ac97e9;CD:E6:D3:07;0;AVIÁRIO MEIO;755,00;09/11/2025;03:55:25;20;1283-20
CO2;1283;CT-CO2-0;1f94f8ad-7171-b062-c0a5-dbf839ac97e9;CD:E6:D3:07;0;AVIÁRIO MEIO;759,00;09/11/2025;04:00:28;20;1283-20
CO2;1283;CT-CO2-0;1f94f8ad-7171-b062-c0a5-dbf839ac97e9;CD:E6:D3:07;0;AVIÁRIO MEIO;749,00;09/11/2025;04:06:00;20;1283-20
CO2;1283;CT-CO2-0;1f94f8ad-7171-b062-c0a5-dbf839ac97e9;CD:E6:D3:07;0;AVIÁRIO MEIO;732,00;09/11/2025;04:11:31;20;1283-20
CO2;1283;CT-CO2-0;1f94f8ad-7171-b062-c0a5-dbf839ac97e9;CD:E6:D3:07;0;AVIÁRIO MEIO;754,00;09/11/2025;04:16:34;20;1283-20
CO2;1283;CT-CO2-0;1f94f8ad-7171-b062-c0a5-dbf839ac97e9;CD:E6:D3:07;0;AVIÁRIO MEIO;739,00;09/11/2025;04:22:06;20;1283-20
CO2;1283;CT-CO2-0;1f94f8ad-7171-b062-c0a5-dbf839ac97e9;CD:E6:D3:07;0;AVIÁRIO MEIO;726,00;09/11/2025;04:27:37;20;1283-20
CO2;1283;CT-CO2-0;1f94f8ad-7171-b062-c0a5-dbf839ac97e9;CD:E6:D3:07;0;AVIÁRIO MEIO;737,00;09/11/2025;04:33:09;20;1283-20
CO2;1283;CT-CO2-0;1f94f8ad-7171-b062-c0a5-dbf839ac97e9;CD:E6:D3:07;0;AVIÁRIO MEIO;727,00;09/11/2025;04:38:42;20;1283-20
CO2;1283;CT-CO2-0;1f94f8ad-7171-b062-c0a5-dbf839ac97e9;CD:E6:D3:07;0;AVIÁRIO MEIO;742,00;09/11/2025;04:43:43;20;1283-20
CO2;1283;CT-CO2-0;1f94f8ad-7171-b062-c0a5-dbf839ac97e9;CD:E6:D3:07;0;AVIÁRIO MEIO;749,00;09/11/2025;04:49:15;20;1283-20
CO2;1283;CT-CO2-0;1f94f8ad-7171-b062-c0a5-dbf839ac97e9;CD:E6:D3:07;0;AVIÁRIO MEIO;726,00;09/11/2025;04:54:17;20;1283-20
CO2;1283;CT-CO2-0;1f94f8ad-7171-b062-c0a5-dbf839ac97e9;CD:E6:D3:07;0;AVIÁRIO MEIO;734,00;09/11/2025;04:59:48;20;1283-20
CO2;1283;CT-CO2-0;1f94f8ad-7171-b062-c0a5-dbf839ac97e9;CD:E6:D3:07;0;AVIÁRIO MEIO;743,00;09/11/2025;05:05:24;20;1283-20
CO2;1283;CT-CO2-0;1f94f8ad-7171-b062-c0a5-dbf839ac97e9;CD:E6:D3:07;0;AVIÁRIO MEIO;735,00;09/11/2025;05:10:26;20;1283-20
CO2;1283;CT-CO2-0;1f94f8ad-7171-b062-c0a5-dbf839ac97e9;CD:E6:D3:07;0;AVIÁRIO MEIO;770,00;09/11/2025;05:15:58;20;1283-20
CO2;1283;CT-CO2-0;1f94f8ad-7171-b062-c0a5-dbf839ac97e9;CD:E6:D3:07;0;AVIÁRIO MEIO;736,00;09/11/2025;05:21:30;20;1283-20
CO2;1283;CT-CO2-0;1f94f8ad-7171-b062-c0a5-dbf839ac97e9;CD:E6:D3:07;0;AVIÁRIO MEIO;726,00;09/11/2025;05:27:02;20;1283-20
CO2;1283;CT-CO2-0;1f94f8ad-7171-b062-c0a5-dbf839ac97e9;CD:E6:D3:07;0;AVIÁRIO MEIO;732,00;09/11/2025;05:32:04;20;1283-20
CO2;1283;CT-CO2-0;1f94f8ad-7171-b062-c0a5-dbf839ac97e9;CD:E6:D3:07;0;AVIÁRIO MEIO;793,00;09/11/2025;05:37:36;20;1283-20
CO2;1283;CT-CO2-0;1f94f8ad-7171-b062-c0a5-dbf839ac97e9;CD:E6:D3:07;0;AVIÁRIO MEIO;733,00;09/11/2025;05:43:07;20;1283-20
CO2;1283;CT-CO2-0;1f94f8ad-7171-b062-c0a5-dbf839ac97e9;CD:E6:D3:07;0;AVIÁRIO MEIO;734,00;09/11/2025;05:48:42;20;1283-20
CO2;1283;CT-CO2-0;1f94f8ad-7171-b062-c0a5-dbf839ac97e9;CD:E6:D3:07;0;AVIÁRIO MEIO;722,00;09/11/2025;05:53:44;20;1283-20
CO2;1283;CT-CO2-0;1f94f8ad-7171-b062-c0a5-dbf839ac97e9;CD:E6:D3:07;0;AVIÁRIO MEIO;762,00;09/11/2025;05:59:15;20;1283-20
CO2;1283;CT-CO2-0;1f94f8ad-7171-b062-c0a5-dbf839ac97e9;CD:E6:D3:07;0;AVIÁRIO MEIO;747,00;09/11/2025;06:04:17;20;1283-20
CO2;1283;CT-CO2-0;1f94f8ad-7171-b062-c0a5-dbf839ac97e9;CD:E6:D3:07;0;AVIÁRIO MEIO;763,00;09/11/2025;06:09:48;20;1283-20
CO2;1283;CT-CO2-0;1f94f8ad-7171-b062-c0a5-dbf839ac97e9;CD:E6:D3:07;0;AVIÁRIO MEIO;757,00;09/11/2025;06:15:25;20;1283-20
CO2;1283;CT-CO2-0;1f94f8ad-7171-b062-c0a5-dbf839ac97e9;CD:E6:D3:07;0;AVIÁRIO MEIO;776,00;09/11/2025;06:26:00;20;1283-20
CO2;1283;CT-CO2-0;1f94f8ad-7171-b062-c0a5-dbf839ac97e9;CD:E6:D3:07;0;AVIÁRIO MEIO;775,00;09/11/2025;06:31:31;20;1283-20
CO2;1283;CT-CO2-0;1f94f8ad-7171-b062-c0a5-dbf839ac97e9;CD:E6:D3:07;0;AVIÁRIO MEIO;775,00;09/11/2025;06:36:33;20;1283-20
CO2;1283;CT-CO2-0;1f94f8ad-7171-b062-c0a5-dbf839ac97e9;CD:E6:D3:07;0;AVIÁRIO MEIO;781,00;09/11/2025;06:42:05;20;1283-20
CO2;1283;CT-CO2-0;1f94f8ad-7171-b062-c0a5-dbf839ac97e9;CD:E6:D3:07;0;AVIÁRIO MEIO;771,00;09/11/2025;06:47:37;20;1283-20
CO2;1283;CT-CO2-0;1f94f8ad-7171-b062-c0a5-dbf839ac97e9;CD:E6:D3:07;0;AVIÁRIO MEIO;803,00;09/11/2025;06:53:10;20;1283-20
CO2;1283;CT-CO2-0;1f94f8ad-7171-b062-c0a5-dbf839ac97e9;CD:E6:D3:07;0;AVIÁRIO MEIO;803,00;09/11/2025;06:58:44;20;1283-20
CO2;1283;CT-CO2-0;1f94f8ad-7171-b062-c0a5-dbf839ac97e9;CD:E6:D3:07;0;AVIÁRIO MEIO;805,00;09/11/2025;07:03:46;20;1283-20
CO2;1283;CT-CO2-0;1f94f8ad-7171-b062-c0a5-dbf839ac97e9;CD:E6:D3:07;0;AVIÁRIO MEIO;810,00;09/11/2025;07:09:18;20;1283-20
CO2;1283;CT-CO2-0;1f94f8ad-7171-b062-c0a5-dbf839ac97e9;CD:E6:D3:07;0;AVIÁRIO MEIO;802,00;09/11/2025;07:14:19;20;1283-20
CO2;1283;CT-CO2-0;1f94f8ad-7171-b062-c0a5-dbf839ac97e9;CD:E6:D3:07;0;AVIÁRIO MEIO;810,00;09/11/2025;07:19:51;20;1283-20
CO2;1283;CT-CO2-0;1f94f8ad-7171-b062-c0a5-dbf839ac97e9;CD:E6:D3:07;0;AVIÁRIO MEIO;812,00;09/11/2025;07:25:25;20;1283-20
CO2;1283;CT-CO2-0;1f94f8ad-7171-b062-c0a5-dbf839ac97e9;CD:E6:D3:07;0;AVIÁRIO MEIO;791,00;09/11/2025;07:35:59;20;1283-20
CO2;1283;CT-CO2-0;1f94f8ad-7171-b062-c0a5-dbf839ac97e9;CD:E6:D3:07;0;AVIÁRIO MEIO;800,00;09/11/2025;07:41:31;20;1283-20
CO2;1283;CT-CO2-0;1f94f8ad-7171-b062-c0a5-dbf839ac97e9;CD:E6:D3:07;0;AVIÁRIO MEIO;786,00;09/11/2025;07:47:02;20;1283-20
CO2;1283;CT-CO2-0;1f94f8ad-7171-b062-c0a5-dbf839ac97e9;CD:E6:D3:07;0;AVIÁRIO MEIO;796,00;09/11/2025;07:52:03;20;1283-20
CO2;1283;CT-CO2-0;1f94f8ad-7171-b062-c0a5-dbf839ac97e9;CD:E6:D3:07;0;AVIÁRIO MEIO;801,00;09/11/2025;07:57:36;20;1283-20
CO2;1283;CT-CO2-0;1f94f8ad-7171-b062-c0a5-dbf839ac97e9;CD:E6:D3:07;0;AVIÁRIO MEIO;829,00;09/11/2025;08:03:08;20;1283-20
CO2;1283;CT-CO2-0;1f94f8ad-7171-b062-c0a5-dbf839ac97e9;CD:E6:D3:07;0;AVIÁRIO MEIO;807,00;09/11/2025;08:08:42;20;1283-20
CO2;1283;CT-CO2-0;1f94f8ad-7171-b062-c0a5-dbf839ac97e9;CD:E6:D3:07;0;AVIÁRIO MEIO;794,00;09/11/2025;08:13:45;20;1283-20
CO2;1283;CT-CO2-0;1f94f8ad-7171-b062-c0a5-dbf839ac97e9;CD:E6:D3:07;0;AVIÁRIO MEIO;782,00;09/11/2025;08:19:17;20;1283-20
CO2;1283;CT-CO2-0;1f94f8ad-7171-b062-c0a5-dbf839ac97e9;CD:E6:D3:07;0;AVIÁRIO MEIO;771,00;09/11/2025;08:24:49;20;1283-20
CO2;1283;CT-CO2-0;1f94f8ad-7171-b062-c0a5-dbf839ac97e9;CD:E6:D3:07;0;AVIÁRIO MEIO;792,00;09/11/2025;08:29:52;20;1283-20
CO2;1283;CT-CO2-0;1f94f8ad-7171-b062-c0a5-dbf839ac97e9;CD:E6:D3:07;0;AVIÁRIO MEIO;761,00;09/11/2025;08:40:57;20;1283-20
CO2;1283;CT-CO2-0;1f94f8ad-7171-b062-c0a5-dbf839ac97e9;CD:E6:D3:07;0;AVIÁRIO MEIO;788,00;09/11/2025;08:45:59;20;1283-20
CO2;1283;CT-CO2-0;1f94f8ad-7171-b062-c0a5-dbf839ac97e9;CD:E6:D3:07;0;AVIÁRIO MEIO;772,00;09/11/2025;08:51:30;20;1283-20
CO2;1283;CT-CO2-0;1f94f8ad-7171-b062-c0a5-dbf839ac97e9;CD:E6:D3:07;0;AVIÁRIO MEIO;780,00;09/11/2025;08:57:03;20;1283-20
CO2;1283;CT-CO2-0;1f94f8ad-7171-b062-c0a5-dbf839ac97e9;CD:E6:D3:07;0;AVIÁRIO MEIO;775,00;09/11/2025;09:02:05;20;1283-20
CO2;1283;CT-CO2-0;1f94f8ad-7171-b062-c0a5-dbf839ac97e9;CD:E6:D3:07;0;AVIÁRIO MEIO;787,00;09/11/2025;09:07:37;20;1283-20
CO2;1283;CT-CO2-0;1f94f8ad-7171-b062-c0a5-dbf839ac97e9;CD:E6:D3:07;0;AVIÁRIO MEIO;785,00;09/11/2025;09:13:08;20;1283-20
CO2;1283;CT-CO2-0;1f94f8ad-7171-b062-c0a5-dbf839ac97e9;CD:E6:D3:07;0;AVIÁRIO MEIO;770,00;09/11/2025;09:19:12;20;1283-20
CO2;1283;CT-CO2-0;1f94f8ad-7171-b062-c0a5-dbf839ac97e9;CD:E6:D3:07;0;AVIÁRIO MEIO;786,00;09/11/2025;09:23:43;20;1283-20
CO2;1283;CT-CO2-0;1f94f8ad-7171-b062-c0a5-dbf839ac97e9;CD:E6:D3:07;0;AVIÁRIO MEIO;789,00;09/11/2025;09:29:15;20;1283-20
CO2;1283;CT-CO2-0;1f94f8ad-7171-b062-c0a5-dbf839ac97e9;CD:E6:D3:07;0;AVIÁRIO MEIO;787,00;09/11/2025;09:34:47;20;1283-20
CO2;1283;CT-CO2-0;1f94f8ad-7171-b062-c0a5-dbf839ac97e9;CD:E6:D3:07;0;AVIÁRIO MEIO;807,00;09/11/2025;09:39:48;20;1283-20
CO2;1283;CT-CO2-0;1f94f8ad-7171-b062-c0a5-dbf839ac97e9;CD:E6:D3:07;0;AVIÁRIO MEIO;785,00;09/11/2025;09:45:20;20;1283-20
CO2;1283;CT-CO2-0;1f94f8ad-7171-b062-c0a5-dbf839ac97e9;CD:E6:D3:07;0;AVIÁRIO MEIO;805,00;09/11/2025;09:50:52;20;1283-20
CO2;1283;CT-CO2-0;1f94f8ad-7171-b062-c0a5-dbf839ac97e9;CD:E6:D3:07;0;AVIÁRIO MEIO;804,00;09/11/2025;09:55:55;20;1283-20
CO2;1283;CT-CO2-0;1f94f8ad-7171-b062-c0a5-dbf839ac97e9;CD:E6:D3:07;0;AVIÁRIO MEIO;808,00;09/11/2025;10:01:28;20;1283-20
CO2;1283;CT-CO2-0;1f94f8ad-7171-b062-c0a5-dbf839ac97e9;CD:E6:D3:07;0;AVIÁRIO MEIO;826,00;09/11/2025;10:07:00;20;1283-20
CO2;1283;CT-CO2-0;1f94f8ad-7171-b062-c0a5-dbf839ac97e9;CD:E6:D3:07;0;AVIÁRIO MEIO;842,00;09/11/2025;10:12:31;20;1283-20
CO2;1283;CT-CO2-0;1f94f8ad-7171-b062-c0a5-dbf839ac97e9;CD:E6:D3:07;0;AVIÁRIO MEIO;792,00;09/11/2025;10:17:33;20;1283-20
CO2;1283;CT-CO2-0;1f94f8ad-7171-b062-c0a5-dbf839ac97e9;CD:E6:D3:07;0;AVIÁRIO MEIO;815,00;09/11/2025;10:23:05;20;1283-20
CO2;1283;CT-CO2-0;1f94f8ad-7171-b062-c0a5-dbf839ac97e9;CD:E6:D3:07;0;AVIÁRIO MEIO;758,00;09/11/2025;10:29:09;20;1283-20
CO2;1283;CT-CO2-0;1f94f8ad-7171-b062-c0a5-dbf839ac97e9;CD:E6:D3:07;0;AVIÁRIO MEIO;774,00;09/11/2025;10:33:41;20;1283-20
CO2;1283;CT-CO2-0;1f94f8ad-7171-b062-c0a5-dbf839ac97e9;CD:E6:D3:07;0;AVIÁRIO MEIO;783,00;09/11/2025;10:39:15;20;1283-20
CO2;1283;CT-CO2-0;1f94f8ad-7171-b062-c0a5-dbf839ac97e9;CD:E6:D3:07;0;AVIÁRIO MEIO;769,00;09/11/2025;10:44:47;20;1283-20
CO2;1283;CT-CO2-0;1f94f8ad-7171-b062-c0a5-dbf839ac97e9;CD:E6:D3:07;0;AVIÁRIO MEIO;761,00;09/11/2025;10:49:48;20;1283-20
CO2;1283;CT-CO2-0;1f94f8ad-7171-b062-c0a5-dbf839ac97e9;CD:E6:D3:07;0;AVIÁRIO MEIO;795,00;09/11/2025;11:00:52;20;1283-20
CO2;1283;CT-CO2-0;1f94f8ad-7171-b062-c0a5-dbf839ac97e9;CD:E6:D3:07;0;AVIÁRIO MEIO;807,00;09/11/2025;11:06:24;20;1283-20
CO2;1283;CT-CO2-0;1f94f8ad-7171-b062-c0a5-dbf839ac97e9;CD:E6:D3:07;0;AVIÁRIO MEIO;777,00;09/11/2025;11:11:31;20;1283-20
CO2;1283;CT-CO2-0;1f94f8ad-7171-b062-c0a5-dbf839ac97e9;CD:E6:D3:07;0;AVIÁRIO MEIO;767,00;09/11/2025;11:17:03;20;1283-20
CO2;1283;CT-CO2-0;1f94f8ad-7171-b062-c0a5-dbf839ac97e9;CD:E6:D3:07;0;AVIÁRIO MEIO;760,00;09/11/2025;11:22:35;20;1283-20
CO2;1283;CT-CO2-0;1f94f8ad-7171-b062-c0a5-dbf839ac97e9;CD:E6:D3:07;0;AVIÁRIO MEIO;712,00;09/11/2025;11:27:37;20;1283-20
CO2;1283;CT-CO2-0;1f94f8ad-7171-b062-c0a5-dbf839ac97e9;CD:E6:D3:07;0;AVIÁRIO MEIO;696,00;09/11/2025;11:33:09;20;1283-20
CO2;1283;CT-CO2-0;1f94f8ad-7171-b062-c0a5-dbf839ac97e9;CD:E6:D3:07;0;AVIÁRIO MEIO;700,00;09/11/2025;11:39:12;20;1283-20
CO2;1283;CT-CO2-0;1f94f8ad-7171-b062-c0a5-dbf839ac97e9;CD:E6:D3:07;0;AVIÁRIO MEIO;711,00;09/11/2025;11:43:44;20;1283-20
CO2;1283;CT-CO2-0;1f94f8ad-7171-b062-c0a5-dbf839ac97e9;CD:E6:D3:07;0;AVIÁRIO MEIO;715,00;09/11/2025;11:49:16;20;1283-20
CO2;1283;CT-CO2-0;1f94f8ad-7171-b062-c0a5-dbf839ac97e9;CD:E6:D3:07;0;AVIÁRIO MEIO;712,00;09/11/2025;11:54:48;20;1283-20
CO2;1283;CT-CO2-0;1f94f8ad-7171-b062-c0a5-dbf839ac97e9;CD:E6:D3:07;0;AVIÁRIO MEIO;728,00;09/11/2025;11:59:51;20;1283-20
CO2;1283;CT-CO2-0;1f94f8ad-7171-b062-c0a5-dbf839ac97e9;CD:E6:D3:07;0;AVIÁRIO MEIO;741,00;09/11/2025;12:05:24;20;1283-20
CO2;1283;CT-CO2-0;1f94f8ad-7171-b062-c0a5-dbf839ac97e9;CD:E6:D3:07;0;AVIÁRIO MEIO;778,00;09/11/2025;12:10:56;20;1283-20
CO2;1283;CT-CO2-0;1f94f8ad-7171-b062-c0a5-dbf839ac97e9;CD:E6:D3:07;0;AVIÁRIO MEIO;725,00;09/11/2025;12:16:28;20;1283-20
CO2;1283;CT-CO2-0;1f94f8ad-7171-b062-c0a5-dbf839ac97e9;CD:E6:D3:07;0;AVIÁRIO MEIO;659,00;09/11/2025;12:21:30;20;1283-20
CO2;1283;CT-CO2-0;1f94f8ad-7171-b062-c0a5-dbf839ac97e9;CD:E6:D3:07;0;AVIÁRIO MEIO;645,00;09/11/2025;12:27:01;20;1283-20
CO2;1283;CT-CO2-0;1f94f8ad-7171-b062-c0a5-dbf839ac97e9;CD:E6:D3:07;0;AVIÁRIO MEIO;645,00;09/11/2025;12:32:33;20;1283-20
CO2;1283;CT-CO2-0;1f94f8ad-7171-b062-c0a5-dbf839ac97e9;CD:E6:D3:07;0;AVIÁRIO MEIO;639,00;09/11/2025;12:37:35;20;1283-20
CO2;1283;CT-CO2-0;1f94f8ad-7171-b062-c0a5-dbf839ac97e9;CD:E6:D3:07;0;AVIÁRIO MEIO;647,00;09/11/2025;12:43:07;20;1283-20
CO2;1283;CT-CO2-0;1f94f8ad-7171-b062-c0a5-dbf839ac97e9;CD:E6:D3:07;0;AVIÁRIO MEIO;666,00;09/11/2025;12:49:11;20;1283-20
CO2;1283;CT-CO2-0;1f94f8ad-7171-b062-c0a5-dbf839ac97e9;CD:E6:D3:07;0;AVIÁRIO MEIO;668,00;09/11/2025;12:53:43;20;1283-20
CO2;1283;CT-CO2-0;1f94f8ad-7171-b062-c0a5-dbf839ac97e9;CD:E6:D3:07;0;AVIÁRIO MEIO;637,00;09/11/2025;12:59:15;20;1283-20
CO2;1283;CT-CO2-0;1f94f8ad-7171-b062-c0a5-dbf839ac97e9;CD:E6:D3:07;0;AVIÁRIO MEIO;642,00;09/11/2025;13:04:47;20;1283-20
CO2;1283;CT-CO2-0;1f94f8ad-7171-b062-c0a5-dbf839ac97e9;CD:E6:D3:07;0;AVIÁRIO MEIO;661,00;09/11/2025;13:09:49;20;1283-20
CO2;1283;CT-CO2-0;1f94f8ad-7171-b062-c0a5-dbf839ac97e9;CD:E6:D3:07;0;AVIÁRIO MEIO;658,00;09/11/2025;13:15:23;20;1283-20
CO2;1283;CT-CO2-0;1f94f8ad-7171-b062-c0a5-dbf839ac97e9;CD:E6:D3:07;0;AVIÁRIO MEIO;621,00;09/11/2025;13:20:55;20;1283-20
CO2;1283;CT-CO2-0;1f94f8ad-7171-b062-c0a5-dbf839ac97e9;CD:E6:D3:07;0;AVIÁRIO MEIO;611,00;09/11/2025;13:26:27;20;1283-20
CO2;1283;CT-CO2-0;1f94f8ad-7171-b062-c0a5-dbf839ac97e9;CD:E6:D3:07;0;AVIÁRIO MEIO;612,00;09/11/2025;13:31:29;20;1283-20
CO2;1283;CT-CO2-0;1f94f8ad-7171-b062-c0a5-dbf839ac97e9;CD:E6:D3:07;0;AVIÁRIO MEIO;610,00;09/11/2025;13:37:00;20;1283-20
CO2;1283;CT-CO2-0;1f94f8ad-7171-b062-c0a5-dbf839ac97e9;CD:E6:D3:07;0;AVIÁRIO MEIO;607,00;09/11/2025;13:42:33;20;1283-20
CO2;1283;CT-CO2-0;1f94f8ad-7171-b062-c0a5-dbf839ac97e9;CD:E6:D3:07;0;AVIÁRIO MEIO;610,00;09/11/2025;13:47:35;20;1283-20
CO2;1283;CT-CO2-0;1f94f8ad-7171-b062-c0a5-dbf839ac97e9;CD:E6:D3:07;0;AVIÁRIO MEIO;646,00;09/11/2025;13:53:06;20;1283-20
CO2;1283;CT-CO2-0;1f94f8ad-7171-b062-c0a5-dbf839ac97e9;CD:E6:D3:07;0;AVIÁRIO MEIO;627,00;09/11/2025;13:59:09;20;1283-20
CO2;1283;CT-CO2-0;1f94f8ad-7171-b062-c0a5-dbf839ac97e9;CD:E6:D3:07;0;AVIÁRIO MEIO;614,00;09/11/2025;14:03:41;20;1283-20
CO2;1283;CT-CO2-0;1f94f8ad-7171-b062-c0a5-dbf839ac97e9;CD:E6:D3:07;0;AVIÁRIO MEIO;612,00;09/11/2025;14:09:13;20;1283-20
CO2;1283;CT-CO2-0;1f94f8ad-7171-b062-c0a5-dbf839ac97e9;CD:E6:D3:07;0;AVIÁRIO MEIO;616,00;09/11/2025;14:14:45;20;1283-20
CO2;1283;CT-CO2-0;1f94f8ad-7171-b062-c0a5-dbf839ac97e9;CD:E6:D3:07;0;AVIÁRIO MEIO;618,00;09/11/2025;14:20:17;20;1283-20
CO2;1283;CT-CO2-0;1f94f8ad-7171-b062-c0a5-dbf839ac97e9;CD:E6:D3:07;0;AVIÁRIO MEIO;633,00;09/11/2025;14:25:19;20;1283-20
CO2;1283;CT-CO2-0;1f94f8ad-7171-b062-c0a5-dbf839ac97e9;CD:E6:D3:07;0;AVIÁRIO MEIO;621,00;09/11/2025;14:30:51;20;1283-20
CO2;1283;CT-CO2-0;1f94f8ad-7171-b062-c0a5-dbf839ac97e9;CD:E6:D3:07;0;AVIÁRIO MEIO;605,00;09/11/2025;14:36:25;20;1283-20
CO2;1283;CT-CO2-0;1f94f8ad-7171-b062-c0a5-dbf839ac97e9;CD:E6:D3:07;0;AVIÁRIO MEIO;598,00;09/11/2025;14:41:27;20;1283-20
CO2;1283;CT-CO2-0;1f94f8ad-7171-b062-c0a5-dbf839ac97e9;CD:E6:D3:07;0;AVIÁRIO MEIO;590,00;09/11/2025;14:46:59;20;1283-20
CO2;1283;CT-CO2-0;1f94f8ad-7171-b062-c0a5-dbf839ac97e9;CD:E6:D3:07;0;AVIÁRIO MEIO;589,00;09/11/2025;14:52:31;20;1283-20
CO2;1283;CT-CO2-0;1f94f8ad-7171-b062-c0a5-dbf839ac97e9;CD:E6:D3:07;0;AVIÁRIO MEIO;607,00;09/11/2025;14:57:32;20;1283-20
CO2;1283;CT-CO2-0;1f94f8ad-7171-b062-c0a5-dbf839ac97e9;CD:E6:D3:07;0;AVIÁRIO MEIO;591,00;09/11/2025;15:03:04;20;1283-20
CO2;1283;CT-CO2-0;1f94f8ad-7171-b062-c0a5-dbf839ac97e9;CD:E6:D3:07;0;AVIÁRIO MEIO;594,00;09/11/2025;15:09:08;20;1283-20
CO2;1283;CT-CO2-0;1f94f8ad-7171-b062-c0a5-dbf839ac97e9;CD:E6:D3:07;0;AVIÁRIO MEIO;594,00;09/11/2025;15:13:40;20;1283-20
CO2;1283;CT-CO2-0;1f94f8ad-7171-b062-c0a5-dbf839ac97e9;CD:E6:D3:07;0;AVIÁRIO MEIO;590,00;09/11/2025;15:19:12;20;1283-20
CO2;1283;CT-CO2-0;1f94f8ad-7171-b062-c0a5-dbf839ac97e9;CD:E6:D3:07;0;AVIÁRIO MEIO;587,00;09/11/2025;15:24:44;20;1283-20
CO2;1283;CT-CO2-0;1f94f8ad-7171-b062-c0a5-dbf839ac97e9;CD:E6:D3:07;0;AVIÁRIO MEIO;591,00;09/11/2025;15:30:16;20;1283-20
CO2;1283;CT-CO2-0;1f94f8ad-7171-b062-c0a5-dbf839ac97e9;CD:E6:D3:07;0;AVIÁRIO MEIO;594,00;09/11/2025;15:35:18;20;1283-20
CO2;1283;CT-CO2-0;1f94f8ad-7171-b062-c0a5-dbf839ac97e9;CD:E6:D3:07;0;AVIÁRIO MEIO;595,00;09/11/2025;15:40:50;20;1283-20
CO2;1283;CT-CO2-0;1f94f8ad-7171-b062-c0a5-dbf839ac97e9;CD:E6:D3:07;0;AVIÁRIO MEIO;592,00;09/11/2025;15:46:21;20;1283-20
CO2;1283;CT-CO2-0;1f94f8ad-7171-b062-c0a5-dbf839ac97e9;CD:E6:D3:07;0;AVIÁRIO MEIO;596,00;09/11/2025;15:51:23;20;1283-20
CO2;1283;CT-CO2-0;1f94f8ad-7171-b062-c0a5-dbf839ac97e9;CD:E6:D3:07;0;AVIÁRIO MEIO;592,00;09/11/2025;15:56:57;20;1283-20
CO2;1283;CT-CO2-0;1f94f8ad-7171-b062-c0a5-dbf839ac97e9;CD:E6:D3:07;0;AVIÁRIO MEIO;595,00;09/11/2025;16:02:28;20;1283-20
CO2;1283;CT-CO2-0;1f94f8ad-7171-b062-c0a5-dbf839ac97e9;CD:E6:D3:07;0;AVIÁRIO MEIO;589,00;09/11/2025;16:08:00;20;1283-20
CO2;1283;CT-CO2-0;1f94f8ad-7171-b062-c0a5-dbf839ac97e9;CD:E6:D3:07;0;AVIÁRIO MEIO;597,00;09/11/2025;16:13:02;20;1283-20
CO2;1283;CT-CO2-0;1f94f8ad-7171-b062-c0a5-dbf839ac97e9;CD:E6:D3:07;0;AVIÁRIO MEIO;593,00;09/11/2025;16:19:05;20;1283-20
CO2;1283;CT-CO2-0;1f94f8ad-7171-b062-c0a5-dbf839ac97e9;CD:E6:D3:07;0;AVIÁRIO MEIO;599,00;09/11/2025;16:24:07;20;1283-20
CO2;1283;CT-CO2-0;1f94f8ad-7171-b062-c0a5-dbf839ac97e9;CD:E6:D3:07;0;AVIÁRIO MEIO;610,00;09/11/2025;16:29:09;20;1283-20
CO2;1283;CT-CO2-0;1f94f8ad-7171-b062-c0a5-dbf839ac97e9;CD:E6:D3:07;0;AVIÁRIO MEIO;600,00;09/11/2025;16:34:40;20;1283-20
CO2;1283;CT-CO2-0;1f94f8ad-7171-b062-c0a5-dbf839ac97e9;CD:E6:D3:07;0;AVIÁRIO MEIO;604,00;09/11/2025;16:40:15;20;1283-20
CO2;1283;CT-CO2-0;1f94f8ad-7171-b062-c0a5-dbf839ac97e9;CD:E6:D3:07;0;AVIÁRIO MEIO;601,00;09/11/2025;16:45:16;20;1283-20
CO2;1283;CT-CO2-0;1f94f8ad-7171-b062-c0a5-dbf839ac97e9;CD:E6:D3:07;0;AVIÁRIO MEIO;594,00;09/11/2025;16:50:49;20;1283-20
CO2;1283;CT-CO2-0;1f94f8ad-7171-b062-c0a5-dbf839ac97e9;CD:E6:D3:07;0;AVIÁRIO MEIO;622,00;09/11/2025;16:56:21;20;1283-20
CO2;1283;CT-CO2-0;1f94f8ad-7171-b062-c0a5-dbf839ac97e9;CD:E6:D3:07;0;AVIÁRIO MEIO;639,00;09/11/2025;17:01:22;20;1283-20
CO2;1283;CT-CO2-0;1f94f8ad-7171-b062-c0a5-dbf839ac97e9;CD:E6:D3:07;0;AVIÁRIO MEIO;665,00;09/11/2025;17:06:55;20;1283-20
CO2;1283;CT-CO2-0;1f94f8ad-7171-b062-c0a5-dbf839ac97e9;CD:E6:D3:07;0;AVIÁRIO MEIO;589,00;09/11/2025;17:12:27;20;1283-20
CO2;1283;CT-CO2-0;1f94f8ad-7171-b062-c0a5-dbf839ac97e9;CD:E6:D3:07;0;AVIÁRIO MEIO;578,00;09/11/2025;17:17:28;20;1283-20
CO2;1283;CT-CO2-0;1f94f8ad-7171-b062-c0a5-dbf839ac97e9;CD:E6:D3:07;0;AVIÁRIO MEIO;587,00;09/11/2025;17:23:02;20;1283-20
CO2;1283;CT-CO2-0;1f94f8ad-7171-b062-c0a5-dbf839ac97e9;CD:E6:D3:07;0;AVIÁRIO MEIO;595,00;09/11/2025;17:29:05;20;1283-20
CO2;1283;CT-CO2-0;1f94f8ad-7171-b062-c0a5-dbf839ac97e9;CD:E6:D3:07;0;AVIÁRIO MEIO;601,00;09/11/2025;17:33:37;20;1283-20
CO2;1283;CT-CO2-0;1f94f8ad-7171-b062-c0a5-dbf839ac97e9;CD:E6:D3:07;0;AVIÁRIO MEIO;600,00;09/11/2025;17:39:11;20;1283-20
CO2;1283;CT-CO2-0;1f94f8ad-7171-b062-c0a5-dbf839ac97e9;CD:E6:D3:07;0;AVIÁRIO MEIO;605,00;09/11/2025;17:44:42;20;1283-20
CO2;1283;CT-CO2-0;1f94f8ad-7171-b062-c0a5-dbf839ac97e9;CD:E6:D3:07;0;AVIÁRIO MEIO;657,00;09/11/2025;17:50:15;20;1283-20
CO2;1283;CT-CO2-0;1f94f8ad-7171-b062-c0a5-dbf839ac97e9;CD:E6:D3:07;0;AVIÁRIO MEIO;600,00;09/11/2025;17:55:17;20;1283-20
CO2;1283;CT-CO2-0;1f94f8ad-7171-b062-c0a5-dbf839ac97e9;CD:E6:D3:07;0;AVIÁRIO MEIO;600,00;09/11/2025;18:00:50;20;1283-20
CO2;1283;CT-CO2-0;1f94f8ad-7171-b062-c0a5-dbf839ac97e9;CD:E6:D3:07;0;AVIÁRIO MEIO;599,00;09/11/2025;18:06:22;20;1283-20
CO2;1283;CT-CO2-0;1f94f8ad-7171-b062-c0a5-dbf839ac97e9;CD:E6:D3:07;0;AVIÁRIO MEIO;615,00;09/11/2025;18:11:24;20;1283-20
CO2;1283;CT-CO2-0;1f94f8ad-7171-b062-c0a5-dbf839ac97e9;CD:E6:D3:07;0;AVIÁRIO MEIO;627,00;09/11/2025;18:16:56;20;1283-20
CO2;1283;CT-CO2-0;1f94f8ad-7171-b062-c0a5-dbf839ac97e9;CD:E6:D3:07;0;AVIÁRIO MEIO;629,00;09/11/2025;18:22:29;20;1283-20
CO2;1283;CT-CO2-0;1f94f8ad-7171-b062-c0a5-dbf839ac97e9;CD:E6:D3:07;0;AVIÁRIO MEIO;670,00;09/11/2025;18:27:31;20;1283-20
CO2;1283;CT-CO2-0;1f94f8ad-7171-b062-c0a5-dbf839ac97e9;CD:E6:D3:07;0;AVIÁRIO MEIO;645,00;09/11/2025;18:33:03;20;1283-20
CO2;1283;CT-CO2-0;1f94f8ad-7171-b062-c0a5-dbf839ac97e9;CD:E6:D3:07;0;AVIÁRIO MEIO;640,00;09/11/2025;18:39:11;20;1283-20
CO2;1283;CT-CO2-0;1f94f8ad-7171-b062-c0a5-dbf839ac97e9;CD:E6:D3:07;0;AVIÁRIO MEIO;653,00;09/11/2025;18:43:43;20;1283-20
CO2;1283;CT-CO2-0;1f94f8ad-7171-b062-c0a5-dbf839ac97e9;CD:E6:D3:07;0;AVIÁRIO MEIO;758,00;09/11/2025;18:49:15;20;1283-20
CO2;1283;CT-CO2-0;1f94f8ad-7171-b062-c0a5-dbf839ac97e9;CD:E6:D3:07;0;AVIÁRIO MEIO;716,00;09/11/2025;18:54:47;20;1283-20
CO2;1283;CT-CO2-0;1f94f8ad-7171-b062-c0a5-dbf839ac97e9;CD:E6:D3:07;0;AVIÁRIO MEIO;732,00;09/11/2025;18:59:51;20;1283-20
CO2;1283;CT-CO2-0;1f94f8ad-7171-b062-c0a5-dbf839ac97e9;CD:E6:D3:07;0;AVIÁRIO MEIO;752,00;09/11/2025;19:15:59;20;1283-20
CO2;1283;CT-CO2-0;1f94f8ad-7171-b062-c0a5-dbf839ac97e9;CD:E6:D3:07;0;AVIÁRIO MEIO;796,00;09/11/2025;19:21:31;20;1283-20
CO2;1283;CT-CO2-0;1f94f8ad-7171-b062-c0a5-dbf839ac97e9;CD:E6:D3:07;0;AVIÁRIO MEIO;808,00;09/11/2025;19:26:32;20;1283-20
CO2;1283;CT-CO2-0;1f94f8ad-7171-b062-c0a5-dbf839ac97e9;CD:E6:D3:07;0;AVIÁRIO MEIO;801,00;09/11/2025;19:32:04;20;1283-20
CO2;1283;CT-CO2-0;1f94f8ad-7171-b062-c0a5-dbf839ac97e9;CD:E6:D3:07;0;AVIÁRIO MEIO;812,00;09/11/2025;19:37:38;20;1283-20
CO2;1283;CT-CO2-0;1f94f8ad-7171-b062-c0a5-dbf839ac97e9;CD:E6:D3:07;0;AVIÁRIO MEIO;799,00;09/11/2025;19:42:40;20;1283-20
CO2;1283;CT-CO2-0;1f94f8ad-7171-b062-c0a5-dbf839ac97e9;CD:E6:D3:07;0;AVIÁRIO MEIO;823,00;09/11/2025;19:48:44;20;1283-20
CO2;1283;CT-CO2-0;1f94f8ad-7171-b062-c0a5-dbf839ac97e9;CD:E6:D3:07;0;AVIÁRIO MEIO;818,00;09/11/2025;19:53:46;20;1283-20
CO2;1283;CT-CO2-0;1f94f8ad-7171-b062-c0a5-dbf839ac97e9;CD:E6:D3:07;0;AVIÁRIO MEIO;814,00;09/11/2025;19:58:48;20;1283-20
CO2;1283;CT-CO2-0;1f94f8ad-7171-b062-c0a5-dbf839ac97e9;CD:E6:D3:07;0;AVIÁRIO MEIO;890,00;09/11/2025;20:04:20;20;1283-20
CO2;1283;CT-CO2-0;1f94f8ad-7171-b062-c0a5-dbf839ac97e9;CD:E6:D3:07;0;AVIÁRIO MEIO;823,00;09/11/2025;20:09:52;20;1283-20
CO2;1283;CT-CO2-0;1f94f8ad-7171-b062-c0a5-dbf839ac97e9;CD:E6:D3:07;0;AVIÁRIO MEIO;817,00;09/11/2025;20:15:10;20;1283-20
CO2;1283;CT-CO2-0;1f94f8ad-7171-b062-c0a5-dbf839ac97e9;CD:E6:D3:07;0;AVIÁRIO MEIO;827,00;09/11/2025;20:20:43;20;1283-20
CO2;1283;CT-CO2-0;1f94f8ad-7171-b062-c0a5-dbf839ac97e9;CD:E6:D3:07;0;AVIÁRIO MEIO;846,00;09/11/2025;20:25:45;20;1283-20
CO2;1283;CT-CO2-0;1f94f8ad-7171-b062-c0a5-dbf839ac97e9;CD:E6:D3:07;0;AVIÁRIO MEIO;822,00;09/11/2025;20:31:17;20;1283-20
CO2;1283;CT-CO2-0;1f94f8ad-7171-b062-c0a5-dbf839ac97e9;CD:E6:D3:07;0;AVIÁRIO MEIO;831,00;09/11/2025;20:36:49;20;1283-20
CO2;1283;CT-CO2-0;1f94f8ad-7171-b062-c0a5-dbf839ac97e9;CD:E6:D3:07;0;AVIÁRIO MEIO;839,00;09/11/2025;20:41:51;20;1283-20
CO2;1283;CT-CO2-0;1f94f8ad-7171-b062-c0a5-dbf839ac97e9;CD:E6:D3:07;0;AVIÁRIO MEIO;843,00;09/11/2025;20:47:23;20;1283-20
CO2;1283;CT-CO2-0;1f94f8ad-7171-b062-c0a5-dbf839ac97e9;CD:E6:D3:07;0;AVIÁRIO MEIO;841,00;09/11/2025;20:52:56;20;1283-20
CO2;1283;CT-CO2-0;1f94f8ad-7171-b062-c0a5-dbf839ac97e9;CD:E6:D3:07;0;AVIÁRIO MEIO;857,00;09/11/2025;20:58:30;20;1283-20
CO2;1283;CT-CO2-0;1f94f8ad-7171-b062-c0a5-dbf839ac97e9;CD:E6:D3:07;0;AVIÁRIO MEIO;814,00;09/11/2025;21:07:03;20;1283-20
CO2;1283;CT-CO2-0;1f94f8ad-7171-b062-c0a5-dbf839ac97e9;CD:E6:D3:07;0;AVIÁRIO MEIO;819,00;09/11/2025;21:12:05;20;1283-20
CO2;1283;CT-CO2-0;1f94f8ad-7171-b062-c0a5-dbf839ac97e9;CD:E6:D3:07;0;AVIÁRIO MEIO;830,00;09/11/2025;21:17:37;20;1283-20
CO2;1283;CT-CO2-0;1f94f8ad-7171-b062-c0a5-dbf839ac97e9;CD:E6:D3:07;0;AVIÁRIO MEIO;837,00;09/11/2025;21:23:10;20;1283-20
CO2;1283;CT-CO2-0;1f94f8ad-7171-b062-c0a5-dbf839ac97e9;CD:E6:D3:07;0;AVIÁRIO MEIO;782,00;09/11/2025;21:28:11;20;1283-20
CO2;1283;CT-CO2-0;1f94f8ad-7171-b062-c0a5-dbf839ac97e9;CD:E6:D3:07;0;AVIÁRIO MEIO;786,00;09/11/2025;21:33:43;20;1283-20
CO2;1283;CT-CO2-0;1f94f8ad-7171-b062-c0a5-dbf839ac97e9;CD:E6:D3:07;0;AVIÁRIO MEIO;788,00;09/11/2025;21:39:20;20;1283-20
CO2;1283;CT-CO2-0;1f94f8ad-7171-b062-c0a5-dbf839ac97e9;CD:E6:D3:07;0;AVIÁRIO MEIO;783,00;09/11/2025;21:44:22;20;1283-20
CO2;1283;CT-CO2-0;1f94f8ad-7171-b062-c0a5-dbf839ac97e9;CD:E6:D3:07;0;AVIÁRIO MEIO;767,00;09/11/2025;21:49:54;20;1283-20
CO2;1283;CT-CO2-0;1f94f8ad-7171-b062-c0a5-dbf839ac97e9;CD:E6:D3:07;0;AVIÁRIO MEIO;769,00;09/11/2025;21:55:28;20;1283-20
CO2;1283;CT-CO2-0;1f94f8ad-7171-b062-c0a5-dbf839ac97e9;CD:E6:D3:07;0;AVIÁRIO MEIO;812,00;09/11/2025;22:00:31;20;1283-20
CO2;1283;CT-CO2-0;1f94f8ad-7171-b062-c0a5-dbf839ac97e9;CD:E6:D3:07;0;AVIÁRIO MEIO;789,00;09/11/2025;22:06:36;20;1283-20
CO2;1283;CT-CO2-0;1f94f8ad-7171-b062-c0a5-dbf839ac97e9;CD:E6:D3:07;0;AVIÁRIO MEIO;778,00;09/11/2025;22:11:38;20;1283-20
CO2;1283;CT-CO2-0;1f94f8ad-7171-b062-c0a5-dbf839ac97e9;CD:E6:D3:07;0;AVIÁRIO MEIO;773,00;09/11/2025;22:16:40;20;1283-20
CO2;1283;CT-CO2-0;1f94f8ad-7171-b062-c0a5-dbf839ac97e9;CD:E6:D3:07;0;AVIÁRIO MEIO;766,00;09/11/2025;22:22:12;20;1283-20
CO2;1283;CT-CO2-0;1f94f8ad-7171-b062-c0a5-dbf839ac97e9;CD:E6:D3:07;0;AVIÁRIO MEIO;762,00;09/11/2025;22:27:44;20;1283-20
CO2;1283;CT-CO2-0;1f94f8ad-7171-b062-c0a5-dbf839ac97e9;CD:E6:D3:07;0;AVIÁRIO MEIO;728,00;09/11/2025;22:32:46;20;1283-20
CO2;1283;CT-CO2-0;1f94f8ad-7171-b062-c0a5-dbf839ac97e9;CD:E6:D3:07;0;AVIÁRIO MEIO;745,00;09/11/2025;22:38:18;20;1283-20
CO2;1283;CT-CO2-0;1f94f8ad-7171-b062-c0a5-dbf839ac97e9;CD:E6:D3:07;0;AVIÁRIO MEIO;763,00;09/11/2025;22:43:50;20;1283-20
CO2;1283;CT-CO2-0;1f94f8ad-7171-b062-c0a5-dbf839ac97e9;CD:E6:D3:07;0;AVIÁRIO MEIO;746,00;09/11/2025;22:48:51;20;1283-20
CO2;1283;CT-CO2-0;1f94f8ad-7171-b062-c0a5-dbf839ac97e9;CD:E6:D3:07;0;AVIÁRIO MEIO;737,00;09/11/2025;22:54:23;20;1283-20
CO2;1283;CT-CO2-0;1f94f8ad-7171-b062-c0a5-dbf839ac97e9;CD:E6:D3:07;0;AVIÁRIO MEIO;782,00;09/11/2025;22:59:55;20;1283-20
CO2;1283;CT-CO2-0;1f94f8ad-7171-b062-c0a5-dbf839ac97e9;CD:E6:D3:07;0;AVIÁRIO MEIO;738,00;09/11/2025;23:10:32;20;1283-20
CO2;1283;CT-CO2-0;1f94f8ad-7171-b062-c0a5-dbf839ac97e9;CD:E6:D3:07;0;AVIÁRIO MEIO;729,00;09/11/2025;23:16:36;20;1283-20
CO2;1283;CT-CO2-0;1f94f8ad-7171-b062-c0a5-dbf839ac97e9;CD:E6:D3:07;0;AVIÁRIO MEIO;727,00;09/11/2025;23:21:08;20;1283-20
CO2;1283;CT-CO2-0;1f94f8ad-7171-b062-c0a5-dbf839ac97e9;CD:E6:D3:07;0;AVIÁRIO MEIO;741,00;09/11/2025;23:26:41;20;1283-20
CO2;1283;CT-CO2-0;1f94f8ad-7171-b062-c0a5-dbf839ac97e9;CD:E6:D3:07;0;AVIÁRIO MEIO;742,00;09/11/2025;23:32:14;20;1283-20
CO2;1283;CT-CO2-0;1f94f8ad-7171-b062-c0a5-dbf839ac97e9;CD:E6:D3:07;0;AVIÁRIO MEIO;822,00;09/11/2025;23:37:15;20;1283-20
CO2;1283;CT-CO2-0;1f94f8ad-7171-b062-c0a5-dbf839ac97e9;CD:E6:D3:07;0;AVIÁRIO MEIO;742,00;09/11/2025;23:42:47;20;1283-20
CO2;1283;CT-CO2-0;1f94f8ad-7171-b062-c0a5-dbf839ac97e9;CD:E6:D3:07;0;AVIÁRIO MEIO;737,00;09/11/2025;23:48:20;20;1283-20
CO2;1283;CT-CO2-0;1f94f8ad-7171-b062-c0a5-dbf839ac97e9;CD:E6:D3:07;0;AVIÁRIO MEIO;730,00;09/11/2025;23:53:23;20;1283-20
CO2;1283;CT-CO2-0;1f94f8ad-7171-b062-c0a5-dbf839ac97e9;CD:E6:D3:07;0;AVIÁRIO MEIO;736,00;09/11/2025;23:58:55;20;1283-20
CO2;1283;CT-CO2-0;1f94f8ad-7171-b062-c0a5-dbf839ac97e9;CD:E6:D3:07;0;AVIÁRIO MEIO;737,00;10/11/2025;00:04:27;20;1283-20
CO2;1283;CT-CO2-0;1f94f8ad-7171-b062-c0a5-dbf839ac97e9;CD:E6:D3:07;0;AVIÁRIO MEIO;726,00;10/11/2025;00:09:29;20;1283-20
CO2;1283;CT-CO2-0;1f94f8ad-7171-b062-c0a5-dbf839ac97e9;CD:E6:D3:07;0;AVIÁRIO MEIO;732,00;10/11/2025;00:15:01;20;1283-20
CO2;1283;CT-CO2-0;1f94f8ad-7171-b062-c0a5-dbf839ac97e9;CD:E6:D3:07;0;AVIÁRIO MEIO;743,00;10/11/2025;00:20:34;20;1283-20
CO2;1283;CT-CO2-0;1f94f8ad-7171-b062-c0a5-dbf839ac97e9;CD:E6:D3:07;0;AVIÁRIO MEIO;736,00;10/11/2025;00:26:07;20;1283-20
CO2;1283;CT-CO2-0;1f94f8ad-7171-b062-c0a5-dbf839ac97e9;CD:E6:D3:07;0;AVIÁRIO MEIO;729,00;10/11/2025;00:31:09;20;1283-20
CO2;1283;CT-CO2-0;1f94f8ad-7171-b062-c0a5-dbf839ac97e9;CD:E6:D3:07;0;AVIÁRIO MEIO;725,00;10/11/2025;00:36:41;20;1283-20
CO2;1283;CT-CO2-0;1f94f8ad-7171-b062-c0a5-dbf839ac97e9;CD:E6:D3:07;0;AVIÁRIO MEIO;732,00;10/11/2025;00:41:45;20;1283-20
CO2;1283;CT-CO2-0;1f94f8ad-7171-b062-c0a5-dbf839ac97e9;CD:E6:D3:07;0;AVIÁRIO MEIO;723,00;10/11/2025;00:47:17;20;1283-20
CO2;1283;CT-CO2-0;1f94f8ad-7171-b062-c0a5-dbf839ac97e9;CD:E6:D3:07;0;AVIÁRIO MEIO;731,00;10/11/2025;00:52:50;20;1283-20
CO2;1283;CT-CO2-0;1f94f8ad-7171-b062-c0a5-dbf839ac97e9;CD:E6:D3:07;0;AVIÁRIO MEIO;724,00;10/11/2025;00:57:52;20;1283-20
CO2;1283;CT-CO2-0;1f94f8ad-7171-b062-c0a5-dbf839ac97e9;CD:E6:D3:07;0;AVIÁRIO MEIO;733,00;10/11/2025;01:03:25;20;1283-20
CO2;1283;CT-CO2-0;1f94f8ad-7171-b062-c0a5-dbf839ac97e9;CD:E6:D3:07;0;AVIÁRIO MEIO;730,00;10/11/2025;01:08:57;20;1283-20
CO2;1283;CT-CO2-0;1f94f8ad-7171-b062-c0a5-dbf839ac97e9;CD:E6:D3:07;0;AVIÁRIO MEIO;723,00;10/11/2025;01:13:59;20;1283-20
CO2;1283;CT-CO2-0;1f94f8ad-7171-b062-c0a5-dbf839ac97e9;CD:E6:D3:07;0;AVIÁRIO MEIO;721,00;10/11/2025;01:19:31;20;1283-20
CO2;1283;CT-CO2-0;1f94f8ad-7171-b062-c0a5-dbf839ac97e9;CD:E6:D3:07;0;AVIÁRIO MEIO;719,00;10/11/2025;01:25:03;20;1283-20
CO2;1283;CT-CO2-0;1f94f8ad-7171-b062-c0a5-dbf839ac97e9;CD:E6:D3:07;0;AVIÁRIO MEIO;726,00;10/11/2025;01:30:05;20;1283-20
CO2;1283;CT-CO2-0;1f94f8ad-7171-b062-c0a5-dbf839ac97e9;CD:E6:D3:07;0;AVIÁRIO MEIO;725,00;10/11/2025;01:36:09;20;1283-20
CO2;1283;CT-CO2-0;1f94f8ad-7171-b062-c0a5-dbf839ac97e9;CD:E6:D3:07;0;AVIÁRIO MEIO;731,00;10/11/2025;01:41:12;20;1283-20
CO2;1283;CT-CO2-0;1f94f8ad-7171-b062-c0a5-dbf839ac97e9;CD:E6:D3:07;0;AVIÁRIO MEIO;738,00;10/11/2025;01:46:15;20;1283-20
CO2;1283;CT-CO2-0;1f94f8ad-7171-b062-c0a5-dbf839ac97e9;CD:E6:D3:07;0;AVIÁRIO MEIO;718,00;10/11/2025;01:51:47;20;1283-20
CO2;1283;CT-CO2-0;1f94f8ad-7171-b062-c0a5-dbf839ac97e9;CD:E6:D3:07;0;AVIÁRIO MEIO;723,00;10/11/2025;01:57:19;20;1283-20
CO2;1283;CT-CO2-0;1f94f8ad-7171-b062-c0a5-dbf839ac97e9;CD:E6:D3:07;0;AVIÁRIO MEIO;736,00;10/11/2025;02:02:21;20;1283-20
CO2;1283;CT-CO2-0;1f94f8ad-7171-b062-c0a5-dbf839ac97e9;CD:E6:D3:07;0;AVIÁRIO MEIO;739,00;10/11/2025;02:07:53;20;1283-20
CO2;1283;CT-CO2-0;1f94f8ad-7171-b062-c0a5-dbf839ac97e9;CD:E6:D3:07;0;AVIÁRIO MEIO;742,00;10/11/2025;02:13:25;20;1283-20
CO2;1283;CT-CO2-0;1f94f8ad-7171-b062-c0a5-dbf839ac97e9;CD:E6:D3:07;0;AVIÁRIO MEIO;723,00;10/11/2025;02:18:28;20;1283-20
CO2;1283;CT-CO2-0;1f94f8ad-7171-b062-c0a5-dbf839ac97e9;CD:E6:D3:07;0;AVIÁRIO MEIO;751,00;10/11/2025;02:24:00;20;1283-20
CO2;1283;CT-CO2-0;1f94f8ad-7171-b062-c0a5-dbf839ac97e9;CD:E6:D3:07;0;AVIÁRIO MEIO;767,00;10/11/2025;02:29:31;20;1283-20
CO2;1283;CT-CO2-0;1f94f8ad-7171-b062-c0a5-dbf839ac97e9;CD:E6:D3:07;0;AVIÁRIO MEIO;761,00;10/11/2025;02:35:04;20;1283-20
CO2;1283;CT-CO2-0;1f94f8ad-7171-b062-c0a5-dbf839ac97e9;CD:E6:D3:07;0;AVIÁRIO MEIO;752,00;10/11/2025;02:40:06;20;1283-20
CO2;1283;CT-CO2-0;1f94f8ad-7171-b062-c0a5-dbf839ac97e9;CD:E6:D3:07;0;AVIÁRIO MEIO;743,00;10/11/2025;02:46:10;20;1283-20
CO2;1283;CT-CO2-0;1f94f8ad-7171-b062-c0a5-dbf839ac97e9;CD:E6:D3:07;0;AVIÁRIO MEIO;755,00;10/11/2025;02:50:42;20;1283-20
CO2;1283;CT-CO2-0;1f94f8ad-7171-b062-c0a5-dbf839ac97e9;CD:E6:D3:07;0;AVIÁRIO MEIO;749,00;10/11/2025;02:56:14;20;1283-20
CO2;1283;CT-CO2-0;1f94f8ad-7171-b062-c0a5-dbf839ac97e9;CD:E6:D3:07;0;AVIÁRIO MEIO;734,00;10/11/2025;03:01:47;20;1283-20
CO2;1283;CT-CO2-0;1f94f8ad-7171-b062-c0a5-dbf839ac97e9;CD:E6:D3:07;0;AVIÁRIO MEIO;735,00;10/11/2025;03:06:49;20;1283-20
CO2;1283;CT-CO2-0;1f94f8ad-7171-b062-c0a5-dbf839ac97e9;CD:E6:D3:07;0;AVIÁRIO MEIO;751,00;10/11/2025;03:12:21;20;1283-20
CO2;1283;CT-CO2-0;1f94f8ad-7171-b062-c0a5-dbf839ac97e9;CD:E6:D3:07;0;AVIÁRIO MEIO;750,00;10/11/2025;03:17:53;20;1283-20
CO2;1283;CT-CO2-0;1f94f8ad-7171-b062-c0a5-dbf839ac97e9;CD:E6:D3:07;0;AVIÁRIO MEIO;746,00;10/11/2025;03:23:25;20;1283-20
CO2;1283;CT-CO2-0;1f94f8ad-7171-b062-c0a5-dbf839ac97e9;CD:E6:D3:07;0;AVIÁRIO MEIO;739,00;10/11/2025;03:28:26;20;1283-20
CO2;1283;CT-CO2-0;1f94f8ad-7171-b062-c0a5-dbf839ac97e9;CD:E6:D3:07;0;AVIÁRIO MEIO;757,00;10/11/2025;03:33:59;20;1283-20
CO2;1283;CT-CO2-0;1f94f8ad-7171-b062-c0a5-dbf839ac97e9;CD:E6:D3:07;0;AVIÁRIO MEIO;757,00;10/11/2025;03:39:32;20;1283-20
CO2;1283;CT-CO2-0;1f94f8ad-7171-b062-c0a5-dbf839ac97e9;CD:E6:D3:07;0;AVIÁRIO MEIO;766,00;10/11/2025;03:44:34;20;1283-20
CO2;1283;CT-CO2-0;1f94f8ad-7171-b062-c0a5-dbf839ac97e9;CD:E6:D3:07;0;AVIÁRIO MEIO;755,00;10/11/2025;03:50:05;20;1283-20
CO2;1283;CT-CO2-0;1f94f8ad-7171-b062-c0a5-dbf839ac97e9;CD:E6:D3:07;0;AVIÁRIO MEIO;752,00;10/11/2025;03:56:09;20;1283-20
CO2;1283;CT-CO2-0;1f94f8ad-7171-b062-c0a5-dbf839ac97e9;CD:E6:D3:07;0;AVIÁRIO MEIO;760,00;10/11/2025;04:00:41;20;1283-20
CO2;1283;CT-CO2-0;1f94f8ad-7171-b062-c0a5-dbf839ac97e9;CD:E6:D3:07;0;AVIÁRIO MEIO;774,00;10/11/2025;04:06:12;20;1283-20
CO2;1283;CT-CO2-0;1f94f8ad-7171-b062-c0a5-dbf839ac97e9;CD:E6:D3:07;0;AVIÁRIO MEIO;754,00;10/11/2025;04:11:45;20;1283-20
CO2;1283;CT-CO2-0;1f94f8ad-7171-b062-c0a5-dbf839ac97e9;CD:E6:D3:07;0;AVIÁRIO MEIO;811,00;10/11/2025;04:16:47;20;1283-20
CO2;1283;CT-CO2-0;1f94f8ad-7171-b062-c0a5-dbf839ac97e9;CD:E6:D3:07;0;AVIÁRIO MEIO;772,00;10/11/2025;04:22:22;20;1283-20
CO2;1283;CT-CO2-0;1f94f8ad-7171-b062-c0a5-dbf839ac97e9;CD:E6:D3:07;0;AVIÁRIO MEIO;771,00;10/11/2025;04:27:54;20;1283-20
CO2;1283;CT-CO2-0;1f94f8ad-7171-b062-c0a5-dbf839ac97e9;CD:E6:D3:07;0;AVIÁRIO MEIO;768,00;10/11/2025;04:32:58;20;1283-20
CO2;1283;CT-CO2-0;1f94f8ad-7171-b062-c0a5-dbf839ac97e9;CD:E6:D3:07;0;AVIÁRIO MEIO;779,00;10/11/2025;04:38:30;20;1283-20
CO2;1283;CT-CO2-0;1f94f8ad-7171-b062-c0a5-dbf839ac97e9;CD:E6:D3:07;0;AVIÁRIO MEIO;773,00;10/11/2025;04:43:33;20;1283-20
CO2;1283;CT-CO2-0;1f94f8ad-7171-b062-c0a5-dbf839ac97e9;CD:E6:D3:07;0;AVIÁRIO MEIO;771,00;10/11/2025;04:49:06;20;1283-20
CO2;1283;CT-CO2-0;1f94f8ad-7171-b062-c0a5-dbf839ac97e9;CD:E6:D3:07;0;AVIÁRIO MEIO;771,00;10/11/2025;04:54:38;20;1283-20
CO2;1283;CT-CO2-0;1f94f8ad-7171-b062-c0a5-dbf839ac97e9;CD:E6:D3:07;0;AVIÁRIO MEIO;748,00;10/11/2025;04:59:40;20;1283-20
CO2;1283;CT-CO2-0;1f94f8ad-7171-b062-c0a5-dbf839ac97e9;CD:E6:D3:07;0;AVIÁRIO MEIO;753,00;10/11/2025;05:05:44;20;1283-20
CO2;1283;CT-CO2-0;1f94f8ad-7171-b062-c0a5-dbf839ac97e9;CD:E6:D3:07;0;AVIÁRIO MEIO;759,00;10/11/2025;05:10:47;20;1283-20
CO2;1283;CT-CO2-0;1f94f8ad-7171-b062-c0a5-dbf839ac97e9;CD:E6:D3:07;0;AVIÁRIO MEIO;757,00;10/11/2025;05:15:49;20;1283-20
CO2;1283;CT-CO2-0;1f94f8ad-7171-b062-c0a5-dbf839ac97e9;CD:E6:D3:07;0;AVIÁRIO MEIO;763,00;10/11/2025;05:21:21;20;1283-20
CO2;1283;CT-CO2-0;1f94f8ad-7171-b062-c0a5-dbf839ac97e9;CD:E6:D3:07;0;AVIÁRIO MEIO;768,00;10/11/2025;05:26:53;20;1283-20
CO2;1283;CT-CO2-0;1f94f8ad-7171-b062-c0a5-dbf839ac97e9;CD:E6:D3:07;0;AVIÁRIO MEIO;776,00;10/11/2025;05:32:25;20;1283-20
CO2;1283;CT-CO2-0;1f94f8ad-7171-b062-c0a5-dbf839ac97e9;CD:E6:D3:07;0;AVIÁRIO MEIO;762,00;10/11/2025;05:37:29;20;1283-20
CO2;1283;CT-CO2-0;1f94f8ad-7171-b062-c0a5-dbf839ac97e9;CD:E6:D3:07;0;AVIÁRIO MEIO;771,00;10/11/2025;05:43:01;20;1283-20
CO2;1283;CT-CO2-0;1f94f8ad-7171-b062-c0a5-dbf839ac97e9;CD:E6:D3:07;0;AVIÁRIO MEIO;779,00;10/11/2025;05:48:03;20;1283-20
CO2;1283;CT-CO2-0;1f94f8ad-7171-b062-c0a5-dbf839ac97e9;CD:E6:D3:07;0;AVIÁRIO MEIO;773,00;10/11/2025;05:53:35;20;1283-20
CO2;1283;CT-CO2-0;1f94f8ad-7171-b062-c0a5-dbf839ac97e9;CD:E6:D3:07;0;AVIÁRIO MEIO;778,00;10/11/2025;05:59:07;20;1283-20
CO2;1283;CT-CO2-0;1f94f8ad-7171-b062-c0a5-dbf839ac97e9;CD:E6:D3:07;0;AVIÁRIO MEIO;786,00;10/11/2025;06:04:39;20;1283-20
CO2;1283;CT-CO2-0;1f94f8ad-7171-b062-c0a5-dbf839ac97e9;CD:E6:D3:07;0;AVIÁRIO MEIO;778,00;10/11/2025;06:09:43;20;1283-20
CO2;1283;CT-CO2-0;1f94f8ad-7171-b062-c0a5-dbf839ac97e9;CD:E6:D3:07;0;AVIÁRIO MEIO;817,00;10/11/2025;06:20:18;20;1283-20
CO2;1283;CT-CO2-0;1f94f8ad-7171-b062-c0a5-dbf839ac97e9;CD:E6:D3:07;0;AVIÁRIO MEIO;779,00;10/11/2025;06:25:52;20;1283-20
CO2;1283;CT-CO2-0;1f94f8ad-7171-b062-c0a5-dbf839ac97e9;CD:E6:D3:07;0;AVIÁRIO MEIO;779,00;10/11/2025;06:31:24;20;1283-20
CO2;1283;CT-CO2-0;1f94f8ad-7171-b062-c0a5-dbf839ac97e9;CD:E6:D3:07;0;AVIÁRIO MEIO;782,00;10/11/2025;06:36:56;20;1283-20
CO2;1283;CT-CO2-0;1f94f8ad-7171-b062-c0a5-dbf839ac97e9;CD:E6:D3:07;0;AVIÁRIO MEIO;818,00;10/11/2025;06:41:58;20;1283-20
CO2;1283;CT-CO2-0;1f94f8ad-7171-b062-c0a5-dbf839ac97e9;CD:E6:D3:07;0;AVIÁRIO MEIO;792,00;10/11/2025;06:47:30;20;1283-20
CO2;1283;CT-CO2-0;1f94f8ad-7171-b062-c0a5-dbf839ac97e9;CD:E6:D3:07;0;AVIÁRIO MEIO;785,00;10/11/2025;06:53:02;20;1283-20
CO2;1283;CT-CO2-0;1f94f8ad-7171-b062-c0a5-dbf839ac97e9;CD:E6:D3:07;0;AVIÁRIO MEIO;772,00;10/11/2025;06:58:04;20;1283-20
CO2;1283;CT-CO2-0;1f94f8ad-7171-b062-c0a5-dbf839ac97e9;CD:E6:D3:07;0;AVIÁRIO MEIO;806,00;10/11/2025;07:03:37;20;1283-20
CO2;1283;CT-CO2-0;1f94f8ad-7171-b062-c0a5-dbf839ac97e9;CD:E6:D3:07;0;AVIÁRIO MEIO;791,00;10/11/2025;07:09:09;20;1283-20
CO2;1283;CT-CO2-0;1f94f8ad-7171-b062-c0a5-dbf839ac97e9;CD:E6:D3:07;0;AVIÁRIO MEIO;788,00;10/11/2025;07:14:10;20;1283-20
CO2;1283;CT-CO2-0;1f94f8ad-7171-b062-c0a5-dbf839ac97e9;CD:E6:D3:07;0;AVIÁRIO MEIO;780,00;10/11/2025;07:19:42;20;1283-20
CO2;1283;CT-CO2-0;1f94f8ad-7171-b062-c0a5-dbf839ac97e9;CD:E6:D3:07;0;AVIÁRIO MEIO;754,00;10/11/2025;07:30:19;20;1283-20
CO2;1283;CT-CO2-0;1f94f8ad-7171-b062-c0a5-dbf839ac97e9;CD:E6:D3:07;0;AVIÁRIO MEIO;768,00;10/11/2025;07:35:51;20;1283-20
CO2;1283;CT-CO2-0;1f94f8ad-7171-b062-c0a5-dbf839ac97e9;CD:E6:D3:07;0;AVIÁRIO MEIO;762,00;10/11/2025;07:41:23;20;1283-20
CO2;1283;CT-CO2-0;1f94f8ad-7171-b062-c0a5-dbf839ac97e9;CD:E6:D3:07;0;AVIÁRIO MEIO;744,00;10/11/2025;07:46:24;20;1283-20
CO2;1283;CT-CO2-0;1f94f8ad-7171-b062-c0a5-dbf839ac97e9;CD:E6:D3:07;0;AVIÁRIO MEIO;770,00;10/11/2025;07:51:56;20;1283-20
CO2;1283;CT-CO2-0;1f94f8ad-7171-b062-c0a5-dbf839ac97e9;CD:E6:D3:07;0;AVIÁRIO MEIO;760,00;10/11/2025;07:57:29;20;1283-20
CO2;1283;CT-CO2-0;1f94f8ad-7171-b062-c0a5-dbf839ac97e9;CD:E6:D3:07;0;AVIÁRIO MEIO;781,00;10/11/2025;08:02:31;20;1283-20
CO2;1283;CT-CO2-0;1f94f8ad-7171-b062-c0a5-dbf839ac97e9;CD:E6:D3:07;0;AVIÁRIO MEIO;816,00;10/11/2025;08:08:03;20;1283-20
CO2;1283;CT-CO2-0;1f94f8ad-7171-b062-c0a5-dbf839ac97e9;CD:E6:D3:07;0;AVIÁRIO MEIO;784,00;10/11/2025;08:13:35;20;1283-20
CO2;1283;CT-CO2-0;1f94f8ad-7171-b062-c0a5-dbf839ac97e9;CD:E6:D3:07;0;AVIÁRIO MEIO;743,00;10/11/2025;08:18:37;20;1283-20
CO2;1283;CT-CO2-0;1f94f8ad-7171-b062-c0a5-dbf839ac97e9;CD:E6:D3:07;0;AVIÁRIO MEIO;744,00;10/11/2025;08:24:09;20;1283-20
CO2;1283;CT-CO2-0;1f94f8ad-7171-b062-c0a5-dbf839ac97e9;CD:E6:D3:07;0;AVIÁRIO MEIO;712,00;10/11/2025;08:29:41;20;1283-20
CO2;1283;CT-CO2-0;1f94f8ad-7171-b062-c0a5-dbf839ac97e9;CD:E6:D3:07;0;AVIÁRIO MEIO;731,00;10/11/2025;08:35:15;20;1283-20
CO2;1283;CT-CO2-0;1f94f8ad-7171-b062-c0a5-dbf839ac97e9;CD:E6:D3:07;0;AVIÁRIO MEIO;762,00;10/11/2025;08:40:17;20;1283-20
CO2;1283;CT-CO2-0;1f94f8ad-7171-b062-c0a5-dbf839ac97e9;CD:E6:D3:07;0;AVIÁRIO MEIO;758,00;10/11/2025;08:45:49;20;1283-20
CO2;1283;CT-CO2-0;1f94f8ad-7171-b062-c0a5-dbf839ac97e9;CD:E6:D3:07;0;AVIÁRIO MEIO;757,00;10/11/2025;08:50:51;20;1283-20
CO2;1283;CT-CO2-0;1f94f8ad-7171-b062-c0a5-dbf839ac97e9;CD:E6:D3:07;0;AVIÁRIO MEIO;758,00;10/11/2025;08:56:23;20;1283-20
CO2;1283;CT-CO2-0;1f94f8ad-7171-b062-c0a5-dbf839ac97e9;CD:E6:D3:07;0;AVIÁRIO MEIO;774,00;10/11/2025;09:01:55;20;1283-20
CO2;1283;CT-CO2-0;1f94f8ad-7171-b062-c0a5-dbf839ac97e9;CD:E6:D3:07;0;AVIÁRIO MEIO;769,00;10/11/2025;09:06:57;20;1283-20
CO2;1283;CT-CO2-0;1f94f8ad-7171-b062-c0a5-dbf839ac97e9;CD:E6:D3:07;0;AVIÁRIO MEIO;774,00;10/11/2025;09:12:29;20;1283-20
CO2;1283;CT-CO2-0;1f94f8ad-7171-b062-c0a5-dbf839ac97e9;CD:E6:D3:07;0;AVIÁRIO MEIO;752,00;10/11/2025;09:18:01;20;1283-20
CO2;1283;CT-CO2-0;1f94f8ad-7171-b062-c0a5-dbf839ac97e9;CD:E6:D3:07;0;AVIÁRIO MEIO;769,00;10/11/2025;09:23:33;20;1283-20
CO2;1283;CT-CO2-0;1f94f8ad-7171-b062-c0a5-dbf839ac97e9;CD:E6:D3:07;0;AVIÁRIO MEIO;769,00;10/11/2025;09:28:35;20;1283-20
CO2;1283;CT-CO2-0;1f94f8ad-7171-b062-c0a5-dbf839ac97e9;CD:E6:D3:07;0;AVIÁRIO MEIO;771,00;10/11/2025;09:34:07;20;1283-20
CO2;1283;CT-CO2-0;1f94f8ad-7171-b062-c0a5-dbf839ac97e9;CD:E6:D3:07;0;AVIÁRIO MEIO;772,00;10/11/2025;09:39:39;20;1283-20
CO2;1283;CT-CO2-0;1f94f8ad-7171-b062-c0a5-dbf839ac97e9;CD:E6:D3:07;0;AVIÁRIO MEIO;765,00;10/11/2025;09:45:13;20;1283-20
CO2;1283;CT-CO2-0;1f94f8ad-7171-b062-c0a5-dbf839ac97e9;CD:E6:D3:07;0;AVIÁRIO MEIO;760,00;10/11/2025;09:50:15;20;1283-20
CO2;1283;CT-CO2-0;1f94f8ad-7171-b062-c0a5-dbf839ac97e9;CD:E6:D3:07;0;AVIÁRIO MEIO;788,00;10/11/2025;09:55:47;20;1283-20
CO2;1283;CT-CO2-0;1f94f8ad-7171-b062-c0a5-dbf839ac97e9;CD:E6:D3:07;0;AVIÁRIO MEIO;759,00;10/11/2025;10:00:48;20;1283-20
CO2;1283;CT-CO2-0;1f94f8ad-7171-b062-c0a5-dbf839ac97e9;CD:E6:D3:07;0;AVIÁRIO MEIO;770,00;10/11/2025;10:06:21;20;1283-20
CO2;1283;CT-CO2-0;1f94f8ad-7171-b062-c0a5-dbf839ac97e9;CD:E6:D3:07;0;AVIÁRIO MEIO;762,00;10/11/2025;10:11:53;20;1283-20
CO2;1283;CT-CO2-0;1f94f8ad-7171-b062-c0a5-dbf839ac97e9;CD:E6:D3:07;0;AVIÁRIO MEIO;756,00;10/11/2025;10:16:55;20;1283-20
CO2;1283;CT-CO2-0;1f94f8ad-7171-b062-c0a5-dbf839ac97e9;CD:E6:D3:07;0;AVIÁRIO MEIO;763,00;10/11/2025;10:22:27;20;1283-20
CO2;1283;CT-CO2-0;1f94f8ad-7171-b062-c0a5-dbf839ac97e9;CD:E6:D3:07;0;AVIÁRIO MEIO;767,00;10/11/2025;10:27:59;20;1283-20
CO2;1283;CT-CO2-0;1f94f8ad-7171-b062-c0a5-dbf839ac97e9;CD:E6:D3:07;0;AVIÁRIO MEIO;771,00;10/11/2025;10:33:01;20;1283-20
CO2;1283;CT-CO2-0;1f94f8ad-7171-b062-c0a5-dbf839ac97e9;CD:E6:D3:07;0;AVIÁRIO MEIO;778,00;10/11/2025;10:38:33;20;1283-20
CO2;1283;CT-CO2-0;1f94f8ad-7171-b062-c0a5-dbf839ac97e9;CD:E6:D3:07;0;AVIÁRIO MEIO;716,00;10/11/2025;10:44:05;20;1283-20
CO2;1283;CT-CO2-0;1f94f8ad-7171-b062-c0a5-dbf839ac97e9;CD:E6:D3:07;0;AVIÁRIO MEIO;704,00;10/11/2025;10:49:07;20;1283-20
CO2;1283;CT-CO2-0;1f94f8ad-7171-b062-c0a5-dbf839ac97e9;CD:E6:D3:07;0;AVIÁRIO MEIO;706,00;10/11/2025;10:55:11;20;1283-20
CO2;1283;CT-CO2-0;1f94f8ad-7171-b062-c0a5-dbf839ac97e9;CD:E6:D3:07;0;AVIÁRIO MEIO;716,00;10/11/2025;11:00:13;20;1283-20
CO2;1283;CT-CO2-0;1f94f8ad-7171-b062-c0a5-dbf839ac97e9;CD:E6:D3:07;0;AVIÁRIO MEIO;710,00;10/11/2025;11:05:16;20;1283-20
CO2;1283;CT-CO2-0;1f94f8ad-7171-b062-c0a5-dbf839ac97e9;CD:E6:D3:07;0;AVIÁRIO MEIO;697,00;10/11/2025;11:16:22;20;1283-20
CO2;1283;CT-CO2-0;1f94f8ad-7171-b062-c0a5-dbf839ac97e9;CD:E6:D3:07;0;AVIÁRIO MEIO;711,00;10/11/2025;11:21:24;20;1283-20
CO2;1283;CT-CO2-0;1f94f8ad-7171-b062-c0a5-dbf839ac97e9;CD:E6:D3:07;0;AVIÁRIO MEIO;702,00;10/11/2025;11:26:57;20;1283-20
CO2;1283;CT-CO2-0;1f94f8ad-7171-b062-c0a5-dbf839ac97e9;CD:E6:D3:07;0;AVIÁRIO MEIO;705,00;10/11/2025;11:32:31;20;1283-20
CO2;1283;CT-CO2-0;1f94f8ad-7171-b062-c0a5-dbf839ac97e9;CD:E6:D3:07;0;AVIÁRIO MEIO;677,00;10/11/2025;11:43:05;20;1283-20
CO2;1283;CT-CO2-0;1f94f8ad-7171-b062-c0a5-dbf839ac97e9;CD:E6:D3:07;0;AVIÁRIO MEIO;668,00;10/11/2025;11:48:37;20;1283-20
CO2;1283;CT-CO2-0;1f94f8ad-7171-b062-c0a5-dbf839ac97e9;CD:E6:D3:07;0;AVIÁRIO MEIO;653,00;10/11/2025;11:59:13;20;1283-20
CO2;1283;CT-CO2-0;1f94f8ad-7171-b062-c0a5-dbf839ac97e9;CD:E6:D3:07;0;AVIÁRIO MEIO;660,00;10/11/2025;12:05:18;20;1283-20
CO2;1283;CT-CO2-0;1f94f8ad-7171-b062-c0a5-dbf839ac97e9;CD:E6:D3:07;0;AVIÁRIO MEIO;664,00;10/11/2025;12:09:52;20;1283-20
CO2;1283;CT-CO2-0;1f94f8ad-7171-b062-c0a5-dbf839ac97e9;CD:E6:D3:07;0;AVIÁRIO MEIO;655,00;10/11/2025;12:15:25;20;1283-20
CO2;1283;CT-CO2-0;1f94f8ad-7171-b062-c0a5-dbf839ac97e9;CD:E6:D3:07;0;AVIÁRIO MEIO;640,00;10/11/2025;12:20:57;20;1283-20
CO2;1283;CT-CO2-0;1f94f8ad-7171-b062-c0a5-dbf839ac97e9;CD:E6:D3:07;0;AVIÁRIO MEIO;607,00;10/11/2025;12:26:00;20;1283-20
CO2;1283;CT-CO2-0;1f94f8ad-7171-b062-c0a5-dbf839ac97e9;CD:E6:D3:07;0;AVIÁRIO MEIO;604,00;10/11/2025;12:31:33;20;1283-20
CO2;1283;CT-CO2-0;1f94f8ad-7171-b062-c0a5-dbf839ac97e9;CD:E6:D3:07;0;AVIÁRIO MEIO;600,00;10/11/2025;12:37:04;20;1283-20
CO2;1283;CT-CO2-0;1f94f8ad-7171-b062-c0a5-dbf839ac97e9;CD:E6:D3:07;0;AVIÁRIO MEIO;593,00;10/11/2025;12:42:07;20;1283-20
CO2;1283;CT-CO2-0;1f94f8ad-7171-b062-c0a5-dbf839ac97e9;CD:E6:D3:07;0;AVIÁRIO MEIO;608,00;10/11/2025;12:47:39;20;1283-20
CO2;1283;CT-CO2-0;1f94f8ad-7171-b062-c0a5-dbf839ac97e9;CD:E6:D3:07;0;AVIÁRIO MEIO;607,00;10/11/2025;12:58:14;20;1283-20
CO2;1283;CT-CO2-0;1f94f8ad-7171-b062-c0a5-dbf839ac97e9;CD:E6:D3:07;0;AVIÁRIO MEIO;604,00;10/11/2025;13:09:19;20;1283-20
CO2;1283;CT-CO2-0;1f94f8ad-7171-b062-c0a5-dbf839ac97e9;CD:E6:D3:07;0;AVIÁRIO MEIO;593,00;10/11/2025;13:14:53;20;1283-20
CO2;1283;CT-CO2-0;1f94f8ad-7171-b062-c0a5-dbf839ac97e9;CD:E6:D3:07;0;AVIÁRIO MEIO;595,00;10/11/2025;13:19:55;20;1283-20
CO2;1283;CT-CO2-0;1f94f8ad-7171-b062-c0a5-dbf839ac97e9;CD:E6:D3:07;0;AVIÁRIO MEIO;613,00;10/11/2025;13:25:27;20;1283-20
CO2;1283;CT-CO2-0;1f94f8ad-7171-b062-c0a5-dbf839ac97e9;CD:E6:D3:07;0;AVIÁRIO MEIO;589,00;10/11/2025;13:30:30;20;1283-20
CO2;1283;CT-CO2-0;1f94f8ad-7171-b062-c0a5-dbf839ac97e9;CD:E6:D3:07;0;AVIÁRIO MEIO;596,00;10/11/2025;13:36:02;20;1283-20
CO2;1283;CT-CO2-0;1f94f8ad-7171-b062-c0a5-dbf839ac97e9;CD:E6:D3:07;0;AVIÁRIO MEIO;588,00;10/11/2025;13:41:35;20;1283-20
CO2;1283;CT-CO2-0;1f94f8ad-7171-b062-c0a5-dbf839ac97e9;CD:E6:D3:07;0;AVIÁRIO MEIO;591,00;10/11/2025;13:46:38;20;1283-20
CO2;1283;CT-CO2-0;1f94f8ad-7171-b062-c0a5-dbf839ac97e9;CD:E6:D3:07;0;AVIÁRIO MEIO;582,00;10/11/2025;13:57:17;20;1283-20
CO2;1283;CT-CO2-0;1f94f8ad-7171-b062-c0a5-dbf839ac97e9;CD:E6:D3:07;0;AVIÁRIO MEIO;594,00;10/11/2025;14:02:49;20;1283-20
CO2;1283;CT-CO2-0;1f94f8ad-7171-b062-c0a5-dbf839ac97e9;CD:E6:D3:07;0;AVIÁRIO MEIO;592,00;10/11/2025;14:08:22;20;1283-20
CO2;1283;CT-CO2-0;1f94f8ad-7171-b062-c0a5-dbf839ac97e9;CD:E6:D3:07;0;AVIÁRIO MEIO;596,00;10/11/2025;14:13:25;20;1283-20
CO2;1283;CT-CO2-0;1f94f8ad-7171-b062-c0a5-dbf839ac97e9;CD:E6:D3:07;0;AVIÁRIO MEIO;591,00;10/11/2025;14:18:57;20;1283-20
CO2;1283;CT-CO2-0;1f94f8ad-7171-b062-c0a5-dbf839ac97e9;CD:E6:D3:07;0;AVIÁRIO MEIO;603,00;10/11/2025;14:25:02;20;1283-20
CO2;1283;CT-CO2-0;1f94f8ad-7171-b062-c0a5-dbf839ac97e9;CD:E6:D3:07;0;AVIÁRIO MEIO;576,00;10/11/2025;14:29:35;20;1283-20
CO2;1283;CT-CO2-0;1f94f8ad-7171-b062-c0a5-dbf839ac97e9;CD:E6:D3:07;0;AVIÁRIO MEIO;648,00;10/11/2025;14:35:08;20;1283-20
CO2;1283;CT-CO2-0;1f94f8ad-7171-b062-c0a5-dbf839ac97e9;CD:E6:D3:07;0;AVIÁRIO MEIO;567,00;10/11/2025;14:40:39;20;1283-20
CO2;1283;CT-CO2-0;1f94f8ad-7171-b062-c0a5-dbf839ac97e9;CD:E6:D3:07;0;AVIÁRIO MEIO;570,00;10/11/2025;14:45:41;20;1283-20
CO2;1283;CT-CO2-0;1f94f8ad-7171-b062-c0a5-dbf839ac97e9;CD:E6:D3:07;0;AVIÁRIO MEIO;559,00;10/11/2025;14:56:46;20;1283-20
CO2;1283;CT-CO2-0;1f94f8ad-7171-b062-c0a5-dbf839ac97e9;CD:E6:D3:07;0;AVIÁRIO MEIO;559,00;10/11/2025;15:01:49;20;1283-20
CO2;1283;CT-CO2-0;1f94f8ad-7171-b062-c0a5-dbf839ac97e9;CD:E6:D3:07;0;AVIÁRIO MEIO;570,00;10/11/2025;15:07:22;20;1283-20
CO2;1283;CT-CO2-0;1f94f8ad-7171-b062-c0a5-dbf839ac97e9;CD:E6:D3:07;0;AVIÁRIO MEIO;562,00;10/11/2025;15:12:54;20;1283-20
CO2;1283;CT-CO2-0;1f94f8ad-7171-b062-c0a5-dbf839ac97e9;CD:E6:D3:07;0;AVIÁRIO MEIO;563,00;10/11/2025;15:17:55;20;1283-20
CO2;1283;CT-CO2-0;1f94f8ad-7171-b062-c0a5-dbf839ac97e9;CD:E6:D3:07;0;AVIÁRIO MEIO;582,00;10/11/2025;15:23:29;20;1283-20
CO2;1283;CT-CO2-0;1f94f8ad-7171-b062-c0a5-dbf839ac97e9;CD:E6:D3:07;0;AVIÁRIO MEIO;563,00;10/11/2025;15:29:01;20;1283-20
CO2;1283;CT-CO2-0;1f94f8ad-7171-b062-c0a5-dbf839ac97e9;CD:E6:D3:07;0;AVIÁRIO MEIO;567,00;10/11/2025;15:34:34;20;1283-20
CO2;1283;CT-CO2-0;1f94f8ad-7171-b062-c0a5-dbf839ac97e9;CD:E6:D3:07;0;AVIÁRIO MEIO;589,00;10/11/2025;15:39:36;20;1283-20
CO2;1283;CT-CO2-0;1f94f8ad-7171-b062-c0a5-dbf839ac97e9;CD:E6:D3:07;0;AVIÁRIO MEIO;557,00;10/11/2025;15:45:08;20;1283-20
CO2;1283;CT-CO2-0;1f94f8ad-7171-b062-c0a5-dbf839ac97e9;CD:E6:D3:07;0;AVIÁRIO MEIO;574,00;10/11/2025;15:55:43;20;1283-20
CO2;1283;CT-CO2-0;1f94f8ad-7171-b062-c0a5-dbf839ac97e9;CD:E6:D3:07;0;AVIÁRIO MEIO;576,00;10/11/2025;16:01:15;20;1283-20
CO2;1283;CT-CO2-0;1f94f8ad-7171-b062-c0a5-dbf839ac97e9;CD:E6:D3:07;0;AVIÁRIO MEIO;578,00;10/11/2025;16:06:17;20;1283-20
CO2;1283;CT-CO2-0;1f94f8ad-7171-b062-c0a5-dbf839ac97e9;CD:E6:D3:07;0;AVIÁRIO MEIO;556,00;10/11/2025;16:11:49;20;1283-20
CO2;1283;CT-CO2-0;1f94f8ad-7171-b062-c0a5-dbf839ac97e9;CD:E6:D3:07;0;AVIÁRIO MEIO;570,00;10/11/2025;16:17:22;20;1283-20
CO2;1283;CT-CO2-0;1f94f8ad-7171-b062-c0a5-dbf839ac97e9;CD:E6:D3:07;0;AVIÁRIO MEIO;571,00;10/11/2025;16:22:24;20;1283-20
CO2;1283;CT-CO2-0;1f94f8ad-7171-b062-c0a5-dbf839ac97e9;CD:E6:D3:07;0;AVIÁRIO MEIO;571,00;10/11/2025;16:27:56;20;1283-20
CO2;1283;CT-CO2-0;1f94f8ad-7171-b062-c0a5-dbf839ac97e9;CD:E6:D3:07;0;AVIÁRIO MEIO;566,00;10/11/2025;16:33:28;20;1283-20
CO2;1283;CT-CO2-0;1f94f8ad-7171-b062-c0a5-dbf839ac97e9;CD:E6:D3:07;0;AVIÁRIO MEIO;562,00;10/11/2025;16:38:30;20;1283-20
CO2;1283;CT-CO2-0;1f94f8ad-7171-b062-c0a5-dbf839ac97e9;CD:E6:D3:07;0;AVIÁRIO MEIO;579,00;10/11/2025;16:44:34;20;1283-20
CO2;1283;CT-CO2-0;1f94f8ad-7171-b062-c0a5-dbf839ac97e9;CD:E6:D3:07;0;AVIÁRIO MEIO;577,00;10/11/2025;16:54:38;20;1283-20
CO2;1283;CT-CO2-0;1f94f8ad-7171-b062-c0a5-dbf839ac97e9;CD:E6:D3:07;0;AVIÁRIO MEIO;583,00;10/11/2025;17:00:10;20;1283-20
CO2;1283;CT-CO2-0;1f94f8ad-7171-b062-c0a5-dbf839ac97e9;CD:E6:D3:07;0;AVIÁRIO MEIO;582,00;10/11/2025;17:05:43;20;1283-20
CO2;1283;CT-CO2-0;1f94f8ad-7171-b062-c0a5-dbf839ac97e9;CD:E6:D3:07;0;AVIÁRIO MEIO;589,00;10/11/2025;17:10:45;20;1283-20
CO2;1283;CT-CO2-0;1f94f8ad-7171-b062-c0a5-dbf839ac97e9;CD:E6:D3:07;0;AVIÁRIO MEIO;577,00;10/11/2025;17:16:18;20;1283-20
CO2;1283;CT-CO2-0;1f94f8ad-7171-b062-c0a5-dbf839ac97e9;CD:E6:D3:07;0;AVIÁRIO MEIO;578,00;10/11/2025;17:21:50;20;1283-20
CO2;1283;CT-CO2-0;1f94f8ad-7171-b062-c0a5-dbf839ac97e9;CD:E6:D3:07;0;AVIÁRIO MEIO;573,00;10/11/2025;17:26:52;20;1283-20
CO2;1283;CT-CO2-0;1f94f8ad-7171-b062-c0a5-dbf839ac97e9;CD:E6:D3:07;0;AVIÁRIO MEIO;584,00;10/11/2025;17:32:29;20;1283-20
CO2;1283;CT-CO2-0;1f94f8ad-7171-b062-c0a5-dbf839ac97e9;CD:E6:D3:07;0;AVIÁRIO MEIO;573,00;10/11/2025;17:38:01;20;1283-20
CO2;1283;CT-CO2-0;1f94f8ad-7171-b062-c0a5-dbf839ac97e9;CD:E6:D3:07;0;AVIÁRIO MEIO;577,00;10/11/2025;17:43:03;20;1283-20
CO2;1283;CT-CO2-0;1f94f8ad-7171-b062-c0a5-dbf839ac97e9;CD:E6:D3:07;0;AVIÁRIO MEIO;578,00;10/11/2025;17:48:35;20;1283-20
CO2;1283;CT-CO2-0;1f94f8ad-7171-b062-c0a5-dbf839ac97e9;CD:E6:D3:07;0;AVIÁRIO MEIO;580,00;10/11/2025;17:54:39;20;1283-20
CO2;1283;CT-CO2-0;1f94f8ad-7171-b062-c0a5-dbf839ac97e9;CD:E6:D3:07;0;AVIÁRIO MEIO;574,00;10/11/2025;17:59:11;20;1283-20
CO2;1283;CT-CO2-0;1f94f8ad-7171-b062-c0a5-dbf839ac97e9;CD:E6:D3:07;0;AVIÁRIO MEIO;581,00;10/11/2025;18:04:43;20;1283-20
CO2;1283;CT-CO2-0;1f94f8ad-7171-b062-c0a5-dbf839ac97e9;CD:E6:D3:07;0;AVIÁRIO MEIO;651,00;10/11/2025;18:10:16;20;1283-20
CO2;1283;CT-CO2-0;1f94f8ad-7171-b062-c0a5-dbf839ac97e9;CD:E6:D3:07;0;AVIÁRIO MEIO;612,00;10/11/2025;18:15:19;20;1283-20
CO2;1283;CT-CO2-0;1f94f8ad-7171-b062-c0a5-dbf839ac97e9;CD:E6:D3:07;0;AVIÁRIO MEIO;590,00;10/11/2025;18:20:52;20;1283-20
CO2;1283;CT-CO2-0;1f94f8ad-7171-b062-c0a5-dbf839ac97e9;CD:E6:D3:07;0;AVIÁRIO MEIO;636,00;10/11/2025;18:25:54;20;1283-20
CO2;1283;CT-CO2-0;1f94f8ad-7171-b062-c0a5-dbf839ac97e9;CD:E6:D3:07;0;AVIÁRIO MEIO;598,00;10/11/2025;18:31:26;20;1283-20
CO2;1283;CT-CO2-0;1f94f8ad-7171-b062-c0a5-dbf839ac97e9;CD:E6:D3:07;0;AVIÁRIO MEIO;607,00;10/11/2025;18:36:58;20;1283-20
CO2;1283;CT-CO2-0;1f94f8ad-7171-b062-c0a5-dbf839ac97e9;CD:E6:D3:07;0;AVIÁRIO MEIO;604,00;10/11/2025;18:42:30;20;1283-20
CO2;1283;CT-CO2-0;1f94f8ad-7171-b062-c0a5-dbf839ac97e9;CD:E6:D3:07;0;AVIÁRIO MEIO;620,00;10/11/2025;18:47:32;20;1283-20
CO2;1283;CT-CO2-0;1f94f8ad-7171-b062-c0a5-dbf839ac97e9;CD:E6:D3:07;0;AVIÁRIO MEIO;641,00;10/11/2025;18:58:41;20;1283-20
CO2;1283;CT-CO2-0;1f94f8ad-7171-b062-c0a5-dbf839ac97e9;CD:E6:D3:07;0;AVIÁRIO MEIO;656,00;10/11/2025;19:04:14;20;1283-20
CO2;1283;CT-CO2-0;1f94f8ad-7171-b062-c0a5-dbf839ac97e9;CD:E6:D3:07;0;AVIÁRIO MEIO;657,00;10/11/2025;19:09:17;20;1283-20
CO2;1283;CT-CO2-0;1f94f8ad-7171-b062-c0a5-dbf839ac97e9;CD:E6:D3:07;0;AVIÁRIO MEIO;654,00;10/11/2025;19:14:19;20;1283-20
CO2;1283;CT-CO2-0;1f94f8ad-7171-b062-c0a5-dbf839ac97e9;CD:E6:D3:07;0;AVIÁRIO MEIO;660,00;10/11/2025;19:19:51;20;1283-20
CO2;1283;CT-CO2-0;1f94f8ad-7171-b062-c0a5-dbf839ac97e9;CD:E6:D3:07;0;AVIÁRIO MEIO;693,00;10/11/2025;19:25:23;20;1283-20
CO2;1283;CT-CO2-0;1f94f8ad-7171-b062-c0a5-dbf839ac97e9;CD:E6:D3:07;0;AVIÁRIO MEIO;687,00;10/11/2025;19:30:25;20;1283-20
CO2;1283;CT-CO2-0;1f94f8ad-7171-b062-c0a5-dbf839ac97e9;CD:E6:D3:07;0;AVIÁRIO MEIO;757,00;10/11/2025;19:35:58;20;1283-20
CO2;1283;CT-CO2-0;1f94f8ad-7171-b062-c0a5-dbf839ac97e9;CD:E6:D3:07;0;AVIÁRIO MEIO;779,00;10/11/2025;19:41:30;20;1283-20
CO2;1283;CT-CO2-0;1f94f8ad-7171-b062-c0a5-dbf839ac97e9;CD:E6:D3:07;0;AVIÁRIO MEIO;771,00;10/11/2025;19:47:02;20;1283-20
CO2;1283;CT-CO2-0;1f94f8ad-7171-b062-c0a5-dbf839ac97e9;CD:E6:D3:07;0;AVIÁRIO MEIO;747,00;10/11/2025;19:57:35;20;1283-20
CO2;1283;CT-CO2-0;1f94f8ad-7171-b062-c0a5-dbf839ac97e9;CD:E6:D3:07;0;AVIÁRIO MEIO;732,00;10/11/2025;20:03:07;20;1283-20
CO2;1283;CT-CO2-0;1f94f8ad-7171-b062-c0a5-dbf839ac97e9;CD:E6:D3:07;0;AVIÁRIO MEIO;737,00;10/11/2025;20:08:10;20;1283-20
CO2;1283;CT-CO2-0;1f94f8ad-7171-b062-c0a5-dbf839ac97e9;CD:E6:D3:07;0;AVIÁRIO MEIO;745,00;10/11/2025;20:19:15;20;1283-20
CO2;1283;CT-CO2-0;1f94f8ad-7171-b062-c0a5-dbf839ac97e9;CD:E6:D3:07;0;AVIÁRIO MEIO;751,00;10/11/2025;20:24:17;20;1283-20
CO2;1283;CT-CO2-0;1f94f8ad-7171-b062-c0a5-dbf839ac97e9;CD:E6:D3:07;0;AVIÁRIO MEIO;752,00;10/11/2025;20:29:49;20;1283-20
CO2;1283;CT-CO2-0;1f94f8ad-7171-b062-c0a5-dbf839ac97e9;CD:E6:D3:07;0;AVIÁRIO MEIO;751,00;10/11/2025;20:35:24;20;1283-20
CO2;1283;CT-CO2-0;1f94f8ad-7171-b062-c0a5-dbf839ac97e9;CD:E6:D3:07;0;AVIÁRIO MEIO;731,00;10/11/2025;20:46:00;20;1283-20
CO2;1283;CT-CO2-0;1f94f8ad-7171-b062-c0a5-dbf839ac97e9;CD:E6:D3:07;0;AVIÁRIO MEIO;694,00;10/11/2025;20:56:36;20;1283-20
CO2;1283;CT-CO2-0;1f94f8ad-7171-b062-c0a5-dbf839ac97e9;CD:E6:D3:07;0;AVIÁRIO MEIO;705,00;10/11/2025;21:06:39;20;1283-20
CO2;1283;CT-CO2-0;1f94f8ad-7171-b062-c0a5-dbf839ac97e9;CD:E6:D3:07;0;AVIÁRIO MEIO;726,00;10/11/2025;21:11:40;20;1283-20
CO2;1283;CT-CO2-0;1f94f8ad-7171-b062-c0a5-dbf839ac97e9;CD:E6:D3:07;0;AVIÁRIO MEIO;734,00;10/11/2025;21:17:14;20;1283-20
CO2;1283;CT-CO2-0;1f94f8ad-7171-b062-c0a5-dbf839ac97e9;CD:E6:D3:07;0;AVIÁRIO MEIO;719,00;10/11/2025;21:23:17;20;1283-20
CO2;1283;CT-CO2-0;1f94f8ad-7171-b062-c0a5-dbf839ac97e9;CD:E6:D3:07;0;AVIÁRIO MEIO;716,00;10/11/2025;21:27:48;20;1283-20
CO2;1283;CT-CO2-0;1f94f8ad-7171-b062-c0a5-dbf839ac97e9;CD:E6:D3:07;0;AVIÁRIO MEIO;736,00;10/11/2025;21:33:20;20;1283-20
CO2;1283;CT-CO2-0;1f94f8ad-7171-b062-c0a5-dbf839ac97e9;CD:E6:D3:07;0;AVIÁRIO MEIO;768,00;10/11/2025;21:38:53;20;1283-20
CO2;1283;CT-CO2-0;1f94f8ad-7171-b062-c0a5-dbf839ac97e9;CD:E6:D3:07;0;AVIÁRIO MEIO;840,00;10/11/2025;21:43:54;20;1283-20
CO2;1283;CT-CO2-0;1f94f8ad-7171-b062-c0a5-dbf839ac97e9;CD:E6:D3:07;0;AVIÁRIO MEIO;831,00;10/11/2025;21:54:59;20;1283-20
CO2;1283;CT-CO2-0;1f94f8ad-7171-b062-c0a5-dbf839ac97e9;CD:E6:D3:07;0;AVIÁRIO MEIO;928,00;10/11/2025;22:00:01;20;1283-20
CO2;1283;CT-CO2-0;1f94f8ad-7171-b062-c0a5-dbf839ac97e9;CD:E6:D3:07;0;AVIÁRIO MEIO;835,00;10/11/2025;22:05:32;20;1283-20
CO2;1283;CT-CO2-0;1f94f8ad-7171-b062-c0a5-dbf839ac97e9;CD:E6:D3:07;0;AVIÁRIO MEIO;830,00;10/11/2025;22:11:04;20;1283-20
CO2;1283;CT-CO2-0;1f94f8ad-7171-b062-c0a5-dbf839ac97e9;CD:E6:D3:07;0;AVIÁRIO MEIO;828,00;10/11/2025;22:16:37;20;1283-20
CO2;1283;CT-CO2-0;1f94f8ad-7171-b062-c0a5-dbf839ac97e9;CD:E6:D3:07;0;AVIÁRIO MEIO;828,00;10/11/2025;22:21:38;20;1283-20
CO2;1283;CT-CO2-0;1f94f8ad-7171-b062-c0a5-dbf839ac97e9;CD:E6:D3:07;0;AVIÁRIO MEIO;813,00;10/11/2025;22:27:10;20;1283-20
CO2;1283;CT-CO2-0;1f94f8ad-7171-b062-c0a5-dbf839ac97e9;CD:E6:D3:07;0;AVIÁRIO MEIO;811,00;10/11/2025;22:33:14;20;1283-20
CO2;1283;CT-CO2-0;1f94f8ad-7171-b062-c0a5-dbf839ac97e9;CD:E6:D3:07;0;AVIÁRIO MEIO;820,00;10/11/2025;22:37:46;20;1283-20
CO2;1283;CT-CO2-0;1f94f8ad-7171-b062-c0a5-dbf839ac97e9;CD:E6:D3:07;0;AVIÁRIO MEIO;810,00;10/11/2025;22:43:18;20;1283-20
CO2;1283;CT-CO2-0;1f94f8ad-7171-b062-c0a5-dbf839ac97e9;CD:E6:D3:07;0;AVIÁRIO MEIO;789,00;10/11/2025;22:53:52;20;1283-20
CO2;1283;CT-CO2-0;1f94f8ad-7171-b062-c0a5-dbf839ac97e9;CD:E6:D3:07;0;AVIÁRIO MEIO;796,00;10/11/2025;23:04:57;20;1283-20
CO2;1283;CT-CO2-0;1f94f8ad-7171-b062-c0a5-dbf839ac97e9;CD:E6:D3:07;0;AVIÁRIO MEIO;808,00;10/11/2025;23:09:58;20;1283-20
CO2;1283;CT-CO2-0;1f94f8ad-7171-b062-c0a5-dbf839ac97e9;CD:E6:D3:07;0;AVIÁRIO MEIO;810,00;10/11/2025;23:21:02;20;1283-20
CO2;1283;CT-CO2-0;1f94f8ad-7171-b062-c0a5-dbf839ac97e9;CD:E6:D3:07;0;AVIÁRIO MEIO;810,00;10/11/2025;23:26:04;20;1283-20
CO2;1283;CT-CO2-0;1f94f8ad-7171-b062-c0a5-dbf839ac97e9;CD:E6:D3:07;0;AVIÁRIO MEIO;804,00;10/11/2025;23:31:35;20;1283-20
CO2;1283;CT-CO2-0;1f94f8ad-7171-b062-c0a5-dbf839ac97e9;CD:E6:D3:07;0;AVIÁRIO MEIO;816,00;10/11/2025;23:37:08;20;1283-20
CO2;1283;CT-CO2-0;1f94f8ad-7171-b062-c0a5-dbf839ac97e9;CD:E6:D3:07;0;AVIÁRIO MEIO;821,00;10/11/2025;23:42:41;20;1283-20
CO2;1283;CT-CO2-0;1f94f8ad-7171-b062-c0a5-dbf839ac97e9;CD:E6:D3:07;0;AVIÁRIO MEIO;811,00;10/11/2025;23:47:44;20;1283-20
CO2;1283;CT-CO2-0;1f94f8ad-7171-b062-c0a5-dbf839ac97e9;CD:E6:D3:07;0;AVIÁRIO MEIO;817,00;10/11/2025;23:58:17;20;1283-20
CO2;1283;CT-CO2-0;1f94f8ad-7171-b062-c0a5-dbf839ac97e9;CD:E6:D3:07;0;AVIÁRIO MEIO;817,00;11/11/2025;00:03:50;20;1283-20
CO2;1283;CT-CO2-0;1f94f8ad-7171-b062-c0a5-dbf839ac97e9;CD:E6:D3:07;0;AVIÁRIO MEIO;826,00;11/11/2025;00:09:23;20;1283-20
CO2;1283;CT-CO2-0;1f94f8ad-7171-b062-c0a5-dbf839ac97e9;CD:E6:D3:07;0;AVIÁRIO MEIO;822,00;11/11/2025;00:14:25;20;1283-20
CO2;1283;CT-CO2-0;1f94f8ad-7171-b062-c0a5-dbf839ac97e9;CD:E6:D3:07;0;AVIÁRIO MEIO;811,00;11/11/2025;00:19:56;20;1283-20
CO2;1283;CT-CO2-0;1f94f8ad-7171-b062-c0a5-dbf839ac97e9;CD:E6:D3:07;0;AVIÁRIO MEIO;804,00;11/11/2025;00:25:28;20;1283-20
CO2;1283;CT-CO2-0;1f94f8ad-7171-b062-c0a5-dbf839ac97e9;CD:E6:D3:07;0;AVIÁRIO MEIO;806,00;11/11/2025;00:30:29;20;1283-20
CO2;1283;CT-CO2-0;1f94f8ad-7171-b062-c0a5-dbf839ac97e9;CD:E6:D3:07;0;AVIÁRIO MEIO;818,00;11/11/2025;00:36:04;20;1283-20
CO2;1283;CT-CO2-0;1f94f8ad-7171-b062-c0a5-dbf839ac97e9;CD:E6:D3:07;0;AVIÁRIO MEIO;802,00;11/11/2025;00:41:36;20;1283-20
CO2;1283;CT-CO2-0;1f94f8ad-7171-b062-c0a5-dbf839ac97e9;CD:E6:D3:07;0;AVIÁRIO MEIO;817,00;11/11/2025;00:46:38;20;1283-20
CO2;1283;CT-CO2-0;1f94f8ad-7171-b062-c0a5-dbf839ac97e9;CD:E6:D3:07;0;AVIÁRIO MEIO;818,00;11/11/2025;00:57:44;20;1283-20
CO2;1283;CT-CO2-0;1f94f8ad-7171-b062-c0a5-dbf839ac97e9;CD:E6:D3:07;0;AVIÁRIO MEIO;803,00;11/11/2025;01:02:46;20;1283-20
CO2;1283;CT-CO2-0;1f94f8ad-7171-b062-c0a5-dbf839ac97e9;CD:E6:D3:07;0;AVIÁRIO MEIO;808,00;11/11/2025;01:08:18;20;1283-20
CO2;1283;CT-CO2-0;1f94f8ad-7171-b062-c0a5-dbf839ac97e9;CD:E6:D3:07;0;AVIÁRIO MEIO;822,00;11/11/2025;01:18:52;20;1283-20
CO2;1283;CT-CO2-0;1f94f8ad-7171-b062-c0a5-dbf839ac97e9;CD:E6:D3:07;0;AVIÁRIO MEIO;815,00;11/11/2025;01:24:24;20;1283-20
CO2;1283;CT-CO2-0;1f94f8ad-7171-b062-c0a5-dbf839ac97e9;CD:E6:D3:07;0;AVIÁRIO MEIO;812,00;11/11/2025;01:29:58;20;1283-20
CO2;1283;CT-CO2-0;1f94f8ad-7171-b062-c0a5-dbf839ac97e9;CD:E6:D3:07;0;AVIÁRIO MEIO;831,00;11/11/2025;01:35:00;20;1283-20
CO2;1283;CT-CO2-0;1f94f8ad-7171-b062-c0a5-dbf839ac97e9;CD:E6:D3:07;0;AVIÁRIO MEIO;822,00;11/11/2025;01:40:31;20;1283-20
CO2;1283;CT-CO2-0;1f94f8ad-7171-b062-c0a5-dbf839ac97e9;CD:E6:D3:07;0;AVIÁRIO MEIO;817,00;11/11/2025;01:46:04;20;1283-20
CO2;1283;CT-CO2-0;1f94f8ad-7171-b062-c0a5-dbf839ac97e9;CD:E6:D3:07;0;AVIÁRIO MEIO;822,00;11/11/2025;01:56:38;20;1283-20
CO2;1283;CT-CO2-0;1f94f8ad-7171-b062-c0a5-dbf839ac97e9;CD:E6:D3:07;0;AVIÁRIO MEIO;807,00;11/11/2025;02:02:42;20;1283-20
CO2;1283;CT-CO2-0;1f94f8ad-7171-b062-c0a5-dbf839ac97e9;CD:E6:D3:07;0;AVIÁRIO MEIO;809,00;11/11/2025;02:07:15;20;1283-20
CO2;1283;CT-CO2-0;1f94f8ad-7171-b062-c0a5-dbf839ac97e9;CD:E6:D3:07;0;AVIÁRIO MEIO;802,00;11/11/2025;02:12:47;20;1283-20
CO2;1283;CT-CO2-0;1f94f8ad-7171-b062-c0a5-dbf839ac97e9;CD:E6:D3:07;0;AVIÁRIO MEIO;807,00;11/11/2025;02:18:19;20;1283-20
CO2;1283;CT-CO2-0;1f94f8ad-7171-b062-c0a5-dbf839ac97e9;CD:E6:D3:07;0;AVIÁRIO MEIO;803,00;11/11/2025;02:23:21;20;1283-20
CO2;1283;CT-CO2-0;1f94f8ad-7171-b062-c0a5-dbf839ac97e9;CD:E6:D3:07;0;AVIÁRIO MEIO;851,00;11/11/2025;02:28:53;20;1283-20
CO2;1283;CT-CO2-0;1f94f8ad-7171-b062-c0a5-dbf839ac97e9;CD:E6:D3:07;0;AVIÁRIO MEIO;826,00;11/11/2025;02:34:25;20;1283-20
CO2;1283;CT-CO2-0;1f94f8ad-7171-b062-c0a5-dbf839ac97e9;CD:E6:D3:07;0;AVIÁRIO MEIO;801,00;11/11/2025;02:39:57;20;1283-20
CO2;1283;CT-CO2-0;1f94f8ad-7171-b062-c0a5-dbf839ac97e9;CD:E6:D3:07;0;AVIÁRIO MEIO;809,00;11/11/2025;02:45:00;20;1283-20
CO2;1283;CT-CO2-0;1f94f8ad-7171-b062-c0a5-dbf839ac97e9;CD:E6:D3:07;0;AVIÁRIO MEIO;822,00;11/11/2025;02:56:03;20;1283-20
CO2;1283;CT-CO2-0;1f94f8ad-7171-b062-c0a5-dbf839ac97e9;CD:E6:D3:07;0;AVIÁRIO MEIO;807,00;11/11/2025;03:01:05;20;1283-20
CO2;1283;CT-CO2-0;1f94f8ad-7171-b062-c0a5-dbf839ac97e9;CD:E6:D3:07;0;AVIÁRIO MEIO;831,00;11/11/2025;03:06:37;20;1283-20
CO2;1283;CT-CO2-0;1f94f8ad-7171-b062-c0a5-dbf839ac97e9;CD:E6:D3:07;0;AVIÁRIO MEIO;812,00;11/11/2025;03:12:41;20;1283-20
CO2;1283;CT-CO2-0;1f94f8ad-7171-b062-c0a5-dbf839ac97e9;CD:E6:D3:07;0;AVIÁRIO MEIO;810,00;11/11/2025;03:17:13;20;1283-20
CO2;1283;CT-CO2-0;1f94f8ad-7171-b062-c0a5-dbf839ac97e9;CD:E6:D3:07;0;AVIÁRIO MEIO;816,00;11/11/2025;03:22:46;20;1283-20
CO2;1283;CT-CO2-0;1f94f8ad-7171-b062-c0a5-dbf839ac97e9;CD:E6:D3:07;0;AVIÁRIO MEIO;798,00;11/11/2025;03:28:18;20;1283-20
CO2;1283;CT-CO2-0;1f94f8ad-7171-b062-c0a5-dbf839ac97e9;CD:E6:D3:07;0;AVIÁRIO MEIO;811,00;11/11/2025;03:33:20;20;1283-20
CO2;1283;CT-CO2-0;1f94f8ad-7171-b062-c0a5-dbf839ac97e9;CD:E6:D3:07;0;AVIÁRIO MEIO;801,00;11/11/2025;03:44:25;20;1283-20
CO2;1283;CT-CO2-0;1f94f8ad-7171-b062-c0a5-dbf839ac97e9;CD:E6:D3:07;0;AVIÁRIO MEIO;789,00;11/11/2025;03:49:27;20;1283-20
CO2;1283;CT-CO2-0;1f94f8ad-7171-b062-c0a5-dbf839ac97e9;CD:E6:D3:07;0;AVIÁRIO MEIO;782,00;11/11/2025;03:55:00;20;1283-20
CO2;1283;CT-CO2-0;1f94f8ad-7171-b062-c0a5-dbf839ac97e9;CD:E6:D3:07;0;AVIÁRIO MEIO;784,00;11/11/2025;04:00:32;20;1283-20
CO2;1283;CT-CO2-0;1f94f8ad-7171-b062-c0a5-dbf839ac97e9;CD:E6:D3:07;0;AVIÁRIO MEIO;776,00;11/11/2025;04:05:35;20;1283-20
CO2;1283;CT-CO2-0;1f94f8ad-7171-b062-c0a5-dbf839ac97e9;CD:E6:D3:07;0;AVIÁRIO MEIO;780,00;11/11/2025;04:11:07;20;1283-20
CO2;1283;CT-CO2-0;1f94f8ad-7171-b062-c0a5-dbf839ac97e9;CD:E6:D3:07;0;AVIÁRIO MEIO;767,00;11/11/2025;04:16:40;20;1283-20
CO2;1283;CT-CO2-0;1f94f8ad-7171-b062-c0a5-dbf839ac97e9;CD:E6:D3:07;0;AVIÁRIO MEIO;771,00;11/11/2025;04:22:13;20;1283-20
CO2;1283;CT-CO2-0;1f94f8ad-7171-b062-c0a5-dbf839ac97e9;CD:E6:D3:07;0;AVIÁRIO MEIO;769,00;11/11/2025;04:27:15;20;1283-20
CO2;1283;CT-CO2-0;1f94f8ad-7171-b062-c0a5-dbf839ac97e9;CD:E6:D3:07;0;AVIÁRIO MEIO;765,00;11/11/2025;04:32:47;20;1283-20
CO2;1283;CT-CO2-0;1f94f8ad-7171-b062-c0a5-dbf839ac97e9;CD:E6:D3:07;0;AVIÁRIO MEIO;762,00;11/11/2025;04:37:49;20;1283-20
CO2;1283;CT-CO2-0;1f94f8ad-7171-b062-c0a5-dbf839ac97e9;CD:E6:D3:07;0;AVIÁRIO MEIO;802,00;11/11/2025;04:43:21;20;1283-20
CO2;1283;CT-CO2-0;1f94f8ad-7171-b062-c0a5-dbf839ac97e9;CD:E6:D3:07;0;AVIÁRIO MEIO;752,00;11/11/2025;04:53:57;20;1283-20
CO2;1283;CT-CO2-0;1f94f8ad-7171-b062-c0a5-dbf839ac97e9;CD:E6:D3:07;0;AVIÁRIO MEIO;773,00;11/11/2025;04:59:29;20;1283-20
CO2;1283;CT-CO2-0;1f94f8ad-7171-b062-c0a5-dbf839ac97e9;CD:E6:D3:07;0;AVIÁRIO MEIO;748,00;11/11/2025;05:05:03;20;1283-20
CO2;1283;CT-CO2-0;1f94f8ad-7171-b062-c0a5-dbf839ac97e9;CD:E6:D3:07;0;AVIÁRIO MEIO;747,00;11/11/2025;05:10:05;20;1283-20
CO2;1283;CT-CO2-0;1f94f8ad-7171-b062-c0a5-dbf839ac97e9;CD:E6:D3:07;0;AVIÁRIO MEIO;747,00;11/11/2025;05:15:37;20;1283-20
CO2;1283;CT-CO2-0;1f94f8ad-7171-b062-c0a5-dbf839ac97e9;CD:E6:D3:07;0;AVIÁRIO MEIO;747,00;11/11/2025;05:21:09;20;1283-20
CO2;1283;CT-CO2-0;1f94f8ad-7171-b062-c0a5-dbf839ac97e9;CD:E6:D3:07;0;AVIÁRIO MEIO;740,00;11/11/2025;05:26:11;20;1283-20
CO2;1283;CT-CO2-0;1f94f8ad-7171-b062-c0a5-dbf839ac97e9;CD:E6:D3:07;0;AVIÁRIO MEIO;741,00;11/11/2025;05:32:14;20;1283-20
CO2;1283;CT-CO2-0;1f94f8ad-7171-b062-c0a5-dbf839ac97e9;CD:E6:D3:07;0;AVIÁRIO MEIO;740,00;11/11/2025;05:37:17;20;1283-20
CO2;1283;CT-CO2-0;1f94f8ad-7171-b062-c0a5-dbf839ac97e9;CD:E6:D3:07;0;AVIÁRIO MEIO;748,00;11/11/2025;05:42:19;20;1283-20
CO2;1283;CT-CO2-0;1f94f8ad-7171-b062-c0a5-dbf839ac97e9;CD:E6:D3:07;0;AVIÁRIO MEIO;755,00;11/11/2025;05:47:51;20;1283-20
CO2;1283;CT-CO2-0;1f94f8ad-7171-b062-c0a5-dbf839ac97e9;CD:E6:D3:07;0;AVIÁRIO MEIO;753,00;11/11/2025;05:53:23;20;1283-20
CO2;1283;CT-CO2-0;1f94f8ad-7171-b062-c0a5-dbf839ac97e9;CD:E6:D3:07;0;AVIÁRIO MEIO;754,00;11/11/2025;05:58:27;20;1283-20
CO2;1283;CT-CO2-0;1f94f8ad-7171-b062-c0a5-dbf839ac97e9;CD:E6:D3:07;0;AVIÁRIO MEIO;763,00;11/11/2025;06:03:58;20;1283-20
CO2;1283;CT-CO2-0;1f94f8ad-7171-b062-c0a5-dbf839ac97e9;CD:E6:D3:07;0;AVIÁRIO MEIO;783,00;11/11/2025;06:09:30;20;1283-20
CO2;1283;CT-CO2-0;1f94f8ad-7171-b062-c0a5-dbf839ac97e9;CD:E6:D3:07;0;AVIÁRIO MEIO;768,00;11/11/2025;06:14:33;20;1283-20
CO2;1283;CT-CO2-0;1f94f8ad-7171-b062-c0a5-dbf839ac97e9;CD:E6:D3:07;0;AVIÁRIO MEIO;782,00;11/11/2025;06:20:05;20;1283-20
CO2;1283;CT-CO2-0;1f94f8ad-7171-b062-c0a5-dbf839ac97e9;CD:E6:D3:07;0;AVIÁRIO MEIO;812,00;11/11/2025;06:30:39;20;1283-20
CO2;1283;CT-CO2-0;1f94f8ad-7171-b062-c0a5-dbf839ac97e9;CD:E6:D3:07;0;AVIÁRIO MEIO;810,00;11/11/2025;06:36:11;20;1283-20
CO2;1283;CT-CO2-0;1f94f8ad-7171-b062-c0a5-dbf839ac97e9;CD:E6:D3:07;0;AVIÁRIO MEIO;801,00;11/11/2025;06:42:15;20;1283-20
CO2;1283;CT-CO2-0;1f94f8ad-7171-b062-c0a5-dbf839ac97e9;CD:E6:D3:07;0;AVIÁRIO MEIO;792,00;11/11/2025;06:46:46;20;1283-20
CO2;1283;CT-CO2-0;1f94f8ad-7171-b062-c0a5-dbf839ac97e9;CD:E6:D3:07;0;AVIÁRIO MEIO;812,00;11/11/2025;06:57:52;20;1283-20
CO2;1283;CT-CO2-0;1f94f8ad-7171-b062-c0a5-dbf839ac97e9;CD:E6:D3:07;0;AVIÁRIO MEIO;825,00;11/11/2025;07:02:54;20;1283-20
CO2;1283;CT-CO2-0;1f94f8ad-7171-b062-c0a5-dbf839ac97e9;CD:E6:D3:07;0;AVIÁRIO MEIO;829,00;11/11/2025;07:08:26;20;1283-20
CO2;1283;CT-CO2-0;1f94f8ad-7171-b062-c0a5-dbf839ac97e9;CD:E6:D3:07;0;AVIÁRIO MEIO;802,00;11/11/2025;07:13:58;20;1283-20
CO2;1283;CT-CO2-0;1f94f8ad-7171-b062-c0a5-dbf839ac97e9;CD:E6:D3:07;0;AVIÁRIO MEIO;793,00;11/11/2025;07:19:00;20;1283-20
CO2;1283;CT-CO2-0;1f94f8ad-7171-b062-c0a5-dbf839ac97e9;CD:E6:D3:07;0;AVIÁRIO MEIO;802,00;11/11/2025;07:24:33;20;1283-20
CO2;1283;CT-CO2-0;1f94f8ad-7171-b062-c0a5-dbf839ac97e9;CD:E6:D3:07;0;AVIÁRIO MEIO;792,00;11/11/2025;07:30:05;20;1283-20
CO2;1283;CT-CO2-0;1f94f8ad-7171-b062-c0a5-dbf839ac97e9;CD:E6:D3:07;0;AVIÁRIO MEIO;803,00;11/11/2025;07:35:08;20;1283-20
CO2;1283;CT-CO2-0;1f94f8ad-7171-b062-c0a5-dbf839ac97e9;CD:E6:D3:07;0;AVIÁRIO MEIO;797,00;11/11/2025;07:40:39;20;1283-20
CO2;1283;CT-CO2-0;1f94f8ad-7171-b062-c0a5-dbf839ac97e9;CD:E6:D3:07;0;AVIÁRIO MEIO;800,00;11/11/2025;07:46:11;20;1283-20
CO2;1283;CT-CO2-0;1f94f8ad-7171-b062-c0a5-dbf839ac97e9;CD:E6:D3:07;0;AVIÁRIO MEIO;796,00;11/11/2025;07:56:48;20;1283-20
CO2;1283;CT-CO2-0;1f94f8ad-7171-b062-c0a5-dbf839ac97e9;CD:E6:D3:07;0;AVIÁRIO MEIO;796,00;11/11/2025;08:02:19;20;1283-20
CO2;1283;CT-CO2-0;1f94f8ad-7171-b062-c0a5-dbf839ac97e9;CD:E6:D3:07;0;AVIÁRIO MEIO;796,00;11/11/2025;08:07:51;20;1283-20
CO2;1283;CT-CO2-0;1f94f8ad-7171-b062-c0a5-dbf839ac97e9;CD:E6:D3:07;0;AVIÁRIO MEIO;801,00;11/11/2025;08:12:53;20;1283-20
CO2;1283;CT-CO2-0;1f94f8ad-7171-b062-c0a5-dbf839ac97e9;CD:E6:D3:07;0;AVIÁRIO MEIO;783,00;11/11/2025;08:18:25;20;1283-20
CO2;1283;CT-CO2-0;1f94f8ad-7171-b062-c0a5-dbf839ac97e9;CD:E6:D3:07;0;AVIÁRIO MEIO;785,00;11/11/2025;08:23:58;20;1283-20
CO2;1283;CT-CO2-0;1f94f8ad-7171-b062-c0a5-dbf839ac97e9;CD:E6:D3:07;0;AVIÁRIO MEIO;781,00;11/11/2025;08:29:00;20;1283-20
CO2;1283;CT-CO2-0;1f94f8ad-7171-b062-c0a5-dbf839ac97e9;CD:E6:D3:07;0;AVIÁRIO MEIO;821,00;11/11/2025;08:34:32;20;1283-20
CO2;1283;CT-CO2-0;1f94f8ad-7171-b062-c0a5-dbf839ac97e9;CD:E6:D3:07;0;AVIÁRIO MEIO;782,00;11/11/2025;08:40:04;20;1283-20
CO2;1283;CT-CO2-0;1f94f8ad-7171-b062-c0a5-dbf839ac97e9;CD:E6:D3:07;0;AVIÁRIO MEIO;792,00;11/11/2025;08:45:06;20;1283-20
CO2;1283;CT-CO2-0;1f94f8ad-7171-b062-c0a5-dbf839ac97e9;CD:E6:D3:07;0;AVIÁRIO MEIO;769,00;11/11/2025;08:56:10;20;1283-20
CO2;1283;CT-CO2-0;1f94f8ad-7171-b062-c0a5-dbf839ac97e9;CD:E6:D3:07;0;AVIÁRIO MEIO;791,00;11/11/2025;09:01:44;20;1283-20
CO2;1283;CT-CO2-0;1f94f8ad-7171-b062-c0a5-dbf839ac97e9;CD:E6:D3:07;0;AVIÁRIO MEIO;825,00;11/11/2025;09:06:45;20;1283-20
CO2;1283;CT-CO2-0;1f94f8ad-7171-b062-c0a5-dbf839ac97e9;CD:E6:D3:07;0;AVIÁRIO MEIO;833,00;11/11/2025;09:12:17;20;1283-20
CO2;1283;CT-CO2-0;1f94f8ad-7171-b062-c0a5-dbf839ac97e9;CD:E6:D3:07;0;AVIÁRIO MEIO;656,00;11/11/2025;09:17:19;20;1283-20
CO2;1283;CT-CO2-0;1f94f8ad-7171-b062-c0a5-dbf839ac97e9;CD:E6:D3:07;0;AVIÁRIO MEIO;635,00;11/11/2025;09:22:51;20;1283-20
CO2;1283;CT-CO2-0;1f94f8ad-7171-b062-c0a5-dbf839ac97e9;CD:E6:D3:07;0;AVIÁRIO MEIO;602,00;11/11/2025;09:28:23;20;1283-20
CO2;1283;CT-CO2-0;1f94f8ad-7171-b062-c0a5-dbf839ac97e9;CD:E6:D3:07;0;AVIÁRIO MEIO;619,00;11/11/2025;09:33:25;20;1283-20
CO2;1283;CT-CO2-0;1f94f8ad-7171-b062-c0a5-dbf839ac97e9;CD:E6:D3:07;0;AVIÁRIO MEIO;602,00;11/11/2025;09:38:57;20;1283-20
CO2;1283;CT-CO2-0;1f94f8ad-7171-b062-c0a5-dbf839ac97e9;CD:E6:D3:07;0;AVIÁRIO MEIO;628,00;11/11/2025;09:44:29;20;1283-20
CO2;1283;CT-CO2-0;1f94f8ad-7171-b062-c0a5-dbf839ac97e9;CD:E6:D3:07;0;AVIÁRIO MEIO;622,00;11/11/2025;09:55:04;20;1283-20
CO2;1283;CT-CO2-0;1f94f8ad-7171-b062-c0a5-dbf839ac97e9;CD:E6:D3:07;0;AVIÁRIO MEIO;628,00;11/11/2025;10:00:37;20;1283-20
CO2;1283;CT-CO2-0;1f94f8ad-7171-b062-c0a5-dbf839ac97e9;CD:E6:D3:07;0;AVIÁRIO MEIO;603,00;11/11/2025;10:05:39;20;1283-20
CO2;1283;CT-CO2-0;1f94f8ad-7171-b062-c0a5-dbf839ac97e9;CD:E6:D3:07;0;AVIÁRIO MEIO;633,00;11/11/2025;10:11:43;20;1283-20
CO2;1283;CT-CO2-0;1f94f8ad-7171-b062-c0a5-dbf839ac97e9;CD:E6:D3:07;0;AVIÁRIO MEIO;625,00;11/11/2025;10:16:45;20;1283-20
CO2;1283;CT-CO2-0;1f94f8ad-7171-b062-c0a5-dbf839ac97e9;CD:E6:D3:07;0;AVIÁRIO MEIO;636,00;11/11/2025;10:21:47;20;1283-20
CO2;1283;CT-CO2-0;1f94f8ad-7171-b062-c0a5-dbf839ac97e9;CD:E6:D3:07;0;AVIÁRIO MEIO;758,00;11/11/2025;10:27:19;20;1283-20
CO2;1283;CT-CO2-0;1f94f8ad-7171-b062-c0a5-dbf839ac97e9;CD:E6:D3:07;0;AVIÁRIO MEIO;818,00;11/11/2025;10:32:52;20;1283-20
CO2;1283;CT-CO2-0;1f94f8ad-7171-b062-c0a5-dbf839ac97e9;CD:E6:D3:07;0;AVIÁRIO MEIO;815,00;11/11/2025;10:37:55;20;1283-20
CO2;1283;CT-CO2-0;1f94f8ad-7171-b062-c0a5-dbf839ac97e9;CD:E6:D3:07;0;AVIÁRIO MEIO;828,00;11/11/2025;10:43:29;20;1283-20
CO2;1283;CT-CO2-0;1f94f8ad-7171-b062-c0a5-dbf839ac97e9;CD:E6:D3:07;0;AVIÁRIO MEIO;737,00;11/11/2025;10:54:02;20;1283-20
CO2;1283;CT-CO2-0;1f94f8ad-7171-b062-c0a5-dbf839ac97e9;CD:E6:D3:07;0;AVIÁRIO MEIO;723,00;11/11/2025;11:05:07;20;1283-20
CO2;1283;CT-CO2-0;1f94f8ad-7171-b062-c0a5-dbf839ac97e9;CD:E6:D3:07;0;AVIÁRIO MEIO;721,00;11/11/2025;11:15:41;20;1283-20
CO2;1283;CT-CO2-0;1f94f8ad-7171-b062-c0a5-dbf839ac97e9;CD:E6:D3:07;0;AVIÁRIO MEIO;739,00;11/11/2025;11:21:45;20;1283-20
CO2;1283;CT-CO2-0;1f94f8ad-7171-b062-c0a5-dbf839ac97e9;CD:E6:D3:07;0;AVIÁRIO MEIO;689,00;11/11/2025;11:26:17;20;1283-20
CO2;1283;CT-CO2-0;1f94f8ad-7171-b062-c0a5-dbf839ac97e9;CD:E6:D3:07;0;AVIÁRIO MEIO;693,00;11/11/2025;11:31:49;20;1283-20
CO2;1283;CT-CO2-0;1f94f8ad-7171-b062-c0a5-dbf839ac97e9;CD:E6:D3:07;0;AVIÁRIO MEIO;694,00;11/11/2025;11:37:21;20;1283-20
CO2;1283;CT-CO2-0;1f94f8ad-7171-b062-c0a5-dbf839ac97e9;CD:E6:D3:07;0;AVIÁRIO MEIO;682,00;11/11/2025;11:42:23;20;1283-20
CO2;1283;CT-CO2-0;1f94f8ad-7171-b062-c0a5-dbf839ac97e9;CD:E6:D3:07;0;AVIÁRIO MEIO;651,00;11/11/2025;11:47:55;20;1283-20
CO2;1283;CT-CO2-0;1f94f8ad-7171-b062-c0a5-dbf839ac97e9;CD:E6:D3:07;0;AVIÁRIO MEIO;639,00;11/11/2025;11:53:27;20;1283-20
CO2;1283;CT-CO2-0;1f94f8ad-7171-b062-c0a5-dbf839ac97e9;CD:E6:D3:07;0;AVIÁRIO MEIO;624,00;11/11/2025;11:58:59;20;1283-20
CO2;1283;CT-CO2-0;1f94f8ad-7171-b062-c0a5-dbf839ac97e9;CD:E6:D3:07;0;AVIÁRIO MEIO;622,00;11/11/2025;12:04:00;20;1283-20
CO2;1283;CT-CO2-0;1f94f8ad-7171-b062-c0a5-dbf839ac97e9;CD:E6:D3:07;0;AVIÁRIO MEIO;620,00;11/11/2025;12:09:32;20;1283-20
CO2;1283;CT-CO2-0;1f94f8ad-7171-b062-c0a5-dbf839ac97e9;CD:E6:D3:07;0;AVIÁRIO MEIO;626,00;11/11/2025;12:15:09;20;1283-20
CO2;1283;CT-CO2-0;1f94f8ad-7171-b062-c0a5-dbf839ac97e9;CD:E6:D3:07;0;AVIÁRIO MEIO;621,00;11/11/2025;12:20:12;20;1283-20
CO2;1283;CT-CO2-0;1f94f8ad-7171-b062-c0a5-dbf839ac97e9;CD:E6:D3:07;0;AVIÁRIO MEIO;617,00;11/11/2025;12:25:43;20;1283-20
CO2;1283;CT-CO2-0;1f94f8ad-7171-b062-c0a5-dbf839ac97e9;CD:E6:D3:07;0;AVIÁRIO MEIO;601,00;11/11/2025;12:31:16;20;1283-20
CO2;1283;CT-CO2-0;1f94f8ad-7171-b062-c0a5-dbf839ac97e9;CD:E6:D3:07;0;AVIÁRIO MEIO;600,00;11/11/2025;12:36:18;20;1283-20
CO2;1283;CT-CO2-0;1f94f8ad-7171-b062-c0a5-dbf839ac97e9;CD:E6:D3:07;0;AVIÁRIO MEIO;595,00;11/11/2025;12:41:51;20;1283-20
CO2;1283;CT-CO2-0;1f94f8ad-7171-b062-c0a5-dbf839ac97e9;CD:E6:D3:07;0;AVIÁRIO MEIO;600,00;11/11/2025;12:46:53;20;1283-20
CO2;1283;CT-CO2-0;1f94f8ad-7171-b062-c0a5-dbf839ac97e9;CD:E6:D3:07;0;AVIÁRIO MEIO;597,00;11/11/2025;12:52:25;20;1283-20
CO2;1283;CT-CO2-0;1f94f8ad-7171-b062-c0a5-dbf839ac97e9;CD:E6:D3:07;0;AVIÁRIO MEIO;602,00;11/11/2025;12:57:58;20;1283-20
CO2;1283;CT-CO2-0;1f94f8ad-7171-b062-c0a5-dbf839ac97e9;CD:E6:D3:07;0;AVIÁRIO MEIO;593,00;11/11/2025;13:03:29;20;1283-20
CO2;1283;CT-CO2-0;1f94f8ad-7171-b062-c0a5-dbf839ac97e9;CD:E6:D3:07;0;AVIÁRIO MEIO;588,00;11/11/2025;13:08:31;20;1283-20
CO2;1283;CT-CO2-0;1f94f8ad-7171-b062-c0a5-dbf839ac97e9;CD:E6:D3:07;0;AVIÁRIO MEIO;587,00;11/11/2025;13:14:11;20;1283-20
CO2;1283;CT-CO2-0;1f94f8ad-7171-b062-c0a5-dbf839ac97e9;CD:E6:D3:07;0;AVIÁRIO MEIO;591,00;11/11/2025;13:19:13;20;1283-20
CO2;1283;CT-CO2-0;1f94f8ad-7171-b062-c0a5-dbf839ac97e9;CD:E6:D3:07;0;AVIÁRIO MEIO;624,00;11/11/2025;13:24:45;20;1283-20
CO2;1283;CT-CO2-0;1f94f8ad-7171-b062-c0a5-dbf839ac97e9;CD:E6:D3:07;0;AVIÁRIO MEIO;572,00;11/11/2025;13:30:18;20;1283-20
CO2;1283;CT-CO2-0;1f94f8ad-7171-b062-c0a5-dbf839ac97e9;CD:E6:D3:07;0;AVIÁRIO MEIO;565,00;11/11/2025;13:35:20;20;1283-20
CO2;1283;CT-CO2-0;1f94f8ad-7171-b062-c0a5-dbf839ac97e9;CD:E6:D3:07;0;AVIÁRIO MEIO;574,00;11/11/2025;13:41:23;20;1283-20
CO2;1283;CT-CO2-0;1f94f8ad-7171-b062-c0a5-dbf839ac97e9;CD:E6:D3:07;0;AVIÁRIO MEIO;563,00;11/11/2025;13:46:26;20;1283-20
CO2;1283;CT-CO2-0;1f94f8ad-7171-b062-c0a5-dbf839ac97e9;CD:E6:D3:07;0;AVIÁRIO MEIO;581,00;11/11/2025;13:51:27;20;1283-20
CO2;1283;CT-CO2-0;1f94f8ad-7171-b062-c0a5-dbf839ac97e9;CD:E6:D3:07;0;AVIÁRIO MEIO;563,00;11/11/2025;13:57:01;20;1283-20
CO2;1283;CT-CO2-0;1f94f8ad-7171-b062-c0a5-dbf839ac97e9;CD:E6:D3:07;0;AVIÁRIO MEIO;579,00;11/11/2025;14:02:33;20;1283-20
CO2;1283;CT-CO2-0;1f94f8ad-7171-b062-c0a5-dbf839ac97e9;CD:E6:D3:07;0;AVIÁRIO MEIO;569,00;11/11/2025;14:07:35;20;1283-20
CO2;1283;CT-CO2-0;1f94f8ad-7171-b062-c0a5-dbf839ac97e9;CD:E6:D3:07;0;AVIÁRIO MEIO;571,00;11/11/2025;14:13:08;20;1283-20
CO2;1283;CT-CO2-0;1f94f8ad-7171-b062-c0a5-dbf839ac97e9;CD:E6:D3:07;0;AVIÁRIO MEIO;555,00;11/11/2025;14:18:40;20;1283-20
CO2;1283;CT-CO2-0;1f94f8ad-7171-b062-c0a5-dbf839ac97e9;CD:E6:D3:07;0;AVIÁRIO MEIO;556,00;11/11/2025;14:23:42;20;1283-20
CO2;1283;CT-CO2-0;1f94f8ad-7171-b062-c0a5-dbf839ac97e9;CD:E6:D3:07;0;AVIÁRIO MEIO;565,00;11/11/2025;14:29:15;20;1283-20
CO2;1283;CT-CO2-0;1f94f8ad-7171-b062-c0a5-dbf839ac97e9;CD:E6:D3:07;0;AVIÁRIO MEIO;558,00;11/11/2025;14:34:47;20;1283-20
CO2;1283;CT-CO2-0;1f94f8ad-7171-b062-c0a5-dbf839ac97e9;CD:E6:D3:07;0;AVIÁRIO MEIO;554,00;11/11/2025;14:39:48;20;1283-20
CO2;1283;CT-CO2-0;1f94f8ad-7171-b062-c0a5-dbf839ac97e9;CD:E6:D3:07;0;AVIÁRIO MEIO;561,00;11/11/2025;14:45:20;20;1283-20
CO2;1283;CT-CO2-0;1f94f8ad-7171-b062-c0a5-dbf839ac97e9;CD:E6:D3:07;0;AVIÁRIO MEIO;590,00;11/11/2025;14:51:24;20;1283-20
CO2;1283;CT-CO2-0;1f94f8ad-7171-b062-c0a5-dbf839ac97e9;CD:E6:D3:07;0;AVIÁRIO MEIO;553,00;11/11/2025;14:55:56;20;1283-20
CO2;1283;CT-CO2-0;1f94f8ad-7171-b062-c0a5-dbf839ac97e9;CD:E6:D3:07;0;AVIÁRIO MEIO;561,00;11/11/2025;15:01:28;20;1283-20
CO2;1283;CT-CO2-0;1f94f8ad-7171-b062-c0a5-dbf839ac97e9;CD:E6:D3:07;0;AVIÁRIO MEIO;558,00;11/11/2025;15:07:00;20;1283-20
CO2;1283;CT-CO2-0;1f94f8ad-7171-b062-c0a5-dbf839ac97e9;CD:E6:D3:07;0;AVIÁRIO MEIO;553,00;11/11/2025;15:12:02;20;1283-20
CO2;1283;CT-CO2-0;1f94f8ad-7171-b062-c0a5-dbf839ac97e9;CD:E6:D3:07;0;AVIÁRIO MEIO;554,00;11/11/2025;15:17:35;20;1283-20
CO2;1283;CT-CO2-0;1f94f8ad-7171-b062-c0a5-dbf839ac97e9;CD:E6:D3:07;0;AVIÁRIO MEIO;539,00;11/11/2025;15:23:07;20;1283-20
CO2;1283;CT-CO2-0;1f94f8ad-7171-b062-c0a5-dbf839ac97e9;CD:E6:D3:07;0;AVIÁRIO MEIO;545,00;11/11/2025;15:28:09;20;1283-20
CO2;1283;CT-CO2-0;1f94f8ad-7171-b062-c0a5-dbf839ac97e9;CD:E6:D3:07;0;AVIÁRIO MEIO;558,00;11/11/2025;15:33:42;20;1283-20
CO2;1283;CT-CO2-0;1f94f8ad-7171-b062-c0a5-dbf839ac97e9;CD:E6:D3:07;0;AVIÁRIO MEIO;558,00;11/11/2025;15:39:13;20;1283-20
CO2;1283;CT-CO2-0;1f94f8ad-7171-b062-c0a5-dbf839ac97e9;CD:E6:D3:07;0;AVIÁRIO MEIO;560,00;11/11/2025;15:44:45;20;1283-20
CO2;1283;CT-CO2-0;1f94f8ad-7171-b062-c0a5-dbf839ac97e9;CD:E6:D3:07;0;AVIÁRIO MEIO;550,00;11/11/2025;15:49:47;20;1283-20
CO2;1283;CT-CO2-0;1f94f8ad-7171-b062-c0a5-dbf839ac97e9;CD:E6:D3:07;0;AVIÁRIO MEIO;549,00;11/11/2025;15:55:19;20;1283-20
CO2;1283;CT-CO2-0;1f94f8ad-7171-b062-c0a5-dbf839ac97e9;CD:E6:D3:07;0;AVIÁRIO MEIO;568,00;11/11/2025;16:01:25;20;1283-20
CO2;1283;CT-CO2-0;1f94f8ad-7171-b062-c0a5-dbf839ac97e9;CD:E6:D3:07;0;AVIÁRIO MEIO;551,00;11/11/2025;16:05:58;20;1283-20
CO2;1283;CT-CO2-0;1f94f8ad-7171-b062-c0a5-dbf839ac97e9;CD:E6:D3:07;0;AVIÁRIO MEIO;553,00;11/11/2025;16:11:30;20;1283-20
CO2;1283;CT-CO2-0;1f94f8ad-7171-b062-c0a5-dbf839ac97e9;CD:E6:D3:07;0;AVIÁRIO MEIO;554,00;11/11/2025;16:17:03;20;1283-20
CO2;1283;CT-CO2-0;1f94f8ad-7171-b062-c0a5-dbf839ac97e9;CD:E6:D3:07;0;AVIÁRIO MEIO;549,00;11/11/2025;16:22:05;20;1283-20
CO2;1283;CT-CO2-0;1f94f8ad-7171-b062-c0a5-dbf839ac97e9;CD:E6:D3:07;0;AVIÁRIO MEIO;554,00;11/11/2025;16:33:09;20;1283-20
CO2;1283;CT-CO2-0;1f94f8ad-7171-b062-c0a5-dbf839ac97e9;CD:E6:D3:07;0;AVIÁRIO MEIO;537,00;11/11/2025;16:38:11;20;1283-20
CO2;1283;CT-CO2-0;1f94f8ad-7171-b062-c0a5-dbf839ac97e9;CD:E6:D3:07;0;AVIÁRIO MEIO;559,00;11/11/2025;16:43:43;20;1283-20
CO2;1283;CT-CO2-0;1f94f8ad-7171-b062-c0a5-dbf839ac97e9;CD:E6:D3:07;0;AVIÁRIO MEIO;553,00;11/11/2025;16:49:15;20;1283-20
CO2;1283;CT-CO2-0;1f94f8ad-7171-b062-c0a5-dbf839ac97e9;CD:E6:D3:07;0;AVIÁRIO MEIO;565,00;11/11/2025;16:54:17;20;1283-20
CO2;1283;CT-CO2-0;1f94f8ad-7171-b062-c0a5-dbf839ac97e9;CD:E6:D3:07;0;AVIÁRIO MEIO;552,00;11/11/2025;16:59:50;20;1283-20
CO2;1283;CT-CO2-0;1f94f8ad-7171-b062-c0a5-dbf839ac97e9;CD:E6:D3:07;0;AVIÁRIO MEIO;540,00;11/11/2025;17:05:21;20;1283-20
CO2;1283;CT-CO2-0;1f94f8ad-7171-b062-c0a5-dbf839ac97e9;CD:E6:D3:07;0;AVIÁRIO MEIO;536,00;11/11/2025;17:15:57;20;1283-20
CO2;1283;CT-CO2-0;1f94f8ad-7171-b062-c0a5-dbf839ac97e9;CD:E6:D3:07;0;AVIÁRIO MEIO;588,00;11/11/2025;17:21:30;20;1283-20
CO2;1283;CT-CO2-0;1f94f8ad-7171-b062-c0a5-dbf839ac97e9;CD:E6:D3:07;0;AVIÁRIO MEIO;536,00;11/11/2025;17:26:33;20;1283-20
CO2;1283;CT-CO2-0;1f94f8ad-7171-b062-c0a5-dbf839ac97e9;CD:E6:D3:07;0;AVIÁRIO MEIO;550,00;11/11/2025;17:32:05;20;1283-20
CO2;1283;CT-CO2-0;1f94f8ad-7171-b062-c0a5-dbf839ac97e9;CD:E6:D3:07;0;AVIÁRIO MEIO;531,00;11/11/2025;17:37:37;20;1283-20
CO2;1283;CT-CO2-0;1f94f8ad-7171-b062-c0a5-dbf839ac97e9;CD:E6:D3:07;0;AVIÁRIO MEIO;592,00;11/11/2025;17:43:09;20;1283-20
CO2;1283;CT-CO2-0;1f94f8ad-7171-b062-c0a5-dbf839ac97e9;CD:E6:D3:07;0;AVIÁRIO MEIO;547,00;11/11/2025;17:48:10;20;1283-20
CO2;1283;CT-CO2-0;1f94f8ad-7171-b062-c0a5-dbf839ac97e9;CD:E6:D3:07;0;AVIÁRIO MEIO;548,00;11/11/2025;17:53:42;20;1283-20
CO2;1283;CT-CO2-0;1f94f8ad-7171-b062-c0a5-dbf839ac97e9;CD:E6:D3:07;0;AVIÁRIO MEIO;540,00;11/11/2025;17:59:14;20;1283-20
CO2;1283;CT-CO2-0;1f94f8ad-7171-b062-c0a5-dbf839ac97e9;CD:E6:D3:07;0;AVIÁRIO MEIO;546,00;11/11/2025;18:04:17;20;1283-20
CO2;1283;CT-CO2-0;1f94f8ad-7171-b062-c0a5-dbf839ac97e9;CD:E6:D3:07;0;AVIÁRIO MEIO;558,00;11/11/2025;18:09:48;20;1283-20
CO2;1283;CT-CO2-0;1f94f8ad-7171-b062-c0a5-dbf839ac97e9;CD:E6:D3:07;0;AVIÁRIO MEIO;568,00;11/11/2025;18:15:21;20;1283-20
CO2;1283;CT-CO2-0;1f94f8ad-7171-b062-c0a5-dbf839ac97e9;CD:E6:D3:07;0;AVIÁRIO MEIO;579,00;11/11/2025;18:20:55;20;1283-20
CO2;1283;CT-CO2-0;1f94f8ad-7171-b062-c0a5-dbf839ac97e9;CD:E6:D3:07;0;AVIÁRIO MEIO;580,00;11/11/2025;18:25:56;20;1283-20
CO2;1283;CT-CO2-0;1f94f8ad-7171-b062-c0a5-dbf839ac97e9;CD:E6:D3:07;0;AVIÁRIO MEIO;574,00;11/11/2025;18:31:30;20;1283-20
CO2;1283;CT-CO2-0;1f94f8ad-7171-b062-c0a5-dbf839ac97e9;CD:E6:D3:07;0;AVIÁRIO MEIO;590,00;11/11/2025;18:36:32;20;1283-20
CO2;1283;CT-CO2-0;1f94f8ad-7171-b062-c0a5-dbf839ac97e9;CD:E6:D3:07;0;AVIÁRIO MEIO;605,00;11/11/2025;18:42:05;20;1283-20
CO2;1283;CT-CO2-0;1f94f8ad-7171-b062-c0a5-dbf839ac97e9;CD:E6:D3:07;0;AVIÁRIO MEIO;594,00;11/11/2025;18:47:37;20;1283-20
CO2;1283;CT-CO2-0;1f94f8ad-7171-b062-c0a5-dbf839ac97e9;CD:E6:D3:07;0;AVIÁRIO MEIO;600,00;11/11/2025;18:52:39;20;1283-20
CO2;1283;CT-CO2-0;1f94f8ad-7171-b062-c0a5-dbf839ac97e9;CD:E6:D3:07;0;AVIÁRIO MEIO;600,00;11/11/2025;18:58:11;20;1283-20
CO2;1283;CT-CO2-0;1f94f8ad-7171-b062-c0a5-dbf839ac97e9;CD:E6:D3:07;0;AVIÁRIO MEIO;612,00;11/11/2025;19:03:43;20;1283-20
CO2;1283;CT-CO2-0;1f94f8ad-7171-b062-c0a5-dbf839ac97e9;CD:E6:D3:07;0;AVIÁRIO MEIO;589,00;11/11/2025;19:09:14;20;1283-20
CO2;1283;CT-CO2-0;1f94f8ad-7171-b062-c0a5-dbf839ac97e9;CD:E6:D3:07;0;AVIÁRIO MEIO;605,00;11/11/2025;19:14:16;20;1283-20
CO2;1283;CT-CO2-0;1f94f8ad-7171-b062-c0a5-dbf839ac97e9;CD:E6:D3:07;0;AVIÁRIO MEIO;613,00;11/11/2025;19:19:48;20;1283-20
CO2;1283;CT-CO2-0;1f94f8ad-7171-b062-c0a5-dbf839ac97e9;CD:E6:D3:07;0;AVIÁRIO MEIO;645,00;11/11/2025;19:25:20;20;1283-20
CO2;1283;CT-CO2-0;1f94f8ad-7171-b062-c0a5-dbf839ac97e9;CD:E6:D3:07;0;AVIÁRIO MEIO;687,00;11/11/2025;19:30:54;20;1283-20
CO2;1283;CT-CO2-0;1f94f8ad-7171-b062-c0a5-dbf839ac97e9;CD:E6:D3:07;0;AVIÁRIO MEIO;741,00;11/11/2025;19:35:56;20;1283-20
CO2;1283;CT-CO2-0;1f94f8ad-7171-b062-c0a5-dbf839ac97e9;CD:E6:D3:07;0;AVIÁRIO MEIO;762,00;11/11/2025;19:41:28;20;1283-20
CO2;1283;CT-CO2-0;1f94f8ad-7171-b062-c0a5-dbf839ac97e9;CD:E6:D3:07;0;AVIÁRIO MEIO;736,00;11/11/2025;19:46:30;20;1283-20
CO2;1283;CT-CO2-0;1f94f8ad-7171-b062-c0a5-dbf839ac97e9;CD:E6:D3:07;0;AVIÁRIO MEIO;744,00;11/11/2025;19:52:02;20;1283-20
CO2;1283;CT-CO2-0;1f94f8ad-7171-b062-c0a5-dbf839ac97e9;CD:E6:D3:07;0;AVIÁRIO MEIO;752,00;11/11/2025;19:57:34;20;1283-20
CO2;1283;CT-CO2-0;1f94f8ad-7171-b062-c0a5-dbf839ac97e9;CD:E6:D3:07;0;AVIÁRIO MEIO;753,00;11/11/2025;20:02:35;20;1283-20
CO2;1283;CT-CO2-0;1f94f8ad-7171-b062-c0a5-dbf839ac97e9;CD:E6:D3:07;0;AVIÁRIO MEIO;720,00;11/11/2025;20:08:10;20;1283-20
CO2;1283;CT-CO2-0;1f94f8ad-7171-b062-c0a5-dbf839ac97e9;CD:E6:D3:07;0;AVIÁRIO MEIO;679,00;11/11/2025;20:13:42;20;1283-20
CO2;1283;CT-CO2-0;1f94f8ad-7171-b062-c0a5-dbf839ac97e9;CD:E6:D3:07;0;AVIÁRIO MEIO;685,00;11/11/2025;20:18:44;20;1283-20
CO2;1283;CT-CO2-0;1f94f8ad-7171-b062-c0a5-dbf839ac97e9;CD:E6:D3:07;0;AVIÁRIO MEIO;694,00;11/11/2025;20:24:16;20;1283-20
CO2;1283;CT-CO2-0;1f94f8ad-7171-b062-c0a5-dbf839ac97e9;CD:E6:D3:07;0;AVIÁRIO MEIO;695,00;11/11/2025;20:29:48;20;1283-20
CO2;1283;CT-CO2-0;1f94f8ad-7171-b062-c0a5-dbf839ac97e9;CD:E6:D3:07;0;AVIÁRIO MEIO;700,00;11/11/2025;20:35:21;20;1283-20
CO2;1283;CT-CO2-0;1f94f8ad-7171-b062-c0a5-dbf839ac97e9;CD:E6:D3:07;0;AVIÁRIO MEIO;704,00;11/11/2025;20:40:56;20;1283-20
CO2;1283;CT-CO2-0;1f94f8ad-7171-b062-c0a5-dbf839ac97e9;CD:E6:D3:07;0;AVIÁRIO MEIO;695,00;11/11/2025;20:45:58;20;1283-20
CO2;1283;CT-CO2-0;1f94f8ad-7171-b062-c0a5-dbf839ac97e9;CD:E6:D3:07;0;AVIÁRIO MEIO;684,00;11/11/2025;20:51:05;20;1283-20
CO2;1283;CT-CO2-0;1f94f8ad-7171-b062-c0a5-dbf839ac97e9;CD:E6:D3:07;0;AVIÁRIO MEIO;703,00;11/11/2025;20:56:38;20;1283-20
CO2;1283;CT-CO2-0;1f94f8ad-7171-b062-c0a5-dbf839ac97e9;CD:E6:D3:07;0;AVIÁRIO MEIO;728,00;11/11/2025;21:06:40;20;1283-20
CO2;1283;CT-CO2-0;1f94f8ad-7171-b062-c0a5-dbf839ac97e9;CD:E6:D3:07;0;AVIÁRIO MEIO;737,00;11/11/2025;21:11:42;20;1283-20
CO2;1283;CT-CO2-0;1f94f8ad-7171-b062-c0a5-dbf839ac97e9;CD:E6:D3:07;0;AVIÁRIO MEIO;738,00;11/11/2025;21:17:14;20;1283-20
CO2;1283;CT-CO2-0;1f94f8ad-7171-b062-c0a5-dbf839ac97e9;CD:E6:D3:07;0;AVIÁRIO MEIO;774,00;11/11/2025;21:22:48;20;1283-20
CO2;1283;CT-CO2-0;1f94f8ad-7171-b062-c0a5-dbf839ac97e9;CD:E6:D3:07;0;AVIÁRIO MEIO;787,00;11/11/2025;21:27:50;20;1283-20
CO2;1283;CT-CO2-0;1f94f8ad-7171-b062-c0a5-dbf839ac97e9;CD:E6:D3:07;0;AVIÁRIO MEIO;763,00;11/11/2025;21:33:22;20;1283-20
CO2;1283;CT-CO2-0;1f94f8ad-7171-b062-c0a5-dbf839ac97e9;CD:E6:D3:07;0;AVIÁRIO MEIO;748,00;11/11/2025;21:38:54;20;1283-20
CO2;1283;CT-CO2-0;1f94f8ad-7171-b062-c0a5-dbf839ac97e9;CD:E6:D3:07;0;AVIÁRIO MEIO;736,00;11/11/2025;21:43:56;20;1283-20
CO2;1283;CT-CO2-0;1f94f8ad-7171-b062-c0a5-dbf839ac97e9;CD:E6:D3:07;0;AVIÁRIO MEIO;775,00;11/11/2025;21:55:14;20;1283-20
CO2;1283;CT-CO2-0;1f94f8ad-7171-b062-c0a5-dbf839ac97e9;CD:E6:D3:07;0;AVIÁRIO MEIO;802,00;11/11/2025;22:00:16;20;1283-20
CO2;1283;CT-CO2-0;1f94f8ad-7171-b062-c0a5-dbf839ac97e9;CD:E6:D3:07;0;AVIÁRIO MEIO;772,00;11/11/2025;22:05:48;20;1283-20
CO2;1283;CT-CO2-0;1f94f8ad-7171-b062-c0a5-dbf839ac97e9;CD:E6:D3:07;0;AVIÁRIO MEIO;769,00;11/11/2025;22:10:50;20;1283-20
CO2;1283;CT-CO2-0;1f94f8ad-7171-b062-c0a5-dbf839ac97e9;CD:E6:D3:07;0;AVIÁRIO MEIO;769,00;11/11/2025;22:16:21;20;1283-20
CO2;1283;CT-CO2-0;1f94f8ad-7171-b062-c0a5-dbf839ac97e9;CD:E6:D3:07;0;AVIÁRIO MEIO;772,00;11/11/2025;22:21:54;20;1283-20
CO2;1283;CT-CO2-0;1f94f8ad-7171-b062-c0a5-dbf839ac97e9;CD:E6:D3:07;0;AVIÁRIO MEIO;748,00;11/11/2025;22:26:56;20;1283-20
CO2;1283;CT-CO2-0;1f94f8ad-7171-b062-c0a5-dbf839ac97e9;CD:E6:D3:07;0;AVIÁRIO MEIO;747,00;11/11/2025;22:32:27;20;1283-20
CO2;1283;CT-CO2-0;1f94f8ad-7171-b062-c0a5-dbf839ac97e9;CD:E6:D3:07;0;AVIÁRIO MEIO;746,00;11/11/2025;22:38:01;20;1283-20
CO2;1283;CT-CO2-0;1f94f8ad-7171-b062-c0a5-dbf839ac97e9;CD:E6:D3:07;0;AVIÁRIO MEIO;761,00;11/11/2025;22:43:03;20;1283-20
CO2;1283;CT-CO2-0;1f94f8ad-7171-b062-c0a5-dbf839ac97e9;CD:E6:D3:07;0;AVIÁRIO MEIO;772,00;11/11/2025;22:48:35;20;1283-20
CO2;1283;CT-CO2-0;1f94f8ad-7171-b062-c0a5-dbf839ac97e9;CD:E6:D3:07;0;AVIÁRIO MEIO;755,00;11/11/2025;22:54:07;20;1283-20
CO2;1283;CT-CO2-0;1f94f8ad-7171-b062-c0a5-dbf839ac97e9;CD:E6:D3:07;0;AVIÁRIO MEIO;743,00;11/11/2025;22:59:41;20;1283-20
CO2;1283;CT-CO2-0;1f94f8ad-7171-b062-c0a5-dbf839ac97e9;CD:E6:D3:07;0;AVIÁRIO MEIO;737,00;11/11/2025;23:04:43;20;1283-20
CO2;1283;CT-CO2-0;1f94f8ad-7171-b062-c0a5-dbf839ac97e9;CD:E6:D3:07;0;AVIÁRIO MEIO;744,00;11/11/2025;23:10:16;20;1283-20
CO2;1283;CT-CO2-0;1f94f8ad-7171-b062-c0a5-dbf839ac97e9;CD:E6:D3:07;0;AVIÁRIO MEIO;731,00;11/11/2025;23:20:50;20;1283-20
CO2;1283;CT-CO2-0;1f94f8ad-7171-b062-c0a5-dbf839ac97e9;CD:E6:D3:07;0;AVIÁRIO MEIO;737,00;11/11/2025;23:26:22;20;1283-20
CO2;1283;CT-CO2-0;1f94f8ad-7171-b062-c0a5-dbf839ac97e9;CD:E6:D3:07;0;AVIÁRIO MEIO;736,00;11/11/2025;23:31:54;20;1283-20
CO2;1283;CT-CO2-0;1f94f8ad-7171-b062-c0a5-dbf839ac97e9;CD:E6:D3:07;0;AVIÁRIO MEIO;719,00;11/11/2025;23:36:57;20;1283-20
CO2;1283;CT-CO2-0;1f94f8ad-7171-b062-c0a5-dbf839ac97e9;CD:E6:D3:07;0;AVIÁRIO MEIO;724,00;11/11/2025;23:42:30;20;1283-20
CO2;1283;CT-CO2-0;1f94f8ad-7171-b062-c0a5-dbf839ac97e9;CD:E6:D3:07;0;AVIÁRIO MEIO;733,00;11/11/2025;23:48:02;20;1283-20
CO2;1283;CT-CO2-0;1f94f8ad-7171-b062-c0a5-dbf839ac97e9;CD:E6:D3:07;0;AVIÁRIO MEIO;735,00;11/11/2025;23:53:03;20;1283-20
CO2;1283;CT-CO2-0;1f94f8ad-7171-b062-c0a5-dbf839ac97e9;CD:E6:D3:07;0;AVIÁRIO MEIO;729,00;11/11/2025;23:58:36;20;1283-20
CO2;1283;CT-CO2-0;1f94f8ad-7171-b062-c0a5-dbf839ac97e9;CD:E6:D3:07;0;AVIÁRIO MEIO;736,00;12/11/2025;00:04:09;20;1283-20
CO2;1283;CT-CO2-0;1f94f8ad-7171-b062-c0a5-dbf839ac97e9;CD:E6:D3:07;0;AVIÁRIO MEIO;738,00;12/11/2025;00:09:44;20;1283-20
CO2;1283;CT-CO2-0;1f94f8ad-7171-b062-c0a5-dbf839ac97e9;CD:E6:D3:07;0;AVIÁRIO MEIO;741,00;12/11/2025;00:14:45;20;1283-20
CO2;1283;CT-CO2-0;1f94f8ad-7171-b062-c0a5-dbf839ac97e9;CD:E6:D3:07;0;AVIÁRIO MEIO;732,00;12/11/2025;00:20:17;20;1283-20
CO2;1283;CT-CO2-0;1f94f8ad-7171-b062-c0a5-dbf839ac97e9;CD:E6:D3:07;0;AVIÁRIO MEIO;711,00;12/11/2025;00:30:52;20;1283-20
CO2;1283;CT-CO2-0;1f94f8ad-7171-b062-c0a5-dbf839ac97e9;CD:E6:D3:07;0;AVIÁRIO MEIO;731,00;12/11/2025;00:36:24;20;1283-20
CO2;1283;CT-CO2-0;1f94f8ad-7171-b062-c0a5-dbf839ac97e9;CD:E6:D3:07;0;AVIÁRIO MEIO;744,00;12/11/2025;00:41:27;20;1283-20
CO2;1283;CT-CO2-0;1f94f8ad-7171-b062-c0a5-dbf839ac97e9;CD:E6:D3:07;0;AVIÁRIO MEIO;737,00;12/11/2025;00:46:59;20;1283-20
CO2;1283;CT-CO2-0;1f94f8ad-7171-b062-c0a5-dbf839ac97e9;CD:E6:D3:07;0;AVIÁRIO MEIO;745,00;12/11/2025;00:52:31;20;1283-20
CO2;1283;CT-CO2-0;1f94f8ad-7171-b062-c0a5-dbf839ac97e9;CD:E6:D3:07;0;AVIÁRIO MEIO;745,00;12/11/2025;00:57:33;20;1283-20
CO2;1283;CT-CO2-0;1f94f8ad-7171-b062-c0a5-dbf839ac97e9;CD:E6:D3:07;0;AVIÁRIO MEIO;750,00;12/11/2025;01:03:05;20;1283-20
CO2;1283;CT-CO2-0;1f94f8ad-7171-b062-c0a5-dbf839ac97e9;CD:E6:D3:07;0;AVIÁRIO MEIO;741,00;12/11/2025;01:08:38;20;1283-20
CO2;1283;CT-CO2-0;1f94f8ad-7171-b062-c0a5-dbf839ac97e9;CD:E6:D3:07;0;AVIÁRIO MEIO;762,00;12/11/2025;01:14:10;20;1283-20
CO2;1283;CT-CO2-0;1f94f8ad-7171-b062-c0a5-dbf839ac97e9;CD:E6:D3:07;0;AVIÁRIO MEIO;754,00;12/11/2025;01:19:44;20;1283-20
CO2;1283;CT-CO2-0;1f94f8ad-7171-b062-c0a5-dbf839ac97e9;CD:E6:D3:07;0;AVIÁRIO MEIO;766,00;12/11/2025;01:24:45;20;1283-20
CO2;1283;CT-CO2-0;1f94f8ad-7171-b062-c0a5-dbf839ac97e9;CD:E6:D3:07;0;AVIÁRIO MEIO;769,00;12/11/2025;01:30:17;20;1283-20
CO2;1283;CT-CO2-0;1f94f8ad-7171-b062-c0a5-dbf839ac97e9;CD:E6:D3:07;0;AVIÁRIO MEIO;767,00;12/11/2025;01:35:19;20;1283-20
CO2;1283;CT-CO2-0;1f94f8ad-7171-b062-c0a5-dbf839ac97e9;CD:E6:D3:07;0;AVIÁRIO MEIO;784,00;12/11/2025;01:40:51;20;1283-20
CO2;1283;CT-CO2-0;1f94f8ad-7171-b062-c0a5-dbf839ac97e9;CD:E6:D3:07;0;AVIÁRIO MEIO;779,00;12/11/2025;01:46:23;20;1283-20
CO2;1283;CT-CO2-0;1f94f8ad-7171-b062-c0a5-dbf839ac97e9;CD:E6:D3:07;0;AVIÁRIO MEIO;788,00;12/11/2025;01:51:24;20;1283-20
CO2;1283;CT-CO2-0;1f94f8ad-7171-b062-c0a5-dbf839ac97e9;CD:E6:D3:07;0;AVIÁRIO MEIO;778,00;12/11/2025;01:56:57;20;1283-20
CO2;1283;CT-CO2-0;1f94f8ad-7171-b062-c0a5-dbf839ac97e9;CD:E6:D3:07;0;AVIÁRIO MEIO;780,00;12/11/2025;02:02:29;20;1283-20
CO2;1283;CT-CO2-0;1f94f8ad-7171-b062-c0a5-dbf839ac97e9;CD:E6:D3:07;0;AVIÁRIO MEIO;771,00;12/11/2025;02:07:31;20;1283-20
CO2;1283;CT-CO2-0;1f94f8ad-7171-b062-c0a5-dbf839ac97e9;CD:E6:D3:07;0;AVIÁRIO MEIO;755,00;12/11/2025;02:13:03;20;1283-20
CO2;1283;CT-CO2-0;1f94f8ad-7171-b062-c0a5-dbf839ac97e9;CD:E6:D3:07;0;AVIÁRIO MEIO;775,00;12/11/2025;02:18:35;20;1283-20
CO2;1283;CT-CO2-0;1f94f8ad-7171-b062-c0a5-dbf839ac97e9;CD:E6:D3:07;0;AVIÁRIO MEIO;772,00;12/11/2025;02:23:37;20;1283-20
CO2;1283;CT-CO2-0;1f94f8ad-7171-b062-c0a5-dbf839ac97e9;CD:E6:D3:07;0;AVIÁRIO MEIO;776,00;12/11/2025;02:29:42;20;1283-20
CO2;1283;CT-CO2-0;1f94f8ad-7171-b062-c0a5-dbf839ac97e9;CD:E6:D3:07;0;AVIÁRIO MEIO;781,00;12/11/2025;02:34:44;20;1283-20
CO2;1283;CT-CO2-0;1f94f8ad-7171-b062-c0a5-dbf839ac97e9;CD:E6:D3:07;0;AVIÁRIO MEIO;774,00;12/11/2025;02:39:47;20;1283-20
CO2;1283;CT-CO2-0;1f94f8ad-7171-b062-c0a5-dbf839ac97e9;CD:E6:D3:07;0;AVIÁRIO MEIO;773,00;12/11/2025;02:50:50;20;1283-20
CO2;1283;CT-CO2-0;1f94f8ad-7171-b062-c0a5-dbf839ac97e9;CD:E6:D3:07;0;AVIÁRIO MEIO;776,00;12/11/2025;02:56:22;20;1283-20
CO2;1283;CT-CO2-0;1f94f8ad-7171-b062-c0a5-dbf839ac97e9;CD:E6:D3:07;0;AVIÁRIO MEIO;768,00;12/11/2025;03:01:24;20;1283-20
CO2;1283;CT-CO2-0;1f94f8ad-7171-b062-c0a5-dbf839ac97e9;CD:E6:D3:07;0;AVIÁRIO MEIO;771,00;12/11/2025;03:06:56;20;1283-20
CO2;1283;CT-CO2-0;1f94f8ad-7171-b062-c0a5-dbf839ac97e9;CD:E6:D3:07;0;AVIÁRIO MEIO;756,00;12/11/2025;03:12:28;20;1283-20
CO2;1283;CT-CO2-0;1f94f8ad-7171-b062-c0a5-dbf839ac97e9;CD:E6:D3:07;0;AVIÁRIO MEIO;769,00;12/11/2025;03:17:30;20;1283-20
CO2;1283;CT-CO2-0;1f94f8ad-7171-b062-c0a5-dbf839ac97e9;CD:E6:D3:07;0;AVIÁRIO MEIO;763,00;12/11/2025;03:23:02;20;1283-20
CO2;1283;CT-CO2-0;1f94f8ad-7171-b062-c0a5-dbf839ac97e9;CD:E6:D3:07;0;AVIÁRIO MEIO;757,00;12/11/2025;03:28:36;20;1283-20
CO2;1283;CT-CO2-0;1f94f8ad-7171-b062-c0a5-dbf839ac97e9;CD:E6:D3:07;0;AVIÁRIO MEIO;751,00;12/11/2025;03:33:38;20;1283-20
CO2;1283;CT-CO2-0;1f94f8ad-7171-b062-c0a5-dbf839ac97e9;CD:E6:D3:07;0;AVIÁRIO MEIO;756,00;12/11/2025;03:39:43;20;1283-20
CO2;1283;CT-CO2-0;1f94f8ad-7171-b062-c0a5-dbf839ac97e9;CD:E6:D3:07;0;AVIÁRIO MEIO;754,00;12/11/2025;03:44:45;20;1283-20
CO2;1283;CT-CO2-0;1f94f8ad-7171-b062-c0a5-dbf839ac97e9;CD:E6:D3:07;0;AVIÁRIO MEIO;757,00;12/11/2025;03:49:48;20;1283-20
CO2;1283;CT-CO2-0;1f94f8ad-7171-b062-c0a5-dbf839ac97e9;CD:E6:D3:07;0;AVIÁRIO MEIO;747,00;12/11/2025;04:00:52;20;1283-20
CO2;1283;CT-CO2-0;1f94f8ad-7171-b062-c0a5-dbf839ac97e9;CD:E6:D3:07;0;AVIÁRIO MEIO;742,00;12/11/2025;04:05:54;20;1283-20
CO2;1283;CT-CO2-0;1f94f8ad-7171-b062-c0a5-dbf839ac97e9;CD:E6:D3:07;0;AVIÁRIO MEIO;751,00;12/11/2025;04:11:26;20;1283-20
CO2;1283;CT-CO2-0;1f94f8ad-7171-b062-c0a5-dbf839ac97e9;CD:E6:D3:07;0;AVIÁRIO MEIO;747,00;12/11/2025;04:16:58;20;1283-20
CO2;1283;CT-CO2-0;1f94f8ad-7171-b062-c0a5-dbf839ac97e9;CD:E6:D3:07;0;AVIÁRIO MEIO;762,00;12/11/2025;04:21:59;20;1283-20
CO2;1283;CT-CO2-0;1f94f8ad-7171-b062-c0a5-dbf839ac97e9;CD:E6:D3:07;0;AVIÁRIO MEIO;769,00;12/11/2025;04:27:32;20;1283-20
CO2;1283;CT-CO2-0;1f94f8ad-7171-b062-c0a5-dbf839ac97e9;CD:E6:D3:07;0;AVIÁRIO MEIO;757,00;12/11/2025;04:33:04;20;1283-20
CO2;1283;CT-CO2-0;1f94f8ad-7171-b062-c0a5-dbf839ac97e9;CD:E6:D3:07;0;AVIÁRIO MEIO;750,00;12/11/2025;04:38:36;20;1283-20
CO2;1283;CT-CO2-0;1f94f8ad-7171-b062-c0a5-dbf839ac97e9;CD:E6:D3:07;0;AVIÁRIO MEIO;747,00;12/11/2025;04:43:41;20;1283-20
CO2;1283;CT-CO2-0;1f94f8ad-7171-b062-c0a5-dbf839ac97e9;CD:E6:D3:07;0;AVIÁRIO MEIO;752,00;12/11/2025;04:49:44;20;1283-20
CO2;1283;CT-CO2-0;1f94f8ad-7171-b062-c0a5-dbf839ac97e9;CD:E6:D3:07;0;AVIÁRIO MEIO;776,00;12/11/2025;04:54:16;20;1283-20
CO2;1283;CT-CO2-0;1f94f8ad-7171-b062-c0a5-dbf839ac97e9;CD:E6:D3:07;0;AVIÁRIO MEIO;780,00;12/11/2025;04:59:49;20;1283-20
CO2;1283;CT-CO2-0;1f94f8ad-7171-b062-c0a5-dbf839ac97e9;CD:E6:D3:07;0;AVIÁRIO MEIO;748,00;12/11/2025;05:05:22;20;1283-20
CO2;1283;CT-CO2-0;1f94f8ad-7171-b062-c0a5-dbf839ac97e9;CD:E6:D3:07;0;AVIÁRIO MEIO;760,00;12/11/2025;05:10:24;20;1283-20
CO2;1283;CT-CO2-0;1f94f8ad-7171-b062-c0a5-dbf839ac97e9;CD:E6:D3:07;0;AVIÁRIO MEIO;754,00;12/11/2025;05:15:57;20;1283-20
CO2;1283;CT-CO2-0;1f94f8ad-7171-b062-c0a5-dbf839ac97e9;CD:E6:D3:07;0;AVIÁRIO MEIO;748,00;12/11/2025;05:21:29;20;1283-20
CO2;1283;CT-CO2-0;1f94f8ad-7171-b062-c0a5-dbf839ac97e9;CD:E6:D3:07;0;AVIÁRIO MEIO;739,00;12/11/2025;05:27:01;20;1283-20
CO2;1283;CT-CO2-0;1f94f8ad-7171-b062-c0a5-dbf839ac97e9;CD:E6:D3:07;0;AVIÁRIO MEIO;743,00;12/11/2025;05:32:03;20;1283-20
CO2;1283;CT-CO2-0;1f94f8ad-7171-b062-c0a5-dbf839ac97e9;CD:E6:D3:07;0;AVIÁRIO MEIO;767,00;12/11/2025;05:37:34;20;1283-20
CO2;1283;CT-CO2-0;1f94f8ad-7171-b062-c0a5-dbf839ac97e9;CD:E6:D3:07;0;AVIÁRIO MEIO;779,00;12/11/2025;05:43:06;20;1283-20
CO2;1283;CT-CO2-0;1f94f8ad-7171-b062-c0a5-dbf839ac97e9;CD:E6:D3:07;0;AVIÁRIO MEIO;762,00;12/11/2025;05:48:08;20;1283-20
CO2;1283;CT-CO2-0;1f94f8ad-7171-b062-c0a5-dbf839ac97e9;CD:E6:D3:07;0;AVIÁRIO MEIO;761,00;12/11/2025;05:53:41;20;1283-20
CO2;1283;CT-CO2-0;1f94f8ad-7171-b062-c0a5-dbf839ac97e9;CD:E6:D3:07;0;AVIÁRIO MEIO;747,00;12/11/2025;05:59:44;20;1283-20
CO2;1283;CT-CO2-0;1f94f8ad-7171-b062-c0a5-dbf839ac97e9;CD:E6:D3:07;0;AVIÁRIO MEIO;772,00;12/11/2025;06:04:17;20;1283-20
CO2;1283;CT-CO2-0;1f94f8ad-7171-b062-c0a5-dbf839ac97e9;CD:E6:D3:07;0;AVIÁRIO MEIO;773,00;12/11/2025;06:09:49;20;1283-20
CO2;1283;CT-CO2-0;1f94f8ad-7171-b062-c0a5-dbf839ac97e9;CD:E6:D3:07;0;AVIÁRIO MEIO;772,00;12/11/2025;06:15:23;20;1283-20
CO2;1283;CT-CO2-0;1f94f8ad-7171-b062-c0a5-dbf839ac97e9;CD:E6:D3:07;0;AVIÁRIO MEIO;802,00;12/11/2025;06:20:29;20;1283-20
CO2;1283;CT-CO2-0;1f94f8ad-7171-b062-c0a5-dbf839ac97e9;CD:E6:D3:07;0;AVIÁRIO MEIO;799,00;12/11/2025;06:26:01;20;1283-20
CO2;1283;CT-CO2-0;1f94f8ad-7171-b062-c0a5-dbf839ac97e9;CD:E6:D3:07;0;AVIÁRIO MEIO;790,00;12/11/2025;06:31:34;20;1283-20
CO2;1283;CT-CO2-0;1f94f8ad-7171-b062-c0a5-dbf839ac97e9;CD:E6:D3:07;0;AVIÁRIO MEIO;786,00;12/11/2025;06:36:36;20;1283-20
CO2;1283;CT-CO2-0;1f94f8ad-7171-b062-c0a5-dbf839ac97e9;CD:E6:D3:07;0;AVIÁRIO MEIO;782,00;12/11/2025;06:42:08;20;1283-20
CO2;1283;CT-CO2-0;1f94f8ad-7171-b062-c0a5-dbf839ac97e9;CD:E6:D3:07;0;AVIÁRIO MEIO;784,00;12/11/2025;06:47:41;20;1283-20
CO2;1283;CT-CO2-0;1f94f8ad-7171-b062-c0a5-dbf839ac97e9;CD:E6:D3:07;0;AVIÁRIO MEIO;776,00;12/11/2025;06:52:42;20;1283-20
CO2;1283;CT-CO2-0;1f94f8ad-7171-b062-c0a5-dbf839ac97e9;CD:E6:D3:07;0;AVIÁRIO MEIO;790,00;12/11/2025;06:58:14;20;1283-20
CO2;1283;CT-CO2-0;1f94f8ad-7171-b062-c0a5-dbf839ac97e9;CD:E6:D3:07;0;AVIÁRIO MEIO;788,00;12/11/2025;07:03:46;20;1283-20
CO2;1283;CT-CO2-0;1f94f8ad-7171-b062-c0a5-dbf839ac97e9;CD:E6:D3:07;0;AVIÁRIO MEIO;785,00;12/11/2025;07:09:22;20;1283-20
CO2;1283;CT-CO2-0;1f94f8ad-7171-b062-c0a5-dbf839ac97e9;CD:E6:D3:07;0;AVIÁRIO MEIO;794,00;12/11/2025;07:14:23;20;1283-20
CO2;1283;CT-CO2-0;1f94f8ad-7171-b062-c0a5-dbf839ac97e9;CD:E6:D3:07;0;AVIÁRIO MEIO;768,00;12/11/2025;07:19:56;20;1283-20
CO2;1283;CT-CO2-0;1f94f8ad-7171-b062-c0a5-dbf839ac97e9;CD:E6:D3:07;0;AVIÁRIO MEIO;767,00;12/11/2025;07:24:58;20;1283-20
CO2;1283;CT-CO2-0;1f94f8ad-7171-b062-c0a5-dbf839ac97e9;CD:E6:D3:07;0;AVIÁRIO MEIO;774,00;12/11/2025;07:30:31;20;1283-20
CO2;1283;CT-CO2-0;1f94f8ad-7171-b062-c0a5-dbf839ac97e9;CD:E6:D3:07;0;AVIÁRIO MEIO;776,00;12/11/2025;07:36:03;20;1283-20
CO2;1283;CT-CO2-0;1f94f8ad-7171-b062-c0a5-dbf839ac97e9;CD:E6:D3:07;0;AVIÁRIO MEIO;787,00;12/11/2025;07:41:05;20;1283-20
CO2;1283;CT-CO2-0;1f94f8ad-7171-b062-c0a5-dbf839ac97e9;CD:E6:D3:07;0;AVIÁRIO MEIO;783,00;12/11/2025;07:46:36;20;1283-20
CO2;1283;CT-CO2-0;1f94f8ad-7171-b062-c0a5-dbf839ac97e9;CD:E6:D3:07;0;AVIÁRIO MEIO;780,00;12/11/2025;07:52:08;20;1283-20
CO2;1283;CT-CO2-0;1f94f8ad-7171-b062-c0a5-dbf839ac97e9;CD:E6:D3:07;0;AVIÁRIO MEIO;770,00;12/11/2025;07:57:41;20;1283-20
CO2;1283;CT-CO2-0;1f94f8ad-7171-b062-c0a5-dbf839ac97e9;CD:E6:D3:07;0;AVIÁRIO MEIO;772,00;12/11/2025;08:02:43;20;1283-20
CO2;1283;CT-CO2-0;1f94f8ad-7171-b062-c0a5-dbf839ac97e9;CD:E6:D3:07;0;AVIÁRIO MEIO;746,00;12/11/2025;08:08:15;20;1283-20
CO2;1283;CT-CO2-0;1f94f8ad-7171-b062-c0a5-dbf839ac97e9;CD:E6:D3:07;0;AVIÁRIO MEIO;710,00;12/11/2025;08:13:47;20;1283-20
CO2;1283;CT-CO2-0;1f94f8ad-7171-b062-c0a5-dbf839ac97e9;CD:E6:D3:07;0;AVIÁRIO MEIO;720,00;12/11/2025;08:19:21;20;1283-20
CO2;1283;CT-CO2-0;1f94f8ad-7171-b062-c0a5-dbf839ac97e9;CD:E6:D3:07;0;AVIÁRIO MEIO;726,00;12/11/2025;08:24:23;20;1283-20
CO2;1283;CT-CO2-0;1f94f8ad-7171-b062-c0a5-dbf839ac97e9;CD:E6:D3:07;0;AVIÁRIO MEIO;712,00;12/11/2025;08:29:55;20;1283-20
CO2;1283;CT-CO2-0;1f94f8ad-7171-b062-c0a5-dbf839ac97e9;CD:E6:D3:07;0;AVIÁRIO MEIO;694,00;12/11/2025;08:34:57;20;1283-20
CO2;1283;CT-CO2-0;1f94f8ad-7171-b062-c0a5-dbf839ac97e9;CD:E6:D3:07;0;AVIÁRIO MEIO;716,00;12/11/2025;08:40:31;20;1283-20
CO2;1283;CT-CO2-0;1f94f8ad-7171-b062-c0a5-dbf839ac97e9;CD:E6:D3:07;0;AVIÁRIO MEIO;734,00;12/11/2025;08:46:03;20;1283-20
CO2;1283;CT-CO2-0;1f94f8ad-7171-b062-c0a5-dbf839ac97e9;CD:E6:D3:07;0;AVIÁRIO MEIO;714,00;12/11/2025;08:51:05;20;1283-20
CO2;1283;CT-CO2-0;1f94f8ad-7171-b062-c0a5-dbf839ac97e9;CD:E6:D3:07;0;AVIÁRIO MEIO;718,00;12/11/2025;08:56:38;20;1283-20
CO2;1283;CT-CO2-0;1f94f8ad-7171-b062-c0a5-dbf839ac97e9;CD:E6:D3:07;0;AVIÁRIO MEIO;706,00;12/11/2025;09:02:09;20;1283-20
CO2;1283;CT-CO2-0;1f94f8ad-7171-b062-c0a5-dbf839ac97e9;CD:E6:D3:07;0;AVIÁRIO MEIO;684,00;12/11/2025;09:07:41;20;1283-20
CO2;1283;CT-CO2-0;1f94f8ad-7171-b062-c0a5-dbf839ac97e9;CD:E6:D3:07;0;AVIÁRIO MEIO;681,00;12/11/2025;09:12:43;20;1283-20
CO2;1283;CT-CO2-0;1f94f8ad-7171-b062-c0a5-dbf839ac97e9;CD:E6:D3:07;0;AVIÁRIO MEIO;668,00;12/11/2025;09:18:16;20;1283-20
CO2;1283;CT-CO2-0;1f94f8ad-7171-b062-c0a5-dbf839ac97e9;CD:E6:D3:07;0;AVIÁRIO MEIO;672,00;12/11/2025;09:23:47;20;1283-20
CO2;1283;CT-CO2-0;1f94f8ad-7171-b062-c0a5-dbf839ac97e9;CD:E6:D3:07;0;AVIÁRIO MEIO;658,00;12/11/2025;09:29:20;20;1283-20
CO2;1283;CT-CO2-0;1f94f8ad-7171-b062-c0a5-dbf839ac97e9;CD:E6:D3:07;0;AVIÁRIO MEIO;671,00;12/11/2025;09:34:22;20;1283-20
CO2;1283;CT-CO2-0;1f94f8ad-7171-b062-c0a5-dbf839ac97e9;CD:E6:D3:07;0;AVIÁRIO MEIO;715,00;12/11/2025;09:39:54;20;1283-20
CO2;1283;CT-CO2-0;1f94f8ad-7171-b062-c0a5-dbf839ac97e9;CD:E6:D3:07;0;AVIÁRIO MEIO;663,00;12/11/2025;09:44:56;20;1283-20
CO2;1283;CT-CO2-0;1f94f8ad-7171-b062-c0a5-dbf839ac97e9;CD:E6:D3:07;0;AVIÁRIO MEIO;644,00;12/11/2025;09:50:30;20;1283-20
CO2;1283;CT-CO2-0;1f94f8ad-7171-b062-c0a5-dbf839ac97e9;CD:E6:D3:07;0;AVIÁRIO MEIO;670,00;12/11/2025;09:56:03;20;1283-20
CO2;1283;CT-CO2-0;1f94f8ad-7171-b062-c0a5-dbf839ac97e9;CD:E6:D3:07;0;AVIÁRIO MEIO;671,00;12/11/2025;10:01:06;20;1283-20
CO2;1283;CT-CO2-0;1f94f8ad-7171-b062-c0a5-dbf839ac97e9;CD:E6:D3:07;0;AVIÁRIO MEIO;654,00;12/11/2025;10:06:38;20;1283-20
CO2;1283;CT-CO2-0;1f94f8ad-7171-b062-c0a5-dbf839ac97e9;CD:E6:D3:07;0;AVIÁRIO MEIO;622,00;12/11/2025;10:12:09;20;1283-20
CO2;1283;CT-CO2-0;1f94f8ad-7171-b062-c0a5-dbf839ac97e9;CD:E6:D3:07;0;AVIÁRIO MEIO;612,00;12/11/2025;10:17:41;20;1283-20
CO2;1283;CT-CO2-0;1f94f8ad-7171-b062-c0a5-dbf839ac97e9;CD:E6:D3:07;0;AVIÁRIO MEIO;610,00;12/11/2025;10:22:43;20;1283-20
CO2;1283;CT-CO2-0;1f94f8ad-7171-b062-c0a5-dbf839ac97e9;CD:E6:D3:07;0;AVIÁRIO MEIO;586,00;12/11/2025;10:28:15;20;1283-20
CO2;1283;CT-CO2-0;1f94f8ad-7171-b062-c0a5-dbf839ac97e9;CD:E6:D3:07;0;AVIÁRIO MEIO;600,00;12/11/2025;10:33:47;20;1283-20
CO2;1283;CT-CO2-0;1f94f8ad-7171-b062-c0a5-dbf839ac97e9;CD:E6:D3:07;0;AVIÁRIO MEIO;595,00;12/11/2025;10:39:19;20;1283-20
CO2;1283;CT-CO2-0;1f94f8ad-7171-b062-c0a5-dbf839ac97e9;CD:E6:D3:07;0;AVIÁRIO MEIO;602,00;12/11/2025;10:44:21;20;1283-20
CO2;1283;CT-CO2-0;1f94f8ad-7171-b062-c0a5-dbf839ac97e9;CD:E6:D3:07;0;AVIÁRIO MEIO;592,00;12/11/2025;10:49:53;20;1283-20
CO2;1283;CT-CO2-0;1f94f8ad-7171-b062-c0a5-dbf839ac97e9;CD:E6:D3:07;0;AVIÁRIO MEIO;601,00;12/11/2025;10:54:55;20;1283-20
CO2;1283;CT-CO2-0;1f94f8ad-7171-b062-c0a5-dbf839ac97e9;CD:E6:D3:07;0;AVIÁRIO MEIO;593,00;12/11/2025;11:00:27;20;1283-20
CO2;1283;CT-CO2-0;1f94f8ad-7171-b062-c0a5-dbf839ac97e9;CD:E6:D3:07;0;AVIÁRIO MEIO;588,00;12/11/2025;11:05:59;20;1283-20
CO2;1283;CT-CO2-0;1f94f8ad-7171-b062-c0a5-dbf839ac97e9;CD:E6:D3:07;0;AVIÁRIO MEIO;595,00;12/11/2025;11:11:31;20;1283-20
CO2;1283;CT-CO2-0;1f94f8ad-7171-b062-c0a5-dbf839ac97e9;CD:E6:D3:07;0;AVIÁRIO MEIO;600,00;12/11/2025;11:16:32;20;1283-20
CO2;1283;CT-CO2-0;1f94f8ad-7171-b062-c0a5-dbf839ac97e9;CD:E6:D3:07;0;AVIÁRIO MEIO;593,00;12/11/2025;11:22:04;20;1283-20
CO2;1283;CT-CO2-0;1f94f8ad-7171-b062-c0a5-dbf839ac97e9;CD:E6:D3:07;0;AVIÁRIO MEIO;594,00;12/11/2025;11:27:36;20;1283-20
CO2;1283;CT-CO2-0;1f94f8ad-7171-b062-c0a5-dbf839ac97e9;CD:E6:D3:07;0;AVIÁRIO MEIO;571,00;12/11/2025;11:32:37;20;1283-20
CO2;1283;CT-CO2-0;1f94f8ad-7171-b062-c0a5-dbf839ac97e9;CD:E6:D3:07;0;AVIÁRIO MEIO;585,00;12/11/2025;11:38:09;20;1283-20
CO2;1283;CT-CO2-0;1f94f8ad-7171-b062-c0a5-dbf839ac97e9;CD:E6:D3:07;0;AVIÁRIO MEIO;580,00;12/11/2025;11:43:42;20;1283-20
CO2;1283;CT-CO2-0;1f94f8ad-7171-b062-c0a5-dbf839ac97e9;CD:E6:D3:07;0;AVIÁRIO MEIO;581,00;12/11/2025;11:49:45;20;1283-20
CO2;1283;CT-CO2-0;1f94f8ad-7171-b062-c0a5-dbf839ac97e9;CD:E6:D3:07;0;AVIÁRIO MEIO;577,00;12/11/2025;11:54:17;20;1283-20
CO2;1283;CT-CO2-0;1f94f8ad-7171-b062-c0a5-dbf839ac97e9;CD:E6:D3:07;0;AVIÁRIO MEIO;588,00;12/11/2025;11:59:48;20;1283-20
CO2;1283;CT-CO2-0;1f94f8ad-7171-b062-c0a5-dbf839ac97e9;CD:E6:D3:07;0;AVIÁRIO MEIO;593,00;12/11/2025;12:05:20;20;1283-20
CO2;1283;CT-CO2-0;1f94f8ad-7171-b062-c0a5-dbf839ac97e9;CD:E6:D3:07;0;AVIÁRIO MEIO;605,00;12/11/2025;12:10:22;20;1283-20
CO2;1283;CT-CO2-0;1f94f8ad-7171-b062-c0a5-dbf839ac97e9;CD:E6:D3:07;0;AVIÁRIO MEIO;595,00;12/11/2025;12:15:54;20;1283-20
CO2;1283;CT-CO2-0;1f94f8ad-7171-b062-c0a5-dbf839ac97e9;CD:E6:D3:07;0;AVIÁRIO MEIO;600,00;12/11/2025;12:21:27;20;1283-20
CO2;1283;CT-CO2-0;1f94f8ad-7171-b062-c0a5-dbf839ac97e9;CD:E6:D3:07;0;AVIÁRIO MEIO;584,00;12/11/2025;12:26:29;20;1283-20
CO2;1283;CT-CO2-0;1f94f8ad-7171-b062-c0a5-dbf839ac97e9;CD:E6:D3:07;0;AVIÁRIO MEIO;594,00;12/11/2025;12:32:01;20;1283-20
CO2;1283;CT-CO2-0;1f94f8ad-7171-b062-c0a5-dbf839ac97e9;CD:E6:D3:07;0;AVIÁRIO MEIO;584,00;12/11/2025;12:37:33;20;1283-20
CO2;1283;CT-CO2-0;1f94f8ad-7171-b062-c0a5-dbf839ac97e9;CD:E6:D3:07;0;AVIÁRIO MEIO;576,00;12/11/2025;12:43:06;20;1283-20
CO2;1283;CT-CO2-0;1f94f8ad-7171-b062-c0a5-dbf839ac97e9;CD:E6:D3:07;0;AVIÁRIO MEIO;579,00;12/11/2025;12:48:07;20;1283-20
CO2;1283;CT-CO2-0;1f94f8ad-7171-b062-c0a5-dbf839ac97e9;CD:E6:D3:07;0;AVIÁRIO MEIO;593,00;12/11/2025;12:59:12;20;1283-20
CO2;1283;CT-CO2-0;1f94f8ad-7171-b062-c0a5-dbf839ac97e9;CD:E6:D3:07;0;AVIÁRIO MEIO;611,00;12/11/2025;13:04:14;20;1283-20
CO2;1283;CT-CO2-0;1f94f8ad-7171-b062-c0a5-dbf839ac97e9;CD:E6:D3:07;0;AVIÁRIO MEIO;597,00;12/11/2025;13:09:46;20;1283-20
CO2;1283;CT-CO2-0;1f94f8ad-7171-b062-c0a5-dbf839ac97e9;CD:E6:D3:07;0;AVIÁRIO MEIO;600,00;12/11/2025;13:20:50;20;1283-20
CO2;1283;CT-CO2-0;1f94f8ad-7171-b062-c0a5-dbf839ac97e9;CD:E6:D3:07;0;AVIÁRIO MEIO;602,00;12/11/2025;13:25:52;20;1283-20
CO2;1283;CT-CO2-0;1f94f8ad-7171-b062-c0a5-dbf839ac97e9;CD:E6:D3:07;0;AVIÁRIO MEIO;593,00;12/11/2025;13:31:25;20;1283-20
CO2;1283;CT-CO2-0;1f94f8ad-7171-b062-c0a5-dbf839ac97e9;CD:E6:D3:07;0;AVIÁRIO MEIO;593,00;12/11/2025;13:36:57;20;1283-20
CO2;1283;CT-CO2-0;1f94f8ad-7171-b062-c0a5-dbf839ac97e9;CD:E6:D3:07;0;AVIÁRIO MEIO;597,00;12/11/2025;13:41:59;20;1283-20
CO2;1283;CT-CO2-0;1f94f8ad-7171-b062-c0a5-dbf839ac97e9;CD:E6:D3:07;0;AVIÁRIO MEIO;586,00;12/11/2025;13:47:31;20;1283-20
CO2;1283;CT-CO2-0;1f94f8ad-7171-b062-c0a5-dbf839ac97e9;CD:E6:D3:07;0;AVIÁRIO MEIO;589,00;12/11/2025;13:53:03;20;1283-20
CO2;1283;CT-CO2-0;1f94f8ad-7171-b062-c0a5-dbf839ac97e9;CD:E6:D3:07;0;AVIÁRIO MEIO;578,00;12/11/2025;13:58:35;20;1283-20
CO2;1283;CT-CO2-0;1f94f8ad-7171-b062-c0a5-dbf839ac97e9;CD:E6:D3:07;0;AVIÁRIO MEIO;575,00;12/11/2025;14:04:08;20;1283-20
CO2;1283;CT-CO2-0;1f94f8ad-7171-b062-c0a5-dbf839ac97e9;CD:E6:D3:07;0;AVIÁRIO MEIO;628,00;12/11/2025;14:09:09;20;1283-20
CO2;1283;CT-CO2-0;1f94f8ad-7171-b062-c0a5-dbf839ac97e9;CD:E6:D3:07;0;AVIÁRIO MEIO;605,00;12/11/2025;14:14:46;20;1283-20
CO2;1283;CT-CO2-0;1f94f8ad-7171-b062-c0a5-dbf839ac97e9;CD:E6:D3:07;0;AVIÁRIO MEIO;612,00;12/11/2025;14:19:48;20;1283-20
CO2;1283;CT-CO2-0;1f94f8ad-7171-b062-c0a5-dbf839ac97e9;CD:E6:D3:07;0;AVIÁRIO MEIO;636,00;12/11/2025;14:25:20;20;1283-20
CO2;1283;CT-CO2-0;1f94f8ad-7171-b062-c0a5-dbf839ac97e9;CD:E6:D3:07;0;AVIÁRIO MEIO;683,00;12/11/2025;14:30:52;20;1283-20
CO2;1283;CT-CO2-0;1f94f8ad-7171-b062-c0a5-dbf839ac97e9;CD:E6:D3:07;0;AVIÁRIO MEIO;715,00;12/11/2025;14:36:25;20;1283-20
CO2;1283;CT-CO2-0;1f94f8ad-7171-b062-c0a5-dbf839ac97e9;CD:E6:D3:07;0;AVIÁRIO MEIO;659,00;12/11/2025;14:41:27;20;1283-20
CO2;1283;CT-CO2-0;1f94f8ad-7171-b062-c0a5-dbf839ac97e9;CD:E6:D3:07;0;AVIÁRIO MEIO;648,00;12/11/2025;14:46:59;20;1283-20
CO2;1283;CT-CO2-0;1f94f8ad-7171-b062-c0a5-dbf839ac97e9;CD:E6:D3:07;0;AVIÁRIO MEIO;692,00;12/11/2025;14:52:31;20;1283-20
CO2;1283;CT-CO2-0;1f94f8ad-7171-b062-c0a5-dbf839ac97e9;CD:E6:D3:07;0;AVIÁRIO MEIO;755,00;12/11/2025;14:57:33;20;1283-20
CO2;1283;CT-CO2-0;1f94f8ad-7171-b062-c0a5-dbf839ac97e9;CD:E6:D3:07;0;AVIÁRIO MEIO;798,00;12/11/2025;15:03:05;20;1283-20
CO2;1283;CT-CO2-0;1f94f8ad-7171-b062-c0a5-dbf839ac97e9;CD:E6:D3:07;0;AVIÁRIO MEIO;806,00;12/11/2025;15:09:08;20;1283-20
CO2;1283;CT-CO2-0;1f94f8ad-7171-b062-c0a5-dbf839ac97e9;CD:E6:D3:07;0;AVIÁRIO MEIO;827,00;12/11/2025;15:13:40;20;1283-20
CO2;1283;CT-CO2-0;1f94f8ad-7171-b062-c0a5-dbf839ac97e9;CD:E6:D3:07;0;AVIÁRIO MEIO;818,00;12/11/2025;15:19:15;20;1283-20
CO2;1283;CT-CO2-0;1f94f8ad-7171-b062-c0a5-dbf839ac97e9;CD:E6:D3:07;0;AVIÁRIO MEIO;826,00;12/11/2025;15:25:02;20;1283-20
CO2;1283;CT-CO2-0;1f94f8ad-7171-b062-c0a5-dbf839ac97e9;CD:E6:D3:07;0;AVIÁRIO MEIO;947,00;12/11/2025;15:30:04;20;1283-20
CO2;1283;CT-CO2-0;1f94f8ad-7171-b062-c0a5-dbf839ac97e9;CD:E6:D3:07;0;AVIÁRIO MEIO;851,00;12/11/2025;15:35:37;20;1283-20
CO2;1283;CT-CO2-0;1f94f8ad-7171-b062-c0a5-dbf839ac97e9;CD:E6:D3:07;0;AVIÁRIO MEIO;775,00;12/11/2025;15:40:39;20;1283-20
CO2;1283;CT-CO2-0;1f94f8ad-7171-b062-c0a5-dbf839ac97e9;CD:E6:D3:07;0;AVIÁRIO MEIO;786,00;12/11/2025;15:46:14;20;1283-20
CO2;1283;CT-CO2-0;1f94f8ad-7171-b062-c0a5-dbf839ac97e9;CD:E6:D3:07;0;AVIÁRIO MEIO;781,00;12/11/2025;15:51:18;20;1283-20
CO2;1283;CT-CO2-0;1f94f8ad-7171-b062-c0a5-dbf839ac97e9;CD:E6:D3:07;0;AVIÁRIO MEIO;779,00;12/11/2025;15:56:50;20;1283-20
CO2;1283;CT-CO2-0;1f94f8ad-7171-b062-c0a5-dbf839ac97e9;CD:E6:D3:07;0;AVIÁRIO MEIO;842,00;12/11/2025;16:02:22;20;1283-20
CO2;1283;CT-CO2-0;1f94f8ad-7171-b062-c0a5-dbf839ac97e9;CD:E6:D3:07;0;AVIÁRIO MEIO;809,00;12/11/2025;16:07:24;20;1283-20
CO2;1283;CT-CO2-0;1f94f8ad-7171-b062-c0a5-dbf839ac97e9;CD:E6:D3:07;0;AVIÁRIO MEIO;779,00;12/11/2025;16:12:56;20;1283-20
CO2;1283;CT-CO2-0;1f94f8ad-7171-b062-c0a5-dbf839ac97e9;CD:E6:D3:07;0;AVIÁRIO MEIO;787,00;12/11/2025;16:18:58;20;1283-20
CO2;1283;CT-CO2-0;1f94f8ad-7171-b062-c0a5-dbf839ac97e9;CD:E6:D3:07;0;AVIÁRIO MEIO;781,00;12/11/2025;16:23:30;20;1283-20
CO2;1283;CT-CO2-0;1f94f8ad-7171-b062-c0a5-dbf839ac97e9;CD:E6:D3:07;0;AVIÁRIO MEIO;776,00;12/11/2025;16:29:02;20;1283-20
CO2;1283;CT-CO2-0;1f94f8ad-7171-b062-c0a5-dbf839ac97e9;CD:E6:D3:07;0;AVIÁRIO MEIO;788,00;12/11/2025;16:34:34;20;1283-20
CO2;1283;CT-CO2-0;1f94f8ad-7171-b062-c0a5-dbf839ac97e9;CD:E6:D3:07;0;AVIÁRIO MEIO;786,00;12/11/2025;16:39:36;20;1283-20
CO2;1283;CT-CO2-0;1f94f8ad-7171-b062-c0a5-dbf839ac97e9;CD:E6:D3:07;0;AVIÁRIO MEIO;791,00;12/11/2025;16:50:42;20;1283-20
CO2;1283;CT-CO2-0;1f94f8ad-7171-b062-c0a5-dbf839ac97e9;CD:E6:D3:07;0;AVIÁRIO MEIO;873,00;12/11/2025;16:55:44;20;1283-20
CO2;1283;CT-CO2-0;1f94f8ad-7171-b062-c0a5-dbf839ac97e9;CD:E6:D3:07;0;AVIÁRIO MEIO;832,00;12/11/2025;17:01:17;20;1283-20
CO2;1283;CT-CO2-0;1f94f8ad-7171-b062-c0a5-dbf839ac97e9;CD:E6:D3:07;0;AVIÁRIO MEIO;791,00;12/11/2025;17:06:50;20;1283-20
CO2;1283;CT-CO2-0;1f94f8ad-7171-b062-c0a5-dbf839ac97e9;CD:E6:D3:07;0;AVIÁRIO MEIO;775,00;12/11/2025;17:11:52;20;1283-20
CO2;1283;CT-CO2-0;1f94f8ad-7171-b062-c0a5-dbf839ac97e9;CD:E6:D3:07;0;AVIÁRIO MEIO;764,00;12/11/2025;17:17:23;20;1283-20
CO2;1283;CT-CO2-0;1f94f8ad-7171-b062-c0a5-dbf839ac97e9;CD:E6:D3:07;0;AVIÁRIO MEIO;767,00;12/11/2025;17:22:56;20;1283-20
CO2;1283;CT-CO2-0;1f94f8ad-7171-b062-c0a5-dbf839ac97e9;CD:E6:D3:07;0;AVIÁRIO MEIO;768,00;12/11/2025;17:29:01;20;1283-20
CO2;1283;CT-CO2-0;1f94f8ad-7171-b062-c0a5-dbf839ac97e9;CD:E6:D3:07;0;AVIÁRIO MEIO;776,00;12/11/2025;17:33:33;20;1283-20
CO2;1283;CT-CO2-0;1f94f8ad-7171-b062-c0a5-dbf839ac97e9;CD:E6:D3:07;0;AVIÁRIO MEIO;767,00;12/11/2025;17:39:05;20;1283-20
CO2;1283;CT-CO2-0;1f94f8ad-7171-b062-c0a5-dbf839ac97e9;CD:E6:D3:07;0;AVIÁRIO MEIO;766,00;12/11/2025;17:44:12;20;1283-20
CO2;1283;CT-CO2-0;1f94f8ad-7171-b062-c0a5-dbf839ac97e9;CD:E6:D3:07;0;AVIÁRIO MEIO;770,00;12/11/2025;17:49:45;20;1283-20
CO2;1283;CT-CO2-0;1f94f8ad-7171-b062-c0a5-dbf839ac97e9;CD:E6:D3:07;0;AVIÁRIO MEIO;769,00;12/11/2025;17:55:17;20;1283-20
CO2;1283;CT-CO2-0;1f94f8ad-7171-b062-c0a5-dbf839ac97e9;CD:E6:D3:07;0;AVIÁRIO MEIO;773,00;12/11/2025;18:00:19;20;1283-20
CO2;1283;CT-CO2-0;1f94f8ad-7171-b062-c0a5-dbf839ac97e9;CD:E6:D3:07;0;AVIÁRIO MEIO;769,00;12/11/2025;18:05:51;20;1283-20
CO2;1283;CT-CO2-0;1f94f8ad-7171-b062-c0a5-dbf839ac97e9;CD:E6:D3:07;0;AVIÁRIO MEIO;767,00;12/11/2025;18:11:23;20;1283-20
CO2;1283;CT-CO2-0;1f94f8ad-7171-b062-c0a5-dbf839ac97e9;CD:E6:D3:07;0;AVIÁRIO MEIO;787,00;12/11/2025;18:16:24;20;1283-20
CO2;1283;CT-CO2-0;1f94f8ad-7171-b062-c0a5-dbf839ac97e9;CD:E6:D3:07;0;AVIÁRIO MEIO;790,00;12/11/2025;18:21:56;20;1283-20
CO2;1283;CT-CO2-0;1f94f8ad-7171-b062-c0a5-dbf839ac97e9;CD:E6:D3:07;0;AVIÁRIO MEIO;785,00;12/11/2025;18:27:30;20;1283-20
CO2;1283;CT-CO2-0;1f94f8ad-7171-b062-c0a5-dbf839ac97e9;CD:E6:D3:07;0;AVIÁRIO MEIO;773,00;12/11/2025;18:32:32;20;1283-20
CO2;1283;CT-CO2-0;1f94f8ad-7171-b062-c0a5-dbf839ac97e9;CD:E6:D3:07;0;AVIÁRIO MEIO;811,00;12/11/2025;18:38:36;20;1283-20
CO2;1283;CT-CO2-0;1f94f8ad-7171-b062-c0a5-dbf839ac97e9;CD:E6:D3:07;0;AVIÁRIO MEIO;800,00;12/11/2025;18:43:38;20;1283-20
CO2;1283;CT-CO2-0;1f94f8ad-7171-b062-c0a5-dbf839ac97e9;CD:E6:D3:07;0;AVIÁRIO MEIO;784,00;12/11/2025;18:48:40;20;1283-20
CO2;1283;CT-CO2-0;1f94f8ad-7171-b062-c0a5-dbf839ac97e9;CD:E6:D3:07;0;AVIÁRIO MEIO;852,00;12/11/2025;18:54:12;20;1283-20
CO2;1283;CT-CO2-0;1f94f8ad-7171-b062-c0a5-dbf839ac97e9;CD:E6:D3:07;0;AVIÁRIO MEIO;803,00;12/11/2025;18:59:44;20;1283-20
CO2;1283;CT-CO2-0;1f94f8ad-7171-b062-c0a5-dbf839ac97e9;CD:E6:D3:07;0;AVIÁRIO MEIO;789,00;12/11/2025;19:04:46;20;1283-20
CO2;1283;CT-CO2-0;1f94f8ad-7171-b062-c0a5-dbf839ac97e9;CD:E6:D3:07;0;AVIÁRIO MEIO;803,00;12/11/2025;19:15:50;20;1283-20
CO2;1283;CT-CO2-0;1f94f8ad-7171-b062-c0a5-dbf839ac97e9;CD:E6:D3:07;0;AVIÁRIO MEIO;811,00;12/11/2025;19:20:52;20;1283-20
CO2;1283;CT-CO2-0;1f94f8ad-7171-b062-c0a5-dbf839ac97e9;CD:E6:D3:07;0;AVIÁRIO MEIO;791,00;12/11/2025;19:26:24;20;1283-20
CO2;1283;CT-CO2-0;1f94f8ad-7171-b062-c0a5-dbf839ac97e9;CD:E6:D3:07;0;AVIÁRIO MEIO;854,00;12/11/2025;19:31:56;20;1283-20
CO2;1283;CT-CO2-0;1f94f8ad-7171-b062-c0a5-dbf839ac97e9;CD:E6:D3:07;0;AVIÁRIO MEIO;811,00;12/11/2025;19:36:58;20;1283-20
CO2;1283;CT-CO2-0;1f94f8ad-7171-b062-c0a5-dbf839ac97e9;CD:E6:D3:07;0;AVIÁRIO MEIO;792,00;12/11/2025;19:42:30;20;1283-20
CO2;1283;CT-CO2-0;1f94f8ad-7171-b062-c0a5-dbf839ac97e9;CD:E6:D3:07;0;AVIÁRIO MEIO;811,00;12/11/2025;19:48:34;20;1283-20
CO2;1283;CT-CO2-0;1f94f8ad-7171-b062-c0a5-dbf839ac97e9;CD:E6:D3:07;0;AVIÁRIO MEIO;808,00;12/11/2025;19:53:05;20;1283-20
CO2;1283;CT-CO2-0;1f94f8ad-7171-b062-c0a5-dbf839ac97e9;CD:E6:D3:07;0;AVIÁRIO MEIO;802,00;12/11/2025;19:58:38;20;1283-20
CO2;1283;CT-CO2-0;1f94f8ad-7171-b062-c0a5-dbf839ac97e9;CD:E6:D3:07;0;AVIÁRIO MEIO;804,00;12/11/2025;20:04:10;20;1283-20
CO2;1283;CT-CO2-0;1f94f8ad-7171-b062-c0a5-dbf839ac97e9;CD:E6:D3:07;0;AVIÁRIO MEIO;798,00;12/11/2025;20:09:12;20;1283-20
CO2;1283;CT-CO2-0;1f94f8ad-7171-b062-c0a5-dbf839ac97e9;CD:E6:D3:07;0;AVIÁRIO MEIO;825,00;12/11/2025;20:14:45;20;1283-20
CO2;1283;CT-CO2-0;1f94f8ad-7171-b062-c0a5-dbf839ac97e9;CD:E6:D3:07;0;AVIÁRIO MEIO;821,00;12/11/2025;20:20:17;20;1283-20
CO2;1283;CT-CO2-0;1f94f8ad-7171-b062-c0a5-dbf839ac97e9;CD:E6:D3:07;0;AVIÁRIO MEIO;807,00;12/11/2025;20:25:19;20;1283-20
CO2;1283;CT-CO2-0;1f94f8ad-7171-b062-c0a5-dbf839ac97e9;CD:E6:D3:07;0;AVIÁRIO MEIO;808,00;12/11/2025;20:31:02;20;1283-20
CO2;1283;CT-CO2-0;1f94f8ad-7171-b062-c0a5-dbf839ac97e9;CD:E6:D3:07;0;AVIÁRIO MEIO;815,00;12/11/2025;20:36:04;20;1283-20
CO2;1283;CT-CO2-0;1f94f8ad-7171-b062-c0a5-dbf839ac97e9;CD:E6:D3:07;0;AVIÁRIO MEIO;818,00;12/11/2025;20:41:42;20;1283-20
CO2;1283;CT-CO2-0;1f94f8ad-7171-b062-c0a5-dbf839ac97e9;CD:E6:D3:07;0;AVIÁRIO MEIO;825,00;12/11/2025;20:47:13;20;1283-20
CO2;1283;CT-CO2-0;1f94f8ad-7171-b062-c0a5-dbf839ac97e9;CD:E6:D3:07;0;AVIÁRIO MEIO;820,00;12/11/2025;20:52:15;20;1283-20
CO2;1283;CT-CO2-0;1f94f8ad-7171-b062-c0a5-dbf839ac97e9;CD:E6:D3:07;0;AVIÁRIO MEIO;822,00;12/11/2025;20:58:31;20;1283-20
CO2;1283;CT-CO2-0;1f94f8ad-7171-b062-c0a5-dbf839ac97e9;CD:E6:D3:07;0;AVIÁRIO MEIO;820,00;12/11/2025;21:06:33;20;1283-20
CO2;1283;CT-CO2-0;1f94f8ad-7171-b062-c0a5-dbf839ac97e9;CD:E6:D3:07;0;AVIÁRIO MEIO;839,00;12/11/2025;21:12:05;20;1283-20
CO2;1283;CT-CO2-0;1f94f8ad-7171-b062-c0a5-dbf839ac97e9;CD:E6:D3:07;0;AVIÁRIO MEIO;828,00;12/11/2025;21:17:07;20;1283-20
CO2;1283;CT-CO2-0;1f94f8ad-7171-b062-c0a5-dbf839ac97e9;CD:E6:D3:07;0;AVIÁRIO MEIO;813,00;12/11/2025;21:22:39;20;1283-20
CO2;1283;CT-CO2-0;1f94f8ad-7171-b062-c0a5-dbf839ac97e9;CD:E6:D3:07;0;AVIÁRIO MEIO;833,00;12/11/2025;21:28:10;20;1283-20
CO2;1283;CT-CO2-0;1f94f8ad-7171-b062-c0a5-dbf839ac97e9;CD:E6:D3:07;0;AVIÁRIO MEIO;855,00;12/11/2025;21:33:11;20;1283-20
CO2;1283;CT-CO2-0;1f94f8ad-7171-b062-c0a5-dbf839ac97e9;CD:E6:D3:07;0;AVIÁRIO MEIO;802,00;12/11/2025;21:38:43;20;1283-20
CO2;1283;CT-CO2-0;1f94f8ad-7171-b062-c0a5-dbf839ac97e9;CD:E6:D3:07;0;AVIÁRIO MEIO;806,00;12/11/2025;21:44:15;20;1283-20
CO2;1283;CT-CO2-0;1f94f8ad-7171-b062-c0a5-dbf839ac97e9;CD:E6:D3:07;0;AVIÁRIO MEIO;809,00;12/11/2025;21:49:47;20;1283-20
CO2;1283;CT-CO2-0;1f94f8ad-7171-b062-c0a5-dbf839ac97e9;CD:E6:D3:07;0;AVIÁRIO MEIO;800,00;12/11/2025;21:54:49;20;1283-20
CO2;1283;CT-CO2-0;1f94f8ad-7171-b062-c0a5-dbf839ac97e9;CD:E6:D3:07;0;AVIÁRIO MEIO;803,00;12/11/2025;22:06:26;20;1283-20
CO2;1283;CT-CO2-0;1f94f8ad-7171-b062-c0a5-dbf839ac97e9;CD:E6:D3:07;0;AVIÁRIO MEIO;862,00;12/11/2025;22:10:59;20;1283-20
CO2;1283;CT-CO2-0;1f94f8ad-7171-b062-c0a5-dbf839ac97e9;CD:E6:D3:07;0;AVIÁRIO MEIO;821,00;12/11/2025;22:16:31;20;1283-20
CO2;1283;CT-CO2-0;1f94f8ad-7171-b062-c0a5-dbf839ac97e9;CD:E6:D3:07;0;AVIÁRIO MEIO;807,00;12/11/2025;22:22:03;20;1283-20
CO2;1283;CT-CO2-0;1f94f8ad-7171-b062-c0a5-dbf839ac97e9;CD:E6:D3:07;0;AVIÁRIO MEIO;797,00;12/11/2025;22:27:04;20;1283-20
CO2;1283;CT-CO2-0;1f94f8ad-7171-b062-c0a5-dbf839ac97e9;CD:E6:D3:07;0;AVIÁRIO MEIO;793,00;12/11/2025;22:32:37;20;1283-20
CO2;1283;CT-CO2-0;1f94f8ad-7171-b062-c0a5-dbf839ac97e9;CD:E6:D3:07;0;AVIÁRIO MEIO;797,00;12/11/2025;22:38:09;20;1283-20
CO2;1283;CT-CO2-0;1f94f8ad-7171-b062-c0a5-dbf839ac97e9;CD:E6:D3:07;0;AVIÁRIO MEIO;777,00;12/11/2025;22:43:10;20;1283-20
CO2;1283;CT-CO2-0;1f94f8ad-7171-b062-c0a5-dbf839ac97e9;CD:E6:D3:07;0;AVIÁRIO MEIO;775,00;12/11/2025;22:48:42;20;1283-20
CO2;1283;CT-CO2-0;1f94f8ad-7171-b062-c0a5-dbf839ac97e9;CD:E6:D3:07;0;AVIÁRIO MEIO;782,00;12/11/2025;22:54:14;20;1283-20
CO2;1283;CT-CO2-0;1f94f8ad-7171-b062-c0a5-dbf839ac97e9;CD:E6:D3:07;0;AVIÁRIO MEIO;778,00;12/11/2025;22:59:16;20;1283-20
CO2;1283;CT-CO2-0;1f94f8ad-7171-b062-c0a5-dbf839ac97e9;CD:E6:D3:07;0;AVIÁRIO MEIO;794,00;12/11/2025;23:04:48;20;1283-20
CO2;1283;CT-CO2-0;1f94f8ad-7171-b062-c0a5-dbf839ac97e9;CD:E6:D3:07;0;AVIÁRIO MEIO;791,00;12/11/2025;23:10:22;20;1283-20
CO2;1283;CT-CO2-0;1f94f8ad-7171-b062-c0a5-dbf839ac97e9;CD:E6:D3:07;0;AVIÁRIO MEIO;794,00;12/11/2025;23:15:56;20;1283-20
CO2;1283;CT-CO2-0;1f94f8ad-7171-b062-c0a5-dbf839ac97e9;CD:E6:D3:07;0;AVIÁRIO MEIO;787,00;12/11/2025;23:20:58;20;1283-20
CO2;1283;CT-CO2-0;1f94f8ad-7171-b062-c0a5-dbf839ac97e9;CD:E6:D3:07;0;AVIÁRIO MEIO;788,00;12/11/2025;23:26:30;20;1283-20
CO2;1283;CT-CO2-0;1f94f8ad-7171-b062-c0a5-dbf839ac97e9;CD:E6:D3:07;0;AVIÁRIO MEIO;793,00;12/11/2025;23:31:33;20;1283-20
CO2;1283;CT-CO2-0;1f94f8ad-7171-b062-c0a5-dbf839ac97e9;CD:E6:D3:07;0;AVIÁRIO MEIO;777,00;12/11/2025;23:37:05;20;1283-20
CO2;1283;CT-CO2-0;1f94f8ad-7171-b062-c0a5-dbf839ac97e9;CD:E6:D3:07;0;AVIÁRIO MEIO;784,00;12/11/2025;23:42:37;20;1283-20
CO2;1283;CT-CO2-0;1f94f8ad-7171-b062-c0a5-dbf839ac97e9;CD:E6:D3:07;0;AVIÁRIO MEIO;787,00;12/11/2025;23:47:39;20;1283-20
CO2;1283;CT-CO2-0;1f94f8ad-7171-b062-c0a5-dbf839ac97e9;CD:E6:D3:07;0;AVIÁRIO MEIO;770,00;12/11/2025;23:53:10;20;1283-20
CO2;1283;CT-CO2-0;1f94f8ad-7171-b062-c0a5-dbf839ac97e9;CD:E6:D3:07;0;AVIÁRIO MEIO;779,00;12/11/2025;23:58:42;20;1283-20
CO2;1283;CT-CO2-0;1f94f8ad-7171-b062-c0a5-dbf839ac97e9;CD:E6:D3:07;0;AVIÁRIO MEIO;784,00;13/11/2025;00:03:44;20;1283-20
CO2;1283;CT-CO2-0;1f94f8ad-7171-b062-c0a5-dbf839ac97e9;CD:E6:D3:07;0;AVIÁRIO MEIO;784,00;13/11/2025;00:09:15;20;1283-20
CO2;1283;CT-CO2-0;1f94f8ad-7171-b062-c0a5-dbf839ac97e9;CD:E6:D3:07;0;AVIÁRIO MEIO;791,00;13/11/2025;00:14:47;20;1283-20
CO2;1283;CT-CO2-0;1f94f8ad-7171-b062-c0a5-dbf839ac97e9;CD:E6:D3:07;0;AVIÁRIO MEIO;769,00;13/11/2025;00:19:50;20;1283-20
CO2;1283;CT-CO2-0;1f94f8ad-7171-b062-c0a5-dbf839ac97e9;CD:E6:D3:07;0;AVIÁRIO MEIO;770,00;13/11/2025;00:25:54;20;1283-20
CO2;1283;CT-CO2-0;1f94f8ad-7171-b062-c0a5-dbf839ac97e9;CD:E6:D3:07;0;AVIÁRIO MEIO;777,00;13/11/2025;00:30:57;20;1283-20
CO2;1283;CT-CO2-0;1f94f8ad-7171-b062-c0a5-dbf839ac97e9;CD:E6:D3:07;0;AVIÁRIO MEIO;762,00;13/11/2025;00:36:00;20;1283-20
CO2;1283;CT-CO2-0;1f94f8ad-7171-b062-c0a5-dbf839ac97e9;CD:E6:D3:07;0;AVIÁRIO MEIO;774,00;13/11/2025;00:41:33;20;1283-20
CO2;1283;CT-CO2-0;1f94f8ad-7171-b062-c0a5-dbf839ac97e9;CD:E6:D3:07;0;AVIÁRIO MEIO;766,00;13/11/2025;00:47:05;20;1283-20
CO2;1283;CT-CO2-0;1f94f8ad-7171-b062-c0a5-dbf839ac97e9;CD:E6:D3:07;0;AVIÁRIO MEIO;784,00;13/11/2025;00:52:07;20;1283-20
CO2;1283;CT-CO2-0;1f94f8ad-7171-b062-c0a5-dbf839ac97e9;CD:E6:D3:07;0;AVIÁRIO MEIO;773,00;13/11/2025;00:57:39;20;1283-20
CO2;1283;CT-CO2-0;1f94f8ad-7171-b062-c0a5-dbf839ac97e9;CD:E6:D3:07;0;AVIÁRIO MEIO;764,00;13/11/2025;01:03:12;20;1283-20
CO2;1283;CT-CO2-0;1f94f8ad-7171-b062-c0a5-dbf839ac97e9;CD:E6:D3:07;0;AVIÁRIO MEIO;776,00;13/11/2025;01:08:15;20;1283-20
CO2;1283;CT-CO2-0;1f94f8ad-7171-b062-c0a5-dbf839ac97e9;CD:E6:D3:07;0;AVIÁRIO MEIO;770,00;13/11/2025;01:13:47;20;1283-20
CO2;1283;CT-CO2-0;1f94f8ad-7171-b062-c0a5-dbf839ac97e9;CD:E6:D3:07;0;AVIÁRIO MEIO;776,00;13/11/2025;01:19:19;20;1283-20
CO2;1283;CT-CO2-0;1f94f8ad-7171-b062-c0a5-dbf839ac97e9;CD:E6:D3:07;0;AVIÁRIO MEIO;767,00;13/11/2025;01:24:21;20;1283-20
CO2;1283;CT-CO2-0;1f94f8ad-7171-b062-c0a5-dbf839ac97e9;CD:E6:D3:07;0;AVIÁRIO MEIO;768,00;13/11/2025;01:29:53;20;1283-20
CO2;1283;CT-CO2-0;1f94f8ad-7171-b062-c0a5-dbf839ac97e9;CD:E6:D3:07;0;AVIÁRIO MEIO;772,00;13/11/2025;01:35:58;20;1283-20
CO2;1283;CT-CO2-0;1f94f8ad-7171-b062-c0a5-dbf839ac97e9;CD:E6:D3:07;0;AVIÁRIO MEIO;761,00;13/11/2025;01:40:29;20;1283-20
CO2;1283;CT-CO2-0;1f94f8ad-7171-b062-c0a5-dbf839ac97e9;CD:E6:D3:07;0;AVIÁRIO MEIO;765,00;13/11/2025;01:46:01;20;1283-20
CO2;1283;CT-CO2-0;1f94f8ad-7171-b062-c0a5-dbf839ac97e9;CD:E6:D3:07;0;AVIÁRIO MEIO;763,00;13/11/2025;01:51:33;20;1283-20
CO2;1283;CT-CO2-0;1f94f8ad-7171-b062-c0a5-dbf839ac97e9;CD:E6:D3:07;0;AVIÁRIO MEIO;769,00;13/11/2025;01:56:36;20;1283-20
CO2;1283;CT-CO2-0;1f94f8ad-7171-b062-c0a5-dbf839ac97e9;CD:E6:D3:07;0;AVIÁRIO MEIO;765,00;13/11/2025;02:02:07;20;1283-20
CO2;1283;CT-CO2-0;1f94f8ad-7171-b062-c0a5-dbf839ac97e9;CD:E6:D3:07;0;AVIÁRIO MEIO;799,00;13/11/2025;02:07:40;20;1283-20
CO2;1283;CT-CO2-0;1f94f8ad-7171-b062-c0a5-dbf839ac97e9;CD:E6:D3:07;0;AVIÁRIO MEIO;762,00;13/11/2025;02:12:42;20;1283-20
CO2;1283;CT-CO2-0;1f94f8ad-7171-b062-c0a5-dbf839ac97e9;CD:E6:D3:07;0;AVIÁRIO MEIO;762,00;13/11/2025;02:18:14;20;1283-20
CO2;1283;CT-CO2-0;1f94f8ad-7171-b062-c0a5-dbf839ac97e9;CD:E6:D3:07;0;AVIÁRIO MEIO;758,00;13/11/2025;02:23:46;20;1283-20
CO2;1283;CT-CO2-0;1f94f8ad-7171-b062-c0a5-dbf839ac97e9;CD:E6:D3:07;0;AVIÁRIO MEIO;769,00;13/11/2025;02:28:48;20;1283-20
CO2;1283;CT-CO2-0;1f94f8ad-7171-b062-c0a5-dbf839ac97e9;CD:E6:D3:07;0;AVIÁRIO MEIO;756,00;13/11/2025;02:34:21;20;1283-20
CO2;1283;CT-CO2-0;1f94f8ad-7171-b062-c0a5-dbf839ac97e9;CD:E6:D3:07;0;AVIÁRIO MEIO;751,00;13/11/2025;02:39:53;20;1283-20
CO2;1283;CT-CO2-0;1f94f8ad-7171-b062-c0a5-dbf839ac97e9;CD:E6:D3:07;0;AVIÁRIO MEIO;770,00;13/11/2025;02:45:26;20;1283-20
CO2;1283;CT-CO2-0;1f94f8ad-7171-b062-c0a5-dbf839ac97e9;CD:E6:D3:07;0;AVIÁRIO MEIO;770,00;13/11/2025;02:50:28;20;1283-20
CO2;1283;CT-CO2-0;1f94f8ad-7171-b062-c0a5-dbf839ac97e9;CD:E6:D3:07;0;AVIÁRIO MEIO;766,00;13/11/2025;02:56:01;20;1283-20
CO2;1283;CT-CO2-0;1f94f8ad-7171-b062-c0a5-dbf839ac97e9;CD:E6:D3:07;0;AVIÁRIO MEIO;777,00;13/11/2025;03:01:03;20;1283-20
CO2;1283;CT-CO2-0;1f94f8ad-7171-b062-c0a5-dbf839ac97e9;CD:E6:D3:07;0;AVIÁRIO MEIO;771,00;13/11/2025;03:06:35;20;1283-20
CO2;1283;CT-CO2-0;1f94f8ad-7171-b062-c0a5-dbf839ac97e9;CD:E6:D3:07;0;AVIÁRIO MEIO;765,00;13/11/2025;03:12:08;20;1283-20
CO2;1283;CT-CO2-0;1f94f8ad-7171-b062-c0a5-dbf839ac97e9;CD:E6:D3:07;0;AVIÁRIO MEIO;755,00;13/11/2025;03:17:09;20;1283-20
CO2;1283;CT-CO2-0;1f94f8ad-7171-b062-c0a5-dbf839ac97e9;CD:E6:D3:07;0;AVIÁRIO MEIO;770,00;13/11/2025;03:22:42;20;1283-20
CO2;1283;CT-CO2-0;1f94f8ad-7171-b062-c0a5-dbf839ac97e9;CD:E6:D3:07;0;AVIÁRIO MEIO;773,00;13/11/2025;03:28:15;20;1283-20
CO2;1283;CT-CO2-0;1f94f8ad-7171-b062-c0a5-dbf839ac97e9;CD:E6:D3:07;0;AVIÁRIO MEIO;777,00;13/11/2025;03:33:19;20;1283-20
CO2;1283;CT-CO2-0;1f94f8ad-7171-b062-c0a5-dbf839ac97e9;CD:E6:D3:07;0;AVIÁRIO MEIO;785,00;13/11/2025;03:38:52;20;1283-20
CO2;1283;CT-CO2-0;1f94f8ad-7171-b062-c0a5-dbf839ac97e9;CD:E6:D3:07;0;AVIÁRIO MEIO;773,00;13/11/2025;03:44:25;20;1283-20
CO2;1283;CT-CO2-0;1f94f8ad-7171-b062-c0a5-dbf839ac97e9;CD:E6:D3:07;0;AVIÁRIO MEIO;773,00;13/11/2025;03:49:27;20;1283-20
CO2;1283;CT-CO2-0;1f94f8ad-7171-b062-c0a5-dbf839ac97e9;CD:E6:D3:07;0;AVIÁRIO MEIO;761,00;13/11/2025;03:55:31;20;1283-20
CO2;1283;CT-CO2-0;1f94f8ad-7171-b062-c0a5-dbf839ac97e9;CD:E6:D3:07;0;AVIÁRIO MEIO;760,00;13/11/2025;04:00:32;20;1283-20
CO2;1283;CT-CO2-0;1f94f8ad-7171-b062-c0a5-dbf839ac97e9;CD:E6:D3:07;0;AVIÁRIO MEIO;768,00;13/11/2025;04:05:34;20;1283-20
CO2;1283;CT-CO2-0;1f94f8ad-7171-b062-c0a5-dbf839ac97e9;CD:E6:D3:07;0;AVIÁRIO MEIO;770,00;13/11/2025;04:11:07;20;1283-20
CO2;1283;CT-CO2-0;1f94f8ad-7171-b062-c0a5-dbf839ac97e9;CD:E6:D3:07;0;AVIÁRIO MEIO;783,00;13/11/2025;04:16:40;20;1283-20
CO2;1283;CT-CO2-0;1f94f8ad-7171-b062-c0a5-dbf839ac97e9;CD:E6:D3:07;0;AVIÁRIO MEIO;757,00;13/11/2025;04:21:43;20;1283-20
CO2;1283;CT-CO2-0;1f94f8ad-7171-b062-c0a5-dbf839ac97e9;CD:E6:D3:07;0;AVIÁRIO MEIO;746,00;13/11/2025;04:27:16;20;1283-20
CO2;1283;CT-CO2-0;1f94f8ad-7171-b062-c0a5-dbf839ac97e9;CD:E6:D3:07;0;AVIÁRIO MEIO;765,00;13/11/2025;04:32:18;20;1283-20
CO2;1283;CT-CO2-0;1f94f8ad-7171-b062-c0a5-dbf839ac97e9;CD:E6:D3:07;0;AVIÁRIO MEIO;752,00;13/11/2025;04:37:49;20;1283-20
CO2;1283;CT-CO2-0;1f94f8ad-7171-b062-c0a5-dbf839ac97e9;CD:E6:D3:07;0;AVIÁRIO MEIO;748,00;13/11/2025;04:43:20;20;1283-20
CO2;1283;CT-CO2-0;1f94f8ad-7171-b062-c0a5-dbf839ac97e9;CD:E6:D3:07;0;AVIÁRIO MEIO;765,00;13/11/2025;04:48:52;20;1283-20
CO2;1283;CT-CO2-0;1f94f8ad-7171-b062-c0a5-dbf839ac97e9;CD:E6:D3:07;0;AVIÁRIO MEIO;745,00;13/11/2025;04:53:55;20;1283-20
CO2;1283;CT-CO2-0;1f94f8ad-7171-b062-c0a5-dbf839ac97e9;CD:E6:D3:07;0;AVIÁRIO MEIO;756,00;13/11/2025;04:59:28;20;1283-20
CO2;1283;CT-CO2-0;1f94f8ad-7171-b062-c0a5-dbf839ac97e9;CD:E6:D3:07;0;AVIÁRIO MEIO;758,00;13/11/2025;05:10:03;20;1283-20
CO2;1283;CT-CO2-0;1f94f8ad-7171-b062-c0a5-dbf839ac97e9;CD:E6:D3:07;0;AVIÁRIO MEIO;763,00;13/11/2025;05:15:35;20;1283-20
CO2;1283;CT-CO2-0;1f94f8ad-7171-b062-c0a5-dbf839ac97e9;CD:E6:D3:07;0;AVIÁRIO MEIO;775,00;13/11/2025;05:21:07;20;1283-20
CO2;1283;CT-CO2-0;1f94f8ad-7171-b062-c0a5-dbf839ac97e9;CD:E6:D3:07;0;AVIÁRIO MEIO;774,00;13/11/2025;05:26:09;20;1283-20
CO2;1283;CT-CO2-0;1f94f8ad-7171-b062-c0a5-dbf839ac97e9;CD:E6:D3:07;0;AVIÁRIO MEIO;757,00;13/11/2025;05:31:40;20;1283-20
CO2;1283;CT-CO2-0;1f94f8ad-7171-b062-c0a5-dbf839ac97e9;CD:E6:D3:07;0;AVIÁRIO MEIO;756,00;13/11/2025;05:37:13;20;1283-20
CO2;1283;CT-CO2-0;1f94f8ad-7171-b062-c0a5-dbf839ac97e9;CD:E6:D3:07;0;AVIÁRIO MEIO;752,00;13/11/2025;05:42:16;20;1283-20
CO2;1283;CT-CO2-0;1f94f8ad-7171-b062-c0a5-dbf839ac97e9;CD:E6:D3:07;0;AVIÁRIO MEIO;739,00;13/11/2025;05:47:48;20;1283-20
CO2;1283;CT-CO2-0;1f94f8ad-7171-b062-c0a5-dbf839ac97e9;CD:E6:D3:07;0;AVIÁRIO MEIO;735,00;13/11/2025;05:53:20;20;1283-20
CO2;1283;CT-CO2-0;1f94f8ad-7171-b062-c0a5-dbf839ac97e9;CD:E6:D3:07;0;AVIÁRIO MEIO;746,00;13/11/2025;05:58:22;20;1283-20
CO2;1283;CT-CO2-0;1f94f8ad-7171-b062-c0a5-dbf839ac97e9;CD:E6:D3:07;0;AVIÁRIO MEIO;733,00;13/11/2025;06:03:54;20;1283-20
CO2;1283;CT-CO2-0;1f94f8ad-7171-b062-c0a5-dbf839ac97e9;CD:E6:D3:07;0;AVIÁRIO MEIO;745,00;13/11/2025;06:09:26;20;1283-20
CO2;1283;CT-CO2-0;1f94f8ad-7171-b062-c0a5-dbf839ac97e9;CD:E6:D3:07;0;AVIÁRIO MEIO;739,00;13/11/2025;06:15:00;20;1283-20
CO2;1283;CT-CO2-0;1f94f8ad-7171-b062-c0a5-dbf839ac97e9;CD:E6:D3:07;0;AVIÁRIO MEIO;733,00;13/11/2025;06:20:01;20;1283-20
CO2;1283;CT-CO2-0;1f94f8ad-7171-b062-c0a5-dbf839ac97e9;CD:E6:D3:07;0;AVIÁRIO MEIO;742,00;13/11/2025;06:25:33;20;1283-20
CO2;1283;CT-CO2-0;1f94f8ad-7171-b062-c0a5-dbf839ac97e9;CD:E6:D3:07;0;AVIÁRIO MEIO;741,00;13/11/2025;06:30:35;20;1283-20
CO2;1283;CT-CO2-0;1f94f8ad-7171-b062-c0a5-dbf839ac97e9;CD:E6:D3:07;0;AVIÁRIO MEIO;732,00;13/11/2025;06:36:07;20;1283-20
CO2;1283;CT-CO2-0;1f94f8ad-7171-b062-c0a5-dbf839ac97e9;CD:E6:D3:07;0;AVIÁRIO MEIO;744,00;13/11/2025;06:41:40;20;1283-20
CO2;1283;CT-CO2-0;1f94f8ad-7171-b062-c0a5-dbf839ac97e9;CD:E6:D3:07;0;AVIÁRIO MEIO;738,00;13/11/2025;06:46:43;20;1283-20
CO2;1283;CT-CO2-0;1f94f8ad-7171-b062-c0a5-dbf839ac97e9;CD:E6:D3:07;0;AVIÁRIO MEIO;744,00;13/11/2025;06:52:15;20;1283-20
CO2;1283;CT-CO2-0;1f94f8ad-7171-b062-c0a5-dbf839ac97e9;CD:E6:D3:07;0;AVIÁRIO MEIO;744,00;13/11/2025;06:57:49;20;1283-20
CO2;1283;CT-CO2-0;1f94f8ad-7171-b062-c0a5-dbf839ac97e9;CD:E6:D3:07;0;AVIÁRIO MEIO;756,00;13/11/2025;07:02:51;20;1283-20
CO2;1283;CT-CO2-0;1f94f8ad-7171-b062-c0a5-dbf839ac97e9;CD:E6:D3:07;0;AVIÁRIO MEIO;768,00;13/11/2025;07:08:23;20;1283-20
CO2;1283;CT-CO2-0;1f94f8ad-7171-b062-c0a5-dbf839ac97e9;CD:E6:D3:07;0;AVIÁRIO MEIO;766,00;13/11/2025;07:13:55;20;1283-20
CO2;1283;CT-CO2-0;1f94f8ad-7171-b062-c0a5-dbf839ac97e9;CD:E6:D3:07;0;AVIÁRIO MEIO;791,00;13/11/2025;07:18:57;20;1283-20
CO2;1283;CT-CO2-0;1f94f8ad-7171-b062-c0a5-dbf839ac97e9;CD:E6:D3:07;0;AVIÁRIO MEIO;768,00;13/11/2025;07:25:00;20;1283-20
CO2;1283;CT-CO2-0;1f94f8ad-7171-b062-c0a5-dbf839ac97e9;CD:E6:D3:07;0;AVIÁRIO MEIO;789,00;13/11/2025;07:30:02;20;1283-20
CO2;1283;CT-CO2-0;1f94f8ad-7171-b062-c0a5-dbf839ac97e9;CD:E6:D3:07;0;AVIÁRIO MEIO;811,00;13/11/2025;07:35:06;20;1283-20
CO2;1283;CT-CO2-0;1f94f8ad-7171-b062-c0a5-dbf839ac97e9;CD:E6:D3:07;0;AVIÁRIO MEIO;817,00;13/11/2025;07:40:38;20;1283-20
CO2;1283;CT-CO2-0;1f94f8ad-7171-b062-c0a5-dbf839ac97e9;CD:E6:D3:07;0;AVIÁRIO MEIO;809,00;13/11/2025;07:46:10;20;1283-20
CO2;1283;CT-CO2-0;1f94f8ad-7171-b062-c0a5-dbf839ac97e9;CD:E6:D3:07;0;AVIÁRIO MEIO;812,00;13/11/2025;07:51:13;20;1283-20
CO2;1283;CT-CO2-0;1f94f8ad-7171-b062-c0a5-dbf839ac97e9;CD:E6:D3:07;0;AVIÁRIO MEIO;795,00;13/11/2025;07:56:47;20;1283-20
CO2;1283;CT-CO2-0;1f94f8ad-7171-b062-c0a5-dbf839ac97e9;CD:E6:D3:07;0;AVIÁRIO MEIO;779,00;13/11/2025;08:02:19;20;1283-20
CO2;1283;CT-CO2-0;1f94f8ad-7171-b062-c0a5-dbf839ac97e9;CD:E6:D3:07;0;AVIÁRIO MEIO;805,00;13/11/2025;08:07:20;20;1283-20
CO2;1283;CT-CO2-0;1f94f8ad-7171-b062-c0a5-dbf839ac97e9;CD:E6:D3:07;0;AVIÁRIO MEIO;794,00;13/11/2025;08:12:54;20;1283-20
CO2;1283;CT-CO2-0;1f94f8ad-7171-b062-c0a5-dbf839ac97e9;CD:E6:D3:07;0;AVIÁRIO MEIO;809,00;13/11/2025;08:18:25;20;1283-20
CO2;1283;CT-CO2-0;1f94f8ad-7171-b062-c0a5-dbf839ac97e9;CD:E6:D3:07;0;AVIÁRIO MEIO;802,00;13/11/2025;08:23:27;20;1283-20
CO2;1283;CT-CO2-0;1f94f8ad-7171-b062-c0a5-dbf839ac97e9;CD:E6:D3:07;0;AVIÁRIO MEIO;791,00;13/11/2025;08:29:00;20;1283-20
CO2;1283;CT-CO2-0;1f94f8ad-7171-b062-c0a5-dbf839ac97e9;CD:E6:D3:07;0;AVIÁRIO MEIO;786,00;13/11/2025;08:35:03;20;1283-20
CO2;1283;CT-CO2-0;1f94f8ad-7171-b062-c0a5-dbf839ac97e9;CD:E6:D3:07;0;AVIÁRIO MEIO;768,00;13/11/2025;08:39:35;20;1283-20
CO2;1283;CT-CO2-0;1f94f8ad-7171-b062-c0a5-dbf839ac97e9;CD:E6:D3:07;0;AVIÁRIO MEIO;782,00;13/11/2025;08:45:11;20;1283-20
CO2;1283;CT-CO2-0;1f94f8ad-7171-b062-c0a5-dbf839ac97e9;CD:E6:D3:07;0;AVIÁRIO MEIO;784,00;13/11/2025;08:55:45;20;1283-20
CO2;1283;CT-CO2-0;1f94f8ad-7171-b062-c0a5-dbf839ac97e9;CD:E6:D3:07;0;AVIÁRIO MEIO;785,00;13/11/2025;09:01:17;20;1283-20
CO2;1283;CT-CO2-0;1f94f8ad-7171-b062-c0a5-dbf839ac97e9;CD:E6:D3:07;0;AVIÁRIO MEIO;803,00;13/11/2025;09:06:49;20;1283-20
CO2;1283;CT-CO2-0;1f94f8ad-7171-b062-c0a5-dbf839ac97e9;CD:E6:D3:07;0;AVIÁRIO MEIO;805,00;13/11/2025;09:11:51;20;1283-20
CO2;1283;CT-CO2-0;1f94f8ad-7171-b062-c0a5-dbf839ac97e9;CD:E6:D3:07;0;AVIÁRIO MEIO;869,00;13/11/2025;09:17:23;20;1283-20
CO2;1283;CT-CO2-0;1f94f8ad-7171-b062-c0a5-dbf839ac97e9;CD:E6:D3:07;0;AVIÁRIO MEIO;856,00;13/11/2025;09:22:56;20;1283-20
CO2;1283;CT-CO2-0;1f94f8ad-7171-b062-c0a5-dbf839ac97e9;CD:E6:D3:07;0;AVIÁRIO MEIO;807,00;13/11/2025;09:27:59;20;1283-20
CO2;1283;CT-CO2-0;1f94f8ad-7171-b062-c0a5-dbf839ac97e9;CD:E6:D3:07;0;AVIÁRIO MEIO;818,00;13/11/2025;09:33:31;20;1283-20
CO2;1283;CT-CO2-0;1f94f8ad-7171-b062-c0a5-dbf839ac97e9;CD:E6:D3:07;0;AVIÁRIO MEIO;812,00;13/11/2025;09:39:03;20;1283-20
CO2;1283;CT-CO2-0;1f94f8ad-7171-b062-c0a5-dbf839ac97e9;CD:E6:D3:07;0;AVIÁRIO MEIO;795,00;13/11/2025;09:44:37;20;1283-20
CO2;1283;CT-CO2-0;1f94f8ad-7171-b062-c0a5-dbf839ac97e9;CD:E6:D3:07;0;AVIÁRIO MEIO;826,00;13/11/2025;09:49:40;20;1283-20
CO2;1283;CT-CO2-0;1f94f8ad-7171-b062-c0a5-dbf839ac97e9;CD:E6:D3:07;0;AVIÁRIO MEIO;816,00;13/11/2025;10:00:16;20;1283-20
CO2;1283;CT-CO2-0;1f94f8ad-7171-b062-c0a5-dbf839ac97e9;CD:E6:D3:07;0;AVIÁRIO MEIO;812,00;13/11/2025;10:05:48;20;1283-20
CO2;1283;CT-CO2-0;1f94f8ad-7171-b062-c0a5-dbf839ac97e9;CD:E6:D3:07;0;AVIÁRIO MEIO;828,00;13/11/2025;10:10:50;20;1283-20
CO2;1283;CT-CO2-0;1f94f8ad-7171-b062-c0a5-dbf839ac97e9;CD:E6:D3:07;0;AVIÁRIO MEIO;812,00;13/11/2025;10:16:21;20;1283-20
CO2;1283;CT-CO2-0;1f94f8ad-7171-b062-c0a5-dbf839ac97e9;CD:E6:D3:07;0;AVIÁRIO MEIO;817,00;13/11/2025;10:21:53;20;1283-20
CO2;1283;CT-CO2-0;1f94f8ad-7171-b062-c0a5-dbf839ac97e9;CD:E6:D3:07;0;AVIÁRIO MEIO;820,00;13/11/2025;10:27:24;20;1283-20
CO2;1283;CT-CO2-0;1f94f8ad-7171-b062-c0a5-dbf839ac97e9;CD:E6:D3:07;0;AVIÁRIO MEIO;807,00;13/11/2025;10:32:26;20;1283-20
CO2;1283;CT-CO2-0;1f94f8ad-7171-b062-c0a5-dbf839ac97e9;CD:E6:D3:07;0;AVIÁRIO MEIO;807,00;13/11/2025;10:37:58;20;1283-20
CO2;1283;CT-CO2-0;1f94f8ad-7171-b062-c0a5-dbf839ac97e9;CD:E6:D3:07;0;AVIÁRIO MEIO;807,00;13/11/2025;10:43:31;20;1283-20
CO2;1283;CT-CO2-0;1f94f8ad-7171-b062-c0a5-dbf839ac97e9;CD:E6:D3:07;0;AVIÁRIO MEIO;803,00;13/11/2025;10:48:32;20;1283-20
CO2;1283;CT-CO2-0;1f94f8ad-7171-b062-c0a5-dbf839ac97e9;CD:E6:D3:07;0;AVIÁRIO MEIO;794,00;13/11/2025;10:54:37;20;1283-20
CO2;1283;CT-CO2-0;1f94f8ad-7171-b062-c0a5-dbf839ac97e9;CD:E6:D3:07;0;AVIÁRIO MEIO;802,00;13/11/2025;10:59:39;20;1283-20
CO2;1283;CT-CO2-0;1f94f8ad-7171-b062-c0a5-dbf839ac97e9;CD:E6:D3:07;0;AVIÁRIO MEIO;807,00;13/11/2025;11:04:41;20;1283-20
CO2;1283;CT-CO2-0;1f94f8ad-7171-b062-c0a5-dbf839ac97e9;CD:E6:D3:07;0;AVIÁRIO MEIO;736,00;13/11/2025;11:15:45;20;1283-20
CO2;1283;CT-CO2-0;1f94f8ad-7171-b062-c0a5-dbf839ac97e9;CD:E6:D3:07;0;AVIÁRIO MEIO;713,00;13/11/2025;11:20:47;20;1283-20
CO2;1283;CT-CO2-0;1f94f8ad-7171-b062-c0a5-dbf839ac97e9;CD:E6:D3:07;0;AVIÁRIO MEIO;704,00;13/11/2025;11:26:19;20;1283-20
CO2;1283;CT-CO2-0;1f94f8ad-7171-b062-c0a5-dbf839ac97e9;CD:E6:D3:07;0;AVIÁRIO MEIO;692,00;13/11/2025;11:31:51;20;1283-20
CO2;1283;CT-CO2-0;1f94f8ad-7171-b062-c0a5-dbf839ac97e9;CD:E6:D3:07;0;AVIÁRIO MEIO;713,00;13/11/2025;11:36:53;20;1283-20
CO2;1283;CT-CO2-0;1f94f8ad-7171-b062-c0a5-dbf839ac97e9;CD:E6:D3:07;0;AVIÁRIO MEIO;711,00;13/11/2025;11:42:26;20;1283-20
CO2;1283;CT-CO2-0;1f94f8ad-7171-b062-c0a5-dbf839ac97e9;CD:E6:D3:07;0;AVIÁRIO MEIO;708,00;13/11/2025;11:47:57;20;1283-20
CO2;1283;CT-CO2-0;1f94f8ad-7171-b062-c0a5-dbf839ac97e9;CD:E6:D3:07;0;AVIÁRIO MEIO;720,00;13/11/2025;11:52:59;20;1283-20
CO2;1283;CT-CO2-0;1f94f8ad-7171-b062-c0a5-dbf839ac97e9;CD:E6:D3:07;0;AVIÁRIO MEIO;717,00;13/11/2025;11:58:31;20;1283-20
CO2;1283;CT-CO2-0;1f94f8ad-7171-b062-c0a5-dbf839ac97e9;CD:E6:D3:07;0;AVIÁRIO MEIO;720,00;13/11/2025;12:04:35;20;1283-20
CO2;1283;CT-CO2-0;1f94f8ad-7171-b062-c0a5-dbf839ac97e9;CD:E6:D3:07;0;AVIÁRIO MEIO;724,00;13/11/2025;12:09:06;20;1283-20
CO2;1283;CT-CO2-0;1f94f8ad-7171-b062-c0a5-dbf839ac97e9;CD:E6:D3:07;0;AVIÁRIO MEIO;715,00;13/11/2025;12:14:43;20;1283-20
CO2;1283;CT-CO2-0;1f94f8ad-7171-b062-c0a5-dbf839ac97e9;CD:E6:D3:07;0;AVIÁRIO MEIO;713,00;13/11/2025;12:25:19;20;1283-20
CO2;1283;CT-CO2-0;1f94f8ad-7171-b062-c0a5-dbf839ac97e9;CD:E6:D3:07;0;AVIÁRIO MEIO;709,00;13/11/2025;12:30:51;20;1283-20
CO2;1283;CT-CO2-0;1f94f8ad-7171-b062-c0a5-dbf839ac97e9;CD:E6:D3:07;0;AVIÁRIO MEIO;704,00;13/11/2025;12:36:22;20;1283-20
CO2;1283;CT-CO2-0;1f94f8ad-7171-b062-c0a5-dbf839ac97e9;CD:E6:D3:07;0;AVIÁRIO MEIO;717,00;13/11/2025;12:41:24;20;1283-20
CO2;1283;CT-CO2-0;1f94f8ad-7171-b062-c0a5-dbf839ac97e9;CD:E6:D3:07;0;AVIÁRIO MEIO;706,00;13/11/2025;12:46:56;20;1283-20
CO2;1283;CT-CO2-0;1f94f8ad-7171-b062-c0a5-dbf839ac97e9;CD:E6:D3:07;0;AVIÁRIO MEIO;720,00;13/11/2025;12:52:28;20;1283-20
CO2;1283;CT-CO2-0;1f94f8ad-7171-b062-c0a5-dbf839ac97e9;CD:E6:D3:07;0;AVIÁRIO MEIO;666,00;13/11/2025;12:57:29;20;1283-20
CO2;1283;CT-CO2-0;1f94f8ad-7171-b062-c0a5-dbf839ac97e9;CD:E6:D3:07;0;AVIÁRIO MEIO;673,00;13/11/2025;13:03:02;20;1283-20
CO2;1283;CT-CO2-0;1f94f8ad-7171-b062-c0a5-dbf839ac97e9;CD:E6:D3:07;0;AVIÁRIO MEIO;669,00;13/11/2025;13:08:34;20;1283-20
CO2;1283;CT-CO2-0;1f94f8ad-7171-b062-c0a5-dbf839ac97e9;CD:E6:D3:07;0;AVIÁRIO MEIO;677,00;13/11/2025;13:14:08;20;1283-20
CO2;1283;CT-CO2-0;1f94f8ad-7171-b062-c0a5-dbf839ac97e9;CD:E6:D3:07;0;AVIÁRIO MEIO;671,00;13/11/2025;13:19:10;20;1283-20
CO2;1283;CT-CO2-0;1f94f8ad-7171-b062-c0a5-dbf839ac97e9;CD:E6:D3:07;0;AVIÁRIO MEIO;664,00;13/11/2025;13:24:43;20;1283-20
CO2;1283;CT-CO2-0;1f94f8ad-7171-b062-c0a5-dbf839ac97e9;CD:E6:D3:07;0;AVIÁRIO MEIO;651,00;13/11/2025;13:29:45;20;1283-20
CO2;1283;CT-CO2-0;1f94f8ad-7171-b062-c0a5-dbf839ac97e9;CD:E6:D3:07;0;AVIÁRIO MEIO;648,00;13/11/2025;13:35:17;20;1283-20
CO2;1283;CT-CO2-0;1f94f8ad-7171-b062-c0a5-dbf839ac97e9;CD:E6:D3:07;0;AVIÁRIO MEIO;655,00;13/11/2025;13:40:49;20;1283-20
CO2;1283;CT-CO2-0;1f94f8ad-7171-b062-c0a5-dbf839ac97e9;CD:E6:D3:07;0;AVIÁRIO MEIO;656,00;13/11/2025;13:45:51;20;1283-20
CO2;1283;CT-CO2-0;1f94f8ad-7171-b062-c0a5-dbf839ac97e9;CD:E6:D3:07;0;AVIÁRIO MEIO;652,00;13/11/2025;13:51:23;20;1283-20
CO2;1283;CT-CO2-0;1f94f8ad-7171-b062-c0a5-dbf839ac97e9;CD:E6:D3:07;0;AVIÁRIO MEIO;667,00;13/11/2025;13:56:55;20;1283-20
CO2;1283;CT-CO2-0;1f94f8ad-7171-b062-c0a5-dbf839ac97e9;CD:E6:D3:07;0;AVIÁRIO MEIO;717,00;13/11/2025;14:01:57;20;1283-20
CO2;1283;CT-CO2-0;1f94f8ad-7171-b062-c0a5-dbf839ac97e9;CD:E6:D3:07;0;AVIÁRIO MEIO;703,00;13/11/2025;14:07:31;20;1283-20
CO2;1283;CT-CO2-0;1f94f8ad-7171-b062-c0a5-dbf839ac97e9;CD:E6:D3:07;0;AVIÁRIO MEIO;703,00;13/11/2025;14:13:03;20;1283-20
CO2;1283;CT-CO2-0;1f94f8ad-7171-b062-c0a5-dbf839ac97e9;CD:E6:D3:07;0;AVIÁRIO MEIO;703,00;13/11/2025;14:18:05;20;1283-20
CO2;1283;CT-CO2-0;1f94f8ad-7171-b062-c0a5-dbf839ac97e9;CD:E6:D3:07;0;AVIÁRIO MEIO;719,00;13/11/2025;14:24:08;20;1283-20
CO2;1283;CT-CO2-0;1f94f8ad-7171-b062-c0a5-dbf839ac97e9;CD:E6:D3:07;0;AVIÁRIO MEIO;709,00;13/11/2025;14:29:10;20;1283-20
CO2;1283;CT-CO2-0;1f94f8ad-7171-b062-c0a5-dbf839ac97e9;CD:E6:D3:07;0;AVIÁRIO MEIO;711,00;13/11/2025;14:34:12;20;1283-20
CO2;1283;CT-CO2-0;1f94f8ad-7171-b062-c0a5-dbf839ac97e9;CD:E6:D3:07;0;AVIÁRIO MEIO;707,00;13/11/2025;14:39:45;20;1283-20
CO2;1283;CT-CO2-0;1f94f8ad-7171-b062-c0a5-dbf839ac97e9;CD:E6:D3:07;0;AVIÁRIO MEIO;704,00;13/11/2025;14:45:17;20;1283-20
CO2;1283;CT-CO2-0;1f94f8ad-7171-b062-c0a5-dbf839ac97e9;CD:E6:D3:07;0;AVIÁRIO MEIO;719,00;13/11/2025;14:50:19;20;1283-20
CO2;1283;CT-CO2-0;1f94f8ad-7171-b062-c0a5-dbf839ac97e9;CD:E6:D3:07;0;AVIÁRIO MEIO;709,00;13/11/2025;14:55:51;20;1283-20
CO2;1283;CT-CO2-0;1f94f8ad-7171-b062-c0a5-dbf839ac97e9;CD:E6:D3:07;0;AVIÁRIO MEIO;740,00;13/11/2025;15:01:23;20;1283-20
CO2;1283;CT-CO2-0;1f94f8ad-7171-b062-c0a5-dbf839ac97e9;CD:E6:D3:07;0;AVIÁRIO MEIO;737,00;13/11/2025;15:06:25;20;1283-20
CO2;1283;CT-CO2-0;1f94f8ad-7171-b062-c0a5-dbf839ac97e9;CD:E6:D3:07;0;AVIÁRIO MEIO;738,00;13/11/2025;15:11:59;20;1283-20
CO2;1283;CT-CO2-0;1f94f8ad-7171-b062-c0a5-dbf839ac97e9;CD:E6:D3:07;0;AVIÁRIO MEIO;712,00;13/11/2025;15:17:31;20;1283-20
CO2;1283;CT-CO2-0;1f94f8ad-7171-b062-c0a5-dbf839ac97e9;CD:E6:D3:07;0;AVIÁRIO MEIO;718,00;13/11/2025;15:22:33;20;1283-20
CO2;1283;CT-CO2-0;1f94f8ad-7171-b062-c0a5-dbf839ac97e9;CD:E6:D3:07;0;AVIÁRIO MEIO;732,00;13/11/2025;15:28:05;20;1283-20
CO2;1283;CT-CO2-0;1f94f8ad-7171-b062-c0a5-dbf839ac97e9;CD:E6:D3:07;0;AVIÁRIO MEIO;701,00;13/11/2025;15:34:09;20;1283-20
CO2;1283;CT-CO2-0;1f94f8ad-7171-b062-c0a5-dbf839ac97e9;CD:E6:D3:07;0;AVIÁRIO MEIO;743,00;13/11/2025;15:38:41;20;1283-20
CO2;1283;CT-CO2-0;1f94f8ad-7171-b062-c0a5-dbf839ac97e9;CD:E6:D3:07;0;AVIÁRIO MEIO;770,00;13/11/2025;15:44:13;20;1283-20
CO2;1283;CT-CO2-0;1f94f8ad-7171-b062-c0a5-dbf839ac97e9;CD:E6:D3:07;0;AVIÁRIO MEIO;784,00;13/11/2025;15:49:45;20;1283-20
CO2;1283;CT-CO2-0;1f94f8ad-7171-b062-c0a5-dbf839ac97e9;CD:E6:D3:07;0;AVIÁRIO MEIO;876,00;13/11/2025;15:54:47;20;1283-20
CO2;1283;CT-CO2-0;1f94f8ad-7171-b062-c0a5-dbf839ac97e9;CD:E6:D3:07;0;AVIÁRIO MEIO;803,00;13/11/2025;16:00:23;20;1283-20
CO2;1283;CT-CO2-0;1f94f8ad-7171-b062-c0a5-dbf839ac97e9;CD:E6:D3:07;0;AVIÁRIO MEIO;798,00;13/11/2025;16:05:55;20;1283-20
CO2;1283;CT-CO2-0;1f94f8ad-7171-b062-c0a5-dbf839ac97e9;CD:E6:D3:07;0;AVIÁRIO MEIO;809,00;13/11/2025;16:10:57;20;1283-20
CO2;1283;CT-CO2-0;1f94f8ad-7171-b062-c0a5-dbf839ac97e9;CD:E6:D3:07;0;AVIÁRIO MEIO;809,00;13/11/2025;16:16:28;20;1283-20
CO2;1283;CT-CO2-0;1f94f8ad-7171-b062-c0a5-dbf839ac97e9;CD:E6:D3:07;0;AVIÁRIO MEIO;803,00;13/11/2025;16:22:01;20;1283-20
CO2;1283;CT-CO2-0;1f94f8ad-7171-b062-c0a5-dbf839ac97e9;CD:E6:D3:07;0;AVIÁRIO MEIO;803,00;13/11/2025;16:27:03;20;1283-20
CO2;1283;CT-CO2-0;1f94f8ad-7171-b062-c0a5-dbf839ac97e9;CD:E6:D3:07;0;AVIÁRIO MEIO;786,00;13/11/2025;16:32:35;20;1283-20
CO2;1283;CT-CO2-0;1f94f8ad-7171-b062-c0a5-dbf839ac97e9;CD:E6:D3:07;0;AVIÁRIO MEIO;772,00;13/11/2025;16:38:08;20;1283-20
CO2;1283;CT-CO2-0;1f94f8ad-7171-b062-c0a5-dbf839ac97e9;CD:E6:D3:07;0;AVIÁRIO MEIO;788,00;13/11/2025;16:43:42;20;1283-20
CO2;1283;CT-CO2-0;1f94f8ad-7171-b062-c0a5-dbf839ac97e9;CD:E6:D3:07;0;AVIÁRIO MEIO;773,00;13/11/2025;16:48:44;20;1283-20
CO2;1283;CT-CO2-0;1f94f8ad-7171-b062-c0a5-dbf839ac97e9;CD:E6:D3:07;0;AVIÁRIO MEIO;769,00;13/11/2025;16:54:17;20;1283-20
CO2;1283;CT-CO2-0;1f94f8ad-7171-b062-c0a5-dbf839ac97e9;CD:E6:D3:07;0;AVIÁRIO MEIO;771,00;13/11/2025;16:59:19;20;1283-20
CO2;1283;CT-CO2-0;1f94f8ad-7171-b062-c0a5-dbf839ac97e9;CD:E6:D3:07;0;AVIÁRIO MEIO;791,00;13/11/2025;17:04:51;20;1283-20
CO2;1283;CT-CO2-0;1f94f8ad-7171-b062-c0a5-dbf839ac97e9;CD:E6:D3:07;0;AVIÁRIO MEIO;780,00;13/11/2025;17:10:25;20;1283-20
CO2;1283;CT-CO2-0;1f94f8ad-7171-b062-c0a5-dbf839ac97e9;CD:E6:D3:07;0;AVIÁRIO MEIO;779,00;13/11/2025;17:15:27;20;1283-20
CO2;1283;CT-CO2-0;1f94f8ad-7171-b062-c0a5-dbf839ac97e9;CD:E6:D3:07;0;AVIÁRIO MEIO;762,00;13/11/2025;17:20:58;20;1283-20
CO2;1283;CT-CO2-0;1f94f8ad-7171-b062-c0a5-dbf839ac97e9;CD:E6:D3:07;0;AVIÁRIO MEIO;769,00;13/11/2025;17:26:30;20;1283-20
CO2;1283;CT-CO2-0;1f94f8ad-7171-b062-c0a5-dbf839ac97e9;CD:E6:D3:07;0;AVIÁRIO MEIO;780,00;13/11/2025;17:31:32;20;1283-20
CO2;1283;CT-CO2-0;1f94f8ad-7171-b062-c0a5-dbf839ac97e9;CD:E6:D3:07;0;AVIÁRIO MEIO;771,00;13/11/2025;17:37:04;20;1283-20
CO2;1283;CT-CO2-0;1f94f8ad-7171-b062-c0a5-dbf839ac97e9;CD:E6:D3:07;0;AVIÁRIO MEIO;779,00;13/11/2025;17:42:36;20;1283-20
CO2;1283;CT-CO2-0;1f94f8ad-7171-b062-c0a5-dbf839ac97e9;CD:E6:D3:07;0;AVIÁRIO MEIO;783,00;13/11/2025;17:47:38;20;1283-20
CO2;1283;CT-CO2-0;1f94f8ad-7171-b062-c0a5-dbf839ac97e9;CD:E6:D3:07;0;AVIÁRIO MEIO;766,00;13/11/2025;17:53:42;20;1283-20
CO2;1283;CT-CO2-0;1f94f8ad-7171-b062-c0a5-dbf839ac97e9;CD:E6:D3:07;0;AVIÁRIO MEIO;774,00;13/11/2025;17:58:44;20;1283-20
CO2;1283;CT-CO2-0;1f94f8ad-7171-b062-c0a5-dbf839ac97e9;CD:E6:D3:07;0;AVIÁRIO MEIO;777,00;13/11/2025;18:03:46;20;1283-20
CO2;1283;CT-CO2-0;1f94f8ad-7171-b062-c0a5-dbf839ac97e9;CD:E6:D3:07;0;AVIÁRIO MEIO;778,00;13/11/2025;18:09:18;20;1283-20
CO2;1283;CT-CO2-0;1f94f8ad-7171-b062-c0a5-dbf839ac97e9;CD:E6:D3:07;0;AVIÁRIO MEIO;789,00;13/11/2025;18:14:50;20;1283-20
CO2;1283;CT-CO2-0;1f94f8ad-7171-b062-c0a5-dbf839ac97e9;CD:E6:D3:07;0;AVIÁRIO MEIO;784,00;13/11/2025;18:19:52;20;1283-20
CO2;1283;CT-CO2-0;1f94f8ad-7171-b062-c0a5-dbf839ac97e9;CD:E6:D3:07;0;AVIÁRIO MEIO;784,00;13/11/2025;18:25:25;20;1283-20
CO2;1283;CT-CO2-0;1f94f8ad-7171-b062-c0a5-dbf839ac97e9;CD:E6:D3:07;0;AVIÁRIO MEIO;798,00;13/11/2025;18:30:56;20;1283-20
CO2;1283;CT-CO2-0;1f94f8ad-7171-b062-c0a5-dbf839ac97e9;CD:E6:D3:07;0;AVIÁRIO MEIO;801,00;13/11/2025;18:35:59;20;1283-20
CO2;1283;CT-CO2-0;1f94f8ad-7171-b062-c0a5-dbf839ac97e9;CD:E6:D3:07;0;AVIÁRIO MEIO;800,00;13/11/2025;18:41:31;20;1283-20
CO2;1283;CT-CO2-0;1f94f8ad-7171-b062-c0a5-dbf839ac97e9;CD:E6:D3:07;0;AVIÁRIO MEIO;830,00;13/11/2025;18:47:03;20;1283-20
CO2;1283;CT-CO2-0;1f94f8ad-7171-b062-c0a5-dbf839ac97e9;CD:E6:D3:07;0;AVIÁRIO MEIO;799,00;13/11/2025;18:52:04;20;1283-20
CO2;1283;CT-CO2-0;1f94f8ad-7171-b062-c0a5-dbf839ac97e9;CD:E6:D3:07;0;AVIÁRIO MEIO;811,00;13/11/2025;18:57:36;20;1283-20
CO2;1283;CT-CO2-0;1f94f8ad-7171-b062-c0a5-dbf839ac97e9;CD:E6:D3:07;0;AVIÁRIO MEIO;805,00;13/11/2025;19:03:45;20;1283-20
CO2;1283;CT-CO2-0;1f94f8ad-7171-b062-c0a5-dbf839ac97e9;CD:E6:D3:07;0;AVIÁRIO MEIO;833,00;13/11/2025;19:08:18;20;1283-20
CO2;1283;CT-CO2-0;1f94f8ad-7171-b062-c0a5-dbf839ac97e9;CD:E6:D3:07;0;AVIÁRIO MEIO;847,00;13/11/2025;19:13:50;20;1283-20
CO2;1283;CT-CO2-0;1f94f8ad-7171-b062-c0a5-dbf839ac97e9;CD:E6:D3:07;0;AVIÁRIO MEIO;829,00;13/11/2025;19:18:52;20;1283-20
CO2;1283;CT-CO2-0;1f94f8ad-7171-b062-c0a5-dbf839ac97e9;CD:E6:D3:07;0;AVIÁRIO MEIO;824,00;13/11/2025;19:24:25;20;1283-20
CO2;1283;CT-CO2-0;1f94f8ad-7171-b062-c0a5-dbf839ac97e9;CD:E6:D3:07;0;AVIÁRIO MEIO;816,00;13/11/2025;19:30:03;20;1283-20
CO2;1283;CT-CO2-0;1f94f8ad-7171-b062-c0a5-dbf839ac97e9;CD:E6:D3:07;0;AVIÁRIO MEIO;861,00;13/11/2025;19:35:04;20;1283-20
CO2;1283;CT-CO2-0;1f94f8ad-7171-b062-c0a5-dbf839ac97e9;CD:E6:D3:07;0;AVIÁRIO MEIO;848,00;13/11/2025;19:40:36;20;1283-20
CO2;1283;CT-CO2-0;1f94f8ad-7171-b062-c0a5-dbf839ac97e9;CD:E6:D3:07;0;AVIÁRIO MEIO;851,00;13/11/2025;19:46:09;20;1283-20
CO2;1283;CT-CO2-0;1f94f8ad-7171-b062-c0a5-dbf839ac97e9;CD:E6:D3:07;0;AVIÁRIO MEIO;855,00;13/11/2025;19:51:12;20;1283-20
CO2;1283;CT-CO2-0;1f94f8ad-7171-b062-c0a5-dbf839ac97e9;CD:E6:D3:07;0;AVIÁRIO MEIO;847,00;13/11/2025;19:56:44;20;1283-20
CO2;1283;CT-CO2-0;1f94f8ad-7171-b062-c0a5-dbf839ac97e9;CD:E6:D3:07;0;AVIÁRIO MEIO;848,00;13/11/2025;20:02:16;20;1283-20
CO2;1283;CT-CO2-0;1f94f8ad-7171-b062-c0a5-dbf839ac97e9;CD:E6:D3:07;0;AVIÁRIO MEIO;859,00;13/11/2025;20:07:18;20;1283-20
CO2;1283;CT-CO2-0;1f94f8ad-7171-b062-c0a5-dbf839ac97e9;CD:E6:D3:07;0;AVIÁRIO MEIO;873,00;13/11/2025;20:13:23;20;1283-20
CO2;1283;CT-CO2-0;1f94f8ad-7171-b062-c0a5-dbf839ac97e9;CD:E6:D3:07;0;AVIÁRIO MEIO;876,00;13/11/2025;20:18:25;20;1283-20
CO2;1283;CT-CO2-0;1f94f8ad-7171-b062-c0a5-dbf839ac97e9;CD:E6:D3:07;0;AVIÁRIO MEIO;870,00;13/11/2025;20:23:27;20;1283-20
CO2;1283;CT-CO2-0;1f94f8ad-7171-b062-c0a5-dbf839ac97e9;CD:E6:D3:07;0;AVIÁRIO MEIO;851,00;13/11/2025;20:29:00;20;1283-20
CO2;1283;CT-CO2-0;1f94f8ad-7171-b062-c0a5-dbf839ac97e9;CD:E6:D3:07;0;AVIÁRIO MEIO;862,00;13/11/2025;20:34:37;20;1283-20
CO2;1283;CT-CO2-0;1f94f8ad-7171-b062-c0a5-dbf839ac97e9;CD:E6:D3:07;0;AVIÁRIO MEIO;868,00;13/11/2025;20:39:39;20;1283-20
CO2;1283;CT-CO2-0;1f94f8ad-7171-b062-c0a5-dbf839ac97e9;CD:E6:D3:07;0;AVIÁRIO MEIO;867,00;13/11/2025;20:45:12;20;1283-20
CO2;1283;CT-CO2-0;1f94f8ad-7171-b062-c0a5-dbf839ac97e9;CD:E6:D3:07;0;AVIÁRIO MEIO;906,00;13/11/2025;20:50:49;20;1283-20
CO2;1283;CT-CO2-0;1f94f8ad-7171-b062-c0a5-dbf839ac97e9;CD:E6:D3:07;0;AVIÁRIO MEIO;858,00;13/11/2025;20:55:56;20;1283-20
CO2;1283;CT-CO2-0;1f94f8ad-7171-b062-c0a5-dbf839ac97e9;CD:E6:D3:07;0;AVIÁRIO MEIO;860,00;13/11/2025;21:01:28;20;1283-20
CO2;1283;CT-CO2-0;1f94f8ad-7171-b062-c0a5-dbf839ac97e9;CD:E6:D3:07;0;AVIÁRIO MEIO;864,00;13/11/2025;21:07:01;20;1283-20
CO2;1283;CT-CO2-0;1f94f8ad-7171-b062-c0a5-dbf839ac97e9;CD:E6:D3:07;0;AVIÁRIO MEIO;850,00;13/11/2025;21:12:33;20;1283-20
CO2;1283;CT-CO2-0;1f94f8ad-7171-b062-c0a5-dbf839ac97e9;CD:E6:D3:07;0;AVIÁRIO MEIO;863,00;13/11/2025;21:18:36;20;1283-20
CO2;1283;CT-CO2-0;1f94f8ad-7171-b062-c0a5-dbf839ac97e9;CD:E6:D3:07;0;AVIÁRIO MEIO;853,00;13/11/2025;21:23:11;20;1283-20
CO2;1283;CT-CO2-0;1f94f8ad-7171-b062-c0a5-dbf839ac97e9;CD:E6:D3:07;0;AVIÁRIO MEIO;857,00;13/11/2025;21:28:43;20;1283-20
CO2;1283;CT-CO2-0;1f94f8ad-7171-b062-c0a5-dbf839ac97e9;CD:E6:D3:07;0;AVIÁRIO MEIO;843,00;13/11/2025;21:33:45;20;1283-20
CO2;1283;CT-CO2-0;1f94f8ad-7171-b062-c0a5-dbf839ac97e9;CD:E6:D3:07;0;AVIÁRIO MEIO;857,00;13/11/2025;21:39:17;20;1283-20
CO2;1283;CT-CO2-0;1f94f8ad-7171-b062-c0a5-dbf839ac97e9;CD:E6:D3:07;0;AVIÁRIO MEIO;834,00;13/11/2025;21:44:49;20;1283-20
CO2;1283;CT-CO2-0;1f94f8ad-7171-b062-c0a5-dbf839ac97e9;CD:E6:D3:07;0;AVIÁRIO MEIO;842,00;13/11/2025;21:49:51;20;1283-20
CO2;1283;CT-CO2-0;1f94f8ad-7171-b062-c0a5-dbf839ac97e9;CD:E6:D3:07;0;AVIÁRIO MEIO;865,00;13/11/2025;21:55:23;20;1283-20
CO2;1283;CT-CO2-0;1f94f8ad-7171-b062-c0a5-dbf839ac97e9;CD:E6:D3:07;0;AVIÁRIO MEIO;847,00;13/11/2025;22:00:55;20;1283-20
CO2;1283;CT-CO2-0;1f94f8ad-7171-b062-c0a5-dbf839ac97e9;CD:E6:D3:07;0;AVIÁRIO MEIO;887,00;13/11/2025;22:06:27;20;1283-20
CO2;1283;CT-CO2-0;1f94f8ad-7171-b062-c0a5-dbf839ac97e9;CD:E6:D3:07;0;AVIÁRIO MEIO;827,00;13/11/2025;22:11:29;20;1283-20
CO2;1283;CT-CO2-0;1f94f8ad-7171-b062-c0a5-dbf839ac97e9;CD:E6:D3:07;0;AVIÁRIO MEIO;831,00;13/11/2025;22:17:01;20;1283-20
CO2;1283;CT-CO2-0;1f94f8ad-7171-b062-c0a5-dbf839ac97e9;CD:E6:D3:07;0;AVIÁRIO MEIO;825,00;13/11/2025;22:22:35;20;1283-20
CO2;1283;CT-CO2-0;1f94f8ad-7171-b062-c0a5-dbf839ac97e9;CD:E6:D3:07;0;AVIÁRIO MEIO;837,00;13/11/2025;22:28:11;20;1283-20
CO2;1283;CT-CO2-0;1f94f8ad-7171-b062-c0a5-dbf839ac97e9;CD:E6:D3:07;0;AVIÁRIO MEIO;863,00;13/11/2025;22:33:12;20;1283-20
CO2;1283;CT-CO2-0;1f94f8ad-7171-b062-c0a5-dbf839ac97e9;CD:E6:D3:07;0;AVIÁRIO MEIO;851,00;13/11/2025;22:38:15;20;1283-20
CO2;1283;CT-CO2-0;1f94f8ad-7171-b062-c0a5-dbf839ac97e9;CD:E6:D3:07;0;AVIÁRIO MEIO;858,00;13/11/2025;22:43:49;20;1283-20
CO2;1283;CT-CO2-0;1f94f8ad-7171-b062-c0a5-dbf839ac97e9;CD:E6:D3:07;0;AVIÁRIO MEIO;845,00;13/11/2025;22:49:21;20;1283-20
CO2;1283;CT-CO2-0;1f94f8ad-7171-b062-c0a5-dbf839ac97e9;CD:E6:D3:07;0;AVIÁRIO MEIO;869,00;13/11/2025;22:54:23;20;1283-20
CO2;1283;CT-CO2-0;1f94f8ad-7171-b062-c0a5-dbf839ac97e9;CD:E6:D3:07;0;AVIÁRIO MEIO;835,00;13/11/2025;22:59:55;20;1283-20
CO2;1283;CT-CO2-0;1f94f8ad-7171-b062-c0a5-dbf839ac97e9;CD:E6:D3:07;0;AVIÁRIO MEIO;828,00;13/11/2025;23:05:28;20;1283-20
CO2;1283;CT-CO2-0;1f94f8ad-7171-b062-c0a5-dbf839ac97e9;CD:E6:D3:07;0;AVIÁRIO MEIO;827,00;13/11/2025;23:10:30;20;1283-20
CO2;1283;CT-CO2-0;1f94f8ad-7171-b062-c0a5-dbf839ac97e9;CD:E6:D3:07;0;AVIÁRIO MEIO;827,00;13/11/2025;23:16:04;20;1283-20
CO2;1283;CT-CO2-0;1f94f8ad-7171-b062-c0a5-dbf839ac97e9;CD:E6:D3:07;0;AVIÁRIO MEIO;851,00;13/11/2025;23:21:36;20;1283-20
CO2;1283;CT-CO2-0;1f94f8ad-7171-b062-c0a5-dbf839ac97e9;CD:E6:D3:07;0;AVIÁRIO MEIO;824,00;13/11/2025;23:26:38;20;1283-20
CO2;1283;CT-CO2-0;1f94f8ad-7171-b062-c0a5-dbf839ac97e9;CD:E6:D3:07;0;AVIÁRIO MEIO;818,00;13/11/2025;23:32:10;20;1283-20
CO2;1283;CT-CO2-0;1f94f8ad-7171-b062-c0a5-dbf839ac97e9;CD:E6:D3:07;0;AVIÁRIO MEIO;809,00;13/11/2025;23:38:14;20;1283-20
CO2;1283;CT-CO2-0;1f94f8ad-7171-b062-c0a5-dbf839ac97e9;CD:E6:D3:07;0;AVIÁRIO MEIO;807,00;13/11/2025;23:42:47;20;1283-20
CO2;1283;CT-CO2-0;1f94f8ad-7171-b062-c0a5-dbf839ac97e9;CD:E6:D3:07;0;AVIÁRIO MEIO;827,00;13/11/2025;23:48:19;20;1283-20
CO2;1283;CT-CO2-0;1f94f8ad-7171-b062-c0a5-dbf839ac97e9;CD:E6:D3:07;0;AVIÁRIO MEIO;838,00;13/11/2025;23:53:51;20;1283-20
CO2;1283;CT-CO2-0;1f94f8ad-7171-b062-c0a5-dbf839ac97e9;CD:E6:D3:07;0;AVIÁRIO MEIO;831,00;13/11/2025;23:58:52;20;1283-20
CO2;1283;CT-CO2-0;1f94f8ad-7171-b062-c0a5-dbf839ac97e9;CD:E6:D3:07;0;AVIÁRIO MEIO;835,00;14/11/2025;00:04:25;20;1283-20
CO2;1283;CT-CO2-0;1f94f8ad-7171-b062-c0a5-dbf839ac97e9;CD:E6:D3:07;0;AVIÁRIO MEIO;844,00;14/11/2025;00:09:57;20;1283-20
CO2;1283;CT-CO2-0;1f94f8ad-7171-b062-c0a5-dbf839ac97e9;CD:E6:D3:07;0;AVIÁRIO MEIO;836,00;14/11/2025;00:14:59;20;1283-20
CO2;1283;CT-CO2-0;1f94f8ad-7171-b062-c0a5-dbf839ac97e9;CD:E6:D3:07;0;AVIÁRIO MEIO;830,00;14/11/2025;00:20:32;20;1283-20
CO2;1283;CT-CO2-0;1f94f8ad-7171-b062-c0a5-dbf839ac97e9;CD:E6:D3:07;0;AVIÁRIO MEIO;832,00;14/11/2025;00:26:06;20;1283-20
CO2;1283;CT-CO2-0;1f94f8ad-7171-b062-c0a5-dbf839ac97e9;CD:E6:D3:07;0;AVIÁRIO MEIO;836,00;14/11/2025;00:31:07;20;1283-20
CO2;1283;CT-CO2-0;1f94f8ad-7171-b062-c0a5-dbf839ac97e9;CD:E6:D3:07;0;AVIÁRIO MEIO;841,00;14/11/2025;00:36:39;20;1283-20
CO2;1283;CT-CO2-0;1f94f8ad-7171-b062-c0a5-dbf839ac97e9;CD:E6:D3:07;0;AVIÁRIO MEIO;826,00;14/11/2025;00:42:11;20;1283-20
CO2;1283;CT-CO2-0;1f94f8ad-7171-b062-c0a5-dbf839ac97e9;CD:E6:D3:07;0;AVIÁRIO MEIO;833,00;14/11/2025;00:48:14;20;1283-20
CO2;1283;CT-CO2-0;1f94f8ad-7171-b062-c0a5-dbf839ac97e9;CD:E6:D3:07;0;AVIÁRIO MEIO;825,00;14/11/2025;00:52:46;20;1283-20
CO2;1283;CT-CO2-0;1f94f8ad-7171-b062-c0a5-dbf839ac97e9;CD:E6:D3:07;0;AVIÁRIO MEIO;835,00;14/11/2025;00:58:18;20;1283-20
CO2;1283;CT-CO2-0;1f94f8ad-7171-b062-c0a5-dbf839ac97e9;CD:E6:D3:07;0;AVIÁRIO MEIO;825,00;14/11/2025;01:03:49;20;1283-20
CO2;1283;CT-CO2-0;1f94f8ad-7171-b062-c0a5-dbf839ac97e9;CD:E6:D3:07;0;AVIÁRIO MEIO;832,00;14/11/2025;01:08:52;20;1283-20
CO2;1283;CT-CO2-0;1f94f8ad-7171-b062-c0a5-dbf839ac97e9;CD:E6:D3:07;0;AVIÁRIO MEIO;808,00;14/11/2025;01:14:24;20;1283-20
CO2;1283;CT-CO2-0;1f94f8ad-7171-b062-c0a5-dbf839ac97e9;CD:E6:D3:07;0;AVIÁRIO MEIO;828,00;14/11/2025;01:19:56;20;1283-20
CO2;1283;CT-CO2-0;1f94f8ad-7171-b062-c0a5-dbf839ac97e9;CD:E6:D3:07;0;AVIÁRIO MEIO;839,00;14/11/2025;01:24:58;20;1283-20
CO2;1283;CT-CO2-0;1f94f8ad-7171-b062-c0a5-dbf839ac97e9;CD:E6:D3:07;0;AVIÁRIO MEIO;811,00;14/11/2025;01:30:31;20;1283-20
CO2;1283;CT-CO2-0;1f94f8ad-7171-b062-c0a5-dbf839ac97e9;CD:E6:D3:07;0;AVIÁRIO MEIO;800,00;14/11/2025;01:36:03;20;1283-20
CO2;1283;CT-CO2-0;1f94f8ad-7171-b062-c0a5-dbf839ac97e9;CD:E6:D3:07;0;AVIÁRIO MEIO;802,00;14/11/2025;01:41:07;20;1283-20
CO2;1283;CT-CO2-0;1f94f8ad-7171-b062-c0a5-dbf839ac97e9;CD:E6:D3:07;0;AVIÁRIO MEIO;807,00;14/11/2025;01:46:39;20;1283-20
CO2;1283;CT-CO2-0;1f94f8ad-7171-b062-c0a5-dbf839ac97e9;CD:E6:D3:07;0;AVIÁRIO MEIO;804,00;14/11/2025;01:51:41;20;1283-20
CO2;1283;CT-CO2-0;1f94f8ad-7171-b062-c0a5-dbf839ac97e9;CD:E6:D3:07;0;AVIÁRIO MEIO;810,00;14/11/2025;01:57:45;20;1283-20
CO2;1283;CT-CO2-0;1f94f8ad-7171-b062-c0a5-dbf839ac97e9;CD:E6:D3:07;0;AVIÁRIO MEIO;803,00;14/11/2025;02:02:47;20;1283-20
CO2;1283;CT-CO2-0;1f94f8ad-7171-b062-c0a5-dbf839ac97e9;CD:E6:D3:07;0;AVIÁRIO MEIO;799,00;14/11/2025;02:07:49;20;1283-20
CO2;1283;CT-CO2-0;1f94f8ad-7171-b062-c0a5-dbf839ac97e9;CD:E6:D3:07;0;AVIÁRIO MEIO;813,00;14/11/2025;02:13:21;20;1283-20
CO2;1283;CT-CO2-0;1f94f8ad-7171-b062-c0a5-dbf839ac97e9;CD:E6:D3:07;0;AVIÁRIO MEIO;803,00;14/11/2025;02:18:53;20;1283-20
CO2;1283;CT-CO2-0;1f94f8ad-7171-b062-c0a5-dbf839ac97e9;CD:E6:D3:07;0;AVIÁRIO MEIO;802,00;14/11/2025;02:23:55;20;1283-20
CO2;1283;CT-CO2-0;1f94f8ad-7171-b062-c0a5-dbf839ac97e9;CD:E6:D3:07;0;AVIÁRIO MEIO;806,00;14/11/2025;02:29:28;20;1283-20
CO2;1283;CT-CO2-0;1f94f8ad-7171-b062-c0a5-dbf839ac97e9;CD:E6:D3:07;0;AVIÁRIO MEIO;798,00;14/11/2025;02:35:01;20;1283-20
CO2;1283;CT-CO2-0;1f94f8ad-7171-b062-c0a5-dbf839ac97e9;CD:E6:D3:07;0;AVIÁRIO MEIO;818,00;14/11/2025;02:40:02;20;1283-20
CO2;1283;CT-CO2-0;1f94f8ad-7171-b062-c0a5-dbf839ac97e9;CD:E6:D3:07;0;AVIÁRIO MEIO;802,00;14/11/2025;02:45:35;20;1283-20
CO2;1283;CT-CO2-0;1f94f8ad-7171-b062-c0a5-dbf839ac97e9;CD:E6:D3:07;0;AVIÁRIO MEIO;806,00;14/11/2025;02:51:07;20;1283-20
CO2;1283;CT-CO2-0;1f94f8ad-7171-b062-c0a5-dbf839ac97e9;CD:E6:D3:07;0;AVIÁRIO MEIO;835,00;14/11/2025;02:56:09;20;1283-20
CO2;1283;CT-CO2-0;1f94f8ad-7171-b062-c0a5-dbf839ac97e9;CD:E6:D3:07;0;AVIÁRIO MEIO;812,00;14/11/2025;03:01:41;20;1283-20
CO2;1283;CT-CO2-0;1f94f8ad-7171-b062-c0a5-dbf839ac97e9;CD:E6:D3:07;0;AVIÁRIO MEIO;827,00;14/11/2025;03:07:46;20;1283-20
CO2;1283;CT-CO2-0;1f94f8ad-7171-b062-c0a5-dbf839ac97e9;CD:E6:D3:07;0;AVIÁRIO MEIO;821,00;14/11/2025;03:12:18;20;1283-20
CO2;1283;CT-CO2-0;1f94f8ad-7171-b062-c0a5-dbf839ac97e9;CD:E6:D3:07;0;AVIÁRIO MEIO;824,00;14/11/2025;03:17:50;20;1283-20
CO2;1283;CT-CO2-0;1f94f8ad-7171-b062-c0a5-dbf839ac97e9;CD:E6:D3:07;0;AVIÁRIO MEIO;832,00;14/11/2025;03:23:22;20;1283-20
CO2;1283;CT-CO2-0;1f94f8ad-7171-b062-c0a5-dbf839ac97e9;CD:E6:D3:07;0;AVIÁRIO MEIO;820,00;14/11/2025;03:28:25;20;1283-20
CO2;1283;CT-CO2-0;1f94f8ad-7171-b062-c0a5-dbf839ac97e9;CD:E6:D3:07;0;AVIÁRIO MEIO;804,00;14/11/2025;03:33:57;20;1283-20
CO2;1283;CT-CO2-0;1f94f8ad-7171-b062-c0a5-dbf839ac97e9;CD:E6:D3:07;0;AVIÁRIO MEIO;804,00;14/11/2025;03:39:29;20;1283-20
CO2;1283;CT-CO2-0;1f94f8ad-7171-b062-c0a5-dbf839ac97e9;CD:E6:D3:07;0;AVIÁRIO MEIO;819,00;14/11/2025;03:44:30;20;1283-20
CO2;1283;CT-CO2-0;1f94f8ad-7171-b062-c0a5-dbf839ac97e9;CD:E6:D3:07;0;AVIÁRIO MEIO;813,00;14/11/2025;03:50:03;20;1283-20
CO2;1283;CT-CO2-0;1f94f8ad-7171-b062-c0a5-dbf839ac97e9;CD:E6:D3:07;0;AVIÁRIO MEIO;811,00;14/11/2025;03:55:36;20;1283-20
CO2;1283;CT-CO2-0;1f94f8ad-7171-b062-c0a5-dbf839ac97e9;CD:E6:D3:07;0;AVIÁRIO MEIO;821,00;14/11/2025;04:00:39;20;1283-20
CO2;1283;CT-CO2-0;1f94f8ad-7171-b062-c0a5-dbf839ac97e9;CD:E6:D3:07;0;AVIÁRIO MEIO;788,00;14/11/2025;04:06:10;20;1283-20
CO2;1283;CT-CO2-0;1f94f8ad-7171-b062-c0a5-dbf839ac97e9;CD:E6:D3:07;0;AVIÁRIO MEIO;773,00;14/11/2025;04:11:42;20;1283-20
CO2;1283;CT-CO2-0;1f94f8ad-7171-b062-c0a5-dbf839ac97e9;CD:E6:D3:07;0;AVIÁRIO MEIO;760,00;14/11/2025;04:17:17;20;1283-20
CO2;1283;CT-CO2-0;1f94f8ad-7171-b062-c0a5-dbf839ac97e9;CD:E6:D3:07;0;AVIÁRIO MEIO;769,00;14/11/2025;04:22:20;20;1283-20
CO2;1283;CT-CO2-0;1f94f8ad-7171-b062-c0a5-dbf839ac97e9;CD:E6:D3:07;0;AVIÁRIO MEIO;778,00;14/11/2025;04:27:52;20;1283-20
CO2;1283;CT-CO2-0;1f94f8ad-7171-b062-c0a5-dbf839ac97e9;CD:E6:D3:07;0;AVIÁRIO MEIO;770,00;14/11/2025;04:32:53;20;1283-20
CO2;1283;CT-CO2-0;1f94f8ad-7171-b062-c0a5-dbf839ac97e9;CD:E6:D3:07;0;AVIÁRIO MEIO;781,00;14/11/2025;04:38:25;20;1283-20
CO2;1283;CT-CO2-0;1f94f8ad-7171-b062-c0a5-dbf839ac97e9;CD:E6:D3:07;0;AVIÁRIO MEIO;778,00;14/11/2025;04:43:57;20;1283-20
CO2;1283;CT-CO2-0;1f94f8ad-7171-b062-c0a5-dbf839ac97e9;CD:E6:D3:07;0;AVIÁRIO MEIO;777,00;14/11/2025;04:49:29;20;1283-20
CO2;1283;CT-CO2-0;1f94f8ad-7171-b062-c0a5-dbf839ac97e9;CD:E6:D3:07;0;AVIÁRIO MEIO;780,00;14/11/2025;04:54:32;20;1283-20
CO2;1283;CT-CO2-0;1f94f8ad-7171-b062-c0a5-dbf839ac97e9;CD:E6:D3:07;0;AVIÁRIO MEIO;788,00;14/11/2025;05:00:03;20;1283-20
CO2;1283;CT-CO2-0;1f94f8ad-7171-b062-c0a5-dbf839ac97e9;CD:E6:D3:07;0;AVIÁRIO MEIO;783,00;14/11/2025;05:05:36;20;1283-20
CO2;1283;CT-CO2-0;1f94f8ad-7171-b062-c0a5-dbf839ac97e9;CD:E6:D3:07;0;AVIÁRIO MEIO;796,00;14/11/2025;05:10:38;20;1283-20
CO2;1283;CT-CO2-0;1f94f8ad-7171-b062-c0a5-dbf839ac97e9;CD:E6:D3:07;0;AVIÁRIO MEIO;792,00;14/11/2025;05:16:10;20;1283-20
CO2;1283;CT-CO2-0;1f94f8ad-7171-b062-c0a5-dbf839ac97e9;CD:E6:D3:07;0;AVIÁRIO MEIO;799,00;14/11/2025;05:21:42;20;1283-20
CO2;1283;CT-CO2-0;1f94f8ad-7171-b062-c0a5-dbf839ac97e9;CD:E6:D3:07;0;AVIÁRIO MEIO;792,00;14/11/2025;05:27:17;20;1283-20
CO2;1283;CT-CO2-0;1f94f8ad-7171-b062-c0a5-dbf839ac97e9;CD:E6:D3:07;0;AVIÁRIO MEIO;806,00;14/11/2025;05:32:20;20;1283-20
CO2;1283;CT-CO2-0;1f94f8ad-7171-b062-c0a5-dbf839ac97e9;CD:E6:D3:07;0;AVIÁRIO MEIO;803,00;14/11/2025;05:37:22;20;1283-20
CO2;1283;CT-CO2-0;1f94f8ad-7171-b062-c0a5-dbf839ac97e9;CD:E6:D3:07;0;AVIÁRIO MEIO;814,00;14/11/2025;05:42:54;20;1283-20
CO2;1283;CT-CO2-0;1f94f8ad-7171-b062-c0a5-dbf839ac97e9;CD:E6:D3:07;0;AVIÁRIO MEIO;823,00;14/11/2025;05:48:27;20;1283-20
CO2;1283;CT-CO2-0;1f94f8ad-7171-b062-c0a5-dbf839ac97e9;CD:E6:D3:07;0;AVIÁRIO MEIO;822,00;14/11/2025;05:53:29;20;1283-20
CO2;1283;CT-CO2-0;1f94f8ad-7171-b062-c0a5-dbf839ac97e9;CD:E6:D3:07;0;AVIÁRIO MEIO;811,00;14/11/2025;05:59:02;20;1283-20
CO2;1283;CT-CO2-0;1f94f8ad-7171-b062-c0a5-dbf839ac97e9;CD:E6:D3:07;0;AVIÁRIO MEIO;854,00;14/11/2025;06:04:34;20;1283-20
CO2;1283;CT-CO2-0;1f94f8ad-7171-b062-c0a5-dbf839ac97e9;CD:E6:D3:07;0;AVIÁRIO MEIO;860,00;14/11/2025;06:09:36;20;1283-20
CO2;1283;CT-CO2-0;1f94f8ad-7171-b062-c0a5-dbf839ac97e9;CD:E6:D3:07;0;AVIÁRIO MEIO;855,00;14/11/2025;06:20:46;20;1283-20
CO2;1283;CT-CO2-0;1f94f8ad-7171-b062-c0a5-dbf839ac97e9;CD:E6:D3:07;0;AVIÁRIO MEIO;855,00;14/11/2025;06:25:47;20;1283-20
CO2;1283;CT-CO2-0;1f94f8ad-7171-b062-c0a5-dbf839ac97e9;CD:E6:D3:07;0;AVIÁRIO MEIO;842,00;14/11/2025;06:31:21;20;1283-20
CO2;1283;CT-CO2-0;1f94f8ad-7171-b062-c0a5-dbf839ac97e9;CD:E6:D3:07;0;AVIÁRIO MEIO;842,00;14/11/2025;06:37:25;20;1283-20
CO2;1283;CT-CO2-0;1f94f8ad-7171-b062-c0a5-dbf839ac97e9;CD:E6:D3:07;0;AVIÁRIO MEIO;847,00;14/11/2025;06:41:57;20;1283-20
CO2;1283;CT-CO2-0;1f94f8ad-7171-b062-c0a5-dbf839ac97e9;CD:E6:D3:07;0;AVIÁRIO MEIO;867,00;14/11/2025;06:47:30;20;1283-20
CO2;1283;CT-CO2-0;1f94f8ad-7171-b062-c0a5-dbf839ac97e9;CD:E6:D3:07;0;AVIÁRIO MEIO;866,00;14/11/2025;06:53:02;20;1283-20
CO2;1283;CT-CO2-0;1f94f8ad-7171-b062-c0a5-dbf839ac97e9;CD:E6:D3:07;0;AVIÁRIO MEIO;874,00;14/11/2025;06:58:05;20;1283-20
CO2;1283;CT-CO2-0;1f94f8ad-7171-b062-c0a5-dbf839ac97e9;CD:E6:D3:07;0;AVIÁRIO MEIO;873,00;14/11/2025;07:03:38;20;1283-20
CO2;1283;CT-CO2-0;1f94f8ad-7171-b062-c0a5-dbf839ac97e9;CD:E6:D3:07;0;AVIÁRIO MEIO;876,00;14/11/2025;07:09:10;20;1283-20
CO2;1283;CT-CO2-0;1f94f8ad-7171-b062-c0a5-dbf839ac97e9;CD:E6:D3:07;0;AVIÁRIO MEIO;864,00;14/11/2025;07:14:12;20;1283-20
CO2;1283;CT-CO2-0;1f94f8ad-7171-b062-c0a5-dbf839ac97e9;CD:E6:D3:07;0;AVIÁRIO MEIO;834,00;14/11/2025;07:19:44;20;1283-20
CO2;1283;CT-CO2-0;1f94f8ad-7171-b062-c0a5-dbf839ac97e9;CD:E6:D3:07;0;AVIÁRIO MEIO;835,00;14/11/2025;07:25:17;20;1283-20
CO2;1283;CT-CO2-0;1f94f8ad-7171-b062-c0a5-dbf839ac97e9;CD:E6:D3:07;0;AVIÁRIO MEIO;856,00;14/11/2025;07:30:19;20;1283-20
CO2;1283;CT-CO2-0;1f94f8ad-7171-b062-c0a5-dbf839ac97e9;CD:E6:D3:07;0;AVIÁRIO MEIO;854,00;14/11/2025;07:35:51;20;1283-20
CO2;1283;CT-CO2-0;1f94f8ad-7171-b062-c0a5-dbf839ac97e9;CD:E6:D3:07;0;AVIÁRIO MEIO;861,00;14/11/2025;07:41:22;20;1283-20
CO2;1283;CT-CO2-0;1f94f8ad-7171-b062-c0a5-dbf839ac97e9;CD:E6:D3:07;0;AVIÁRIO MEIO;874,00;14/11/2025;07:46:58;20;1283-20
CO2;1283;CT-CO2-0;1f94f8ad-7171-b062-c0a5-dbf839ac97e9;CD:E6:D3:07;0;AVIÁRIO MEIO;885,00;14/11/2025;07:52:00;20;1283-20
CO2;1283;CT-CO2-0;1f94f8ad-7171-b062-c0a5-dbf839ac97e9;CD:E6:D3:07;0;AVIÁRIO MEIO;849,00;14/11/2025;07:57:33;20;1283-20
CO2;1283;CT-CO2-0;1f94f8ad-7171-b062-c0a5-dbf839ac97e9;CD:E6:D3:07;0;AVIÁRIO MEIO;847,00;14/11/2025;08:02:35;20;1283-20
CO2;1283;CT-CO2-0;1f94f8ad-7171-b062-c0a5-dbf839ac97e9;CD:E6:D3:07;0;AVIÁRIO MEIO;831,00;14/11/2025;08:08:07;20;1283-20
CO2;1283;CT-CO2-0;1f94f8ad-7171-b062-c0a5-dbf839ac97e9;CD:E6:D3:07;0;AVIÁRIO MEIO;817,00;14/11/2025;08:13:39;20;1283-20
CO2;1283;CT-CO2-0;1f94f8ad-7171-b062-c0a5-dbf839ac97e9;CD:E6:D3:07;0;AVIÁRIO MEIO;834,00;14/11/2025;08:18:42;20;1283-20
CO2;1283;CT-CO2-0;1f94f8ad-7171-b062-c0a5-dbf839ac97e9;CD:E6:D3:07;0;AVIÁRIO MEIO;872,00;14/11/2025;08:24:14;20;1283-20
CO2;1283;CT-CO2-0;1f94f8ad-7171-b062-c0a5-dbf839ac97e9;CD:E6:D3:07;0;AVIÁRIO MEIO;854,00;14/11/2025;08:29:47;20;1283-20
CO2;1283;CT-CO2-0;1f94f8ad-7171-b062-c0a5-dbf839ac97e9;CD:E6:D3:07;0;AVIÁRIO MEIO;828,00;14/11/2025;08:34:49;20;1283-20
CO2;1283;CT-CO2-0;1f94f8ad-7171-b062-c0a5-dbf839ac97e9;CD:E6:D3:07;0;AVIÁRIO MEIO;839,00;14/11/2025;08:40:21;20;1283-20
CO2;1283;CT-CO2-0;1f94f8ad-7171-b062-c0a5-dbf839ac97e9;CD:E6:D3:07;0;AVIÁRIO MEIO;837,00;14/11/2025;08:45:53;20;1283-20
CO2;1283;CT-CO2-0;1f94f8ad-7171-b062-c0a5-dbf839ac97e9;CD:E6:D3:07;0;AVIÁRIO MEIO;836,00;14/11/2025;08:50:59;20;1283-20
CO2;1283;CT-CO2-0;1f94f8ad-7171-b062-c0a5-dbf839ac97e9;CD:E6:D3:07;0;AVIÁRIO MEIO;816,00;14/11/2025;08:57:03;20;1283-20
CO2;1283;CT-CO2-0;1f94f8ad-7171-b062-c0a5-dbf839ac97e9;CD:E6:D3:07;0;AVIÁRIO MEIO;830,00;14/11/2025;09:01:36;20;1283-20
CO2;1283;CT-CO2-0;1f94f8ad-7171-b062-c0a5-dbf839ac97e9;CD:E6:D3:07;0;AVIÁRIO MEIO;825,00;14/11/2025;09:12:41;20;1283-20
CO2;1283;CT-CO2-0;1f94f8ad-7171-b062-c0a5-dbf839ac97e9;CD:E6:D3:07;0;AVIÁRIO MEIO;800,00;14/11/2025;09:17:44;20;1283-20
CO2;1283;CT-CO2-0;1f94f8ad-7171-b062-c0a5-dbf839ac97e9;CD:E6:D3:07;0;AVIÁRIO MEIO;805,00;14/11/2025;09:23:16;20;1283-20
CO2;1283;CT-CO2-0;1f94f8ad-7171-b062-c0a5-dbf839ac97e9;CD:E6:D3:07;0;AVIÁRIO MEIO;825,00;14/11/2025;09:28:48;20;1283-20
CO2;1283;CT-CO2-0;1f94f8ad-7171-b062-c0a5-dbf839ac97e9;CD:E6:D3:07;0;AVIÁRIO MEIO;781,00;14/11/2025;09:33:51;20;1283-20
CO2;1283;CT-CO2-0;1f94f8ad-7171-b062-c0a5-dbf839ac97e9;CD:E6:D3:07;0;AVIÁRIO MEIO;783,00;14/11/2025;09:39:24;20;1283-20
CO2;1283;CT-CO2-0;1f94f8ad-7171-b062-c0a5-dbf839ac97e9;CD:E6:D3:07;0;AVIÁRIO MEIO;777,00;14/11/2025;09:44:56;20;1283-20
CO2;1283;CT-CO2-0;1f94f8ad-7171-b062-c0a5-dbf839ac97e9;CD:E6:D3:07;0;AVIÁRIO MEIO;835,00;14/11/2025;09:49:58;20;1283-20
CO2;1283;CT-CO2-0;1f94f8ad-7171-b062-c0a5-dbf839ac97e9;CD:E6:D3:07;0;AVIÁRIO MEIO;789,00;14/11/2025;09:55:30;20;1283-20
CO2;1283;CT-CO2-0;1f94f8ad-7171-b062-c0a5-dbf839ac97e9;CD:E6:D3:07;0;AVIÁRIO MEIO;796,00;14/11/2025;10:01:03;20;1283-20
CO2;1283;CT-CO2-0;1f94f8ad-7171-b062-c0a5-dbf839ac97e9;CD:E6:D3:07;0;AVIÁRIO MEIO;802,00;14/11/2025;10:06:36;20;1283-20
CO2;1283;CT-CO2-0;1f94f8ad-7171-b062-c0a5-dbf839ac97e9;CD:E6:D3:07;0;AVIÁRIO MEIO;802,00;14/11/2025;10:11:38;20;1283-20
CO2;1283;CT-CO2-0;1f94f8ad-7171-b062-c0a5-dbf839ac97e9;CD:E6:D3:07;0;AVIÁRIO MEIO;802,00;14/11/2025;10:17:11;20;1283-20
CO2;1283;CT-CO2-0;1f94f8ad-7171-b062-c0a5-dbf839ac97e9;CD:E6:D3:07;0;AVIÁRIO MEIO;802,00;14/11/2025;10:22:12;20;1283-20
CO2;1283;CT-CO2-0;1f94f8ad-7171-b062-c0a5-dbf839ac97e9;CD:E6:D3:07;0;AVIÁRIO MEIO;797,00;14/11/2025;10:27:45;20;1283-20
CO2;1283;CT-CO2-0;1f94f8ad-7171-b062-c0a5-dbf839ac97e9;CD:E6:D3:07;0;AVIÁRIO MEIO;801,00;14/11/2025;10:33:18;20;1283-20
CO2;1283;CT-CO2-0;1f94f8ad-7171-b062-c0a5-dbf839ac97e9;CD:E6:D3:07;0;AVIÁRIO MEIO;803,00;14/11/2025;10:38:21;20;1283-20
CO2;1283;CT-CO2-0;1f94f8ad-7171-b062-c0a5-dbf839ac97e9;CD:E6:D3:07;0;AVIÁRIO MEIO;792,00;14/11/2025;10:43:53;20;1283-20
CO2;1283;CT-CO2-0;1f94f8ad-7171-b062-c0a5-dbf839ac97e9;CD:E6:D3:07;0;AVIÁRIO MEIO;853,00;14/11/2025;10:49:24;20;1283-20
CO2;1283;CT-CO2-0;1f94f8ad-7171-b062-c0a5-dbf839ac97e9;CD:E6:D3:07;0;AVIÁRIO MEIO;803,00;14/11/2025;10:54:26;20;1283-20
CO2;1283;CT-CO2-0;1f94f8ad-7171-b062-c0a5-dbf839ac97e9;CD:E6:D3:07;0;AVIÁRIO MEIO;795,00;14/11/2025;10:59:58;20;1283-20
CO2;1283;CT-CO2-0;1f94f8ad-7171-b062-c0a5-dbf839ac97e9;CD:E6:D3:07;0;AVIÁRIO MEIO;805,00;14/11/2025;11:05:31;20;1283-20
CO2;1283;CT-CO2-0;1f94f8ad-7171-b062-c0a5-dbf839ac97e9;CD:E6:D3:07;0;AVIÁRIO MEIO;805,00;14/11/2025;11:10:33;20;1283-20
CO2;1283;CT-CO2-0;1f94f8ad-7171-b062-c0a5-dbf839ac97e9;CD:E6:D3:07;0;AVIÁRIO MEIO;808,00;14/11/2025;11:16:36;20;1283-20
CO2;1283;CT-CO2-0;1f94f8ad-7171-b062-c0a5-dbf839ac97e9;CD:E6:D3:07;0;AVIÁRIO MEIO;799,00;14/11/2025;11:21:39;20;1283-20
CO2;1283;CT-CO2-0;1f94f8ad-7171-b062-c0a5-dbf839ac97e9;CD:E6:D3:07;0;AVIÁRIO MEIO;804,00;14/11/2025;11:26:41;20;1283-20
CO2;1283;CT-CO2-0;1f94f8ad-7171-b062-c0a5-dbf839ac97e9;CD:E6:D3:07;0;AVIÁRIO MEIO;789,00;14/11/2025;11:32:12;20;1283-20
CO2;1283;CT-CO2-0;1f94f8ad-7171-b062-c0a5-dbf839ac97e9;CD:E6:D3:07;0;AVIÁRIO MEIO;804,00;14/11/2025;11:37:44;20;1283-20
CO2;1283;CT-CO2-0;1f94f8ad-7171-b062-c0a5-dbf839ac97e9;CD:E6:D3:07;0;AVIÁRIO MEIO;800,00;14/11/2025;11:42:46;20;1283-20
CO2;1283;CT-CO2-0;1f94f8ad-7171-b062-c0a5-dbf839ac97e9;CD:E6:D3:07;0;AVIÁRIO MEIO;789,00;14/11/2025;11:48:18;20;1283-20
CO2;1283;CT-CO2-0;1f94f8ad-7171-b062-c0a5-dbf839ac97e9;CD:E6:D3:07;0;AVIÁRIO MEIO;799,00;14/11/2025;11:53:50;20;1283-20
CO2;1283;CT-CO2-0;1f94f8ad-7171-b062-c0a5-dbf839ac97e9;CD:E6:D3:07;0;AVIÁRIO MEIO;788,00;14/11/2025;11:58:52;20;1283-20
CO2;1283;CT-CO2-0;1f94f8ad-7171-b062-c0a5-dbf839ac97e9;CD:E6:D3:07;0;AVIÁRIO MEIO;792,00;14/11/2025;12:04:24;20;1283-20
CO2;1283;CT-CO2-0;1f94f8ad-7171-b062-c0a5-dbf839ac97e9;CD:E6:D3:07;0;AVIÁRIO MEIO;784,00;14/11/2025;12:09:55;20;1283-20
CO2;1283;CT-CO2-0;1f94f8ad-7171-b062-c0a5-dbf839ac97e9;CD:E6:D3:07;0;AVIÁRIO MEIO;794,00;14/11/2025;12:14:57;20;1283-20
CO2;1283;CT-CO2-0;1f94f8ad-7171-b062-c0a5-dbf839ac97e9;CD:E6:D3:07;0;AVIÁRIO MEIO;798,00;14/11/2025;12:20:29;20;1283-20
CO2;1283;CT-CO2-0;1f94f8ad-7171-b062-c0a5-dbf839ac97e9;CD:E6:D3:07;0;AVIÁRIO MEIO;794,00;14/11/2025;12:26:36;20;1283-20
CO2;1283;CT-CO2-0;1f94f8ad-7171-b062-c0a5-dbf839ac97e9;CD:E6:D3:07;0;AVIÁRIO MEIO;794,00;14/11/2025;12:31:08;20;1283-20
CO2;1283;CT-CO2-0;1f94f8ad-7171-b062-c0a5-dbf839ac97e9;CD:E6:D3:07;0;AVIÁRIO MEIO;788,00;14/11/2025;12:36:39;20;1283-20
CO2;1283;CT-CO2-0;1f94f8ad-7171-b062-c0a5-dbf839ac97e9;CD:E6:D3:07;0;AVIÁRIO MEIO;790,00;14/11/2025;12:42:12;20;1283-20
CO2;1283;CT-CO2-0;1f94f8ad-7171-b062-c0a5-dbf839ac97e9;CD:E6:D3:07;0;AVIÁRIO MEIO;781,00;14/11/2025;12:47:14;20;1283-20
CO2;1283;CT-CO2-0;1f94f8ad-7171-b062-c0a5-dbf839ac97e9;CD:E6:D3:07;0;AVIÁRIO MEIO;781,00;14/11/2025;12:52:47;20;1283-20
CO2;1283;CT-CO2-0;1f94f8ad-7171-b062-c0a5-dbf839ac97e9;CD:E6:D3:07;0;AVIÁRIO MEIO;771,00;14/11/2025;12:58:19;20;1283-20
CO2;1283;CT-CO2-0;1f94f8ad-7171-b062-c0a5-dbf839ac97e9;CD:E6:D3:07;0;AVIÁRIO MEIO;759,00;14/11/2025;13:03:22;20;1283-20
CO2;1283;CT-CO2-0;1f94f8ad-7171-b062-c0a5-dbf839ac97e9;CD:E6:D3:07;0;AVIÁRIO MEIO;719,00;14/11/2025;13:08:54;20;1283-20
CO2;1283;CT-CO2-0;1f94f8ad-7171-b062-c0a5-dbf839ac97e9;CD:E6:D3:07;0;AVIÁRIO MEIO;694,00;14/11/2025;13:25:00;20;1283-20
CO2;1283;CT-CO2-0;1f94f8ad-7171-b062-c0a5-dbf839ac97e9;CD:E6:D3:07;0;AVIÁRIO MEIO;688,00;14/11/2025;13:30:33;20;1283-20
CO2;1283;CT-CO2-0;1f94f8ad-7171-b062-c0a5-dbf839ac97e9;CD:E6:D3:07;0;AVIÁRIO MEIO;652,00;14/11/2025;13:36:08;20;1283-20
CO2;1283;CT-CO2-0;1f94f8ad-7171-b062-c0a5-dbf839ac97e9;CD:E6:D3:07;0;AVIÁRIO MEIO;658,00;14/11/2025;13:41:10;20;1283-20
CO2;1283;CT-CO2-0;1f94f8ad-7171-b062-c0a5-dbf839ac97e9;CD:E6:D3:07;0;AVIÁRIO MEIO;654,00;14/11/2025;13:46:43;20;1283-20
CO2;1283;CT-CO2-0;1f94f8ad-7171-b062-c0a5-dbf839ac97e9;CD:E6:D3:07;0;AVIÁRIO MEIO;637,00;14/11/2025;13:51:45;20;1283-20
CO2;1283;CT-CO2-0;1f94f8ad-7171-b062-c0a5-dbf839ac97e9;CD:E6:D3:07;0;AVIÁRIO MEIO;633,00;14/11/2025;13:57:17;20;1283-20
CO2;1283;CT-CO2-0;1f94f8ad-7171-b062-c0a5-dbf839ac97e9;CD:E6:D3:07;0;AVIÁRIO MEIO;619,00;14/11/2025;14:02:51;20;1283-20
CO2;1283;CT-CO2-0;1f94f8ad-7171-b062-c0a5-dbf839ac97e9;CD:E6:D3:07;0;AVIÁRIO MEIO;682,00;14/11/2025;14:07:53;20;1283-20
CO2;1283;CT-CO2-0;1f94f8ad-7171-b062-c0a5-dbf839ac97e9;CD:E6:D3:07;0;AVIÁRIO MEIO;629,00;14/11/2025;14:13:25;20;1283-20
CO2;1283;CT-CO2-0;1f94f8ad-7171-b062-c0a5-dbf839ac97e9;CD:E6:D3:07;0;AVIÁRIO MEIO;642,00;14/11/2025;14:18:57;20;1283-20
CO2;1283;CT-CO2-0;1f94f8ad-7171-b062-c0a5-dbf839ac97e9;CD:E6:D3:07;0;AVIÁRIO MEIO;653,00;14/11/2025;14:23:58;20;1283-20
CO2;1283;CT-CO2-0;1f94f8ad-7171-b062-c0a5-dbf839ac97e9;CD:E6:D3:07;0;AVIÁRIO MEIO;649,00;14/11/2025;14:29:30;20;1283-20
CO2;1283;CT-CO2-0;1f94f8ad-7171-b062-c0a5-dbf839ac97e9;CD:E6:D3:07;0;AVIÁRIO MEIO;645,00;14/11/2025;14:35:02;20;1283-20
CO2;1283;CT-CO2-0;1f94f8ad-7171-b062-c0a5-dbf839ac97e9;CD:E6:D3:07;0;AVIÁRIO MEIO;649,00;14/11/2025;14:40:04;20;1283-20
CO2;1283;CT-CO2-0;1f94f8ad-7171-b062-c0a5-dbf839ac97e9;CD:E6:D3:07;0;AVIÁRIO MEIO;644,00;14/11/2025;14:46:10;20;1283-20
CO2;1283;CT-CO2-0;1f94f8ad-7171-b062-c0a5-dbf839ac97e9;CD:E6:D3:07;0;AVIÁRIO MEIO;652,00;14/11/2025;14:51:13;20;1283-20
CO2;1283;CT-CO2-0;1f94f8ad-7171-b062-c0a5-dbf839ac97e9;CD:E6:D3:07;0;AVIÁRIO MEIO;637,00;14/11/2025;14:56:15;20;1283-20
CO2;1283;CT-CO2-0;1f94f8ad-7171-b062-c0a5-dbf839ac97e9;CD:E6:D3:07;0;AVIÁRIO MEIO;649,00;14/11/2025;15:01:47;20;1283-20
CO2;1283;CT-CO2-0;1f94f8ad-7171-b062-c0a5-dbf839ac97e9;CD:E6:D3:07;0;AVIÁRIO MEIO;731,00;14/11/2025;15:07:18;20;1283-20
CO2;1283;CT-CO2-0;1f94f8ad-7171-b062-c0a5-dbf839ac97e9;CD:E6:D3:07;0;AVIÁRIO MEIO;649,00;14/11/2025;15:12:21;20;1283-20
CO2;1283;CT-CO2-0;1f94f8ad-7171-b062-c0a5-dbf839ac97e9;CD:E6:D3:07;0;AVIÁRIO MEIO;650,00;14/11/2025;15:17:58;20;1283-20
CO2;1283;CT-CO2-0;1f94f8ad-7171-b062-c0a5-dbf839ac97e9;CD:E6:D3:07;0;AVIÁRIO MEIO;638,00;14/11/2025;15:23:30;20;1283-20
CO2;1283;CT-CO2-0;1f94f8ad-7171-b062-c0a5-dbf839ac97e9;CD:E6:D3:07;0;AVIÁRIO MEIO;635,00;14/11/2025;15:28:32;20;1283-20
CO2;1283;CT-CO2-0;1f94f8ad-7171-b062-c0a5-dbf839ac97e9;CD:E6:D3:07;0;AVIÁRIO MEIO;644,00;14/11/2025;15:34:04;20;1283-20
CO2;1283;CT-CO2-0;1f94f8ad-7171-b062-c0a5-dbf839ac97e9;CD:E6:D3:07;0;AVIÁRIO MEIO;662,00;14/11/2025;15:39:38;20;1283-20
CO2;1283;CT-CO2-0;1f94f8ad-7171-b062-c0a5-dbf839ac97e9;CD:E6:D3:07;0;AVIÁRIO MEIO;635,00;14/11/2025;15:44:40;20;1283-20
CO2;1283;CT-CO2-0;1f94f8ad-7171-b062-c0a5-dbf839ac97e9;CD:E6:D3:07;0;AVIÁRIO MEIO;640,00;14/11/2025;15:50:12;20;1283-20
CO2;1283;CT-CO2-0;1f94f8ad-7171-b062-c0a5-dbf839ac97e9;CD:E6:D3:07;0;AVIÁRIO MEIO;629,00;14/11/2025;15:56:16;20;1283-20
CO2;1283;CT-CO2-0;1f94f8ad-7171-b062-c0a5-dbf839ac97e9;CD:E6:D3:07;0;AVIÁRIO MEIO;644,00;14/11/2025;16:00:51;20;1283-20
CO2;1283;CT-CO2-0;1f94f8ad-7171-b062-c0a5-dbf839ac97e9;CD:E6:D3:07;0;AVIÁRIO MEIO;639,00;14/11/2025;16:06:23;20;1283-20
CO2;1283;CT-CO2-0;1f94f8ad-7171-b062-c0a5-dbf839ac97e9;CD:E6:D3:07;0;AVIÁRIO MEIO;623,00;14/11/2025;16:11:25;20;1283-20
CO2;1283;CT-CO2-0;1f94f8ad-7171-b062-c0a5-dbf839ac97e9;CD:E6:D3:07;0;AVIÁRIO MEIO;624,00;14/11/2025;16:16:59;20;1283-20
CO2;1283;CT-CO2-0;1f94f8ad-7171-b062-c0a5-dbf839ac97e9;CD:E6:D3:07;0;AVIÁRIO MEIO;628,00;14/11/2025;16:22:31;20;1283-20
CO2;1283;CT-CO2-0;1f94f8ad-7171-b062-c0a5-dbf839ac97e9;CD:E6:D3:07;0;AVIÁRIO MEIO;627,00;14/11/2025;16:28:03;20;1283-20
CO2;1283;CT-CO2-0;1f94f8ad-7171-b062-c0a5-dbf839ac97e9;CD:E6:D3:07;0;AVIÁRIO MEIO;610,00;14/11/2025;16:33:06;20;1283-20
CO2;1283;CT-CO2-0;1f94f8ad-7171-b062-c0a5-dbf839ac97e9;CD:E6:D3:07;0;AVIÁRIO MEIO;631,00;14/11/2025;16:38:38;20;1283-20
CO2;1283;CT-CO2-0;1f94f8ad-7171-b062-c0a5-dbf839ac97e9;CD:E6:D3:07;0;AVIÁRIO MEIO;621,00;14/11/2025;16:44:10;20;1283-20
CO2;1283;CT-CO2-0;1f94f8ad-7171-b062-c0a5-dbf839ac97e9;CD:E6:D3:07;0;AVIÁRIO MEIO;628,00;14/11/2025;16:49:23;20;1283-20
CO2;1283;CT-CO2-0;1f94f8ad-7171-b062-c0a5-dbf839ac97e9;CD:E6:D3:07;0;AVIÁRIO MEIO;643,00;14/11/2025;16:54:56;20;1283-20
CO2;1283;CT-CO2-0;1f94f8ad-7171-b062-c0a5-dbf839ac97e9;CD:E6:D3:07;0;AVIÁRIO MEIO;619,00;14/11/2025;16:59:58;20;1283-20
CO2;1283;CT-CO2-0;1f94f8ad-7171-b062-c0a5-dbf839ac97e9;CD:E6:D3:07;0;AVIÁRIO MEIO;635,00;14/11/2025;17:06:03;20;1283-20
CO2;1283;CT-CO2-0;1f94f8ad-7171-b062-c0a5-dbf839ac97e9;CD:E6:D3:07;0;AVIÁRIO MEIO;617,00;14/11/2025;17:11:05;20;1283-20
CO2;1283;CT-CO2-0;1f94f8ad-7171-b062-c0a5-dbf839ac97e9;CD:E6:D3:07;0;AVIÁRIO MEIO;621,00;14/11/2025;17:16:07;20;1283-20
CO2;1283;CT-CO2-0;1f94f8ad-7171-b062-c0a5-dbf839ac97e9;CD:E6:D3:07;0;AVIÁRIO MEIO;611,00;14/11/2025;17:21:39;20;1283-20
CO2;1283;CT-CO2-0;1f94f8ad-7171-b062-c0a5-dbf839ac97e9;CD:E6:D3:07;0;AVIÁRIO MEIO;634,00;14/11/2025;17:27:11;20;1283-20
CO2;1283;CT-CO2-0;1f94f8ad-7171-b062-c0a5-dbf839ac97e9;CD:E6:D3:07;0;AVIÁRIO MEIO;632,00;14/11/2025;17:32:43;20;1283-20
CO2;1283;CT-CO2-0;1f94f8ad-7171-b062-c0a5-dbf839ac97e9;CD:E6:D3:07;0;AVIÁRIO MEIO;629,00;14/11/2025;17:37:45;20;1283-20
CO2;1283;CT-CO2-0;1f94f8ad-7171-b062-c0a5-dbf839ac97e9;CD:E6:D3:07;0;AVIÁRIO MEIO;626,00;14/11/2025;17:43:18;20;1283-20
CO2;1283;CT-CO2-0;1f94f8ad-7171-b062-c0a5-dbf839ac97e9;CD:E6:D3:07;0;AVIÁRIO MEIO;619,00;14/11/2025;17:48:51;20;1283-20
CO2;1283;CT-CO2-0;1f94f8ad-7171-b062-c0a5-dbf839ac97e9;CD:E6:D3:07;0;AVIÁRIO MEIO;640,00;14/11/2025;17:53:53;20;1283-20
CO2;1283;CT-CO2-0;1f94f8ad-7171-b062-c0a5-dbf839ac97e9;CD:E6:D3:07;0;AVIÁRIO MEIO;647,00;14/11/2025;18:04:57;20;1283-20
CO2;1283;CT-CO2-0;1f94f8ad-7171-b062-c0a5-dbf839ac97e9;CD:E6:D3:07;0;AVIÁRIO MEIO;640,00;14/11/2025;18:10:29;20;1283-20
CO2;1283;CT-CO2-0;1f94f8ad-7171-b062-c0a5-dbf839ac97e9;CD:E6:D3:07;0;AVIÁRIO MEIO;641,00;14/11/2025;18:16:03;20;1283-20
CO2;1283;CT-CO2-0;1f94f8ad-7171-b062-c0a5-dbf839ac97e9;CD:E6:D3:07;0;AVIÁRIO MEIO;639,00;14/11/2025;18:21:05;20;1283-20
CO2;1283;CT-CO2-0;1f94f8ad-7171-b062-c0a5-dbf839ac97e9;CD:E6:D3:07;0;AVIÁRIO MEIO;638,00;14/11/2025;18:26:38;20;1283-20
CO2;1283;CT-CO2-0;1f94f8ad-7171-b062-c0a5-dbf839ac97e9;CD:E6:D3:07;0;AVIÁRIO MEIO;646,00;14/11/2025;18:31:39;20;1283-20
CO2;1283;CT-CO2-0;1f94f8ad-7171-b062-c0a5-dbf839ac97e9;CD:E6:D3:07;0;AVIÁRIO MEIO;656,00;14/11/2025;18:37:11;20;1283-20
CO2;1283;CT-CO2-0;1f94f8ad-7171-b062-c0a5-dbf839ac97e9;CD:E6:D3:07;0;AVIÁRIO MEIO;655,00;14/11/2025;18:42:43;20;1283-20
CO2;1283;CT-CO2-0;1f94f8ad-7171-b062-c0a5-dbf839ac97e9;CD:E6:D3:07;0;AVIÁRIO MEIO;667,00;14/11/2025;18:48:16;20;1283-20
CO2;1283;CT-CO2-0;1f94f8ad-7171-b062-c0a5-dbf839ac97e9;CD:E6:D3:07;0;AVIÁRIO MEIO;662,00;14/11/2025;18:53:18;20;1283-20
CO2;1283;CT-CO2-0;1f94f8ad-7171-b062-c0a5-dbf839ac97e9;CD:E6:D3:07;0;AVIÁRIO MEIO;665,00;14/11/2025;18:58:50;20;1283-20
CO2;1283;CT-CO2-0;1f94f8ad-7171-b062-c0a5-dbf839ac97e9;CD:E6:D3:07;0;AVIÁRIO MEIO;704,00;14/11/2025;19:09:25;20;1283-20
CO2;1283;CT-CO2-0;1f94f8ad-7171-b062-c0a5-dbf839ac97e9;CD:E6:D3:07;0;AVIÁRIO MEIO;713,00;14/11/2025;19:14:57;20;1283-20
CO2;1283;CT-CO2-0;1f94f8ad-7171-b062-c0a5-dbf839ac97e9;CD:E6:D3:07;0;AVIÁRIO MEIO;720,00;14/11/2025;19:20:29;20;1283-20
CO2;1283;CT-CO2-0;1f94f8ad-7171-b062-c0a5-dbf839ac97e9;CD:E6:D3:07;0;AVIÁRIO MEIO;722,00;14/11/2025;19:26:34;20;1283-20
CO2;1283;CT-CO2-0;1f94f8ad-7171-b062-c0a5-dbf839ac97e9;CD:E6:D3:07;0;AVIÁRIO MEIO;724,00;14/11/2025;19:31:06;20;1283-20
CO2;1283;CT-CO2-0;1f94f8ad-7171-b062-c0a5-dbf839ac97e9;CD:E6:D3:07;0;AVIÁRIO MEIO;734,00;14/11/2025;19:36:38;20;1283-20
CO2;1283;CT-CO2-0;1f94f8ad-7171-b062-c0a5-dbf839ac97e9;CD:E6:D3:07;0;AVIÁRIO MEIO;773,00;14/11/2025;19:42:09;20;1283-20
CO2;1283;CT-CO2-0;1f94f8ad-7171-b062-c0a5-dbf839ac97e9;CD:E6:D3:07;0;AVIÁRIO MEIO;774,00;14/11/2025;19:47:12;20;1283-20
CO2;1283;CT-CO2-0;1f94f8ad-7171-b062-c0a5-dbf839ac97e9;CD:E6:D3:07;0;AVIÁRIO MEIO;790,00;14/11/2025;19:52:44;20;1283-20
CO2;1283;CT-CO2-0;1f94f8ad-7171-b062-c0a5-dbf839ac97e9;CD:E6:D3:07;0;AVIÁRIO MEIO;783,00;14/11/2025;19:58:16;20;1283-20
CO2;1283;CT-CO2-0;1f94f8ad-7171-b062-c0a5-dbf839ac97e9;CD:E6:D3:07;0;AVIÁRIO MEIO;799,00;14/11/2025;20:03:18;20;1283-20
CO2;1283;CT-CO2-0;1f94f8ad-7171-b062-c0a5-dbf839ac97e9;CD:E6:D3:07;0;AVIÁRIO MEIO;780,00;14/11/2025;20:08:51;20;1283-20
CO2;1283;CT-CO2-0;1f94f8ad-7171-b062-c0a5-dbf839ac97e9;CD:E6:D3:07;0;AVIÁRIO MEIO;804,00;14/11/2025;20:14:24;20;1283-20
CO2;1283;CT-CO2-0;1f94f8ad-7171-b062-c0a5-dbf839ac97e9;CD:E6:D3:07;0;AVIÁRIO MEIO;799,00;14/11/2025;20:19:56;20;1283-20
CO2;1283;CT-CO2-0;1f94f8ad-7171-b062-c0a5-dbf839ac97e9;CD:E6:D3:07;0;AVIÁRIO MEIO;819,00;14/11/2025;20:24:58;20;1283-20
CO2;1283;CT-CO2-0;1f94f8ad-7171-b062-c0a5-dbf839ac97e9;CD:E6:D3:07;0;AVIÁRIO MEIO;817,00;14/11/2025;20:30:30;20;1283-20
CO2;1283;CT-CO2-0;1f94f8ad-7171-b062-c0a5-dbf839ac97e9;CD:E6:D3:07;0;AVIÁRIO MEIO;799,00;14/11/2025;20:36:33;20;1283-20
CO2;1283;CT-CO2-0;1f94f8ad-7171-b062-c0a5-dbf839ac97e9;CD:E6:D3:07;0;AVIÁRIO MEIO;808,00;14/11/2025;20:41:05;20;1283-20
CO2;1283;CT-CO2-0;1f94f8ad-7171-b062-c0a5-dbf839ac97e9;CD:E6:D3:07;0;AVIÁRIO MEIO;789,00;14/11/2025;20:46:37;20;1283-20
CO2;1283;CT-CO2-0;1f94f8ad-7171-b062-c0a5-dbf839ac97e9;CD:E6:D3:07;0;AVIÁRIO MEIO;794,00;14/11/2025;20:52:10;20;1283-20
CO2;1283;CT-CO2-0;1f94f8ad-7171-b062-c0a5-dbf839ac97e9;CD:E6:D3:07;0;AVIÁRIO MEIO;852,00;14/11/2025;20:57:12;20;1283-20
CO2;1283;CT-CO2-0;1f94f8ad-7171-b062-c0a5-dbf839ac97e9;CD:E6:D3:07;0;AVIÁRIO MEIO;870,00;14/11/2025;21:06:13;20;1283-20
CO2;1283;CT-CO2-0;1f94f8ad-7171-b062-c0a5-dbf839ac97e9;CD:E6:D3:07;0;AVIÁRIO MEIO;863,00;14/11/2025;21:11:46;20;1283-20
CO2;1283;CT-CO2-0;1f94f8ad-7171-b062-c0a5-dbf839ac97e9;CD:E6:D3:07;0;AVIÁRIO MEIO;862,00;14/11/2025;21:16:48;20;1283-20
CO2;1283;CT-CO2-0;1f94f8ad-7171-b062-c0a5-dbf839ac97e9;CD:E6:D3:07;0;AVIÁRIO MEIO;840,00;14/11/2025;21:22:22;20;1283-20
CO2;1283;CT-CO2-0;1f94f8ad-7171-b062-c0a5-dbf839ac97e9;CD:E6:D3:07;0;AVIÁRIO MEIO;829,00;14/11/2025;21:27:54;20;1283-20
CO2;1283;CT-CO2-0;1f94f8ad-7171-b062-c0a5-dbf839ac97e9;CD:E6:D3:07;0;AVIÁRIO MEIO;797,00;14/11/2025;21:32:56;20;1283-20
CO2;1283;CT-CO2-0;1f94f8ad-7171-b062-c0a5-dbf839ac97e9;CD:E6:D3:07;0;AVIÁRIO MEIO;810,00;14/11/2025;21:38:27;20;1283-20
CO2;1283;CT-CO2-0;1f94f8ad-7171-b062-c0a5-dbf839ac97e9;CD:E6:D3:07;0;AVIÁRIO MEIO;811,00;14/11/2025;21:44:31;20;1283-20
CO2;1283;CT-CO2-0;1f94f8ad-7171-b062-c0a5-dbf839ac97e9;CD:E6:D3:07;0;AVIÁRIO MEIO;783,00;14/11/2025;21:54:41;20;1283-20
CO2;1283;CT-CO2-0;1f94f8ad-7171-b062-c0a5-dbf839ac97e9;CD:E6:D3:07;0;AVIÁRIO MEIO;783,00;14/11/2025;22:00:14;20;1283-20
CO2;1283;CT-CO2-0;1f94f8ad-7171-b062-c0a5-dbf839ac97e9;CD:E6:D3:07;0;AVIÁRIO MEIO;785,00;14/11/2025;22:05:46;20;1283-20
CO2;1283;CT-CO2-0;1f94f8ad-7171-b062-c0a5-dbf839ac97e9;CD:E6:D3:07;0;AVIÁRIO MEIO;788,00;14/11/2025;22:10:48;20;1283-20
CO2;1283;CT-CO2-0;1f94f8ad-7171-b062-c0a5-dbf839ac97e9;CD:E6:D3:07;0;AVIÁRIO MEIO;773,00;14/11/2025;22:16:20;20;1283-20
CO2;1283;CT-CO2-0;1f94f8ad-7171-b062-c0a5-dbf839ac97e9;CD:E6:D3:07;0;AVIÁRIO MEIO;771,00;14/11/2025;22:21:52;20;1283-20
CO2;1283;CT-CO2-0;1f94f8ad-7171-b062-c0a5-dbf839ac97e9;CD:E6:D3:07;0;AVIÁRIO MEIO;787,00;14/11/2025;22:26:54;20;1283-20
CO2;1283;CT-CO2-0;1f94f8ad-7171-b062-c0a5-dbf839ac97e9;CD:E6:D3:07;0;AVIÁRIO MEIO;758,00;14/11/2025;22:32:26;20;1283-20
CO2;1283;CT-CO2-0;1f94f8ad-7171-b062-c0a5-dbf839ac97e9;CD:E6:D3:07;0;AVIÁRIO MEIO;801,00;14/11/2025;22:37:58;20;1283-20
CO2;1283;CT-CO2-0;1f94f8ad-7171-b062-c0a5-dbf839ac97e9;CD:E6:D3:07;0;AVIÁRIO MEIO;820,00;14/11/2025;22:43:36;20;1283-20
CO2;1283;CT-CO2-0;1f94f8ad-7171-b062-c0a5-dbf839ac97e9;CD:E6:D3:07;0;AVIÁRIO MEIO;845,00;14/11/2025;22:48:38;20;1283-20
CO2;1283;CT-CO2-0;1f94f8ad-7171-b062-c0a5-dbf839ac97e9;CD:E6:D3:07;0;AVIÁRIO MEIO;829,00;14/11/2025;22:54:42;20;1283-20
CO2;1283;CT-CO2-0;1f94f8ad-7171-b062-c0a5-dbf839ac97e9;CD:E6:D3:07;0;AVIÁRIO MEIO;849,00;14/11/2025;23:04:53;20;1283-20
CO2;1283;CT-CO2-0;1f94f8ad-7171-b062-c0a5-dbf839ac97e9;CD:E6:D3:07;0;AVIÁRIO MEIO;922,00;14/11/2025;23:10:26;20;1283-20
CO2;1283;CT-CO2-0;1f94f8ad-7171-b062-c0a5-dbf839ac97e9;CD:E6:D3:07;0;AVIÁRIO MEIO;865,00;14/11/2025;23:15:28;20;1283-20
CO2;1283;CT-CO2-0;1f94f8ad-7171-b062-c0a5-dbf839ac97e9;CD:E6:D3:07;0;AVIÁRIO MEIO;897,00;14/11/2025;23:21:00;20;1283-20
CO2;1283;CT-CO2-0;1f94f8ad-7171-b062-c0a5-dbf839ac97e9;CD:E6:D3:07;0;AVIÁRIO MEIO;916,00;14/11/2025;23:26:32;20;1283-20
CO2;1283;CT-CO2-0;1f94f8ad-7171-b062-c0a5-dbf839ac97e9;CD:E6:D3:07;0;AVIÁRIO MEIO;926,00;14/11/2025;23:31:33;20;1283-20
CO2;1283;CT-CO2-0;1f94f8ad-7171-b062-c0a5-dbf839ac97e9;CD:E6:D3:07;0;AVIÁRIO MEIO;937,00;14/11/2025;23:37:05;20;1283-20
CO2;1283;CT-CO2-0;1f94f8ad-7171-b062-c0a5-dbf839ac97e9;CD:E6:D3:07;0;AVIÁRIO MEIO;939,00;14/11/2025;23:42:37;20;1283-20
CO2;1283;CT-CO2-0;1f94f8ad-7171-b062-c0a5-dbf839ac97e9;CD:E6:D3:07;0;AVIÁRIO MEIO;920,00;14/11/2025;23:47:40;20;1283-20
CO2;1283;CT-CO2-0;1f94f8ad-7171-b062-c0a5-dbf839ac97e9;CD:E6:D3:07;0;AVIÁRIO MEIO;912,00;14/11/2025;23:53:12;20;1283-20
CO2;1283;CT-CO2-0;1f94f8ad-7171-b062-c0a5-dbf839ac97e9;CD:E6:D3:07;0;AVIÁRIO MEIO;907,00;14/11/2025;23:58:44;20;1283-20
CO2;1283;CT-CO2-0;1f94f8ad-7171-b062-c0a5-dbf839ac97e9;CD:E6:D3:07;0;AVIÁRIO MEIO;907,00;15/11/2025;00:04:52;20;1283-20
CO2;1283;CT-CO2-0;1f94f8ad-7171-b062-c0a5-dbf839ac97e9;CD:E6:D3:07;0;AVIÁRIO MEIO;920,00;15/11/2025;00:09:25;20;1283-20
CO2;1283;CT-CO2-0;1f94f8ad-7171-b062-c0a5-dbf839ac97e9;CD:E6:D3:07;0;AVIÁRIO MEIO;893,00;15/11/2025;00:14:58;20;1283-20
CO2;1283;CT-CO2-0;1f94f8ad-7171-b062-c0a5-dbf839ac97e9;CD:E6:D3:07;0;AVIÁRIO MEIO;902,00;15/11/2025;00:20:00;20;1283-20
CO2;1283;CT-CO2-0;1f94f8ad-7171-b062-c0a5-dbf839ac97e9;CD:E6:D3:07;0;AVIÁRIO MEIO;915,00;15/11/2025;00:25:31;20;1283-20
CO2;1283;CT-CO2-0;1f94f8ad-7171-b062-c0a5-dbf839ac97e9;CD:E6:D3:07;0;AVIÁRIO MEIO;914,00;15/11/2025;00:31:03;20;1283-20
CO2;1283;CT-CO2-0;1f94f8ad-7171-b062-c0a5-dbf839ac97e9;CD:E6:D3:07;0;AVIÁRIO MEIO;923,00;15/11/2025;00:36:36;20;1283-20
CO2;1283;CT-CO2-0;1f94f8ad-7171-b062-c0a5-dbf839ac97e9;CD:E6:D3:07;0;AVIÁRIO MEIO;905,00;15/11/2025;00:41:37;20;1283-20
CO2;1283;CT-CO2-0;1f94f8ad-7171-b062-c0a5-dbf839ac97e9;CD:E6:D3:07;0;AVIÁRIO MEIO;886,00;15/11/2025;00:47:11;20;1283-20
CO2;1283;CT-CO2-0;1f94f8ad-7171-b062-c0a5-dbf839ac97e9;CD:E6:D3:07;0;AVIÁRIO MEIO;890,00;15/11/2025;00:52:43;20;1283-20
CO2;1283;CT-CO2-0;1f94f8ad-7171-b062-c0a5-dbf839ac97e9;CD:E6:D3:07;0;AVIÁRIO MEIO;886,00;15/11/2025;00:57:45;20;1283-20
CO2;1283;CT-CO2-0;1f94f8ad-7171-b062-c0a5-dbf839ac97e9;CD:E6:D3:07;0;AVIÁRIO MEIO;895,00;15/11/2025;01:03:19;20;1283-20
CO2;1283;CT-CO2-0;1f94f8ad-7171-b062-c0a5-dbf839ac97e9;CD:E6:D3:07;0;AVIÁRIO MEIO;888,00;15/11/2025;01:08:51;20;1283-20
CO2;1283;CT-CO2-0;1f94f8ad-7171-b062-c0a5-dbf839ac97e9;CD:E6:D3:07;0;AVIÁRIO MEIO;871,00;15/11/2025;01:19:27;20;1283-20
CO2;1283;CT-CO2-0;1f94f8ad-7171-b062-c0a5-dbf839ac97e9;CD:E6:D3:07;0;AVIÁRIO MEIO;875,00;15/11/2025;01:24:59;20;1283-20
CO2;1283;CT-CO2-0;1f94f8ad-7171-b062-c0a5-dbf839ac97e9;CD:E6:D3:07;0;AVIÁRIO MEIO;859,00;15/11/2025;01:30:03;20;1283-20
CO2;1283;CT-CO2-0;1f94f8ad-7171-b062-c0a5-dbf839ac97e9;CD:E6:D3:07;0;AVIÁRIO MEIO;849,00;15/11/2025;01:35:35;20;1283-20
CO2;1283;CT-CO2-0;1f94f8ad-7171-b062-c0a5-dbf839ac97e9;CD:E6:D3:07;0;AVIÁRIO MEIO;859,00;15/11/2025;01:41:06;20;1283-20
CO2;1283;CT-CO2-0;1f94f8ad-7171-b062-c0a5-dbf839ac97e9;CD:E6:D3:07;0;AVIÁRIO MEIO;884,00;15/11/2025;01:46:38;20;1283-20
CO2;1283;CT-CO2-0;1f94f8ad-7171-b062-c0a5-dbf839ac97e9;CD:E6:D3:07;0;AVIÁRIO MEIO;882,00;15/11/2025;01:51:40;20;1283-20
CO2;1283;CT-CO2-0;1f94f8ad-7171-b062-c0a5-dbf839ac97e9;CD:E6:D3:07;0;AVIÁRIO MEIO;867,00;15/11/2025;01:57:12;20;1283-20
CO2;1283;CT-CO2-0;1f94f8ad-7171-b062-c0a5-dbf839ac97e9;CD:E6:D3:07;0;AVIÁRIO MEIO;862,00;15/11/2025;02:02:44;20;1283-20
CO2;1283;CT-CO2-0;1f94f8ad-7171-b062-c0a5-dbf839ac97e9;CD:E6:D3:07;0;AVIÁRIO MEIO;884,00;15/11/2025;02:07:45;20;1283-20
CO2;1283;CT-CO2-0;1f94f8ad-7171-b062-c0a5-dbf839ac97e9;CD:E6:D3:07;0;AVIÁRIO MEIO;891,00;15/11/2025;02:13:17;20;1283-20
CO2;1283;CT-CO2-0;1f94f8ad-7171-b062-c0a5-dbf839ac97e9;CD:E6:D3:07;0;AVIÁRIO MEIO;876,00;15/11/2025;02:18:49;20;1283-20
CO2;1283;CT-CO2-0;1f94f8ad-7171-b062-c0a5-dbf839ac97e9;CD:E6:D3:07;0;AVIÁRIO MEIO;867,00;15/11/2025;02:25:00;20;1283-20
CO2;1283;CT-CO2-0;1f94f8ad-7171-b062-c0a5-dbf839ac97e9;CD:E6:D3:07;0;AVIÁRIO MEIO;858,00;15/11/2025;02:29:32;20;1283-20
CO2;1283;CT-CO2-0;1f94f8ad-7171-b062-c0a5-dbf839ac97e9;CD:E6:D3:07;0;AVIÁRIO MEIO;858,00;15/11/2025;02:35:04;20;1283-20
CO2;1283;CT-CO2-0;1f94f8ad-7171-b062-c0a5-dbf839ac97e9;CD:E6:D3:07;0;AVIÁRIO MEIO;855,00;15/11/2025;02:40:06;20;1283-20
CO2;1283;CT-CO2-0;1f94f8ad-7171-b062-c0a5-dbf839ac97e9;CD:E6:D3:07;0;AVIÁRIO MEIO;853,00;15/11/2025;02:45:38;20;1283-20
CO2;1283;CT-CO2-0;1f94f8ad-7171-b062-c0a5-dbf839ac97e9;CD:E6:D3:07;0;AVIÁRIO MEIO;850,00;15/11/2025;02:51:10;20;1283-20
CO2;1283;CT-CO2-0;1f94f8ad-7171-b062-c0a5-dbf839ac97e9;CD:E6:D3:07;0;AVIÁRIO MEIO;870,00;15/11/2025;02:56:42;20;1283-20
CO2;1283;CT-CO2-0;1f94f8ad-7171-b062-c0a5-dbf839ac97e9;CD:E6:D3:07;0;AVIÁRIO MEIO;854,00;15/11/2025;03:01:44;20;1283-20
CO2;1283;CT-CO2-0;1f94f8ad-7171-b062-c0a5-dbf839ac97e9;CD:E6:D3:07;0;AVIÁRIO MEIO;844,00;15/11/2025;03:07:16;20;1283-20
CO2;1283;CT-CO2-0;1f94f8ad-7171-b062-c0a5-dbf839ac97e9;CD:E6:D3:07;0;AVIÁRIO MEIO;847,00;15/11/2025;03:12:47;20;1283-20
CO2;1283;CT-CO2-0;1f94f8ad-7171-b062-c0a5-dbf839ac97e9;CD:E6:D3:07;0;AVIÁRIO MEIO;823,00;15/11/2025;03:17:49;20;1283-20
CO2;1283;CT-CO2-0;1f94f8ad-7171-b062-c0a5-dbf839ac97e9;CD:E6:D3:07;0;AVIÁRIO MEIO;837,00;15/11/2025;03:23:21;20;1283-20
CO2;1283;CT-CO2-0;1f94f8ad-7171-b062-c0a5-dbf839ac97e9;CD:E6:D3:07;0;AVIÁRIO MEIO;814,00;15/11/2025;03:28:53;20;1283-20
CO2;1283;CT-CO2-0;1f94f8ad-7171-b062-c0a5-dbf839ac97e9;CD:E6:D3:07;0;AVIÁRIO MEIO;829,00;15/11/2025;03:34:57;20;1283-20
CO2;1283;CT-CO2-0;1f94f8ad-7171-b062-c0a5-dbf839ac97e9;CD:E6:D3:07;0;AVIÁRIO MEIO;812,00;15/11/2025;03:39:30;20;1283-20
CO2;1283;CT-CO2-0;1f94f8ad-7171-b062-c0a5-dbf839ac97e9;CD:E6:D3:07;0;AVIÁRIO MEIO;817,00;15/11/2025;03:45:02;20;1283-20
CO2;1283;CT-CO2-0;1f94f8ad-7171-b062-c0a5-dbf839ac97e9;CD:E6:D3:07;0;AVIÁRIO MEIO;816,00;15/11/2025;03:50:34;20;1283-20
CO2;1283;CT-CO2-0;1f94f8ad-7171-b062-c0a5-dbf839ac97e9;CD:E6:D3:07;0;AVIÁRIO MEIO;812,00;15/11/2025;03:55:36;20;1283-20
CO2;1283;CT-CO2-0;1f94f8ad-7171-b062-c0a5-dbf839ac97e9;CD:E6:D3:07;0;AVIÁRIO MEIO;804,00;15/11/2025;04:01:08;20;1283-20
CO2;1283;CT-CO2-0;1f94f8ad-7171-b062-c0a5-dbf839ac97e9;CD:E6:D3:07;0;AVIÁRIO MEIO;797,00;15/11/2025;04:06:40;20;1283-20
CO2;1283;CT-CO2-0;1f94f8ad-7171-b062-c0a5-dbf839ac97e9;CD:E6:D3:07;0;AVIÁRIO MEIO;810,00;15/11/2025;04:11:41;20;1283-20
CO2;1283;CT-CO2-0;1f94f8ad-7171-b062-c0a5-dbf839ac97e9;CD:E6:D3:07;0;AVIÁRIO MEIO;821,00;15/11/2025;04:17:13;20;1283-20
CO2;1283;CT-CO2-0;1f94f8ad-7171-b062-c0a5-dbf839ac97e9;CD:E6:D3:07;0;AVIÁRIO MEIO;838,00;15/11/2025;04:22:47;20;1283-20
CO2;1283;CT-CO2-0;1f94f8ad-7171-b062-c0a5-dbf839ac97e9;CD:E6:D3:07;0;AVIÁRIO MEIO;844,00;15/11/2025;04:27:50;20;1283-20
CO2;1283;CT-CO2-0;1f94f8ad-7171-b062-c0a5-dbf839ac97e9;CD:E6:D3:07;0;AVIÁRIO MEIO;836,00;15/11/2025;04:33:22;20;1283-20
CO2;1283;CT-CO2-0;1f94f8ad-7171-b062-c0a5-dbf839ac97e9;CD:E6:D3:07;0;AVIÁRIO MEIO;839,00;15/11/2025;04:38:53;20;1283-20
CO2;1283;CT-CO2-0;1f94f8ad-7171-b062-c0a5-dbf839ac97e9;CD:E6:D3:07;0;AVIÁRIO MEIO;825,00;15/11/2025;04:44:58;20;1283-20
CO2;1283;CT-CO2-0;1f94f8ad-7171-b062-c0a5-dbf839ac97e9;CD:E6:D3:07;0;AVIÁRIO MEIO;809,00;15/11/2025;04:49:31;20;1283-20
CO2;1283;CT-CO2-0;1f94f8ad-7171-b062-c0a5-dbf839ac97e9;CD:E6:D3:07;0;AVIÁRIO MEIO;825,00;15/11/2025;04:55:03;20;1283-20
CO2;1283;CT-CO2-0;1f94f8ad-7171-b062-c0a5-dbf839ac97e9;CD:E6:D3:07;0;AVIÁRIO MEIO;829,00;15/11/2025;05:00:35;20;1283-20
CO2;1283;CT-CO2-0;1f94f8ad-7171-b062-c0a5-dbf839ac97e9;CD:E6:D3:07;0;AVIÁRIO MEIO;810,00;15/11/2025;05:05:37;20;1283-20
CO2;1283;CT-CO2-0;1f94f8ad-7171-b062-c0a5-dbf839ac97e9;CD:E6:D3:07;0;AVIÁRIO MEIO;812,00;15/11/2025;05:11:08;20;1283-20
CO2;1283;CT-CO2-0;1f94f8ad-7171-b062-c0a5-dbf839ac97e9;CD:E6:D3:07;0;AVIÁRIO MEIO;811,00;15/11/2025;05:16:41;20;1283-20
CO2;1283;CT-CO2-0;1f94f8ad-7171-b062-c0a5-dbf839ac97e9;CD:E6:D3:07;0;AVIÁRIO MEIO;823,00;15/11/2025;05:21:43;20;1283-20
CO2;1283;CT-CO2-0;1f94f8ad-7171-b062-c0a5-dbf839ac97e9;CD:E6:D3:07;0;AVIÁRIO MEIO;814,00;15/11/2025;05:27:18;20;1283-20
CO2;1283;CT-CO2-0;1f94f8ad-7171-b062-c0a5-dbf839ac97e9;CD:E6:D3:07;0;AVIÁRIO MEIO;826,00;15/11/2025;05:32:50;20;1283-20
CO2;1283;CT-CO2-0;1f94f8ad-7171-b062-c0a5-dbf839ac97e9;CD:E6:D3:07;0;AVIÁRIO MEIO;827,00;15/11/2025;05:37:52;20;1283-20
CO2;1283;CT-CO2-0;1f94f8ad-7171-b062-c0a5-dbf839ac97e9;CD:E6:D3:07;0;AVIÁRIO MEIO;824,00;15/11/2025;05:43:24;20;1283-20
CO2;1283;CT-CO2-0;1f94f8ad-7171-b062-c0a5-dbf839ac97e9;CD:E6:D3:07;0;AVIÁRIO MEIO;837,00;15/11/2025;05:48:55;20;1283-20
CO2;1283;CT-CO2-0;1f94f8ad-7171-b062-c0a5-dbf839ac97e9;CD:E6:D3:07;0;AVIÁRIO MEIO;845,00;15/11/2025;05:55:02;20;1283-20
CO2;1283;CT-CO2-0;1f94f8ad-7171-b062-c0a5-dbf839ac97e9;CD:E6:D3:07;0;AVIÁRIO MEIO;837,00;15/11/2025;05:59:34;20;1283-20
CO2;1283;CT-CO2-0;1f94f8ad-7171-b062-c0a5-dbf839ac97e9;CD:E6:D3:07;0;AVIÁRIO MEIO;844,00;15/11/2025;06:05:06;20;1283-20
CO2;1283;CT-CO2-0;1f94f8ad-7171-b062-c0a5-dbf839ac97e9;CD:E6:D3:07;0;AVIÁRIO MEIO;834,00;15/11/2025;06:10:38;20;1283-20
CO2;1283;CT-CO2-0;1f94f8ad-7171-b062-c0a5-dbf839ac97e9;CD:E6:D3:07;0;AVIÁRIO MEIO;841,00;15/11/2025;06:15:46;20;1283-20
CO2;1283;CT-CO2-0;1f94f8ad-7171-b062-c0a5-dbf839ac97e9;CD:E6:D3:07;0;AVIÁRIO MEIO;837,00;15/11/2025;06:21:18;20;1283-20
CO2;1283;CT-CO2-0;1f94f8ad-7171-b062-c0a5-dbf839ac97e9;CD:E6:D3:07;0;AVIÁRIO MEIO;842,00;15/11/2025;06:26:20;20;1283-20
CO2;1283;CT-CO2-0;1f94f8ad-7171-b062-c0a5-dbf839ac97e9;CD:E6:D3:07;0;AVIÁRIO MEIO;846,00;15/11/2025;06:31:52;20;1283-20
CO2;1283;CT-CO2-0;1f94f8ad-7171-b062-c0a5-dbf839ac97e9;CD:E6:D3:07;0;AVIÁRIO MEIO;846,00;15/11/2025;06:37:24;20;1283-20
CO2;1283;CT-CO2-0;1f94f8ad-7171-b062-c0a5-dbf839ac97e9;CD:E6:D3:07;0;AVIÁRIO MEIO;847,00;15/11/2025;06:42:56;20;1283-20
CO2;1283;CT-CO2-0;1f94f8ad-7171-b062-c0a5-dbf839ac97e9;CD:E6:D3:07;0;AVIÁRIO MEIO;870,00;15/11/2025;06:47:59;20;1283-20
CO2;1283;CT-CO2-0;1f94f8ad-7171-b062-c0a5-dbf839ac97e9;CD:E6:D3:07;0;AVIÁRIO MEIO;893,00;15/11/2025;06:53:31;20;1283-20
CO2;1283;CT-CO2-0;1f94f8ad-7171-b062-c0a5-dbf839ac97e9;CD:E6:D3:07;0;AVIÁRIO MEIO;883,00;15/11/2025;06:59:03;20;1283-20
CO2;1283;CT-CO2-0;1f94f8ad-7171-b062-c0a5-dbf839ac97e9;CD:E6:D3:07;0;AVIÁRIO MEIO;878,00;15/11/2025;07:04:39;20;1283-20
CO2;1283;CT-CO2-0;1f94f8ad-7171-b062-c0a5-dbf839ac97e9;CD:E6:D3:07;0;AVIÁRIO MEIO;882,00;15/11/2025;07:09:41;20;1283-20
CO2;1283;CT-CO2-0;1f94f8ad-7171-b062-c0a5-dbf839ac97e9;CD:E6:D3:07;0;AVIÁRIO MEIO;869,00;15/11/2025;07:15:13;20;1283-20
CO2;1283;CT-CO2-0;1f94f8ad-7171-b062-c0a5-dbf839ac97e9;CD:E6:D3:07;0;AVIÁRIO MEIO;886,00;15/11/2025;07:20:45;20;1283-20
CO2;1283;CT-CO2-0;1f94f8ad-7171-b062-c0a5-dbf839ac97e9;CD:E6:D3:07;0;AVIÁRIO MEIO;884,00;15/11/2025;07:25:49;20;1283-20
CO2;1283;CT-CO2-0;1f94f8ad-7171-b062-c0a5-dbf839ac97e9;CD:E6:D3:07;0;AVIÁRIO MEIO;875,00;15/11/2025;07:31:21;20;1283-20
CO2;1283;CT-CO2-0;1f94f8ad-7171-b062-c0a5-dbf839ac97e9;CD:E6:D3:07;0;AVIÁRIO MEIO;896,00;15/11/2025;07:36:53;20;1283-20
CO2;1283;CT-CO2-0;1f94f8ad-7171-b062-c0a5-dbf839ac97e9;CD:E6:D3:07;0;AVIÁRIO MEIO;871,00;15/11/2025;07:41:56;20;1283-20
CO2;1283;CT-CO2-0;1f94f8ad-7171-b062-c0a5-dbf839ac97e9;CD:E6:D3:07;0;AVIÁRIO MEIO;854,00;15/11/2025;07:47:28;20;1283-20
CO2;1283;CT-CO2-0;1f94f8ad-7171-b062-c0a5-dbf839ac97e9;CD:E6:D3:07;0;AVIÁRIO MEIO;861,00;15/11/2025;07:53:00;20;1283-20
CO2;1283;CT-CO2-0;1f94f8ad-7171-b062-c0a5-dbf839ac97e9;CD:E6:D3:07;0;AVIÁRIO MEIO;868,00;15/11/2025;07:58:03;20;1283-20
CO2;1283;CT-CO2-0;1f94f8ad-7171-b062-c0a5-dbf839ac97e9;CD:E6:D3:07;0;AVIÁRIO MEIO;868,00;15/11/2025;08:03:34;20;1283-20
CO2;1283;CT-CO2-0;1f94f8ad-7171-b062-c0a5-dbf839ac97e9;CD:E6:D3:07;0;AVIÁRIO MEIO;860,00;15/11/2025;08:09:06;20;1283-20
CO2;1283;CT-CO2-0;1f94f8ad-7171-b062-c0a5-dbf839ac97e9;CD:E6:D3:07;0;AVIÁRIO MEIO;864,00;15/11/2025;08:15:10;20;1283-20
CO2;1283;CT-CO2-0;1f94f8ad-7171-b062-c0a5-dbf839ac97e9;CD:E6:D3:07;0;AVIÁRIO MEIO;850,00;15/11/2025;08:19:42;20;1283-20
CO2;1283;CT-CO2-0;1f94f8ad-7171-b062-c0a5-dbf839ac97e9;CD:E6:D3:07;0;AVIÁRIO MEIO;861,00;15/11/2025;08:25:14;20;1283-20
CO2;1283;CT-CO2-0;1f94f8ad-7171-b062-c0a5-dbf839ac97e9;CD:E6:D3:07;0;AVIÁRIO MEIO;861,00;15/11/2025;08:30:46;20;1283-20
CO2;1283;CT-CO2-0;1f94f8ad-7171-b062-c0a5-dbf839ac97e9;CD:E6:D3:07;0;AVIÁRIO MEIO;849,00;15/11/2025;08:35:48;20;1283-20
CO2;1283;CT-CO2-0;1f94f8ad-7171-b062-c0a5-dbf839ac97e9;CD:E6:D3:07;0;AVIÁRIO MEIO;842,00;15/11/2025;08:41:20;20;1283-20
CO2;1283;CT-CO2-0;1f94f8ad-7171-b062-c0a5-dbf839ac97e9;CD:E6:D3:07;0;AVIÁRIO MEIO;832,00;15/11/2025;08:46:52;20;1283-20
CO2;1283;CT-CO2-0;1f94f8ad-7171-b062-c0a5-dbf839ac97e9;CD:E6:D3:07;0;AVIÁRIO MEIO;830,00;15/11/2025;08:51:55;20;1283-20
CO2;1283;CT-CO2-0;1f94f8ad-7171-b062-c0a5-dbf839ac97e9;CD:E6:D3:07;0;AVIÁRIO MEIO;833,00;15/11/2025;08:57:27;20;1283-20
CO2;1283;CT-CO2-0;1f94f8ad-7171-b062-c0a5-dbf839ac97e9;CD:E6:D3:07;0;AVIÁRIO MEIO;825,00;15/11/2025;09:02:59;20;1283-20
CO2;1283;CT-CO2-0;1f94f8ad-7171-b062-c0a5-dbf839ac97e9;CD:E6:D3:07;0;AVIÁRIO MEIO;836,00;15/11/2025;09:08:02;20;1283-20
CO2;1283;CT-CO2-0;1f94f8ad-7171-b062-c0a5-dbf839ac97e9;CD:E6:D3:07;0;AVIÁRIO MEIO;823,00;15/11/2025;09:13:35;20;1283-20
CO2;1283;CT-CO2-0;1f94f8ad-7171-b062-c0a5-dbf839ac97e9;CD:E6:D3:07;0;AVIÁRIO MEIO;835,00;15/11/2025;09:19:09;20;1283-20
CO2;1283;CT-CO2-0;1f94f8ad-7171-b062-c0a5-dbf839ac97e9;CD:E6:D3:07;0;AVIÁRIO MEIO;833,00;15/11/2025;09:25:13;20;1283-20
CO2;1283;CT-CO2-0;1f94f8ad-7171-b062-c0a5-dbf839ac97e9;CD:E6:D3:07;0;AVIÁRIO MEIO;848,00;15/11/2025;09:29:45;20;1283-20
CO2;1283;CT-CO2-0;1f94f8ad-7171-b062-c0a5-dbf839ac97e9;CD:E6:D3:07;0;AVIÁRIO MEIO;848,00;15/11/2025;09:35:18;20;1283-20
CO2;1283;CT-CO2-0;1f94f8ad-7171-b062-c0a5-dbf839ac97e9;CD:E6:D3:07;0;AVIÁRIO MEIO;860,00;15/11/2025;09:40:50;20;1283-20
CO2;1283;CT-CO2-0;1f94f8ad-7171-b062-c0a5-dbf839ac97e9;CD:E6:D3:07;0;AVIÁRIO MEIO;832,00;15/11/2025;09:45:52;20;1283-20
CO2;1283;CT-CO2-0;1f94f8ad-7171-b062-c0a5-dbf839ac97e9;CD:E6:D3:07;0;AVIÁRIO MEIO;837,00;15/11/2025;09:51:25;20;1283-20
CO2;1283;CT-CO2-0;1f94f8ad-7171-b062-c0a5-dbf839ac97e9;CD:E6:D3:07;0;AVIÁRIO MEIO;820,00;15/11/2025;09:56:57;20;1283-20
CO2;1283;CT-CO2-0;1f94f8ad-7171-b062-c0a5-dbf839ac97e9;CD:E6:D3:07;0;AVIÁRIO MEIO;813,00;15/11/2025;10:02:00;20;1283-20
CO2;1283;CT-CO2-0;1f94f8ad-7171-b062-c0a5-dbf839ac97e9;CD:E6:D3:07;0;AVIÁRIO MEIO;815,00;15/11/2025;10:07:32;20;1283-20
CO2;1283;CT-CO2-0;1f94f8ad-7171-b062-c0a5-dbf839ac97e9;CD:E6:D3:07;0;AVIÁRIO MEIO;831,00;15/11/2025;10:13:03;20;1283-20
CO2;1283;CT-CO2-0;1f94f8ad-7171-b062-c0a5-dbf839ac97e9;CD:E6:D3:07;0;AVIÁRIO MEIO;834,00;15/11/2025;10:18:05;20;1283-20
CO2;1283;CT-CO2-0;1f94f8ad-7171-b062-c0a5-dbf839ac97e9;CD:E6:D3:07;0;AVIÁRIO MEIO;807,00;15/11/2025;10:23:38;20;1283-20
CO2;1283;CT-CO2-0;1f94f8ad-7171-b062-c0a5-dbf839ac97e9;CD:E6:D3:07;0;AVIÁRIO MEIO;825,00;15/11/2025;10:29:10;20;1283-20
CO2;1283;CT-CO2-0;1f94f8ad-7171-b062-c0a5-dbf839ac97e9;CD:E6:D3:07;0;AVIÁRIO MEIO;822,00;15/11/2025;10:35:14;20;1283-20
CO2;1283;CT-CO2-0;1f94f8ad-7171-b062-c0a5-dbf839ac97e9;CD:E6:D3:07;0;AVIÁRIO MEIO;828,00;15/11/2025;10:39:51;20;1283-20
CO2;1283;CT-CO2-0;1f94f8ad-7171-b062-c0a5-dbf839ac97e9;CD:E6:D3:07;0;AVIÁRIO MEIO;849,00;15/11/2025;10:45:23;20;1283-20
CO2;1283;CT-CO2-0;1f94f8ad-7171-b062-c0a5-dbf839ac97e9;CD:E6:D3:07;0;AVIÁRIO MEIO;835,00;15/11/2025;10:50:54;20;1283-20
CO2;1283;CT-CO2-0;1f94f8ad-7171-b062-c0a5-dbf839ac97e9;CD:E6:D3:07;0;AVIÁRIO MEIO;824,00;15/11/2025;10:55:56;20;1283-20
CO2;1283;CT-CO2-0;1f94f8ad-7171-b062-c0a5-dbf839ac97e9;CD:E6:D3:07;0;AVIÁRIO MEIO;828,00;15/11/2025;11:01:29;20;1283-20
CO2;1283;CT-CO2-0;1f94f8ad-7171-b062-c0a5-dbf839ac97e9;CD:E6:D3:07;0;AVIÁRIO MEIO;785,00;15/11/2025;11:07:03;20;1283-20
CO2;1283;CT-CO2-0;1f94f8ad-7171-b062-c0a5-dbf839ac97e9;CD:E6:D3:07;0;AVIÁRIO MEIO;769,00;15/11/2025;11:12:05;20;1283-20
CO2;1283;CT-CO2-0;1f94f8ad-7171-b062-c0a5-dbf839ac97e9;CD:E6:D3:07;0;AVIÁRIO MEIO;775,00;15/11/2025;11:17:37;20;1283-20
CO2;1283;CT-CO2-0;1f94f8ad-7171-b062-c0a5-dbf839ac97e9;CD:E6:D3:07;0;AVIÁRIO MEIO;716,00;15/11/2025;11:23:10;20;1283-20
CO2;1283;CT-CO2-0;1f94f8ad-7171-b062-c0a5-dbf839ac97e9;CD:E6:D3:07;0;AVIÁRIO MEIO;672,00;15/11/2025;11:28:12;20;1283-20
CO2;1283;CT-CO2-0;1f94f8ad-7171-b062-c0a5-dbf839ac97e9;CD:E6:D3:07;0;AVIÁRIO MEIO;679,00;15/11/2025;11:33:44;20;1283-20
CO2;1283;CT-CO2-0;1f94f8ad-7171-b062-c0a5-dbf839ac97e9;CD:E6:D3:07;0;AVIÁRIO MEIO;674,00;15/11/2025;11:39:20;20;1283-20
CO2;1283;CT-CO2-0;1f94f8ad-7171-b062-c0a5-dbf839ac97e9;CD:E6:D3:07;0;AVIÁRIO MEIO;663,00;15/11/2025;11:44:59;20;1283-20
CO2;1283;CT-CO2-0;1f94f8ad-7171-b062-c0a5-dbf839ac97e9;CD:E6:D3:07;0;AVIÁRIO MEIO;689,00;15/11/2025;11:50:00;20;1283-20
CO2;1283;CT-CO2-0;1f94f8ad-7171-b062-c0a5-dbf839ac97e9;CD:E6:D3:07;0;AVIÁRIO MEIO;670,00;15/11/2025;11:55:32;20;1283-20
CO2;1283;CT-CO2-0;1f94f8ad-7171-b062-c0a5-dbf839ac97e9;CD:E6:D3:07;0;AVIÁRIO MEIO;732,00;15/11/2025;12:00:34;20;1283-20
CO2;1283;CT-CO2-0;1f94f8ad-7171-b062-c0a5-dbf839ac97e9;CD:E6:D3:07;0;AVIÁRIO MEIO;675,00;15/11/2025;12:06:06;20;1283-20
CO2;1283;CT-CO2-0;1f94f8ad-7171-b062-c0a5-dbf839ac97e9;CD:E6:D3:07;0;AVIÁRIO MEIO;674,00;15/11/2025;12:11:39;20;1283-20
CO2;1283;CT-CO2-0;1f94f8ad-7171-b062-c0a5-dbf839ac97e9;CD:E6:D3:07;0;AVIÁRIO MEIO;680,00;15/11/2025;12:16:41;20;1283-20
CO2;1283;CT-CO2-0;1f94f8ad-7171-b062-c0a5-dbf839ac97e9;CD:E6:D3:07;0;AVIÁRIO MEIO;689,00;15/11/2025;12:22:13;20;1283-20
CO2;1283;CT-CO2-0;1f94f8ad-7171-b062-c0a5-dbf839ac97e9;CD:E6:D3:07;0;AVIÁRIO MEIO;680,00;15/11/2025;12:27:45;20;1283-20
CO2;1283;CT-CO2-0;1f94f8ad-7171-b062-c0a5-dbf839ac97e9;CD:E6:D3:07;0;AVIÁRIO MEIO;676,00;15/11/2025;12:33:18;20;1283-20
CO2;1283;CT-CO2-0;1f94f8ad-7171-b062-c0a5-dbf839ac97e9;CD:E6:D3:07;0;AVIÁRIO MEIO;672,00;15/11/2025;12:38:19;20;1283-20
CO2;1283;CT-CO2-0;1f94f8ad-7171-b062-c0a5-dbf839ac97e9;CD:E6:D3:07;0;AVIÁRIO MEIO;683,00;15/11/2025;12:43:54;20;1283-20
CO2;1283;CT-CO2-0;1f94f8ad-7171-b062-c0a5-dbf839ac97e9;CD:E6:D3:07;0;AVIÁRIO MEIO;682,00;15/11/2025;12:49:26;20;1283-20
CO2;1283;CT-CO2-0;1f94f8ad-7171-b062-c0a5-dbf839ac97e9;CD:E6:D3:07;0;AVIÁRIO MEIO;679,00;15/11/2025;12:55:00;20;1283-20
CO2;1283;CT-CO2-0;1f94f8ad-7171-b062-c0a5-dbf839ac97e9;CD:E6:D3:07;0;AVIÁRIO MEIO;671,00;15/11/2025;13:00:02;20;1283-20
CO2;1283;CT-CO2-0;1f94f8ad-7171-b062-c0a5-dbf839ac97e9;CD:E6:D3:07;0;AVIÁRIO MEIO;657,00;15/11/2025;13:05:35;20;1283-20
CO2;1283;CT-CO2-0;1f94f8ad-7171-b062-c0a5-dbf839ac97e9;CD:E6:D3:07;0;AVIÁRIO MEIO;654,00;15/11/2025;13:10:37;20;1283-20
CO2;1283;CT-CO2-0;1f94f8ad-7171-b062-c0a5-dbf839ac97e9;CD:E6:D3:07;0;AVIÁRIO MEIO;642,00;15/11/2025;13:16:09;20;1283-20
CO2;1283;CT-CO2-0;1f94f8ad-7171-b062-c0a5-dbf839ac97e9;CD:E6:D3:07;0;AVIÁRIO MEIO;643,00;15/11/2025;13:21:41;20;1283-20
CO2;1283;CT-CO2-0;1f94f8ad-7171-b062-c0a5-dbf839ac97e9;CD:E6:D3:07;0;AVIÁRIO MEIO;651,00;15/11/2025;13:27:13;20;1283-20
CO2;1283;CT-CO2-0;1f94f8ad-7171-b062-c0a5-dbf839ac97e9;CD:E6:D3:07;0;AVIÁRIO MEIO;644,00;15/11/2025;13:32:18;20;1283-20
CO2;1283;CT-CO2-0;1f94f8ad-7171-b062-c0a5-dbf839ac97e9;CD:E6:D3:07;0;AVIÁRIO MEIO;648,00;15/11/2025;13:37:51;20;1283-20
CO2;1283;CT-CO2-0;1f94f8ad-7171-b062-c0a5-dbf839ac97e9;CD:E6:D3:07;0;AVIÁRIO MEIO;664,00;15/11/2025;13:43:25;20;1283-20
CO2;1283;CT-CO2-0;1f94f8ad-7171-b062-c0a5-dbf839ac97e9;CD:E6:D3:07;0;AVIÁRIO MEIO;653,00;15/11/2025;13:48:26;20;1283-20
CO2;1283;CT-CO2-0;1f94f8ad-7171-b062-c0a5-dbf839ac97e9;CD:E6:D3:07;0;AVIÁRIO MEIO;651,00;15/11/2025;13:53:58;20;1283-20
CO2;1283;CT-CO2-0;1f94f8ad-7171-b062-c0a5-dbf839ac97e9;CD:E6:D3:07;0;AVIÁRIO MEIO;672,00;15/11/2025;14:00:02;20;1283-20
CO2;1283;CT-CO2-0;1f94f8ad-7171-b062-c0a5-dbf839ac97e9;CD:E6:D3:07;0;AVIÁRIO MEIO;647,00;15/11/2025;14:04:34;20;1283-20
CO2;1283;CT-CO2-0;1f94f8ad-7171-b062-c0a5-dbf839ac97e9;CD:E6:D3:07;0;AVIÁRIO MEIO;665,00;15/11/2025;14:10:06;20;1283-20
CO2;1283;CT-CO2-0;1f94f8ad-7171-b062-c0a5-dbf839ac97e9;CD:E6:D3:07;0;AVIÁRIO MEIO;655,00;15/11/2025;14:15:39;20;1283-20
CO2;1283;CT-CO2-0;1f94f8ad-7171-b062-c0a5-dbf839ac97e9;CD:E6:D3:07;0;AVIÁRIO MEIO;643,00;15/11/2025;14:21:11;20;1283-20
CO2;1283;CT-CO2-0;1f94f8ad-7171-b062-c0a5-dbf839ac97e9;CD:E6:D3:07;0;AVIÁRIO MEIO;625,00;15/11/2025;14:26:13;20;1283-20
CO2;1283;CT-CO2-0;1f94f8ad-7171-b062-c0a5-dbf839ac97e9;CD:E6:D3:07;0;AVIÁRIO MEIO;641,00;15/11/2025;14:31:45;20;1283-20
CO2;1283;CT-CO2-0;1f94f8ad-7171-b062-c0a5-dbf839ac97e9;CD:E6:D3:07;0;AVIÁRIO MEIO;656,00;15/11/2025;14:37:17;20;1283-20
CO2;1283;CT-CO2-0;1f94f8ad-7171-b062-c0a5-dbf839ac97e9;CD:E6:D3:07;0;AVIÁRIO MEIO;650,00;15/11/2025;14:42:19;20;1283-20
CO2;1283;CT-CO2-0;1f94f8ad-7171-b062-c0a5-dbf839ac97e9;CD:E6:D3:07;0;AVIÁRIO MEIO;678,00;15/11/2025;14:47:52;20;1283-20
CO2;1283;CT-CO2-0;1f94f8ad-7171-b062-c0a5-dbf839ac97e9;CD:E6:D3:07;0;AVIÁRIO MEIO;636,00;15/11/2025;14:53:24;20;1283-20
CO2;1283;CT-CO2-0;1f94f8ad-7171-b062-c0a5-dbf839ac97e9;CD:E6:D3:07;0;AVIÁRIO MEIO;641,00;15/11/2025;14:58:58;20;1283-20
CO2;1283;CT-CO2-0;1f94f8ad-7171-b062-c0a5-dbf839ac97e9;CD:E6:D3:07;0;AVIÁRIO MEIO;634,00;15/11/2025;15:03:59;20;1283-20
CO2;1283;CT-CO2-0;1f94f8ad-7171-b062-c0a5-dbf839ac97e9;CD:E6:D3:07;0;AVIÁRIO MEIO;641,00;15/11/2025;15:10:02;20;1283-20
CO2;1283;CT-CO2-0;1f94f8ad-7171-b062-c0a5-dbf839ac97e9;CD:E6:D3:07;0;AVIÁRIO MEIO;632,00;15/11/2025;15:15:05;20;1283-20
CO2;1283;CT-CO2-0;1f94f8ad-7171-b062-c0a5-dbf839ac97e9;CD:E6:D3:07;0;AVIÁRIO MEIO;637,00;15/11/2025;15:20:08;20;1283-20
CO2;1283;CT-CO2-0;1f94f8ad-7171-b062-c0a5-dbf839ac97e9;CD:E6:D3:07;0;AVIÁRIO MEIO;629,00;15/11/2025;15:25:40;20;1283-20
CO2;1283;CT-CO2-0;1f94f8ad-7171-b062-c0a5-dbf839ac97e9;CD:E6:D3:07;0;AVIÁRIO MEIO;638,00;15/11/2025;15:31:11;20;1283-20
CO2;1283;CT-CO2-0;1f94f8ad-7171-b062-c0a5-dbf839ac97e9;CD:E6:D3:07;0;AVIÁRIO MEIO;636,00;15/11/2025;15:36:43;20;1283-20
CO2;1283;CT-CO2-0;1f94f8ad-7171-b062-c0a5-dbf839ac97e9;CD:E6:D3:07;0;AVIÁRIO MEIO;644,00;15/11/2025;15:41:45;20;1283-20
CO2;1283;CT-CO2-0;1f94f8ad-7171-b062-c0a5-dbf839ac97e9;CD:E6:D3:07;0;AVIÁRIO MEIO;636,00;15/11/2025;15:47:17;20;1283-20
CO2;1283;CT-CO2-0;1f94f8ad-7171-b062-c0a5-dbf839ac97e9;CD:E6:D3:07;0;AVIÁRIO MEIO;651,00;15/11/2025;15:52:49;20;1283-20
CO2;1283;CT-CO2-0;1f94f8ad-7171-b062-c0a5-dbf839ac97e9;CD:E6:D3:07;0;AVIÁRIO MEIO;644,00;15/11/2025;15:57:52;20;1283-20
CO2;1283;CT-CO2-0;1f94f8ad-7171-b062-c0a5-dbf839ac97e9;CD:E6:D3:07;0;AVIÁRIO MEIO;643,00;15/11/2025;16:03:24;20;1283-20
CO2;1283;CT-CO2-0;1f94f8ad-7171-b062-c0a5-dbf839ac97e9;CD:E6:D3:07;0;AVIÁRIO MEIO;655,00;15/11/2025;16:08:56;20;1283-20
CO2;1283;CT-CO2-0;1f94f8ad-7171-b062-c0a5-dbf839ac97e9;CD:E6:D3:07;0;AVIÁRIO MEIO;634,00;15/11/2025;16:14:28;20;1283-20
CO2;1283;CT-CO2-0;1f94f8ad-7171-b062-c0a5-dbf839ac97e9;CD:E6:D3:07;0;AVIÁRIO MEIO;632,00;15/11/2025;16:20:09;20;1283-20
CO2;1283;CT-CO2-0;1f94f8ad-7171-b062-c0a5-dbf839ac97e9;CD:E6:D3:07;0;AVIÁRIO MEIO;636,00;15/11/2025;16:25:11;20;1283-20
CO2;1283;CT-CO2-0;1f94f8ad-7171-b062-c0a5-dbf839ac97e9;CD:E6:D3:07;0;AVIÁRIO MEIO;634,00;15/11/2025;16:30:43;20;1283-20
CO2;1283;CT-CO2-0;1f94f8ad-7171-b062-c0a5-dbf839ac97e9;CD:E6:D3:07;0;AVIÁRIO MEIO;628,00;15/11/2025;16:35:45;20;1283-20
CO2;1283;CT-CO2-0;1f94f8ad-7171-b062-c0a5-dbf839ac97e9;CD:E6:D3:07;0;AVIÁRIO MEIO;620,00;15/11/2025;16:41:17;20;1283-20
CO2;1283;CT-CO2-0;1f94f8ad-7171-b062-c0a5-dbf839ac97e9;CD:E6:D3:07;0;AVIÁRIO MEIO;627,00;15/11/2025;16:46:49;20;1283-20
CO2;1283;CT-CO2-0;1f94f8ad-7171-b062-c0a5-dbf839ac97e9;CD:E6:D3:07;0;AVIÁRIO MEIO;634,00;15/11/2025;16:51:51;20;1283-20
CO2;1283;CT-CO2-0;1f94f8ad-7171-b062-c0a5-dbf839ac97e9;CD:E6:D3:07;0;AVIÁRIO MEIO;643,00;15/11/2025;16:57:23;20;1283-20
CO2;1283;CT-CO2-0;1f94f8ad-7171-b062-c0a5-dbf839ac97e9;CD:E6:D3:07;0;AVIÁRIO MEIO;639,00;15/11/2025;17:02:55;20;1283-20
CO2;1283;CT-CO2-0;1f94f8ad-7171-b062-c0a5-dbf839ac97e9;CD:E6:D3:07;0;AVIÁRIO MEIO;624,00;15/11/2025;17:08:27;20;1283-20
CO2;1283;CT-CO2-0;1f94f8ad-7171-b062-c0a5-dbf839ac97e9;CD:E6:D3:07;0;AVIÁRIO MEIO;640,00;15/11/2025;17:13:29;20;1283-20
CO2;1283;CT-CO2-0;1f94f8ad-7171-b062-c0a5-dbf839ac97e9;CD:E6:D3:07;0;AVIÁRIO MEIO;641,00;15/11/2025;17:19:01;20;1283-20
CO2;1283;CT-CO2-0;1f94f8ad-7171-b062-c0a5-dbf839ac97e9;CD:E6:D3:07;0;AVIÁRIO MEIO;682,00;15/11/2025;17:24:33;20;1283-20
CO2;1283;CT-CO2-0;1f94f8ad-7171-b062-c0a5-dbf839ac97e9;CD:E6:D3:07;0;AVIÁRIO MEIO;630,00;15/11/2025;17:30:07;20;1283-20
CO2;1283;CT-CO2-0;1f94f8ad-7171-b062-c0a5-dbf839ac97e9;CD:E6:D3:07;0;AVIÁRIO MEIO;640,00;15/11/2025;17:35:09;20;1283-20
CO2;1283;CT-CO2-0;1f94f8ad-7171-b062-c0a5-dbf839ac97e9;CD:E6:D3:07;0;AVIÁRIO MEIO;642,00;15/11/2025;17:40:41;20;1283-20
CO2;1283;CT-CO2-0;1f94f8ad-7171-b062-c0a5-dbf839ac97e9;CD:E6:D3:07;0;AVIÁRIO MEIO;695,00;15/11/2025;17:45:43;20;1283-20
CO2;1283;CT-CO2-0;1f94f8ad-7171-b062-c0a5-dbf839ac97e9;CD:E6:D3:07;0;AVIÁRIO MEIO;661,00;15/11/2025;17:51:16;20;1283-20
CO2;1283;CT-CO2-0;1f94f8ad-7171-b062-c0a5-dbf839ac97e9;CD:E6:D3:07;0;AVIÁRIO MEIO;684,00;15/11/2025;17:56:48;20;1283-20
CO2;1283;CT-CO2-0;1f94f8ad-7171-b062-c0a5-dbf839ac97e9;CD:E6:D3:07;0;AVIÁRIO MEIO;665,00;15/11/2025;18:02:21;20;1283-20
CO2;1283;CT-CO2-0;1f94f8ad-7171-b062-c0a5-dbf839ac97e9;CD:E6:D3:07;0;AVIÁRIO MEIO;676,00;15/11/2025;18:07:23;20;1283-20
CO2;1283;CT-CO2-0;1f94f8ad-7171-b062-c0a5-dbf839ac97e9;CD:E6:D3:07;0;AVIÁRIO MEIO;664,00;15/11/2025;18:12:56;20;1283-20
CO2;1283;CT-CO2-0;1f94f8ad-7171-b062-c0a5-dbf839ac97e9;CD:E6:D3:07;0;AVIÁRIO MEIO;675,00;15/11/2025;18:18:28;20;1283-20
CO2;1283;CT-CO2-0;1f94f8ad-7171-b062-c0a5-dbf839ac97e9;CD:E6:D3:07;0;AVIÁRIO MEIO;667,00;15/11/2025;18:23:30;20;1283-20
CO2;1283;CT-CO2-0;1f94f8ad-7171-b062-c0a5-dbf839ac97e9;CD:E6:D3:07;0;AVIÁRIO MEIO;682,00;15/11/2025;18:29:04;20;1283-20
CO2;1283;CT-CO2-0;1f94f8ad-7171-b062-c0a5-dbf839ac97e9;CD:E6:D3:07;0;AVIÁRIO MEIO;672,00;15/11/2025;18:34:37;20;1283-20
CO2;1283;CT-CO2-0;1f94f8ad-7171-b062-c0a5-dbf839ac97e9;CD:E6:D3:07;0;AVIÁRIO MEIO;680,00;15/11/2025;18:40:11;20;1283-20
CO2;1283;CT-CO2-0;1f94f8ad-7171-b062-c0a5-dbf839ac97e9;CD:E6:D3:07;0;AVIÁRIO MEIO;662,00;15/11/2025;18:45:13;20;1283-20
CO2;1283;CT-CO2-0;1f94f8ad-7171-b062-c0a5-dbf839ac97e9;CD:E6:D3:07;0;AVIÁRIO MEIO;723,00;15/11/2025;18:50:45;20;1283-20
CO2;1283;CT-CO2-0;1f94f8ad-7171-b062-c0a5-dbf839ac97e9;CD:E6:D3:07;0;AVIÁRIO MEIO;668,00;15/11/2025;18:56:17;20;1283-20
CO2;1283;CT-CO2-0;1f94f8ad-7171-b062-c0a5-dbf839ac97e9;CD:E6:D3:07;0;AVIÁRIO MEIO;685,00;15/11/2025;19:01:19;20;1283-20
CO2;1283;CT-CO2-0;1f94f8ad-7171-b062-c0a5-dbf839ac97e9;CD:E6:D3:07;0;AVIÁRIO MEIO;701,00;15/11/2025;19:06:51;20;1283-20
CO2;1283;CT-CO2-0;1f94f8ad-7171-b062-c0a5-dbf839ac97e9;CD:E6:D3:07;0;AVIÁRIO MEIO;723,00;15/11/2025;19:12:22;20;1283-20
CO2;1283;CT-CO2-0;1f94f8ad-7171-b062-c0a5-dbf839ac97e9;CD:E6:D3:07;0;AVIÁRIO MEIO;714,00;15/11/2025;19:17:25;20;1283-20
CO2;1283;CT-CO2-0;1f94f8ad-7171-b062-c0a5-dbf839ac97e9;CD:E6:D3:07;0;AVIÁRIO MEIO;743,00;15/11/2025;19:22:57;20;1283-20
CO2;1283;CT-CO2-0;1f94f8ad-7171-b062-c0a5-dbf839ac97e9;CD:E6:D3:07;0;AVIÁRIO MEIO;782,00;15/11/2025;19:28:29;20;1283-20
CO2;1283;CT-CO2-0;1f94f8ad-7171-b062-c0a5-dbf839ac97e9;CD:E6:D3:07;0;AVIÁRIO MEIO;783,00;15/11/2025;19:34:01;20;1283-20
CO2;1283;CT-CO2-0;1f94f8ad-7171-b062-c0a5-dbf839ac97e9;CD:E6:D3:07;0;AVIÁRIO MEIO;799,00;15/11/2025;19:39:03;20;1283-20
CO2;1283;CT-CO2-0;1f94f8ad-7171-b062-c0a5-dbf839ac97e9;CD:E6:D3:07;0;AVIÁRIO MEIO;783,00;15/11/2025;19:44:35;20;1283-20
CO2;1283;CT-CO2-0;1f94f8ad-7171-b062-c0a5-dbf839ac97e9;CD:E6:D3:07;0;AVIÁRIO MEIO;792,00;15/11/2025;19:50:38;20;1283-20
CO2;1283;CT-CO2-0;1f94f8ad-7171-b062-c0a5-dbf839ac97e9;CD:E6:D3:07;0;AVIÁRIO MEIO;786,00;15/11/2025;19:55:10;20;1283-20
CO2;1283;CT-CO2-0;1f94f8ad-7171-b062-c0a5-dbf839ac97e9;CD:E6:D3:07;0;AVIÁRIO MEIO;811,00;15/11/2025;20:00:42;20;1283-20
CO2;1283;CT-CO2-0;1f94f8ad-7171-b062-c0a5-dbf839ac97e9;CD:E6:D3:07;0;AVIÁRIO MEIO;781,00;15/11/2025;20:06:14;20;1283-20
CO2;1283;CT-CO2-0;1f94f8ad-7171-b062-c0a5-dbf839ac97e9;CD:E6:D3:07;0;AVIÁRIO MEIO;800,00;15/11/2025;20:11:16;20;1283-20
CO2;1283;CT-CO2-0;1f94f8ad-7171-b062-c0a5-dbf839ac97e9;CD:E6:D3:07;0;AVIÁRIO MEIO;806,00;15/11/2025;20:16:48;20;1283-20
CO2;1283;CT-CO2-0;1f94f8ad-7171-b062-c0a5-dbf839ac97e9;CD:E6:D3:07;0;AVIÁRIO MEIO;818,00;15/11/2025;20:22:20;20;1283-20
CO2;1283;CT-CO2-0;1f94f8ad-7171-b062-c0a5-dbf839ac97e9;CD:E6:D3:07;0;AVIÁRIO MEIO;815,00;15/11/2025;20:27:52;20;1283-20
CO2;1283;CT-CO2-0;1f94f8ad-7171-b062-c0a5-dbf839ac97e9;CD:E6:D3:07;0;AVIÁRIO MEIO;815,00;15/11/2025;20:32:59;20;1283-20
CO2;1283;CT-CO2-0;1f94f8ad-7171-b062-c0a5-dbf839ac97e9;CD:E6:D3:07;0;AVIÁRIO MEIO;793,00;15/11/2025;20:38:32;20;1283-20
CO2;1283;CT-CO2-0;1f94f8ad-7171-b062-c0a5-dbf839ac97e9;CD:E6:D3:07;0;AVIÁRIO MEIO;805,00;15/11/2025;20:44:04;20;1283-20
CO2;1283;CT-CO2-0;1f94f8ad-7171-b062-c0a5-dbf839ac97e9;CD:E6:D3:07;0;AVIÁRIO MEIO;806,00;15/11/2025;20:49:06;20;1283-20
CO2;1283;CT-CO2-0;1f94f8ad-7171-b062-c0a5-dbf839ac97e9;CD:E6:D3:07;0;AVIÁRIO MEIO;812,00;15/11/2025;20:54:38;20;1283-20
CO2;1283;CT-CO2-0;1f94f8ad-7171-b062-c0a5-dbf839ac97e9;CD:E6:D3:07;0;AVIÁRIO MEIO;809,00;15/11/2025;21:00:44;20;1283-20
CO2;1283;CT-CO2-0;1f94f8ad-7171-b062-c0a5-dbf839ac97e9;CD:E6:D3:07;0;AVIÁRIO MEIO;859,00;15/11/2025;21:06:46;20;1283-20
CO2;1283;CT-CO2-0;1f94f8ad-7171-b062-c0a5-dbf839ac97e9;CD:E6:D3:07;0;AVIÁRIO MEIO;875,00;15/11/2025;21:12:18;20;1283-20
CO2;1283;CT-CO2-0;1f94f8ad-7171-b062-c0a5-dbf839ac97e9;CD:E6:D3:07;0;AVIÁRIO MEIO;864,00;15/11/2025;21:17:50;20;1283-20
CO2;1283;CT-CO2-0;1f94f8ad-7171-b062-c0a5-dbf839ac97e9;CD:E6:D3:07;0;AVIÁRIO MEIO;867,00;15/11/2025;21:22:52;20;1283-20
CO2;1283;CT-CO2-0;1f94f8ad-7171-b062-c0a5-dbf839ac97e9;CD:E6:D3:07;0;AVIÁRIO MEIO;872,00;15/11/2025;21:28:24;20;1283-20
CO2;1283;CT-CO2-0;1f94f8ad-7171-b062-c0a5-dbf839ac97e9;CD:E6:D3:07;0;AVIÁRIO MEIO;871,00;15/11/2025;21:33:56;20;1283-20
CO2;1283;CT-CO2-0;1f94f8ad-7171-b062-c0a5-dbf839ac97e9;CD:E6:D3:07;0;AVIÁRIO MEIO;863,00;15/11/2025;21:38:59;20;1283-20
CO2;1283;CT-CO2-0;1f94f8ad-7171-b062-c0a5-dbf839ac97e9;CD:E6:D3:07;0;AVIÁRIO MEIO;852,00;15/11/2025;21:44:36;20;1283-20
CO2;1283;CT-CO2-0;1f94f8ad-7171-b062-c0a5-dbf839ac97e9;CD:E6:D3:07;0;AVIÁRIO MEIO;871,00;15/11/2025;21:50:08;20;1283-20
CO2;1283;CT-CO2-0;1f94f8ad-7171-b062-c0a5-dbf839ac97e9;CD:E6:D3:07;0;AVIÁRIO MEIO;857,00;15/11/2025;21:55:10;20;1283-20
CO2;1283;CT-CO2-0;1f94f8ad-7171-b062-c0a5-dbf839ac97e9;CD:E6:D3:07;0;AVIÁRIO MEIO;854,00;15/11/2025;22:00:43;20;1283-20
CO2;1283;CT-CO2-0;1f94f8ad-7171-b062-c0a5-dbf839ac97e9;CD:E6:D3:07;0;AVIÁRIO MEIO;862,00;15/11/2025;22:06:48;20;1283-20
CO2;1283;CT-CO2-0;1f94f8ad-7171-b062-c0a5-dbf839ac97e9;CD:E6:D3:07;0;AVIÁRIO MEIO;863,00;15/11/2025;22:11:21;20;1283-20
CO2;1283;CT-CO2-0;1f94f8ad-7171-b062-c0a5-dbf839ac97e9;CD:E6:D3:07;0;AVIÁRIO MEIO;862,00;15/11/2025;22:16:53;20;1283-20
CO2;1283;CT-CO2-0;1f94f8ad-7171-b062-c0a5-dbf839ac97e9;CD:E6:D3:07;0;AVIÁRIO MEIO;835,00;15/11/2025;22:22:24;20;1283-20
CO2;1283;CT-CO2-0;1f94f8ad-7171-b062-c0a5-dbf839ac97e9;CD:E6:D3:07;0;AVIÁRIO MEIO;838,00;15/11/2025;22:27:56;20;1283-20
CO2;1283;CT-CO2-0;1f94f8ad-7171-b062-c0a5-dbf839ac97e9;CD:E6:D3:07;0;AVIÁRIO MEIO;850,00;15/11/2025;22:33:02;20;1283-20
CO2;1283;CT-CO2-0;1f94f8ad-7171-b062-c0a5-dbf839ac97e9;CD:E6:D3:07;0;AVIÁRIO MEIO;846,00;15/11/2025;22:38:33;20;1283-20
CO2;1283;CT-CO2-0;1f94f8ad-7171-b062-c0a5-dbf839ac97e9;CD:E6:D3:07;0;AVIÁRIO MEIO;850,00;15/11/2025;22:44:06;20;1283-20
CO2;1283;CT-CO2-0;1f94f8ad-7171-b062-c0a5-dbf839ac97e9;CD:E6:D3:07;0;AVIÁRIO MEIO;837,00;15/11/2025;22:49:08;20;1283-20
CO2;1283;CT-CO2-0;1f94f8ad-7171-b062-c0a5-dbf839ac97e9;CD:E6:D3:07;0;AVIÁRIO MEIO;845,00;15/11/2025;22:54:40;20;1283-20
CO2;1283;CT-CO2-0;1f94f8ad-7171-b062-c0a5-dbf839ac97e9;CD:E6:D3:07;0;AVIÁRIO MEIO;832,00;15/11/2025;23:00:13;20;1283-20
CO2;1283;CT-CO2-0;1f94f8ad-7171-b062-c0a5-dbf839ac97e9;CD:E6:D3:07;0;AVIÁRIO MEIO;846,00;15/11/2025;23:05:15;20;1283-20
CO2;1283;CT-CO2-0;1f94f8ad-7171-b062-c0a5-dbf839ac97e9;CD:E6:D3:07;0;AVIÁRIO MEIO;849,00;15/11/2025;23:10:47;20;1283-20
CO2;1283;CT-CO2-0;1f94f8ad-7171-b062-c0a5-dbf839ac97e9;CD:E6:D3:07;0;AVIÁRIO MEIO;852,00;15/11/2025;23:16:52;20;1283-20
CO2;1283;CT-CO2-0;1f94f8ad-7171-b062-c0a5-dbf839ac97e9;CD:E6:D3:07;0;AVIÁRIO MEIO;825,00;15/11/2025;23:21:24;20;1283-20
CO2;1283;CT-CO2-0;1f94f8ad-7171-b062-c0a5-dbf839ac97e9;CD:E6:D3:07;0;AVIÁRIO MEIO;835,00;15/11/2025;23:26:56;20;1283-20
CO2;1283;CT-CO2-0;1f94f8ad-7171-b062-c0a5-dbf839ac97e9;CD:E6:D3:07;0;AVIÁRIO MEIO;836,00;15/11/2025;23:32:28;20;1283-20
CO2;1283;CT-CO2-0;1f94f8ad-7171-b062-c0a5-dbf839ac97e9;CD:E6:D3:07;0;AVIÁRIO MEIO;832,00;15/11/2025;23:38:00;20;1283-20
CO2;1283;CT-CO2-0;1f94f8ad-7171-b062-c0a5-dbf839ac97e9;CD:E6:D3:07;0;AVIÁRIO MEIO;834,00;15/11/2025;23:43:02;20;1283-20
CO2;1283;CT-CO2-0;1f94f8ad-7171-b062-c0a5-dbf839ac97e9;CD:E6:D3:07;0;AVIÁRIO MEIO;832,00;15/11/2025;23:48:34;20;1283-20
CO2;1283;CT-CO2-0;1f94f8ad-7171-b062-c0a5-dbf839ac97e9;CD:E6:D3:07;0;AVIÁRIO MEIO;829,00;15/11/2025;23:54:07;20;1283-20
CO2;1283;CT-CO2-0;1f94f8ad-7171-b062-c0a5-dbf839ac97e9;CD:E6:D3:07;0;AVIÁRIO MEIO;835,00;15/11/2025;23:59:09;20;1283-20
CO2;1283;CT-CO2-0;1f94f8ad-7171-b062-c0a5-dbf839ac97e9;CD:E6:D3:07;0;AVIÁRIO MEIO;845,00;16/11/2025;00:04:41;20;1283-20
CO2;1283;CT-CO2-0;1f94f8ad-7171-b062-c0a5-dbf839ac97e9;CD:E6:D3:07;0;AVIÁRIO MEIO;828,00;16/11/2025;00:10:13;20;1283-20
CO2;1283;CT-CO2-0;1f94f8ad-7171-b062-c0a5-dbf839ac97e9;CD:E6:D3:07;0;AVIÁRIO MEIO;837,00;16/11/2025;00:15:46;20;1283-20
CO2;1283;CT-CO2-0;1f94f8ad-7171-b062-c0a5-dbf839ac97e9;CD:E6:D3:07;0;AVIÁRIO MEIO;823,00;16/11/2025;00:20:50;20;1283-20
CO2;1283;CT-CO2-0;1f94f8ad-7171-b062-c0a5-dbf839ac97e9;CD:E6:D3:07;0;AVIÁRIO MEIO;829,00;16/11/2025;00:26:54;20;1283-20
CO2;1283;CT-CO2-0;1f94f8ad-7171-b062-c0a5-dbf839ac97e9;CD:E6:D3:07;0;AVIÁRIO MEIO;838,00;16/11/2025;00:31:26;20;1283-20
CO2;1283;CT-CO2-0;1f94f8ad-7171-b062-c0a5-dbf839ac97e9;CD:E6:D3:07;0;AVIÁRIO MEIO;833,00;16/11/2025;00:36:58;20;1283-20
CO2;1283;CT-CO2-0;1f94f8ad-7171-b062-c0a5-dbf839ac97e9;CD:E6:D3:07;0;AVIÁRIO MEIO;836,00;16/11/2025;00:42:30;20;1283-20
CO2;1283;CT-CO2-0;1f94f8ad-7171-b062-c0a5-dbf839ac97e9;CD:E6:D3:07;0;AVIÁRIO MEIO;825,00;16/11/2025;00:48:03;20;1283-20
CO2;1283;CT-CO2-0;1f94f8ad-7171-b062-c0a5-dbf839ac97e9;CD:E6:D3:07;0;AVIÁRIO MEIO;832,00;16/11/2025;00:53:05;20;1283-20
CO2;1283;CT-CO2-0;1f94f8ad-7171-b062-c0a5-dbf839ac97e9;CD:E6:D3:07;0;AVIÁRIO MEIO;812,00;16/11/2025;00:58:37;20;1283-20
CO2;1283;CT-CO2-0;1f94f8ad-7171-b062-c0a5-dbf839ac97e9;CD:E6:D3:07;0;AVIÁRIO MEIO;842,00;16/11/2025;01:04:09;20;1283-20
CO2;1283;CT-CO2-0;1f94f8ad-7171-b062-c0a5-dbf839ac97e9;CD:E6:D3:07;0;AVIÁRIO MEIO;816,00;16/11/2025;01:09:11;20;1283-20
CO2;1283;CT-CO2-0;1f94f8ad-7171-b062-c0a5-dbf839ac97e9;CD:E6:D3:07;0;AVIÁRIO MEIO;815,00;16/11/2025;01:14:43;20;1283-20
CO2;1283;CT-CO2-0;1f94f8ad-7171-b062-c0a5-dbf839ac97e9;CD:E6:D3:07;0;AVIÁRIO MEIO;872,00;16/11/2025;01:20:15;20;1283-20
CO2;1283;CT-CO2-0;1f94f8ad-7171-b062-c0a5-dbf839ac97e9;CD:E6:D3:07;0;AVIÁRIO MEIO;824,00;16/11/2025;01:25:47;20;1283-20
CO2;1283;CT-CO2-0;1f94f8ad-7171-b062-c0a5-dbf839ac97e9;CD:E6:D3:07;0;AVIÁRIO MEIO;828,00;16/11/2025;01:30:49;20;1283-20
CO2;1283;CT-CO2-0;1f94f8ad-7171-b062-c0a5-dbf839ac97e9;CD:E6:D3:07;0;AVIÁRIO MEIO;831,00;16/11/2025;01:36:52;20;1283-20
CO2;1283;CT-CO2-0;1f94f8ad-7171-b062-c0a5-dbf839ac97e9;CD:E6:D3:07;0;AVIÁRIO MEIO;899,00;16/11/2025;01:41:54;20;1283-20
CO2;1283;CT-CO2-0;1f94f8ad-7171-b062-c0a5-dbf839ac97e9;CD:E6:D3:07;0;AVIÁRIO MEIO;831,00;16/11/2025;01:46:56;20;1283-20
CO2;1283;CT-CO2-0;1f94f8ad-7171-b062-c0a5-dbf839ac97e9;CD:E6:D3:07;0;AVIÁRIO MEIO;815,00;16/11/2025;01:52:28;20;1283-20
CO2;1283;CT-CO2-0;1f94f8ad-7171-b062-c0a5-dbf839ac97e9;CD:E6:D3:07;0;AVIÁRIO MEIO;832,00;16/11/2025;01:58:01;20;1283-20
CO2;1283;CT-CO2-0;1f94f8ad-7171-b062-c0a5-dbf839ac97e9;CD:E6:D3:07;0;AVIÁRIO MEIO;826,00;16/11/2025;02:03:03;20;1283-20
CO2;1283;CT-CO2-0;1f94f8ad-7171-b062-c0a5-dbf839ac97e9;CD:E6:D3:07;0;AVIÁRIO MEIO;835,00;16/11/2025;02:08:37;20;1283-20
CO2;1283;CT-CO2-0;1f94f8ad-7171-b062-c0a5-dbf839ac97e9;CD:E6:D3:07;0;AVIÁRIO MEIO;832,00;16/11/2025;02:14:09;20;1283-20
CO2;1283;CT-CO2-0;1f94f8ad-7171-b062-c0a5-dbf839ac97e9;CD:E6:D3:07;0;AVIÁRIO MEIO;830,00;16/11/2025;02:19:40;20;1283-20
CO2;1283;CT-CO2-0;1f94f8ad-7171-b062-c0a5-dbf839ac97e9;CD:E6:D3:07;0;AVIÁRIO MEIO;826,00;16/11/2025;02:24:43;20;1283-20
CO2;1283;CT-CO2-0;1f94f8ad-7171-b062-c0a5-dbf839ac97e9;CD:E6:D3:07;0;AVIÁRIO MEIO;836,00;16/11/2025;02:30:15;20;1283-20
CO2;1283;CT-CO2-0;1f94f8ad-7171-b062-c0a5-dbf839ac97e9;CD:E6:D3:07;0;AVIÁRIO MEIO;833,00;16/11/2025;02:35:46;20;1283-20
CO2;1283;CT-CO2-0;1f94f8ad-7171-b062-c0a5-dbf839ac97e9;CD:E6:D3:07;0;AVIÁRIO MEIO;826,00;16/11/2025;02:40:48;20;1283-20
CO2;1283;CT-CO2-0;1f94f8ad-7171-b062-c0a5-dbf839ac97e9;CD:E6:D3:07;0;AVIÁRIO MEIO;831,00;16/11/2025;02:46:51;20;1283-20
CO2;1283;CT-CO2-0;1f94f8ad-7171-b062-c0a5-dbf839ac97e9;CD:E6:D3:07;0;AVIÁRIO MEIO;832,00;16/11/2025;02:51:52;20;1283-20
CO2;1283;CT-CO2-0;1f94f8ad-7171-b062-c0a5-dbf839ac97e9;CD:E6:D3:07;0;AVIÁRIO MEIO;825,00;16/11/2025;02:56:55;20;1283-20
CO2;1283;CT-CO2-0;1f94f8ad-7171-b062-c0a5-dbf839ac97e9;CD:E6:D3:07;0;AVIÁRIO MEIO;826,00;16/11/2025;03:02:28;20;1283-20
CO2;1283;CT-CO2-0;1f94f8ad-7171-b062-c0a5-dbf839ac97e9;CD:E6:D3:07;0;AVIÁRIO MEIO;818,00;16/11/2025;03:07:59;20;1283-20
CO2;1283;CT-CO2-0;1f94f8ad-7171-b062-c0a5-dbf839ac97e9;CD:E6:D3:07;0;AVIÁRIO MEIO;821,00;16/11/2025;03:13:31;20;1283-20
CO2;1283;CT-CO2-0;1f94f8ad-7171-b062-c0a5-dbf839ac97e9;CD:E6:D3:07;0;AVIÁRIO MEIO;825,00;16/11/2025;03:18:33;20;1283-20
CO2;1283;CT-CO2-0;1f94f8ad-7171-b062-c0a5-dbf839ac97e9;CD:E6:D3:07;0;AVIÁRIO MEIO;819,00;16/11/2025;03:24:05;20;1283-20
CO2;1283;CT-CO2-0;1f94f8ad-7171-b062-c0a5-dbf839ac97e9;CD:E6:D3:07;0;AVIÁRIO MEIO;835,00;16/11/2025;03:29:37;20;1283-20
CO2;1283;CT-CO2-0;1f94f8ad-7171-b062-c0a5-dbf839ac97e9;CD:E6:D3:07;0;AVIÁRIO MEIO;822,00;16/11/2025;03:34:39;20;1283-20
CO2;1283;CT-CO2-0;1f94f8ad-7171-b062-c0a5-dbf839ac97e9;CD:E6:D3:07;0;AVIÁRIO MEIO;826,00;16/11/2025;03:40:11;20;1283-20
CO2;1283;CT-CO2-0;1f94f8ad-7171-b062-c0a5-dbf839ac97e9;CD:E6:D3:07;0;AVIÁRIO MEIO;820,00;16/11/2025;03:45:43;20;1283-20
CO2;1283;CT-CO2-0;1f94f8ad-7171-b062-c0a5-dbf839ac97e9;CD:E6:D3:07;0;AVIÁRIO MEIO;820,00;16/11/2025;03:51:14;20;1283-20
CO2;1283;CT-CO2-0;1f94f8ad-7171-b062-c0a5-dbf839ac97e9;CD:E6:D3:07;0;AVIÁRIO MEIO;805,00;16/11/2025;03:56:48;20;1283-20
CO2;1283;CT-CO2-0;1f94f8ad-7171-b062-c0a5-dbf839ac97e9;CD:E6:D3:07;0;AVIÁRIO MEIO;810,00;16/11/2025;04:01:50;20;1283-20
CO2;1283;CT-CO2-0;1f94f8ad-7171-b062-c0a5-dbf839ac97e9;CD:E6:D3:07;0;AVIÁRIO MEIO;811,00;16/11/2025;04:07:22;20;1283-20
CO2;1283;CT-CO2-0;1f94f8ad-7171-b062-c0a5-dbf839ac97e9;CD:E6:D3:07;0;AVIÁRIO MEIO;822,00;16/11/2025;04:12:24;20;1283-20
CO2;1283;CT-CO2-0;1f94f8ad-7171-b062-c0a5-dbf839ac97e9;CD:E6:D3:07;0;AVIÁRIO MEIO;812,00;16/11/2025;04:17:56;20;1283-20
CO2;1283;CT-CO2-0;1f94f8ad-7171-b062-c0a5-dbf839ac97e9;CD:E6:D3:07;0;AVIÁRIO MEIO;815,00;16/11/2025;04:23:28;20;1283-20
CO2;1283;CT-CO2-0;1f94f8ad-7171-b062-c0a5-dbf839ac97e9;CD:E6:D3:07;0;AVIÁRIO MEIO;811,00;16/11/2025;04:28:31;20;1283-20
CO2;1283;CT-CO2-0;1f94f8ad-7171-b062-c0a5-dbf839ac97e9;CD:E6:D3:07;0;AVIÁRIO MEIO;806,00;16/11/2025;04:34:02;20;1283-20
CO2;1283;CT-CO2-0;1f94f8ad-7171-b062-c0a5-dbf839ac97e9;CD:E6:D3:07;0;AVIÁRIO MEIO;795,00;16/11/2025;04:39:34;20;1283-20
CO2;1283;CT-CO2-0;1f94f8ad-7171-b062-c0a5-dbf839ac97e9;CD:E6:D3:07;0;AVIÁRIO MEIO;806,00;16/11/2025;04:45:06;20;1283-20
CO2;1283;CT-CO2-0;1f94f8ad-7171-b062-c0a5-dbf839ac97e9;CD:E6:D3:07;0;AVIÁRIO MEIO;799,00;16/11/2025;04:50:09;20;1283-20
CO2;1283;CT-CO2-0;1f94f8ad-7171-b062-c0a5-dbf839ac97e9;CD:E6:D3:07;0;AVIÁRIO MEIO;798,00;16/11/2025;04:55:41;20;1283-20
CO2;1283;CT-CO2-0;1f94f8ad-7171-b062-c0a5-dbf839ac97e9;CD:E6:D3:07;0;AVIÁRIO MEIO;790,00;16/11/2025;05:01:12;20;1283-20
CO2;1283;CT-CO2-0;1f94f8ad-7171-b062-c0a5-dbf839ac97e9;CD:E6:D3:07;0;AVIÁRIO MEIO;806,00;16/11/2025;05:06:46;20;1283-20
CO2;1283;CT-CO2-0;1f94f8ad-7171-b062-c0a5-dbf839ac97e9;CD:E6:D3:07;0;AVIÁRIO MEIO;797,00;16/11/2025;05:11:48;20;1283-20
CO2;1283;CT-CO2-0;1f94f8ad-7171-b062-c0a5-dbf839ac97e9;CD:E6:D3:07;0;AVIÁRIO MEIO;793,00;16/11/2025;05:17:20;20;1283-20
CO2;1283;CT-CO2-0;1f94f8ad-7171-b062-c0a5-dbf839ac97e9;CD:E6:D3:07;0;AVIÁRIO MEIO;792,00;16/11/2025;05:22:52;20;1283-20
CO2;1283;CT-CO2-0;1f94f8ad-7171-b062-c0a5-dbf839ac97e9;CD:E6:D3:07;0;AVIÁRIO MEIO;788,00;16/11/2025;05:27:53;20;1283-20
CO2;1283;CT-CO2-0;1f94f8ad-7171-b062-c0a5-dbf839ac97e9;CD:E6:D3:07;0;AVIÁRIO MEIO;780,00;16/11/2025;05:33:25;20;1283-20
CO2;1283;CT-CO2-0;1f94f8ad-7171-b062-c0a5-dbf839ac97e9;CD:E6:D3:07;0;AVIÁRIO MEIO;788,00;16/11/2025;05:38:57;20;1283-20
CO2;1283;CT-CO2-0;1f94f8ad-7171-b062-c0a5-dbf839ac97e9;CD:E6:D3:07;0;AVIÁRIO MEIO;795,00;16/11/2025;05:43:59;20;1283-20
CO2;1283;CT-CO2-0;1f94f8ad-7171-b062-c0a5-dbf839ac97e9;CD:E6:D3:07;0;AVIÁRIO MEIO;799,00;16/11/2025;05:49:33;20;1283-20
CO2;1283;CT-CO2-0;1f94f8ad-7171-b062-c0a5-dbf839ac97e9;CD:E6:D3:07;0;AVIÁRIO MEIO;801,00;16/11/2025;05:55:05;20;1283-20
CO2;1283;CT-CO2-0;1f94f8ad-7171-b062-c0a5-dbf839ac97e9;CD:E6:D3:07;0;AVIÁRIO MEIO;791,00;16/11/2025;06:00:07;20;1283-20
CO2;1283;CT-CO2-0;1f94f8ad-7171-b062-c0a5-dbf839ac97e9;CD:E6:D3:07;0;AVIÁRIO MEIO;800,00;16/11/2025;06:05:39;20;1283-20
CO2;1283;CT-CO2-0;1f94f8ad-7171-b062-c0a5-dbf839ac97e9;CD:E6:D3:07;0;AVIÁRIO MEIO;815,00;16/11/2025;06:11:11;20;1283-20
CO2;1283;CT-CO2-0;1f94f8ad-7171-b062-c0a5-dbf839ac97e9;CD:E6:D3:07;0;AVIÁRIO MEIO;819,00;16/11/2025;06:17:14;20;1283-20
CO2;1283;CT-CO2-0;1f94f8ad-7171-b062-c0a5-dbf839ac97e9;CD:E6:D3:07;0;AVIÁRIO MEIO;831,00;16/11/2025;06:21:46;20;1283-20
CO2;1283;CT-CO2-0;1f94f8ad-7171-b062-c0a5-dbf839ac97e9;CD:E6:D3:07;0;AVIÁRIO MEIO;830,00;16/11/2025;06:27:18;20;1283-20
CO2;1283;CT-CO2-0;1f94f8ad-7171-b062-c0a5-dbf839ac97e9;CD:E6:D3:07;0;AVIÁRIO MEIO;813,00;16/11/2025;06:32:50;20;1283-20
CO2;1283;CT-CO2-0;1f94f8ad-7171-b062-c0a5-dbf839ac97e9;CD:E6:D3:07;0;AVIÁRIO MEIO;825,00;16/11/2025;06:37:52;20;1283-20
CO2;1283;CT-CO2-0;1f94f8ad-7171-b062-c0a5-dbf839ac97e9;CD:E6:D3:07;0;AVIÁRIO MEIO;833,00;16/11/2025;06:43:23;20;1283-20
CO2;1283;CT-CO2-0;1f94f8ad-7171-b062-c0a5-dbf839ac97e9;CD:E6:D3:07;0;AVIÁRIO MEIO;839,00;16/11/2025;06:48:56;20;1283-20
CO2;1283;CT-CO2-0;1f94f8ad-7171-b062-c0a5-dbf839ac97e9;CD:E6:D3:07;0;AVIÁRIO MEIO;858,00;16/11/2025;06:59:31;20;1283-20
CO2;1283;CT-CO2-0;1f94f8ad-7171-b062-c0a5-dbf839ac97e9;CD:E6:D3:07;0;AVIÁRIO MEIO;838,00;16/11/2025;07:05:03;20;1283-20
CO2;1283;CT-CO2-0;1f94f8ad-7171-b062-c0a5-dbf839ac97e9;CD:E6:D3:07;0;AVIÁRIO MEIO;843,00;16/11/2025;07:10:37;20;1283-20
CO2;1283;CT-CO2-0;1f94f8ad-7171-b062-c0a5-dbf839ac97e9;CD:E6:D3:07;0;AVIÁRIO MEIO;867,00;16/11/2025;07:15:39;20;1283-20
CO2;1283;CT-CO2-0;1f94f8ad-7171-b062-c0a5-dbf839ac97e9;CD:E6:D3:07;0;AVIÁRIO MEIO;854,00;16/11/2025;07:21:11;20;1283-20
CO2;1283;CT-CO2-0;1f94f8ad-7171-b062-c0a5-dbf839ac97e9;CD:E6:D3:07;0;AVIÁRIO MEIO;864,00;16/11/2025;07:27:15;20;1283-20
CO2;1283;CT-CO2-0;1f94f8ad-7171-b062-c0a5-dbf839ac97e9;CD:E6:D3:07;0;AVIÁRIO MEIO;865,00;16/11/2025;07:31:46;20;1283-20
CO2;1283;CT-CO2-0;1f94f8ad-7171-b062-c0a5-dbf839ac97e9;CD:E6:D3:07;0;AVIÁRIO MEIO;863,00;16/11/2025;07:37:18;20;1283-20
CO2;1283;CT-CO2-0;1f94f8ad-7171-b062-c0a5-dbf839ac97e9;CD:E6:D3:07;0;AVIÁRIO MEIO;864,00;16/11/2025;07:42:50;20;1283-20
CO2;1283;CT-CO2-0;1f94f8ad-7171-b062-c0a5-dbf839ac97e9;CD:E6:D3:07;0;AVIÁRIO MEIO;841,00;16/11/2025;07:48:22;20;1283-20
CO2;1283;CT-CO2-0;1f94f8ad-7171-b062-c0a5-dbf839ac97e9;CD:E6:D3:07;0;AVIÁRIO MEIO;842,00;16/11/2025;07:53:24;20;1283-20
CO2;1283;CT-CO2-0;1f94f8ad-7171-b062-c0a5-dbf839ac97e9;CD:E6:D3:07;0;AVIÁRIO MEIO;836,00;16/11/2025;07:58:58;20;1283-20
CO2;1283;CT-CO2-0;1f94f8ad-7171-b062-c0a5-dbf839ac97e9;CD:E6:D3:07;0;AVIÁRIO MEIO;844,00;16/11/2025;08:04:30;20;1283-20
CO2;1283;CT-CO2-0;1f94f8ad-7171-b062-c0a5-dbf839ac97e9;CD:E6:D3:07;0;AVIÁRIO MEIO;850,00;16/11/2025;08:09:32;20;1283-20
CO2;1283;CT-CO2-0;1f94f8ad-7171-b062-c0a5-dbf839ac97e9;CD:E6:D3:07;0;AVIÁRIO MEIO;830,00;16/11/2025;08:15:03;20;1283-20
CO2;1283;CT-CO2-0;1f94f8ad-7171-b062-c0a5-dbf839ac97e9;CD:E6:D3:07;0;AVIÁRIO MEIO;830,00;16/11/2025;08:20:36;20;1283-20
CO2;1283;CT-CO2-0;1f94f8ad-7171-b062-c0a5-dbf839ac97e9;CD:E6:D3:07;0;AVIÁRIO MEIO;842,00;16/11/2025;08:26:08;20;1283-20
CO2;1283;CT-CO2-0;1f94f8ad-7171-b062-c0a5-dbf839ac97e9;CD:E6:D3:07;0;AVIÁRIO MEIO;840,00;16/11/2025;08:31:10;20;1283-20
CO2;1283;CT-CO2-0;1f94f8ad-7171-b062-c0a5-dbf839ac97e9;CD:E6:D3:07;0;AVIÁRIO MEIO;846,00;16/11/2025;08:37:14;20;1283-20
CO2;1283;CT-CO2-0;1f94f8ad-7171-b062-c0a5-dbf839ac97e9;CD:E6:D3:07;0;AVIÁRIO MEIO;841,00;16/11/2025;08:42:16;20;1283-20
CO2;1283;CT-CO2-0;1f94f8ad-7171-b062-c0a5-dbf839ac97e9;CD:E6:D3:07;0;AVIÁRIO MEIO;848,00;16/11/2025;08:47:18;20;1283-20
CO2;1283;CT-CO2-0;1f94f8ad-7171-b062-c0a5-dbf839ac97e9;CD:E6:D3:07;0;AVIÁRIO MEIO;833,00;16/11/2025;08:52:52;20;1283-20
CO2;1283;CT-CO2-0;1f94f8ad-7171-b062-c0a5-dbf839ac97e9;CD:E6:D3:07;0;AVIÁRIO MEIO;835,00;16/11/2025;08:58:24;20;1283-20
CO2;1283;CT-CO2-0;1f94f8ad-7171-b062-c0a5-dbf839ac97e9;CD:E6:D3:07;0;AVIÁRIO MEIO;825,00;16/11/2025;09:03:26;20;1283-20
CO2;1283;CT-CO2-0;1f94f8ad-7171-b062-c0a5-dbf839ac97e9;CD:E6:D3:07;0;AVIÁRIO MEIO;860,00;16/11/2025;09:08:58;20;1283-20
CO2;1283;CT-CO2-0;1f94f8ad-7171-b062-c0a5-dbf839ac97e9;CD:E6:D3:07;0;AVIÁRIO MEIO;781,00;16/11/2025;09:19:34;20;1283-20
CO2;1283;CT-CO2-0;1f94f8ad-7171-b062-c0a5-dbf839ac97e9;CD:E6:D3:07;0;AVIÁRIO MEIO;742,00;16/11/2025;09:25:07;20;1283-20
CO2;1283;CT-CO2-0;1f94f8ad-7171-b062-c0a5-dbf839ac97e9;CD:E6:D3:07;0;AVIÁRIO MEIO;743,00;16/11/2025;09:30:39;20;1283-20
CO2;1283;CT-CO2-0;1f94f8ad-7171-b062-c0a5-dbf839ac97e9;CD:E6:D3:07;0;AVIÁRIO MEIO;744,00;16/11/2025;09:36:11;20;1283-20
CO2;1283;CT-CO2-0;1f94f8ad-7171-b062-c0a5-dbf839ac97e9;CD:E6:D3:07;0;AVIÁRIO MEIO;727,00;16/11/2025;09:41:12;20;1283-20
CO2;1283;CT-CO2-0;1f94f8ad-7171-b062-c0a5-dbf839ac97e9;CD:E6:D3:07;0;AVIÁRIO MEIO;726,00;16/11/2025;09:47:18;20;1283-20
CO2;1283;CT-CO2-0;1f94f8ad-7171-b062-c0a5-dbf839ac97e9;CD:E6:D3:07;0;AVIÁRIO MEIO;737,00;16/11/2025;09:52:20;20;1283-20
CO2;1283;CT-CO2-0;1f94f8ad-7171-b062-c0a5-dbf839ac97e9;CD:E6:D3:07;0;AVIÁRIO MEIO;725,00;16/11/2025;09:57:22;20;1283-20
CO2;1283;CT-CO2-0;1f94f8ad-7171-b062-c0a5-dbf839ac97e9;CD:E6:D3:07;0;AVIÁRIO MEIO;725,00;16/11/2025;10:02:54;20;1283-20
CO2;1283;CT-CO2-0;1f94f8ad-7171-b062-c0a5-dbf839ac97e9;CD:E6:D3:07;0;AVIÁRIO MEIO;727,00;16/11/2025;10:08:27;20;1283-20
CO2;1283;CT-CO2-0;1f94f8ad-7171-b062-c0a5-dbf839ac97e9;CD:E6:D3:07;0;AVIÁRIO MEIO;711,00;16/11/2025;10:13:59;20;1283-20
CO2;1283;CT-CO2-0;1f94f8ad-7171-b062-c0a5-dbf839ac97e9;CD:E6:D3:07;0;AVIÁRIO MEIO;768,00;16/11/2025;10:19:01;20;1283-20
CO2;1283;CT-CO2-0;1f94f8ad-7171-b062-c0a5-dbf839ac97e9;CD:E6:D3:07;0;AVIÁRIO MEIO;692,00;16/11/2025;10:24:33;20;1283-20
CO2;1283;CT-CO2-0;1f94f8ad-7171-b062-c0a5-dbf839ac97e9;CD:E6:D3:07;0;AVIÁRIO MEIO;681,00;16/11/2025;10:30:05;20;1283-20
CO2;1283;CT-CO2-0;1f94f8ad-7171-b062-c0a5-dbf839ac97e9;CD:E6:D3:07;0;AVIÁRIO MEIO;679,00;16/11/2025;10:35:36;20;1283-20
CO2;1283;CT-CO2-0;1f94f8ad-7171-b062-c0a5-dbf839ac97e9;CD:E6:D3:07;0;AVIÁRIO MEIO;657,00;16/11/2025;10:40:38;20;1283-20
CO2;1283;CT-CO2-0;1f94f8ad-7171-b062-c0a5-dbf839ac97e9;CD:E6:D3:07;0;AVIÁRIO MEIO;647,00;16/11/2025;10:46:10;20;1283-20
CO2;1283;CT-CO2-0;1f94f8ad-7171-b062-c0a5-dbf839ac97e9;CD:E6:D3:07;0;AVIÁRIO MEIO;658,00;16/11/2025;10:51:42;20;1283-20
CO2;1283;CT-CO2-0;1f94f8ad-7171-b062-c0a5-dbf839ac97e9;CD:E6:D3:07;0;AVIÁRIO MEIO;660,00;16/11/2025;10:57:45;20;1283-20
CO2;1283;CT-CO2-0;1f94f8ad-7171-b062-c0a5-dbf839ac97e9;CD:E6:D3:07;0;AVIÁRIO MEIO;644,00;16/11/2025;11:02:19;20;1283-20
CO2;1283;CT-CO2-0;1f94f8ad-7171-b062-c0a5-dbf839ac97e9;CD:E6:D3:07;0;AVIÁRIO MEIO;650,00;16/11/2025;11:07:52;20;1283-20
CO2;1283;CT-CO2-0;1f94f8ad-7171-b062-c0a5-dbf839ac97e9;CD:E6:D3:07;0;AVIÁRIO MEIO;651,00;16/11/2025;11:13:24;20;1283-20
CO2;1283;CT-CO2-0;1f94f8ad-7171-b062-c0a5-dbf839ac97e9;CD:E6:D3:07;0;AVIÁRIO MEIO;645,00;16/11/2025;11:18:26;20;1283-20
CO2;1283;CT-CO2-0;1f94f8ad-7171-b062-c0a5-dbf839ac97e9;CD:E6:D3:07;0;AVIÁRIO MEIO;648,00;16/11/2025;11:23:58;20;1283-20
CO2;1283;CT-CO2-0;1f94f8ad-7171-b062-c0a5-dbf839ac97e9;CD:E6:D3:07;0;AVIÁRIO MEIO;631,00;16/11/2025;11:29:30;20;1283-20
CO2;1283;CT-CO2-0;1f94f8ad-7171-b062-c0a5-dbf839ac97e9;CD:E6:D3:07;0;AVIÁRIO MEIO;621,00;16/11/2025;11:35:02;20;1283-20
CO2;1283;CT-CO2-0;1f94f8ad-7171-b062-c0a5-dbf839ac97e9;CD:E6:D3:07;0;AVIÁRIO MEIO;607,00;16/11/2025;11:40:05;20;1283-20
CO2;1283;CT-CO2-0;1f94f8ad-7171-b062-c0a5-dbf839ac97e9;CD:E6:D3:07;0;AVIÁRIO MEIO;612,00;16/11/2025;11:45:37;20;1283-20
CO2;1283;CT-CO2-0;1f94f8ad-7171-b062-c0a5-dbf839ac97e9;CD:E6:D3:07;0;AVIÁRIO MEIO;615,00;16/11/2025;11:51:15;20;1283-20
CO2;1283;CT-CO2-0;1f94f8ad-7171-b062-c0a5-dbf839ac97e9;CD:E6:D3:07;0;AVIÁRIO MEIO;612,00;16/11/2025;11:56:18;20;1283-20
CO2;1283;CT-CO2-0;1f94f8ad-7171-b062-c0a5-dbf839ac97e9;CD:E6:D3:07;0;AVIÁRIO MEIO;607,00;16/11/2025;12:01:51;20;1283-20
CO2;1283;CT-CO2-0;1f94f8ad-7171-b062-c0a5-dbf839ac97e9;CD:E6:D3:07;0;AVIÁRIO MEIO;612,00;16/11/2025;12:07:53;20;1283-20
CO2;1283;CT-CO2-0;1f94f8ad-7171-b062-c0a5-dbf839ac97e9;CD:E6:D3:07;0;AVIÁRIO MEIO;608,00;16/11/2025;12:12:25;20;1283-20
CO2;1283;CT-CO2-0;1f94f8ad-7171-b062-c0a5-dbf839ac97e9;CD:E6:D3:07;0;AVIÁRIO MEIO;615,00;16/11/2025;12:17:58;20;1283-20
CO2;1283;CT-CO2-0;1f94f8ad-7171-b062-c0a5-dbf839ac97e9;CD:E6:D3:07;0;AVIÁRIO MEIO;613,00;16/11/2025;12:23:29;20;1283-20
CO2;1283;CT-CO2-0;1f94f8ad-7171-b062-c0a5-dbf839ac97e9;CD:E6:D3:07;0;AVIÁRIO MEIO;619,00;16/11/2025;12:29:01;20;1283-20
CO2;1283;CT-CO2-0;1f94f8ad-7171-b062-c0a5-dbf839ac97e9;CD:E6:D3:07;0;AVIÁRIO MEIO;611,00;16/11/2025;12:34:04;20;1283-20
CO2;1283;CT-CO2-0;1f94f8ad-7171-b062-c0a5-dbf839ac97e9;CD:E6:D3:07;0;AVIÁRIO MEIO;607,00;16/11/2025;12:39:36;20;1283-20
CO2;1283;CT-CO2-0;1f94f8ad-7171-b062-c0a5-dbf839ac97e9;CD:E6:D3:07;0;AVIÁRIO MEIO;689,00;16/11/2025;12:45:08;20;1283-20
CO2;1283;CT-CO2-0;1f94f8ad-7171-b062-c0a5-dbf839ac97e9;CD:E6:D3:07;0;AVIÁRIO MEIO;617,00;16/11/2025;12:50:40;20;1283-20
CO2;1283;CT-CO2-0;1f94f8ad-7171-b062-c0a5-dbf839ac97e9;CD:E6:D3:07;0;AVIÁRIO MEIO;603,00;16/11/2025;12:55:42;20;1283-20
CO2;1283;CT-CO2-0;1f94f8ad-7171-b062-c0a5-dbf839ac97e9;CD:E6:D3:07;0;AVIÁRIO MEIO;614,00;16/11/2025;13:01:14;20;1283-20
CO2;1283;CT-CO2-0;1f94f8ad-7171-b062-c0a5-dbf839ac97e9;CD:E6:D3:07;0;AVIÁRIO MEIO;611,00;16/11/2025;13:06:47;20;1283-20
CO2;1283;CT-CO2-0;1f94f8ad-7171-b062-c0a5-dbf839ac97e9;CD:E6:D3:07;0;AVIÁRIO MEIO;609,00;16/11/2025;13:12:19;20;1283-20
CO2;1283;CT-CO2-0;1f94f8ad-7171-b062-c0a5-dbf839ac97e9;CD:E6:D3:07;0;AVIÁRIO MEIO;605,00;16/11/2025;13:17:52;20;1283-20
CO2;1283;CT-CO2-0;1f94f8ad-7171-b062-c0a5-dbf839ac97e9;CD:E6:D3:07;0;AVIÁRIO MEIO;607,00;16/11/2025;13:22:56;20;1283-20
CO2;1283;CT-CO2-0;1f94f8ad-7171-b062-c0a5-dbf839ac97e9;CD:E6:D3:07;0;AVIÁRIO MEIO;600,00;16/11/2025;13:28:28;20;1283-20
CO2;1283;CT-CO2-0;1f94f8ad-7171-b062-c0a5-dbf839ac97e9;CD:E6:D3:07;0;AVIÁRIO MEIO;613,00;16/11/2025;13:33:30;20;1283-20
CO2;1283;CT-CO2-0;1f94f8ad-7171-b062-c0a5-dbf839ac97e9;CD:E6:D3:07;0;AVIÁRIO MEIO;623,00;16/11/2025;13:39:02;20;1283-20
CO2;1283;CT-CO2-0;1f94f8ad-7171-b062-c0a5-dbf839ac97e9;CD:E6:D3:07;0;AVIÁRIO MEIO;618,00;16/11/2025;13:44:34;20;1283-20
CO2;1283;CT-CO2-0;1f94f8ad-7171-b062-c0a5-dbf839ac97e9;CD:E6:D3:07;0;AVIÁRIO MEIO;621,00;16/11/2025;13:50:06;20;1283-20
CO2;1283;CT-CO2-0;1f94f8ad-7171-b062-c0a5-dbf839ac97e9;CD:E6:D3:07;0;AVIÁRIO MEIO;632,00;16/11/2025;13:55:08;20;1283-20
CO2;1283;CT-CO2-0;1f94f8ad-7171-b062-c0a5-dbf839ac97e9;CD:E6:D3:07;0;AVIÁRIO MEIO;615,00;16/11/2025;14:00:40;20;1283-20
CO2;1283;CT-CO2-0;1f94f8ad-7171-b062-c0a5-dbf839ac97e9;CD:E6:D3:07;0;AVIÁRIO MEIO;619,00;16/11/2025;14:06:13;20;1283-20
CO2;1283;CT-CO2-0;1f94f8ad-7171-b062-c0a5-dbf839ac97e9;CD:E6:D3:07;0;AVIÁRIO MEIO;624,00;16/11/2025;14:11:45;20;1283-20
CO2;1283;CT-CO2-0;1f94f8ad-7171-b062-c0a5-dbf839ac97e9;CD:E6:D3:07;0;AVIÁRIO MEIO;633,00;16/11/2025;14:16:47;20;1283-20
CO2;1283;CT-CO2-0;1f94f8ad-7171-b062-c0a5-dbf839ac97e9;CD:E6:D3:07;0;AVIÁRIO MEIO;629,00;16/11/2025;14:22:19;20;1283-20
CO2;1283;CT-CO2-0;1f94f8ad-7171-b062-c0a5-dbf839ac97e9;CD:E6:D3:07;0;AVIÁRIO MEIO;614,00;16/11/2025;14:28:23;20;1283-20
CO2;1283;CT-CO2-0;1f94f8ad-7171-b062-c0a5-dbf839ac97e9;CD:E6:D3:07;0;AVIÁRIO MEIO;618,00;16/11/2025;14:33:26;20;1283-20
CO2;1283;CT-CO2-0;1f94f8ad-7171-b062-c0a5-dbf839ac97e9;CD:E6:D3:07;0;AVIÁRIO MEIO;615,00;16/11/2025;14:38:28;20;1283-20
CO2;1283;CT-CO2-0;1f94f8ad-7171-b062-c0a5-dbf839ac97e9;CD:E6:D3:07;0;AVIÁRIO MEIO;631,00;16/11/2025;14:44:01;20;1283-20
CO2;1283;CT-CO2-0;1f94f8ad-7171-b062-c0a5-dbf839ac97e9;CD:E6:D3:07;0;AVIÁRIO MEIO;605,00;16/11/2025;14:49:33;20;1283-20
CO2;1283;CT-CO2-0;1f94f8ad-7171-b062-c0a5-dbf839ac97e9;CD:E6:D3:07;0;AVIÁRIO MEIO;600,00;16/11/2025;14:54:34;20;1283-20
CO2;1283;CT-CO2-0;1f94f8ad-7171-b062-c0a5-dbf839ac97e9;CD:E6:D3:07;0;AVIÁRIO MEIO;605,00;16/11/2025;15:00:06;20;1283-20
CO2;1283;CT-CO2-0;1f94f8ad-7171-b062-c0a5-dbf839ac97e9;CD:E6:D3:07;0;AVIÁRIO MEIO;621,00;16/11/2025;15:05:38;20;1283-20
CO2;1283;CT-CO2-0;1f94f8ad-7171-b062-c0a5-dbf839ac97e9;CD:E6:D3:07;0;AVIÁRIO MEIO;619,00;16/11/2025;15:11:10;20;1283-20
CO2;1283;CT-CO2-0;1f94f8ad-7171-b062-c0a5-dbf839ac97e9;CD:E6:D3:07;0;AVIÁRIO MEIO;631,00;16/11/2025;15:16:12;20;1283-20
CO2;1283;CT-CO2-0;1f94f8ad-7171-b062-c0a5-dbf839ac97e9;CD:E6:D3:07;0;AVIÁRIO MEIO;624,00;16/11/2025;15:21:44;20;1283-20
CO2;1283;CT-CO2-0;1f94f8ad-7171-b062-c0a5-dbf839ac97e9;CD:E6:D3:07;0;AVIÁRIO MEIO;623,00;16/11/2025;15:27:16;20;1283-20
CO2;1283;CT-CO2-0;1f94f8ad-7171-b062-c0a5-dbf839ac97e9;CD:E6:D3:07;0;AVIÁRIO MEIO;602,00;16/11/2025;15:32:48;20;1283-20
CO2;1283;CT-CO2-0;1f94f8ad-7171-b062-c0a5-dbf839ac97e9;CD:E6:D3:07;0;AVIÁRIO MEIO;609,00;16/11/2025;15:38:23;20;1283-20
CO2;1283;CT-CO2-0;1f94f8ad-7171-b062-c0a5-dbf839ac97e9;CD:E6:D3:07;0;AVIÁRIO MEIO;612,00;16/11/2025;15:43:27;20;1283-20
CO2;1283;CT-CO2-0;1f94f8ad-7171-b062-c0a5-dbf839ac97e9;CD:E6:D3:07;0;AVIÁRIO MEIO;603,00;16/11/2025;15:48:59;20;1283-20
CO2;1283;CT-CO2-0;1f94f8ad-7171-b062-c0a5-dbf839ac97e9;CD:E6:D3:07;0;AVIÁRIO MEIO;611,00;16/11/2025;15:54:00;20;1283-20
CO2;1283;CT-CO2-0;1f94f8ad-7171-b062-c0a5-dbf839ac97e9;CD:E6:D3:07;0;AVIÁRIO MEIO;618,00;16/11/2025;15:59:34;20;1283-20
CO2;1283;CT-CO2-0;1f94f8ad-7171-b062-c0a5-dbf839ac97e9;CD:E6:D3:07;0;AVIÁRIO MEIO;622,00;16/11/2025;16:05:05;20;1283-20
CO2;1283;CT-CO2-0;1f94f8ad-7171-b062-c0a5-dbf839ac97e9;CD:E6:D3:07;0;AVIÁRIO MEIO;619,00;16/11/2025;16:10:07;20;1283-20
CO2;1283;CT-CO2-0;1f94f8ad-7171-b062-c0a5-dbf839ac97e9;CD:E6:D3:07;0;AVIÁRIO MEIO;623,00;16/11/2025;16:15:39;20;1283-20
CO2;1283;CT-CO2-0;1f94f8ad-7171-b062-c0a5-dbf839ac97e9;CD:E6:D3:07;0;AVIÁRIO MEIO;608,00;16/11/2025;16:21:11;20;1283-20
CO2;1283;CT-CO2-0;1f94f8ad-7171-b062-c0a5-dbf839ac97e9;CD:E6:D3:07;0;AVIÁRIO MEIO;628,00;16/11/2025;16:26:43;20;1283-20
CO2;1283;CT-CO2-0;1f94f8ad-7171-b062-c0a5-dbf839ac97e9;CD:E6:D3:07;0;AVIÁRIO MEIO;623,00;16/11/2025;16:31:46;20;1283-20
CO2;1283;CT-CO2-0;1f94f8ad-7171-b062-c0a5-dbf839ac97e9;CD:E6:D3:07;0;AVIÁRIO MEIO;619,00;16/11/2025;16:37:19;20;1283-20
CO2;1283;CT-CO2-0;1f94f8ad-7171-b062-c0a5-dbf839ac97e9;CD:E6:D3:07;0;AVIÁRIO MEIO;626,00;16/11/2025;16:42:51;20;1283-20
CO2;1283;CT-CO2-0;1f94f8ad-7171-b062-c0a5-dbf839ac97e9;CD:E6:D3:07;0;AVIÁRIO MEIO;621,00;16/11/2025;16:48:25;20;1283-20
CO2;1283;CT-CO2-0;1f94f8ad-7171-b062-c0a5-dbf839ac97e9;CD:E6:D3:07;0;AVIÁRIO MEIO;623,00;16/11/2025;16:53:27;20;1283-20
CO2;1283;CT-CO2-0;1f94f8ad-7171-b062-c0a5-dbf839ac97e9;CD:E6:D3:07;0;AVIÁRIO MEIO;634,00;16/11/2025;16:58:59;20;1283-20
CO2;1283;CT-CO2-0;1f94f8ad-7171-b062-c0a5-dbf839ac97e9;CD:E6:D3:07;0;AVIÁRIO MEIO;630,00;16/11/2025;17:09:34;20;1283-20
CO2;1283;CT-CO2-0;1f94f8ad-7171-b062-c0a5-dbf839ac97e9;CD:E6:D3:07;0;AVIÁRIO MEIO;632,00;16/11/2025;17:15:05;20;1283-20
CO2;1283;CT-CO2-0;1f94f8ad-7171-b062-c0a5-dbf839ac97e9;CD:E6:D3:07;0;AVIÁRIO MEIO;639,00;16/11/2025;17:20:38;20;1283-20
CO2;1283;CT-CO2-0;1f94f8ad-7171-b062-c0a5-dbf839ac97e9;CD:E6:D3:07;0;AVIÁRIO MEIO;619,00;16/11/2025;17:26:10;20;1283-20
CO2;1283;CT-CO2-0;1f94f8ad-7171-b062-c0a5-dbf839ac97e9;CD:E6:D3:07;0;AVIÁRIO MEIO;620,00;16/11/2025;17:31:15;20;1283-20
CO2;1283;CT-CO2-0;1f94f8ad-7171-b062-c0a5-dbf839ac97e9;CD:E6:D3:07;0;AVIÁRIO MEIO;616,00;16/11/2025;17:36:47;20;1283-20
CO2;1283;CT-CO2-0;1f94f8ad-7171-b062-c0a5-dbf839ac97e9;CD:E6:D3:07;0;AVIÁRIO MEIO;616,00;16/11/2025;17:42:19;20;1283-20
CO2;1283;CT-CO2-0;1f94f8ad-7171-b062-c0a5-dbf839ac97e9;CD:E6:D3:07;0;AVIÁRIO MEIO;613,00;16/11/2025;17:47:21;20;1283-20
CO2;1283;CT-CO2-0;1f94f8ad-7171-b062-c0a5-dbf839ac97e9;CD:E6:D3:07;0;AVIÁRIO MEIO;620,00;16/11/2025;17:52:53;20;1283-20
CO2;1283;CT-CO2-0;1f94f8ad-7171-b062-c0a5-dbf839ac97e9;CD:E6:D3:07;0;AVIÁRIO MEIO;610,00;16/11/2025;17:59:01;20;1283-20
CO2;1283;CT-CO2-0;1f94f8ad-7171-b062-c0a5-dbf839ac97e9;CD:E6:D3:07;0;AVIÁRIO MEIO;618,00;16/11/2025;18:03:33;20;1283-20
CO2;1283;CT-CO2-0;1f94f8ad-7171-b062-c0a5-dbf839ac97e9;CD:E6:D3:07;0;AVIÁRIO MEIO;605,00;16/11/2025;18:09:05;20;1283-20
CO2;1283;CT-CO2-0;1f94f8ad-7171-b062-c0a5-dbf839ac97e9;CD:E6:D3:07;0;AVIÁRIO MEIO;620,00;16/11/2025;18:14:37;20;1283-20
CO2;1283;CT-CO2-0;1f94f8ad-7171-b062-c0a5-dbf839ac97e9;CD:E6:D3:07;0;AVIÁRIO MEIO;638,00;16/11/2025;18:19:39;20;1283-20
CO2;1283;CT-CO2-0;1f94f8ad-7171-b062-c0a5-dbf839ac97e9;CD:E6:D3:07;0;AVIÁRIO MEIO;623,00;16/11/2025;18:25:11;20;1283-20
CO2;1283;CT-CO2-0;1f94f8ad-7171-b062-c0a5-dbf839ac97e9;CD:E6:D3:07;0;AVIÁRIO MEIO;632,00;16/11/2025;18:30:43;20;1283-20
CO2;1283;CT-CO2-0;1f94f8ad-7171-b062-c0a5-dbf839ac97e9;CD:E6:D3:07;0;AVIÁRIO MEIO;627,00;16/11/2025;18:36:15;20;1283-20
CO2;1283;CT-CO2-0;1f94f8ad-7171-b062-c0a5-dbf839ac97e9;CD:E6:D3:07;0;AVIÁRIO MEIO;639,00;16/11/2025;18:41:17;20;1283-20
CO2;1283;CT-CO2-0;1f94f8ad-7171-b062-c0a5-dbf839ac97e9;CD:E6:D3:07;0;AVIÁRIO MEIO;670,00;16/11/2025;18:46:49;20;1283-20
CO2;1283;CT-CO2-0;1f94f8ad-7171-b062-c0a5-dbf839ac97e9;CD:E6:D3:07;0;AVIÁRIO MEIO;706,00;16/11/2025;18:52:20;20;1283-20
CO2;1283;CT-CO2-0;1f94f8ad-7171-b062-c0a5-dbf839ac97e9;CD:E6:D3:07;0;AVIÁRIO MEIO;679,00;16/11/2025;18:57:52;20;1283-20
CO2;1283;CT-CO2-0;1f94f8ad-7171-b062-c0a5-dbf839ac97e9;CD:E6:D3:07;0;AVIÁRIO MEIO;666,00;16/11/2025;19:02:54;20;1283-20
CO2;1283;CT-CO2-0;1f94f8ad-7171-b062-c0a5-dbf839ac97e9;CD:E6:D3:07;0;AVIÁRIO MEIO;672,00;16/11/2025;19:08:58;20;1283-20
CO2;1283;CT-CO2-0;1f94f8ad-7171-b062-c0a5-dbf839ac97e9;CD:E6:D3:07;0;AVIÁRIO MEIO;662,00;16/11/2025;19:14:00;20;1283-20
CO2;1283;CT-CO2-0;1f94f8ad-7171-b062-c0a5-dbf839ac97e9;CD:E6:D3:07;0;AVIÁRIO MEIO;661,00;16/11/2025;19:19:02;20;1283-20
CO2;1283;CT-CO2-0;1f94f8ad-7171-b062-c0a5-dbf839ac97e9;CD:E6:D3:07;0;AVIÁRIO MEIO;686,00;16/11/2025;19:24:34;20;1283-20
CO2;1283;CT-CO2-0;1f94f8ad-7171-b062-c0a5-dbf839ac97e9;CD:E6:D3:07;0;AVIÁRIO MEIO;702,00;16/11/2025;19:30:05;20;1283-20
CO2;1283;CT-CO2-0;1f94f8ad-7171-b062-c0a5-dbf839ac97e9;CD:E6:D3:07;0;AVIÁRIO MEIO;777,00;16/11/2025;19:35:39;20;1283-20
CO2;1283;CT-CO2-0;1f94f8ad-7171-b062-c0a5-dbf839ac97e9;CD:E6:D3:07;0;AVIÁRIO MEIO;782,00;16/11/2025;19:40:41;20;1283-20
CO2;1283;CT-CO2-0;1f94f8ad-7171-b062-c0a5-dbf839ac97e9;CD:E6:D3:07;0;AVIÁRIO MEIO;774,00;16/11/2025;19:46:13;20;1283-20
CO2;1283;CT-CO2-0;1f94f8ad-7171-b062-c0a5-dbf839ac97e9;CD:E6:D3:07;0;AVIÁRIO MEIO;784,00;16/11/2025;19:51:45;20;1283-20
CO2;1283;CT-CO2-0;1f94f8ad-7171-b062-c0a5-dbf839ac97e9;CD:E6:D3:07;0;AVIÁRIO MEIO;789,00;16/11/2025;19:56:47;20;1283-20
CO2;1283;CT-CO2-0;1f94f8ad-7171-b062-c0a5-dbf839ac97e9;CD:E6:D3:07;0;AVIÁRIO MEIO;792,00;16/11/2025;20:02:23;20;1283-20
CO2;1283;CT-CO2-0;1f94f8ad-7171-b062-c0a5-dbf839ac97e9;CD:E6:D3:07;0;AVIÁRIO MEIO;793,00;16/11/2025;20:07:55;20;1283-20
CO2;1283;CT-CO2-0;1f94f8ad-7171-b062-c0a5-dbf839ac97e9;CD:E6:D3:07;0;AVIÁRIO MEIO;796,00;16/11/2025;20:12:58;20;1283-20
CO2;1283;CT-CO2-0;1f94f8ad-7171-b062-c0a5-dbf839ac97e9;CD:E6:D3:07;0;AVIÁRIO MEIO;801,00;16/11/2025;20:19:01;20;1283-20
CO2;1283;CT-CO2-0;1f94f8ad-7171-b062-c0a5-dbf839ac97e9;CD:E6:D3:07;0;AVIÁRIO MEIO;811,00;16/11/2025;20:24:04;20;1283-20
CO2;1283;CT-CO2-0;1f94f8ad-7171-b062-c0a5-dbf839ac97e9;CD:E6:D3:07;0;AVIÁRIO MEIO;803,00;16/11/2025;20:29:07;20;1283-20
CO2;1283;CT-CO2-0;1f94f8ad-7171-b062-c0a5-dbf839ac97e9;CD:E6:D3:07;0;AVIÁRIO MEIO;802,00;16/11/2025;20:34:39;20;1283-20
CO2;1283;CT-CO2-0;1f94f8ad-7171-b062-c0a5-dbf839ac97e9;CD:E6:D3:07;0;AVIÁRIO MEIO;792,00;16/11/2025;20:40:11;20;1283-20
CO2;1283;CT-CO2-0;1f94f8ad-7171-b062-c0a5-dbf839ac97e9;CD:E6:D3:07;0;AVIÁRIO MEIO;793,00;16/11/2025;20:45:42;20;1283-20
CO2;1283;CT-CO2-0;1f94f8ad-7171-b062-c0a5-dbf839ac97e9;CD:E6:D3:07;0;AVIÁRIO MEIO;812,00;16/11/2025;20:50:45;20;1283-20
CO2;1283;CT-CO2-0;1f94f8ad-7171-b062-c0a5-dbf839ac97e9;CD:E6:D3:07;0;AVIÁRIO MEIO;809,00;16/11/2025;20:56:16;20;1283-20
CO2;1283;CT-CO2-0;1f94f8ad-7171-b062-c0a5-dbf839ac97e9;CD:E6:D3:07;0;AVIÁRIO MEIO;815,00;16/11/2025;21:06:17;20;1283-20
CO2;1283;CT-CO2-0;1f94f8ad-7171-b062-c0a5-dbf839ac97e9;CD:E6:D3:07;0;AVIÁRIO MEIO;810,00;16/11/2025;21:11:19;20;1283-20
CO2;1283;CT-CO2-0;1f94f8ad-7171-b062-c0a5-dbf839ac97e9;CD:E6:D3:07;0;AVIÁRIO MEIO;815,00;16/11/2025;21:16:52;20;1283-20
CO2;1283;CT-CO2-0;1f94f8ad-7171-b062-c0a5-dbf839ac97e9;CD:E6:D3:07;0;AVIÁRIO MEIO;819,00;16/11/2025;21:22:24;20;1283-20
CO2;1283;CT-CO2-0;1f94f8ad-7171-b062-c0a5-dbf839ac97e9;CD:E6:D3:07;0;AVIÁRIO MEIO;822,00;16/11/2025;21:27:59;20;1283-20
CO2;1283;CT-CO2-0;1f94f8ad-7171-b062-c0a5-dbf839ac97e9;CD:E6:D3:07;0;AVIÁRIO MEIO;827,00;16/11/2025;21:33:01;20;1283-20
CO2;1283;CT-CO2-0;1f94f8ad-7171-b062-c0a5-dbf839ac97e9;CD:E6:D3:07;0;AVIÁRIO MEIO;858,00;16/11/2025;21:38:33;20;1283-20
CO2;1283;CT-CO2-0;1f94f8ad-7171-b062-c0a5-dbf839ac97e9;CD:E6:D3:07;0;AVIÁRIO MEIO;807,00;16/11/2025;21:44:05;20;1283-20
CO2;1283;CT-CO2-0;1f94f8ad-7171-b062-c0a5-dbf839ac97e9;CD:E6:D3:07;0;AVIÁRIO MEIO;803,00;16/11/2025;21:49:08;20;1283-20
CO2;1283;CT-CO2-0;1f94f8ad-7171-b062-c0a5-dbf839ac97e9;CD:E6:D3:07;0;AVIÁRIO MEIO;810,00;16/11/2025;21:54:40;20;1283-20
CO2;1283;CT-CO2-0;1f94f8ad-7171-b062-c0a5-dbf839ac97e9;CD:E6:D3:07;0;AVIÁRIO MEIO;822,00;16/11/2025;22:00:12;20;1283-20
CO2;1283;CT-CO2-0;1f94f8ad-7171-b062-c0a5-dbf839ac97e9;CD:E6:D3:07;0;AVIÁRIO MEIO;859,00;16/11/2025;22:05:14;20;1283-20
CO2;1283;CT-CO2-0;1f94f8ad-7171-b062-c0a5-dbf839ac97e9;CD:E6:D3:07;0;AVIÁRIO MEIO;831,00;16/11/2025;22:10:46;20;1283-20
CO2;1283;CT-CO2-0;1f94f8ad-7171-b062-c0a5-dbf839ac97e9;CD:E6:D3:07;0;AVIÁRIO MEIO;836,00;16/11/2025;22:16:19;20;1283-20
CO2;1283;CT-CO2-0;1f94f8ad-7171-b062-c0a5-dbf839ac97e9;CD:E6:D3:07;0;AVIÁRIO MEIO;838,00;16/11/2025;22:21:51;20;1283-20
CO2;1283;CT-CO2-0;1f94f8ad-7171-b062-c0a5-dbf839ac97e9;CD:E6:D3:07;0;AVIÁRIO MEIO;807,00;16/11/2025;22:26:53;20;1283-20
CO2;1283;CT-CO2-0;1f94f8ad-7171-b062-c0a5-dbf839ac97e9;CD:E6:D3:07;0;AVIÁRIO MEIO;811,00;16/11/2025;22:32:24;20;1283-20
CO2;1283;CT-CO2-0;1f94f8ad-7171-b062-c0a5-dbf839ac97e9;CD:E6:D3:07;0;AVIÁRIO MEIO;807,00;16/11/2025;22:38:27;20;1283-20
CO2;1283;CT-CO2-0;1f94f8ad-7171-b062-c0a5-dbf839ac97e9;CD:E6:D3:07;0;AVIÁRIO MEIO;893,00;16/11/2025;22:42:59;20;1283-20
CO2;1283;CT-CO2-0;1f94f8ad-7171-b062-c0a5-dbf839ac97e9;CD:E6:D3:07;0;AVIÁRIO MEIO;871,00;16/11/2025;22:48:31;20;1283-20
CO2;1283;CT-CO2-0;1f94f8ad-7171-b062-c0a5-dbf839ac97e9;CD:E6:D3:07;0;AVIÁRIO MEIO;798,00;16/11/2025;22:54:04;20;1283-20
CO2;1283;CT-CO2-0;1f94f8ad-7171-b062-c0a5-dbf839ac97e9;CD:E6:D3:07;0;AVIÁRIO MEIO;787,00;16/11/2025;22:59:06;20;1283-20
CO2;1283;CT-CO2-0;1f94f8ad-7171-b062-c0a5-dbf839ac97e9;CD:E6:D3:07;0;AVIÁRIO MEIO;787,00;16/11/2025;23:04:38;20;1283-20
CO2;1283;CT-CO2-0;1f94f8ad-7171-b062-c0a5-dbf839ac97e9;CD:E6:D3:07;0;AVIÁRIO MEIO;776,00;16/11/2025;23:10:09;20;1283-20
CO2;1283;CT-CO2-0;1f94f8ad-7171-b062-c0a5-dbf839ac97e9;CD:E6:D3:07;0;AVIÁRIO MEIO;792,00;16/11/2025;23:15:41;20;1283-20
CO2;1283;CT-CO2-0;1f94f8ad-7171-b062-c0a5-dbf839ac97e9;CD:E6:D3:07;0;AVIÁRIO MEIO;795,00;16/11/2025;23:20:43;20;1283-20
CO2;1283;CT-CO2-0;1f94f8ad-7171-b062-c0a5-dbf839ac97e9;CD:E6:D3:07;0;AVIÁRIO MEIO;794,00;16/11/2025;23:26:15;20;1283-20
CO2;1283;CT-CO2-0;1f94f8ad-7171-b062-c0a5-dbf839ac97e9;CD:E6:D3:07;0;AVIÁRIO MEIO;796,00;16/11/2025;23:31:48;20;1283-20
CO2;1283;CT-CO2-0;1f94f8ad-7171-b062-c0a5-dbf839ac97e9;CD:E6:D3:07;0;AVIÁRIO MEIO;830,00;16/11/2025;23:36:50;20;1283-20
CO2;1283;CT-CO2-0;1f94f8ad-7171-b062-c0a5-dbf839ac97e9;CD:E6:D3:07;0;AVIÁRIO MEIO;788,00;16/11/2025;23:42:22;20;1283-20
CO2;1283;CT-CO2-0;1f94f8ad-7171-b062-c0a5-dbf839ac97e9;CD:E6:D3:07;0;AVIÁRIO MEIO;783,00;16/11/2025;23:48:26;20;1283-20
CO2;1283;CT-CO2-0;1f94f8ad-7171-b062-c0a5-dbf839ac97e9;CD:E6:D3:07;0;AVIÁRIO MEIO;783,00;16/11/2025;23:53:02;20;1283-20
CO2;1283;CT-CO2-0;1f94f8ad-7171-b062-c0a5-dbf839ac97e9;CD:E6:D3:07;0;AVIÁRIO MEIO;807,00;16/11/2025;23:58:35;20;1283-20
CO2;1283;CT-CO2-0;1f94f8ad-7171-b062-c0a5-dbf839ac97e9;CD:E6:D3:07;0;AVIÁRIO MEIO;794,00;17/11/2025;00:03:36;20;1283-20
CO2;1283;CT-CO2-0;1f94f8ad-7171-b062-c0a5-dbf839ac97e9;CD:E6:D3:07;0;AVIÁRIO MEIO;781,00;17/11/2025;00:09:08;20;1283-20
CO2;1283;CT-CO2-0;1f94f8ad-7171-b062-c0a5-dbf839ac97e9;CD:E6:D3:07;0;AVIÁRIO MEIO;793,00;17/11/2025;00:14:40;20;1283-20
CO2;1283;CT-CO2-0;1f94f8ad-7171-b062-c0a5-dbf839ac97e9;CD:E6:D3:07;0;AVIÁRIO MEIO;799,00;17/11/2025;00:19:42;20;1283-20
CO2;1283;CT-CO2-0;1f94f8ad-7171-b062-c0a5-dbf839ac97e9;CD:E6:D3:07;0;AVIÁRIO MEIO;783,00;17/11/2025;00:25:14;20;1283-20
CO2;1283;CT-CO2-0;1f94f8ad-7171-b062-c0a5-dbf839ac97e9;CD:E6:D3:07;0;AVIÁRIO MEIO;782,00;17/11/2025;00:30:46;20;1283-20
CO2;1283;CT-CO2-0;1f94f8ad-7171-b062-c0a5-dbf839ac97e9;CD:E6:D3:07;0;AVIÁRIO MEIO;784,00;17/11/2025;00:35:47;20;1283-20
CO2;1283;CT-CO2-0;1f94f8ad-7171-b062-c0a5-dbf839ac97e9;CD:E6:D3:07;0;AVIÁRIO MEIO;776,00;17/11/2025;00:41:20;20;1283-20
CO2;1283;CT-CO2-0;1f94f8ad-7171-b062-c0a5-dbf839ac97e9;CD:E6:D3:07;0;AVIÁRIO MEIO;773,00;17/11/2025;00:46:52;20;1283-20
CO2;1283;CT-CO2-0;1f94f8ad-7171-b062-c0a5-dbf839ac97e9;CD:E6:D3:07;0;AVIÁRIO MEIO;779,00;17/11/2025;00:51:55;20;1283-20
CO2;1283;CT-CO2-0;1f94f8ad-7171-b062-c0a5-dbf839ac97e9;CD:E6:D3:07;0;AVIÁRIO MEIO;783,00;17/11/2025;00:57:59;20;1283-20
CO2;1283;CT-CO2-0;1f94f8ad-7171-b062-c0a5-dbf839ac97e9;CD:E6:D3:07;0;AVIÁRIO MEIO;773,00;17/11/2025;01:03:00;20;1283-20
CO2;1283;CT-CO2-0;1f94f8ad-7171-b062-c0a5-dbf839ac97e9;CD:E6:D3:07;0;AVIÁRIO MEIO;783,00;17/11/2025;01:08:02;20;1283-20
CO2;1283;CT-CO2-0;1f94f8ad-7171-b062-c0a5-dbf839ac97e9;CD:E6:D3:07;0;AVIÁRIO MEIO;757,00;17/11/2025;01:13:34;20;1283-20
CO2;1283;CT-CO2-0;1f94f8ad-7171-b062-c0a5-dbf839ac97e9;CD:E6:D3:07;0;AVIÁRIO MEIO;773,00;17/11/2025;01:19:06;20;1283-20
CO2;1283;CT-CO2-0;1f94f8ad-7171-b062-c0a5-dbf839ac97e9;CD:E6:D3:07;0;AVIÁRIO MEIO;772,00;17/11/2025;01:24:08;20;1283-20
CO2;1283;CT-CO2-0;1f94f8ad-7171-b062-c0a5-dbf839ac97e9;CD:E6:D3:07;0;AVIÁRIO MEIO;784,00;17/11/2025;01:29:40;20;1283-20
CO2;1283;CT-CO2-0;1f94f8ad-7171-b062-c0a5-dbf839ac97e9;CD:E6:D3:07;0;AVIÁRIO MEIO;778,00;17/11/2025;01:35:12;20;1283-20
CO2;1283;CT-CO2-0;1f94f8ad-7171-b062-c0a5-dbf839ac97e9;CD:E6:D3:07;0;AVIÁRIO MEIO;776,00;17/11/2025;01:40:14;20;1283-20
CO2;1283;CT-CO2-0;1f94f8ad-7171-b062-c0a5-dbf839ac97e9;CD:E6:D3:07;0;AVIÁRIO MEIO;764,00;17/11/2025;01:45:45;20;1283-20
CO2;1283;CT-CO2-0;1f94f8ad-7171-b062-c0a5-dbf839ac97e9;CD:E6:D3:07;0;AVIÁRIO MEIO;776,00;17/11/2025;01:51:17;20;1283-20
CO2;1283;CT-CO2-0;1f94f8ad-7171-b062-c0a5-dbf839ac97e9;CD:E6:D3:07;0;AVIÁRIO MEIO;768,00;17/11/2025;01:56:48;20;1283-20
CO2;1283;CT-CO2-0;1f94f8ad-7171-b062-c0a5-dbf839ac97e9;CD:E6:D3:07;0;AVIÁRIO MEIO;786,00;17/11/2025;02:01:51;20;1283-20
CO2;1283;CT-CO2-0;1f94f8ad-7171-b062-c0a5-dbf839ac97e9;CD:E6:D3:07;0;AVIÁRIO MEIO;771,00;17/11/2025;02:07:53;20;1283-20
CO2;1283;CT-CO2-0;1f94f8ad-7171-b062-c0a5-dbf839ac97e9;CD:E6:D3:07;0;AVIÁRIO MEIO;768,00;17/11/2025;02:12:55;20;1283-20
CO2;1283;CT-CO2-0;1f94f8ad-7171-b062-c0a5-dbf839ac97e9;CD:E6:D3:07;0;AVIÁRIO MEIO;767,00;17/11/2025;02:17:57;20;1283-20
CO2;1283;CT-CO2-0;1f94f8ad-7171-b062-c0a5-dbf839ac97e9;CD:E6:D3:07;0;AVIÁRIO MEIO;755,00;17/11/2025;02:23:29;20;1283-20
CO2;1283;CT-CO2-0;1f94f8ad-7171-b062-c0a5-dbf839ac97e9;CD:E6:D3:07;0;AVIÁRIO MEIO;755,00;17/11/2025;02:29:01;20;1283-20
CO2;1283;CT-CO2-0;1f94f8ad-7171-b062-c0a5-dbf839ac97e9;CD:E6:D3:07;0;AVIÁRIO MEIO;771,00;17/11/2025;02:34:04;20;1283-20
CO2;1283;CT-CO2-0;1f94f8ad-7171-b062-c0a5-dbf839ac97e9;CD:E6:D3:07;0;AVIÁRIO MEIO;763,00;17/11/2025;02:39:36;20;1283-20
CO2;1283;CT-CO2-0;1f94f8ad-7171-b062-c0a5-dbf839ac97e9;CD:E6:D3:07;0;AVIÁRIO MEIO;766,00;17/11/2025;02:45:08;20;1283-20
CO2;1283;CT-CO2-0;1f94f8ad-7171-b062-c0a5-dbf839ac97e9;CD:E6:D3:07;0;AVIÁRIO MEIO;760,00;17/11/2025;02:50:10;20;1283-20
CO2;1283;CT-CO2-0;1f94f8ad-7171-b062-c0a5-dbf839ac97e9;CD:E6:D3:07;0;AVIÁRIO MEIO;762,00;17/11/2025;02:55:43;20;1283-20
CO2;1283;CT-CO2-0;1f94f8ad-7171-b062-c0a5-dbf839ac97e9;CD:E6:D3:07;0;AVIÁRIO MEIO;765,00;17/11/2025;03:01:15;20;1283-20
CO2;1283;CT-CO2-0;1f94f8ad-7171-b062-c0a5-dbf839ac97e9;CD:E6:D3:07;0;AVIÁRIO MEIO;763,00;17/11/2025;03:06:17;20;1283-20
CO2;1283;CT-CO2-0;1f94f8ad-7171-b062-c0a5-dbf839ac97e9;CD:E6:D3:07;0;AVIÁRIO MEIO;754,00;17/11/2025;03:11:50;20;1283-20
CO2;1283;CT-CO2-0;1f94f8ad-7171-b062-c0a5-dbf839ac97e9;CD:E6:D3:07;0;AVIÁRIO MEIO;766,00;17/11/2025;03:17:55;20;1283-20
CO2;1283;CT-CO2-0;1f94f8ad-7171-b062-c0a5-dbf839ac97e9;CD:E6:D3:07;0;AVIÁRIO MEIO;753,00;17/11/2025;03:22:27;20;1283-20
CO2;1283;CT-CO2-0;1f94f8ad-7171-b062-c0a5-dbf839ac97e9;CD:E6:D3:07;0;AVIÁRIO MEIO;768,00;17/11/2025;03:28:00;20;1283-20
CO2;1283;CT-CO2-0;1f94f8ad-7171-b062-c0a5-dbf839ac97e9;CD:E6:D3:07;0;AVIÁRIO MEIO;754,00;17/11/2025;03:33:02;20;1283-20
CO2;1283;CT-CO2-0;1f94f8ad-7171-b062-c0a5-dbf839ac97e9;CD:E6:D3:07;0;AVIÁRIO MEIO;746,00;17/11/2025;03:38:34;20;1283-20
CO2;1283;CT-CO2-0;1f94f8ad-7171-b062-c0a5-dbf839ac97e9;CD:E6:D3:07;0;AVIÁRIO MEIO;761,00;17/11/2025;03:44:06;20;1283-20
CO2;1283;CT-CO2-0;1f94f8ad-7171-b062-c0a5-dbf839ac97e9;CD:E6:D3:07;0;AVIÁRIO MEIO;760,00;17/11/2025;03:49:09;20;1283-20
CO2;1283;CT-CO2-0;1f94f8ad-7171-b062-c0a5-dbf839ac97e9;CD:E6:D3:07;0;AVIÁRIO MEIO;767,00;17/11/2025;03:54:42;20;1283-20
CO2;1283;CT-CO2-0;1f94f8ad-7171-b062-c0a5-dbf839ac97e9;CD:E6:D3:07;0;AVIÁRIO MEIO;782,00;17/11/2025;04:00:13;20;1283-20
CO2;1283;CT-CO2-0;1f94f8ad-7171-b062-c0a5-dbf839ac97e9;CD:E6:D3:07;0;AVIÁRIO MEIO;766,00;17/11/2025;04:05:15;20;1283-20
CO2;1283;CT-CO2-0;1f94f8ad-7171-b062-c0a5-dbf839ac97e9;CD:E6:D3:07;0;AVIÁRIO MEIO;775,00;17/11/2025;04:10:47;20;1283-20
CO2;1283;CT-CO2-0;1f94f8ad-7171-b062-c0a5-dbf839ac97e9;CD:E6:D3:07;0;AVIÁRIO MEIO;770,00;17/11/2025;04:16:19;20;1283-20
CO2;1283;CT-CO2-0;1f94f8ad-7171-b062-c0a5-dbf839ac97e9;CD:E6:D3:07;0;AVIÁRIO MEIO;760,00;17/11/2025;04:21:21;20;1283-20
CO2;1283;CT-CO2-0;1f94f8ad-7171-b062-c0a5-dbf839ac97e9;CD:E6:D3:07;0;AVIÁRIO MEIO;760,00;17/11/2025;04:27:25;20;1283-20
CO2;1283;CT-CO2-0;1f94f8ad-7171-b062-c0a5-dbf839ac97e9;CD:E6:D3:07;0;AVIÁRIO MEIO;750,00;17/11/2025;04:32:27;20;1283-20
CO2;1283;CT-CO2-0;1f94f8ad-7171-b062-c0a5-dbf839ac97e9;CD:E6:D3:07;0;AVIÁRIO MEIO;759,00;17/11/2025;04:37:29;20;1283-20
CO2;1283;CT-CO2-0;1f94f8ad-7171-b062-c0a5-dbf839ac97e9;CD:E6:D3:07;0;AVIÁRIO MEIO;757,00;17/11/2025;04:43:04;20;1283-20
CO2;1283;CT-CO2-0;1f94f8ad-7171-b062-c0a5-dbf839ac97e9;CD:E6:D3:07;0;AVIÁRIO MEIO;759,00;17/11/2025;04:48:38;20;1283-20
CO2;1283;CT-CO2-0;1f94f8ad-7171-b062-c0a5-dbf839ac97e9;CD:E6:D3:07;0;AVIÁRIO MEIO;774,00;17/11/2025;04:53:40;20;1283-20
CO2;1283;CT-CO2-0;1f94f8ad-7171-b062-c0a5-dbf839ac97e9;CD:E6:D3:07;0;AVIÁRIO MEIO;765,00;17/11/2025;04:59:12;20;1283-20
CO2;1283;CT-CO2-0;1f94f8ad-7171-b062-c0a5-dbf839ac97e9;CD:E6:D3:07;0;AVIÁRIO MEIO;783,00;17/11/2025;05:04:45;20;1283-20
CO2;1283;CT-CO2-0;1f94f8ad-7171-b062-c0a5-dbf839ac97e9;CD:E6:D3:07;0;AVIÁRIO MEIO;773,00;17/11/2025;05:09:48;20;1283-20
CO2;1283;CT-CO2-0;1f94f8ad-7171-b062-c0a5-dbf839ac97e9;CD:E6:D3:07;0;AVIÁRIO MEIO;783,00;17/11/2025;05:15:20;20;1283-20
CO2;1283;CT-CO2-0;1f94f8ad-7171-b062-c0a5-dbf839ac97e9;CD:E6:D3:07;0;AVIÁRIO MEIO;766,00;17/11/2025;05:25:54;20;1283-20
CO2;1283;CT-CO2-0;1f94f8ad-7171-b062-c0a5-dbf839ac97e9;CD:E6:D3:07;0;AVIÁRIO MEIO;758,00;17/11/2025;05:31:26;20;1283-20
CO2;1283;CT-CO2-0;1f94f8ad-7171-b062-c0a5-dbf839ac97e9;CD:E6:D3:07;0;AVIÁRIO MEIO;767,00;17/11/2025;05:37:05;20;1283-20
CO2;1283;CT-CO2-0;1f94f8ad-7171-b062-c0a5-dbf839ac97e9;CD:E6:D3:07;0;AVIÁRIO MEIO;749,00;17/11/2025;05:42:07;20;1283-20
CO2;1283;CT-CO2-0;1f94f8ad-7171-b062-c0a5-dbf839ac97e9;CD:E6:D3:07;0;AVIÁRIO MEIO;744,00;17/11/2025;05:47:09;20;1283-20
CO2;1283;CT-CO2-0;1f94f8ad-7171-b062-c0a5-dbf839ac97e9;CD:E6:D3:07;0;AVIÁRIO MEIO;755,00;17/11/2025;05:52:41;20;1283-20
CO2;1283;CT-CO2-0;1f94f8ad-7171-b062-c0a5-dbf839ac97e9;CD:E6:D3:07;0;AVIÁRIO MEIO;780,00;17/11/2025;05:58:13;20;1283-20
CO2;1283;CT-CO2-0;1f94f8ad-7171-b062-c0a5-dbf839ac97e9;CD:E6:D3:07;0;AVIÁRIO MEIO;785,00;17/11/2025;06:03:15;20;1283-20
CO2;1283;CT-CO2-0;1f94f8ad-7171-b062-c0a5-dbf839ac97e9;CD:E6:D3:07;0;AVIÁRIO MEIO;778,00;17/11/2025;06:08:47;20;1283-20
CO2;1283;CT-CO2-0;1f94f8ad-7171-b062-c0a5-dbf839ac97e9;CD:E6:D3:07;0;AVIÁRIO MEIO;768,00;17/11/2025;06:14:22;20;1283-20
CO2;1283;CT-CO2-0;1f94f8ad-7171-b062-c0a5-dbf839ac97e9;CD:E6:D3:07;0;AVIÁRIO MEIO;787,00;17/11/2025;06:24:57;20;1283-20
CO2;1283;CT-CO2-0;1f94f8ad-7171-b062-c0a5-dbf839ac97e9;CD:E6:D3:07;0;AVIÁRIO MEIO;779,00;17/11/2025;06:30:30;20;1283-20
CO2;1283;CT-CO2-0;1f94f8ad-7171-b062-c0a5-dbf839ac97e9;CD:E6:D3:07;0;AVIÁRIO MEIO;790,00;17/11/2025;06:35:32;20;1283-20
CO2;1283;CT-CO2-0;1f94f8ad-7171-b062-c0a5-dbf839ac97e9;CD:E6:D3:07;0;AVIÁRIO MEIO;821,00;17/11/2025;06:41:05;20;1283-20
CO2;1283;CT-CO2-0;1f94f8ad-7171-b062-c0a5-dbf839ac97e9;CD:E6:D3:07;0;AVIÁRIO MEIO;843,00;17/11/2025;06:47:10;20;1283-20
CO2;1283;CT-CO2-0;1f94f8ad-7171-b062-c0a5-dbf839ac97e9;CD:E6:D3:07;0;AVIÁRIO MEIO;859,00;17/11/2025;06:51:43;20;1283-20
CO2;1283;CT-CO2-0;1f94f8ad-7171-b062-c0a5-dbf839ac97e9;CD:E6:D3:07;0;AVIÁRIO MEIO;839,00;17/11/2025;06:57:15;20;1283-20
CO2;1283;CT-CO2-0;1f94f8ad-7171-b062-c0a5-dbf839ac97e9;CD:E6:D3:07;0;AVIÁRIO MEIO;838,00;17/11/2025;07:02:17;20;1283-20
CO2;1283;CT-CO2-0;1f94f8ad-7171-b062-c0a5-dbf839ac97e9;CD:E6:D3:07;0;AVIÁRIO MEIO;845,00;17/11/2025;07:07:48;20;1283-20
CO2;1283;CT-CO2-0;1f94f8ad-7171-b062-c0a5-dbf839ac97e9;CD:E6:D3:07;0;AVIÁRIO MEIO;830,00;17/11/2025;07:13:20;20;1283-20
CO2;1283;CT-CO2-0;1f94f8ad-7171-b062-c0a5-dbf839ac97e9;CD:E6:D3:07;0;AVIÁRIO MEIO;841,00;17/11/2025;07:18:52;20;1283-20
CO2;1283;CT-CO2-0;1f94f8ad-7171-b062-c0a5-dbf839ac97e9;CD:E6:D3:07;0;AVIÁRIO MEIO;831,00;17/11/2025;07:23:54;20;1283-20
CO2;1283;CT-CO2-0;1f94f8ad-7171-b062-c0a5-dbf839ac97e9;CD:E6:D3:07;0;AVIÁRIO MEIO;832,00;17/11/2025;07:29:26;20;1283-20
CO2;1283;CT-CO2-0;1f94f8ad-7171-b062-c0a5-dbf839ac97e9;CD:E6:D3:07;0;AVIÁRIO MEIO;815,00;17/11/2025;07:34:58;20;1283-20
CO2;1283;CT-CO2-0;1f94f8ad-7171-b062-c0a5-dbf839ac97e9;CD:E6:D3:07;0;AVIÁRIO MEIO;813,00;17/11/2025;07:40:00;20;1283-20
CO2;1283;CT-CO2-0;1f94f8ad-7171-b062-c0a5-dbf839ac97e9;CD:E6:D3:07;0;AVIÁRIO MEIO;823,00;17/11/2025;07:45:33;20;1283-20
CO2;1283;CT-CO2-0;1f94f8ad-7171-b062-c0a5-dbf839ac97e9;CD:E6:D3:07;0;AVIÁRIO MEIO;829,00;17/11/2025;07:51:05;20;1283-20
CO2;1283;CT-CO2-0;1f94f8ad-7171-b062-c0a5-dbf839ac97e9;CD:E6:D3:07;0;AVIÁRIO MEIO;819,00;17/11/2025;07:56:38;20;1283-20
CO2;1283;CT-CO2-0;1f94f8ad-7171-b062-c0a5-dbf839ac97e9;CD:E6:D3:07;0;AVIÁRIO MEIO;831,00;17/11/2025;08:01:40;20;1283-20
CO2;1283;CT-CO2-0;1f94f8ad-7171-b062-c0a5-dbf839ac97e9;CD:E6:D3:07;0;AVIÁRIO MEIO;809,00;17/11/2025;08:07:12;20;1283-20
CO2;1283;CT-CO2-0;1f94f8ad-7171-b062-c0a5-dbf839ac97e9;CD:E6:D3:07;0;AVIÁRIO MEIO;812,00;17/11/2025;08:12:14;20;1283-20
CO2;1283;CT-CO2-0;1f94f8ad-7171-b062-c0a5-dbf839ac97e9;CD:E6:D3:07;0;AVIÁRIO MEIO;803,00;17/11/2025;08:17:46;20;1283-20
CO2;1283;CT-CO2-0;1f94f8ad-7171-b062-c0a5-dbf839ac97e9;CD:E6:D3:07;0;AVIÁRIO MEIO;798,00;17/11/2025;08:23:18;20;1283-20
CO2;1283;CT-CO2-0;1f94f8ad-7171-b062-c0a5-dbf839ac97e9;CD:E6:D3:07;0;AVIÁRIO MEIO;793,00;17/11/2025;08:28:20;20;1283-20
CO2;1283;CT-CO2-0;1f94f8ad-7171-b062-c0a5-dbf839ac97e9;CD:E6:D3:07;0;AVIÁRIO MEIO;829,00;17/11/2025;08:33:52;20;1283-20
CO2;1283;CT-CO2-0;1f94f8ad-7171-b062-c0a5-dbf839ac97e9;CD:E6:D3:07;0;AVIÁRIO MEIO;859,00;17/11/2025;08:39:24;20;1283-20
CO2;1283;CT-CO2-0;1f94f8ad-7171-b062-c0a5-dbf839ac97e9;CD:E6:D3:07;0;AVIÁRIO MEIO;870,00;17/11/2025;08:44:26;20;1283-20
CO2;1283;CT-CO2-0;1f94f8ad-7171-b062-c0a5-dbf839ac97e9;CD:E6:D3:07;0;AVIÁRIO MEIO;877,00;17/11/2025;08:49:59;20;1283-20
CO2;1283;CT-CO2-0;1f94f8ad-7171-b062-c0a5-dbf839ac97e9;CD:E6:D3:07;0;AVIÁRIO MEIO;882,00;17/11/2025;08:55:31;20;1283-20
CO2;1283;CT-CO2-0;1f94f8ad-7171-b062-c0a5-dbf839ac97e9;CD:E6:D3:07;0;AVIÁRIO MEIO;881,00;17/11/2025;09:00:34;20;1283-20
CO2;1283;CT-CO2-0;1f94f8ad-7171-b062-c0a5-dbf839ac97e9;CD:E6:D3:07;0;AVIÁRIO MEIO;875,00;17/11/2025;09:06:36;20;1283-20
CO2;1283;CT-CO2-0;1f94f8ad-7171-b062-c0a5-dbf839ac97e9;CD:E6:D3:07;0;AVIÁRIO MEIO;930,00;17/11/2025;09:11:38;20;1283-20
CO2;1283;CT-CO2-0;1f94f8ad-7171-b062-c0a5-dbf839ac97e9;CD:E6:D3:07;0;AVIÁRIO MEIO;894,00;17/11/2025;09:16:40;20;1283-20
CO2;1283;CT-CO2-0;1f94f8ad-7171-b062-c0a5-dbf839ac97e9;CD:E6:D3:07;0;AVIÁRIO MEIO;866,00;17/11/2025;09:22:12;20;1283-20
CO2;1283;CT-CO2-0;1f94f8ad-7171-b062-c0a5-dbf839ac97e9;CD:E6:D3:07;0;AVIÁRIO MEIO;872,00;17/11/2025;09:27:44;20;1283-20
CO2;1283;CT-CO2-0;1f94f8ad-7171-b062-c0a5-dbf839ac97e9;CD:E6:D3:07;0;AVIÁRIO MEIO;884,00;17/11/2025;09:32:46;20;1283-20
CO2;1283;CT-CO2-0;1f94f8ad-7171-b062-c0a5-dbf839ac97e9;CD:E6:D3:07;0;AVIÁRIO MEIO;887,00;17/11/2025;09:38:18;20;1283-20
CO2;1283;CT-CO2-0;1f94f8ad-7171-b062-c0a5-dbf839ac97e9;CD:E6:D3:07;0;AVIÁRIO MEIO;879,00;17/11/2025;09:43:49;20;1283-20
CO2;1283;CT-CO2-0;1f94f8ad-7171-b062-c0a5-dbf839ac97e9;CD:E6:D3:07;0;AVIÁRIO MEIO;884,00;17/11/2025;09:48:51;20;1283-20
CO2;1283;CT-CO2-0;1f94f8ad-7171-b062-c0a5-dbf839ac97e9;CD:E6:D3:07;0;AVIÁRIO MEIO;885,00;17/11/2025;09:59:56;20;1283-20
CO2;1283;CT-CO2-0;1f94f8ad-7171-b062-c0a5-dbf839ac97e9;CD:E6:D3:07;0;AVIÁRIO MEIO;873,00;17/11/2025;10:04:58;20;1283-20
CO2;1283;CT-CO2-0;1f94f8ad-7171-b062-c0a5-dbf839ac97e9;CD:E6:D3:07;0;AVIÁRIO MEIO;903,00;17/11/2025;10:10:31;20;1283-20
CO2;1283;CT-CO2-0;1f94f8ad-7171-b062-c0a5-dbf839ac97e9;CD:E6:D3:07;0;AVIÁRIO MEIO;890,00;17/11/2025;10:16:33;20;1283-20
CO2;1283;CT-CO2-0;1f94f8ad-7171-b062-c0a5-dbf839ac97e9;CD:E6:D3:07;0;AVIÁRIO MEIO;904,00;17/11/2025;10:21:05;20;1283-20
CO2;1283;CT-CO2-0;1f94f8ad-7171-b062-c0a5-dbf839ac97e9;CD:E6:D3:07;0;AVIÁRIO MEIO;900,00;17/11/2025;10:26:39;20;1283-20
CO2;1283;CT-CO2-0;1f94f8ad-7171-b062-c0a5-dbf839ac97e9;CD:E6:D3:07;0;AVIÁRIO MEIO;896,00;17/11/2025;10:32:10;20;1283-20
CO2;1283;CT-CO2-0;1f94f8ad-7171-b062-c0a5-dbf839ac97e9;CD:E6:D3:07;0;AVIÁRIO MEIO;917,00;17/11/2025;10:37:12;20;1283-20
CO2;1283;CT-CO2-0;1f94f8ad-7171-b062-c0a5-dbf839ac97e9;CD:E6:D3:07;0;AVIÁRIO MEIO;903,00;17/11/2025;10:42:44;20;1283-20
CO2;1283;CT-CO2-0;1f94f8ad-7171-b062-c0a5-dbf839ac97e9;CD:E6:D3:07;0;AVIÁRIO MEIO;913,00;17/11/2025;10:48:16;20;1283-20
CO2;1283;CT-CO2-0;1f94f8ad-7171-b062-c0a5-dbf839ac97e9;CD:E6:D3:07;0;AVIÁRIO MEIO;908,00;17/11/2025;10:53:18;20;1283-20
CO2;1283;CT-CO2-0;1f94f8ad-7171-b062-c0a5-dbf839ac97e9;CD:E6:D3:07;0;AVIÁRIO MEIO;904,00;17/11/2025;10:58:51;20;1283-20
CO2;1283;CT-CO2-0;1f94f8ad-7171-b062-c0a5-dbf839ac97e9;CD:E6:D3:07;0;AVIÁRIO MEIO;921,00;17/11/2025;11:04:22;20;1283-20
CO2;1283;CT-CO2-0;1f94f8ad-7171-b062-c0a5-dbf839ac97e9;CD:E6:D3:07;0;AVIÁRIO MEIO;912,00;17/11/2025;11:09:24;20;1283-20
CO2;1283;CT-CO2-0;1f94f8ad-7171-b062-c0a5-dbf839ac97e9;CD:E6:D3:07;0;AVIÁRIO MEIO;909,00;17/11/2025;11:14:56;20;1283-20
CO2;1283;CT-CO2-0;1f94f8ad-7171-b062-c0a5-dbf839ac97e9;CD:E6:D3:07;0;AVIÁRIO MEIO;918,00;17/11/2025;11:20:28;20;1283-20
CO2;1283;CT-CO2-0;1f94f8ad-7171-b062-c0a5-dbf839ac97e9;CD:E6:D3:07;0;AVIÁRIO MEIO;898,00;17/11/2025;11:26:01;20;1283-20
CO2;1283;CT-CO2-0;1f94f8ad-7171-b062-c0a5-dbf839ac97e9;CD:E6:D3:07;0;AVIÁRIO MEIO;937,00;17/11/2025;11:31:03;20;1283-20
CO2;1283;CT-CO2-0;1f94f8ad-7171-b062-c0a5-dbf839ac97e9;CD:E6:D3:07;0;AVIÁRIO MEIO;941,00;17/11/2025;11:36:35;20;1283-20
CO2;1283;CT-CO2-0;1f94f8ad-7171-b062-c0a5-dbf839ac97e9;CD:E6:D3:07;0;AVIÁRIO MEIO;915,00;17/11/2025;11:41:37;20;1283-20
CO2;1283;CT-CO2-0;1f94f8ad-7171-b062-c0a5-dbf839ac97e9;CD:E6:D3:07;0;AVIÁRIO MEIO;935,00;17/11/2025;11:47:10;20;1283-20
CO2;1283;CT-CO2-0;1f94f8ad-7171-b062-c0a5-dbf839ac97e9;CD:E6:D3:07;0;AVIÁRIO MEIO;936,00;17/11/2025;11:52:41;20;1283-20
CO2;1283;CT-CO2-0;1f94f8ad-7171-b062-c0a5-dbf839ac97e9;CD:E6:D3:07;0;AVIÁRIO MEIO;934,00;17/11/2025;11:57:43;20;1283-20
CO2;1283;CT-CO2-0;1f94f8ad-7171-b062-c0a5-dbf839ac97e9;CD:E6:D3:07;0;AVIÁRIO MEIO;927,00;17/11/2025;12:03:16;20;1283-20
CO2;1283;CT-CO2-0;1f94f8ad-7171-b062-c0a5-dbf839ac97e9;CD:E6:D3:07;0;AVIÁRIO MEIO;924,00;17/11/2025;12:08:48;20;1283-20
CO2;1283;CT-CO2-0;1f94f8ad-7171-b062-c0a5-dbf839ac97e9;CD:E6:D3:07;0;AVIÁRIO MEIO;928,00;17/11/2025;12:13:50;20;1283-20
CO2;1283;CT-CO2-0;1f94f8ad-7171-b062-c0a5-dbf839ac97e9;CD:E6:D3:07;0;AVIÁRIO MEIO;935,00;17/11/2025;12:19:24;20;1283-20
CO2;1283;CT-CO2-0;1f94f8ad-7171-b062-c0a5-dbf839ac97e9;CD:E6:D3:07;0;AVIÁRIO MEIO;932,00;17/11/2025;12:24:56;20;1283-20
CO2;1283;CT-CO2-0;1f94f8ad-7171-b062-c0a5-dbf839ac97e9;CD:E6:D3:07;0;AVIÁRIO MEIO;928,00;17/11/2025;12:29:58;20;1283-20
CO2;1283;CT-CO2-0;1f94f8ad-7171-b062-c0a5-dbf839ac97e9;CD:E6:D3:07;0;AVIÁRIO MEIO;869,00;17/11/2025;12:36:01;20;1283-20
CO2;1283;CT-CO2-0;1f94f8ad-7171-b062-c0a5-dbf839ac97e9;CD:E6:D3:07;0;AVIÁRIO MEIO;855,00;17/11/2025;12:41:04;20;1283-20
CO2;1283;CT-CO2-0;1f94f8ad-7171-b062-c0a5-dbf839ac97e9;CD:E6:D3:07;0;AVIÁRIO MEIO;848,00;17/11/2025;12:46:06;20;1283-20
CO2;1283;CT-CO2-0;1f94f8ad-7171-b062-c0a5-dbf839ac97e9;CD:E6:D3:07;0;AVIÁRIO MEIO;849,00;17/11/2025;12:51:38;20;1283-20
CO2;1283;CT-CO2-0;1f94f8ad-7171-b062-c0a5-dbf839ac97e9;CD:E6:D3:07;0;AVIÁRIO MEIO;849,00;17/11/2025;12:57:10;20;1283-20
CO2;1283;CT-CO2-0;1f94f8ad-7171-b062-c0a5-dbf839ac97e9;CD:E6:D3:07;0;AVIÁRIO MEIO;843,00;17/11/2025;13:02:12;20;1283-20
CO2;1283;CT-CO2-0;1f94f8ad-7171-b062-c0a5-dbf839ac97e9;CD:E6:D3:07;0;AVIÁRIO MEIO;859,00;17/11/2025;13:07:44;20;1283-20
CO2;1283;CT-CO2-0;1f94f8ad-7171-b062-c0a5-dbf839ac97e9;CD:E6:D3:07;0;AVIÁRIO MEIO;867,00;17/11/2025;13:13:15;20;1283-20
CO2;1283;CT-CO2-0;1f94f8ad-7171-b062-c0a5-dbf839ac97e9;CD:E6:D3:07;0;AVIÁRIO MEIO;865,00;17/11/2025;13:18:17;20;1283-20
CO2;1283;CT-CO2-0;1f94f8ad-7171-b062-c0a5-dbf839ac97e9;CD:E6:D3:07;0;AVIÁRIO MEIO;854,00;17/11/2025;13:23:49;20;1283-20
CO2;1283;CT-CO2-0;1f94f8ad-7171-b062-c0a5-dbf839ac97e9;CD:E6:D3:07;0;AVIÁRIO MEIO;834,00;17/11/2025;13:34:23;20;1283-20
CO2;1283;CT-CO2-0;1f94f8ad-7171-b062-c0a5-dbf839ac97e9;CD:E6:D3:07;0;AVIÁRIO MEIO;839,00;17/11/2025;13:40:01;20;1283-20
CO2;1283;CT-CO2-0;1f94f8ad-7171-b062-c0a5-dbf839ac97e9;CD:E6:D3:07;0;AVIÁRIO MEIO;833,00;17/11/2025;13:45:33;20;1283-20
CO2;1283;CT-CO2-0;1f94f8ad-7171-b062-c0a5-dbf839ac97e9;CD:E6:D3:07;0;AVIÁRIO MEIO;829,00;17/11/2025;13:50:46;20;1283-20
CO2;1283;CT-CO2-0;1f94f8ad-7171-b062-c0a5-dbf839ac97e9;CD:E6:D3:07;0;AVIÁRIO MEIO;894,00;17/11/2025;13:55:48;20;1283-20
CO2;1283;CT-CO2-0;1f94f8ad-7171-b062-c0a5-dbf839ac97e9;CD:E6:D3:07;0;AVIÁRIO MEIO;846,00;17/11/2025;14:01:20;20;1283-20
CO2;1283;CT-CO2-0;1f94f8ad-7171-b062-c0a5-dbf839ac97e9;CD:E6:D3:07;0;AVIÁRIO MEIO;860,00;17/11/2025;14:06:52;20;1283-20
CO2;1283;CT-CO2-0;1f94f8ad-7171-b062-c0a5-dbf839ac97e9;CD:E6:D3:07;0;AVIÁRIO MEIO;850,00;17/11/2025;14:11:54;20;1283-20
CO2;1283;CT-CO2-0;1f94f8ad-7171-b062-c0a5-dbf839ac97e9;CD:E6:D3:07;0;AVIÁRIO MEIO;845,00;17/11/2025;14:17:27;20;1283-20
CO2;1283;CT-CO2-0;1f94f8ad-7171-b062-c0a5-dbf839ac97e9;CD:E6:D3:07;0;AVIÁRIO MEIO;837,00;17/11/2025;14:23:00;20;1283-20
CO2;1283;CT-CO2-0;1f94f8ad-7171-b062-c0a5-dbf839ac97e9;CD:E6:D3:07;0;AVIÁRIO MEIO;835,00;17/11/2025;14:28:01;20;1283-20
CO2;1283;CT-CO2-0;1f94f8ad-7171-b062-c0a5-dbf839ac97e9;CD:E6:D3:07;0;AVIÁRIO MEIO;836,00;17/11/2025;14:33:33;20;1283-20
CO2;1283;CT-CO2-0;1f94f8ad-7171-b062-c0a5-dbf839ac97e9;CD:E6:D3:07;0;AVIÁRIO MEIO;844,00;17/11/2025;14:39:05;20;1283-20
CO2;1283;CT-CO2-0;1f94f8ad-7171-b062-c0a5-dbf839ac97e9;CD:E6:D3:07;0;AVIÁRIO MEIO;833,00;17/11/2025;14:44:07;20;1283-20
CO2;1283;CT-CO2-0;1f94f8ad-7171-b062-c0a5-dbf839ac97e9;CD:E6:D3:07;0;AVIÁRIO MEIO;822,00;17/11/2025;14:49:38;20;1283-20
CO2;1283;CT-CO2-0;1f94f8ad-7171-b062-c0a5-dbf839ac97e9;CD:E6:D3:07;0;AVIÁRIO MEIO;838,00;17/11/2025;14:55:43;20;1283-20
CO2;1283;CT-CO2-0;1f94f8ad-7171-b062-c0a5-dbf839ac97e9;CD:E6:D3:07;0;AVIÁRIO MEIO;834,00;17/11/2025;15:00:16;20;1283-20
CO2;1283;CT-CO2-0;1f94f8ad-7171-b062-c0a5-dbf839ac97e9;CD:E6:D3:07;0;AVIÁRIO MEIO;843,00;17/11/2025;15:05:47;20;1283-20
CO2;1283;CT-CO2-0;1f94f8ad-7171-b062-c0a5-dbf839ac97e9;CD:E6:D3:07;0;AVIÁRIO MEIO;833,00;17/11/2025;15:11:19;20;1283-20
CO2;1283;CT-CO2-0;1f94f8ad-7171-b062-c0a5-dbf839ac97e9;CD:E6:D3:07;0;AVIÁRIO MEIO;835,00;17/11/2025;15:16:21;20;1283-20
CO2;1283;CT-CO2-0;1f94f8ad-7171-b062-c0a5-dbf839ac97e9;CD:E6:D3:07;0;AVIÁRIO MEIO;831,00;17/11/2025;15:21:53;20;1283-20
CO2;1283;CT-CO2-0;1f94f8ad-7171-b062-c0a5-dbf839ac97e9;CD:E6:D3:07;0;AVIÁRIO MEIO;833,00;17/11/2025;15:27:25;20;1283-20
CO2;1283;CT-CO2-0;1f94f8ad-7171-b062-c0a5-dbf839ac97e9;CD:E6:D3:07;0;AVIÁRIO MEIO;831,00;17/11/2025;15:32:27;20;1283-20
CO2;1283;CT-CO2-0;1f94f8ad-7171-b062-c0a5-dbf839ac97e9;CD:E6:D3:07;0;AVIÁRIO MEIO;840,00;17/11/2025;15:37:59;20;1283-20
CO2;1283;CT-CO2-0;1f94f8ad-7171-b062-c0a5-dbf839ac97e9;CD:E6:D3:07;0;AVIÁRIO MEIO;843,00;17/11/2025;15:43:31;20;1283-20
CO2;1283;CT-CO2-0;1f94f8ad-7171-b062-c0a5-dbf839ac97e9;CD:E6:D3:07;0;AVIÁRIO MEIO;840,00;17/11/2025;15:48:32;20;1283-20
CO2;1283;CT-CO2-0;1f94f8ad-7171-b062-c0a5-dbf839ac97e9;CD:E6:D3:07;0;AVIÁRIO MEIO;847,00;17/11/2025;15:54:04;20;1283-20
CO2;1283;CT-CO2-0;1f94f8ad-7171-b062-c0a5-dbf839ac97e9;CD:E6:D3:07;0;AVIÁRIO MEIO;852,00;17/11/2025;15:59:36;20;1283-20
CO2;1283;CT-CO2-0;1f94f8ad-7171-b062-c0a5-dbf839ac97e9;CD:E6:D3:07;0;AVIÁRIO MEIO;853,00;17/11/2025;16:05:14;20;1283-20
CO2;1283;CT-CO2-0;1f94f8ad-7171-b062-c0a5-dbf839ac97e9;CD:E6:D3:07;0;AVIÁRIO MEIO;855,00;17/11/2025;16:10:17;20;1283-20
CO2;1283;CT-CO2-0;1f94f8ad-7171-b062-c0a5-dbf839ac97e9;CD:E6:D3:07;0;AVIÁRIO MEIO;853,00;17/11/2025;16:15:50;20;1283-20
CO2;1283;CT-CO2-0;1f94f8ad-7171-b062-c0a5-dbf839ac97e9;CD:E6:D3:07;0;AVIÁRIO MEIO;860,00;17/11/2025;16:20:53;20;1283-20
CO2;1283;CT-CO2-0;1f94f8ad-7171-b062-c0a5-dbf839ac97e9;CD:E6:D3:07;0;AVIÁRIO MEIO;858,00;17/11/2025;16:26:25;20;1283-20
CO2;1283;CT-CO2-0;1f94f8ad-7171-b062-c0a5-dbf839ac97e9;CD:E6:D3:07;0;AVIÁRIO MEIO;882,00;17/11/2025;16:36:59;20;1283-20
CO2;1283;CT-CO2-0;1f94f8ad-7171-b062-c0a5-dbf839ac97e9;CD:E6:D3:07;0;AVIÁRIO MEIO;868,00;17/11/2025;16:42:32;20;1283-20
CO2;1283;CT-CO2-0;1f94f8ad-7171-b062-c0a5-dbf839ac97e9;CD:E6:D3:07;0;AVIÁRIO MEIO;867,00;17/11/2025;16:48:04;20;1283-20
CO2;1283;CT-CO2-0;1f94f8ad-7171-b062-c0a5-dbf839ac97e9;CD:E6:D3:07;0;AVIÁRIO MEIO;868,00;17/11/2025;16:53:08;20;1283-20
CO2;1283;CT-CO2-0;1f94f8ad-7171-b062-c0a5-dbf839ac97e9;CD:E6:D3:07;0;AVIÁRIO MEIO;863,00;17/11/2025;16:58:40;20;1283-20
CO2;1283;CT-CO2-0;1f94f8ad-7171-b062-c0a5-dbf839ac97e9;CD:E6:D3:07;0;AVIÁRIO MEIO;881,00;17/11/2025;17:03:43;20;1283-20
CO2;1283;CT-CO2-0;1f94f8ad-7171-b062-c0a5-dbf839ac97e9;CD:E6:D3:07;0;AVIÁRIO MEIO;863,00;17/11/2025;17:15:22;20;1283-20
CO2;1283;CT-CO2-0;1f94f8ad-7171-b062-c0a5-dbf839ac97e9;CD:E6:D3:07;0;AVIÁRIO MEIO;864,00;17/11/2025;17:19:54;20;1283-20
CO2;1283;CT-CO2-0;1f94f8ad-7171-b062-c0a5-dbf839ac97e9;CD:E6:D3:07;0;AVIÁRIO MEIO;840,00;17/11/2025;17:25:27;20;1283-20
CO2;1283;CT-CO2-0;1f94f8ad-7171-b062-c0a5-dbf839ac97e9;CD:E6:D3:07;0;AVIÁRIO MEIO;850,00;17/11/2025;17:30:59;20;1283-20
CO2;1283;CT-CO2-0;1f94f8ad-7171-b062-c0a5-dbf839ac97e9;CD:E6:D3:07;0;AVIÁRIO MEIO;831,00;17/11/2025;17:36:01;20;1283-20
CO2;1283;CT-CO2-0;1f94f8ad-7171-b062-c0a5-dbf839ac97e9;CD:E6:D3:07;0;AVIÁRIO MEIO;831,00;17/11/2025;17:41:33;20;1283-20
CO2;1283;CT-CO2-0;1f94f8ad-7171-b062-c0a5-dbf839ac97e9;CD:E6:D3:07;0;AVIÁRIO MEIO;829,00;17/11/2025;17:47:05;20;1283-20
CO2;1283;CT-CO2-0;1f94f8ad-7171-b062-c0a5-dbf839ac97e9;CD:E6:D3:07;0;AVIÁRIO MEIO;837,00;17/11/2025;17:52:07;20;1283-20
CO2;1283;CT-CO2-0;1f94f8ad-7171-b062-c0a5-dbf839ac97e9;CD:E6:D3:07;0;AVIÁRIO MEIO;860,00;17/11/2025;17:57:39;20;1283-20
CO2;1283;CT-CO2-0;1f94f8ad-7171-b062-c0a5-dbf839ac97e9;CD:E6:D3:07;0;AVIÁRIO MEIO;852,00;17/11/2025;18:03:11;20;1283-20
CO2;1283;CT-CO2-0;1f94f8ad-7171-b062-c0a5-dbf839ac97e9;CD:E6:D3:07;0;AVIÁRIO MEIO;850,00;17/11/2025;18:08:13;20;1283-20
CO2;1283;CT-CO2-0;1f94f8ad-7171-b062-c0a5-dbf839ac97e9;CD:E6:D3:07;0;AVIÁRIO MEIO;848,00;17/11/2025;18:13:46;20;1283-20
CO2;1283;CT-CO2-0;1f94f8ad-7171-b062-c0a5-dbf839ac97e9;CD:E6:D3:07;0;AVIÁRIO MEIO;866,00;17/11/2025;18:24:54;20;1283-20
CO2;1283;CT-CO2-0;1f94f8ad-7171-b062-c0a5-dbf839ac97e9;CD:E6:D3:07;0;AVIÁRIO MEIO;861,00;17/11/2025;18:29:56;20;1283-20
CO2;1283;CT-CO2-0;1f94f8ad-7171-b062-c0a5-dbf839ac97e9;CD:E6:D3:07;0;AVIÁRIO MEIO;887,00;17/11/2025;18:35:28;20;1283-20
CO2;1283;CT-CO2-0;1f94f8ad-7171-b062-c0a5-dbf839ac97e9;CD:E6:D3:07;0;AVIÁRIO MEIO;895,00;17/11/2025;18:40:30;20;1283-20
CO2;1283;CT-CO2-0;1f94f8ad-7171-b062-c0a5-dbf839ac97e9;CD:E6:D3:07;0;AVIÁRIO MEIO;889,00;17/11/2025;18:46:04;20;1283-20
CO2;1283;CT-CO2-0;1f94f8ad-7171-b062-c0a5-dbf839ac97e9;CD:E6:D3:07;0;AVIÁRIO MEIO;888,00;17/11/2025;18:51:06;20;1283-20
CO2;1283;CT-CO2-0;1f94f8ad-7171-b062-c0a5-dbf839ac97e9;CD:E6:D3:07;0;AVIÁRIO MEIO;880,00;17/11/2025;18:56:38;20;1283-20
CO2;1283;CT-CO2-0;1f94f8ad-7171-b062-c0a5-dbf839ac97e9;CD:E6:D3:07;0;AVIÁRIO MEIO;891,00;17/11/2025;19:02:10;20;1283-20
CO2;1283;CT-CO2-0;1f94f8ad-7171-b062-c0a5-dbf839ac97e9;CD:E6:D3:07;0;AVIÁRIO MEIO;893,00;17/11/2025;19:07:13;20;1283-20
CO2;1283;CT-CO2-0;1f94f8ad-7171-b062-c0a5-dbf839ac97e9;CD:E6:D3:07;0;AVIÁRIO MEIO;903,00;17/11/2025;19:12:45;20;1283-20
CO2;1283;CT-CO2-0;1f94f8ad-7171-b062-c0a5-dbf839ac97e9;CD:E6:D3:07;0;AVIÁRIO MEIO;903,00;17/11/2025;19:18:17;20;1283-20
CO2;1283;CT-CO2-0;1f94f8ad-7171-b062-c0a5-dbf839ac97e9;CD:E6:D3:07;0;AVIÁRIO MEIO;895,00;17/11/2025;19:23:20;20;1283-20
CO2;1283;CT-CO2-0;1f94f8ad-7171-b062-c0a5-dbf839ac97e9;CD:E6:D3:07;0;AVIÁRIO MEIO;890,00;17/11/2025;19:28:51;20;1283-20
CO2;1283;CT-CO2-0;1f94f8ad-7171-b062-c0a5-dbf839ac97e9;CD:E6:D3:07;0;AVIÁRIO MEIO;873,00;17/11/2025;19:34:56;20;1283-20
CO2;1283;CT-CO2-0;1f94f8ad-7171-b062-c0a5-dbf839ac97e9;CD:E6:D3:07;0;AVIÁRIO MEIO;874,00;17/11/2025;19:39:28;20;1283-20
CO2;1283;CT-CO2-0;1f94f8ad-7171-b062-c0a5-dbf839ac97e9;CD:E6:D3:07;0;AVIÁRIO MEIO;876,00;17/11/2025;19:45:01;20;1283-20
CO2;1283;CT-CO2-0;1f94f8ad-7171-b062-c0a5-dbf839ac97e9;CD:E6:D3:07;0;AVIÁRIO MEIO;863,00;17/11/2025;19:50:38;20;1283-20
CO2;1283;CT-CO2-0;1f94f8ad-7171-b062-c0a5-dbf839ac97e9;CD:E6:D3:07;0;AVIÁRIO MEIO;871,00;17/11/2025;19:55:44;20;1283-20
CO2;1283;CT-CO2-0;1f94f8ad-7171-b062-c0a5-dbf839ac97e9;CD:E6:D3:07;0;AVIÁRIO MEIO;867,00;17/11/2025;20:01:18;20;1283-20
CO2;1283;CT-CO2-0;1f94f8ad-7171-b062-c0a5-dbf839ac97e9;CD:E6:D3:07;0;AVIÁRIO MEIO;872,00;17/11/2025;20:06:20;20;1283-20
CO2;1283;CT-CO2-0;1f94f8ad-7171-b062-c0a5-dbf839ac97e9;CD:E6:D3:07;0;AVIÁRIO MEIO;880,00;17/11/2025;20:11:53;20;1283-20
CO2;1283;CT-CO2-0;1f94f8ad-7171-b062-c0a5-dbf839ac97e9;CD:E6:D3:07;0;AVIÁRIO MEIO;892,00;17/11/2025;20:17:25;20;1283-20
CO2;1283;CT-CO2-0;1f94f8ad-7171-b062-c0a5-dbf839ac97e9;CD:E6:D3:07;0;AVIÁRIO MEIO;900,00;17/11/2025;20:22:28;20;1283-20
CO2;1283;CT-CO2-0;1f94f8ad-7171-b062-c0a5-dbf839ac97e9;CD:E6:D3:07;0;AVIÁRIO MEIO;898,00;17/11/2025;20:28:05;20;1283-20
CO2;1283;CT-CO2-0;1f94f8ad-7171-b062-c0a5-dbf839ac97e9;CD:E6:D3:07;0;AVIÁRIO MEIO;911,00;17/11/2025;20:33:07;20;1283-20
CO2;1283;CT-CO2-0;1f94f8ad-7171-b062-c0a5-dbf839ac97e9;CD:E6:D3:07;0;AVIÁRIO MEIO;893,00;17/11/2025;20:38:41;20;1283-20
CO2;1283;CT-CO2-0;1f94f8ad-7171-b062-c0a5-dbf839ac97e9;CD:E6:D3:07;0;AVIÁRIO MEIO;878,00;17/11/2025;20:44:50;20;1283-20
CO2;1283;CT-CO2-0;1f94f8ad-7171-b062-c0a5-dbf839ac97e9;CD:E6:D3:07;0;AVIÁRIO MEIO;878,00;17/11/2025;20:49:22;20;1283-20
CO2;1283;CT-CO2-0;1f94f8ad-7171-b062-c0a5-dbf839ac97e9;CD:E6:D3:07;0;AVIÁRIO MEIO;889,00;17/11/2025;20:54:55;20;1283-20
CO2;1283;CT-CO2-0;1f94f8ad-7171-b062-c0a5-dbf839ac97e9;CD:E6:D3:07;0;AVIÁRIO MEIO;874,00;17/11/2025;21:00:34;20;1283-20
CO2;1283;CT-CO2-0;1f94f8ad-7171-b062-c0a5-dbf839ac97e9;CD:E6:D3:07;0;AVIÁRIO MEIO;883,00;17/11/2025;21:07:07;20;1283-20
CO2;1283;CT-CO2-0;1f94f8ad-7171-b062-c0a5-dbf839ac97e9;CD:E6:D3:07;0;AVIÁRIO MEIO;870,00;17/11/2025;21:12:09;20;1283-20
CO2;1283;CT-CO2-0;1f94f8ad-7171-b062-c0a5-dbf839ac97e9;CD:E6:D3:07;0;AVIÁRIO MEIO;856,00;17/11/2025;21:17:41;20;1283-20
CO2;1283;CT-CO2-0;1f94f8ad-7171-b062-c0a5-dbf839ac97e9;CD:E6:D3:07;0;AVIÁRIO MEIO;870,00;17/11/2025;21:23:15;20;1283-20
CO2;1283;CT-CO2-0;1f94f8ad-7171-b062-c0a5-dbf839ac97e9;CD:E6:D3:07;0;AVIÁRIO MEIO;862,00;17/11/2025;21:28:17;20;1283-20
CO2;1283;CT-CO2-0;1f94f8ad-7171-b062-c0a5-dbf839ac97e9;CD:E6:D3:07;0;AVIÁRIO MEIO;863,00;17/11/2025;21:33:49;20;1283-20
CO2;1283;CT-CO2-0;1f94f8ad-7171-b062-c0a5-dbf839ac97e9;CD:E6:D3:07;0;AVIÁRIO MEIO;866,00;17/11/2025;21:39:21;20;1283-20
CO2;1283;CT-CO2-0;1f94f8ad-7171-b062-c0a5-dbf839ac97e9;CD:E6:D3:07;0;AVIÁRIO MEIO;866,00;17/11/2025;21:44:25;20;1283-20
CO2;1283;CT-CO2-0;1f94f8ad-7171-b062-c0a5-dbf839ac97e9;CD:E6:D3:07;0;AVIÁRIO MEIO;872,00;17/11/2025;21:50:28;20;1283-20
CO2;1283;CT-CO2-0;1f94f8ad-7171-b062-c0a5-dbf839ac97e9;CD:E6:D3:07;0;AVIÁRIO MEIO;848,00;17/11/2025;21:55:33;20;1283-20
CO2;1283;CT-CO2-0;1f94f8ad-7171-b062-c0a5-dbf839ac97e9;CD:E6:D3:07;0;AVIÁRIO MEIO;869,00;17/11/2025;22:00:34;20;1283-20
CO2;1283;CT-CO2-0;1f94f8ad-7171-b062-c0a5-dbf839ac97e9;CD:E6:D3:07;0;AVIÁRIO MEIO;895,00;17/11/2025;22:06:06;20;1283-20
CO2;1283;CT-CO2-0;1f94f8ad-7171-b062-c0a5-dbf839ac97e9;CD:E6:D3:07;0;AVIÁRIO MEIO;888,00;17/11/2025;22:11:38;20;1283-20
CO2;1283;CT-CO2-0;1f94f8ad-7171-b062-c0a5-dbf839ac97e9;CD:E6:D3:07;0;AVIÁRIO MEIO;868,00;17/11/2025;22:16:41;20;1283-20
CO2;1283;CT-CO2-0;1f94f8ad-7171-b062-c0a5-dbf839ac97e9;CD:E6:D3:07;0;AVIÁRIO MEIO;822,00;17/11/2025;22:22:13;20;1283-20
CO2;1283;CT-CO2-0;1f94f8ad-7171-b062-c0a5-dbf839ac97e9;CD:E6:D3:07;0;AVIÁRIO MEIO;806,00;17/11/2025;22:27:45;20;1283-20
CO2;1283;CT-CO2-0;1f94f8ad-7171-b062-c0a5-dbf839ac97e9;CD:E6:D3:07;0;AVIÁRIO MEIO;840,00;17/11/2025;22:32:47;20;1283-20
CO2;1283;CT-CO2-0;1f94f8ad-7171-b062-c0a5-dbf839ac97e9;CD:E6:D3:07;0;AVIÁRIO MEIO;869,00;17/11/2025;22:38:19;20;1283-20
CO2;1283;CT-CO2-0;1f94f8ad-7171-b062-c0a5-dbf839ac97e9;CD:E6:D3:07;0;AVIÁRIO MEIO;856,00;17/11/2025;22:43:53;20;1283-20
CO2;1283;CT-CO2-0;1f94f8ad-7171-b062-c0a5-dbf839ac97e9;CD:E6:D3:07;0;AVIÁRIO MEIO;855,00;17/11/2025;22:48:54;20;1283-20
CO2;1283;CT-CO2-0;1f94f8ad-7171-b062-c0a5-dbf839ac97e9;CD:E6:D3:07;0;AVIÁRIO MEIO;856,00;17/11/2025;22:54:26;20;1283-20
CO2;1283;CT-CO2-0;1f94f8ad-7171-b062-c0a5-dbf839ac97e9;CD:E6:D3:07;0;AVIÁRIO MEIO;851,00;17/11/2025;23:00:31;20;1283-20
CO2;1283;CT-CO2-0;1f94f8ad-7171-b062-c0a5-dbf839ac97e9;CD:E6:D3:07;0;AVIÁRIO MEIO;854,00;17/11/2025;23:05:05;20;1283-20
CO2;1283;CT-CO2-0;1f94f8ad-7171-b062-c0a5-dbf839ac97e9;CD:E6:D3:07;0;AVIÁRIO MEIO;859,00;17/11/2025;23:10:36;20;1283-20
CO2;1283;CT-CO2-0;1f94f8ad-7171-b062-c0a5-dbf839ac97e9;CD:E6:D3:07;0;AVIÁRIO MEIO;846,00;17/11/2025;23:15:38;20;1283-20
CO2;1283;CT-CO2-0;1f94f8ad-7171-b062-c0a5-dbf839ac97e9;CD:E6:D3:07;0;AVIÁRIO MEIO;843,00;17/11/2025;23:21:11;20;1283-20
CO2;1283;CT-CO2-0;1f94f8ad-7171-b062-c0a5-dbf839ac97e9;CD:E6:D3:07;0;AVIÁRIO MEIO;844,00;17/11/2025;23:26:43;20;1283-20
CO2;1283;CT-CO2-0;1f94f8ad-7171-b062-c0a5-dbf839ac97e9;CD:E6:D3:07;0;AVIÁRIO MEIO;842,00;17/11/2025;23:31:45;20;1283-20
CO2;1283;CT-CO2-0;1f94f8ad-7171-b062-c0a5-dbf839ac97e9;CD:E6:D3:07;0;AVIÁRIO MEIO;884,00;17/11/2025;23:37:17;20;1283-20
CO2;1283;CT-CO2-0;1f94f8ad-7171-b062-c0a5-dbf839ac97e9;CD:E6:D3:07;0;AVIÁRIO MEIO;828,00;17/11/2025;23:42:49;20;1283-20
CO2;1283;CT-CO2-0;1f94f8ad-7171-b062-c0a5-dbf839ac97e9;CD:E6:D3:07;0;AVIÁRIO MEIO;814,00;17/11/2025;23:47:51;20;1283-20
CO2;1283;CT-CO2-0;1f94f8ad-7171-b062-c0a5-dbf839ac97e9;CD:E6:D3:07;0;AVIÁRIO MEIO;826,00;17/11/2025;23:53:24;20;1283-20
CO2;1283;CT-CO2-0;1f94f8ad-7171-b062-c0a5-dbf839ac97e9;CD:E6:D3:07;0;AVIÁRIO MEIO;842,00;17/11/2025;23:58:56;20;1283-20
CO2;1283;CT-CO2-0;1f94f8ad-7171-b062-c0a5-dbf839ac97e9;CD:E6:D3:07;0;AVIÁRIO MEIO;833,00;18/11/2025;00:03:59;20;1283-20
CO2;1283;CT-CO2-0;1f94f8ad-7171-b062-c0a5-dbf839ac97e9;CD:E6:D3:07;0;AVIÁRIO MEIO;838,00;18/11/2025;00:10:03;20;1283-20
CO2;1283;CT-CO2-0;1f94f8ad-7171-b062-c0a5-dbf839ac97e9;CD:E6:D3:07;0;AVIÁRIO MEIO;837,00;18/11/2025;00:15:05;20;1283-20
CO2;1283;CT-CO2-0;1f94f8ad-7171-b062-c0a5-dbf839ac97e9;CD:E6:D3:07;0;AVIÁRIO MEIO;824,00;18/11/2025;00:20:38;20;1283-20
CO2;1283;CT-CO2-0;1f94f8ad-7171-b062-c0a5-dbf839ac97e9;CD:E6:D3:07;0;AVIÁRIO MEIO;824,00;18/11/2025;00:25:40;20;1283-20
CO2;1283;CT-CO2-0;1f94f8ad-7171-b062-c0a5-dbf839ac97e9;CD:E6:D3:07;0;AVIÁRIO MEIO;846,00;18/11/2025;00:31:12;20;1283-20
CO2;1283;CT-CO2-0;1f94f8ad-7171-b062-c0a5-dbf839ac97e9;CD:E6:D3:07;0;AVIÁRIO MEIO;829,00;18/11/2025;00:36:14;20;1283-20
CO2;1283;CT-CO2-0;1f94f8ad-7171-b062-c0a5-dbf839ac97e9;CD:E6:D3:07;0;AVIÁRIO MEIO;860,00;18/11/2025;00:41:45;20;1283-20
CO2;1283;CT-CO2-0;1f94f8ad-7171-b062-c0a5-dbf839ac97e9;CD:E6:D3:07;0;AVIÁRIO MEIO;817,00;18/11/2025;00:47:17;20;1283-20
CO2;1283;CT-CO2-0;1f94f8ad-7171-b062-c0a5-dbf839ac97e9;CD:E6:D3:07;0;AVIÁRIO MEIO;839,00;18/11/2025;00:52:19;20;1283-20
CO2;1283;CT-CO2-0;1f94f8ad-7171-b062-c0a5-dbf839ac97e9;CD:E6:D3:07;0;AVIÁRIO MEIO;838,00;18/11/2025;00:57:50;20;1283-20
CO2;1283;CT-CO2-0;1f94f8ad-7171-b062-c0a5-dbf839ac97e9;CD:E6:D3:07;0;AVIÁRIO MEIO;833,00;18/11/2025;01:03:23;20;1283-20
CO2;1283;CT-CO2-0;1f94f8ad-7171-b062-c0a5-dbf839ac97e9;CD:E6:D3:07;0;AVIÁRIO MEIO;829,00;18/11/2025;01:08:25;20;1283-20
CO2;1283;CT-CO2-0;1f94f8ad-7171-b062-c0a5-dbf839ac97e9;CD:E6:D3:07;0;AVIÁRIO MEIO;825,00;18/11/2025;01:14:03;20;1283-20
CO2;1283;CT-CO2-0;1f94f8ad-7171-b062-c0a5-dbf839ac97e9;CD:E6:D3:07;0;AVIÁRIO MEIO;808,00;18/11/2025;01:20:07;20;1283-20
CO2;1283;CT-CO2-0;1f94f8ad-7171-b062-c0a5-dbf839ac97e9;CD:E6:D3:07;0;AVIÁRIO MEIO;815,00;18/11/2025;01:26:04;20;1283-20
CO2;1283;CT-CO2-0;1f94f8ad-7171-b062-c0a5-dbf839ac97e9;CD:E6:D3:07;0;AVIÁRIO MEIO;817,00;18/11/2025;01:30:05;20;1283-20
CO2;1283;CT-CO2-0;1f94f8ad-7171-b062-c0a5-dbf839ac97e9;CD:E6:D3:07;0;AVIÁRIO MEIO;826,00;18/11/2025;01:35:37;20;1283-20
CO2;1283;CT-CO2-0;1f94f8ad-7171-b062-c0a5-dbf839ac97e9;CD:E6:D3:07;0;AVIÁRIO MEIO;826,00;18/11/2025;01:40:39;20;1283-20
CO2;1283;CT-CO2-0;1f94f8ad-7171-b062-c0a5-dbf839ac97e9;CD:E6:D3:07;0;AVIÁRIO MEIO;824,00;18/11/2025;01:46:11;20;1283-20
CO2;1283;CT-CO2-0;1f94f8ad-7171-b062-c0a5-dbf839ac97e9;CD:E6:D3:07;0;AVIÁRIO MEIO;817,00;18/11/2025;01:51:43;20;1283-20
CO2;1283;CT-CO2-0;1f94f8ad-7171-b062-c0a5-dbf839ac97e9;CD:E6:D3:07;0;AVIÁRIO MEIO;840,00;18/11/2025;01:56:45;20;1283-20
CO2;1283;CT-CO2-0;1f94f8ad-7171-b062-c0a5-dbf839ac97e9;CD:E6:D3:07;0;AVIÁRIO MEIO;830,00;18/11/2025;02:02:17;20;1283-20
CO2;1283;CT-CO2-0;1f94f8ad-7171-b062-c0a5-dbf839ac97e9;CD:E6:D3:07;0;AVIÁRIO MEIO;836,00;18/11/2025;02:08:04;20;1283-20
CO2;1283;CT-CO2-0;1f94f8ad-7171-b062-c0a5-dbf839ac97e9;CD:E6:D3:07;0;AVIÁRIO MEIO;825,00;18/11/2025;02:15:30;20;1283-20
CO2;1283;CT-CO2-0;1f94f8ad-7171-b062-c0a5-dbf839ac97e9;CD:E6:D3:07;0;AVIÁRIO MEIO;830,00;18/11/2025;02:37:52;20;1283-20
CO2;1283;CT-CO2-0;1f94f8ad-7171-b062-c0a5-dbf839ac97e9;CD:E6:D3:07;0;AVIÁRIO MEIO;849,00;18/11/2025;02:39:58;20;1283-20
CO2;1283;CT-CO2-0;1f94f8ad-7171-b062-c0a5-dbf839ac97e9;CD:E6:D3:07;0;AVIÁRIO MEIO;850,00;18/11/2025;02:45:36;20;1283-20
CO2;1283;CT-CO2-0;1f94f8ad-7171-b062-c0a5-dbf839ac97e9;CD:E6:D3:07;0;AVIÁRIO MEIO;832,00;18/11/2025;02:50:38;20;1283-20
CO2;1283;CT-CO2-0;1f94f8ad-7171-b062-c0a5-dbf839ac97e9;CD:E6:D3:07;0;AVIÁRIO MEIO;834,00;18/11/2025;02:56:11;20;1283-20
CO2;1283;CT-CO2-0;1f94f8ad-7171-b062-c0a5-dbf839ac97e9;CD:E6:D3:07;0;AVIÁRIO MEIO;835,00;18/11/2025;03:01:12;20;1283-20
CO2;1283;CT-CO2-0;1f94f8ad-7171-b062-c0a5-dbf839ac97e9;CD:E6:D3:07;0;AVIÁRIO MEIO;853,00;18/11/2025;03:06:45;20;1283-20
CO2;1283;CT-CO2-0;1f94f8ad-7171-b062-c0a5-dbf839ac97e9;CD:E6:D3:07;0;AVIÁRIO MEIO;844,00;18/11/2025;03:12:17;20;1283-20
CO2;1283;CT-CO2-0;1f94f8ad-7171-b062-c0a5-dbf839ac97e9;CD:E6:D3:07;0;AVIÁRIO MEIO;848,00;18/11/2025;03:17:19;20;1283-20
CO2;1283;CT-CO2-0;1f94f8ad-7171-b062-c0a5-dbf839ac97e9;CD:E6:D3:07;0;AVIÁRIO MEIO;831,00;18/11/2025;03:22:51;20;1283-20
CO2;1283;CT-CO2-0;1f94f8ad-7171-b062-c0a5-dbf839ac97e9;CD:E6:D3:07;0;AVIÁRIO MEIO;839,00;18/11/2025;03:28:22;20;1283-20
CO2;1283;CT-CO2-0;1f94f8ad-7171-b062-c0a5-dbf839ac97e9;CD:E6:D3:07;0;AVIÁRIO MEIO;830,00;18/11/2025;03:33:25;20;1283-20
CO2;1283;CT-CO2-0;1f94f8ad-7171-b062-c0a5-dbf839ac97e9;CD:E6:D3:07;0;AVIÁRIO MEIO;840,00;18/11/2025;03:38:57;20;1283-20
CO2;1283;CT-CO2-0;1f94f8ad-7171-b062-c0a5-dbf839ac97e9;CD:E6:D3:07;0;AVIÁRIO MEIO;844,00;18/11/2025;03:45:01;20;1283-20
CO2;1283;CT-CO2-0;1f94f8ad-7171-b062-c0a5-dbf839ac97e9;CD:E6:D3:07;0;AVIÁRIO MEIO;833,00;18/11/2025;03:49:33;20;1283-20
CO2;1283;CT-CO2-0;1f94f8ad-7171-b062-c0a5-dbf839ac97e9;CD:E6:D3:07;0;AVIÁRIO MEIO;857,00;18/11/2025;03:55:06;20;1283-20
CO2;1283;CT-CO2-0;1f94f8ad-7171-b062-c0a5-dbf839ac97e9;CD:E6:D3:07;0;AVIÁRIO MEIO;819,00;18/11/2025;04:00:38;20;1283-20
CO2;1283;CT-CO2-0;1f94f8ad-7171-b062-c0a5-dbf839ac97e9;CD:E6:D3:07;0;AVIÁRIO MEIO;816,00;18/11/2025;04:05:39;20;1283-20
CO2;1283;CT-CO2-0;1f94f8ad-7171-b062-c0a5-dbf839ac97e9;CD:E6:D3:07;0;AVIÁRIO MEIO;816,00;18/11/2025;04:11:11;20;1283-20
CO2;1283;CT-CO2-0;1f94f8ad-7171-b062-c0a5-dbf839ac97e9;CD:E6:D3:07;0;AVIÁRIO MEIO;816,00;18/11/2025;04:16:45;20;1283-20
CO2;1283;CT-CO2-0;1f94f8ad-7171-b062-c0a5-dbf839ac97e9;CD:E6:D3:07;0;AVIÁRIO MEIO;816,00;18/11/2025;04:21:47;20;1283-20
CO2;1283;CT-CO2-0;1f94f8ad-7171-b062-c0a5-dbf839ac97e9;CD:E6:D3:07;0;AVIÁRIO MEIO;816,00;18/11/2025;04:27:19;20;1283-20
CO2;1283;CT-CO2-0;1f94f8ad-7171-b062-c0a5-dbf839ac97e9;CD:E6:D3:07;0;AVIÁRIO MEIO;792,00;18/11/2025;04:32:51;20;1283-20
CO2;1283;CT-CO2-0;1f94f8ad-7171-b062-c0a5-dbf839ac97e9;CD:E6:D3:07;0;AVIÁRIO MEIO;813,00;18/11/2025;04:37:53;20;1283-20
CO2;1283;CT-CO2-0;1f94f8ad-7171-b062-c0a5-dbf839ac97e9;CD:E6:D3:07;0;AVIÁRIO MEIO;812,00;18/11/2025;04:43:25;20;1283-20
CO2;1283;CT-CO2-0;1f94f8ad-7171-b062-c0a5-dbf839ac97e9;CD:E6:D3:07;0;AVIÁRIO MEIO;806,00;18/11/2025;04:48:57;20;1283-20
CO2;1283;CT-CO2-0;1f94f8ad-7171-b062-c0a5-dbf839ac97e9;CD:E6:D3:07;0;AVIÁRIO MEIO;820,00;18/11/2025;04:54:29;20;1283-20
CO2;1283;CT-CO2-0;1f94f8ad-7171-b062-c0a5-dbf839ac97e9;CD:E6:D3:07;0;AVIÁRIO MEIO;820,00;18/11/2025;04:59:31;20;1283-20
CO2;1283;CT-CO2-0;1f94f8ad-7171-b062-c0a5-dbf839ac97e9;CD:E6:D3:07;0;AVIÁRIO MEIO;817,00;18/11/2025;05:05:03;20;1283-20
CO2;1283;CT-CO2-0;1f94f8ad-7171-b062-c0a5-dbf839ac97e9;CD:E6:D3:07;0;AVIÁRIO MEIO;819,00;18/11/2025;05:10:05;20;1283-20
CO2;1283;CT-CO2-0;1f94f8ad-7171-b062-c0a5-dbf839ac97e9;CD:E6:D3:07;0;AVIÁRIO MEIO;817,00;18/11/2025;05:15:37;20;1283-20
CO2;1283;CT-CO2-0;1f94f8ad-7171-b062-c0a5-dbf839ac97e9;CD:E6:D3:07;0;AVIÁRIO MEIO;812,00;18/11/2025;05:21:09;20;1283-20
CO2;1283;CT-CO2-0;1f94f8ad-7171-b062-c0a5-dbf839ac97e9;CD:E6:D3:07;0;AVIÁRIO MEIO;810,00;18/11/2025;05:26:11;20;1283-20
CO2;1283;CT-CO2-0;1f94f8ad-7171-b062-c0a5-dbf839ac97e9;CD:E6:D3:07;0;AVIÁRIO MEIO;813,00;18/11/2025;05:31:43;20;1283-20
CO2;1283;CT-CO2-0;1f94f8ad-7171-b062-c0a5-dbf839ac97e9;CD:E6:D3:07;0;AVIÁRIO MEIO;816,00;18/11/2025;05:37:15;20;1283-20
CO2;1283;CT-CO2-0;1f94f8ad-7171-b062-c0a5-dbf839ac97e9;CD:E6:D3:07;0;AVIÁRIO MEIO;813,00;18/11/2025;05:42:17;20;1283-20
CO2;1283;CT-CO2-0;1f94f8ad-7171-b062-c0a5-dbf839ac97e9;CD:E6:D3:07;0;AVIÁRIO MEIO;826,00;18/11/2025;05:47:49;20;1283-20
CO2;1283;CT-CO2-0;1f94f8ad-7171-b062-c0a5-dbf839ac97e9;CD:E6:D3:07;0;AVIÁRIO MEIO;824,00;18/11/2025;05:53:21;20;1283-20
CO2;1283;CT-CO2-0;1f94f8ad-7171-b062-c0a5-dbf839ac97e9;CD:E6:D3:07;0;AVIÁRIO MEIO;827,00;18/11/2025;05:58:23;20;1283-20
CO2;1283;CT-CO2-0;1f94f8ad-7171-b062-c0a5-dbf839ac97e9;CD:E6:D3:07;0;AVIÁRIO MEIO;824,00;18/11/2025;06:04:27;20;1283-20
CO2;1283;CT-CO2-0;1f94f8ad-7171-b062-c0a5-dbf839ac97e9;CD:E6:D3:07;0;AVIÁRIO MEIO;831,00;18/11/2025;06:09:29;20;1283-20
CO2;1283;CT-CO2-0;1f94f8ad-7171-b062-c0a5-dbf839ac97e9;CD:E6:D3:07;0;AVIÁRIO MEIO;815,00;18/11/2025;06:14:30;20;1283-20
CO2;1283;CT-CO2-0;1f94f8ad-7171-b062-c0a5-dbf839ac97e9;CD:E6:D3:07;0;AVIÁRIO MEIO;829,00;18/11/2025;06:20:02;20;1283-20
CO2;1283;CT-CO2-0;1f94f8ad-7171-b062-c0a5-dbf839ac97e9;CD:E6:D3:07;0;AVIÁRIO MEIO;834,00;18/11/2025;06:25:34;20;1283-20
CO2;1283;CT-CO2-0;1f94f8ad-7171-b062-c0a5-dbf839ac97e9;CD:E6:D3:07;0;AVIÁRIO MEIO;836,00;18/11/2025;06:30:36;20;1283-20
CO2;1283;CT-CO2-0;1f94f8ad-7171-b062-c0a5-dbf839ac97e9;CD:E6:D3:07;0;AVIÁRIO MEIO;834,00;18/11/2025;06:36:08;20;1283-20
CO2;1283;CT-CO2-0;1f94f8ad-7171-b062-c0a5-dbf839ac97e9;CD:E6:D3:07;0;AVIÁRIO MEIO;835,00;18/11/2025;06:41:41;20;1283-20
CO2;1283;CT-CO2-0;1f94f8ad-7171-b062-c0a5-dbf839ac97e9;CD:E6:D3:07;0;AVIÁRIO MEIO;871,00;18/11/2025;06:46:43;20;1283-20
CO2;1283;CT-CO2-0;1f94f8ad-7171-b062-c0a5-dbf839ac97e9;CD:E6:D3:07;0;AVIÁRIO MEIO;862,00;18/11/2025;06:52:15;20;1283-20
CO2;1283;CT-CO2-0;1f94f8ad-7171-b062-c0a5-dbf839ac97e9;CD:E6:D3:07;0;AVIÁRIO MEIO;886,00;18/11/2025;06:57:48;20;1283-20
CO2;1283;CT-CO2-0;1f94f8ad-7171-b062-c0a5-dbf839ac97e9;CD:E6:D3:07;0;AVIÁRIO MEIO;926,00;18/11/2025;07:02:50;20;1283-20
CO2;1283;CT-CO2-0;1f94f8ad-7171-b062-c0a5-dbf839ac97e9;CD:E6:D3:07;0;AVIÁRIO MEIO;873,00;18/11/2025;07:08:24;20;1283-20
CO2;1283;CT-CO2-0;1f94f8ad-7171-b062-c0a5-dbf839ac97e9;CD:E6:D3:07;0;AVIÁRIO MEIO;857,00;18/11/2025;07:19:03;20;1283-20
CO2;1283;CT-CO2-0;1f94f8ad-7171-b062-c0a5-dbf839ac97e9;CD:E6:D3:07;0;AVIÁRIO MEIO;874,00;18/11/2025;07:24:35;20;1283-20
CO2;1283;CT-CO2-0;1f94f8ad-7171-b062-c0a5-dbf839ac97e9;CD:E6:D3:07;0;AVIÁRIO MEIO;873,00;18/11/2025;07:30:06;20;1283-20
CO2;1283;CT-CO2-0;1f94f8ad-7171-b062-c0a5-dbf839ac97e9;CD:E6:D3:07;0;AVIÁRIO MEIO;891,00;18/11/2025;07:35:08;20;1283-20
CO2;1283;CT-CO2-0;1f94f8ad-7171-b062-c0a5-dbf839ac97e9;CD:E6:D3:07;0;AVIÁRIO MEIO;890,00;18/11/2025;07:40:41;20;1283-20
CO2;1283;CT-CO2-0;1f94f8ad-7171-b062-c0a5-dbf839ac97e9;CD:E6:D3:07;0;AVIÁRIO MEIO;886,00;18/11/2025;07:46:14;20;1283-20
CO2;1283;CT-CO2-0;1f94f8ad-7171-b062-c0a5-dbf839ac97e9;CD:E6:D3:07;0;AVIÁRIO MEIO;881,00;18/11/2025;07:51:17;20;1283-20
CO2;1283;CT-CO2-0;1f94f8ad-7171-b062-c0a5-dbf839ac97e9;CD:E6:D3:07;0;AVIÁRIO MEIO;858,00;18/11/2025;07:56:48;20;1283-20
CO2;1283;CT-CO2-0;1f94f8ad-7171-b062-c0a5-dbf839ac97e9;CD:E6:D3:07;0;AVIÁRIO MEIO;881,00;18/11/2025;08:02:21;20;1283-20
CO2;1283;CT-CO2-0;1f94f8ad-7171-b062-c0a5-dbf839ac97e9;CD:E6:D3:07;0;AVIÁRIO MEIO;891,00;18/11/2025;08:07:22;20;1283-20
CO2;1283;CT-CO2-0;1f94f8ad-7171-b062-c0a5-dbf839ac97e9;CD:E6:D3:07;0;AVIÁRIO MEIO;882,00;18/11/2025;08:12:56;20;1283-20
CO2;1283;CT-CO2-0;1f94f8ad-7171-b062-c0a5-dbf839ac97e9;CD:E6:D3:07;0;AVIÁRIO MEIO;882,00;18/11/2025;08:18:27;20;1283-20
CO2;1283;CT-CO2-0;1f94f8ad-7171-b062-c0a5-dbf839ac97e9;CD:E6:D3:07;0;AVIÁRIO MEIO;883,00;18/11/2025;08:24:00;20;1283-20
CO2;1283;CT-CO2-0;1f94f8ad-7171-b062-c0a5-dbf839ac97e9;CD:E6:D3:07;0;AVIÁRIO MEIO;893,00;18/11/2025;08:29:02;20;1283-20
CO2;1283;CT-CO2-0;1f94f8ad-7171-b062-c0a5-dbf839ac97e9;CD:E6:D3:07;0;AVIÁRIO MEIO;891,00;18/11/2025;08:34:34;20;1283-20
CO2;1283;CT-CO2-0;1f94f8ad-7171-b062-c0a5-dbf839ac97e9;CD:E6:D3:07;0;AVIÁRIO MEIO;878,00;18/11/2025;08:39:36;20;1283-20
CO2;1283;CT-CO2-0;1f94f8ad-7171-b062-c0a5-dbf839ac97e9;CD:E6:D3:07;0;AVIÁRIO MEIO;885,00;18/11/2025;08:45:08;20;1283-20
CO2;1283;CT-CO2-0;1f94f8ad-7171-b062-c0a5-dbf839ac97e9;CD:E6:D3:07;0;AVIÁRIO MEIO;900,00;18/11/2025;08:50:41;20;1283-20
CO2;1283;CT-CO2-0;1f94f8ad-7171-b062-c0a5-dbf839ac97e9;CD:E6:D3:07;0;AVIÁRIO MEIO;886,00;18/11/2025;08:55:43;20;1283-20
CO2;1283;CT-CO2-0;1f94f8ad-7171-b062-c0a5-dbf839ac97e9;CD:E6:D3:07;0;AVIÁRIO MEIO;901,00;18/11/2025;09:01:15;20;1283-20
CO2;1283;CT-CO2-0;1f94f8ad-7171-b062-c0a5-dbf839ac97e9;CD:E6:D3:07;0;AVIÁRIO MEIO;875,00;18/11/2025;09:06:47;20;1283-20
CO2;1283;CT-CO2-0;1f94f8ad-7171-b062-c0a5-dbf839ac97e9;CD:E6:D3:07;0;AVIÁRIO MEIO;874,00;18/11/2025;09:11:49;20;1283-20
CO2;1283;CT-CO2-0;1f94f8ad-7171-b062-c0a5-dbf839ac97e9;CD:E6:D3:07;0;AVIÁRIO MEIO;882,00;18/11/2025;09:17:21;20;1283-20
CO2;1283;CT-CO2-0;1f94f8ad-7171-b062-c0a5-dbf839ac97e9;CD:E6:D3:07;0;AVIÁRIO MEIO;897,00;18/11/2025;09:22:53;20;1283-20
CO2;1283;CT-CO2-0;1f94f8ad-7171-b062-c0a5-dbf839ac97e9;CD:E6:D3:07;0;AVIÁRIO MEIO;883,00;18/11/2025;09:27:55;20;1283-20
CO2;1283;CT-CO2-0;1f94f8ad-7171-b062-c0a5-dbf839ac97e9;CD:E6:D3:07;0;AVIÁRIO MEIO;969,00;18/11/2025;09:33:58;20;1283-20
CO2;1283;CT-CO2-0;1f94f8ad-7171-b062-c0a5-dbf839ac97e9;CD:E6:D3:07;0;AVIÁRIO MEIO;876,00;18/11/2025;09:39:00;20;1283-20
CO2;1283;CT-CO2-0;1f94f8ad-7171-b062-c0a5-dbf839ac97e9;CD:E6:D3:07;0;AVIÁRIO MEIO;901,00;18/11/2025;09:44:03;20;1283-20
CO2;1283;CT-CO2-0;1f94f8ad-7171-b062-c0a5-dbf839ac97e9;CD:E6:D3:07;0;AVIÁRIO MEIO;907,00;18/11/2025;09:49:34;20;1283-20
CO2;1283;CT-CO2-0;1f94f8ad-7171-b062-c0a5-dbf839ac97e9;CD:E6:D3:07;0;AVIÁRIO MEIO;876,00;18/11/2025;09:55:06;20;1283-20
CO2;1283;CT-CO2-0;1f94f8ad-7171-b062-c0a5-dbf839ac97e9;CD:E6:D3:07;0;AVIÁRIO MEIO;880,00;18/11/2025;10:00:09;20;1283-20
CO2;1283;CT-CO2-0;1f94f8ad-7171-b062-c0a5-dbf839ac97e9;CD:E6:D3:07;0;AVIÁRIO MEIO;879,00;18/11/2025;10:05:40;20;1283-20
CO2;1283;CT-CO2-0;1f94f8ad-7171-b062-c0a5-dbf839ac97e9;CD:E6:D3:07;0;AVIÁRIO MEIO;876,00;18/11/2025;10:11:17;20;1283-20
CO2;1283;CT-CO2-0;1f94f8ad-7171-b062-c0a5-dbf839ac97e9;CD:E6:D3:07;0;AVIÁRIO MEIO;878,00;18/11/2025;10:16:20;20;1283-20
CO2;1283;CT-CO2-0;1f94f8ad-7171-b062-c0a5-dbf839ac97e9;CD:E6:D3:07;0;AVIÁRIO MEIO;851,00;18/11/2025;10:21:52;20;1283-20
CO2;1283;CT-CO2-0;1f94f8ad-7171-b062-c0a5-dbf839ac97e9;CD:E6:D3:07;0;AVIÁRIO MEIO;858,00;18/11/2025;10:26:54;20;1283-20
CO2;1283;CT-CO2-0;1f94f8ad-7171-b062-c0a5-dbf839ac97e9;CD:E6:D3:07;0;AVIÁRIO MEIO;872,00;18/11/2025;10:32:26;20;1283-20
CO2;1283;CT-CO2-0;1f94f8ad-7171-b062-c0a5-dbf839ac97e9;CD:E6:D3:07;0;AVIÁRIO MEIO;845,00;18/11/2025;10:37:58;20;1283-20
CO2;1283;CT-CO2-0;1f94f8ad-7171-b062-c0a5-dbf839ac97e9;CD:E6:D3:07;0;AVIÁRIO MEIO;839,00;18/11/2025;10:43:33;20;1283-20
CO2;1283;CT-CO2-0;1f94f8ad-7171-b062-c0a5-dbf839ac97e9;CD:E6:D3:07;0;AVIÁRIO MEIO;843,00;18/11/2025;10:48:35;20;1283-20
CO2;1283;CT-CO2-0;1f94f8ad-7171-b062-c0a5-dbf839ac97e9;CD:E6:D3:07;0;AVIÁRIO MEIO;886,00;18/11/2025;10:54:07;20;1283-20
CO2;1283;CT-CO2-0;1f94f8ad-7171-b062-c0a5-dbf839ac97e9;CD:E6:D3:07;0;AVIÁRIO MEIO;839,00;18/11/2025;10:59:15;20;1283-20
CO2;1283;CT-CO2-0;1f94f8ad-7171-b062-c0a5-dbf839ac97e9;CD:E6:D3:07;0;AVIÁRIO MEIO;852,00;18/11/2025;11:04:47;20;1283-20
CO2;1283;CT-CO2-0;1f94f8ad-7171-b062-c0a5-dbf839ac97e9;CD:E6:D3:07;0;AVIÁRIO MEIO;815,00;18/11/2025;11:10:20;20;1283-20
CO2;1283;CT-CO2-0;1f94f8ad-7171-b062-c0a5-dbf839ac97e9;CD:E6:D3:07;0;AVIÁRIO MEIO;796,00;18/11/2025;11:15:22;20;1283-20
CO2;1283;CT-CO2-0;1f94f8ad-7171-b062-c0a5-dbf839ac97e9;CD:E6:D3:07;0;AVIÁRIO MEIO;798,00;18/11/2025;11:20:58;20;1283-20
CO2;1283;CT-CO2-0;1f94f8ad-7171-b062-c0a5-dbf839ac97e9;CD:E6:D3:07;0;AVIÁRIO MEIO;806,00;18/11/2025;11:26:00;20;1283-20
CO2;1283;CT-CO2-0;1f94f8ad-7171-b062-c0a5-dbf839ac97e9;CD:E6:D3:07;0;AVIÁRIO MEIO;793,00;18/11/2025;11:31:32;20;1283-20
CO2;1283;CT-CO2-0;1f94f8ad-7171-b062-c0a5-dbf839ac97e9;CD:E6:D3:07;0;AVIÁRIO MEIO;849,00;18/11/2025;11:37:05;20;1283-20
CO2;1283;CT-CO2-0;1f94f8ad-7171-b062-c0a5-dbf839ac97e9;CD:E6:D3:07;0;AVIÁRIO MEIO;846,00;18/11/2025;11:42:06;20;1283-20
CO2;1283;CT-CO2-0;1f94f8ad-7171-b062-c0a5-dbf839ac97e9;CD:E6:D3:07;0;AVIÁRIO MEIO;777,00;18/11/2025;11:47:38;20;1283-20
CO2;1283;CT-CO2-0;1f94f8ad-7171-b062-c0a5-dbf839ac97e9;CD:E6:D3:07;0;AVIÁRIO MEIO;820,00;18/11/2025;11:53:42;20;1283-20
CO2;1283;CT-CO2-0;1f94f8ad-7171-b062-c0a5-dbf839ac97e9;CD:E6:D3:07;0;AVIÁRIO MEIO;857,00;18/11/2025;11:58:19;20;1283-20
CO2;1283;CT-CO2-0;1f94f8ad-7171-b062-c0a5-dbf839ac97e9;CD:E6:D3:07;0;AVIÁRIO MEIO;837,00;18/11/2025;12:03:51;20;1283-20
CO2;1283;CT-CO2-0;1f94f8ad-7171-b062-c0a5-dbf839ac97e9;CD:E6:D3:07;0;AVIÁRIO MEIO;821,00;18/11/2025;12:09:23;20;1283-20
CO2;1283;CT-CO2-0;1f94f8ad-7171-b062-c0a5-dbf839ac97e9;CD:E6:D3:07;0;AVIÁRIO MEIO;798,00;18/11/2025;12:14:26;20;1283-20
CO2;1283;CT-CO2-0;1f94f8ad-7171-b062-c0a5-dbf839ac97e9;CD:E6:D3:07;0;AVIÁRIO MEIO;815,00;18/11/2025;12:19:58;20;1283-20
CO2;1283;CT-CO2-0;1f94f8ad-7171-b062-c0a5-dbf839ac97e9;CD:E6:D3:07;0;AVIÁRIO MEIO;839,00;18/11/2025;12:25:30;20;1283-20
CO2;1283;CT-CO2-0;1f94f8ad-7171-b062-c0a5-dbf839ac97e9;CD:E6:D3:07;0;AVIÁRIO MEIO;801,00;18/11/2025;12:30:32;20;1283-20
CO2;1283;CT-CO2-0;1f94f8ad-7171-b062-c0a5-dbf839ac97e9;CD:E6:D3:07;0;AVIÁRIO MEIO;775,00;18/11/2025;12:36:04;20;1283-20
CO2;1283;CT-CO2-0;1f94f8ad-7171-b062-c0a5-dbf839ac97e9;CD:E6:D3:07;0;AVIÁRIO MEIO;766,00;18/11/2025;12:41:42;20;1283-20
CO2;1283;CT-CO2-0;1f94f8ad-7171-b062-c0a5-dbf839ac97e9;CD:E6:D3:07;0;AVIÁRIO MEIO;777,00;18/11/2025;12:46:44;20;1283-20
CO2;1283;CT-CO2-0;1f94f8ad-7171-b062-c0a5-dbf839ac97e9;CD:E6:D3:07;0;AVIÁRIO MEIO;761,00;18/11/2025;12:52:16;20;1283-20
CO2;1283;CT-CO2-0;1f94f8ad-7171-b062-c0a5-dbf839ac97e9;CD:E6:D3:07;0;AVIÁRIO MEIO;777,00;18/11/2025;12:57:18;20;1283-20
CO2;1283;CT-CO2-0;1f94f8ad-7171-b062-c0a5-dbf839ac97e9;CD:E6:D3:07;0;AVIÁRIO MEIO;778,00;18/11/2025;13:03:23;20;1283-20
CO2;1283;CT-CO2-0;1f94f8ad-7171-b062-c0a5-dbf839ac97e9;CD:E6:D3:07;0;AVIÁRIO MEIO;795,00;18/11/2025;13:08:26;20;1283-20
CO2;1283;CT-CO2-0;1f94f8ad-7171-b062-c0a5-dbf839ac97e9;CD:E6:D3:07;0;AVIÁRIO MEIO;771,00;18/11/2025;13:13:28;20;1283-20
CO2;1283;CT-CO2-0;1f94f8ad-7171-b062-c0a5-dbf839ac97e9;CD:E6:D3:07;0;AVIÁRIO MEIO;785,00;18/11/2025;13:19:01;20;1283-20
CO2;1283;CT-CO2-0;1f94f8ad-7171-b062-c0a5-dbf839ac97e9;CD:E6:D3:07;0;AVIÁRIO MEIO;780,00;18/11/2025;13:24:34;20;1283-20
CO2;1283;CT-CO2-0;1f94f8ad-7171-b062-c0a5-dbf839ac97e9;CD:E6:D3:07;0;AVIÁRIO MEIO;771,00;18/11/2025;13:29:36;20;1283-20
CO2;1283;CT-CO2-0;1f94f8ad-7171-b062-c0a5-dbf839ac97e9;CD:E6:D3:07;0;AVIÁRIO MEIO;775,00;18/11/2025;13:35:09;20;1283-20
CO2;1283;CT-CO2-0;1f94f8ad-7171-b062-c0a5-dbf839ac97e9;CD:E6:D3:07;0;AVIÁRIO MEIO;778,00;18/11/2025;13:40:41;20;1283-20
CO2;1283;CT-CO2-0;1f94f8ad-7171-b062-c0a5-dbf839ac97e9;CD:E6:D3:07;0;AVIÁRIO MEIO;771,00;18/11/2025;13:45:43;20;1283-20
CO2;1283;CT-CO2-0;1f94f8ad-7171-b062-c0a5-dbf839ac97e9;CD:E6:D3:07;0;AVIÁRIO MEIO;772,00;18/11/2025;13:51:15;20;1283-20
CO2;1283;CT-CO2-0;1f94f8ad-7171-b062-c0a5-dbf839ac97e9;CD:E6:D3:07;0;AVIÁRIO MEIO;764,00;18/11/2025;13:56:46;20;1283-20
CO2;1283;CT-CO2-0;1f94f8ad-7171-b062-c0a5-dbf839ac97e9;CD:E6:D3:07;0;AVIÁRIO MEIO;764,00;18/11/2025;14:01:48;20;1283-20
CO2;1283;CT-CO2-0;1f94f8ad-7171-b062-c0a5-dbf839ac97e9;CD:E6:D3:07;0;AVIÁRIO MEIO;777,00;18/11/2025;14:07:21;20;1283-20
CO2;1283;CT-CO2-0;1f94f8ad-7171-b062-c0a5-dbf839ac97e9;CD:E6:D3:07;0;AVIÁRIO MEIO;780,00;18/11/2025;14:13:25;20;1283-20
CO2;1283;CT-CO2-0;1f94f8ad-7171-b062-c0a5-dbf839ac97e9;CD:E6:D3:07;0;AVIÁRIO MEIO;770,00;18/11/2025;14:17:59;20;1283-20
CO2;1283;CT-CO2-0;1f94f8ad-7171-b062-c0a5-dbf839ac97e9;CD:E6:D3:07;0;AVIÁRIO MEIO;742,00;18/11/2025;14:23:31;20;1283-20
CO2;1283;CT-CO2-0;1f94f8ad-7171-b062-c0a5-dbf839ac97e9;CD:E6:D3:07;0;AVIÁRIO MEIO;678,00;18/11/2025;14:28:33;20;1283-20
CO2;1283;CT-CO2-0;1f94f8ad-7171-b062-c0a5-dbf839ac97e9;CD:E6:D3:07;0;AVIÁRIO MEIO;646,00;18/11/2025;14:34:05;20;1283-20
CO2;1283;CT-CO2-0;1f94f8ad-7171-b062-c0a5-dbf839ac97e9;CD:E6:D3:07;0;AVIÁRIO MEIO;652,00;18/11/2025;14:39:43;20;1283-20
CO2;1283;CT-CO2-0;1f94f8ad-7171-b062-c0a5-dbf839ac97e9;CD:E6:D3:07;0;AVIÁRIO MEIO;633,00;18/11/2025;15:28:06;20;1283-20
CO2;1283;CT-CO2-0;1f94f8ad-7171-b062-c0a5-dbf839ac97e9;CD:E6:D3:07;0;AVIÁRIO MEIO;634,00;18/11/2025;15:33:08;20;1283-20
CO2;1283;CT-CO2-0;1f94f8ad-7171-b062-c0a5-dbf839ac97e9;CD:E6:D3:07;0;AVIÁRIO MEIO;647,00;18/11/2025;15:38:40;20;1283-20
CO2;1283;CT-CO2-0;1f94f8ad-7171-b062-c0a5-dbf839ac97e9;CD:E6:D3:07;0;AVIÁRIO MEIO;671,00;18/11/2025;15:44:16;20;1283-20
CO2;1283;CT-CO2-0;1f94f8ad-7171-b062-c0a5-dbf839ac97e9;CD:E6:D3:07;0;AVIÁRIO MEIO;733,00;18/11/2025;15:49:19;20;1283-20
CO2;1283;CT-CO2-0;1f94f8ad-7171-b062-c0a5-dbf839ac97e9;CD:E6:D3:07;0;AVIÁRIO MEIO;749,00;18/11/2025;15:54:51;20;1283-20
CO2;1283;CT-CO2-0;1f94f8ad-7171-b062-c0a5-dbf839ac97e9;CD:E6:D3:07;0;AVIÁRIO MEIO;752,00;18/11/2025;15:59:53;20;1283-20
CO2;1283;CT-CO2-0;1f94f8ad-7171-b062-c0a5-dbf839ac97e9;CD:E6:D3:07;0;AVIÁRIO MEIO;749,00;18/11/2025;16:05:25;20;1283-20
CO2;1283;CT-CO2-0;1f94f8ad-7171-b062-c0a5-dbf839ac97e9;CD:E6:D3:07;0;AVIÁRIO MEIO;736,00;18/11/2025;16:10:57;20;1283-20
CO2;1283;CT-CO2-0;1f94f8ad-7171-b062-c0a5-dbf839ac97e9;CD:E6:D3:07;0;AVIÁRIO MEIO;749,00;18/11/2025;16:16:00;20;1283-20
CO2;1283;CT-CO2-0;1f94f8ad-7171-b062-c0a5-dbf839ac97e9;CD:E6:D3:07;0;AVIÁRIO MEIO;749,00;18/11/2025;16:21:33;20;1283-20
CO2;1283;CT-CO2-0;1f94f8ad-7171-b062-c0a5-dbf839ac97e9;CD:E6:D3:07;0;AVIÁRIO MEIO;738,00;18/11/2025;16:27:05;20;1283-20
CO2;1283;CT-CO2-0;1f94f8ad-7171-b062-c0a5-dbf839ac97e9;CD:E6:D3:07;0;AVIÁRIO MEIO;736,00;18/11/2025;16:32:38;20;1283-20
CO2;1283;CT-CO2-0;1f94f8ad-7171-b062-c0a5-dbf839ac97e9;CD:E6:D3:07;0;AVIÁRIO MEIO;728,00;18/11/2025;16:37:40;20;1283-20
CO2;1283;CT-CO2-0;1f94f8ad-7171-b062-c0a5-dbf839ac97e9;CD:E6:D3:07;0;AVIÁRIO MEIO;756,00;18/11/2025;16:43:12;20;1283-20
CO2;1283;CT-CO2-0;1f94f8ad-7171-b062-c0a5-dbf839ac97e9;CD:E6:D3:07;0;AVIÁRIO MEIO;737,00;18/11/2025;16:48:14;20;1283-20
CO2;1283;CT-CO2-0;1f94f8ad-7171-b062-c0a5-dbf839ac97e9;CD:E6:D3:07;0;AVIÁRIO MEIO;747,00;18/11/2025;16:53:47;20;1283-20
CO2;1283;CT-CO2-0;1f94f8ad-7171-b062-c0a5-dbf839ac97e9;CD:E6:D3:07;0;AVIÁRIO MEIO;749,00;18/11/2025;16:59:19;20;1283-20
CO2;1283;CT-CO2-0;1f94f8ad-7171-b062-c0a5-dbf839ac97e9;CD:E6:D3:07;0;AVIÁRIO MEIO;739,00;18/11/2025;17:04:23;20;1283-20
CO2;1283;CT-CO2-0;1f94f8ad-7171-b062-c0a5-dbf839ac97e9;CD:E6:D3:07;0;AVIÁRIO MEIO;751,00;18/11/2025;17:09:55;20;1283-20
CO2;1283;CT-CO2-0;1f94f8ad-7171-b062-c0a5-dbf839ac97e9;CD:E6:D3:07;0;AVIÁRIO MEIO;765,00;18/11/2025;17:15:27;20;1283-20
CO2;1283;CT-CO2-0;1f94f8ad-7171-b062-c0a5-dbf839ac97e9;CD:E6:D3:07;0;AVIÁRIO MEIO;753,00;18/11/2025;17:20:30;20;1283-20
CO2;1283;CT-CO2-0;1f94f8ad-7171-b062-c0a5-dbf839ac97e9;CD:E6:D3:07;0;AVIÁRIO MEIO;751,00;18/11/2025;17:26:01;20;1283-20
CO2;1283;CT-CO2-0;1f94f8ad-7171-b062-c0a5-dbf839ac97e9;CD:E6:D3:07;0;AVIÁRIO MEIO;810,00;18/11/2025;17:31:33;20;1283-20
CO2;1283;CT-CO2-0;1f94f8ad-7171-b062-c0a5-dbf839ac97e9;CD:E6:D3:07;0;AVIÁRIO MEIO;756,00;18/11/2025;17:36:36;20;1283-20
CO2;1283;CT-CO2-0;1f94f8ad-7171-b062-c0a5-dbf839ac97e9;CD:E6:D3:07;0;AVIÁRIO MEIO;752,00;18/11/2025;17:42:40;20;1283-20
CO2;1283;CT-CO2-0;1f94f8ad-7171-b062-c0a5-dbf839ac97e9;CD:E6:D3:07;0;AVIÁRIO MEIO;747,00;18/11/2025;17:47:44;20;1283-20
CO2;1283;CT-CO2-0;1f94f8ad-7171-b062-c0a5-dbf839ac97e9;CD:E6:D3:07;0;AVIÁRIO MEIO;752,00;18/11/2025;17:52:46;20;1283-20
CO2;1283;CT-CO2-0;1f94f8ad-7171-b062-c0a5-dbf839ac97e9;CD:E6:D3:07;0;AVIÁRIO MEIO;760,00;18/11/2025;17:58:18;20;1283-20
CO2;1283;CT-CO2-0;1f94f8ad-7171-b062-c0a5-dbf839ac97e9;CD:E6:D3:07;0;AVIÁRIO MEIO;768,00;18/11/2025;18:03:50;20;1283-20
CO2;1283;CT-CO2-0;1f94f8ad-7171-b062-c0a5-dbf839ac97e9;CD:E6:D3:07;0;AVIÁRIO MEIO;772,00;18/11/2025;18:08:52;20;1283-20
CO2;1283;CT-CO2-0;1f94f8ad-7171-b062-c0a5-dbf839ac97e9;CD:E6:D3:07;0;AVIÁRIO MEIO;796,00;18/11/2025;18:14:24;20;1283-20
CO2;1283;CT-CO2-0;1f94f8ad-7171-b062-c0a5-dbf839ac97e9;CD:E6:D3:07;0;AVIÁRIO MEIO;800,00;18/11/2025;18:19:57;20;1283-20
CO2;1283;CT-CO2-0;1f94f8ad-7171-b062-c0a5-dbf839ac97e9;CD:E6:D3:07;0;AVIÁRIO MEIO;810,00;18/11/2025;18:24:59;20;1283-20
CO2;1283;CT-CO2-0;1f94f8ad-7171-b062-c0a5-dbf839ac97e9;CD:E6:D3:07;0;AVIÁRIO MEIO;807,00;18/11/2025;18:30:30;20;1283-20
CO2;1283;CT-CO2-0;1f94f8ad-7171-b062-c0a5-dbf839ac97e9;CD:E6:D3:07;0;AVIÁRIO MEIO;836,00;18/11/2025;18:36:02;20;1283-20
CO2;1283;CT-CO2-0;1f94f8ad-7171-b062-c0a5-dbf839ac97e9;CD:E6:D3:07;0;AVIÁRIO MEIO;839,00;18/11/2025;18:41:05;20;1283-20
CO2;1283;CT-CO2-0;1f94f8ad-7171-b062-c0a5-dbf839ac97e9;CD:E6:D3:07;0;AVIÁRIO MEIO;825,00;18/11/2025;18:46:37;20;1283-20
CO2;1283;CT-CO2-0;1f94f8ad-7171-b062-c0a5-dbf839ac97e9;CD:E6:D3:07;0;AVIÁRIO MEIO;829,00;18/11/2025;18:52:42;20;1283-20
CO2;1283;CT-CO2-0;1f94f8ad-7171-b062-c0a5-dbf839ac97e9;CD:E6:D3:07;0;AVIÁRIO MEIO;855,00;18/11/2025;18:57:18;20;1283-20
CO2;1283;CT-CO2-0;1f94f8ad-7171-b062-c0a5-dbf839ac97e9;CD:E6:D3:07;0;AVIÁRIO MEIO;868,00;18/11/2025;19:02:50;20;1283-20
CO2;1283;CT-CO2-0;1f94f8ad-7171-b062-c0a5-dbf839ac97e9;CD:E6:D3:07;0;AVIÁRIO MEIO;861,00;18/11/2025;19:07:52;20;1283-20
CO2;1283;CT-CO2-0;1f94f8ad-7171-b062-c0a5-dbf839ac97e9;CD:E6:D3:07;0;AVIÁRIO MEIO;903,00;18/11/2025;19:13:24;20;1283-20
CO2;1283;CT-CO2-0;1f94f8ad-7171-b062-c0a5-dbf839ac97e9;CD:E6:D3:07;0;AVIÁRIO MEIO;860,00;18/11/2025;19:18:57;20;1283-20
CO2;1283;CT-CO2-0;1f94f8ad-7171-b062-c0a5-dbf839ac97e9;CD:E6:D3:07;0;AVIÁRIO MEIO;847,00;18/11/2025;19:23:59;20;1283-20
CO2;1283;CT-CO2-0;1f94f8ad-7171-b062-c0a5-dbf839ac97e9;CD:E6:D3:07;0;AVIÁRIO MEIO;854,00;18/11/2025;19:29:30;20;1283-20
CO2;1283;CT-CO2-0;1f94f8ad-7171-b062-c0a5-dbf839ac97e9;CD:E6:D3:07;0;AVIÁRIO MEIO;864,00;18/11/2025;19:35:02;20;1283-20
CO2;1283;CT-CO2-0;1f94f8ad-7171-b062-c0a5-dbf839ac97e9;CD:E6:D3:07;0;AVIÁRIO MEIO;885,00;18/11/2025;19:40:04;20;1283-20
CO2;1283;CT-CO2-0;1f94f8ad-7171-b062-c0a5-dbf839ac97e9;CD:E6:D3:07;0;AVIÁRIO MEIO;888,00;18/11/2025;19:45:36;20;1283-20
CO2;1283;CT-CO2-0;1f94f8ad-7171-b062-c0a5-dbf839ac97e9;CD:E6:D3:07;0;AVIÁRIO MEIO;869,00;18/11/2025;19:51:08;20;1283-20
CO2;1283;CT-CO2-0;1f94f8ad-7171-b062-c0a5-dbf839ac97e9;CD:E6:D3:07;0;AVIÁRIO MEIO;883,00;18/11/2025;19:56:13;20;1283-20
CO2;1283;CT-CO2-0;1f94f8ad-7171-b062-c0a5-dbf839ac97e9;CD:E6:D3:07;0;AVIÁRIO MEIO;888,00;18/11/2025;20:02:19;20;1283-20
CO2;1283;CT-CO2-0;1f94f8ad-7171-b062-c0a5-dbf839ac97e9;CD:E6:D3:07;0;AVIÁRIO MEIO;875,00;18/11/2025;20:07:22;20;1283-20
CO2;1283;CT-CO2-0;1f94f8ad-7171-b062-c0a5-dbf839ac97e9;CD:E6:D3:07;0;AVIÁRIO MEIO;880,00;18/11/2025;20:12:23;20;1283-20
CO2;1283;CT-CO2-0;1f94f8ad-7171-b062-c0a5-dbf839ac97e9;CD:E6:D3:07;0;AVIÁRIO MEIO;903,00;18/11/2025;20:17:56;20;1283-20
CO2;1283;CT-CO2-0;1f94f8ad-7171-b062-c0a5-dbf839ac97e9;CD:E6:D3:07;0;AVIÁRIO MEIO;904,00;18/11/2025;20:23:28;20;1283-20
CO2;1283;CT-CO2-0;1f94f8ad-7171-b062-c0a5-dbf839ac97e9;CD:E6:D3:07;0;AVIÁRIO MEIO;903,00;18/11/2025;20:28:36;20;1283-20
CO2;1283;CT-CO2-0;1f94f8ad-7171-b062-c0a5-dbf839ac97e9;CD:E6:D3:07;0;AVIÁRIO MEIO;893,00;18/11/2025;20:34:07;20;1283-20
CO2;1283;CT-CO2-0;1f94f8ad-7171-b062-c0a5-dbf839ac97e9;CD:E6:D3:07;0;AVIÁRIO MEIO;895,00;18/11/2025;20:44:49;20;1283-20
CO2;1283;CT-CO2-0;1f94f8ad-7171-b062-c0a5-dbf839ac97e9;CD:E6:D3:07;0;AVIÁRIO MEIO;878,00;18/11/2025;20:49:51;20;1283-20
CO2;1283;CT-CO2-0;1f94f8ad-7171-b062-c0a5-dbf839ac97e9;CD:E6:D3:07;0;AVIÁRIO MEIO;901,00;18/11/2025;20:55:24;20;1283-20
CO2;1283;CT-CO2-0;1f94f8ad-7171-b062-c0a5-dbf839ac97e9;CD:E6:D3:07;0;AVIÁRIO MEIO;903,00;18/11/2025;21:00:57;20;1283-20
CO2;1283;CT-CO2-0;1f94f8ad-7171-b062-c0a5-dbf839ac97e9;CD:E6:D3:07;0;AVIÁRIO MEIO;886,00;18/11/2025;21:06:29;20;1283-20
CO2;1283;CT-CO2-0;1f94f8ad-7171-b062-c0a5-dbf839ac97e9;CD:E6:D3:07;0;AVIÁRIO MEIO;897,00;18/11/2025;21:12:33;20;1283-20
CO2;1283;CT-CO2-0;1f94f8ad-7171-b062-c0a5-dbf839ac97e9;CD:E6:D3:07;0;AVIÁRIO MEIO;882,00;18/11/2025;21:17:35;20;1283-20
CO2;1283;CT-CO2-0;1f94f8ad-7171-b062-c0a5-dbf839ac97e9;CD:E6:D3:07;0;AVIÁRIO MEIO;878,00;18/11/2025;21:22:39;20;1283-20
CO2;1283;CT-CO2-0;1f94f8ad-7171-b062-c0a5-dbf839ac97e9;CD:E6:D3:07;0;AVIÁRIO MEIO;864,00;18/11/2025;21:28:11;20;1283-20
CO2;1283;CT-CO2-0;1f94f8ad-7171-b062-c0a5-dbf839ac97e9;CD:E6:D3:07;0;AVIÁRIO MEIO;867,00;18/11/2025;21:33:14;20;1283-20
CO2;1283;CT-CO2-0;1f94f8ad-7171-b062-c0a5-dbf839ac97e9;CD:E6:D3:07;0;AVIÁRIO MEIO;865,00;18/11/2025;21:38:45;20;1283-20
CO2;1283;CT-CO2-0;1f94f8ad-7171-b062-c0a5-dbf839ac97e9;CD:E6:D3:07;0;AVIÁRIO MEIO;875,00;18/11/2025;21:49:26;20;1283-20
CO2;1283;CT-CO2-0;1f94f8ad-7171-b062-c0a5-dbf839ac97e9;CD:E6:D3:07;0;AVIÁRIO MEIO;880,00;18/11/2025;21:54:58;20;1283-20
CO2;1283;CT-CO2-0;1f94f8ad-7171-b062-c0a5-dbf839ac97e9;CD:E6:D3:07;0;AVIÁRIO MEIO;888,00;18/11/2025;22:00:30;20;1283-20
CO2;1283;CT-CO2-0;1f94f8ad-7171-b062-c0a5-dbf839ac97e9;CD:E6:D3:07;0;AVIÁRIO MEIO;898,00;18/11/2025;22:05:32;20;1283-20
CO2;1283;CT-CO2-0;1f94f8ad-7171-b062-c0a5-dbf839ac97e9;CD:E6:D3:07;0;AVIÁRIO MEIO;874,00;18/11/2025;22:11:05;20;1283-20
CO2;1283;CT-CO2-0;1f94f8ad-7171-b062-c0a5-dbf839ac97e9;CD:E6:D3:07;0;AVIÁRIO MEIO;875,00;18/11/2025;22:16:38;20;1283-20
CO2;1283;CT-CO2-0;1f94f8ad-7171-b062-c0a5-dbf839ac97e9;CD:E6:D3:07;0;AVIÁRIO MEIO;843,00;18/11/2025;22:22:12;20;1283-20
CO2;1283;CT-CO2-0;1f94f8ad-7171-b062-c0a5-dbf839ac97e9;CD:E6:D3:07;0;AVIÁRIO MEIO;849,00;18/11/2025;22:27:19;20;1283-20
CO2;1283;CT-CO2-0;1f94f8ad-7171-b062-c0a5-dbf839ac97e9;CD:E6:D3:07;0;AVIÁRIO MEIO;860,00;18/11/2025;22:32:23;20;1283-20
CO2;1283;CT-CO2-0;1f94f8ad-7171-b062-c0a5-dbf839ac97e9;CD:E6:D3:07;0;AVIÁRIO MEIO;834,00;18/11/2025;22:37:55;20;1283-20
CO2;1283;CT-CO2-0;1f94f8ad-7171-b062-c0a5-dbf839ac97e9;CD:E6:D3:07;0;AVIÁRIO MEIO;859,00;18/11/2025;22:43:29;20;1283-20
CO2;1283;CT-CO2-0;1f94f8ad-7171-b062-c0a5-dbf839ac97e9;CD:E6:D3:07;0;AVIÁRIO MEIO;864,00;18/11/2025;22:48:33;20;1283-20
CO2;1283;CT-CO2-0;1f94f8ad-7171-b062-c0a5-dbf839ac97e9;CD:E6:D3:07;0;AVIÁRIO MEIO;937,00;18/11/2025;22:54:05;20;1283-20
CO2;1283;CT-CO2-0;1f94f8ad-7171-b062-c0a5-dbf839ac97e9;CD:E6:D3:07;0;AVIÁRIO MEIO;949,00;18/11/2025;22:59:37;20;1283-20
CO2;1283;CT-CO2-0;1f94f8ad-7171-b062-c0a5-dbf839ac97e9;CD:E6:D3:07;0;AVIÁRIO MEIO;899,00;18/11/2025;23:04:46;20;1283-20
CO2;1283;CT-CO2-0;1f94f8ad-7171-b062-c0a5-dbf839ac97e9;CD:E6:D3:07;0;AVIÁRIO MEIO;916,00;18/11/2025;23:10:18;20;1283-20
CO2;1283;CT-CO2-0;1f94f8ad-7171-b062-c0a5-dbf839ac97e9;CD:E6:D3:07;0;AVIÁRIO MEIO;896,00;18/11/2025;23:15:20;20;1283-20
CO2;1283;CT-CO2-0;1f94f8ad-7171-b062-c0a5-dbf839ac97e9;CD:E6:D3:07;0;AVIÁRIO MEIO;880,00;18/11/2025;23:20:52;20;1283-20
CO2;1283;CT-CO2-0;1f94f8ad-7171-b062-c0a5-dbf839ac97e9;CD:E6:D3:07;0;AVIÁRIO MEIO;881,00;18/11/2025;23:26:25;20;1283-20
CO2;1283;CT-CO2-0;1f94f8ad-7171-b062-c0a5-dbf839ac97e9;CD:E6:D3:07;0;AVIÁRIO MEIO;894,00;18/11/2025;23:31:59;20;1283-20
CO2;1283;CT-CO2-0;1f94f8ad-7171-b062-c0a5-dbf839ac97e9;CD:E6:D3:07;0;AVIÁRIO MEIO;873,00;18/11/2025;23:37:01;20;1283-20
CO2;1283;CT-CO2-0;1f94f8ad-7171-b062-c0a5-dbf839ac97e9;CD:E6:D3:07;0;AVIÁRIO MEIO;854,00;18/11/2025;23:42:34;20;1283-20
CO2;1283;CT-CO2-0;1f94f8ad-7171-b062-c0a5-dbf839ac97e9;CD:E6:D3:07;0;AVIÁRIO MEIO;843,00;18/11/2025;23:47:36;20;1283-20
CO2;1283;CT-CO2-0;1f94f8ad-7171-b062-c0a5-dbf839ac97e9;CD:E6:D3:07;0;AVIÁRIO MEIO;829,00;18/11/2025;23:53:07;20;1283-20
CO2;1283;CT-CO2-0;1f94f8ad-7171-b062-c0a5-dbf839ac97e9;CD:E6:D3:07;0;AVIÁRIO MEIO;857,00;18/11/2025;23:58:41;20;1283-20
CO2;1283;CT-CO2-0;1f94f8ad-7171-b062-c0a5-dbf839ac97e9;CD:E6:D3:07;0;AVIÁRIO MEIO;839,00;19/11/2025;00:03:43;20;1283-20
CO2;1283;CT-CO2-0;1f94f8ad-7171-b062-c0a5-dbf839ac97e9;CD:E6:D3:07;0;AVIÁRIO MEIO;850,00;19/11/2025;00:14:47;20;1283-20
CO2;1283;CT-CO2-0;1f94f8ad-7171-b062-c0a5-dbf839ac97e9;CD:E6:D3:07;0;AVIÁRIO MEIO;832,00;19/11/2025;00:19:49;20;1283-20
CO2;1283;CT-CO2-0;1f94f8ad-7171-b062-c0a5-dbf839ac97e9;CD:E6:D3:07;0;AVIÁRIO MEIO;853,00;19/11/2025;00:25:21;20;1283-20
CO2;1283;CT-CO2-0;1f94f8ad-7171-b062-c0a5-dbf839ac97e9;CD:E6:D3:07;0;AVIÁRIO MEIO;876,00;19/11/2025;00:30:54;20;1283-20
CO2;1283;CT-CO2-0;1f94f8ad-7171-b062-c0a5-dbf839ac97e9;CD:E6:D3:07;0;AVIÁRIO MEIO;864,00;19/11/2025;00:35:56;20;1283-20
CO2;1283;CT-CO2-0;1f94f8ad-7171-b062-c0a5-dbf839ac97e9;CD:E6:D3:07;0;AVIÁRIO MEIO;821,00;19/11/2025;00:42:00;20;1283-20
CO2;1283;CT-CO2-0;1f94f8ad-7171-b062-c0a5-dbf839ac97e9;CD:E6:D3:07;0;AVIÁRIO MEIO;892,00;19/11/2025;00:46:33;20;1283-20
CO2;1283;CT-CO2-0;1f94f8ad-7171-b062-c0a5-dbf839ac97e9;CD:E6:D3:07;0;AVIÁRIO MEIO;870,00;19/11/2025;00:52:06;20;1283-20
CO2;1283;CT-CO2-0;1f94f8ad-7171-b062-c0a5-dbf839ac97e9;CD:E6:D3:07;0;AVIÁRIO MEIO;866,00;19/11/2025;00:57:38;20;1283-20
CO2;1283;CT-CO2-0;1f94f8ad-7171-b062-c0a5-dbf839ac97e9;CD:E6:D3:07;0;AVIÁRIO MEIO;848,00;19/11/2025;01:02:40;20;1283-20
CO2;1283;CT-CO2-0;1f94f8ad-7171-b062-c0a5-dbf839ac97e9;CD:E6:D3:07;0;AVIÁRIO MEIO;823,00;19/11/2025;01:08:14;20;1283-20
CO2;1283;CT-CO2-0;1f94f8ad-7171-b062-c0a5-dbf839ac97e9;CD:E6:D3:07;0;AVIÁRIO MEIO;819,00;19/11/2025;01:13:46;20;1283-20
CO2;1283;CT-CO2-0;1f94f8ad-7171-b062-c0a5-dbf839ac97e9;CD:E6:D3:07;0;AVIÁRIO MEIO;811,00;19/11/2025;01:18:48;20;1283-20
CO2;1283;CT-CO2-0;1f94f8ad-7171-b062-c0a5-dbf839ac97e9;CD:E6:D3:07;0;AVIÁRIO MEIO;795,00;19/11/2025;01:24:20;20;1283-20
CO2;1283;CT-CO2-0;1f94f8ad-7171-b062-c0a5-dbf839ac97e9;CD:E6:D3:07;0;AVIÁRIO MEIO;807,00;19/11/2025;01:29:54;20;1283-20
CO2;1283;CT-CO2-0;1f94f8ad-7171-b062-c0a5-dbf839ac97e9;CD:E6:D3:07;0;AVIÁRIO MEIO;830,00;19/11/2025;01:34:56;20;1283-20
CO2;1283;CT-CO2-0;1f94f8ad-7171-b062-c0a5-dbf839ac97e9;CD:E6:D3:07;0;AVIÁRIO MEIO;850,00;19/11/2025;01:40:28;20;1283-20
CO2;1283;CT-CO2-0;1f94f8ad-7171-b062-c0a5-dbf839ac97e9;CD:E6:D3:07;0;AVIÁRIO MEIO;852,00;19/11/2025;01:46:00;20;1283-20
CO2;1283;CT-CO2-0;1f94f8ad-7171-b062-c0a5-dbf839ac97e9;CD:E6:D3:07;0;AVIÁRIO MEIO;835,00;19/11/2025;01:51:33;20;1283-20
CO2;1283;CT-CO2-0;1f94f8ad-7171-b062-c0a5-dbf839ac97e9;CD:E6:D3:07;0;AVIÁRIO MEIO;865,00;19/11/2025;01:56:35;20;1283-20
CO2;1283;CT-CO2-0;1f94f8ad-7171-b062-c0a5-dbf839ac97e9;CD:E6:D3:07;0;AVIÁRIO MEIO;863,00;19/11/2025;02:02:09;20;1283-20
CO2;1283;CT-CO2-0;1f94f8ad-7171-b062-c0a5-dbf839ac97e9;CD:E6:D3:07;0;AVIÁRIO MEIO;857,00;19/11/2025;02:07:10;20;1283-20
CO2;1283;CT-CO2-0;1f94f8ad-7171-b062-c0a5-dbf839ac97e9;CD:E6:D3:07;0;AVIÁRIO MEIO;851,00;19/11/2025;02:12:42;20;1283-20
CO2;1283;CT-CO2-0;1f94f8ad-7171-b062-c0a5-dbf839ac97e9;CD:E6:D3:07;0;AVIÁRIO MEIO;851,00;19/11/2025;02:18:15;20;1283-20
CO2;1283;CT-CO2-0;1f94f8ad-7171-b062-c0a5-dbf839ac97e9;CD:E6:D3:07;0;AVIÁRIO MEIO;827,00;19/11/2025;02:23:17;20;1283-20
CO2;1283;CT-CO2-0;1f94f8ad-7171-b062-c0a5-dbf839ac97e9;CD:E6:D3:07;0;AVIÁRIO MEIO;812,00;19/11/2025;02:28:51;20;1283-20
CO2;1283;CT-CO2-0;1f94f8ad-7171-b062-c0a5-dbf839ac97e9;CD:E6:D3:07;0;AVIÁRIO MEIO;823,00;19/11/2025;02:34:23;20;1283-20
CO2;1283;CT-CO2-0;1f94f8ad-7171-b062-c0a5-dbf839ac97e9;CD:E6:D3:07;0;AVIÁRIO MEIO;806,00;19/11/2025;02:39:25;20;1283-20
CO2;1283;CT-CO2-0;1f94f8ad-7171-b062-c0a5-dbf839ac97e9;CD:E6:D3:07;0;AVIÁRIO MEIO;793,00;19/11/2025;02:44:57;20;1283-20
CO2;1283;CT-CO2-0;1f94f8ad-7171-b062-c0a5-dbf839ac97e9;CD:E6:D3:07;0;AVIÁRIO MEIO;800,00;19/11/2025;02:50:29;20;1283-20
CO2;1283;CT-CO2-0;1f94f8ad-7171-b062-c0a5-dbf839ac97e9;CD:E6:D3:07;0;AVIÁRIO MEIO;813,00;19/11/2025;02:55:31;20;1283-20
CO2;1283;CT-CO2-0;1f94f8ad-7171-b062-c0a5-dbf839ac97e9;CD:E6:D3:07;0;AVIÁRIO MEIO;838,00;19/11/2025;03:01:35;20;1283-20
CO2;1283;CT-CO2-0;1f94f8ad-7171-b062-c0a5-dbf839ac97e9;CD:E6:D3:07;0;AVIÁRIO MEIO;856,00;19/11/2025;03:06:37;20;1283-20
CO2;1283;CT-CO2-0;1f94f8ad-7171-b062-c0a5-dbf839ac97e9;CD:E6:D3:07;0;AVIÁRIO MEIO;868,00;19/11/2025;03:11:39;20;1283-20
CO2;1283;CT-CO2-0;1f94f8ad-7171-b062-c0a5-dbf839ac97e9;CD:E6:D3:07;0;AVIÁRIO MEIO;875,00;19/11/2025;03:17:12;20;1283-20
CO2;1283;CT-CO2-0;1f94f8ad-7171-b062-c0a5-dbf839ac97e9;CD:E6:D3:07;0;AVIÁRIO MEIO;862,00;19/11/2025;03:22:44;20;1283-20
CO2;1283;CT-CO2-0;1f94f8ad-7171-b062-c0a5-dbf839ac97e9;CD:E6:D3:07;0;AVIÁRIO MEIO;897,00;19/11/2025;03:27:46;20;1283-20
CO2;1283;CT-CO2-0;1f94f8ad-7171-b062-c0a5-dbf839ac97e9;CD:E6:D3:07;0;AVIÁRIO MEIO;884,00;19/11/2025;03:33:18;20;1283-20
CO2;1283;CT-CO2-0;1f94f8ad-7171-b062-c0a5-dbf839ac97e9;CD:E6:D3:07;0;AVIÁRIO MEIO;853,00;19/11/2025;03:38:50;20;1283-20
CO2;1283;CT-CO2-0;1f94f8ad-7171-b062-c0a5-dbf839ac97e9;CD:E6:D3:07;0;AVIÁRIO MEIO;867,00;19/11/2025;03:43:52;20;1283-20
CO2;1283;CT-CO2-0;1f94f8ad-7171-b062-c0a5-dbf839ac97e9;CD:E6:D3:07;0;AVIÁRIO MEIO;894,00;19/11/2025;03:49:24;20;1283-20
CO2;1283;CT-CO2-0;1f94f8ad-7171-b062-c0a5-dbf839ac97e9;CD:E6:D3:07;0;AVIÁRIO MEIO;876,00;19/11/2025;03:54:56;20;1283-20
CO2;1283;CT-CO2-0;1f94f8ad-7171-b062-c0a5-dbf839ac97e9;CD:E6:D3:07;0;AVIÁRIO MEIO;825,00;19/11/2025;03:59:59;20;1283-20
CO2;1283;CT-CO2-0;1f94f8ad-7171-b062-c0a5-dbf839ac97e9;CD:E6:D3:07;0;AVIÁRIO MEIO;826,00;19/11/2025;04:05:30;20;1283-20
CO2;1283;CT-CO2-0;1f94f8ad-7171-b062-c0a5-dbf839ac97e9;CD:E6:D3:07;0;AVIÁRIO MEIO;803,00;19/11/2025;04:11:34;20;1283-20
CO2;1283;CT-CO2-0;1f94f8ad-7171-b062-c0a5-dbf839ac97e9;CD:E6:D3:07;0;AVIÁRIO MEIO;830,00;19/11/2025;04:16:06;20;1283-20
CO2;1283;CT-CO2-0;1f94f8ad-7171-b062-c0a5-dbf839ac97e9;CD:E6:D3:07;0;AVIÁRIO MEIO;824,00;19/11/2025;04:21:39;20;1283-20
CO2;1283;CT-CO2-0;1f94f8ad-7171-b062-c0a5-dbf839ac97e9;CD:E6:D3:07;0;AVIÁRIO MEIO;832,00;19/11/2025;04:27:10;20;1283-20
CO2;1283;CT-CO2-0;1f94f8ad-7171-b062-c0a5-dbf839ac97e9;CD:E6:D3:07;0;AVIÁRIO MEIO;861,00;19/11/2025;04:32:15;20;1283-20
CO2;1283;CT-CO2-0;1f94f8ad-7171-b062-c0a5-dbf839ac97e9;CD:E6:D3:07;0;AVIÁRIO MEIO;855,00;19/11/2025;04:37:47;20;1283-20
CO2;1283;CT-CO2-0;1f94f8ad-7171-b062-c0a5-dbf839ac97e9;CD:E6:D3:07;0;AVIÁRIO MEIO;817,00;19/11/2025;04:42:50;20;1283-20
CO2;1283;CT-CO2-0;1f94f8ad-7171-b062-c0a5-dbf839ac97e9;CD:E6:D3:07;0;AVIÁRIO MEIO;796,00;19/11/2025;04:48:21;20;1283-20
CO2;1283;CT-CO2-0;1f94f8ad-7171-b062-c0a5-dbf839ac97e9;CD:E6:D3:07;0;AVIÁRIO MEIO;825,00;19/11/2025;04:53:55;20;1283-20
CO2;1283;CT-CO2-0;1f94f8ad-7171-b062-c0a5-dbf839ac97e9;CD:E6:D3:07;0;AVIÁRIO MEIO;816,00;19/11/2025;04:58:57;20;1283-20
CO2;1283;CT-CO2-0;1f94f8ad-7171-b062-c0a5-dbf839ac97e9;CD:E6:D3:07;0;AVIÁRIO MEIO;785,00;19/11/2025;05:04:30;20;1283-20
CO2;1283;CT-CO2-0;1f94f8ad-7171-b062-c0a5-dbf839ac97e9;CD:E6:D3:07;0;AVIÁRIO MEIO;788,00;19/11/2025;05:10:02;20;1283-20
CO2;1283;CT-CO2-0;1f94f8ad-7171-b062-c0a5-dbf839ac97e9;CD:E6:D3:07;0;AVIÁRIO MEIO;807,00;19/11/2025;05:15:03;20;1283-20
CO2;1283;CT-CO2-0;1f94f8ad-7171-b062-c0a5-dbf839ac97e9;CD:E6:D3:07;0;AVIÁRIO MEIO;806,00;19/11/2025;05:21:08;20;1283-20
CO2;1283;CT-CO2-0;1f94f8ad-7171-b062-c0a5-dbf839ac97e9;CD:E6:D3:07;0;AVIÁRIO MEIO;811,00;19/11/2025;05:26:12;20;1283-20
CO2;1283;CT-CO2-0;1f94f8ad-7171-b062-c0a5-dbf839ac97e9;CD:E6:D3:07;0;AVIÁRIO MEIO;834,00;19/11/2025;05:31:14;20;1283-20
CO2;1283;CT-CO2-0;1f94f8ad-7171-b062-c0a5-dbf839ac97e9;CD:E6:D3:07;0;AVIÁRIO MEIO;829,00;19/11/2025;05:36:46;20;1283-20
CO2;1283;CT-CO2-0;1f94f8ad-7171-b062-c0a5-dbf839ac97e9;CD:E6:D3:07;0;AVIÁRIO MEIO;830,00;19/11/2025;05:42:18;20;1283-20
CO2;1283;CT-CO2-0;1f94f8ad-7171-b062-c0a5-dbf839ac97e9;CD:E6:D3:07;0;AVIÁRIO MEIO;836,00;19/11/2025;05:47:19;20;1283-20
CO2;1283;CT-CO2-0;1f94f8ad-7171-b062-c0a5-dbf839ac97e9;CD:E6:D3:07;0;AVIÁRIO MEIO;872,00;19/11/2025;05:52:51;20;1283-20
CO2;1283;CT-CO2-0;1f94f8ad-7171-b062-c0a5-dbf839ac97e9;CD:E6:D3:07;0;AVIÁRIO MEIO;849,00;19/11/2025;05:58:24;20;1283-20
CO2;1283;CT-CO2-0;1f94f8ad-7171-b062-c0a5-dbf839ac97e9;CD:E6:D3:07;0;AVIÁRIO MEIO;858,00;19/11/2025;06:03:26;20;1283-20
CO2;1283;CT-CO2-0;1f94f8ad-7171-b062-c0a5-dbf839ac97e9;CD:E6:D3:07;0;AVIÁRIO MEIO;854,00;19/11/2025;06:08:58;20;1283-20
CO2;1283;CT-CO2-0;1f94f8ad-7171-b062-c0a5-dbf839ac97e9;CD:E6:D3:07;0;AVIÁRIO MEIO;864,00;19/11/2025;06:14:30;20;1283-20
CO2;1283;CT-CO2-0;1f94f8ad-7171-b062-c0a5-dbf839ac97e9;CD:E6:D3:07;0;AVIÁRIO MEIO;858,00;19/11/2025;06:19:32;20;1283-20
CO2;1283;CT-CO2-0;1f94f8ad-7171-b062-c0a5-dbf839ac97e9;CD:E6:D3:07;0;AVIÁRIO MEIO;885,00;19/11/2025;06:25:04;20;1283-20
CO2;1283;CT-CO2-0;1f94f8ad-7171-b062-c0a5-dbf839ac97e9;CD:E6:D3:07;0;AVIÁRIO MEIO;865,00;19/11/2025;06:31:07;20;1283-20
CO2;1283;CT-CO2-0;1f94f8ad-7171-b062-c0a5-dbf839ac97e9;CD:E6:D3:07;0;AVIÁRIO MEIO;868,00;19/11/2025;06:35:39;20;1283-20
CO2;1283;CT-CO2-0;1f94f8ad-7171-b062-c0a5-dbf839ac97e9;CD:E6:D3:07;0;AVIÁRIO MEIO;870,00;19/11/2025;06:41:11;20;1283-20
CO2;1283;CT-CO2-0;1f94f8ad-7171-b062-c0a5-dbf839ac97e9;CD:E6:D3:07;0;AVIÁRIO MEIO;858,00;19/11/2025;06:46:43;20;1283-20
CO2;1283;CT-CO2-0;1f94f8ad-7171-b062-c0a5-dbf839ac97e9;CD:E6:D3:07;0;AVIÁRIO MEIO;851,00;19/11/2025;06:51:45;20;1283-20
CO2;1283;CT-CO2-0;1f94f8ad-7171-b062-c0a5-dbf839ac97e9;CD:E6:D3:07;0;AVIÁRIO MEIO;880,00;19/11/2025;06:57:18;20;1283-20
CO2;1283;CT-CO2-0;1f94f8ad-7171-b062-c0a5-dbf839ac97e9;CD:E6:D3:07;0;AVIÁRIO MEIO;886,00;19/11/2025;07:02:50;20;1283-20
CO2;1283;CT-CO2-0;1f94f8ad-7171-b062-c0a5-dbf839ac97e9;CD:E6:D3:07;0;AVIÁRIO MEIO;886,00;19/11/2025;07:07:52;20;1283-20
CO2;1283;CT-CO2-0;1f94f8ad-7171-b062-c0a5-dbf839ac97e9;CD:E6:D3:07;0;AVIÁRIO MEIO;880,00;19/11/2025;07:13:24;20;1283-20
CO2;1283;CT-CO2-0;1f94f8ad-7171-b062-c0a5-dbf839ac97e9;CD:E6:D3:07;0;AVIÁRIO MEIO;881,00;19/11/2025;07:18:56;20;1283-20
CO2;1283;CT-CO2-0;1f94f8ad-7171-b062-c0a5-dbf839ac97e9;CD:E6:D3:07;0;AVIÁRIO MEIO;890,00;19/11/2025;07:23:57;20;1283-20
CO2;1283;CT-CO2-0;1f94f8ad-7171-b062-c0a5-dbf839ac97e9;CD:E6:D3:07;0;AVIÁRIO MEIO;904,00;19/11/2025;07:29:29;20;1283-20
CO2;1283;CT-CO2-0;1f94f8ad-7171-b062-c0a5-dbf839ac97e9;CD:E6:D3:07;0;AVIÁRIO MEIO;922,00;19/11/2025;07:35:02;20;1283-20
CO2;1283;CT-CO2-0;1f94f8ad-7171-b062-c0a5-dbf839ac97e9;CD:E6:D3:07;0;AVIÁRIO MEIO;793,00;19/11/2025;07:40:34;20;1283-20
CO2;1283;CT-CO2-0;1f94f8ad-7171-b062-c0a5-dbf839ac97e9;CD:E6:D3:07;0;AVIÁRIO MEIO;812,00;19/11/2025;07:45:37;20;1283-20
CO2;1283;CT-CO2-0;1f94f8ad-7171-b062-c0a5-dbf839ac97e9;CD:E6:D3:07;0;AVIÁRIO MEIO;812,00;19/11/2025;07:51:09;20;1283-20
CO2;1283;CT-CO2-0;1f94f8ad-7171-b062-c0a5-dbf839ac97e9;CD:E6:D3:07;0;AVIÁRIO MEIO;811,00;19/11/2025;07:56:12;20;1283-20
CO2;1283;CT-CO2-0;1f94f8ad-7171-b062-c0a5-dbf839ac97e9;CD:E6:D3:07;0;AVIÁRIO MEIO;831,00;19/11/2025;08:01:44;20;1283-20
CO2;1283;CT-CO2-0;1f94f8ad-7171-b062-c0a5-dbf839ac97e9;CD:E6:D3:07;0;AVIÁRIO MEIO;801,00;19/11/2025;08:07:16;20;1283-20
CO2;1283;CT-CO2-0;1f94f8ad-7171-b062-c0a5-dbf839ac97e9;CD:E6:D3:07;0;AVIÁRIO MEIO;747,00;19/11/2025;08:12:19;20;1283-20
CO2;1283;CT-CO2-0;1f94f8ad-7171-b062-c0a5-dbf839ac97e9;CD:E6:D3:07;0;AVIÁRIO MEIO;730,00;19/11/2025;08:17:51;20;1283-20
CO2;1283;CT-CO2-0;1f94f8ad-7171-b062-c0a5-dbf839ac97e9;CD:E6:D3:07;0;AVIÁRIO MEIO;715,00;19/11/2025;08:23:22;20;1283-20
CO2;1283;CT-CO2-0;1f94f8ad-7171-b062-c0a5-dbf839ac97e9;CD:E6:D3:07;0;AVIÁRIO MEIO;734,00;19/11/2025;08:28:24;20;1283-20
CO2;1283;CT-CO2-0;1f94f8ad-7171-b062-c0a5-dbf839ac97e9;CD:E6:D3:07;0;AVIÁRIO MEIO;799,00;19/11/2025;08:33:56;20;1283-20
CO2;1283;CT-CO2-0;1f94f8ad-7171-b062-c0a5-dbf839ac97e9;CD:E6:D3:07;0;AVIÁRIO MEIO;804,00;19/11/2025;08:39:29;20;1283-20
CO2;1283;CT-CO2-0;1f94f8ad-7171-b062-c0a5-dbf839ac97e9;CD:E6:D3:07;0;AVIÁRIO MEIO;811,00;19/11/2025;08:44:31;20;1283-20
CO2;1283;CT-CO2-0;1f94f8ad-7171-b062-c0a5-dbf839ac97e9;CD:E6:D3:07;0;AVIÁRIO MEIO;805,00;19/11/2025;08:50:34;20;1283-20
CO2;1283;CT-CO2-0;1f94f8ad-7171-b062-c0a5-dbf839ac97e9;CD:E6:D3:07;0;AVIÁRIO MEIO;777,00;19/11/2025;08:55:35;20;1283-20
CO2;1283;CT-CO2-0;1f94f8ad-7171-b062-c0a5-dbf839ac97e9;CD:E6:D3:07;0;AVIÁRIO MEIO;817,00;19/11/2025;09:00:38;20;1283-20
CO2;1283;CT-CO2-0;1f94f8ad-7171-b062-c0a5-dbf839ac97e9;CD:E6:D3:07;0;AVIÁRIO MEIO;804,00;19/11/2025;09:06:09;20;1283-20
CO2;1283;CT-CO2-0;1f94f8ad-7171-b062-c0a5-dbf839ac97e9;CD:E6:D3:07;0;AVIÁRIO MEIO;779,00;19/11/2025;09:11:42;20;1283-20
CO2;1283;CT-CO2-0;1f94f8ad-7171-b062-c0a5-dbf839ac97e9;CD:E6:D3:07;0;AVIÁRIO MEIO;773,00;19/11/2025;09:16:45;20;1283-20
CO2;1283;CT-CO2-0;1f94f8ad-7171-b062-c0a5-dbf839ac97e9;CD:E6:D3:07;0;AVIÁRIO MEIO;770,00;19/11/2025;09:22:17;20;1283-20
CO2;1283;CT-CO2-0;1f94f8ad-7171-b062-c0a5-dbf839ac97e9;CD:E6:D3:07;0;AVIÁRIO MEIO;780,00;19/11/2025;09:27:49;20;1283-20
CO2;1283;CT-CO2-0;1f94f8ad-7171-b062-c0a5-dbf839ac97e9;CD:E6:D3:07;0;AVIÁRIO MEIO;800,00;19/11/2025;09:32:51;20;1283-20
CO2;1283;CT-CO2-0;1f94f8ad-7171-b062-c0a5-dbf839ac97e9;CD:E6:D3:07;0;AVIÁRIO MEIO;783,00;19/11/2025;09:38:22;20;1283-20
CO2;1283;CT-CO2-0;1f94f8ad-7171-b062-c0a5-dbf839ac97e9;CD:E6:D3:07;0;AVIÁRIO MEIO;770,00;19/11/2025;09:43:55;20;1283-20
CO2;1283;CT-CO2-0;1f94f8ad-7171-b062-c0a5-dbf839ac97e9;CD:E6:D3:07;0;AVIÁRIO MEIO;754,00;19/11/2025;09:48:57;20;1283-20
CO2;1283;CT-CO2-0;1f94f8ad-7171-b062-c0a5-dbf839ac97e9;CD:E6:D3:07;0;AVIÁRIO MEIO;806,00;19/11/2025;09:54:29;20;1283-20
CO2;1283;CT-CO2-0;1f94f8ad-7171-b062-c0a5-dbf839ac97e9;CD:E6:D3:07;0;AVIÁRIO MEIO;901,00;19/11/2025;10:00:32;20;1283-20
CO2;1283;CT-CO2-0;1f94f8ad-7171-b062-c0a5-dbf839ac97e9;CD:E6:D3:07;0;AVIÁRIO MEIO;847,00;19/11/2025;10:05:04;20;1283-20
CO2;1283;CT-CO2-0;1f94f8ad-7171-b062-c0a5-dbf839ac97e9;CD:E6:D3:07;0;AVIÁRIO MEIO;792,00;19/11/2025;10:10:36;20;1283-20
CO2;1283;CT-CO2-0;1f94f8ad-7171-b062-c0a5-dbf839ac97e9;CD:E6:D3:07;0;AVIÁRIO MEIO;780,00;19/11/2025;10:16:09;20;1283-20
CO2;1283;CT-CO2-0;1f94f8ad-7171-b062-c0a5-dbf839ac97e9;CD:E6:D3:07;0;AVIÁRIO MEIO;760,00;19/11/2025;10:21:11;20;1283-20
CO2;1283;CT-CO2-0;1f94f8ad-7171-b062-c0a5-dbf839ac97e9;CD:E6:D3:07;0;AVIÁRIO MEIO;684,00;19/11/2025;10:26:43;20;1283-20
CO2;1283;CT-CO2-0;1f94f8ad-7171-b062-c0a5-dbf839ac97e9;CD:E6:D3:07;0;AVIÁRIO MEIO;701,00;19/11/2025;10:32:16;20;1283-20
CO2;1283;CT-CO2-0;1f94f8ad-7171-b062-c0a5-dbf839ac97e9;CD:E6:D3:07;0;AVIÁRIO MEIO;698,00;19/11/2025;10:37:18;20;1283-20
CO2;1283;CT-CO2-0;1f94f8ad-7171-b062-c0a5-dbf839ac97e9;CD:E6:D3:07;0;AVIÁRIO MEIO;685,00;19/11/2025;10:42:50;20;1283-20
CO2;1283;CT-CO2-0;1f94f8ad-7171-b062-c0a5-dbf839ac97e9;CD:E6:D3:07;0;AVIÁRIO MEIO;669,00;19/11/2025;10:48:22;20;1283-20
CO2;1283;CT-CO2-0;1f94f8ad-7171-b062-c0a5-dbf839ac97e9;CD:E6:D3:07;0;AVIÁRIO MEIO;650,00;19/11/2025;10:53:24;20;1283-20
CO2;1283;CT-CO2-0;1f94f8ad-7171-b062-c0a5-dbf839ac97e9;CD:E6:D3:07;0;AVIÁRIO MEIO;654,00;19/11/2025;10:58:56;20;1283-20
CO2;1283;CT-CO2-0;1f94f8ad-7171-b062-c0a5-dbf839ac97e9;CD:E6:D3:07;0;AVIÁRIO MEIO;679,00;19/11/2025;11:04:28;20;1283-20
CO2;1283;CT-CO2-0;1f94f8ad-7171-b062-c0a5-dbf839ac97e9;CD:E6:D3:07;0;AVIÁRIO MEIO;657,00;19/11/2025;11:10:01;20;1283-20
CO2;1283;CT-CO2-0;1f94f8ad-7171-b062-c0a5-dbf839ac97e9;CD:E6:D3:07;0;AVIÁRIO MEIO;653,00;19/11/2025;11:15:03;20;1283-20
CO2;1283;CT-CO2-0;1f94f8ad-7171-b062-c0a5-dbf839ac97e9;CD:E6:D3:07;0;AVIÁRIO MEIO;648,00;19/11/2025;11:20:36;20;1283-20
CO2;1283;CT-CO2-0;1f94f8ad-7171-b062-c0a5-dbf839ac97e9;CD:E6:D3:07;0;AVIÁRIO MEIO;623,00;19/11/2025;11:25:38;20;1283-20
CO2;1283;CT-CO2-0;1f94f8ad-7171-b062-c0a5-dbf839ac97e9;CD:E6:D3:07;0;AVIÁRIO MEIO;624,00;19/11/2025;11:31:10;20;1283-20
CO2;1283;CT-CO2-0;1f94f8ad-7171-b062-c0a5-dbf839ac97e9;CD:E6:D3:07;0;AVIÁRIO MEIO;643,00;19/11/2025;11:36:42;20;1283-20
CO2;1283;CT-CO2-0;1f94f8ad-7171-b062-c0a5-dbf839ac97e9;CD:E6:D3:07;0;AVIÁRIO MEIO;622,00;19/11/2025;11:41:44;20;1283-20
CO2;1283;CT-CO2-0;1f94f8ad-7171-b062-c0a5-dbf839ac97e9;CD:E6:D3:07;0;AVIÁRIO MEIO;599,00;19/11/2025;11:47:16;20;1283-20
CO2;1283;CT-CO2-0;1f94f8ad-7171-b062-c0a5-dbf839ac97e9;CD:E6:D3:07;0;AVIÁRIO MEIO;610,00;19/11/2025;11:52:48;20;1283-20
CO2;1283;CT-CO2-0;1f94f8ad-7171-b062-c0a5-dbf839ac97e9;CD:E6:D3:07;0;AVIÁRIO MEIO;590,00;19/11/2025;11:57:55;20;1283-20
CO2;1283;CT-CO2-0;1f94f8ad-7171-b062-c0a5-dbf839ac97e9;CD:E6:D3:07;0;AVIÁRIO MEIO;595,00;19/11/2025;12:03:27;20;1283-20
CO2;1283;CT-CO2-0;1f94f8ad-7171-b062-c0a5-dbf839ac97e9;CD:E6:D3:07;0;AVIÁRIO MEIO;610,00;19/11/2025;12:08:29;20;1283-20
CO2;1283;CT-CO2-0;1f94f8ad-7171-b062-c0a5-dbf839ac97e9;CD:E6:D3:07;0;AVIÁRIO MEIO;603,00;19/11/2025;12:14:02;20;1283-20
CO2;1283;CT-CO2-0;1f94f8ad-7171-b062-c0a5-dbf839ac97e9;CD:E6:D3:07;0;AVIÁRIO MEIO;605,00;19/11/2025;12:20:06;20;1283-20
CO2;1283;CT-CO2-0;1f94f8ad-7171-b062-c0a5-dbf839ac97e9;CD:E6:D3:07;0;AVIÁRIO MEIO;625,00;19/11/2025;12:24:38;20;1283-20
CO2;1283;CT-CO2-0;1f94f8ad-7171-b062-c0a5-dbf839ac97e9;CD:E6:D3:07;0;AVIÁRIO MEIO;624,00;19/11/2025;12:30:09;20;1283-20
CO2;1283;CT-CO2-0;1f94f8ad-7171-b062-c0a5-dbf839ac97e9;CD:E6:D3:07;0;AVIÁRIO MEIO;628,00;19/11/2025;12:35:42;20;1283-20
CO2;1283;CT-CO2-0;1f94f8ad-7171-b062-c0a5-dbf839ac97e9;CD:E6:D3:07;0;AVIÁRIO MEIO;617,00;19/11/2025;12:40:44;20;1283-20
CO2;1283;CT-CO2-0;1f94f8ad-7171-b062-c0a5-dbf839ac97e9;CD:E6:D3:07;0;AVIÁRIO MEIO;621,00;19/11/2025;12:46:15;20;1283-20
CO2;1283;CT-CO2-0;1f94f8ad-7171-b062-c0a5-dbf839ac97e9;CD:E6:D3:07;0;AVIÁRIO MEIO;642,00;19/11/2025;12:51:47;20;1283-20
CO2;1283;CT-CO2-0;1f94f8ad-7171-b062-c0a5-dbf839ac97e9;CD:E6:D3:07;0;AVIÁRIO MEIO;655,00;19/11/2025;12:56:49;20;1283-20
CO2;1283;CT-CO2-0;1f94f8ad-7171-b062-c0a5-dbf839ac97e9;CD:E6:D3:07;0;AVIÁRIO MEIO;638,00;19/11/2025;13:02:25;20;1283-20
CO2;1283;CT-CO2-0;1f94f8ad-7171-b062-c0a5-dbf839ac97e9;CD:E6:D3:07;0;AVIÁRIO MEIO;633,00;19/11/2025;13:07:58;20;1283-20
CO2;1283;CT-CO2-0;1f94f8ad-7171-b062-c0a5-dbf839ac97e9;CD:E6:D3:07;0;AVIÁRIO MEIO;614,00;19/11/2025;13:13:00;20;1283-20
CO2;1283;CT-CO2-0;1f94f8ad-7171-b062-c0a5-dbf839ac97e9;CD:E6:D3:07;0;AVIÁRIO MEIO;611,00;19/11/2025;13:18:32;20;1283-20
CO2;1283;CT-CO2-0;1f94f8ad-7171-b062-c0a5-dbf839ac97e9;CD:E6:D3:07;0;AVIÁRIO MEIO;620,00;19/11/2025;13:24:04;20;1283-20
CO2;1283;CT-CO2-0;1f94f8ad-7171-b062-c0a5-dbf839ac97e9;CD:E6:D3:07;0;AVIÁRIO MEIO;620,00;19/11/2025;13:29:38;20;1283-20
CO2;1283;CT-CO2-0;1f94f8ad-7171-b062-c0a5-dbf839ac97e9;CD:E6:D3:07;0;AVIÁRIO MEIO;667,00;19/11/2025;13:34:40;20;1283-20
CO2;1283;CT-CO2-0;1f94f8ad-7171-b062-c0a5-dbf839ac97e9;CD:E6:D3:07;0;AVIÁRIO MEIO;617,00;19/11/2025;13:40:12;20;1283-20
CO2;1283;CT-CO2-0;1f94f8ad-7171-b062-c0a5-dbf839ac97e9;CD:E6:D3:07;0;AVIÁRIO MEIO;607,00;19/11/2025;13:45:14;20;1283-20
CO2;1283;CT-CO2-0;1f94f8ad-7171-b062-c0a5-dbf839ac97e9;CD:E6:D3:07;0;AVIÁRIO MEIO;627,00;19/11/2025;13:50:47;20;1283-20
CO2;1283;CT-CO2-0;1f94f8ad-7171-b062-c0a5-dbf839ac97e9;CD:E6:D3:07;0;AVIÁRIO MEIO;616,00;19/11/2025;13:56:18;20;1283-20
CO2;1283;CT-CO2-0;1f94f8ad-7171-b062-c0a5-dbf839ac97e9;CD:E6:D3:07;0;AVIÁRIO MEIO;614,00;19/11/2025;14:01:22;20;1283-20
CO2;1283;CT-CO2-0;1f94f8ad-7171-b062-c0a5-dbf839ac97e9;CD:E6:D3:07;0;AVIÁRIO MEIO;609,00;19/11/2025;14:06:58;20;1283-20
CO2;1283;CT-CO2-0;1f94f8ad-7171-b062-c0a5-dbf839ac97e9;CD:E6:D3:07;0;AVIÁRIO MEIO;643,00;19/11/2025;14:12:29;20;1283-20
CO2;1283;CT-CO2-0;1f94f8ad-7171-b062-c0a5-dbf839ac97e9;CD:E6:D3:07;0;AVIÁRIO MEIO;595,00;19/11/2025;14:17:31;20;1283-20
CO2;1283;CT-CO2-0;1f94f8ad-7171-b062-c0a5-dbf839ac97e9;CD:E6:D3:07;0;AVIÁRIO MEIO;612,00;19/11/2025;14:23:04;20;1283-20
CO2;1283;CT-CO2-0;1f94f8ad-7171-b062-c0a5-dbf839ac97e9;CD:E6:D3:07;0;AVIÁRIO MEIO;605,00;19/11/2025;14:28:36;20;1283-20
CO2;1283;CT-CO2-0;1f94f8ad-7171-b062-c0a5-dbf839ac97e9;CD:E6:D3:07;0;AVIÁRIO MEIO;601,00;19/11/2025;14:33:38;20;1283-20
CO2;1283;CT-CO2-0;1f94f8ad-7171-b062-c0a5-dbf839ac97e9;CD:E6:D3:07;0;AVIÁRIO MEIO;627,00;19/11/2025;14:39:42;20;1283-20
CO2;1283;CT-CO2-0;1f94f8ad-7171-b062-c0a5-dbf839ac97e9;CD:E6:D3:07;0;AVIÁRIO MEIO;613,00;19/11/2025;14:44:44;20;1283-20
CO2;1283;CT-CO2-0;1f94f8ad-7171-b062-c0a5-dbf839ac97e9;CD:E6:D3:07;0;AVIÁRIO MEIO;618,00;19/11/2025;14:49:48;20;1283-20
CO2;1283;CT-CO2-0;1f94f8ad-7171-b062-c0a5-dbf839ac97e9;CD:E6:D3:07;0;AVIÁRIO MEIO;619,00;19/11/2025;14:55:19;20;1283-20
CO2;1283;CT-CO2-0;1f94f8ad-7171-b062-c0a5-dbf839ac97e9;CD:E6:D3:07;0;AVIÁRIO MEIO;623,00;19/11/2025;15:00:22;20;1283-20
CO2;1283;CT-CO2-0;1f94f8ad-7171-b062-c0a5-dbf839ac97e9;CD:E6:D3:07;0;AVIÁRIO MEIO;600,00;19/11/2025;15:11:32;20;1283-20
CO2;1283;CT-CO2-0;1f94f8ad-7171-b062-c0a5-dbf839ac97e9;CD:E6:D3:07;0;AVIÁRIO MEIO;604,00;19/11/2025;15:22:06;20;1283-20
CO2;1283;CT-CO2-0;1f94f8ad-7171-b062-c0a5-dbf839ac97e9;CD:E6:D3:07;0;AVIÁRIO MEIO;604,00;19/11/2025;15:27:38;20;1283-20
CO2;1283;CT-CO2-0;1f94f8ad-7171-b062-c0a5-dbf839ac97e9;CD:E6:D3:07;0;AVIÁRIO MEIO;563,00;19/11/2025;15:32:40;20;1283-20
CO2;1283;CT-CO2-0;1f94f8ad-7171-b062-c0a5-dbf839ac97e9;CD:E6:D3:07;0;AVIÁRIO MEIO;571,00;19/11/2025;15:38:11;20;1283-20
CO2;1283;CT-CO2-0;1f94f8ad-7171-b062-c0a5-dbf839ac97e9;CD:E6:D3:07;0;AVIÁRIO MEIO;615,00;19/11/2025;15:43:43;20;1283-20
CO2;1283;CT-CO2-0;1f94f8ad-7171-b062-c0a5-dbf839ac97e9;CD:E6:D3:07;0;AVIÁRIO MEIO;630,00;19/11/2025;15:49:17;20;1283-20
CO2;1283;CT-CO2-0;1f94f8ad-7171-b062-c0a5-dbf839ac97e9;CD:E6:D3:07;0;AVIÁRIO MEIO;621,00;19/11/2025;15:54:19;20;1283-20
CO2;1283;CT-CO2-0;1f94f8ad-7171-b062-c0a5-dbf839ac97e9;CD:E6:D3:07;0;AVIÁRIO MEIO;603,00;19/11/2025;15:59:52;20;1283-20
CO2;1283;CT-CO2-0;1f94f8ad-7171-b062-c0a5-dbf839ac97e9;CD:E6:D3:07;0;AVIÁRIO MEIO;607,00;19/11/2025;16:04:55;20;1283-20
CO2;1283;CT-CO2-0;1f94f8ad-7171-b062-c0a5-dbf839ac97e9;CD:E6:D3:07;0;AVIÁRIO MEIO;607,00;19/11/2025;16:10:27;20;1283-20
CO2;1283;CT-CO2-0;1f94f8ad-7171-b062-c0a5-dbf839ac97e9;CD:E6:D3:07;0;AVIÁRIO MEIO;632,00;19/11/2025;16:15:59;20;1283-20
CO2;1283;CT-CO2-0;1f94f8ad-7171-b062-c0a5-dbf839ac97e9;CD:E6:D3:07;0;AVIÁRIO MEIO;613,00;19/11/2025;16:21:01;20;1283-20
CO2;1283;CT-CO2-0;1f94f8ad-7171-b062-c0a5-dbf839ac97e9;CD:E6:D3:07;0;AVIÁRIO MEIO;601,00;19/11/2025;16:26:33;20;1283-20
CO2;1283;CT-CO2-0;1f94f8ad-7171-b062-c0a5-dbf839ac97e9;CD:E6:D3:07;0;AVIÁRIO MEIO;681,00;19/11/2025;16:32:04;20;1283-20
CO2;1283;CT-CO2-0;1f94f8ad-7171-b062-c0a5-dbf839ac97e9;CD:E6:D3:07;0;AVIÁRIO MEIO;621,00;19/11/2025;16:37:07;20;1283-20
CO2;1283;CT-CO2-0;1f94f8ad-7171-b062-c0a5-dbf839ac97e9;CD:E6:D3:07;0;AVIÁRIO MEIO;631,00;19/11/2025;16:42:39;20;1283-20
CO2;1283;CT-CO2-0;1f94f8ad-7171-b062-c0a5-dbf839ac97e9;CD:E6:D3:07;0;AVIÁRIO MEIO;611,00;19/11/2025;16:48:11;20;1283-20
CO2;1283;CT-CO2-0;1f94f8ad-7171-b062-c0a5-dbf839ac97e9;CD:E6:D3:07;0;AVIÁRIO MEIO;634,00;19/11/2025;16:53:12;20;1283-20
CO2;1283;CT-CO2-0;1f94f8ad-7171-b062-c0a5-dbf839ac97e9;CD:E6:D3:07;0;AVIÁRIO MEIO;625,00;19/11/2025;16:59:17;20;1283-20
CO2;1283;CT-CO2-0;1f94f8ad-7171-b062-c0a5-dbf839ac97e9;CD:E6:D3:07;0;AVIÁRIO MEIO;611,00;19/11/2025;17:04:19;20;1283-20
CO2;1283;CT-CO2-0;1f94f8ad-7171-b062-c0a5-dbf839ac97e9;CD:E6:D3:07;0;AVIÁRIO MEIO;665,00;19/11/2025;17:09:21;20;1283-20
CO2;1283;CT-CO2-0;1f94f8ad-7171-b062-c0a5-dbf839ac97e9;CD:E6:D3:07;0;AVIÁRIO MEIO;623,00;19/11/2025;17:14:53;20;1283-20
CO2;1283;CT-CO2-0;1f94f8ad-7171-b062-c0a5-dbf839ac97e9;CD:E6:D3:07;0;AVIÁRIO MEIO;626,00;19/11/2025;17:20:25;20;1283-20
CO2;1283;CT-CO2-0;1f94f8ad-7171-b062-c0a5-dbf839ac97e9;CD:E6:D3:07;0;AVIÁRIO MEIO;612,00;19/11/2025;17:25:27;20;1283-20
CO2;1283;CT-CO2-0;1f94f8ad-7171-b062-c0a5-dbf839ac97e9;CD:E6:D3:07;0;AVIÁRIO MEIO;630,00;19/11/2025;17:30:59;20;1283-20
CO2;1283;CT-CO2-0;1f94f8ad-7171-b062-c0a5-dbf839ac97e9;CD:E6:D3:07;0;AVIÁRIO MEIO;620,00;19/11/2025;17:47:06;20;1283-20
CO2;1283;CT-CO2-0;1f94f8ad-7171-b062-c0a5-dbf839ac97e9;CD:E6:D3:07;0;AVIÁRIO MEIO;625,00;19/11/2025;17:52:37;20;1283-20
CO2;1283;CT-CO2-0;1f94f8ad-7171-b062-c0a5-dbf839ac97e9;CD:E6:D3:07;0;AVIÁRIO MEIO;613,00;19/11/2025;17:57:39;20;1283-20
CO2;1283;CT-CO2-0;1f94f8ad-7171-b062-c0a5-dbf839ac97e9;CD:E6:D3:07;0;AVIÁRIO MEIO;621,00;19/11/2025;18:03:11;20;1283-20
CO2;1283;CT-CO2-0;1f94f8ad-7171-b062-c0a5-dbf839ac97e9;CD:E6:D3:07;0;AVIÁRIO MEIO;641,00;19/11/2025;18:09:15;20;1283-20
CO2;1283;CT-CO2-0;1f94f8ad-7171-b062-c0a5-dbf839ac97e9;CD:E6:D3:07;0;AVIÁRIO MEIO;644,00;19/11/2025;18:13:47;20;1283-20
CO2;1283;CT-CO2-0;1f94f8ad-7171-b062-c0a5-dbf839ac97e9;CD:E6:D3:07;0;AVIÁRIO MEIO;641,00;19/11/2025;18:19:18;20;1283-20
CO2;1283;CT-CO2-0;1f94f8ad-7171-b062-c0a5-dbf839ac97e9;CD:E6:D3:07;0;AVIÁRIO MEIO;634,00;19/11/2025;18:24:51;20;1283-20
CO2;1283;CT-CO2-0;1f94f8ad-7171-b062-c0a5-dbf839ac97e9;CD:E6:D3:07;0;AVIÁRIO MEIO;620,00;19/11/2025;18:29:54;20;1283-20
CO2;1283;CT-CO2-0;1f94f8ad-7171-b062-c0a5-dbf839ac97e9;CD:E6:D3:07;0;AVIÁRIO MEIO;634,00;19/11/2025;18:35:27;20;1283-20
CO2;1283;CT-CO2-0;1f94f8ad-7171-b062-c0a5-dbf839ac97e9;CD:E6:D3:07;0;AVIÁRIO MEIO;667,00;19/11/2025;18:40:29;20;1283-20
CO2;1283;CT-CO2-0;1f94f8ad-7171-b062-c0a5-dbf839ac97e9;CD:E6:D3:07;0;AVIÁRIO MEIO;636,00;19/11/2025;18:46:02;20;1283-20
CO2;1283;CT-CO2-0;1f94f8ad-7171-b062-c0a5-dbf839ac97e9;CD:E6:D3:07;0;AVIÁRIO MEIO;676,00;19/11/2025;19:02:09;20;1283-20
CO2;1283;CT-CO2-0;1f94f8ad-7171-b062-c0a5-dbf839ac97e9;CD:E6:D3:07;0;AVIÁRIO MEIO;716,00;19/11/2025;19:07:42;20;1283-20
CO2;1283;CT-CO2-0;1f94f8ad-7171-b062-c0a5-dbf839ac97e9;CD:E6:D3:07;0;AVIÁRIO MEIO;718,00;19/11/2025;19:12:44;20;1283-20
CO2;1283;CT-CO2-0;1f94f8ad-7171-b062-c0a5-dbf839ac97e9;CD:E6:D3:07;0;AVIÁRIO MEIO;706,00;19/11/2025;19:18:48;20;1283-20
CO2;1283;CT-CO2-0;1f94f8ad-7171-b062-c0a5-dbf839ac97e9;CD:E6:D3:07;0;AVIÁRIO MEIO;714,00;19/11/2025;19:23:50;20;1283-20
CO2;1283;CT-CO2-0;1f94f8ad-7171-b062-c0a5-dbf839ac97e9;CD:E6:D3:07;0;AVIÁRIO MEIO;727,00;19/11/2025;19:28:52;20;1283-20
CO2;1283;CT-CO2-0;1f94f8ad-7171-b062-c0a5-dbf839ac97e9;CD:E6:D3:07;0;AVIÁRIO MEIO;715,00;19/11/2025;19:34:24;20;1283-20
CO2;1283;CT-CO2-0;1f94f8ad-7171-b062-c0a5-dbf839ac97e9;CD:E6:D3:07;0;AVIÁRIO MEIO;729,00;19/11/2025;19:39:57;20;1283-20
CO2;1283;CT-CO2-0;1f94f8ad-7171-b062-c0a5-dbf839ac97e9;CD:E6:D3:07;0;AVIÁRIO MEIO;719,00;19/11/2025;19:44:59;20;1283-20
CO2;1283;CT-CO2-0;1f94f8ad-7171-b062-c0a5-dbf839ac97e9;CD:E6:D3:07;0;AVIÁRIO MEIO;710,00;19/11/2025;19:50:32;20;1283-20
CO2;1283;CT-CO2-0;1f94f8ad-7171-b062-c0a5-dbf839ac97e9;CD:E6:D3:07;0;AVIÁRIO MEIO;735,00;19/11/2025;19:56:04;20;1283-20
CO2;1283;CT-CO2-0;1f94f8ad-7171-b062-c0a5-dbf839ac97e9;CD:E6:D3:07;0;AVIÁRIO MEIO;730,00;19/11/2025;20:01:06;20;1283-20
CO2;1283;CT-CO2-0;1f94f8ad-7171-b062-c0a5-dbf839ac97e9;CD:E6:D3:07;0;AVIÁRIO MEIO;729,00;19/11/2025;20:06:39;20;1283-20
CO2;1283;CT-CO2-0;1f94f8ad-7171-b062-c0a5-dbf839ac97e9;CD:E6:D3:07;0;AVIÁRIO MEIO;713,00;19/11/2025;20:12:12;20;1283-20
CO2;1283;CT-CO2-0;1f94f8ad-7171-b062-c0a5-dbf839ac97e9;CD:E6:D3:07;0;AVIÁRIO MEIO;726,00;19/11/2025;20:17:14;20;1283-20
CO2;1283;CT-CO2-0;1f94f8ad-7171-b062-c0a5-dbf839ac97e9;CD:E6:D3:07;0;AVIÁRIO MEIO;731,00;19/11/2025;20:22:46;20;1283-20
CO2;1283;CT-CO2-0;1f94f8ad-7171-b062-c0a5-dbf839ac97e9;CD:E6:D3:07;0;AVIÁRIO MEIO;728,00;19/11/2025;20:28:50;20;1283-20
CO2;1283;CT-CO2-0;1f94f8ad-7171-b062-c0a5-dbf839ac97e9;CD:E6:D3:07;0;AVIÁRIO MEIO;740,00;19/11/2025;20:33:22;20;1283-20
CO2;1283;CT-CO2-0;1f94f8ad-7171-b062-c0a5-dbf839ac97e9;CD:E6:D3:07;0;AVIÁRIO MEIO;722,00;19/11/2025;20:38:56;20;1283-20
CO2;1283;CT-CO2-0;1f94f8ad-7171-b062-c0a5-dbf839ac97e9;CD:E6:D3:07;0;AVIÁRIO MEIO;734,00;19/11/2025;20:44:29;20;1283-20
CO2;1283;CT-CO2-0;1f94f8ad-7171-b062-c0a5-dbf839ac97e9;CD:E6:D3:07;0;AVIÁRIO MEIO;705,00;19/11/2025;20:49:30;20;1283-20
CO2;1283;CT-CO2-0;1f94f8ad-7171-b062-c0a5-dbf839ac97e9;CD:E6:D3:07;0;AVIÁRIO MEIO;736,00;19/11/2025;20:55:02;20;1283-20
CO2;1283;CT-CO2-0;1f94f8ad-7171-b062-c0a5-dbf839ac97e9;CD:E6:D3:07;0;AVIÁRIO MEIO;746,00;19/11/2025;21:00:34;20;1283-20
CO2;1283;CT-CO2-0;1f94f8ad-7171-b062-c0a5-dbf839ac97e9;CD:E6:D3:07;0;AVIÁRIO MEIO;746,00;19/11/2025;21:06:06;20;1283-20
CO2;1283;CT-CO2-0;1f94f8ad-7171-b062-c0a5-dbf839ac97e9;CD:E6:D3:07;0;AVIÁRIO MEIO;732,00;19/11/2025;21:16:50;20;1283-20
CO2;1283;CT-CO2-0;1f94f8ad-7171-b062-c0a5-dbf839ac97e9;CD:E6:D3:07;0;AVIÁRIO MEIO;759,00;19/11/2025;21:22:24;20;1283-20
CO2;1283;CT-CO2-0;1f94f8ad-7171-b062-c0a5-dbf839ac97e9;CD:E6:D3:07;0;AVIÁRIO MEIO;805,00;19/11/2025;21:27:55;20;1283-20
CO2;1283;CT-CO2-0;1f94f8ad-7171-b062-c0a5-dbf839ac97e9;CD:E6:D3:07;0;AVIÁRIO MEIO;808,00;19/11/2025;21:32:57;20;1283-20
CO2;1283;CT-CO2-0;1f94f8ad-7171-b062-c0a5-dbf839ac97e9;CD:E6:D3:07;0;AVIÁRIO MEIO;796,00;19/11/2025;21:39:02;20;1283-20
CO2;1283;CT-CO2-0;1f94f8ad-7171-b062-c0a5-dbf839ac97e9;CD:E6:D3:07;0;AVIÁRIO MEIO;799,00;19/11/2025;21:44:03;20;1283-20
CO2;1283;CT-CO2-0;1f94f8ad-7171-b062-c0a5-dbf839ac97e9;CD:E6:D3:07;0;AVIÁRIO MEIO;804,00;19/11/2025;21:49:06;20;1283-20
CO2;1283;CT-CO2-0;1f94f8ad-7171-b062-c0a5-dbf839ac97e9;CD:E6:D3:07;0;AVIÁRIO MEIO;806,00;19/11/2025;21:54:38;20;1283-20
CO2;1283;CT-CO2-0;1f94f8ad-7171-b062-c0a5-dbf839ac97e9;CD:E6:D3:07;0;AVIÁRIO MEIO;804,00;19/11/2025;22:00:11;20;1283-20
CO2;1283;CT-CO2-0;1f94f8ad-7171-b062-c0a5-dbf839ac97e9;CD:E6:D3:07;0;AVIÁRIO MEIO;859,00;19/11/2025;22:05:13;20;1283-20
CO2;1283;CT-CO2-0;1f94f8ad-7171-b062-c0a5-dbf839ac97e9;CD:E6:D3:07;0;AVIÁRIO MEIO;908,00;19/11/2025;22:10:55;20;1283-20
CO2;1283;CT-CO2-0;1f94f8ad-7171-b062-c0a5-dbf839ac97e9;CD:E6:D3:07;0;AVIÁRIO MEIO;898,00;19/11/2025;22:15:57;20;1283-20
CO2;1283;CT-CO2-0;1f94f8ad-7171-b062-c0a5-dbf839ac97e9;CD:E6:D3:07;0;AVIÁRIO MEIO;876,00;19/11/2025;22:21:32;20;1283-20
CO2;1283;CT-CO2-0;1f94f8ad-7171-b062-c0a5-dbf839ac97e9;CD:E6:D3:07;0;AVIÁRIO MEIO;868,00;19/11/2025;22:27:04;20;1283-20
CO2;1283;CT-CO2-0;1f94f8ad-7171-b062-c0a5-dbf839ac97e9;CD:E6:D3:07;0;AVIÁRIO MEIO;874,00;19/11/2025;22:32:06;20;1283-20
CO2;1283;CT-CO2-0;1f94f8ad-7171-b062-c0a5-dbf839ac97e9;CD:E6:D3:07;0;AVIÁRIO MEIO;874,00;19/11/2025;22:37:38;20;1283-20
CO2;1283;CT-CO2-0;1f94f8ad-7171-b062-c0a5-dbf839ac97e9;CD:E6:D3:07;0;AVIÁRIO MEIO;885,00;19/11/2025;22:43:12;20;1283-20
CO2;1283;CT-CO2-0;1f94f8ad-7171-b062-c0a5-dbf839ac97e9;CD:E6:D3:07;0;AVIÁRIO MEIO;882,00;19/11/2025;22:48:48;20;1283-20
CO2;1283;CT-CO2-0;1f94f8ad-7171-b062-c0a5-dbf839ac97e9;CD:E6:D3:07;0;AVIÁRIO MEIO;886,00;19/11/2025;22:53:50;20;1283-20
CO2;1283;CT-CO2-0;1f94f8ad-7171-b062-c0a5-dbf839ac97e9;CD:E6:D3:07;0;AVIÁRIO MEIO;876,00;19/11/2025;22:58:52;20;1283-20
CO2;1283;CT-CO2-0;1f94f8ad-7171-b062-c0a5-dbf839ac97e9;CD:E6:D3:07;0;AVIÁRIO MEIO;918,00;19/11/2025;23:06:01;20;1283-20
CO2;1283;CT-CO2-0;1f94f8ad-7171-b062-c0a5-dbf839ac97e9;CD:E6:D3:07;0;AVIÁRIO MEIO;871,00;19/11/2025;23:09:33;20;1283-20
CO2;1283;CT-CO2-0;1f94f8ad-7171-b062-c0a5-dbf839ac97e9;CD:E6:D3:07;0;AVIÁRIO MEIO;870,00;19/11/2025;23:15:06;20;1283-20
CO2;1283;CT-CO2-0;1f94f8ad-7171-b062-c0a5-dbf839ac97e9;CD:E6:D3:07;0;AVIÁRIO MEIO;882,00;19/11/2025;23:20:38;20;1283-20
CO2;1283;CT-CO2-0;1f94f8ad-7171-b062-c0a5-dbf839ac97e9;CD:E6:D3:07;0;AVIÁRIO MEIO;888,00;19/11/2025;23:25:40;20;1283-20
CO2;1283;CT-CO2-0;1f94f8ad-7171-b062-c0a5-dbf839ac97e9;CD:E6:D3:07;0;AVIÁRIO MEIO;867,00;19/11/2025;23:31:12;20;1283-20
CO2;1283;CT-CO2-0;1f94f8ad-7171-b062-c0a5-dbf839ac97e9;CD:E6:D3:07;0;AVIÁRIO MEIO;879,00;19/11/2025;23:36:45;20;1283-20
CO2;1283;CT-CO2-0;1f94f8ad-7171-b062-c0a5-dbf839ac97e9;CD:E6:D3:07;0;AVIÁRIO MEIO;932,00;19/11/2025;23:41:47;20;1283-20
CO2;1283;CT-CO2-0;1f94f8ad-7171-b062-c0a5-dbf839ac97e9;CD:E6:D3:07;0;AVIÁRIO MEIO;881,00;19/11/2025;23:47:19;20;1283-20
CO2;1283;CT-CO2-0;1f94f8ad-7171-b062-c0a5-dbf839ac97e9;CD:E6:D3:07;0;AVIÁRIO MEIO;858,00;19/11/2025;23:52:51;20;1283-20
CO2;1283;CT-CO2-0;1f94f8ad-7171-b062-c0a5-dbf839ac97e9;CD:E6:D3:07;0;AVIÁRIO MEIO;865,00;19/11/2025;23:57:55;20;1283-20
CO2;1283;CT-CO2-0;1f94f8ad-7171-b062-c0a5-dbf839ac97e9;CD:E6:D3:07;0;AVIÁRIO MEIO;873,00;20/11/2025;00:03:28;20;1283-20
CO2;1283;CT-CO2-0;1f94f8ad-7171-b062-c0a5-dbf839ac97e9;CD:E6:D3:07;0;AVIÁRIO MEIO;882,00;20/11/2025;00:08:59;20;1283-20
CO2;1283;CT-CO2-0;1f94f8ad-7171-b062-c0a5-dbf839ac97e9;CD:E6:D3:07;0;AVIÁRIO MEIO;881,00;20/11/2025;00:14:34;20;1283-20
CO2;1283;CT-CO2-0;1f94f8ad-7171-b062-c0a5-dbf839ac97e9;CD:E6:D3:07;0;AVIÁRIO MEIO;881,00;20/11/2025;00:19:35;20;1283-20
CO2;1283;CT-CO2-0;1f94f8ad-7171-b062-c0a5-dbf839ac97e9;CD:E6:D3:07;0;AVIÁRIO MEIO;861,00;20/11/2025;00:25:08;20;1283-20
CO2;1283;CT-CO2-0;1f94f8ad-7171-b062-c0a5-dbf839ac97e9;CD:E6:D3:07;0;AVIÁRIO MEIO;866,00;20/11/2025;00:30:10;20;1283-20
CO2;1283;CT-CO2-0;1f94f8ad-7171-b062-c0a5-dbf839ac97e9;CD:E6:D3:07;0;AVIÁRIO MEIO;876,00;20/11/2025;00:35:42;20;1283-20
CO2;1283;CT-CO2-0;1f94f8ad-7171-b062-c0a5-dbf839ac97e9;CD:E6:D3:07;0;AVIÁRIO MEIO;871,00;20/11/2025;00:41:15;20;1283-20
CO2;1283;CT-CO2-0;1f94f8ad-7171-b062-c0a5-dbf839ac97e9;CD:E6:D3:07;0;AVIÁRIO MEIO;874,00;20/11/2025;00:46:16;20;1283-20
CO2;1283;CT-CO2-0;1f94f8ad-7171-b062-c0a5-dbf839ac97e9;CD:E6:D3:07;0;AVIÁRIO MEIO;865,00;20/11/2025;00:51:48;20;1283-20
CO2;1283;CT-CO2-0;1f94f8ad-7171-b062-c0a5-dbf839ac97e9;CD:E6:D3:07;0;AVIÁRIO MEIO;869,00;20/11/2025;00:57:20;20;1283-20
CO2;1283;CT-CO2-0;1f94f8ad-7171-b062-c0a5-dbf839ac97e9;CD:E6:D3:07;0;AVIÁRIO MEIO;851,00;20/11/2025;01:02:24;20;1283-20
CO2;1283;CT-CO2-0;1f94f8ad-7171-b062-c0a5-dbf839ac97e9;CD:E6:D3:07;0;AVIÁRIO MEIO;860,00;20/11/2025;01:07:56;20;1283-20
CO2;1283;CT-CO2-0;1f94f8ad-7171-b062-c0a5-dbf839ac97e9;CD:E6:D3:07;0;AVIÁRIO MEIO;849,00;20/11/2025;01:13:28;20;1283-20
CO2;1283;CT-CO2-0;1f94f8ad-7171-b062-c0a5-dbf839ac97e9;CD:E6:D3:07;0;AVIÁRIO MEIO;861,00;20/11/2025;01:18:30;20;1283-20
CO2;1283;CT-CO2-0;1f94f8ad-7171-b062-c0a5-dbf839ac97e9;CD:E6:D3:07;0;AVIÁRIO MEIO;843,00;20/11/2025;01:24:35;20;1283-20
CO2;1283;CT-CO2-0;1f94f8ad-7171-b062-c0a5-dbf839ac97e9;CD:E6:D3:07;0;AVIÁRIO MEIO;868,00;20/11/2025;01:29:36;20;1283-20
CO2;1283;CT-CO2-0;1f94f8ad-7171-b062-c0a5-dbf839ac97e9;CD:E6:D3:07;0;AVIÁRIO MEIO;862,00;20/11/2025;01:34:38;20;1283-20
CO2;1283;CT-CO2-0;1f94f8ad-7171-b062-c0a5-dbf839ac97e9;CD:E6:D3:07;0;AVIÁRIO MEIO;857,00;20/11/2025;01:40:10;20;1283-20
CO2;1283;CT-CO2-0;1f94f8ad-7171-b062-c0a5-dbf839ac97e9;CD:E6:D3:07;0;AVIÁRIO MEIO;855,00;20/11/2025;01:45:42;20;1283-20
CO2;1283;CT-CO2-0;1f94f8ad-7171-b062-c0a5-dbf839ac97e9;CD:E6:D3:07;0;AVIÁRIO MEIO;876,00;20/11/2025;01:50:44;20;1283-20
CO2;1283;CT-CO2-0;1f94f8ad-7171-b062-c0a5-dbf839ac97e9;CD:E6:D3:07;0;AVIÁRIO MEIO;873,00;20/11/2025;01:56:16;20;1283-20
CO2;1283;CT-CO2-0;1f94f8ad-7171-b062-c0a5-dbf839ac97e9;CD:E6:D3:07;0;AVIÁRIO MEIO;871,00;20/11/2025;02:01:49;20;1283-20
CO2;1283;CT-CO2-0;1f94f8ad-7171-b062-c0a5-dbf839ac97e9;CD:E6:D3:07;0;AVIÁRIO MEIO;899,00;20/11/2025;02:06:52;20;1283-20
CO2;1283;CT-CO2-0;1f94f8ad-7171-b062-c0a5-dbf839ac97e9;CD:E6:D3:07;0;AVIÁRIO MEIO;863,00;20/11/2025;02:12:24;20;1283-20
CO2;1283;CT-CO2-0;1f94f8ad-7171-b062-c0a5-dbf839ac97e9;CD:E6:D3:07;0;AVIÁRIO MEIO;866,00;20/11/2025;02:17:56;20;1283-20
CO2;1283;CT-CO2-0;1f94f8ad-7171-b062-c0a5-dbf839ac97e9;CD:E6:D3:07;0;AVIÁRIO MEIO;860,00;20/11/2025;02:22:58;20;1283-20
CO2;1283;CT-CO2-0;1f94f8ad-7171-b062-c0a5-dbf839ac97e9;CD:E6:D3:07;0;AVIÁRIO MEIO;881,00;20/11/2025;02:28:30;20;1283-20
CO2;1283;CT-CO2-0;1f94f8ad-7171-b062-c0a5-dbf839ac97e9;CD:E6:D3:07;0;AVIÁRIO MEIO;868,00;20/11/2025;02:34:32;20;1283-20
CO2;1283;CT-CO2-0;1f94f8ad-7171-b062-c0a5-dbf839ac97e9;CD:E6:D3:07;0;AVIÁRIO MEIO;874,00;20/11/2025;02:39:05;20;1283-20
CO2;1283;CT-CO2-0;1f94f8ad-7171-b062-c0a5-dbf839ac97e9;CD:E6:D3:07;0;AVIÁRIO MEIO;858,00;20/11/2025;02:44:36;20;1283-20
CO2;1283;CT-CO2-0;1f94f8ad-7171-b062-c0a5-dbf839ac97e9;CD:E6:D3:07;0;AVIÁRIO MEIO;858,00;20/11/2025;02:50:09;20;1283-20
CO2;1283;CT-CO2-0;1f94f8ad-7171-b062-c0a5-dbf839ac97e9;CD:E6:D3:07;0;AVIÁRIO MEIO;852,00;20/11/2025;02:55:12;20;1283-20
CO2;1283;CT-CO2-0;1f94f8ad-7171-b062-c0a5-dbf839ac97e9;CD:E6:D3:07;0;AVIÁRIO MEIO;858,00;20/11/2025;03:00:44;20;1283-20
CO2;1283;CT-CO2-0;1f94f8ad-7171-b062-c0a5-dbf839ac97e9;CD:E6:D3:07;0;AVIÁRIO MEIO;848,00;20/11/2025;03:06:16;20;1283-20
CO2;1283;CT-CO2-0;1f94f8ad-7171-b062-c0a5-dbf839ac97e9;CD:E6:D3:07;0;AVIÁRIO MEIO;853,00;20/11/2025;03:11:23;20;1283-20
CO2;1283;CT-CO2-0;1f94f8ad-7171-b062-c0a5-dbf839ac97e9;CD:E6:D3:07;0;AVIÁRIO MEIO;845,00;20/11/2025;03:16:59;20;1283-20
CO2;1283;CT-CO2-0;1f94f8ad-7171-b062-c0a5-dbf839ac97e9;CD:E6:D3:07;0;AVIÁRIO MEIO;831,00;20/11/2025;03:22:02;20;1283-20
CO2;1283;CT-CO2-0;1f94f8ad-7171-b062-c0a5-dbf839ac97e9;CD:E6:D3:07;0;AVIÁRIO MEIO;849,00;20/11/2025;03:27:33;20;1283-20
CO2;1283;CT-CO2-0;1f94f8ad-7171-b062-c0a5-dbf839ac97e9;CD:E6:D3:07;0;AVIÁRIO MEIO;851,00;20/11/2025;03:33:06;20;1283-20
CO2;1283;CT-CO2-0;1f94f8ad-7171-b062-c0a5-dbf839ac97e9;CD:E6:D3:07;0;AVIÁRIO MEIO;844,00;20/11/2025;03:38:08;20;1283-20
CO2;1283;CT-CO2-0;1f94f8ad-7171-b062-c0a5-dbf839ac97e9;CD:E6:D3:07;0;AVIÁRIO MEIO;852,00;20/11/2025;03:44:11;20;1283-20
CO2;1283;CT-CO2-0;1f94f8ad-7171-b062-c0a5-dbf839ac97e9;CD:E6:D3:07;0;AVIÁRIO MEIO;861,00;20/11/2025;03:49:13;20;1283-20
CO2;1283;CT-CO2-0;1f94f8ad-7171-b062-c0a5-dbf839ac97e9;CD:E6:D3:07;0;AVIÁRIO MEIO;883,00;20/11/2025;03:54:17;20;1283-20
CO2;1283;CT-CO2-0;1f94f8ad-7171-b062-c0a5-dbf839ac97e9;CD:E6:D3:07;0;AVIÁRIO MEIO;890,00;20/11/2025;03:59:49;20;1283-20
CO2;1283;CT-CO2-0;1f94f8ad-7171-b062-c0a5-dbf839ac97e9;CD:E6:D3:07;0;AVIÁRIO MEIO;886,00;20/11/2025;04:04:51;20;1283-20
CO2;1283;CT-CO2-0;1f94f8ad-7171-b062-c0a5-dbf839ac97e9;CD:E6:D3:07;0;AVIÁRIO MEIO;903,00;20/11/2025;04:10:23;20;1283-20
CO2;1283;CT-CO2-0;1f94f8ad-7171-b062-c0a5-dbf839ac97e9;CD:E6:D3:07;0;AVIÁRIO MEIO;904,00;20/11/2025;04:15:56;20;1283-20
CO2;1283;CT-CO2-0;1f94f8ad-7171-b062-c0a5-dbf839ac97e9;CD:E6:D3:07;0;AVIÁRIO MEIO;908,00;20/11/2025;04:20:58;20;1283-20
CO2;1283;CT-CO2-0;1f94f8ad-7171-b062-c0a5-dbf839ac97e9;CD:E6:D3:07;0;AVIÁRIO MEIO;866,00;20/11/2025;04:32:02;20;1283-20
CO2;1283;CT-CO2-0;1f94f8ad-7171-b062-c0a5-dbf839ac97e9;CD:E6:D3:07;0;AVIÁRIO MEIO;871,00;20/11/2025;04:37:03;20;1283-20
CO2;1283;CT-CO2-0;1f94f8ad-7171-b062-c0a5-dbf839ac97e9;CD:E6:D3:07;0;AVIÁRIO MEIO;889,00;20/11/2025;04:42:35;20;1283-20
CO2;1283;CT-CO2-0;1f94f8ad-7171-b062-c0a5-dbf839ac97e9;CD:E6:D3:07;0;AVIÁRIO MEIO;878,00;20/11/2025;04:48:07;20;1283-20
CO2;1283;CT-CO2-0;1f94f8ad-7171-b062-c0a5-dbf839ac97e9;CD:E6:D3:07;0;AVIÁRIO MEIO;863,00;20/11/2025;04:53:41;20;1283-20
CO2;1283;CT-CO2-0;1f94f8ad-7171-b062-c0a5-dbf839ac97e9;CD:E6:D3:07;0;AVIÁRIO MEIO;868,00;20/11/2025;04:58:43;20;1283-20
CO2;1283;CT-CO2-0;1f94f8ad-7171-b062-c0a5-dbf839ac97e9;CD:E6:D3:07;0;AVIÁRIO MEIO;848,00;20/11/2025;05:04:15;20;1283-20
CO2;1283;CT-CO2-0;1f94f8ad-7171-b062-c0a5-dbf839ac97e9;CD:E6:D3:07;0;AVIÁRIO MEIO;856,00;20/11/2025;05:09:17;20;1283-20
CO2;1283;CT-CO2-0;1f94f8ad-7171-b062-c0a5-dbf839ac97e9;CD:E6:D3:07;0;AVIÁRIO MEIO;839,00;20/11/2025;05:14:49;20;1283-20
CO2;1283;CT-CO2-0;1f94f8ad-7171-b062-c0a5-dbf839ac97e9;CD:E6:D3:07;0;AVIÁRIO MEIO;865,00;20/11/2025;05:20:22;20;1283-20
CO2;1283;CT-CO2-0;1f94f8ad-7171-b062-c0a5-dbf839ac97e9;CD:E6:D3:07;0;AVIÁRIO MEIO;866,00;20/11/2025;05:25:24;20;1283-20
CO2;1283;CT-CO2-0;1f94f8ad-7171-b062-c0a5-dbf839ac97e9;CD:E6:D3:07;0;AVIÁRIO MEIO;869,00;20/11/2025;05:30:56;20;1283-20
CO2;1283;CT-CO2-0;1f94f8ad-7171-b062-c0a5-dbf839ac97e9;CD:E6:D3:07;0;AVIÁRIO MEIO;907,00;20/11/2025;05:36:30;20;1283-20
CO2;1283;CT-CO2-0;1f94f8ad-7171-b062-c0a5-dbf839ac97e9;CD:E6:D3:07;0;AVIÁRIO MEIO;904,00;20/11/2025;05:47:04;20;1283-20
CO2;1283;CT-CO2-0;1f94f8ad-7171-b062-c0a5-dbf839ac97e9;CD:E6:D3:07;0;AVIÁRIO MEIO;894,00;20/11/2025;05:52:36;20;1283-20
CO2;1283;CT-CO2-0;1f94f8ad-7171-b062-c0a5-dbf839ac97e9;CD:E6:D3:07;0;AVIÁRIO MEIO;885,00;20/11/2025;05:57:38;20;1283-20
CO2;1283;CT-CO2-0;1f94f8ad-7171-b062-c0a5-dbf839ac97e9;CD:E6:D3:07;0;AVIÁRIO MEIO;900,00;20/11/2025;06:03:42;20;1283-20
CO2;1283;CT-CO2-0;1f94f8ad-7171-b062-c0a5-dbf839ac97e9;CD:E6:D3:07;0;AVIÁRIO MEIO;993,00;20/11/2025;06:08:46;20;1283-20
CO2;1283;CT-CO2-0;1f94f8ad-7171-b062-c0a5-dbf839ac97e9;CD:E6:D3:07;0;AVIÁRIO MEIO;895,00;20/11/2025;06:13:47;20;1283-20
CO2;1283;CT-CO2-0;1f94f8ad-7171-b062-c0a5-dbf839ac97e9;CD:E6:D3:07;0;AVIÁRIO MEIO;916,00;20/11/2025;06:19:19;20;1283-20
CO2;1283;CT-CO2-0;1f94f8ad-7171-b062-c0a5-dbf839ac97e9;CD:E6:D3:07;0;AVIÁRIO MEIO;930,00;20/11/2025;06:24:51;20;1283-20
CO2;1283;CT-CO2-0;1f94f8ad-7171-b062-c0a5-dbf839ac97e9;CD:E6:D3:07;0;AVIÁRIO MEIO;923,00;20/11/2025;06:29:53;20;1283-20
CO2;1283;CT-CO2-0;1f94f8ad-7171-b062-c0a5-dbf839ac97e9;CD:E6:D3:07;0;AVIÁRIO MEIO;931,00;20/11/2025;06:35:24;20;1283-20
CO2;1283;CT-CO2-0;1f94f8ad-7171-b062-c0a5-dbf839ac97e9;CD:E6:D3:07;0;AVIÁRIO MEIO;927,00;20/11/2025;06:40:59;20;1283-20
CO2;1283;CT-CO2-0;1f94f8ad-7171-b062-c0a5-dbf839ac97e9;CD:E6:D3:07;0;AVIÁRIO MEIO;923,00;20/11/2025;06:46:00;20;1283-20
CO2;1283;CT-CO2-0;1f94f8ad-7171-b062-c0a5-dbf839ac97e9;CD:E6:D3:07;0;AVIÁRIO MEIO;938,00;20/11/2025;06:57:05;20;1283-20
CO2;1283;CT-CO2-0;1f94f8ad-7171-b062-c0a5-dbf839ac97e9;CD:E6:D3:07;0;AVIÁRIO MEIO;921,00;20/11/2025;07:02:13;20;1283-20
CO2;1283;CT-CO2-0;1f94f8ad-7171-b062-c0a5-dbf839ac97e9;CD:E6:D3:07;0;AVIÁRIO MEIO;917,00;20/11/2025;07:07:46;20;1283-20
CO2;1283;CT-CO2-0;1f94f8ad-7171-b062-c0a5-dbf839ac97e9;CD:E6:D3:07;0;AVIÁRIO MEIO;925,00;20/11/2025;07:13:20;20;1283-20
CO2;1283;CT-CO2-0;1f94f8ad-7171-b062-c0a5-dbf839ac97e9;CD:E6:D3:07;0;AVIÁRIO MEIO;1.163,00;20/11/2025;07:18:22;20;1283-20
CO2;1283;CT-CO2-0;1f94f8ad-7171-b062-c0a5-dbf839ac97e9;CD:E6:D3:07;0;AVIÁRIO MEIO;974,00;20/11/2025;07:23:54;20;1283-20
CO2;1283;CT-CO2-0;1f94f8ad-7171-b062-c0a5-dbf839ac97e9;CD:E6:D3:07;0;AVIÁRIO MEIO;934,00;20/11/2025;07:28:56;20;1283-20
CO2;1283;CT-CO2-0;1f94f8ad-7171-b062-c0a5-dbf839ac97e9;CD:E6:D3:07;0;AVIÁRIO MEIO;924,00;20/11/2025;07:34:28;20;1283-20
CO2;1283;CT-CO2-0;1f94f8ad-7171-b062-c0a5-dbf839ac97e9;CD:E6:D3:07;0;AVIÁRIO MEIO;935,00;20/11/2025;07:40:00;20;1283-20
CO2;1283;CT-CO2-0;1f94f8ad-7171-b062-c0a5-dbf839ac97e9;CD:E6:D3:07;0;AVIÁRIO MEIO;975,00;20/11/2025;07:45:02;20;1283-20
CO2;1283;CT-CO2-0;1f94f8ad-7171-b062-c0a5-dbf839ac97e9;CD:E6:D3:07;0;AVIÁRIO MEIO;904,00;20/11/2025;07:50:34;20;1283-20
CO2;1283;CT-CO2-0;1f94f8ad-7171-b062-c0a5-dbf839ac97e9;CD:E6:D3:07;0;AVIÁRIO MEIO;896,00;20/11/2025;07:56:06;20;1283-20
CO2;1283;CT-CO2-0;1f94f8ad-7171-b062-c0a5-dbf839ac97e9;CD:E6:D3:07;0;AVIÁRIO MEIO;887,00;20/11/2025;08:01:08;20;1283-20
CO2;1283;CT-CO2-0;1f94f8ad-7171-b062-c0a5-dbf839ac97e9;CD:E6:D3:07;0;AVIÁRIO MEIO;887,00;20/11/2025;08:06:40;20;1283-20
CO2;1283;CT-CO2-0;1f94f8ad-7171-b062-c0a5-dbf839ac97e9;CD:E6:D3:07;0;AVIÁRIO MEIO;904,00;20/11/2025;08:12:12;20;1283-20
CO2;1283;CT-CO2-0;1f94f8ad-7171-b062-c0a5-dbf839ac97e9;CD:E6:D3:07;0;AVIÁRIO MEIO;892,00;20/11/2025;08:17:15;20;1283-20
CO2;1283;CT-CO2-0;1f94f8ad-7171-b062-c0a5-dbf839ac97e9;CD:E6:D3:07;0;AVIÁRIO MEIO;817,00;20/11/2025;08:23:20;20;1283-20
CO2;1283;CT-CO2-0;1f94f8ad-7171-b062-c0a5-dbf839ac97e9;CD:E6:D3:07;0;AVIÁRIO MEIO;780,00;20/11/2025;08:27:52;20;1283-20
CO2;1283;CT-CO2-0;1f94f8ad-7171-b062-c0a5-dbf839ac97e9;CD:E6:D3:07;0;AVIÁRIO MEIO;736,00;20/11/2025;08:33:25;20;1283-20
CO2;1283;CT-CO2-0;1f94f8ad-7171-b062-c0a5-dbf839ac97e9;CD:E6:D3:07;0;AVIÁRIO MEIO;721,00;20/11/2025;08:38:59;20;1283-20
CO2;1283;CT-CO2-0;1f94f8ad-7171-b062-c0a5-dbf839ac97e9;CD:E6:D3:07;0;AVIÁRIO MEIO;691,00;20/11/2025;08:44:01;20;1283-20
CO2;1283;CT-CO2-0;1f94f8ad-7171-b062-c0a5-dbf839ac97e9;CD:E6:D3:07;0;AVIÁRIO MEIO;684,00;20/11/2025;08:49:33;20;1283-20
CO2;1283;CT-CO2-0;1f94f8ad-7171-b062-c0a5-dbf839ac97e9;CD:E6:D3:07;0;AVIÁRIO MEIO;689,00;20/11/2025;08:55:05;20;1283-20
CO2;1283;CT-CO2-0;1f94f8ad-7171-b062-c0a5-dbf839ac97e9;CD:E6:D3:07;0;AVIÁRIO MEIO;679,00;20/11/2025;09:00:07;20;1283-20
CO2;1283;CT-CO2-0;1f94f8ad-7171-b062-c0a5-dbf839ac97e9;CD:E6:D3:07;0;AVIÁRIO MEIO;655,00;20/11/2025;09:05:39;20;1283-20
CO2;1283;CT-CO2-0;1f94f8ad-7171-b062-c0a5-dbf839ac97e9;CD:E6:D3:07;0;AVIÁRIO MEIO;649,00;20/11/2025;09:11:12;20;1283-20
CO2;1283;CT-CO2-0;1f94f8ad-7171-b062-c0a5-dbf839ac97e9;CD:E6:D3:07;0;AVIÁRIO MEIO;647,00;20/11/2025;09:16:14;20;1283-20
CO2;1283;CT-CO2-0;1f94f8ad-7171-b062-c0a5-dbf839ac97e9;CD:E6:D3:07;0;AVIÁRIO MEIO;650,00;20/11/2025;09:21:46;20;1283-20
CO2;1283;CT-CO2-0;1f94f8ad-7171-b062-c0a5-dbf839ac97e9;CD:E6:D3:07;0;AVIÁRIO MEIO;636,00;20/11/2025;09:27:18;20;1283-20
CO2;1283;CT-CO2-0;1f94f8ad-7171-b062-c0a5-dbf839ac97e9;CD:E6:D3:07;0;AVIÁRIO MEIO;627,00;20/11/2025;09:32:53;20;1283-20
CO2;1283;CT-CO2-0;1f94f8ad-7171-b062-c0a5-dbf839ac97e9;CD:E6:D3:07;0;AVIÁRIO MEIO;629,00;20/11/2025;09:37:55;20;1283-20
CO2;1283;CT-CO2-0;1f94f8ad-7171-b062-c0a5-dbf839ac97e9;CD:E6:D3:07;0;AVIÁRIO MEIO;632,00;20/11/2025;09:42:57;20;1283-20
CO2;1283;CT-CO2-0;1f94f8ad-7171-b062-c0a5-dbf839ac97e9;CD:E6:D3:07;0;AVIÁRIO MEIO;649,00;20/11/2025;09:48:30;20;1283-20
CO2;1283;CT-CO2-0;1f94f8ad-7171-b062-c0a5-dbf839ac97e9;CD:E6:D3:07;0;AVIÁRIO MEIO;639,00;20/11/2025;09:54:03;20;1283-20
CO2;1283;CT-CO2-0;1f94f8ad-7171-b062-c0a5-dbf839ac97e9;CD:E6:D3:07;0;AVIÁRIO MEIO;616,00;20/11/2025;09:59:05;20;1283-20
CO2;1283;CT-CO2-0;1f94f8ad-7171-b062-c0a5-dbf839ac97e9;CD:E6:D3:07;0;AVIÁRIO MEIO;635,00;20/11/2025;10:04:37;20;1283-20
CO2;1283;CT-CO2-0;1f94f8ad-7171-b062-c0a5-dbf839ac97e9;CD:E6:D3:07;0;AVIÁRIO MEIO;607,00;20/11/2025;10:10:09;20;1283-20
CO2;1283;CT-CO2-0;1f94f8ad-7171-b062-c0a5-dbf839ac97e9;CD:E6:D3:07;0;AVIÁRIO MEIO;617,00;20/11/2025;10:15:12;20;1283-20
CO2;1283;CT-CO2-0;1f94f8ad-7171-b062-c0a5-dbf839ac97e9;CD:E6:D3:07;0;AVIÁRIO MEIO;618,00;20/11/2025;10:20:44;20;1283-20
CO2;1283;CT-CO2-0;1f94f8ad-7171-b062-c0a5-dbf839ac97e9;CD:E6:D3:07;0;AVIÁRIO MEIO;600,00;20/11/2025;10:26:15;20;1283-20
CO2;1283;CT-CO2-0;1f94f8ad-7171-b062-c0a5-dbf839ac97e9;CD:E6:D3:07;0;AVIÁRIO MEIO;597,00;20/11/2025;10:31:17;20;1283-20
CO2;1283;CT-CO2-0;1f94f8ad-7171-b062-c0a5-dbf839ac97e9;CD:E6:D3:07;0;AVIÁRIO MEIO;606,00;20/11/2025;10:36:49;20;1283-20
CO2;1283;CT-CO2-0;1f94f8ad-7171-b062-c0a5-dbf839ac97e9;CD:E6:D3:07;0;AVIÁRIO MEIO;606,00;20/11/2025;10:42:53;20;1283-20
CO2;1283;CT-CO2-0;1f94f8ad-7171-b062-c0a5-dbf839ac97e9;CD:E6:D3:07;0;AVIÁRIO MEIO;614,00;20/11/2025;10:47:26;20;1283-20
CO2;1283;CT-CO2-0;1f94f8ad-7171-b062-c0a5-dbf839ac97e9;CD:E6:D3:07;0;AVIÁRIO MEIO;612,00;20/11/2025;10:52:57;20;1283-20
CO2;1283;CT-CO2-0;1f94f8ad-7171-b062-c0a5-dbf839ac97e9;CD:E6:D3:07;0;AVIÁRIO MEIO;612,00;20/11/2025;10:58:29;20;1283-20
CO2;1283;CT-CO2-0;1f94f8ad-7171-b062-c0a5-dbf839ac97e9;CD:E6:D3:07;0;AVIÁRIO MEIO;615,00;20/11/2025;11:03:31;20;1283-20
CO2;1283;CT-CO2-0;1f94f8ad-7171-b062-c0a5-dbf839ac97e9;CD:E6:D3:07;0;AVIÁRIO MEIO;626,00;20/11/2025;11:09:04;20;1283-20
CO2;1283;CT-CO2-0;1f94f8ad-7171-b062-c0a5-dbf839ac97e9;CD:E6:D3:07;0;AVIÁRIO MEIO;607,00;20/11/2025;11:14:36;20;1283-20
CO2;1283;CT-CO2-0;1f94f8ad-7171-b062-c0a5-dbf839ac97e9;CD:E6:D3:07;0;AVIÁRIO MEIO;637,00;20/11/2025;11:19:39;20;1283-20
CO2;1283;CT-CO2-0;1f94f8ad-7171-b062-c0a5-dbf839ac97e9;CD:E6:D3:07;0;AVIÁRIO MEIO;598,00;20/11/2025;11:25:12;20;1283-20
CO2;1283;CT-CO2-0;1f94f8ad-7171-b062-c0a5-dbf839ac97e9;CD:E6:D3:07;0;AVIÁRIO MEIO;678,00;20/11/2025;11:30:44;20;1283-20
CO2;1283;CT-CO2-0;1f94f8ad-7171-b062-c0a5-dbf839ac97e9;CD:E6:D3:07;0;AVIÁRIO MEIO;685,00;20/11/2025;11:35:45;20;1283-20
CO2;1283;CT-CO2-0;1f94f8ad-7171-b062-c0a5-dbf839ac97e9;CD:E6:D3:07;0;AVIÁRIO MEIO;631,00;20/11/2025;11:41:18;20;1283-20
CO2;1283;CT-CO2-0;1f94f8ad-7171-b062-c0a5-dbf839ac97e9;CD:E6:D3:07;0;AVIÁRIO MEIO;587,00;20/11/2025;11:46:50;20;1283-20
CO2;1283;CT-CO2-0;1f94f8ad-7171-b062-c0a5-dbf839ac97e9;CD:E6:D3:07;0;AVIÁRIO MEIO;590,00;20/11/2025;11:52:25;20;1283-20
CO2;1283;CT-CO2-0;1f94f8ad-7171-b062-c0a5-dbf839ac97e9;CD:E6:D3:07;0;AVIÁRIO MEIO;600,00;20/11/2025;11:57:29;20;1283-20
CO2;1283;CT-CO2-0;1f94f8ad-7171-b062-c0a5-dbf839ac97e9;CD:E6:D3:07;0;AVIÁRIO MEIO;578,00;20/11/2025;12:02:31;20;1283-20
CO2;1283;CT-CO2-0;1f94f8ad-7171-b062-c0a5-dbf839ac97e9;CD:E6:D3:07;0;AVIÁRIO MEIO;596,00;20/11/2025;12:08:02;20;1283-20
CO2;1283;CT-CO2-0;1f94f8ad-7171-b062-c0a5-dbf839ac97e9;CD:E6:D3:07;0;AVIÁRIO MEIO;596,00;20/11/2025;12:13:34;20;1283-20
CO2;1283;CT-CO2-0;1f94f8ad-7171-b062-c0a5-dbf839ac97e9;CD:E6:D3:07;0;AVIÁRIO MEIO;577,00;20/11/2025;12:18:36;20;1283-20
CO2;1283;CT-CO2-0;1f94f8ad-7171-b062-c0a5-dbf839ac97e9;CD:E6:D3:07;0;AVIÁRIO MEIO;592,00;20/11/2025;12:24:08;20;1283-20
CO2;1283;CT-CO2-0;1f94f8ad-7171-b062-c0a5-dbf839ac97e9;CD:E6:D3:07;0;AVIÁRIO MEIO;585,00;20/11/2025;12:29:40;20;1283-20
CO2;1283;CT-CO2-0;1f94f8ad-7171-b062-c0a5-dbf839ac97e9;CD:E6:D3:07;0;AVIÁRIO MEIO;589,00;20/11/2025;12:34:42;20;1283-20
CO2;1283;CT-CO2-0;1f94f8ad-7171-b062-c0a5-dbf839ac97e9;CD:E6:D3:07;0;AVIÁRIO MEIO;595,00;20/11/2025;12:40:15;20;1283-20
CO2;1283;CT-CO2-0;1f94f8ad-7171-b062-c0a5-dbf839ac97e9;CD:E6:D3:07;0;AVIÁRIO MEIO;586,00;20/11/2025;12:45:47;20;1283-20
CO2;1283;CT-CO2-0;1f94f8ad-7171-b062-c0a5-dbf839ac97e9;CD:E6:D3:07;0;AVIÁRIO MEIO;589,00;20/11/2025;12:50:50;20;1283-20
CO2;1283;CT-CO2-0;1f94f8ad-7171-b062-c0a5-dbf839ac97e9;CD:E6:D3:07;0;AVIÁRIO MEIO;591,00;20/11/2025;13:02:30;20;1283-20
CO2;1283;CT-CO2-0;1f94f8ad-7171-b062-c0a5-dbf839ac97e9;CD:E6:D3:07;0;AVIÁRIO MEIO;593,00;20/11/2025;13:07:04;20;1283-20
CO2;1283;CT-CO2-0;1f94f8ad-7171-b062-c0a5-dbf839ac97e9;CD:E6:D3:07;0;AVIÁRIO MEIO;585,00;20/11/2025;13:12:38;20;1283-20
CO2;1283;CT-CO2-0;1f94f8ad-7171-b062-c0a5-dbf839ac97e9;CD:E6:D3:07;0;AVIÁRIO MEIO;609,00;20/11/2025;13:17:40;20;1283-20
CO2;1283;CT-CO2-0;1f94f8ad-7171-b062-c0a5-dbf839ac97e9;CD:E6:D3:07;0;AVIÁRIO MEIO;588,00;20/11/2025;13:23:12;20;1283-20
CO2;1283;CT-CO2-0;1f94f8ad-7171-b062-c0a5-dbf839ac97e9;CD:E6:D3:07;0;AVIÁRIO MEIO;586,00;20/11/2025;13:28:45;20;1283-20
CO2;1283;CT-CO2-0;1f94f8ad-7171-b062-c0a5-dbf839ac97e9;CD:E6:D3:07;0;AVIÁRIO MEIO;586,00;20/11/2025;13:33:47;20;1283-20
CO2;1283;CT-CO2-0;1f94f8ad-7171-b062-c0a5-dbf839ac97e9;CD:E6:D3:07;0;AVIÁRIO MEIO;591,00;20/11/2025;13:39:19;20;1283-20
CO2;1283;CT-CO2-0;1f94f8ad-7171-b062-c0a5-dbf839ac97e9;CD:E6:D3:07;0;AVIÁRIO MEIO;584,00;20/11/2025;13:44:52;20;1283-20
CO2;1283;CT-CO2-0;1f94f8ad-7171-b062-c0a5-dbf839ac97e9;CD:E6:D3:07;0;AVIÁRIO MEIO;599,00;20/11/2025;13:49:54;20;1283-20
CO2;1283;CT-CO2-0;1f94f8ad-7171-b062-c0a5-dbf839ac97e9;CD:E6:D3:07;0;AVIÁRIO MEIO;600,00;20/11/2025;13:55:27;20;1283-20
CO2;1283;CT-CO2-0;1f94f8ad-7171-b062-c0a5-dbf839ac97e9;CD:E6:D3:07;0;AVIÁRIO MEIO;593,00;20/11/2025;14:00:58;20;1283-20
CO2;1283;CT-CO2-0;1f94f8ad-7171-b062-c0a5-dbf839ac97e9;CD:E6:D3:07;0;AVIÁRIO MEIO;591,00;20/11/2025;14:06:00;20;1283-20
CO2;1283;CT-CO2-0;1f94f8ad-7171-b062-c0a5-dbf839ac97e9;CD:E6:D3:07;0;AVIÁRIO MEIO;583,00;20/11/2025;14:12:05;20;1283-20
CO2;1283;CT-CO2-0;1f94f8ad-7171-b062-c0a5-dbf839ac97e9;CD:E6:D3:07;0;AVIÁRIO MEIO;584,00;20/11/2025;14:17:08;20;1283-20
CO2;1283;CT-CO2-0;1f94f8ad-7171-b062-c0a5-dbf839ac97e9;CD:E6:D3:07;0;AVIÁRIO MEIO;575,00;20/11/2025;14:22:10;20;1283-20
CO2;1283;CT-CO2-0;1f94f8ad-7171-b062-c0a5-dbf839ac97e9;CD:E6:D3:07;0;AVIÁRIO MEIO;572,00;20/11/2025;14:27:43;20;1283-20
CO2;1283;CT-CO2-0;1f94f8ad-7171-b062-c0a5-dbf839ac97e9;CD:E6:D3:07;0;AVIÁRIO MEIO;576,00;20/11/2025;14:33:15;20;1283-20
CO2;1283;CT-CO2-0;1f94f8ad-7171-b062-c0a5-dbf839ac97e9;CD:E6:D3:07;0;AVIÁRIO MEIO;576,00;20/11/2025;14:38:17;20;1283-20
CO2;1283;CT-CO2-0;1f94f8ad-7171-b062-c0a5-dbf839ac97e9;CD:E6:D3:07;0;AVIÁRIO MEIO;566,00;20/11/2025;14:43:49;20;1283-20
CO2;1283;CT-CO2-0;1f94f8ad-7171-b062-c0a5-dbf839ac97e9;CD:E6:D3:07;0;AVIÁRIO MEIO;574,00;20/11/2025;14:49:21;20;1283-20
CO2;1283;CT-CO2-0;1f94f8ad-7171-b062-c0a5-dbf839ac97e9;CD:E6:D3:07;0;AVIÁRIO MEIO;581,00;20/11/2025;14:54:24;20;1283-20
CO2;1283;CT-CO2-0;1f94f8ad-7171-b062-c0a5-dbf839ac97e9;CD:E6:D3:07;0;AVIÁRIO MEIO;584,00;20/11/2025;14:59:58;20;1283-20
CO2;1283;CT-CO2-0;1f94f8ad-7171-b062-c0a5-dbf839ac97e9;CD:E6:D3:07;0;AVIÁRIO MEIO;586,00;20/11/2025;15:05:00;20;1283-20
CO2;1283;CT-CO2-0;1f94f8ad-7171-b062-c0a5-dbf839ac97e9;CD:E6:D3:07;0;AVIÁRIO MEIO;594,00;20/11/2025;15:10:32;20;1283-20
CO2;1283;CT-CO2-0;1f94f8ad-7171-b062-c0a5-dbf839ac97e9;CD:E6:D3:07;0;AVIÁRIO MEIO;591,00;20/11/2025;15:16:05;20;1283-20
CO2;1283;CT-CO2-0;1f94f8ad-7171-b062-c0a5-dbf839ac97e9;CD:E6:D3:07;0;AVIÁRIO MEIO;597,00;20/11/2025;15:26:44;20;1283-20
CO2;1283;CT-CO2-0;1f94f8ad-7171-b062-c0a5-dbf839ac97e9;CD:E6:D3:07;0;AVIÁRIO MEIO;596,00;20/11/2025;15:32:17;20;1283-20
CO2;1283;CT-CO2-0;1f94f8ad-7171-b062-c0a5-dbf839ac97e9;CD:E6:D3:07;0;AVIÁRIO MEIO;597,00;20/11/2025;15:37:19;20;1283-20
CO2;1283;CT-CO2-0;1f94f8ad-7171-b062-c0a5-dbf839ac97e9;CD:E6:D3:07;0;AVIÁRIO MEIO;596,00;20/11/2025;15:42:52;20;1283-20
CO2;1283;CT-CO2-0;1f94f8ad-7171-b062-c0a5-dbf839ac97e9;CD:E6:D3:07;0;AVIÁRIO MEIO;596,00;20/11/2025;15:47:54;20;1283-20
CO2;1283;CT-CO2-0;1f94f8ad-7171-b062-c0a5-dbf839ac97e9;CD:E6:D3:07;0;AVIÁRIO MEIO;597,00;20/11/2025;15:53:27;20;1283-20
CO2;1283;CT-CO2-0;1f94f8ad-7171-b062-c0a5-dbf839ac97e9;CD:E6:D3:07;0;AVIÁRIO MEIO;591,00;20/11/2025;15:58:59;20;1283-20
CO2;1283;CT-CO2-0;1f94f8ad-7171-b062-c0a5-dbf839ac97e9;CD:E6:D3:07;0;AVIÁRIO MEIO;590,00;20/11/2025;16:04:01;20;1283-20
CO2;1283;CT-CO2-0;1f94f8ad-7171-b062-c0a5-dbf839ac97e9;CD:E6:D3:07;0;AVIÁRIO MEIO;609,00;20/11/2025;16:09:33;20;1283-20
CO2;1283;CT-CO2-0;1f94f8ad-7171-b062-c0a5-dbf839ac97e9;CD:E6:D3:07;0;AVIÁRIO MEIO;582,00;20/11/2025;16:15:05;20;1283-20
CO2;1283;CT-CO2-0;1f94f8ad-7171-b062-c0a5-dbf839ac97e9;CD:E6:D3:07;0;AVIÁRIO MEIO;582,00;20/11/2025;16:20:07;20;1283-20
CO2;1283;CT-CO2-0;1f94f8ad-7171-b062-c0a5-dbf839ac97e9;CD:E6:D3:07;0;AVIÁRIO MEIO;582,00;20/11/2025;16:25:40;20;1283-20
CO2;1283;CT-CO2-0;1f94f8ad-7171-b062-c0a5-dbf839ac97e9;CD:E6:D3:07;0;AVIÁRIO MEIO;578,00;20/11/2025;16:36:16;20;1283-20
CO2;1283;CT-CO2-0;1f94f8ad-7171-b062-c0a5-dbf839ac97e9;CD:E6:D3:07;0;AVIÁRIO MEIO;595,00;20/11/2025;16:41:48;20;1283-20
CO2;1283;CT-CO2-0;1f94f8ad-7171-b062-c0a5-dbf839ac97e9;CD:E6:D3:07;0;AVIÁRIO MEIO;591,00;20/11/2025;16:47:19;20;1283-20
CO2;1283;CT-CO2-0;1f94f8ad-7171-b062-c0a5-dbf839ac97e9;CD:E6:D3:07;0;AVIÁRIO MEIO;576,00;20/11/2025;16:52:22;20;1283-20
CO2;1283;CT-CO2-0;1f94f8ad-7171-b062-c0a5-dbf839ac97e9;CD:E6:D3:07;0;AVIÁRIO MEIO;590,00;20/11/2025;16:57:54;20;1283-20
CO2;1283;CT-CO2-0;1f94f8ad-7171-b062-c0a5-dbf839ac97e9;CD:E6:D3:07;0;AVIÁRIO MEIO;591,00;20/11/2025;17:03:26;20;1283-20
CO2;1283;CT-CO2-0;1f94f8ad-7171-b062-c0a5-dbf839ac97e9;CD:E6:D3:07;0;AVIÁRIO MEIO;587,00;20/11/2025;17:08:28;20;1283-20
CO2;1283;CT-CO2-0;1f94f8ad-7171-b062-c0a5-dbf839ac97e9;CD:E6:D3:07;0;AVIÁRIO MEIO;602,00;20/11/2025;17:13:59;20;1283-20
CO2;1283;CT-CO2-0;1f94f8ad-7171-b062-c0a5-dbf839ac97e9;CD:E6:D3:07;0;AVIÁRIO MEIO;598,00;20/11/2025;17:19:32;20;1283-20
CO2;1283;CT-CO2-0;1f94f8ad-7171-b062-c0a5-dbf839ac97e9;CD:E6:D3:07;0;AVIÁRIO MEIO;604,00;20/11/2025;17:24:34;20;1283-20
CO2;1283;CT-CO2-0;1f94f8ad-7171-b062-c0a5-dbf839ac97e9;CD:E6:D3:07;0;AVIÁRIO MEIO;606,00;20/11/2025;17:30:09;20;1283-20
CO2;1283;CT-CO2-0;1f94f8ad-7171-b062-c0a5-dbf839ac97e9;CD:E6:D3:07;0;AVIÁRIO MEIO;589,00;20/11/2025;17:35:40;20;1283-20
CO2;1283;CT-CO2-0;1f94f8ad-7171-b062-c0a5-dbf839ac97e9;CD:E6:D3:07;0;AVIÁRIO MEIO;592,00;20/11/2025;17:41:15;20;1283-20
CO2;1283;CT-CO2-0;1f94f8ad-7171-b062-c0a5-dbf839ac97e9;CD:E6:D3:07;0;AVIÁRIO MEIO;586,00;20/11/2025;17:46:17;20;1283-20
CO2;1283;CT-CO2-0;1f94f8ad-7171-b062-c0a5-dbf839ac97e9;CD:E6:D3:07;0;AVIÁRIO MEIO;594,00;20/11/2025;17:51:53;20;1283-20
CO2;1283;CT-CO2-0;1f94f8ad-7171-b062-c0a5-dbf839ac97e9;CD:E6:D3:07;0;AVIÁRIO MEIO;607,00;20/11/2025;17:56:56;20;1283-20
CO2;1283;CT-CO2-0;1f94f8ad-7171-b062-c0a5-dbf839ac97e9;CD:E6:D3:07;0;AVIÁRIO MEIO;626,00;20/11/2025;18:02:30;20;1283-20
CO2;1283;CT-CO2-0;1f94f8ad-7171-b062-c0a5-dbf839ac97e9;CD:E6:D3:07;0;AVIÁRIO MEIO;616,00;20/11/2025;18:07:31;20;1283-20
CO2;1283;CT-CO2-0;1f94f8ad-7171-b062-c0a5-dbf839ac97e9;CD:E6:D3:07;0;AVIÁRIO MEIO;606,00;20/11/2025;18:13:03;20;1283-20
CO2;1283;CT-CO2-0;1f94f8ad-7171-b062-c0a5-dbf839ac97e9;CD:E6:D3:07;0;AVIÁRIO MEIO;614,00;20/11/2025;18:18:36;20;1283-20
CO2;1283;CT-CO2-0;1f94f8ad-7171-b062-c0a5-dbf839ac97e9;CD:E6:D3:07;0;AVIÁRIO MEIO;623,00;20/11/2025;18:23:38;20;1283-20
CO2;1283;CT-CO2-0;1f94f8ad-7171-b062-c0a5-dbf839ac97e9;CD:E6:D3:07;0;AVIÁRIO MEIO;631,00;20/11/2025;18:29:12;20;1283-20
CO2;1283;CT-CO2-0;1f94f8ad-7171-b062-c0a5-dbf839ac97e9;CD:E6:D3:07;0;AVIÁRIO MEIO;621,00;20/11/2025;18:34:44;20;1283-20
CO2;1283;CT-CO2-0;1f94f8ad-7171-b062-c0a5-dbf839ac97e9;CD:E6:D3:07;0;AVIÁRIO MEIO;617,00;20/11/2025;18:39:47;20;1283-20
CO2;1283;CT-CO2-0;1f94f8ad-7171-b062-c0a5-dbf839ac97e9;CD:E6:D3:07;0;AVIÁRIO MEIO;619,00;20/11/2025;18:45:19;20;1283-20
CO2;1283;CT-CO2-0;1f94f8ad-7171-b062-c0a5-dbf839ac97e9;CD:E6:D3:07;0;AVIÁRIO MEIO;635,00;20/11/2025;18:50:54;20;1283-20
CO2;1283;CT-CO2-0;1f94f8ad-7171-b062-c0a5-dbf839ac97e9;CD:E6:D3:07;0;AVIÁRIO MEIO;701,00;20/11/2025;18:55:57;20;1283-20
CO2;1283;CT-CO2-0;1f94f8ad-7171-b062-c0a5-dbf839ac97e9;CD:E6:D3:07;0;AVIÁRIO MEIO;631,00;20/11/2025;19:01:30;20;1283-20
CO2;1283;CT-CO2-0;1f94f8ad-7171-b062-c0a5-dbf839ac97e9;CD:E6:D3:07;0;AVIÁRIO MEIO;623,00;20/11/2025;19:06:32;20;1283-20
CO2;1283;CT-CO2-0;1f94f8ad-7171-b062-c0a5-dbf839ac97e9;CD:E6:D3:07;0;AVIÁRIO MEIO;630,00;20/11/2025;19:12:09;20;1283-20
CO2;1283;CT-CO2-0;1f94f8ad-7171-b062-c0a5-dbf839ac97e9;CD:E6:D3:07;0;AVIÁRIO MEIO;616,00;20/11/2025;19:17:12;20;1283-20
CO2;1283;CT-CO2-0;1f94f8ad-7171-b062-c0a5-dbf839ac97e9;CD:E6:D3:07;0;AVIÁRIO MEIO;622,00;20/11/2025;19:22:44;20;1283-20
CO2;1283;CT-CO2-0;1f94f8ad-7171-b062-c0a5-dbf839ac97e9;CD:E6:D3:07;0;AVIÁRIO MEIO;626,00;20/11/2025;19:28:16;20;1283-20
CO2;1283;CT-CO2-0;1f94f8ad-7171-b062-c0a5-dbf839ac97e9;CD:E6:D3:07;0;AVIÁRIO MEIO;616,00;20/11/2025;19:33:19;20;1283-20
CO2;1283;CT-CO2-0;1f94f8ad-7171-b062-c0a5-dbf839ac97e9;CD:E6:D3:07;0;AVIÁRIO MEIO;653,00;20/11/2025;19:38:52;20;1283-20
CO2;1283;CT-CO2-0;1f94f8ad-7171-b062-c0a5-dbf839ac97e9;CD:E6:D3:07;0;AVIÁRIO MEIO;635,00;20/11/2025;19:44:24;20;1283-20
CO2;1283;CT-CO2-0;1f94f8ad-7171-b062-c0a5-dbf839ac97e9;CD:E6:D3:07;0;AVIÁRIO MEIO;634,00;20/11/2025;19:49:27;20;1283-20
CO2;1283;CT-CO2-0;1f94f8ad-7171-b062-c0a5-dbf839ac97e9;CD:E6:D3:07;0;AVIÁRIO MEIO;642,00;20/11/2025;19:54:59;20;1283-20
CO2;1283;CT-CO2-0;1f94f8ad-7171-b062-c0a5-dbf839ac97e9;CD:E6:D3:07;0;AVIÁRIO MEIO;654,00;20/11/2025;20:01:04;20;1283-20
CO2;1283;CT-CO2-0;1f94f8ad-7171-b062-c0a5-dbf839ac97e9;CD:E6:D3:07;0;AVIÁRIO MEIO;663,00;20/11/2025;20:05:37;20;1283-20
CO2;1283;CT-CO2-0;1f94f8ad-7171-b062-c0a5-dbf839ac97e9;CD:E6:D3:07;0;AVIÁRIO MEIO;642,00;20/11/2025;20:11:09;20;1283-20
CO2;1283;CT-CO2-0;1f94f8ad-7171-b062-c0a5-dbf839ac97e9;CD:E6:D3:07;0;AVIÁRIO MEIO;635,00;20/11/2025;20:21:45;20;1283-20
CO2;1283;CT-CO2-0;1f94f8ad-7171-b062-c0a5-dbf839ac97e9;CD:E6:D3:07;0;AVIÁRIO MEIO;644,00;20/11/2025;20:27:17;20;1283-20
CO2;1283;CT-CO2-0;1f94f8ad-7171-b062-c0a5-dbf839ac97e9;CD:E6:D3:07;0;AVIÁRIO MEIO;656,00;20/11/2025;20:32:49;20;1283-20
CO2;1283;CT-CO2-0;1f94f8ad-7171-b062-c0a5-dbf839ac97e9;CD:E6:D3:07;0;AVIÁRIO MEIO;703,00;20/11/2025;20:37:54;20;1283-20
CO2;1283;CT-CO2-0;1f94f8ad-7171-b062-c0a5-dbf839ac97e9;CD:E6:D3:07;0;AVIÁRIO MEIO;654,00;20/11/2025;20:43:28;20;1283-20
CO2;1283;CT-CO2-0;1f94f8ad-7171-b062-c0a5-dbf839ac97e9;CD:E6:D3:07;0;AVIÁRIO MEIO;634,00;20/11/2025;20:48:30;20;1283-20
CO2;1283;CT-CO2-0;1f94f8ad-7171-b062-c0a5-dbf839ac97e9;CD:E6:D3:07;0;AVIÁRIO MEIO;653,00;20/11/2025;20:54:02;20;1283-20
CO2;1283;CT-CO2-0;1f94f8ad-7171-b062-c0a5-dbf839ac97e9;CD:E6:D3:07;0;AVIÁRIO MEIO;639,00;20/11/2025;20:59:41;20;1283-20
CO2;1283;CT-CO2-0;1f94f8ad-7171-b062-c0a5-dbf839ac97e9;CD:E6:D3:07;0;AVIÁRIO MEIO;650,00;20/11/2025;21:06:46;20;1283-20
CO2;1283;CT-CO2-0;1f94f8ad-7171-b062-c0a5-dbf839ac97e9;CD:E6:D3:07;0;AVIÁRIO MEIO;656,00;20/11/2025;21:11:47;20;1283-20
CO2;1283;CT-CO2-0;1f94f8ad-7171-b062-c0a5-dbf839ac97e9;CD:E6:D3:07;0;AVIÁRIO MEIO;638,00;20/11/2025;21:16:49;20;1283-20
CO2;1283;CT-CO2-0;1f94f8ad-7171-b062-c0a5-dbf839ac97e9;CD:E6:D3:07;0;AVIÁRIO MEIO;647,00;20/11/2025;21:22:32;20;1283-20
CO2;1283;CT-CO2-0;1f94f8ad-7171-b062-c0a5-dbf839ac97e9;CD:E6:D3:07;0;AVIÁRIO MEIO;661,00;20/11/2025;21:27:34;20;1283-20
CO2;1283;CT-CO2-0;1f94f8ad-7171-b062-c0a5-dbf839ac97e9;CD:E6:D3:07;0;AVIÁRIO MEIO;659,00;20/11/2025;21:33:06;20;1283-20
CO2;1283;CT-CO2-0;1f94f8ad-7171-b062-c0a5-dbf839ac97e9;CD:E6:D3:07;0;AVIÁRIO MEIO;668,00;20/11/2025;21:38:44;20;1283-20
CO2;1283;CT-CO2-0;1f94f8ad-7171-b062-c0a5-dbf839ac97e9;CD:E6:D3:07;0;AVIÁRIO MEIO;680,00;20/11/2025;21:43:45;20;1283-20
CO2;1283;CT-CO2-0;1f94f8ad-7171-b062-c0a5-dbf839ac97e9;CD:E6:D3:07;0;AVIÁRIO MEIO;703,00;20/11/2025;21:49:17;20;1283-20
CO2;1283;CT-CO2-0;1f94f8ad-7171-b062-c0a5-dbf839ac97e9;CD:E6:D3:07;0;AVIÁRIO MEIO;706,00;20/11/2025;21:54:19;20;1283-20
CO2;1283;CT-CO2-0;1f94f8ad-7171-b062-c0a5-dbf839ac97e9;CD:E6:D3:07;0;AVIÁRIO MEIO;713,00;20/11/2025;21:59:52;20;1283-20
CO2;1283;CT-CO2-0;1f94f8ad-7171-b062-c0a5-dbf839ac97e9;CD:E6:D3:07;0;AVIÁRIO MEIO;727,00;20/11/2025;22:05:25;20;1283-20
CO2;1283;CT-CO2-0;1f94f8ad-7171-b062-c0a5-dbf839ac97e9;CD:E6:D3:07;0;AVIÁRIO MEIO;723,00;20/11/2025;22:10:28;20;1283-20
CO2;1283;CT-CO2-0;1f94f8ad-7171-b062-c0a5-dbf839ac97e9;CD:E6:D3:07;0;AVIÁRIO MEIO;723,00;20/11/2025;22:21:13;20;1283-20
CO2;1283;CT-CO2-0;1f94f8ad-7171-b062-c0a5-dbf839ac97e9;CD:E6:D3:07;0;AVIÁRIO MEIO;783,00;20/11/2025;22:26:46;20;1283-20
CO2;1283;CT-CO2-0;1f94f8ad-7171-b062-c0a5-dbf839ac97e9;CD:E6:D3:07;0;AVIÁRIO MEIO;813,00;20/11/2025;22:32:17;20;1283-20
CO2;1283;CT-CO2-0;1f94f8ad-7171-b062-c0a5-dbf839ac97e9;CD:E6:D3:07;0;AVIÁRIO MEIO;830,00;20/11/2025;22:37:19;20;1283-20
CO2;1283;CT-CO2-0;1f94f8ad-7171-b062-c0a5-dbf839ac97e9;CD:E6:D3:07;0;AVIÁRIO MEIO;834,00;20/11/2025;22:42:52;20;1283-20
CO2;1283;CT-CO2-0;1f94f8ad-7171-b062-c0a5-dbf839ac97e9;CD:E6:D3:07;0;AVIÁRIO MEIO;834,00;20/11/2025;22:48:24;20;1283-20
CO2;1283;CT-CO2-0;1f94f8ad-7171-b062-c0a5-dbf839ac97e9;CD:E6:D3:07;0;AVIÁRIO MEIO;807,00;20/11/2025;22:53:26;20;1283-20
CO2;1283;CT-CO2-0;1f94f8ad-7171-b062-c0a5-dbf839ac97e9;CD:E6:D3:07;0;AVIÁRIO MEIO;808,00;20/11/2025;22:58:58;20;1283-20
CO2;1283;CT-CO2-0;1f94f8ad-7171-b062-c0a5-dbf839ac97e9;CD:E6:D3:07;0;AVIÁRIO MEIO;782,00;20/11/2025;23:04:31;20;1283-20
CO2;1283;CT-CO2-0;1f94f8ad-7171-b062-c0a5-dbf839ac97e9;CD:E6:D3:07;0;AVIÁRIO MEIO;784,00;20/11/2025;23:09:33;20;1283-20
CO2;1283;CT-CO2-0;1f94f8ad-7171-b062-c0a5-dbf839ac97e9;CD:E6:D3:07;0;AVIÁRIO MEIO;802,00;20/11/2025;23:15:06;20;1283-20
CO2;1283;CT-CO2-0;1f94f8ad-7171-b062-c0a5-dbf839ac97e9;CD:E6:D3:07;0;AVIÁRIO MEIO;788,00;20/11/2025;23:20:08;20;1283-20
CO2;1283;CT-CO2-0;1f94f8ad-7171-b062-c0a5-dbf839ac97e9;CD:E6:D3:07;0;AVIÁRIO MEIO;791,00;20/11/2025;23:26:11;20;1283-20
CO2;1283;CT-CO2-0;1f94f8ad-7171-b062-c0a5-dbf839ac97e9;CD:E6:D3:07;0;AVIÁRIO MEIO;790,00;20/11/2025;23:31:13;20;1283-20
CO2;1283;CT-CO2-0;1f94f8ad-7171-b062-c0a5-dbf839ac97e9;CD:E6:D3:07;0;AVIÁRIO MEIO;779,00;20/11/2025;23:36:16;20;1283-20
CO2;1283;CT-CO2-0;1f94f8ad-7171-b062-c0a5-dbf839ac97e9;CD:E6:D3:07;0;AVIÁRIO MEIO;798,00;20/11/2025;23:41:50;20;1283-20
CO2;1283;CT-CO2-0;1f94f8ad-7171-b062-c0a5-dbf839ac97e9;CD:E6:D3:07;0;AVIÁRIO MEIO;799,00;20/11/2025;23:47:23;20;1283-20
CO2;1283;CT-CO2-0;1f94f8ad-7171-b062-c0a5-dbf839ac97e9;CD:E6:D3:07;0;AVIÁRIO MEIO;797,00;20/11/2025;23:52:26;20;1283-20
CO2;1283;CT-CO2-0;1f94f8ad-7171-b062-c0a5-dbf839ac97e9;CD:E6:D3:07;0;AVIÁRIO MEIO;771,00;20/11/2025;23:57:57;20;1283-20
CO2;1283;CT-CO2-0;1f94f8ad-7171-b062-c0a5-dbf839ac97e9;CD:E6:D3:07;0;AVIÁRIO MEIO;785,00;21/11/2025;00:03:29;20;1283-20
CO2;1283;CT-CO2-0;1f94f8ad-7171-b062-c0a5-dbf839ac97e9;CD:E6:D3:07;0;AVIÁRIO MEIO;790,00;21/11/2025;00:08:32;20;1283-20
CO2;1283;CT-CO2-0;1f94f8ad-7171-b062-c0a5-dbf839ac97e9;CD:E6:D3:07;0;AVIÁRIO MEIO;789,00;21/11/2025;00:14:03;20;1283-20
CO2;1283;CT-CO2-0;1f94f8ad-7171-b062-c0a5-dbf839ac97e9;CD:E6:D3:07;0;AVIÁRIO MEIO;833,00;21/11/2025;00:19:37;20;1283-20
CO2;1283;CT-CO2-0;1f94f8ad-7171-b062-c0a5-dbf839ac97e9;CD:E6:D3:07;0;AVIÁRIO MEIO;864,00;21/11/2025;00:24:39;20;1283-20
CO2;1283;CT-CO2-0;1f94f8ad-7171-b062-c0a5-dbf839ac97e9;CD:E6:D3:07;0;AVIÁRIO MEIO;864,00;21/11/2025;00:30:11;20;1283-20
CO2;1283;CT-CO2-0;1f94f8ad-7171-b062-c0a5-dbf839ac97e9;CD:E6:D3:07;0;AVIÁRIO MEIO;870,00;21/11/2025;00:36:15;20;1283-20
CO2;1283;CT-CO2-0;1f94f8ad-7171-b062-c0a5-dbf839ac97e9;CD:E6:D3:07;0;AVIÁRIO MEIO;877,00;21/11/2025;00:40:48;20;1283-20
CO2;1283;CT-CO2-0;1f94f8ad-7171-b062-c0a5-dbf839ac97e9;CD:E6:D3:07;0;AVIÁRIO MEIO;892,00;21/11/2025;00:46:20;20;1283-20
CO2;1283;CT-CO2-0;1f94f8ad-7171-b062-c0a5-dbf839ac97e9;CD:E6:D3:07;0;AVIÁRIO MEIO;875,00;21/11/2025;00:51:22;20;1283-20
CO2;1283;CT-CO2-0;1f94f8ad-7171-b062-c0a5-dbf839ac97e9;CD:E6:D3:07;0;AVIÁRIO MEIO;882,00;21/11/2025;00:56:54;20;1283-20
CO2;1283;CT-CO2-0;1f94f8ad-7171-b062-c0a5-dbf839ac97e9;CD:E6:D3:07;0;AVIÁRIO MEIO;889,00;21/11/2025;01:02:26;20;1283-20
CO2;1283;CT-CO2-0;1f94f8ad-7171-b062-c0a5-dbf839ac97e9;CD:E6:D3:07;0;AVIÁRIO MEIO;897,00;21/11/2025;01:07:28;20;1283-20
CO2;1283;CT-CO2-0;1f94f8ad-7171-b062-c0a5-dbf839ac97e9;CD:E6:D3:07;0;AVIÁRIO MEIO;898,00;21/11/2025;01:13:01;20;1283-20
CO2;1283;CT-CO2-0;1f94f8ad-7171-b062-c0a5-dbf839ac97e9;CD:E6:D3:07;0;AVIÁRIO MEIO;887,00;21/11/2025;01:18:35;20;1283-20
CO2;1283;CT-CO2-0;1f94f8ad-7171-b062-c0a5-dbf839ac97e9;CD:E6:D3:07;0;AVIÁRIO MEIO;873,00;21/11/2025;01:23:37;20;1283-20
CO2;1283;CT-CO2-0;1f94f8ad-7171-b062-c0a5-dbf839ac97e9;CD:E6:D3:07;0;AVIÁRIO MEIO;896,00;21/11/2025;01:29:08;20;1283-20
CO2;1283;CT-CO2-0;1f94f8ad-7171-b062-c0a5-dbf839ac97e9;CD:E6:D3:07;0;AVIÁRIO MEIO;945,00;21/11/2025;01:34:40;20;1283-20
CO2;1283;CT-CO2-0;1f94f8ad-7171-b062-c0a5-dbf839ac97e9;CD:E6:D3:07;0;AVIÁRIO MEIO;906,00;21/11/2025;01:39:42;20;1283-20
CO2;1283;CT-CO2-0;1f94f8ad-7171-b062-c0a5-dbf839ac97e9;CD:E6:D3:07;0;AVIÁRIO MEIO;895,00;21/11/2025;01:45:49;20;1283-20
CO2;1283;CT-CO2-0;1f94f8ad-7171-b062-c0a5-dbf839ac97e9;CD:E6:D3:07;0;AVIÁRIO MEIO;891,00;21/11/2025;01:50:21;20;1283-20
CO2;1283;CT-CO2-0;1f94f8ad-7171-b062-c0a5-dbf839ac97e9;CD:E6:D3:07;0;AVIÁRIO MEIO;886,00;21/11/2025;01:55:53;20;1283-20
CO2;1283;CT-CO2-0;1f94f8ad-7171-b062-c0a5-dbf839ac97e9;CD:E6:D3:07;0;AVIÁRIO MEIO;882,00;21/11/2025;02:01:26;20;1283-20
CO2;1283;CT-CO2-0;1f94f8ad-7171-b062-c0a5-dbf839ac97e9;CD:E6:D3:07;0;AVIÁRIO MEIO;912,00;21/11/2025;02:12:05;20;1283-20
CO2;1283;CT-CO2-0;1f94f8ad-7171-b062-c0a5-dbf839ac97e9;CD:E6:D3:07;0;AVIÁRIO MEIO;913,00;21/11/2025;02:17:37;20;1283-20
CO2;1283;CT-CO2-0;1f94f8ad-7171-b062-c0a5-dbf839ac97e9;CD:E6:D3:07;0;AVIÁRIO MEIO;913,00;21/11/2025;02:22:40;20;1283-20
CO2;1283;CT-CO2-0;1f94f8ad-7171-b062-c0a5-dbf839ac97e9;CD:E6:D3:07;0;AVIÁRIO MEIO;908,00;21/11/2025;02:28:13;20;1283-20
CO2;1283;CT-CO2-0;1f94f8ad-7171-b062-c0a5-dbf839ac97e9;CD:E6:D3:07;0;AVIÁRIO MEIO;896,00;21/11/2025;02:33:46;20;1283-20
CO2;1283;CT-CO2-0;1f94f8ad-7171-b062-c0a5-dbf839ac97e9;CD:E6:D3:07;0;AVIÁRIO MEIO;898,00;21/11/2025;02:38:47;20;1283-20
CO2;1283;CT-CO2-0;1f94f8ad-7171-b062-c0a5-dbf839ac97e9;CD:E6:D3:07;0;AVIÁRIO MEIO;891,00;21/11/2025;02:44:20;20;1283-20
CO2;1283;CT-CO2-0;1f94f8ad-7171-b062-c0a5-dbf839ac97e9;CD:E6:D3:07;0;AVIÁRIO MEIO;893,00;21/11/2025;02:49:23;20;1283-20
CO2;1283;CT-CO2-0;1f94f8ad-7171-b062-c0a5-dbf839ac97e9;CD:E6:D3:07;0;AVIÁRIO MEIO;907,00;21/11/2025;02:55:25;20;1283-20
CO2;1283;CT-CO2-0;1f94f8ad-7171-b062-c0a5-dbf839ac97e9;CD:E6:D3:07;0;AVIÁRIO MEIO;893,00;21/11/2025;03:00:28;20;1283-20
CO2;1283;CT-CO2-0;1f94f8ad-7171-b062-c0a5-dbf839ac97e9;CD:E6:D3:07;0;AVIÁRIO MEIO;901,00;21/11/2025;03:05:30;20;1283-20
CO2;1283;CT-CO2-0;1f94f8ad-7171-b062-c0a5-dbf839ac97e9;CD:E6:D3:07;0;AVIÁRIO MEIO;895,00;21/11/2025;03:11:01;20;1283-20
CO2;1283;CT-CO2-0;1f94f8ad-7171-b062-c0a5-dbf839ac97e9;CD:E6:D3:07;0;AVIÁRIO MEIO;900,00;21/11/2025;03:16:33;20;1283-20
CO2;1283;CT-CO2-0;1f94f8ad-7171-b062-c0a5-dbf839ac97e9;CD:E6:D3:07;0;AVIÁRIO MEIO;904,00;21/11/2025;03:21:35;20;1283-20
CO2;1283;CT-CO2-0;1f94f8ad-7171-b062-c0a5-dbf839ac97e9;CD:E6:D3:07;0;AVIÁRIO MEIO;884,00;21/11/2025;03:27:07;20;1283-20
CO2;1283;CT-CO2-0;1f94f8ad-7171-b062-c0a5-dbf839ac97e9;CD:E6:D3:07;0;AVIÁRIO MEIO;980,00;21/11/2025;03:32:39;20;1283-20
CO2;1283;CT-CO2-0;1f94f8ad-7171-b062-c0a5-dbf839ac97e9;CD:E6:D3:07;0;AVIÁRIO MEIO;890,00;21/11/2025;03:37:42;20;1283-20
CO2;1283;CT-CO2-0;1f94f8ad-7171-b062-c0a5-dbf839ac97e9;CD:E6:D3:07;0;AVIÁRIO MEIO;894,00;21/11/2025;03:43:14;20;1283-20
CO2;1283;CT-CO2-0;1f94f8ad-7171-b062-c0a5-dbf839ac97e9;CD:E6:D3:07;0;AVIÁRIO MEIO;891,00;21/11/2025;03:48:47;20;1283-20
CO2;1283;CT-CO2-0;1f94f8ad-7171-b062-c0a5-dbf839ac97e9;CD:E6:D3:07;0;AVIÁRIO MEIO;899,00;21/11/2025;03:53:49;20;1283-20
CO2;1283;CT-CO2-0;1f94f8ad-7171-b062-c0a5-dbf839ac97e9;CD:E6:D3:07;0;AVIÁRIO MEIO;903,00;21/11/2025;03:59:20;20;1283-20
CO2;1283;CT-CO2-0;1f94f8ad-7171-b062-c0a5-dbf839ac97e9;CD:E6:D3:07;0;AVIÁRIO MEIO;886,00;21/11/2025;04:05:24;20;1283-20
CO2;1283;CT-CO2-0;1f94f8ad-7171-b062-c0a5-dbf839ac97e9;CD:E6:D3:07;0;AVIÁRIO MEIO;889,00;21/11/2025;04:09:58;20;1283-20
CO2;1283;CT-CO2-0;1f94f8ad-7171-b062-c0a5-dbf839ac97e9;CD:E6:D3:07;0;AVIÁRIO MEIO;895,00;21/11/2025;04:15:30;20;1283-20
CO2;1283;CT-CO2-0;1f94f8ad-7171-b062-c0a5-dbf839ac97e9;CD:E6:D3:07;0;AVIÁRIO MEIO;899,00;21/11/2025;04:21:02;20;1283-20
CO2;1283;CT-CO2-0;1f94f8ad-7171-b062-c0a5-dbf839ac97e9;CD:E6:D3:07;0;AVIÁRIO MEIO;884,00;21/11/2025;04:26:04;20;1283-20
CO2;1283;CT-CO2-0;1f94f8ad-7171-b062-c0a5-dbf839ac97e9;CD:E6:D3:07;0;AVIÁRIO MEIO;893,00;21/11/2025;04:37:10;20;1283-20
CO2;1283;CT-CO2-0;1f94f8ad-7171-b062-c0a5-dbf839ac97e9;CD:E6:D3:07;0;AVIÁRIO MEIO;879,00;21/11/2025;04:42:12;20;1283-20
CO2;1283;CT-CO2-0;1f94f8ad-7171-b062-c0a5-dbf839ac97e9;CD:E6:D3:07;0;AVIÁRIO MEIO;875,00;21/11/2025;04:47:45;20;1283-20
CO2;1283;CT-CO2-0;1f94f8ad-7171-b062-c0a5-dbf839ac97e9;CD:E6:D3:07;0;AVIÁRIO MEIO;924,00;21/11/2025;04:53:16;20;1283-20
CO2;1283;CT-CO2-0;1f94f8ad-7171-b062-c0a5-dbf839ac97e9;CD:E6:D3:07;0;AVIÁRIO MEIO;881,00;21/11/2025;04:58:19;20;1283-20
CO2;1283;CT-CO2-0;1f94f8ad-7171-b062-c0a5-dbf839ac97e9;CD:E6:D3:07;0;AVIÁRIO MEIO;871,00;21/11/2025;05:03:51;20;1283-20
CO2;1283;CT-CO2-0;1f94f8ad-7171-b062-c0a5-dbf839ac97e9;CD:E6:D3:07;0;AVIÁRIO MEIO;894,00;21/11/2025;05:09:23;20;1283-20
CO2;1283;CT-CO2-0;1f94f8ad-7171-b062-c0a5-dbf839ac97e9;CD:E6:D3:07;0;AVIÁRIO MEIO;894,00;21/11/2025;05:14:57;20;1283-20
CO2;1283;CT-CO2-0;1f94f8ad-7171-b062-c0a5-dbf839ac97e9;CD:E6:D3:07;0;AVIÁRIO MEIO;874,00;21/11/2025;05:19:59;20;1283-20
CO2;1283;CT-CO2-0;1f94f8ad-7171-b062-c0a5-dbf839ac97e9;CD:E6:D3:07;0;AVIÁRIO MEIO;871,00;21/11/2025;05:25:01;20;1283-20
CO2;1283;CT-CO2-0;1f94f8ad-7171-b062-c0a5-dbf839ac97e9;CD:E6:D3:07;0;AVIÁRIO MEIO;901,00;21/11/2025;05:30:34;20;1283-20
CO2;1283;CT-CO2-0;1f94f8ad-7171-b062-c0a5-dbf839ac97e9;CD:E6:D3:07;0;AVIÁRIO MEIO;917,00;21/11/2025;05:36:06;20;1283-20
CO2;1283;CT-CO2-0;1f94f8ad-7171-b062-c0a5-dbf839ac97e9;CD:E6:D3:07;0;AVIÁRIO MEIO;935,00;21/11/2025;05:41:08;20;1283-20
CO2;1283;CT-CO2-0;1f94f8ad-7171-b062-c0a5-dbf839ac97e9;CD:E6:D3:07;0;AVIÁRIO MEIO;923,00;21/11/2025;05:46:40;20;1283-20
CO2;1283;CT-CO2-0;1f94f8ad-7171-b062-c0a5-dbf839ac97e9;CD:E6:D3:07;0;AVIÁRIO MEIO;912,00;21/11/2025;05:52:12;20;1283-20
CO2;1283;CT-CO2-0;1f94f8ad-7171-b062-c0a5-dbf839ac97e9;CD:E6:D3:07;0;AVIÁRIO MEIO;920,00;21/11/2025;05:57:14;20;1283-20
CO2;1283;CT-CO2-0;1f94f8ad-7171-b062-c0a5-dbf839ac97e9;CD:E6:D3:07;0;AVIÁRIO MEIO;933,00;21/11/2025;06:02:46;20;1283-20
CO2;1283;CT-CO2-0;1f94f8ad-7171-b062-c0a5-dbf839ac97e9;CD:E6:D3:07;0;AVIÁRIO MEIO;914,00;21/11/2025;06:08:18;20;1283-20
CO2;1283;CT-CO2-0;1f94f8ad-7171-b062-c0a5-dbf839ac97e9;CD:E6:D3:07;0;AVIÁRIO MEIO;987,00;21/11/2025;06:13:20;20;1283-20
CO2;1283;CT-CO2-0;1f94f8ad-7171-b062-c0a5-dbf839ac97e9;CD:E6:D3:07;0;AVIÁRIO MEIO;911,00;21/11/2025;06:18:52;20;1283-20
CO2;1283;CT-CO2-0;1f94f8ad-7171-b062-c0a5-dbf839ac97e9;CD:E6:D3:07;0;AVIÁRIO MEIO;931,00;21/11/2025;06:24:55;20;1283-20
CO2;1283;CT-CO2-0;1f94f8ad-7171-b062-c0a5-dbf839ac97e9;CD:E6:D3:07;0;AVIÁRIO MEIO;929,00;21/11/2025;06:29:27;20;1283-20
CO2;1283;CT-CO2-0;1f94f8ad-7171-b062-c0a5-dbf839ac97e9;CD:E6:D3:07;0;AVIÁRIO MEIO;915,00;21/11/2025;06:34:59;20;1283-20
CO2;1283;CT-CO2-0;1f94f8ad-7171-b062-c0a5-dbf839ac97e9;CD:E6:D3:07;0;AVIÁRIO MEIO;924,00;21/11/2025;06:40:31;20;1283-20
CO2;1283;CT-CO2-0;1f94f8ad-7171-b062-c0a5-dbf839ac97e9;CD:E6:D3:07;0;AVIÁRIO MEIO;908,00;21/11/2025;06:45:33;20;1283-20
CO2;1283;CT-CO2-0;1f94f8ad-7171-b062-c0a5-dbf839ac97e9;CD:E6:D3:07;0;AVIÁRIO MEIO;904,00;21/11/2025;06:51:05;20;1283-20
CO2;1283;CT-CO2-0;1f94f8ad-7171-b062-c0a5-dbf839ac97e9;CD:E6:D3:07;0;AVIÁRIO MEIO;907,00;21/11/2025;06:56:38;20;1283-20
CO2;1283;CT-CO2-0;1f94f8ad-7171-b062-c0a5-dbf839ac97e9;CD:E6:D3:07;0;AVIÁRIO MEIO;911,00;21/11/2025;07:01:42;20;1283-20
CO2;1283;CT-CO2-0;1f94f8ad-7171-b062-c0a5-dbf839ac97e9;CD:E6:D3:07;0;AVIÁRIO MEIO;896,00;21/11/2025;07:07:13;20;1283-20
CO2;1283;CT-CO2-0;1f94f8ad-7171-b062-c0a5-dbf839ac97e9;CD:E6:D3:07;0;AVIÁRIO MEIO;898,00;21/11/2025;07:12:45;20;1283-20
CO2;1283;CT-CO2-0;1f94f8ad-7171-b062-c0a5-dbf839ac97e9;CD:E6:D3:07;0;AVIÁRIO MEIO;892,00;21/11/2025;07:17:47;20;1283-20
CO2;1283;CT-CO2-0;1f94f8ad-7171-b062-c0a5-dbf839ac97e9;CD:E6:D3:07;0;AVIÁRIO MEIO;889,00;21/11/2025;07:23:19;20;1283-20
CO2;1283;CT-CO2-0;1f94f8ad-7171-b062-c0a5-dbf839ac97e9;CD:E6:D3:07;0;AVIÁRIO MEIO;855,00;21/11/2025;07:28:51;20;1283-20
CO2;1283;CT-CO2-0;1f94f8ad-7171-b062-c0a5-dbf839ac97e9;CD:E6:D3:07;0;AVIÁRIO MEIO;871,00;21/11/2025;07:34:24;20;1283-20
CO2;1283;CT-CO2-0;1f94f8ad-7171-b062-c0a5-dbf839ac97e9;CD:E6:D3:07;0;AVIÁRIO MEIO;860,00;21/11/2025;07:39:27;20;1283-20
CO2;1283;CT-CO2-0;1f94f8ad-7171-b062-c0a5-dbf839ac97e9;CD:E6:D3:07;0;AVIÁRIO MEIO;794,00;21/11/2025;07:44:59;20;1283-20
CO2;1283;CT-CO2-0;1f94f8ad-7171-b062-c0a5-dbf839ac97e9;CD:E6:D3:07;0;AVIÁRIO MEIO;713,00;21/11/2025;07:50:01;20;1283-20
CO2;1283;CT-CO2-0;1f94f8ad-7171-b062-c0a5-dbf839ac97e9;CD:E6:D3:07;0;AVIÁRIO MEIO;751,00;21/11/2025;07:55:33;20;1283-20
CO2;1283;CT-CO2-0;1f94f8ad-7171-b062-c0a5-dbf839ac97e9;CD:E6:D3:07;0;AVIÁRIO MEIO;701,00;21/11/2025;08:01:06;20;1283-20
CO2;1283;CT-CO2-0;1f94f8ad-7171-b062-c0a5-dbf839ac97e9;CD:E6:D3:07;0;AVIÁRIO MEIO;730,00;21/11/2025;08:06:07;20;1283-20
CO2;1283;CT-CO2-0;1f94f8ad-7171-b062-c0a5-dbf839ac97e9;CD:E6:D3:07;0;AVIÁRIO MEIO;723,00;21/11/2025;08:11:39;20;1283-20
CO2;1283;CT-CO2-0;1f94f8ad-7171-b062-c0a5-dbf839ac97e9;CD:E6:D3:07;0;AVIÁRIO MEIO;693,00;21/11/2025;08:17:12;20;1283-20
CO2;1283;CT-CO2-0;1f94f8ad-7171-b062-c0a5-dbf839ac97e9;CD:E6:D3:07;0;AVIÁRIO MEIO;677,00;21/11/2025;08:22:13;20;1283-20
CO2;1283;CT-CO2-0;1f94f8ad-7171-b062-c0a5-dbf839ac97e9;CD:E6:D3:07;0;AVIÁRIO MEIO;685,00;21/11/2025;08:27:45;20;1283-20
CO2;1283;CT-CO2-0;1f94f8ad-7171-b062-c0a5-dbf839ac97e9;CD:E6:D3:07;0;AVIÁRIO MEIO;683,00;21/11/2025;08:33:17;20;1283-20
CO2;1283;CT-CO2-0;1f94f8ad-7171-b062-c0a5-dbf839ac97e9;CD:E6:D3:07;0;AVIÁRIO MEIO;681,00;21/11/2025;08:38:20;20;1283-20
CO2;1283;CT-CO2-0;1f94f8ad-7171-b062-c0a5-dbf839ac97e9;CD:E6:D3:07;0;AVIÁRIO MEIO;661,00;21/11/2025;08:44:26;20;1283-20
CO2;1283;CT-CO2-0;1f94f8ad-7171-b062-c0a5-dbf839ac97e9;CD:E6:D3:07;0;AVIÁRIO MEIO;667,00;21/11/2025;08:48:57;20;1283-20
CO2;1283;CT-CO2-0;1f94f8ad-7171-b062-c0a5-dbf839ac97e9;CD:E6:D3:07;0;AVIÁRIO MEIO;658,00;21/11/2025;08:54:29;20;1283-20
CO2;1283;CT-CO2-0;1f94f8ad-7171-b062-c0a5-dbf839ac97e9;CD:E6:D3:07;0;AVIÁRIO MEIO;643,00;21/11/2025;09:00:02;20;1283-20
CO2;1283;CT-CO2-0;1f94f8ad-7171-b062-c0a5-dbf839ac97e9;CD:E6:D3:07;0;AVIÁRIO MEIO;684,00;21/11/2025;09:05:05;20;1283-20
CO2;1283;CT-CO2-0;1f94f8ad-7171-b062-c0a5-dbf839ac97e9;CD:E6:D3:07;0;AVIÁRIO MEIO;633,00;21/11/2025;09:10:36;20;1283-20
CO2;1283;CT-CO2-0;1f94f8ad-7171-b062-c0a5-dbf839ac97e9;CD:E6:D3:07;0;AVIÁRIO MEIO;647,00;21/11/2025;09:16:08;20;1283-20
CO2;1283;CT-CO2-0;1f94f8ad-7171-b062-c0a5-dbf839ac97e9;CD:E6:D3:07;0;AVIÁRIO MEIO;629,00;21/11/2025;09:21:10;20;1283-20
CO2;1283;CT-CO2-0;1f94f8ad-7171-b062-c0a5-dbf839ac97e9;CD:E6:D3:07;0;AVIÁRIO MEIO;628,00;21/11/2025;09:26:43;20;1283-20
CO2;1283;CT-CO2-0;1f94f8ad-7171-b062-c0a5-dbf839ac97e9;CD:E6:D3:07;0;AVIÁRIO MEIO;625,00;21/11/2025;09:32:15;20;1283-20
CO2;1283;CT-CO2-0;1f94f8ad-7171-b062-c0a5-dbf839ac97e9;CD:E6:D3:07;0;AVIÁRIO MEIO;718,00;21/11/2025;09:37:18;20;1283-20
CO2;1283;CT-CO2-0;1f94f8ad-7171-b062-c0a5-dbf839ac97e9;CD:E6:D3:07;0;AVIÁRIO MEIO;792,00;21/11/2025;09:42:50;20;1283-20
CO2;1283;CT-CO2-0;1f94f8ad-7171-b062-c0a5-dbf839ac97e9;CD:E6:D3:07;0;AVIÁRIO MEIO;620,00;21/11/2025;09:48:21;20;1283-20
CO2;1283;CT-CO2-0;1f94f8ad-7171-b062-c0a5-dbf839ac97e9;CD:E6:D3:07;0;AVIÁRIO MEIO;611,00;21/11/2025;09:53:55;20;1283-20
CO2;1283;CT-CO2-0;1f94f8ad-7171-b062-c0a5-dbf839ac97e9;CD:E6:D3:07;0;AVIÁRIO MEIO;597,00;21/11/2025;09:58:56;20;1283-20
CO2;1283;CT-CO2-0;1f94f8ad-7171-b062-c0a5-dbf839ac97e9;CD:E6:D3:07;0;AVIÁRIO MEIO;603,00;21/11/2025;10:04:28;20;1283-20
CO2;1283;CT-CO2-0;1f94f8ad-7171-b062-c0a5-dbf839ac97e9;CD:E6:D3:07;0;AVIÁRIO MEIO;596,00;21/11/2025;10:09:30;20;1283-20
CO2;1283;CT-CO2-0;1f94f8ad-7171-b062-c0a5-dbf839ac97e9;CD:E6:D3:07;0;AVIÁRIO MEIO;626,00;21/11/2025;10:15:07;20;1283-20
CO2;1283;CT-CO2-0;1f94f8ad-7171-b062-c0a5-dbf839ac97e9;CD:E6:D3:07;0;AVIÁRIO MEIO;636,00;21/11/2025;10:20:11;20;1283-20
CO2;1283;CT-CO2-0;1f94f8ad-7171-b062-c0a5-dbf839ac97e9;CD:E6:D3:07;0;AVIÁRIO MEIO;620,00;21/11/2025;10:25:44;20;1283-20
CO2;1283;CT-CO2-0;1f94f8ad-7171-b062-c0a5-dbf839ac97e9;CD:E6:D3:07;0;AVIÁRIO MEIO;634,00;21/11/2025;10:31:17;20;1283-20
CO2;1283;CT-CO2-0;1f94f8ad-7171-b062-c0a5-dbf839ac97e9;CD:E6:D3:07;0;AVIÁRIO MEIO;703,00;21/11/2025;10:36:19;20;1283-20
CO2;1283;CT-CO2-0;1f94f8ad-7171-b062-c0a5-dbf839ac97e9;CD:E6:D3:07;0;AVIÁRIO MEIO;614,00;21/11/2025;10:41:51;20;1283-20
CO2;1283;CT-CO2-0;1f94f8ad-7171-b062-c0a5-dbf839ac97e9;CD:E6:D3:07;0;AVIÁRIO MEIO;631,00;21/11/2025;10:47:23;20;1283-20
CO2;1283;CT-CO2-0;1f94f8ad-7171-b062-c0a5-dbf839ac97e9;CD:E6:D3:07;0;AVIÁRIO MEIO;640,00;21/11/2025;10:52:25;20;1283-20
CO2;1283;CT-CO2-0;1f94f8ad-7171-b062-c0a5-dbf839ac97e9;CD:E6:D3:07;0;AVIÁRIO MEIO;616,00;21/11/2025;10:57:58;20;1283-20
CO2;1283;CT-CO2-0;1f94f8ad-7171-b062-c0a5-dbf839ac97e9;CD:E6:D3:07;0;AVIÁRIO MEIO;625,00;21/11/2025;11:04:03;20;1283-20
CO2;1283;CT-CO2-0;1f94f8ad-7171-b062-c0a5-dbf839ac97e9;CD:E6:D3:07;0;AVIÁRIO MEIO;630,00;21/11/2025;11:08:36;20;1283-20
CO2;1283;CT-CO2-0;1f94f8ad-7171-b062-c0a5-dbf839ac97e9;CD:E6:D3:07;0;AVIÁRIO MEIO;666,00;21/11/2025;11:14:08;20;1283-20
CO2;1283;CT-CO2-0;1f94f8ad-7171-b062-c0a5-dbf839ac97e9;CD:E6:D3:07;0;AVIÁRIO MEIO;626,00;21/11/2025;11:19:40;20;1283-20
CO2;1283;CT-CO2-0;1f94f8ad-7171-b062-c0a5-dbf839ac97e9;CD:E6:D3:07;0;AVIÁRIO MEIO;602,00;21/11/2025;11:30:15;20;1283-20
CO2;1283;CT-CO2-0;1f94f8ad-7171-b062-c0a5-dbf839ac97e9;CD:E6:D3:07;0;AVIÁRIO MEIO;609,00;21/11/2025;11:35:47;20;1283-20
CO2;1283;CT-CO2-0;1f94f8ad-7171-b062-c0a5-dbf839ac97e9;CD:E6:D3:07;0;AVIÁRIO MEIO;611,00;21/11/2025;11:40:49;20;1283-20
CO2;1283;CT-CO2-0;1f94f8ad-7171-b062-c0a5-dbf839ac97e9;CD:E6:D3:07;0;AVIÁRIO MEIO;624,00;21/11/2025;11:46:22;20;1283-20
CO2;1283;CT-CO2-0;1f94f8ad-7171-b062-c0a5-dbf839ac97e9;CD:E6:D3:07;0;AVIÁRIO MEIO;625,00;21/11/2025;11:51:55;20;1283-20
CO2;1283;CT-CO2-0;1f94f8ad-7171-b062-c0a5-dbf839ac97e9;CD:E6:D3:07;0;AVIÁRIO MEIO;624,00;21/11/2025;11:56:57;20;1283-20
CO2;1283;CT-CO2-0;1f94f8ad-7171-b062-c0a5-dbf839ac97e9;CD:E6:D3:07;0;AVIÁRIO MEIO;614,00;21/11/2025;12:02:29;20;1283-20
CO2;1283;CT-CO2-0;1f94f8ad-7171-b062-c0a5-dbf839ac97e9;CD:E6:D3:07;0;AVIÁRIO MEIO;612,00;21/11/2025;12:07:32;20;1283-20
CO2;1283;CT-CO2-0;1f94f8ad-7171-b062-c0a5-dbf839ac97e9;CD:E6:D3:07;0;AVIÁRIO MEIO;610,00;21/11/2025;12:13:37;20;1283-20
CO2;1283;CT-CO2-0;1f94f8ad-7171-b062-c0a5-dbf839ac97e9;CD:E6:D3:07;0;AVIÁRIO MEIO;607,00;21/11/2025;12:18:39;20;1283-20
CO2;1283;CT-CO2-0;1f94f8ad-7171-b062-c0a5-dbf839ac97e9;CD:E6:D3:07;0;AVIÁRIO MEIO;618,00;21/11/2025;12:23:42;20;1283-20
CO2;1283;CT-CO2-0;1f94f8ad-7171-b062-c0a5-dbf839ac97e9;CD:E6:D3:07;0;AVIÁRIO MEIO;614,00;21/11/2025;12:29:13;20;1283-20
CO2;1283;CT-CO2-0;1f94f8ad-7171-b062-c0a5-dbf839ac97e9;CD:E6:D3:07;0;AVIÁRIO MEIO;608,00;21/11/2025;12:34:46;20;1283-20
CO2;1283;CT-CO2-0;1f94f8ad-7171-b062-c0a5-dbf839ac97e9;CD:E6:D3:07;0;AVIÁRIO MEIO;616,00;21/11/2025;12:39:48;20;1283-20
CO2;1283;CT-CO2-0;1f94f8ad-7171-b062-c0a5-dbf839ac97e9;CD:E6:D3:07;0;AVIÁRIO MEIO;608,00;21/11/2025;12:45:20;20;1283-20
CO2;1283;CT-CO2-0;1f94f8ad-7171-b062-c0a5-dbf839ac97e9;CD:E6:D3:07;0;AVIÁRIO MEIO;610,00;21/11/2025;12:50:53;20;1283-20
CO2;1283;CT-CO2-0;1f94f8ad-7171-b062-c0a5-dbf839ac97e9;CD:E6:D3:07;0;AVIÁRIO MEIO;603,00;21/11/2025;12:55:54;20;1283-20
CO2;1283;CT-CO2-0;1f94f8ad-7171-b062-c0a5-dbf839ac97e9;CD:E6:D3:07;0;AVIÁRIO MEIO;607,00;21/11/2025;13:01:27;20;1283-20
CO2;1283;CT-CO2-0;1f94f8ad-7171-b062-c0a5-dbf839ac97e9;CD:E6:D3:07;0;AVIÁRIO MEIO;602,00;21/11/2025;13:06:59;20;1283-20
CO2;1283;CT-CO2-0;1f94f8ad-7171-b062-c0a5-dbf839ac97e9;CD:E6:D3:07;0;AVIÁRIO MEIO;624,00;21/11/2025;13:12:00;20;1283-20
CO2;1283;CT-CO2-0;1f94f8ad-7171-b062-c0a5-dbf839ac97e9;CD:E6:D3:07;0;AVIÁRIO MEIO;599,00;21/11/2025;13:17:32;20;1283-20
CO2;1283;CT-CO2-0;1f94f8ad-7171-b062-c0a5-dbf839ac97e9;CD:E6:D3:07;0;AVIÁRIO MEIO;612,00;21/11/2025;13:23:35;20;1283-20
CO2;1283;CT-CO2-0;1f94f8ad-7171-b062-c0a5-dbf839ac97e9;CD:E6:D3:07;0;AVIÁRIO MEIO;608,00;21/11/2025;13:28:08;20;1283-20
CO2;1283;CT-CO2-0;1f94f8ad-7171-b062-c0a5-dbf839ac97e9;CD:E6:D3:07;0;AVIÁRIO MEIO;607,00;21/11/2025;13:33:40;20;1283-20
CO2;1283;CT-CO2-0;1f94f8ad-7171-b062-c0a5-dbf839ac97e9;CD:E6:D3:07;0;AVIÁRIO MEIO;603,00;21/11/2025;13:39:12;20;1283-20
CO2;1283;CT-CO2-0;1f94f8ad-7171-b062-c0a5-dbf839ac97e9;CD:E6:D3:07;0;AVIÁRIO MEIO;603,00;21/11/2025;13:44:14;20;1283-20
CO2;1283;CT-CO2-0;1f94f8ad-7171-b062-c0a5-dbf839ac97e9;CD:E6:D3:07;0;AVIÁRIO MEIO;583,00;21/11/2025;13:49:47;20;1283-20
CO2;1283;CT-CO2-0;1f94f8ad-7171-b062-c0a5-dbf839ac97e9;CD:E6:D3:07;0;AVIÁRIO MEIO;594,00;21/11/2025;13:55:19;20;1283-20
CO2;1283;CT-CO2-0;1f94f8ad-7171-b062-c0a5-dbf839ac97e9;CD:E6:D3:07;0;AVIÁRIO MEIO;606,00;21/11/2025;14:00:21;20;1283-20
CO2;1283;CT-CO2-0;1f94f8ad-7171-b062-c0a5-dbf839ac97e9;CD:E6:D3:07;0;AVIÁRIO MEIO;593,00;21/11/2025;14:05:55;20;1283-20
CO2;1283;CT-CO2-0;1f94f8ad-7171-b062-c0a5-dbf839ac97e9;CD:E6:D3:07;0;AVIÁRIO MEIO;604,00;21/11/2025;14:11:27;20;1283-20
CO2;1283;CT-CO2-0;1f94f8ad-7171-b062-c0a5-dbf839ac97e9;CD:E6:D3:07;0;AVIÁRIO MEIO;591,00;21/11/2025;14:16:29;20;1283-20
CO2;1283;CT-CO2-0;1f94f8ad-7171-b062-c0a5-dbf839ac97e9;CD:E6:D3:07;0;AVIÁRIO MEIO;597,00;21/11/2025;14:22:07;20;1283-20
CO2;1283;CT-CO2-0;1f94f8ad-7171-b062-c0a5-dbf839ac97e9;CD:E6:D3:07;0;AVIÁRIO MEIO;588,00;21/11/2025;14:27:39;20;1283-20
CO2;1283;CT-CO2-0;1f94f8ad-7171-b062-c0a5-dbf839ac97e9;CD:E6:D3:07;0;AVIÁRIO MEIO;654,00;21/11/2025;14:33:13;20;1283-20
CO2;1283;CT-CO2-0;1f94f8ad-7171-b062-c0a5-dbf839ac97e9;CD:E6:D3:07;0;AVIÁRIO MEIO;597,00;21/11/2025;14:38:15;20;1283-20
CO2;1283;CT-CO2-0;1f94f8ad-7171-b062-c0a5-dbf839ac97e9;CD:E6:D3:07;0;AVIÁRIO MEIO;588,00;21/11/2025;14:43:47;20;1283-20
CO2;1283;CT-CO2-0;1f94f8ad-7171-b062-c0a5-dbf839ac97e9;CD:E6:D3:07;0;AVIÁRIO MEIO;587,00;21/11/2025;14:48:50;20;1283-20
CO2;1283;CT-CO2-0;1f94f8ad-7171-b062-c0a5-dbf839ac97e9;CD:E6:D3:07;0;AVIÁRIO MEIO;591,00;21/11/2025;14:54:22;20;1283-20
CO2;1283;CT-CO2-0;1f94f8ad-7171-b062-c0a5-dbf839ac97e9;CD:E6:D3:07;0;AVIÁRIO MEIO;575,00;21/11/2025;14:59:56;20;1283-20
CO2;1283;CT-CO2-0;1f94f8ad-7171-b062-c0a5-dbf839ac97e9;CD:E6:D3:07;0;AVIÁRIO MEIO;575,00;21/11/2025;15:04:58;20;1283-20
CO2;1283;CT-CO2-0;1f94f8ad-7171-b062-c0a5-dbf839ac97e9;CD:E6:D3:07;0;AVIÁRIO MEIO;595,00;21/11/2025;15:10:30;20;1283-20
CO2;1283;CT-CO2-0;1f94f8ad-7171-b062-c0a5-dbf839ac97e9;CD:E6:D3:07;0;AVIÁRIO MEIO;588,00;21/11/2025;15:16:03;20;1283-20
CO2;1283;CT-CO2-0;1f94f8ad-7171-b062-c0a5-dbf839ac97e9;CD:E6:D3:07;0;AVIÁRIO MEIO;589,00;21/11/2025;15:21:05;20;1283-20
CO2;1283;CT-CO2-0;1f94f8ad-7171-b062-c0a5-dbf839ac97e9;CD:E6:D3:07;0;AVIÁRIO MEIO;581,00;21/11/2025;15:26:37;20;1283-20
CO2;1283;CT-CO2-0;1f94f8ad-7171-b062-c0a5-dbf839ac97e9;CD:E6:D3:07;0;AVIÁRIO MEIO;576,00;21/11/2025;15:32:09;20;1283-20
CO2;1283;CT-CO2-0;1f94f8ad-7171-b062-c0a5-dbf839ac97e9;CD:E6:D3:07;0;AVIÁRIO MEIO;588,00;21/11/2025;15:37:10;20;1283-20
CO2;1283;CT-CO2-0;1f94f8ad-7171-b062-c0a5-dbf839ac97e9;CD:E6:D3:07;0;AVIÁRIO MEIO;586,00;21/11/2025;15:43:14;20;1283-20
CO2;1283;CT-CO2-0;1f94f8ad-7171-b062-c0a5-dbf839ac97e9;CD:E6:D3:07;0;AVIÁRIO MEIO;590,00;21/11/2025;15:48:17;20;1283-20
CO2;1283;CT-CO2-0;1f94f8ad-7171-b062-c0a5-dbf839ac97e9;CD:E6:D3:07;0;AVIÁRIO MEIO;590,00;21/11/2025;15:53:19;20;1283-20
CO2;1283;CT-CO2-0;1f94f8ad-7171-b062-c0a5-dbf839ac97e9;CD:E6:D3:07;0;AVIÁRIO MEIO;584,00;21/11/2025;15:58:51;20;1283-20
CO2;1283;CT-CO2-0;1f94f8ad-7171-b062-c0a5-dbf839ac97e9;CD:E6:D3:07;0;AVIÁRIO MEIO;597,00;21/11/2025;16:04:23;20;1283-20
CO2;1283;CT-CO2-0;1f94f8ad-7171-b062-c0a5-dbf839ac97e9;CD:E6:D3:07;0;AVIÁRIO MEIO;595,00;21/11/2025;16:09:25;20;1283-20
CO2;1283;CT-CO2-0;1f94f8ad-7171-b062-c0a5-dbf839ac97e9;CD:E6:D3:07;0;AVIÁRIO MEIO;577,00;21/11/2025;16:14:57;20;1283-20
CO2;1283;CT-CO2-0;1f94f8ad-7171-b062-c0a5-dbf839ac97e9;CD:E6:D3:07;0;AVIÁRIO MEIO;604,00;21/11/2025;16:20:29;20;1283-20
CO2;1283;CT-CO2-0;1f94f8ad-7171-b062-c0a5-dbf839ac97e9;CD:E6:D3:07;0;AVIÁRIO MEIO;589,00;21/11/2025;16:26:00;20;1283-20
CO2;1283;CT-CO2-0;1f94f8ad-7171-b062-c0a5-dbf839ac97e9;CD:E6:D3:07;0;AVIÁRIO MEIO;591,00;21/11/2025;16:31:02;20;1283-20
CO2;1283;CT-CO2-0;1f94f8ad-7171-b062-c0a5-dbf839ac97e9;CD:E6:D3:07;0;AVIÁRIO MEIO;593,00;21/11/2025;16:36:34;20;1283-20
CO2;1283;CT-CO2-0;1f94f8ad-7171-b062-c0a5-dbf839ac97e9;CD:E6:D3:07;0;AVIÁRIO MEIO;593,00;21/11/2025;16:42:06;20;1283-20
CO2;1283;CT-CO2-0;1f94f8ad-7171-b062-c0a5-dbf839ac97e9;CD:E6:D3:07;0;AVIÁRIO MEIO;610,00;21/11/2025;16:47:08;20;1283-20
CO2;1283;CT-CO2-0;1f94f8ad-7171-b062-c0a5-dbf839ac97e9;CD:E6:D3:07;0;AVIÁRIO MEIO;599,00;21/11/2025;16:53:12;20;1283-20
CO2;1283;CT-CO2-0;1f94f8ad-7171-b062-c0a5-dbf839ac97e9;CD:E6:D3:07;0;AVIÁRIO MEIO;591,00;21/11/2025;16:58:14;20;1283-20
CO2;1283;CT-CO2-0;1f94f8ad-7171-b062-c0a5-dbf839ac97e9;CD:E6:D3:07;0;AVIÁRIO MEIO;588,00;21/11/2025;17:03:17;20;1283-20
CO2;1283;CT-CO2-0;1f94f8ad-7171-b062-c0a5-dbf839ac97e9;CD:E6:D3:07;0;AVIÁRIO MEIO;600,00;21/11/2025;17:08:49;20;1283-20
CO2;1283;CT-CO2-0;1f94f8ad-7171-b062-c0a5-dbf839ac97e9;CD:E6:D3:07;0;AVIÁRIO MEIO;611,00;21/11/2025;17:14:21;20;1283-20
CO2;1283;CT-CO2-0;1f94f8ad-7171-b062-c0a5-dbf839ac97e9;CD:E6:D3:07;0;AVIÁRIO MEIO;619,00;21/11/2025;17:19:28;20;1283-20
CO2;1283;CT-CO2-0;1f94f8ad-7171-b062-c0a5-dbf839ac97e9;CD:E6:D3:07;0;AVIÁRIO MEIO;603,00;21/11/2025;17:25:01;20;1283-20
CO2;1283;CT-CO2-0;1f94f8ad-7171-b062-c0a5-dbf839ac97e9;CD:E6:D3:07;0;AVIÁRIO MEIO;615,00;21/11/2025;17:30:33;20;1283-20
CO2;1283;CT-CO2-0;1f94f8ad-7171-b062-c0a5-dbf839ac97e9;CD:E6:D3:07;0;AVIÁRIO MEIO;609,00;21/11/2025;17:35:36;20;1283-20
CO2;1283;CT-CO2-0;1f94f8ad-7171-b062-c0a5-dbf839ac97e9;CD:E6:D3:07;0;AVIÁRIO MEIO;608,00;21/11/2025;17:41:08;20;1283-20
CO2;1283;CT-CO2-0;1f94f8ad-7171-b062-c0a5-dbf839ac97e9;CD:E6:D3:07;0;AVIÁRIO MEIO;613,00;21/11/2025;17:46:42;20;1283-20
CO2;1283;CT-CO2-0;1f94f8ad-7171-b062-c0a5-dbf839ac97e9;CD:E6:D3:07;0;AVIÁRIO MEIO;619,00;21/11/2025;17:51:48;20;1283-20
CO2;1283;CT-CO2-0;1f94f8ad-7171-b062-c0a5-dbf839ac97e9;CD:E6:D3:07;0;AVIÁRIO MEIO;613,00;21/11/2025;17:57:19;20;1283-20
CO2;1283;CT-CO2-0;1f94f8ad-7171-b062-c0a5-dbf839ac97e9;CD:E6:D3:07;0;AVIÁRIO MEIO;651,00;21/11/2025;18:03:23;20;1283-20
CO2;1283;CT-CO2-0;1f94f8ad-7171-b062-c0a5-dbf839ac97e9;CD:E6:D3:07;0;AVIÁRIO MEIO;615,00;21/11/2025;18:07:56;20;1283-20
CO2;1283;CT-CO2-0;1f94f8ad-7171-b062-c0a5-dbf839ac97e9;CD:E6:D3:07;0;AVIÁRIO MEIO;619,00;21/11/2025;18:13:27;20;1283-20
CO2;1283;CT-CO2-0;1f94f8ad-7171-b062-c0a5-dbf839ac97e9;CD:E6:D3:07;0;AVIÁRIO MEIO;615,00;21/11/2025;18:19:00;20;1283-20
CO2;1283;CT-CO2-0;1f94f8ad-7171-b062-c0a5-dbf839ac97e9;CD:E6:D3:07;0;AVIÁRIO MEIO;641,00;21/11/2025;18:24:01;20;1283-20
CO2;1283;CT-CO2-0;1f94f8ad-7171-b062-c0a5-dbf839ac97e9;CD:E6:D3:07;0;AVIÁRIO MEIO;627,00;21/11/2025;18:29:34;20;1283-20
CO2;1283;CT-CO2-0;1f94f8ad-7171-b062-c0a5-dbf839ac97e9;CD:E6:D3:07;0;AVIÁRIO MEIO;628,00;21/11/2025;18:35:06;20;1283-20
CO2;1283;CT-CO2-0;1f94f8ad-7171-b062-c0a5-dbf839ac97e9;CD:E6:D3:07;0;AVIÁRIO MEIO;651,00;21/11/2025;18:40:08;20;1283-20
CO2;1283;CT-CO2-0;1f94f8ad-7171-b062-c0a5-dbf839ac97e9;CD:E6:D3:07;0;AVIÁRIO MEIO;646,00;21/11/2025;18:45:40;20;1283-20
CO2;1283;CT-CO2-0;1f94f8ad-7171-b062-c0a5-dbf839ac97e9;CD:E6:D3:07;0;AVIÁRIO MEIO;645,00;21/11/2025;18:51:12;20;1283-20
CO2;1283;CT-CO2-0;1f94f8ad-7171-b062-c0a5-dbf839ac97e9;CD:E6:D3:07;0;AVIÁRIO MEIO;649,00;21/11/2025;18:56:14;20;1283-20
CO2;1283;CT-CO2-0;1f94f8ad-7171-b062-c0a5-dbf839ac97e9;CD:E6:D3:07;0;AVIÁRIO MEIO;656,00;21/11/2025;19:01:46;20;1283-20
CO2;1283;CT-CO2-0;1f94f8ad-7171-b062-c0a5-dbf839ac97e9;CD:E6:D3:07;0;AVIÁRIO MEIO;630,00;21/11/2025;19:07:19;20;1283-20
CO2;1283;CT-CO2-0;1f94f8ad-7171-b062-c0a5-dbf839ac97e9;CD:E6:D3:07;0;AVIÁRIO MEIO;660,00;21/11/2025;19:12:52;20;1283-20
CO2;1283;CT-CO2-0;1f94f8ad-7171-b062-c0a5-dbf839ac97e9;CD:E6:D3:07;0;AVIÁRIO MEIO;657,00;21/11/2025;19:17:54;20;1283-20
CO2;1283;CT-CO2-0;1f94f8ad-7171-b062-c0a5-dbf839ac97e9;CD:E6:D3:07;0;AVIÁRIO MEIO;647,00;21/11/2025;19:23:25;20;1283-20
CO2;1283;CT-CO2-0;1f94f8ad-7171-b062-c0a5-dbf839ac97e9;CD:E6:D3:07;0;AVIÁRIO MEIO;655,00;21/11/2025;19:28:57;20;1283-20
CO2;1283;CT-CO2-0;1f94f8ad-7171-b062-c0a5-dbf839ac97e9;CD:E6:D3:07;0;AVIÁRIO MEIO;663,00;21/11/2025;19:33:59;20;1283-20
CO2;1283;CT-CO2-0;1f94f8ad-7171-b062-c0a5-dbf839ac97e9;CD:E6:D3:07;0;AVIÁRIO MEIO;671,00;21/11/2025;19:39:32;20;1283-20
CO2;1283;CT-CO2-0;1f94f8ad-7171-b062-c0a5-dbf839ac97e9;CD:E6:D3:07;0;AVIÁRIO MEIO;682,00;21/11/2025;19:45:07;20;1283-20
CO2;1283;CT-CO2-0;1f94f8ad-7171-b062-c0a5-dbf839ac97e9;CD:E6:D3:07;0;AVIÁRIO MEIO;680,00;21/11/2025;19:50:10;20;1283-20
CO2;1283;CT-CO2-0;1f94f8ad-7171-b062-c0a5-dbf839ac97e9;CD:E6:D3:07;0;AVIÁRIO MEIO;661,00;21/11/2025;19:55:42;20;1283-20
CO2;1283;CT-CO2-0;1f94f8ad-7171-b062-c0a5-dbf839ac97e9;CD:E6:D3:07;0;AVIÁRIO MEIO;659,00;21/11/2025;20:01:13;20;1283-20
CO2;1283;CT-CO2-0;1f94f8ad-7171-b062-c0a5-dbf839ac97e9;CD:E6:D3:07;0;AVIÁRIO MEIO;662,00;21/11/2025;20:06:16;20;1283-20
CO2;1283;CT-CO2-0;1f94f8ad-7171-b062-c0a5-dbf839ac97e9;CD:E6:D3:07;0;AVIÁRIO MEIO;668,00;21/11/2025;20:11:47;20;1283-20
CO2;1283;CT-CO2-0;1f94f8ad-7171-b062-c0a5-dbf839ac97e9;CD:E6:D3:07;0;AVIÁRIO MEIO;666,00;21/11/2025;20:17:53;20;1283-20
CO2;1283;CT-CO2-0;1f94f8ad-7171-b062-c0a5-dbf839ac97e9;CD:E6:D3:07;0;AVIÁRIO MEIO;661,00;21/11/2025;20:22:26;20;1283-20
CO2;1283;CT-CO2-0;1f94f8ad-7171-b062-c0a5-dbf839ac97e9;CD:E6:D3:07;0;AVIÁRIO MEIO;664,00;21/11/2025;20:27:58;20;1283-20
CO2;1283;CT-CO2-0;1f94f8ad-7171-b062-c0a5-dbf839ac97e9;CD:E6:D3:07;0;AVIÁRIO MEIO;662,00;21/11/2025;20:33:30;20;1283-20
CO2;1283;CT-CO2-0;1f94f8ad-7171-b062-c0a5-dbf839ac97e9;CD:E6:D3:07;0;AVIÁRIO MEIO;675,00;21/11/2025;20:38:32;20;1283-20
CO2;1283;CT-CO2-0;1f94f8ad-7171-b062-c0a5-dbf839ac97e9;CD:E6:D3:07;0;AVIÁRIO MEIO;674,00;21/11/2025;20:44:04;20;1283-20
CO2;1283;CT-CO2-0;1f94f8ad-7171-b062-c0a5-dbf839ac97e9;CD:E6:D3:07;0;AVIÁRIO MEIO;682,00;21/11/2025;20:49:36;20;1283-20
CO2;1283;CT-CO2-0;1f94f8ad-7171-b062-c0a5-dbf839ac97e9;CD:E6:D3:07;0;AVIÁRIO MEIO;673,00;21/11/2025;20:54:38;20;1283-20
CO2;1283;CT-CO2-0;1f94f8ad-7171-b062-c0a5-dbf839ac97e9;CD:E6:D3:07;0;AVIÁRIO MEIO;682,00;21/11/2025;21:00:10;20;1283-20
CO2;1283;CT-CO2-0;1f94f8ad-7171-b062-c0a5-dbf839ac97e9;CD:E6:D3:07;0;AVIÁRIO MEIO;652,00;21/11/2025;21:07:12;20;1283-20
CO2;1283;CT-CO2-0;1f94f8ad-7171-b062-c0a5-dbf839ac97e9;CD:E6:D3:07;0;AVIÁRIO MEIO;684,00;21/11/2025;21:12:14;20;1283-20
CO2;1283;CT-CO2-0;1f94f8ad-7171-b062-c0a5-dbf839ac97e9;CD:E6:D3:07;0;AVIÁRIO MEIO;665,00;21/11/2025;21:17:47;20;1283-20
CO2;1283;CT-CO2-0;1f94f8ad-7171-b062-c0a5-dbf839ac97e9;CD:E6:D3:07;0;AVIÁRIO MEIO;660,00;21/11/2025;21:23:52;20;1283-20
CO2;1283;CT-CO2-0;1f94f8ad-7171-b062-c0a5-dbf839ac97e9;CD:E6:D3:07;0;AVIÁRIO MEIO;669,00;21/11/2025;21:28:24;20;1283-20
CO2;1283;CT-CO2-0;1f94f8ad-7171-b062-c0a5-dbf839ac97e9;CD:E6:D3:07;0;AVIÁRIO MEIO;673,00;21/11/2025;21:33:56;20;1283-20
CO2;1283;CT-CO2-0;1f94f8ad-7171-b062-c0a5-dbf839ac97e9;CD:E6:D3:07;0;AVIÁRIO MEIO;668,00;21/11/2025;21:39:28;20;1283-20
CO2;1283;CT-CO2-0;1f94f8ad-7171-b062-c0a5-dbf839ac97e9;CD:E6:D3:07;0;AVIÁRIO MEIO;651,00;21/11/2025;21:44:30;20;1283-20
CO2;1283;CT-CO2-0;1f94f8ad-7171-b062-c0a5-dbf839ac97e9;CD:E6:D3:07;0;AVIÁRIO MEIO;619,00;21/11/2025;21:50:04;20;1283-20
CO2;1283;CT-CO2-0;1f94f8ad-7171-b062-c0a5-dbf839ac97e9;CD:E6:D3:07;0;AVIÁRIO MEIO;635,00;21/11/2025;21:55:36;20;1283-20
CO2;1283;CT-CO2-0;1f94f8ad-7171-b062-c0a5-dbf839ac97e9;CD:E6:D3:07;0;AVIÁRIO MEIO;671,00;21/11/2025;22:00:37;20;1283-20
CO2;1283;CT-CO2-0;1f94f8ad-7171-b062-c0a5-dbf839ac97e9;CD:E6:D3:07;0;AVIÁRIO MEIO;714,00;21/11/2025;22:06:09;20;1283-20
CO2;1283;CT-CO2-0;1f94f8ad-7171-b062-c0a5-dbf839ac97e9;CD:E6:D3:07;0;AVIÁRIO MEIO;685,00;21/11/2025;22:16:47;20;1283-20
CO2;1283;CT-CO2-0;1f94f8ad-7171-b062-c0a5-dbf839ac97e9;CD:E6:D3:07;0;AVIÁRIO MEIO;701,00;21/11/2025;22:22:19;20;1283-20
CO2;1283;CT-CO2-0;1f94f8ad-7171-b062-c0a5-dbf839ac97e9;CD:E6:D3:07;0;AVIÁRIO MEIO;674,00;21/11/2025;22:27:51;20;1283-20
CO2;1283;CT-CO2-0;1f94f8ad-7171-b062-c0a5-dbf839ac97e9;CD:E6:D3:07;0;AVIÁRIO MEIO;647,00;21/11/2025;22:33:25;20;1283-20
CO2;1283;CT-CO2-0;1f94f8ad-7171-b062-c0a5-dbf839ac97e9;CD:E6:D3:07;0;AVIÁRIO MEIO;660,00;21/11/2025;22:38:27;20;1283-20
CO2;1283;CT-CO2-0;1f94f8ad-7171-b062-c0a5-dbf839ac97e9;CD:E6:D3:07;0;AVIÁRIO MEIO;659,00;21/11/2025;22:43:58;20;1283-20
CO2;1283;CT-CO2-0;1f94f8ad-7171-b062-c0a5-dbf839ac97e9;CD:E6:D3:07;0;AVIÁRIO MEIO;691,00;21/11/2025;22:49:31;20;1283-20
CO2;1283;CT-CO2-0;1f94f8ad-7171-b062-c0a5-dbf839ac97e9;CD:E6:D3:07;0;AVIÁRIO MEIO;671,00;21/11/2025;22:54:33;20;1283-20
CO2;1283;CT-CO2-0;1f94f8ad-7171-b062-c0a5-dbf839ac97e9;CD:E6:D3:07;0;AVIÁRIO MEIO;671,00;21/11/2025;23:00:05;20;1283-20
CO2;1283;CT-CO2-0;1f94f8ad-7171-b062-c0a5-dbf839ac97e9;CD:E6:D3:07;0;AVIÁRIO MEIO;685,00;21/11/2025;23:05:37;20;1283-20
CO2;1283;CT-CO2-0;1f94f8ad-7171-b062-c0a5-dbf839ac97e9;CD:E6:D3:07;0;AVIÁRIO MEIO;685,00;21/11/2025;23:10:39;20;1283-20
CO2;1283;CT-CO2-0;1f94f8ad-7171-b062-c0a5-dbf839ac97e9;CD:E6:D3:07;0;AVIÁRIO MEIO;723,00;21/11/2025;23:16:10;20;1283-20
CO2;1283;CT-CO2-0;1f94f8ad-7171-b062-c0a5-dbf839ac97e9;CD:E6:D3:07;0;AVIÁRIO MEIO;754,00;21/11/2025;23:32:20;20;1283-20
CO2;1283;CT-CO2-0;1f94f8ad-7171-b062-c0a5-dbf839ac97e9;CD:E6:D3:07;0;AVIÁRIO MEIO;739,00;21/11/2025;23:37:53;20;1283-20
CO2;1283;CT-CO2-0;1f94f8ad-7171-b062-c0a5-dbf839ac97e9;CD:E6:D3:07;0;AVIÁRIO MEIO;747,00;21/11/2025;23:43:26;20;1283-20
CO2;1283;CT-CO2-0;1f94f8ad-7171-b062-c0a5-dbf839ac97e9;CD:E6:D3:07;0;AVIÁRIO MEIO;783,00;21/11/2025;23:48:29;20;1283-20
CO2;1283;CT-CO2-0;1f94f8ad-7171-b062-c0a5-dbf839ac97e9;CD:E6:D3:07;0;AVIÁRIO MEIO;806,00;21/11/2025;23:54:03;20;1283-20
CO2;1283;CT-CO2-0;1f94f8ad-7171-b062-c0a5-dbf839ac97e9;CD:E6:D3:07;0;AVIÁRIO MEIO;811,00;21/11/2025;23:59:05;20;1283-20
CO2;1283;CT-CO2-0;1f94f8ad-7171-b062-c0a5-dbf839ac97e9;CD:E6:D3:07;0;AVIÁRIO MEIO;830,00;22/11/2025;00:04:36;20;1283-20
CO2;1283;CT-CO2-0;1f94f8ad-7171-b062-c0a5-dbf839ac97e9;CD:E6:D3:07;0;AVIÁRIO MEIO;823,00;22/11/2025;00:10:10;20;1283-20
CO2;1283;CT-CO2-0;1f94f8ad-7171-b062-c0a5-dbf839ac97e9;CD:E6:D3:07;0;AVIÁRIO MEIO;815,00;22/11/2025;00:15:11;20;1283-20
CO2;1283;CT-CO2-0;1f94f8ad-7171-b062-c0a5-dbf839ac97e9;CD:E6:D3:07;0;AVIÁRIO MEIO;785,00;22/11/2025;00:20:44;20;1283-20
CO2;1283;CT-CO2-0;1f94f8ad-7171-b062-c0a5-dbf839ac97e9;CD:E6:D3:07;0;AVIÁRIO MEIO;748,00;22/11/2025;00:26:17;20;1283-20
CO2;1283;CT-CO2-0;1f94f8ad-7171-b062-c0a5-dbf839ac97e9;CD:E6:D3:07;0;AVIÁRIO MEIO;756,00;22/11/2025;00:31:18;20;1283-20
CO2;1283;CT-CO2-0;1f94f8ad-7171-b062-c0a5-dbf839ac97e9;CD:E6:D3:07;0;AVIÁRIO MEIO;695,00;22/11/2025;00:42:22;20;1283-20
CO2;1283;CT-CO2-0;1f94f8ad-7171-b062-c0a5-dbf839ac97e9;CD:E6:D3:07;0;AVIÁRIO MEIO;713,00;22/11/2025;00:47:25;20;1283-20
CO2;1283;CT-CO2-0;1f94f8ad-7171-b062-c0a5-dbf839ac97e9;CD:E6:D3:07;0;AVIÁRIO MEIO;685,00;22/11/2025;00:53:27;20;1283-20
CO2;1283;CT-CO2-0;1f94f8ad-7171-b062-c0a5-dbf839ac97e9;CD:E6:D3:07;0;AVIÁRIO MEIO;717,00;22/11/2025;00:58:29;20;1283-20
CO2;1283;CT-CO2-0;1f94f8ad-7171-b062-c0a5-dbf839ac97e9;CD:E6:D3:07;0;AVIÁRIO MEIO;784,00;22/11/2025;01:03:31;20;1283-20
CO2;1283;CT-CO2-0;1f94f8ad-7171-b062-c0a5-dbf839ac97e9;CD:E6:D3:07;0;AVIÁRIO MEIO;726,00;22/11/2025;01:09:03;20;1283-20
CO2;1283;CT-CO2-0;1f94f8ad-7171-b062-c0a5-dbf839ac97e9;CD:E6:D3:07;0;AVIÁRIO MEIO;715,00;22/11/2025;01:14:35;20;1283-20
CO2;1283;CT-CO2-0;1f94f8ad-7171-b062-c0a5-dbf839ac97e9;CD:E6:D3:07;0;AVIÁRIO MEIO;711,00;22/11/2025;01:20:06;20;1283-20
CO2;1283;CT-CO2-0;1f94f8ad-7171-b062-c0a5-dbf839ac97e9;CD:E6:D3:07;0;AVIÁRIO MEIO;768,00;22/11/2025;01:25:08;20;1283-20
CO2;1283;CT-CO2-0;1f94f8ad-7171-b062-c0a5-dbf839ac97e9;CD:E6:D3:07;0;AVIÁRIO MEIO;689,00;22/11/2025;01:30:41;20;1283-20
CO2;1283;CT-CO2-0;1f94f8ad-7171-b062-c0a5-dbf839ac97e9;CD:E6:D3:07;0;AVIÁRIO MEIO;690,00;22/11/2025;01:36:13;20;1283-20
CO2;1283;CT-CO2-0;1f94f8ad-7171-b062-c0a5-dbf839ac97e9;CD:E6:D3:07;0;AVIÁRIO MEIO;693,00;22/11/2025;01:41:15;20;1283-20
CO2;1283;CT-CO2-0;1f94f8ad-7171-b062-c0a5-dbf839ac97e9;CD:E6:D3:07;0;AVIÁRIO MEIO;764,00;22/11/2025;01:52:18;20;1283-20
CO2;1283;CT-CO2-0;1f94f8ad-7171-b062-c0a5-dbf839ac97e9;CD:E6:D3:07;0;AVIÁRIO MEIO;703,00;22/11/2025;01:57:20;20;1283-20
CO2;1283;CT-CO2-0;1f94f8ad-7171-b062-c0a5-dbf839ac97e9;CD:E6:D3:07;0;AVIÁRIO MEIO;695,00;22/11/2025;02:03:23;20;1283-20
CO2;1283;CT-CO2-0;1f94f8ad-7171-b062-c0a5-dbf839ac97e9;CD:E6:D3:07;0;AVIÁRIO MEIO;718,00;22/11/2025;02:08:25;20;1283-20
CO2;1283;CT-CO2-0;1f94f8ad-7171-b062-c0a5-dbf839ac97e9;CD:E6:D3:07;0;AVIÁRIO MEIO;736,00;22/11/2025;02:13:27;20;1283-20
CO2;1283;CT-CO2-0;1f94f8ad-7171-b062-c0a5-dbf839ac97e9;CD:E6:D3:07;0;AVIÁRIO MEIO;725,00;22/11/2025;02:18:59;20;1283-20
CO2;1283;CT-CO2-0;1f94f8ad-7171-b062-c0a5-dbf839ac97e9;CD:E6:D3:07;0;AVIÁRIO MEIO;705,00;22/11/2025;02:24:31;20;1283-20
CO2;1283;CT-CO2-0;1f94f8ad-7171-b062-c0a5-dbf839ac97e9;CD:E6:D3:07;0;AVIÁRIO MEIO;693,00;22/11/2025;02:29:33;20;1283-20
CO2;1283;CT-CO2-0;1f94f8ad-7171-b062-c0a5-dbf839ac97e9;CD:E6:D3:07;0;AVIÁRIO MEIO;704,00;22/11/2025;02:35:08;20;1283-20
CO2;1283;CT-CO2-0;1f94f8ad-7171-b062-c0a5-dbf839ac97e9;CD:E6:D3:07;0;AVIÁRIO MEIO;682,00;22/11/2025;02:40:41;20;1283-20
CO2;1283;CT-CO2-0;1f94f8ad-7171-b062-c0a5-dbf839ac97e9;CD:E6:D3:07;0;AVIÁRIO MEIO;689,00;22/11/2025;02:45:42;20;1283-20
CO2;1283;CT-CO2-0;1f94f8ad-7171-b062-c0a5-dbf839ac97e9;CD:E6:D3:07;0;AVIÁRIO MEIO;688,00;22/11/2025;02:51:14;20;1283-20
CO2;1283;CT-CO2-0;1f94f8ad-7171-b062-c0a5-dbf839ac97e9;CD:E6:D3:07;0;AVIÁRIO MEIO;697,00;22/11/2025;03:01:50;20;1283-20
CO2;1283;CT-CO2-0;1f94f8ad-7171-b062-c0a5-dbf839ac97e9;CD:E6:D3:07;0;AVIÁRIO MEIO;694,00;22/11/2025;03:07:23;20;1283-20
CO2;1283;CT-CO2-0;1f94f8ad-7171-b062-c0a5-dbf839ac97e9;CD:E6:D3:07;0;AVIÁRIO MEIO;774,00;22/11/2025;03:13:26;20;1283-20
CO2;1283;CT-CO2-0;1f94f8ad-7171-b062-c0a5-dbf839ac97e9;CD:E6:D3:07;0;AVIÁRIO MEIO;777,00;22/11/2025;03:17:58;20;1283-20
CO2;1283;CT-CO2-0;1f94f8ad-7171-b062-c0a5-dbf839ac97e9;CD:E6:D3:07;0;AVIÁRIO MEIO;761,00;22/11/2025;03:23:30;20;1283-20
CO2;1283;CT-CO2-0;1f94f8ad-7171-b062-c0a5-dbf839ac97e9;CD:E6:D3:07;0;AVIÁRIO MEIO;767,00;22/11/2025;03:29:03;20;1283-20
CO2;1283;CT-CO2-0;1f94f8ad-7171-b062-c0a5-dbf839ac97e9;CD:E6:D3:07;0;AVIÁRIO MEIO;796,00;22/11/2025;03:34:35;20;1283-20
CO2;1283;CT-CO2-0;1f94f8ad-7171-b062-c0a5-dbf839ac97e9;CD:E6:D3:07;0;AVIÁRIO MEIO;747,00;22/11/2025;03:39:37;20;1283-20
CO2;1283;CT-CO2-0;1f94f8ad-7171-b062-c0a5-dbf839ac97e9;CD:E6:D3:07;0;AVIÁRIO MEIO;755,00;22/11/2025;03:45:10;20;1283-20
CO2;1283;CT-CO2-0;1f94f8ad-7171-b062-c0a5-dbf839ac97e9;CD:E6:D3:07;0;AVIÁRIO MEIO;726,00;22/11/2025;03:50:43;20;1283-20
CO2;1283;CT-CO2-0;1f94f8ad-7171-b062-c0a5-dbf839ac97e9;CD:E6:D3:07;0;AVIÁRIO MEIO;714,00;22/11/2025;03:55:45;20;1283-20
CO2;1283;CT-CO2-0;1f94f8ad-7171-b062-c0a5-dbf839ac97e9;CD:E6:D3:07;0;AVIÁRIO MEIO;705,00;22/11/2025;04:01:17;20;1283-20
CO2;1283;CT-CO2-0;1f94f8ad-7171-b062-c0a5-dbf839ac97e9;CD:E6:D3:07;0;AVIÁRIO MEIO;690,00;22/11/2025;04:06:49;20;1283-20
CO2;1283;CT-CO2-0;1f94f8ad-7171-b062-c0a5-dbf839ac97e9;CD:E6:D3:07;0;AVIÁRIO MEIO;692,00;22/11/2025;04:11:51;20;1283-20
CO2;1283;CT-CO2-0;1f94f8ad-7171-b062-c0a5-dbf839ac97e9;CD:E6:D3:07;0;AVIÁRIO MEIO;712,00;22/11/2025;04:17:23;20;1283-20
CO2;1283;CT-CO2-0;1f94f8ad-7171-b062-c0a5-dbf839ac97e9;CD:E6:D3:07;0;AVIÁRIO MEIO;708,00;22/11/2025;04:23:27;20;1283-20
CO2;1283;CT-CO2-0;1f94f8ad-7171-b062-c0a5-dbf839ac97e9;CD:E6:D3:07;0;AVIÁRIO MEIO;701,00;22/11/2025;04:27:59;20;1283-20
CO2;1283;CT-CO2-0;1f94f8ad-7171-b062-c0a5-dbf839ac97e9;CD:E6:D3:07;0;AVIÁRIO MEIO;705,00;22/11/2025;04:33:31;20;1283-20
CO2;1283;CT-CO2-0;1f94f8ad-7171-b062-c0a5-dbf839ac97e9;CD:E6:D3:07;0;AVIÁRIO MEIO;706,00;22/11/2025;04:39:03;20;1283-20
CO2;1283;CT-CO2-0;1f94f8ad-7171-b062-c0a5-dbf839ac97e9;CD:E6:D3:07;0;AVIÁRIO MEIO;691,00;22/11/2025;04:44:05;20;1283-20
CO2;1283;CT-CO2-0;1f94f8ad-7171-b062-c0a5-dbf839ac97e9;CD:E6:D3:07;0;AVIÁRIO MEIO;682,00;22/11/2025;04:49:37;20;1283-20
CO2;1283;CT-CO2-0;1f94f8ad-7171-b062-c0a5-dbf839ac97e9;CD:E6:D3:07;0;AVIÁRIO MEIO;681,00;22/11/2025;04:55:09;20;1283-20
CO2;1283;CT-CO2-0;1f94f8ad-7171-b062-c0a5-dbf839ac97e9;CD:E6:D3:07;0;AVIÁRIO MEIO;676,00;22/11/2025;05:00:41;20;1283-20
CO2;1283;CT-CO2-0;1f94f8ad-7171-b062-c0a5-dbf839ac97e9;CD:E6:D3:07;0;AVIÁRIO MEIO;682,00;22/11/2025;05:05:44;20;1283-20
CO2;1283;CT-CO2-0;1f94f8ad-7171-b062-c0a5-dbf839ac97e9;CD:E6:D3:07;0;AVIÁRIO MEIO;678,00;22/11/2025;05:11:16;20;1283-20
CO2;1283;CT-CO2-0;1f94f8ad-7171-b062-c0a5-dbf839ac97e9;CD:E6:D3:07;0;AVIÁRIO MEIO;689,00;22/11/2025;05:16:48;20;1283-20
CO2;1283;CT-CO2-0;1f94f8ad-7171-b062-c0a5-dbf839ac97e9;CD:E6:D3:07;0;AVIÁRIO MEIO;708,00;22/11/2025;05:21:50;20;1283-20
CO2;1283;CT-CO2-0;1f94f8ad-7171-b062-c0a5-dbf839ac97e9;CD:E6:D3:07;0;AVIÁRIO MEIO;721,00;22/11/2025;05:27:22;20;1283-20
CO2;1283;CT-CO2-0;1f94f8ad-7171-b062-c0a5-dbf839ac97e9;CD:E6:D3:07;0;AVIÁRIO MEIO;725,00;22/11/2025;05:33:25;20;1283-20
CO2;1283;CT-CO2-0;1f94f8ad-7171-b062-c0a5-dbf839ac97e9;CD:E6:D3:07;0;AVIÁRIO MEIO;719,00;22/11/2025;05:37:56;20;1283-20
CO2;1283;CT-CO2-0;1f94f8ad-7171-b062-c0a5-dbf839ac97e9;CD:E6:D3:07;0;AVIÁRIO MEIO;742,00;22/11/2025;05:43:29;20;1283-20
CO2;1283;CT-CO2-0;1f94f8ad-7171-b062-c0a5-dbf839ac97e9;CD:E6:D3:07;0;AVIÁRIO MEIO;762,00;22/11/2025;05:49:02;20;1283-20
CO2;1283;CT-CO2-0;1f94f8ad-7171-b062-c0a5-dbf839ac97e9;CD:E6:D3:07;0;AVIÁRIO MEIO;798,00;22/11/2025;05:54:04;20;1283-20
CO2;1283;CT-CO2-0;1f94f8ad-7171-b062-c0a5-dbf839ac97e9;CD:E6:D3:07;0;AVIÁRIO MEIO;793,00;22/11/2025;05:59:36;20;1283-20
CO2;1283;CT-CO2-0;1f94f8ad-7171-b062-c0a5-dbf839ac97e9;CD:E6:D3:07;0;AVIÁRIO MEIO;725,00;22/11/2025;06:05:08;20;1283-20
CO2;1283;CT-CO2-0;1f94f8ad-7171-b062-c0a5-dbf839ac97e9;CD:E6:D3:07;0;AVIÁRIO MEIO;711,00;22/11/2025;06:10:10;20;1283-20
CO2;1283;CT-CO2-0;1f94f8ad-7171-b062-c0a5-dbf839ac97e9;CD:E6:D3:07;0;AVIÁRIO MEIO;716,00;22/11/2025;06:15:41;20;1283-20
CO2;1283;CT-CO2-0;1f94f8ad-7171-b062-c0a5-dbf839ac97e9;CD:E6:D3:07;0;AVIÁRIO MEIO;733,00;22/11/2025;06:21:14;20;1283-20
CO2;1283;CT-CO2-0;1f94f8ad-7171-b062-c0a5-dbf839ac97e9;CD:E6:D3:07;0;AVIÁRIO MEIO;712,00;22/11/2025;06:37:21;20;1283-20
CO2;1283;CT-CO2-0;1f94f8ad-7171-b062-c0a5-dbf839ac97e9;CD:E6:D3:07;0;AVIÁRIO MEIO;723,00;22/11/2025;06:43:24;20;1283-20
CO2;1283;CT-CO2-0;1f94f8ad-7171-b062-c0a5-dbf839ac97e9;CD:E6:D3:07;0;AVIÁRIO MEIO;719,00;22/11/2025;06:47:58;20;1283-20
CO2;1283;CT-CO2-0;1f94f8ad-7171-b062-c0a5-dbf839ac97e9;CD:E6:D3:07;0;AVIÁRIO MEIO;724,00;22/11/2025;06:53:30;20;1283-20
CO2;1283;CT-CO2-0;1f94f8ad-7171-b062-c0a5-dbf839ac97e9;CD:E6:D3:07;0;AVIÁRIO MEIO;727,00;22/11/2025;06:59:03;20;1283-20
CO2;1283;CT-CO2-0;1f94f8ad-7171-b062-c0a5-dbf839ac97e9;CD:E6:D3:07;0;AVIÁRIO MEIO;739,00;22/11/2025;07:04:05;20;1283-20
CO2;1283;CT-CO2-0;1f94f8ad-7171-b062-c0a5-dbf839ac97e9;CD:E6:D3:07;0;AVIÁRIO MEIO;700,00;22/11/2025;07:09:37;20;1283-20
CO2;1283;CT-CO2-0;1f94f8ad-7171-b062-c0a5-dbf839ac97e9;CD:E6:D3:07;0;AVIÁRIO MEIO;690,00;22/11/2025;07:15:09;20;1283-20
CO2;1283;CT-CO2-0;1f94f8ad-7171-b062-c0a5-dbf839ac97e9;CD:E6:D3:07;0;AVIÁRIO MEIO;654,00;22/11/2025;07:20:12;20;1283-20
CO2;1283;CT-CO2-0;1f94f8ad-7171-b062-c0a5-dbf839ac97e9;CD:E6:D3:07;0;AVIÁRIO MEIO;643,00;22/11/2025;07:25:44;20;1283-20
CO2;1283;CT-CO2-0;1f94f8ad-7171-b062-c0a5-dbf839ac97e9;CD:E6:D3:07;0;AVIÁRIO MEIO;640,00;22/11/2025;07:31:17;20;1283-20
CO2;1283;CT-CO2-0;1f94f8ad-7171-b062-c0a5-dbf839ac97e9;CD:E6:D3:07;0;AVIÁRIO MEIO;648,00;22/11/2025;07:36:19;20;1283-20
CO2;1283;CT-CO2-0;1f94f8ad-7171-b062-c0a5-dbf839ac97e9;CD:E6:D3:07;0;AVIÁRIO MEIO;658,00;22/11/2025;07:41:51;20;1283-20
CO2;1283;CT-CO2-0;1f94f8ad-7171-b062-c0a5-dbf839ac97e9;CD:E6:D3:07;0;AVIÁRIO MEIO;640,00;22/11/2025;07:47:23;20;1283-20
CO2;1283;CT-CO2-0;1f94f8ad-7171-b062-c0a5-dbf839ac97e9;CD:E6:D3:07;0;AVIÁRIO MEIO;628,00;22/11/2025;07:52:56;20;1283-20
CO2;1283;CT-CO2-0;1f94f8ad-7171-b062-c0a5-dbf839ac97e9;CD:E6:D3:07;0;AVIÁRIO MEIO;611,00;22/11/2025;07:57:58;20;1283-20
CO2;1283;CT-CO2-0;1f94f8ad-7171-b062-c0a5-dbf839ac97e9;CD:E6:D3:07;0;AVIÁRIO MEIO;617,00;22/11/2025;08:03:30;20;1283-20
CO2;1283;CT-CO2-0;1f94f8ad-7171-b062-c0a5-dbf839ac97e9;CD:E6:D3:07;0;AVIÁRIO MEIO;625,00;22/11/2025;08:08:32;20;1283-20
CO2;1283;CT-CO2-0;1f94f8ad-7171-b062-c0a5-dbf839ac97e9;CD:E6:D3:07;0;AVIÁRIO MEIO;619,00;22/11/2025;08:14:04;20;1283-20
CO2;1283;CT-CO2-0;1f94f8ad-7171-b062-c0a5-dbf839ac97e9;CD:E6:D3:07;0;AVIÁRIO MEIO;615,00;22/11/2025;08:19:38;20;1283-20
CO2;1283;CT-CO2-0;1f94f8ad-7171-b062-c0a5-dbf839ac97e9;CD:E6:D3:07;0;AVIÁRIO MEIO;636,00;22/11/2025;08:24:40;20;1283-20
CO2;1283;CT-CO2-0;1f94f8ad-7171-b062-c0a5-dbf839ac97e9;CD:E6:D3:07;0;AVIÁRIO MEIO;639,00;22/11/2025;08:30:12;20;1283-20
CO2;1283;CT-CO2-0;1f94f8ad-7171-b062-c0a5-dbf839ac97e9;CD:E6:D3:07;0;AVIÁRIO MEIO;622,00;22/11/2025;08:35:44;20;1283-20
CO2;1283;CT-CO2-0;1f94f8ad-7171-b062-c0a5-dbf839ac97e9;CD:E6:D3:07;0;AVIÁRIO MEIO;623,00;22/11/2025;08:41:16;20;1283-20
CO2;1283;CT-CO2-0;1f94f8ad-7171-b062-c0a5-dbf839ac97e9;CD:E6:D3:07;0;AVIÁRIO MEIO;631,00;22/11/2025;08:46:19;20;1283-20
CO2;1283;CT-CO2-0;1f94f8ad-7171-b062-c0a5-dbf839ac97e9;CD:E6:D3:07;0;AVIÁRIO MEIO;646,00;22/11/2025;08:51:52;20;1283-20
CO2;1283;CT-CO2-0;1f94f8ad-7171-b062-c0a5-dbf839ac97e9;CD:E6:D3:07;0;AVIÁRIO MEIO;607,00;22/11/2025;08:57:23;20;1283-20
CO2;1283;CT-CO2-0;1f94f8ad-7171-b062-c0a5-dbf839ac97e9;CD:E6:D3:07;0;AVIÁRIO MEIO;639,00;22/11/2025;09:02:56;20;1283-20
CO2;1283;CT-CO2-0;1f94f8ad-7171-b062-c0a5-dbf839ac97e9;CD:E6:D3:07;0;AVIÁRIO MEIO;643,00;22/11/2025;09:07:58;20;1283-20
CO2;1283;CT-CO2-0;1f94f8ad-7171-b062-c0a5-dbf839ac97e9;CD:E6:D3:07;0;AVIÁRIO MEIO;644,00;22/11/2025;09:13:30;20;1283-20
CO2;1283;CT-CO2-0;1f94f8ad-7171-b062-c0a5-dbf839ac97e9;CD:E6:D3:07;0;AVIÁRIO MEIO;638,00;22/11/2025;09:18:32;20;1283-20
CO2;1283;CT-CO2-0;1f94f8ad-7171-b062-c0a5-dbf839ac97e9;CD:E6:D3:07;0;AVIÁRIO MEIO;652,00;22/11/2025;09:24:04;20;1283-20
CO2;1283;CT-CO2-0;1f94f8ad-7171-b062-c0a5-dbf839ac97e9;CD:E6:D3:07;0;AVIÁRIO MEIO;651,00;22/11/2025;09:29:36;20;1283-20
CO2;1283;CT-CO2-0;1f94f8ad-7171-b062-c0a5-dbf839ac97e9;CD:E6:D3:07;0;AVIÁRIO MEIO;659,00;22/11/2025;09:34:38;20;1283-20
CO2;1283;CT-CO2-0;1f94f8ad-7171-b062-c0a5-dbf839ac97e9;CD:E6:D3:07;0;AVIÁRIO MEIO;848,00;22/11/2025;09:40:11;20;1283-20
CO2;1283;CT-CO2-0;1f94f8ad-7171-b062-c0a5-dbf839ac97e9;CD:E6:D3:07;0;AVIÁRIO MEIO;759,00;22/11/2025;09:45:43;20;1283-20
CO2;1283;CT-CO2-0;1f94f8ad-7171-b062-c0a5-dbf839ac97e9;CD:E6:D3:07;0;AVIÁRIO MEIO;616,00;22/11/2025;09:50:45;20;1283-20
CO2;1283;CT-CO2-0;1f94f8ad-7171-b062-c0a5-dbf839ac97e9;CD:E6:D3:07;0;AVIÁRIO MEIO;632,00;22/11/2025;09:56:16;20;1283-20
CO2;1283;CT-CO2-0;1f94f8ad-7171-b062-c0a5-dbf839ac97e9;CD:E6:D3:07;0;AVIÁRIO MEIO;637,00;22/11/2025;10:01:49;20;1283-20
CO2;1283;CT-CO2-0;1f94f8ad-7171-b062-c0a5-dbf839ac97e9;CD:E6:D3:07;0;AVIÁRIO MEIO;617,00;22/11/2025;10:07:21;20;1283-20
CO2;1283;CT-CO2-0;1f94f8ad-7171-b062-c0a5-dbf839ac97e9;CD:E6:D3:07;0;AVIÁRIO MEIO;618,00;22/11/2025;10:12:55;20;1283-20
CO2;1283;CT-CO2-0;1f94f8ad-7171-b062-c0a5-dbf839ac97e9;CD:E6:D3:07;0;AVIÁRIO MEIO;633,00;22/11/2025;10:17:57;20;1283-20
CO2;1283;CT-CO2-0;1f94f8ad-7171-b062-c0a5-dbf839ac97e9;CD:E6:D3:07;0;AVIÁRIO MEIO;630,00;22/11/2025;10:23:29;20;1283-20
CO2;1283;CT-CO2-0;1f94f8ad-7171-b062-c0a5-dbf839ac97e9;CD:E6:D3:07;0;AVIÁRIO MEIO;617,00;22/11/2025;10:28:32;20;1283-20
CO2;1283;CT-CO2-0;1f94f8ad-7171-b062-c0a5-dbf839ac97e9;CD:E6:D3:07;0;AVIÁRIO MEIO;616,00;22/11/2025;10:34:04;20;1283-20
CO2;1283;CT-CO2-0;1f94f8ad-7171-b062-c0a5-dbf839ac97e9;CD:E6:D3:07;0;AVIÁRIO MEIO;631,00;22/11/2025;10:39:36;20;1283-20
CO2;1283;CT-CO2-0;1f94f8ad-7171-b062-c0a5-dbf839ac97e9;CD:E6:D3:07;0;AVIÁRIO MEIO;609,00;22/11/2025;10:44:38;20;1283-20
CO2;1283;CT-CO2-0;1f94f8ad-7171-b062-c0a5-dbf839ac97e9;CD:E6:D3:07;0;AVIÁRIO MEIO;627,00;22/11/2025;10:50:10;20;1283-20
CO2;1283;CT-CO2-0;1f94f8ad-7171-b062-c0a5-dbf839ac97e9;CD:E6:D3:07;0;AVIÁRIO MEIO;698,00;22/11/2025;10:55:41;20;1283-20
CO2;1283;CT-CO2-0;1f94f8ad-7171-b062-c0a5-dbf839ac97e9;CD:E6:D3:07;0;AVIÁRIO MEIO;604,00;22/11/2025;11:00:43;20;1283-20
CO2;1283;CT-CO2-0;1f94f8ad-7171-b062-c0a5-dbf839ac97e9;CD:E6:D3:07;0;AVIÁRIO MEIO;599,00;22/11/2025;11:06:15;20;1283-20
CO2;1283;CT-CO2-0;1f94f8ad-7171-b062-c0a5-dbf839ac97e9;CD:E6:D3:07;0;AVIÁRIO MEIO;601,00;22/11/2025;11:11:47;20;1283-20
CO2;1283;CT-CO2-0;1f94f8ad-7171-b062-c0a5-dbf839ac97e9;CD:E6:D3:07;0;AVIÁRIO MEIO;612,00;22/11/2025;11:17:19;20;1283-20
CO2;1283;CT-CO2-0;1f94f8ad-7171-b062-c0a5-dbf839ac97e9;CD:E6:D3:07;0;AVIÁRIO MEIO;577,00;22/11/2025;11:22:52;20;1283-20
CO2;1283;CT-CO2-0;1f94f8ad-7171-b062-c0a5-dbf839ac97e9;CD:E6:D3:07;0;AVIÁRIO MEIO;596,00;22/11/2025;11:27:54;20;1283-20
CO2;1283;CT-CO2-0;1f94f8ad-7171-b062-c0a5-dbf839ac97e9;CD:E6:D3:07;0;AVIÁRIO MEIO;604,00;22/11/2025;11:33:26;20;1283-20
CO2;1283;CT-CO2-0;1f94f8ad-7171-b062-c0a5-dbf839ac97e9;CD:E6:D3:07;0;AVIÁRIO MEIO;591,00;22/11/2025;11:38:28;20;1283-20
CO2;1283;CT-CO2-0;1f94f8ad-7171-b062-c0a5-dbf839ac97e9;CD:E6:D3:07;0;AVIÁRIO MEIO;605,00;22/11/2025;11:44:00;20;1283-20
CO2;1283;CT-CO2-0;1f94f8ad-7171-b062-c0a5-dbf839ac97e9;CD:E6:D3:07;0;AVIÁRIO MEIO;607,00;22/11/2025;11:49:32;20;1283-20
CO2;1283;CT-CO2-0;1f94f8ad-7171-b062-c0a5-dbf839ac97e9;CD:E6:D3:07;0;AVIÁRIO MEIO;618,00;22/11/2025;11:54:34;20;1283-20
CO2;1283;CT-CO2-0;1f94f8ad-7171-b062-c0a5-dbf839ac97e9;CD:E6:D3:07;0;AVIÁRIO MEIO;600,00;22/11/2025;12:00:08;20;1283-20
CO2;1283;CT-CO2-0;1f94f8ad-7171-b062-c0a5-dbf839ac97e9;CD:E6:D3:07;0;AVIÁRIO MEIO;606,00;22/11/2025;12:05:40;20;1283-20
CO2;1283;CT-CO2-0;1f94f8ad-7171-b062-c0a5-dbf839ac97e9;CD:E6:D3:07;0;AVIÁRIO MEIO;605,00;22/11/2025;12:10:43;20;1283-20
CO2;1283;CT-CO2-0;1f94f8ad-7171-b062-c0a5-dbf839ac97e9;CD:E6:D3:07;0;AVIÁRIO MEIO;603,00;22/11/2025;12:16:15;20;1283-20
CO2;1283;CT-CO2-0;1f94f8ad-7171-b062-c0a5-dbf839ac97e9;CD:E6:D3:07;0;AVIÁRIO MEIO;607,00;22/11/2025;12:21:47;20;1283-20
CO2;1283;CT-CO2-0;1f94f8ad-7171-b062-c0a5-dbf839ac97e9;CD:E6:D3:07;0;AVIÁRIO MEIO;622,00;22/11/2025;12:27:19;20;1283-20
CO2;1283;CT-CO2-0;1f94f8ad-7171-b062-c0a5-dbf839ac97e9;CD:E6:D3:07;0;AVIÁRIO MEIO;612,00;22/11/2025;12:32:52;20;1283-20
CO2;1283;CT-CO2-0;1f94f8ad-7171-b062-c0a5-dbf839ac97e9;CD:E6:D3:07;0;AVIÁRIO MEIO;609,00;22/11/2025;12:37:55;20;1283-20
CO2;1283;CT-CO2-0;1f94f8ad-7171-b062-c0a5-dbf839ac97e9;CD:E6:D3:07;0;AVIÁRIO MEIO;611,00;22/11/2025;12:43:26;20;1283-20
CO2;1283;CT-CO2-0;1f94f8ad-7171-b062-c0a5-dbf839ac97e9;CD:E6:D3:07;0;AVIÁRIO MEIO;606,00;22/11/2025;12:48:58;20;1283-20
CO2;1283;CT-CO2-0;1f94f8ad-7171-b062-c0a5-dbf839ac97e9;CD:E6:D3:07;0;AVIÁRIO MEIO;614,00;22/11/2025;12:54:00;20;1283-20
CO2;1283;CT-CO2-0;1f94f8ad-7171-b062-c0a5-dbf839ac97e9;CD:E6:D3:07;0;AVIÁRIO MEIO;610,00;22/11/2025;12:59:33;20;1283-20
CO2;1283;CT-CO2-0;1f94f8ad-7171-b062-c0a5-dbf839ac97e9;CD:E6:D3:07;0;AVIÁRIO MEIO;612,00;22/11/2025;13:05:07;20;1283-20
CO2;1283;CT-CO2-0;1f94f8ad-7171-b062-c0a5-dbf839ac97e9;CD:E6:D3:07;0;AVIÁRIO MEIO;619,00;22/11/2025;13:10:09;20;1283-20
CO2;1283;CT-CO2-0;1f94f8ad-7171-b062-c0a5-dbf839ac97e9;CD:E6:D3:07;0;AVIÁRIO MEIO;609,00;22/11/2025;13:15:41;20;1283-20
CO2;1283;CT-CO2-0;1f94f8ad-7171-b062-c0a5-dbf839ac97e9;CD:E6:D3:07;0;AVIÁRIO MEIO;616,00;22/11/2025;13:21:14;20;1283-20
CO2;1283;CT-CO2-0;1f94f8ad-7171-b062-c0a5-dbf839ac97e9;CD:E6:D3:07;0;AVIÁRIO MEIO;614,00;22/11/2025;13:26:16;20;1283-20
CO2;1283;CT-CO2-0;1f94f8ad-7171-b062-c0a5-dbf839ac97e9;CD:E6:D3:07;0;AVIÁRIO MEIO;598,00;22/11/2025;13:31:49;20;1283-20
CO2;1283;CT-CO2-0;1f94f8ad-7171-b062-c0a5-dbf839ac97e9;CD:E6:D3:07;0;AVIÁRIO MEIO;611,00;22/11/2025;13:37:21;20;1283-20
CO2;1283;CT-CO2-0;1f94f8ad-7171-b062-c0a5-dbf839ac97e9;CD:E6:D3:07;0;AVIÁRIO MEIO;613,00;22/11/2025;13:43:24;20;1283-20
CO2;1283;CT-CO2-0;1f94f8ad-7171-b062-c0a5-dbf839ac97e9;CD:E6:D3:07;0;AVIÁRIO MEIO;625,00;22/11/2025;13:47:56;20;1283-20
CO2;1283;CT-CO2-0;1f94f8ad-7171-b062-c0a5-dbf839ac97e9;CD:E6:D3:07;0;AVIÁRIO MEIO;612,00;22/11/2025;13:53:28;20;1283-20
CO2;1283;CT-CO2-0;1f94f8ad-7171-b062-c0a5-dbf839ac97e9;CD:E6:D3:07;0;AVIÁRIO MEIO;603,00;22/11/2025;13:59:01;20;1283-20
CO2;1283;CT-CO2-0;1f94f8ad-7171-b062-c0a5-dbf839ac97e9;CD:E6:D3:07;0;AVIÁRIO MEIO;589,00;22/11/2025;14:04:03;20;1283-20
CO2;1283;CT-CO2-0;1f94f8ad-7171-b062-c0a5-dbf839ac97e9;CD:E6:D3:07;0;AVIÁRIO MEIO;610,00;22/11/2025;14:09:35;20;1283-20
CO2;1283;CT-CO2-0;1f94f8ad-7171-b062-c0a5-dbf839ac97e9;CD:E6:D3:07;0;AVIÁRIO MEIO;612,00;22/11/2025;14:15:08;20;1283-20
CO2;1283;CT-CO2-0;1f94f8ad-7171-b062-c0a5-dbf839ac97e9;CD:E6:D3:07;0;AVIÁRIO MEIO;608,00;22/11/2025;14:20:40;20;1283-20
CO2;1283;CT-CO2-0;1f94f8ad-7171-b062-c0a5-dbf839ac97e9;CD:E6:D3:07;0;AVIÁRIO MEIO;624,00;22/11/2025;14:25:42;20;1283-20
CO2;1283;CT-CO2-0;1f94f8ad-7171-b062-c0a5-dbf839ac97e9;CD:E6:D3:07;0;AVIÁRIO MEIO;612,00;22/11/2025;14:31:14;20;1283-20
CO2;1283;CT-CO2-0;1f94f8ad-7171-b062-c0a5-dbf839ac97e9;CD:E6:D3:07;0;AVIÁRIO MEIO;602,00;22/11/2025;14:36:47;20;1283-20
CO2;1283;CT-CO2-0;1f94f8ad-7171-b062-c0a5-dbf839ac97e9;CD:E6:D3:07;0;AVIÁRIO MEIO;595,00;22/11/2025;14:47:21;20;1283-20
CO2;1283;CT-CO2-0;1f94f8ad-7171-b062-c0a5-dbf839ac97e9;CD:E6:D3:07;0;AVIÁRIO MEIO;605,00;22/11/2025;14:53:27;20;1283-20
CO2;1283;CT-CO2-0;1f94f8ad-7171-b062-c0a5-dbf839ac97e9;CD:E6:D3:07;0;AVIÁRIO MEIO;600,00;22/11/2025;14:58:29;20;1283-20
CO2;1283;CT-CO2-0;1f94f8ad-7171-b062-c0a5-dbf839ac97e9;CD:E6:D3:07;0;AVIÁRIO MEIO;598,00;22/11/2025;15:03:32;20;1283-20
CO2;1283;CT-CO2-0;1f94f8ad-7171-b062-c0a5-dbf839ac97e9;CD:E6:D3:07;0;AVIÁRIO MEIO;597,00;22/11/2025;15:09:04;20;1283-20
CO2;1283;CT-CO2-0;1f94f8ad-7171-b062-c0a5-dbf839ac97e9;CD:E6:D3:07;0;AVIÁRIO MEIO;591,00;22/11/2025;15:14:36;20;1283-20
CO2;1283;CT-CO2-0;1f94f8ad-7171-b062-c0a5-dbf839ac97e9;CD:E6:D3:07;0;AVIÁRIO MEIO;589,00;22/11/2025;15:19:38;20;1283-20
CO2;1283;CT-CO2-0;1f94f8ad-7171-b062-c0a5-dbf839ac97e9;CD:E6:D3:07;0;AVIÁRIO MEIO;611,00;22/11/2025;15:25:15;20;1283-20
CO2;1283;CT-CO2-0;1f94f8ad-7171-b062-c0a5-dbf839ac97e9;CD:E6:D3:07;0;AVIÁRIO MEIO;612,00;22/11/2025;15:30:49;20;1283-20
CO2;1283;CT-CO2-0;1f94f8ad-7171-b062-c0a5-dbf839ac97e9;CD:E6:D3:07;0;AVIÁRIO MEIO;609,00;22/11/2025;15:35:50;20;1283-20
CO2;1283;CT-CO2-0;1f94f8ad-7171-b062-c0a5-dbf839ac97e9;CD:E6:D3:07;0;AVIÁRIO MEIO;585,00;22/11/2025;15:41:23;20;1283-20
CO2;1283;CT-CO2-0;1f94f8ad-7171-b062-c0a5-dbf839ac97e9;CD:E6:D3:07;0;AVIÁRIO MEIO;615,00;22/11/2025;15:46:55;20;1283-20
CO2;1283;CT-CO2-0;1f94f8ad-7171-b062-c0a5-dbf839ac97e9;CD:E6:D3:07;0;AVIÁRIO MEIO;621,00;22/11/2025;15:52:27;20;1283-20
CO2;1283;CT-CO2-0;1f94f8ad-7171-b062-c0a5-dbf839ac97e9;CD:E6:D3:07;0;AVIÁRIO MEIO;630,00;22/11/2025;15:57:29;20;1283-20
CO2;1283;CT-CO2-0;1f94f8ad-7171-b062-c0a5-dbf839ac97e9;CD:E6:D3:07;0;AVIÁRIO MEIO;605,00;22/11/2025;16:03:33;20;1283-20
CO2;1283;CT-CO2-0;1f94f8ad-7171-b062-c0a5-dbf839ac97e9;CD:E6:D3:07;0;AVIÁRIO MEIO;607,00;22/11/2025;16:08:36;20;1283-20
CO2;1283;CT-CO2-0;1f94f8ad-7171-b062-c0a5-dbf839ac97e9;CD:E6:D3:07;0;AVIÁRIO MEIO;613,00;22/11/2025;16:13:39;20;1283-20
CO2;1283;CT-CO2-0;1f94f8ad-7171-b062-c0a5-dbf839ac97e9;CD:E6:D3:07;0;AVIÁRIO MEIO;621,00;22/11/2025;16:19:11;20;1283-20
CO2;1283;CT-CO2-0;1f94f8ad-7171-b062-c0a5-dbf839ac97e9;CD:E6:D3:07;0;AVIÁRIO MEIO;625,00;22/11/2025;16:24:43;20;1283-20
CO2;1283;CT-CO2-0;1f94f8ad-7171-b062-c0a5-dbf839ac97e9;CD:E6:D3:07;0;AVIÁRIO MEIO;627,00;22/11/2025;16:29:45;20;1283-20
CO2;1283;CT-CO2-0;1f94f8ad-7171-b062-c0a5-dbf839ac97e9;CD:E6:D3:07;0;AVIÁRIO MEIO;639,00;22/11/2025;16:35:17;20;1283-20
CO2;1283;CT-CO2-0;1f94f8ad-7171-b062-c0a5-dbf839ac97e9;CD:E6:D3:07;0;AVIÁRIO MEIO;630,00;22/11/2025;16:40:51;20;1283-20
CO2;1283;CT-CO2-0;1f94f8ad-7171-b062-c0a5-dbf839ac97e9;CD:E6:D3:07;0;AVIÁRIO MEIO;637,00;22/11/2025;16:46:24;20;1283-20
CO2;1283;CT-CO2-0;1f94f8ad-7171-b062-c0a5-dbf839ac97e9;CD:E6:D3:07;0;AVIÁRIO MEIO;629,00;22/11/2025;16:51:28;20;1283-20
CO2;1283;CT-CO2-0;1f94f8ad-7171-b062-c0a5-dbf839ac97e9;CD:E6:D3:07;0;AVIÁRIO MEIO;624,00;22/11/2025;16:57:00;20;1283-20
CO2;1283;CT-CO2-0;1f94f8ad-7171-b062-c0a5-dbf839ac97e9;CD:E6:D3:07;0;AVIÁRIO MEIO;616,00;22/11/2025;17:02:32;20;1283-20
CO2;1283;CT-CO2-0;1f94f8ad-7171-b062-c0a5-dbf839ac97e9;CD:E6:D3:07;0;AVIÁRIO MEIO;638,00;22/11/2025;17:07:34;20;1283-20
CO2;1283;CT-CO2-0;1f94f8ad-7171-b062-c0a5-dbf839ac97e9;CD:E6:D3:07;0;AVIÁRIO MEIO;621,00;22/11/2025;17:13:38;20;1283-20
CO2;1283;CT-CO2-0;1f94f8ad-7171-b062-c0a5-dbf839ac97e9;CD:E6:D3:07;0;AVIÁRIO MEIO;625,00;22/11/2025;17:18:40;20;1283-20
CO2;1283;CT-CO2-0;1f94f8ad-7171-b062-c0a5-dbf839ac97e9;CD:E6:D3:07;0;AVIÁRIO MEIO;616,00;22/11/2025;17:23:42;20;1283-20
CO2;1283;CT-CO2-0;1f94f8ad-7171-b062-c0a5-dbf839ac97e9;CD:E6:D3:07;0;AVIÁRIO MEIO;616,00;22/11/2025;17:29:13;20;1283-20
CO2;1283;CT-CO2-0;1f94f8ad-7171-b062-c0a5-dbf839ac97e9;CD:E6:D3:07;0;AVIÁRIO MEIO;624,00;22/11/2025;17:34:45;20;1283-20
CO2;1283;CT-CO2-0;1f94f8ad-7171-b062-c0a5-dbf839ac97e9;CD:E6:D3:07;0;AVIÁRIO MEIO;630,00;22/11/2025;17:40:17;20;1283-20
CO2;1283;CT-CO2-0;1f94f8ad-7171-b062-c0a5-dbf839ac97e9;CD:E6:D3:07;0;AVIÁRIO MEIO;632,00;22/11/2025;17:45:19;20;1283-20
CO2;1283;CT-CO2-0;1f94f8ad-7171-b062-c0a5-dbf839ac97e9;CD:E6:D3:07;0;AVIÁRIO MEIO;634,00;22/11/2025;17:50:51;20;1283-20
CO2;1283;CT-CO2-0;1f94f8ad-7171-b062-c0a5-dbf839ac97e9;CD:E6:D3:07;0;AVIÁRIO MEIO;643,00;22/11/2025;17:56:23;20;1283-20
CO2;1283;CT-CO2-0;1f94f8ad-7171-b062-c0a5-dbf839ac97e9;CD:E6:D3:07;0;AVIÁRIO MEIO;643,00;22/11/2025;18:01:55;20;1283-20
CO2;1283;CT-CO2-0;1f94f8ad-7171-b062-c0a5-dbf839ac97e9;CD:E6:D3:07;0;AVIÁRIO MEIO;631,00;22/11/2025;18:06:58;20;1283-20
CO2;1283;CT-CO2-0;1f94f8ad-7171-b062-c0a5-dbf839ac97e9;CD:E6:D3:07;0;AVIÁRIO MEIO;644,00;22/11/2025;18:12:30;20;1283-20
CO2;1283;CT-CO2-0;1f94f8ad-7171-b062-c0a5-dbf839ac97e9;CD:E6:D3:07;0;AVIÁRIO MEIO;647,00;22/11/2025;18:18:03;20;1283-20
CO2;1283;CT-CO2-0;1f94f8ad-7171-b062-c0a5-dbf839ac97e9;CD:E6:D3:07;0;AVIÁRIO MEIO;646,00;22/11/2025;18:23:36;20;1283-20
CO2;1283;CT-CO2-0;1f94f8ad-7171-b062-c0a5-dbf839ac97e9;CD:E6:D3:07;0;AVIÁRIO MEIO;645,00;22/11/2025;18:28:38;20;1283-20
CO2;1283;CT-CO2-0;1f94f8ad-7171-b062-c0a5-dbf839ac97e9;CD:E6:D3:07;0;AVIÁRIO MEIO;647,00;22/11/2025;18:34:11;20;1283-20
CO2;1283;CT-CO2-0;1f94f8ad-7171-b062-c0a5-dbf839ac97e9;CD:E6:D3:07;0;AVIÁRIO MEIO;646,00;22/11/2025;18:39:13;20;1283-20
CO2;1283;CT-CO2-0;1f94f8ad-7171-b062-c0a5-dbf839ac97e9;CD:E6:D3:07;0;AVIÁRIO MEIO;683,00;22/11/2025;18:44:45;20;1283-20
CO2;1283;CT-CO2-0;1f94f8ad-7171-b062-c0a5-dbf839ac97e9;CD:E6:D3:07;0;AVIÁRIO MEIO;669,00;22/11/2025;18:50:17;20;1283-20
CO2;1283;CT-CO2-0;1f94f8ad-7171-b062-c0a5-dbf839ac97e9;CD:E6:D3:07;0;AVIÁRIO MEIO;691,00;22/11/2025;18:55:49;20;1283-20
CO2;1283;CT-CO2-0;1f94f8ad-7171-b062-c0a5-dbf839ac97e9;CD:E6:D3:07;0;AVIÁRIO MEIO;679,00;22/11/2025;19:00:51;20;1283-20
CO2;1283;CT-CO2-0;1f94f8ad-7171-b062-c0a5-dbf839ac97e9;CD:E6:D3:07;0;AVIÁRIO MEIO;677,00;22/11/2025;19:06:23;20;1283-20
CO2;1283;CT-CO2-0;1f94f8ad-7171-b062-c0a5-dbf839ac97e9;CD:E6:D3:07;0;AVIÁRIO MEIO;683,00;22/11/2025;19:11:55;20;1283-20
CO2;1283;CT-CO2-0;1f94f8ad-7171-b062-c0a5-dbf839ac97e9;CD:E6:D3:07;0;AVIÁRIO MEIO;660,00;22/11/2025;19:17:27;20;1283-20
CO2;1283;CT-CO2-0;1f94f8ad-7171-b062-c0a5-dbf839ac97e9;CD:E6:D3:07;0;AVIÁRIO MEIO;699,00;22/11/2025;19:22:29;20;1283-20
CO2;1283;CT-CO2-0;1f94f8ad-7171-b062-c0a5-dbf839ac97e9;CD:E6:D3:07;0;AVIÁRIO MEIO;678,00;22/11/2025;19:28:00;20;1283-20
CO2;1283;CT-CO2-0;1f94f8ad-7171-b062-c0a5-dbf839ac97e9;CD:E6:D3:07;0;AVIÁRIO MEIO;673,00;22/11/2025;19:34:04;20;1283-20
CO2;1283;CT-CO2-0;1f94f8ad-7171-b062-c0a5-dbf839ac97e9;CD:E6:D3:07;0;AVIÁRIO MEIO;680,00;22/11/2025;19:38:37;20;1283-20
CO2;1283;CT-CO2-0;1f94f8ad-7171-b062-c0a5-dbf839ac97e9;CD:E6:D3:07;0;AVIÁRIO MEIO;691,00;22/11/2025;19:44:09;20;1283-20
CO2;1283;CT-CO2-0;1f94f8ad-7171-b062-c0a5-dbf839ac97e9;CD:E6:D3:07;0;AVIÁRIO MEIO;686,00;22/11/2025;19:49:41;20;1283-20
CO2;1283;CT-CO2-0;1f94f8ad-7171-b062-c0a5-dbf839ac97e9;CD:E6:D3:07;0;AVIÁRIO MEIO;687,00;22/11/2025;19:55:13;20;1283-20
CO2;1283;CT-CO2-0;1f94f8ad-7171-b062-c0a5-dbf839ac97e9;CD:E6:D3:07;0;AVIÁRIO MEIO;693,00;22/11/2025;20:00:15;20;1283-20
CO2;1283;CT-CO2-0;1f94f8ad-7171-b062-c0a5-dbf839ac97e9;CD:E6:D3:07;0;AVIÁRIO MEIO;693,00;22/11/2025;20:05:48;20;1283-20
CO2;1283;CT-CO2-0;1f94f8ad-7171-b062-c0a5-dbf839ac97e9;CD:E6:D3:07;0;AVIÁRIO MEIO;672,00;22/11/2025;20:11:20;20;1283-20
CO2;1283;CT-CO2-0;1f94f8ad-7171-b062-c0a5-dbf839ac97e9;CD:E6:D3:07;0;AVIÁRIO MEIO;673,00;22/11/2025;20:16:21;20;1283-20
CO2;1283;CT-CO2-0;1f94f8ad-7171-b062-c0a5-dbf839ac97e9;CD:E6:D3:07;0;AVIÁRIO MEIO;668,00;22/11/2025;20:21:54;20;1283-20
CO2;1283;CT-CO2-0;1f94f8ad-7171-b062-c0a5-dbf839ac97e9;CD:E6:D3:07;0;AVIÁRIO MEIO;659,00;22/11/2025;20:27:26;20;1283-20
CO2;1283;CT-CO2-0;1f94f8ad-7171-b062-c0a5-dbf839ac97e9;CD:E6:D3:07;0;AVIÁRIO MEIO;667,00;22/11/2025;20:32:59;20;1283-20
CO2;1283;CT-CO2-0;1f94f8ad-7171-b062-c0a5-dbf839ac97e9;CD:E6:D3:07;0;AVIÁRIO MEIO;674,00;22/11/2025;20:38:01;20;1283-20
CO2;1283;CT-CO2-0;1f94f8ad-7171-b062-c0a5-dbf839ac97e9;CD:E6:D3:07;0;AVIÁRIO MEIO;680,00;22/11/2025;20:44:06;20;1283-20
CO2;1283;CT-CO2-0;1f94f8ad-7171-b062-c0a5-dbf839ac97e9;CD:E6:D3:07;0;AVIÁRIO MEIO;673,00;22/11/2025;20:49:08;20;1283-20
CO2;1283;CT-CO2-0;1f94f8ad-7171-b062-c0a5-dbf839ac97e9;CD:E6:D3:07;0;AVIÁRIO MEIO;670,00;22/11/2025;20:54:09;20;1283-20
CO2;1283;CT-CO2-0;1f94f8ad-7171-b062-c0a5-dbf839ac97e9;CD:E6:D3:07;0;AVIÁRIO MEIO;673,00;22/11/2025;20:59:41;20;1283-20
CO2;1283;CT-CO2-0;1f94f8ad-7171-b062-c0a5-dbf839ac97e9;CD:E6:D3:07;0;AVIÁRIO MEIO;681,00;22/11/2025;21:17:17;20;1283-20
CO2;1283;CT-CO2-0;1f94f8ad-7171-b062-c0a5-dbf839ac97e9;CD:E6:D3:07;0;AVIÁRIO MEIO;679,00;22/11/2025;21:22:55;20;1283-20
CO2;1283;CT-CO2-0;1f94f8ad-7171-b062-c0a5-dbf839ac97e9;CD:E6:D3:07;0;AVIÁRIO MEIO;677,00;22/11/2025;21:27:57;20;1283-20
CO2;1283;CT-CO2-0;1f94f8ad-7171-b062-c0a5-dbf839ac97e9;CD:E6:D3:07;0;AVIÁRIO MEIO;683,00;22/11/2025;21:33:29;20;1283-20
CO2;1283;CT-CO2-0;1f94f8ad-7171-b062-c0a5-dbf839ac97e9;CD:E6:D3:07;0;AVIÁRIO MEIO;692,00;22/11/2025;21:39:01;20;1283-20
CO2;1283;CT-CO2-0;1f94f8ad-7171-b062-c0a5-dbf839ac97e9;CD:E6:D3:07;0;AVIÁRIO MEIO;670,00;22/11/2025;21:44:33;20;1283-20
CO2;1283;CT-CO2-0;1f94f8ad-7171-b062-c0a5-dbf839ac97e9;CD:E6:D3:07;0;AVIÁRIO MEIO;665,00;22/11/2025;21:50:06;20;1283-20
CO2;1283;CT-CO2-0;1f94f8ad-7171-b062-c0a5-dbf839ac97e9;CD:E6:D3:07;0;AVIÁRIO MEIO;681,00;22/11/2025;21:55:08;20;1283-20
CO2;1283;CT-CO2-0;1f94f8ad-7171-b062-c0a5-dbf839ac97e9;CD:E6:D3:07;0;AVIÁRIO MEIO;691,00;22/11/2025;22:00:39;20;1283-20
CO2;1283;CT-CO2-0;1f94f8ad-7171-b062-c0a5-dbf839ac97e9;CD:E6:D3:07;0;AVIÁRIO MEIO;702,00;22/11/2025;22:05:42;20;1283-20
CO2;1283;CT-CO2-0;1f94f8ad-7171-b062-c0a5-dbf839ac97e9;CD:E6:D3:07;0;AVIÁRIO MEIO;689,00;22/11/2025;22:11:14;20;1283-20
CO2;1283;CT-CO2-0;1f94f8ad-7171-b062-c0a5-dbf839ac97e9;CD:E6:D3:07;0;AVIÁRIO MEIO;684,00;22/11/2025;22:22:18;20;1283-20
CO2;1283;CT-CO2-0;1f94f8ad-7171-b062-c0a5-dbf839ac97e9;CD:E6:D3:07;0;AVIÁRIO MEIO;649,00;22/11/2025;22:27:20;20;1283-20
CO2;1283;CT-CO2-0;1f94f8ad-7171-b062-c0a5-dbf839ac97e9;CD:E6:D3:07;0;AVIÁRIO MEIO;655,00;22/11/2025;22:32:52;20;1283-20
CO2;1283;CT-CO2-0;1f94f8ad-7171-b062-c0a5-dbf839ac97e9;CD:E6:D3:07;0;AVIÁRIO MEIO;656,00;22/11/2025;22:38:24;20;1283-20
CO2;1283;CT-CO2-0;1f94f8ad-7171-b062-c0a5-dbf839ac97e9;CD:E6:D3:07;0;AVIÁRIO MEIO;658,00;22/11/2025;22:43:26;20;1283-20
CO2;1283;CT-CO2-0;1f94f8ad-7171-b062-c0a5-dbf839ac97e9;CD:E6:D3:07;0;AVIÁRIO MEIO;660,00;22/11/2025;22:48:58;20;1283-20
CO2;1283;CT-CO2-0;1f94f8ad-7171-b062-c0a5-dbf839ac97e9;CD:E6:D3:07;0;AVIÁRIO MEIO;640,00;22/11/2025;22:54:30;20;1283-20
CO2;1283;CT-CO2-0;1f94f8ad-7171-b062-c0a5-dbf839ac97e9;CD:E6:D3:07;0;AVIÁRIO MEIO;658,00;22/11/2025;23:00:34;20;1283-20
CO2;1283;CT-CO2-0;1f94f8ad-7171-b062-c0a5-dbf839ac97e9;CD:E6:D3:07;0;AVIÁRIO MEIO;642,00;22/11/2025;23:05:06;20;1283-20
CO2;1283;CT-CO2-0;1f94f8ad-7171-b062-c0a5-dbf839ac97e9;CD:E6:D3:07;0;AVIÁRIO MEIO;638,00;22/11/2025;23:10:38;20;1283-20
CO2;1283;CT-CO2-0;1f94f8ad-7171-b062-c0a5-dbf839ac97e9;CD:E6:D3:07;0;AVIÁRIO MEIO;649,00;22/11/2025;23:16:09;20;1283-20
CO2;1283;CT-CO2-0;1f94f8ad-7171-b062-c0a5-dbf839ac97e9;CD:E6:D3:07;0;AVIÁRIO MEIO;644,00;22/11/2025;23:21:11;20;1283-20
CO2;1283;CT-CO2-0;1f94f8ad-7171-b062-c0a5-dbf839ac97e9;CD:E6:D3:07;0;AVIÁRIO MEIO;637,00;22/11/2025;23:32:16;20;1283-20
CO2;1283;CT-CO2-0;1f94f8ad-7171-b062-c0a5-dbf839ac97e9;CD:E6:D3:07;0;AVIÁRIO MEIO;642,00;22/11/2025;23:37:48;20;1283-20
CO2;1283;CT-CO2-0;1f94f8ad-7171-b062-c0a5-dbf839ac97e9;CD:E6:D3:07;0;AVIÁRIO MEIO;640,00;22/11/2025;23:42:50;20;1283-20
CO2;1283;CT-CO2-0;1f94f8ad-7171-b062-c0a5-dbf839ac97e9;CD:E6:D3:07;0;AVIÁRIO MEIO;654,00;22/11/2025;23:48:22;20;1283-20
CO2;1283;CT-CO2-0;1f94f8ad-7171-b062-c0a5-dbf839ac97e9;CD:E6:D3:07;0;AVIÁRIO MEIO;643,00;22/11/2025;23:53:55;20;1283-20
CO2;1283;CT-CO2-0;1f94f8ad-7171-b062-c0a5-dbf839ac97e9;CD:E6:D3:07;0;AVIÁRIO MEIO;637,00;22/11/2025;23:58:57;20;1283-20
CO2;1283;CT-CO2-0;1f94f8ad-7171-b062-c0a5-dbf839ac97e9;CD:E6:D3:07;0;AVIÁRIO MEIO;640,00;23/11/2025;00:04:29;20;1283-20
CO2;1283;CT-CO2-0;1f94f8ad-7171-b062-c0a5-dbf839ac97e9;CD:E6:D3:07;0;AVIÁRIO MEIO;651,00;23/11/2025;00:10:34;20;1283-20
CO2;1283;CT-CO2-0;1f94f8ad-7171-b062-c0a5-dbf839ac97e9;CD:E6:D3:07;0;AVIÁRIO MEIO;641,00;23/11/2025;00:15:36;20;1283-20
CO2;1283;CT-CO2-0;1f94f8ad-7171-b062-c0a5-dbf839ac97e9;CD:E6:D3:07;0;AVIÁRIO MEIO;652,00;23/11/2025;00:20:38;20;1283-20
CO2;1283;CT-CO2-0;1f94f8ad-7171-b062-c0a5-dbf839ac97e9;CD:E6:D3:07;0;AVIÁRIO MEIO;665,00;23/11/2025;00:26:10;20;1283-20
CO2;1283;CT-CO2-0;1f94f8ad-7171-b062-c0a5-dbf839ac97e9;CD:E6:D3:07;0;AVIÁRIO MEIO;660,00;23/11/2025;00:36:45;20;1283-20
CO2;1283;CT-CO2-0;1f94f8ad-7171-b062-c0a5-dbf839ac97e9;CD:E6:D3:07;0;AVIÁRIO MEIO;653,00;23/11/2025;00:42:18;20;1283-20
CO2;1283;CT-CO2-0;1f94f8ad-7171-b062-c0a5-dbf839ac97e9;CD:E6:D3:07;0;AVIÁRIO MEIO;666,00;23/11/2025;00:47:49;20;1283-20
CO2;1283;CT-CO2-0;1f94f8ad-7171-b062-c0a5-dbf839ac97e9;CD:E6:D3:07;0;AVIÁRIO MEIO;659,00;23/11/2025;00:53:21;20;1283-20
CO2;1283;CT-CO2-0;1f94f8ad-7171-b062-c0a5-dbf839ac97e9;CD:E6:D3:07;0;AVIÁRIO MEIO;656,00;23/11/2025;00:58:23;20;1283-20
CO2;1283;CT-CO2-0;1f94f8ad-7171-b062-c0a5-dbf839ac97e9;CD:E6:D3:07;0;AVIÁRIO MEIO;683,00;23/11/2025;01:03:55;20;1283-20
CO2;1283;CT-CO2-0;1f94f8ad-7171-b062-c0a5-dbf839ac97e9;CD:E6:D3:07;0;AVIÁRIO MEIO;693,00;23/11/2025;01:09:27;20;1283-20
CO2;1283;CT-CO2-0;1f94f8ad-7171-b062-c0a5-dbf839ac97e9;CD:E6:D3:07;0;AVIÁRIO MEIO;691,00;23/11/2025;01:14:59;20;1283-20
CO2;1283;CT-CO2-0;1f94f8ad-7171-b062-c0a5-dbf839ac97e9;CD:E6:D3:07;0;AVIÁRIO MEIO;672,00;23/11/2025;01:20:33;20;1283-20
CO2;1283;CT-CO2-0;1f94f8ad-7171-b062-c0a5-dbf839ac97e9;CD:E6:D3:07;0;AVIÁRIO MEIO;687,00;23/11/2025;01:25:35;20;1283-20
CO2;1283;CT-CO2-0;1f94f8ad-7171-b062-c0a5-dbf839ac97e9;CD:E6:D3:07;0;AVIÁRIO MEIO;692,00;23/11/2025;01:31:07;20;1283-20
CO2;1283;CT-CO2-0;1f94f8ad-7171-b062-c0a5-dbf839ac97e9;CD:E6:D3:07;0;AVIÁRIO MEIO;687,00;23/11/2025;01:36:09;20;1283-20
CO2;1283;CT-CO2-0;1f94f8ad-7171-b062-c0a5-dbf839ac97e9;CD:E6:D3:07;0;AVIÁRIO MEIO;681,00;23/11/2025;01:41:44;20;1283-20
CO2;1283;CT-CO2-0;1f94f8ad-7171-b062-c0a5-dbf839ac97e9;CD:E6:D3:07;0;AVIÁRIO MEIO;673,00;23/11/2025;01:47:17;20;1283-20
CO2;1283;CT-CO2-0;1f94f8ad-7171-b062-c0a5-dbf839ac97e9;CD:E6:D3:07;0;AVIÁRIO MEIO;691,00;23/11/2025;01:52:19;20;1283-20
CO2;1283;CT-CO2-0;1f94f8ad-7171-b062-c0a5-dbf839ac97e9;CD:E6:D3:07;0;AVIÁRIO MEIO;694,00;23/11/2025;01:57:51;20;1283-20
CO2;1283;CT-CO2-0;1f94f8ad-7171-b062-c0a5-dbf839ac97e9;CD:E6:D3:07;0;AVIÁRIO MEIO;701,00;23/11/2025;02:03:23;20;1283-20
CO2;1283;CT-CO2-0;1f94f8ad-7171-b062-c0a5-dbf839ac97e9;CD:E6:D3:07;0;AVIÁRIO MEIO;720,00;23/11/2025;02:08:25;20;1283-20
CO2;1283;CT-CO2-0;1f94f8ad-7171-b062-c0a5-dbf839ac97e9;CD:E6:D3:07;0;AVIÁRIO MEIO;752,00;23/11/2025;02:13:59;20;1283-20
CO2;1283;CT-CO2-0;1f94f8ad-7171-b062-c0a5-dbf839ac97e9;CD:E6:D3:07;0;AVIÁRIO MEIO;779,00;23/11/2025;02:19:30;20;1283-20
CO2;1283;CT-CO2-0;1f94f8ad-7171-b062-c0a5-dbf839ac97e9;CD:E6:D3:07;0;AVIÁRIO MEIO;790,00;23/11/2025;02:25:03;20;1283-20
CO2;1283;CT-CO2-0;1f94f8ad-7171-b062-c0a5-dbf839ac97e9;CD:E6:D3:07;0;AVIÁRIO MEIO;799,00;23/11/2025;02:30:37;20;1283-20
CO2;1283;CT-CO2-0;1f94f8ad-7171-b062-c0a5-dbf839ac97e9;CD:E6:D3:07;0;AVIÁRIO MEIO;712,00;23/11/2025;02:35:40;20;1283-20
CO2;1283;CT-CO2-0;1f94f8ad-7171-b062-c0a5-dbf839ac97e9;CD:E6:D3:07;0;AVIÁRIO MEIO;743,00;23/11/2025;02:41:12;20;1283-20
CO2;1283;CT-CO2-0;1f94f8ad-7171-b062-c0a5-dbf839ac97e9;CD:E6:D3:07;0;AVIÁRIO MEIO;705,00;23/11/2025;02:46:14;20;1283-20
CO2;1283;CT-CO2-0;1f94f8ad-7171-b062-c0a5-dbf839ac97e9;CD:E6:D3:07;0;AVIÁRIO MEIO;696,00;23/11/2025;02:51:46;20;1283-20
CO2;1283;CT-CO2-0;1f94f8ad-7171-b062-c0a5-dbf839ac97e9;CD:E6:D3:07;0;AVIÁRIO MEIO;697,00;23/11/2025;02:57:18;20;1283-20
CO2;1283;CT-CO2-0;1f94f8ad-7171-b062-c0a5-dbf839ac97e9;CD:E6:D3:07;0;AVIÁRIO MEIO;695,00;23/11/2025;03:02:20;20;1283-20
CO2;1283;CT-CO2-0;1f94f8ad-7171-b062-c0a5-dbf839ac97e9;CD:E6:D3:07;0;AVIÁRIO MEIO;729,00;23/11/2025;03:07:52;20;1283-20
CO2;1283;CT-CO2-0;1f94f8ad-7171-b062-c0a5-dbf839ac97e9;CD:E6:D3:07;0;AVIÁRIO MEIO;778,00;23/11/2025;03:13:24;20;1283-20
CO2;1283;CT-CO2-0;1f94f8ad-7171-b062-c0a5-dbf839ac97e9;CD:E6:D3:07;0;AVIÁRIO MEIO;809,00;23/11/2025;03:18:56;20;1283-20
CO2;1283;CT-CO2-0;1f94f8ad-7171-b062-c0a5-dbf839ac97e9;CD:E6:D3:07;0;AVIÁRIO MEIO;777,00;23/11/2025;03:23:58;20;1283-20
CO2;1283;CT-CO2-0;1f94f8ad-7171-b062-c0a5-dbf839ac97e9;CD:E6:D3:07;0;AVIÁRIO MEIO;741,00;23/11/2025;03:29:29;20;1283-20
CO2;1283;CT-CO2-0;1f94f8ad-7171-b062-c0a5-dbf839ac97e9;CD:E6:D3:07;0;AVIÁRIO MEIO;727,00;23/11/2025;03:35:01;20;1283-20
CO2;1283;CT-CO2-0;1f94f8ad-7171-b062-c0a5-dbf839ac97e9;CD:E6:D3:07;0;AVIÁRIO MEIO;739,00;23/11/2025;03:40:34;20;1283-20
CO2;1283;CT-CO2-0;1f94f8ad-7171-b062-c0a5-dbf839ac97e9;CD:E6:D3:07;0;AVIÁRIO MEIO;756,00;23/11/2025;03:45:36;20;1283-20
CO2;1283;CT-CO2-0;1f94f8ad-7171-b062-c0a5-dbf839ac97e9;CD:E6:D3:07;0;AVIÁRIO MEIO;738,00;23/11/2025;03:51:08;20;1283-20
CO2;1283;CT-CO2-0;1f94f8ad-7171-b062-c0a5-dbf839ac97e9;CD:E6:D3:07;0;AVIÁRIO MEIO;747,00;23/11/2025;03:56:42;20;1283-20
CO2;1283;CT-CO2-0;1f94f8ad-7171-b062-c0a5-dbf839ac97e9;CD:E6:D3:07;0;AVIÁRIO MEIO;745,00;23/11/2025;04:01:44;20;1283-20
CO2;1283;CT-CO2-0;1f94f8ad-7171-b062-c0a5-dbf839ac97e9;CD:E6:D3:07;0;AVIÁRIO MEIO;742,00;23/11/2025;04:07:16;20;1283-20
CO2;1283;CT-CO2-0;1f94f8ad-7171-b062-c0a5-dbf839ac97e9;CD:E6:D3:07;0;AVIÁRIO MEIO;752,00;23/11/2025;04:12:48;20;1283-20
CO2;1283;CT-CO2-0;1f94f8ad-7171-b062-c0a5-dbf839ac97e9;CD:E6:D3:07;0;AVIÁRIO MEIO;801,00;23/11/2025;04:17:49;20;1283-20
CO2;1283;CT-CO2-0;1f94f8ad-7171-b062-c0a5-dbf839ac97e9;CD:E6:D3:07;0;AVIÁRIO MEIO;755,00;23/11/2025;04:23:22;20;1283-20
CO2;1283;CT-CO2-0;1f94f8ad-7171-b062-c0a5-dbf839ac97e9;CD:E6:D3:07;0;AVIÁRIO MEIO;746,00;23/11/2025;04:28:53;20;1283-20
CO2;1283;CT-CO2-0;1f94f8ad-7171-b062-c0a5-dbf839ac97e9;CD:E6:D3:07;0;AVIÁRIO MEIO;761,00;23/11/2025;04:34:25;20;1283-20
CO2;1283;CT-CO2-0;1f94f8ad-7171-b062-c0a5-dbf839ac97e9;CD:E6:D3:07;0;AVIÁRIO MEIO;735,00;23/11/2025;04:39:27;20;1283-20
CO2;1283;CT-CO2-0;1f94f8ad-7171-b062-c0a5-dbf839ac97e9;CD:E6:D3:07;0;AVIÁRIO MEIO;701,00;23/11/2025;04:44:59;20;1283-20
CO2;1283;CT-CO2-0;1f94f8ad-7171-b062-c0a5-dbf839ac97e9;CD:E6:D3:07;0;AVIÁRIO MEIO;693,00;23/11/2025;04:51:02;20;1283-20
CO2;1283;CT-CO2-0;1f94f8ad-7171-b062-c0a5-dbf839ac97e9;CD:E6:D3:07;0;AVIÁRIO MEIO;739,00;23/11/2025;04:56:03;20;1283-20
CO2;1283;CT-CO2-0;1f94f8ad-7171-b062-c0a5-dbf839ac97e9;CD:E6:D3:07;0;AVIÁRIO MEIO;729,00;23/11/2025;05:01:06;20;1283-20
CO2;1283;CT-CO2-0;1f94f8ad-7171-b062-c0a5-dbf839ac97e9;CD:E6:D3:07;0;AVIÁRIO MEIO;732,00;23/11/2025;05:06:38;20;1283-20
CO2;1283;CT-CO2-0;1f94f8ad-7171-b062-c0a5-dbf839ac97e9;CD:E6:D3:07;0;AVIÁRIO MEIO;735,00;23/11/2025;05:12:11;20;1283-20
CO2;1283;CT-CO2-0;1f94f8ad-7171-b062-c0a5-dbf839ac97e9;CD:E6:D3:07;0;AVIÁRIO MEIO;795,00;23/11/2025;05:17:13;20;1283-20
CO2;1283;CT-CO2-0;1f94f8ad-7171-b062-c0a5-dbf839ac97e9;CD:E6:D3:07;0;AVIÁRIO MEIO;797,00;23/11/2025;05:22:45;20;1283-20
CO2;1283;CT-CO2-0;1f94f8ad-7171-b062-c0a5-dbf839ac97e9;CD:E6:D3:07;0;AVIÁRIO MEIO;771,00;23/11/2025;05:28:16;20;1283-20
CO2;1283;CT-CO2-0;1f94f8ad-7171-b062-c0a5-dbf839ac97e9;CD:E6:D3:07;0;AVIÁRIO MEIO;741,00;23/11/2025;05:33:48;20;1283-20
CO2;1283;CT-CO2-0;1f94f8ad-7171-b062-c0a5-dbf839ac97e9;CD:E6:D3:07;0;AVIÁRIO MEIO;738,00;23/11/2025;05:38:50;20;1283-20
CO2;1283;CT-CO2-0;1f94f8ad-7171-b062-c0a5-dbf839ac97e9;CD:E6:D3:07;0;AVIÁRIO MEIO;757,00;23/11/2025;05:44:22;20;1283-20
CO2;1283;CT-CO2-0;1f94f8ad-7171-b062-c0a5-dbf839ac97e9;CD:E6:D3:07;0;AVIÁRIO MEIO;778,00;23/11/2025;05:49:54;20;1283-20
CO2;1283;CT-CO2-0;1f94f8ad-7171-b062-c0a5-dbf839ac97e9;CD:E6:D3:07;0;AVIÁRIO MEIO;810,00;23/11/2025;05:54:57;20;1283-20
CO2;1283;CT-CO2-0;1f94f8ad-7171-b062-c0a5-dbf839ac97e9;CD:E6:D3:07;0;AVIÁRIO MEIO;802,00;23/11/2025;06:01:01;20;1283-20
CO2;1283;CT-CO2-0;1f94f8ad-7171-b062-c0a5-dbf839ac97e9;CD:E6:D3:07;0;AVIÁRIO MEIO;747,00;23/11/2025;06:06:02;20;1283-20
CO2;1283;CT-CO2-0;1f94f8ad-7171-b062-c0a5-dbf839ac97e9;CD:E6:D3:07;0;AVIÁRIO MEIO;762,00;23/11/2025;06:11:04;20;1283-20
CO2;1283;CT-CO2-0;1f94f8ad-7171-b062-c0a5-dbf839ac97e9;CD:E6:D3:07;0;AVIÁRIO MEIO;767,00;23/11/2025;06:16:38;20;1283-20
CO2;1283;CT-CO2-0;1f94f8ad-7171-b062-c0a5-dbf839ac97e9;CD:E6:D3:07;0;AVIÁRIO MEIO;753,00;23/11/2025;06:22:10;20;1283-20
CO2;1283;CT-CO2-0;1f94f8ad-7171-b062-c0a5-dbf839ac97e9;CD:E6:D3:07;0;AVIÁRIO MEIO;753,00;23/11/2025;06:27:42;20;1283-20
CO2;1283;CT-CO2-0;1f94f8ad-7171-b062-c0a5-dbf839ac97e9;CD:E6:D3:07;0;AVIÁRIO MEIO;775,00;23/11/2025;06:32:44;20;1283-20
CO2;1283;CT-CO2-0;1f94f8ad-7171-b062-c0a5-dbf839ac97e9;CD:E6:D3:07;0;AVIÁRIO MEIO;757,00;23/11/2025;06:38:16;20;1283-20
CO2;1283;CT-CO2-0;1f94f8ad-7171-b062-c0a5-dbf839ac97e9;CD:E6:D3:07;0;AVIÁRIO MEIO;742,00;23/11/2025;06:43:49;20;1283-20
CO2;1283;CT-CO2-0;1f94f8ad-7171-b062-c0a5-dbf839ac97e9;CD:E6:D3:07;0;AVIÁRIO MEIO;718,00;23/11/2025;06:48:51;20;1283-20
CO2;1283;CT-CO2-0;1f94f8ad-7171-b062-c0a5-dbf839ac97e9;CD:E6:D3:07;0;AVIÁRIO MEIO;725,00;23/11/2025;06:54:24;20;1283-20
CO2;1283;CT-CO2-0;1f94f8ad-7171-b062-c0a5-dbf839ac97e9;CD:E6:D3:07;0;AVIÁRIO MEIO;729,00;23/11/2025;06:59:56;20;1283-20
CO2;1283;CT-CO2-0;1f94f8ad-7171-b062-c0a5-dbf839ac97e9;CD:E6:D3:07;0;AVIÁRIO MEIO;852,00;23/11/2025;07:04:58;20;1283-20
CO2;1283;CT-CO2-0;1f94f8ad-7171-b062-c0a5-dbf839ac97e9;CD:E6:D3:07;0;AVIÁRIO MEIO;856,00;23/11/2025;07:11:01;20;1283-20
CO2;1283;CT-CO2-0;1f94f8ad-7171-b062-c0a5-dbf839ac97e9;CD:E6:D3:07;0;AVIÁRIO MEIO;663,00;23/11/2025;07:16:04;20;1283-20
CO2;1283;CT-CO2-0;1f94f8ad-7171-b062-c0a5-dbf839ac97e9;CD:E6:D3:07;0;AVIÁRIO MEIO;684,00;23/11/2025;07:21:06;20;1283-20
CO2;1283;CT-CO2-0;1f94f8ad-7171-b062-c0a5-dbf839ac97e9;CD:E6:D3:07;0;AVIÁRIO MEIO;668,00;23/11/2025;07:26:37;20;1283-20
CO2;1283;CT-CO2-0;1f94f8ad-7171-b062-c0a5-dbf839ac97e9;CD:E6:D3:07;0;AVIÁRIO MEIO;691,00;23/11/2025;07:32:09;20;1283-20
CO2;1283;CT-CO2-0;1f94f8ad-7171-b062-c0a5-dbf839ac97e9;CD:E6:D3:07;0;AVIÁRIO MEIO;732,00;23/11/2025;07:37:41;20;1283-20
CO2;1283;CT-CO2-0;1f94f8ad-7171-b062-c0a5-dbf839ac97e9;CD:E6:D3:07;0;AVIÁRIO MEIO;677,00;23/11/2025;07:42:43;20;1283-20
CO2;1283;CT-CO2-0;1f94f8ad-7171-b062-c0a5-dbf839ac97e9;CD:E6:D3:07;0;AVIÁRIO MEIO;674,00;23/11/2025;07:48:15;20;1283-20
CO2;1283;CT-CO2-0;1f94f8ad-7171-b062-c0a5-dbf839ac97e9;CD:E6:D3:07;0;AVIÁRIO MEIO;652,00;23/11/2025;07:53:47;20;1283-20
CO2;1283;CT-CO2-0;1f94f8ad-7171-b062-c0a5-dbf839ac97e9;CD:E6:D3:07;0;AVIÁRIO MEIO;660,00;23/11/2025;07:58:49;20;1283-20
CO2;1283;CT-CO2-0;1f94f8ad-7171-b062-c0a5-dbf839ac97e9;CD:E6:D3:07;0;AVIÁRIO MEIO;657,00;23/11/2025;08:04:21;20;1283-20
CO2;1283;CT-CO2-0;1f94f8ad-7171-b062-c0a5-dbf839ac97e9;CD:E6:D3:07;0;AVIÁRIO MEIO;666,00;23/11/2025;08:09:53;20;1283-20
CO2;1283;CT-CO2-0;1f94f8ad-7171-b062-c0a5-dbf839ac97e9;CD:E6:D3:07;0;AVIÁRIO MEIO;653,00;23/11/2025;08:14:55;20;1283-20
CO2;1283;CT-CO2-0;1f94f8ad-7171-b062-c0a5-dbf839ac97e9;CD:E6:D3:07;0;AVIÁRIO MEIO;642,00;23/11/2025;08:20:59;20;1283-20
CO2;1283;CT-CO2-0;1f94f8ad-7171-b062-c0a5-dbf839ac97e9;CD:E6:D3:07;0;AVIÁRIO MEIO;639,00;23/11/2025;08:26:00;20;1283-20
CO2;1283;CT-CO2-0;1f94f8ad-7171-b062-c0a5-dbf839ac97e9;CD:E6:D3:07;0;AVIÁRIO MEIO;629,00;23/11/2025;08:31:04;20;1283-20
CO2;1283;CT-CO2-0;1f94f8ad-7171-b062-c0a5-dbf839ac97e9;CD:E6:D3:07;0;AVIÁRIO MEIO;618,00;23/11/2025;08:36:36;20;1283-20
CO2;1283;CT-CO2-0;1f94f8ad-7171-b062-c0a5-dbf839ac97e9;CD:E6:D3:07;0;AVIÁRIO MEIO;621,00;23/11/2025;08:42:08;20;1283-20
CO2;1283;CT-CO2-0;1f94f8ad-7171-b062-c0a5-dbf839ac97e9;CD:E6:D3:07;0;AVIÁRIO MEIO;644,00;23/11/2025;08:47:10;20;1283-20
CO2;1283;CT-CO2-0;1f94f8ad-7171-b062-c0a5-dbf839ac97e9;CD:E6:D3:07;0;AVIÁRIO MEIO;626,00;23/11/2025;08:52:42;20;1283-20
CO2;1283;CT-CO2-0;1f94f8ad-7171-b062-c0a5-dbf839ac97e9;CD:E6:D3:07;0;AVIÁRIO MEIO;642,00;23/11/2025;08:58:14;20;1283-20
CO2;1283;CT-CO2-0;1f94f8ad-7171-b062-c0a5-dbf839ac97e9;CD:E6:D3:07;0;AVIÁRIO MEIO;675,00;23/11/2025;09:03:17;20;1283-20
CO2;1283;CT-CO2-0;1f94f8ad-7171-b062-c0a5-dbf839ac97e9;CD:E6:D3:07;0;AVIÁRIO MEIO;631,00;23/11/2025;09:08:49;20;1283-20
CO2;1283;CT-CO2-0;1f94f8ad-7171-b062-c0a5-dbf839ac97e9;CD:E6:D3:07;0;AVIÁRIO MEIO;656,00;23/11/2025;09:14:21;20;1283-20
CO2;1283;CT-CO2-0;1f94f8ad-7171-b062-c0a5-dbf839ac97e9;CD:E6:D3:07;0;AVIÁRIO MEIO;635,00;23/11/2025;09:19:23;20;1283-20
CO2;1283;CT-CO2-0;1f94f8ad-7171-b062-c0a5-dbf839ac97e9;CD:E6:D3:07;0;AVIÁRIO MEIO;635,00;23/11/2025;09:24:56;20;1283-20
CO2;1283;CT-CO2-0;1f94f8ad-7171-b062-c0a5-dbf839ac97e9;CD:E6:D3:07;0;AVIÁRIO MEIO;645,00;23/11/2025;09:31:00;20;1283-20
CO2;1283;CT-CO2-0;1f94f8ad-7171-b062-c0a5-dbf839ac97e9;CD:E6:D3:07;0;AVIÁRIO MEIO;669,00;23/11/2025;09:35:33;20;1283-20
CO2;1283;CT-CO2-0;1f94f8ad-7171-b062-c0a5-dbf839ac97e9;CD:E6:D3:07;0;AVIÁRIO MEIO;703,00;23/11/2025;09:41:06;20;1283-20
CO2;1283;CT-CO2-0;1f94f8ad-7171-b062-c0a5-dbf839ac97e9;CD:E6:D3:07;0;AVIÁRIO MEIO;645,00;23/11/2025;09:46:08;20;1283-20
CO2;1283;CT-CO2-0;1f94f8ad-7171-b062-c0a5-dbf839ac97e9;CD:E6:D3:07;0;AVIÁRIO MEIO;631,00;23/11/2025;09:51:44;20;1283-20
CO2;1283;CT-CO2-0;1f94f8ad-7171-b062-c0a5-dbf839ac97e9;CD:E6:D3:07;0;AVIÁRIO MEIO;617,00;23/11/2025;09:57:16;20;1283-20
CO2;1283;CT-CO2-0;1f94f8ad-7171-b062-c0a5-dbf839ac97e9;CD:E6:D3:07;0;AVIÁRIO MEIO;629,00;23/11/2025;10:02:18;20;1283-20
CO2;1283;CT-CO2-0;1f94f8ad-7171-b062-c0a5-dbf839ac97e9;CD:E6:D3:07;0;AVIÁRIO MEIO;751,00;23/11/2025;10:07:50;20;1283-20
CO2;1283;CT-CO2-0;1f94f8ad-7171-b062-c0a5-dbf839ac97e9;CD:E6:D3:07;0;AVIÁRIO MEIO;808,00;23/11/2025;10:13:22;20;1283-20
CO2;1283;CT-CO2-0;1f94f8ad-7171-b062-c0a5-dbf839ac97e9;CD:E6:D3:07;0;AVIÁRIO MEIO;624,00;23/11/2025;10:18:24;20;1283-20
CO2;1283;CT-CO2-0;1f94f8ad-7171-b062-c0a5-dbf839ac97e9;CD:E6:D3:07;0;AVIÁRIO MEIO;629,00;23/11/2025;10:23:56;20;1283-20
CO2;1283;CT-CO2-0;1f94f8ad-7171-b062-c0a5-dbf839ac97e9;CD:E6:D3:07;0;AVIÁRIO MEIO;632,00;23/11/2025;10:29:28;20;1283-20
CO2;1283;CT-CO2-0;1f94f8ad-7171-b062-c0a5-dbf839ac97e9;CD:E6:D3:07;0;AVIÁRIO MEIO;648,00;23/11/2025;10:34:30;20;1283-20
CO2;1283;CT-CO2-0;1f94f8ad-7171-b062-c0a5-dbf839ac97e9;CD:E6:D3:07;0;AVIÁRIO MEIO;637,00;23/11/2025;10:40:35;20;1283-20
CO2;1283;CT-CO2-0;1f94f8ad-7171-b062-c0a5-dbf839ac97e9;CD:E6:D3:07;0;AVIÁRIO MEIO;648,00;23/11/2025;10:45:38;20;1283-20
CO2;1283;CT-CO2-0;1f94f8ad-7171-b062-c0a5-dbf839ac97e9;CD:E6:D3:07;0;AVIÁRIO MEIO;655,00;23/11/2025;10:50:40;20;1283-20
CO2;1283;CT-CO2-0;1f94f8ad-7171-b062-c0a5-dbf839ac97e9;CD:E6:D3:07;0;AVIÁRIO MEIO;638,00;23/11/2025;10:56:13;20;1283-20
CO2;1283;CT-CO2-0;1f94f8ad-7171-b062-c0a5-dbf839ac97e9;CD:E6:D3:07;0;AVIÁRIO MEIO;648,00;23/11/2025;11:01:16;20;1283-20
CO2;1283;CT-CO2-0;1f94f8ad-7171-b062-c0a5-dbf839ac97e9;CD:E6:D3:07;0;AVIÁRIO MEIO;654,00;23/11/2025;11:06:49;20;1283-20
CO2;1283;CT-CO2-0;1f94f8ad-7171-b062-c0a5-dbf839ac97e9;CD:E6:D3:07;0;AVIÁRIO MEIO;636,00;23/11/2025;11:12:22;20;1283-20
CO2;1283;CT-CO2-0;1f94f8ad-7171-b062-c0a5-dbf839ac97e9;CD:E6:D3:07;0;AVIÁRIO MEIO;646,00;23/11/2025;11:17:24;20;1283-20
CO2;1283;CT-CO2-0;1f94f8ad-7171-b062-c0a5-dbf839ac97e9;CD:E6:D3:07;0;AVIÁRIO MEIO;638,00;23/11/2025;11:22:56;20;1283-20
CO2;1283;CT-CO2-0;1f94f8ad-7171-b062-c0a5-dbf839ac97e9;CD:E6:D3:07;0;AVIÁRIO MEIO;644,00;23/11/2025;11:28:27;20;1283-20
CO2;1283;CT-CO2-0;1f94f8ad-7171-b062-c0a5-dbf839ac97e9;CD:E6:D3:07;0;AVIÁRIO MEIO;644,00;23/11/2025;11:33:29;20;1283-20
CO2;1283;CT-CO2-0;1f94f8ad-7171-b062-c0a5-dbf839ac97e9;CD:E6:D3:07;0;AVIÁRIO MEIO;656,00;23/11/2025;11:39:02;20;1283-20
CO2;1283;CT-CO2-0;1f94f8ad-7171-b062-c0a5-dbf839ac97e9;CD:E6:D3:07;0;AVIÁRIO MEIO;657,00;23/11/2025;11:44:34;20;1283-20
CO2;1283;CT-CO2-0;1f94f8ad-7171-b062-c0a5-dbf839ac97e9;CD:E6:D3:07;0;AVIÁRIO MEIO;648,00;23/11/2025;11:50:07;20;1283-20
CO2;1283;CT-CO2-0;1f94f8ad-7171-b062-c0a5-dbf839ac97e9;CD:E6:D3:07;0;AVIÁRIO MEIO;640,00;23/11/2025;11:55:10;20;1283-20
CO2;1283;CT-CO2-0;1f94f8ad-7171-b062-c0a5-dbf839ac97e9;CD:E6:D3:07;0;AVIÁRIO MEIO;643,00;23/11/2025;12:00:43;20;1283-20
CO2;1283;CT-CO2-0;1f94f8ad-7171-b062-c0a5-dbf839ac97e9;CD:E6:D3:07;0;AVIÁRIO MEIO;650,00;23/11/2025;12:05:45;20;1283-20
CO2;1283;CT-CO2-0;1f94f8ad-7171-b062-c0a5-dbf839ac97e9;CD:E6:D3:07;0;AVIÁRIO MEIO;644,00;23/11/2025;12:11:17;20;1283-20
CO2;1283;CT-CO2-0;1f94f8ad-7171-b062-c0a5-dbf839ac97e9;CD:E6:D3:07;0;AVIÁRIO MEIO;661,00;23/11/2025;12:21:51;20;1283-20
CO2;1283;CT-CO2-0;1f94f8ad-7171-b062-c0a5-dbf839ac97e9;CD:E6:D3:07;0;AVIÁRIO MEIO;650,00;23/11/2025;12:27:23;20;1283-20
CO2;1283;CT-CO2-0;1f94f8ad-7171-b062-c0a5-dbf839ac97e9;CD:E6:D3:07;0;AVIÁRIO MEIO;643,00;23/11/2025;12:32:56;20;1283-20
CO2;1283;CT-CO2-0;1f94f8ad-7171-b062-c0a5-dbf839ac97e9;CD:E6:D3:07;0;AVIÁRIO MEIO;651,00;23/11/2025;12:37:59;20;1283-20
CO2;1283;CT-CO2-0;1f94f8ad-7171-b062-c0a5-dbf839ac97e9;CD:E6:D3:07;0;AVIÁRIO MEIO;639,00;23/11/2025;12:43:31;20;1283-20
CO2;1283;CT-CO2-0;1f94f8ad-7171-b062-c0a5-dbf839ac97e9;CD:E6:D3:07;0;AVIÁRIO MEIO;656,00;23/11/2025;12:49:03;20;1283-20
CO2;1283;CT-CO2-0;1f94f8ad-7171-b062-c0a5-dbf839ac97e9;CD:E6:D3:07;0;AVIÁRIO MEIO;639,00;23/11/2025;12:54:05;20;1283-20
CO2;1283;CT-CO2-0;1f94f8ad-7171-b062-c0a5-dbf839ac97e9;CD:E6:D3:07;0;AVIÁRIO MEIO;652,00;23/11/2025;13:00:08;20;1283-20
CO2;1283;CT-CO2-0;1f94f8ad-7171-b062-c0a5-dbf839ac97e9;CD:E6:D3:07;0;AVIÁRIO MEIO;644,00;23/11/2025;13:05:10;20;1283-20
CO2;1283;CT-CO2-0;1f94f8ad-7171-b062-c0a5-dbf839ac97e9;CD:E6:D3:07;0;AVIÁRIO MEIO;644,00;23/11/2025;13:10:12;20;1283-20
CO2;1283;CT-CO2-0;1f94f8ad-7171-b062-c0a5-dbf839ac97e9;CD:E6:D3:07;0;AVIÁRIO MEIO;642,00;23/11/2025;13:15:46;20;1283-20
CO2;1283;CT-CO2-0;1f94f8ad-7171-b062-c0a5-dbf839ac97e9;CD:E6:D3:07;0;AVIÁRIO MEIO;639,00;23/11/2025;13:20:48;20;1283-20
CO2;1283;CT-CO2-0;1f94f8ad-7171-b062-c0a5-dbf839ac97e9;CD:E6:D3:07;0;AVIÁRIO MEIO;649,00;23/11/2025;13:26:20;20;1283-20
CO2;1283;CT-CO2-0;1f94f8ad-7171-b062-c0a5-dbf839ac97e9;CD:E6:D3:07;0;AVIÁRIO MEIO;623,00;23/11/2025;13:31:53;20;1283-20
CO2;1283;CT-CO2-0;1f94f8ad-7171-b062-c0a5-dbf839ac97e9;CD:E6:D3:07;0;AVIÁRIO MEIO;595,00;23/11/2025;13:36:55;20;1283-20
CO2;1283;CT-CO2-0;1f94f8ad-7171-b062-c0a5-dbf839ac97e9;CD:E6:D3:07;0;AVIÁRIO MEIO;607,00;23/11/2025;13:42:27;20;1283-20
CO2;1283;CT-CO2-0;1f94f8ad-7171-b062-c0a5-dbf839ac97e9;CD:E6:D3:07;0;AVIÁRIO MEIO;643,00;23/11/2025;13:47:59;20;1283-20
CO2;1283;CT-CO2-0;1f94f8ad-7171-b062-c0a5-dbf839ac97e9;CD:E6:D3:07;0;AVIÁRIO MEIO;634,00;23/11/2025;13:53:02;20;1283-20
CO2;1283;CT-CO2-0;1f94f8ad-7171-b062-c0a5-dbf839ac97e9;CD:E6:D3:07;0;AVIÁRIO MEIO;612,00;23/11/2025;13:58:34;20;1283-20
CO2;1283;CT-CO2-0;1f94f8ad-7171-b062-c0a5-dbf839ac97e9;CD:E6:D3:07;0;AVIÁRIO MEIO;585,00;23/11/2025;14:04:06;20;1283-20
CO2;1283;CT-CO2-0;1f94f8ad-7171-b062-c0a5-dbf839ac97e9;CD:E6:D3:07;0;AVIÁRIO MEIO;593,00;23/11/2025;14:09:39;20;1283-20
CO2;1283;CT-CO2-0;1f94f8ad-7171-b062-c0a5-dbf839ac97e9;CD:E6:D3:07;0;AVIÁRIO MEIO;618,00;23/11/2025;14:14:41;20;1283-20
CO2;1283;CT-CO2-0;1f94f8ad-7171-b062-c0a5-dbf839ac97e9;CD:E6:D3:07;0;AVIÁRIO MEIO;606,00;23/11/2025;14:20:15;20;1283-20
CO2;1283;CT-CO2-0;1f94f8ad-7171-b062-c0a5-dbf839ac97e9;CD:E6:D3:07;0;AVIÁRIO MEIO;598,00;23/11/2025;14:25:16;20;1283-20
CO2;1283;CT-CO2-0;1f94f8ad-7171-b062-c0a5-dbf839ac97e9;CD:E6:D3:07;0;AVIÁRIO MEIO;602,00;23/11/2025;14:30:53;20;1283-20
CO2;1283;CT-CO2-0;1f94f8ad-7171-b062-c0a5-dbf839ac97e9;CD:E6:D3:07;0;AVIÁRIO MEIO;618,00;23/11/2025;14:35:55;20;1283-20
CO2;1283;CT-CO2-0;1f94f8ad-7171-b062-c0a5-dbf839ac97e9;CD:E6:D3:07;0;AVIÁRIO MEIO;607,00;23/11/2025;14:41:27;20;1283-20
CO2;1283;CT-CO2-0;1f94f8ad-7171-b062-c0a5-dbf839ac97e9;CD:E6:D3:07;0;AVIÁRIO MEIO;599,00;23/11/2025;14:46:59;20;1283-20
CO2;1283;CT-CO2-0;1f94f8ad-7171-b062-c0a5-dbf839ac97e9;CD:E6:D3:07;0;AVIÁRIO MEIO;640,00;23/11/2025;14:52:01;20;1283-20
CO2;1283;CT-CO2-0;1f94f8ad-7171-b062-c0a5-dbf839ac97e9;CD:E6:D3:07;0;AVIÁRIO MEIO;635,00;23/11/2025;14:57:33;20;1283-20
CO2;1283;CT-CO2-0;1f94f8ad-7171-b062-c0a5-dbf839ac97e9;CD:E6:D3:07;0;AVIÁRIO MEIO;669,00;23/11/2025;15:03:05;20;1283-20
CO2;1283;CT-CO2-0;1f94f8ad-7171-b062-c0a5-dbf839ac97e9;CD:E6:D3:07;0;AVIÁRIO MEIO;606,00;23/11/2025;15:08:07;20;1283-20
CO2;1283;CT-CO2-0;1f94f8ad-7171-b062-c0a5-dbf839ac97e9;CD:E6:D3:07;0;AVIÁRIO MEIO;631,00;23/11/2025;15:13:39;20;1283-20
CO2;1283;CT-CO2-0;1f94f8ad-7171-b062-c0a5-dbf839ac97e9;CD:E6:D3:07;0;AVIÁRIO MEIO;609,00;23/11/2025;15:19:42;20;1283-20
CO2;1283;CT-CO2-0;1f94f8ad-7171-b062-c0a5-dbf839ac97e9;CD:E6:D3:07;0;AVIÁRIO MEIO;630,00;23/11/2025;15:24:15;20;1283-20
CO2;1283;CT-CO2-0;1f94f8ad-7171-b062-c0a5-dbf839ac97e9;CD:E6:D3:07;0;AVIÁRIO MEIO;613,00;23/11/2025;15:29:47;20;1283-20
CO2;1283;CT-CO2-0;1f94f8ad-7171-b062-c0a5-dbf839ac97e9;CD:E6:D3:07;0;AVIÁRIO MEIO;604,00;23/11/2025;15:35:19;20;1283-20
CO2;1283;CT-CO2-0;1f94f8ad-7171-b062-c0a5-dbf839ac97e9;CD:E6:D3:07;0;AVIÁRIO MEIO;593,00;23/11/2025;15:40:21;20;1283-20
CO2;1283;CT-CO2-0;1f94f8ad-7171-b062-c0a5-dbf839ac97e9;CD:E6:D3:07;0;AVIÁRIO MEIO;617,00;23/11/2025;15:45:54;20;1283-20
CO2;1283;CT-CO2-0;1f94f8ad-7171-b062-c0a5-dbf839ac97e9;CD:E6:D3:07;0;AVIÁRIO MEIO;641,00;23/11/2025;15:51:26;20;1283-20
CO2;1283;CT-CO2-0;1f94f8ad-7171-b062-c0a5-dbf839ac97e9;CD:E6:D3:07;0;AVIÁRIO MEIO;641,00;23/11/2025;15:56:28;20;1283-20
CO2;1283;CT-CO2-0;1f94f8ad-7171-b062-c0a5-dbf839ac97e9;CD:E6:D3:07;0;AVIÁRIO MEIO;644,00;23/11/2025;16:01:59;20;1283-20
CO2;1283;CT-CO2-0;1f94f8ad-7171-b062-c0a5-dbf839ac97e9;CD:E6:D3:07;0;AVIÁRIO MEIO;644,00;23/11/2025;16:07:31;20;1283-20
CO2;1283;CT-CO2-0;1f94f8ad-7171-b062-c0a5-dbf839ac97e9;CD:E6:D3:07;0;AVIÁRIO MEIO;646,00;23/11/2025;16:12:33;20;1283-20
CO2;1283;CT-CO2-0;1f94f8ad-7171-b062-c0a5-dbf839ac97e9;CD:E6:D3:07;0;AVIÁRIO MEIO;634,00;23/11/2025;16:18:04;20;1283-20
CO2;1283;CT-CO2-0;1f94f8ad-7171-b062-c0a5-dbf839ac97e9;CD:E6:D3:07;0;AVIÁRIO MEIO;636,00;23/11/2025;16:23:36;20;1283-20
CO2;1283;CT-CO2-0;1f94f8ad-7171-b062-c0a5-dbf839ac97e9;CD:E6:D3:07;0;AVIÁRIO MEIO;633,00;23/11/2025;16:29:10;20;1283-20
CO2;1283;CT-CO2-0;1f94f8ad-7171-b062-c0a5-dbf839ac97e9;CD:E6:D3:07;0;AVIÁRIO MEIO;635,00;23/11/2025;16:34:11;20;1283-20
CO2;1283;CT-CO2-0;1f94f8ad-7171-b062-c0a5-dbf839ac97e9;CD:E6:D3:07;0;AVIÁRIO MEIO;598,00;23/11/2025;16:39:43;20;1283-20
CO2;1283;CT-CO2-0;1f94f8ad-7171-b062-c0a5-dbf839ac97e9;CD:E6:D3:07;0;AVIÁRIO MEIO;583,00;23/11/2025;16:44:45;20;1283-20
CO2;1283;CT-CO2-0;1f94f8ad-7171-b062-c0a5-dbf839ac97e9;CD:E6:D3:07;0;AVIÁRIO MEIO;619,00;23/11/2025;16:50:17;20;1283-20
CO2;1283;CT-CO2-0;1f94f8ad-7171-b062-c0a5-dbf839ac97e9;CD:E6:D3:07;0;AVIÁRIO MEIO;641,00;23/11/2025;16:55:49;20;1283-20
CO2;1283;CT-CO2-0;1f94f8ad-7171-b062-c0a5-dbf839ac97e9;CD:E6:D3:07;0;AVIÁRIO MEIO;622,00;23/11/2025;17:00:51;20;1283-20
CO2;1283;CT-CO2-0;1f94f8ad-7171-b062-c0a5-dbf839ac97e9;CD:E6:D3:07;0;AVIÁRIO MEIO;630,00;23/11/2025;17:06:24;20;1283-20
CO2;1283;CT-CO2-0;1f94f8ad-7171-b062-c0a5-dbf839ac97e9;CD:E6:D3:07;0;AVIÁRIO MEIO;622,00;23/11/2025;17:11:55;20;1283-20
CO2;1283;CT-CO2-0;1f94f8ad-7171-b062-c0a5-dbf839ac97e9;CD:E6:D3:07;0;AVIÁRIO MEIO;651,00;23/11/2025;17:16:57;20;1283-20
CO2;1283;CT-CO2-0;1f94f8ad-7171-b062-c0a5-dbf839ac97e9;CD:E6:D3:07;0;AVIÁRIO MEIO;650,00;23/11/2025;17:22:29;20;1283-20
CO2;1283;CT-CO2-0;1f94f8ad-7171-b062-c0a5-dbf839ac97e9;CD:E6:D3:07;0;AVIÁRIO MEIO;648,00;23/11/2025;17:28:01;20;1283-20
CO2;1283;CT-CO2-0;1f94f8ad-7171-b062-c0a5-dbf839ac97e9;CD:E6:D3:07;0;AVIÁRIO MEIO;637,00;23/11/2025;17:33:03;20;1283-20
CO2;1283;CT-CO2-0;1f94f8ad-7171-b062-c0a5-dbf839ac97e9;CD:E6:D3:07;0;AVIÁRIO MEIO;655,00;23/11/2025;17:39:06;20;1283-20
CO2;1283;CT-CO2-0;1f94f8ad-7171-b062-c0a5-dbf839ac97e9;CD:E6:D3:07;0;AVIÁRIO MEIO;628,00;23/11/2025;17:44:09;20;1283-20
CO2;1283;CT-CO2-0;1f94f8ad-7171-b062-c0a5-dbf839ac97e9;CD:E6:D3:07;0;AVIÁRIO MEIO;619,00;23/11/2025;17:49:11;20;1283-20
CO2;1283;CT-CO2-0;1f94f8ad-7171-b062-c0a5-dbf839ac97e9;CD:E6:D3:07;0;AVIÁRIO MEIO;652,00;23/11/2025;17:54:42;20;1283-20
CO2;1283;CT-CO2-0;1f94f8ad-7171-b062-c0a5-dbf839ac97e9;CD:E6:D3:07;0;AVIÁRIO MEIO;649,00;23/11/2025;18:00:15;20;1283-20
CO2;1283;CT-CO2-0;1f94f8ad-7171-b062-c0a5-dbf839ac97e9;CD:E6:D3:07;0;AVIÁRIO MEIO;635,00;23/11/2025;18:05:17;20;1283-20
CO2;1283;CT-CO2-0;1f94f8ad-7171-b062-c0a5-dbf839ac97e9;CD:E6:D3:07;0;AVIÁRIO MEIO;646,00;23/11/2025;18:10:49;20;1283-20
CO2;1283;CT-CO2-0;1f94f8ad-7171-b062-c0a5-dbf839ac97e9;CD:E6:D3:07;0;AVIÁRIO MEIO;641,00;23/11/2025;18:16:22;20;1283-20
CO2;1283;CT-CO2-0;1f94f8ad-7171-b062-c0a5-dbf839ac97e9;CD:E6:D3:07;0;AVIÁRIO MEIO;643,00;23/11/2025;18:21:25;20;1283-20
CO2;1283;CT-CO2-0;1f94f8ad-7171-b062-c0a5-dbf839ac97e9;CD:E6:D3:07;0;AVIÁRIO MEIO;645,00;23/11/2025;18:26:58;20;1283-20
CO2;1283;CT-CO2-0;1f94f8ad-7171-b062-c0a5-dbf839ac97e9;CD:E6:D3:07;0;AVIÁRIO MEIO;649,00;23/11/2025;18:32:30;20;1283-20
CO2;1283;CT-CO2-0;1f94f8ad-7171-b062-c0a5-dbf839ac97e9;CD:E6:D3:07;0;AVIÁRIO MEIO;661,00;23/11/2025;18:37:32;20;1283-20
CO2;1283;CT-CO2-0;1f94f8ad-7171-b062-c0a5-dbf839ac97e9;CD:E6:D3:07;0;AVIÁRIO MEIO;648,00;23/11/2025;18:43:04;20;1283-20
CO2;1283;CT-CO2-0;1f94f8ad-7171-b062-c0a5-dbf839ac97e9;CD:E6:D3:07;0;AVIÁRIO MEIO;676,00;23/11/2025;18:49:09;20;1283-20
CO2;1283;CT-CO2-0;1f94f8ad-7171-b062-c0a5-dbf839ac97e9;CD:E6:D3:07;0;AVIÁRIO MEIO;672,00;23/11/2025;18:53:42;20;1283-20
CO2;1283;CT-CO2-0;1f94f8ad-7171-b062-c0a5-dbf839ac97e9;CD:E6:D3:07;0;AVIÁRIO MEIO;698,00;23/11/2025;18:59:14;20;1283-20
CO2;1283;CT-CO2-0;1f94f8ad-7171-b062-c0a5-dbf839ac97e9;CD:E6:D3:07;0;AVIÁRIO MEIO;691,00;23/11/2025;19:04:16;20;1283-20
CO2;1283;CT-CO2-0;1f94f8ad-7171-b062-c0a5-dbf839ac97e9;CD:E6:D3:07;0;AVIÁRIO MEIO;693,00;23/11/2025;19:09:48;20;1283-20
CO2;1283;CT-CO2-0;1f94f8ad-7171-b062-c0a5-dbf839ac97e9;CD:E6:D3:07;0;AVIÁRIO MEIO;690,00;23/11/2025;19:15:23;20;1283-20
CO2;1283;CT-CO2-0;1f94f8ad-7171-b062-c0a5-dbf839ac97e9;CD:E6:D3:07;0;AVIÁRIO MEIO;682,00;23/11/2025;19:20:25;20;1283-20
CO2;1283;CT-CO2-0;1f94f8ad-7171-b062-c0a5-dbf839ac97e9;CD:E6:D3:07;0;AVIÁRIO MEIO;689,00;23/11/2025;19:25:57;20;1283-20
CO2;1283;CT-CO2-0;1f94f8ad-7171-b062-c0a5-dbf839ac97e9;CD:E6:D3:07;0;AVIÁRIO MEIO;699,00;23/11/2025;19:31:29;20;1283-20
CO2;1283;CT-CO2-0;1f94f8ad-7171-b062-c0a5-dbf839ac97e9;CD:E6:D3:07;0;AVIÁRIO MEIO;695,00;23/11/2025;19:36:32;20;1283-20
CO2;1283;CT-CO2-0;1f94f8ad-7171-b062-c0a5-dbf839ac97e9;CD:E6:D3:07;0;AVIÁRIO MEIO;691,00;23/11/2025;19:42:03;20;1283-20
CO2;1283;CT-CO2-0;1f94f8ad-7171-b062-c0a5-dbf839ac97e9;CD:E6:D3:07;0;AVIÁRIO MEIO;698,00;23/11/2025;19:47:35;20;1283-20
CO2;1283;CT-CO2-0;1f94f8ad-7171-b062-c0a5-dbf839ac97e9;CD:E6:D3:07;0;AVIÁRIO MEIO;700,00;23/11/2025;19:52:42;20;1283-20
CO2;1283;CT-CO2-0;1f94f8ad-7171-b062-c0a5-dbf839ac97e9;CD:E6:D3:07;0;AVIÁRIO MEIO;707,00;23/11/2025;19:58:45;20;1283-20
CO2;1283;CT-CO2-0;1f94f8ad-7171-b062-c0a5-dbf839ac97e9;CD:E6:D3:07;0;AVIÁRIO MEIO;705,00;23/11/2025;20:03:48;20;1283-20
CO2;1283;CT-CO2-0;1f94f8ad-7171-b062-c0a5-dbf839ac97e9;CD:E6:D3:07;0;AVIÁRIO MEIO;711,00;23/11/2025;20:08:51;20;1283-20
CO2;1283;CT-CO2-0;1f94f8ad-7171-b062-c0a5-dbf839ac97e9;CD:E6:D3:07;0;AVIÁRIO MEIO;732,00;23/11/2025;20:14:22;20;1283-20
CO2;1283;CT-CO2-0;1f94f8ad-7171-b062-c0a5-dbf839ac97e9;CD:E6:D3:07;0;AVIÁRIO MEIO;730,00;23/11/2025;20:19:54;20;1283-20
CO2;1283;CT-CO2-0;1f94f8ad-7171-b062-c0a5-dbf839ac97e9;CD:E6:D3:07;0;AVIÁRIO MEIO;732,00;23/11/2025;20:24:56;20;1283-20
CO2;1283;CT-CO2-0;1f94f8ad-7171-b062-c0a5-dbf839ac97e9;CD:E6:D3:07;0;AVIÁRIO MEIO;723,00;23/11/2025;20:30:29;20;1283-20
CO2;1283;CT-CO2-0;1f94f8ad-7171-b062-c0a5-dbf839ac97e9;CD:E6:D3:07;0;AVIÁRIO MEIO;738,00;23/11/2025;20:36:01;20;1283-20
CO2;1283;CT-CO2-0;1f94f8ad-7171-b062-c0a5-dbf839ac97e9;CD:E6:D3:07;0;AVIÁRIO MEIO;730,00;23/11/2025;20:41:04;20;1283-20
CO2;1283;CT-CO2-0;1f94f8ad-7171-b062-c0a5-dbf839ac97e9;CD:E6:D3:07;0;AVIÁRIO MEIO;743,00;23/11/2025;20:46:37;20;1283-20
CO2;1283;CT-CO2-0;1f94f8ad-7171-b062-c0a5-dbf839ac97e9;CD:E6:D3:07;0;AVIÁRIO MEIO;730,00;23/11/2025;20:52:14;20;1283-20
CO2;1283;CT-CO2-0;1f94f8ad-7171-b062-c0a5-dbf839ac97e9;CD:E6:D3:07;0;AVIÁRIO MEIO;725,00;23/11/2025;20:57:19;20;1283-20
CO2;1283;CT-CO2-0;1f94f8ad-7171-b062-c0a5-dbf839ac97e9;CD:E6:D3:07;0;AVIÁRIO MEIO;730,00;23/11/2025;21:11:23;20;1283-20
CO2;1283;CT-CO2-0;1f94f8ad-7171-b062-c0a5-dbf839ac97e9;CD:E6:D3:07;0;AVIÁRIO MEIO;717,00;23/11/2025;21:16:57;20;1283-20
CO2;1283;CT-CO2-0;1f94f8ad-7171-b062-c0a5-dbf839ac97e9;CD:E6:D3:07;0;AVIÁRIO MEIO;723,00;23/11/2025;21:22:29;20;1283-20
CO2;1283;CT-CO2-0;1f94f8ad-7171-b062-c0a5-dbf839ac97e9;CD:E6:D3:07;0;AVIÁRIO MEIO;743,00;23/11/2025;21:27:31;20;1283-20
CO2;1283;CT-CO2-0;1f94f8ad-7171-b062-c0a5-dbf839ac97e9;CD:E6:D3:07;0;AVIÁRIO MEIO;729,00;23/11/2025;21:33:03;20;1283-20
CO2;1283;CT-CO2-0;1f94f8ad-7171-b062-c0a5-dbf839ac97e9;CD:E6:D3:07;0;AVIÁRIO MEIO;731,00;23/11/2025;21:38:35;20;1283-20
CO2;1283;CT-CO2-0;1f94f8ad-7171-b062-c0a5-dbf839ac97e9;CD:E6:D3:07;0;AVIÁRIO MEIO;729,00;23/11/2025;21:43:37;20;1283-20
CO2;1283;CT-CO2-0;1f94f8ad-7171-b062-c0a5-dbf839ac97e9;CD:E6:D3:07;0;AVIÁRIO MEIO;743,00;23/11/2025;21:49:10;20;1283-20
CO2;1283;CT-CO2-0;1f94f8ad-7171-b062-c0a5-dbf839ac97e9;CD:E6:D3:07;0;AVIÁRIO MEIO;727,00;23/11/2025;21:54:42;20;1283-20
CO2;1283;CT-CO2-0;1f94f8ad-7171-b062-c0a5-dbf839ac97e9;CD:E6:D3:07;0;AVIÁRIO MEIO;717,00;23/11/2025;21:59:43;20;1283-20
CO2;1283;CT-CO2-0;1f94f8ad-7171-b062-c0a5-dbf839ac97e9;CD:E6:D3:07;0;AVIÁRIO MEIO;760,00;23/11/2025;22:05:15;20;1283-20
CO2;1283;CT-CO2-0;1f94f8ad-7171-b062-c0a5-dbf839ac97e9;CD:E6:D3:07;0;AVIÁRIO MEIO;812,00;23/11/2025;22:10:47;20;1283-20
CO2;1283;CT-CO2-0;1f94f8ad-7171-b062-c0a5-dbf839ac97e9;CD:E6:D3:07;0;AVIÁRIO MEIO;794,00;23/11/2025;22:16:20;20;1283-20
CO2;1283;CT-CO2-0;1f94f8ad-7171-b062-c0a5-dbf839ac97e9;CD:E6:D3:07;0;AVIÁRIO MEIO;767,00;23/11/2025;22:21:22;20;1283-20
CO2;1283;CT-CO2-0;1f94f8ad-7171-b062-c0a5-dbf839ac97e9;CD:E6:D3:07;0;AVIÁRIO MEIO;776,00;23/11/2025;22:26:55;20;1283-20
CO2;1283;CT-CO2-0;1f94f8ad-7171-b062-c0a5-dbf839ac97e9;CD:E6:D3:07;0;AVIÁRIO MEIO;804,00;23/11/2025;22:31:57;20;1283-20
CO2;1283;CT-CO2-0;1f94f8ad-7171-b062-c0a5-dbf839ac97e9;CD:E6:D3:07;0;AVIÁRIO MEIO;815,00;23/11/2025;22:37:30;20;1283-20
CO2;1283;CT-CO2-0;1f94f8ad-7171-b062-c0a5-dbf839ac97e9;CD:E6:D3:07;0;AVIÁRIO MEIO;815,00;23/11/2025;22:43:02;20;1283-20
CO2;1283;CT-CO2-0;1f94f8ad-7171-b062-c0a5-dbf839ac97e9;CD:E6:D3:07;0;AVIÁRIO MEIO;821,00;23/11/2025;22:48:34;20;1283-20
CO2;1283;CT-CO2-0;1f94f8ad-7171-b062-c0a5-dbf839ac97e9;CD:E6:D3:07;0;AVIÁRIO MEIO;820,00;23/11/2025;22:53:35;20;1283-20
CO2;1283;CT-CO2-0;1f94f8ad-7171-b062-c0a5-dbf839ac97e9;CD:E6:D3:07;0;AVIÁRIO MEIO;833,00;23/11/2025;22:59:08;20;1283-20
CO2;1283;CT-CO2-0;1f94f8ad-7171-b062-c0a5-dbf839ac97e9;CD:E6:D3:07;0;AVIÁRIO MEIO;819,00;23/11/2025;23:04:39;20;1283-20
CO2;1283;CT-CO2-0;1f94f8ad-7171-b062-c0a5-dbf839ac97e9;CD:E6:D3:07;0;AVIÁRIO MEIO;815,00;23/11/2025;23:09:41;20;1283-20
CO2;1283;CT-CO2-0;1f94f8ad-7171-b062-c0a5-dbf839ac97e9;CD:E6:D3:07;0;AVIÁRIO MEIO;811,00;23/11/2025;23:15:14;20;1283-20
CO2;1283;CT-CO2-0;1f94f8ad-7171-b062-c0a5-dbf839ac97e9;CD:E6:D3:07;0;AVIÁRIO MEIO;794,00;23/11/2025;23:20:48;20;1283-20
CO2;1283;CT-CO2-0;1f94f8ad-7171-b062-c0a5-dbf839ac97e9;CD:E6:D3:07;0;AVIÁRIO MEIO;801,00;23/11/2025;23:26:22;20;1283-20
CO2;1283;CT-CO2-0;1f94f8ad-7171-b062-c0a5-dbf839ac97e9;CD:E6:D3:07;0;AVIÁRIO MEIO;807,00;23/11/2025;23:31:26;20;1283-20
CO2;1283;CT-CO2-0;1f94f8ad-7171-b062-c0a5-dbf839ac97e9;CD:E6:D3:07;0;AVIÁRIO MEIO;806,00;23/11/2025;23:36:58;20;1283-20
CO2;1283;CT-CO2-0;1f94f8ad-7171-b062-c0a5-dbf839ac97e9;CD:E6:D3:07;0;AVIÁRIO MEIO;800,00;23/11/2025;23:41:59;20;1283-20
CO2;1283;CT-CO2-0;1f94f8ad-7171-b062-c0a5-dbf839ac97e9;CD:E6:D3:07;0;AVIÁRIO MEIO;805,00;23/11/2025;23:47:31;20;1283-20
CO2;1283;CT-CO2-0;1f94f8ad-7171-b062-c0a5-dbf839ac97e9;CD:E6:D3:07;0;AVIÁRIO MEIO;776,00;23/11/2025;23:53:03;20;1283-20
CO2;1283;CT-CO2-0;1f94f8ad-7171-b062-c0a5-dbf839ac97e9;CD:E6:D3:07;0;AVIÁRIO MEIO;795,00;23/11/2025;23:58:05;20;1283-20
CO2;1283;CT-CO2-0;1f94f8ad-7171-b062-c0a5-dbf839ac97e9;CD:E6:D3:07;0;AVIÁRIO MEIO;782,00;24/11/2025;00:03:38;20;1283-20
CO2;1283;CT-CO2-0;1f94f8ad-7171-b062-c0a5-dbf839ac97e9;CD:E6:D3:07;0;AVIÁRIO MEIO;773,00;24/11/2025;00:09:10;20;1283-20
CO2;1283;CT-CO2-0;1f94f8ad-7171-b062-c0a5-dbf839ac97e9;CD:E6:D3:07;0;AVIÁRIO MEIO;778,00;24/11/2025;00:14:12;20;1283-20
CO2;1283;CT-CO2-0;1f94f8ad-7171-b062-c0a5-dbf839ac97e9;CD:E6:D3:07;0;AVIÁRIO MEIO;766,00;24/11/2025;00:19:44;20;1283-20
CO2;1283;CT-CO2-0;1f94f8ad-7171-b062-c0a5-dbf839ac97e9;CD:E6:D3:07;0;AVIÁRIO MEIO;779,00;24/11/2025;00:25:15;20;1283-20
CO2;1283;CT-CO2-0;1f94f8ad-7171-b062-c0a5-dbf839ac97e9;CD:E6:D3:07;0;AVIÁRIO MEIO;778,00;24/11/2025;00:30:47;20;1283-20
CO2;1283;CT-CO2-0;1f94f8ad-7171-b062-c0a5-dbf839ac97e9;CD:E6:D3:07;0;AVIÁRIO MEIO;778,00;24/11/2025;00:36:21;20;1283-20
CO2;1283;CT-CO2-0;1f94f8ad-7171-b062-c0a5-dbf839ac97e9;CD:E6:D3:07;0;AVIÁRIO MEIO;787,00;24/11/2025;00:41:24;20;1283-20
CO2;1283;CT-CO2-0;1f94f8ad-7171-b062-c0a5-dbf839ac97e9;CD:E6:D3:07;0;AVIÁRIO MEIO;780,00;24/11/2025;00:46:56;20;1283-20
CO2;1283;CT-CO2-0;1f94f8ad-7171-b062-c0a5-dbf839ac97e9;CD:E6:D3:07;0;AVIÁRIO MEIO;786,00;24/11/2025;00:51:57;20;1283-20
CO2;1283;CT-CO2-0;1f94f8ad-7171-b062-c0a5-dbf839ac97e9;CD:E6:D3:07;0;AVIÁRIO MEIO;788,00;24/11/2025;00:57:30;20;1283-20
CO2;1283;CT-CO2-0;1f94f8ad-7171-b062-c0a5-dbf839ac97e9;CD:E6:D3:07;0;AVIÁRIO MEIO;774,00;24/11/2025;01:03:03;20;1283-20
CO2;1283;CT-CO2-0;1f94f8ad-7171-b062-c0a5-dbf839ac97e9;CD:E6:D3:07;0;AVIÁRIO MEIO;784,00;24/11/2025;01:08:04;20;1283-20
CO2;1283;CT-CO2-0;1f94f8ad-7171-b062-c0a5-dbf839ac97e9;CD:E6:D3:07;0;AVIÁRIO MEIO;789,00;24/11/2025;01:13:37;20;1283-20
CO2;1283;CT-CO2-0;1f94f8ad-7171-b062-c0a5-dbf839ac97e9;CD:E6:D3:07;0;AVIÁRIO MEIO;782,00;24/11/2025;01:19:08;20;1283-20
CO2;1283;CT-CO2-0;1f94f8ad-7171-b062-c0a5-dbf839ac97e9;CD:E6:D3:07;0;AVIÁRIO MEIO;778,00;24/11/2025;01:24:10;20;1283-20
CO2;1283;CT-CO2-0;1f94f8ad-7171-b062-c0a5-dbf839ac97e9;CD:E6:D3:07;0;AVIÁRIO MEIO;789,00;24/11/2025;01:29:42;20;1283-20
CO2;1283;CT-CO2-0;1f94f8ad-7171-b062-c0a5-dbf839ac97e9;CD:E6:D3:07;0;AVIÁRIO MEIO;788,00;24/11/2025;01:35:15;20;1283-20
CO2;1283;CT-CO2-0;1f94f8ad-7171-b062-c0a5-dbf839ac97e9;CD:E6:D3:07;0;AVIÁRIO MEIO;783,00;24/11/2025;01:40:16;20;1283-20
CO2;1283;CT-CO2-0;1f94f8ad-7171-b062-c0a5-dbf839ac97e9;CD:E6:D3:07;0;AVIÁRIO MEIO;780,00;24/11/2025;01:46:20;20;1283-20
CO2;1283;CT-CO2-0;1f94f8ad-7171-b062-c0a5-dbf839ac97e9;CD:E6:D3:07;0;AVIÁRIO MEIO;808,00;24/11/2025;01:51:22;20;1283-20
CO2;1283;CT-CO2-0;1f94f8ad-7171-b062-c0a5-dbf839ac97e9;CD:E6:D3:07;0;AVIÁRIO MEIO;781,00;24/11/2025;01:56:24;20;1283-20
CO2;1283;CT-CO2-0;1f94f8ad-7171-b062-c0a5-dbf839ac97e9;CD:E6:D3:07;0;AVIÁRIO MEIO;783,00;24/11/2025;02:01:57;20;1283-20
CO2;1283;CT-CO2-0;1f94f8ad-7171-b062-c0a5-dbf839ac97e9;CD:E6:D3:07;0;AVIÁRIO MEIO;788,00;24/11/2025;02:07:28;20;1283-20
CO2;1283;CT-CO2-0;1f94f8ad-7171-b062-c0a5-dbf839ac97e9;CD:E6:D3:07;0;AVIÁRIO MEIO;780,00;24/11/2025;02:13:01;20;1283-20
CO2;1283;CT-CO2-0;1f94f8ad-7171-b062-c0a5-dbf839ac97e9;CD:E6:D3:07;0;AVIÁRIO MEIO;780,00;24/11/2025;02:18:03;20;1283-20
CO2;1283;CT-CO2-0;1f94f8ad-7171-b062-c0a5-dbf839ac97e9;CD:E6:D3:07;0;AVIÁRIO MEIO;774,00;24/11/2025;02:23:34;20;1283-20
CO2;1283;CT-CO2-0;1f94f8ad-7171-b062-c0a5-dbf839ac97e9;CD:E6:D3:07;0;AVIÁRIO MEIO;779,00;24/11/2025;02:29:06;20;1283-20
CO2;1283;CT-CO2-0;1f94f8ad-7171-b062-c0a5-dbf839ac97e9;CD:E6:D3:07;0;AVIÁRIO MEIO;786,00;24/11/2025;02:34:08;20;1283-20
CO2;1283;CT-CO2-0;1f94f8ad-7171-b062-c0a5-dbf839ac97e9;CD:E6:D3:07;0;AVIÁRIO MEIO;772,00;24/11/2025;02:39:40;20;1283-20
CO2;1283;CT-CO2-0;1f94f8ad-7171-b062-c0a5-dbf839ac97e9;CD:E6:D3:07;0;AVIÁRIO MEIO;773,00;24/11/2025;02:45:13;20;1283-20
CO2;1283;CT-CO2-0;1f94f8ad-7171-b062-c0a5-dbf839ac97e9;CD:E6:D3:07;0;AVIÁRIO MEIO;783,00;24/11/2025;02:50:16;20;1283-20
CO2;1283;CT-CO2-0;1f94f8ad-7171-b062-c0a5-dbf839ac97e9;CD:E6:D3:07;0;AVIÁRIO MEIO;776,00;24/11/2025;02:56:20;20;1283-20
CO2;1283;CT-CO2-0;1f94f8ad-7171-b062-c0a5-dbf839ac97e9;CD:E6:D3:07;0;AVIÁRIO MEIO;773,00;24/11/2025;03:01:21;20;1283-20
CO2;1283;CT-CO2-0;1f94f8ad-7171-b062-c0a5-dbf839ac97e9;CD:E6:D3:07;0;AVIÁRIO MEIO;767,00;24/11/2025;03:06:24;20;1283-20
CO2;1283;CT-CO2-0;1f94f8ad-7171-b062-c0a5-dbf839ac97e9;CD:E6:D3:07;0;AVIÁRIO MEIO;781,00;24/11/2025;03:11:57;20;1283-20
CO2;1283;CT-CO2-0;1f94f8ad-7171-b062-c0a5-dbf839ac97e9;CD:E6:D3:07;0;AVIÁRIO MEIO;786,00;24/11/2025;03:17:29;20;1283-20
CO2;1283;CT-CO2-0;1f94f8ad-7171-b062-c0a5-dbf839ac97e9;CD:E6:D3:07;0;AVIÁRIO MEIO;764,00;24/11/2025;03:22:30;20;1283-20
CO2;1283;CT-CO2-0;1f94f8ad-7171-b062-c0a5-dbf839ac97e9;CD:E6:D3:07;0;AVIÁRIO MEIO;773,00;24/11/2025;03:28:03;20;1283-20
CO2;1283;CT-CO2-0;1f94f8ad-7171-b062-c0a5-dbf839ac97e9;CD:E6:D3:07;0;AVIÁRIO MEIO;786,00;24/11/2025;03:33:36;20;1283-20
CO2;1283;CT-CO2-0;1f94f8ad-7171-b062-c0a5-dbf839ac97e9;CD:E6:D3:07;0;AVIÁRIO MEIO;788,00;24/11/2025;03:38:38;20;1283-20
CO2;1283;CT-CO2-0;1f94f8ad-7171-b062-c0a5-dbf839ac97e9;CD:E6:D3:07;0;AVIÁRIO MEIO;762,00;24/11/2025;03:44:10;20;1283-20
CO2;1283;CT-CO2-0;1f94f8ad-7171-b062-c0a5-dbf839ac97e9;CD:E6:D3:07;0;AVIÁRIO MEIO;784,00;24/11/2025;03:49:42;20;1283-20
CO2;1283;CT-CO2-0;1f94f8ad-7171-b062-c0a5-dbf839ac97e9;CD:E6:D3:07;0;AVIÁRIO MEIO;765,00;24/11/2025;03:54:44;20;1283-20
CO2;1283;CT-CO2-0;1f94f8ad-7171-b062-c0a5-dbf839ac97e9;CD:E6:D3:07;0;AVIÁRIO MEIO;780,00;24/11/2025;04:00:16;20;1283-20
CO2;1283;CT-CO2-0;1f94f8ad-7171-b062-c0a5-dbf839ac97e9;CD:E6:D3:07;0;AVIÁRIO MEIO;753,00;24/11/2025;04:06:21;20;1283-20
CO2;1283;CT-CO2-0;1f94f8ad-7171-b062-c0a5-dbf839ac97e9;CD:E6:D3:07;0;AVIÁRIO MEIO;788,00;24/11/2025;04:10:53;20;1283-20
CO2;1283;CT-CO2-0;1f94f8ad-7171-b062-c0a5-dbf839ac97e9;CD:E6:D3:07;0;AVIÁRIO MEIO;779,00;24/11/2025;04:16:25;20;1283-20
CO2;1283;CT-CO2-0;1f94f8ad-7171-b062-c0a5-dbf839ac97e9;CD:E6:D3:07;0;AVIÁRIO MEIO;764,00;24/11/2025;04:21:57;20;1283-20
CO2;1283;CT-CO2-0;1f94f8ad-7171-b062-c0a5-dbf839ac97e9;CD:E6:D3:07;0;AVIÁRIO MEIO;782,00;24/11/2025;04:27:29;20;1283-20
CO2;1283;CT-CO2-0;1f94f8ad-7171-b062-c0a5-dbf839ac97e9;CD:E6:D3:07;0;AVIÁRIO MEIO;770,00;24/11/2025;04:32:30;20;1283-20
CO2;1283;CT-CO2-0;1f94f8ad-7171-b062-c0a5-dbf839ac97e9;CD:E6:D3:07;0;AVIÁRIO MEIO;771,00;24/11/2025;04:38:04;20;1283-20
CO2;1283;CT-CO2-0;1f94f8ad-7171-b062-c0a5-dbf839ac97e9;CD:E6:D3:07;0;AVIÁRIO MEIO;807,00;24/11/2025;04:43:37;20;1283-20
CO2;1283;CT-CO2-0;1f94f8ad-7171-b062-c0a5-dbf839ac97e9;CD:E6:D3:07;0;AVIÁRIO MEIO;811,00;24/11/2025;04:48:39;20;1283-20
CO2;1283;CT-CO2-0;1f94f8ad-7171-b062-c0a5-dbf839ac97e9;CD:E6:D3:07;0;AVIÁRIO MEIO;829,00;24/11/2025;04:54:11;20;1283-20
CO2;1283;CT-CO2-0;1f94f8ad-7171-b062-c0a5-dbf839ac97e9;CD:E6:D3:07;0;AVIÁRIO MEIO;828,00;24/11/2025;04:59:45;20;1283-20
CO2;1283;CT-CO2-0;1f94f8ad-7171-b062-c0a5-dbf839ac97e9;CD:E6:D3:07;0;AVIÁRIO MEIO;827,00;24/11/2025;05:04:47;20;1283-20
CO2;1283;CT-CO2-0;1f94f8ad-7171-b062-c0a5-dbf839ac97e9;CD:E6:D3:07;0;AVIÁRIO MEIO;817,00;24/11/2025;05:10:20;20;1283-20
CO2;1283;CT-CO2-0;1f94f8ad-7171-b062-c0a5-dbf839ac97e9;CD:E6:D3:07;0;AVIÁRIO MEIO;831,00;24/11/2025;05:16:24;20;1283-20
CO2;1283;CT-CO2-0;1f94f8ad-7171-b062-c0a5-dbf839ac97e9;CD:E6:D3:07;0;AVIÁRIO MEIO;826,00;24/11/2025;05:20:56;20;1283-20
CO2;1283;CT-CO2-0;1f94f8ad-7171-b062-c0a5-dbf839ac97e9;CD:E6:D3:07;0;AVIÁRIO MEIO;841,00;24/11/2025;05:26:27;20;1283-20
CO2;1283;CT-CO2-0;1f94f8ad-7171-b062-c0a5-dbf839ac97e9;CD:E6:D3:07;0;AVIÁRIO MEIO;840,00;24/11/2025;05:31:59;20;1283-20
CO2;1283;CT-CO2-0;1f94f8ad-7171-b062-c0a5-dbf839ac97e9;CD:E6:D3:07;0;AVIÁRIO MEIO;829,00;24/11/2025;05:37:01;20;1283-20
CO2;1283;CT-CO2-0;1f94f8ad-7171-b062-c0a5-dbf839ac97e9;CD:E6:D3:07;0;AVIÁRIO MEIO;836,00;24/11/2025;05:42:33;20;1283-20
CO2;1283;CT-CO2-0;1f94f8ad-7171-b062-c0a5-dbf839ac97e9;CD:E6:D3:07;0;AVIÁRIO MEIO;860,00;24/11/2025;05:48:04;20;1283-20
CO2;1283;CT-CO2-0;1f94f8ad-7171-b062-c0a5-dbf839ac97e9;CD:E6:D3:07;0;AVIÁRIO MEIO;829,00;24/11/2025;05:53:37;20;1283-20
CO2;1283;CT-CO2-0;1f94f8ad-7171-b062-c0a5-dbf839ac97e9;CD:E6:D3:07;0;AVIÁRIO MEIO;856,00;24/11/2025;05:58:39;20;1283-20
CO2;1283;CT-CO2-0;1f94f8ad-7171-b062-c0a5-dbf839ac97e9;CD:E6:D3:07;0;AVIÁRIO MEIO;853,00;24/11/2025;06:04:11;20;1283-20
CO2;1283;CT-CO2-0;1f94f8ad-7171-b062-c0a5-dbf839ac97e9;CD:E6:D3:07;0;AVIÁRIO MEIO;846,00;24/11/2025;06:09:44;20;1283-20
CO2;1283;CT-CO2-0;1f94f8ad-7171-b062-c0a5-dbf839ac97e9;CD:E6:D3:07;0;AVIÁRIO MEIO;851,00;24/11/2025;06:14:46;20;1283-20
CO2;1283;CT-CO2-0;1f94f8ad-7171-b062-c0a5-dbf839ac97e9;CD:E6:D3:07;0;AVIÁRIO MEIO;853,00;24/11/2025;06:20:18;20;1283-20
CO2;1283;CT-CO2-0;1f94f8ad-7171-b062-c0a5-dbf839ac97e9;CD:E6:D3:07;0;AVIÁRIO MEIO;864,00;24/11/2025;06:26:21;20;1283-20
CO2;1283;CT-CO2-0;1f94f8ad-7171-b062-c0a5-dbf839ac97e9;CD:E6:D3:07;0;AVIÁRIO MEIO;880,00;24/11/2025;06:30:55;20;1283-20
CO2;1283;CT-CO2-0;1f94f8ad-7171-b062-c0a5-dbf839ac97e9;CD:E6:D3:07;0;AVIÁRIO MEIO;854,00;24/11/2025;06:36:27;20;1283-20
CO2;1283;CT-CO2-0;1f94f8ad-7171-b062-c0a5-dbf839ac97e9;CD:E6:D3:07;0;AVIÁRIO MEIO;853,00;24/11/2025;06:42:01;20;1283-20
CO2;1283;CT-CO2-0;1f94f8ad-7171-b062-c0a5-dbf839ac97e9;CD:E6:D3:07;0;AVIÁRIO MEIO;848,00;24/11/2025;06:47:04;20;1283-20
CO2;1283;CT-CO2-0;1f94f8ad-7171-b062-c0a5-dbf839ac97e9;CD:E6:D3:07;0;AVIÁRIO MEIO;854,00;24/11/2025;06:52:36;20;1283-20
CO2;1283;CT-CO2-0;1f94f8ad-7171-b062-c0a5-dbf839ac97e9;CD:E6:D3:07;0;AVIÁRIO MEIO;836,00;24/11/2025;06:58:09;20;1283-20
CO2;1283;CT-CO2-0;1f94f8ad-7171-b062-c0a5-dbf839ac97e9;CD:E6:D3:07;0;AVIÁRIO MEIO;849,00;24/11/2025;07:03:11;20;1283-20
CO2;1283;CT-CO2-0;1f94f8ad-7171-b062-c0a5-dbf839ac97e9;CD:E6:D3:07;0;AVIÁRIO MEIO;842,00;24/11/2025;07:08:44;20;1283-20
CO2;1283;CT-CO2-0;1f94f8ad-7171-b062-c0a5-dbf839ac97e9;CD:E6:D3:07;0;AVIÁRIO MEIO;847,00;24/11/2025;07:14:15;20;1283-20
CO2;1283;CT-CO2-0;1f94f8ad-7171-b062-c0a5-dbf839ac97e9;CD:E6:D3:07;0;AVIÁRIO MEIO;840,00;24/11/2025;07:19:17;20;1283-20
CO2;1283;CT-CO2-0;1f94f8ad-7171-b062-c0a5-dbf839ac97e9;CD:E6:D3:07;0;AVIÁRIO MEIO;800,00;24/11/2025;07:24:49;20;1283-20
CO2;1283;CT-CO2-0;1f94f8ad-7171-b062-c0a5-dbf839ac97e9;CD:E6:D3:07;0;AVIÁRIO MEIO;798,00;24/11/2025;07:30:21;20;1283-20
CO2;1283;CT-CO2-0;1f94f8ad-7171-b062-c0a5-dbf839ac97e9;CD:E6:D3:07;0;AVIÁRIO MEIO;804,00;24/11/2025;07:35:55;20;1283-20
CO2;1283;CT-CO2-0;1f94f8ad-7171-b062-c0a5-dbf839ac97e9;CD:E6:D3:07;0;AVIÁRIO MEIO;787,00;24/11/2025;07:40:57;20;1283-20
CO2;1283;CT-CO2-0;1f94f8ad-7171-b062-c0a5-dbf839ac97e9;CD:E6:D3:07;0;AVIÁRIO MEIO;797,00;24/11/2025;07:46:29;20;1283-20
CO2;1283;CT-CO2-0;1f94f8ad-7171-b062-c0a5-dbf839ac97e9;CD:E6:D3:07;0;AVIÁRIO MEIO;795,00;24/11/2025;07:51:32;20;1283-20
CO2;1283;CT-CO2-0;1f94f8ad-7171-b062-c0a5-dbf839ac97e9;CD:E6:D3:07;0;AVIÁRIO MEIO;774,00;24/11/2025;07:57:04;20;1283-20
CO2;1283;CT-CO2-0;1f94f8ad-7171-b062-c0a5-dbf839ac97e9;CD:E6:D3:07;0;AVIÁRIO MEIO;720,00;24/11/2025;08:02:36;20;1283-20
CO2;1283;CT-CO2-0;1f94f8ad-7171-b062-c0a5-dbf839ac97e9;CD:E6:D3:07;0;AVIÁRIO MEIO;727,00;24/11/2025;08:07:38;20;1283-20
CO2;1283;CT-CO2-0;1f94f8ad-7171-b062-c0a5-dbf839ac97e9;CD:E6:D3:07;0;AVIÁRIO MEIO;710,00;24/11/2025;08:13:10;20;1283-20
CO2;1283;CT-CO2-0;1f94f8ad-7171-b062-c0a5-dbf839ac97e9;CD:E6:D3:07;0;AVIÁRIO MEIO;716,00;24/11/2025;08:18:42;20;1283-20
CO2;1283;CT-CO2-0;1f94f8ad-7171-b062-c0a5-dbf839ac97e9;CD:E6:D3:07;0;AVIÁRIO MEIO;725,00;24/11/2025;08:24:14;20;1283-20
CO2;1283;CT-CO2-0;1f94f8ad-7171-b062-c0a5-dbf839ac97e9;CD:E6:D3:07;0;AVIÁRIO MEIO;702,00;24/11/2025;08:29:16;20;1283-20
CO2;1283;CT-CO2-0;1f94f8ad-7171-b062-c0a5-dbf839ac97e9;CD:E6:D3:07;0;AVIÁRIO MEIO;695,00;24/11/2025;08:34:50;20;1283-20
CO2;1283;CT-CO2-0;1f94f8ad-7171-b062-c0a5-dbf839ac97e9;CD:E6:D3:07;0;AVIÁRIO MEIO;719,00;24/11/2025;08:40:21;20;1283-20
CO2;1283;CT-CO2-0;1f94f8ad-7171-b062-c0a5-dbf839ac97e9;CD:E6:D3:07;0;AVIÁRIO MEIO;694,00;24/11/2025;08:45:55;20;1283-20
CO2;1283;CT-CO2-0;1f94f8ad-7171-b062-c0a5-dbf839ac97e9;CD:E6:D3:07;0;AVIÁRIO MEIO;690,00;24/11/2025;08:50:57;20;1283-20
CO2;1283;CT-CO2-0;1f94f8ad-7171-b062-c0a5-dbf839ac97e9;CD:E6:D3:07;0;AVIÁRIO MEIO;696,00;24/11/2025;08:56:31;20;1283-20
CO2;1283;CT-CO2-0;1f94f8ad-7171-b062-c0a5-dbf839ac97e9;CD:E6:D3:07;0;AVIÁRIO MEIO;695,00;24/11/2025;09:01:32;20;1283-20
CO2;1283;CT-CO2-0;1f94f8ad-7171-b062-c0a5-dbf839ac97e9;CD:E6:D3:07;0;AVIÁRIO MEIO;697,00;24/11/2025;09:07:04;20;1283-20
CO2;1283;CT-CO2-0;1f94f8ad-7171-b062-c0a5-dbf839ac97e9;CD:E6:D3:07;0;AVIÁRIO MEIO;690,00;24/11/2025;09:12:36;20;1283-20
CO2;1283;CT-CO2-0;1f94f8ad-7171-b062-c0a5-dbf839ac97e9;CD:E6:D3:07;0;AVIÁRIO MEIO;664,00;24/11/2025;09:17:38;20;1283-20
CO2;1283;CT-CO2-0;1f94f8ad-7171-b062-c0a5-dbf839ac97e9;CD:E6:D3:07;0;AVIÁRIO MEIO;646,00;24/11/2025;09:23:10;20;1283-20
CO2;1283;CT-CO2-0;1f94f8ad-7171-b062-c0a5-dbf839ac97e9;CD:E6:D3:07;0;AVIÁRIO MEIO;630,00;24/11/2025;09:28:41;20;1283-20
CO2;1283;CT-CO2-0;1f94f8ad-7171-b062-c0a5-dbf839ac97e9;CD:E6:D3:07;0;AVIÁRIO MEIO;790,00;24/11/2025;09:33:44;20;1283-20
CO2;1283;CT-CO2-0;1f94f8ad-7171-b062-c0a5-dbf839ac97e9;CD:E6:D3:07;0;AVIÁRIO MEIO;748,00;24/11/2025;09:39:16;20;1283-20
CO2;1283;CT-CO2-0;1f94f8ad-7171-b062-c0a5-dbf839ac97e9;CD:E6:D3:07;0;AVIÁRIO MEIO;684,00;24/11/2025;09:44:47;20;1283-20
CO2;1283;CT-CO2-0;1f94f8ad-7171-b062-c0a5-dbf839ac97e9;CD:E6:D3:07;0;AVIÁRIO MEIO;652,00;24/11/2025;09:50:19;20;1283-20
CO2;1283;CT-CO2-0;1f94f8ad-7171-b062-c0a5-dbf839ac97e9;CD:E6:D3:07;0;AVIÁRIO MEIO;657,00;24/11/2025;09:55:54;20;1283-20
CO2;1283;CT-CO2-0;1f94f8ad-7171-b062-c0a5-dbf839ac97e9;CD:E6:D3:07;0;AVIÁRIO MEIO;640,00;24/11/2025;10:00:56;20;1283-20
CO2;1283;CT-CO2-0;1f94f8ad-7171-b062-c0a5-dbf839ac97e9;CD:E6:D3:07;0;AVIÁRIO MEIO;624,00;24/11/2025;10:06:28;20;1283-20
CO2;1283;CT-CO2-0;1f94f8ad-7171-b062-c0a5-dbf839ac97e9;CD:E6:D3:07;0;AVIÁRIO MEIO;618,00;24/11/2025;10:11:30;20;1283-20
CO2;1283;CT-CO2-0;1f94f8ad-7171-b062-c0a5-dbf839ac97e9;CD:E6:D3:07;0;AVIÁRIO MEIO;636,00;24/11/2025;10:17:01;20;1283-20
CO2;1283;CT-CO2-0;1f94f8ad-7171-b062-c0a5-dbf839ac97e9;CD:E6:D3:07;0;AVIÁRIO MEIO;636,00;24/11/2025;10:22:34;20;1283-20
CO2;1283;CT-CO2-0;1f94f8ad-7171-b062-c0a5-dbf839ac97e9;CD:E6:D3:07;0;AVIÁRIO MEIO;637,00;24/11/2025;10:27:37;20;1283-20
CO2;1283;CT-CO2-0;1f94f8ad-7171-b062-c0a5-dbf839ac97e9;CD:E6:D3:07;0;AVIÁRIO MEIO;668,00;24/11/2025;10:33:09;20;1283-20
CO2;1283;CT-CO2-0;1f94f8ad-7171-b062-c0a5-dbf839ac97e9;CD:E6:D3:07;0;AVIÁRIO MEIO;623,00;24/11/2025;10:38:41;20;1283-20
CO2;1283;CT-CO2-0;1f94f8ad-7171-b062-c0a5-dbf839ac97e9;CD:E6:D3:07;0;AVIÁRIO MEIO;636,00;24/11/2025;10:43:43;20;1283-20
CO2;1283;CT-CO2-0;1f94f8ad-7171-b062-c0a5-dbf839ac97e9;CD:E6:D3:07;0;AVIÁRIO MEIO;628,00;24/11/2025;10:49:14;20;1283-20
CO2;1283;CT-CO2-0;1f94f8ad-7171-b062-c0a5-dbf839ac97e9;CD:E6:D3:07;0;AVIÁRIO MEIO;676,00;24/11/2025;10:54:46;20;1283-20
CO2;1283;CT-CO2-0;1f94f8ad-7171-b062-c0a5-dbf839ac97e9;CD:E6:D3:07;0;AVIÁRIO MEIO;614,00;24/11/2025;11:00:18;20;1283-20
CO2;1283;CT-CO2-0;1f94f8ad-7171-b062-c0a5-dbf839ac97e9;CD:E6:D3:07;0;AVIÁRIO MEIO;621,00;24/11/2025;11:05:52;20;1283-20
CO2;1283;CT-CO2-0;1f94f8ad-7171-b062-c0a5-dbf839ac97e9;CD:E6:D3:07;0;AVIÁRIO MEIO;639,00;24/11/2025;11:11:00;20;1283-20
CO2;1283;CT-CO2-0;1f94f8ad-7171-b062-c0a5-dbf839ac97e9;CD:E6:D3:07;0;AVIÁRIO MEIO;659,00;24/11/2025;11:16:02;20;1283-20
CO2;1283;CT-CO2-0;1f94f8ad-7171-b062-c0a5-dbf839ac97e9;CD:E6:D3:07;0;AVIÁRIO MEIO;645,00;24/11/2025;11:21:35;20;1283-20
CO2;1283;CT-CO2-0;1f94f8ad-7171-b062-c0a5-dbf839ac97e9;CD:E6:D3:07;0;AVIÁRIO MEIO;621,00;24/11/2025;11:27:07;20;1283-20
CO2;1283;CT-CO2-0;1f94f8ad-7171-b062-c0a5-dbf839ac97e9;CD:E6:D3:07;0;AVIÁRIO MEIO;640,00;24/11/2025;11:32:09;20;1283-20
CO2;1283;CT-CO2-0;1f94f8ad-7171-b062-c0a5-dbf839ac97e9;CD:E6:D3:07;0;AVIÁRIO MEIO;646,00;24/11/2025;11:37:41;20;1283-20
CO2;1283;CT-CO2-0;1f94f8ad-7171-b062-c0a5-dbf839ac97e9;CD:E6:D3:07;0;AVIÁRIO MEIO;646,00;24/11/2025;11:43:13;20;1283-20
CO2;1283;CT-CO2-0;1f94f8ad-7171-b062-c0a5-dbf839ac97e9;CD:E6:D3:07;0;AVIÁRIO MEIO;654,00;24/11/2025;11:48:15;20;1283-20
CO2;1283;CT-CO2-0;1f94f8ad-7171-b062-c0a5-dbf839ac97e9;CD:E6:D3:07;0;AVIÁRIO MEIO;651,00;24/11/2025;11:53:47;20;1283-20
CO2;1283;CT-CO2-0;1f94f8ad-7171-b062-c0a5-dbf839ac97e9;CD:E6:D3:07;0;AVIÁRIO MEIO;639,00;24/11/2025;11:59:19;20;1283-20
CO2;1283;CT-CO2-0;1f94f8ad-7171-b062-c0a5-dbf839ac97e9;CD:E6:D3:07;0;AVIÁRIO MEIO;638,00;24/11/2025;12:04:51;20;1283-20
CO2;1283;CT-CO2-0;1f94f8ad-7171-b062-c0a5-dbf839ac97e9;CD:E6:D3:07;0;AVIÁRIO MEIO;639,00;24/11/2025;12:09:55;20;1283-20
CO2;1283;CT-CO2-0;1f94f8ad-7171-b062-c0a5-dbf839ac97e9;CD:E6:D3:07;0;AVIÁRIO MEIO;634,00;24/11/2025;12:15:58;20;1283-20
CO2;1283;CT-CO2-0;1f94f8ad-7171-b062-c0a5-dbf839ac97e9;CD:E6:D3:07;0;AVIÁRIO MEIO;636,00;24/11/2025;12:21:01;20;1283-20
CO2;1283;CT-CO2-0;1f94f8ad-7171-b062-c0a5-dbf839ac97e9;CD:E6:D3:07;0;AVIÁRIO MEIO;637,00;24/11/2025;12:26:10;20;1283-20
CO2;1283;CT-CO2-0;1f94f8ad-7171-b062-c0a5-dbf839ac97e9;CD:E6:D3:07;0;AVIÁRIO MEIO;625,00;24/11/2025;12:31:44;20;1283-20
CO2;1283;CT-CO2-0;1f94f8ad-7171-b062-c0a5-dbf839ac97e9;CD:E6:D3:07;0;AVIÁRIO MEIO;641,00;24/11/2025;12:36:48;20;1283-20
CO2;1283;CT-CO2-0;1f94f8ad-7171-b062-c0a5-dbf839ac97e9;CD:E6:D3:07;0;AVIÁRIO MEIO;621,00;24/11/2025;12:42:21;20;1283-20
CO2;1283;CT-CO2-0;1f94f8ad-7171-b062-c0a5-dbf839ac97e9;CD:E6:D3:07;0;AVIÁRIO MEIO;650,00;24/11/2025;12:47:53;20;1283-20
CO2;1283;CT-CO2-0;1f94f8ad-7171-b062-c0a5-dbf839ac97e9;CD:E6:D3:07;0;AVIÁRIO MEIO;641,00;24/11/2025;12:52:56;20;1283-20
CO2;1283;CT-CO2-0;1f94f8ad-7171-b062-c0a5-dbf839ac97e9;CD:E6:D3:07;0;AVIÁRIO MEIO;635,00;24/11/2025;12:58:33;20;1283-20
CO2;1283;CT-CO2-0;1f94f8ad-7171-b062-c0a5-dbf839ac97e9;CD:E6:D3:07;0;AVIÁRIO MEIO;638,00;24/11/2025;13:04:06;20;1283-20
CO2;1283;CT-CO2-0;1f94f8ad-7171-b062-c0a5-dbf839ac97e9;CD:E6:D3:07;0;AVIÁRIO MEIO;626,00;24/11/2025;13:09:10;20;1283-20
CO2;1283;CT-CO2-0;1f94f8ad-7171-b062-c0a5-dbf839ac97e9;CD:E6:D3:07;0;AVIÁRIO MEIO;621,00;24/11/2025;13:14:42;20;1283-20
CO2;1283;CT-CO2-0;1f94f8ad-7171-b062-c0a5-dbf839ac97e9;CD:E6:D3:07;0;AVIÁRIO MEIO;621,00;24/11/2025;13:19:44;20;1283-20
CO2;1283;CT-CO2-0;1f94f8ad-7171-b062-c0a5-dbf839ac97e9;CD:E6:D3:07;0;AVIÁRIO MEIO;631,00;24/11/2025;13:25:48;20;1283-20
CO2;1283;CT-CO2-0;1f94f8ad-7171-b062-c0a5-dbf839ac97e9;CD:E6:D3:07;0;AVIÁRIO MEIO;624,00;24/11/2025;13:30:52;20;1283-20
CO2;1283;CT-CO2-0;1f94f8ad-7171-b062-c0a5-dbf839ac97e9;CD:E6:D3:07;0;AVIÁRIO MEIO;621,00;24/11/2025;13:35:53;20;1283-20
CO2;1283;CT-CO2-0;1f94f8ad-7171-b062-c0a5-dbf839ac97e9;CD:E6:D3:07;0;AVIÁRIO MEIO;613,00;24/11/2025;13:41:25;20;1283-20
CO2;1283;CT-CO2-0;1f94f8ad-7171-b062-c0a5-dbf839ac97e9;CD:E6:D3:07;0;AVIÁRIO MEIO;623,00;24/11/2025;13:49:13;20;1283-20
CO2;1283;CT-CO2-0;1f94f8ad-7171-b062-c0a5-dbf839ac97e9;CD:E6:D3:07;0;AVIÁRIO MEIO;629,00;24/11/2025;13:52:16;20;1283-20
CO2;1283;CT-CO2-0;1f94f8ad-7171-b062-c0a5-dbf839ac97e9;CD:E6:D3:07;0;AVIÁRIO MEIO;622,00;24/11/2025;13:57:48;20;1283-20
CO2;1283;CT-CO2-0;1f94f8ad-7171-b062-c0a5-dbf839ac97e9;CD:E6:D3:07;0;AVIÁRIO MEIO;619,00;24/11/2025;14:02:50;20;1283-20
CO2;1283;CT-CO2-0;1f94f8ad-7171-b062-c0a5-dbf839ac97e9;CD:E6:D3:07;0;AVIÁRIO MEIO;630,00;24/11/2025;14:08:22;20;1283-20
CO2;1283;CT-CO2-0;1f94f8ad-7171-b062-c0a5-dbf839ac97e9;CD:E6:D3:07;0;AVIÁRIO MEIO;625,00;24/11/2025;14:13:54;20;1283-20
CO2;1283;CT-CO2-0;1f94f8ad-7171-b062-c0a5-dbf839ac97e9;CD:E6:D3:07;0;AVIÁRIO MEIO;613,00;24/11/2025;14:18:56;20;1283-20
CO2;1283;CT-CO2-0;1f94f8ad-7171-b062-c0a5-dbf839ac97e9;CD:E6:D3:07;0;AVIÁRIO MEIO;700,00;24/11/2025;14:24:28;20;1283-20
CO2;1283;CT-CO2-0;1f94f8ad-7171-b062-c0a5-dbf839ac97e9;CD:E6:D3:07;0;AVIÁRIO MEIO;628,00;24/11/2025;14:30:05;20;1283-20
CO2;1283;CT-CO2-0;1f94f8ad-7171-b062-c0a5-dbf839ac97e9;CD:E6:D3:07;0;AVIÁRIO MEIO;626,00;24/11/2025;14:35:11;20;1283-20
CO2;1283;CT-CO2-0;1f94f8ad-7171-b062-c0a5-dbf839ac97e9;CD:E6:D3:07;0;AVIÁRIO MEIO;630,00;24/11/2025;14:40:48;20;1283-20
CO2;1283;CT-CO2-0;1f94f8ad-7171-b062-c0a5-dbf839ac97e9;CD:E6:D3:07;0;AVIÁRIO MEIO;652,00;24/11/2025;14:45:51;20;1283-20
CO2;1283;CT-CO2-0;1f94f8ad-7171-b062-c0a5-dbf839ac97e9;CD:E6:D3:07;0;AVIÁRIO MEIO;626,00;24/11/2025;14:51:23;20;1283-20
CO2;1283;CT-CO2-0;1f94f8ad-7171-b062-c0a5-dbf839ac97e9;CD:E6:D3:07;0;AVIÁRIO MEIO;611,00;24/11/2025;15:02:01;20;1283-20
CO2;1283;CT-CO2-0;1f94f8ad-7171-b062-c0a5-dbf839ac97e9;CD:E6:D3:07;0;AVIÁRIO MEIO;621,00;24/11/2025;15:07:34;20;1283-20
CO2;1283;CT-CO2-0;1f94f8ad-7171-b062-c0a5-dbf839ac97e9;CD:E6:D3:07;0;AVIÁRIO MEIO;639,00;24/11/2025;15:13:05;20;1283-20
CO2;1283;CT-CO2-0;1f94f8ad-7171-b062-c0a5-dbf839ac97e9;CD:E6:D3:07;0;AVIÁRIO MEIO;630,00;24/11/2025;15:18:07;20;1283-20
CO2;1283;CT-CO2-0;1f94f8ad-7171-b062-c0a5-dbf839ac97e9;CD:E6:D3:07;0;AVIÁRIO MEIO;609,00;24/11/2025;15:23:42;20;1283-20
CO2;1283;CT-CO2-0;1f94f8ad-7171-b062-c0a5-dbf839ac97e9;CD:E6:D3:07;0;AVIÁRIO MEIO;616,00;24/11/2025;15:29:14;20;1283-20
CO2;1283;CT-CO2-0;1f94f8ad-7171-b062-c0a5-dbf839ac97e9;CD:E6:D3:07;0;AVIÁRIO MEIO;612,00;24/11/2025;15:34:46;20;1283-20
CO2;1283;CT-CO2-0;1f94f8ad-7171-b062-c0a5-dbf839ac97e9;CD:E6:D3:07;0;AVIÁRIO MEIO;623,00;24/11/2025;15:39:49;20;1283-20
CO2;1283;CT-CO2-0;1f94f8ad-7171-b062-c0a5-dbf839ac97e9;CD:E6:D3:07;0;AVIÁRIO MEIO;617,00;24/11/2025;15:45:21;20;1283-20
CO2;1283;CT-CO2-0;1f94f8ad-7171-b062-c0a5-dbf839ac97e9;CD:E6:D3:07;0;AVIÁRIO MEIO;621,00;24/11/2025;15:50:54;20;1283-20
CO2;1283;CT-CO2-0;1f94f8ad-7171-b062-c0a5-dbf839ac97e9;CD:E6:D3:07;0;AVIÁRIO MEIO;627,00;24/11/2025;15:55:56;20;1283-20
CO2;1283;CT-CO2-0;1f94f8ad-7171-b062-c0a5-dbf839ac97e9;CD:E6:D3:07;0;AVIÁRIO MEIO;613,00;24/11/2025;16:01:28;20;1283-20
CO2;1283;CT-CO2-0;1f94f8ad-7171-b062-c0a5-dbf839ac97e9;CD:E6:D3:07;0;AVIÁRIO MEIO;622,00;24/11/2025;16:07:37;20;1283-20
CO2;1283;CT-CO2-0;1f94f8ad-7171-b062-c0a5-dbf839ac97e9;CD:E6:D3:07;0;AVIÁRIO MEIO;627,00;24/11/2025;16:12:08;20;1283-20
CO2;1283;CT-CO2-0;1f94f8ad-7171-b062-c0a5-dbf839ac97e9;CD:E6:D3:07;0;AVIÁRIO MEIO;627,00;24/11/2025;16:17:40;20;1283-20
CO2;1283;CT-CO2-0;1f94f8ad-7171-b062-c0a5-dbf839ac97e9;CD:E6:D3:07;0;AVIÁRIO MEIO;606,00;24/11/2025;16:23:11;20;1283-20
CO2;1283;CT-CO2-0;1f94f8ad-7171-b062-c0a5-dbf839ac97e9;CD:E6:D3:07;0;AVIÁRIO MEIO;621,00;24/11/2025;16:28:16;20;1283-20
CO2;1283;CT-CO2-0;1f94f8ad-7171-b062-c0a5-dbf839ac97e9;CD:E6:D3:07;0;AVIÁRIO MEIO;622,00;24/11/2025;16:33:50;20;1283-20
CO2;1283;CT-CO2-0;1f94f8ad-7171-b062-c0a5-dbf839ac97e9;CD:E6:D3:07;0;AVIÁRIO MEIO;636,00;24/11/2025;16:38:51;20;1283-20
CO2;1283;CT-CO2-0;1f94f8ad-7171-b062-c0a5-dbf839ac97e9;CD:E6:D3:07;0;AVIÁRIO MEIO;627,00;24/11/2025;16:44:23;20;1283-20
CO2;1283;CT-CO2-0;1f94f8ad-7171-b062-c0a5-dbf839ac97e9;CD:E6:D3:07;0;AVIÁRIO MEIO;627,00;24/11/2025;16:49:55;20;1283-20
CO2;1283;CT-CO2-0;1f94f8ad-7171-b062-c0a5-dbf839ac97e9;CD:E6:D3:07;0;AVIÁRIO MEIO;637,00;24/11/2025;16:55:27;20;1283-20
CO2;1283;CT-CO2-0;1f94f8ad-7171-b062-c0a5-dbf839ac97e9;CD:E6:D3:07;0;AVIÁRIO MEIO;630,00;24/11/2025;17:00:29;20;1283-20
CO2;1283;CT-CO2-0;1f94f8ad-7171-b062-c0a5-dbf839ac97e9;CD:E6:D3:07;0;AVIÁRIO MEIO;635,00;24/11/2025;17:06:01;20;1283-20
CO2;1283;CT-CO2-0;1f94f8ad-7171-b062-c0a5-dbf839ac97e9;CD:E6:D3:07;0;AVIÁRIO MEIO;626,00;24/11/2025;17:11:33;20;1283-20
CO2;1283;CT-CO2-0;1f94f8ad-7171-b062-c0a5-dbf839ac97e9;CD:E6:D3:07;0;AVIÁRIO MEIO;625,00;24/11/2025;17:22:10;20;1283-20
CO2;1283;CT-CO2-0;1f94f8ad-7171-b062-c0a5-dbf839ac97e9;CD:E6:D3:07;0;AVIÁRIO MEIO;640,00;24/11/2025;17:27:42;20;1283-20
CO2;1283;CT-CO2-0;1f94f8ad-7171-b062-c0a5-dbf839ac97e9;CD:E6:D3:07;0;AVIÁRIO MEIO;631,00;24/11/2025;17:32:44;20;1283-20
CO2;1283;CT-CO2-0;1f94f8ad-7171-b062-c0a5-dbf839ac97e9;CD:E6:D3:07;0;AVIÁRIO MEIO;635,00;24/11/2025;17:38:16;20;1283-20
CO2;1283;CT-CO2-0;1f94f8ad-7171-b062-c0a5-dbf839ac97e9;CD:E6:D3:07;0;AVIÁRIO MEIO;632,00;24/11/2025;17:43:50;20;1283-20
CO2;1283;CT-CO2-0;1f94f8ad-7171-b062-c0a5-dbf839ac97e9;CD:E6:D3:07;0;AVIÁRIO MEIO;626,00;24/11/2025;17:48:53;20;1283-20
CO2;1283;CT-CO2-0;1f94f8ad-7171-b062-c0a5-dbf839ac97e9;CD:E6:D3:07;0;AVIÁRIO MEIO;630,00;24/11/2025;17:54:25;20;1283-20
CO2;1283;CT-CO2-0;1f94f8ad-7171-b062-c0a5-dbf839ac97e9;CD:E6:D3:07;0;AVIÁRIO MEIO;620,00;24/11/2025;17:59:58;20;1283-20
CO2;1283;CT-CO2-0;1f94f8ad-7171-b062-c0a5-dbf839ac97e9;CD:E6:D3:07;0;AVIÁRIO MEIO;628,00;24/11/2025;18:05:01;20;1283-20
CO2;1283;CT-CO2-0;1f94f8ad-7171-b062-c0a5-dbf839ac97e9;CD:E6:D3:07;0;AVIÁRIO MEIO;614,00;24/11/2025;18:10:33;20;1283-20
CO2;1283;CT-CO2-0;1f94f8ad-7171-b062-c0a5-dbf839ac97e9;CD:E6:D3:07;0;AVIÁRIO MEIO;631,00;24/11/2025;18:16:05;20;1283-20
CO2;1283;CT-CO2-0;1f94f8ad-7171-b062-c0a5-dbf839ac97e9;CD:E6:D3:07;0;AVIÁRIO MEIO;619,00;24/11/2025;18:21:07;20;1283-20
CO2;1283;CT-CO2-0;1f94f8ad-7171-b062-c0a5-dbf839ac97e9;CD:E6:D3:07;0;AVIÁRIO MEIO;625,00;24/11/2025;18:27:11;20;1283-20
CO2;1283;CT-CO2-0;1f94f8ad-7171-b062-c0a5-dbf839ac97e9;CD:E6:D3:07;0;AVIÁRIO MEIO;624,00;24/11/2025;18:32:13;20;1283-20
CO2;1283;CT-CO2-0;1f94f8ad-7171-b062-c0a5-dbf839ac97e9;CD:E6:D3:07;0;AVIÁRIO MEIO;629,00;24/11/2025;18:37:45;20;1283-20
CO2;1283;CT-CO2-0;1f94f8ad-7171-b062-c0a5-dbf839ac97e9;CD:E6:D3:07;0;AVIÁRIO MEIO;627,00;24/11/2025;18:42:47;20;1283-20
CO2;1283;CT-CO2-0;1f94f8ad-7171-b062-c0a5-dbf839ac97e9;CD:E6:D3:07;0;AVIÁRIO MEIO;637,00;24/11/2025;18:48:19;20;1283-20
CO2;1283;CT-CO2-0;1f94f8ad-7171-b062-c0a5-dbf839ac97e9;CD:E6:D3:07;0;AVIÁRIO MEIO;648,00;24/11/2025;18:53:51;20;1283-20
CO2;1283;CT-CO2-0;1f94f8ad-7171-b062-c0a5-dbf839ac97e9;CD:E6:D3:07;0;AVIÁRIO MEIO;651,00;24/11/2025;18:58:53;20;1283-20
CO2;1283;CT-CO2-0;1f94f8ad-7171-b062-c0a5-dbf839ac97e9;CD:E6:D3:07;0;AVIÁRIO MEIO;660,00;24/11/2025;19:04:30;20;1283-20
CO2;1283;CT-CO2-0;1f94f8ad-7171-b062-c0a5-dbf839ac97e9;CD:E6:D3:07;0;AVIÁRIO MEIO;683,00;24/11/2025;19:09:32;20;1283-20
CO2;1283;CT-CO2-0;1f94f8ad-7171-b062-c0a5-dbf839ac97e9;CD:E6:D3:07;0;AVIÁRIO MEIO;679,00;24/11/2025;19:15:04;20;1283-20
CO2;1283;CT-CO2-0;1f94f8ad-7171-b062-c0a5-dbf839ac97e9;CD:E6:D3:07;0;AVIÁRIO MEIO;691,00;24/11/2025;19:20:36;20;1283-20
CO2;1283;CT-CO2-0;1f94f8ad-7171-b062-c0a5-dbf839ac97e9;CD:E6:D3:07;0;AVIÁRIO MEIO;691,00;24/11/2025;19:26:08;20;1283-20
CO2;1283;CT-CO2-0;1f94f8ad-7171-b062-c0a5-dbf839ac97e9;CD:E6:D3:07;0;AVIÁRIO MEIO;697,00;24/11/2025;19:31:11;20;1283-20
CO2;1283;CT-CO2-0;1f94f8ad-7171-b062-c0a5-dbf839ac97e9;CD:E6:D3:07;0;AVIÁRIO MEIO;702,00;24/11/2025;19:37:14;20;1283-20
CO2;1283;CT-CO2-0;1f94f8ad-7171-b062-c0a5-dbf839ac97e9;CD:E6:D3:07;0;AVIÁRIO MEIO;700,00;24/11/2025;19:42:15;20;1283-20
CO2;1283;CT-CO2-0;1f94f8ad-7171-b062-c0a5-dbf839ac97e9;CD:E6:D3:07;0;AVIÁRIO MEIO;709,00;24/11/2025;19:47:18;20;1283-20
CO2;1283;CT-CO2-0;1f94f8ad-7171-b062-c0a5-dbf839ac97e9;CD:E6:D3:07;0;AVIÁRIO MEIO;693,00;24/11/2025;19:52:50;20;1283-20
CO2;1283;CT-CO2-0;1f94f8ad-7171-b062-c0a5-dbf839ac97e9;CD:E6:D3:07;0;AVIÁRIO MEIO;688,00;24/11/2025;19:58:27;20;1283-20
CO2;1283;CT-CO2-0;1f94f8ad-7171-b062-c0a5-dbf839ac97e9;CD:E6:D3:07;0;AVIÁRIO MEIO;667,00;24/11/2025;20:03:32;20;1283-20
CO2;1283;CT-CO2-0;1f94f8ad-7171-b062-c0a5-dbf839ac97e9;CD:E6:D3:07;0;AVIÁRIO MEIO;693,00;24/11/2025;20:09:03;20;1283-20
CO2;1283;CT-CO2-0;1f94f8ad-7171-b062-c0a5-dbf839ac97e9;CD:E6:D3:07;0;AVIÁRIO MEIO;680,00;24/11/2025;20:14:35;20;1283-20
CO2;1283;CT-CO2-0;1f94f8ad-7171-b062-c0a5-dbf839ac97e9;CD:E6:D3:07;0;AVIÁRIO MEIO;712,00;24/11/2025;20:19:42;20;1283-20
CO2;1283;CT-CO2-0;1f94f8ad-7171-b062-c0a5-dbf839ac97e9;CD:E6:D3:07;0;AVIÁRIO MEIO;698,00;24/11/2025;20:25:14;20;1283-20
CO2;1283;CT-CO2-0;1f94f8ad-7171-b062-c0a5-dbf839ac97e9;CD:E6:D3:07;0;AVIÁRIO MEIO;701,00;24/11/2025;20:30:16;20;1283-20
CO2;1283;CT-CO2-0;1f94f8ad-7171-b062-c0a5-dbf839ac97e9;CD:E6:D3:07;0;AVIÁRIO MEIO;689,00;24/11/2025;20:35:49;20;1283-20
CO2;1283;CT-CO2-0;1f94f8ad-7171-b062-c0a5-dbf839ac97e9;CD:E6:D3:07;0;AVIÁRIO MEIO;690,00;24/11/2025;20:41:21;20;1283-20
CO2;1283;CT-CO2-0;1f94f8ad-7171-b062-c0a5-dbf839ac97e9;CD:E6:D3:07;0;AVIÁRIO MEIO;701,00;24/11/2025;20:51:57;20;1283-20
CO2;1283;CT-CO2-0;1f94f8ad-7171-b062-c0a5-dbf839ac97e9;CD:E6:D3:07;0;AVIÁRIO MEIO;708,00;24/11/2025;20:57:30;20;1283-20
CO2;1283;CT-CO2-0;1f94f8ad-7171-b062-c0a5-dbf839ac97e9;CD:E6:D3:07;0;AVIÁRIO MEIO;701,00;24/11/2025;21:06:03;20;1283-20
CO2;1283;CT-CO2-0;1f94f8ad-7171-b062-c0a5-dbf839ac97e9;CD:E6:D3:07;0;AVIÁRIO MEIO;693,00;24/11/2025;21:11:35;20;1283-20
CO2;1283;CT-CO2-0;1f94f8ad-7171-b062-c0a5-dbf839ac97e9;CD:E6:D3:07;0;AVIÁRIO MEIO;715,00;24/11/2025;21:17:07;20;1283-20
CO2;1283;CT-CO2-0;1f94f8ad-7171-b062-c0a5-dbf839ac97e9;CD:E6:D3:07;0;AVIÁRIO MEIO;709,00;24/11/2025;21:22:09;20;1283-20
CO2;1283;CT-CO2-0;1f94f8ad-7171-b062-c0a5-dbf839ac97e9;CD:E6:D3:07;0;AVIÁRIO MEIO;725,00;24/11/2025;21:27:41;20;1283-20
CO2;1283;CT-CO2-0;1f94f8ad-7171-b062-c0a5-dbf839ac97e9;CD:E6:D3:07;0;AVIÁRIO MEIO;697,00;24/11/2025;21:33:13;20;1283-20
CO2;1283;CT-CO2-0;1f94f8ad-7171-b062-c0a5-dbf839ac97e9;CD:E6:D3:07;0;AVIÁRIO MEIO;682,00;24/11/2025;21:38:18;20;1283-20
CO2;1283;CT-CO2-0;1f94f8ad-7171-b062-c0a5-dbf839ac97e9;CD:E6:D3:07;0;AVIÁRIO MEIO;688,00;24/11/2025;21:43:50;20;1283-20
CO2;1283;CT-CO2-0;1f94f8ad-7171-b062-c0a5-dbf839ac97e9;CD:E6:D3:07;0;AVIÁRIO MEIO;711,00;24/11/2025;21:49:22;20;1283-20
CO2;1283;CT-CO2-0;1f94f8ad-7171-b062-c0a5-dbf839ac97e9;CD:E6:D3:07;0;AVIÁRIO MEIO;702,00;24/11/2025;21:55:00;20;1283-20
CO2;1283;CT-CO2-0;1f94f8ad-7171-b062-c0a5-dbf839ac97e9;CD:E6:D3:07;0;AVIÁRIO MEIO;720,00;24/11/2025;22:00:02;20;1283-20
CO2;1283;CT-CO2-0;1f94f8ad-7171-b062-c0a5-dbf839ac97e9;CD:E6:D3:07;0;AVIÁRIO MEIO;731,00;24/11/2025;22:05:35;20;1283-20
CO2;1283;CT-CO2-0;1f94f8ad-7171-b062-c0a5-dbf839ac97e9;CD:E6:D3:07;0;AVIÁRIO MEIO;797,00;24/11/2025;22:10:37;20;1283-20
CO2;1283;CT-CO2-0;1f94f8ad-7171-b062-c0a5-dbf839ac97e9;CD:E6:D3:07;0;AVIÁRIO MEIO;750,00;24/11/2025;22:16:09;20;1283-20
CO2;1283;CT-CO2-0;1f94f8ad-7171-b062-c0a5-dbf839ac97e9;CD:E6:D3:07;0;AVIÁRIO MEIO;753,00;24/11/2025;22:21:40;20;1283-20
CO2;1283;CT-CO2-0;1f94f8ad-7171-b062-c0a5-dbf839ac97e9;CD:E6:D3:07;0;AVIÁRIO MEIO;770,00;24/11/2025;22:26:43;20;1283-20
CO2;1283;CT-CO2-0;1f94f8ad-7171-b062-c0a5-dbf839ac97e9;CD:E6:D3:07;0;AVIÁRIO MEIO;781,00;24/11/2025;22:32:15;20;1283-20
CO2;1283;CT-CO2-0;1f94f8ad-7171-b062-c0a5-dbf839ac97e9;CD:E6:D3:07;0;AVIÁRIO MEIO;778,00;24/11/2025;22:37:48;20;1283-20
CO2;1283;CT-CO2-0;1f94f8ad-7171-b062-c0a5-dbf839ac97e9;CD:E6:D3:07;0;AVIÁRIO MEIO;779,00;24/11/2025;22:42:51;20;1283-20
CO2;1283;CT-CO2-0;1f94f8ad-7171-b062-c0a5-dbf839ac97e9;CD:E6:D3:07;0;AVIÁRIO MEIO;773,00;24/11/2025;22:48:25;20;1283-20
CO2;1283;CT-CO2-0;1f94f8ad-7171-b062-c0a5-dbf839ac97e9;CD:E6:D3:07;0;AVIÁRIO MEIO;783,00;24/11/2025;22:53:57;20;1283-20
CO2;1283;CT-CO2-0;1f94f8ad-7171-b062-c0a5-dbf839ac97e9;CD:E6:D3:07;0;AVIÁRIO MEIO;795,00;24/11/2025;22:58:58;20;1283-20
CO2;1283;CT-CO2-0;1f94f8ad-7171-b062-c0a5-dbf839ac97e9;CD:E6:D3:07;0;AVIÁRIO MEIO;801,00;24/11/2025;23:05:03;20;1283-20
CO2;1283;CT-CO2-0;1f94f8ad-7171-b062-c0a5-dbf839ac97e9;CD:E6:D3:07;0;AVIÁRIO MEIO;763,00;24/11/2025;23:10:05;20;1283-20
CO2;1283;CT-CO2-0;1f94f8ad-7171-b062-c0a5-dbf839ac97e9;CD:E6:D3:07;0;AVIÁRIO MEIO;778,00;24/11/2025;23:15:07;20;1283-20
CO2;1283;CT-CO2-0;1f94f8ad-7171-b062-c0a5-dbf839ac97e9;CD:E6:D3:07;0;AVIÁRIO MEIO;778,00;24/11/2025;23:20:39;20;1283-20
CO2;1283;CT-CO2-0;1f94f8ad-7171-b062-c0a5-dbf839ac97e9;CD:E6:D3:07;0;AVIÁRIO MEIO;778,00;24/11/2025;23:26:12;20;1283-20
CO2;1283;CT-CO2-0;1f94f8ad-7171-b062-c0a5-dbf839ac97e9;CD:E6:D3:07;0;AVIÁRIO MEIO;767,00;24/11/2025;23:31:14;20;1283-20
CO2;1283;CT-CO2-0;1f94f8ad-7171-b062-c0a5-dbf839ac97e9;CD:E6:D3:07;0;AVIÁRIO MEIO;774,00;24/11/2025;23:36:46;20;1283-20
CO2;1283;CT-CO2-0;1f94f8ad-7171-b062-c0a5-dbf839ac97e9;CD:E6:D3:07;0;AVIÁRIO MEIO;791,00;24/11/2025;23:42:17;20;1283-20
CO2;1283;CT-CO2-0;1f94f8ad-7171-b062-c0a5-dbf839ac97e9;CD:E6:D3:07;0;AVIÁRIO MEIO;780,00;24/11/2025;23:47:49;20;1283-20
CO2;1283;CT-CO2-0;1f94f8ad-7171-b062-c0a5-dbf839ac97e9;CD:E6:D3:07;0;AVIÁRIO MEIO;780,00;24/11/2025;23:52:51;20;1283-20
CO2;1283;CT-CO2-0;1f94f8ad-7171-b062-c0a5-dbf839ac97e9;CD:E6:D3:07;0;AVIÁRIO MEIO;787,00;24/11/2025;23:58:22;20;1283-20
