sep=;
Grandeza;Coletor;Dispositivo;ID longa;ID curta;Canal;Local;Valor;Data;Hora;Lote;lote_composto
CO2;1282;CT-CO2-0;02938df5-6afb-d44e-582d-0b5eea40f8eb;51:88:0A:9E;0;AVIÁRIO MEIO;773,00;25/11/2025;00:03:54;20;1282-20
CO2;1282;CT-CO2-0;02938df5-6afb-d44e-582d-0b5eea40f8eb;51:88:0A:9E;0;AVIÁRIO MEIO;751,00;25/11/2025;00:08:56;20;1282-20
CO2;1282;CT-CO2-0;02938df5-6afb-d44e-582d-0b5eea40f8eb;51:88:0A:9E;0;AVIÁRIO MEIO;749,00;25/11/2025;00:14:59;20;1282-20
CO2;1282;CT-CO2-0;02938df5-6afb-d44e-582d-0b5eea40f8eb;51:88:0A:9E;0;AVIÁRIO MEIO;758,00;25/11/2025;00:20:02;20;1282-20
CO2;1282;CT-CO2-0;02938df5-6afb-d44e-582d-0b5eea40f8eb;51:88:0A:9E;0;AVIÁRIO MEIO;782,00;25/11/2025;00:25:04;20;1282-20
CO2;1282;CT-CO2-0;02938df5-6afb-d44e-582d-0b5eea40f8eb;51:88:0A:9E;0;AVIÁRIO MEIO;749,00;25/11/2025;00:30:36;20;1282-20
CO2;1282;CT-CO2-0;02938df5-6afb-d44e-582d-0b5eea40f8eb;51:88:0A:9E;0;AVIÁRIO MEIO;739,00;25/11/2025;00:36:08;20;1282-20
CO2;1282;CT-CO2-0;02938df5-6afb-d44e-582d-0b5eea40f8eb;51:88:0A:9E;0;AVIÁRIO MEIO;743,00;25/11/2025;00:41:10;20;1282-20
CO2;1282;CT-CO2-0;02938df5-6afb-d44e-582d-0b5eea40f8eb;51:88:0A:9E;0;AVIÁRIO MEIO;753,00;25/11/2025;00:46:42;20;1282-20
CO2;1282;CT-CO2-0;02938df5-6afb-d44e-582d-0b5eea40f8eb;51:88:0A:9E;0;AVIÁRIO MEIO;764,00;25/11/2025;00:52:14;20;1282-20
CO2;1282;CT-CO2-0;02938df5-6afb-d44e-582d-0b5eea40f8eb;51:88:0A:9E;0;AVIÁRIO MEIO;767,00;25/11/2025;00:57:16;20;1282-20
CO2;1282;CT-CO2-0;02938df5-6afb-d44e-582d-0b5eea40f8eb;51:88:0A:9E;0;AVIÁRIO MEIO;785,00;25/11/2025;01:02:48;20;1282-20
CO2;1282;CT-CO2-0;02938df5-6afb-d44e-582d-0b5eea40f8eb;51:88:0A:9E;0;AVIÁRIO MEIO;766,00;25/11/2025;01:08:20;20;1282-20
CO2;1282;CT-CO2-0;02938df5-6afb-d44e-582d-0b5eea40f8eb;51:88:0A:9E;0;AVIÁRIO MEIO;907,00;25/11/2025;01:13:52;20;1282-20
CO2;1282;CT-CO2-0;02938df5-6afb-d44e-582d-0b5eea40f8eb;51:88:0A:9E;0;AVIÁRIO MEIO;902,00;25/11/2025;01:18:55;20;1282-20
CO2;1282;CT-CO2-0;02938df5-6afb-d44e-582d-0b5eea40f8eb;51:88:0A:9E;0;AVIÁRIO MEIO;883,00;25/11/2025;01:24:59;20;1282-20
CO2;1282;CT-CO2-0;02938df5-6afb-d44e-582d-0b5eea40f8eb;51:88:0A:9E;0;AVIÁRIO MEIO;891,00;25/11/2025;01:30:02;20;1282-20
CO2;1282;CT-CO2-0;02938df5-6afb-d44e-582d-0b5eea40f8eb;51:88:0A:9E;0;AVIÁRIO MEIO;894,00;25/11/2025;01:35:04;20;1282-20
CO2;1282;CT-CO2-0;02938df5-6afb-d44e-582d-0b5eea40f8eb;51:88:0A:9E;0;AVIÁRIO MEIO;909,00;25/11/2025;01:40:35;20;1282-20
CO2;1282;CT-CO2-0;02938df5-6afb-d44e-582d-0b5eea40f8eb;51:88:0A:9E;0;AVIÁRIO MEIO;909,00;25/11/2025;01:46:07;20;1282-20
CO2;1282;CT-CO2-0;02938df5-6afb-d44e-582d-0b5eea40f8eb;51:88:0A:9E;0;AVIÁRIO MEIO;909,00;25/11/2025;01:51:09;20;1282-20
CO2;1282;CT-CO2-0;02938df5-6afb-d44e-582d-0b5eea40f8eb;51:88:0A:9E;0;AVIÁRIO MEIO;918,00;25/11/2025;01:56:41;20;1282-20
CO2;1282;CT-CO2-0;02938df5-6afb-d44e-582d-0b5eea40f8eb;51:88:0A:9E;0;AVIÁRIO MEIO;916,00;25/11/2025;02:02:14;20;1282-20
CO2;1282;CT-CO2-0;02938df5-6afb-d44e-582d-0b5eea40f8eb;51:88:0A:9E;0;AVIÁRIO MEIO;922,00;25/11/2025;02:07:16;20;1282-20
CO2;1282;CT-CO2-0;02938df5-6afb-d44e-582d-0b5eea40f8eb;51:88:0A:9E;0;AVIÁRIO MEIO;915,00;25/11/2025;02:12:48;20;1282-20
CO2;1282;CT-CO2-0;02938df5-6afb-d44e-582d-0b5eea40f8eb;51:88:0A:9E;0;AVIÁRIO MEIO;920,00;25/11/2025;02:18:20;20;1282-20
CO2;1282;CT-CO2-0;02938df5-6afb-d44e-582d-0b5eea40f8eb;51:88:0A:9E;0;AVIÁRIO MEIO;911,00;25/11/2025;02:23:22;20;1282-20
CO2;1282;CT-CO2-0;02938df5-6afb-d44e-582d-0b5eea40f8eb;51:88:0A:9E;0;AVIÁRIO MEIO;909,00;25/11/2025;02:28:54;20;1282-20
CO2;1282;CT-CO2-0;02938df5-6afb-d44e-582d-0b5eea40f8eb;51:88:0A:9E;0;AVIÁRIO MEIO;902,00;25/11/2025;02:35:01;20;1282-20
CO2;1282;CT-CO2-0;02938df5-6afb-d44e-582d-0b5eea40f8eb;51:88:0A:9E;0;AVIÁRIO MEIO;916,00;25/11/2025;02:39:36;20;1282-20
CO2;1282;CT-CO2-0;02938df5-6afb-d44e-582d-0b5eea40f8eb;51:88:0A:9E;0;AVIÁRIO MEIO;896,00;25/11/2025;02:45:08;20;1282-20
CO2;1282;CT-CO2-0;02938df5-6afb-d44e-582d-0b5eea40f8eb;51:88:0A:9E;0;AVIÁRIO MEIO;886,00;25/11/2025;02:50:41;20;1282-20
CO2;1282;CT-CO2-0;02938df5-6afb-d44e-582d-0b5eea40f8eb;51:88:0A:9E;0;AVIÁRIO MEIO;880,00;25/11/2025;02:55:44;20;1282-20
CO2;1282;CT-CO2-0;02938df5-6afb-d44e-582d-0b5eea40f8eb;51:88:0A:9E;0;AVIÁRIO MEIO;872,00;25/11/2025;03:01:15;20;1282-20
CO2;1282;CT-CO2-0;02938df5-6afb-d44e-582d-0b5eea40f8eb;51:88:0A:9E;0;AVIÁRIO MEIO;885,00;25/11/2025;03:06:47;20;1282-20
CO2;1282;CT-CO2-0;02938df5-6afb-d44e-582d-0b5eea40f8eb;51:88:0A:9E;0;AVIÁRIO MEIO;879,00;25/11/2025;03:11:49;20;1282-20
CO2;1282;CT-CO2-0;02938df5-6afb-d44e-582d-0b5eea40f8eb;51:88:0A:9E;0;AVIÁRIO MEIO;869,00;25/11/2025;03:17:22;20;1282-20
CO2;1282;CT-CO2-0;02938df5-6afb-d44e-582d-0b5eea40f8eb;51:88:0A:9E;0;AVIÁRIO MEIO;861,00;25/11/2025;03:22:53;20;1282-20
CO2;1282;CT-CO2-0;02938df5-6afb-d44e-582d-0b5eea40f8eb;51:88:0A:9E;0;AVIÁRIO MEIO;874,00;25/11/2025;03:27:55;20;1282-20
CO2;1282;CT-CO2-0;02938df5-6afb-d44e-582d-0b5eea40f8eb;51:88:0A:9E;0;AVIÁRIO MEIO;887,00;25/11/2025;03:33:27;20;1282-20
CO2;1282;CT-CO2-0;02938df5-6afb-d44e-582d-0b5eea40f8eb;51:88:0A:9E;0;AVIÁRIO MEIO;877,00;25/11/2025;03:39:00;20;1282-20
CO2;1282;CT-CO2-0;02938df5-6afb-d44e-582d-0b5eea40f8eb;51:88:0A:9E;0;AVIÁRIO MEIO;879,00;25/11/2025;03:44:34;20;1282-20
CO2;1282;CT-CO2-0;02938df5-6afb-d44e-582d-0b5eea40f8eb;51:88:0A:9E;0;AVIÁRIO MEIO;867,00;25/11/2025;03:49:36;20;1282-20
CO2;1282;CT-CO2-0;02938df5-6afb-d44e-582d-0b5eea40f8eb;51:88:0A:9E;0;AVIÁRIO MEIO;871,00;25/11/2025;03:55:08;20;1282-20
CO2;1282;CT-CO2-0;02938df5-6afb-d44e-582d-0b5eea40f8eb;51:88:0A:9E;0;AVIÁRIO MEIO;874,00;25/11/2025;04:00:10;20;1282-20
CO2;1282;CT-CO2-0;02938df5-6afb-d44e-582d-0b5eea40f8eb;51:88:0A:9E;0;AVIÁRIO MEIO;880,00;25/11/2025;04:05:43;20;1282-20
CO2;1282;CT-CO2-0;02938df5-6afb-d44e-582d-0b5eea40f8eb;51:88:0A:9E;0;AVIÁRIO MEIO;876,00;25/11/2025;04:11:15;20;1282-20
CO2;1282;CT-CO2-0;02938df5-6afb-d44e-582d-0b5eea40f8eb;51:88:0A:9E;0;AVIÁRIO MEIO;897,00;25/11/2025;04:16:17;20;1282-20
CO2;1282;CT-CO2-0;02938df5-6afb-d44e-582d-0b5eea40f8eb;51:88:0A:9E;0;AVIÁRIO MEIO;886,00;25/11/2025;04:21:49;20;1282-20
CO2;1282;CT-CO2-0;02938df5-6afb-d44e-582d-0b5eea40f8eb;51:88:0A:9E;0;AVIÁRIO MEIO;891,00;25/11/2025;04:27:21;20;1282-20
CO2;1282;CT-CO2-0;02938df5-6afb-d44e-582d-0b5eea40f8eb;51:88:0A:9E;0;AVIÁRIO MEIO;905,00;25/11/2025;04:32:52;20;1282-20
CO2;1282;CT-CO2-0;02938df5-6afb-d44e-582d-0b5eea40f8eb;51:88:0A:9E;0;AVIÁRIO MEIO;895,00;25/11/2025;04:37:54;20;1282-20
CO2;1282;CT-CO2-0;02938df5-6afb-d44e-582d-0b5eea40f8eb;51:88:0A:9E;0;AVIÁRIO MEIO;890,00;25/11/2025;04:43:27;20;1282-20
CO2;1282;CT-CO2-0;02938df5-6afb-d44e-582d-0b5eea40f8eb;51:88:0A:9E;0;AVIÁRIO MEIO;873,00;25/11/2025;04:49:00;20;1282-20
CO2;1282;CT-CO2-0;02938df5-6afb-d44e-582d-0b5eea40f8eb;51:88:0A:9E;0;AVIÁRIO MEIO;934,00;25/11/2025;04:54:33;20;1282-20
CO2;1282;CT-CO2-0;02938df5-6afb-d44e-582d-0b5eea40f8eb;51:88:0A:9E;0;AVIÁRIO MEIO;939,00;25/11/2025;04:59:36;20;1282-20
CO2;1282;CT-CO2-0;02938df5-6afb-d44e-582d-0b5eea40f8eb;51:88:0A:9E;0;AVIÁRIO MEIO;947,00;25/11/2025;05:05:09;20;1282-20
CO2;1282;CT-CO2-0;02938df5-6afb-d44e-582d-0b5eea40f8eb;51:88:0A:9E;0;AVIÁRIO MEIO;961,00;25/11/2025;05:10:11;20;1282-20
CO2;1282;CT-CO2-0;02938df5-6afb-d44e-582d-0b5eea40f8eb;51:88:0A:9E;0;AVIÁRIO MEIO;961,00;25/11/2025;05:15:43;20;1282-20
CO2;1282;CT-CO2-0;02938df5-6afb-d44e-582d-0b5eea40f8eb;51:88:0A:9E;0;AVIÁRIO MEIO;980,00;25/11/2025;05:21:17;20;1282-20
CO2;1282;CT-CO2-0;02938df5-6afb-d44e-582d-0b5eea40f8eb;51:88:0A:9E;0;AVIÁRIO MEIO;1.000,00;25/11/2025;05:26:19;20;1282-20
CO2;1282;CT-CO2-0;02938df5-6afb-d44e-582d-0b5eea40f8eb;51:88:0A:9E;0;AVIÁRIO MEIO;991,00;25/11/2025;05:31:51;20;1282-20
CO2;1282;CT-CO2-0;02938df5-6afb-d44e-582d-0b5eea40f8eb;51:88:0A:9E;0;AVIÁRIO MEIO;1.003,00;25/11/2025;05:37:24;20;1282-20
CO2;1282;CT-CO2-0;02938df5-6afb-d44e-582d-0b5eea40f8eb;51:88:0A:9E;0;AVIÁRIO MEIO;988,00;25/11/2025;05:42:26;20;1282-20
CO2;1282;CT-CO2-0;02938df5-6afb-d44e-582d-0b5eea40f8eb;51:88:0A:9E;0;AVIÁRIO MEIO;981,00;25/11/2025;05:47:58;20;1282-20
CO2;1282;CT-CO2-0;02938df5-6afb-d44e-582d-0b5eea40f8eb;51:88:0A:9E;0;AVIÁRIO MEIO;978,00;25/11/2025;05:53:30;20;1282-20
CO2;1282;CT-CO2-0;02938df5-6afb-d44e-582d-0b5eea40f8eb;51:88:0A:9E;0;AVIÁRIO MEIO;955,00;25/11/2025;05:58:32;20;1282-20
CO2;1282;CT-CO2-0;02938df5-6afb-d44e-582d-0b5eea40f8eb;51:88:0A:9E;0;AVIÁRIO MEIO;968,00;25/11/2025;06:04:34;20;1282-20
CO2;1282;CT-CO2-0;02938df5-6afb-d44e-582d-0b5eea40f8eb;51:88:0A:9E;0;AVIÁRIO MEIO;958,00;25/11/2025;06:09:37;20;1282-20
CO2;1282;CT-CO2-0;02938df5-6afb-d44e-582d-0b5eea40f8eb;51:88:0A:9E;0;AVIÁRIO MEIO;977,00;25/11/2025;06:14:38;20;1282-20
CO2;1282;CT-CO2-0;02938df5-6afb-d44e-582d-0b5eea40f8eb;51:88:0A:9E;0;AVIÁRIO MEIO;982,00;25/11/2025;06:20:11;20;1282-20
CO2;1282;CT-CO2-0;02938df5-6afb-d44e-582d-0b5eea40f8eb;51:88:0A:9E;0;AVIÁRIO MEIO;963,00;25/11/2025;06:25:43;20;1282-20
CO2;1282;CT-CO2-0;02938df5-6afb-d44e-582d-0b5eea40f8eb;51:88:0A:9E;0;AVIÁRIO MEIO;947,00;25/11/2025;06:31:15;20;1282-20
CO2;1282;CT-CO2-0;02938df5-6afb-d44e-582d-0b5eea40f8eb;51:88:0A:9E;0;AVIÁRIO MEIO;936,00;25/11/2025;06:36:16;20;1282-20
CO2;1282;CT-CO2-0;02938df5-6afb-d44e-582d-0b5eea40f8eb;51:88:0A:9E;0;AVIÁRIO MEIO;929,00;25/11/2025;06:41:48;20;1282-20
CO2;1282;CT-CO2-0;02938df5-6afb-d44e-582d-0b5eea40f8eb;51:88:0A:9E;0;AVIÁRIO MEIO;913,00;25/11/2025;06:47:20;20;1282-20
CO2;1282;CT-CO2-0;02938df5-6afb-d44e-582d-0b5eea40f8eb;51:88:0A:9E;0;AVIÁRIO MEIO;950,00;25/11/2025;06:52:22;20;1282-20
CO2;1282;CT-CO2-0;02938df5-6afb-d44e-582d-0b5eea40f8eb;51:88:0A:9E;0;AVIÁRIO MEIO;947,00;25/11/2025;06:57:54;20;1282-20
CO2;1282;CT-CO2-0;02938df5-6afb-d44e-582d-0b5eea40f8eb;51:88:0A:9E;0;AVIÁRIO MEIO;937,00;25/11/2025;07:03:26;20;1282-20
CO2;1282;CT-CO2-0;02938df5-6afb-d44e-582d-0b5eea40f8eb;51:88:0A:9E;0;AVIÁRIO MEIO;911,00;25/11/2025;07:08:28;20;1282-20
CO2;1282;CT-CO2-0;02938df5-6afb-d44e-582d-0b5eea40f8eb;51:88:0A:9E;0;AVIÁRIO MEIO;895,00;25/11/2025;07:14:32;20;1282-20
CO2;1282;CT-CO2-0;02938df5-6afb-d44e-582d-0b5eea40f8eb;51:88:0A:9E;0;AVIÁRIO MEIO;905,00;25/11/2025;07:19:33;20;1282-20
CO2;1282;CT-CO2-0;02938df5-6afb-d44e-582d-0b5eea40f8eb;51:88:0A:9E;0;AVIÁRIO MEIO;862,00;25/11/2025;07:24:35;20;1282-20
CO2;1282;CT-CO2-0;02938df5-6afb-d44e-582d-0b5eea40f8eb;51:88:0A:9E;0;AVIÁRIO MEIO;863,00;25/11/2025;07:30:07;20;1282-20
CO2;1282;CT-CO2-0;02938df5-6afb-d44e-582d-0b5eea40f8eb;51:88:0A:9E;0;AVIÁRIO MEIO;832,00;25/11/2025;07:35:44;20;1282-20
CO2;1282;CT-CO2-0;02938df5-6afb-d44e-582d-0b5eea40f8eb;51:88:0A:9E;0;AVIÁRIO MEIO;823,00;25/11/2025;07:40:45;20;1282-20
CO2;1282;CT-CO2-0;02938df5-6afb-d44e-582d-0b5eea40f8eb;51:88:0A:9E;0;AVIÁRIO MEIO;819,00;25/11/2025;07:46:17;20;1282-20
CO2;1282;CT-CO2-0;02938df5-6afb-d44e-582d-0b5eea40f8eb;51:88:0A:9E;0;AVIÁRIO MEIO;876,00;25/11/2025;07:51:49;20;1282-20
CO2;1282;CT-CO2-0;02938df5-6afb-d44e-582d-0b5eea40f8eb;51:88:0A:9E;0;AVIÁRIO MEIO;745,00;25/11/2025;07:56:51;20;1282-20
CO2;1282;CT-CO2-0;02938df5-6afb-d44e-582d-0b5eea40f8eb;51:88:0A:9E;0;AVIÁRIO MEIO;725,00;25/11/2025;08:02:24;20;1282-20
CO2;1282;CT-CO2-0;02938df5-6afb-d44e-582d-0b5eea40f8eb;51:88:0A:9E;0;AVIÁRIO MEIO;738,00;25/11/2025;08:07:56;20;1282-20
CO2;1282;CT-CO2-0;02938df5-6afb-d44e-582d-0b5eea40f8eb;51:88:0A:9E;0;AVIÁRIO MEIO;738,00;25/11/2025;08:13:28;20;1282-20
CO2;1282;CT-CO2-0;02938df5-6afb-d44e-582d-0b5eea40f8eb;51:88:0A:9E;0;AVIÁRIO MEIO;733,00;25/11/2025;08:18:30;20;1282-20
CO2;1282;CT-CO2-0;02938df5-6afb-d44e-582d-0b5eea40f8eb;51:88:0A:9E;0;AVIÁRIO MEIO;734,00;25/11/2025;08:24:34;20;1282-20
CO2;1282;CT-CO2-0;02938df5-6afb-d44e-582d-0b5eea40f8eb;51:88:0A:9E;0;AVIÁRIO MEIO;723,00;25/11/2025;08:29:35;20;1282-20
CO2;1282;CT-CO2-0;02938df5-6afb-d44e-582d-0b5eea40f8eb;51:88:0A:9E;0;AVIÁRIO MEIO;689,00;25/11/2025;08:34:37;20;1282-20
CO2;1282;CT-CO2-0;02938df5-6afb-d44e-582d-0b5eea40f8eb;51:88:0A:9E;0;AVIÁRIO MEIO;746,00;25/11/2025;08:40:09;20;1282-20
CO2;1282;CT-CO2-0;02938df5-6afb-d44e-582d-0b5eea40f8eb;51:88:0A:9E;0;AVIÁRIO MEIO;707,00;25/11/2025;08:45:42;20;1282-20
CO2;1282;CT-CO2-0;02938df5-6afb-d44e-582d-0b5eea40f8eb;51:88:0A:9E;0;AVIÁRIO MEIO;681,00;25/11/2025;08:50:44;20;1282-20
CO2;1282;CT-CO2-0;02938df5-6afb-d44e-582d-0b5eea40f8eb;51:88:0A:9E;0;AVIÁRIO MEIO;677,00;25/11/2025;08:56:16;20;1282-20
CO2;1282;CT-CO2-0;02938df5-6afb-d44e-582d-0b5eea40f8eb;51:88:0A:9E;0;AVIÁRIO MEIO;671,00;25/11/2025;09:01:49;20;1282-20
CO2;1282;CT-CO2-0;02938df5-6afb-d44e-582d-0b5eea40f8eb;51:88:0A:9E;0;AVIÁRIO MEIO;671,00;25/11/2025;09:06:51;20;1282-20
CO2;1282;CT-CO2-0;02938df5-6afb-d44e-582d-0b5eea40f8eb;51:88:0A:9E;0;AVIÁRIO MEIO;681,00;25/11/2025;09:12:22;20;1282-20
CO2;1282;CT-CO2-0;02938df5-6afb-d44e-582d-0b5eea40f8eb;51:88:0A:9E;0;AVIÁRIO MEIO;663,00;25/11/2025;09:17:54;20;1282-20
CO2;1282;CT-CO2-0;02938df5-6afb-d44e-582d-0b5eea40f8eb;51:88:0A:9E;0;AVIÁRIO MEIO;687,00;25/11/2025;09:22:56;20;1282-20
CO2;1282;CT-CO2-0;02938df5-6afb-d44e-582d-0b5eea40f8eb;51:88:0A:9E;0;AVIÁRIO MEIO;773,00;25/11/2025;09:28:28;20;1282-20
CO2;1282;CT-CO2-0;02938df5-6afb-d44e-582d-0b5eea40f8eb;51:88:0A:9E;0;AVIÁRIO MEIO;817,00;25/11/2025;09:34:32;20;1282-20
CO2;1282;CT-CO2-0;02938df5-6afb-d44e-582d-0b5eea40f8eb;51:88:0A:9E;0;AVIÁRIO MEIO;794,00;25/11/2025;09:39:04;20;1282-20
CO2;1282;CT-CO2-0;02938df5-6afb-d44e-582d-0b5eea40f8eb;51:88:0A:9E;0;AVIÁRIO MEIO;705,00;25/11/2025;09:44:36;20;1282-20
CO2;1282;CT-CO2-0;02938df5-6afb-d44e-582d-0b5eea40f8eb;51:88:0A:9E;0;AVIÁRIO MEIO;688,00;25/11/2025;09:50:08;20;1282-20
CO2;1282;CT-CO2-0;02938df5-6afb-d44e-582d-0b5eea40f8eb;51:88:0A:9E;0;AVIÁRIO MEIO;672,00;25/11/2025;09:55:10;20;1282-20
CO2;1282;CT-CO2-0;02938df5-6afb-d44e-582d-0b5eea40f8eb;51:88:0A:9E;0;AVIÁRIO MEIO;736,00;25/11/2025;10:00:41;20;1282-20
CO2;1282;CT-CO2-0;02938df5-6afb-d44e-582d-0b5eea40f8eb;51:88:0A:9E;0;AVIÁRIO MEIO;722,00;25/11/2025;10:06:15;20;1282-20
CO2;1282;CT-CO2-0;02938df5-6afb-d44e-582d-0b5eea40f8eb;51:88:0A:9E;0;AVIÁRIO MEIO;729,00;25/11/2025;10:11:17;20;1282-20
CO2;1282;CT-CO2-0;02938df5-6afb-d44e-582d-0b5eea40f8eb;51:88:0A:9E;0;AVIÁRIO MEIO;714,00;25/11/2025;10:16:48;20;1282-20
CO2;1282;CT-CO2-0;02938df5-6afb-d44e-582d-0b5eea40f8eb;51:88:0A:9E;0;AVIÁRIO MEIO;701,00;25/11/2025;10:22:20;20;1282-20
CO2;1282;CT-CO2-0;02938df5-6afb-d44e-582d-0b5eea40f8eb;51:88:0A:9E;0;AVIÁRIO MEIO;709,00;25/11/2025;10:27:22;20;1282-20
CO2;1282;CT-CO2-0;02938df5-6afb-d44e-582d-0b5eea40f8eb;51:88:0A:9E;0;AVIÁRIO MEIO;712,00;25/11/2025;10:32:54;20;1282-20
CO2;1282;CT-CO2-0;02938df5-6afb-d44e-582d-0b5eea40f8eb;51:88:0A:9E;0;AVIÁRIO MEIO;685,00;25/11/2025;10:38:26;20;1282-20
CO2;1282;CT-CO2-0;02938df5-6afb-d44e-582d-0b5eea40f8eb;51:88:0A:9E;0;AVIÁRIO MEIO;683,00;25/11/2025;10:43:59;20;1282-20
CO2;1282;CT-CO2-0;02938df5-6afb-d44e-582d-0b5eea40f8eb;51:88:0A:9E;0;AVIÁRIO MEIO;681,00;25/11/2025;10:49:01;20;1282-20
CO2;1282;CT-CO2-0;02938df5-6afb-d44e-582d-0b5eea40f8eb;51:88:0A:9E;0;AVIÁRIO MEIO;685,00;25/11/2025;10:54:33;20;1282-20
CO2;1282;CT-CO2-0;02938df5-6afb-d44e-582d-0b5eea40f8eb;51:88:0A:9E;0;AVIÁRIO MEIO;679,00;25/11/2025;10:59:35;20;1282-20
CO2;1282;CT-CO2-0;02938df5-6afb-d44e-582d-0b5eea40f8eb;51:88:0A:9E;0;AVIÁRIO MEIO;676,00;25/11/2025;11:05:07;20;1282-20
CO2;1282;CT-CO2-0;02938df5-6afb-d44e-582d-0b5eea40f8eb;51:88:0A:9E;0;AVIÁRIO MEIO;676,00;25/11/2025;11:10:39;20;1282-20
CO2;1282;CT-CO2-0;02938df5-6afb-d44e-582d-0b5eea40f8eb;51:88:0A:9E;0;AVIÁRIO MEIO;681,00;25/11/2025;11:15:41;20;1282-20
CO2;1282;CT-CO2-0;02938df5-6afb-d44e-582d-0b5eea40f8eb;51:88:0A:9E;0;AVIÁRIO MEIO;668,00;25/11/2025;11:21:15;20;1282-20
CO2;1282;CT-CO2-0;02938df5-6afb-d44e-582d-0b5eea40f8eb;51:88:0A:9E;0;AVIÁRIO MEIO;660,00;25/11/2025;11:26:47;20;1282-20
CO2;1282;CT-CO2-0;02938df5-6afb-d44e-582d-0b5eea40f8eb;51:88:0A:9E;0;AVIÁRIO MEIO;648,00;25/11/2025;11:31:49;20;1282-20
CO2;1282;CT-CO2-0;02938df5-6afb-d44e-582d-0b5eea40f8eb;51:88:0A:9E;0;AVIÁRIO MEIO;656,00;25/11/2025;11:37:22;20;1282-20
CO2;1282;CT-CO2-0;02938df5-6afb-d44e-582d-0b5eea40f8eb;51:88:0A:9E;0;AVIÁRIO MEIO;666,00;25/11/2025;11:42:55;20;1282-20
CO2;1282;CT-CO2-0;02938df5-6afb-d44e-582d-0b5eea40f8eb;51:88:0A:9E;0;AVIÁRIO MEIO;661,00;25/11/2025;11:47:57;20;1282-20
CO2;1282;CT-CO2-0;02938df5-6afb-d44e-582d-0b5eea40f8eb;51:88:0A:9E;0;AVIÁRIO MEIO;663,00;25/11/2025;11:54:00;20;1282-20
CO2;1282;CT-CO2-0;02938df5-6afb-d44e-582d-0b5eea40f8eb;51:88:0A:9E;0;AVIÁRIO MEIO;665,00;25/11/2025;11:59:05;20;1282-20
CO2;1282;CT-CO2-0;02938df5-6afb-d44e-582d-0b5eea40f8eb;51:88:0A:9E;0;AVIÁRIO MEIO;650,00;25/11/2025;12:04:07;20;1282-20
CO2;1282;CT-CO2-0;02938df5-6afb-d44e-582d-0b5eea40f8eb;51:88:0A:9E;0;AVIÁRIO MEIO;664,00;25/11/2025;12:09:39;20;1282-20
CO2;1282;CT-CO2-0;02938df5-6afb-d44e-582d-0b5eea40f8eb;51:88:0A:9E;0;AVIÁRIO MEIO;675,00;25/11/2025;12:15:13;20;1282-20
CO2;1282;CT-CO2-0;02938df5-6afb-d44e-582d-0b5eea40f8eb;51:88:0A:9E;0;AVIÁRIO MEIO;650,00;25/11/2025;12:20:15;20;1282-20
CO2;1282;CT-CO2-0;02938df5-6afb-d44e-582d-0b5eea40f8eb;51:88:0A:9E;0;AVIÁRIO MEIO;620,00;25/11/2025;12:25:47;20;1282-20
CO2;1282;CT-CO2-0;02938df5-6afb-d44e-582d-0b5eea40f8eb;51:88:0A:9E;0;AVIÁRIO MEIO;637,00;25/11/2025;12:31:19;20;1282-20
CO2;1282;CT-CO2-0;02938df5-6afb-d44e-582d-0b5eea40f8eb;51:88:0A:9E;0;AVIÁRIO MEIO;645,00;25/11/2025;12:36:21;20;1282-20
CO2;1282;CT-CO2-0;02938df5-6afb-d44e-582d-0b5eea40f8eb;51:88:0A:9E;0;AVIÁRIO MEIO;648,00;25/11/2025;12:41:53;20;1282-20
CO2;1282;CT-CO2-0;02938df5-6afb-d44e-582d-0b5eea40f8eb;51:88:0A:9E;0;AVIÁRIO MEIO;641,00;25/11/2025;12:47:26;20;1282-20
CO2;1282;CT-CO2-0;02938df5-6afb-d44e-582d-0b5eea40f8eb;51:88:0A:9E;0;AVIÁRIO MEIO;636,00;25/11/2025;12:52:30;20;1282-20
CO2;1282;CT-CO2-0;02938df5-6afb-d44e-582d-0b5eea40f8eb;51:88:0A:9E;0;AVIÁRIO MEIO;651,00;25/11/2025;12:58:02;20;1282-20
CO2;1282;CT-CO2-0;02938df5-6afb-d44e-582d-0b5eea40f8eb;51:88:0A:9E;0;AVIÁRIO MEIO;655,00;25/11/2025;13:03:35;20;1282-20
CO2;1282;CT-CO2-0;02938df5-6afb-d44e-582d-0b5eea40f8eb;51:88:0A:9E;0;AVIÁRIO MEIO;654,00;25/11/2025;13:08:38;20;1282-20
CO2;1282;CT-CO2-0;02938df5-6afb-d44e-582d-0b5eea40f8eb;51:88:0A:9E;0;AVIÁRIO MEIO;651,00;25/11/2025;13:14:11;20;1282-20
CO2;1282;CT-CO2-0;02938df5-6afb-d44e-582d-0b5eea40f8eb;51:88:0A:9E;0;AVIÁRIO MEIO;655,00;25/11/2025;13:19:13;20;1282-20
CO2;1282;CT-CO2-0;02938df5-6afb-d44e-582d-0b5eea40f8eb;51:88:0A:9E;0;AVIÁRIO MEIO;647,00;25/11/2025;13:24:46;20;1282-20
CO2;1282;CT-CO2-0;02938df5-6afb-d44e-582d-0b5eea40f8eb;51:88:0A:9E;0;AVIÁRIO MEIO;649,00;25/11/2025;13:30:18;20;1282-20
CO2;1282;CT-CO2-0;02938df5-6afb-d44e-582d-0b5eea40f8eb;51:88:0A:9E;0;AVIÁRIO MEIO;640,00;25/11/2025;13:35:20;20;1282-20
CO2;1282;CT-CO2-0;02938df5-6afb-d44e-582d-0b5eea40f8eb;51:88:0A:9E;0;AVIÁRIO MEIO;658,00;25/11/2025;13:40:52;20;1282-20
CO2;1282;CT-CO2-0;02938df5-6afb-d44e-582d-0b5eea40f8eb;51:88:0A:9E;0;AVIÁRIO MEIO;655,00;25/11/2025;13:46:23;20;1282-20
CO2;1282;CT-CO2-0;02938df5-6afb-d44e-582d-0b5eea40f8eb;51:88:0A:9E;0;AVIÁRIO MEIO;626,00;25/11/2025;13:51:25;20;1282-20
CO2;1282;CT-CO2-0;02938df5-6afb-d44e-582d-0b5eea40f8eb;51:88:0A:9E;0;AVIÁRIO MEIO;643,00;25/11/2025;13:56:57;20;1282-20
CO2;1282;CT-CO2-0;02938df5-6afb-d44e-582d-0b5eea40f8eb;51:88:0A:9E;0;AVIÁRIO MEIO;661,00;25/11/2025;14:02:29;20;1282-20
CO2;1282;CT-CO2-0;02938df5-6afb-d44e-582d-0b5eea40f8eb;51:88:0A:9E;0;AVIÁRIO MEIO;645,00;25/11/2025;14:08:01;20;1282-20
CO2;1282;CT-CO2-0;02938df5-6afb-d44e-582d-0b5eea40f8eb;51:88:0A:9E;0;AVIÁRIO MEIO;660,00;25/11/2025;14:13:33;20;1282-20
CO2;1282;CT-CO2-0;02938df5-6afb-d44e-582d-0b5eea40f8eb;51:88:0A:9E;0;AVIÁRIO MEIO;639,00;25/11/2025;14:18:35;20;1282-20
CO2;1282;CT-CO2-0;02938df5-6afb-d44e-582d-0b5eea40f8eb;51:88:0A:9E;0;AVIÁRIO MEIO;634,00;25/11/2025;14:24:07;20;1282-20
CO2;1282;CT-CO2-0;02938df5-6afb-d44e-582d-0b5eea40f8eb;51:88:0A:9E;0;AVIÁRIO MEIO;644,00;25/11/2025;14:29:09;20;1282-20
CO2;1282;CT-CO2-0;02938df5-6afb-d44e-582d-0b5eea40f8eb;51:88:0A:9E;0;AVIÁRIO MEIO;651,00;25/11/2025;14:34:41;20;1282-20
CO2;1282;CT-CO2-0;02938df5-6afb-d44e-582d-0b5eea40f8eb;51:88:0A:9E;0;AVIÁRIO MEIO;645,00;25/11/2025;14:40:12;20;1282-20
CO2;1282;CT-CO2-0;02938df5-6afb-d44e-582d-0b5eea40f8eb;51:88:0A:9E;0;AVIÁRIO MEIO;637,00;25/11/2025;14:45:44;20;1282-20
CO2;1282;CT-CO2-0;02938df5-6afb-d44e-582d-0b5eea40f8eb;51:88:0A:9E;0;AVIÁRIO MEIO;664,00;25/11/2025;14:50:46;20;1282-20
CO2;1282;CT-CO2-0;02938df5-6afb-d44e-582d-0b5eea40f8eb;51:88:0A:9E;0;AVIÁRIO MEIO;646,00;25/11/2025;14:56:18;20;1282-20
CO2;1282;CT-CO2-0;02938df5-6afb-d44e-582d-0b5eea40f8eb;51:88:0A:9E;0;AVIÁRIO MEIO;640,00;25/11/2025;15:01:50;20;1282-20
CO2;1282;CT-CO2-0;02938df5-6afb-d44e-582d-0b5eea40f8eb;51:88:0A:9E;0;AVIÁRIO MEIO;637,00;25/11/2025;15:06:53;20;1282-20
CO2;1282;CT-CO2-0;02938df5-6afb-d44e-582d-0b5eea40f8eb;51:88:0A:9E;0;AVIÁRIO MEIO;643,00;25/11/2025;15:12:25;20;1282-20
CO2;1282;CT-CO2-0;02938df5-6afb-d44e-582d-0b5eea40f8eb;51:88:0A:9E;0;AVIÁRIO MEIO;638,00;25/11/2025;15:17:58;20;1282-20
CO2;1282;CT-CO2-0;02938df5-6afb-d44e-582d-0b5eea40f8eb;51:88:0A:9E;0;AVIÁRIO MEIO;639,00;25/11/2025;15:23:32;20;1282-20
CO2;1282;CT-CO2-0;02938df5-6afb-d44e-582d-0b5eea40f8eb;51:88:0A:9E;0;AVIÁRIO MEIO;729,00;25/11/2025;15:28:36;20;1282-20
CO2;1282;CT-CO2-0;02938df5-6afb-d44e-582d-0b5eea40f8eb;51:88:0A:9E;0;AVIÁRIO MEIO;655,00;25/11/2025;15:34:08;20;1282-20
CO2;1282;CT-CO2-0;02938df5-6afb-d44e-582d-0b5eea40f8eb;51:88:0A:9E;0;AVIÁRIO MEIO;636,00;25/11/2025;15:39:10;20;1282-20
CO2;1282;CT-CO2-0;02938df5-6afb-d44e-582d-0b5eea40f8eb;51:88:0A:9E;0;AVIÁRIO MEIO;652,00;25/11/2025;15:44:43;20;1282-20
CO2;1282;CT-CO2-0;02938df5-6afb-d44e-582d-0b5eea40f8eb;51:88:0A:9E;0;AVIÁRIO MEIO;647,00;25/11/2025;15:50:15;20;1282-20
CO2;1282;CT-CO2-0;02938df5-6afb-d44e-582d-0b5eea40f8eb;51:88:0A:9E;0;AVIÁRIO MEIO;647,00;25/11/2025;15:55:47;20;1282-20
CO2;1282;CT-CO2-0;02938df5-6afb-d44e-582d-0b5eea40f8eb;51:88:0A:9E;0;AVIÁRIO MEIO;651,00;25/11/2025;16:00:49;20;1282-20
CO2;1282;CT-CO2-0;02938df5-6afb-d44e-582d-0b5eea40f8eb;51:88:0A:9E;0;AVIÁRIO MEIO;628,00;25/11/2025;16:06:23;20;1282-20
CO2;1282;CT-CO2-0;02938df5-6afb-d44e-582d-0b5eea40f8eb;51:88:0A:9E;0;AVIÁRIO MEIO;664,00;25/11/2025;16:11:55;20;1282-20
CO2;1282;CT-CO2-0;02938df5-6afb-d44e-582d-0b5eea40f8eb;51:88:0A:9E;0;AVIÁRIO MEIO;640,00;25/11/2025;16:16:58;20;1282-20
CO2;1282;CT-CO2-0;02938df5-6afb-d44e-582d-0b5eea40f8eb;51:88:0A:9E;0;AVIÁRIO MEIO;646,00;25/11/2025;16:22:29;20;1282-20
CO2;1282;CT-CO2-0;02938df5-6afb-d44e-582d-0b5eea40f8eb;51:88:0A:9E;0;AVIÁRIO MEIO;638,00;25/11/2025;16:28:01;20;1282-20
CO2;1282;CT-CO2-0;02938df5-6afb-d44e-582d-0b5eea40f8eb;51:88:0A:9E;0;AVIÁRIO MEIO;639,00;25/11/2025;16:33:37;20;1282-20
CO2;1282;CT-CO2-0;02938df5-6afb-d44e-582d-0b5eea40f8eb;51:88:0A:9E;0;AVIÁRIO MEIO;645,00;25/11/2025;16:38:39;20;1282-20
CO2;1282;CT-CO2-0;02938df5-6afb-d44e-582d-0b5eea40f8eb;51:88:0A:9E;0;AVIÁRIO MEIO;644,00;25/11/2025;16:44:13;20;1282-20
CO2;1282;CT-CO2-0;02938df5-6afb-d44e-582d-0b5eea40f8eb;51:88:0A:9E;0;AVIÁRIO MEIO;643,00;25/11/2025;16:49:14;20;1282-20
CO2;1282;CT-CO2-0;02938df5-6afb-d44e-582d-0b5eea40f8eb;51:88:0A:9E;0;AVIÁRIO MEIO;631,00;25/11/2025;16:54:46;20;1282-20
CO2;1282;CT-CO2-0;02938df5-6afb-d44e-582d-0b5eea40f8eb;51:88:0A:9E;0;AVIÁRIO MEIO;649,00;25/11/2025;17:00:17;20;1282-20
CO2;1282;CT-CO2-0;02938df5-6afb-d44e-582d-0b5eea40f8eb;51:88:0A:9E;0;AVIÁRIO MEIO;649,00;25/11/2025;17:05:19;20;1282-20
CO2;1282;CT-CO2-0;02938df5-6afb-d44e-582d-0b5eea40f8eb;51:88:0A:9E;0;AVIÁRIO MEIO;652,00;25/11/2025;17:10:51;20;1282-20
CO2;1282;CT-CO2-0;02938df5-6afb-d44e-582d-0b5eea40f8eb;51:88:0A:9E;0;AVIÁRIO MEIO;645,00;25/11/2025;17:16:23;20;1282-20
CO2;1282;CT-CO2-0;02938df5-6afb-d44e-582d-0b5eea40f8eb;51:88:0A:9E;0;AVIÁRIO MEIO;655,00;25/11/2025;17:21:25;20;1282-20
CO2;1282;CT-CO2-0;02938df5-6afb-d44e-582d-0b5eea40f8eb;51:88:0A:9E;0;AVIÁRIO MEIO;637,00;25/11/2025;17:27:01;20;1282-20
CO2;1282;CT-CO2-0;02938df5-6afb-d44e-582d-0b5eea40f8eb;51:88:0A:9E;0;AVIÁRIO MEIO;644,00;25/11/2025;17:32:34;20;1282-20
CO2;1282;CT-CO2-0;02938df5-6afb-d44e-582d-0b5eea40f8eb;51:88:0A:9E;0;AVIÁRIO MEIO;642,00;25/11/2025;17:37:36;20;1282-20
CO2;1282;CT-CO2-0;02938df5-6afb-d44e-582d-0b5eea40f8eb;51:88:0A:9E;0;AVIÁRIO MEIO;646,00;25/11/2025;17:43:40;20;1282-20
CO2;1282;CT-CO2-0;02938df5-6afb-d44e-582d-0b5eea40f8eb;51:88:0A:9E;0;AVIÁRIO MEIO;692,00;25/11/2025;17:48:42;20;1282-20
CO2;1282;CT-CO2-0;02938df5-6afb-d44e-582d-0b5eea40f8eb;51:88:0A:9E;0;AVIÁRIO MEIO;650,00;25/11/2025;17:53:44;20;1282-20
CO2;1282;CT-CO2-0;02938df5-6afb-d44e-582d-0b5eea40f8eb;51:88:0A:9E;0;AVIÁRIO MEIO;642,00;25/11/2025;17:59:17;20;1282-20
CO2;1282;CT-CO2-0;02938df5-6afb-d44e-582d-0b5eea40f8eb;51:88:0A:9E;0;AVIÁRIO MEIO;649,00;25/11/2025;18:04:49;20;1282-20
CO2;1282;CT-CO2-0;02938df5-6afb-d44e-582d-0b5eea40f8eb;51:88:0A:9E;0;AVIÁRIO MEIO;633,00;25/11/2025;18:09:52;20;1282-20
CO2;1282;CT-CO2-0;02938df5-6afb-d44e-582d-0b5eea40f8eb;51:88:0A:9E;0;AVIÁRIO MEIO;648,00;25/11/2025;18:15:24;20;1282-20
CO2;1282;CT-CO2-0;02938df5-6afb-d44e-582d-0b5eea40f8eb;51:88:0A:9E;0;AVIÁRIO MEIO;664,00;25/11/2025;18:20:57;20;1282-20
CO2;1282;CT-CO2-0;02938df5-6afb-d44e-582d-0b5eea40f8eb;51:88:0A:9E;0;AVIÁRIO MEIO;648,00;25/11/2025;18:25:59;20;1282-20
CO2;1282;CT-CO2-0;02938df5-6afb-d44e-582d-0b5eea40f8eb;51:88:0A:9E;0;AVIÁRIO MEIO;653,00;25/11/2025;18:31:36;20;1282-20
CO2;1282;CT-CO2-0;02938df5-6afb-d44e-582d-0b5eea40f8eb;51:88:0A:9E;0;AVIÁRIO MEIO;659,00;25/11/2025;18:37:08;20;1282-20
CO2;1282;CT-CO2-0;02938df5-6afb-d44e-582d-0b5eea40f8eb;51:88:0A:9E;0;AVIÁRIO MEIO;649,00;25/11/2025;18:42:10;20;1282-20
CO2;1282;CT-CO2-0;02938df5-6afb-d44e-582d-0b5eea40f8eb;51:88:0A:9E;0;AVIÁRIO MEIO;654,00;25/11/2025;18:47:42;20;1282-20
CO2;1282;CT-CO2-0;02938df5-6afb-d44e-582d-0b5eea40f8eb;51:88:0A:9E;0;AVIÁRIO MEIO;662,00;25/11/2025;18:53:45;20;1282-20
CO2;1282;CT-CO2-0;02938df5-6afb-d44e-582d-0b5eea40f8eb;51:88:0A:9E;0;AVIÁRIO MEIO;657,00;25/11/2025;18:58:17;20;1282-20
CO2;1282;CT-CO2-0;02938df5-6afb-d44e-582d-0b5eea40f8eb;51:88:0A:9E;0;AVIÁRIO MEIO;659,00;25/11/2025;19:03:49;20;1282-20
CO2;1282;CT-CO2-0;02938df5-6afb-d44e-582d-0b5eea40f8eb;51:88:0A:9E;0;AVIÁRIO MEIO;674,00;25/11/2025;19:09:21;20;1282-20
CO2;1282;CT-CO2-0;02938df5-6afb-d44e-582d-0b5eea40f8eb;51:88:0A:9E;0;AVIÁRIO MEIO;680,00;25/11/2025;19:14:23;20;1282-20
CO2;1282;CT-CO2-0;02938df5-6afb-d44e-582d-0b5eea40f8eb;51:88:0A:9E;0;AVIÁRIO MEIO;682,00;25/11/2025;19:19:54;20;1282-20
CO2;1282;CT-CO2-0;02938df5-6afb-d44e-582d-0b5eea40f8eb;51:88:0A:9E;0;AVIÁRIO MEIO;704,00;25/11/2025;19:25:26;20;1282-20
CO2;1282;CT-CO2-0;02938df5-6afb-d44e-582d-0b5eea40f8eb;51:88:0A:9E;0;AVIÁRIO MEIO;734,00;25/11/2025;19:30:58;20;1282-20
CO2;1282;CT-CO2-0;02938df5-6afb-d44e-582d-0b5eea40f8eb;51:88:0A:9E;0;AVIÁRIO MEIO;702,00;25/11/2025;19:36:00;20;1282-20
CO2;1282;CT-CO2-0;02938df5-6afb-d44e-582d-0b5eea40f8eb;51:88:0A:9E;0;AVIÁRIO MEIO;705,00;25/11/2025;19:41:32;20;1282-20
CO2;1282;CT-CO2-0;02938df5-6afb-d44e-582d-0b5eea40f8eb;51:88:0A:9E;0;AVIÁRIO MEIO;723,00;25/11/2025;19:47:04;20;1282-20
CO2;1282;CT-CO2-0;02938df5-6afb-d44e-582d-0b5eea40f8eb;51:88:0A:9E;0;AVIÁRIO MEIO;727,00;25/11/2025;19:52:06;20;1282-20
CO2;1282;CT-CO2-0;02938df5-6afb-d44e-582d-0b5eea40f8eb;51:88:0A:9E;0;AVIÁRIO MEIO;712,00;25/11/2025;19:57:38;20;1282-20
CO2;1282;CT-CO2-0;02938df5-6afb-d44e-582d-0b5eea40f8eb;51:88:0A:9E;0;AVIÁRIO MEIO;723,00;25/11/2025;20:03:43;20;1282-20
CO2;1282;CT-CO2-0;02938df5-6afb-d44e-582d-0b5eea40f8eb;51:88:0A:9E;0;AVIÁRIO MEIO;760,00;25/11/2025;20:08:14;20;1282-20
CO2;1282;CT-CO2-0;02938df5-6afb-d44e-582d-0b5eea40f8eb;51:88:0A:9E;0;AVIÁRIO MEIO;744,00;25/11/2025;20:19:21;20;1282-20
CO2;1282;CT-CO2-0;02938df5-6afb-d44e-582d-0b5eea40f8eb;51:88:0A:9E;0;AVIÁRIO MEIO;736,00;25/11/2025;20:24:22;20;1282-20
CO2;1282;CT-CO2-0;02938df5-6afb-d44e-582d-0b5eea40f8eb;51:88:0A:9E;0;AVIÁRIO MEIO;736,00;25/11/2025;20:29:55;20;1282-20
CO2;1282;CT-CO2-0;02938df5-6afb-d44e-582d-0b5eea40f8eb;51:88:0A:9E;0;AVIÁRIO MEIO;749,00;25/11/2025;20:35:27;20;1282-20
CO2;1282;CT-CO2-0;02938df5-6afb-d44e-582d-0b5eea40f8eb;51:88:0A:9E;0;AVIÁRIO MEIO;726,00;25/11/2025;20:40:29;20;1282-20
CO2;1282;CT-CO2-0;02938df5-6afb-d44e-582d-0b5eea40f8eb;51:88:0A:9E;0;AVIÁRIO MEIO;726,00;25/11/2025;20:46:02;20;1282-20
CO2;1282;CT-CO2-0;02938df5-6afb-d44e-582d-0b5eea40f8eb;51:88:0A:9E;0;AVIÁRIO MEIO;741,00;25/11/2025;20:51:34;20;1282-20
CO2;1282;CT-CO2-0;02938df5-6afb-d44e-582d-0b5eea40f8eb;51:88:0A:9E;0;AVIÁRIO MEIO;722,00;25/11/2025;20:56:36;20;1282-20
CO2;1282;CT-CO2-0;02938df5-6afb-d44e-582d-0b5eea40f8eb;51:88:0A:9E;0;AVIÁRIO MEIO;744,00;25/11/2025;21:06:37;20;1282-20
CO2;1282;CT-CO2-0;02938df5-6afb-d44e-582d-0b5eea40f8eb;51:88:0A:9E;0;AVIÁRIO MEIO;723,00;25/11/2025;21:12:41;20;1282-20
CO2;1282;CT-CO2-0;02938df5-6afb-d44e-582d-0b5eea40f8eb;51:88:0A:9E;0;AVIÁRIO MEIO;728,00;25/11/2025;21:17:13;20;1282-20
CO2;1282;CT-CO2-0;02938df5-6afb-d44e-582d-0b5eea40f8eb;51:88:0A:9E;0;AVIÁRIO MEIO;709,00;25/11/2025;21:22:46;20;1282-20
CO2;1282;CT-CO2-0;02938df5-6afb-d44e-582d-0b5eea40f8eb;51:88:0A:9E;0;AVIÁRIO MEIO;707,00;25/11/2025;21:28:18;20;1282-20
CO2;1282;CT-CO2-0;02938df5-6afb-d44e-582d-0b5eea40f8eb;51:88:0A:9E;0;AVIÁRIO MEIO;687,00;25/11/2025;21:33:20;20;1282-20
CO2;1282;CT-CO2-0;02938df5-6afb-d44e-582d-0b5eea40f8eb;51:88:0A:9E;0;AVIÁRIO MEIO;703,00;25/11/2025;21:38:52;20;1282-20
CO2;1282;CT-CO2-0;02938df5-6afb-d44e-582d-0b5eea40f8eb;51:88:0A:9E;0;AVIÁRIO MEIO;703,00;25/11/2025;21:44:25;20;1282-20
CO2;1282;CT-CO2-0;02938df5-6afb-d44e-582d-0b5eea40f8eb;51:88:0A:9E;0;AVIÁRIO MEIO;708,00;25/11/2025;21:49:27;20;1282-20
CO2;1282;CT-CO2-0;02938df5-6afb-d44e-582d-0b5eea40f8eb;51:88:0A:9E;0;AVIÁRIO MEIO;713,00;25/11/2025;21:54:59;20;1282-20
CO2;1282;CT-CO2-0;02938df5-6afb-d44e-582d-0b5eea40f8eb;51:88:0A:9E;0;AVIÁRIO MEIO;700,00;25/11/2025;22:00:32;20;1282-20
CO2;1282;CT-CO2-0;02938df5-6afb-d44e-582d-0b5eea40f8eb;51:88:0A:9E;0;AVIÁRIO MEIO;717,00;25/11/2025;22:05:34;20;1282-20
CO2;1282;CT-CO2-0;02938df5-6afb-d44e-582d-0b5eea40f8eb;51:88:0A:9E;0;AVIÁRIO MEIO;715,00;25/11/2025;22:11:06;20;1282-20
CO2;1282;CT-CO2-0;02938df5-6afb-d44e-582d-0b5eea40f8eb;51:88:0A:9E;0;AVIÁRIO MEIO;725,00;25/11/2025;22:16:39;20;1282-20
CO2;1282;CT-CO2-0;02938df5-6afb-d44e-582d-0b5eea40f8eb;51:88:0A:9E;0;AVIÁRIO MEIO;730,00;25/11/2025;22:22:15;20;1282-20
CO2;1282;CT-CO2-0;02938df5-6afb-d44e-582d-0b5eea40f8eb;51:88:0A:9E;0;AVIÁRIO MEIO;718,00;25/11/2025;22:27:17;20;1282-20
CO2;1282;CT-CO2-0;02938df5-6afb-d44e-582d-0b5eea40f8eb;51:88:0A:9E;0;AVIÁRIO MEIO;706,00;25/11/2025;22:32:48;20;1282-20
CO2;1282;CT-CO2-0;02938df5-6afb-d44e-582d-0b5eea40f8eb;51:88:0A:9E;0;AVIÁRIO MEIO;701,00;25/11/2025;22:37:51;20;1282-20
CO2;1282;CT-CO2-0;02938df5-6afb-d44e-582d-0b5eea40f8eb;51:88:0A:9E;0;AVIÁRIO MEIO;694,00;25/11/2025;22:43:23;20;1282-20
CO2;1282;CT-CO2-0;02938df5-6afb-d44e-582d-0b5eea40f8eb;51:88:0A:9E;0;AVIÁRIO MEIO;687,00;25/11/2025;22:48:55;20;1282-20
CO2;1282;CT-CO2-0;02938df5-6afb-d44e-582d-0b5eea40f8eb;51:88:0A:9E;0;AVIÁRIO MEIO;692,00;25/11/2025;22:53:57;20;1282-20
CO2;1282;CT-CO2-0;02938df5-6afb-d44e-582d-0b5eea40f8eb;51:88:0A:9E;0;AVIÁRIO MEIO;698,00;25/11/2025;22:59:29;20;1282-20
CO2;1282;CT-CO2-0;02938df5-6afb-d44e-582d-0b5eea40f8eb;51:88:0A:9E;0;AVIÁRIO MEIO;706,00;25/11/2025;23:05:10;20;1282-20
CO2;1282;CT-CO2-0;02938df5-6afb-d44e-582d-0b5eea40f8eb;51:88:0A:9E;0;AVIÁRIO MEIO;717,00;25/11/2025;23:15:45;20;1282-20
CO2;1282;CT-CO2-0;02938df5-6afb-d44e-582d-0b5eea40f8eb;51:88:0A:9E;0;AVIÁRIO MEIO;692,00;25/11/2025;23:20:47;20;1282-20
CO2;1282;CT-CO2-0;02938df5-6afb-d44e-582d-0b5eea40f8eb;51:88:0A:9E;0;AVIÁRIO MEIO;700,00;25/11/2025;23:26:20;20;1282-20
CO2;1282;CT-CO2-0;02938df5-6afb-d44e-582d-0b5eea40f8eb;51:88:0A:9E;0;AVIÁRIO MEIO;694,00;25/11/2025;23:32:22;20;1282-20
CO2;1282;CT-CO2-0;02938df5-6afb-d44e-582d-0b5eea40f8eb;51:88:0A:9E;0;AVIÁRIO MEIO;675,00;25/11/2025;23:36:54;20;1282-20
CO2;1282;CT-CO2-0;02938df5-6afb-d44e-582d-0b5eea40f8eb;51:88:0A:9E;0;AVIÁRIO MEIO;669,00;25/11/2025;23:42:26;20;1282-20
CO2;1282;CT-CO2-0;02938df5-6afb-d44e-582d-0b5eea40f8eb;51:88:0A:9E;0;AVIÁRIO MEIO;661,00;25/11/2025;23:47:58;20;1282-20
CO2;1282;CT-CO2-0;02938df5-6afb-d44e-582d-0b5eea40f8eb;51:88:0A:9E;0;AVIÁRIO MEIO;651,00;25/11/2025;23:53:00;20;1282-20
CO2;1282;CT-CO2-0;02938df5-6afb-d44e-582d-0b5eea40f8eb;51:88:0A:9E;0;AVIÁRIO MEIO;645,00;25/11/2025;23:58:31;20;1282-20
CO2;1282;CT-CO2-0;02938df5-6afb-d44e-582d-0b5eea40f8eb;51:88:0A:9E;0;AVIÁRIO MEIO;647,00;26/11/2025;00:04:03;20;1282-20
CO2;1282;CT-CO2-0;02938df5-6afb-d44e-582d-0b5eea40f8eb;51:88:0A:9E;0;AVIÁRIO MEIO;648,00;26/11/2025;00:09:06;20;1282-20
CO2;1282;CT-CO2-0;02938df5-6afb-d44e-582d-0b5eea40f8eb;51:88:0A:9E;0;AVIÁRIO MEIO;685,00;26/11/2025;00:14:38;20;1282-20
CO2;1282;CT-CO2-0;02938df5-6afb-d44e-582d-0b5eea40f8eb;51:88:0A:9E;0;AVIÁRIO MEIO;682,00;26/11/2025;00:20:10;20;1282-20
CO2;1282;CT-CO2-0;02938df5-6afb-d44e-582d-0b5eea40f8eb;51:88:0A:9E;0;AVIÁRIO MEIO;720,00;26/11/2025;00:30:45;20;1282-20
CO2;1282;CT-CO2-0;02938df5-6afb-d44e-582d-0b5eea40f8eb;51:88:0A:9E;0;AVIÁRIO MEIO;697,00;26/11/2025;00:36:17;20;1282-20
CO2;1282;CT-CO2-0;02938df5-6afb-d44e-582d-0b5eea40f8eb;51:88:0A:9E;0;AVIÁRIO MEIO;699,00;26/11/2025;00:41:52;20;1282-20
CO2;1282;CT-CO2-0;02938df5-6afb-d44e-582d-0b5eea40f8eb;51:88:0A:9E;0;AVIÁRIO MEIO;717,00;26/11/2025;00:46:53;20;1282-20
CO2;1282;CT-CO2-0;02938df5-6afb-d44e-582d-0b5eea40f8eb;51:88:0A:9E;0;AVIÁRIO MEIO;728,00;26/11/2025;00:52:24;20;1282-20
CO2;1282;CT-CO2-0;02938df5-6afb-d44e-582d-0b5eea40f8eb;51:88:0A:9E;0;AVIÁRIO MEIO;742,00;26/11/2025;00:57:26;20;1282-20
CO2;1282;CT-CO2-0;02938df5-6afb-d44e-582d-0b5eea40f8eb;51:88:0A:9E;0;AVIÁRIO MEIO;756,00;26/11/2025;01:02:59;20;1282-20
CO2;1282;CT-CO2-0;02938df5-6afb-d44e-582d-0b5eea40f8eb;51:88:0A:9E;0;AVIÁRIO MEIO;738,00;26/11/2025;01:08:33;20;1282-20
CO2;1282;CT-CO2-0;02938df5-6afb-d44e-582d-0b5eea40f8eb;51:88:0A:9E;0;AVIÁRIO MEIO;768,00;26/11/2025;01:13:34;20;1282-20
CO2;1282;CT-CO2-0;02938df5-6afb-d44e-582d-0b5eea40f8eb;51:88:0A:9E;0;AVIÁRIO MEIO;696,00;26/11/2025;01:19:06;20;1282-20
CO2;1282;CT-CO2-0;02938df5-6afb-d44e-582d-0b5eea40f8eb;51:88:0A:9E;0;AVIÁRIO MEIO;697,00;26/11/2025;01:24:38;20;1282-20
CO2;1282;CT-CO2-0;02938df5-6afb-d44e-582d-0b5eea40f8eb;51:88:0A:9E;0;AVIÁRIO MEIO;729,00;26/11/2025;01:35:15;20;1282-20
CO2;1282;CT-CO2-0;02938df5-6afb-d44e-582d-0b5eea40f8eb;51:88:0A:9E;0;AVIÁRIO MEIO;744,00;26/11/2025;01:40:48;20;1282-20
CO2;1282;CT-CO2-0;02938df5-6afb-d44e-582d-0b5eea40f8eb;51:88:0A:9E;0;AVIÁRIO MEIO;745,00;26/11/2025;01:45:49;20;1282-20
CO2;1282;CT-CO2-0;02938df5-6afb-d44e-582d-0b5eea40f8eb;51:88:0A:9E;0;AVIÁRIO MEIO;678,00;26/11/2025;01:51:54;20;1282-20
CO2;1282;CT-CO2-0;02938df5-6afb-d44e-582d-0b5eea40f8eb;51:88:0A:9E;0;AVIÁRIO MEIO;746,00;26/11/2025;01:56:56;20;1282-20
CO2;1282;CT-CO2-0;02938df5-6afb-d44e-582d-0b5eea40f8eb;51:88:0A:9E;0;AVIÁRIO MEIO;772,00;26/11/2025;02:01:58;20;1282-20
CO2;1282;CT-CO2-0;02938df5-6afb-d44e-582d-0b5eea40f8eb;51:88:0A:9E;0;AVIÁRIO MEIO;786,00;26/11/2025;02:07:30;20;1282-20
CO2;1282;CT-CO2-0;02938df5-6afb-d44e-582d-0b5eea40f8eb;51:88:0A:9E;0;AVIÁRIO MEIO;761,00;26/11/2025;02:18:04;20;1282-20
CO2;1282;CT-CO2-0;02938df5-6afb-d44e-582d-0b5eea40f8eb;51:88:0A:9E;0;AVIÁRIO MEIO;723,00;26/11/2025;02:23:36;20;1282-20
CO2;1282;CT-CO2-0;02938df5-6afb-d44e-582d-0b5eea40f8eb;51:88:0A:9E;0;AVIÁRIO MEIO;735,00;26/11/2025;02:29:08;20;1282-20
CO2;1282;CT-CO2-0;02938df5-6afb-d44e-582d-0b5eea40f8eb;51:88:0A:9E;0;AVIÁRIO MEIO;716,00;26/11/2025;02:34:39;20;1282-20
CO2;1282;CT-CO2-0;02938df5-6afb-d44e-582d-0b5eea40f8eb;51:88:0A:9E;0;AVIÁRIO MEIO;711,00;26/11/2025;02:39:41;20;1282-20
CO2;1282;CT-CO2-0;02938df5-6afb-d44e-582d-0b5eea40f8eb;51:88:0A:9E;0;AVIÁRIO MEIO;708,00;26/11/2025;02:45:14;20;1282-20
CO2;1282;CT-CO2-0;02938df5-6afb-d44e-582d-0b5eea40f8eb;51:88:0A:9E;0;AVIÁRIO MEIO;715,00;26/11/2025;02:50:46;20;1282-20
CO2;1282;CT-CO2-0;02938df5-6afb-d44e-582d-0b5eea40f8eb;51:88:0A:9E;0;AVIÁRIO MEIO;719,00;26/11/2025;02:55:49;20;1282-20
CO2;1282;CT-CO2-0;02938df5-6afb-d44e-582d-0b5eea40f8eb;51:88:0A:9E;0;AVIÁRIO MEIO;715,00;26/11/2025;03:01:52;20;1282-20
CO2;1282;CT-CO2-0;02938df5-6afb-d44e-582d-0b5eea40f8eb;51:88:0A:9E;0;AVIÁRIO MEIO;717,00;26/11/2025;03:06:55;20;1282-20
CO2;1282;CT-CO2-0;02938df5-6afb-d44e-582d-0b5eea40f8eb;51:88:0A:9E;0;AVIÁRIO MEIO;720,00;26/11/2025;03:11:57;20;1282-20
CO2;1282;CT-CO2-0;02938df5-6afb-d44e-582d-0b5eea40f8eb;51:88:0A:9E;0;AVIÁRIO MEIO;740,00;26/11/2025;03:17:29;20;1282-20
CO2;1282;CT-CO2-0;02938df5-6afb-d44e-582d-0b5eea40f8eb;51:88:0A:9E;0;AVIÁRIO MEIO;749,00;26/11/2025;03:23:02;20;1282-20
CO2;1282;CT-CO2-0;02938df5-6afb-d44e-582d-0b5eea40f8eb;51:88:0A:9E;0;AVIÁRIO MEIO;756,00;26/11/2025;03:28:04;20;1282-20
CO2;1282;CT-CO2-0;02938df5-6afb-d44e-582d-0b5eea40f8eb;51:88:0A:9E;0;AVIÁRIO MEIO;795,00;26/11/2025;03:33:36;20;1282-20
CO2;1282;CT-CO2-0;02938df5-6afb-d44e-582d-0b5eea40f8eb;51:88:0A:9E;0;AVIÁRIO MEIO;745,00;26/11/2025;03:39:09;20;1282-20
CO2;1282;CT-CO2-0;02938df5-6afb-d44e-582d-0b5eea40f8eb;51:88:0A:9E;0;AVIÁRIO MEIO;733,00;26/11/2025;03:44:11;20;1282-20
CO2;1282;CT-CO2-0;02938df5-6afb-d44e-582d-0b5eea40f8eb;51:88:0A:9E;0;AVIÁRIO MEIO;721,00;26/11/2025;03:49:42;20;1282-20
CO2;1282;CT-CO2-0;02938df5-6afb-d44e-582d-0b5eea40f8eb;51:88:0A:9E;0;AVIÁRIO MEIO;852,00;26/11/2025;03:55:15;20;1282-20
CO2;1282;CT-CO2-0;02938df5-6afb-d44e-582d-0b5eea40f8eb;51:88:0A:9E;0;AVIÁRIO MEIO;878,00;26/11/2025;04:00:18;20;1282-20
CO2;1282;CT-CO2-0;02938df5-6afb-d44e-582d-0b5eea40f8eb;51:88:0A:9E;0;AVIÁRIO MEIO;859,00;26/11/2025;04:05:49;20;1282-20
CO2;1282;CT-CO2-0;02938df5-6afb-d44e-582d-0b5eea40f8eb;51:88:0A:9E;0;AVIÁRIO MEIO;843,00;26/11/2025;04:11:54;20;1282-20
CO2;1282;CT-CO2-0;02938df5-6afb-d44e-582d-0b5eea40f8eb;51:88:0A:9E;0;AVIÁRIO MEIO;844,00;26/11/2025;04:16:25;20;1282-20
CO2;1282;CT-CO2-0;02938df5-6afb-d44e-582d-0b5eea40f8eb;51:88:0A:9E;0;AVIÁRIO MEIO;848,00;26/11/2025;04:21:57;20;1282-20
CO2;1282;CT-CO2-0;02938df5-6afb-d44e-582d-0b5eea40f8eb;51:88:0A:9E;0;AVIÁRIO MEIO;860,00;26/11/2025;04:27:29;20;1282-20
CO2;1282;CT-CO2-0;02938df5-6afb-d44e-582d-0b5eea40f8eb;51:88:0A:9E;0;AVIÁRIO MEIO;872,00;26/11/2025;04:32:31;20;1282-20
CO2;1282;CT-CO2-0;02938df5-6afb-d44e-582d-0b5eea40f8eb;51:88:0A:9E;0;AVIÁRIO MEIO;912,00;26/11/2025;04:38:02;20;1282-20
CO2;1282;CT-CO2-0;02938df5-6afb-d44e-582d-0b5eea40f8eb;51:88:0A:9E;0;AVIÁRIO MEIO;915,00;26/11/2025;04:43:34;20;1282-20
CO2;1282;CT-CO2-0;02938df5-6afb-d44e-582d-0b5eea40f8eb;51:88:0A:9E;0;AVIÁRIO MEIO;888,00;26/11/2025;04:48:36;20;1282-20
CO2;1282;CT-CO2-0;02938df5-6afb-d44e-582d-0b5eea40f8eb;51:88:0A:9E;0;AVIÁRIO MEIO;931,00;26/11/2025;04:54:08;20;1282-20
CO2;1282;CT-CO2-0;02938df5-6afb-d44e-582d-0b5eea40f8eb;51:88:0A:9E;0;AVIÁRIO MEIO;930,00;26/11/2025;04:59:42;20;1282-20
CO2;1282;CT-CO2-0;02938df5-6afb-d44e-582d-0b5eea40f8eb;51:88:0A:9E;0;AVIÁRIO MEIO;932,00;26/11/2025;05:04:44;20;1282-20
CO2;1282;CT-CO2-0;02938df5-6afb-d44e-582d-0b5eea40f8eb;51:88:0A:9E;0;AVIÁRIO MEIO;945,00;26/11/2025;05:10:18;20;1282-20
CO2;1282;CT-CO2-0;02938df5-6afb-d44e-582d-0b5eea40f8eb;51:88:0A:9E;0;AVIÁRIO MEIO;942,00;26/11/2025;05:15:51;20;1282-20
CO2;1282;CT-CO2-0;02938df5-6afb-d44e-582d-0b5eea40f8eb;51:88:0A:9E;0;AVIÁRIO MEIO;954,00;26/11/2025;05:21:24;20;1282-20
CO2;1282;CT-CO2-0;02938df5-6afb-d44e-582d-0b5eea40f8eb;51:88:0A:9E;0;AVIÁRIO MEIO;969,00;26/11/2025;05:26:27;20;1282-20
CO2;1282;CT-CO2-0;02938df5-6afb-d44e-582d-0b5eea40f8eb;51:88:0A:9E;0;AVIÁRIO MEIO;950,00;26/11/2025;05:31:58;20;1282-20
CO2;1282;CT-CO2-0;02938df5-6afb-d44e-582d-0b5eea40f8eb;51:88:0A:9E;0;AVIÁRIO MEIO;975,00;26/11/2025;05:37:00;20;1282-20
CO2;1282;CT-CO2-0;02938df5-6afb-d44e-582d-0b5eea40f8eb;51:88:0A:9E;0;AVIÁRIO MEIO;956,00;26/11/2025;05:42:32;20;1282-20
CO2;1282;CT-CO2-0;02938df5-6afb-d44e-582d-0b5eea40f8eb;51:88:0A:9E;0;AVIÁRIO MEIO;978,00;26/11/2025;05:48:03;20;1282-20
CO2;1282;CT-CO2-0;02938df5-6afb-d44e-582d-0b5eea40f8eb;51:88:0A:9E;0;AVIÁRIO MEIO;962,00;26/11/2025;05:53:05;20;1282-20
CO2;1282;CT-CO2-0;02938df5-6afb-d44e-582d-0b5eea40f8eb;51:88:0A:9E;0;AVIÁRIO MEIO;962,00;26/11/2025;05:58:39;20;1282-20
CO2;1282;CT-CO2-0;02938df5-6afb-d44e-582d-0b5eea40f8eb;51:88:0A:9E;0;AVIÁRIO MEIO;969,00;26/11/2025;06:04:11;20;1282-20
CO2;1282;CT-CO2-0;02938df5-6afb-d44e-582d-0b5eea40f8eb;51:88:0A:9E;0;AVIÁRIO MEIO;952,00;26/11/2025;06:09:14;20;1282-20
CO2;1282;CT-CO2-0;02938df5-6afb-d44e-582d-0b5eea40f8eb;51:88:0A:9E;0;AVIÁRIO MEIO;979,00;26/11/2025;06:14:45;20;1282-20
CO2;1282;CT-CO2-0;02938df5-6afb-d44e-582d-0b5eea40f8eb;51:88:0A:9E;0;AVIÁRIO MEIO;995,00;26/11/2025;06:20:17;20;1282-20
CO2;1282;CT-CO2-0;02938df5-6afb-d44e-582d-0b5eea40f8eb;51:88:0A:9E;0;AVIÁRIO MEIO;973,00;26/11/2025;06:25:48;20;1282-20
CO2;1282;CT-CO2-0;02938df5-6afb-d44e-582d-0b5eea40f8eb;51:88:0A:9E;0;AVIÁRIO MEIO;943,00;26/11/2025;06:31:25;20;1282-20
CO2;1282;CT-CO2-0;02938df5-6afb-d44e-582d-0b5eea40f8eb;51:88:0A:9E;0;AVIÁRIO MEIO;954,00;26/11/2025;06:36:26;20;1282-20
CO2;1282;CT-CO2-0;02938df5-6afb-d44e-582d-0b5eea40f8eb;51:88:0A:9E;0;AVIÁRIO MEIO;942,00;26/11/2025;06:41:58;20;1282-20
CO2;1282;CT-CO2-0;02938df5-6afb-d44e-582d-0b5eea40f8eb;51:88:0A:9E;0;AVIÁRIO MEIO;953,00;26/11/2025;06:47:00;20;1282-20
CO2;1282;CT-CO2-0;02938df5-6afb-d44e-582d-0b5eea40f8eb;51:88:0A:9E;0;AVIÁRIO MEIO;922,00;26/11/2025;06:52:32;20;1282-20
CO2;1282;CT-CO2-0;02938df5-6afb-d44e-582d-0b5eea40f8eb;51:88:0A:9E;0;AVIÁRIO MEIO;878,00;26/11/2025;06:58:04;20;1282-20
CO2;1282;CT-CO2-0;02938df5-6afb-d44e-582d-0b5eea40f8eb;51:88:0A:9E;0;AVIÁRIO MEIO;820,00;26/11/2025;07:03:07;20;1282-20
CO2;1282;CT-CO2-0;02938df5-6afb-d44e-582d-0b5eea40f8eb;51:88:0A:9E;0;AVIÁRIO MEIO;793,00;26/11/2025;07:08:38;20;1282-20
CO2;1282;CT-CO2-0;02938df5-6afb-d44e-582d-0b5eea40f8eb;51:88:0A:9E;0;AVIÁRIO MEIO;781,00;26/11/2025;07:14:10;20;1282-20
CO2;1282;CT-CO2-0;02938df5-6afb-d44e-582d-0b5eea40f8eb;51:88:0A:9E;0;AVIÁRIO MEIO;784,00;26/11/2025;07:19:12;20;1282-20
CO2;1282;CT-CO2-0;02938df5-6afb-d44e-582d-0b5eea40f8eb;51:88:0A:9E;0;AVIÁRIO MEIO;796,00;26/11/2025;07:24:44;20;1282-20
CO2;1282;CT-CO2-0;02938df5-6afb-d44e-582d-0b5eea40f8eb;51:88:0A:9E;0;AVIÁRIO MEIO;770,00;26/11/2025;07:35:19;20;1282-20
CO2;1282;CT-CO2-0;02938df5-6afb-d44e-582d-0b5eea40f8eb;51:88:0A:9E;0;AVIÁRIO MEIO;743,00;26/11/2025;07:41:23;20;1282-20
CO2;1282;CT-CO2-0;02938df5-6afb-d44e-582d-0b5eea40f8eb;51:88:0A:9E;0;AVIÁRIO MEIO;725,00;26/11/2025;07:46:30;20;1282-20
CO2;1282;CT-CO2-0;02938df5-6afb-d44e-582d-0b5eea40f8eb;51:88:0A:9E;0;AVIÁRIO MEIO;726,00;26/11/2025;07:51:32;20;1282-20
CO2;1282;CT-CO2-0;02938df5-6afb-d44e-582d-0b5eea40f8eb;51:88:0A:9E;0;AVIÁRIO MEIO;716,00;26/11/2025;07:57:04;20;1282-20
CO2;1282;CT-CO2-0;02938df5-6afb-d44e-582d-0b5eea40f8eb;51:88:0A:9E;0;AVIÁRIO MEIO;718,00;26/11/2025;08:02:05;20;1282-20
CO2;1282;CT-CO2-0;02938df5-6afb-d44e-582d-0b5eea40f8eb;51:88:0A:9E;0;AVIÁRIO MEIO;708,00;26/11/2025;08:07:37;20;1282-20
CO2;1282;CT-CO2-0;02938df5-6afb-d44e-582d-0b5eea40f8eb;51:88:0A:9E;0;AVIÁRIO MEIO;713,00;26/11/2025;08:13:09;20;1282-20
CO2;1282;CT-CO2-0;02938df5-6afb-d44e-582d-0b5eea40f8eb;51:88:0A:9E;0;AVIÁRIO MEIO;732,00;26/11/2025;08:18:41;20;1282-20
CO2;1282;CT-CO2-0;02938df5-6afb-d44e-582d-0b5eea40f8eb;51:88:0A:9E;0;AVIÁRIO MEIO;723,00;26/11/2025;08:23:43;20;1282-20
CO2;1282;CT-CO2-0;02938df5-6afb-d44e-582d-0b5eea40f8eb;51:88:0A:9E;0;AVIÁRIO MEIO;724,00;26/11/2025;08:29:16;20;1282-20
CO2;1282;CT-CO2-0;02938df5-6afb-d44e-582d-0b5eea40f8eb;51:88:0A:9E;0;AVIÁRIO MEIO;706,00;26/11/2025;08:34:48;20;1282-20
CO2;1282;CT-CO2-0;02938df5-6afb-d44e-582d-0b5eea40f8eb;51:88:0A:9E;0;AVIÁRIO MEIO;712,00;26/11/2025;08:39:50;20;1282-20
CO2;1282;CT-CO2-0;02938df5-6afb-d44e-582d-0b5eea40f8eb;51:88:0A:9E;0;AVIÁRIO MEIO;718,00;26/11/2025;08:45:22;20;1282-20
CO2;1282;CT-CO2-0;02938df5-6afb-d44e-582d-0b5eea40f8eb;51:88:0A:9E;0;AVIÁRIO MEIO;733,00;26/11/2025;08:51:26;20;1282-20
CO2;1282;CT-CO2-0;02938df5-6afb-d44e-582d-0b5eea40f8eb;51:88:0A:9E;0;AVIÁRIO MEIO;708,00;26/11/2025;08:55:58;20;1282-20
CO2;1282;CT-CO2-0;02938df5-6afb-d44e-582d-0b5eea40f8eb;51:88:0A:9E;0;AVIÁRIO MEIO;721,00;26/11/2025;09:01:30;20;1282-20
CO2;1282;CT-CO2-0;02938df5-6afb-d44e-582d-0b5eea40f8eb;51:88:0A:9E;0;AVIÁRIO MEIO;719,00;26/11/2025;09:07:03;20;1282-20
CO2;1282;CT-CO2-0;02938df5-6afb-d44e-582d-0b5eea40f8eb;51:88:0A:9E;0;AVIÁRIO MEIO;702,00;26/11/2025;09:12:05;20;1282-20
CO2;1282;CT-CO2-0;02938df5-6afb-d44e-582d-0b5eea40f8eb;51:88:0A:9E;0;AVIÁRIO MEIO;696,00;26/11/2025;09:17:38;20;1282-20
CO2;1282;CT-CO2-0;02938df5-6afb-d44e-582d-0b5eea40f8eb;51:88:0A:9E;0;AVIÁRIO MEIO;746,00;26/11/2025;09:23:10;20;1282-20
CO2;1282;CT-CO2-0;02938df5-6afb-d44e-582d-0b5eea40f8eb;51:88:0A:9E;0;AVIÁRIO MEIO;695,00;26/11/2025;09:28:13;20;1282-20
CO2;1282;CT-CO2-0;02938df5-6afb-d44e-582d-0b5eea40f8eb;51:88:0A:9E;0;AVIÁRIO MEIO;695,00;26/11/2025;09:33:44;20;1282-20
CO2;1282;CT-CO2-0;02938df5-6afb-d44e-582d-0b5eea40f8eb;51:88:0A:9E;0;AVIÁRIO MEIO;695,00;26/11/2025;09:39:16;20;1282-20
CO2;1282;CT-CO2-0;02938df5-6afb-d44e-582d-0b5eea40f8eb;51:88:0A:9E;0;AVIÁRIO MEIO;685,00;26/11/2025;09:44:17;20;1282-20
CO2;1282;CT-CO2-0;02938df5-6afb-d44e-582d-0b5eea40f8eb;51:88:0A:9E;0;AVIÁRIO MEIO;679,00;26/11/2025;09:49:49;20;1282-20
CO2;1282;CT-CO2-0;02938df5-6afb-d44e-582d-0b5eea40f8eb;51:88:0A:9E;0;AVIÁRIO MEIO;707,00;26/11/2025;09:55:21;20;1282-20
CO2;1282;CT-CO2-0;02938df5-6afb-d44e-582d-0b5eea40f8eb;51:88:0A:9E;0;AVIÁRIO MEIO;695,00;26/11/2025;10:00:54;20;1282-20
CO2;1282;CT-CO2-0;02938df5-6afb-d44e-582d-0b5eea40f8eb;51:88:0A:9E;0;AVIÁRIO MEIO;705,00;26/11/2025;10:05:57;20;1282-20
CO2;1282;CT-CO2-0;02938df5-6afb-d44e-582d-0b5eea40f8eb;51:88:0A:9E;0;AVIÁRIO MEIO;724,00;26/11/2025;10:11:29;20;1282-20
CO2;1282;CT-CO2-0;02938df5-6afb-d44e-582d-0b5eea40f8eb;51:88:0A:9E;0;AVIÁRIO MEIO;723,00;26/11/2025;10:16:31;20;1282-20
CO2;1282;CT-CO2-0;02938df5-6afb-d44e-582d-0b5eea40f8eb;51:88:0A:9E;0;AVIÁRIO MEIO;708,00;26/11/2025;10:22:03;20;1282-20
CO2;1282;CT-CO2-0;02938df5-6afb-d44e-582d-0b5eea40f8eb;51:88:0A:9E;0;AVIÁRIO MEIO;694,00;26/11/2025;10:27:35;20;1282-20
CO2;1282;CT-CO2-0;02938df5-6afb-d44e-582d-0b5eea40f8eb;51:88:0A:9E;0;AVIÁRIO MEIO;702,00;26/11/2025;10:32:37;20;1282-20
CO2;1282;CT-CO2-0;02938df5-6afb-d44e-582d-0b5eea40f8eb;51:88:0A:9E;0;AVIÁRIO MEIO;688,00;26/11/2025;10:38:09;20;1282-20
CO2;1282;CT-CO2-0;02938df5-6afb-d44e-582d-0b5eea40f8eb;51:88:0A:9E;0;AVIÁRIO MEIO;692,00;26/11/2025;10:43:45;20;1282-20
CO2;1282;CT-CO2-0;02938df5-6afb-d44e-582d-0b5eea40f8eb;51:88:0A:9E;0;AVIÁRIO MEIO;693,00;26/11/2025;10:48:47;20;1282-20
CO2;1282;CT-CO2-0;02938df5-6afb-d44e-582d-0b5eea40f8eb;51:88:0A:9E;0;AVIÁRIO MEIO;682,00;26/11/2025;10:54:18;20;1282-20
CO2;1282;CT-CO2-0;02938df5-6afb-d44e-582d-0b5eea40f8eb;51:88:0A:9E;0;AVIÁRIO MEIO;676,00;26/11/2025;10:59:51;20;1282-20
CO2;1282;CT-CO2-0;02938df5-6afb-d44e-582d-0b5eea40f8eb;51:88:0A:9E;0;AVIÁRIO MEIO;668,00;26/11/2025;11:04:53;20;1282-20
CO2;1282;CT-CO2-0;02938df5-6afb-d44e-582d-0b5eea40f8eb;51:88:0A:9E;0;AVIÁRIO MEIO;677,00;26/11/2025;11:10:56;20;1282-20
CO2;1282;CT-CO2-0;02938df5-6afb-d44e-582d-0b5eea40f8eb;51:88:0A:9E;0;AVIÁRIO MEIO;664,00;26/11/2025;11:15:58;20;1282-20
CO2;1282;CT-CO2-0;02938df5-6afb-d44e-582d-0b5eea40f8eb;51:88:0A:9E;0;AVIÁRIO MEIO;707,00;26/11/2025;11:21:00;20;1282-20
CO2;1282;CT-CO2-0;02938df5-6afb-d44e-582d-0b5eea40f8eb;51:88:0A:9E;0;AVIÁRIO MEIO;664,00;26/11/2025;11:26:33;20;1282-20
CO2;1282;CT-CO2-0;02938df5-6afb-d44e-582d-0b5eea40f8eb;51:88:0A:9E;0;AVIÁRIO MEIO;644,00;26/11/2025;11:32:05;20;1282-20
CO2;1282;CT-CO2-0;02938df5-6afb-d44e-582d-0b5eea40f8eb;51:88:0A:9E;0;AVIÁRIO MEIO;646,00;26/11/2025;11:37:07;20;1282-20
CO2;1282;CT-CO2-0;02938df5-6afb-d44e-582d-0b5eea40f8eb;51:88:0A:9E;0;AVIÁRIO MEIO;666,00;26/11/2025;11:42:39;20;1282-20
CO2;1282;CT-CO2-0;02938df5-6afb-d44e-582d-0b5eea40f8eb;51:88:0A:9E;0;AVIÁRIO MEIO;640,00;26/11/2025;11:48:11;20;1282-20
CO2;1282;CT-CO2-0;02938df5-6afb-d44e-582d-0b5eea40f8eb;51:88:0A:9E;0;AVIÁRIO MEIO;663,00;26/11/2025;11:53:13;20;1282-20
CO2;1282;CT-CO2-0;02938df5-6afb-d44e-582d-0b5eea40f8eb;51:88:0A:9E;0;AVIÁRIO MEIO;663,00;26/11/2025;11:58:46;20;1282-20
CO2;1282;CT-CO2-0;02938df5-6afb-d44e-582d-0b5eea40f8eb;51:88:0A:9E;0;AVIÁRIO MEIO;648,00;26/11/2025;12:04:19;20;1282-20
CO2;1282;CT-CO2-0;02938df5-6afb-d44e-582d-0b5eea40f8eb;51:88:0A:9E;0;AVIÁRIO MEIO;658,00;26/11/2025;12:09:24;20;1282-20
CO2;1282;CT-CO2-0;02938df5-6afb-d44e-582d-0b5eea40f8eb;51:88:0A:9E;0;AVIÁRIO MEIO;645,00;26/11/2025;12:14:58;20;1282-20
CO2;1282;CT-CO2-0;02938df5-6afb-d44e-582d-0b5eea40f8eb;51:88:0A:9E;0;AVIÁRIO MEIO;664,00;26/11/2025;12:21:02;20;1282-20
CO2;1282;CT-CO2-0;02938df5-6afb-d44e-582d-0b5eea40f8eb;51:88:0A:9E;0;AVIÁRIO MEIO;649,00;26/11/2025;12:25:33;20;1282-20
CO2;1282;CT-CO2-0;02938df5-6afb-d44e-582d-0b5eea40f8eb;51:88:0A:9E;0;AVIÁRIO MEIO;703,00;26/11/2025;12:31:06;20;1282-20
CO2;1282;CT-CO2-0;02938df5-6afb-d44e-582d-0b5eea40f8eb;51:88:0A:9E;0;AVIÁRIO MEIO;672,00;26/11/2025;12:36:38;20;1282-20
CO2;1282;CT-CO2-0;02938df5-6afb-d44e-582d-0b5eea40f8eb;51:88:0A:9E;0;AVIÁRIO MEIO;726,00;26/11/2025;12:41:41;20;1282-20
CO2;1282;CT-CO2-0;02938df5-6afb-d44e-582d-0b5eea40f8eb;51:88:0A:9E;0;AVIÁRIO MEIO;660,00;26/11/2025;12:47:14;20;1282-20
CO2;1282;CT-CO2-0;02938df5-6afb-d44e-582d-0b5eea40f8eb;51:88:0A:9E;0;AVIÁRIO MEIO;661,00;26/11/2025;12:52:46;20;1282-20
CO2;1282;CT-CO2-0;02938df5-6afb-d44e-582d-0b5eea40f8eb;51:88:0A:9E;0;AVIÁRIO MEIO;664,00;26/11/2025;12:57:49;20;1282-20
CO2;1282;CT-CO2-0;02938df5-6afb-d44e-582d-0b5eea40f8eb;51:88:0A:9E;0;AVIÁRIO MEIO;654,00;26/11/2025;13:03:22;20;1282-20
CO2;1282;CT-CO2-0;02938df5-6afb-d44e-582d-0b5eea40f8eb;51:88:0A:9E;0;AVIÁRIO MEIO;670,00;26/11/2025;13:08:55;20;1282-20
CO2;1282;CT-CO2-0;02938df5-6afb-d44e-582d-0b5eea40f8eb;51:88:0A:9E;0;AVIÁRIO MEIO;664,00;26/11/2025;13:13:58;20;1282-20
CO2;1282;CT-CO2-0;02938df5-6afb-d44e-582d-0b5eea40f8eb;51:88:0A:9E;0;AVIÁRIO MEIO;647,00;26/11/2025;13:19:29;20;1282-20
CO2;1282;CT-CO2-0;02938df5-6afb-d44e-582d-0b5eea40f8eb;51:88:0A:9E;0;AVIÁRIO MEIO;642,00;26/11/2025;13:25:01;20;1282-20
CO2;1282;CT-CO2-0;02938df5-6afb-d44e-582d-0b5eea40f8eb;51:88:0A:9E;0;AVIÁRIO MEIO;642,00;26/11/2025;13:30:41;20;1282-20
CO2;1282;CT-CO2-0;02938df5-6afb-d44e-582d-0b5eea40f8eb;51:88:0A:9E;0;AVIÁRIO MEIO;648,00;26/11/2025;13:35:44;20;1282-20
CO2;1282;CT-CO2-0;02938df5-6afb-d44e-582d-0b5eea40f8eb;51:88:0A:9E;0;AVIÁRIO MEIO;656,00;26/11/2025;13:40:46;20;1282-20
CO2;1282;CT-CO2-0;02938df5-6afb-d44e-582d-0b5eea40f8eb;51:88:0A:9E;0;AVIÁRIO MEIO;657,00;26/11/2025;13:46:18;20;1282-20
CO2;1282;CT-CO2-0;02938df5-6afb-d44e-582d-0b5eea40f8eb;51:88:0A:9E;0;AVIÁRIO MEIO;647,00;26/11/2025;13:51:50;20;1282-20
CO2;1282;CT-CO2-0;02938df5-6afb-d44e-582d-0b5eea40f8eb;51:88:0A:9E;0;AVIÁRIO MEIO;638,00;26/11/2025;13:57:22;20;1282-20
CO2;1282;CT-CO2-0;02938df5-6afb-d44e-582d-0b5eea40f8eb;51:88:0A:9E;0;AVIÁRIO MEIO;644,00;26/11/2025;14:02:24;20;1282-20
CO2;1282;CT-CO2-0;02938df5-6afb-d44e-582d-0b5eea40f8eb;51:88:0A:9E;0;AVIÁRIO MEIO;637,00;26/11/2025;14:07:56;20;1282-20
CO2;1282;CT-CO2-0;02938df5-6afb-d44e-582d-0b5eea40f8eb;51:88:0A:9E;0;AVIÁRIO MEIO;651,00;26/11/2025;14:13:27;20;1282-20
CO2;1282;CT-CO2-0;02938df5-6afb-d44e-582d-0b5eea40f8eb;51:88:0A:9E;0;AVIÁRIO MEIO;649,00;26/11/2025;14:18:29;20;1282-20
CO2;1282;CT-CO2-0;02938df5-6afb-d44e-582d-0b5eea40f8eb;51:88:0A:9E;0;AVIÁRIO MEIO;666,00;26/11/2025;14:24:01;20;1282-20
CO2;1282;CT-CO2-0;02938df5-6afb-d44e-582d-0b5eea40f8eb;51:88:0A:9E;0;AVIÁRIO MEIO;654,00;26/11/2025;14:29:33;20;1282-20
CO2;1282;CT-CO2-0;02938df5-6afb-d44e-582d-0b5eea40f8eb;51:88:0A:9E;0;AVIÁRIO MEIO;637,00;26/11/2025;14:35:07;20;1282-20
CO2;1282;CT-CO2-0;02938df5-6afb-d44e-582d-0b5eea40f8eb;51:88:0A:9E;0;AVIÁRIO MEIO;655,00;26/11/2025;14:40:48;20;1282-20
CO2;1282;CT-CO2-0;02938df5-6afb-d44e-582d-0b5eea40f8eb;51:88:0A:9E;0;AVIÁRIO MEIO;629,00;26/11/2025;14:45:50;20;1282-20
CO2;1282;CT-CO2-0;02938df5-6afb-d44e-582d-0b5eea40f8eb;51:88:0A:9E;0;AVIÁRIO MEIO;639,00;26/11/2025;14:50:52;20;1282-20
CO2;1282;CT-CO2-0;02938df5-6afb-d44e-582d-0b5eea40f8eb;51:88:0A:9E;0;AVIÁRIO MEIO;650,00;26/11/2025;14:56:25;20;1282-20
CO2;1282;CT-CO2-0;02938df5-6afb-d44e-582d-0b5eea40f8eb;51:88:0A:9E;0;AVIÁRIO MEIO;653,00;26/11/2025;15:01:57;20;1282-20
CO2;1282;CT-CO2-0;02938df5-6afb-d44e-582d-0b5eea40f8eb;51:88:0A:9E;0;AVIÁRIO MEIO;653,00;26/11/2025;15:07:00;20;1282-20
CO2;1282;CT-CO2-0;02938df5-6afb-d44e-582d-0b5eea40f8eb;51:88:0A:9E;0;AVIÁRIO MEIO;663,00;26/11/2025;15:12:34;20;1282-20
CO2;1282;CT-CO2-0;02938df5-6afb-d44e-582d-0b5eea40f8eb;51:88:0A:9E;0;AVIÁRIO MEIO;656,00;26/11/2025;15:18:06;20;1282-20
CO2;1282;CT-CO2-0;02938df5-6afb-d44e-582d-0b5eea40f8eb;51:88:0A:9E;0;AVIÁRIO MEIO;652,00;26/11/2025;15:23:09;20;1282-20
CO2;1282;CT-CO2-0;02938df5-6afb-d44e-582d-0b5eea40f8eb;51:88:0A:9E;0;AVIÁRIO MEIO;652,00;26/11/2025;15:28:41;20;1282-20
CO2;1282;CT-CO2-0;02938df5-6afb-d44e-582d-0b5eea40f8eb;51:88:0A:9E;0;AVIÁRIO MEIO;651,00;26/11/2025;15:34:14;20;1282-20
CO2;1282;CT-CO2-0;02938df5-6afb-d44e-582d-0b5eea40f8eb;51:88:0A:9E;0;AVIÁRIO MEIO;643,00;26/11/2025;15:39:16;20;1282-20
CO2;1282;CT-CO2-0;02938df5-6afb-d44e-582d-0b5eea40f8eb;51:88:0A:9E;0;AVIÁRIO MEIO;638,00;26/11/2025;15:44:49;20;1282-20
CO2;1282;CT-CO2-0;02938df5-6afb-d44e-582d-0b5eea40f8eb;51:88:0A:9E;0;AVIÁRIO MEIO;627,00;26/11/2025;15:50:54;20;1282-20
CO2;1282;CT-CO2-0;02938df5-6afb-d44e-582d-0b5eea40f8eb;51:88:0A:9E;0;AVIÁRIO MEIO;645,00;26/11/2025;15:55:27;20;1282-20
CO2;1282;CT-CO2-0;02938df5-6afb-d44e-582d-0b5eea40f8eb;51:88:0A:9E;0;AVIÁRIO MEIO;657,00;26/11/2025;16:01:00;20;1282-20
CO2;1282;CT-CO2-0;02938df5-6afb-d44e-582d-0b5eea40f8eb;51:88:0A:9E;0;AVIÁRIO MEIO;642,00;26/11/2025;16:06:31;20;1282-20
CO2;1282;CT-CO2-0;02938df5-6afb-d44e-582d-0b5eea40f8eb;51:88:0A:9E;0;AVIÁRIO MEIO;640,00;26/11/2025;16:12:04;20;1282-20
CO2;1282;CT-CO2-0;02938df5-6afb-d44e-582d-0b5eea40f8eb;51:88:0A:9E;0;AVIÁRIO MEIO;634,00;26/11/2025;16:17:05;20;1282-20
CO2;1282;CT-CO2-0;02938df5-6afb-d44e-582d-0b5eea40f8eb;51:88:0A:9E;0;AVIÁRIO MEIO;638,00;26/11/2025;16:22:38;20;1282-20
CO2;1282;CT-CO2-0;02938df5-6afb-d44e-582d-0b5eea40f8eb;51:88:0A:9E;0;AVIÁRIO MEIO;639,00;26/11/2025;16:28:12;20;1282-20
CO2;1282;CT-CO2-0;02938df5-6afb-d44e-582d-0b5eea40f8eb;51:88:0A:9E;0;AVIÁRIO MEIO;646,00;26/11/2025;16:33:14;20;1282-20
CO2;1282;CT-CO2-0;02938df5-6afb-d44e-582d-0b5eea40f8eb;51:88:0A:9E;0;AVIÁRIO MEIO;640,00;26/11/2025;16:38:47;20;1282-20
CO2;1282;CT-CO2-0;02938df5-6afb-d44e-582d-0b5eea40f8eb;51:88:0A:9E;0;AVIÁRIO MEIO;639,00;26/11/2025;16:44:20;20;1282-20
CO2;1282;CT-CO2-0;02938df5-6afb-d44e-582d-0b5eea40f8eb;51:88:0A:9E;0;AVIÁRIO MEIO;642,00;26/11/2025;16:49:22;20;1282-20
CO2;1282;CT-CO2-0;02938df5-6afb-d44e-582d-0b5eea40f8eb;51:88:0A:9E;0;AVIÁRIO MEIO;710,00;26/11/2025;16:54:54;20;1282-20
CO2;1282;CT-CO2-0;02938df5-6afb-d44e-582d-0b5eea40f8eb;51:88:0A:9E;0;AVIÁRIO MEIO;644,00;26/11/2025;17:00:58;20;1282-20
CO2;1282;CT-CO2-0;02938df5-6afb-d44e-582d-0b5eea40f8eb;51:88:0A:9E;0;AVIÁRIO MEIO;649,00;26/11/2025;17:05:30;20;1282-20
CO2;1282;CT-CO2-0;02938df5-6afb-d44e-582d-0b5eea40f8eb;51:88:0A:9E;0;AVIÁRIO MEIO;641,00;26/11/2025;17:11:02;20;1282-20
CO2;1282;CT-CO2-0;02938df5-6afb-d44e-582d-0b5eea40f8eb;51:88:0A:9E;0;AVIÁRIO MEIO;648,00;26/11/2025;17:16:34;20;1282-20
CO2;1282;CT-CO2-0;02938df5-6afb-d44e-582d-0b5eea40f8eb;51:88:0A:9E;0;AVIÁRIO MEIO;652,00;26/11/2025;17:22:07;20;1282-20
CO2;1282;CT-CO2-0;02938df5-6afb-d44e-582d-0b5eea40f8eb;51:88:0A:9E;0;AVIÁRIO MEIO;649,00;26/11/2025;17:27:09;20;1282-20
CO2;1282;CT-CO2-0;02938df5-6afb-d44e-582d-0b5eea40f8eb;51:88:0A:9E;0;AVIÁRIO MEIO;634,00;26/11/2025;17:32:41;20;1282-20
CO2;1282;CT-CO2-0;02938df5-6afb-d44e-582d-0b5eea40f8eb;51:88:0A:9E;0;AVIÁRIO MEIO;620,00;26/11/2025;17:38:13;20;1282-20
CO2;1282;CT-CO2-0;02938df5-6afb-d44e-582d-0b5eea40f8eb;51:88:0A:9E;0;AVIÁRIO MEIO;632,00;26/11/2025;17:43:15;20;1282-20
CO2;1282;CT-CO2-0;02938df5-6afb-d44e-582d-0b5eea40f8eb;51:88:0A:9E;0;AVIÁRIO MEIO;643,00;26/11/2025;17:48:47;20;1282-20
CO2;1282;CT-CO2-0;02938df5-6afb-d44e-582d-0b5eea40f8eb;51:88:0A:9E;0;AVIÁRIO MEIO;638,00;26/11/2025;17:54:19;20;1282-20
CO2;1282;CT-CO2-0;02938df5-6afb-d44e-582d-0b5eea40f8eb;51:88:0A:9E;0;AVIÁRIO MEIO;638,00;26/11/2025;17:59:51;20;1282-20
CO2;1282;CT-CO2-0;02938df5-6afb-d44e-582d-0b5eea40f8eb;51:88:0A:9E;0;AVIÁRIO MEIO;647,00;26/11/2025;18:04:53;20;1282-20
CO2;1282;CT-CO2-0;02938df5-6afb-d44e-582d-0b5eea40f8eb;51:88:0A:9E;0;AVIÁRIO MEIO;645,00;26/11/2025;18:10:57;20;1282-20
CO2;1282;CT-CO2-0;02938df5-6afb-d44e-582d-0b5eea40f8eb;51:88:0A:9E;0;AVIÁRIO MEIO;652,00;26/11/2025;18:15:59;20;1282-20
CO2;1282;CT-CO2-0;02938df5-6afb-d44e-582d-0b5eea40f8eb;51:88:0A:9E;0;AVIÁRIO MEIO;639,00;26/11/2025;18:21:01;20;1282-20
CO2;1282;CT-CO2-0;02938df5-6afb-d44e-582d-0b5eea40f8eb;51:88:0A:9E;0;AVIÁRIO MEIO;646,00;26/11/2025;18:26:34;20;1282-20
CO2;1282;CT-CO2-0;02938df5-6afb-d44e-582d-0b5eea40f8eb;51:88:0A:9E;0;AVIÁRIO MEIO;648,00;26/11/2025;18:32:06;20;1282-20
CO2;1282;CT-CO2-0;02938df5-6afb-d44e-582d-0b5eea40f8eb;51:88:0A:9E;0;AVIÁRIO MEIO;650,00;26/11/2025;18:37:10;20;1282-20
CO2;1282;CT-CO2-0;02938df5-6afb-d44e-582d-0b5eea40f8eb;51:88:0A:9E;0;AVIÁRIO MEIO;653,00;26/11/2025;18:42:43;20;1282-20
CO2;1282;CT-CO2-0;02938df5-6afb-d44e-582d-0b5eea40f8eb;51:88:0A:9E;0;AVIÁRIO MEIO;657,00;26/11/2025;18:48:14;20;1282-20
CO2;1282;CT-CO2-0;02938df5-6afb-d44e-582d-0b5eea40f8eb;51:88:0A:9E;0;AVIÁRIO MEIO;647,00;26/11/2025;18:53:46;20;1282-20
CO2;1282;CT-CO2-0;02938df5-6afb-d44e-582d-0b5eea40f8eb;51:88:0A:9E;0;AVIÁRIO MEIO;644,00;26/11/2025;18:58:48;20;1282-20
CO2;1282;CT-CO2-0;02938df5-6afb-d44e-582d-0b5eea40f8eb;51:88:0A:9E;0;AVIÁRIO MEIO;647,00;26/11/2025;19:04:21;20;1282-20
CO2;1282;CT-CO2-0;02938df5-6afb-d44e-582d-0b5eea40f8eb;51:88:0A:9E;0;AVIÁRIO MEIO;657,00;26/11/2025;19:09:54;20;1282-20
CO2;1282;CT-CO2-0;02938df5-6afb-d44e-582d-0b5eea40f8eb;51:88:0A:9E;0;AVIÁRIO MEIO;647,00;26/11/2025;19:14:56;20;1282-20
CO2;1282;CT-CO2-0;02938df5-6afb-d44e-582d-0b5eea40f8eb;51:88:0A:9E;0;AVIÁRIO MEIO;641,00;26/11/2025;19:20:59;20;1282-20
CO2;1282;CT-CO2-0;02938df5-6afb-d44e-582d-0b5eea40f8eb;51:88:0A:9E;0;AVIÁRIO MEIO;651,00;26/11/2025;19:26:01;20;1282-20
CO2;1282;CT-CO2-0;02938df5-6afb-d44e-582d-0b5eea40f8eb;51:88:0A:9E;0;AVIÁRIO MEIO;659,00;26/11/2025;19:31:04;20;1282-20
CO2;1282;CT-CO2-0;02938df5-6afb-d44e-582d-0b5eea40f8eb;51:88:0A:9E;0;AVIÁRIO MEIO;645,00;26/11/2025;19:36:37;20;1282-20
CO2;1282;CT-CO2-0;02938df5-6afb-d44e-582d-0b5eea40f8eb;51:88:0A:9E;0;AVIÁRIO MEIO;667,00;26/11/2025;19:42:08;20;1282-20
CO2;1282;CT-CO2-0;02938df5-6afb-d44e-582d-0b5eea40f8eb;51:88:0A:9E;0;AVIÁRIO MEIO;656,00;26/11/2025;19:47:39;20;1282-20
CO2;1282;CT-CO2-0;02938df5-6afb-d44e-582d-0b5eea40f8eb;51:88:0A:9E;0;AVIÁRIO MEIO;659,00;26/11/2025;19:52:41;20;1282-20
CO2;1282;CT-CO2-0;02938df5-6afb-d44e-582d-0b5eea40f8eb;51:88:0A:9E;0;AVIÁRIO MEIO;644,00;26/11/2025;19:58:18;20;1282-20
CO2;1282;CT-CO2-0;02938df5-6afb-d44e-582d-0b5eea40f8eb;51:88:0A:9E;0;AVIÁRIO MEIO;643,00;26/11/2025;20:03:50;20;1282-20
CO2;1282;CT-CO2-0;02938df5-6afb-d44e-582d-0b5eea40f8eb;51:88:0A:9E;0;AVIÁRIO MEIO;674,00;26/11/2025;20:08:52;20;1282-20
CO2;1282;CT-CO2-0;02938df5-6afb-d44e-582d-0b5eea40f8eb;51:88:0A:9E;0;AVIÁRIO MEIO;666,00;26/11/2025;20:14:24;20;1282-20
CO2;1282;CT-CO2-0;02938df5-6afb-d44e-582d-0b5eea40f8eb;51:88:0A:9E;0;AVIÁRIO MEIO;653,00;26/11/2025;20:19:57;20;1282-20
CO2;1282;CT-CO2-0;02938df5-6afb-d44e-582d-0b5eea40f8eb;51:88:0A:9E;0;AVIÁRIO MEIO;647,00;26/11/2025;20:24:59;20;1282-20
CO2;1282;CT-CO2-0;02938df5-6afb-d44e-582d-0b5eea40f8eb;51:88:0A:9E;0;AVIÁRIO MEIO;664,00;26/11/2025;20:31:02;20;1282-20
CO2;1282;CT-CO2-0;02938df5-6afb-d44e-582d-0b5eea40f8eb;51:88:0A:9E;0;AVIÁRIO MEIO;649,00;26/11/2025;20:36:05;20;1282-20
CO2;1282;CT-CO2-0;02938df5-6afb-d44e-582d-0b5eea40f8eb;51:88:0A:9E;0;AVIÁRIO MEIO;681,00;26/11/2025;20:41:07;20;1282-20
CO2;1282;CT-CO2-0;02938df5-6afb-d44e-582d-0b5eea40f8eb;51:88:0A:9E;0;AVIÁRIO MEIO;702,00;26/11/2025;20:46:44;20;1282-20
CO2;1282;CT-CO2-0;02938df5-6afb-d44e-582d-0b5eea40f8eb;51:88:0A:9E;0;AVIÁRIO MEIO;697,00;26/11/2025;20:52:17;20;1282-20
CO2;1282;CT-CO2-0;02938df5-6afb-d44e-582d-0b5eea40f8eb;51:88:0A:9E;0;AVIÁRIO MEIO;652,00;26/11/2025;20:57:19;20;1282-20
CO2;1282;CT-CO2-0;02938df5-6afb-d44e-582d-0b5eea40f8eb;51:88:0A:9E;0;AVIÁRIO MEIO;669,00;26/11/2025;21:06:22;20;1282-20
CO2;1282;CT-CO2-0;02938df5-6afb-d44e-582d-0b5eea40f8eb;51:88:0A:9E;0;AVIÁRIO MEIO;659,00;26/11/2025;21:11:54;20;1282-20
CO2;1282;CT-CO2-0;02938df5-6afb-d44e-582d-0b5eea40f8eb;51:88:0A:9E;0;AVIÁRIO MEIO;657,00;26/11/2025;21:16:56;20;1282-20
CO2;1282;CT-CO2-0;02938df5-6afb-d44e-582d-0b5eea40f8eb;51:88:0A:9E;0;AVIÁRIO MEIO;664,00;26/11/2025;21:22:28;20;1282-20
CO2;1282;CT-CO2-0;02938df5-6afb-d44e-582d-0b5eea40f8eb;51:88:0A:9E;0;AVIÁRIO MEIO;668,00;26/11/2025;21:28:00;20;1282-20
CO2;1282;CT-CO2-0;02938df5-6afb-d44e-582d-0b5eea40f8eb;51:88:0A:9E;0;AVIÁRIO MEIO;667,00;26/11/2025;21:33:33;20;1282-20
CO2;1282;CT-CO2-0;02938df5-6afb-d44e-582d-0b5eea40f8eb;51:88:0A:9E;0;AVIÁRIO MEIO;669,00;26/11/2025;21:39:08;20;1282-20
CO2;1282;CT-CO2-0;02938df5-6afb-d44e-582d-0b5eea40f8eb;51:88:0A:9E;0;AVIÁRIO MEIO;675,00;26/11/2025;21:44:10;20;1282-20
CO2;1282;CT-CO2-0;02938df5-6afb-d44e-582d-0b5eea40f8eb;51:88:0A:9E;0;AVIÁRIO MEIO;670,00;26/11/2025;21:49:42;20;1282-20
CO2;1282;CT-CO2-0;02938df5-6afb-d44e-582d-0b5eea40f8eb;51:88:0A:9E;0;AVIÁRIO MEIO;663,00;26/11/2025;21:55:36;20;1282-20
CO2;1282;CT-CO2-0;02938df5-6afb-d44e-582d-0b5eea40f8eb;51:88:0A:9E;0;AVIÁRIO MEIO;668,00;26/11/2025;22:05:40;20;1282-20
CO2;1282;CT-CO2-0;02938df5-6afb-d44e-582d-0b5eea40f8eb;51:88:0A:9E;0;AVIÁRIO MEIO;660,00;26/11/2025;22:11:12;20;1282-20
CO2;1282;CT-CO2-0;02938df5-6afb-d44e-582d-0b5eea40f8eb;51:88:0A:9E;0;AVIÁRIO MEIO;667,00;26/11/2025;22:16:14;20;1282-20
CO2;1282;CT-CO2-0;02938df5-6afb-d44e-582d-0b5eea40f8eb;51:88:0A:9E;0;AVIÁRIO MEIO;674,00;26/11/2025;22:21:46;20;1282-20
CO2;1282;CT-CO2-0;02938df5-6afb-d44e-582d-0b5eea40f8eb;51:88:0A:9E;0;AVIÁRIO MEIO;652,00;26/11/2025;22:27:18;20;1282-20
CO2;1282;CT-CO2-0;02938df5-6afb-d44e-582d-0b5eea40f8eb;51:88:0A:9E;0;AVIÁRIO MEIO;662,00;26/11/2025;22:32:50;20;1282-20
CO2;1282;CT-CO2-0;02938df5-6afb-d44e-582d-0b5eea40f8eb;51:88:0A:9E;0;AVIÁRIO MEIO;664,00;26/11/2025;22:37:52;20;1282-20
CO2;1282;CT-CO2-0;02938df5-6afb-d44e-582d-0b5eea40f8eb;51:88:0A:9E;0;AVIÁRIO MEIO;662,00;26/11/2025;22:43:24;20;1282-20
CO2;1282;CT-CO2-0;02938df5-6afb-d44e-582d-0b5eea40f8eb;51:88:0A:9E;0;AVIÁRIO MEIO;663,00;26/11/2025;22:48:56;20;1282-20
CO2;1282;CT-CO2-0;02938df5-6afb-d44e-582d-0b5eea40f8eb;51:88:0A:9E;0;AVIÁRIO MEIO;663,00;26/11/2025;22:53:58;20;1282-20
CO2;1282;CT-CO2-0;02938df5-6afb-d44e-582d-0b5eea40f8eb;51:88:0A:9E;0;AVIÁRIO MEIO;662,00;26/11/2025;22:59:30;20;1282-20
CO2;1282;CT-CO2-0;02938df5-6afb-d44e-582d-0b5eea40f8eb;51:88:0A:9E;0;AVIÁRIO MEIO;794,00;26/11/2025;23:05:35;20;1282-20
CO2;1282;CT-CO2-0;02938df5-6afb-d44e-582d-0b5eea40f8eb;51:88:0A:9E;0;AVIÁRIO MEIO;806,00;26/11/2025;23:15:45;20;1282-20
CO2;1282;CT-CO2-0;02938df5-6afb-d44e-582d-0b5eea40f8eb;51:88:0A:9E;0;AVIÁRIO MEIO;753,00;26/11/2025;23:21:17;20;1282-20
CO2;1282;CT-CO2-0;02938df5-6afb-d44e-582d-0b5eea40f8eb;51:88:0A:9E;0;AVIÁRIO MEIO;741,00;26/11/2025;23:26:19;20;1282-20
CO2;1282;CT-CO2-0;02938df5-6afb-d44e-582d-0b5eea40f8eb;51:88:0A:9E;0;AVIÁRIO MEIO;725,00;26/11/2025;23:31:51;20;1282-20
CO2;1282;CT-CO2-0;02938df5-6afb-d44e-582d-0b5eea40f8eb;51:88:0A:9E;0;AVIÁRIO MEIO;736,00;26/11/2025;23:37:23;20;1282-20
CO2;1282;CT-CO2-0;02938df5-6afb-d44e-582d-0b5eea40f8eb;51:88:0A:9E;0;AVIÁRIO MEIO;757,00;26/11/2025;23:42:25;20;1282-20
CO2;1282;CT-CO2-0;02938df5-6afb-d44e-582d-0b5eea40f8eb;51:88:0A:9E;0;AVIÁRIO MEIO;757,00;26/11/2025;23:47:59;20;1282-20
CO2;1282;CT-CO2-0;02938df5-6afb-d44e-582d-0b5eea40f8eb;51:88:0A:9E;0;AVIÁRIO MEIO;735,00;26/11/2025;23:53:31;20;1282-20
CO2;1282;CT-CO2-0;02938df5-6afb-d44e-582d-0b5eea40f8eb;51:88:0A:9E;0;AVIÁRIO MEIO;744,00;26/11/2025;23:58:33;20;1282-20
CO2;1282;CT-CO2-0;02938df5-6afb-d44e-582d-0b5eea40f8eb;51:88:0A:9E;0;AVIÁRIO MEIO;716,00;27/11/2025;00:04:04;20;1282-20
CO2;1282;CT-CO2-0;02938df5-6afb-d44e-582d-0b5eea40f8eb;51:88:0A:9E;0;AVIÁRIO MEIO;740,00;27/11/2025;00:09:36;20;1282-20
CO2;1282;CT-CO2-0;02938df5-6afb-d44e-582d-0b5eea40f8eb;51:88:0A:9E;0;AVIÁRIO MEIO;700,00;27/11/2025;00:15:47;20;1282-20
CO2;1282;CT-CO2-0;02938df5-6afb-d44e-582d-0b5eea40f8eb;51:88:0A:9E;0;AVIÁRIO MEIO;713,00;27/11/2025;00:20:19;20;1282-20
CO2;1282;CT-CO2-0;02938df5-6afb-d44e-582d-0b5eea40f8eb;51:88:0A:9E;0;AVIÁRIO MEIO;713,00;27/11/2025;00:25:51;20;1282-20
CO2;1282;CT-CO2-0;02938df5-6afb-d44e-582d-0b5eea40f8eb;51:88:0A:9E;0;AVIÁRIO MEIO;706,00;27/11/2025;00:30:53;20;1282-20
CO2;1282;CT-CO2-0;02938df5-6afb-d44e-582d-0b5eea40f8eb;51:88:0A:9E;0;AVIÁRIO MEIO;705,00;27/11/2025;00:36:25;20;1282-20
CO2;1282;CT-CO2-0;02938df5-6afb-d44e-582d-0b5eea40f8eb;51:88:0A:9E;0;AVIÁRIO MEIO;704,00;27/11/2025;00:41:57;20;1282-20
CO2;1282;CT-CO2-0;02938df5-6afb-d44e-582d-0b5eea40f8eb;51:88:0A:9E;0;AVIÁRIO MEIO;709,00;27/11/2025;00:46:59;20;1282-20
CO2;1282;CT-CO2-0;02938df5-6afb-d44e-582d-0b5eea40f8eb;51:88:0A:9E;0;AVIÁRIO MEIO;715,00;27/11/2025;00:52:31;20;1282-20
CO2;1282;CT-CO2-0;02938df5-6afb-d44e-582d-0b5eea40f8eb;51:88:0A:9E;0;AVIÁRIO MEIO;706,00;27/11/2025;00:58:03;20;1282-20
CO2;1282;CT-CO2-0;02938df5-6afb-d44e-582d-0b5eea40f8eb;51:88:0A:9E;0;AVIÁRIO MEIO;725,00;27/11/2025;01:03:35;20;1282-20
CO2;1282;CT-CO2-0;02938df5-6afb-d44e-582d-0b5eea40f8eb;51:88:0A:9E;0;AVIÁRIO MEIO;731,00;27/11/2025;01:08:38;20;1282-20
CO2;1282;CT-CO2-0;02938df5-6afb-d44e-582d-0b5eea40f8eb;51:88:0A:9E;0;AVIÁRIO MEIO;721,00;27/11/2025;01:14:09;20;1282-20
CO2;1282;CT-CO2-0;02938df5-6afb-d44e-582d-0b5eea40f8eb;51:88:0A:9E;0;AVIÁRIO MEIO;706,00;27/11/2025;01:19:42;20;1282-20
CO2;1282;CT-CO2-0;02938df5-6afb-d44e-582d-0b5eea40f8eb;51:88:0A:9E;0;AVIÁRIO MEIO;720,00;27/11/2025;01:25:15;20;1282-20
CO2;1282;CT-CO2-0;02938df5-6afb-d44e-582d-0b5eea40f8eb;51:88:0A:9E;0;AVIÁRIO MEIO;717,00;27/11/2025;01:35:49;20;1282-20
CO2;1282;CT-CO2-0;02938df5-6afb-d44e-582d-0b5eea40f8eb;51:88:0A:9E;0;AVIÁRIO MEIO;713,00;27/11/2025;01:40:53;20;1282-20
CO2;1282;CT-CO2-0;02938df5-6afb-d44e-582d-0b5eea40f8eb;51:88:0A:9E;0;AVIÁRIO MEIO;721,00;27/11/2025;01:46:24;20;1282-20
CO2;1282;CT-CO2-0;02938df5-6afb-d44e-582d-0b5eea40f8eb;51:88:0A:9E;0;AVIÁRIO MEIO;732,00;27/11/2025;01:51:56;20;1282-20
CO2;1282;CT-CO2-0;02938df5-6afb-d44e-582d-0b5eea40f8eb;51:88:0A:9E;0;AVIÁRIO MEIO;737,00;27/11/2025;01:57:28;20;1282-20
CO2;1282;CT-CO2-0;02938df5-6afb-d44e-582d-0b5eea40f8eb;51:88:0A:9E;0;AVIÁRIO MEIO;748,00;27/11/2025;02:02:30;20;1282-20
CO2;1282;CT-CO2-0;02938df5-6afb-d44e-582d-0b5eea40f8eb;51:88:0A:9E;0;AVIÁRIO MEIO;745,00;27/11/2025;02:08:02;20;1282-20
CO2;1282;CT-CO2-0;02938df5-6afb-d44e-582d-0b5eea40f8eb;51:88:0A:9E;0;AVIÁRIO MEIO;758,00;27/11/2025;02:13:34;20;1282-20
CO2;1282;CT-CO2-0;02938df5-6afb-d44e-582d-0b5eea40f8eb;51:88:0A:9E;0;AVIÁRIO MEIO;763,00;27/11/2025;02:18:36;20;1282-20
CO2;1282;CT-CO2-0;02938df5-6afb-d44e-582d-0b5eea40f8eb;51:88:0A:9E;0;AVIÁRIO MEIO;773,00;27/11/2025;02:24:08;20;1282-20
CO2;1282;CT-CO2-0;02938df5-6afb-d44e-582d-0b5eea40f8eb;51:88:0A:9E;0;AVIÁRIO MEIO;773,00;27/11/2025;02:29:41;20;1282-20
CO2;1282;CT-CO2-0;02938df5-6afb-d44e-582d-0b5eea40f8eb;51:88:0A:9E;0;AVIÁRIO MEIO;780,00;27/11/2025;02:35:15;20;1282-20
CO2;1282;CT-CO2-0;02938df5-6afb-d44e-582d-0b5eea40f8eb;51:88:0A:9E;0;AVIÁRIO MEIO;759,00;27/11/2025;02:40:17;20;1282-20
CO2;1282;CT-CO2-0;02938df5-6afb-d44e-582d-0b5eea40f8eb;51:88:0A:9E;0;AVIÁRIO MEIO;750,00;27/11/2025;02:45:49;20;1282-20
CO2;1282;CT-CO2-0;02938df5-6afb-d44e-582d-0b5eea40f8eb;51:88:0A:9E;0;AVIÁRIO MEIO;754,00;27/11/2025;02:50:52;20;1282-20
CO2;1282;CT-CO2-0;02938df5-6afb-d44e-582d-0b5eea40f8eb;51:88:0A:9E;0;AVIÁRIO MEIO;737,00;27/11/2025;02:56:25;20;1282-20
CO2;1282;CT-CO2-0;02938df5-6afb-d44e-582d-0b5eea40f8eb;51:88:0A:9E;0;AVIÁRIO MEIO;748,00;27/11/2025;03:01:57;20;1282-20
CO2;1282;CT-CO2-0;02938df5-6afb-d44e-582d-0b5eea40f8eb;51:88:0A:9E;0;AVIÁRIO MEIO;765,00;27/11/2025;03:06:58;20;1282-20
CO2;1282;CT-CO2-0;02938df5-6afb-d44e-582d-0b5eea40f8eb;51:88:0A:9E;0;AVIÁRIO MEIO;772,00;27/11/2025;03:12:30;20;1282-20
CO2;1282;CT-CO2-0;02938df5-6afb-d44e-582d-0b5eea40f8eb;51:88:0A:9E;0;AVIÁRIO MEIO;761,00;27/11/2025;03:18:03;20;1282-20
CO2;1282;CT-CO2-0;02938df5-6afb-d44e-582d-0b5eea40f8eb;51:88:0A:9E;0;AVIÁRIO MEIO;777,00;27/11/2025;03:23:34;20;1282-20
CO2;1282;CT-CO2-0;02938df5-6afb-d44e-582d-0b5eea40f8eb;51:88:0A:9E;0;AVIÁRIO MEIO;763,00;27/11/2025;03:28:35;20;1282-20
CO2;1282;CT-CO2-0;02938df5-6afb-d44e-582d-0b5eea40f8eb;51:88:0A:9E;0;AVIÁRIO MEIO;768,00;27/11/2025;03:34:09;20;1282-20
CO2;1282;CT-CO2-0;02938df5-6afb-d44e-582d-0b5eea40f8eb;51:88:0A:9E;0;AVIÁRIO MEIO;793,00;27/11/2025;03:39:41;20;1282-20
CO2;1282;CT-CO2-0;02938df5-6afb-d44e-582d-0b5eea40f8eb;51:88:0A:9E;0;AVIÁRIO MEIO;780,00;27/11/2025;03:45:14;20;1282-20
CO2;1282;CT-CO2-0;02938df5-6afb-d44e-582d-0b5eea40f8eb;51:88:0A:9E;0;AVIÁRIO MEIO;763,00;27/11/2025;03:50:16;20;1282-20
CO2;1282;CT-CO2-0;02938df5-6afb-d44e-582d-0b5eea40f8eb;51:88:0A:9E;0;AVIÁRIO MEIO;763,00;27/11/2025;03:55:48;20;1282-20
CO2;1282;CT-CO2-0;02938df5-6afb-d44e-582d-0b5eea40f8eb;51:88:0A:9E;0;AVIÁRIO MEIO;752,00;27/11/2025;04:00:50;20;1282-20
CO2;1282;CT-CO2-0;02938df5-6afb-d44e-582d-0b5eea40f8eb;51:88:0A:9E;0;AVIÁRIO MEIO;768,00;27/11/2025;04:06:24;20;1282-20
CO2;1282;CT-CO2-0;02938df5-6afb-d44e-582d-0b5eea40f8eb;51:88:0A:9E;0;AVIÁRIO MEIO;748,00;27/11/2025;04:11:56;20;1282-20
CO2;1282;CT-CO2-0;02938df5-6afb-d44e-582d-0b5eea40f8eb;51:88:0A:9E;0;AVIÁRIO MEIO;762,00;27/11/2025;04:16:57;20;1282-20
CO2;1282;CT-CO2-0;02938df5-6afb-d44e-582d-0b5eea40f8eb;51:88:0A:9E;0;AVIÁRIO MEIO;784,00;27/11/2025;04:22:30;20;1282-20
CO2;1282;CT-CO2-0;02938df5-6afb-d44e-582d-0b5eea40f8eb;51:88:0A:9E;0;AVIÁRIO MEIO;772,00;27/11/2025;04:28:01;20;1282-20
CO2;1282;CT-CO2-0;02938df5-6afb-d44e-582d-0b5eea40f8eb;51:88:0A:9E;0;AVIÁRIO MEIO;752,00;27/11/2025;04:33:33;20;1282-20
CO2;1282;CT-CO2-0;02938df5-6afb-d44e-582d-0b5eea40f8eb;51:88:0A:9E;0;AVIÁRIO MEIO;735,00;27/11/2025;04:38:36;20;1282-20
CO2;1282;CT-CO2-0;02938df5-6afb-d44e-582d-0b5eea40f8eb;51:88:0A:9E;0;AVIÁRIO MEIO;741,00;27/11/2025;04:44:08;20;1282-20
CO2;1282;CT-CO2-0;02938df5-6afb-d44e-582d-0b5eea40f8eb;51:88:0A:9E;0;AVIÁRIO MEIO;752,00;27/11/2025;04:49:40;20;1282-20
CO2;1282;CT-CO2-0;02938df5-6afb-d44e-582d-0b5eea40f8eb;51:88:0A:9E;0;AVIÁRIO MEIO;758,00;27/11/2025;04:55:13;20;1282-20
CO2;1282;CT-CO2-0;02938df5-6afb-d44e-582d-0b5eea40f8eb;51:88:0A:9E;0;AVIÁRIO MEIO;766,00;27/11/2025;05:00:15;20;1282-20
CO2;1282;CT-CO2-0;02938df5-6afb-d44e-582d-0b5eea40f8eb;51:88:0A:9E;0;AVIÁRIO MEIO;807,00;27/11/2025;05:05:47;20;1282-20
CO2;1282;CT-CO2-0;02938df5-6afb-d44e-582d-0b5eea40f8eb;51:88:0A:9E;0;AVIÁRIO MEIO;839,00;27/11/2025;05:10:49;20;1282-20
CO2;1282;CT-CO2-0;02938df5-6afb-d44e-582d-0b5eea40f8eb;51:88:0A:9E;0;AVIÁRIO MEIO;847,00;27/11/2025;05:16:21;20;1282-20
CO2;1282;CT-CO2-0;02938df5-6afb-d44e-582d-0b5eea40f8eb;51:88:0A:9E;0;AVIÁRIO MEIO;852,00;27/11/2025;05:21:53;20;1282-20
CO2;1282;CT-CO2-0;02938df5-6afb-d44e-582d-0b5eea40f8eb;51:88:0A:9E;0;AVIÁRIO MEIO;857,00;27/11/2025;05:27:25;20;1282-20
CO2;1282;CT-CO2-0;02938df5-6afb-d44e-582d-0b5eea40f8eb;51:88:0A:9E;0;AVIÁRIO MEIO;891,00;27/11/2025;05:32:28;20;1282-20
CO2;1282;CT-CO2-0;02938df5-6afb-d44e-582d-0b5eea40f8eb;51:88:0A:9E;0;AVIÁRIO MEIO;853,00;27/11/2025;05:38:00;20;1282-20
CO2;1282;CT-CO2-0;02938df5-6afb-d44e-582d-0b5eea40f8eb;51:88:0A:9E;0;AVIÁRIO MEIO;860,00;27/11/2025;05:43:31;20;1282-20
CO2;1282;CT-CO2-0;02938df5-6afb-d44e-582d-0b5eea40f8eb;51:88:0A:9E;0;AVIÁRIO MEIO;855,00;27/11/2025;05:48:33;20;1282-20
CO2;1282;CT-CO2-0;02938df5-6afb-d44e-582d-0b5eea40f8eb;51:88:0A:9E;0;AVIÁRIO MEIO;846,00;27/11/2025;05:54:06;20;1282-20
CO2;1282;CT-CO2-0;02938df5-6afb-d44e-582d-0b5eea40f8eb;51:88:0A:9E;0;AVIÁRIO MEIO;833,00;27/11/2025;05:59:39;20;1282-20
CO2;1282;CT-CO2-0;02938df5-6afb-d44e-582d-0b5eea40f8eb;51:88:0A:9E;0;AVIÁRIO MEIO;837,00;27/11/2025;06:05:44;20;1282-20
CO2;1282;CT-CO2-0;02938df5-6afb-d44e-582d-0b5eea40f8eb;51:88:0A:9E;0;AVIÁRIO MEIO;854,00;27/11/2025;06:10:16;20;1282-20
CO2;1282;CT-CO2-0;02938df5-6afb-d44e-582d-0b5eea40f8eb;51:88:0A:9E;0;AVIÁRIO MEIO;840,00;27/11/2025;06:15:50;20;1282-20
CO2;1282;CT-CO2-0;02938df5-6afb-d44e-582d-0b5eea40f8eb;51:88:0A:9E;0;AVIÁRIO MEIO;834,00;27/11/2025;06:20:52;20;1282-20
CO2;1282;CT-CO2-0;02938df5-6afb-d44e-582d-0b5eea40f8eb;51:88:0A:9E;0;AVIÁRIO MEIO;819,00;27/11/2025;06:26:24;20;1282-20
CO2;1282;CT-CO2-0;02938df5-6afb-d44e-582d-0b5eea40f8eb;51:88:0A:9E;0;AVIÁRIO MEIO;815,00;27/11/2025;06:31:56;20;1282-20
CO2;1282;CT-CO2-0;02938df5-6afb-d44e-582d-0b5eea40f8eb;51:88:0A:9E;0;AVIÁRIO MEIO;823,00;27/11/2025;06:37:28;20;1282-20
CO2;1282;CT-CO2-0;02938df5-6afb-d44e-582d-0b5eea40f8eb;51:88:0A:9E;0;AVIÁRIO MEIO;828,00;27/11/2025;06:42:30;20;1282-20
CO2;1282;CT-CO2-0;02938df5-6afb-d44e-582d-0b5eea40f8eb;51:88:0A:9E;0;AVIÁRIO MEIO;821,00;27/11/2025;06:48:02;20;1282-20
CO2;1282;CT-CO2-0;02938df5-6afb-d44e-582d-0b5eea40f8eb;51:88:0A:9E;0;AVIÁRIO MEIO;795,00;27/11/2025;06:53:35;20;1282-20
CO2;1282;CT-CO2-0;02938df5-6afb-d44e-582d-0b5eea40f8eb;51:88:0A:9E;0;AVIÁRIO MEIO;809,00;27/11/2025;06:58:37;20;1282-20
CO2;1282;CT-CO2-0;02938df5-6afb-d44e-582d-0b5eea40f8eb;51:88:0A:9E;0;AVIÁRIO MEIO;811,00;27/11/2025;07:04:09;20;1282-20
CO2;1282;CT-CO2-0;02938df5-6afb-d44e-582d-0b5eea40f8eb;51:88:0A:9E;0;AVIÁRIO MEIO;765,00;27/11/2025;07:09:40;20;1282-20
CO2;1282;CT-CO2-0;02938df5-6afb-d44e-582d-0b5eea40f8eb;51:88:0A:9E;0;AVIÁRIO MEIO;742,00;27/11/2025;07:15:45;20;1282-20
CO2;1282;CT-CO2-0;02938df5-6afb-d44e-582d-0b5eea40f8eb;51:88:0A:9E;0;AVIÁRIO MEIO;743,00;27/11/2025;07:20:17;20;1282-20
CO2;1282;CT-CO2-0;02938df5-6afb-d44e-582d-0b5eea40f8eb;51:88:0A:9E;0;AVIÁRIO MEIO;722,00;27/11/2025;07:25:49;20;1282-20
CO2;1282;CT-CO2-0;02938df5-6afb-d44e-582d-0b5eea40f8eb;51:88:0A:9E;0;AVIÁRIO MEIO;697,00;27/11/2025;07:31:21;20;1282-20
CO2;1282;CT-CO2-0;02938df5-6afb-d44e-582d-0b5eea40f8eb;51:88:0A:9E;0;AVIÁRIO MEIO;670,00;27/11/2025;07:36:23;20;1282-20
CO2;1282;CT-CO2-0;02938df5-6afb-d44e-582d-0b5eea40f8eb;51:88:0A:9E;0;AVIÁRIO MEIO;692,00;27/11/2025;07:41:55;20;1282-20
CO2;1282;CT-CO2-0;02938df5-6afb-d44e-582d-0b5eea40f8eb;51:88:0A:9E;0;AVIÁRIO MEIO;669,00;27/11/2025;07:47:28;20;1282-20
CO2;1282;CT-CO2-0;02938df5-6afb-d44e-582d-0b5eea40f8eb;51:88:0A:9E;0;AVIÁRIO MEIO;662,00;27/11/2025;07:52:30;20;1282-20
CO2;1282;CT-CO2-0;02938df5-6afb-d44e-582d-0b5eea40f8eb;51:88:0A:9E;0;AVIÁRIO MEIO;676,00;27/11/2025;07:58:02;20;1282-20
CO2;1282;CT-CO2-0;02938df5-6afb-d44e-582d-0b5eea40f8eb;51:88:0A:9E;0;AVIÁRIO MEIO;671,00;27/11/2025;08:03:34;20;1282-20
CO2;1282;CT-CO2-0;02938df5-6afb-d44e-582d-0b5eea40f8eb;51:88:0A:9E;0;AVIÁRIO MEIO;664,00;27/11/2025;08:09:06;20;1282-20
CO2;1282;CT-CO2-0;02938df5-6afb-d44e-582d-0b5eea40f8eb;51:88:0A:9E;0;AVIÁRIO MEIO;654,00;27/11/2025;08:14:08;20;1282-20
CO2;1282;CT-CO2-0;02938df5-6afb-d44e-582d-0b5eea40f8eb;51:88:0A:9E;0;AVIÁRIO MEIO;659,00;27/11/2025;08:19:40;20;1282-20
CO2;1282;CT-CO2-0;02938df5-6afb-d44e-582d-0b5eea40f8eb;51:88:0A:9E;0;AVIÁRIO MEIO;662,00;27/11/2025;08:25:45;20;1282-20
CO2;1282;CT-CO2-0;02938df5-6afb-d44e-582d-0b5eea40f8eb;51:88:0A:9E;0;AVIÁRIO MEIO;667,00;27/11/2025;08:30:17;20;1282-20
CO2;1282;CT-CO2-0;02938df5-6afb-d44e-582d-0b5eea40f8eb;51:88:0A:9E;0;AVIÁRIO MEIO;667,00;27/11/2025;08:35:49;20;1282-20
CO2;1282;CT-CO2-0;02938df5-6afb-d44e-582d-0b5eea40f8eb;51:88:0A:9E;0;AVIÁRIO MEIO;650,00;27/11/2025;08:41:22;20;1282-20
CO2;1282;CT-CO2-0;02938df5-6afb-d44e-582d-0b5eea40f8eb;51:88:0A:9E;0;AVIÁRIO MEIO;648,00;27/11/2025;08:46:53;20;1282-20
CO2;1282;CT-CO2-0;02938df5-6afb-d44e-582d-0b5eea40f8eb;51:88:0A:9E;0;AVIÁRIO MEIO;653,00;27/11/2025;08:51:56;20;1282-20
CO2;1282;CT-CO2-0;02938df5-6afb-d44e-582d-0b5eea40f8eb;51:88:0A:9E;0;AVIÁRIO MEIO;649,00;27/11/2025;08:57:28;20;1282-20
CO2;1282;CT-CO2-0;02938df5-6afb-d44e-582d-0b5eea40f8eb;51:88:0A:9E;0;AVIÁRIO MEIO;652,00;27/11/2025;09:03:01;20;1282-20
CO2;1282;CT-CO2-0;02938df5-6afb-d44e-582d-0b5eea40f8eb;51:88:0A:9E;0;AVIÁRIO MEIO;645,00;27/11/2025;09:08:03;20;1282-20
CO2;1282;CT-CO2-0;02938df5-6afb-d44e-582d-0b5eea40f8eb;51:88:0A:9E;0;AVIÁRIO MEIO;659,00;27/11/2025;09:13:36;20;1282-20
CO2;1282;CT-CO2-0;02938df5-6afb-d44e-582d-0b5eea40f8eb;51:88:0A:9E;0;AVIÁRIO MEIO;673,00;27/11/2025;09:19:08;20;1282-20
CO2;1282;CT-CO2-0;02938df5-6afb-d44e-582d-0b5eea40f8eb;51:88:0A:9E;0;AVIÁRIO MEIO;667,00;27/11/2025;09:24:40;20;1282-20
CO2;1282;CT-CO2-0;02938df5-6afb-d44e-582d-0b5eea40f8eb;51:88:0A:9E;0;AVIÁRIO MEIO;678,00;27/11/2025;09:29:42;20;1282-20
CO2;1282;CT-CO2-0;02938df5-6afb-d44e-582d-0b5eea40f8eb;51:88:0A:9E;0;AVIÁRIO MEIO;640,00;27/11/2025;09:35:46;20;1282-20
CO2;1282;CT-CO2-0;02938df5-6afb-d44e-582d-0b5eea40f8eb;51:88:0A:9E;0;AVIÁRIO MEIO;655,00;27/11/2025;09:40:48;20;1282-20
CO2;1282;CT-CO2-0;02938df5-6afb-d44e-582d-0b5eea40f8eb;51:88:0A:9E;0;AVIÁRIO MEIO;673,00;27/11/2025;09:45:50;20;1282-20
CO2;1282;CT-CO2-0;02938df5-6afb-d44e-582d-0b5eea40f8eb;51:88:0A:9E;0;AVIÁRIO MEIO;668,00;27/11/2025;09:51:22;20;1282-20
CO2;1282;CT-CO2-0;02938df5-6afb-d44e-582d-0b5eea40f8eb;51:88:0A:9E;0;AVIÁRIO MEIO;691,00;27/11/2025;09:56:54;20;1282-20
CO2;1282;CT-CO2-0;02938df5-6afb-d44e-582d-0b5eea40f8eb;51:88:0A:9E;0;AVIÁRIO MEIO;700,00;27/11/2025;10:01:56;20;1282-20
CO2;1282;CT-CO2-0;02938df5-6afb-d44e-582d-0b5eea40f8eb;51:88:0A:9E;0;AVIÁRIO MEIO;688,00;27/11/2025;10:07:28;20;1282-20
CO2;1282;CT-CO2-0;02938df5-6afb-d44e-582d-0b5eea40f8eb;51:88:0A:9E;0;AVIÁRIO MEIO;692,00;27/11/2025;10:13:00;20;1282-20
CO2;1282;CT-CO2-0;02938df5-6afb-d44e-582d-0b5eea40f8eb;51:88:0A:9E;0;AVIÁRIO MEIO;687,00;27/11/2025;10:18:33;20;1282-20
CO2;1282;CT-CO2-0;02938df5-6afb-d44e-582d-0b5eea40f8eb;51:88:0A:9E;0;AVIÁRIO MEIO;691,00;27/11/2025;10:23:35;20;1282-20
CO2;1282;CT-CO2-0;02938df5-6afb-d44e-582d-0b5eea40f8eb;51:88:0A:9E;0;AVIÁRIO MEIO;690,00;27/11/2025;10:29:07;20;1282-20
CO2;1282;CT-CO2-0;02938df5-6afb-d44e-582d-0b5eea40f8eb;51:88:0A:9E;0;AVIÁRIO MEIO;680,00;27/11/2025;10:34:39;20;1282-20
CO2;1282;CT-CO2-0;02938df5-6afb-d44e-582d-0b5eea40f8eb;51:88:0A:9E;0;AVIÁRIO MEIO;681,00;27/11/2025;10:39:40;20;1282-20
CO2;1282;CT-CO2-0;02938df5-6afb-d44e-582d-0b5eea40f8eb;51:88:0A:9E;0;AVIÁRIO MEIO;677,00;27/11/2025;10:45:43;20;1282-20
CO2;1282;CT-CO2-0;02938df5-6afb-d44e-582d-0b5eea40f8eb;51:88:0A:9E;0;AVIÁRIO MEIO;670,00;27/11/2025;10:50:45;20;1282-20
CO2;1282;CT-CO2-0;02938df5-6afb-d44e-582d-0b5eea40f8eb;51:88:0A:9E;0;AVIÁRIO MEIO;658,00;27/11/2025;10:56:18;20;1282-20
CO2;1282;CT-CO2-0;02938df5-6afb-d44e-582d-0b5eea40f8eb;51:88:0A:9E;0;AVIÁRIO MEIO;661,00;27/11/2025;11:01:21;20;1282-20
CO2;1282;CT-CO2-0;02938df5-6afb-d44e-582d-0b5eea40f8eb;51:88:0A:9E;0;AVIÁRIO MEIO;643,00;27/11/2025;11:06:52;20;1282-20
CO2;1282;CT-CO2-0;02938df5-6afb-d44e-582d-0b5eea40f8eb;51:88:0A:9E;0;AVIÁRIO MEIO;653,00;27/11/2025;11:12:24;20;1282-20
CO2;1282;CT-CO2-0;02938df5-6afb-d44e-582d-0b5eea40f8eb;51:88:0A:9E;0;AVIÁRIO MEIO;657,00;27/11/2025;11:17:26;20;1282-20
CO2;1282;CT-CO2-0;02938df5-6afb-d44e-582d-0b5eea40f8eb;51:88:0A:9E;0;AVIÁRIO MEIO;658,00;27/11/2025;11:22:58;20;1282-20
CO2;1282;CT-CO2-0;02938df5-6afb-d44e-582d-0b5eea40f8eb;51:88:0A:9E;0;AVIÁRIO MEIO;655,00;27/11/2025;11:28:30;20;1282-20
CO2;1282;CT-CO2-0;02938df5-6afb-d44e-582d-0b5eea40f8eb;51:88:0A:9E;0;AVIÁRIO MEIO;652,00;27/11/2025;11:33:35;20;1282-20
CO2;1282;CT-CO2-0;02938df5-6afb-d44e-582d-0b5eea40f8eb;51:88:0A:9E;0;AVIÁRIO MEIO;663,00;27/11/2025;11:39:07;20;1282-20
CO2;1282;CT-CO2-0;02938df5-6afb-d44e-582d-0b5eea40f8eb;51:88:0A:9E;0;AVIÁRIO MEIO;640,00;27/11/2025;11:44:39;20;1282-20
CO2;1282;CT-CO2-0;02938df5-6afb-d44e-582d-0b5eea40f8eb;51:88:0A:9E;0;AVIÁRIO MEIO;658,00;27/11/2025;11:49:41;20;1282-20
CO2;1282;CT-CO2-0;02938df5-6afb-d44e-582d-0b5eea40f8eb;51:88:0A:9E;0;AVIÁRIO MEIO;652,00;27/11/2025;11:55:46;20;1282-20
CO2;1282;CT-CO2-0;02938df5-6afb-d44e-582d-0b5eea40f8eb;51:88:0A:9E;0;AVIÁRIO MEIO;697,00;27/11/2025;12:00:48;20;1282-20
CO2;1282;CT-CO2-0;02938df5-6afb-d44e-582d-0b5eea40f8eb;51:88:0A:9E;0;AVIÁRIO MEIO;644,00;27/11/2025;12:05:51;20;1282-20
CO2;1282;CT-CO2-0;02938df5-6afb-d44e-582d-0b5eea40f8eb;51:88:0A:9E;0;AVIÁRIO MEIO;709,00;27/11/2025;12:11:24;20;1282-20
CO2;1282;CT-CO2-0;02938df5-6afb-d44e-582d-0b5eea40f8eb;51:88:0A:9E;0;AVIÁRIO MEIO;641,00;27/11/2025;12:16:56;20;1282-20
CO2;1282;CT-CO2-0;02938df5-6afb-d44e-582d-0b5eea40f8eb;51:88:0A:9E;0;AVIÁRIO MEIO;647,00;27/11/2025;12:22:28;20;1282-20
CO2;1282;CT-CO2-0;02938df5-6afb-d44e-582d-0b5eea40f8eb;51:88:0A:9E;0;AVIÁRIO MEIO;652,00;27/11/2025;12:27:30;20;1282-20
CO2;1282;CT-CO2-0;02938df5-6afb-d44e-582d-0b5eea40f8eb;51:88:0A:9E;0;AVIÁRIO MEIO;666,00;27/11/2025;12:33:04;20;1282-20
CO2;1282;CT-CO2-0;02938df5-6afb-d44e-582d-0b5eea40f8eb;51:88:0A:9E;0;AVIÁRIO MEIO;649,00;27/11/2025;12:38:36;20;1282-20
CO2;1282;CT-CO2-0;02938df5-6afb-d44e-582d-0b5eea40f8eb;51:88:0A:9E;0;AVIÁRIO MEIO;636,00;27/11/2025;12:43:38;20;1282-20
CO2;1282;CT-CO2-0;02938df5-6afb-d44e-582d-0b5eea40f8eb;51:88:0A:9E;0;AVIÁRIO MEIO;658,00;27/11/2025;12:49:10;20;1282-20
CO2;1282;CT-CO2-0;02938df5-6afb-d44e-582d-0b5eea40f8eb;51:88:0A:9E;0;AVIÁRIO MEIO;658,00;27/11/2025;12:54:42;20;1282-20
CO2;1282;CT-CO2-0;02938df5-6afb-d44e-582d-0b5eea40f8eb;51:88:0A:9E;0;AVIÁRIO MEIO;643,00;27/11/2025;13:00:14;20;1282-20
CO2;1282;CT-CO2-0;02938df5-6afb-d44e-582d-0b5eea40f8eb;51:88:0A:9E;0;AVIÁRIO MEIO;643,00;27/11/2025;13:05:48;20;1282-20
CO2;1282;CT-CO2-0;02938df5-6afb-d44e-582d-0b5eea40f8eb;51:88:0A:9E;0;AVIÁRIO MEIO;650,00;27/11/2025;13:10:53;20;1282-20
CO2;1282;CT-CO2-0;02938df5-6afb-d44e-582d-0b5eea40f8eb;51:88:0A:9E;0;AVIÁRIO MEIO;658,00;27/11/2025;13:15:55;20;1282-20
CO2;1282;CT-CO2-0;02938df5-6afb-d44e-582d-0b5eea40f8eb;51:88:0A:9E;0;AVIÁRIO MEIO;645,00;27/11/2025;13:21:27;20;1282-20
CO2;1282;CT-CO2-0;02938df5-6afb-d44e-582d-0b5eea40f8eb;51:88:0A:9E;0;AVIÁRIO MEIO;648,00;27/11/2025;13:26:59;20;1282-20
CO2;1282;CT-CO2-0;02938df5-6afb-d44e-582d-0b5eea40f8eb;51:88:0A:9E;0;AVIÁRIO MEIO;636,00;27/11/2025;13:32:36;20;1282-20
CO2;1282;CT-CO2-0;02938df5-6afb-d44e-582d-0b5eea40f8eb;51:88:0A:9E;0;AVIÁRIO MEIO;661,00;27/11/2025;13:37:38;20;1282-20
CO2;1282;CT-CO2-0;02938df5-6afb-d44e-582d-0b5eea40f8eb;51:88:0A:9E;0;AVIÁRIO MEIO;645,00;27/11/2025;13:43:10;20;1282-20
CO2;1282;CT-CO2-0;02938df5-6afb-d44e-582d-0b5eea40f8eb;51:88:0A:9E;0;AVIÁRIO MEIO;635,00;27/11/2025;13:48:47;20;1282-20
CO2;1282;CT-CO2-0;02938df5-6afb-d44e-582d-0b5eea40f8eb;51:88:0A:9E;0;AVIÁRIO MEIO;662,00;27/11/2025;13:53:51;20;1282-20
CO2;1282;CT-CO2-0;02938df5-6afb-d44e-582d-0b5eea40f8eb;51:88:0A:9E;0;AVIÁRIO MEIO;651,00;27/11/2025;13:59:23;20;1282-20
CO2;1282;CT-CO2-0;02938df5-6afb-d44e-582d-0b5eea40f8eb;51:88:0A:9E;0;AVIÁRIO MEIO;649,00;27/11/2025;14:04:54;20;1282-20
CO2;1282;CT-CO2-0;02938df5-6afb-d44e-582d-0b5eea40f8eb;51:88:0A:9E;0;AVIÁRIO MEIO;644,00;27/11/2025;14:09:57;20;1282-20
CO2;1282;CT-CO2-0;02938df5-6afb-d44e-582d-0b5eea40f8eb;51:88:0A:9E;0;AVIÁRIO MEIO;645,00;27/11/2025;14:16:01;20;1282-20
CO2;1282;CT-CO2-0;02938df5-6afb-d44e-582d-0b5eea40f8eb;51:88:0A:9E;0;AVIÁRIO MEIO;660,00;27/11/2025;14:21:04;20;1282-20
CO2;1282;CT-CO2-0;02938df5-6afb-d44e-582d-0b5eea40f8eb;51:88:0A:9E;0;AVIÁRIO MEIO;638,00;27/11/2025;14:26:06;20;1282-20
CO2;1282;CT-CO2-0;02938df5-6afb-d44e-582d-0b5eea40f8eb;51:88:0A:9E;0;AVIÁRIO MEIO;644,00;27/11/2025;14:31:39;20;1282-20
CO2;1282;CT-CO2-0;02938df5-6afb-d44e-582d-0b5eea40f8eb;51:88:0A:9E;0;AVIÁRIO MEIO;636,00;27/11/2025;14:37:11;20;1282-20
CO2;1282;CT-CO2-0;02938df5-6afb-d44e-582d-0b5eea40f8eb;51:88:0A:9E;0;AVIÁRIO MEIO;654,00;27/11/2025;14:42:13;20;1282-20
CO2;1282;CT-CO2-0;02938df5-6afb-d44e-582d-0b5eea40f8eb;51:88:0A:9E;0;AVIÁRIO MEIO;641,00;27/11/2025;14:47:45;20;1282-20
CO2;1282;CT-CO2-0;02938df5-6afb-d44e-582d-0b5eea40f8eb;51:88:0A:9E;0;AVIÁRIO MEIO;653,00;27/11/2025;14:53:18;20;1282-20
CO2;1282;CT-CO2-0;02938df5-6afb-d44e-582d-0b5eea40f8eb;51:88:0A:9E;0;AVIÁRIO MEIO;631,00;27/11/2025;14:58:21;20;1282-20
CO2;1282;CT-CO2-0;02938df5-6afb-d44e-582d-0b5eea40f8eb;51:88:0A:9E;0;AVIÁRIO MEIO;645,00;27/11/2025;15:03:52;20;1282-20
CO2;1282;CT-CO2-0;02938df5-6afb-d44e-582d-0b5eea40f8eb;51:88:0A:9E;0;AVIÁRIO MEIO;651,00;27/11/2025;15:09:26;20;1282-20
CO2;1282;CT-CO2-0;02938df5-6afb-d44e-582d-0b5eea40f8eb;51:88:0A:9E;0;AVIÁRIO MEIO;638,00;27/11/2025;15:14:28;20;1282-20
CO2;1282;CT-CO2-0;02938df5-6afb-d44e-582d-0b5eea40f8eb;51:88:0A:9E;0;AVIÁRIO MEIO;625,00;27/11/2025;15:20:00;20;1282-20
CO2;1282;CT-CO2-0;02938df5-6afb-d44e-582d-0b5eea40f8eb;51:88:0A:9E;0;AVIÁRIO MEIO;630,00;27/11/2025;15:26:03;20;1282-20
CO2;1282;CT-CO2-0;02938df5-6afb-d44e-582d-0b5eea40f8eb;51:88:0A:9E;0;AVIÁRIO MEIO;652,00;27/11/2025;15:31:06;20;1282-20
CO2;1282;CT-CO2-0;02938df5-6afb-d44e-582d-0b5eea40f8eb;51:88:0A:9E;0;AVIÁRIO MEIO;641,00;27/11/2025;15:36:08;20;1282-20
CO2;1282;CT-CO2-0;02938df5-6afb-d44e-582d-0b5eea40f8eb;51:88:0A:9E;0;AVIÁRIO MEIO;664,00;27/11/2025;15:41:54;20;1282-20
CO2;1282;CT-CO2-0;02938df5-6afb-d44e-582d-0b5eea40f8eb;51:88:0A:9E;0;AVIÁRIO MEIO;643,00;27/11/2025;15:46:56;20;1282-20
CO2;1282;CT-CO2-0;02938df5-6afb-d44e-582d-0b5eea40f8eb;51:88:0A:9E;0;AVIÁRIO MEIO;638,00;27/11/2025;15:52:28;20;1282-20
CO2;1282;CT-CO2-0;02938df5-6afb-d44e-582d-0b5eea40f8eb;51:88:0A:9E;0;AVIÁRIO MEIO;640,00;27/11/2025;15:58:00;20;1282-20
CO2;1282;CT-CO2-0;02938df5-6afb-d44e-582d-0b5eea40f8eb;51:88:0A:9E;0;AVIÁRIO MEIO;638,00;27/11/2025;16:03:02;20;1282-20
CO2;1282;CT-CO2-0;02938df5-6afb-d44e-582d-0b5eea40f8eb;51:88:0A:9E;0;AVIÁRIO MEIO;656,00;27/11/2025;16:08:35;20;1282-20
CO2;1282;CT-CO2-0;02938df5-6afb-d44e-582d-0b5eea40f8eb;51:88:0A:9E;0;AVIÁRIO MEIO;640,00;27/11/2025;16:14:07;20;1282-20
CO2;1282;CT-CO2-0;02938df5-6afb-d44e-582d-0b5eea40f8eb;51:88:0A:9E;0;AVIÁRIO MEIO;643,00;27/11/2025;16:19:09;20;1282-20
CO2;1282;CT-CO2-0;02938df5-6afb-d44e-582d-0b5eea40f8eb;51:88:0A:9E;0;AVIÁRIO MEIO;652,00;27/11/2025;16:24:40;20;1282-20
CO2;1282;CT-CO2-0;02938df5-6afb-d44e-582d-0b5eea40f8eb;51:88:0A:9E;0;AVIÁRIO MEIO;651,00;27/11/2025;16:30:13;20;1282-20
CO2;1282;CT-CO2-0;02938df5-6afb-d44e-582d-0b5eea40f8eb;51:88:0A:9E;0;AVIÁRIO MEIO;637,00;27/11/2025;16:36:17;20;1282-20
CO2;1282;CT-CO2-0;02938df5-6afb-d44e-582d-0b5eea40f8eb;51:88:0A:9E;0;AVIÁRIO MEIO;652,00;27/11/2025;16:40:49;20;1282-20
CO2;1282;CT-CO2-0;02938df5-6afb-d44e-582d-0b5eea40f8eb;51:88:0A:9E;0;AVIÁRIO MEIO;648,00;27/11/2025;16:46:21;20;1282-20
CO2;1282;CT-CO2-0;02938df5-6afb-d44e-582d-0b5eea40f8eb;51:88:0A:9E;0;AVIÁRIO MEIO;650,00;27/11/2025;16:51:53;20;1282-20
CO2;1282;CT-CO2-0;02938df5-6afb-d44e-582d-0b5eea40f8eb;51:88:0A:9E;0;AVIÁRIO MEIO;646,00;27/11/2025;16:56:55;20;1282-20
CO2;1282;CT-CO2-0;02938df5-6afb-d44e-582d-0b5eea40f8eb;51:88:0A:9E;0;AVIÁRIO MEIO;628,00;27/11/2025;17:02:28;20;1282-20
CO2;1282;CT-CO2-0;02938df5-6afb-d44e-582d-0b5eea40f8eb;51:88:0A:9E;0;AVIÁRIO MEIO;624,00;27/11/2025;17:08:00;20;1282-20
CO2;1282;CT-CO2-0;02938df5-6afb-d44e-582d-0b5eea40f8eb;51:88:0A:9E;0;AVIÁRIO MEIO;626,00;27/11/2025;17:13:02;20;1282-20
CO2;1282;CT-CO2-0;02938df5-6afb-d44e-582d-0b5eea40f8eb;51:88:0A:9E;0;AVIÁRIO MEIO;632,00;27/11/2025;17:18:34;20;1282-20
CO2;1282;CT-CO2-0;02938df5-6afb-d44e-582d-0b5eea40f8eb;51:88:0A:9E;0;AVIÁRIO MEIO;640,00;27/11/2025;17:24:06;20;1282-20
CO2;1282;CT-CO2-0;02938df5-6afb-d44e-582d-0b5eea40f8eb;51:88:0A:9E;0;AVIÁRIO MEIO;726,00;27/11/2025;17:29:38;20;1282-20
CO2;1282;CT-CO2-0;02938df5-6afb-d44e-582d-0b5eea40f8eb;51:88:0A:9E;0;AVIÁRIO MEIO;630,00;27/11/2025;17:34:40;20;1282-20
CO2;1282;CT-CO2-0;02938df5-6afb-d44e-582d-0b5eea40f8eb;51:88:0A:9E;0;AVIÁRIO MEIO;651,00;27/11/2025;17:46:15;20;1282-20
CO2;1282;CT-CO2-0;02938df5-6afb-d44e-582d-0b5eea40f8eb;51:88:0A:9E;0;AVIÁRIO MEIO;625,00;27/11/2025;17:50:47;20;1282-20
CO2;1282;CT-CO2-0;02938df5-6afb-d44e-582d-0b5eea40f8eb;51:88:0A:9E;0;AVIÁRIO MEIO;638,00;27/11/2025;17:56:19;20;1282-20
CO2;1282;CT-CO2-0;02938df5-6afb-d44e-582d-0b5eea40f8eb;51:88:0A:9E;0;AVIÁRIO MEIO;628,00;27/11/2025;18:01:52;20;1282-20
CO2;1282;CT-CO2-0;02938df5-6afb-d44e-582d-0b5eea40f8eb;51:88:0A:9E;0;AVIÁRIO MEIO;654,00;27/11/2025;18:06:54;20;1282-20
CO2;1282;CT-CO2-0;02938df5-6afb-d44e-582d-0b5eea40f8eb;51:88:0A:9E;0;AVIÁRIO MEIO;655,00;27/11/2025;18:12:25;20;1282-20
CO2;1282;CT-CO2-0;02938df5-6afb-d44e-582d-0b5eea40f8eb;51:88:0A:9E;0;AVIÁRIO MEIO;634,00;27/11/2025;18:17:57;20;1282-20
CO2;1282;CT-CO2-0;02938df5-6afb-d44e-582d-0b5eea40f8eb;51:88:0A:9E;0;AVIÁRIO MEIO;656,00;27/11/2025;18:23:30;20;1282-20
CO2;1282;CT-CO2-0;02938df5-6afb-d44e-582d-0b5eea40f8eb;51:88:0A:9E;0;AVIÁRIO MEIO;637,00;27/11/2025;18:28:31;20;1282-20
CO2;1282;CT-CO2-0;02938df5-6afb-d44e-582d-0b5eea40f8eb;51:88:0A:9E;0;AVIÁRIO MEIO;657,00;27/11/2025;18:34:03;20;1282-20
CO2;1282;CT-CO2-0;02938df5-6afb-d44e-582d-0b5eea40f8eb;51:88:0A:9E;0;AVIÁRIO MEIO;650,00;27/11/2025;18:39:35;20;1282-20
CO2;1282;CT-CO2-0;02938df5-6afb-d44e-582d-0b5eea40f8eb;51:88:0A:9E;0;AVIÁRIO MEIO;649,00;27/11/2025;18:44:37;20;1282-20
CO2;1282;CT-CO2-0;02938df5-6afb-d44e-582d-0b5eea40f8eb;51:88:0A:9E;0;AVIÁRIO MEIO;656,00;27/11/2025;18:50:09;20;1282-20
CO2;1282;CT-CO2-0;02938df5-6afb-d44e-582d-0b5eea40f8eb;51:88:0A:9E;0;AVIÁRIO MEIO;653,00;27/11/2025;18:56:13;20;1282-20
CO2;1282;CT-CO2-0;02938df5-6afb-d44e-582d-0b5eea40f8eb;51:88:0A:9E;0;AVIÁRIO MEIO;641,00;27/11/2025;19:01:14;20;1282-20
CO2;1282;CT-CO2-0;02938df5-6afb-d44e-582d-0b5eea40f8eb;51:88:0A:9E;0;AVIÁRIO MEIO;663,00;27/11/2025;19:06:16;20;1282-20
CO2;1282;CT-CO2-0;02938df5-6afb-d44e-582d-0b5eea40f8eb;51:88:0A:9E;0;AVIÁRIO MEIO;635,00;27/11/2025;19:11:48;20;1282-20
CO2;1282;CT-CO2-0;02938df5-6afb-d44e-582d-0b5eea40f8eb;51:88:0A:9E;0;AVIÁRIO MEIO;684,00;27/11/2025;19:17:20;20;1282-20
CO2;1282;CT-CO2-0;02938df5-6afb-d44e-582d-0b5eea40f8eb;51:88:0A:9E;0;AVIÁRIO MEIO;743,00;27/11/2025;19:22:22;20;1282-20
CO2;1282;CT-CO2-0;02938df5-6afb-d44e-582d-0b5eea40f8eb;51:88:0A:9E;0;AVIÁRIO MEIO;713,00;27/11/2025;19:27:54;20;1282-20
CO2;1282;CT-CO2-0;02938df5-6afb-d44e-582d-0b5eea40f8eb;51:88:0A:9E;0;AVIÁRIO MEIO;698,00;27/11/2025;19:33:32;20;1282-20
CO2;1282;CT-CO2-0;02938df5-6afb-d44e-582d-0b5eea40f8eb;51:88:0A:9E;0;AVIÁRIO MEIO;684,00;27/11/2025;19:38:34;20;1282-20
CO2;1282;CT-CO2-0;02938df5-6afb-d44e-582d-0b5eea40f8eb;51:88:0A:9E;0;AVIÁRIO MEIO;669,00;27/11/2025;19:44:06;20;1282-20
CO2;1282;CT-CO2-0;02938df5-6afb-d44e-582d-0b5eea40f8eb;51:88:0A:9E;0;AVIÁRIO MEIO;670,00;27/11/2025;19:49:38;20;1282-20
CO2;1282;CT-CO2-0;02938df5-6afb-d44e-582d-0b5eea40f8eb;51:88:0A:9E;0;AVIÁRIO MEIO;698,00;27/11/2025;20:00:14;20;1282-20
CO2;1282;CT-CO2-0;02938df5-6afb-d44e-582d-0b5eea40f8eb;51:88:0A:9E;0;AVIÁRIO MEIO;675,00;27/11/2025;20:06:18;20;1282-20
CO2;1282;CT-CO2-0;02938df5-6afb-d44e-582d-0b5eea40f8eb;51:88:0A:9E;0;AVIÁRIO MEIO;672,00;27/11/2025;20:11:20;20;1282-20
CO2;1282;CT-CO2-0;02938df5-6afb-d44e-582d-0b5eea40f8eb;51:88:0A:9E;0;AVIÁRIO MEIO;707,00;27/11/2025;20:16:24;20;1282-20
CO2;1282;CT-CO2-0;02938df5-6afb-d44e-582d-0b5eea40f8eb;51:88:0A:9E;0;AVIÁRIO MEIO;692,00;27/11/2025;20:21:56;20;1282-20
CO2;1282;CT-CO2-0;02938df5-6afb-d44e-582d-0b5eea40f8eb;51:88:0A:9E;0;AVIÁRIO MEIO;667,00;27/11/2025;20:27:28;20;1282-20
CO2;1282;CT-CO2-0;02938df5-6afb-d44e-582d-0b5eea40f8eb;51:88:0A:9E;0;AVIÁRIO MEIO;665,00;27/11/2025;20:32:31;20;1282-20
CO2;1282;CT-CO2-0;02938df5-6afb-d44e-582d-0b5eea40f8eb;51:88:0A:9E;0;AVIÁRIO MEIO;675,00;27/11/2025;20:38:04;20;1282-20
CO2;1282;CT-CO2-0;02938df5-6afb-d44e-582d-0b5eea40f8eb;51:88:0A:9E;0;AVIÁRIO MEIO;679,00;27/11/2025;20:43:37;20;1282-20
CO2;1282;CT-CO2-0;02938df5-6afb-d44e-582d-0b5eea40f8eb;51:88:0A:9E;0;AVIÁRIO MEIO;666,00;27/11/2025;20:48:39;20;1282-20
CO2;1282;CT-CO2-0;02938df5-6afb-d44e-582d-0b5eea40f8eb;51:88:0A:9E;0;AVIÁRIO MEIO;667,00;27/11/2025;20:54:11;20;1282-20
CO2;1282;CT-CO2-0;02938df5-6afb-d44e-582d-0b5eea40f8eb;51:88:0A:9E;0;AVIÁRIO MEIO;712,00;27/11/2025;20:59:43;20;1282-20
CO2;1282;CT-CO2-0;02938df5-6afb-d44e-582d-0b5eea40f8eb;51:88:0A:9E;0;AVIÁRIO MEIO;718,00;27/11/2025;21:06:15;20;1282-20
CO2;1282;CT-CO2-0;02938df5-6afb-d44e-582d-0b5eea40f8eb;51:88:0A:9E;0;AVIÁRIO MEIO;698,00;27/11/2025;21:12:18;20;1282-20
CO2;1282;CT-CO2-0;02938df5-6afb-d44e-582d-0b5eea40f8eb;51:88:0A:9E;0;AVIÁRIO MEIO;695,00;27/11/2025;21:17:21;20;1282-20
CO2;1282;CT-CO2-0;02938df5-6afb-d44e-582d-0b5eea40f8eb;51:88:0A:9E;0;AVIÁRIO MEIO;684,00;27/11/2025;21:22:23;20;1282-20
CO2;1282;CT-CO2-0;02938df5-6afb-d44e-582d-0b5eea40f8eb;51:88:0A:9E;0;AVIÁRIO MEIO;666,00;27/11/2025;21:27:56;20;1282-20
CO2;1282;CT-CO2-0;02938df5-6afb-d44e-582d-0b5eea40f8eb;51:88:0A:9E;0;AVIÁRIO MEIO;685,00;27/11/2025;21:33:28;20;1282-20
CO2;1282;CT-CO2-0;02938df5-6afb-d44e-582d-0b5eea40f8eb;51:88:0A:9E;0;AVIÁRIO MEIO;666,00;27/11/2025;21:38:29;20;1282-20
CO2;1282;CT-CO2-0;02938df5-6afb-d44e-582d-0b5eea40f8eb;51:88:0A:9E;0;AVIÁRIO MEIO;674,00;27/11/2025;21:44:02;20;1282-20
CO2;1282;CT-CO2-0;02938df5-6afb-d44e-582d-0b5eea40f8eb;51:88:0A:9E;0;AVIÁRIO MEIO;664,00;27/11/2025;21:49:34;20;1282-20
CO2;1282;CT-CO2-0;02938df5-6afb-d44e-582d-0b5eea40f8eb;51:88:0A:9E;0;AVIÁRIO MEIO;678,00;27/11/2025;21:55:06;20;1282-20
CO2;1282;CT-CO2-0;02938df5-6afb-d44e-582d-0b5eea40f8eb;51:88:0A:9E;0;AVIÁRIO MEIO;684,00;27/11/2025;22:00:09;20;1282-20
CO2;1282;CT-CO2-0;02938df5-6afb-d44e-582d-0b5eea40f8eb;51:88:0A:9E;0;AVIÁRIO MEIO;672,00;27/11/2025;22:05:41;20;1282-20
CO2;1282;CT-CO2-0;02938df5-6afb-d44e-582d-0b5eea40f8eb;51:88:0A:9E;0;AVIÁRIO MEIO;673,00;27/11/2025;22:11:13;20;1282-20
CO2;1282;CT-CO2-0;02938df5-6afb-d44e-582d-0b5eea40f8eb;51:88:0A:9E;0;AVIÁRIO MEIO;679,00;27/11/2025;22:16:14;20;1282-20
CO2;1282;CT-CO2-0;02938df5-6afb-d44e-582d-0b5eea40f8eb;51:88:0A:9E;0;AVIÁRIO MEIO;676,00;27/11/2025;22:22:17;20;1282-20
CO2;1282;CT-CO2-0;02938df5-6afb-d44e-582d-0b5eea40f8eb;51:88:0A:9E;0;AVIÁRIO MEIO;671,00;27/11/2025;22:27:19;20;1282-20
CO2;1282;CT-CO2-0;02938df5-6afb-d44e-582d-0b5eea40f8eb;51:88:0A:9E;0;AVIÁRIO MEIO;670,00;27/11/2025;22:32:51;20;1282-20
CO2;1282;CT-CO2-0;02938df5-6afb-d44e-582d-0b5eea40f8eb;51:88:0A:9E;0;AVIÁRIO MEIO;670,00;27/11/2025;22:37:53;20;1282-20
CO2;1282;CT-CO2-0;02938df5-6afb-d44e-582d-0b5eea40f8eb;51:88:0A:9E;0;AVIÁRIO MEIO;671,00;27/11/2025;22:43:24;20;1282-20
CO2;1282;CT-CO2-0;02938df5-6afb-d44e-582d-0b5eea40f8eb;51:88:0A:9E;0;AVIÁRIO MEIO;678,00;27/11/2025;22:48:57;20;1282-20
CO2;1282;CT-CO2-0;02938df5-6afb-d44e-582d-0b5eea40f8eb;51:88:0A:9E;0;AVIÁRIO MEIO;677,00;27/11/2025;22:53:59;20;1282-20
CO2;1282;CT-CO2-0;02938df5-6afb-d44e-582d-0b5eea40f8eb;51:88:0A:9E;0;AVIÁRIO MEIO;680,00;27/11/2025;22:59:31;20;1282-20
CO2;1282;CT-CO2-0;02938df5-6afb-d44e-582d-0b5eea40f8eb;51:88:0A:9E;0;AVIÁRIO MEIO;688,00;27/11/2025;23:05:09;20;1282-20
CO2;1282;CT-CO2-0;02938df5-6afb-d44e-582d-0b5eea40f8eb;51:88:0A:9E;0;AVIÁRIO MEIO;705,00;27/11/2025;23:10:16;20;1282-20
CO2;1282;CT-CO2-0;02938df5-6afb-d44e-582d-0b5eea40f8eb;51:88:0A:9E;0;AVIÁRIO MEIO;738,00;27/11/2025;23:15:50;20;1282-20
CO2;1282;CT-CO2-0;02938df5-6afb-d44e-582d-0b5eea40f8eb;51:88:0A:9E;0;AVIÁRIO MEIO;721,00;27/11/2025;23:20:52;20;1282-20
CO2;1282;CT-CO2-0;02938df5-6afb-d44e-582d-0b5eea40f8eb;51:88:0A:9E;0;AVIÁRIO MEIO;712,00;27/11/2025;23:26:25;20;1282-20
CO2;1282;CT-CO2-0;02938df5-6afb-d44e-582d-0b5eea40f8eb;51:88:0A:9E;0;AVIÁRIO MEIO;709,00;27/11/2025;23:32:29;20;1282-20
CO2;1282;CT-CO2-0;02938df5-6afb-d44e-582d-0b5eea40f8eb;51:88:0A:9E;0;AVIÁRIO MEIO;694,00;27/11/2025;23:37:02;20;1282-20
CO2;1282;CT-CO2-0;02938df5-6afb-d44e-582d-0b5eea40f8eb;51:88:0A:9E;0;AVIÁRIO MEIO;719,00;27/11/2025;23:42:34;20;1282-20
CO2;1282;CT-CO2-0;02938df5-6afb-d44e-582d-0b5eea40f8eb;51:88:0A:9E;0;AVIÁRIO MEIO;702,00;27/11/2025;23:48:06;20;1282-20
CO2;1282;CT-CO2-0;02938df5-6afb-d44e-582d-0b5eea40f8eb;51:88:0A:9E;0;AVIÁRIO MEIO;681,00;27/11/2025;23:53:38;20;1282-20
CO2;1282;CT-CO2-0;02938df5-6afb-d44e-582d-0b5eea40f8eb;51:88:0A:9E;0;AVIÁRIO MEIO;678,00;27/11/2025;23:58:40;20;1282-20
CO2;1282;CT-CO2-0;02938df5-6afb-d44e-582d-0b5eea40f8eb;51:88:0A:9E;0;AVIÁRIO MEIO;680,00;28/11/2025;00:04:12;20;1282-20
CO2;1282;CT-CO2-0;02938df5-6afb-d44e-582d-0b5eea40f8eb;51:88:0A:9E;0;AVIÁRIO MEIO;674,00;28/11/2025;00:09:44;20;1282-20
CO2;1282;CT-CO2-0;02938df5-6afb-d44e-582d-0b5eea40f8eb;51:88:0A:9E;0;AVIÁRIO MEIO;667,00;28/11/2025;00:14:46;20;1282-20
CO2;1282;CT-CO2-0;02938df5-6afb-d44e-582d-0b5eea40f8eb;51:88:0A:9E;0;AVIÁRIO MEIO;700,00;28/11/2025;00:20:19;20;1282-20
CO2;1282;CT-CO2-0;02938df5-6afb-d44e-582d-0b5eea40f8eb;51:88:0A:9E;0;AVIÁRIO MEIO;681,00;28/11/2025;00:25:52;20;1282-20
CO2;1282;CT-CO2-0;02938df5-6afb-d44e-582d-0b5eea40f8eb;51:88:0A:9E;0;AVIÁRIO MEIO;660,00;28/11/2025;00:30:55;20;1282-20
CO2;1282;CT-CO2-0;02938df5-6afb-d44e-582d-0b5eea40f8eb;51:88:0A:9E;0;AVIÁRIO MEIO;682,00;28/11/2025;00:36:27;20;1282-20
CO2;1282;CT-CO2-0;02938df5-6afb-d44e-582d-0b5eea40f8eb;51:88:0A:9E;0;AVIÁRIO MEIO;687,00;28/11/2025;00:42:30;20;1282-20
CO2;1282;CT-CO2-0;02938df5-6afb-d44e-582d-0b5eea40f8eb;51:88:0A:9E;0;AVIÁRIO MEIO;674,00;28/11/2025;00:47:32;20;1282-20
CO2;1282;CT-CO2-0;02938df5-6afb-d44e-582d-0b5eea40f8eb;51:88:0A:9E;0;AVIÁRIO MEIO;694,00;28/11/2025;00:52:34;20;1282-20
CO2;1282;CT-CO2-0;02938df5-6afb-d44e-582d-0b5eea40f8eb;51:88:0A:9E;0;AVIÁRIO MEIO;687,00;28/11/2025;00:58:06;20;1282-20
CO2;1282;CT-CO2-0;02938df5-6afb-d44e-582d-0b5eea40f8eb;51:88:0A:9E;0;AVIÁRIO MEIO;692,00;28/11/2025;01:03:38;20;1282-20
CO2;1282;CT-CO2-0;02938df5-6afb-d44e-582d-0b5eea40f8eb;51:88:0A:9E;0;AVIÁRIO MEIO;688,00;28/11/2025;01:08:40;20;1282-20
CO2;1282;CT-CO2-0;02938df5-6afb-d44e-582d-0b5eea40f8eb;51:88:0A:9E;0;AVIÁRIO MEIO;697,00;28/11/2025;01:14:12;20;1282-20
CO2;1282;CT-CO2-0;02938df5-6afb-d44e-582d-0b5eea40f8eb;51:88:0A:9E;0;AVIÁRIO MEIO;679,00;28/11/2025;01:19:44;20;1282-20
CO2;1282;CT-CO2-0;02938df5-6afb-d44e-582d-0b5eea40f8eb;51:88:0A:9E;0;AVIÁRIO MEIO;687,00;28/11/2025;01:24:46;20;1282-20
CO2;1282;CT-CO2-0;02938df5-6afb-d44e-582d-0b5eea40f8eb;51:88:0A:9E;0;AVIÁRIO MEIO;699,00;28/11/2025;01:30:19;20;1282-20
CO2;1282;CT-CO2-0;02938df5-6afb-d44e-582d-0b5eea40f8eb;51:88:0A:9E;0;AVIÁRIO MEIO;698,00;28/11/2025;01:35:51;20;1282-20
CO2;1282;CT-CO2-0;02938df5-6afb-d44e-582d-0b5eea40f8eb;51:88:0A:9E;0;AVIÁRIO MEIO;712,00;28/11/2025;01:41:23;20;1282-20
CO2;1282;CT-CO2-0;02938df5-6afb-d44e-582d-0b5eea40f8eb;51:88:0A:9E;0;AVIÁRIO MEIO;706,00;28/11/2025;01:46:25;20;1282-20
CO2;1282;CT-CO2-0;02938df5-6afb-d44e-582d-0b5eea40f8eb;51:88:0A:9E;0;AVIÁRIO MEIO;715,00;28/11/2025;01:52:28;20;1282-20
CO2;1282;CT-CO2-0;02938df5-6afb-d44e-582d-0b5eea40f8eb;51:88:0A:9E;0;AVIÁRIO MEIO;721,00;28/11/2025;01:57:30;20;1282-20
CO2;1282;CT-CO2-0;02938df5-6afb-d44e-582d-0b5eea40f8eb;51:88:0A:9E;0;AVIÁRIO MEIO;731,00;28/11/2025;02:02:32;20;1282-20
CO2;1282;CT-CO2-0;02938df5-6afb-d44e-582d-0b5eea40f8eb;51:88:0A:9E;0;AVIÁRIO MEIO;734,00;28/11/2025;02:08:04;20;1282-20
CO2;1282;CT-CO2-0;02938df5-6afb-d44e-582d-0b5eea40f8eb;51:88:0A:9E;0;AVIÁRIO MEIO;744,00;28/11/2025;02:13:36;20;1282-20
CO2;1282;CT-CO2-0;02938df5-6afb-d44e-582d-0b5eea40f8eb;51:88:0A:9E;0;AVIÁRIO MEIO;735,00;28/11/2025;02:18:38;20;1282-20
CO2;1282;CT-CO2-0;02938df5-6afb-d44e-582d-0b5eea40f8eb;51:88:0A:9E;0;AVIÁRIO MEIO;729,00;28/11/2025;02:24:10;20;1282-20
CO2;1282;CT-CO2-0;02938df5-6afb-d44e-582d-0b5eea40f8eb;51:88:0A:9E;0;AVIÁRIO MEIO;733,00;28/11/2025;02:29:42;20;1282-20
CO2;1282;CT-CO2-0;02938df5-6afb-d44e-582d-0b5eea40f8eb;51:88:0A:9E;0;AVIÁRIO MEIO;734,00;28/11/2025;02:34:44;20;1282-20
CO2;1282;CT-CO2-0;02938df5-6afb-d44e-582d-0b5eea40f8eb;51:88:0A:9E;0;AVIÁRIO MEIO;773,00;28/11/2025;02:40:17;20;1282-20
CO2;1282;CT-CO2-0;02938df5-6afb-d44e-582d-0b5eea40f8eb;51:88:0A:9E;0;AVIÁRIO MEIO;795,00;28/11/2025;02:45:49;20;1282-20
CO2;1282;CT-CO2-0;02938df5-6afb-d44e-582d-0b5eea40f8eb;51:88:0A:9E;0;AVIÁRIO MEIO;788,00;28/11/2025;02:51:21;20;1282-20
CO2;1282;CT-CO2-0;02938df5-6afb-d44e-582d-0b5eea40f8eb;51:88:0A:9E;0;AVIÁRIO MEIO;775,00;28/11/2025;02:56:23;20;1282-20
CO2;1282;CT-CO2-0;02938df5-6afb-d44e-582d-0b5eea40f8eb;51:88:0A:9E;0;AVIÁRIO MEIO;778,00;28/11/2025;03:02:27;20;1282-20
CO2;1282;CT-CO2-0;02938df5-6afb-d44e-582d-0b5eea40f8eb;51:88:0A:9E;0;AVIÁRIO MEIO;794,00;28/11/2025;03:07:30;20;1282-20
CO2;1282;CT-CO2-0;02938df5-6afb-d44e-582d-0b5eea40f8eb;51:88:0A:9E;0;AVIÁRIO MEIO;778,00;28/11/2025;03:12:33;20;1282-20
CO2;1282;CT-CO2-0;02938df5-6afb-d44e-582d-0b5eea40f8eb;51:88:0A:9E;0;AVIÁRIO MEIO;788,00;28/11/2025;03:18:04;20;1282-20
CO2;1282;CT-CO2-0;02938df5-6afb-d44e-582d-0b5eea40f8eb;51:88:0A:9E;0;AVIÁRIO MEIO;793,00;28/11/2025;03:23:36;20;1282-20
CO2;1282;CT-CO2-0;02938df5-6afb-d44e-582d-0b5eea40f8eb;51:88:0A:9E;0;AVIÁRIO MEIO;794,00;28/11/2025;03:28:38;20;1282-20
CO2;1282;CT-CO2-0;02938df5-6afb-d44e-582d-0b5eea40f8eb;51:88:0A:9E;0;AVIÁRIO MEIO;786,00;28/11/2025;03:34:11;20;1282-20
CO2;1282;CT-CO2-0;02938df5-6afb-d44e-582d-0b5eea40f8eb;51:88:0A:9E;0;AVIÁRIO MEIO;794,00;28/11/2025;03:39:43;20;1282-20
CO2;1282;CT-CO2-0;02938df5-6afb-d44e-582d-0b5eea40f8eb;51:88:0A:9E;0;AVIÁRIO MEIO;776,00;28/11/2025;03:44:45;20;1282-20
CO2;1282;CT-CO2-0;02938df5-6afb-d44e-582d-0b5eea40f8eb;51:88:0A:9E;0;AVIÁRIO MEIO;772,00;28/11/2025;03:50:16;20;1282-20
CO2;1282;CT-CO2-0;02938df5-6afb-d44e-582d-0b5eea40f8eb;51:88:0A:9E;0;AVIÁRIO MEIO;755,00;28/11/2025;03:55:48;20;1282-20
CO2;1282;CT-CO2-0;02938df5-6afb-d44e-582d-0b5eea40f8eb;51:88:0A:9E;0;AVIÁRIO MEIO;736,00;28/11/2025;04:01:20;20;1282-20
CO2;1282;CT-CO2-0;02938df5-6afb-d44e-582d-0b5eea40f8eb;51:88:0A:9E;0;AVIÁRIO MEIO;738,00;28/11/2025;04:06:22;20;1282-20
CO2;1282;CT-CO2-0;02938df5-6afb-d44e-582d-0b5eea40f8eb;51:88:0A:9E;0;AVIÁRIO MEIO;737,00;28/11/2025;04:12:25;20;1282-20
CO2;1282;CT-CO2-0;02938df5-6afb-d44e-582d-0b5eea40f8eb;51:88:0A:9E;0;AVIÁRIO MEIO;753,00;28/11/2025;04:17:28;20;1282-20
CO2;1282;CT-CO2-0;02938df5-6afb-d44e-582d-0b5eea40f8eb;51:88:0A:9E;0;AVIÁRIO MEIO;752,00;28/11/2025;04:22:30;20;1282-20
CO2;1282;CT-CO2-0;02938df5-6afb-d44e-582d-0b5eea40f8eb;51:88:0A:9E;0;AVIÁRIO MEIO;747,00;28/11/2025;04:28:04;20;1282-20
CO2;1282;CT-CO2-0;02938df5-6afb-d44e-582d-0b5eea40f8eb;51:88:0A:9E;0;AVIÁRIO MEIO;792,00;28/11/2025;04:33:37;20;1282-20
CO2;1282;CT-CO2-0;02938df5-6afb-d44e-582d-0b5eea40f8eb;51:88:0A:9E;0;AVIÁRIO MEIO;764,00;28/11/2025;04:38:38;20;1282-20
CO2;1282;CT-CO2-0;02938df5-6afb-d44e-582d-0b5eea40f8eb;51:88:0A:9E;0;AVIÁRIO MEIO;766,00;28/11/2025;04:44:10;20;1282-20
CO2;1282;CT-CO2-0;02938df5-6afb-d44e-582d-0b5eea40f8eb;51:88:0A:9E;0;AVIÁRIO MEIO;776,00;28/11/2025;04:49:42;20;1282-20
CO2;1282;CT-CO2-0;02938df5-6afb-d44e-582d-0b5eea40f8eb;51:88:0A:9E;0;AVIÁRIO MEIO;787,00;28/11/2025;04:55:14;20;1282-20
CO2;1282;CT-CO2-0;02938df5-6afb-d44e-582d-0b5eea40f8eb;51:88:0A:9E;0;AVIÁRIO MEIO;815,00;28/11/2025;05:00:15;20;1282-20
CO2;1282;CT-CO2-0;02938df5-6afb-d44e-582d-0b5eea40f8eb;51:88:0A:9E;0;AVIÁRIO MEIO;817,00;28/11/2025;05:05:48;20;1282-20
CO2;1282;CT-CO2-0;02938df5-6afb-d44e-582d-0b5eea40f8eb;51:88:0A:9E;0;AVIÁRIO MEIO;831,00;28/11/2025;05:11:19;20;1282-20
CO2;1282;CT-CO2-0;02938df5-6afb-d44e-582d-0b5eea40f8eb;51:88:0A:9E;0;AVIÁRIO MEIO;825,00;28/11/2025;05:16:21;20;1282-20
CO2;1282;CT-CO2-0;02938df5-6afb-d44e-582d-0b5eea40f8eb;51:88:0A:9E;0;AVIÁRIO MEIO;850,00;28/11/2025;05:22:24;20;1282-20
CO2;1282;CT-CO2-0;02938df5-6afb-d44e-582d-0b5eea40f8eb;51:88:0A:9E;0;AVIÁRIO MEIO;894,00;28/11/2025;05:27:26;20;1282-20
CO2;1282;CT-CO2-0;02938df5-6afb-d44e-582d-0b5eea40f8eb;51:88:0A:9E;0;AVIÁRIO MEIO;861,00;28/11/2025;05:32:58;20;1282-20
CO2;1282;CT-CO2-0;02938df5-6afb-d44e-582d-0b5eea40f8eb;51:88:0A:9E;0;AVIÁRIO MEIO;861,00;28/11/2025;05:38:00;20;1282-20
CO2;1282;CT-CO2-0;02938df5-6afb-d44e-582d-0b5eea40f8eb;51:88:0A:9E;0;AVIÁRIO MEIO;851,00;28/11/2025;05:43:32;20;1282-20
CO2;1282;CT-CO2-0;02938df5-6afb-d44e-582d-0b5eea40f8eb;51:88:0A:9E;0;AVIÁRIO MEIO;840,00;28/11/2025;05:49:04;20;1282-20
CO2;1282;CT-CO2-0;02938df5-6afb-d44e-582d-0b5eea40f8eb;51:88:0A:9E;0;AVIÁRIO MEIO;864,00;28/11/2025;05:54:07;20;1282-20
CO2;1282;CT-CO2-0;02938df5-6afb-d44e-582d-0b5eea40f8eb;51:88:0A:9E;0;AVIÁRIO MEIO;865,00;28/11/2025;05:59:44;20;1282-20
CO2;1282;CT-CO2-0;02938df5-6afb-d44e-582d-0b5eea40f8eb;51:88:0A:9E;0;AVIÁRIO MEIO;880,00;28/11/2025;06:10:19;20;1282-20
CO2;1282;CT-CO2-0;02938df5-6afb-d44e-582d-0b5eea40f8eb;51:88:0A:9E;0;AVIÁRIO MEIO;861,00;28/11/2025;06:15:51;20;1282-20
CO2;1282;CT-CO2-0;02938df5-6afb-d44e-582d-0b5eea40f8eb;51:88:0A:9E;0;AVIÁRIO MEIO;849,00;28/11/2025;06:21:23;20;1282-20
CO2;1282;CT-CO2-0;02938df5-6afb-d44e-582d-0b5eea40f8eb;51:88:0A:9E;0;AVIÁRIO MEIO;853,00;28/11/2025;06:26:25;20;1282-20
CO2;1282;CT-CO2-0;02938df5-6afb-d44e-582d-0b5eea40f8eb;51:88:0A:9E;0;AVIÁRIO MEIO;826,00;28/11/2025;06:32:30;20;1282-20
CO2;1282;CT-CO2-0;02938df5-6afb-d44e-582d-0b5eea40f8eb;51:88:0A:9E;0;AVIÁRIO MEIO;831,00;28/11/2025;06:37:32;20;1282-20
CO2;1282;CT-CO2-0;02938df5-6afb-d44e-582d-0b5eea40f8eb;51:88:0A:9E;0;AVIÁRIO MEIO;830,00;28/11/2025;06:42:34;20;1282-20
CO2;1282;CT-CO2-0;02938df5-6afb-d44e-582d-0b5eea40f8eb;51:88:0A:9E;0;AVIÁRIO MEIO;815,00;28/11/2025;06:48:05;20;1282-20
CO2;1282;CT-CO2-0;02938df5-6afb-d44e-582d-0b5eea40f8eb;51:88:0A:9E;0;AVIÁRIO MEIO;843,00;28/11/2025;06:53:37;20;1282-20
CO2;1282;CT-CO2-0;02938df5-6afb-d44e-582d-0b5eea40f8eb;51:88:0A:9E;0;AVIÁRIO MEIO;819,00;28/11/2025;06:59:09;20;1282-20
CO2;1282;CT-CO2-0;02938df5-6afb-d44e-582d-0b5eea40f8eb;51:88:0A:9E;0;AVIÁRIO MEIO;788,00;28/11/2025;07:04:11;20;1282-20
CO2;1282;CT-CO2-0;02938df5-6afb-d44e-582d-0b5eea40f8eb;51:88:0A:9E;0;AVIÁRIO MEIO;773,00;28/11/2025;07:09:44;20;1282-20
CO2;1282;CT-CO2-0;02938df5-6afb-d44e-582d-0b5eea40f8eb;51:88:0A:9E;0;AVIÁRIO MEIO;735,00;28/11/2025;07:20:20;20;1282-20
CO2;1282;CT-CO2-0;02938df5-6afb-d44e-582d-0b5eea40f8eb;51:88:0A:9E;0;AVIÁRIO MEIO;724,00;28/11/2025;07:25:52;20;1282-20
CO2;1282;CT-CO2-0;02938df5-6afb-d44e-582d-0b5eea40f8eb;51:88:0A:9E;0;AVIÁRIO MEIO;799,00;28/11/2025;07:31:24;20;1282-20
CO2;1282;CT-CO2-0;02938df5-6afb-d44e-582d-0b5eea40f8eb;51:88:0A:9E;0;AVIÁRIO MEIO;737,00;28/11/2025;07:36:26;20;1282-20
CO2;1282;CT-CO2-0;02938df5-6afb-d44e-582d-0b5eea40f8eb;51:88:0A:9E;0;AVIÁRIO MEIO;709,00;28/11/2025;07:42:30;20;1282-20
CO2;1282;CT-CO2-0;02938df5-6afb-d44e-582d-0b5eea40f8eb;51:88:0A:9E;0;AVIÁRIO MEIO;725,00;28/11/2025;07:47:32;20;1282-20
CO2;1282;CT-CO2-0;02938df5-6afb-d44e-582d-0b5eea40f8eb;51:88:0A:9E;0;AVIÁRIO MEIO;696,00;28/11/2025;07:52:33;20;1282-20
CO2;1282;CT-CO2-0;02938df5-6afb-d44e-582d-0b5eea40f8eb;51:88:0A:9E;0;AVIÁRIO MEIO;710,00;28/11/2025;07:58:06;20;1282-20
CO2;1282;CT-CO2-0;02938df5-6afb-d44e-582d-0b5eea40f8eb;51:88:0A:9E;0;AVIÁRIO MEIO;692,00;28/11/2025;08:03:38;20;1282-20
CO2;1282;CT-CO2-0;02938df5-6afb-d44e-582d-0b5eea40f8eb;51:88:0A:9E;0;AVIÁRIO MEIO;702,00;28/11/2025;08:08:40;20;1282-20
CO2;1282;CT-CO2-0;02938df5-6afb-d44e-582d-0b5eea40f8eb;51:88:0A:9E;0;AVIÁRIO MEIO;715,00;28/11/2025;08:14:12;20;1282-20
CO2;1282;CT-CO2-0;02938df5-6afb-d44e-582d-0b5eea40f8eb;51:88:0A:9E;0;AVIÁRIO MEIO;758,00;28/11/2025;08:19:44;20;1282-20
CO2;1282;CT-CO2-0;02938df5-6afb-d44e-582d-0b5eea40f8eb;51:88:0A:9E;0;AVIÁRIO MEIO;884,00;28/11/2025;08:24:48;20;1282-20
CO2;1282;CT-CO2-0;02938df5-6afb-d44e-582d-0b5eea40f8eb;51:88:0A:9E;0;AVIÁRIO MEIO;725,00;28/11/2025;08:30:20;20;1282-20
CO2;1282;CT-CO2-0;02938df5-6afb-d44e-582d-0b5eea40f8eb;51:88:0A:9E;0;AVIÁRIO MEIO;725,00;28/11/2025;08:35:21;20;1282-20
CO2;1282;CT-CO2-0;02938df5-6afb-d44e-582d-0b5eea40f8eb;51:88:0A:9E;0;AVIÁRIO MEIO;669,00;28/11/2025;08:40:53;20;1282-20
CO2;1282;CT-CO2-0;02938df5-6afb-d44e-582d-0b5eea40f8eb;51:88:0A:9E;0;AVIÁRIO MEIO;664,00;28/11/2025;08:46:26;20;1282-20
CO2;1282;CT-CO2-0;02938df5-6afb-d44e-582d-0b5eea40f8eb;51:88:0A:9E;0;AVIÁRIO MEIO;667,00;28/11/2025;08:52:00;20;1282-20
CO2;1282;CT-CO2-0;02938df5-6afb-d44e-582d-0b5eea40f8eb;51:88:0A:9E;0;AVIÁRIO MEIO;669,00;28/11/2025;08:57:02;20;1282-20
CO2;1282;CT-CO2-0;02938df5-6afb-d44e-582d-0b5eea40f8eb;51:88:0A:9E;0;AVIÁRIO MEIO;672,00;28/11/2025;09:02:33;20;1282-20
CO2;1282;CT-CO2-0;02938df5-6afb-d44e-582d-0b5eea40f8eb;51:88:0A:9E;0;AVIÁRIO MEIO;672,00;28/11/2025;09:07:35;20;1282-20
CO2;1282;CT-CO2-0;02938df5-6afb-d44e-582d-0b5eea40f8eb;51:88:0A:9E;0;AVIÁRIO MEIO;669,00;28/11/2025;09:13:08;20;1282-20
CO2;1282;CT-CO2-0;02938df5-6afb-d44e-582d-0b5eea40f8eb;51:88:0A:9E;0;AVIÁRIO MEIO;662,00;28/11/2025;09:18:40;20;1282-20
CO2;1282;CT-CO2-0;02938df5-6afb-d44e-582d-0b5eea40f8eb;51:88:0A:9E;0;AVIÁRIO MEIO;662,00;28/11/2025;09:23:42;20;1282-20
CO2;1282;CT-CO2-0;02938df5-6afb-d44e-582d-0b5eea40f8eb;51:88:0A:9E;0;AVIÁRIO MEIO;652,00;28/11/2025;09:29:14;20;1282-20
CO2;1282;CT-CO2-0;02938df5-6afb-d44e-582d-0b5eea40f8eb;51:88:0A:9E;0;AVIÁRIO MEIO;652,00;28/11/2025;09:34:46;20;1282-20
CO2;1282;CT-CO2-0;02938df5-6afb-d44e-582d-0b5eea40f8eb;51:88:0A:9E;0;AVIÁRIO MEIO;673,00;28/11/2025;09:39:48;20;1282-20
CO2;1282;CT-CO2-0;02938df5-6afb-d44e-582d-0b5eea40f8eb;51:88:0A:9E;0;AVIÁRIO MEIO;676,00;28/11/2025;09:50:52;20;1282-20
CO2;1282;CT-CO2-0;02938df5-6afb-d44e-582d-0b5eea40f8eb;51:88:0A:9E;0;AVIÁRIO MEIO;651,00;28/11/2025;09:55:54;20;1282-20
CO2;1282;CT-CO2-0;02938df5-6afb-d44e-582d-0b5eea40f8eb;51:88:0A:9E;0;AVIÁRIO MEIO;647,00;28/11/2025;10:02:00;20;1282-20
CO2;1282;CT-CO2-0;02938df5-6afb-d44e-582d-0b5eea40f8eb;51:88:0A:9E;0;AVIÁRIO MEIO;658,00;28/11/2025;10:07:02;20;1282-20
CO2;1282;CT-CO2-0;02938df5-6afb-d44e-582d-0b5eea40f8eb;51:88:0A:9E;0;AVIÁRIO MEIO;668,00;28/11/2025;10:12:04;20;1282-20
CO2;1282;CT-CO2-0;02938df5-6afb-d44e-582d-0b5eea40f8eb;51:88:0A:9E;0;AVIÁRIO MEIO;649,00;28/11/2025;10:17:37;20;1282-20
CO2;1282;CT-CO2-0;02938df5-6afb-d44e-582d-0b5eea40f8eb;51:88:0A:9E;0;AVIÁRIO MEIO;651,00;28/11/2025;10:23:08;20;1282-20
CO2;1282;CT-CO2-0;02938df5-6afb-d44e-582d-0b5eea40f8eb;51:88:0A:9E;0;AVIÁRIO MEIO;630,00;28/11/2025;10:28:10;20;1282-20
CO2;1282;CT-CO2-0;02938df5-6afb-d44e-582d-0b5eea40f8eb;51:88:0A:9E;0;AVIÁRIO MEIO;653,00;28/11/2025;10:33:42;20;1282-20
CO2;1282;CT-CO2-0;02938df5-6afb-d44e-582d-0b5eea40f8eb;51:88:0A:9E;0;AVIÁRIO MEIO;666,00;28/11/2025;10:39:15;20;1282-20
CO2;1282;CT-CO2-0;02938df5-6afb-d44e-582d-0b5eea40f8eb;51:88:0A:9E;0;AVIÁRIO MEIO;662,00;28/11/2025;10:44:17;20;1282-20
CO2;1282;CT-CO2-0;02938df5-6afb-d44e-582d-0b5eea40f8eb;51:88:0A:9E;0;AVIÁRIO MEIO;658,00;28/11/2025;10:49:50;20;1282-20
CO2;1282;CT-CO2-0;02938df5-6afb-d44e-582d-0b5eea40f8eb;51:88:0A:9E;0;AVIÁRIO MEIO;652,00;28/11/2025;10:55:22;20;1282-20
CO2;1282;CT-CO2-0;02938df5-6afb-d44e-582d-0b5eea40f8eb;51:88:0A:9E;0;AVIÁRIO MEIO;669,00;28/11/2025;11:00:23;20;1282-20
CO2;1282;CT-CO2-0;02938df5-6afb-d44e-582d-0b5eea40f8eb;51:88:0A:9E;0;AVIÁRIO MEIO;669,00;28/11/2025;11:05:59;20;1282-20
CO2;1282;CT-CO2-0;02938df5-6afb-d44e-582d-0b5eea40f8eb;51:88:0A:9E;0;AVIÁRIO MEIO;673,00;28/11/2025;11:11:33;20;1282-20
CO2;1282;CT-CO2-0;02938df5-6afb-d44e-582d-0b5eea40f8eb;51:88:0A:9E;0;AVIÁRIO MEIO;662,00;28/11/2025;11:16:35;20;1282-20
CO2;1282;CT-CO2-0;02938df5-6afb-d44e-582d-0b5eea40f8eb;51:88:0A:9E;0;AVIÁRIO MEIO;655,00;28/11/2025;11:22:09;20;1282-20
CO2;1282;CT-CO2-0;02938df5-6afb-d44e-582d-0b5eea40f8eb;51:88:0A:9E;0;AVIÁRIO MEIO;668,00;28/11/2025;11:27:12;20;1282-20
CO2;1282;CT-CO2-0;02938df5-6afb-d44e-582d-0b5eea40f8eb;51:88:0A:9E;0;AVIÁRIO MEIO;667,00;28/11/2025;11:32:44;20;1282-20
CO2;1282;CT-CO2-0;02938df5-6afb-d44e-582d-0b5eea40f8eb;51:88:0A:9E;0;AVIÁRIO MEIO;659,00;28/11/2025;11:38:16;20;1282-20
CO2;1282;CT-CO2-0;02938df5-6afb-d44e-582d-0b5eea40f8eb;51:88:0A:9E;0;AVIÁRIO MEIO;660,00;28/11/2025;11:43:18;20;1282-20
CO2;1282;CT-CO2-0;02938df5-6afb-d44e-582d-0b5eea40f8eb;51:88:0A:9E;0;AVIÁRIO MEIO;657,00;28/11/2025;11:48:51;20;1282-20
CO2;1282;CT-CO2-0;02938df5-6afb-d44e-582d-0b5eea40f8eb;51:88:0A:9E;0;AVIÁRIO MEIO;676,00;28/11/2025;11:54:24;20;1282-20
CO2;1282;CT-CO2-0;02938df5-6afb-d44e-582d-0b5eea40f8eb;51:88:0A:9E;0;AVIÁRIO MEIO;660,00;28/11/2025;11:59:27;20;1282-20
CO2;1282;CT-CO2-0;02938df5-6afb-d44e-582d-0b5eea40f8eb;51:88:0A:9E;0;AVIÁRIO MEIO;652,00;28/11/2025;12:04:59;20;1282-20
CO2;1282;CT-CO2-0;02938df5-6afb-d44e-582d-0b5eea40f8eb;51:88:0A:9E;0;AVIÁRIO MEIO;660,00;28/11/2025;12:10:31;20;1282-20
CO2;1282;CT-CO2-0;02938df5-6afb-d44e-582d-0b5eea40f8eb;51:88:0A:9E;0;AVIÁRIO MEIO;644,00;28/11/2025;12:15:33;20;1282-20
CO2;1282;CT-CO2-0;02938df5-6afb-d44e-582d-0b5eea40f8eb;51:88:0A:9E;0;AVIÁRIO MEIO;644,00;28/11/2025;12:21:37;20;1282-20
CO2;1282;CT-CO2-0;02938df5-6afb-d44e-582d-0b5eea40f8eb;51:88:0A:9E;0;AVIÁRIO MEIO;660,00;28/11/2025;12:26:39;20;1282-20
CO2;1282;CT-CO2-0;02938df5-6afb-d44e-582d-0b5eea40f8eb;51:88:0A:9E;0;AVIÁRIO MEIO;638,00;28/11/2025;12:31:40;20;1282-20
CO2;1282;CT-CO2-0;02938df5-6afb-d44e-582d-0b5eea40f8eb;51:88:0A:9E;0;AVIÁRIO MEIO;650,00;28/11/2025;12:37:16;20;1282-20
CO2;1282;CT-CO2-0;02938df5-6afb-d44e-582d-0b5eea40f8eb;51:88:0A:9E;0;AVIÁRIO MEIO;655,00;28/11/2025;12:42:48;20;1282-20
CO2;1282;CT-CO2-0;02938df5-6afb-d44e-582d-0b5eea40f8eb;51:88:0A:9E;0;AVIÁRIO MEIO;637,00;28/11/2025;12:47:50;20;1282-20
CO2;1282;CT-CO2-0;02938df5-6afb-d44e-582d-0b5eea40f8eb;51:88:0A:9E;0;AVIÁRIO MEIO;633,00;28/11/2025;12:53:22;20;1282-20
CO2;1282;CT-CO2-0;02938df5-6afb-d44e-582d-0b5eea40f8eb;51:88:0A:9E;0;AVIÁRIO MEIO;704,00;28/11/2025;12:58:54;20;1282-20
CO2;1282;CT-CO2-0;02938df5-6afb-d44e-582d-0b5eea40f8eb;51:88:0A:9E;0;AVIÁRIO MEIO;636,00;28/11/2025;13:03:57;20;1282-20
CO2;1282;CT-CO2-0;02938df5-6afb-d44e-582d-0b5eea40f8eb;51:88:0A:9E;0;AVIÁRIO MEIO;647,00;28/11/2025;13:09:29;20;1282-20
CO2;1282;CT-CO2-0;02938df5-6afb-d44e-582d-0b5eea40f8eb;51:88:0A:9E;0;AVIÁRIO MEIO;651,00;28/11/2025;13:15:01;20;1282-20
CO2;1282;CT-CO2-0;02938df5-6afb-d44e-582d-0b5eea40f8eb;51:88:0A:9E;0;AVIÁRIO MEIO;642,00;28/11/2025;13:20:04;20;1282-20
CO2;1282;CT-CO2-0;02938df5-6afb-d44e-582d-0b5eea40f8eb;51:88:0A:9E;0;AVIÁRIO MEIO;645,00;28/11/2025;13:25:36;20;1282-20
CO2;1282;CT-CO2-0;02938df5-6afb-d44e-582d-0b5eea40f8eb;51:88:0A:9E;0;AVIÁRIO MEIO;657,00;28/11/2025;13:31:41;20;1282-20
CO2;1282;CT-CO2-0;02938df5-6afb-d44e-582d-0b5eea40f8eb;51:88:0A:9E;0;AVIÁRIO MEIO;638,00;28/11/2025;13:36:13;20;1282-20
CO2;1282;CT-CO2-0;02938df5-6afb-d44e-582d-0b5eea40f8eb;51:88:0A:9E;0;AVIÁRIO MEIO;633,00;28/11/2025;13:41:47;20;1282-20
CO2;1282;CT-CO2-0;02938df5-6afb-d44e-582d-0b5eea40f8eb;51:88:0A:9E;0;AVIÁRIO MEIO;644,00;28/11/2025;13:47:19;20;1282-20
CO2;1282;CT-CO2-0;02938df5-6afb-d44e-582d-0b5eea40f8eb;51:88:0A:9E;0;AVIÁRIO MEIO;645,00;28/11/2025;13:52:51;20;1282-20
CO2;1282;CT-CO2-0;02938df5-6afb-d44e-582d-0b5eea40f8eb;51:88:0A:9E;0;AVIÁRIO MEIO;631,00;28/11/2025;13:57:53;20;1282-20
CO2;1282;CT-CO2-0;02938df5-6afb-d44e-582d-0b5eea40f8eb;51:88:0A:9E;0;AVIÁRIO MEIO;629,00;28/11/2025;14:03:25;20;1282-20
CO2;1282;CT-CO2-0;02938df5-6afb-d44e-582d-0b5eea40f8eb;51:88:0A:9E;0;AVIÁRIO MEIO;636,00;28/11/2025;14:08:57;20;1282-20
CO2;1282;CT-CO2-0;02938df5-6afb-d44e-582d-0b5eea40f8eb;51:88:0A:9E;0;AVIÁRIO MEIO;675,00;28/11/2025;14:13:59;20;1282-20
CO2;1282;CT-CO2-0;02938df5-6afb-d44e-582d-0b5eea40f8eb;51:88:0A:9E;0;AVIÁRIO MEIO;630,00;28/11/2025;14:19:32;20;1282-20
CO2;1282;CT-CO2-0;02938df5-6afb-d44e-582d-0b5eea40f8eb;51:88:0A:9E;0;AVIÁRIO MEIO;638,00;28/11/2025;14:25:03;20;1282-20
CO2;1282;CT-CO2-0;02938df5-6afb-d44e-582d-0b5eea40f8eb;51:88:0A:9E;0;AVIÁRIO MEIO;638,00;28/11/2025;14:30:05;20;1282-20
CO2;1282;CT-CO2-0;02938df5-6afb-d44e-582d-0b5eea40f8eb;51:88:0A:9E;0;AVIÁRIO MEIO;644,00;28/11/2025;14:35:37;20;1282-20
CO2;1282;CT-CO2-0;02938df5-6afb-d44e-582d-0b5eea40f8eb;51:88:0A:9E;0;AVIÁRIO MEIO;630,00;28/11/2025;14:41:44;20;1282-20
CO2;1282;CT-CO2-0;02938df5-6afb-d44e-582d-0b5eea40f8eb;51:88:0A:9E;0;AVIÁRIO MEIO;624,00;28/11/2025;14:46:16;20;1282-20
CO2;1282;CT-CO2-0;02938df5-6afb-d44e-582d-0b5eea40f8eb;51:88:0A:9E;0;AVIÁRIO MEIO;627,00;28/11/2025;14:51:48;20;1282-20
CO2;1282;CT-CO2-0;02938df5-6afb-d44e-582d-0b5eea40f8eb;51:88:0A:9E;0;AVIÁRIO MEIO;631,00;28/11/2025;14:57:20;20;1282-20
CO2;1282;CT-CO2-0;02938df5-6afb-d44e-582d-0b5eea40f8eb;51:88:0A:9E;0;AVIÁRIO MEIO;634,00;28/11/2025;15:02:22;20;1282-20
CO2;1282;CT-CO2-0;02938df5-6afb-d44e-582d-0b5eea40f8eb;51:88:0A:9E;0;AVIÁRIO MEIO;633,00;28/11/2025;15:07:55;20;1282-20
CO2;1282;CT-CO2-0;02938df5-6afb-d44e-582d-0b5eea40f8eb;51:88:0A:9E;0;AVIÁRIO MEIO;652,00;28/11/2025;15:13:27;20;1282-20
CO2;1282;CT-CO2-0;02938df5-6afb-d44e-582d-0b5eea40f8eb;51:88:0A:9E;0;AVIÁRIO MEIO;636,00;28/11/2025;15:18:58;20;1282-20
CO2;1282;CT-CO2-0;02938df5-6afb-d44e-582d-0b5eea40f8eb;51:88:0A:9E;0;AVIÁRIO MEIO;628,00;28/11/2025;15:24:00;20;1282-20
CO2;1282;CT-CO2-0;02938df5-6afb-d44e-582d-0b5eea40f8eb;51:88:0A:9E;0;AVIÁRIO MEIO;656,00;28/11/2025;15:35:06;20;1282-20
CO2;1282;CT-CO2-0;02938df5-6afb-d44e-582d-0b5eea40f8eb;51:88:0A:9E;0;AVIÁRIO MEIO;646,00;28/11/2025;15:40:08;20;1282-20
CO2;1282;CT-CO2-0;02938df5-6afb-d44e-582d-0b5eea40f8eb;51:88:0A:9E;0;AVIÁRIO MEIO;621,00;28/11/2025;15:45:40;20;1282-20
CO2;1282;CT-CO2-0;02938df5-6afb-d44e-582d-0b5eea40f8eb;51:88:0A:9E;0;AVIÁRIO MEIO;627,00;28/11/2025;15:51:44;20;1282-20
CO2;1282;CT-CO2-0;02938df5-6afb-d44e-582d-0b5eea40f8eb;51:88:0A:9E;0;AVIÁRIO MEIO;640,00;28/11/2025;15:56:16;20;1282-20
CO2;1282;CT-CO2-0;02938df5-6afb-d44e-582d-0b5eea40f8eb;51:88:0A:9E;0;AVIÁRIO MEIO;633,00;28/11/2025;16:01:49;20;1282-20
CO2;1282;CT-CO2-0;02938df5-6afb-d44e-582d-0b5eea40f8eb;51:88:0A:9E;0;AVIÁRIO MEIO;641,00;28/11/2025;16:07:22;20;1282-20
CO2;1282;CT-CO2-0;02938df5-6afb-d44e-582d-0b5eea40f8eb;51:88:0A:9E;0;AVIÁRIO MEIO;662,00;28/11/2025;16:12:24;20;1282-20
CO2;1282;CT-CO2-0;02938df5-6afb-d44e-582d-0b5eea40f8eb;51:88:0A:9E;0;AVIÁRIO MEIO;646,00;28/11/2025;16:17:56;20;1282-20
CO2;1282;CT-CO2-0;02938df5-6afb-d44e-582d-0b5eea40f8eb;51:88:0A:9E;0;AVIÁRIO MEIO;639,00;28/11/2025;16:23:28;20;1282-20
CO2;1282;CT-CO2-0;02938df5-6afb-d44e-582d-0b5eea40f8eb;51:88:0A:9E;0;AVIÁRIO MEIO;638,00;28/11/2025;16:28:30;20;1282-20
CO2;1282;CT-CO2-0;02938df5-6afb-d44e-582d-0b5eea40f8eb;51:88:0A:9E;0;AVIÁRIO MEIO;620,00;28/11/2025;16:34:02;20;1282-20
CO2;1282;CT-CO2-0;02938df5-6afb-d44e-582d-0b5eea40f8eb;51:88:0A:9E;0;AVIÁRIO MEIO;625,00;28/11/2025;16:39:34;20;1282-20
CO2;1282;CT-CO2-0;02938df5-6afb-d44e-582d-0b5eea40f8eb;51:88:0A:9E;0;AVIÁRIO MEIO;620,00;28/11/2025;16:45:06;20;1282-20
CO2;1282;CT-CO2-0;02938df5-6afb-d44e-582d-0b5eea40f8eb;51:88:0A:9E;0;AVIÁRIO MEIO;629,00;28/11/2025;16:50:08;20;1282-20
CO2;1282;CT-CO2-0;02938df5-6afb-d44e-582d-0b5eea40f8eb;51:88:0A:9E;0;AVIÁRIO MEIO;624,00;28/11/2025;16:55:40;20;1282-20
CO2;1282;CT-CO2-0;02938df5-6afb-d44e-582d-0b5eea40f8eb;51:88:0A:9E;0;AVIÁRIO MEIO;635,00;28/11/2025;17:01:44;20;1282-20
CO2;1282;CT-CO2-0;02938df5-6afb-d44e-582d-0b5eea40f8eb;51:88:0A:9E;0;AVIÁRIO MEIO;620,00;28/11/2025;17:06:16;20;1282-20
CO2;1282;CT-CO2-0;02938df5-6afb-d44e-582d-0b5eea40f8eb;51:88:0A:9E;0;AVIÁRIO MEIO;621,00;28/11/2025;17:11:49;20;1282-20
CO2;1282;CT-CO2-0;02938df5-6afb-d44e-582d-0b5eea40f8eb;51:88:0A:9E;0;AVIÁRIO MEIO;613,00;28/11/2025;17:17:21;20;1282-20
CO2;1282;CT-CO2-0;02938df5-6afb-d44e-582d-0b5eea40f8eb;51:88:0A:9E;0;AVIÁRIO MEIO;619,00;28/11/2025;17:22:23;20;1282-20
CO2;1282;CT-CO2-0;02938df5-6afb-d44e-582d-0b5eea40f8eb;51:88:0A:9E;0;AVIÁRIO MEIO;659,00;28/11/2025;17:27:55;20;1282-20
CO2;1282;CT-CO2-0;02938df5-6afb-d44e-582d-0b5eea40f8eb;51:88:0A:9E;0;AVIÁRIO MEIO;596,00;28/11/2025;17:33:27;20;1282-20
CO2;1282;CT-CO2-0;02938df5-6afb-d44e-582d-0b5eea40f8eb;51:88:0A:9E;0;AVIÁRIO MEIO;601,00;28/11/2025;17:38:29;20;1282-20
CO2;1282;CT-CO2-0;02938df5-6afb-d44e-582d-0b5eea40f8eb;51:88:0A:9E;0;AVIÁRIO MEIO;613,00;28/11/2025;17:44:00;20;1282-20
CO2;1282;CT-CO2-0;02938df5-6afb-d44e-582d-0b5eea40f8eb;51:88:0A:9E;0;AVIÁRIO MEIO;603,00;28/11/2025;17:49:32;20;1282-20
CO2;1282;CT-CO2-0;02938df5-6afb-d44e-582d-0b5eea40f8eb;51:88:0A:9E;0;AVIÁRIO MEIO;630,00;28/11/2025;17:55:05;20;1282-20
CO2;1282;CT-CO2-0;02938df5-6afb-d44e-582d-0b5eea40f8eb;51:88:0A:9E;0;AVIÁRIO MEIO;622,00;28/11/2025;18:00:06;20;1282-20
CO2;1282;CT-CO2-0;02938df5-6afb-d44e-582d-0b5eea40f8eb;51:88:0A:9E;0;AVIÁRIO MEIO;633,00;28/11/2025;18:05:39;20;1282-20
CO2;1282;CT-CO2-0;02938df5-6afb-d44e-582d-0b5eea40f8eb;51:88:0A:9E;0;AVIÁRIO MEIO;622,00;28/11/2025;18:11:43;20;1282-20
CO2;1282;CT-CO2-0;02938df5-6afb-d44e-582d-0b5eea40f8eb;51:88:0A:9E;0;AVIÁRIO MEIO;625,00;28/11/2025;18:16:14;20;1282-20
CO2;1282;CT-CO2-0;02938df5-6afb-d44e-582d-0b5eea40f8eb;51:88:0A:9E;0;AVIÁRIO MEIO;625,00;28/11/2025;18:21:47;20;1282-20
CO2;1282;CT-CO2-0;02938df5-6afb-d44e-582d-0b5eea40f8eb;51:88:0A:9E;0;AVIÁRIO MEIO;631,00;28/11/2025;18:27:19;20;1282-20
CO2;1282;CT-CO2-0;02938df5-6afb-d44e-582d-0b5eea40f8eb;51:88:0A:9E;0;AVIÁRIO MEIO;628,00;28/11/2025;18:32:20;20;1282-20
CO2;1282;CT-CO2-0;02938df5-6afb-d44e-582d-0b5eea40f8eb;51:88:0A:9E;0;AVIÁRIO MEIO;650,00;28/11/2025;18:37:52;20;1282-20
CO2;1282;CT-CO2-0;02938df5-6afb-d44e-582d-0b5eea40f8eb;51:88:0A:9E;0;AVIÁRIO MEIO;659,00;28/11/2025;18:43:24;20;1282-20
CO2;1282;CT-CO2-0;02938df5-6afb-d44e-582d-0b5eea40f8eb;51:88:0A:9E;0;AVIÁRIO MEIO;657,00;28/11/2025;18:48:57;20;1282-20
CO2;1282;CT-CO2-0;02938df5-6afb-d44e-582d-0b5eea40f8eb;51:88:0A:9E;0;AVIÁRIO MEIO;654,00;28/11/2025;18:53:58;20;1282-20
CO2;1282;CT-CO2-0;02938df5-6afb-d44e-582d-0b5eea40f8eb;51:88:0A:9E;0;AVIÁRIO MEIO;652,00;28/11/2025;18:59:30;20;1282-20
CO2;1282;CT-CO2-0;02938df5-6afb-d44e-582d-0b5eea40f8eb;51:88:0A:9E;0;AVIÁRIO MEIO;653,00;28/11/2025;19:05:02;20;1282-20
CO2;1282;CT-CO2-0;02938df5-6afb-d44e-582d-0b5eea40f8eb;51:88:0A:9E;0;AVIÁRIO MEIO;663,00;28/11/2025;19:10:05;20;1282-20
CO2;1282;CT-CO2-0;02938df5-6afb-d44e-582d-0b5eea40f8eb;51:88:0A:9E;0;AVIÁRIO MEIO;658,00;28/11/2025;19:15:36;20;1282-20
CO2;1282;CT-CO2-0;02938df5-6afb-d44e-582d-0b5eea40f8eb;51:88:0A:9E;0;AVIÁRIO MEIO;650,00;28/11/2025;19:21:39;20;1282-20
CO2;1282;CT-CO2-0;02938df5-6afb-d44e-582d-0b5eea40f8eb;51:88:0A:9E;0;AVIÁRIO MEIO;687,00;28/11/2025;19:26:12;20;1282-20
CO2;1282;CT-CO2-0;02938df5-6afb-d44e-582d-0b5eea40f8eb;51:88:0A:9E;0;AVIÁRIO MEIO;689,00;28/11/2025;19:31:44;20;1282-20
CO2;1282;CT-CO2-0;02938df5-6afb-d44e-582d-0b5eea40f8eb;51:88:0A:9E;0;AVIÁRIO MEIO;719,00;28/11/2025;19:37:16;20;1282-20
CO2;1282;CT-CO2-0;02938df5-6afb-d44e-582d-0b5eea40f8eb;51:88:0A:9E;0;AVIÁRIO MEIO;700,00;28/11/2025;19:42:18;20;1282-20
CO2;1282;CT-CO2-0;02938df5-6afb-d44e-582d-0b5eea40f8eb;51:88:0A:9E;0;AVIÁRIO MEIO;699,00;28/11/2025;19:47:50;20;1282-20
CO2;1282;CT-CO2-0;02938df5-6afb-d44e-582d-0b5eea40f8eb;51:88:0A:9E;0;AVIÁRIO MEIO;712,00;28/11/2025;19:53:22;20;1282-20
CO2;1282;CT-CO2-0;02938df5-6afb-d44e-582d-0b5eea40f8eb;51:88:0A:9E;0;AVIÁRIO MEIO;703,00;28/11/2025;19:58:54;20;1282-20
CO2;1282;CT-CO2-0;02938df5-6afb-d44e-582d-0b5eea40f8eb;51:88:0A:9E;0;AVIÁRIO MEIO;692,00;28/11/2025;20:03:57;20;1282-20
CO2;1282;CT-CO2-0;02938df5-6afb-d44e-582d-0b5eea40f8eb;51:88:0A:9E;0;AVIÁRIO MEIO;695,00;28/11/2025;20:09:29;20;1282-20
CO2;1282;CT-CO2-0;02938df5-6afb-d44e-582d-0b5eea40f8eb;51:88:0A:9E;0;AVIÁRIO MEIO;725,00;28/11/2025;20:15:01;20;1282-20
CO2;1282;CT-CO2-0;02938df5-6afb-d44e-582d-0b5eea40f8eb;51:88:0A:9E;0;AVIÁRIO MEIO;773,00;28/11/2025;20:20:03;20;1282-20
CO2;1282;CT-CO2-0;02938df5-6afb-d44e-582d-0b5eea40f8eb;51:88:0A:9E;0;AVIÁRIO MEIO;797,00;28/11/2025;20:25:35;20;1282-20
CO2;1282;CT-CO2-0;02938df5-6afb-d44e-582d-0b5eea40f8eb;51:88:0A:9E;0;AVIÁRIO MEIO;763,00;28/11/2025;20:31:38;20;1282-20
CO2;1282;CT-CO2-0;02938df5-6afb-d44e-582d-0b5eea40f8eb;51:88:0A:9E;0;AVIÁRIO MEIO;736,00;28/11/2025;20:36:10;20;1282-20
CO2;1282;CT-CO2-0;02938df5-6afb-d44e-582d-0b5eea40f8eb;51:88:0A:9E;0;AVIÁRIO MEIO;707,00;28/11/2025;20:41:42;20;1282-20
CO2;1282;CT-CO2-0;02938df5-6afb-d44e-582d-0b5eea40f8eb;51:88:0A:9E;0;AVIÁRIO MEIO;703,00;28/11/2025;20:47:19;20;1282-20
CO2;1282;CT-CO2-0;02938df5-6afb-d44e-582d-0b5eea40f8eb;51:88:0A:9E;0;AVIÁRIO MEIO;691,00;28/11/2025;20:52:21;20;1282-20
CO2;1282;CT-CO2-0;02938df5-6afb-d44e-582d-0b5eea40f8eb;51:88:0A:9E;0;AVIÁRIO MEIO;686,00;28/11/2025;20:57:54;20;1282-20
CO2;1282;CT-CO2-0;02938df5-6afb-d44e-582d-0b5eea40f8eb;51:88:0A:9E;0;AVIÁRIO MEIO;685,00;28/11/2025;21:06:55;20;1282-20
CO2;1282;CT-CO2-0;02938df5-6afb-d44e-582d-0b5eea40f8eb;51:88:0A:9E;0;AVIÁRIO MEIO;685,00;28/11/2025;21:12:27;20;1282-20
CO2;1282;CT-CO2-0;02938df5-6afb-d44e-582d-0b5eea40f8eb;51:88:0A:9E;0;AVIÁRIO MEIO;691,00;28/11/2025;21:17:29;20;1282-20
CO2;1282;CT-CO2-0;02938df5-6afb-d44e-582d-0b5eea40f8eb;51:88:0A:9E;0;AVIÁRIO MEIO;700,00;28/11/2025;21:23:01;20;1282-20
CO2;1282;CT-CO2-0;02938df5-6afb-d44e-582d-0b5eea40f8eb;51:88:0A:9E;0;AVIÁRIO MEIO;688,00;28/11/2025;21:28:33;20;1282-20
CO2;1282;CT-CO2-0;02938df5-6afb-d44e-582d-0b5eea40f8eb;51:88:0A:9E;0;AVIÁRIO MEIO;715,00;28/11/2025;21:34:05;20;1282-20
CO2;1282;CT-CO2-0;02938df5-6afb-d44e-582d-0b5eea40f8eb;51:88:0A:9E;0;AVIÁRIO MEIO;696,00;28/11/2025;21:39:38;20;1282-20
CO2;1282;CT-CO2-0;02938df5-6afb-d44e-582d-0b5eea40f8eb;51:88:0A:9E;0;AVIÁRIO MEIO;722,00;28/11/2025;21:44:42;20;1282-20
CO2;1282;CT-CO2-0;02938df5-6afb-d44e-582d-0b5eea40f8eb;51:88:0A:9E;0;AVIÁRIO MEIO;720,00;28/11/2025;21:50:13;20;1282-20
CO2;1282;CT-CO2-0;02938df5-6afb-d44e-582d-0b5eea40f8eb;51:88:0A:9E;0;AVIÁRIO MEIO;719,00;28/11/2025;21:55:15;20;1282-20
CO2;1282;CT-CO2-0;02938df5-6afb-d44e-582d-0b5eea40f8eb;51:88:0A:9E;0;AVIÁRIO MEIO;714,00;28/11/2025;22:00:47;20;1282-20
CO2;1282;CT-CO2-0;02938df5-6afb-d44e-582d-0b5eea40f8eb;51:88:0A:9E;0;AVIÁRIO MEIO;713,00;28/11/2025;22:06:19;20;1282-20
CO2;1282;CT-CO2-0;02938df5-6afb-d44e-582d-0b5eea40f8eb;51:88:0A:9E;0;AVIÁRIO MEIO;706,00;28/11/2025;22:11:21;20;1282-20
CO2;1282;CT-CO2-0;02938df5-6afb-d44e-582d-0b5eea40f8eb;51:88:0A:9E;0;AVIÁRIO MEIO;710,00;28/11/2025;22:16:53;20;1282-20
CO2;1282;CT-CO2-0;02938df5-6afb-d44e-582d-0b5eea40f8eb;51:88:0A:9E;0;AVIÁRIO MEIO;684,00;28/11/2025;22:22:25;20;1282-20
CO2;1282;CT-CO2-0;02938df5-6afb-d44e-582d-0b5eea40f8eb;51:88:0A:9E;0;AVIÁRIO MEIO;675,00;28/11/2025;22:27:27;20;1282-20
CO2;1282;CT-CO2-0;02938df5-6afb-d44e-582d-0b5eea40f8eb;51:88:0A:9E;0;AVIÁRIO MEIO;689,00;28/11/2025;22:32:59;20;1282-20
CO2;1282;CT-CO2-0;02938df5-6afb-d44e-582d-0b5eea40f8eb;51:88:0A:9E;0;AVIÁRIO MEIO;689,00;28/11/2025;22:38:31;20;1282-20
CO2;1282;CT-CO2-0;02938df5-6afb-d44e-582d-0b5eea40f8eb;51:88:0A:9E;0;AVIÁRIO MEIO;692,00;28/11/2025;22:43:33;20;1282-20
CO2;1282;CT-CO2-0;02938df5-6afb-d44e-582d-0b5eea40f8eb;51:88:0A:9E;0;AVIÁRIO MEIO;696,00;28/11/2025;22:49:38;20;1282-20
CO2;1282;CT-CO2-0;02938df5-6afb-d44e-582d-0b5eea40f8eb;51:88:0A:9E;0;AVIÁRIO MEIO;696,00;28/11/2025;22:54:40;20;1282-20
CO2;1282;CT-CO2-0;02938df5-6afb-d44e-582d-0b5eea40f8eb;51:88:0A:9E;0;AVIÁRIO MEIO;693,00;28/11/2025;23:00:11;20;1282-20
CO2;1282;CT-CO2-0;02938df5-6afb-d44e-582d-0b5eea40f8eb;51:88:0A:9E;0;AVIÁRIO MEIO;683,00;28/11/2025;23:05:13;20;1282-20
CO2;1282;CT-CO2-0;02938df5-6afb-d44e-582d-0b5eea40f8eb;51:88:0A:9E;0;AVIÁRIO MEIO;686,00;28/11/2025;23:10:45;20;1282-20
CO2;1282;CT-CO2-0;02938df5-6afb-d44e-582d-0b5eea40f8eb;51:88:0A:9E;0;AVIÁRIO MEIO;676,00;28/11/2025;23:16:18;20;1282-20
CO2;1282;CT-CO2-0;02938df5-6afb-d44e-582d-0b5eea40f8eb;51:88:0A:9E;0;AVIÁRIO MEIO;658,00;28/11/2025;23:21:20;20;1282-20
CO2;1282;CT-CO2-0;02938df5-6afb-d44e-582d-0b5eea40f8eb;51:88:0A:9E;0;AVIÁRIO MEIO;674,00;28/11/2025;23:26:52;20;1282-20
CO2;1282;CT-CO2-0;02938df5-6afb-d44e-582d-0b5eea40f8eb;51:88:0A:9E;0;AVIÁRIO MEIO;671,00;28/11/2025;23:32:24;20;1282-20
CO2;1282;CT-CO2-0;02938df5-6afb-d44e-582d-0b5eea40f8eb;51:88:0A:9E;0;AVIÁRIO MEIO;664,00;28/11/2025;23:37:27;20;1282-20
CO2;1282;CT-CO2-0;02938df5-6afb-d44e-582d-0b5eea40f8eb;51:88:0A:9E;0;AVIÁRIO MEIO;679,00;28/11/2025;23:42:58;20;1282-20
CO2;1282;CT-CO2-0;02938df5-6afb-d44e-582d-0b5eea40f8eb;51:88:0A:9E;0;AVIÁRIO MEIO;706,00;28/11/2025;23:48:30;20;1282-20
CO2;1282;CT-CO2-0;02938df5-6afb-d44e-582d-0b5eea40f8eb;51:88:0A:9E;0;AVIÁRIO MEIO;708,00;28/11/2025;23:54:03;20;1282-20
CO2;1282;CT-CO2-0;02938df5-6afb-d44e-582d-0b5eea40f8eb;51:88:0A:9E;0;AVIÁRIO MEIO;695,00;28/11/2025;23:59:38;20;1282-20
CO2;1282;CT-CO2-0;02938df5-6afb-d44e-582d-0b5eea40f8eb;51:88:0A:9E;0;AVIÁRIO MEIO;701,00;29/11/2025;00:04:40;20;1282-20
CO2;1282;CT-CO2-0;02938df5-6afb-d44e-582d-0b5eea40f8eb;51:88:0A:9E;0;AVIÁRIO MEIO;699,00;29/11/2025;00:09:41;20;1282-20
CO2;1282;CT-CO2-0;02938df5-6afb-d44e-582d-0b5eea40f8eb;51:88:0A:9E;0;AVIÁRIO MEIO;682,00;29/11/2025;00:15:14;20;1282-20
CO2;1282;CT-CO2-0;02938df5-6afb-d44e-582d-0b5eea40f8eb;51:88:0A:9E;0;AVIÁRIO MEIO;685,00;29/11/2025;00:20:46;20;1282-20
CO2;1282;CT-CO2-0;02938df5-6afb-d44e-582d-0b5eea40f8eb;51:88:0A:9E;0;AVIÁRIO MEIO;727,00;29/11/2025;00:26:17;20;1282-20
CO2;1282;CT-CO2-0;02938df5-6afb-d44e-582d-0b5eea40f8eb;51:88:0A:9E;0;AVIÁRIO MEIO;677,00;29/11/2025;00:31:20;20;1282-20
CO2;1282;CT-CO2-0;02938df5-6afb-d44e-582d-0b5eea40f8eb;51:88:0A:9E;0;AVIÁRIO MEIO;675,00;29/11/2025;00:36:53;20;1282-20
CO2;1282;CT-CO2-0;02938df5-6afb-d44e-582d-0b5eea40f8eb;51:88:0A:9E;0;AVIÁRIO MEIO;666,00;29/11/2025;00:42:26;20;1282-20
CO2;1282;CT-CO2-0;02938df5-6afb-d44e-582d-0b5eea40f8eb;51:88:0A:9E;0;AVIÁRIO MEIO;677,00;29/11/2025;00:47:27;20;1282-20
CO2;1282;CT-CO2-0;02938df5-6afb-d44e-582d-0b5eea40f8eb;51:88:0A:9E;0;AVIÁRIO MEIO;666,00;29/11/2025;00:52:59;20;1282-20
CO2;1282;CT-CO2-0;02938df5-6afb-d44e-582d-0b5eea40f8eb;51:88:0A:9E;0;AVIÁRIO MEIO;675,00;29/11/2025;00:58:31;20;1282-20
CO2;1282;CT-CO2-0;02938df5-6afb-d44e-582d-0b5eea40f8eb;51:88:0A:9E;0;AVIÁRIO MEIO;666,00;29/11/2025;01:03:33;20;1282-20
CO2;1282;CT-CO2-0;02938df5-6afb-d44e-582d-0b5eea40f8eb;51:88:0A:9E;0;AVIÁRIO MEIO;658,00;29/11/2025;01:09:37;20;1282-20
CO2;1282;CT-CO2-0;02938df5-6afb-d44e-582d-0b5eea40f8eb;51:88:0A:9E;0;AVIÁRIO MEIO;670,00;29/11/2025;01:14:39;20;1282-20
CO2;1282;CT-CO2-0;02938df5-6afb-d44e-582d-0b5eea40f8eb;51:88:0A:9E;0;AVIÁRIO MEIO;663,00;29/11/2025;01:20:11;20;1282-20
CO2;1282;CT-CO2-0;02938df5-6afb-d44e-582d-0b5eea40f8eb;51:88:0A:9E;0;AVIÁRIO MEIO;667,00;29/11/2025;01:25:15;20;1282-20
CO2;1282;CT-CO2-0;02938df5-6afb-d44e-582d-0b5eea40f8eb;51:88:0A:9E;0;AVIÁRIO MEIO;679,00;29/11/2025;01:30:47;20;1282-20
CO2;1282;CT-CO2-0;02938df5-6afb-d44e-582d-0b5eea40f8eb;51:88:0A:9E;0;AVIÁRIO MEIO;674,00;29/11/2025;01:35:50;20;1282-20
CO2;1282;CT-CO2-0;02938df5-6afb-d44e-582d-0b5eea40f8eb;51:88:0A:9E;0;AVIÁRIO MEIO;673,00;29/11/2025;01:41:21;20;1282-20
CO2;1282;CT-CO2-0;02938df5-6afb-d44e-582d-0b5eea40f8eb;51:88:0A:9E;0;AVIÁRIO MEIO;656,00;29/11/2025;01:46:53;20;1282-20
CO2;1282;CT-CO2-0;02938df5-6afb-d44e-582d-0b5eea40f8eb;51:88:0A:9E;0;AVIÁRIO MEIO;666,00;29/11/2025;01:52:25;20;1282-20
CO2;1282;CT-CO2-0;02938df5-6afb-d44e-582d-0b5eea40f8eb;51:88:0A:9E;0;AVIÁRIO MEIO;659,00;29/11/2025;01:57:27;20;1282-20
CO2;1282;CT-CO2-0;02938df5-6afb-d44e-582d-0b5eea40f8eb;51:88:0A:9E;0;AVIÁRIO MEIO;686,00;29/11/2025;02:02:59;20;1282-20
CO2;1282;CT-CO2-0;02938df5-6afb-d44e-582d-0b5eea40f8eb;51:88:0A:9E;0;AVIÁRIO MEIO;697,00;29/11/2025;02:08:31;20;1282-20
CO2;1282;CT-CO2-0;02938df5-6afb-d44e-582d-0b5eea40f8eb;51:88:0A:9E;0;AVIÁRIO MEIO;691,00;29/11/2025;02:13:33;20;1282-20
CO2;1282;CT-CO2-0;02938df5-6afb-d44e-582d-0b5eea40f8eb;51:88:0A:9E;0;AVIÁRIO MEIO;673,00;29/11/2025;02:19:36;20;1282-20
CO2;1282;CT-CO2-0;02938df5-6afb-d44e-582d-0b5eea40f8eb;51:88:0A:9E;0;AVIÁRIO MEIO;665,00;29/11/2025;02:24:37;20;1282-20
CO2;1282;CT-CO2-0;02938df5-6afb-d44e-582d-0b5eea40f8eb;51:88:0A:9E;0;AVIÁRIO MEIO;690,00;29/11/2025;02:29:39;20;1282-20
CO2;1282;CT-CO2-0;02938df5-6afb-d44e-582d-0b5eea40f8eb;51:88:0A:9E;0;AVIÁRIO MEIO;686,00;29/11/2025;02:35:11;20;1282-20
CO2;1282;CT-CO2-0;02938df5-6afb-d44e-582d-0b5eea40f8eb;51:88:0A:9E;0;AVIÁRIO MEIO;704,00;29/11/2025;02:40:44;20;1282-20
CO2;1282;CT-CO2-0;02938df5-6afb-d44e-582d-0b5eea40f8eb;51:88:0A:9E;0;AVIÁRIO MEIO;667,00;29/11/2025;02:45:46;20;1282-20
CO2;1282;CT-CO2-0;02938df5-6afb-d44e-582d-0b5eea40f8eb;51:88:0A:9E;0;AVIÁRIO MEIO;692,00;29/11/2025;02:51:18;20;1282-20
CO2;1282;CT-CO2-0;02938df5-6afb-d44e-582d-0b5eea40f8eb;51:88:0A:9E;0;AVIÁRIO MEIO;744,00;29/11/2025;02:56:50;20;1282-20
CO2;1282;CT-CO2-0;02938df5-6afb-d44e-582d-0b5eea40f8eb;51:88:0A:9E;0;AVIÁRIO MEIO;726,00;29/11/2025;03:02:24;20;1282-20
CO2;1282;CT-CO2-0;02938df5-6afb-d44e-582d-0b5eea40f8eb;51:88:0A:9E;0;AVIÁRIO MEIO;711,00;29/11/2025;03:07:26;20;1282-20
CO2;1282;CT-CO2-0;02938df5-6afb-d44e-582d-0b5eea40f8eb;51:88:0A:9E;0;AVIÁRIO MEIO;736,00;29/11/2025;03:12:58;20;1282-20
CO2;1282;CT-CO2-0;02938df5-6afb-d44e-582d-0b5eea40f8eb;51:88:0A:9E;0;AVIÁRIO MEIO;723,00;29/11/2025;03:18:30;20;1282-20
CO2;1282;CT-CO2-0;02938df5-6afb-d44e-582d-0b5eea40f8eb;51:88:0A:9E;0;AVIÁRIO MEIO;725,00;29/11/2025;03:23:32;20;1282-20
CO2;1282;CT-CO2-0;02938df5-6afb-d44e-582d-0b5eea40f8eb;51:88:0A:9E;0;AVIÁRIO MEIO;725,00;29/11/2025;03:29:35;20;1282-20
CO2;1282;CT-CO2-0;02938df5-6afb-d44e-582d-0b5eea40f8eb;51:88:0A:9E;0;AVIÁRIO MEIO;729,00;29/11/2025;03:34:37;20;1282-20
CO2;1282;CT-CO2-0;02938df5-6afb-d44e-582d-0b5eea40f8eb;51:88:0A:9E;0;AVIÁRIO MEIO;743,00;29/11/2025;03:39:40;20;1282-20
CO2;1282;CT-CO2-0;02938df5-6afb-d44e-582d-0b5eea40f8eb;51:88:0A:9E;0;AVIÁRIO MEIO;695,00;29/11/2025;03:45:12;20;1282-20
CO2;1282;CT-CO2-0;02938df5-6afb-d44e-582d-0b5eea40f8eb;51:88:0A:9E;0;AVIÁRIO MEIO;701,00;29/11/2025;03:50:44;20;1282-20
CO2;1282;CT-CO2-0;02938df5-6afb-d44e-582d-0b5eea40f8eb;51:88:0A:9E;0;AVIÁRIO MEIO;715,00;29/11/2025;03:55:48;20;1282-20
CO2;1282;CT-CO2-0;02938df5-6afb-d44e-582d-0b5eea40f8eb;51:88:0A:9E;0;AVIÁRIO MEIO;748,00;29/11/2025;04:01:20;20;1282-20
CO2;1282;CT-CO2-0;02938df5-6afb-d44e-582d-0b5eea40f8eb;51:88:0A:9E;0;AVIÁRIO MEIO;699,00;29/11/2025;04:06:52;20;1282-20
CO2;1282;CT-CO2-0;02938df5-6afb-d44e-582d-0b5eea40f8eb;51:88:0A:9E;0;AVIÁRIO MEIO;738,00;29/11/2025;04:12:24;20;1282-20
CO2;1282;CT-CO2-0;02938df5-6afb-d44e-582d-0b5eea40f8eb;51:88:0A:9E;0;AVIÁRIO MEIO;728,00;29/11/2025;04:17:26;20;1282-20
CO2;1282;CT-CO2-0;02938df5-6afb-d44e-582d-0b5eea40f8eb;51:88:0A:9E;0;AVIÁRIO MEIO;747,00;29/11/2025;04:22:58;20;1282-20
CO2;1282;CT-CO2-0;02938df5-6afb-d44e-582d-0b5eea40f8eb;51:88:0A:9E;0;AVIÁRIO MEIO;763,00;29/11/2025;04:28:30;20;1282-20
CO2;1282;CT-CO2-0;02938df5-6afb-d44e-582d-0b5eea40f8eb;51:88:0A:9E;0;AVIÁRIO MEIO;747,00;29/11/2025;04:33:32;20;1282-20
CO2;1282;CT-CO2-0;02938df5-6afb-d44e-582d-0b5eea40f8eb;51:88:0A:9E;0;AVIÁRIO MEIO;779,00;29/11/2025;04:39:37;20;1282-20
CO2;1282;CT-CO2-0;02938df5-6afb-d44e-582d-0b5eea40f8eb;51:88:0A:9E;0;AVIÁRIO MEIO;769,00;29/11/2025;04:44:38;20;1282-20
CO2;1282;CT-CO2-0;02938df5-6afb-d44e-582d-0b5eea40f8eb;51:88:0A:9E;0;AVIÁRIO MEIO;759,00;29/11/2025;04:49:41;20;1282-20
CO2;1282;CT-CO2-0;02938df5-6afb-d44e-582d-0b5eea40f8eb;51:88:0A:9E;0;AVIÁRIO MEIO;765,00;29/11/2025;04:55:13;20;1282-20
CO2;1282;CT-CO2-0;02938df5-6afb-d44e-582d-0b5eea40f8eb;51:88:0A:9E;0;AVIÁRIO MEIO;751,00;29/11/2025;05:00:46;20;1282-20
CO2;1282;CT-CO2-0;02938df5-6afb-d44e-582d-0b5eea40f8eb;51:88:0A:9E;0;AVIÁRIO MEIO;758,00;29/11/2025;05:05:48;20;1282-20
CO2;1282;CT-CO2-0;02938df5-6afb-d44e-582d-0b5eea40f8eb;51:88:0A:9E;0;AVIÁRIO MEIO;757,00;29/11/2025;05:11:20;20;1282-20
CO2;1282;CT-CO2-0;02938df5-6afb-d44e-582d-0b5eea40f8eb;51:88:0A:9E;0;AVIÁRIO MEIO;744,00;29/11/2025;05:16:53;20;1282-20
CO2;1282;CT-CO2-0;02938df5-6afb-d44e-582d-0b5eea40f8eb;51:88:0A:9E;0;AVIÁRIO MEIO;770,00;29/11/2025;05:21:55;20;1282-20
CO2;1282;CT-CO2-0;02938df5-6afb-d44e-582d-0b5eea40f8eb;51:88:0A:9E;0;AVIÁRIO MEIO;759,00;29/11/2025;05:27:26;20;1282-20
CO2;1282;CT-CO2-0;02938df5-6afb-d44e-582d-0b5eea40f8eb;51:88:0A:9E;0;AVIÁRIO MEIO;755,00;29/11/2025;05:32:58;20;1282-20
CO2;1282;CT-CO2-0;02938df5-6afb-d44e-582d-0b5eea40f8eb;51:88:0A:9E;0;AVIÁRIO MEIO;750,00;29/11/2025;05:38:00;20;1282-20
CO2;1282;CT-CO2-0;02938df5-6afb-d44e-582d-0b5eea40f8eb;51:88:0A:9E;0;AVIÁRIO MEIO;758,00;29/11/2025;05:43:33;20;1282-20
CO2;1282;CT-CO2-0;02938df5-6afb-d44e-582d-0b5eea40f8eb;51:88:0A:9E;0;AVIÁRIO MEIO;768,00;29/11/2025;05:49:37;20;1282-20
CO2;1282;CT-CO2-0;02938df5-6afb-d44e-582d-0b5eea40f8eb;51:88:0A:9E;0;AVIÁRIO MEIO;756,00;29/11/2025;05:54:09;20;1282-20
CO2;1282;CT-CO2-0;02938df5-6afb-d44e-582d-0b5eea40f8eb;51:88:0A:9E;0;AVIÁRIO MEIO;785,00;29/11/2025;05:59:40;20;1282-20
CO2;1282;CT-CO2-0;02938df5-6afb-d44e-582d-0b5eea40f8eb;51:88:0A:9E;0;AVIÁRIO MEIO;757,00;29/11/2025;06:05:12;20;1282-20
CO2;1282;CT-CO2-0;02938df5-6afb-d44e-582d-0b5eea40f8eb;51:88:0A:9E;0;AVIÁRIO MEIO;794,00;29/11/2025;06:10:44;20;1282-20
CO2;1282;CT-CO2-0;02938df5-6afb-d44e-582d-0b5eea40f8eb;51:88:0A:9E;0;AVIÁRIO MEIO;778,00;29/11/2025;06:15:46;20;1282-20
CO2;1282;CT-CO2-0;02938df5-6afb-d44e-582d-0b5eea40f8eb;51:88:0A:9E;0;AVIÁRIO MEIO;756,00;29/11/2025;06:21:18;20;1282-20
CO2;1282;CT-CO2-0;02938df5-6afb-d44e-582d-0b5eea40f8eb;51:88:0A:9E;0;AVIÁRIO MEIO;767,00;29/11/2025;06:26:50;20;1282-20
CO2;1282;CT-CO2-0;02938df5-6afb-d44e-582d-0b5eea40f8eb;51:88:0A:9E;0;AVIÁRIO MEIO;750,00;29/11/2025;06:31:52;20;1282-20
CO2;1282;CT-CO2-0;02938df5-6afb-d44e-582d-0b5eea40f8eb;51:88:0A:9E;0;AVIÁRIO MEIO;767,00;29/11/2025;06:37:23;20;1282-20
CO2;1282;CT-CO2-0;02938df5-6afb-d44e-582d-0b5eea40f8eb;51:88:0A:9E;0;AVIÁRIO MEIO;759,00;29/11/2025;06:42:56;20;1282-20
CO2;1282;CT-CO2-0;02938df5-6afb-d44e-582d-0b5eea40f8eb;51:88:0A:9E;0;AVIÁRIO MEIO;743,00;29/11/2025;06:47:57;20;1282-20
CO2;1282;CT-CO2-0;02938df5-6afb-d44e-582d-0b5eea40f8eb;51:88:0A:9E;0;AVIÁRIO MEIO;746,00;29/11/2025;06:53:29;20;1282-20
CO2;1282;CT-CO2-0;02938df5-6afb-d44e-582d-0b5eea40f8eb;51:88:0A:9E;0;AVIÁRIO MEIO;760,00;29/11/2025;06:59:33;20;1282-20
CO2;1282;CT-CO2-0;02938df5-6afb-d44e-582d-0b5eea40f8eb;51:88:0A:9E;0;AVIÁRIO MEIO;754,00;29/11/2025;07:04:05;20;1282-20
CO2;1282;CT-CO2-0;02938df5-6afb-d44e-582d-0b5eea40f8eb;51:88:0A:9E;0;AVIÁRIO MEIO;746,00;29/11/2025;07:09:37;20;1282-20
CO2;1282;CT-CO2-0;02938df5-6afb-d44e-582d-0b5eea40f8eb;51:88:0A:9E;0;AVIÁRIO MEIO;754,00;29/11/2025;07:15:09;20;1282-20
CO2;1282;CT-CO2-0;02938df5-6afb-d44e-582d-0b5eea40f8eb;51:88:0A:9E;0;AVIÁRIO MEIO;811,00;29/11/2025;07:20:16;20;1282-20
CO2;1282;CT-CO2-0;02938df5-6afb-d44e-582d-0b5eea40f8eb;51:88:0A:9E;0;AVIÁRIO MEIO;742,00;29/11/2025;07:25:48;20;1282-20
CO2;1282;CT-CO2-0;02938df5-6afb-d44e-582d-0b5eea40f8eb;51:88:0A:9E;0;AVIÁRIO MEIO;746,00;29/11/2025;07:31:19;20;1282-20
CO2;1282;CT-CO2-0;02938df5-6afb-d44e-582d-0b5eea40f8eb;51:88:0A:9E;0;AVIÁRIO MEIO;734,00;29/11/2025;07:36:22;20;1282-20
CO2;1282;CT-CO2-0;02938df5-6afb-d44e-582d-0b5eea40f8eb;51:88:0A:9E;0;AVIÁRIO MEIO;739,00;29/11/2025;07:41:54;20;1282-20
CO2;1282;CT-CO2-0;02938df5-6afb-d44e-582d-0b5eea40f8eb;51:88:0A:9E;0;AVIÁRIO MEIO;731,00;29/11/2025;07:47:25;20;1282-20
CO2;1282;CT-CO2-0;02938df5-6afb-d44e-582d-0b5eea40f8eb;51:88:0A:9E;0;AVIÁRIO MEIO;729,00;29/11/2025;07:52:57;20;1282-20
CO2;1282;CT-CO2-0;02938df5-6afb-d44e-582d-0b5eea40f8eb;51:88:0A:9E;0;AVIÁRIO MEIO;729,00;29/11/2025;07:57:59;20;1282-20
CO2;1282;CT-CO2-0;02938df5-6afb-d44e-582d-0b5eea40f8eb;51:88:0A:9E;0;AVIÁRIO MEIO;730,00;29/11/2025;08:03:31;20;1282-20
CO2;1282;CT-CO2-0;02938df5-6afb-d44e-582d-0b5eea40f8eb;51:88:0A:9E;0;AVIÁRIO MEIO;732,00;29/11/2025;08:09:35;20;1282-20
CO2;1282;CT-CO2-0;02938df5-6afb-d44e-582d-0b5eea40f8eb;51:88:0A:9E;0;AVIÁRIO MEIO;722,00;29/11/2025;08:14:07;20;1282-20
CO2;1282;CT-CO2-0;02938df5-6afb-d44e-582d-0b5eea40f8eb;51:88:0A:9E;0;AVIÁRIO MEIO;736,00;29/11/2025;08:19:40;20;1282-20
CO2;1282;CT-CO2-0;02938df5-6afb-d44e-582d-0b5eea40f8eb;51:88:0A:9E;0;AVIÁRIO MEIO;725,00;29/11/2025;08:25:12;20;1282-20
CO2;1282;CT-CO2-0;02938df5-6afb-d44e-582d-0b5eea40f8eb;51:88:0A:9E;0;AVIÁRIO MEIO;749,00;29/11/2025;08:30:14;20;1282-20
CO2;1282;CT-CO2-0;02938df5-6afb-d44e-582d-0b5eea40f8eb;51:88:0A:9E;0;AVIÁRIO MEIO;735,00;29/11/2025;08:35:47;20;1282-20
CO2;1282;CT-CO2-0;02938df5-6afb-d44e-582d-0b5eea40f8eb;51:88:0A:9E;0;AVIÁRIO MEIO;731,00;29/11/2025;08:41:20;20;1282-20
CO2;1282;CT-CO2-0;02938df5-6afb-d44e-582d-0b5eea40f8eb;51:88:0A:9E;0;AVIÁRIO MEIO;725,00;29/11/2025;08:46:22;20;1282-20
CO2;1282;CT-CO2-0;02938df5-6afb-d44e-582d-0b5eea40f8eb;51:88:0A:9E;0;AVIÁRIO MEIO;731,00;29/11/2025;08:51:54;20;1282-20
CO2;1282;CT-CO2-0;02938df5-6afb-d44e-582d-0b5eea40f8eb;51:88:0A:9E;0;AVIÁRIO MEIO;692,00;29/11/2025;08:57:26;20;1282-20
CO2;1282;CT-CO2-0;02938df5-6afb-d44e-582d-0b5eea40f8eb;51:88:0A:9E;0;AVIÁRIO MEIO;769,00;29/11/2025;09:02:27;20;1282-20
CO2;1282;CT-CO2-0;02938df5-6afb-d44e-582d-0b5eea40f8eb;51:88:0A:9E;0;AVIÁRIO MEIO;721,00;29/11/2025;09:07:59;20;1282-20
CO2;1282;CT-CO2-0;02938df5-6afb-d44e-582d-0b5eea40f8eb;51:88:0A:9E;0;AVIÁRIO MEIO;718,00;29/11/2025;09:13:31;20;1282-20
CO2;1282;CT-CO2-0;02938df5-6afb-d44e-582d-0b5eea40f8eb;51:88:0A:9E;0;AVIÁRIO MEIO;695,00;29/11/2025;09:19:34;20;1282-20
CO2;1282;CT-CO2-0;02938df5-6afb-d44e-582d-0b5eea40f8eb;51:88:0A:9E;0;AVIÁRIO MEIO;718,00;29/11/2025;09:24:06;20;1282-20
CO2;1282;CT-CO2-0;02938df5-6afb-d44e-582d-0b5eea40f8eb;51:88:0A:9E;0;AVIÁRIO MEIO;726,00;29/11/2025;09:29:38;20;1282-20
CO2;1282;CT-CO2-0;02938df5-6afb-d44e-582d-0b5eea40f8eb;51:88:0A:9E;0;AVIÁRIO MEIO;700,00;29/11/2025;09:35:10;20;1282-20
CO2;1282;CT-CO2-0;02938df5-6afb-d44e-582d-0b5eea40f8eb;51:88:0A:9E;0;AVIÁRIO MEIO;702,00;29/11/2025;09:40:12;20;1282-20
CO2;1282;CT-CO2-0;02938df5-6afb-d44e-582d-0b5eea40f8eb;51:88:0A:9E;0;AVIÁRIO MEIO;690,00;29/11/2025;09:45:44;20;1282-20
CO2;1282;CT-CO2-0;02938df5-6afb-d44e-582d-0b5eea40f8eb;51:88:0A:9E;0;AVIÁRIO MEIO;683,00;29/11/2025;09:51:16;20;1282-20
CO2;1282;CT-CO2-0;02938df5-6afb-d44e-582d-0b5eea40f8eb;51:88:0A:9E;0;AVIÁRIO MEIO;700,00;29/11/2025;09:56:17;20;1282-20
CO2;1282;CT-CO2-0;02938df5-6afb-d44e-582d-0b5eea40f8eb;51:88:0A:9E;0;AVIÁRIO MEIO;694,00;29/11/2025;10:01:49;20;1282-20
CO2;1282;CT-CO2-0;02938df5-6afb-d44e-582d-0b5eea40f8eb;51:88:0A:9E;0;AVIÁRIO MEIO;686,00;29/11/2025;10:07:22;20;1282-20
CO2;1282;CT-CO2-0;02938df5-6afb-d44e-582d-0b5eea40f8eb;51:88:0A:9E;0;AVIÁRIO MEIO;680,00;29/11/2025;10:12:24;20;1282-20
CO2;1282;CT-CO2-0;02938df5-6afb-d44e-582d-0b5eea40f8eb;51:88:0A:9E;0;AVIÁRIO MEIO;683,00;29/11/2025;10:17:56;20;1282-20
CO2;1282;CT-CO2-0;02938df5-6afb-d44e-582d-0b5eea40f8eb;51:88:0A:9E;0;AVIÁRIO MEIO;667,00;29/11/2025;10:23:29;20;1282-20
CO2;1282;CT-CO2-0;02938df5-6afb-d44e-582d-0b5eea40f8eb;51:88:0A:9E;0;AVIÁRIO MEIO;694,00;29/11/2025;10:29:33;20;1282-20
CO2;1282;CT-CO2-0;02938df5-6afb-d44e-582d-0b5eea40f8eb;51:88:0A:9E;0;AVIÁRIO MEIO;684,00;29/11/2025;10:34:05;20;1282-20
CO2;1282;CT-CO2-0;02938df5-6afb-d44e-582d-0b5eea40f8eb;51:88:0A:9E;0;AVIÁRIO MEIO;658,00;29/11/2025;10:39:38;20;1282-20
CO2;1282;CT-CO2-0;02938df5-6afb-d44e-582d-0b5eea40f8eb;51:88:0A:9E;0;AVIÁRIO MEIO;669,00;29/11/2025;10:45:09;20;1282-20
CO2;1282;CT-CO2-0;02938df5-6afb-d44e-582d-0b5eea40f8eb;51:88:0A:9E;0;AVIÁRIO MEIO;676,00;29/11/2025;10:50:13;20;1282-20
CO2;1282;CT-CO2-0;02938df5-6afb-d44e-582d-0b5eea40f8eb;51:88:0A:9E;0;AVIÁRIO MEIO;679,00;29/11/2025;10:55:45;20;1282-20
CO2;1282;CT-CO2-0;02938df5-6afb-d44e-582d-0b5eea40f8eb;51:88:0A:9E;0;AVIÁRIO MEIO;675,00;29/11/2025;11:01:17;20;1282-20
CO2;1282;CT-CO2-0;02938df5-6afb-d44e-582d-0b5eea40f8eb;51:88:0A:9E;0;AVIÁRIO MEIO;685,00;29/11/2025;11:06:19;20;1282-20
CO2;1282;CT-CO2-0;02938df5-6afb-d44e-582d-0b5eea40f8eb;51:88:0A:9E;0;AVIÁRIO MEIO;690,00;29/11/2025;11:11:52;20;1282-20
CO2;1282;CT-CO2-0;02938df5-6afb-d44e-582d-0b5eea40f8eb;51:88:0A:9E;0;AVIÁRIO MEIO;683,00;29/11/2025;11:17:24;20;1282-20
CO2;1282;CT-CO2-0;02938df5-6afb-d44e-582d-0b5eea40f8eb;51:88:0A:9E;0;AVIÁRIO MEIO;665,00;29/11/2025;11:22:27;20;1282-20
CO2;1282;CT-CO2-0;02938df5-6afb-d44e-582d-0b5eea40f8eb;51:88:0A:9E;0;AVIÁRIO MEIO;682,00;29/11/2025;11:27:59;20;1282-20
CO2;1282;CT-CO2-0;02938df5-6afb-d44e-582d-0b5eea40f8eb;51:88:0A:9E;0;AVIÁRIO MEIO;681,00;29/11/2025;11:33:31;20;1282-20
CO2;1282;CT-CO2-0;02938df5-6afb-d44e-582d-0b5eea40f8eb;51:88:0A:9E;0;AVIÁRIO MEIO;678,00;29/11/2025;11:39:03;20;1282-20
CO2;1282;CT-CO2-0;02938df5-6afb-d44e-582d-0b5eea40f8eb;51:88:0A:9E;0;AVIÁRIO MEIO;673,00;29/11/2025;11:44:06;20;1282-20
CO2;1282;CT-CO2-0;02938df5-6afb-d44e-582d-0b5eea40f8eb;51:88:0A:9E;0;AVIÁRIO MEIO;680,00;29/11/2025;11:49:37;20;1282-20
CO2;1282;CT-CO2-0;02938df5-6afb-d44e-582d-0b5eea40f8eb;51:88:0A:9E;0;AVIÁRIO MEIO;687,00;29/11/2025;11:54:39;20;1282-20
CO2;1282;CT-CO2-0;02938df5-6afb-d44e-582d-0b5eea40f8eb;51:88:0A:9E;0;AVIÁRIO MEIO;680,00;29/11/2025;12:00:11;20;1282-20
CO2;1282;CT-CO2-0;02938df5-6afb-d44e-582d-0b5eea40f8eb;51:88:0A:9E;0;AVIÁRIO MEIO;676,00;29/11/2025;12:05:43;20;1282-20
CO2;1282;CT-CO2-0;02938df5-6afb-d44e-582d-0b5eea40f8eb;51:88:0A:9E;0;AVIÁRIO MEIO;668,00;29/11/2025;12:11:15;20;1282-20
CO2;1282;CT-CO2-0;02938df5-6afb-d44e-582d-0b5eea40f8eb;51:88:0A:9E;0;AVIÁRIO MEIO;681,00;29/11/2025;12:16:17;20;1282-20
CO2;1282;CT-CO2-0;02938df5-6afb-d44e-582d-0b5eea40f8eb;51:88:0A:9E;0;AVIÁRIO MEIO;668,00;29/11/2025;12:21:49;20;1282-20
CO2;1282;CT-CO2-0;02938df5-6afb-d44e-582d-0b5eea40f8eb;51:88:0A:9E;0;AVIÁRIO MEIO;718,00;29/11/2025;12:27:21;20;1282-20
CO2;1282;CT-CO2-0;02938df5-6afb-d44e-582d-0b5eea40f8eb;51:88:0A:9E;0;AVIÁRIO MEIO;669,00;29/11/2025;12:32:23;20;1282-20
CO2;1282;CT-CO2-0;02938df5-6afb-d44e-582d-0b5eea40f8eb;51:88:0A:9E;0;AVIÁRIO MEIO;673,00;29/11/2025;12:37:55;20;1282-20
CO2;1282;CT-CO2-0;02938df5-6afb-d44e-582d-0b5eea40f8eb;51:88:0A:9E;0;AVIÁRIO MEIO;678,00;29/11/2025;12:43:27;20;1282-20
CO2;1282;CT-CO2-0;02938df5-6afb-d44e-582d-0b5eea40f8eb;51:88:0A:9E;0;AVIÁRIO MEIO;663,00;29/11/2025;12:49:00;20;1282-20
CO2;1282;CT-CO2-0;02938df5-6afb-d44e-582d-0b5eea40f8eb;51:88:0A:9E;0;AVIÁRIO MEIO;667,00;29/11/2025;12:54:01;20;1282-20
CO2;1282;CT-CO2-0;02938df5-6afb-d44e-582d-0b5eea40f8eb;51:88:0A:9E;0;AVIÁRIO MEIO;670,00;29/11/2025;12:59:33;20;1282-20
CO2;1282;CT-CO2-0;02938df5-6afb-d44e-582d-0b5eea40f8eb;51:88:0A:9E;0;AVIÁRIO MEIO;674,00;29/11/2025;13:04:35;20;1282-20
CO2;1282;CT-CO2-0;02938df5-6afb-d44e-582d-0b5eea40f8eb;51:88:0A:9E;0;AVIÁRIO MEIO;679,00;29/11/2025;13:10:07;20;1282-20
CO2;1282;CT-CO2-0;02938df5-6afb-d44e-582d-0b5eea40f8eb;51:88:0A:9E;0;AVIÁRIO MEIO;674,00;29/11/2025;13:15:39;20;1282-20
CO2;1282;CT-CO2-0;02938df5-6afb-d44e-582d-0b5eea40f8eb;51:88:0A:9E;0;AVIÁRIO MEIO;658,00;29/11/2025;13:21:13;20;1282-20
CO2;1282;CT-CO2-0;02938df5-6afb-d44e-582d-0b5eea40f8eb;51:88:0A:9E;0;AVIÁRIO MEIO;678,00;29/11/2025;13:26:17;20;1282-20
CO2;1282;CT-CO2-0;02938df5-6afb-d44e-582d-0b5eea40f8eb;51:88:0A:9E;0;AVIÁRIO MEIO;678,00;29/11/2025;13:31:48;20;1282-20
CO2;1282;CT-CO2-0;02938df5-6afb-d44e-582d-0b5eea40f8eb;51:88:0A:9E;0;AVIÁRIO MEIO;658,00;29/11/2025;13:37:20;20;1282-20
CO2;1282;CT-CO2-0;02938df5-6afb-d44e-582d-0b5eea40f8eb;51:88:0A:9E;0;AVIÁRIO MEIO;669,00;29/11/2025;13:42:22;20;1282-20
CO2;1282;CT-CO2-0;02938df5-6afb-d44e-582d-0b5eea40f8eb;51:88:0A:9E;0;AVIÁRIO MEIO;662,00;29/11/2025;13:47:55;20;1282-20
CO2;1282;CT-CO2-0;02938df5-6afb-d44e-582d-0b5eea40f8eb;51:88:0A:9E;0;AVIÁRIO MEIO;728,00;29/11/2025;13:53:27;20;1282-20
CO2;1282;CT-CO2-0;02938df5-6afb-d44e-582d-0b5eea40f8eb;51:88:0A:9E;0;AVIÁRIO MEIO;658,00;29/11/2025;13:59:00;20;1282-20
CO2;1282;CT-CO2-0;02938df5-6afb-d44e-582d-0b5eea40f8eb;51:88:0A:9E;0;AVIÁRIO MEIO;672,00;29/11/2025;14:04:02;20;1282-20
CO2;1282;CT-CO2-0;02938df5-6afb-d44e-582d-0b5eea40f8eb;51:88:0A:9E;0;AVIÁRIO MEIO;671,00;29/11/2025;14:09:35;20;1282-20
CO2;1282;CT-CO2-0;02938df5-6afb-d44e-582d-0b5eea40f8eb;51:88:0A:9E;0;AVIÁRIO MEIO;670,00;29/11/2025;14:14:37;20;1282-20
CO2;1282;CT-CO2-0;02938df5-6afb-d44e-582d-0b5eea40f8eb;51:88:0A:9E;0;AVIÁRIO MEIO;675,00;29/11/2025;14:20:09;20;1282-20
CO2;1282;CT-CO2-0;02938df5-6afb-d44e-582d-0b5eea40f8eb;51:88:0A:9E;0;AVIÁRIO MEIO;672,00;29/11/2025;14:25:41;20;1282-20
CO2;1282;CT-CO2-0;02938df5-6afb-d44e-582d-0b5eea40f8eb;51:88:0A:9E;0;AVIÁRIO MEIO;673,00;29/11/2025;14:31:13;20;1282-20
CO2;1282;CT-CO2-0;02938df5-6afb-d44e-582d-0b5eea40f8eb;51:88:0A:9E;0;AVIÁRIO MEIO;674,00;29/11/2025;14:36:19;20;1282-20
CO2;1282;CT-CO2-0;02938df5-6afb-d44e-582d-0b5eea40f8eb;51:88:0A:9E;0;AVIÁRIO MEIO;663,00;29/11/2025;14:41:51;20;1282-20
CO2;1282;CT-CO2-0;02938df5-6afb-d44e-582d-0b5eea40f8eb;51:88:0A:9E;0;AVIÁRIO MEIO;669,00;29/11/2025;14:46:53;20;1282-20
CO2;1282;CT-CO2-0;02938df5-6afb-d44e-582d-0b5eea40f8eb;51:88:0A:9E;0;AVIÁRIO MEIO;684,00;29/11/2025;14:52:24;20;1282-20
CO2;1282;CT-CO2-0;02938df5-6afb-d44e-582d-0b5eea40f8eb;51:88:0A:9E;0;AVIÁRIO MEIO;681,00;29/11/2025;14:57:58;20;1282-20
CO2;1282;CT-CO2-0;02938df5-6afb-d44e-582d-0b5eea40f8eb;51:88:0A:9E;0;AVIÁRIO MEIO;661,00;29/11/2025;15:04:02;20;1282-20
CO2;1282;CT-CO2-0;02938df5-6afb-d44e-582d-0b5eea40f8eb;51:88:0A:9E;0;AVIÁRIO MEIO;661,00;29/11/2025;15:08:34;20;1282-20
CO2;1282;CT-CO2-0;02938df5-6afb-d44e-582d-0b5eea40f8eb;51:88:0A:9E;0;AVIÁRIO MEIO;658,00;29/11/2025;15:14:07;20;1282-20
CO2;1282;CT-CO2-0;02938df5-6afb-d44e-582d-0b5eea40f8eb;51:88:0A:9E;0;AVIÁRIO MEIO;673,00;29/11/2025;15:19:39;20;1282-20
CO2;1282;CT-CO2-0;02938df5-6afb-d44e-582d-0b5eea40f8eb;51:88:0A:9E;0;AVIÁRIO MEIO;660,00;29/11/2025;15:24:41;20;1282-20
CO2;1282;CT-CO2-0;02938df5-6afb-d44e-582d-0b5eea40f8eb;51:88:0A:9E;0;AVIÁRIO MEIO;659,00;29/11/2025;15:30:14;20;1282-20
CO2;1282;CT-CO2-0;02938df5-6afb-d44e-582d-0b5eea40f8eb;51:88:0A:9E;0;AVIÁRIO MEIO;670,00;29/11/2025;15:35:46;20;1282-20
CO2;1282;CT-CO2-0;02938df5-6afb-d44e-582d-0b5eea40f8eb;51:88:0A:9E;0;AVIÁRIO MEIO;673,00;29/11/2025;15:40:48;20;1282-20
CO2;1282;CT-CO2-0;02938df5-6afb-d44e-582d-0b5eea40f8eb;51:88:0A:9E;0;AVIÁRIO MEIO;652,00;29/11/2025;15:46:20;20;1282-20
CO2;1282;CT-CO2-0;02938df5-6afb-d44e-582d-0b5eea40f8eb;51:88:0A:9E;0;AVIÁRIO MEIO;649,00;29/11/2025;15:51:52;20;1282-20
CO2;1282;CT-CO2-0;02938df5-6afb-d44e-582d-0b5eea40f8eb;51:88:0A:9E;0;AVIÁRIO MEIO;664,00;29/11/2025;15:57:24;20;1282-20
CO2;1282;CT-CO2-0;02938df5-6afb-d44e-582d-0b5eea40f8eb;51:88:0A:9E;0;AVIÁRIO MEIO;659,00;29/11/2025;16:02:26;20;1282-20
CO2;1282;CT-CO2-0;02938df5-6afb-d44e-582d-0b5eea40f8eb;51:88:0A:9E;0;AVIÁRIO MEIO;676,00;29/11/2025;16:07:59;20;1282-20
CO2;1282;CT-CO2-0;02938df5-6afb-d44e-582d-0b5eea40f8eb;51:88:0A:9E;0;AVIÁRIO MEIO;666,00;29/11/2025;16:14:04;20;1282-20
CO2;1282;CT-CO2-0;02938df5-6afb-d44e-582d-0b5eea40f8eb;51:88:0A:9E;0;AVIÁRIO MEIO;675,00;29/11/2025;16:18:36;20;1282-20
CO2;1282;CT-CO2-0;02938df5-6afb-d44e-582d-0b5eea40f8eb;51:88:0A:9E;0;AVIÁRIO MEIO;662,00;29/11/2025;16:24:08;20;1282-20
CO2;1282;CT-CO2-0;02938df5-6afb-d44e-582d-0b5eea40f8eb;51:88:0A:9E;0;AVIÁRIO MEIO;706,00;29/11/2025;16:29:40;20;1282-20
CO2;1282;CT-CO2-0;02938df5-6afb-d44e-582d-0b5eea40f8eb;51:88:0A:9E;0;AVIÁRIO MEIO;674,00;29/11/2025;16:34:42;20;1282-20
CO2;1282;CT-CO2-0;02938df5-6afb-d44e-582d-0b5eea40f8eb;51:88:0A:9E;0;AVIÁRIO MEIO;670,00;29/11/2025;16:40:14;20;1282-20
CO2;1282;CT-CO2-0;02938df5-6afb-d44e-582d-0b5eea40f8eb;51:88:0A:9E;0;AVIÁRIO MEIO;686,00;29/11/2025;16:45:46;20;1282-20
CO2;1282;CT-CO2-0;02938df5-6afb-d44e-582d-0b5eea40f8eb;51:88:0A:9E;0;AVIÁRIO MEIO;683,00;29/11/2025;16:51:18;20;1282-20
CO2;1282;CT-CO2-0;02938df5-6afb-d44e-582d-0b5eea40f8eb;51:88:0A:9E;0;AVIÁRIO MEIO;688,00;29/11/2025;16:56:23;20;1282-20
CO2;1282;CT-CO2-0;02938df5-6afb-d44e-582d-0b5eea40f8eb;51:88:0A:9E;0;AVIÁRIO MEIO;683,00;29/11/2025;17:01:55;20;1282-20
CO2;1282;CT-CO2-0;02938df5-6afb-d44e-582d-0b5eea40f8eb;51:88:0A:9E;0;AVIÁRIO MEIO;687,00;29/11/2025;17:07:27;20;1282-20
CO2;1282;CT-CO2-0;02938df5-6afb-d44e-582d-0b5eea40f8eb;51:88:0A:9E;0;AVIÁRIO MEIO;713,00;29/11/2025;17:12:29;20;1282-20
CO2;1282;CT-CO2-0;02938df5-6afb-d44e-582d-0b5eea40f8eb;51:88:0A:9E;0;AVIÁRIO MEIO;702,00;29/11/2025;17:18:01;20;1282-20
CO2;1282;CT-CO2-0;02938df5-6afb-d44e-582d-0b5eea40f8eb;51:88:0A:9E;0;AVIÁRIO MEIO;694,00;29/11/2025;17:24:05;20;1282-20
CO2;1282;CT-CO2-0;02938df5-6afb-d44e-582d-0b5eea40f8eb;51:88:0A:9E;0;AVIÁRIO MEIO;701,00;29/11/2025;17:28:37;20;1282-20
CO2;1282;CT-CO2-0;02938df5-6afb-d44e-582d-0b5eea40f8eb;51:88:0A:9E;0;AVIÁRIO MEIO;723,00;29/11/2025;17:34:09;20;1282-20
CO2;1282;CT-CO2-0;02938df5-6afb-d44e-582d-0b5eea40f8eb;51:88:0A:9E;0;AVIÁRIO MEIO;728,00;29/11/2025;17:39:41;20;1282-20
CO2;1282;CT-CO2-0;02938df5-6afb-d44e-582d-0b5eea40f8eb;51:88:0A:9E;0;AVIÁRIO MEIO;708,00;29/11/2025;17:45:14;20;1282-20
CO2;1282;CT-CO2-0;02938df5-6afb-d44e-582d-0b5eea40f8eb;51:88:0A:9E;0;AVIÁRIO MEIO;714,00;29/11/2025;17:50:17;20;1282-20
CO2;1282;CT-CO2-0;02938df5-6afb-d44e-582d-0b5eea40f8eb;51:88:0A:9E;0;AVIÁRIO MEIO;706,00;29/11/2025;17:55:49;20;1282-20
CO2;1282;CT-CO2-0;02938df5-6afb-d44e-582d-0b5eea40f8eb;51:88:0A:9E;0;AVIÁRIO MEIO;730,00;29/11/2025;18:01:21;20;1282-20
CO2;1282;CT-CO2-0;02938df5-6afb-d44e-582d-0b5eea40f8eb;51:88:0A:9E;0;AVIÁRIO MEIO;733,00;29/11/2025;18:06:23;20;1282-20
CO2;1282;CT-CO2-0;02938df5-6afb-d44e-582d-0b5eea40f8eb;51:88:0A:9E;0;AVIÁRIO MEIO;768,00;29/11/2025;18:11:56;20;1282-20
CO2;1282;CT-CO2-0;02938df5-6afb-d44e-582d-0b5eea40f8eb;51:88:0A:9E;0;AVIÁRIO MEIO;729,00;29/11/2025;18:17:33;20;1282-20
CO2;1282;CT-CO2-0;02938df5-6afb-d44e-582d-0b5eea40f8eb;51:88:0A:9E;0;AVIÁRIO MEIO;710,00;29/11/2025;18:22:35;20;1282-20
CO2;1282;CT-CO2-0;02938df5-6afb-d44e-582d-0b5eea40f8eb;51:88:0A:9E;0;AVIÁRIO MEIO;693,00;29/11/2025;18:28:07;20;1282-20
CO2;1282;CT-CO2-0;02938df5-6afb-d44e-582d-0b5eea40f8eb;51:88:0A:9E;0;AVIÁRIO MEIO;706,00;29/11/2025;18:34:11;20;1282-20
CO2;1282;CT-CO2-0;02938df5-6afb-d44e-582d-0b5eea40f8eb;51:88:0A:9E;0;AVIÁRIO MEIO;720,00;29/11/2025;18:38:43;20;1282-20
CO2;1282;CT-CO2-0;02938df5-6afb-d44e-582d-0b5eea40f8eb;51:88:0A:9E;0;AVIÁRIO MEIO;732,00;29/11/2025;18:44:16;20;1282-20
CO2;1282;CT-CO2-0;02938df5-6afb-d44e-582d-0b5eea40f8eb;51:88:0A:9E;0;AVIÁRIO MEIO;762,00;29/11/2025;18:49:48;20;1282-20
CO2;1282;CT-CO2-0;02938df5-6afb-d44e-582d-0b5eea40f8eb;51:88:0A:9E;0;AVIÁRIO MEIO;749,00;29/11/2025;18:54:50;20;1282-20
CO2;1282;CT-CO2-0;02938df5-6afb-d44e-582d-0b5eea40f8eb;51:88:0A:9E;0;AVIÁRIO MEIO;735,00;29/11/2025;19:00:22;20;1282-20
CO2;1282;CT-CO2-0;02938df5-6afb-d44e-582d-0b5eea40f8eb;51:88:0A:9E;0;AVIÁRIO MEIO;762,00;29/11/2025;19:11:26;20;1282-20
CO2;1282;CT-CO2-0;02938df5-6afb-d44e-582d-0b5eea40f8eb;51:88:0A:9E;0;AVIÁRIO MEIO;758,00;29/11/2025;19:16:28;20;1282-20
CO2;1282;CT-CO2-0;02938df5-6afb-d44e-582d-0b5eea40f8eb;51:88:0A:9E;0;AVIÁRIO MEIO;764,00;29/11/2025;19:22:00;20;1282-20
CO2;1282;CT-CO2-0;02938df5-6afb-d44e-582d-0b5eea40f8eb;51:88:0A:9E;0;AVIÁRIO MEIO;762,00;29/11/2025;19:27:32;20;1282-20
CO2;1282;CT-CO2-0;02938df5-6afb-d44e-582d-0b5eea40f8eb;51:88:0A:9E;0;AVIÁRIO MEIO;789,00;29/11/2025;19:32:34;20;1282-20
CO2;1282;CT-CO2-0;02938df5-6afb-d44e-582d-0b5eea40f8eb;51:88:0A:9E;0;AVIÁRIO MEIO;735,00;29/11/2025;19:38:07;20;1282-20
CO2;1282;CT-CO2-0;02938df5-6afb-d44e-582d-0b5eea40f8eb;51:88:0A:9E;0;AVIÁRIO MEIO;745,00;29/11/2025;19:44:11;20;1282-20
CO2;1282;CT-CO2-0;02938df5-6afb-d44e-582d-0b5eea40f8eb;51:88:0A:9E;0;AVIÁRIO MEIO;735,00;29/11/2025;19:48:43;20;1282-20
CO2;1282;CT-CO2-0;02938df5-6afb-d44e-582d-0b5eea40f8eb;51:88:0A:9E;0;AVIÁRIO MEIO;742,00;29/11/2025;19:54:15;20;1282-20
CO2;1282;CT-CO2-0;02938df5-6afb-d44e-582d-0b5eea40f8eb;51:88:0A:9E;0;AVIÁRIO MEIO;763,00;29/11/2025;19:59:52;20;1282-20
CO2;1282;CT-CO2-0;02938df5-6afb-d44e-582d-0b5eea40f8eb;51:88:0A:9E;0;AVIÁRIO MEIO;741,00;29/11/2025;20:04:55;20;1282-20
CO2;1282;CT-CO2-0;02938df5-6afb-d44e-582d-0b5eea40f8eb;51:88:0A:9E;0;AVIÁRIO MEIO;722,00;29/11/2025;20:10:26;20;1282-20
CO2;1282;CT-CO2-0;02938df5-6afb-d44e-582d-0b5eea40f8eb;51:88:0A:9E;0;AVIÁRIO MEIO;753,00;29/11/2025;20:15:59;20;1282-20
CO2;1282;CT-CO2-0;02938df5-6afb-d44e-582d-0b5eea40f8eb;51:88:0A:9E;0;AVIÁRIO MEIO;737,00;29/11/2025;20:21:30;20;1282-20
CO2;1282;CT-CO2-0;02938df5-6afb-d44e-582d-0b5eea40f8eb;51:88:0A:9E;0;AVIÁRIO MEIO;747,00;29/11/2025;20:26:33;20;1282-20
CO2;1282;CT-CO2-0;02938df5-6afb-d44e-582d-0b5eea40f8eb;51:88:0A:9E;0;AVIÁRIO MEIO;746,00;29/11/2025;20:32:05;20;1282-20
CO2;1282;CT-CO2-0;02938df5-6afb-d44e-582d-0b5eea40f8eb;51:88:0A:9E;0;AVIÁRIO MEIO;713,00;29/11/2025;20:37:38;20;1282-20
CO2;1282;CT-CO2-0;02938df5-6afb-d44e-582d-0b5eea40f8eb;51:88:0A:9E;0;AVIÁRIO MEIO;741,00;29/11/2025;20:42:41;20;1282-20
CO2;1282;CT-CO2-0;02938df5-6afb-d44e-582d-0b5eea40f8eb;51:88:0A:9E;0;AVIÁRIO MEIO;748,00;29/11/2025;20:48:13;20;1282-20
CO2;1282;CT-CO2-0;02938df5-6afb-d44e-582d-0b5eea40f8eb;51:88:0A:9E;0;AVIÁRIO MEIO;764,00;29/11/2025;20:54:17;20;1282-20
CO2;1282;CT-CO2-0;02938df5-6afb-d44e-582d-0b5eea40f8eb;51:88:0A:9E;0;AVIÁRIO MEIO;752,00;29/11/2025;20:58:49;20;1282-20
CO2;1282;CT-CO2-0;02938df5-6afb-d44e-582d-0b5eea40f8eb;51:88:0A:9E;0;AVIÁRIO MEIO;735,00;29/11/2025;21:06:52;20;1282-20
CO2;1282;CT-CO2-0;02938df5-6afb-d44e-582d-0b5eea40f8eb;51:88:0A:9E;0;AVIÁRIO MEIO;738,00;29/11/2025;21:12:24;20;1282-20
CO2;1282;CT-CO2-0;02938df5-6afb-d44e-582d-0b5eea40f8eb;51:88:0A:9E;0;AVIÁRIO MEIO;737,00;29/11/2025;21:17:30;20;1282-20
CO2;1282;CT-CO2-0;02938df5-6afb-d44e-582d-0b5eea40f8eb;51:88:0A:9E;0;AVIÁRIO MEIO;738,00;29/11/2025;21:23:03;20;1282-20
CO2;1282;CT-CO2-0;02938df5-6afb-d44e-582d-0b5eea40f8eb;51:88:0A:9E;0;AVIÁRIO MEIO;727,00;29/11/2025;21:28:34;20;1282-20
CO2;1282;CT-CO2-0;02938df5-6afb-d44e-582d-0b5eea40f8eb;51:88:0A:9E;0;AVIÁRIO MEIO;712,00;29/11/2025;21:33:39;20;1282-20
CO2;1282;CT-CO2-0;02938df5-6afb-d44e-582d-0b5eea40f8eb;51:88:0A:9E;0;AVIÁRIO MEIO;722,00;29/11/2025;21:39:12;20;1282-20
CO2;1282;CT-CO2-0;02938df5-6afb-d44e-582d-0b5eea40f8eb;51:88:0A:9E;0;AVIÁRIO MEIO;729,00;29/11/2025;21:44:43;20;1282-20
CO2;1282;CT-CO2-0;02938df5-6afb-d44e-582d-0b5eea40f8eb;51:88:0A:9E;0;AVIÁRIO MEIO;718,00;29/11/2025;21:49:46;20;1282-20
CO2;1282;CT-CO2-0;02938df5-6afb-d44e-582d-0b5eea40f8eb;51:88:0A:9E;0;AVIÁRIO MEIO;732,00;29/11/2025;21:55:17;20;1282-20
CO2;1282;CT-CO2-0;02938df5-6afb-d44e-582d-0b5eea40f8eb;51:88:0A:9E;0;AVIÁRIO MEIO;736,00;29/11/2025;22:01:26;20;1282-20
CO2;1282;CT-CO2-0;02938df5-6afb-d44e-582d-0b5eea40f8eb;51:88:0A:9E;0;AVIÁRIO MEIO;743,00;29/11/2025;22:05:58;20;1282-20
CO2;1282;CT-CO2-0;02938df5-6afb-d44e-582d-0b5eea40f8eb;51:88:0A:9E;0;AVIÁRIO MEIO;752,00;29/11/2025;22:11:30;20;1282-20
CO2;1282;CT-CO2-0;02938df5-6afb-d44e-582d-0b5eea40f8eb;51:88:0A:9E;0;AVIÁRIO MEIO;734,00;29/11/2025;22:17:02;20;1282-20
CO2;1282;CT-CO2-0;02938df5-6afb-d44e-582d-0b5eea40f8eb;51:88:0A:9E;0;AVIÁRIO MEIO;740,00;29/11/2025;22:22:05;20;1282-20
CO2;1282;CT-CO2-0;02938df5-6afb-d44e-582d-0b5eea40f8eb;51:88:0A:9E;0;AVIÁRIO MEIO;711,00;29/11/2025;22:27:37;20;1282-20
CO2;1282;CT-CO2-0;02938df5-6afb-d44e-582d-0b5eea40f8eb;51:88:0A:9E;0;AVIÁRIO MEIO;700,00;29/11/2025;22:33:09;20;1282-20
CO2;1282;CT-CO2-0;02938df5-6afb-d44e-582d-0b5eea40f8eb;51:88:0A:9E;0;AVIÁRIO MEIO;712,00;29/11/2025;22:38:42;20;1282-20
CO2;1282;CT-CO2-0;02938df5-6afb-d44e-582d-0b5eea40f8eb;51:88:0A:9E;0;AVIÁRIO MEIO;706,00;29/11/2025;22:43:44;20;1282-20
CO2;1282;CT-CO2-0;02938df5-6afb-d44e-582d-0b5eea40f8eb;51:88:0A:9E;0;AVIÁRIO MEIO;706,00;29/11/2025;22:49:18;20;1282-20
CO2;1282;CT-CO2-0;02938df5-6afb-d44e-582d-0b5eea40f8eb;51:88:0A:9E;0;AVIÁRIO MEIO;706,00;29/11/2025;22:54:50;20;1282-20
CO2;1282;CT-CO2-0;02938df5-6afb-d44e-582d-0b5eea40f8eb;51:88:0A:9E;0;AVIÁRIO MEIO;704,00;29/11/2025;22:59:54;20;1282-20
CO2;1282;CT-CO2-0;02938df5-6afb-d44e-582d-0b5eea40f8eb;51:88:0A:9E;0;AVIÁRIO MEIO;716,00;29/11/2025;23:05:26;20;1282-20
CO2;1282;CT-CO2-0;02938df5-6afb-d44e-582d-0b5eea40f8eb;51:88:0A:9E;0;AVIÁRIO MEIO;699,00;29/11/2025;23:11:34;20;1282-20
CO2;1282;CT-CO2-0;02938df5-6afb-d44e-582d-0b5eea40f8eb;51:88:0A:9E;0;AVIÁRIO MEIO;688,00;29/11/2025;23:16:05;20;1282-20
CO2;1282;CT-CO2-0;02938df5-6afb-d44e-582d-0b5eea40f8eb;51:88:0A:9E;0;AVIÁRIO MEIO;695,00;29/11/2025;23:21:38;20;1282-20
CO2;1282;CT-CO2-0;02938df5-6afb-d44e-582d-0b5eea40f8eb;51:88:0A:9E;0;AVIÁRIO MEIO;714,00;29/11/2025;23:27:10;20;1282-20
CO2;1282;CT-CO2-0;02938df5-6afb-d44e-582d-0b5eea40f8eb;51:88:0A:9E;0;AVIÁRIO MEIO;706,00;29/11/2025;23:32:42;20;1282-20
CO2;1282;CT-CO2-0;02938df5-6afb-d44e-582d-0b5eea40f8eb;51:88:0A:9E;0;AVIÁRIO MEIO;700,00;29/11/2025;23:37:45;20;1282-20
CO2;1282;CT-CO2-0;02938df5-6afb-d44e-582d-0b5eea40f8eb;51:88:0A:9E;0;AVIÁRIO MEIO;699,00;29/11/2025;23:43:16;20;1282-20
CO2;1282;CT-CO2-0;02938df5-6afb-d44e-582d-0b5eea40f8eb;51:88:0A:9E;0;AVIÁRIO MEIO;702,00;29/11/2025;23:48:48;20;1282-20
CO2;1282;CT-CO2-0;02938df5-6afb-d44e-582d-0b5eea40f8eb;51:88:0A:9E;0;AVIÁRIO MEIO;696,00;29/11/2025;23:53:50;20;1282-20
CO2;1282;CT-CO2-0;02938df5-6afb-d44e-582d-0b5eea40f8eb;51:88:0A:9E;0;AVIÁRIO MEIO;693,00;29/11/2025;23:59:22;20;1282-20
CO2;1282;CT-CO2-0;02938df5-6afb-d44e-582d-0b5eea40f8eb;51:88:0A:9E;0;AVIÁRIO MEIO;691,00;30/11/2025;00:04:55;20;1282-20
CO2;1282;CT-CO2-0;02938df5-6afb-d44e-582d-0b5eea40f8eb;51:88:0A:9E;0;AVIÁRIO MEIO;700,00;30/11/2025;00:10:27;20;1282-20
CO2;1282;CT-CO2-0;02938df5-6afb-d44e-582d-0b5eea40f8eb;51:88:0A:9E;0;AVIÁRIO MEIO;683,00;30/11/2025;00:15:31;20;1282-20
CO2;1282;CT-CO2-0;02938df5-6afb-d44e-582d-0b5eea40f8eb;51:88:0A:9E;0;AVIÁRIO MEIO;708,00;30/11/2025;00:21:36;20;1282-20
CO2;1282;CT-CO2-0;02938df5-6afb-d44e-582d-0b5eea40f8eb;51:88:0A:9E;0;AVIÁRIO MEIO;720,00;30/11/2025;00:26:38;20;1282-20
CO2;1282;CT-CO2-0;02938df5-6afb-d44e-582d-0b5eea40f8eb;51:88:0A:9E;0;AVIÁRIO MEIO;711,00;30/11/2025;00:31:39;20;1282-20
CO2;1282;CT-CO2-0;02938df5-6afb-d44e-582d-0b5eea40f8eb;51:88:0A:9E;0;AVIÁRIO MEIO;700,00;30/11/2025;00:37:12;20;1282-20
CO2;1282;CT-CO2-0;02938df5-6afb-d44e-582d-0b5eea40f8eb;51:88:0A:9E;0;AVIÁRIO MEIO;706,00;30/11/2025;00:42:44;20;1282-20
CO2;1282;CT-CO2-0;02938df5-6afb-d44e-582d-0b5eea40f8eb;51:88:0A:9E;0;AVIÁRIO MEIO;707,00;30/11/2025;00:47:46;20;1282-20
CO2;1282;CT-CO2-0;02938df5-6afb-d44e-582d-0b5eea40f8eb;51:88:0A:9E;0;AVIÁRIO MEIO;698,00;30/11/2025;00:53:19;20;1282-20
CO2;1282;CT-CO2-0;02938df5-6afb-d44e-582d-0b5eea40f8eb;51:88:0A:9E;0;AVIÁRIO MEIO;712,00;30/11/2025;00:58:52;20;1282-20
CO2;1282;CT-CO2-0;02938df5-6afb-d44e-582d-0b5eea40f8eb;51:88:0A:9E;0;AVIÁRIO MEIO;682,00;30/11/2025;01:03:54;20;1282-20
CO2;1282;CT-CO2-0;02938df5-6afb-d44e-582d-0b5eea40f8eb;51:88:0A:9E;0;AVIÁRIO MEIO;718,00;30/11/2025;01:09:26;20;1282-20
CO2;1282;CT-CO2-0;02938df5-6afb-d44e-582d-0b5eea40f8eb;51:88:0A:9E;0;AVIÁRIO MEIO;697,00;30/11/2025;01:14:58;20;1282-20
CO2;1282;CT-CO2-0;02938df5-6afb-d44e-582d-0b5eea40f8eb;51:88:0A:9E;0;AVIÁRIO MEIO;679,00;30/11/2025;01:20:30;20;1282-20
CO2;1282;CT-CO2-0;02938df5-6afb-d44e-582d-0b5eea40f8eb;51:88:0A:9E;0;AVIÁRIO MEIO;690,00;30/11/2025;01:25:32;20;1282-20
CO2;1282;CT-CO2-0;02938df5-6afb-d44e-582d-0b5eea40f8eb;51:88:0A:9E;0;AVIÁRIO MEIO;696,00;30/11/2025;01:31:35;20;1282-20
CO2;1282;CT-CO2-0;02938df5-6afb-d44e-582d-0b5eea40f8eb;51:88:0A:9E;0;AVIÁRIO MEIO;706,00;30/11/2025;01:36:38;20;1282-20
CO2;1282;CT-CO2-0;02938df5-6afb-d44e-582d-0b5eea40f8eb;51:88:0A:9E;0;AVIÁRIO MEIO;690,00;30/11/2025;01:42:10;20;1282-20
CO2;1282;CT-CO2-0;02938df5-6afb-d44e-582d-0b5eea40f8eb;51:88:0A:9E;0;AVIÁRIO MEIO;690,00;30/11/2025;01:47:12;20;1282-20
CO2;1282;CT-CO2-0;02938df5-6afb-d44e-582d-0b5eea40f8eb;51:88:0A:9E;0;AVIÁRIO MEIO;718,00;30/11/2025;01:52:45;20;1282-20
CO2;1282;CT-CO2-0;02938df5-6afb-d44e-582d-0b5eea40f8eb;51:88:0A:9E;0;AVIÁRIO MEIO;702,00;30/11/2025;01:58:17;20;1282-20
CO2;1282;CT-CO2-0;02938df5-6afb-d44e-582d-0b5eea40f8eb;51:88:0A:9E;0;AVIÁRIO MEIO;694,00;30/11/2025;02:03:20;20;1282-20
CO2;1282;CT-CO2-0;02938df5-6afb-d44e-582d-0b5eea40f8eb;51:88:0A:9E;0;AVIÁRIO MEIO;763,00;30/11/2025;02:08:52;20;1282-20
CO2;1282;CT-CO2-0;02938df5-6afb-d44e-582d-0b5eea40f8eb;51:88:0A:9E;0;AVIÁRIO MEIO;704,00;30/11/2025;02:14:24;20;1282-20
CO2;1282;CT-CO2-0;02938df5-6afb-d44e-582d-0b5eea40f8eb;51:88:0A:9E;0;AVIÁRIO MEIO;733,00;30/11/2025;02:19:26;20;1282-20
CO2;1282;CT-CO2-0;02938df5-6afb-d44e-582d-0b5eea40f8eb;51:88:0A:9E;0;AVIÁRIO MEIO;751,00;30/11/2025;02:24:58;20;1282-20
CO2;1282;CT-CO2-0;02938df5-6afb-d44e-582d-0b5eea40f8eb;51:88:0A:9E;0;AVIÁRIO MEIO;742,00;30/11/2025;02:30:31;20;1282-20
CO2;1282;CT-CO2-0;02938df5-6afb-d44e-582d-0b5eea40f8eb;51:88:0A:9E;0;AVIÁRIO MEIO;752,00;30/11/2025;02:36:03;20;1282-20
CO2;1282;CT-CO2-0;02938df5-6afb-d44e-582d-0b5eea40f8eb;51:88:0A:9E;0;AVIÁRIO MEIO;718,00;30/11/2025;02:41:38;20;1282-20
CO2;1282;CT-CO2-0;02938df5-6afb-d44e-582d-0b5eea40f8eb;51:88:0A:9E;0;AVIÁRIO MEIO;728,00;30/11/2025;02:46:40;20;1282-20
CO2;1282;CT-CO2-0;02938df5-6afb-d44e-582d-0b5eea40f8eb;51:88:0A:9E;0;AVIÁRIO MEIO;730,00;30/11/2025;02:52:12;20;1282-20
CO2;1282;CT-CO2-0;02938df5-6afb-d44e-582d-0b5eea40f8eb;51:88:0A:9E;0;AVIÁRIO MEIO;703,00;30/11/2025;02:57:14;20;1282-20
CO2;1282;CT-CO2-0;02938df5-6afb-d44e-582d-0b5eea40f8eb;51:88:0A:9E;0;AVIÁRIO MEIO;713,00;30/11/2025;03:02:45;20;1282-20
CO2;1282;CT-CO2-0;02938df5-6afb-d44e-582d-0b5eea40f8eb;51:88:0A:9E;0;AVIÁRIO MEIO;702,00;30/11/2025;03:08:17;20;1282-20
CO2;1282;CT-CO2-0;02938df5-6afb-d44e-582d-0b5eea40f8eb;51:88:0A:9E;0;AVIÁRIO MEIO;715,00;30/11/2025;03:13:48;20;1282-20
CO2;1282;CT-CO2-0;02938df5-6afb-d44e-582d-0b5eea40f8eb;51:88:0A:9E;0;AVIÁRIO MEIO;714,00;30/11/2025;03:18:51;20;1282-20
CO2;1282;CT-CO2-0;02938df5-6afb-d44e-582d-0b5eea40f8eb;51:88:0A:9E;0;AVIÁRIO MEIO;733,00;30/11/2025;03:24:23;20;1282-20
CO2;1282;CT-CO2-0;02938df5-6afb-d44e-582d-0b5eea40f8eb;51:88:0A:9E;0;AVIÁRIO MEIO;732,00;30/11/2025;03:29:55;20;1282-20
CO2;1282;CT-CO2-0;02938df5-6afb-d44e-582d-0b5eea40f8eb;51:88:0A:9E;0;AVIÁRIO MEIO;730,00;30/11/2025;03:34:57;20;1282-20
CO2;1282;CT-CO2-0;02938df5-6afb-d44e-582d-0b5eea40f8eb;51:88:0A:9E;0;AVIÁRIO MEIO;716,00;30/11/2025;03:40:29;20;1282-20
CO2;1282;CT-CO2-0;02938df5-6afb-d44e-582d-0b5eea40f8eb;51:88:0A:9E;0;AVIÁRIO MEIO;736,00;30/11/2025;03:46:01;20;1282-20
CO2;1282;CT-CO2-0;02938df5-6afb-d44e-582d-0b5eea40f8eb;51:88:0A:9E;0;AVIÁRIO MEIO;716,00;30/11/2025;03:52:05;20;1282-20
CO2;1282;CT-CO2-0;02938df5-6afb-d44e-582d-0b5eea40f8eb;51:88:0A:9E;0;AVIÁRIO MEIO;730,00;30/11/2025;03:56:37;20;1282-20
CO2;1282;CT-CO2-0;02938df5-6afb-d44e-582d-0b5eea40f8eb;51:88:0A:9E;0;AVIÁRIO MEIO;712,00;30/11/2025;04:02:09;20;1282-20
CO2;1282;CT-CO2-0;02938df5-6afb-d44e-582d-0b5eea40f8eb;51:88:0A:9E;0;AVIÁRIO MEIO;721,00;30/11/2025;04:07:41;20;1282-20
CO2;1282;CT-CO2-0;02938df5-6afb-d44e-582d-0b5eea40f8eb;51:88:0A:9E;0;AVIÁRIO MEIO;730,00;30/11/2025;04:12:43;20;1282-20
CO2;1282;CT-CO2-0;02938df5-6afb-d44e-582d-0b5eea40f8eb;51:88:0A:9E;0;AVIÁRIO MEIO;698,00;30/11/2025;04:18:15;20;1282-20
CO2;1282;CT-CO2-0;02938df5-6afb-d44e-582d-0b5eea40f8eb;51:88:0A:9E;0;AVIÁRIO MEIO;719,00;30/11/2025;04:23:47;20;1282-20
CO2;1282;CT-CO2-0;02938df5-6afb-d44e-582d-0b5eea40f8eb;51:88:0A:9E;0;AVIÁRIO MEIO;710,00;30/11/2025;04:28:49;20;1282-20
CO2;1282;CT-CO2-0;02938df5-6afb-d44e-582d-0b5eea40f8eb;51:88:0A:9E;0;AVIÁRIO MEIO;710,00;30/11/2025;04:34:22;20;1282-20
CO2;1282;CT-CO2-0;02938df5-6afb-d44e-582d-0b5eea40f8eb;51:88:0A:9E;0;AVIÁRIO MEIO;691,00;30/11/2025;04:39:54;20;1282-20
CO2;1282;CT-CO2-0;02938df5-6afb-d44e-582d-0b5eea40f8eb;51:88:0A:9E;0;AVIÁRIO MEIO;742,00;30/11/2025;04:45:25;20;1282-20
CO2;1282;CT-CO2-0;02938df5-6afb-d44e-582d-0b5eea40f8eb;51:88:0A:9E;0;AVIÁRIO MEIO;758,00;30/11/2025;04:50:27;20;1282-20
CO2;1282;CT-CO2-0;02938df5-6afb-d44e-582d-0b5eea40f8eb;51:88:0A:9E;0;AVIÁRIO MEIO;760,00;30/11/2025;04:55:59;20;1282-20
CO2;1282;CT-CO2-0;02938df5-6afb-d44e-582d-0b5eea40f8eb;51:88:0A:9E;0;AVIÁRIO MEIO;735,00;30/11/2025;05:02:04;20;1282-20
CO2;1282;CT-CO2-0;02938df5-6afb-d44e-582d-0b5eea40f8eb;51:88:0A:9E;0;AVIÁRIO MEIO;728,00;30/11/2025;05:06:36;20;1282-20
CO2;1282;CT-CO2-0;02938df5-6afb-d44e-582d-0b5eea40f8eb;51:88:0A:9E;0;AVIÁRIO MEIO;744,00;30/11/2025;05:12:08;20;1282-20
CO2;1282;CT-CO2-0;02938df5-6afb-d44e-582d-0b5eea40f8eb;51:88:0A:9E;0;AVIÁRIO MEIO;731,00;30/11/2025;05:17:40;20;1282-20
CO2;1282;CT-CO2-0;02938df5-6afb-d44e-582d-0b5eea40f8eb;51:88:0A:9E;0;AVIÁRIO MEIO;743,00;30/11/2025;05:23:12;20;1282-20
CO2;1282;CT-CO2-0;02938df5-6afb-d44e-582d-0b5eea40f8eb;51:88:0A:9E;0;AVIÁRIO MEIO;756,00;30/11/2025;05:28:14;20;1282-20
CO2;1282;CT-CO2-0;02938df5-6afb-d44e-582d-0b5eea40f8eb;51:88:0A:9E;0;AVIÁRIO MEIO;739,00;30/11/2025;05:33:46;20;1282-20
CO2;1282;CT-CO2-0;02938df5-6afb-d44e-582d-0b5eea40f8eb;51:88:0A:9E;0;AVIÁRIO MEIO;743,00;30/11/2025;05:39:18;20;1282-20
CO2;1282;CT-CO2-0;02938df5-6afb-d44e-582d-0b5eea40f8eb;51:88:0A:9E;0;AVIÁRIO MEIO;751,00;30/11/2025;05:44:20;20;1282-20
CO2;1282;CT-CO2-0;02938df5-6afb-d44e-582d-0b5eea40f8eb;51:88:0A:9E;0;AVIÁRIO MEIO;735,00;30/11/2025;05:49:53;20;1282-20
CO2;1282;CT-CO2-0;02938df5-6afb-d44e-582d-0b5eea40f8eb;51:88:0A:9E;0;AVIÁRIO MEIO;769,00;30/11/2025;05:55:25;20;1282-20
CO2;1282;CT-CO2-0;02938df5-6afb-d44e-582d-0b5eea40f8eb;51:88:0A:9E;0;AVIÁRIO MEIO;728,00;30/11/2025;06:00:32;20;1282-20
CO2;1282;CT-CO2-0;02938df5-6afb-d44e-582d-0b5eea40f8eb;51:88:0A:9E;0;AVIÁRIO MEIO;736,00;30/11/2025;06:06:05;20;1282-20
CO2;1282;CT-CO2-0;02938df5-6afb-d44e-582d-0b5eea40f8eb;51:88:0A:9E;0;AVIÁRIO MEIO;749,00;30/11/2025;06:12:09;20;1282-20
CO2;1282;CT-CO2-0;02938df5-6afb-d44e-582d-0b5eea40f8eb;51:88:0A:9E;0;AVIÁRIO MEIO;744,00;30/11/2025;06:16:40;20;1282-20
CO2;1282;CT-CO2-0;02938df5-6afb-d44e-582d-0b5eea40f8eb;51:88:0A:9E;0;AVIÁRIO MEIO;727,00;30/11/2025;06:22:12;20;1282-20
CO2;1282;CT-CO2-0;02938df5-6afb-d44e-582d-0b5eea40f8eb;51:88:0A:9E;0;AVIÁRIO MEIO;730,00;30/11/2025;06:27:44;20;1282-20
CO2;1282;CT-CO2-0;02938df5-6afb-d44e-582d-0b5eea40f8eb;51:88:0A:9E;0;AVIÁRIO MEIO;739,00;30/11/2025;06:33:16;20;1282-20
CO2;1282;CT-CO2-0;02938df5-6afb-d44e-582d-0b5eea40f8eb;51:88:0A:9E;0;AVIÁRIO MEIO;745,00;30/11/2025;06:38:19;20;1282-20
CO2;1282;CT-CO2-0;02938df5-6afb-d44e-582d-0b5eea40f8eb;51:88:0A:9E;0;AVIÁRIO MEIO;754,00;30/11/2025;06:43:51;20;1282-20
CO2;1282;CT-CO2-0;02938df5-6afb-d44e-582d-0b5eea40f8eb;51:88:0A:9E;0;AVIÁRIO MEIO;746,00;30/11/2025;06:49:26;20;1282-20
CO2;1282;CT-CO2-0;02938df5-6afb-d44e-582d-0b5eea40f8eb;51:88:0A:9E;0;AVIÁRIO MEIO;740,00;30/11/2025;06:54:28;20;1282-20
CO2;1282;CT-CO2-0;02938df5-6afb-d44e-582d-0b5eea40f8eb;51:88:0A:9E;0;AVIÁRIO MEIO;748,00;30/11/2025;07:00:00;20;1282-20
CO2;1282;CT-CO2-0;02938df5-6afb-d44e-582d-0b5eea40f8eb;51:88:0A:9E;0;AVIÁRIO MEIO;745,00;30/11/2025;07:05:35;20;1282-20
CO2;1282;CT-CO2-0;02938df5-6afb-d44e-582d-0b5eea40f8eb;51:88:0A:9E;0;AVIÁRIO MEIO;745,00;30/11/2025;07:10:37;20;1282-20
CO2;1282;CT-CO2-0;02938df5-6afb-d44e-582d-0b5eea40f8eb;51:88:0A:9E;0;AVIÁRIO MEIO;744,00;30/11/2025;07:16:09;20;1282-20
CO2;1282;CT-CO2-0;02938df5-6afb-d44e-582d-0b5eea40f8eb;51:88:0A:9E;0;AVIÁRIO MEIO;724,00;30/11/2025;07:22:11;20;1282-20
CO2;1282;CT-CO2-0;02938df5-6afb-d44e-582d-0b5eea40f8eb;51:88:0A:9E;0;AVIÁRIO MEIO;722,00;30/11/2025;07:26:43;20;1282-20
CO2;1282;CT-CO2-0;02938df5-6afb-d44e-582d-0b5eea40f8eb;51:88:0A:9E;0;AVIÁRIO MEIO;720,00;30/11/2025;07:32:16;20;1282-20
CO2;1282;CT-CO2-0;02938df5-6afb-d44e-582d-0b5eea40f8eb;51:88:0A:9E;0;AVIÁRIO MEIO;735,00;30/11/2025;07:37:48;20;1282-20
CO2;1282;CT-CO2-0;02938df5-6afb-d44e-582d-0b5eea40f8eb;51:88:0A:9E;0;AVIÁRIO MEIO;746,00;30/11/2025;07:43:20;20;1282-20
CO2;1282;CT-CO2-0;02938df5-6afb-d44e-582d-0b5eea40f8eb;51:88:0A:9E;0;AVIÁRIO MEIO;734,00;30/11/2025;07:48:23;20;1282-20
CO2;1282;CT-CO2-0;02938df5-6afb-d44e-582d-0b5eea40f8eb;51:88:0A:9E;0;AVIÁRIO MEIO;712,00;30/11/2025;07:53:55;20;1282-20
CO2;1282;CT-CO2-0;02938df5-6afb-d44e-582d-0b5eea40f8eb;51:88:0A:9E;0;AVIÁRIO MEIO;716,00;30/11/2025;07:59:33;20;1282-20
CO2;1282;CT-CO2-0;02938df5-6afb-d44e-582d-0b5eea40f8eb;51:88:0A:9E;0;AVIÁRIO MEIO;720,00;30/11/2025;08:04:37;20;1282-20
CO2;1282;CT-CO2-0;02938df5-6afb-d44e-582d-0b5eea40f8eb;51:88:0A:9E;0;AVIÁRIO MEIO;706,00;30/11/2025;08:10:10;20;1282-20
CO2;1282;CT-CO2-0;02938df5-6afb-d44e-582d-0b5eea40f8eb;51:88:0A:9E;0;AVIÁRIO MEIO;717,00;30/11/2025;08:15:42;20;1282-20
CO2;1282;CT-CO2-0;02938df5-6afb-d44e-582d-0b5eea40f8eb;51:88:0A:9E;0;AVIÁRIO MEIO;704,00;30/11/2025;08:20:44;20;1282-20
CO2;1282;CT-CO2-0;02938df5-6afb-d44e-582d-0b5eea40f8eb;51:88:0A:9E;0;AVIÁRIO MEIO;699,00;30/11/2025;08:26:16;20;1282-20
CO2;1282;CT-CO2-0;02938df5-6afb-d44e-582d-0b5eea40f8eb;51:88:0A:9E;0;AVIÁRIO MEIO;716,00;30/11/2025;08:32:20;20;1282-20
CO2;1282;CT-CO2-0;02938df5-6afb-d44e-582d-0b5eea40f8eb;51:88:0A:9E;0;AVIÁRIO MEIO;688,00;30/11/2025;08:36:52;20;1282-20
CO2;1282;CT-CO2-0;02938df5-6afb-d44e-582d-0b5eea40f8eb;51:88:0A:9E;0;AVIÁRIO MEIO;689,00;30/11/2025;08:42:23;20;1282-20
CO2;1282;CT-CO2-0;02938df5-6afb-d44e-582d-0b5eea40f8eb;51:88:0A:9E;0;AVIÁRIO MEIO;707,00;30/11/2025;08:47:56;20;1282-20
CO2;1282;CT-CO2-0;02938df5-6afb-d44e-582d-0b5eea40f8eb;51:88:0A:9E;0;AVIÁRIO MEIO;675,00;30/11/2025;08:52:58;20;1282-20
CO2;1282;CT-CO2-0;02938df5-6afb-d44e-582d-0b5eea40f8eb;51:88:0A:9E;0;AVIÁRIO MEIO;697,00;30/11/2025;08:58:29;20;1282-20
CO2;1282;CT-CO2-0;02938df5-6afb-d44e-582d-0b5eea40f8eb;51:88:0A:9E;0;AVIÁRIO MEIO;683,00;30/11/2025;09:04:01;20;1282-20
CO2;1282;CT-CO2-0;02938df5-6afb-d44e-582d-0b5eea40f8eb;51:88:0A:9E;0;AVIÁRIO MEIO;676,00;30/11/2025;09:09:33;20;1282-20
CO2;1282;CT-CO2-0;02938df5-6afb-d44e-582d-0b5eea40f8eb;51:88:0A:9E;0;AVIÁRIO MEIO;702,00;30/11/2025;09:14:35;20;1282-20
CO2;1282;CT-CO2-0;02938df5-6afb-d44e-582d-0b5eea40f8eb;51:88:0A:9E;0;AVIÁRIO MEIO;714,00;30/11/2025;09:20:08;20;1282-20
CO2;1282;CT-CO2-0;02938df5-6afb-d44e-582d-0b5eea40f8eb;51:88:0A:9E;0;AVIÁRIO MEIO;725,00;30/11/2025;09:25:40;20;1282-20
CO2;1282;CT-CO2-0;02938df5-6afb-d44e-582d-0b5eea40f8eb;51:88:0A:9E;0;AVIÁRIO MEIO;655,00;30/11/2025;09:30:42;20;1282-20
CO2;1282;CT-CO2-0;02938df5-6afb-d44e-582d-0b5eea40f8eb;51:88:0A:9E;0;AVIÁRIO MEIO;658,00;30/11/2025;09:36:14;20;1282-20
CO2;1282;CT-CO2-0;02938df5-6afb-d44e-582d-0b5eea40f8eb;51:88:0A:9E;0;AVIÁRIO MEIO;663,00;30/11/2025;09:42:18;20;1282-20
CO2;1282;CT-CO2-0;02938df5-6afb-d44e-582d-0b5eea40f8eb;51:88:0A:9E;0;AVIÁRIO MEIO;657,00;30/11/2025;09:47:20;20;1282-20
CO2;1282;CT-CO2-0;02938df5-6afb-d44e-582d-0b5eea40f8eb;51:88:0A:9E;0;AVIÁRIO MEIO;689,00;30/11/2025;09:52:22;20;1282-20
CO2;1282;CT-CO2-0;02938df5-6afb-d44e-582d-0b5eea40f8eb;51:88:0A:9E;0;AVIÁRIO MEIO;682,00;30/11/2025;09:57:54;20;1282-20
CO2;1282;CT-CO2-0;02938df5-6afb-d44e-582d-0b5eea40f8eb;51:88:0A:9E;0;AVIÁRIO MEIO;675,00;30/11/2025;10:03:26;20;1282-20
CO2;1282;CT-CO2-0;02938df5-6afb-d44e-582d-0b5eea40f8eb;51:88:0A:9E;0;AVIÁRIO MEIO;675,00;30/11/2025;10:08:27;20;1282-20
CO2;1282;CT-CO2-0;02938df5-6afb-d44e-582d-0b5eea40f8eb;51:88:0A:9E;0;AVIÁRIO MEIO;665,00;30/11/2025;10:14:00;20;1282-20
CO2;1282;CT-CO2-0;02938df5-6afb-d44e-582d-0b5eea40f8eb;51:88:0A:9E;0;AVIÁRIO MEIO;681,00;30/11/2025;10:19:32;20;1282-20
CO2;1282;CT-CO2-0;02938df5-6afb-d44e-582d-0b5eea40f8eb;51:88:0A:9E;0;AVIÁRIO MEIO;661,00;30/11/2025;10:25:04;20;1282-20
CO2;1282;CT-CO2-0;02938df5-6afb-d44e-582d-0b5eea40f8eb;51:88:0A:9E;0;AVIÁRIO MEIO;662,00;30/11/2025;10:30:06;20;1282-20
CO2;1282;CT-CO2-0;02938df5-6afb-d44e-582d-0b5eea40f8eb;51:88:0A:9E;0;AVIÁRIO MEIO;670,00;30/11/2025;10:35:38;20;1282-20
CO2;1282;CT-CO2-0;02938df5-6afb-d44e-582d-0b5eea40f8eb;51:88:0A:9E;0;AVIÁRIO MEIO;670,00;30/11/2025;10:41:10;20;1282-20
CO2;1282;CT-CO2-0;02938df5-6afb-d44e-582d-0b5eea40f8eb;51:88:0A:9E;0;AVIÁRIO MEIO;709,00;30/11/2025;10:46:42;20;1282-20
CO2;1282;CT-CO2-0;02938df5-6afb-d44e-582d-0b5eea40f8eb;51:88:0A:9E;0;AVIÁRIO MEIO;668,00;30/11/2025;10:52:17;20;1282-20
CO2;1282;CT-CO2-0;02938df5-6afb-d44e-582d-0b5eea40f8eb;51:88:0A:9E;0;AVIÁRIO MEIO;671,00;30/11/2025;10:57:20;20;1282-20
CO2;1282;CT-CO2-0;02938df5-6afb-d44e-582d-0b5eea40f8eb;51:88:0A:9E;0;AVIÁRIO MEIO;662,00;30/11/2025;11:02:52;20;1282-20
CO2;1282;CT-CO2-0;02938df5-6afb-d44e-582d-0b5eea40f8eb;51:88:0A:9E;0;AVIÁRIO MEIO;656,00;30/11/2025;11:07:54;20;1282-20
CO2;1282;CT-CO2-0;02938df5-6afb-d44e-582d-0b5eea40f8eb;51:88:0A:9E;0;AVIÁRIO MEIO;657,00;30/11/2025;11:13:25;20;1282-20
CO2;1282;CT-CO2-0;02938df5-6afb-d44e-582d-0b5eea40f8eb;51:88:0A:9E;0;AVIÁRIO MEIO;664,00;30/11/2025;11:18:58;20;1282-20
CO2;1282;CT-CO2-0;02938df5-6afb-d44e-582d-0b5eea40f8eb;51:88:0A:9E;0;AVIÁRIO MEIO;655,00;30/11/2025;11:24:00;20;1282-20
CO2;1282;CT-CO2-0;02938df5-6afb-d44e-582d-0b5eea40f8eb;51:88:0A:9E;0;AVIÁRIO MEIO;660,00;30/11/2025;11:29:31;20;1282-20
CO2;1282;CT-CO2-0;02938df5-6afb-d44e-582d-0b5eea40f8eb;51:88:0A:9E;0;AVIÁRIO MEIO;659,00;30/11/2025;11:35:04;20;1282-20
CO2;1282;CT-CO2-0;02938df5-6afb-d44e-582d-0b5eea40f8eb;51:88:0A:9E;0;AVIÁRIO MEIO;661,00;30/11/2025;11:40:36;20;1282-20
CO2;1282;CT-CO2-0;02938df5-6afb-d44e-582d-0b5eea40f8eb;51:88:0A:9E;0;AVIÁRIO MEIO;675,00;30/11/2025;11:45:38;20;1282-20
CO2;1282;CT-CO2-0;02938df5-6afb-d44e-582d-0b5eea40f8eb;51:88:0A:9E;0;AVIÁRIO MEIO;656,00;30/11/2025;11:51:10;20;1282-20
CO2;1282;CT-CO2-0;02938df5-6afb-d44e-582d-0b5eea40f8eb;51:88:0A:9E;0;AVIÁRIO MEIO;654,00;30/11/2025;11:56:42;20;1282-20
CO2;1282;CT-CO2-0;02938df5-6afb-d44e-582d-0b5eea40f8eb;51:88:0A:9E;0;AVIÁRIO MEIO;659,00;30/11/2025;12:02:16;20;1282-20
CO2;1282;CT-CO2-0;02938df5-6afb-d44e-582d-0b5eea40f8eb;51:88:0A:9E;0;AVIÁRIO MEIO;703,00;30/11/2025;12:07:20;20;1282-20
CO2;1282;CT-CO2-0;02938df5-6afb-d44e-582d-0b5eea40f8eb;51:88:0A:9E;0;AVIÁRIO MEIO;666,00;30/11/2025;12:12:51;20;1282-20
CO2;1282;CT-CO2-0;02938df5-6afb-d44e-582d-0b5eea40f8eb;51:88:0A:9E;0;AVIÁRIO MEIO;669,00;30/11/2025;12:17:53;20;1282-20
CO2;1282;CT-CO2-0;02938df5-6afb-d44e-582d-0b5eea40f8eb;51:88:0A:9E;0;AVIÁRIO MEIO;665,00;30/11/2025;12:23:25;20;1282-20
CO2;1282;CT-CO2-0;02938df5-6afb-d44e-582d-0b5eea40f8eb;51:88:0A:9E;0;AVIÁRIO MEIO;649,00;30/11/2025;12:28:58;20;1282-20
CO2;1282;CT-CO2-0;02938df5-6afb-d44e-582d-0b5eea40f8eb;51:88:0A:9E;0;AVIÁRIO MEIO;666,00;30/11/2025;12:34:30;20;1282-20
CO2;1282;CT-CO2-0;02938df5-6afb-d44e-582d-0b5eea40f8eb;51:88:0A:9E;0;AVIÁRIO MEIO;656,00;30/11/2025;12:39:33;20;1282-20
CO2;1282;CT-CO2-0;02938df5-6afb-d44e-582d-0b5eea40f8eb;51:88:0A:9E;0;AVIÁRIO MEIO;677,00;30/11/2025;12:45:05;20;1282-20
CO2;1282;CT-CO2-0;02938df5-6afb-d44e-582d-0b5eea40f8eb;51:88:0A:9E;0;AVIÁRIO MEIO;665,00;30/11/2025;12:50:37;20;1282-20
CO2;1282;CT-CO2-0;02938df5-6afb-d44e-582d-0b5eea40f8eb;51:88:0A:9E;0;AVIÁRIO MEIO;674,00;30/11/2025;12:55:39;20;1282-20
CO2;1282;CT-CO2-0;02938df5-6afb-d44e-582d-0b5eea40f8eb;51:88:0A:9E;0;AVIÁRIO MEIO;651,00;30/11/2025;13:01:11;20;1282-20
CO2;1282;CT-CO2-0;02938df5-6afb-d44e-582d-0b5eea40f8eb;51:88:0A:9E;0;AVIÁRIO MEIO;666,00;30/11/2025;13:06:44;20;1282-20
CO2;1282;CT-CO2-0;02938df5-6afb-d44e-582d-0b5eea40f8eb;51:88:0A:9E;0;AVIÁRIO MEIO;678,00;30/11/2025;13:12:18;20;1282-20
CO2;1282;CT-CO2-0;02938df5-6afb-d44e-582d-0b5eea40f8eb;51:88:0A:9E;0;AVIÁRIO MEIO;666,00;30/11/2025;13:17:21;20;1282-20
CO2;1282;CT-CO2-0;02938df5-6afb-d44e-582d-0b5eea40f8eb;51:88:0A:9E;0;AVIÁRIO MEIO;660,00;30/11/2025;13:22:52;20;1282-20
CO2;1282;CT-CO2-0;02938df5-6afb-d44e-582d-0b5eea40f8eb;51:88:0A:9E;0;AVIÁRIO MEIO;670,00;30/11/2025;13:28:24;20;1282-20
CO2;1282;CT-CO2-0;02938df5-6afb-d44e-582d-0b5eea40f8eb;51:88:0A:9E;0;AVIÁRIO MEIO;661,00;30/11/2025;13:33:32;20;1282-20
CO2;1282;CT-CO2-0;02938df5-6afb-d44e-582d-0b5eea40f8eb;51:88:0A:9E;0;AVIÁRIO MEIO;658,00;30/11/2025;13:39:03;20;1282-20
CO2;1282;CT-CO2-0;02938df5-6afb-d44e-582d-0b5eea40f8eb;51:88:0A:9E;0;AVIÁRIO MEIO;657,00;30/11/2025;13:44:35;20;1282-20
CO2;1282;CT-CO2-0;02938df5-6afb-d44e-582d-0b5eea40f8eb;51:88:0A:9E;0;AVIÁRIO MEIO;660,00;30/11/2025;13:49:39;20;1282-20
CO2;1282;CT-CO2-0;02938df5-6afb-d44e-582d-0b5eea40f8eb;51:88:0A:9E;0;AVIÁRIO MEIO;677,00;30/11/2025;13:55:11;20;1282-20
CO2;1282;CT-CO2-0;02938df5-6afb-d44e-582d-0b5eea40f8eb;51:88:0A:9E;0;AVIÁRIO MEIO;663,00;30/11/2025;14:00:44;20;1282-20
CO2;1282;CT-CO2-0;02938df5-6afb-d44e-582d-0b5eea40f8eb;51:88:0A:9E;0;AVIÁRIO MEIO;651,00;30/11/2025;14:05:45;20;1282-20
CO2;1282;CT-CO2-0;02938df5-6afb-d44e-582d-0b5eea40f8eb;51:88:0A:9E;0;AVIÁRIO MEIO;656,00;30/11/2025;14:11:18;20;1282-20
CO2;1282;CT-CO2-0;02938df5-6afb-d44e-582d-0b5eea40f8eb;51:88:0A:9E;0;AVIÁRIO MEIO;645,00;30/11/2025;14:17:21;20;1282-20
CO2;1282;CT-CO2-0;02938df5-6afb-d44e-582d-0b5eea40f8eb;51:88:0A:9E;0;AVIÁRIO MEIO;647,00;30/11/2025;14:22:23;20;1282-20
CO2;1282;CT-CO2-0;02938df5-6afb-d44e-582d-0b5eea40f8eb;51:88:0A:9E;0;AVIÁRIO MEIO;673,00;30/11/2025;14:27:27;20;1282-20
CO2;1282;CT-CO2-0;02938df5-6afb-d44e-582d-0b5eea40f8eb;51:88:0A:9E;0;AVIÁRIO MEIO;663,00;30/11/2025;14:32:59;20;1282-20
CO2;1282;CT-CO2-0;02938df5-6afb-d44e-582d-0b5eea40f8eb;51:88:0A:9E;0;AVIÁRIO MEIO;671,00;30/11/2025;14:38:31;20;1282-20
CO2;1282;CT-CO2-0;02938df5-6afb-d44e-582d-0b5eea40f8eb;51:88:0A:9E;0;AVIÁRIO MEIO;677,00;30/11/2025;14:43:32;20;1282-20
CO2;1282;CT-CO2-0;02938df5-6afb-d44e-582d-0b5eea40f8eb;51:88:0A:9E;0;AVIÁRIO MEIO;654,00;30/11/2025;14:49:05;20;1282-20
CO2;1282;CT-CO2-0;02938df5-6afb-d44e-582d-0b5eea40f8eb;51:88:0A:9E;0;AVIÁRIO MEIO;667,00;30/11/2025;14:54:37;20;1282-20
CO2;1282;CT-CO2-0;02938df5-6afb-d44e-582d-0b5eea40f8eb;51:88:0A:9E;0;AVIÁRIO MEIO;656,00;30/11/2025;15:00:10;20;1282-20
CO2;1282;CT-CO2-0;02938df5-6afb-d44e-582d-0b5eea40f8eb;51:88:0A:9E;0;AVIÁRIO MEIO;741,00;30/11/2025;15:05:12;20;1282-20
CO2;1282;CT-CO2-0;02938df5-6afb-d44e-582d-0b5eea40f8eb;51:88:0A:9E;0;AVIÁRIO MEIO;684,00;30/11/2025;15:10:45;20;1282-20
CO2;1282;CT-CO2-0;02938df5-6afb-d44e-582d-0b5eea40f8eb;51:88:0A:9E;0;AVIÁRIO MEIO;673,00;30/11/2025;15:16:16;20;1282-20
CO2;1282;CT-CO2-0;02938df5-6afb-d44e-582d-0b5eea40f8eb;51:88:0A:9E;0;AVIÁRIO MEIO;657,00;30/11/2025;15:21:18;20;1282-20
CO2;1282;CT-CO2-0;02938df5-6afb-d44e-582d-0b5eea40f8eb;51:88:0A:9E;0;AVIÁRIO MEIO;663,00;30/11/2025;15:27:23;20;1282-20
CO2;1282;CT-CO2-0;02938df5-6afb-d44e-582d-0b5eea40f8eb;51:88:0A:9E;0;AVIÁRIO MEIO;658,00;30/11/2025;15:32:25;20;1282-20
CO2;1282;CT-CO2-0;02938df5-6afb-d44e-582d-0b5eea40f8eb;51:88:0A:9E;0;AVIÁRIO MEIO;677,00;30/11/2025;15:37:26;20;1282-20
CO2;1282;CT-CO2-0;02938df5-6afb-d44e-582d-0b5eea40f8eb;51:88:0A:9E;0;AVIÁRIO MEIO;670,00;30/11/2025;15:42:59;20;1282-20
CO2;1282;CT-CO2-0;02938df5-6afb-d44e-582d-0b5eea40f8eb;51:88:0A:9E;0;AVIÁRIO MEIO;672,00;30/11/2025;15:48:31;20;1282-20
CO2;1282;CT-CO2-0;02938df5-6afb-d44e-582d-0b5eea40f8eb;51:88:0A:9E;0;AVIÁRIO MEIO;670,00;30/11/2025;15:54:03;20;1282-20
CO2;1282;CT-CO2-0;02938df5-6afb-d44e-582d-0b5eea40f8eb;51:88:0A:9E;0;AVIÁRIO MEIO;675,00;30/11/2025;15:59:05;20;1282-20
CO2;1282;CT-CO2-0;02938df5-6afb-d44e-582d-0b5eea40f8eb;51:88:0A:9E;0;AVIÁRIO MEIO;673,00;30/11/2025;16:04:37;20;1282-20
CO2;1282;CT-CO2-0;02938df5-6afb-d44e-582d-0b5eea40f8eb;51:88:0A:9E;0;AVIÁRIO MEIO;669,00;30/11/2025;16:10:09;20;1282-20
CO2;1282;CT-CO2-0;02938df5-6afb-d44e-582d-0b5eea40f8eb;51:88:0A:9E;0;AVIÁRIO MEIO;666,00;30/11/2025;16:15:11;20;1282-20
CO2;1282;CT-CO2-0;02938df5-6afb-d44e-582d-0b5eea40f8eb;51:88:0A:9E;0;AVIÁRIO MEIO;660,00;30/11/2025;16:20:43;20;1282-20
CO2;1282;CT-CO2-0;02938df5-6afb-d44e-582d-0b5eea40f8eb;51:88:0A:9E;0;AVIÁRIO MEIO;658,00;30/11/2025;16:26:14;20;1282-20
CO2;1282;CT-CO2-0;02938df5-6afb-d44e-582d-0b5eea40f8eb;51:88:0A:9E;0;AVIÁRIO MEIO;656,00;30/11/2025;16:31:47;20;1282-20
CO2;1282;CT-CO2-0;02938df5-6afb-d44e-582d-0b5eea40f8eb;51:88:0A:9E;0;AVIÁRIO MEIO;659,00;30/11/2025;16:37:21;20;1282-20
CO2;1282;CT-CO2-0;02938df5-6afb-d44e-582d-0b5eea40f8eb;51:88:0A:9E;0;AVIÁRIO MEIO;674,00;30/11/2025;16:42:23;20;1282-20
CO2;1282;CT-CO2-0;02938df5-6afb-d44e-582d-0b5eea40f8eb;51:88:0A:9E;0;AVIÁRIO MEIO;654,00;30/11/2025;16:47:55;20;1282-20
CO2;1282;CT-CO2-0;02938df5-6afb-d44e-582d-0b5eea40f8eb;51:88:0A:9E;0;AVIÁRIO MEIO;650,00;30/11/2025;16:52:57;20;1282-20
CO2;1282;CT-CO2-0;02938df5-6afb-d44e-582d-0b5eea40f8eb;51:88:0A:9E;0;AVIÁRIO MEIO;659,00;30/11/2025;16:58:30;20;1282-20
CO2;1282;CT-CO2-0;02938df5-6afb-d44e-582d-0b5eea40f8eb;51:88:0A:9E;0;AVIÁRIO MEIO;665,00;30/11/2025;17:04:02;20;1282-20
CO2;1282;CT-CO2-0;02938df5-6afb-d44e-582d-0b5eea40f8eb;51:88:0A:9E;0;AVIÁRIO MEIO;661,00;30/11/2025;17:09:34;20;1282-20
CO2;1282;CT-CO2-0;02938df5-6afb-d44e-582d-0b5eea40f8eb;51:88:0A:9E;0;AVIÁRIO MEIO;662,00;30/11/2025;17:14:37;20;1282-20
CO2;1282;CT-CO2-0;02938df5-6afb-d44e-582d-0b5eea40f8eb;51:88:0A:9E;0;AVIÁRIO MEIO;654,00;30/11/2025;17:20:10;20;1282-20
CO2;1282;CT-CO2-0;02938df5-6afb-d44e-582d-0b5eea40f8eb;51:88:0A:9E;0;AVIÁRIO MEIO;658,00;30/11/2025;17:25:43;20;1282-20
CO2;1282;CT-CO2-0;02938df5-6afb-d44e-582d-0b5eea40f8eb;51:88:0A:9E;0;AVIÁRIO MEIO;727,00;30/11/2025;17:30:45;20;1282-20
CO2;1282;CT-CO2-0;02938df5-6afb-d44e-582d-0b5eea40f8eb;51:88:0A:9E;0;AVIÁRIO MEIO;645,00;30/11/2025;17:36:17;20;1282-20
CO2;1282;CT-CO2-0;02938df5-6afb-d44e-582d-0b5eea40f8eb;51:88:0A:9E;0;AVIÁRIO MEIO;666,00;30/11/2025;17:41:50;20;1282-20
CO2;1282;CT-CO2-0;02938df5-6afb-d44e-582d-0b5eea40f8eb;51:88:0A:9E;0;AVIÁRIO MEIO;649,00;30/11/2025;17:47:24;20;1282-20
CO2;1282;CT-CO2-0;02938df5-6afb-d44e-582d-0b5eea40f8eb;51:88:0A:9E;0;AVIÁRIO MEIO;653,00;30/11/2025;17:52:27;20;1282-20
CO2;1282;CT-CO2-0;02938df5-6afb-d44e-582d-0b5eea40f8eb;51:88:0A:9E;0;AVIÁRIO MEIO;648,00;30/11/2025;17:58:02;20;1282-20
CO2;1282;CT-CO2-0;02938df5-6afb-d44e-582d-0b5eea40f8eb;51:88:0A:9E;0;AVIÁRIO MEIO;652,00;30/11/2025;18:03:06;20;1282-20
CO2;1282;CT-CO2-0;02938df5-6afb-d44e-582d-0b5eea40f8eb;51:88:0A:9E;0;AVIÁRIO MEIO;661,00;30/11/2025;18:08:39;20;1282-20
CO2;1282;CT-CO2-0;02938df5-6afb-d44e-582d-0b5eea40f8eb;51:88:0A:9E;0;AVIÁRIO MEIO;639,00;30/11/2025;18:13:41;20;1282-20
CO2;1282;CT-CO2-0;02938df5-6afb-d44e-582d-0b5eea40f8eb;51:88:0A:9E;0;AVIÁRIO MEIO;662,00;30/11/2025;18:19:13;20;1282-20
CO2;1282;CT-CO2-0;02938df5-6afb-d44e-582d-0b5eea40f8eb;51:88:0A:9E;0;AVIÁRIO MEIO;664,00;30/11/2025;18:24:45;20;1282-20
CO2;1282;CT-CO2-0;02938df5-6afb-d44e-582d-0b5eea40f8eb;51:88:0A:9E;0;AVIÁRIO MEIO;671,00;30/11/2025;18:30:24;20;1282-20
CO2;1282;CT-CO2-0;02938df5-6afb-d44e-582d-0b5eea40f8eb;51:88:0A:9E;0;AVIÁRIO MEIO;660,00;30/11/2025;18:35:26;20;1282-20
CO2;1282;CT-CO2-0;02938df5-6afb-d44e-582d-0b5eea40f8eb;51:88:0A:9E;0;AVIÁRIO MEIO;664,00;30/11/2025;18:40:59;20;1282-20
CO2;1282;CT-CO2-0;02938df5-6afb-d44e-582d-0b5eea40f8eb;51:88:0A:9E;0;AVIÁRIO MEIO;661,00;30/11/2025;18:46:01;20;1282-20
CO2;1282;CT-CO2-0;02938df5-6afb-d44e-582d-0b5eea40f8eb;51:88:0A:9E;0;AVIÁRIO MEIO;664,00;30/11/2025;18:51:35;20;1282-20
CO2;1282;CT-CO2-0;02938df5-6afb-d44e-582d-0b5eea40f8eb;51:88:0A:9E;0;AVIÁRIO MEIO;679,00;30/11/2025;18:57:39;20;1282-20
CO2;1282;CT-CO2-0;02938df5-6afb-d44e-582d-0b5eea40f8eb;51:88:0A:9E;0;AVIÁRIO MEIO;704,00;30/11/2025;19:02:12;20;1282-20
CO2;1282;CT-CO2-0;02938df5-6afb-d44e-582d-0b5eea40f8eb;51:88:0A:9E;0;AVIÁRIO MEIO;726,00;30/11/2025;19:07:44;20;1282-20
CO2;1282;CT-CO2-0;02938df5-6afb-d44e-582d-0b5eea40f8eb;51:88:0A:9E;0;AVIÁRIO MEIO;717,00;30/11/2025;19:13:16;20;1282-20
CO2;1282;CT-CO2-0;02938df5-6afb-d44e-582d-0b5eea40f8eb;51:88:0A:9E;0;AVIÁRIO MEIO;718,00;30/11/2025;19:18:18;20;1282-20
CO2;1282;CT-CO2-0;02938df5-6afb-d44e-582d-0b5eea40f8eb;51:88:0A:9E;0;AVIÁRIO MEIO;717,00;30/11/2025;19:23:50;20;1282-20
CO2;1282;CT-CO2-0;02938df5-6afb-d44e-582d-0b5eea40f8eb;51:88:0A:9E;0;AVIÁRIO MEIO;706,00;30/11/2025;19:29:22;20;1282-20
CO2;1282;CT-CO2-0;02938df5-6afb-d44e-582d-0b5eea40f8eb;51:88:0A:9E;0;AVIÁRIO MEIO;714,00;30/11/2025;19:34:25;20;1282-20
CO2;1282;CT-CO2-0;02938df5-6afb-d44e-582d-0b5eea40f8eb;51:88:0A:9E;0;AVIÁRIO MEIO;726,00;30/11/2025;19:39:58;20;1282-20
CO2;1282;CT-CO2-0;02938df5-6afb-d44e-582d-0b5eea40f8eb;51:88:0A:9E;0;AVIÁRIO MEIO;731,00;30/11/2025;19:45:30;20;1282-20
CO2;1282;CT-CO2-0;02938df5-6afb-d44e-582d-0b5eea40f8eb;51:88:0A:9E;0;AVIÁRIO MEIO;735,00;30/11/2025;19:50:32;20;1282-20
CO2;1282;CT-CO2-0;02938df5-6afb-d44e-582d-0b5eea40f8eb;51:88:0A:9E;0;AVIÁRIO MEIO;729,00;30/11/2025;19:56:04;20;1282-20
CO2;1282;CT-CO2-0;02938df5-6afb-d44e-582d-0b5eea40f8eb;51:88:0A:9E;0;AVIÁRIO MEIO;734,00;30/11/2025;20:01:36;20;1282-20
CO2;1282;CT-CO2-0;02938df5-6afb-d44e-582d-0b5eea40f8eb;51:88:0A:9E;0;AVIÁRIO MEIO;744,00;30/11/2025;20:07:11;20;1282-20
CO2;1282;CT-CO2-0;02938df5-6afb-d44e-582d-0b5eea40f8eb;51:88:0A:9E;0;AVIÁRIO MEIO;708,00;30/11/2025;20:12:13;20;1282-20
CO2;1282;CT-CO2-0;02938df5-6afb-d44e-582d-0b5eea40f8eb;51:88:0A:9E;0;AVIÁRIO MEIO;762,00;30/11/2025;20:17:48;20;1282-20
CO2;1282;CT-CO2-0;02938df5-6afb-d44e-582d-0b5eea40f8eb;51:88:0A:9E;0;AVIÁRIO MEIO;720,00;30/11/2025;20:22:51;20;1282-20
CO2;1282;CT-CO2-0;02938df5-6afb-d44e-582d-0b5eea40f8eb;51:88:0A:9E;0;AVIÁRIO MEIO;795,00;30/11/2025;20:28:23;20;1282-20
CO2;1282;CT-CO2-0;02938df5-6afb-d44e-582d-0b5eea40f8eb;51:88:0A:9E;0;AVIÁRIO MEIO;722,00;30/11/2025;20:33:25;20;1282-20
CO2;1282;CT-CO2-0;02938df5-6afb-d44e-582d-0b5eea40f8eb;51:88:0A:9E;0;AVIÁRIO MEIO;736,00;30/11/2025;20:38:58;20;1282-20
CO2;1282;CT-CO2-0;02938df5-6afb-d44e-582d-0b5eea40f8eb;51:88:0A:9E;0;AVIÁRIO MEIO;752,00;30/11/2025;20:44:31;20;1282-20
CO2;1282;CT-CO2-0;02938df5-6afb-d44e-582d-0b5eea40f8eb;51:88:0A:9E;0;AVIÁRIO MEIO;741,00;30/11/2025;20:49:36;20;1282-20
CO2;1282;CT-CO2-0;02938df5-6afb-d44e-582d-0b5eea40f8eb;51:88:0A:9E;0;AVIÁRIO MEIO;723,00;30/11/2025;20:55:09;20;1282-20
CO2;1282;CT-CO2-0;02938df5-6afb-d44e-582d-0b5eea40f8eb;51:88:0A:9E;0;AVIÁRIO MEIO;701,00;30/11/2025;21:00:41;20;1282-20
CO2;1282;CT-CO2-0;02938df5-6afb-d44e-582d-0b5eea40f8eb;51:88:0A:9E;0;AVIÁRIO MEIO;701,00;30/11/2025;21:06:14;20;1282-20
CO2;1282;CT-CO2-0;02938df5-6afb-d44e-582d-0b5eea40f8eb;51:88:0A:9E;0;AVIÁRIO MEIO;702,00;30/11/2025;21:12:18;20;1282-20
CO2;1282;CT-CO2-0;02938df5-6afb-d44e-582d-0b5eea40f8eb;51:88:0A:9E;0;AVIÁRIO MEIO;717,00;30/11/2025;21:17:20;20;1282-20
CO2;1282;CT-CO2-0;02938df5-6afb-d44e-582d-0b5eea40f8eb;51:88:0A:9E;0;AVIÁRIO MEIO;731,00;30/11/2025;21:22:22;20;1282-20
CO2;1282;CT-CO2-0;02938df5-6afb-d44e-582d-0b5eea40f8eb;51:88:0A:9E;0;AVIÁRIO MEIO;714,00;30/11/2025;21:27:54;20;1282-20
CO2;1282;CT-CO2-0;02938df5-6afb-d44e-582d-0b5eea40f8eb;51:88:0A:9E;0;AVIÁRIO MEIO;714,00;30/11/2025;21:33:25;20;1282-20
CO2;1282;CT-CO2-0;02938df5-6afb-d44e-582d-0b5eea40f8eb;51:88:0A:9E;0;AVIÁRIO MEIO;696,00;30/11/2025;21:38:27;20;1282-20
CO2;1282;CT-CO2-0;02938df5-6afb-d44e-582d-0b5eea40f8eb;51:88:0A:9E;0;AVIÁRIO MEIO;700,00;30/11/2025;21:43:59;20;1282-20
CO2;1282;CT-CO2-0;02938df5-6afb-d44e-582d-0b5eea40f8eb;51:88:0A:9E;0;AVIÁRIO MEIO;705,00;30/11/2025;21:49:31;20;1282-20
CO2;1282;CT-CO2-0;02938df5-6afb-d44e-582d-0b5eea40f8eb;51:88:0A:9E;0;AVIÁRIO MEIO;733,00;30/11/2025;21:54:33;20;1282-20
CO2;1282;CT-CO2-0;02938df5-6afb-d44e-582d-0b5eea40f8eb;51:88:0A:9E;0;AVIÁRIO MEIO;729,00;30/11/2025;22:00:06;20;1282-20
CO2;1282;CT-CO2-0;02938df5-6afb-d44e-582d-0b5eea40f8eb;51:88:0A:9E;0;AVIÁRIO MEIO;722,00;30/11/2025;22:05:38;20;1282-20
CO2;1282;CT-CO2-0;02938df5-6afb-d44e-582d-0b5eea40f8eb;51:88:0A:9E;0;AVIÁRIO MEIO;732,00;30/11/2025;22:10:40;20;1282-20
CO2;1282;CT-CO2-0;02938df5-6afb-d44e-582d-0b5eea40f8eb;51:88:0A:9E;0;AVIÁRIO MEIO;718,00;30/11/2025;22:16:12;20;1282-20
CO2;1282;CT-CO2-0;02938df5-6afb-d44e-582d-0b5eea40f8eb;51:88:0A:9E;0;AVIÁRIO MEIO;697,00;30/11/2025;22:22:15;20;1282-20
CO2;1282;CT-CO2-0;02938df5-6afb-d44e-582d-0b5eea40f8eb;51:88:0A:9E;0;AVIÁRIO MEIO;696,00;30/11/2025;22:26:48;20;1282-20
CO2;1282;CT-CO2-0;02938df5-6afb-d44e-582d-0b5eea40f8eb;51:88:0A:9E;0;AVIÁRIO MEIO;691,00;30/11/2025;22:32:19;20;1282-20
CO2;1282;CT-CO2-0;02938df5-6afb-d44e-582d-0b5eea40f8eb;51:88:0A:9E;0;AVIÁRIO MEIO;693,00;30/11/2025;22:37:53;20;1282-20
CO2;1282;CT-CO2-0;02938df5-6afb-d44e-582d-0b5eea40f8eb;51:88:0A:9E;0;AVIÁRIO MEIO;720,00;30/11/2025;22:42:54;20;1282-20
CO2;1282;CT-CO2-0;02938df5-6afb-d44e-582d-0b5eea40f8eb;51:88:0A:9E;0;AVIÁRIO MEIO;721,00;30/11/2025;22:48:26;20;1282-20
CO2;1282;CT-CO2-0;02938df5-6afb-d44e-582d-0b5eea40f8eb;51:88:0A:9E;0;AVIÁRIO MEIO;707,00;30/11/2025;22:53:58;20;1282-20
CO2;1282;CT-CO2-0;02938df5-6afb-d44e-582d-0b5eea40f8eb;51:88:0A:9E;0;AVIÁRIO MEIO;684,00;30/11/2025;22:59:31;20;1282-20
CO2;1282;CT-CO2-0;02938df5-6afb-d44e-582d-0b5eea40f8eb;51:88:0A:9E;0;AVIÁRIO MEIO;688,00;30/11/2025;23:04:33;20;1282-20
CO2;1282;CT-CO2-0;02938df5-6afb-d44e-582d-0b5eea40f8eb;51:88:0A:9E;0;AVIÁRIO MEIO;718,00;30/11/2025;23:10:05;20;1282-20
CO2;1282;CT-CO2-0;02938df5-6afb-d44e-582d-0b5eea40f8eb;51:88:0A:9E;0;AVIÁRIO MEIO;746,00;30/11/2025;23:15:37;20;1282-20
CO2;1282;CT-CO2-0;02938df5-6afb-d44e-582d-0b5eea40f8eb;51:88:0A:9E;0;AVIÁRIO MEIO;722,00;30/11/2025;23:20:39;20;1282-20
CO2;1282;CT-CO2-0;02938df5-6afb-d44e-582d-0b5eea40f8eb;51:88:0A:9E;0;AVIÁRIO MEIO;731,00;30/11/2025;23:26:17;20;1282-20
CO2;1282;CT-CO2-0;02938df5-6afb-d44e-582d-0b5eea40f8eb;51:88:0A:9E;0;AVIÁRIO MEIO;695,00;30/11/2025;23:31:51;20;1282-20
CO2;1282;CT-CO2-0;02938df5-6afb-d44e-582d-0b5eea40f8eb;51:88:0A:9E;0;AVIÁRIO MEIO;675,00;30/11/2025;23:36:53;20;1282-20
CO2;1282;CT-CO2-0;02938df5-6afb-d44e-582d-0b5eea40f8eb;51:88:0A:9E;0;AVIÁRIO MEIO;681,00;30/11/2025;23:42:25;20;1282-20
CO2;1282;CT-CO2-0;02938df5-6afb-d44e-582d-0b5eea40f8eb;51:88:0A:9E;0;AVIÁRIO MEIO;680,00;30/11/2025;23:47:28;20;1282-20
CO2;1282;CT-CO2-0;02938df5-6afb-d44e-582d-0b5eea40f8eb;51:88:0A:9E;0;AVIÁRIO MEIO;674,00;30/11/2025;23:52:59;20;1282-20
CO2;1282;CT-CO2-0;02938df5-6afb-d44e-582d-0b5eea40f8eb;51:88:0A:9E;0;AVIÁRIO MEIO;662,00;30/11/2025;23:58:31;20;1282-20
CO2;1282;CT-CO2-0;02938df5-6afb-d44e-582d-0b5eea40f8eb;51:88:0A:9E;0;AVIÁRIO MEIO;668,00;01/12/2025;00:04:04;20;1282-20
CO2;1282;CT-CO2-0;02938df5-6afb-d44e-582d-0b5eea40f8eb;51:88:0A:9E;0;AVIÁRIO MEIO;647,00;01/12/2025;00:09:06;20;1282-20
CO2;1282;CT-CO2-0;02938df5-6afb-d44e-582d-0b5eea40f8eb;51:88:0A:9E;0;AVIÁRIO MEIO;662,00;01/12/2025;00:14:38;20;1282-20
CO2;1282;CT-CO2-0;02938df5-6afb-d44e-582d-0b5eea40f8eb;51:88:0A:9E;0;AVIÁRIO MEIO;661,00;01/12/2025;00:20:09;20;1282-20
CO2;1282;CT-CO2-0;02938df5-6afb-d44e-582d-0b5eea40f8eb;51:88:0A:9E;0;AVIÁRIO MEIO;668,00;01/12/2025;00:25:11;20;1282-20
CO2;1282;CT-CO2-0;02938df5-6afb-d44e-582d-0b5eea40f8eb;51:88:0A:9E;0;AVIÁRIO MEIO;675,00;01/12/2025;00:30:45;20;1282-20
CO2;1282;CT-CO2-0;02938df5-6afb-d44e-582d-0b5eea40f8eb;51:88:0A:9E;0;AVIÁRIO MEIO;674,00;01/12/2025;00:36:17;20;1282-20
CO2;1282;CT-CO2-0;02938df5-6afb-d44e-582d-0b5eea40f8eb;51:88:0A:9E;0;AVIÁRIO MEIO;662,00;01/12/2025;00:41:50;20;1282-20
CO2;1282;CT-CO2-0;02938df5-6afb-d44e-582d-0b5eea40f8eb;51:88:0A:9E;0;AVIÁRIO MEIO;662,00;01/12/2025;00:46:52;20;1282-20
CO2;1282;CT-CO2-0;02938df5-6afb-d44e-582d-0b5eea40f8eb;51:88:0A:9E;0;AVIÁRIO MEIO;652,00;01/12/2025;00:52:23;20;1282-20
CO2;1282;CT-CO2-0;02938df5-6afb-d44e-582d-0b5eea40f8eb;51:88:0A:9E;0;AVIÁRIO MEIO;673,00;01/12/2025;00:57:26;20;1282-20
CO2;1282;CT-CO2-0;02938df5-6afb-d44e-582d-0b5eea40f8eb;51:88:0A:9E;0;AVIÁRIO MEIO;673,00;01/12/2025;01:02:57;20;1282-20
CO2;1282;CT-CO2-0;02938df5-6afb-d44e-582d-0b5eea40f8eb;51:88:0A:9E;0;AVIÁRIO MEIO;639,00;01/12/2025;01:08:30;20;1282-20
CO2;1282;CT-CO2-0;02938df5-6afb-d44e-582d-0b5eea40f8eb;51:88:0A:9E;0;AVIÁRIO MEIO;637,00;01/12/2025;01:13:33;20;1282-20
CO2;1282;CT-CO2-0;02938df5-6afb-d44e-582d-0b5eea40f8eb;51:88:0A:9E;0;AVIÁRIO MEIO;633,00;01/12/2025;01:19:04;20;1282-20
CO2;1282;CT-CO2-0;02938df5-6afb-d44e-582d-0b5eea40f8eb;51:88:0A:9E;0;AVIÁRIO MEIO;644,00;01/12/2025;01:24:36;20;1282-20
CO2;1282;CT-CO2-0;02938df5-6afb-d44e-582d-0b5eea40f8eb;51:88:0A:9E;0;AVIÁRIO MEIO;630,00;01/12/2025;01:30:08;20;1282-20
CO2;1282;CT-CO2-0;02938df5-6afb-d44e-582d-0b5eea40f8eb;51:88:0A:9E;0;AVIÁRIO MEIO;648,00;01/12/2025;01:35:10;20;1282-20
CO2;1282;CT-CO2-0;02938df5-6afb-d44e-582d-0b5eea40f8eb;51:88:0A:9E;0;AVIÁRIO MEIO;643,00;01/12/2025;01:40:42;20;1282-20
CO2;1282;CT-CO2-0;02938df5-6afb-d44e-582d-0b5eea40f8eb;51:88:0A:9E;0;AVIÁRIO MEIO;651,00;01/12/2025;01:46:15;20;1282-20
CO2;1282;CT-CO2-0;02938df5-6afb-d44e-582d-0b5eea40f8eb;51:88:0A:9E;0;AVIÁRIO MEIO;660,00;01/12/2025;01:51:49;20;1282-20
CO2;1282;CT-CO2-0;02938df5-6afb-d44e-582d-0b5eea40f8eb;51:88:0A:9E;0;AVIÁRIO MEIO;651,00;01/12/2025;01:56:50;20;1282-20
CO2;1282;CT-CO2-0;02938df5-6afb-d44e-582d-0b5eea40f8eb;51:88:0A:9E;0;AVIÁRIO MEIO;659,00;01/12/2025;02:02:22;20;1282-20
CO2;1282;CT-CO2-0;02938df5-6afb-d44e-582d-0b5eea40f8eb;51:88:0A:9E;0;AVIÁRIO MEIO;658,00;01/12/2025;02:07:24;20;1282-20
CO2;1282;CT-CO2-0;02938df5-6afb-d44e-582d-0b5eea40f8eb;51:88:0A:9E;0;AVIÁRIO MEIO;657,00;01/12/2025;02:12:57;20;1282-20
CO2;1282;CT-CO2-0;02938df5-6afb-d44e-582d-0b5eea40f8eb;51:88:0A:9E;0;AVIÁRIO MEIO;651,00;01/12/2025;02:18:29;20;1282-20
CO2;1282;CT-CO2-0;02938df5-6afb-d44e-582d-0b5eea40f8eb;51:88:0A:9E;0;AVIÁRIO MEIO;657,00;01/12/2025;02:23:30;20;1282-20
CO2;1282;CT-CO2-0;02938df5-6afb-d44e-582d-0b5eea40f8eb;51:88:0A:9E;0;AVIÁRIO MEIO;673,00;01/12/2025;02:29:02;20;1282-20
CO2;1282;CT-CO2-0;02938df5-6afb-d44e-582d-0b5eea40f8eb;51:88:0A:9E;0;AVIÁRIO MEIO;650,00;01/12/2025;02:34:34;20;1282-20
CO2;1282;CT-CO2-0;02938df5-6afb-d44e-582d-0b5eea40f8eb;51:88:0A:9E;0;AVIÁRIO MEIO;651,00;01/12/2025;02:39:36;20;1282-20
CO2;1282;CT-CO2-0;02938df5-6afb-d44e-582d-0b5eea40f8eb;51:88:0A:9E;0;AVIÁRIO MEIO;651,00;01/12/2025;02:45:08;20;1282-20
CO2;1282;CT-CO2-0;02938df5-6afb-d44e-582d-0b5eea40f8eb;51:88:0A:9E;0;AVIÁRIO MEIO;640,00;01/12/2025;02:50:40;20;1282-20
CO2;1282;CT-CO2-0;02938df5-6afb-d44e-582d-0b5eea40f8eb;51:88:0A:9E;0;AVIÁRIO MEIO;659,00;01/12/2025;02:55:43;20;1282-20
CO2;1282;CT-CO2-0;02938df5-6afb-d44e-582d-0b5eea40f8eb;51:88:0A:9E;0;AVIÁRIO MEIO;661,00;01/12/2025;03:01:47;20;1282-20
CO2;1282;CT-CO2-0;02938df5-6afb-d44e-582d-0b5eea40f8eb;51:88:0A:9E;0;AVIÁRIO MEIO;662,00;01/12/2025;03:06:49;20;1282-20
CO2;1282;CT-CO2-0;02938df5-6afb-d44e-582d-0b5eea40f8eb;51:88:0A:9E;0;AVIÁRIO MEIO;655,00;01/12/2025;03:11:51;20;1282-20
CO2;1282;CT-CO2-0;02938df5-6afb-d44e-582d-0b5eea40f8eb;51:88:0A:9E;0;AVIÁRIO MEIO;646,00;01/12/2025;03:17:23;20;1282-20
CO2;1282;CT-CO2-0;02938df5-6afb-d44e-582d-0b5eea40f8eb;51:88:0A:9E;0;AVIÁRIO MEIO;660,00;01/12/2025;03:22:55;20;1282-20
CO2;1282;CT-CO2-0;02938df5-6afb-d44e-582d-0b5eea40f8eb;51:88:0A:9E;0;AVIÁRIO MEIO;691,00;01/12/2025;03:28:27;20;1282-20
CO2;1282;CT-CO2-0;02938df5-6afb-d44e-582d-0b5eea40f8eb;51:88:0A:9E;0;AVIÁRIO MEIO;660,00;01/12/2025;03:33:29;20;1282-20
CO2;1282;CT-CO2-0;02938df5-6afb-d44e-582d-0b5eea40f8eb;51:88:0A:9E;0;AVIÁRIO MEIO;672,00;01/12/2025;03:39:01;20;1282-20
CO2;1282;CT-CO2-0;02938df5-6afb-d44e-582d-0b5eea40f8eb;51:88:0A:9E;0;AVIÁRIO MEIO;668,00;01/12/2025;03:44:34;20;1282-20
CO2;1282;CT-CO2-0;02938df5-6afb-d44e-582d-0b5eea40f8eb;51:88:0A:9E;0;AVIÁRIO MEIO;665,00;01/12/2025;03:49:36;20;1282-20
CO2;1282;CT-CO2-0;02938df5-6afb-d44e-582d-0b5eea40f8eb;51:88:0A:9E;0;AVIÁRIO MEIO;668,00;01/12/2025;03:55:08;20;1282-20
CO2;1282;CT-CO2-0;02938df5-6afb-d44e-582d-0b5eea40f8eb;51:88:0A:9E;0;AVIÁRIO MEIO;712,00;01/12/2025;04:00:41;20;1282-20
CO2;1282;CT-CO2-0;02938df5-6afb-d44e-582d-0b5eea40f8eb;51:88:0A:9E;0;AVIÁRIO MEIO;663,00;01/12/2025;04:05:43;20;1282-20
CO2;1282;CT-CO2-0;02938df5-6afb-d44e-582d-0b5eea40f8eb;51:88:0A:9E;0;AVIÁRIO MEIO;666,00;01/12/2025;04:11:47;20;1282-20
CO2;1282;CT-CO2-0;02938df5-6afb-d44e-582d-0b5eea40f8eb;51:88:0A:9E;0;AVIÁRIO MEIO;674,00;01/12/2025;04:16:48;20;1282-20
CO2;1282;CT-CO2-0;02938df5-6afb-d44e-582d-0b5eea40f8eb;51:88:0A:9E;0;AVIÁRIO MEIO;677,00;01/12/2025;04:21:50;20;1282-20
CO2;1282;CT-CO2-0;02938df5-6afb-d44e-582d-0b5eea40f8eb;51:88:0A:9E;0;AVIÁRIO MEIO;661,00;01/12/2025;04:27:23;20;1282-20
CO2;1282;CT-CO2-0;02938df5-6afb-d44e-582d-0b5eea40f8eb;51:88:0A:9E;0;AVIÁRIO MEIO;674,00;01/12/2025;04:32:56;20;1282-20
CO2;1282;CT-CO2-0;02938df5-6afb-d44e-582d-0b5eea40f8eb;51:88:0A:9E;0;AVIÁRIO MEIO;700,00;01/12/2025;04:37:59;20;1282-20
CO2;1282;CT-CO2-0;02938df5-6afb-d44e-582d-0b5eea40f8eb;51:88:0A:9E;0;AVIÁRIO MEIO;689,00;01/12/2025;04:43:31;20;1282-20
CO2;1282;CT-CO2-0;02938df5-6afb-d44e-582d-0b5eea40f8eb;51:88:0A:9E;0;AVIÁRIO MEIO;686,00;01/12/2025;04:49:03;20;1282-20
CO2;1282;CT-CO2-0;02938df5-6afb-d44e-582d-0b5eea40f8eb;51:88:0A:9E;0;AVIÁRIO MEIO;678,00;01/12/2025;04:54:06;20;1282-20
CO2;1282;CT-CO2-0;02938df5-6afb-d44e-582d-0b5eea40f8eb;51:88:0A:9E;0;AVIÁRIO MEIO;709,00;01/12/2025;04:59:37;20;1282-20
CO2;1282;CT-CO2-0;02938df5-6afb-d44e-582d-0b5eea40f8eb;51:88:0A:9E;0;AVIÁRIO MEIO;722,00;01/12/2025;05:05:09;20;1282-20
CO2;1282;CT-CO2-0;02938df5-6afb-d44e-582d-0b5eea40f8eb;51:88:0A:9E;0;AVIÁRIO MEIO;723,00;01/12/2025;05:10:11;20;1282-20
CO2;1282;CT-CO2-0;02938df5-6afb-d44e-582d-0b5eea40f8eb;51:88:0A:9E;0;AVIÁRIO MEIO;765,00;01/12/2025;05:15:44;20;1282-20
CO2;1282;CT-CO2-0;02938df5-6afb-d44e-582d-0b5eea40f8eb;51:88:0A:9E;0;AVIÁRIO MEIO;751,00;01/12/2025;05:21:49;20;1282-20
CO2;1282;CT-CO2-0;02938df5-6afb-d44e-582d-0b5eea40f8eb;51:88:0A:9E;0;AVIÁRIO MEIO;746,00;01/12/2025;05:26:21;20;1282-20
CO2;1282;CT-CO2-0;02938df5-6afb-d44e-582d-0b5eea40f8eb;51:88:0A:9E;0;AVIÁRIO MEIO;751,00;01/12/2025;05:31:52;20;1282-20
CO2;1282;CT-CO2-0;02938df5-6afb-d44e-582d-0b5eea40f8eb;51:88:0A:9E;0;AVIÁRIO MEIO;754,00;01/12/2025;05:37:24;20;1282-20
CO2;1282;CT-CO2-0;02938df5-6afb-d44e-582d-0b5eea40f8eb;51:88:0A:9E;0;AVIÁRIO MEIO;762,00;01/12/2025;05:42:26;20;1282-20
CO2;1282;CT-CO2-0;02938df5-6afb-d44e-582d-0b5eea40f8eb;51:88:0A:9E;0;AVIÁRIO MEIO;747,00;01/12/2025;05:47:59;20;1282-20
CO2;1282;CT-CO2-0;02938df5-6afb-d44e-582d-0b5eea40f8eb;51:88:0A:9E;0;AVIÁRIO MEIO;758,00;01/12/2025;05:53:33;20;1282-20
CO2;1282;CT-CO2-0;02938df5-6afb-d44e-582d-0b5eea40f8eb;51:88:0A:9E;0;AVIÁRIO MEIO;745,00;01/12/2025;05:58:34;20;1282-20
CO2;1282;CT-CO2-0;02938df5-6afb-d44e-582d-0b5eea40f8eb;51:88:0A:9E;0;AVIÁRIO MEIO;756,00;01/12/2025;06:04:06;20;1282-20
CO2;1282;CT-CO2-0;02938df5-6afb-d44e-582d-0b5eea40f8eb;51:88:0A:9E;0;AVIÁRIO MEIO;762,00;01/12/2025;06:09:39;20;1282-20
CO2;1282;CT-CO2-0;02938df5-6afb-d44e-582d-0b5eea40f8eb;51:88:0A:9E;0;AVIÁRIO MEIO;758,00;01/12/2025;06:15:12;20;1282-20
CO2;1282;CT-CO2-0;02938df5-6afb-d44e-582d-0b5eea40f8eb;51:88:0A:9E;0;AVIÁRIO MEIO;752,00;01/12/2025;06:20:15;20;1282-20
CO2;1282;CT-CO2-0;02938df5-6afb-d44e-582d-0b5eea40f8eb;51:88:0A:9E;0;AVIÁRIO MEIO;745,00;01/12/2025;06:25:47;20;1282-20
CO2;1282;CT-CO2-0;02938df5-6afb-d44e-582d-0b5eea40f8eb;51:88:0A:9E;0;AVIÁRIO MEIO;741,00;01/12/2025;06:31:49;20;1282-20
CO2;1282;CT-CO2-0;02938df5-6afb-d44e-582d-0b5eea40f8eb;51:88:0A:9E;0;AVIÁRIO MEIO;747,00;01/12/2025;06:36:26;20;1282-20
CO2;1282;CT-CO2-0;02938df5-6afb-d44e-582d-0b5eea40f8eb;51:88:0A:9E;0;AVIÁRIO MEIO;752,00;01/12/2025;06:41:59;20;1282-20
CO2;1282;CT-CO2-0;02938df5-6afb-d44e-582d-0b5eea40f8eb;51:88:0A:9E;0;AVIÁRIO MEIO;746,00;01/12/2025;06:47:01;20;1282-20
CO2;1282;CT-CO2-0;02938df5-6afb-d44e-582d-0b5eea40f8eb;51:88:0A:9E;0;AVIÁRIO MEIO;737,00;01/12/2025;06:52:33;20;1282-20
CO2;1282;CT-CO2-0;02938df5-6afb-d44e-582d-0b5eea40f8eb;51:88:0A:9E;0;AVIÁRIO MEIO;736,00;01/12/2025;06:58:05;20;1282-20
CO2;1282;CT-CO2-0;02938df5-6afb-d44e-582d-0b5eea40f8eb;51:88:0A:9E;0;AVIÁRIO MEIO;732,00;01/12/2025;07:03:06;20;1282-20
CO2;1282;CT-CO2-0;02938df5-6afb-d44e-582d-0b5eea40f8eb;51:88:0A:9E;0;AVIÁRIO MEIO;745,00;01/12/2025;07:08:38;20;1282-20
CO2;1282;CT-CO2-0;02938df5-6afb-d44e-582d-0b5eea40f8eb;51:88:0A:9E;0;AVIÁRIO MEIO;744,00;01/12/2025;07:14:10;20;1282-20
CO2;1282;CT-CO2-0;02938df5-6afb-d44e-582d-0b5eea40f8eb;51:88:0A:9E;0;AVIÁRIO MEIO;731,00;01/12/2025;07:19:42;20;1282-20
CO2;1282;CT-CO2-0;02938df5-6afb-d44e-582d-0b5eea40f8eb;51:88:0A:9E;0;AVIÁRIO MEIO;725,00;01/12/2025;07:24:44;20;1282-20
CO2;1282;CT-CO2-0;02938df5-6afb-d44e-582d-0b5eea40f8eb;51:88:0A:9E;0;AVIÁRIO MEIO;714,00;01/12/2025;07:30:15;20;1282-20
CO2;1282;CT-CO2-0;02938df5-6afb-d44e-582d-0b5eea40f8eb;51:88:0A:9E;0;AVIÁRIO MEIO;706,00;01/12/2025;07:35:47;20;1282-20
CO2;1282;CT-CO2-0;02938df5-6afb-d44e-582d-0b5eea40f8eb;51:88:0A:9E;0;AVIÁRIO MEIO;713,00;01/12/2025;07:41:25;20;1282-20
CO2;1282;CT-CO2-0;02938df5-6afb-d44e-582d-0b5eea40f8eb;51:88:0A:9E;0;AVIÁRIO MEIO;712,00;01/12/2025;07:46:27;20;1282-20
CO2;1282;CT-CO2-0;02938df5-6afb-d44e-582d-0b5eea40f8eb;51:88:0A:9E;0;AVIÁRIO MEIO;790,00;01/12/2025;07:51:34;20;1282-20
CO2;1282;CT-CO2-0;02938df5-6afb-d44e-582d-0b5eea40f8eb;51:88:0A:9E;0;AVIÁRIO MEIO;714,00;01/12/2025;07:57:07;20;1282-20
CO2;1282;CT-CO2-0;02938df5-6afb-d44e-582d-0b5eea40f8eb;51:88:0A:9E;0;AVIÁRIO MEIO;690,00;01/12/2025;08:02:39;20;1282-20
CO2;1282;CT-CO2-0;02938df5-6afb-d44e-582d-0b5eea40f8eb;51:88:0A:9E;0;AVIÁRIO MEIO;695,00;01/12/2025;08:07:41;20;1282-20
CO2;1282;CT-CO2-0;02938df5-6afb-d44e-582d-0b5eea40f8eb;51:88:0A:9E;0;AVIÁRIO MEIO;686,00;01/12/2025;08:13:18;20;1282-20
CO2;1282;CT-CO2-0;02938df5-6afb-d44e-582d-0b5eea40f8eb;51:88:0A:9E;0;AVIÁRIO MEIO;690,00;01/12/2025;08:18:20;20;1282-20
CO2;1282;CT-CO2-0;02938df5-6afb-d44e-582d-0b5eea40f8eb;51:88:0A:9E;0;AVIÁRIO MEIO;688,00;01/12/2025;08:23:53;20;1282-20
CO2;1282;CT-CO2-0;02938df5-6afb-d44e-582d-0b5eea40f8eb;51:88:0A:9E;0;AVIÁRIO MEIO;687,00;01/12/2025;08:29:27;20;1282-20
CO2;1282;CT-CO2-0;02938df5-6afb-d44e-582d-0b5eea40f8eb;51:88:0A:9E;0;AVIÁRIO MEIO;687,00;01/12/2025;08:34:28;20;1282-20
CO2;1282;CT-CO2-0;02938df5-6afb-d44e-582d-0b5eea40f8eb;51:88:0A:9E;0;AVIÁRIO MEIO;681,00;01/12/2025;08:40:01;20;1282-20
CO2;1282;CT-CO2-0;02938df5-6afb-d44e-582d-0b5eea40f8eb;51:88:0A:9E;0;AVIÁRIO MEIO;695,00;01/12/2025;08:45:33;20;1282-20
CO2;1282;CT-CO2-0;02938df5-6afb-d44e-582d-0b5eea40f8eb;51:88:0A:9E;0;AVIÁRIO MEIO;688,00;01/12/2025;08:51:07;20;1282-20
CO2;1282;CT-CO2-0;02938df5-6afb-d44e-582d-0b5eea40f8eb;51:88:0A:9E;0;AVIÁRIO MEIO;692,00;01/12/2025;08:56:09;20;1282-20
CO2;1282;CT-CO2-0;02938df5-6afb-d44e-582d-0b5eea40f8eb;51:88:0A:9E;0;AVIÁRIO MEIO;707,00;01/12/2025;09:01:40;20;1282-20
CO2;1282;CT-CO2-0;02938df5-6afb-d44e-582d-0b5eea40f8eb;51:88:0A:9E;0;AVIÁRIO MEIO;670,00;01/12/2025;09:06:42;20;1282-20
CO2;1282;CT-CO2-0;02938df5-6afb-d44e-582d-0b5eea40f8eb;51:88:0A:9E;0;AVIÁRIO MEIO;669,00;01/12/2025;09:12:14;20;1282-20
CO2;1282;CT-CO2-0;02938df5-6afb-d44e-582d-0b5eea40f8eb;51:88:0A:9E;0;AVIÁRIO MEIO;667,00;01/12/2025;09:17:46;20;1282-20
CO2;1282;CT-CO2-0;02938df5-6afb-d44e-582d-0b5eea40f8eb;51:88:0A:9E;0;AVIÁRIO MEIO;675,00;01/12/2025;09:22:47;20;1282-20
CO2;1282;CT-CO2-0;02938df5-6afb-d44e-582d-0b5eea40f8eb;51:88:0A:9E;0;AVIÁRIO MEIO;683,00;01/12/2025;09:28:19;20;1282-20
CO2;1282;CT-CO2-0;02938df5-6afb-d44e-582d-0b5eea40f8eb;51:88:0A:9E;0;AVIÁRIO MEIO;674,00;01/12/2025;09:33:51;20;1282-20
CO2;1282;CT-CO2-0;02938df5-6afb-d44e-582d-0b5eea40f8eb;51:88:0A:9E;0;AVIÁRIO MEIO;683,00;01/12/2025;09:38:54;20;1282-20
CO2;1282;CT-CO2-0;02938df5-6afb-d44e-582d-0b5eea40f8eb;51:88:0A:9E;0;AVIÁRIO MEIO;668,00;01/12/2025;09:44:26;20;1282-20
CO2;1282;CT-CO2-0;02938df5-6afb-d44e-582d-0b5eea40f8eb;51:88:0A:9E;0;AVIÁRIO MEIO;676,00;01/12/2025;09:49:59;20;1282-20
CO2;1282;CT-CO2-0;02938df5-6afb-d44e-582d-0b5eea40f8eb;51:88:0A:9E;0;AVIÁRIO MEIO;672,00;01/12/2025;09:55:00;20;1282-20
CO2;1282;CT-CO2-0;02938df5-6afb-d44e-582d-0b5eea40f8eb;51:88:0A:9E;0;AVIÁRIO MEIO;666,00;01/12/2025;10:06:07;20;1282-20
CO2;1282;CT-CO2-0;02938df5-6afb-d44e-582d-0b5eea40f8eb;51:88:0A:9E;0;AVIÁRIO MEIO;681,00;01/12/2025;10:11:09;20;1282-20
CO2;1282;CT-CO2-0;02938df5-6afb-d44e-582d-0b5eea40f8eb;51:88:0A:9E;0;AVIÁRIO MEIO;664,00;01/12/2025;10:16:41;20;1282-20
CO2;1282;CT-CO2-0;02938df5-6afb-d44e-582d-0b5eea40f8eb;51:88:0A:9E;0;AVIÁRIO MEIO;676,00;01/12/2025;10:21:44;20;1282-20
CO2;1282;CT-CO2-0;02938df5-6afb-d44e-582d-0b5eea40f8eb;51:88:0A:9E;0;AVIÁRIO MEIO;644,00;01/12/2025;10:27:16;20;1282-20
CO2;1282;CT-CO2-0;02938df5-6afb-d44e-582d-0b5eea40f8eb;51:88:0A:9E;0;AVIÁRIO MEIO;653,00;01/12/2025;10:32:48;20;1282-20
CO2;1282;CT-CO2-0;02938df5-6afb-d44e-582d-0b5eea40f8eb;51:88:0A:9E;0;AVIÁRIO MEIO;654,00;01/12/2025;10:38:19;20;1282-20
CO2;1282;CT-CO2-0;02938df5-6afb-d44e-582d-0b5eea40f8eb;51:88:0A:9E;0;AVIÁRIO MEIO;668,00;01/12/2025;10:43:21;20;1282-20
CO2;1282;CT-CO2-0;02938df5-6afb-d44e-582d-0b5eea40f8eb;51:88:0A:9E;0;AVIÁRIO MEIO;677,00;01/12/2025;10:48:53;20;1282-20
CO2;1282;CT-CO2-0;02938df5-6afb-d44e-582d-0b5eea40f8eb;51:88:0A:9E;0;AVIÁRIO MEIO;667,00;01/12/2025;10:54:25;20;1282-20
CO2;1282;CT-CO2-0;02938df5-6afb-d44e-582d-0b5eea40f8eb;51:88:0A:9E;0;AVIÁRIO MEIO;667,00;01/12/2025;10:59:30;20;1282-20
CO2;1282;CT-CO2-0;02938df5-6afb-d44e-582d-0b5eea40f8eb;51:88:0A:9E;0;AVIÁRIO MEIO;661,00;01/12/2025;11:05:02;20;1282-20
CO2;1282;CT-CO2-0;02938df5-6afb-d44e-582d-0b5eea40f8eb;51:88:0A:9E;0;AVIÁRIO MEIO;652,00;01/12/2025;11:10:35;20;1282-20
CO2;1282;CT-CO2-0;02938df5-6afb-d44e-582d-0b5eea40f8eb;51:88:0A:9E;0;AVIÁRIO MEIO;659,00;01/12/2025;11:15:37;20;1282-20
CO2;1282;CT-CO2-0;02938df5-6afb-d44e-582d-0b5eea40f8eb;51:88:0A:9E;0;AVIÁRIO MEIO;661,00;01/12/2025;11:21:09;20;1282-20
CO2;1282;CT-CO2-0;02938df5-6afb-d44e-582d-0b5eea40f8eb;51:88:0A:9E;0;AVIÁRIO MEIO;671,00;01/12/2025;11:26:11;20;1282-20
CO2;1282;CT-CO2-0;02938df5-6afb-d44e-582d-0b5eea40f8eb;51:88:0A:9E;0;AVIÁRIO MEIO;666,00;01/12/2025;11:31:42;20;1282-20
CO2;1282;CT-CO2-0;02938df5-6afb-d44e-582d-0b5eea40f8eb;51:88:0A:9E;0;AVIÁRIO MEIO;660,00;01/12/2025;11:37:15;20;1282-20
CO2;1282;CT-CO2-0;02938df5-6afb-d44e-582d-0b5eea40f8eb;51:88:0A:9E;0;AVIÁRIO MEIO;680,00;01/12/2025;11:42:17;20;1282-20
CO2;1282;CT-CO2-0;02938df5-6afb-d44e-582d-0b5eea40f8eb;51:88:0A:9E;0;AVIÁRIO MEIO;659,00;01/12/2025;11:47:48;20;1282-20
CO2;1282;CT-CO2-0;02938df5-6afb-d44e-582d-0b5eea40f8eb;51:88:0A:9E;0;AVIÁRIO MEIO;652,00;01/12/2025;11:53:21;20;1282-20
CO2;1282;CT-CO2-0;02938df5-6afb-d44e-582d-0b5eea40f8eb;51:88:0A:9E;0;AVIÁRIO MEIO;662,00;01/12/2025;11:58:24;20;1282-20
CO2;1282;CT-CO2-0;02938df5-6afb-d44e-582d-0b5eea40f8eb;51:88:0A:9E;0;AVIÁRIO MEIO;658,00;01/12/2025;12:03:56;20;1282-20
CO2;1282;CT-CO2-0;02938df5-6afb-d44e-582d-0b5eea40f8eb;51:88:0A:9E;0;AVIÁRIO MEIO;643,00;01/12/2025;12:15:35;20;1282-20
CO2;1282;CT-CO2-0;02938df5-6afb-d44e-582d-0b5eea40f8eb;51:88:0A:9E;0;AVIÁRIO MEIO;658,00;01/12/2025;12:21:07;20;1282-20
CO2;1282;CT-CO2-0;02938df5-6afb-d44e-582d-0b5eea40f8eb;51:88:0A:9E;0;AVIÁRIO MEIO;666,00;01/12/2025;12:26:39;20;1282-20
CO2;1282;CT-CO2-0;02938df5-6afb-d44e-582d-0b5eea40f8eb;51:88:0A:9E;0;AVIÁRIO MEIO;675,00;01/12/2025;12:31:48;20;1282-20
CO2;1282;CT-CO2-0;02938df5-6afb-d44e-582d-0b5eea40f8eb;51:88:0A:9E;0;AVIÁRIO MEIO;672,00;01/12/2025;12:37:19;20;1282-20
CO2;1282;CT-CO2-0;02938df5-6afb-d44e-582d-0b5eea40f8eb;51:88:0A:9E;0;AVIÁRIO MEIO;654,00;01/12/2025;12:42:21;20;1282-20
CO2;1282;CT-CO2-0;02938df5-6afb-d44e-582d-0b5eea40f8eb;51:88:0A:9E;0;AVIÁRIO MEIO;662,00;01/12/2025;12:47:53;20;1282-20
CO2;1282;CT-CO2-0;02938df5-6afb-d44e-582d-0b5eea40f8eb;51:88:0A:9E;0;AVIÁRIO MEIO;666,00;01/12/2025;12:53:25;20;1282-20
CO2;1282;CT-CO2-0;02938df5-6afb-d44e-582d-0b5eea40f8eb;51:88:0A:9E;0;AVIÁRIO MEIO;680,00;01/12/2025;12:58:59;20;1282-20
CO2;1282;CT-CO2-0;02938df5-6afb-d44e-582d-0b5eea40f8eb;51:88:0A:9E;0;AVIÁRIO MEIO;650,00;01/12/2025;13:04:01;20;1282-20
CO2;1282;CT-CO2-0;02938df5-6afb-d44e-582d-0b5eea40f8eb;51:88:0A:9E;0;AVIÁRIO MEIO;667,00;01/12/2025;13:09:34;20;1282-20
CO2;1282;CT-CO2-0;02938df5-6afb-d44e-582d-0b5eea40f8eb;51:88:0A:9E;0;AVIÁRIO MEIO;671,00;01/12/2025;13:14:36;20;1282-20
CO2;1282;CT-CO2-0;02938df5-6afb-d44e-582d-0b5eea40f8eb;51:88:0A:9E;0;AVIÁRIO MEIO;666,00;01/12/2025;13:20:40;20;1282-20
CO2;1282;CT-CO2-0;02938df5-6afb-d44e-582d-0b5eea40f8eb;51:88:0A:9E;0;AVIÁRIO MEIO;664,00;01/12/2025;13:25:42;20;1282-20
CO2;1282;CT-CO2-0;02938df5-6afb-d44e-582d-0b5eea40f8eb;51:88:0A:9E;0;AVIÁRIO MEIO;718,00;01/12/2025;13:30:44;20;1282-20
CO2;1282;CT-CO2-0;02938df5-6afb-d44e-582d-0b5eea40f8eb;51:88:0A:9E;0;AVIÁRIO MEIO;679,00;01/12/2025;13:36:16;20;1282-20
CO2;1282;CT-CO2-0;02938df5-6afb-d44e-582d-0b5eea40f8eb;51:88:0A:9E;0;AVIÁRIO MEIO;678,00;01/12/2025;13:41:48;20;1282-20
CO2;1282;CT-CO2-0;02938df5-6afb-d44e-582d-0b5eea40f8eb;51:88:0A:9E;0;AVIÁRIO MEIO;669,00;01/12/2025;13:46:50;20;1282-20
CO2;1282;CT-CO2-0;02938df5-6afb-d44e-582d-0b5eea40f8eb;51:88:0A:9E;0;AVIÁRIO MEIO;679,00;01/12/2025;13:52:22;20;1282-20
CO2;1282;CT-CO2-0;02938df5-6afb-d44e-582d-0b5eea40f8eb;51:88:0A:9E;0;AVIÁRIO MEIO;669,00;01/12/2025;13:57:59;20;1282-20
CO2;1282;CT-CO2-0;02938df5-6afb-d44e-582d-0b5eea40f8eb;51:88:0A:9E;0;AVIÁRIO MEIO;665,00;01/12/2025;14:03:04;20;1282-20
CO2;1282;CT-CO2-0;02938df5-6afb-d44e-582d-0b5eea40f8eb;51:88:0A:9E;0;AVIÁRIO MEIO;679,00;01/12/2025;14:08:35;20;1282-20
CO2;1282;CT-CO2-0;02938df5-6afb-d44e-582d-0b5eea40f8eb;51:88:0A:9E;0;AVIÁRIO MEIO;662,00;01/12/2025;14:13:38;20;1282-20
CO2;1282;CT-CO2-0;02938df5-6afb-d44e-582d-0b5eea40f8eb;51:88:0A:9E;0;AVIÁRIO MEIO;672,00;01/12/2025;14:19:10;20;1282-20
CO2;1282;CT-CO2-0;02938df5-6afb-d44e-582d-0b5eea40f8eb;51:88:0A:9E;0;AVIÁRIO MEIO;675,00;01/12/2025;14:24:46;20;1282-20
CO2;1282;CT-CO2-0;02938df5-6afb-d44e-582d-0b5eea40f8eb;51:88:0A:9E;0;AVIÁRIO MEIO;687,00;01/12/2025;14:30:19;20;1282-20
CO2;1282;CT-CO2-0;02938df5-6afb-d44e-582d-0b5eea40f8eb;51:88:0A:9E;0;AVIÁRIO MEIO;680,00;01/12/2025;14:35:21;20;1282-20
CO2;1282;CT-CO2-0;02938df5-6afb-d44e-582d-0b5eea40f8eb;51:88:0A:9E;0;AVIÁRIO MEIO;673,00;01/12/2025;14:45:54;20;1282-20
CO2;1282;CT-CO2-0;02938df5-6afb-d44e-582d-0b5eea40f8eb;51:88:0A:9E;0;AVIÁRIO MEIO;664,00;01/12/2025;14:51:26;20;1282-20
CO2;1282;CT-CO2-0;02938df5-6afb-d44e-582d-0b5eea40f8eb;51:88:0A:9E;0;AVIÁRIO MEIO;680,00;01/12/2025;14:56:28;20;1282-20
CO2;1282;CT-CO2-0;02938df5-6afb-d44e-582d-0b5eea40f8eb;51:88:0A:9E;0;AVIÁRIO MEIO;716,00;01/12/2025;15:02:01;20;1282-20
CO2;1282;CT-CO2-0;02938df5-6afb-d44e-582d-0b5eea40f8eb;51:88:0A:9E;0;AVIÁRIO MEIO;669,00;01/12/2025;15:07:34;20;1282-20
CO2;1282;CT-CO2-0;02938df5-6afb-d44e-582d-0b5eea40f8eb;51:88:0A:9E;0;AVIÁRIO MEIO;670,00;01/12/2025;15:12:37;20;1282-20
CO2;1282;CT-CO2-0;02938df5-6afb-d44e-582d-0b5eea40f8eb;51:88:0A:9E;0;AVIÁRIO MEIO;670,00;01/12/2025;15:18:09;20;1282-20
CO2;1282;CT-CO2-0;02938df5-6afb-d44e-582d-0b5eea40f8eb;51:88:0A:9E;0;AVIÁRIO MEIO;673,00;01/12/2025;15:23:41;20;1282-20
CO2;1282;CT-CO2-0;02938df5-6afb-d44e-582d-0b5eea40f8eb;51:88:0A:9E;0;AVIÁRIO MEIO;667,00;01/12/2025;15:28:43;20;1282-20
CO2;1282;CT-CO2-0;02938df5-6afb-d44e-582d-0b5eea40f8eb;51:88:0A:9E;0;AVIÁRIO MEIO;665,00;01/12/2025;15:34:15;20;1282-20
CO2;1282;CT-CO2-0;02938df5-6afb-d44e-582d-0b5eea40f8eb;51:88:0A:9E;0;AVIÁRIO MEIO;668,00;01/12/2025;15:40:17;20;1282-20
CO2;1282;CT-CO2-0;02938df5-6afb-d44e-582d-0b5eea40f8eb;51:88:0A:9E;0;AVIÁRIO MEIO;659,00;01/12/2025;15:44:49;20;1282-20
CO2;1282;CT-CO2-0;02938df5-6afb-d44e-582d-0b5eea40f8eb;51:88:0A:9E;0;AVIÁRIO MEIO;672,00;01/12/2025;15:50:22;20;1282-20
CO2;1282;CT-CO2-0;02938df5-6afb-d44e-582d-0b5eea40f8eb;51:88:0A:9E;0;AVIÁRIO MEIO;707,00;01/12/2025;16:00:56;20;1282-20
CO2;1282;CT-CO2-0;02938df5-6afb-d44e-582d-0b5eea40f8eb;51:88:0A:9E;0;AVIÁRIO MEIO;637,00;01/12/2025;16:11:30;20;1282-20
CO2;1282;CT-CO2-0;02938df5-6afb-d44e-582d-0b5eea40f8eb;51:88:0A:9E;0;AVIÁRIO MEIO;651,00;01/12/2025;16:17:03;20;1282-20
CO2;1282;CT-CO2-0;02938df5-6afb-d44e-582d-0b5eea40f8eb;51:88:0A:9E;0;AVIÁRIO MEIO;676,00;01/12/2025;16:22:05;20;1282-20
CO2;1282;CT-CO2-0;02938df5-6afb-d44e-582d-0b5eea40f8eb;51:88:0A:9E;0;AVIÁRIO MEIO;666,00;01/12/2025;16:27:41;20;1282-20
CO2;1282;CT-CO2-0;02938df5-6afb-d44e-582d-0b5eea40f8eb;51:88:0A:9E;0;AVIÁRIO MEIO;674,00;01/12/2025;16:32:44;20;1282-20
CO2;1282;CT-CO2-0;02938df5-6afb-d44e-582d-0b5eea40f8eb;51:88:0A:9E;0;AVIÁRIO MEIO;668,00;01/12/2025;16:38:16;20;1282-20
CO2;1282;CT-CO2-0;02938df5-6afb-d44e-582d-0b5eea40f8eb;51:88:0A:9E;0;AVIÁRIO MEIO;704,00;01/12/2025;16:43:50;20;1282-20
CO2;1282;CT-CO2-0;02938df5-6afb-d44e-582d-0b5eea40f8eb;51:88:0A:9E;0;AVIÁRIO MEIO;680,00;01/12/2025;16:49:23;20;1282-20
CO2;1282;CT-CO2-0;02938df5-6afb-d44e-582d-0b5eea40f8eb;51:88:0A:9E;0;AVIÁRIO MEIO;684,00;01/12/2025;16:54:26;20;1282-20
CO2;1282;CT-CO2-0;02938df5-6afb-d44e-582d-0b5eea40f8eb;51:88:0A:9E;0;AVIÁRIO MEIO;681,00;01/12/2025;16:59:58;20;1282-20
CO2;1282;CT-CO2-0;02938df5-6afb-d44e-582d-0b5eea40f8eb;51:88:0A:9E;0;AVIÁRIO MEIO;686,00;01/12/2025;17:05:00;20;1282-20
CO2;1282;CT-CO2-0;02938df5-6afb-d44e-582d-0b5eea40f8eb;51:88:0A:9E;0;AVIÁRIO MEIO;663,00;01/12/2025;17:10:33;20;1282-20
CO2;1282;CT-CO2-0;02938df5-6afb-d44e-582d-0b5eea40f8eb;51:88:0A:9E;0;AVIÁRIO MEIO;656,00;01/12/2025;17:16:05;20;1282-20
CO2;1282;CT-CO2-0;02938df5-6afb-d44e-582d-0b5eea40f8eb;51:88:0A:9E;0;AVIÁRIO MEIO;661,00;01/12/2025;17:21:07;20;1282-20
CO2;1282;CT-CO2-0;02938df5-6afb-d44e-582d-0b5eea40f8eb;51:88:0A:9E;0;AVIÁRIO MEIO;684,00;01/12/2025;17:31:41;20;1282-20
CO2;1282;CT-CO2-0;02938df5-6afb-d44e-582d-0b5eea40f8eb;51:88:0A:9E;0;AVIÁRIO MEIO;674,00;01/12/2025;17:37:13;20;1282-20
CO2;1282;CT-CO2-0;02938df5-6afb-d44e-582d-0b5eea40f8eb;51:88:0A:9E;0;AVIÁRIO MEIO;664,00;01/12/2025;17:42:44;20;1282-20
CO2;1282;CT-CO2-0;02938df5-6afb-d44e-582d-0b5eea40f8eb;51:88:0A:9E;0;AVIÁRIO MEIO;665,00;01/12/2025;17:47:47;20;1282-20
CO2;1282;CT-CO2-0;02938df5-6afb-d44e-582d-0b5eea40f8eb;51:88:0A:9E;0;AVIÁRIO MEIO;670,00;01/12/2025;17:53:19;20;1282-20
CO2;1282;CT-CO2-0;02938df5-6afb-d44e-582d-0b5eea40f8eb;51:88:0A:9E;0;AVIÁRIO MEIO;646,00;01/12/2025;17:59:22;20;1282-20
CO2;1282;CT-CO2-0;02938df5-6afb-d44e-582d-0b5eea40f8eb;51:88:0A:9E;0;AVIÁRIO MEIO;653,00;01/12/2025;18:03:54;20;1282-20
CO2;1282;CT-CO2-0;02938df5-6afb-d44e-582d-0b5eea40f8eb;51:88:0A:9E;0;AVIÁRIO MEIO;661,00;01/12/2025;18:09:26;20;1282-20
CO2;1282;CT-CO2-0;02938df5-6afb-d44e-582d-0b5eea40f8eb;51:88:0A:9E;0;AVIÁRIO MEIO;664,00;01/12/2025;18:14:57;20;1282-20
CO2;1282;CT-CO2-0;02938df5-6afb-d44e-582d-0b5eea40f8eb;51:88:0A:9E;0;AVIÁRIO MEIO;691,00;01/12/2025;18:20:01;20;1282-20
CO2;1282;CT-CO2-0;02938df5-6afb-d44e-582d-0b5eea40f8eb;51:88:0A:9E;0;AVIÁRIO MEIO;676,00;01/12/2025;18:25:33;20;1282-20
CO2;1282;CT-CO2-0;02938df5-6afb-d44e-582d-0b5eea40f8eb;51:88:0A:9E;0;AVIÁRIO MEIO;645,00;01/12/2025;18:31:05;20;1282-20
CO2;1282;CT-CO2-0;02938df5-6afb-d44e-582d-0b5eea40f8eb;51:88:0A:9E;0;AVIÁRIO MEIO;646,00;01/12/2025;18:41:46;20;1282-20
CO2;1282;CT-CO2-0;02938df5-6afb-d44e-582d-0b5eea40f8eb;51:88:0A:9E;0;AVIÁRIO MEIO;646,00;01/12/2025;18:46:50;20;1282-20
CO2;1282;CT-CO2-0;02938df5-6afb-d44e-582d-0b5eea40f8eb;51:88:0A:9E;0;AVIÁRIO MEIO;670,00;01/12/2025;18:52:23;20;1282-20
CO2;1282;CT-CO2-0;02938df5-6afb-d44e-582d-0b5eea40f8eb;51:88:0A:9E;0;AVIÁRIO MEIO;672,00;01/12/2025;18:57:56;20;1282-20
CO2;1282;CT-CO2-0;02938df5-6afb-d44e-582d-0b5eea40f8eb;51:88:0A:9E;0;AVIÁRIO MEIO;686,00;01/12/2025;19:03:03;20;1282-20
CO2;1282;CT-CO2-0;02938df5-6afb-d44e-582d-0b5eea40f8eb;51:88:0A:9E;0;AVIÁRIO MEIO;673,00;01/12/2025;19:09:13;20;1282-20
CO2;1282;CT-CO2-0;02938df5-6afb-d44e-582d-0b5eea40f8eb;51:88:0A:9E;0;AVIÁRIO MEIO;677,00;01/12/2025;19:13:49;20;1282-20
CO2;1282;CT-CO2-0;02938df5-6afb-d44e-582d-0b5eea40f8eb;51:88:0A:9E;0;AVIÁRIO MEIO;667,00;01/12/2025;19:19:22;20;1282-20
CO2;1282;CT-CO2-0;02938df5-6afb-d44e-582d-0b5eea40f8eb;51:88:0A:9E;0;AVIÁRIO MEIO;681,00;01/12/2025;19:24:24;20;1282-20
CO2;1282;CT-CO2-0;02938df5-6afb-d44e-582d-0b5eea40f8eb;51:88:0A:9E;0;AVIÁRIO MEIO;691,00;01/12/2025;19:29:56;20;1282-20
CO2;1282;CT-CO2-0;02938df5-6afb-d44e-582d-0b5eea40f8eb;51:88:0A:9E;0;AVIÁRIO MEIO;689,00;01/12/2025;19:35:28;20;1282-20
CO2;1282;CT-CO2-0;02938df5-6afb-d44e-582d-0b5eea40f8eb;51:88:0A:9E;0;AVIÁRIO MEIO;702,00;01/12/2025;19:40:36;20;1282-20
CO2;1282;CT-CO2-0;02938df5-6afb-d44e-582d-0b5eea40f8eb;51:88:0A:9E;0;AVIÁRIO MEIO;716,00;01/12/2025;19:46:13;20;1282-20
CO2;1282;CT-CO2-0;02938df5-6afb-d44e-582d-0b5eea40f8eb;51:88:0A:9E;0;AVIÁRIO MEIO;709,00;01/12/2025;19:51:16;20;1282-20
CO2;1282;CT-CO2-0;02938df5-6afb-d44e-582d-0b5eea40f8eb;51:88:0A:9E;0;AVIÁRIO MEIO;718,00;01/12/2025;19:56:49;20;1282-20
CO2;1282;CT-CO2-0;02938df5-6afb-d44e-582d-0b5eea40f8eb;51:88:0A:9E;0;AVIÁRIO MEIO;738,00;01/12/2025;20:02:25;20;1282-20
CO2;1282;CT-CO2-0;02938df5-6afb-d44e-582d-0b5eea40f8eb;51:88:0A:9E;0;AVIÁRIO MEIO;713,00;01/12/2025;20:07:33;20;1282-20
CO2;1282;CT-CO2-0;02938df5-6afb-d44e-582d-0b5eea40f8eb;51:88:0A:9E;0;AVIÁRIO MEIO;711,00;01/12/2025;20:13:26;20;1282-20
CO2;1282;CT-CO2-0;02938df5-6afb-d44e-582d-0b5eea40f8eb;51:88:0A:9E;0;AVIÁRIO MEIO;739,00;01/12/2025;20:19:00;20;1282-20
CO2;1282;CT-CO2-0;02938df5-6afb-d44e-582d-0b5eea40f8eb;51:88:0A:9E;0;AVIÁRIO MEIO;720,00;01/12/2025;20:23:38;20;1282-20
CO2;1282;CT-CO2-0;02938df5-6afb-d44e-582d-0b5eea40f8eb;51:88:0A:9E;0;AVIÁRIO MEIO;726,00;01/12/2025;20:29:16;20;1282-20
CO2;1282;CT-CO2-0;02938df5-6afb-d44e-582d-0b5eea40f8eb;51:88:0A:9E;0;AVIÁRIO MEIO;734,00;01/12/2025;20:34:39;20;1282-20
CO2;1282;CT-CO2-0;02938df5-6afb-d44e-582d-0b5eea40f8eb;51:88:0A:9E;0;AVIÁRIO MEIO;748,00;01/12/2025;20:39:41;20;1282-20
CO2;1282;CT-CO2-0;02938df5-6afb-d44e-582d-0b5eea40f8eb;51:88:0A:9E;0;AVIÁRIO MEIO;732,00;01/12/2025;20:45:18;20;1282-20
CO2;1282;CT-CO2-0;02938df5-6afb-d44e-582d-0b5eea40f8eb;51:88:0A:9E;0;AVIÁRIO MEIO;742,00;01/12/2025;20:50:20;20;1282-20
CO2;1282;CT-CO2-0;02938df5-6afb-d44e-582d-0b5eea40f8eb;51:88:0A:9E;0;AVIÁRIO MEIO;742,00;01/12/2025;21:01:29;20;1282-20
CO2;1282;CT-CO2-0;02938df5-6afb-d44e-582d-0b5eea40f8eb;51:88:0A:9E;0;AVIÁRIO MEIO;739,00;01/12/2025;21:07:30;20;1282-20
CO2;1282;CT-CO2-0;02938df5-6afb-d44e-582d-0b5eea40f8eb;51:88:0A:9E;0;AVIÁRIO MEIO;756,00;01/12/2025;21:12:32;20;1282-20
CO2;1282;CT-CO2-0;02938df5-6afb-d44e-582d-0b5eea40f8eb;51:88:0A:9E;0;AVIÁRIO MEIO;744,00;01/12/2025;21:18:04;20;1282-20
CO2;1282;CT-CO2-0;02938df5-6afb-d44e-582d-0b5eea40f8eb;51:88:0A:9E;0;AVIÁRIO MEIO;748,00;01/12/2025;21:24:10;20;1282-20
CO2;1282;CT-CO2-0;02938df5-6afb-d44e-582d-0b5eea40f8eb;51:88:0A:9E;0;AVIÁRIO MEIO;729,00;01/12/2025;21:28:43;20;1282-20
CO2;1282;CT-CO2-0;02938df5-6afb-d44e-582d-0b5eea40f8eb;51:88:0A:9E;0;AVIÁRIO MEIO;710,00;01/12/2025;21:34:16;20;1282-20
CO2;1282;CT-CO2-0;02938df5-6afb-d44e-582d-0b5eea40f8eb;51:88:0A:9E;0;AVIÁRIO MEIO;730,00;01/12/2025;21:39:19;20;1282-20
CO2;1282;CT-CO2-0;02938df5-6afb-d44e-582d-0b5eea40f8eb;51:88:0A:9E;0;AVIÁRIO MEIO;719,00;01/12/2025;21:44:51;20;1282-20
CO2;1282;CT-CO2-0;02938df5-6afb-d44e-582d-0b5eea40f8eb;51:88:0A:9E;0;AVIÁRIO MEIO;724,00;01/12/2025;21:50:24;20;1282-20
CO2;1282;CT-CO2-0;02938df5-6afb-d44e-582d-0b5eea40f8eb;51:88:0A:9E;0;AVIÁRIO MEIO;741,00;01/12/2025;21:55:25;20;1282-20
CO2;1282;CT-CO2-0;02938df5-6afb-d44e-582d-0b5eea40f8eb;51:88:0A:9E;0;AVIÁRIO MEIO;737,00;01/12/2025;22:00:57;20;1282-20
CO2;1282;CT-CO2-0;02938df5-6afb-d44e-582d-0b5eea40f8eb;51:88:0A:9E;0;AVIÁRIO MEIO;714,00;01/12/2025;22:06:30;20;1282-20
CO2;1282;CT-CO2-0;02938df5-6afb-d44e-582d-0b5eea40f8eb;51:88:0A:9E;0;AVIÁRIO MEIO;702,00;01/12/2025;22:11:32;20;1282-20
CO2;1282;CT-CO2-0;02938df5-6afb-d44e-582d-0b5eea40f8eb;51:88:0A:9E;0;AVIÁRIO MEIO;707,00;01/12/2025;22:17:04;20;1282-20
CO2;1282;CT-CO2-0;02938df5-6afb-d44e-582d-0b5eea40f8eb;51:88:0A:9E;0;AVIÁRIO MEIO;705,00;01/12/2025;22:22:36;20;1282-20
CO2;1282;CT-CO2-0;02938df5-6afb-d44e-582d-0b5eea40f8eb;51:88:0A:9E;0;AVIÁRIO MEIO;706,00;01/12/2025;22:27:38;20;1282-20
CO2;1282;CT-CO2-0;02938df5-6afb-d44e-582d-0b5eea40f8eb;51:88:0A:9E;0;AVIÁRIO MEIO;706,00;01/12/2025;22:33:41;20;1282-20
CO2;1282;CT-CO2-0;02938df5-6afb-d44e-582d-0b5eea40f8eb;51:88:0A:9E;0;AVIÁRIO MEIO;678,00;01/12/2025;22:38:43;20;1282-20
CO2;1282;CT-CO2-0;02938df5-6afb-d44e-582d-0b5eea40f8eb;51:88:0A:9E;0;AVIÁRIO MEIO;681,00;01/12/2025;22:43:46;20;1282-20
CO2;1282;CT-CO2-0;02938df5-6afb-d44e-582d-0b5eea40f8eb;51:88:0A:9E;0;AVIÁRIO MEIO;687,00;01/12/2025;22:49:18;20;1282-20
CO2;1282;CT-CO2-0;02938df5-6afb-d44e-582d-0b5eea40f8eb;51:88:0A:9E;0;AVIÁRIO MEIO;697,00;01/12/2025;22:54:50;20;1282-20
CO2;1282;CT-CO2-0;02938df5-6afb-d44e-582d-0b5eea40f8eb;51:88:0A:9E;0;AVIÁRIO MEIO;667,00;01/12/2025;22:59:52;20;1282-20
CO2;1282;CT-CO2-0;02938df5-6afb-d44e-582d-0b5eea40f8eb;51:88:0A:9E;0;AVIÁRIO MEIO;723,00;01/12/2025;23:05:25;20;1282-20
CO2;1282;CT-CO2-0;02938df5-6afb-d44e-582d-0b5eea40f8eb;51:88:0A:9E;0;AVIÁRIO MEIO;740,00;01/12/2025;23:15:59;20;1282-20
CO2;1282;CT-CO2-0;02938df5-6afb-d44e-582d-0b5eea40f8eb;51:88:0A:9E;0;AVIÁRIO MEIO;697,00;01/12/2025;23:21:30;20;1282-20
CO2;1282;CT-CO2-0;02938df5-6afb-d44e-582d-0b5eea40f8eb;51:88:0A:9E;0;AVIÁRIO MEIO;694,00;01/12/2025;23:27:02;20;1282-20
CO2;1282;CT-CO2-0;02938df5-6afb-d44e-582d-0b5eea40f8eb;51:88:0A:9E;0;AVIÁRIO MEIO;703,00;01/12/2025;23:32:04;20;1282-20
CO2;1282;CT-CO2-0;02938df5-6afb-d44e-582d-0b5eea40f8eb;51:88:0A:9E;0;AVIÁRIO MEIO;696,00;01/12/2025;23:37:36;20;1282-20
CO2;1282;CT-CO2-0;02938df5-6afb-d44e-582d-0b5eea40f8eb;51:88:0A:9E;0;AVIÁRIO MEIO;706,00;01/12/2025;23:43:40;20;1282-20
CO2;1282;CT-CO2-0;02938df5-6afb-d44e-582d-0b5eea40f8eb;51:88:0A:9E;0;AVIÁRIO MEIO;705,00;01/12/2025;23:48:13;20;1282-20
CO2;1282;CT-CO2-0;02938df5-6afb-d44e-582d-0b5eea40f8eb;51:88:0A:9E;0;AVIÁRIO MEIO;712,00;01/12/2025;23:53:45;20;1282-20
CO2;1282;CT-CO2-0;02938df5-6afb-d44e-582d-0b5eea40f8eb;51:88:0A:9E;0;AVIÁRIO MEIO;701,00;01/12/2025;23:59:16;20;1282-20
CO2;1282;CT-CO2-0;02938df5-6afb-d44e-582d-0b5eea40f8eb;51:88:0A:9E;0;AVIÁRIO MEIO;752,00;02/12/2025;00:04:18;20;1282-20
CO2;1282;CT-CO2-0;02938df5-6afb-d44e-582d-0b5eea40f8eb;51:88:0A:9E;0;AVIÁRIO MEIO;697,00;02/12/2025;00:09:51;20;1282-20
CO2;1282;CT-CO2-0;02938df5-6afb-d44e-582d-0b5eea40f8eb;51:88:0A:9E;0;AVIÁRIO MEIO;701,00;02/12/2025;00:15:23;20;1282-20
CO2;1282;CT-CO2-0;02938df5-6afb-d44e-582d-0b5eea40f8eb;51:88:0A:9E;0;AVIÁRIO MEIO;707,00;02/12/2025;00:20:26;20;1282-20
CO2;1282;CT-CO2-0;02938df5-6afb-d44e-582d-0b5eea40f8eb;51:88:0A:9E;0;AVIÁRIO MEIO;689,00;02/12/2025;00:31:31;20;1282-20
CO2;1282;CT-CO2-0;02938df5-6afb-d44e-582d-0b5eea40f8eb;51:88:0A:9E;0;AVIÁRIO MEIO;713,00;02/12/2025;00:36:33;20;1282-20
CO2;1282;CT-CO2-0;02938df5-6afb-d44e-582d-0b5eea40f8eb;51:88:0A:9E;0;AVIÁRIO MEIO;712,00;02/12/2025;00:42:05;20;1282-20
CO2;1282;CT-CO2-0;02938df5-6afb-d44e-582d-0b5eea40f8eb;51:88:0A:9E;0;AVIÁRIO MEIO;681,00;02/12/2025;00:47:37;20;1282-20
CO2;1282;CT-CO2-0;02938df5-6afb-d44e-582d-0b5eea40f8eb;51:88:0A:9E;0;AVIÁRIO MEIO;742,00;02/12/2025;00:53:13;20;1282-20
CO2;1282;CT-CO2-0;02938df5-6afb-d44e-582d-0b5eea40f8eb;51:88:0A:9E;0;AVIÁRIO MEIO;700,00;02/12/2025;00:58:15;20;1282-20
CO2;1282;CT-CO2-0;02938df5-6afb-d44e-582d-0b5eea40f8eb;51:88:0A:9E;0;AVIÁRIO MEIO;736,00;02/12/2025;01:03:48;20;1282-20
CO2;1282;CT-CO2-0;02938df5-6afb-d44e-582d-0b5eea40f8eb;51:88:0A:9E;0;AVIÁRIO MEIO;733,00;02/12/2025;01:08:49;20;1282-20
CO2;1282;CT-CO2-0;02938df5-6afb-d44e-582d-0b5eea40f8eb;51:88:0A:9E;0;AVIÁRIO MEIO;722,00;02/12/2025;01:14:21;20;1282-20
CO2;1282;CT-CO2-0;02938df5-6afb-d44e-582d-0b5eea40f8eb;51:88:0A:9E;0;AVIÁRIO MEIO;731,00;02/12/2025;01:19:54;20;1282-20
CO2;1282;CT-CO2-0;02938df5-6afb-d44e-582d-0b5eea40f8eb;51:88:0A:9E;0;AVIÁRIO MEIO;718,00;02/12/2025;01:24:56;20;1282-20
CO2;1282;CT-CO2-0;02938df5-6afb-d44e-582d-0b5eea40f8eb;51:88:0A:9E;0;AVIÁRIO MEIO;708,00;02/12/2025;01:30:31;20;1282-20
CO2;1282;CT-CO2-0;02938df5-6afb-d44e-582d-0b5eea40f8eb;51:88:0A:9E;0;AVIÁRIO MEIO;696,00;02/12/2025;01:36:02;20;1282-20
CO2;1282;CT-CO2-0;02938df5-6afb-d44e-582d-0b5eea40f8eb;51:88:0A:9E;0;AVIÁRIO MEIO;687,00;02/12/2025;01:41:04;20;1282-20
CO2;1282;CT-CO2-0;02938df5-6afb-d44e-582d-0b5eea40f8eb;51:88:0A:9E;0;AVIÁRIO MEIO;688,00;02/12/2025;01:46:36;20;1282-20
CO2;1282;CT-CO2-0;02938df5-6afb-d44e-582d-0b5eea40f8eb;51:88:0A:9E;0;AVIÁRIO MEIO;692,00;02/12/2025;01:52:08;20;1282-20
CO2;1282;CT-CO2-0;02938df5-6afb-d44e-582d-0b5eea40f8eb;51:88:0A:9E;0;AVIÁRIO MEIO;710,00;02/12/2025;01:57:10;20;1282-20
CO2;1282;CT-CO2-0;02938df5-6afb-d44e-582d-0b5eea40f8eb;51:88:0A:9E;0;AVIÁRIO MEIO;727,00;02/12/2025;02:03:13;20;1282-20
CO2;1282;CT-CO2-0;02938df5-6afb-d44e-582d-0b5eea40f8eb;51:88:0A:9E;0;AVIÁRIO MEIO;720,00;02/12/2025;02:08:15;20;1282-20
CO2;1282;CT-CO2-0;02938df5-6afb-d44e-582d-0b5eea40f8eb;51:88:0A:9E;0;AVIÁRIO MEIO;721,00;02/12/2025;02:13:18;20;1282-20
CO2;1282;CT-CO2-0;02938df5-6afb-d44e-582d-0b5eea40f8eb;51:88:0A:9E;0;AVIÁRIO MEIO;718,00;02/12/2025;02:18:50;20;1282-20
CO2;1282;CT-CO2-0;02938df5-6afb-d44e-582d-0b5eea40f8eb;51:88:0A:9E;0;AVIÁRIO MEIO;728,00;02/12/2025;02:24:22;20;1282-20
CO2;1282;CT-CO2-0;02938df5-6afb-d44e-582d-0b5eea40f8eb;51:88:0A:9E;0;AVIÁRIO MEIO;729,00;02/12/2025;02:29:23;20;1282-20
CO2;1282;CT-CO2-0;02938df5-6afb-d44e-582d-0b5eea40f8eb;51:88:0A:9E;0;AVIÁRIO MEIO;742,00;02/12/2025;02:34:55;20;1282-20
CO2;1282;CT-CO2-0;02938df5-6afb-d44e-582d-0b5eea40f8eb;51:88:0A:9E;0;AVIÁRIO MEIO;723,00;02/12/2025;02:40:28;20;1282-20
CO2;1282;CT-CO2-0;02938df5-6afb-d44e-582d-0b5eea40f8eb;51:88:0A:9E;0;AVIÁRIO MEIO;718,00;02/12/2025;02:45:30;20;1282-20
CO2;1282;CT-CO2-0;02938df5-6afb-d44e-582d-0b5eea40f8eb;51:88:0A:9E;0;AVIÁRIO MEIO;707,00;02/12/2025;02:51:03;20;1282-20
CO2;1282;CT-CO2-0;02938df5-6afb-d44e-582d-0b5eea40f8eb;51:88:0A:9E;0;AVIÁRIO MEIO;721,00;02/12/2025;02:56:35;20;1282-20
CO2;1282;CT-CO2-0;02938df5-6afb-d44e-582d-0b5eea40f8eb;51:88:0A:9E;0;AVIÁRIO MEIO;705,00;02/12/2025;03:01:36;20;1282-20
CO2;1282;CT-CO2-0;02938df5-6afb-d44e-582d-0b5eea40f8eb;51:88:0A:9E;0;AVIÁRIO MEIO;693,00;02/12/2025;03:07:08;20;1282-20
CO2;1282;CT-CO2-0;02938df5-6afb-d44e-582d-0b5eea40f8eb;51:88:0A:9E;0;AVIÁRIO MEIO;686,00;02/12/2025;03:13:13;20;1282-20
CO2;1282;CT-CO2-0;02938df5-6afb-d44e-582d-0b5eea40f8eb;51:88:0A:9E;0;AVIÁRIO MEIO;719,00;02/12/2025;03:17:47;20;1282-20
CO2;1282;CT-CO2-0;02938df5-6afb-d44e-582d-0b5eea40f8eb;51:88:0A:9E;0;AVIÁRIO MEIO;732,00;02/12/2025;03:23:19;20;1282-20
CO2;1282;CT-CO2-0;02938df5-6afb-d44e-582d-0b5eea40f8eb;51:88:0A:9E;0;AVIÁRIO MEIO;713,00;02/12/2025;03:28:22;20;1282-20
CO2;1282;CT-CO2-0;02938df5-6afb-d44e-582d-0b5eea40f8eb;51:88:0A:9E;0;AVIÁRIO MEIO;699,00;02/12/2025;03:33:54;20;1282-20
CO2;1282;CT-CO2-0;02938df5-6afb-d44e-582d-0b5eea40f8eb;51:88:0A:9E;0;AVIÁRIO MEIO;715,00;02/12/2025;03:39:26;20;1282-20
CO2;1282;CT-CO2-0;02938df5-6afb-d44e-582d-0b5eea40f8eb;51:88:0A:9E;0;AVIÁRIO MEIO;721,00;02/12/2025;03:44:27;20;1282-20
CO2;1282;CT-CO2-0;02938df5-6afb-d44e-582d-0b5eea40f8eb;51:88:0A:9E;0;AVIÁRIO MEIO;729,00;02/12/2025;03:49:59;20;1282-20
CO2;1282;CT-CO2-0;02938df5-6afb-d44e-582d-0b5eea40f8eb;51:88:0A:9E;0;AVIÁRIO MEIO;729,00;02/12/2025;03:55:31;20;1282-20
CO2;1282;CT-CO2-0;02938df5-6afb-d44e-582d-0b5eea40f8eb;51:88:0A:9E;0;AVIÁRIO MEIO;730,00;02/12/2025;04:00:34;20;1282-20
CO2;1282;CT-CO2-0;02938df5-6afb-d44e-582d-0b5eea40f8eb;51:88:0A:9E;0;AVIÁRIO MEIO;725,00;02/12/2025;04:06:06;20;1282-20
CO2;1282;CT-CO2-0;02938df5-6afb-d44e-582d-0b5eea40f8eb;51:88:0A:9E;0;AVIÁRIO MEIO;746,00;02/12/2025;04:11:38;20;1282-20
CO2;1282;CT-CO2-0;02938df5-6afb-d44e-582d-0b5eea40f8eb;51:88:0A:9E;0;AVIÁRIO MEIO;756,00;02/12/2025;04:16:39;20;1282-20
CO2;1282;CT-CO2-0;02938df5-6afb-d44e-582d-0b5eea40f8eb;51:88:0A:9E;0;AVIÁRIO MEIO;729,00;02/12/2025;04:22:43;20;1282-20
CO2;1282;CT-CO2-0;02938df5-6afb-d44e-582d-0b5eea40f8eb;51:88:0A:9E;0;AVIÁRIO MEIO;737,00;02/12/2025;04:27:45;20;1282-20
CO2;1282;CT-CO2-0;02938df5-6afb-d44e-582d-0b5eea40f8eb;51:88:0A:9E;0;AVIÁRIO MEIO;718,00;02/12/2025;04:32:47;20;1282-20
CO2;1282;CT-CO2-0;02938df5-6afb-d44e-582d-0b5eea40f8eb;51:88:0A:9E;0;AVIÁRIO MEIO;728,00;02/12/2025;04:38:19;20;1282-20
CO2;1282;CT-CO2-0;02938df5-6afb-d44e-582d-0b5eea40f8eb;51:88:0A:9E;0;AVIÁRIO MEIO;728,00;02/12/2025;04:43:53;20;1282-20
CO2;1282;CT-CO2-0;02938df5-6afb-d44e-582d-0b5eea40f8eb;51:88:0A:9E;0;AVIÁRIO MEIO;715,00;02/12/2025;04:48:55;20;1282-20
CO2;1282;CT-CO2-0;02938df5-6afb-d44e-582d-0b5eea40f8eb;51:88:0A:9E;0;AVIÁRIO MEIO;709,00;02/12/2025;04:54:27;20;1282-20
CO2;1282;CT-CO2-0;02938df5-6afb-d44e-582d-0b5eea40f8eb;51:88:0A:9E;0;AVIÁRIO MEIO;707,00;02/12/2025;05:00:00;20;1282-20
CO2;1282;CT-CO2-0;02938df5-6afb-d44e-582d-0b5eea40f8eb;51:88:0A:9E;0;AVIÁRIO MEIO;771,00;02/12/2025;05:05:03;20;1282-20
CO2;1282;CT-CO2-0;02938df5-6afb-d44e-582d-0b5eea40f8eb;51:88:0A:9E;0;AVIÁRIO MEIO;710,00;02/12/2025;05:10:35;20;1282-20
CO2;1282;CT-CO2-0;02938df5-6afb-d44e-582d-0b5eea40f8eb;51:88:0A:9E;0;AVIÁRIO MEIO;691,00;02/12/2025;05:16:07;20;1282-20
CO2;1282;CT-CO2-0;02938df5-6afb-d44e-582d-0b5eea40f8eb;51:88:0A:9E;0;AVIÁRIO MEIO;710,00;02/12/2025;05:21:09;20;1282-20
CO2;1282;CT-CO2-0;02938df5-6afb-d44e-582d-0b5eea40f8eb;51:88:0A:9E;0;AVIÁRIO MEIO;722,00;02/12/2025;05:26:44;20;1282-20
CO2;1282;CT-CO2-0;02938df5-6afb-d44e-582d-0b5eea40f8eb;51:88:0A:9E;0;AVIÁRIO MEIO;727,00;02/12/2025;05:32:52;20;1282-20
CO2;1282;CT-CO2-0;02938df5-6afb-d44e-582d-0b5eea40f8eb;51:88:0A:9E;0;AVIÁRIO MEIO;751,00;02/12/2025;05:37:24;20;1282-20
CO2;1282;CT-CO2-0;02938df5-6afb-d44e-582d-0b5eea40f8eb;51:88:0A:9E;0;AVIÁRIO MEIO;751,00;02/12/2025;05:42:57;20;1282-20
CO2;1282;CT-CO2-0;02938df5-6afb-d44e-582d-0b5eea40f8eb;51:88:0A:9E;0;AVIÁRIO MEIO;752,00;02/12/2025;05:47:59;20;1282-20
CO2;1282;CT-CO2-0;02938df5-6afb-d44e-582d-0b5eea40f8eb;51:88:0A:9E;0;AVIÁRIO MEIO;728,00;02/12/2025;05:53:32;20;1282-20
CO2;1282;CT-CO2-0;02938df5-6afb-d44e-582d-0b5eea40f8eb;51:88:0A:9E;0;AVIÁRIO MEIO;726,00;02/12/2025;05:59:03;20;1282-20
CO2;1282;CT-CO2-0;02938df5-6afb-d44e-582d-0b5eea40f8eb;51:88:0A:9E;0;AVIÁRIO MEIO;737,00;02/12/2025;06:04:05;20;1282-20
CO2;1282;CT-CO2-0;02938df5-6afb-d44e-582d-0b5eea40f8eb;51:88:0A:9E;0;AVIÁRIO MEIO;714,00;02/12/2025;06:09:36;20;1282-20
CO2;1282;CT-CO2-0;02938df5-6afb-d44e-582d-0b5eea40f8eb;51:88:0A:9E;0;AVIÁRIO MEIO;715,00;02/12/2025;06:15:08;20;1282-20
CO2;1282;CT-CO2-0;02938df5-6afb-d44e-582d-0b5eea40f8eb;51:88:0A:9E;0;AVIÁRIO MEIO;758,00;02/12/2025;06:20:11;20;1282-20
CO2;1282;CT-CO2-0;02938df5-6afb-d44e-582d-0b5eea40f8eb;51:88:0A:9E;0;AVIÁRIO MEIO;721,00;02/12/2025;06:25:44;20;1282-20
CO2;1282;CT-CO2-0;02938df5-6afb-d44e-582d-0b5eea40f8eb;51:88:0A:9E;0;AVIÁRIO MEIO;709,00;02/12/2025;06:31:17;20;1282-20
CO2;1282;CT-CO2-0;02938df5-6afb-d44e-582d-0b5eea40f8eb;51:88:0A:9E;0;AVIÁRIO MEIO;701,00;02/12/2025;06:36:19;20;1282-20
CO2;1282;CT-CO2-0;02938df5-6afb-d44e-582d-0b5eea40f8eb;51:88:0A:9E;0;AVIÁRIO MEIO;703,00;02/12/2025;06:42:22;20;1282-20
CO2;1282;CT-CO2-0;02938df5-6afb-d44e-582d-0b5eea40f8eb;51:88:0A:9E;0;AVIÁRIO MEIO;712,00;02/12/2025;06:47:24;20;1282-20
CO2;1282;CT-CO2-0;02938df5-6afb-d44e-582d-0b5eea40f8eb;51:88:0A:9E;0;AVIÁRIO MEIO;709,00;02/12/2025;06:52:26;20;1282-20
CO2;1282;CT-CO2-0;02938df5-6afb-d44e-582d-0b5eea40f8eb;51:88:0A:9E;0;AVIÁRIO MEIO;696,00;02/12/2025;06:58:01;20;1282-20
CO2;1282;CT-CO2-0;02938df5-6afb-d44e-582d-0b5eea40f8eb;51:88:0A:9E;0;AVIÁRIO MEIO;694,00;02/12/2025;07:03:34;20;1282-20
CO2;1282;CT-CO2-0;02938df5-6afb-d44e-582d-0b5eea40f8eb;51:88:0A:9E;0;AVIÁRIO MEIO;697,00;02/12/2025;07:08:37;20;1282-20
CO2;1282;CT-CO2-0;02938df5-6afb-d44e-582d-0b5eea40f8eb;51:88:0A:9E;0;AVIÁRIO MEIO;701,00;02/12/2025;07:14:10;20;1282-20
CO2;1282;CT-CO2-0;02938df5-6afb-d44e-582d-0b5eea40f8eb;51:88:0A:9E;0;AVIÁRIO MEIO;683,00;02/12/2025;07:19:13;20;1282-20
CO2;1282;CT-CO2-0;02938df5-6afb-d44e-582d-0b5eea40f8eb;51:88:0A:9E;0;AVIÁRIO MEIO;685,00;02/12/2025;07:24:45;20;1282-20
CO2;1282;CT-CO2-0;02938df5-6afb-d44e-582d-0b5eea40f8eb;51:88:0A:9E;0;AVIÁRIO MEIO;702,00;02/12/2025;07:30:17;20;1282-20
CO2;1282;CT-CO2-0;02938df5-6afb-d44e-582d-0b5eea40f8eb;51:88:0A:9E;0;AVIÁRIO MEIO;705,00;02/12/2025;07:35:19;20;1282-20
CO2;1282;CT-CO2-0;02938df5-6afb-d44e-582d-0b5eea40f8eb;51:88:0A:9E;0;AVIÁRIO MEIO;686,00;02/12/2025;07:40:55;20;1282-20
CO2;1282;CT-CO2-0;02938df5-6afb-d44e-582d-0b5eea40f8eb;51:88:0A:9E;0;AVIÁRIO MEIO;684,00;02/12/2025;07:46:28;20;1282-20
CO2;1282;CT-CO2-0;02938df5-6afb-d44e-582d-0b5eea40f8eb;51:88:0A:9E;0;AVIÁRIO MEIO;688,00;02/12/2025;07:52:01;20;1282-20
CO2;1282;CT-CO2-0;02938df5-6afb-d44e-582d-0b5eea40f8eb;51:88:0A:9E;0;AVIÁRIO MEIO;694,00;02/12/2025;07:57:04;20;1282-20
CO2;1282;CT-CO2-0;02938df5-6afb-d44e-582d-0b5eea40f8eb;51:88:0A:9E;0;AVIÁRIO MEIO;680,00;02/12/2025;08:02:36;20;1282-20
CO2;1282;CT-CO2-0;02938df5-6afb-d44e-582d-0b5eea40f8eb;51:88:0A:9E;0;AVIÁRIO MEIO;698,00;02/12/2025;08:07:38;20;1282-20
CO2;1282;CT-CO2-0;02938df5-6afb-d44e-582d-0b5eea40f8eb;51:88:0A:9E;0;AVIÁRIO MEIO;678,00;02/12/2025;08:13:09;20;1282-20
CO2;1282;CT-CO2-0;02938df5-6afb-d44e-582d-0b5eea40f8eb;51:88:0A:9E;0;AVIÁRIO MEIO;687,00;02/12/2025;08:18:42;20;1282-20
CO2;1282;CT-CO2-0;02938df5-6afb-d44e-582d-0b5eea40f8eb;51:88:0A:9E;0;AVIÁRIO MEIO;692,00;02/12/2025;08:23:44;20;1282-20
CO2;1282;CT-CO2-0;02938df5-6afb-d44e-582d-0b5eea40f8eb;51:88:0A:9E;0;AVIÁRIO MEIO;675,00;02/12/2025;08:29:17;20;1282-20
CO2;1282;CT-CO2-0;02938df5-6afb-d44e-582d-0b5eea40f8eb;51:88:0A:9E;0;AVIÁRIO MEIO;682,00;02/12/2025;08:34:50;20;1282-20
CO2;1282;CT-CO2-0;02938df5-6afb-d44e-582d-0b5eea40f8eb;51:88:0A:9E;0;AVIÁRIO MEIO;683,00;02/12/2025;08:39:52;20;1282-20
CO2;1282;CT-CO2-0;02938df5-6afb-d44e-582d-0b5eea40f8eb;51:88:0A:9E;0;AVIÁRIO MEIO;703,00;02/12/2025;08:45:23;20;1282-20
CO2;1282;CT-CO2-0;02938df5-6afb-d44e-582d-0b5eea40f8eb;51:88:0A:9E;0;AVIÁRIO MEIO;678,00;02/12/2025;08:50:59;20;1282-20
CO2;1282;CT-CO2-0;02938df5-6afb-d44e-582d-0b5eea40f8eb;51:88:0A:9E;0;AVIÁRIO MEIO;708,00;02/12/2025;08:56:01;20;1282-20
CO2;1282;CT-CO2-0;02938df5-6afb-d44e-582d-0b5eea40f8eb;51:88:0A:9E;0;AVIÁRIO MEIO;719,00;02/12/2025;09:02:05;20;1282-20
CO2;1282;CT-CO2-0;02938df5-6afb-d44e-582d-0b5eea40f8eb;51:88:0A:9E;0;AVIÁRIO MEIO;760,00;02/12/2025;09:06:37;20;1282-20
CO2;1282;CT-CO2-0;02938df5-6afb-d44e-582d-0b5eea40f8eb;51:88:0A:9E;0;AVIÁRIO MEIO;665,00;02/12/2025;09:12:09;20;1282-20
CO2;1282;CT-CO2-0;02938df5-6afb-d44e-582d-0b5eea40f8eb;51:88:0A:9E;0;AVIÁRIO MEIO;666,00;02/12/2025;09:17:41;20;1282-20
CO2;1282;CT-CO2-0;02938df5-6afb-d44e-582d-0b5eea40f8eb;51:88:0A:9E;0;AVIÁRIO MEIO;672,00;02/12/2025;09:22:43;20;1282-20
CO2;1282;CT-CO2-0;02938df5-6afb-d44e-582d-0b5eea40f8eb;51:88:0A:9E;0;AVIÁRIO MEIO;664,00;02/12/2025;09:28:15;20;1282-20
CO2;1282;CT-CO2-0;02938df5-6afb-d44e-582d-0b5eea40f8eb;51:88:0A:9E;0;AVIÁRIO MEIO;675,00;02/12/2025;09:33:48;20;1282-20
CO2;1282;CT-CO2-0;02938df5-6afb-d44e-582d-0b5eea40f8eb;51:88:0A:9E;0;AVIÁRIO MEIO;680,00;02/12/2025;09:38:50;20;1282-20
CO2;1282;CT-CO2-0;02938df5-6afb-d44e-582d-0b5eea40f8eb;51:88:0A:9E;0;AVIÁRIO MEIO;682,00;02/12/2025;09:44:23;20;1282-20
CO2;1282;CT-CO2-0;02938df5-6afb-d44e-582d-0b5eea40f8eb;51:88:0A:9E;0;AVIÁRIO MEIO;669,00;02/12/2025;09:49:55;20;1282-20
CO2;1282;CT-CO2-0;02938df5-6afb-d44e-582d-0b5eea40f8eb;51:88:0A:9E;0;AVIÁRIO MEIO;750,00;02/12/2025;09:54:57;20;1282-20
CO2;1282;CT-CO2-0;02938df5-6afb-d44e-582d-0b5eea40f8eb;51:88:0A:9E;0;AVIÁRIO MEIO;702,00;02/12/2025;10:00:30;20;1282-20
CO2;1282;CT-CO2-0;02938df5-6afb-d44e-582d-0b5eea40f8eb;51:88:0A:9E;0;AVIÁRIO MEIO;711,00;02/12/2025;10:06:02;20;1282-20
CO2;1282;CT-CO2-0;02938df5-6afb-d44e-582d-0b5eea40f8eb;51:88:0A:9E;0;AVIÁRIO MEIO;702,00;02/12/2025;10:11:42;20;1282-20
CO2;1282;CT-CO2-0;02938df5-6afb-d44e-582d-0b5eea40f8eb;51:88:0A:9E;0;AVIÁRIO MEIO;665,00;02/12/2025;10:16:44;20;1282-20
CO2;1282;CT-CO2-0;02938df5-6afb-d44e-582d-0b5eea40f8eb;51:88:0A:9E;0;AVIÁRIO MEIO;694,00;02/12/2025;10:22:16;20;1282-20
CO2;1282;CT-CO2-0;02938df5-6afb-d44e-582d-0b5eea40f8eb;51:88:0A:9E;0;AVIÁRIO MEIO;696,00;02/12/2025;10:27:18;20;1282-20
CO2;1282;CT-CO2-0;02938df5-6afb-d44e-582d-0b5eea40f8eb;51:88:0A:9E;0;AVIÁRIO MEIO;675,00;02/12/2025;10:32:50;20;1282-20
CO2;1282;CT-CO2-0;02938df5-6afb-d44e-582d-0b5eea40f8eb;51:88:0A:9E;0;AVIÁRIO MEIO;670,00;02/12/2025;10:38:22;20;1282-20
CO2;1282;CT-CO2-0;02938df5-6afb-d44e-582d-0b5eea40f8eb;51:88:0A:9E;0;AVIÁRIO MEIO;665,00;02/12/2025;10:43:24;20;1282-20
CO2;1282;CT-CO2-0;02938df5-6afb-d44e-582d-0b5eea40f8eb;51:88:0A:9E;0;AVIÁRIO MEIO;659,00;02/12/2025;10:48:56;20;1282-20
CO2;1282;CT-CO2-0;02938df5-6afb-d44e-582d-0b5eea40f8eb;51:88:0A:9E;0;AVIÁRIO MEIO;681,00;02/12/2025;10:54:31;20;1282-20
CO2;1282;CT-CO2-0;02938df5-6afb-d44e-582d-0b5eea40f8eb;51:88:0A:9E;0;AVIÁRIO MEIO;670,00;02/12/2025;10:59:33;20;1282-20
CO2;1282;CT-CO2-0;02938df5-6afb-d44e-582d-0b5eea40f8eb;51:88:0A:9E;0;AVIÁRIO MEIO;664,00;02/12/2025;11:05:05;20;1282-20
CO2;1282;CT-CO2-0;02938df5-6afb-d44e-582d-0b5eea40f8eb;51:88:0A:9E;0;AVIÁRIO MEIO;665,00;02/12/2025;11:10:08;20;1282-20
CO2;1282;CT-CO2-0;02938df5-6afb-d44e-582d-0b5eea40f8eb;51:88:0A:9E;0;AVIÁRIO MEIO;681,00;02/12/2025;11:15:40;20;1282-20
CO2;1282;CT-CO2-0;02938df5-6afb-d44e-582d-0b5eea40f8eb;51:88:0A:9E;0;AVIÁRIO MEIO;676,00;02/12/2025;11:21:47;20;1282-20
CO2;1282;CT-CO2-0;02938df5-6afb-d44e-582d-0b5eea40f8eb;51:88:0A:9E;0;AVIÁRIO MEIO;674,00;02/12/2025;11:26:19;20;1282-20
CO2;1282;CT-CO2-0;02938df5-6afb-d44e-582d-0b5eea40f8eb;51:88:0A:9E;0;AVIÁRIO MEIO;669,00;02/12/2025;11:31:53;20;1282-20
CO2;1282;CT-CO2-0;02938df5-6afb-d44e-582d-0b5eea40f8eb;51:88:0A:9E;0;AVIÁRIO MEIO;670,00;02/12/2025;11:37:26;20;1282-20
CO2;1282;CT-CO2-0;02938df5-6afb-d44e-582d-0b5eea40f8eb;51:88:0A:9E;0;AVIÁRIO MEIO;685,00;02/12/2025;11:42:28;20;1282-20
CO2;1282;CT-CO2-0;02938df5-6afb-d44e-582d-0b5eea40f8eb;51:88:0A:9E;0;AVIÁRIO MEIO;675,00;02/12/2025;11:48:01;20;1282-20
CO2;1282;CT-CO2-0;02938df5-6afb-d44e-582d-0b5eea40f8eb;51:88:0A:9E;0;AVIÁRIO MEIO;673,00;02/12/2025;11:53:33;20;1282-20
CO2;1282;CT-CO2-0;02938df5-6afb-d44e-582d-0b5eea40f8eb;51:88:0A:9E;0;AVIÁRIO MEIO;665,00;02/12/2025;11:58:35;20;1282-20
CO2;1282;CT-CO2-0;02938df5-6afb-d44e-582d-0b5eea40f8eb;51:88:0A:9E;0;AVIÁRIO MEIO;663,00;02/12/2025;12:04:07;20;1282-20
CO2;1282;CT-CO2-0;02938df5-6afb-d44e-582d-0b5eea40f8eb;51:88:0A:9E;0;AVIÁRIO MEIO;666,00;02/12/2025;12:09:41;20;1282-20
CO2;1282;CT-CO2-0;02938df5-6afb-d44e-582d-0b5eea40f8eb;51:88:0A:9E;0;AVIÁRIO MEIO;679,00;02/12/2025;12:14:43;20;1282-20
CO2;1282;CT-CO2-0;02938df5-6afb-d44e-582d-0b5eea40f8eb;51:88:0A:9E;0;AVIÁRIO MEIO;671,00;02/12/2025;12:20:16;20;1282-20
CO2;1282;CT-CO2-0;02938df5-6afb-d44e-582d-0b5eea40f8eb;51:88:0A:9E;0;AVIÁRIO MEIO;669,00;02/12/2025;12:25:47;20;1282-20
CO2;1282;CT-CO2-0;02938df5-6afb-d44e-582d-0b5eea40f8eb;51:88:0A:9E;0;AVIÁRIO MEIO;660,00;02/12/2025;12:31:25;20;1282-20
CO2;1282;CT-CO2-0;02938df5-6afb-d44e-582d-0b5eea40f8eb;51:88:0A:9E;0;AVIÁRIO MEIO;661,00;02/12/2025;12:36:27;20;1282-20
CO2;1282;CT-CO2-0;02938df5-6afb-d44e-582d-0b5eea40f8eb;51:88:0A:9E;0;AVIÁRIO MEIO;664,00;02/12/2025;12:41:29;20;1282-20
CO2;1282;CT-CO2-0;02938df5-6afb-d44e-582d-0b5eea40f8eb;51:88:0A:9E;0;AVIÁRIO MEIO;659,00;02/12/2025;12:47:01;20;1282-20
CO2;1282;CT-CO2-0;02938df5-6afb-d44e-582d-0b5eea40f8eb;51:88:0A:9E;0;AVIÁRIO MEIO;673,00;02/12/2025;12:52:33;20;1282-20
CO2;1282;CT-CO2-0;02938df5-6afb-d44e-582d-0b5eea40f8eb;51:88:0A:9E;0;AVIÁRIO MEIO;678,00;02/12/2025;12:57:35;20;1282-20
CO2;1282;CT-CO2-0;02938df5-6afb-d44e-582d-0b5eea40f8eb;51:88:0A:9E;0;AVIÁRIO MEIO;655,00;02/12/2025;13:03:07;20;1282-20
CO2;1282;CT-CO2-0;02938df5-6afb-d44e-582d-0b5eea40f8eb;51:88:0A:9E;0;AVIÁRIO MEIO;680,00;02/12/2025;13:08:39;20;1282-20
CO2;1282;CT-CO2-0;02938df5-6afb-d44e-582d-0b5eea40f8eb;51:88:0A:9E;0;AVIÁRIO MEIO;669,00;02/12/2025;13:13:41;20;1282-20
CO2;1282;CT-CO2-0;02938df5-6afb-d44e-582d-0b5eea40f8eb;51:88:0A:9E;0;AVIÁRIO MEIO;660,00;02/12/2025;13:19:13;20;1282-20
CO2;1282;CT-CO2-0;02938df5-6afb-d44e-582d-0b5eea40f8eb;51:88:0A:9E;0;AVIÁRIO MEIO;671,00;02/12/2025;13:24:45;20;1282-20
CO2;1282;CT-CO2-0;02938df5-6afb-d44e-582d-0b5eea40f8eb;51:88:0A:9E;0;AVIÁRIO MEIO;679,00;02/12/2025;13:30:17;20;1282-20
CO2;1282;CT-CO2-0;02938df5-6afb-d44e-582d-0b5eea40f8eb;51:88:0A:9E;0;AVIÁRIO MEIO;666,00;02/12/2025;13:35:22;20;1282-20
CO2;1282;CT-CO2-0;02938df5-6afb-d44e-582d-0b5eea40f8eb;51:88:0A:9E;0;AVIÁRIO MEIO;686,00;02/12/2025;13:41:25;20;1282-20
CO2;1282;CT-CO2-0;02938df5-6afb-d44e-582d-0b5eea40f8eb;51:88:0A:9E;0;AVIÁRIO MEIO;679,00;02/12/2025;13:51:28;20;1282-20
CO2;1282;CT-CO2-0;02938df5-6afb-d44e-582d-0b5eea40f8eb;51:88:0A:9E;0;AVIÁRIO MEIO;671,00;02/12/2025;13:57:00;20;1282-20
CO2;1282;CT-CO2-0;02938df5-6afb-d44e-582d-0b5eea40f8eb;51:88:0A:9E;0;AVIÁRIO MEIO;670,00;02/12/2025;14:02:02;20;1282-20
CO2;1282;CT-CO2-0;02938df5-6afb-d44e-582d-0b5eea40f8eb;51:88:0A:9E;0;AVIÁRIO MEIO;681,00;02/12/2025;14:07:34;20;1282-20
CO2;1282;CT-CO2-0;02938df5-6afb-d44e-582d-0b5eea40f8eb;51:88:0A:9E;0;AVIÁRIO MEIO;667,00;02/12/2025;14:13:06;20;1282-20
CO2;1282;CT-CO2-0;02938df5-6afb-d44e-582d-0b5eea40f8eb;51:88:0A:9E;0;AVIÁRIO MEIO;660,00;02/12/2025;14:18:08;20;1282-20
CO2;1282;CT-CO2-0;02938df5-6afb-d44e-582d-0b5eea40f8eb;51:88:0A:9E;0;AVIÁRIO MEIO;656,00;02/12/2025;14:23:41;20;1282-20
CO2;1282;CT-CO2-0;02938df5-6afb-d44e-582d-0b5eea40f8eb;51:88:0A:9E;0;AVIÁRIO MEIO;668,00;02/12/2025;14:29:14;20;1282-20
CO2;1282;CT-CO2-0;02938df5-6afb-d44e-582d-0b5eea40f8eb;51:88:0A:9E;0;AVIÁRIO MEIO;681,00;02/12/2025;14:34:16;20;1282-20
CO2;1282;CT-CO2-0;02938df5-6afb-d44e-582d-0b5eea40f8eb;51:88:0A:9E;0;AVIÁRIO MEIO;668,00;02/12/2025;14:39:49;20;1282-20
CO2;1282;CT-CO2-0;02938df5-6afb-d44e-582d-0b5eea40f8eb;51:88:0A:9E;0;AVIÁRIO MEIO;657,00;02/12/2025;14:45:20;20;1282-20
CO2;1282;CT-CO2-0;02938df5-6afb-d44e-582d-0b5eea40f8eb;51:88:0A:9E;0;AVIÁRIO MEIO;692,00;02/12/2025;14:55:59;20;1282-20
CO2;1282;CT-CO2-0;02938df5-6afb-d44e-582d-0b5eea40f8eb;51:88:0A:9E;0;AVIÁRIO MEIO;675,00;02/12/2025;15:01:38;20;1282-20
CO2;1282;CT-CO2-0;02938df5-6afb-d44e-582d-0b5eea40f8eb;51:88:0A:9E;0;AVIÁRIO MEIO;675,00;02/12/2025;15:06:40;20;1282-20
CO2;1282;CT-CO2-0;02938df5-6afb-d44e-582d-0b5eea40f8eb;51:88:0A:9E;0;AVIÁRIO MEIO;688,00;02/12/2025;15:12:12;20;1282-20
CO2;1282;CT-CO2-0;02938df5-6afb-d44e-582d-0b5eea40f8eb;51:88:0A:9E;0;AVIÁRIO MEIO;683,00;02/12/2025;15:17:15;20;1282-20
CO2;1282;CT-CO2-0;02938df5-6afb-d44e-582d-0b5eea40f8eb;51:88:0A:9E;0;AVIÁRIO MEIO;689,00;02/12/2025;15:22:47;20;1282-20
CO2;1282;CT-CO2-0;02938df5-6afb-d44e-582d-0b5eea40f8eb;51:88:0A:9E;0;AVIÁRIO MEIO;696,00;02/12/2025;15:28:19;20;1282-20
CO2;1282;CT-CO2-0;02938df5-6afb-d44e-582d-0b5eea40f8eb;51:88:0A:9E;0;AVIÁRIO MEIO;689,00;02/12/2025;15:33:21;20;1282-20
CO2;1282;CT-CO2-0;02938df5-6afb-d44e-582d-0b5eea40f8eb;51:88:0A:9E;0;AVIÁRIO MEIO;707,00;02/12/2025;15:38:53;20;1282-20
CO2;1282;CT-CO2-0;02938df5-6afb-d44e-582d-0b5eea40f8eb;51:88:0A:9E;0;AVIÁRIO MEIO;685,00;02/12/2025;15:44:25;20;1282-20
CO2;1282;CT-CO2-0;02938df5-6afb-d44e-582d-0b5eea40f8eb;51:88:0A:9E;0;AVIÁRIO MEIO;692,00;02/12/2025;15:49:28;20;1282-20
CO2;1282;CT-CO2-0;02938df5-6afb-d44e-582d-0b5eea40f8eb;51:88:0A:9E;0;AVIÁRIO MEIO;679,00;02/12/2025;15:55:00;20;1282-20
CO2;1282;CT-CO2-0;02938df5-6afb-d44e-582d-0b5eea40f8eb;51:88:0A:9E;0;AVIÁRIO MEIO;693,00;02/12/2025;16:05:36;20;1282-20
CO2;1282;CT-CO2-0;02938df5-6afb-d44e-582d-0b5eea40f8eb;51:88:0A:9E;0;AVIÁRIO MEIO;693,00;02/12/2025;16:11:09;20;1282-20
CO2;1282;CT-CO2-0;02938df5-6afb-d44e-582d-0b5eea40f8eb;51:88:0A:9E;0;AVIÁRIO MEIO;688,00;02/12/2025;16:16:40;20;1282-20
CO2;1282;CT-CO2-0;02938df5-6afb-d44e-582d-0b5eea40f8eb;51:88:0A:9E;0;AVIÁRIO MEIO;702,00;02/12/2025;16:21:42;20;1282-20
CO2;1282;CT-CO2-0;02938df5-6afb-d44e-582d-0b5eea40f8eb;51:88:0A:9E;0;AVIÁRIO MEIO;701,00;02/12/2025;16:27:14;20;1282-20
CO2;1282;CT-CO2-0;02938df5-6afb-d44e-582d-0b5eea40f8eb;51:88:0A:9E;0;AVIÁRIO MEIO;682,00;02/12/2025;16:32:48;20;1282-20
CO2;1282;CT-CO2-0;02938df5-6afb-d44e-582d-0b5eea40f8eb;51:88:0A:9E;0;AVIÁRIO MEIO;689,00;02/12/2025;16:37:50;20;1282-20
CO2;1282;CT-CO2-0;02938df5-6afb-d44e-582d-0b5eea40f8eb;51:88:0A:9E;0;AVIÁRIO MEIO;696,00;02/12/2025;16:43:22;20;1282-20
CO2;1282;CT-CO2-0;02938df5-6afb-d44e-582d-0b5eea40f8eb;51:88:0A:9E;0;AVIÁRIO MEIO;692,00;02/12/2025;16:48:54;20;1282-20
CO2;1282;CT-CO2-0;02938df5-6afb-d44e-582d-0b5eea40f8eb;51:88:0A:9E;0;AVIÁRIO MEIO;691,00;02/12/2025;16:53:56;20;1282-20
CO2;1282;CT-CO2-0;02938df5-6afb-d44e-582d-0b5eea40f8eb;51:88:0A:9E;0;AVIÁRIO MEIO;715,00;02/12/2025;16:59:28;20;1282-20
CO2;1282;CT-CO2-0;02938df5-6afb-d44e-582d-0b5eea40f8eb;51:88:0A:9E;0;AVIÁRIO MEIO;707,00;02/12/2025;17:05:02;20;1282-20
CO2;1282;CT-CO2-0;02938df5-6afb-d44e-582d-0b5eea40f8eb;51:88:0A:9E;0;AVIÁRIO MEIO;696,00;02/12/2025;17:10:36;20;1282-20
CO2;1282;CT-CO2-0;02938df5-6afb-d44e-582d-0b5eea40f8eb;51:88:0A:9E;0;AVIÁRIO MEIO;677,00;02/12/2025;17:15:37;20;1282-20
CO2;1282;CT-CO2-0;02938df5-6afb-d44e-582d-0b5eea40f8eb;51:88:0A:9E;0;AVIÁRIO MEIO;682,00;02/12/2025;17:21:09;20;1282-20
CO2;1282;CT-CO2-0;02938df5-6afb-d44e-582d-0b5eea40f8eb;51:88:0A:9E;0;AVIÁRIO MEIO;685,00;02/12/2025;17:26:11;20;1282-20
CO2;1282;CT-CO2-0;02938df5-6afb-d44e-582d-0b5eea40f8eb;51:88:0A:9E;0;AVIÁRIO MEIO;700,00;02/12/2025;17:31:43;20;1282-20
CO2;1282;CT-CO2-0;02938df5-6afb-d44e-582d-0b5eea40f8eb;51:88:0A:9E;0;AVIÁRIO MEIO;699,00;02/12/2025;17:37:15;20;1282-20
CO2;1282;CT-CO2-0;02938df5-6afb-d44e-582d-0b5eea40f8eb;51:88:0A:9E;0;AVIÁRIO MEIO;697,00;02/12/2025;17:42:17;20;1282-20
CO2;1282;CT-CO2-0;02938df5-6afb-d44e-582d-0b5eea40f8eb;51:88:0A:9E;0;AVIÁRIO MEIO;702,00;02/12/2025;17:47:49;20;1282-20
CO2;1282;CT-CO2-0;02938df5-6afb-d44e-582d-0b5eea40f8eb;51:88:0A:9E;0;AVIÁRIO MEIO;713,00;02/12/2025;17:53:22;20;1282-20
CO2;1282;CT-CO2-0;02938df5-6afb-d44e-582d-0b5eea40f8eb;51:88:0A:9E;0;AVIÁRIO MEIO;717,00;02/12/2025;17:58:25;20;1282-20
CO2;1282;CT-CO2-0;02938df5-6afb-d44e-582d-0b5eea40f8eb;51:88:0A:9E;0;AVIÁRIO MEIO;721,00;02/12/2025;18:03:57;20;1282-20
CO2;1282;CT-CO2-0;02938df5-6afb-d44e-582d-0b5eea40f8eb;51:88:0A:9E;0;AVIÁRIO MEIO;703,00;02/12/2025;18:09:29;20;1282-20
CO2;1282;CT-CO2-0;02938df5-6afb-d44e-582d-0b5eea40f8eb;51:88:0A:9E;0;AVIÁRIO MEIO;698,00;02/12/2025;18:14:32;20;1282-20
CO2;1282;CT-CO2-0;02938df5-6afb-d44e-582d-0b5eea40f8eb;51:88:0A:9E;0;AVIÁRIO MEIO;710,00;02/12/2025;18:20:36;20;1282-20
CO2;1282;CT-CO2-0;02938df5-6afb-d44e-582d-0b5eea40f8eb;51:88:0A:9E;0;AVIÁRIO MEIO;711,00;02/12/2025;18:25:08;20;1282-20
CO2;1282;CT-CO2-0;02938df5-6afb-d44e-582d-0b5eea40f8eb;51:88:0A:9E;0;AVIÁRIO MEIO;715,00;02/12/2025;18:30:41;20;1282-20
CO2;1282;CT-CO2-0;02938df5-6afb-d44e-582d-0b5eea40f8eb;51:88:0A:9E;0;AVIÁRIO MEIO;711,00;02/12/2025;18:36:15;20;1282-20
CO2;1282;CT-CO2-0;02938df5-6afb-d44e-582d-0b5eea40f8eb;51:88:0A:9E;0;AVIÁRIO MEIO;730,00;02/12/2025;18:41:17;20;1282-20
CO2;1282;CT-CO2-0;02938df5-6afb-d44e-582d-0b5eea40f8eb;51:88:0A:9E;0;AVIÁRIO MEIO;707,00;02/12/2025;18:46:49;20;1282-20
CO2;1282;CT-CO2-0;02938df5-6afb-d44e-582d-0b5eea40f8eb;51:88:0A:9E;0;AVIÁRIO MEIO;704,00;02/12/2025;18:52:21;20;1282-20
CO2;1282;CT-CO2-0;02938df5-6afb-d44e-582d-0b5eea40f8eb;51:88:0A:9E;0;AVIÁRIO MEIO;710,00;02/12/2025;18:57:22;20;1282-20
CO2;1282;CT-CO2-0;02938df5-6afb-d44e-582d-0b5eea40f8eb;51:88:0A:9E;0;AVIÁRIO MEIO;720,00;02/12/2025;19:02:54;20;1282-20
CO2;1282;CT-CO2-0;02938df5-6afb-d44e-582d-0b5eea40f8eb;51:88:0A:9E;0;AVIÁRIO MEIO;716,00;02/12/2025;19:08:28;20;1282-20
CO2;1282;CT-CO2-0;02938df5-6afb-d44e-582d-0b5eea40f8eb;51:88:0A:9E;0;AVIÁRIO MEIO;721,00;02/12/2025;19:13:31;20;1282-20
CO2;1282;CT-CO2-0;02938df5-6afb-d44e-582d-0b5eea40f8eb;51:88:0A:9E;0;AVIÁRIO MEIO;734,00;02/12/2025;19:19:03;20;1282-20
CO2;1282;CT-CO2-0;02938df5-6afb-d44e-582d-0b5eea40f8eb;51:88:0A:9E;0;AVIÁRIO MEIO;728,00;02/12/2025;19:24:35;20;1282-20
CO2;1282;CT-CO2-0;02938df5-6afb-d44e-582d-0b5eea40f8eb;51:88:0A:9E;0;AVIÁRIO MEIO;736,00;02/12/2025;19:30:10;20;1282-20
CO2;1282;CT-CO2-0;02938df5-6afb-d44e-582d-0b5eea40f8eb;51:88:0A:9E;0;AVIÁRIO MEIO;726,00;02/12/2025;19:35:11;20;1282-20
CO2;1282;CT-CO2-0;02938df5-6afb-d44e-582d-0b5eea40f8eb;51:88:0A:9E;0;AVIÁRIO MEIO;721,00;02/12/2025;19:40:44;20;1282-20
CO2;1282;CT-CO2-0;02938df5-6afb-d44e-582d-0b5eea40f8eb;51:88:0A:9E;0;AVIÁRIO MEIO;721,00;02/12/2025;19:45:46;20;1282-20
CO2;1282;CT-CO2-0;02938df5-6afb-d44e-582d-0b5eea40f8eb;51:88:0A:9E;0;AVIÁRIO MEIO;729,00;02/12/2025;19:51:25;20;1282-20
CO2;1282;CT-CO2-0;02938df5-6afb-d44e-582d-0b5eea40f8eb;51:88:0A:9E;0;AVIÁRIO MEIO;730,00;02/12/2025;19:56:56;20;1282-20
CO2;1282;CT-CO2-0;02938df5-6afb-d44e-582d-0b5eea40f8eb;51:88:0A:9E;0;AVIÁRIO MEIO;737,00;02/12/2025;20:02:00;20;1282-20
CO2;1282;CT-CO2-0;02938df5-6afb-d44e-582d-0b5eea40f8eb;51:88:0A:9E;0;AVIÁRIO MEIO;739,00;02/12/2025;20:07:31;20;1282-20
CO2;1282;CT-CO2-0;02938df5-6afb-d44e-582d-0b5eea40f8eb;51:88:0A:9E;0;AVIÁRIO MEIO;732,00;02/12/2025;20:12:35;20;1282-20
CO2;1282;CT-CO2-0;02938df5-6afb-d44e-582d-0b5eea40f8eb;51:88:0A:9E;0;AVIÁRIO MEIO;741,00;02/12/2025;20:18:07;20;1282-20
CO2;1282;CT-CO2-0;02938df5-6afb-d44e-582d-0b5eea40f8eb;51:88:0A:9E;0;AVIÁRIO MEIO;728,00;02/12/2025;20:24:11;20;1282-20
CO2;1282;CT-CO2-0;02938df5-6afb-d44e-582d-0b5eea40f8eb;51:88:0A:9E;0;AVIÁRIO MEIO;745,00;02/12/2025;20:28:44;20;1282-20
CO2;1282;CT-CO2-0;02938df5-6afb-d44e-582d-0b5eea40f8eb;51:88:0A:9E;0;AVIÁRIO MEIO;734,00;02/12/2025;20:34:16;20;1282-20
CO2;1282;CT-CO2-0;02938df5-6afb-d44e-582d-0b5eea40f8eb;51:88:0A:9E;0;AVIÁRIO MEIO;729,00;02/12/2025;20:39:57;20;1282-20
CO2;1282;CT-CO2-0;02938df5-6afb-d44e-582d-0b5eea40f8eb;51:88:0A:9E;0;AVIÁRIO MEIO;711,00;02/12/2025;20:44:59;20;1282-20
CO2;1282;CT-CO2-0;02938df5-6afb-d44e-582d-0b5eea40f8eb;51:88:0A:9E;0;AVIÁRIO MEIO;725,00;02/12/2025;20:50:35;20;1282-20
CO2;1282;CT-CO2-0;02938df5-6afb-d44e-582d-0b5eea40f8eb;51:88:0A:9E;0;AVIÁRIO MEIO;749,00;02/12/2025;20:55:38;20;1282-20
CO2;1282;CT-CO2-0;02938df5-6afb-d44e-582d-0b5eea40f8eb;51:88:0A:9E;0;AVIÁRIO MEIO;753,00;02/12/2025;21:01:40;20;1282-20
CO2;1282;CT-CO2-0;02938df5-6afb-d44e-582d-0b5eea40f8eb;51:88:0A:9E;0;AVIÁRIO MEIO;760,00;02/12/2025;21:06:45;20;1282-20
CO2;1282;CT-CO2-0;02938df5-6afb-d44e-582d-0b5eea40f8eb;51:88:0A:9E;0;AVIÁRIO MEIO;752,00;02/12/2025;21:12:24;20;1282-20
CO2;1282;CT-CO2-0;02938df5-6afb-d44e-582d-0b5eea40f8eb;51:88:0A:9E;0;AVIÁRIO MEIO;752,00;02/12/2025;21:17:30;20;1282-20
CO2;1282;CT-CO2-0;02938df5-6afb-d44e-582d-0b5eea40f8eb;51:88:0A:9E;0;AVIÁRIO MEIO;738,00;02/12/2025;21:23:09;20;1282-20
CO2;1282;CT-CO2-0;02938df5-6afb-d44e-582d-0b5eea40f8eb;51:88:0A:9E;0;AVIÁRIO MEIO;782,00;02/12/2025;21:28:12;20;1282-20
CO2;1282;CT-CO2-0;02938df5-6afb-d44e-582d-0b5eea40f8eb;51:88:0A:9E;0;AVIÁRIO MEIO;749,00;02/12/2025;21:34:17;20;1282-20
CO2;1282;CT-CO2-0;02938df5-6afb-d44e-582d-0b5eea40f8eb;51:88:0A:9E;0;AVIÁRIO MEIO;719,00;02/12/2025;21:39:24;20;1282-20
CO2;1282;CT-CO2-0;02938df5-6afb-d44e-582d-0b5eea40f8eb;51:88:0A:9E;0;AVIÁRIO MEIO;751,00;02/12/2025;21:44:31;20;1282-20
CO2;1282;CT-CO2-0;02938df5-6afb-d44e-582d-0b5eea40f8eb;51:88:0A:9E;0;AVIÁRIO MEIO;752,00;02/12/2025;21:50:04;20;1282-20
CO2;1282;CT-CO2-0;02938df5-6afb-d44e-582d-0b5eea40f8eb;51:88:0A:9E;0;AVIÁRIO MEIO;773,00;02/12/2025;21:55:07;20;1282-20
CO2;1282;CT-CO2-0;02938df5-6afb-d44e-582d-0b5eea40f8eb;51:88:0A:9E;0;AVIÁRIO MEIO;769,00;02/12/2025;22:00:39;20;1282-20
CO2;1282;CT-CO2-0;02938df5-6afb-d44e-582d-0b5eea40f8eb;51:88:0A:9E;0;AVIÁRIO MEIO;725,00;02/12/2025;22:06:11;20;1282-20
CO2;1282;CT-CO2-0;02938df5-6afb-d44e-582d-0b5eea40f8eb;51:88:0A:9E;0;AVIÁRIO MEIO;742,00;02/12/2025;22:11:14;20;1282-20
CO2;1282;CT-CO2-0;02938df5-6afb-d44e-582d-0b5eea40f8eb;51:88:0A:9E;0;AVIÁRIO MEIO;762,00;02/12/2025;22:16:47;20;1282-20
CO2;1282;CT-CO2-0;02938df5-6afb-d44e-582d-0b5eea40f8eb;51:88:0A:9E;0;AVIÁRIO MEIO;773,00;02/12/2025;22:22:20;20;1282-20
CO2;1282;CT-CO2-0;02938df5-6afb-d44e-582d-0b5eea40f8eb;51:88:0A:9E;0;AVIÁRIO MEIO;806,00;02/12/2025;22:27:22;20;1282-20
CO2;1282;CT-CO2-0;02938df5-6afb-d44e-582d-0b5eea40f8eb;51:88:0A:9E;0;AVIÁRIO MEIO;769,00;02/12/2025;22:32:54;20;1282-20
CO2;1282;CT-CO2-0;02938df5-6afb-d44e-582d-0b5eea40f8eb;51:88:0A:9E;0;AVIÁRIO MEIO;755,00;02/12/2025;22:38:25;20;1282-20
CO2;1282;CT-CO2-0;02938df5-6afb-d44e-582d-0b5eea40f8eb;51:88:0A:9E;0;AVIÁRIO MEIO;765,00;02/12/2025;22:43:58;20;1282-20
CO2;1282;CT-CO2-0;02938df5-6afb-d44e-582d-0b5eea40f8eb;51:88:0A:9E;0;AVIÁRIO MEIO;778,00;02/12/2025;22:49:01;20;1282-20
CO2;1282;CT-CO2-0;02938df5-6afb-d44e-582d-0b5eea40f8eb;51:88:0A:9E;0;AVIÁRIO MEIO;800,00;02/12/2025;22:54:33;20;1282-20
CO2;1282;CT-CO2-0;02938df5-6afb-d44e-582d-0b5eea40f8eb;51:88:0A:9E;0;AVIÁRIO MEIO;746,00;02/12/2025;22:59:35;20;1282-20
CO2;1282;CT-CO2-0;02938df5-6afb-d44e-582d-0b5eea40f8eb;51:88:0A:9E;0;AVIÁRIO MEIO;711,00;02/12/2025;23:05:07;20;1282-20
CO2;1282;CT-CO2-0;02938df5-6afb-d44e-582d-0b5eea40f8eb;51:88:0A:9E;0;AVIÁRIO MEIO;803,00;02/12/2025;23:10:39;20;1282-20
CO2;1282;CT-CO2-0;02938df5-6afb-d44e-582d-0b5eea40f8eb;51:88:0A:9E;0;AVIÁRIO MEIO;786,00;02/12/2025;23:15:41;20;1282-20
CO2;1282;CT-CO2-0;02938df5-6afb-d44e-582d-0b5eea40f8eb;51:88:0A:9E;0;AVIÁRIO MEIO;755,00;02/12/2025;23:21:14;20;1282-20
CO2;1282;CT-CO2-0;02938df5-6afb-d44e-582d-0b5eea40f8eb;51:88:0A:9E;0;AVIÁRIO MEIO;796,00;02/12/2025;23:26:46;20;1282-20
CO2;1282;CT-CO2-0;02938df5-6afb-d44e-582d-0b5eea40f8eb;51:88:0A:9E;0;AVIÁRIO MEIO;820,00;02/12/2025;23:31:47;20;1282-20
CO2;1282;CT-CO2-0;02938df5-6afb-d44e-582d-0b5eea40f8eb;51:88:0A:9E;0;AVIÁRIO MEIO;822,00;02/12/2025;23:37:19;20;1282-20
CO2;1282;CT-CO2-0;02938df5-6afb-d44e-582d-0b5eea40f8eb;51:88:0A:9E;0;AVIÁRIO MEIO;805,00;02/12/2025;23:42:51;20;1282-20
CO2;1282;CT-CO2-0;02938df5-6afb-d44e-582d-0b5eea40f8eb;51:88:0A:9E;0;AVIÁRIO MEIO;790,00;02/12/2025;23:47:53;20;1282-20
CO2;1282;CT-CO2-0;02938df5-6afb-d44e-582d-0b5eea40f8eb;51:88:0A:9E;0;AVIÁRIO MEIO;823,00;02/12/2025;23:53:57;20;1282-20
CO2;1282;CT-CO2-0;02938df5-6afb-d44e-582d-0b5eea40f8eb;51:88:0A:9E;0;AVIÁRIO MEIO;761,00;02/12/2025;23:58:59;20;1282-20
CO2;1282;CT-CO2-0;02938df5-6afb-d44e-582d-0b5eea40f8eb;51:88:0A:9E;0;AVIÁRIO MEIO;780,00;03/12/2025;00:04:01;20;1282-20
CO2;1282;CT-CO2-0;02938df5-6afb-d44e-582d-0b5eea40f8eb;51:88:0A:9E;0;AVIÁRIO MEIO;794,00;03/12/2025;00:09:36;20;1282-20
CO2;1282;CT-CO2-0;02938df5-6afb-d44e-582d-0b5eea40f8eb;51:88:0A:9E;0;AVIÁRIO MEIO;729,00;03/12/2025;00:15:09;20;1282-20
CO2;1282;CT-CO2-0;02938df5-6afb-d44e-582d-0b5eea40f8eb;51:88:0A:9E;0;AVIÁRIO MEIO;713,00;03/12/2025;00:20:12;20;1282-20
CO2;1282;CT-CO2-0;02938df5-6afb-d44e-582d-0b5eea40f8eb;51:88:0A:9E;0;AVIÁRIO MEIO;742,00;03/12/2025;00:25:43;20;1282-20
CO2;1282;CT-CO2-0;02938df5-6afb-d44e-582d-0b5eea40f8eb;51:88:0A:9E;0;AVIÁRIO MEIO;759,00;03/12/2025;00:31:15;20;1282-20
CO2;1282;CT-CO2-0;02938df5-6afb-d44e-582d-0b5eea40f8eb;51:88:0A:9E;0;AVIÁRIO MEIO;759,00;03/12/2025;00:36:17;20;1282-20
CO2;1282;CT-CO2-0;02938df5-6afb-d44e-582d-0b5eea40f8eb;51:88:0A:9E;0;AVIÁRIO MEIO;765,00;03/12/2025;00:41:49;20;1282-20
CO2;1282;CT-CO2-0;02938df5-6afb-d44e-582d-0b5eea40f8eb;51:88:0A:9E;0;AVIÁRIO MEIO;744,00;03/12/2025;00:47:21;20;1282-20
CO2;1282;CT-CO2-0;02938df5-6afb-d44e-582d-0b5eea40f8eb;51:88:0A:9E;0;AVIÁRIO MEIO;784,00;03/12/2025;00:52:22;20;1282-20
CO2;1282;CT-CO2-0;02938df5-6afb-d44e-582d-0b5eea40f8eb;51:88:0A:9E;0;AVIÁRIO MEIO;734,00;03/12/2025;00:57:54;20;1282-20
CO2;1282;CT-CO2-0;02938df5-6afb-d44e-582d-0b5eea40f8eb;51:88:0A:9E;0;AVIÁRIO MEIO;737,00;03/12/2025;01:03:58;20;1282-20
CO2;1282;CT-CO2-0;02938df5-6afb-d44e-582d-0b5eea40f8eb;51:88:0A:9E;0;AVIÁRIO MEIO;726,00;03/12/2025;01:08:30;20;1282-20
CO2;1282;CT-CO2-0;02938df5-6afb-d44e-582d-0b5eea40f8eb;51:88:0A:9E;0;AVIÁRIO MEIO;710,00;03/12/2025;01:14:01;20;1282-20
CO2;1282;CT-CO2-0;02938df5-6afb-d44e-582d-0b5eea40f8eb;51:88:0A:9E;0;AVIÁRIO MEIO;746,00;03/12/2025;01:19:33;20;1282-20
CO2;1282;CT-CO2-0;02938df5-6afb-d44e-582d-0b5eea40f8eb;51:88:0A:9E;0;AVIÁRIO MEIO;750,00;03/12/2025;01:24:35;20;1282-20
CO2;1282;CT-CO2-0;02938df5-6afb-d44e-582d-0b5eea40f8eb;51:88:0A:9E;0;AVIÁRIO MEIO;749,00;03/12/2025;01:30:08;20;1282-20
CO2;1282;CT-CO2-0;02938df5-6afb-d44e-582d-0b5eea40f8eb;51:88:0A:9E;0;AVIÁRIO MEIO;749,00;03/12/2025;01:35:41;20;1282-20
CO2;1282;CT-CO2-0;02938df5-6afb-d44e-582d-0b5eea40f8eb;51:88:0A:9E;0;AVIÁRIO MEIO;746,00;03/12/2025;01:40:42;20;1282-20
CO2;1282;CT-CO2-0;02938df5-6afb-d44e-582d-0b5eea40f8eb;51:88:0A:9E;0;AVIÁRIO MEIO;748,00;03/12/2025;01:46:17;20;1282-20
CO2;1282;CT-CO2-0;02938df5-6afb-d44e-582d-0b5eea40f8eb;51:88:0A:9E;0;AVIÁRIO MEIO;753,00;03/12/2025;01:51:49;20;1282-20
CO2;1282;CT-CO2-0;02938df5-6afb-d44e-582d-0b5eea40f8eb;51:88:0A:9E;0;AVIÁRIO MEIO;758,00;03/12/2025;01:56:51;20;1282-20
CO2;1282;CT-CO2-0;02938df5-6afb-d44e-582d-0b5eea40f8eb;51:88:0A:9E;0;AVIÁRIO MEIO;753,00;03/12/2025;02:02:23;20;1282-20
CO2;1282;CT-CO2-0;02938df5-6afb-d44e-582d-0b5eea40f8eb;51:88:0A:9E;0;AVIÁRIO MEIO;720,00;03/12/2025;02:07:54;20;1282-20
CO2;1282;CT-CO2-0;02938df5-6afb-d44e-582d-0b5eea40f8eb;51:88:0A:9E;0;AVIÁRIO MEIO;730,00;03/12/2025;02:13:30;20;1282-20
CO2;1282;CT-CO2-0;02938df5-6afb-d44e-582d-0b5eea40f8eb;51:88:0A:9E;0;AVIÁRIO MEIO;737,00;03/12/2025;02:18:32;20;1282-20
CO2;1282;CT-CO2-0;02938df5-6afb-d44e-582d-0b5eea40f8eb;51:88:0A:9E;0;AVIÁRIO MEIO;720,00;03/12/2025;02:23:35;20;1282-20
CO2;1282;CT-CO2-0;02938df5-6afb-d44e-582d-0b5eea40f8eb;51:88:0A:9E;0;AVIÁRIO MEIO;727,00;03/12/2025;02:29:07;20;1282-20
CO2;1282;CT-CO2-0;02938df5-6afb-d44e-582d-0b5eea40f8eb;51:88:0A:9E;0;AVIÁRIO MEIO;724,00;03/12/2025;02:34:39;20;1282-20
CO2;1282;CT-CO2-0;02938df5-6afb-d44e-582d-0b5eea40f8eb;51:88:0A:9E;0;AVIÁRIO MEIO;738,00;03/12/2025;02:39:41;20;1282-20
CO2;1282;CT-CO2-0;02938df5-6afb-d44e-582d-0b5eea40f8eb;51:88:0A:9E;0;AVIÁRIO MEIO;715,00;03/12/2025;02:45:14;20;1282-20
CO2;1282;CT-CO2-0;02938df5-6afb-d44e-582d-0b5eea40f8eb;51:88:0A:9E;0;AVIÁRIO MEIO;720,00;03/12/2025;02:50:46;20;1282-20
CO2;1282;CT-CO2-0;02938df5-6afb-d44e-582d-0b5eea40f8eb;51:88:0A:9E;0;AVIÁRIO MEIO;712,00;03/12/2025;02:55:48;20;1282-20
CO2;1282;CT-CO2-0;02938df5-6afb-d44e-582d-0b5eea40f8eb;51:88:0A:9E;0;AVIÁRIO MEIO;676,00;03/12/2025;03:01:20;20;1282-20
CO2;1282;CT-CO2-0;02938df5-6afb-d44e-582d-0b5eea40f8eb;51:88:0A:9E;0;AVIÁRIO MEIO;694,00;03/12/2025;03:06:51;20;1282-20
CO2;1282;CT-CO2-0;02938df5-6afb-d44e-582d-0b5eea40f8eb;51:88:0A:9E;0;AVIÁRIO MEIO;699,00;03/12/2025;03:12:23;20;1282-20
CO2;1282;CT-CO2-0;02938df5-6afb-d44e-582d-0b5eea40f8eb;51:88:0A:9E;0;AVIÁRIO MEIO;754,00;03/12/2025;03:17:25;20;1282-20
CO2;1282;CT-CO2-0;02938df5-6afb-d44e-582d-0b5eea40f8eb;51:88:0A:9E;0;AVIÁRIO MEIO;714,00;03/12/2025;03:23:30;20;1282-20
CO2;1282;CT-CO2-0;02938df5-6afb-d44e-582d-0b5eea40f8eb;51:88:0A:9E;0;AVIÁRIO MEIO;704,00;03/12/2025;03:28:03;20;1282-20
CO2;1282;CT-CO2-0;02938df5-6afb-d44e-582d-0b5eea40f8eb;51:88:0A:9E;0;AVIÁRIO MEIO;702,00;03/12/2025;03:33:36;20;1282-20
CO2;1282;CT-CO2-0;02938df5-6afb-d44e-582d-0b5eea40f8eb;51:88:0A:9E;0;AVIÁRIO MEIO;712,00;03/12/2025;03:39:10;20;1282-20
CO2;1282;CT-CO2-0;02938df5-6afb-d44e-582d-0b5eea40f8eb;51:88:0A:9E;0;AVIÁRIO MEIO;731,00;03/12/2025;03:44:13;20;1282-20
CO2;1282;CT-CO2-0;02938df5-6afb-d44e-582d-0b5eea40f8eb;51:88:0A:9E;0;AVIÁRIO MEIO;773,00;03/12/2025;03:49:45;20;1282-20
CO2;1282;CT-CO2-0;02938df5-6afb-d44e-582d-0b5eea40f8eb;51:88:0A:9E;0;AVIÁRIO MEIO;783,00;03/12/2025;03:55:17;20;1282-20
CO2;1282;CT-CO2-0;02938df5-6afb-d44e-582d-0b5eea40f8eb;51:88:0A:9E;0;AVIÁRIO MEIO;766,00;03/12/2025;04:00:20;20;1282-20
CO2;1282;CT-CO2-0;02938df5-6afb-d44e-582d-0b5eea40f8eb;51:88:0A:9E;0;AVIÁRIO MEIO;759,00;03/12/2025;04:11:25;20;1282-20
CO2;1282;CT-CO2-0;02938df5-6afb-d44e-582d-0b5eea40f8eb;51:88:0A:9E;0;AVIÁRIO MEIO;776,00;03/12/2025;04:16:28;20;1282-20
CO2;1282;CT-CO2-0;02938df5-6afb-d44e-582d-0b5eea40f8eb;51:88:0A:9E;0;AVIÁRIO MEIO;800,00;03/12/2025;04:22:01;20;1282-20
CO2;1282;CT-CO2-0;02938df5-6afb-d44e-582d-0b5eea40f8eb;51:88:0A:9E;0;AVIÁRIO MEIO;782,00;03/12/2025;04:27:03;20;1282-20
CO2;1282;CT-CO2-0;02938df5-6afb-d44e-582d-0b5eea40f8eb;51:88:0A:9E;0;AVIÁRIO MEIO;756,00;03/12/2025;04:33:08;20;1282-20
CO2;1282;CT-CO2-0;02938df5-6afb-d44e-582d-0b5eea40f8eb;51:88:0A:9E;0;AVIÁRIO MEIO;763,00;03/12/2025;04:38:09;20;1282-20
CO2;1282;CT-CO2-0;02938df5-6afb-d44e-582d-0b5eea40f8eb;51:88:0A:9E;0;AVIÁRIO MEIO;761,00;03/12/2025;04:43:11;20;1282-20
CO2;1282;CT-CO2-0;02938df5-6afb-d44e-582d-0b5eea40f8eb;51:88:0A:9E;0;AVIÁRIO MEIO;726,00;03/12/2025;04:48:43;20;1282-20
CO2;1282;CT-CO2-0;02938df5-6afb-d44e-582d-0b5eea40f8eb;51:88:0A:9E;0;AVIÁRIO MEIO;729,00;03/12/2025;04:54:15;20;1282-20
CO2;1282;CT-CO2-0;02938df5-6afb-d44e-582d-0b5eea40f8eb;51:88:0A:9E;0;AVIÁRIO MEIO;741,00;03/12/2025;04:59:17;20;1282-20
CO2;1282;CT-CO2-0;02938df5-6afb-d44e-582d-0b5eea40f8eb;51:88:0A:9E;0;AVIÁRIO MEIO;723,00;03/12/2025;05:04:49;20;1282-20
CO2;1282;CT-CO2-0;02938df5-6afb-d44e-582d-0b5eea40f8eb;51:88:0A:9E;0;AVIÁRIO MEIO;744,00;03/12/2025;05:10:21;20;1282-20
CO2;1282;CT-CO2-0;02938df5-6afb-d44e-582d-0b5eea40f8eb;51:88:0A:9E;0;AVIÁRIO MEIO;737,00;03/12/2025;05:15:23;20;1282-20
CO2;1282;CT-CO2-0;02938df5-6afb-d44e-582d-0b5eea40f8eb;51:88:0A:9E;0;AVIÁRIO MEIO;760,00;03/12/2025;05:26:27;20;1282-20
CO2;1282;CT-CO2-0;02938df5-6afb-d44e-582d-0b5eea40f8eb;51:88:0A:9E;0;AVIÁRIO MEIO;767,00;03/12/2025;05:31:29;20;1282-20
CO2;1282;CT-CO2-0;02938df5-6afb-d44e-582d-0b5eea40f8eb;51:88:0A:9E;0;AVIÁRIO MEIO;748,00;03/12/2025;05:37:01;20;1282-20
CO2;1282;CT-CO2-0;02938df5-6afb-d44e-582d-0b5eea40f8eb;51:88:0A:9E;0;AVIÁRIO MEIO;744,00;03/12/2025;05:43:06;20;1282-20
CO2;1282;CT-CO2-0;02938df5-6afb-d44e-582d-0b5eea40f8eb;51:88:0A:9E;0;AVIÁRIO MEIO;746,00;03/12/2025;05:47:38;20;1282-20
CO2;1282;CT-CO2-0;02938df5-6afb-d44e-582d-0b5eea40f8eb;51:88:0A:9E;0;AVIÁRIO MEIO;739,00;03/12/2025;05:53:10;20;1282-20
CO2;1282;CT-CO2-0;02938df5-6afb-d44e-582d-0b5eea40f8eb;51:88:0A:9E;0;AVIÁRIO MEIO;741,00;03/12/2025;05:58:42;20;1282-20
CO2;1282;CT-CO2-0;02938df5-6afb-d44e-582d-0b5eea40f8eb;51:88:0A:9E;0;AVIÁRIO MEIO;736,00;03/12/2025;06:03:44;20;1282-20
CO2;1282;CT-CO2-0;02938df5-6afb-d44e-582d-0b5eea40f8eb;51:88:0A:9E;0;AVIÁRIO MEIO;721,00;03/12/2025;06:09:18;20;1282-20
CO2;1282;CT-CO2-0;02938df5-6afb-d44e-582d-0b5eea40f8eb;51:88:0A:9E;0;AVIÁRIO MEIO;730,00;03/12/2025;06:14:50;20;1282-20
CO2;1282;CT-CO2-0;02938df5-6afb-d44e-582d-0b5eea40f8eb;51:88:0A:9E;0;AVIÁRIO MEIO;722,00;03/12/2025;06:19:52;20;1282-20
CO2;1282;CT-CO2-0;02938df5-6afb-d44e-582d-0b5eea40f8eb;51:88:0A:9E;0;AVIÁRIO MEIO;738,00;03/12/2025;06:25:24;20;1282-20
CO2;1282;CT-CO2-0;02938df5-6afb-d44e-582d-0b5eea40f8eb;51:88:0A:9E;0;AVIÁRIO MEIO;749,00;03/12/2025;06:30:57;20;1282-20
CO2;1282;CT-CO2-0;02938df5-6afb-d44e-582d-0b5eea40f8eb;51:88:0A:9E;0;AVIÁRIO MEIO;739,00;03/12/2025;06:41:31;20;1282-20
CO2;1282;CT-CO2-0;02938df5-6afb-d44e-582d-0b5eea40f8eb;51:88:0A:9E;0;AVIÁRIO MEIO;752,00;03/12/2025;06:47:04;20;1282-20
CO2;1282;CT-CO2-0;02938df5-6afb-d44e-582d-0b5eea40f8eb;51:88:0A:9E;0;AVIÁRIO MEIO;778,00;03/12/2025;06:52:38;20;1282-20
CO2;1282;CT-CO2-0;02938df5-6afb-d44e-582d-0b5eea40f8eb;51:88:0A:9E;0;AVIÁRIO MEIO;772,00;03/12/2025;06:57:39;20;1282-20
CO2;1282;CT-CO2-0;02938df5-6afb-d44e-582d-0b5eea40f8eb;51:88:0A:9E;0;AVIÁRIO MEIO;765,00;03/12/2025;07:03:12;20;1282-20
CO2;1282;CT-CO2-0;02938df5-6afb-d44e-582d-0b5eea40f8eb;51:88:0A:9E;0;AVIÁRIO MEIO;776,00;03/12/2025;07:08:15;20;1282-20
CO2;1282;CT-CO2-0;02938df5-6afb-d44e-582d-0b5eea40f8eb;51:88:0A:9E;0;AVIÁRIO MEIO;754,00;03/12/2025;07:13:47;20;1282-20
CO2;1282;CT-CO2-0;02938df5-6afb-d44e-582d-0b5eea40f8eb;51:88:0A:9E;0;AVIÁRIO MEIO;803,00;03/12/2025;07:19:19;20;1282-20
CO2;1282;CT-CO2-0;02938df5-6afb-d44e-582d-0b5eea40f8eb;51:88:0A:9E;0;AVIÁRIO MEIO;761,00;03/12/2025;07:24:22;20;1282-20
CO2;1282;CT-CO2-0;02938df5-6afb-d44e-582d-0b5eea40f8eb;51:88:0A:9E;0;AVIÁRIO MEIO;752,00;03/12/2025;07:29:55;20;1282-20
CO2;1282;CT-CO2-0;02938df5-6afb-d44e-582d-0b5eea40f8eb;51:88:0A:9E;0;AVIÁRIO MEIO;760,00;03/12/2025;07:35:26;20;1282-20
CO2;1282;CT-CO2-0;02938df5-6afb-d44e-582d-0b5eea40f8eb;51:88:0A:9E;0;AVIÁRIO MEIO;742,00;03/12/2025;07:40:29;20;1282-20
CO2;1282;CT-CO2-0;02938df5-6afb-d44e-582d-0b5eea40f8eb;51:88:0A:9E;0;AVIÁRIO MEIO;748,00;03/12/2025;07:46:02;20;1282-20
CO2;1282;CT-CO2-0;02938df5-6afb-d44e-582d-0b5eea40f8eb;51:88:0A:9E;0;AVIÁRIO MEIO;752,00;03/12/2025;07:51:37;20;1282-20
CO2;1282;CT-CO2-0;02938df5-6afb-d44e-582d-0b5eea40f8eb;51:88:0A:9E;0;AVIÁRIO MEIO;740,00;03/12/2025;07:56:38;20;1282-20
CO2;1282;CT-CO2-0;02938df5-6afb-d44e-582d-0b5eea40f8eb;51:88:0A:9E;0;AVIÁRIO MEIO;746,00;03/12/2025;08:02:44;20;1282-20
CO2;1282;CT-CO2-0;02938df5-6afb-d44e-582d-0b5eea40f8eb;51:88:0A:9E;0;AVIÁRIO MEIO;755,00;03/12/2025;08:07:47;20;1282-20
CO2;1282;CT-CO2-0;02938df5-6afb-d44e-582d-0b5eea40f8eb;51:88:0A:9E;0;AVIÁRIO MEIO;742,00;03/12/2025;08:12:49;20;1282-20
CO2;1282;CT-CO2-0;02938df5-6afb-d44e-582d-0b5eea40f8eb;51:88:0A:9E;0;AVIÁRIO MEIO;733,00;03/12/2025;08:18:21;20;1282-20
CO2;1282;CT-CO2-0;02938df5-6afb-d44e-582d-0b5eea40f8eb;51:88:0A:9E;0;AVIÁRIO MEIO;738,00;03/12/2025;08:23:23;20;1282-20
CO2;1282;CT-CO2-0;02938df5-6afb-d44e-582d-0b5eea40f8eb;51:88:0A:9E;0;AVIÁRIO MEIO;726,00;03/12/2025;08:28:56;20;1282-20
CO2;1282;CT-CO2-0;02938df5-6afb-d44e-582d-0b5eea40f8eb;51:88:0A:9E;0;AVIÁRIO MEIO;726,00;03/12/2025;08:34:28;20;1282-20
CO2;1282;CT-CO2-0;02938df5-6afb-d44e-582d-0b5eea40f8eb;51:88:0A:9E;0;AVIÁRIO MEIO;729,00;03/12/2025;08:39:30;20;1282-20
CO2;1282;CT-CO2-0;02938df5-6afb-d44e-582d-0b5eea40f8eb;51:88:0A:9E;0;AVIÁRIO MEIO;740,00;03/12/2025;08:45:03;20;1282-20
CO2;1282;CT-CO2-0;02938df5-6afb-d44e-582d-0b5eea40f8eb;51:88:0A:9E;0;AVIÁRIO MEIO;748,00;03/12/2025;08:50:35;20;1282-20
CO2;1282;CT-CO2-0;02938df5-6afb-d44e-582d-0b5eea40f8eb;51:88:0A:9E;0;AVIÁRIO MEIO;781,00;03/12/2025;08:55:37;20;1282-20
CO2;1282;CT-CO2-0;02938df5-6afb-d44e-582d-0b5eea40f8eb;51:88:0A:9E;0;AVIÁRIO MEIO;758,00;03/12/2025;09:01:09;20;1282-20
CO2;1282;CT-CO2-0;02938df5-6afb-d44e-582d-0b5eea40f8eb;51:88:0A:9E;0;AVIÁRIO MEIO;745,00;03/12/2025;09:06:41;20;1282-20
CO2;1282;CT-CO2-0;02938df5-6afb-d44e-582d-0b5eea40f8eb;51:88:0A:9E;0;AVIÁRIO MEIO;739,00;03/12/2025;09:12:14;20;1282-20
CO2;1282;CT-CO2-0;02938df5-6afb-d44e-582d-0b5eea40f8eb;51:88:0A:9E;0;AVIÁRIO MEIO;771,00;03/12/2025;09:17:15;20;1282-20
CO2;1282;CT-CO2-0;02938df5-6afb-d44e-582d-0b5eea40f8eb;51:88:0A:9E;0;AVIÁRIO MEIO;748,00;03/12/2025;09:22:47;20;1282-20
CO2;1282;CT-CO2-0;02938df5-6afb-d44e-582d-0b5eea40f8eb;51:88:0A:9E;0;AVIÁRIO MEIO;712,00;03/12/2025;09:27:51;20;1282-20
CO2;1282;CT-CO2-0;02938df5-6afb-d44e-582d-0b5eea40f8eb;51:88:0A:9E;0;AVIÁRIO MEIO;721,00;03/12/2025;09:33:24;20;1282-20
CO2;1282;CT-CO2-0;02938df5-6afb-d44e-582d-0b5eea40f8eb;51:88:0A:9E;0;AVIÁRIO MEIO;712,00;03/12/2025;09:38:56;20;1282-20
CO2;1282;CT-CO2-0;02938df5-6afb-d44e-582d-0b5eea40f8eb;51:88:0A:9E;0;AVIÁRIO MEIO;733,00;03/12/2025;09:43:58;20;1282-20
CO2;1282;CT-CO2-0;02938df5-6afb-d44e-582d-0b5eea40f8eb;51:88:0A:9E;0;AVIÁRIO MEIO;714,00;03/12/2025;09:49:30;20;1282-20
CO2;1282;CT-CO2-0;02938df5-6afb-d44e-582d-0b5eea40f8eb;51:88:0A:9E;0;AVIÁRIO MEIO;702,00;03/12/2025;09:55:03;20;1282-20
CO2;1282;CT-CO2-0;02938df5-6afb-d44e-582d-0b5eea40f8eb;51:88:0A:9E;0;AVIÁRIO MEIO;704,00;03/12/2025;10:00:05;20;1282-20
CO2;1282;CT-CO2-0;02938df5-6afb-d44e-582d-0b5eea40f8eb;51:88:0A:9E;0;AVIÁRIO MEIO;714,00;03/12/2025;10:05:37;20;1282-20
CO2;1282;CT-CO2-0;02938df5-6afb-d44e-582d-0b5eea40f8eb;51:88:0A:9E;0;AVIÁRIO MEIO;703,00;03/12/2025;10:11:09;20;1282-20
CO2;1282;CT-CO2-0;02938df5-6afb-d44e-582d-0b5eea40f8eb;51:88:0A:9E;0;AVIÁRIO MEIO;701,00;03/12/2025;10:16:11;20;1282-20
CO2;1282;CT-CO2-0;02938df5-6afb-d44e-582d-0b5eea40f8eb;51:88:0A:9E;0;AVIÁRIO MEIO;713,00;03/12/2025;10:22:15;20;1282-20
CO2;1282;CT-CO2-0;02938df5-6afb-d44e-582d-0b5eea40f8eb;51:88:0A:9E;0;AVIÁRIO MEIO;699,00;03/12/2025;10:27:18;20;1282-20
CO2;1282;CT-CO2-0;02938df5-6afb-d44e-582d-0b5eea40f8eb;51:88:0A:9E;0;AVIÁRIO MEIO;700,00;03/12/2025;10:32:20;20;1282-20
CO2;1282;CT-CO2-0;02938df5-6afb-d44e-582d-0b5eea40f8eb;51:88:0A:9E;0;AVIÁRIO MEIO;698,00;03/12/2025;10:37:52;20;1282-20
CO2;1282;CT-CO2-0;02938df5-6afb-d44e-582d-0b5eea40f8eb;51:88:0A:9E;0;AVIÁRIO MEIO;701,00;03/12/2025;10:43:24;20;1282-20
CO2;1282;CT-CO2-0;02938df5-6afb-d44e-582d-0b5eea40f8eb;51:88:0A:9E;0;AVIÁRIO MEIO;693,00;03/12/2025;10:48:27;20;1282-20
CO2;1282;CT-CO2-0;02938df5-6afb-d44e-582d-0b5eea40f8eb;51:88:0A:9E;0;AVIÁRIO MEIO;694,00;03/12/2025;10:53:59;20;1282-20
CO2;1282;CT-CO2-0;02938df5-6afb-d44e-582d-0b5eea40f8eb;51:88:0A:9E;0;AVIÁRIO MEIO;703,00;03/12/2025;10:59:31;20;1282-20
CO2;1282;CT-CO2-0;02938df5-6afb-d44e-582d-0b5eea40f8eb;51:88:0A:9E;0;AVIÁRIO MEIO;713,00;03/12/2025;11:04:33;20;1282-20
CO2;1282;CT-CO2-0;02938df5-6afb-d44e-582d-0b5eea40f8eb;51:88:0A:9E;0;AVIÁRIO MEIO;685,00;03/12/2025;11:10:05;20;1282-20
CO2;1282;CT-CO2-0;02938df5-6afb-d44e-582d-0b5eea40f8eb;51:88:0A:9E;0;AVIÁRIO MEIO;704,00;03/12/2025;11:15:38;20;1282-20
CO2;1282;CT-CO2-0;02938df5-6afb-d44e-582d-0b5eea40f8eb;51:88:0A:9E;0;AVIÁRIO MEIO;695,00;03/12/2025;11:20:39;20;1282-20
CO2;1282;CT-CO2-0;02938df5-6afb-d44e-582d-0b5eea40f8eb;51:88:0A:9E;0;AVIÁRIO MEIO;689,00;03/12/2025;11:26:11;20;1282-20
CO2;1282;CT-CO2-0;02938df5-6afb-d44e-582d-0b5eea40f8eb;51:88:0A:9E;0;AVIÁRIO MEIO;691,00;03/12/2025;11:32:15;20;1282-20
CO2;1282;CT-CO2-0;02938df5-6afb-d44e-582d-0b5eea40f8eb;51:88:0A:9E;0;AVIÁRIO MEIO;702,00;03/12/2025;11:36:47;20;1282-20
CO2;1282;CT-CO2-0;02938df5-6afb-d44e-582d-0b5eea40f8eb;51:88:0A:9E;0;AVIÁRIO MEIO;721,00;03/12/2025;11:42:19;20;1282-20
CO2;1282;CT-CO2-0;02938df5-6afb-d44e-582d-0b5eea40f8eb;51:88:0A:9E;0;AVIÁRIO MEIO;705,00;03/12/2025;11:47:50;20;1282-20
CO2;1282;CT-CO2-0;02938df5-6afb-d44e-582d-0b5eea40f8eb;51:88:0A:9E;0;AVIÁRIO MEIO;705,00;03/12/2025;11:52:53;20;1282-20
CO2;1282;CT-CO2-0;02938df5-6afb-d44e-582d-0b5eea40f8eb;51:88:0A:9E;0;AVIÁRIO MEIO;711,00;03/12/2025;11:58:26;20;1282-20
CO2;1282;CT-CO2-0;02938df5-6afb-d44e-582d-0b5eea40f8eb;51:88:0A:9E;0;AVIÁRIO MEIO;708,00;03/12/2025;12:03:59;20;1282-20
CO2;1282;CT-CO2-0;02938df5-6afb-d44e-582d-0b5eea40f8eb;51:88:0A:9E;0;AVIÁRIO MEIO;698,00;03/12/2025;12:09:01;20;1282-20
CO2;1282;CT-CO2-0;02938df5-6afb-d44e-582d-0b5eea40f8eb;51:88:0A:9E;0;AVIÁRIO MEIO;713,00;03/12/2025;12:14:33;20;1282-20
CO2;1282;CT-CO2-0;02938df5-6afb-d44e-582d-0b5eea40f8eb;51:88:0A:9E;0;AVIÁRIO MEIO;713,00;03/12/2025;12:20:05;20;1282-20
CO2;1282;CT-CO2-0;02938df5-6afb-d44e-582d-0b5eea40f8eb;51:88:0A:9E;0;AVIÁRIO MEIO;703,00;03/12/2025;12:25:06;20;1282-20
CO2;1282;CT-CO2-0;02938df5-6afb-d44e-582d-0b5eea40f8eb;51:88:0A:9E;0;AVIÁRIO MEIO;713,00;03/12/2025;12:30:39;20;1282-20
CO2;1282;CT-CO2-0;02938df5-6afb-d44e-582d-0b5eea40f8eb;51:88:0A:9E;0;AVIÁRIO MEIO;696,00;03/12/2025;12:36:11;20;1282-20
CO2;1282;CT-CO2-0;02938df5-6afb-d44e-582d-0b5eea40f8eb;51:88:0A:9E;0;AVIÁRIO MEIO;702,00;03/12/2025;12:41:45;20;1282-20
CO2;1282;CT-CO2-0;02938df5-6afb-d44e-582d-0b5eea40f8eb;51:88:0A:9E;0;AVIÁRIO MEIO;712,00;03/12/2025;12:46:47;20;1282-20
CO2;1282;CT-CO2-0;02938df5-6afb-d44e-582d-0b5eea40f8eb;51:88:0A:9E;0;AVIÁRIO MEIO;691,00;03/12/2025;12:52:19;20;1282-20
CO2;1282;CT-CO2-0;02938df5-6afb-d44e-582d-0b5eea40f8eb;51:88:0A:9E;0;AVIÁRIO MEIO;703,00;03/12/2025;12:57:21;20;1282-20
CO2;1282;CT-CO2-0;02938df5-6afb-d44e-582d-0b5eea40f8eb;51:88:0A:9E;0;AVIÁRIO MEIO;710,00;03/12/2025;13:02:54;20;1282-20
CO2;1282;CT-CO2-0;02938df5-6afb-d44e-582d-0b5eea40f8eb;51:88:0A:9E;0;AVIÁRIO MEIO;708,00;03/12/2025;13:13:30;20;1282-20
CO2;1282;CT-CO2-0;02938df5-6afb-d44e-582d-0b5eea40f8eb;51:88:0A:9E;0;AVIÁRIO MEIO;708,00;03/12/2025;13:19:03;20;1282-20
CO2;1282;CT-CO2-0;02938df5-6afb-d44e-582d-0b5eea40f8eb;51:88:0A:9E;0;AVIÁRIO MEIO;696,00;03/12/2025;13:24:35;20;1282-20
CO2;1282;CT-CO2-0;02938df5-6afb-d44e-582d-0b5eea40f8eb;51:88:0A:9E;0;AVIÁRIO MEIO;704,00;03/12/2025;13:29:37;20;1282-20
CO2;1282;CT-CO2-0;02938df5-6afb-d44e-582d-0b5eea40f8eb;51:88:0A:9E;0;AVIÁRIO MEIO;716,00;03/12/2025;13:35:09;20;1282-20
CO2;1282;CT-CO2-0;02938df5-6afb-d44e-582d-0b5eea40f8eb;51:88:0A:9E;0;AVIÁRIO MEIO;695,00;03/12/2025;13:40:41;20;1282-20
CO2;1282;CT-CO2-0;02938df5-6afb-d44e-582d-0b5eea40f8eb;51:88:0A:9E;0;AVIÁRIO MEIO;705,00;03/12/2025;13:45:43;20;1282-20
CO2;1282;CT-CO2-0;02938df5-6afb-d44e-582d-0b5eea40f8eb;51:88:0A:9E;0;AVIÁRIO MEIO;700,00;03/12/2025;13:51:46;20;1282-20
CO2;1282;CT-CO2-0;02938df5-6afb-d44e-582d-0b5eea40f8eb;51:88:0A:9E;0;AVIÁRIO MEIO;719,00;03/12/2025;13:56:48;20;1282-20
CO2;1282;CT-CO2-0;02938df5-6afb-d44e-582d-0b5eea40f8eb;51:88:0A:9E;0;AVIÁRIO MEIO;696,00;03/12/2025;14:01:51;20;1282-20
CO2;1282;CT-CO2-0;02938df5-6afb-d44e-582d-0b5eea40f8eb;51:88:0A:9E;0;AVIÁRIO MEIO;698,00;03/12/2025;14:07:22;20;1282-20
CO2;1282;CT-CO2-0;02938df5-6afb-d44e-582d-0b5eea40f8eb;51:88:0A:9E;0;AVIÁRIO MEIO;703,00;03/12/2025;14:12:53;20;1282-20
CO2;1282;CT-CO2-0;02938df5-6afb-d44e-582d-0b5eea40f8eb;51:88:0A:9E;0;AVIÁRIO MEIO;706,00;03/12/2025;14:17:55;20;1282-20
CO2;1282;CT-CO2-0;02938df5-6afb-d44e-582d-0b5eea40f8eb;51:88:0A:9E;0;AVIÁRIO MEIO;725,00;03/12/2025;14:23:28;20;1282-20
CO2;1282;CT-CO2-0;02938df5-6afb-d44e-582d-0b5eea40f8eb;51:88:0A:9E;0;AVIÁRIO MEIO;686,00;03/12/2025;14:28:59;20;1282-20
CO2;1282;CT-CO2-0;02938df5-6afb-d44e-582d-0b5eea40f8eb;51:88:0A:9E;0;AVIÁRIO MEIO;708,00;03/12/2025;14:34:01;20;1282-20
CO2;1282;CT-CO2-0;02938df5-6afb-d44e-582d-0b5eea40f8eb;51:88:0A:9E;0;AVIÁRIO MEIO;705,00;03/12/2025;14:39:34;20;1282-20
CO2;1282;CT-CO2-0;02938df5-6afb-d44e-582d-0b5eea40f8eb;51:88:0A:9E;0;AVIÁRIO MEIO;702,00;03/12/2025;14:45:06;20;1282-20
CO2;1282;CT-CO2-0;02938df5-6afb-d44e-582d-0b5eea40f8eb;51:88:0A:9E;0;AVIÁRIO MEIO;708,00;03/12/2025;14:50:09;20;1282-20
CO2;1282;CT-CO2-0;02938df5-6afb-d44e-582d-0b5eea40f8eb;51:88:0A:9E;0;AVIÁRIO MEIO;706,00;03/12/2025;14:55:42;20;1282-20
CO2;1282;CT-CO2-0;02938df5-6afb-d44e-582d-0b5eea40f8eb;51:88:0A:9E;0;AVIÁRIO MEIO;713,00;03/12/2025;15:01:47;20;1282-20
CO2;1282;CT-CO2-0;02938df5-6afb-d44e-582d-0b5eea40f8eb;51:88:0A:9E;0;AVIÁRIO MEIO;701,00;03/12/2025;15:06:20;20;1282-20
CO2;1282;CT-CO2-0;02938df5-6afb-d44e-582d-0b5eea40f8eb;51:88:0A:9E;0;AVIÁRIO MEIO;703,00;03/12/2025;15:11:52;20;1282-20
CO2;1282;CT-CO2-0;02938df5-6afb-d44e-582d-0b5eea40f8eb;51:88:0A:9E;0;AVIÁRIO MEIO;700,00;03/12/2025;15:17:24;20;1282-20
CO2;1282;CT-CO2-0;02938df5-6afb-d44e-582d-0b5eea40f8eb;51:88:0A:9E;0;AVIÁRIO MEIO;705,00;03/12/2025;15:22:27;20;1282-20
CO2;1282;CT-CO2-0;02938df5-6afb-d44e-582d-0b5eea40f8eb;51:88:0A:9E;0;AVIÁRIO MEIO;714,00;03/12/2025;15:27:59;20;1282-20
CO2;1282;CT-CO2-0;02938df5-6afb-d44e-582d-0b5eea40f8eb;51:88:0A:9E;0;AVIÁRIO MEIO;701,00;03/12/2025;15:33:31;20;1282-20
CO2;1282;CT-CO2-0;02938df5-6afb-d44e-582d-0b5eea40f8eb;51:88:0A:9E;0;AVIÁRIO MEIO;747,00;03/12/2025;15:38:33;20;1282-20
CO2;1282;CT-CO2-0;02938df5-6afb-d44e-582d-0b5eea40f8eb;51:88:0A:9E;0;AVIÁRIO MEIO;705,00;03/12/2025;15:44:05;20;1282-20
CO2;1282;CT-CO2-0;02938df5-6afb-d44e-582d-0b5eea40f8eb;51:88:0A:9E;0;AVIÁRIO MEIO;703,00;03/12/2025;15:49:37;20;1282-20
CO2;1282;CT-CO2-0;02938df5-6afb-d44e-582d-0b5eea40f8eb;51:88:0A:9E;0;AVIÁRIO MEIO;716,00;03/12/2025;15:54:39;20;1282-20
CO2;1282;CT-CO2-0;02938df5-6afb-d44e-582d-0b5eea40f8eb;51:88:0A:9E;0;AVIÁRIO MEIO;703,00;03/12/2025;16:00:11;20;1282-20
CO2;1282;CT-CO2-0;02938df5-6afb-d44e-582d-0b5eea40f8eb;51:88:0A:9E;0;AVIÁRIO MEIO;702,00;03/12/2025;16:05:43;20;1282-20
CO2;1282;CT-CO2-0;02938df5-6afb-d44e-582d-0b5eea40f8eb;51:88:0A:9E;0;AVIÁRIO MEIO;721,00;03/12/2025;16:11:16;20;1282-20
CO2;1282;CT-CO2-0;02938df5-6afb-d44e-582d-0b5eea40f8eb;51:88:0A:9E;0;AVIÁRIO MEIO;716,00;03/12/2025;16:16:18;20;1282-20
CO2;1282;CT-CO2-0;02938df5-6afb-d44e-582d-0b5eea40f8eb;51:88:0A:9E;0;AVIÁRIO MEIO;711,00;03/12/2025;16:21:50;20;1282-20
CO2;1282;CT-CO2-0;02938df5-6afb-d44e-582d-0b5eea40f8eb;51:88:0A:9E;0;AVIÁRIO MEIO;710,00;03/12/2025;16:26:51;20;1282-20
CO2;1282;CT-CO2-0;02938df5-6afb-d44e-582d-0b5eea40f8eb;51:88:0A:9E;0;AVIÁRIO MEIO;688,00;03/12/2025;16:32:28;20;1282-20
CO2;1282;CT-CO2-0;02938df5-6afb-d44e-582d-0b5eea40f8eb;51:88:0A:9E;0;AVIÁRIO MEIO;694,00;03/12/2025;16:37:31;20;1282-20
CO2;1282;CT-CO2-0;02938df5-6afb-d44e-582d-0b5eea40f8eb;51:88:0A:9E;0;AVIÁRIO MEIO;692,00;03/12/2025;16:43:02;20;1282-20
CO2;1282;CT-CO2-0;02938df5-6afb-d44e-582d-0b5eea40f8eb;51:88:0A:9E;0;AVIÁRIO MEIO;715,00;03/12/2025;16:48:34;20;1282-20
CO2;1282;CT-CO2-0;02938df5-6afb-d44e-582d-0b5eea40f8eb;51:88:0A:9E;0;AVIÁRIO MEIO;693,00;03/12/2025;16:53:36;20;1282-20
CO2;1282;CT-CO2-0;02938df5-6afb-d44e-582d-0b5eea40f8eb;51:88:0A:9E;0;AVIÁRIO MEIO;711,00;03/12/2025;16:59:07;20;1282-20
CO2;1282;CT-CO2-0;02938df5-6afb-d44e-582d-0b5eea40f8eb;51:88:0A:9E;0;AVIÁRIO MEIO;703,00;03/12/2025;17:04:41;20;1282-20
CO2;1282;CT-CO2-0;02938df5-6afb-d44e-582d-0b5eea40f8eb;51:88:0A:9E;0;AVIÁRIO MEIO;695,00;03/12/2025;17:09:42;20;1282-20
CO2;1282;CT-CO2-0;02938df5-6afb-d44e-582d-0b5eea40f8eb;51:88:0A:9E;0;AVIÁRIO MEIO;696,00;03/12/2025;17:15:14;20;1282-20
CO2;1282;CT-CO2-0;02938df5-6afb-d44e-582d-0b5eea40f8eb;51:88:0A:9E;0;AVIÁRIO MEIO;698,00;03/12/2025;17:21:20;20;1282-20
CO2;1282;CT-CO2-0;02938df5-6afb-d44e-582d-0b5eea40f8eb;51:88:0A:9E;0;AVIÁRIO MEIO;691,00;03/12/2025;17:31:24;20;1282-20
CO2;1282;CT-CO2-0;02938df5-6afb-d44e-582d-0b5eea40f8eb;51:88:0A:9E;0;AVIÁRIO MEIO;704,00;03/12/2025;17:36:55;20;1282-20
CO2;1282;CT-CO2-0;02938df5-6afb-d44e-582d-0b5eea40f8eb;51:88:0A:9E;0;AVIÁRIO MEIO;709,00;03/12/2025;17:41:57;20;1282-20
CO2;1282;CT-CO2-0;02938df5-6afb-d44e-582d-0b5eea40f8eb;51:88:0A:9E;0;AVIÁRIO MEIO;717,00;03/12/2025;17:47:30;20;1282-20
CO2;1282;CT-CO2-0;02938df5-6afb-d44e-582d-0b5eea40f8eb;51:88:0A:9E;0;AVIÁRIO MEIO;713,00;03/12/2025;17:53:02;20;1282-20
CO2;1282;CT-CO2-0;02938df5-6afb-d44e-582d-0b5eea40f8eb;51:88:0A:9E;0;AVIÁRIO MEIO;720,00;03/12/2025;17:58:04;20;1282-20
CO2;1282;CT-CO2-0;02938df5-6afb-d44e-582d-0b5eea40f8eb;51:88:0A:9E;0;AVIÁRIO MEIO;717,00;03/12/2025;18:03:40;20;1282-20
CO2;1282;CT-CO2-0;02938df5-6afb-d44e-582d-0b5eea40f8eb;51:88:0A:9E;0;AVIÁRIO MEIO;695,00;03/12/2025;18:09:12;20;1282-20
CO2;1282;CT-CO2-0;02938df5-6afb-d44e-582d-0b5eea40f8eb;51:88:0A:9E;0;AVIÁRIO MEIO;715,00;03/12/2025;18:14:16;20;1282-20
CO2;1282;CT-CO2-0;02938df5-6afb-d44e-582d-0b5eea40f8eb;51:88:0A:9E;0;AVIÁRIO MEIO;711,00;03/12/2025;18:19:48;20;1282-20
CO2;1282;CT-CO2-0;02938df5-6afb-d44e-582d-0b5eea40f8eb;51:88:0A:9E;0;AVIÁRIO MEIO;718,00;03/12/2025;18:25:20;20;1282-20
CO2;1282;CT-CO2-0;02938df5-6afb-d44e-582d-0b5eea40f8eb;51:88:0A:9E;0;AVIÁRIO MEIO;730,00;03/12/2025;18:30:56;20;1282-20
CO2;1282;CT-CO2-0;02938df5-6afb-d44e-582d-0b5eea40f8eb;51:88:0A:9E;0;AVIÁRIO MEIO;734,00;03/12/2025;18:35:59;20;1282-20
CO2;1282;CT-CO2-0;02938df5-6afb-d44e-582d-0b5eea40f8eb;51:88:0A:9E;0;AVIÁRIO MEIO;715,00;03/12/2025;18:41:01;20;1282-20
CO2;1282;CT-CO2-0;02938df5-6afb-d44e-582d-0b5eea40f8eb;51:88:0A:9E;0;AVIÁRIO MEIO;710,00;03/12/2025;18:46:34;20;1282-20
CO2;1282;CT-CO2-0;02938df5-6afb-d44e-582d-0b5eea40f8eb;51:88:0A:9E;0;AVIÁRIO MEIO;713,00;03/12/2025;18:52:05;20;1282-20
CO2;1282;CT-CO2-0;02938df5-6afb-d44e-582d-0b5eea40f8eb;51:88:0A:9E;0;AVIÁRIO MEIO;721,00;03/12/2025;18:57:07;20;1282-20
CO2;1282;CT-CO2-0;02938df5-6afb-d44e-582d-0b5eea40f8eb;51:88:0A:9E;0;AVIÁRIO MEIO;722,00;03/12/2025;19:02:39;20;1282-20
CO2;1282;CT-CO2-0;02938df5-6afb-d44e-582d-0b5eea40f8eb;51:88:0A:9E;0;AVIÁRIO MEIO;730,00;03/12/2025;19:08:11;20;1282-20
CO2;1282;CT-CO2-0;02938df5-6afb-d44e-582d-0b5eea40f8eb;51:88:0A:9E;0;AVIÁRIO MEIO;742,00;03/12/2025;19:13:13;20;1282-20
CO2;1282;CT-CO2-0;02938df5-6afb-d44e-582d-0b5eea40f8eb;51:88:0A:9E;0;AVIÁRIO MEIO;739,00;03/12/2025;19:18:46;20;1282-20
CO2;1282;CT-CO2-0;02938df5-6afb-d44e-582d-0b5eea40f8eb;51:88:0A:9E;0;AVIÁRIO MEIO;745,00;03/12/2025;19:24:18;20;1282-20
CO2;1282;CT-CO2-0;02938df5-6afb-d44e-582d-0b5eea40f8eb;51:88:0A:9E;0;AVIÁRIO MEIO;751,00;03/12/2025;19:29:21;20;1282-20
CO2;1282;CT-CO2-0;02938df5-6afb-d44e-582d-0b5eea40f8eb;51:88:0A:9E;0;AVIÁRIO MEIO;751,00;03/12/2025;19:34:53;20;1282-20
CO2;1282;CT-CO2-0;02938df5-6afb-d44e-582d-0b5eea40f8eb;51:88:0A:9E;0;AVIÁRIO MEIO;753,00;03/12/2025;19:45:29;20;1282-20
CO2;1282;CT-CO2-0;02938df5-6afb-d44e-582d-0b5eea40f8eb;51:88:0A:9E;0;AVIÁRIO MEIO;767,00;03/12/2025;19:56:44;20;1282-20
CO2;1282;CT-CO2-0;02938df5-6afb-d44e-582d-0b5eea40f8eb;51:88:0A:9E;0;AVIÁRIO MEIO;760,00;03/12/2025;20:01:48;20;1282-20
CO2;1282;CT-CO2-0;02938df5-6afb-d44e-582d-0b5eea40f8eb;51:88:0A:9E;0;AVIÁRIO MEIO;761,00;03/12/2025;20:07:26;20;1282-20
CO2;1282;CT-CO2-0;02938df5-6afb-d44e-582d-0b5eea40f8eb;51:88:0A:9E;0;AVIÁRIO MEIO;755,00;03/12/2025;20:12:28;20;1282-20
CO2;1282;CT-CO2-0;02938df5-6afb-d44e-582d-0b5eea40f8eb;51:88:0A:9E;0;AVIÁRIO MEIO;778,00;03/12/2025;20:18:00;20;1282-20
CO2;1282;CT-CO2-0;02938df5-6afb-d44e-582d-0b5eea40f8eb;51:88:0A:9E;0;AVIÁRIO MEIO;746,00;03/12/2025;20:23:02;20;1282-20
CO2;1282;CT-CO2-0;02938df5-6afb-d44e-582d-0b5eea40f8eb;51:88:0A:9E;0;AVIÁRIO MEIO;741,00;03/12/2025;20:28:33;20;1282-20
CO2;1282;CT-CO2-0;02938df5-6afb-d44e-582d-0b5eea40f8eb;51:88:0A:9E;0;AVIÁRIO MEIO;760,00;03/12/2025;20:34:06;20;1282-20
CO2;1282;CT-CO2-0;02938df5-6afb-d44e-582d-0b5eea40f8eb;51:88:0A:9E;0;AVIÁRIO MEIO;768,00;03/12/2025;20:39:38;20;1282-20
CO2;1282;CT-CO2-0;02938df5-6afb-d44e-582d-0b5eea40f8eb;51:88:0A:9E;0;AVIÁRIO MEIO;750,00;03/12/2025;20:44:40;20;1282-20
CO2;1282;CT-CO2-0;02938df5-6afb-d44e-582d-0b5eea40f8eb;51:88:0A:9E;0;AVIÁRIO MEIO;757,00;03/12/2025;20:50:45;20;1282-20
CO2;1282;CT-CO2-0;02938df5-6afb-d44e-582d-0b5eea40f8eb;51:88:0A:9E;0;AVIÁRIO MEIO;745,00;03/12/2025;20:55:17;20;1282-20
CO2;1282;CT-CO2-0;02938df5-6afb-d44e-582d-0b5eea40f8eb;51:88:0A:9E;0;AVIÁRIO MEIO;754,00;03/12/2025;21:01:19;20;1282-20
CO2;1282;CT-CO2-0;02938df5-6afb-d44e-582d-0b5eea40f8eb;51:88:0A:9E;0;AVIÁRIO MEIO;754,00;03/12/2025;21:06:53;20;1282-20
CO2;1282;CT-CO2-0;02938df5-6afb-d44e-582d-0b5eea40f8eb;51:88:0A:9E;0;AVIÁRIO MEIO;752,00;03/12/2025;21:11:55;20;1282-20
CO2;1282;CT-CO2-0;02938df5-6afb-d44e-582d-0b5eea40f8eb;51:88:0A:9E;0;AVIÁRIO MEIO;743,00;03/12/2025;21:17:34;20;1282-20
CO2;1282;CT-CO2-0;02938df5-6afb-d44e-582d-0b5eea40f8eb;51:88:0A:9E;0;AVIÁRIO MEIO;740,00;03/12/2025;21:23:12;20;1282-20
CO2;1282;CT-CO2-0;02938df5-6afb-d44e-582d-0b5eea40f8eb;51:88:0A:9E;0;AVIÁRIO MEIO;735,00;03/12/2025;21:28:15;20;1282-20
CO2;1282;CT-CO2-0;02938df5-6afb-d44e-582d-0b5eea40f8eb;51:88:0A:9E;0;AVIÁRIO MEIO;748,00;03/12/2025;21:33:53;20;1282-20
CO2;1282;CT-CO2-0;02938df5-6afb-d44e-582d-0b5eea40f8eb;51:88:0A:9E;0;AVIÁRIO MEIO;741,00;03/12/2025;21:38:55;20;1282-20
CO2;1282;CT-CO2-0;02938df5-6afb-d44e-582d-0b5eea40f8eb;51:88:0A:9E;0;AVIÁRIO MEIO;749,00;03/12/2025;21:44:28;20;1282-20
CO2;1282;CT-CO2-0;02938df5-6afb-d44e-582d-0b5eea40f8eb;51:88:0A:9E;0;AVIÁRIO MEIO;747,00;03/12/2025;21:49:30;20;1282-20
CO2;1282;CT-CO2-0;02938df5-6afb-d44e-582d-0b5eea40f8eb;51:88:0A:9E;0;AVIÁRIO MEIO;734,00;03/12/2025;21:55:03;20;1282-20
CO2;1282;CT-CO2-0;02938df5-6afb-d44e-582d-0b5eea40f8eb;51:88:0A:9E;0;AVIÁRIO MEIO;745,00;03/12/2025;22:05:41;20;1282-20
CO2;1282;CT-CO2-0;02938df5-6afb-d44e-582d-0b5eea40f8eb;51:88:0A:9E;0;AVIÁRIO MEIO;734,00;03/12/2025;22:11:14;20;1282-20
CO2;1282;CT-CO2-0;02938df5-6afb-d44e-582d-0b5eea40f8eb;51:88:0A:9E;0;AVIÁRIO MEIO;749,00;03/12/2025;22:16:46;20;1282-20
CO2;1282;CT-CO2-0;02938df5-6afb-d44e-582d-0b5eea40f8eb;51:88:0A:9E;0;AVIÁRIO MEIO;735,00;03/12/2025;22:21:48;20;1282-20
CO2;1282;CT-CO2-0;02938df5-6afb-d44e-582d-0b5eea40f8eb;51:88:0A:9E;0;AVIÁRIO MEIO;719,00;03/12/2025;22:27:21;20;1282-20
CO2;1282;CT-CO2-0;02938df5-6afb-d44e-582d-0b5eea40f8eb;51:88:0A:9E;0;AVIÁRIO MEIO;727,00;03/12/2025;22:32:53;20;1282-20
CO2;1282;CT-CO2-0;02938df5-6afb-d44e-582d-0b5eea40f8eb;51:88:0A:9E;0;AVIÁRIO MEIO;730,00;03/12/2025;22:37:55;20;1282-20
CO2;1282;CT-CO2-0;02938df5-6afb-d44e-582d-0b5eea40f8eb;51:88:0A:9E;0;AVIÁRIO MEIO;723,00;03/12/2025;22:43:27;20;1282-20
CO2;1282;CT-CO2-0;02938df5-6afb-d44e-582d-0b5eea40f8eb;51:88:0A:9E;0;AVIÁRIO MEIO;710,00;03/12/2025;22:48:58;20;1282-20
CO2;1282;CT-CO2-0;02938df5-6afb-d44e-582d-0b5eea40f8eb;51:88:0A:9E;0;AVIÁRIO MEIO;710,00;03/12/2025;22:54:02;20;1282-20
CO2;1282;CT-CO2-0;02938df5-6afb-d44e-582d-0b5eea40f8eb;51:88:0A:9E;0;AVIÁRIO MEIO;712,00;03/12/2025;22:59:34;20;1282-20
CO2;1282;CT-CO2-0;02938df5-6afb-d44e-582d-0b5eea40f8eb;51:88:0A:9E;0;AVIÁRIO MEIO;717,00;03/12/2025;23:05:06;20;1282-20
CO2;1282;CT-CO2-0;02938df5-6afb-d44e-582d-0b5eea40f8eb;51:88:0A:9E;0;AVIÁRIO MEIO;804,00;03/12/2025;23:10:40;20;1282-20
CO2;1282;CT-CO2-0;02938df5-6afb-d44e-582d-0b5eea40f8eb;51:88:0A:9E;0;AVIÁRIO MEIO;717,00;03/12/2025;23:15:41;20;1282-20
CO2;1282;CT-CO2-0;02938df5-6afb-d44e-582d-0b5eea40f8eb;51:88:0A:9E;0;AVIÁRIO MEIO;718,00;03/12/2025;23:21:14;20;1282-20
CO2;1282;CT-CO2-0;02938df5-6afb-d44e-582d-0b5eea40f8eb;51:88:0A:9E;0;AVIÁRIO MEIO;713,00;03/12/2025;23:26:16;20;1282-20
CO2;1282;CT-CO2-0;02938df5-6afb-d44e-582d-0b5eea40f8eb;51:88:0A:9E;0;AVIÁRIO MEIO;709,00;03/12/2025;23:31:48;20;1282-20
CO2;1282;CT-CO2-0;02938df5-6afb-d44e-582d-0b5eea40f8eb;51:88:0A:9E;0;AVIÁRIO MEIO;715,00;03/12/2025;23:37:20;20;1282-20
CO2;1282;CT-CO2-0;02938df5-6afb-d44e-582d-0b5eea40f8eb;51:88:0A:9E;0;AVIÁRIO MEIO;711,00;03/12/2025;23:42:22;20;1282-20
CO2;1282;CT-CO2-0;02938df5-6afb-d44e-582d-0b5eea40f8eb;51:88:0A:9E;0;AVIÁRIO MEIO;706,00;03/12/2025;23:47:56;20;1282-20
CO2;1282;CT-CO2-0;02938df5-6afb-d44e-582d-0b5eea40f8eb;51:88:0A:9E;0;AVIÁRIO MEIO;694,00;03/12/2025;23:53:27;20;1282-20
CO2;1282;CT-CO2-0;02938df5-6afb-d44e-582d-0b5eea40f8eb;51:88:0A:9E;0;AVIÁRIO MEIO;703,00;03/12/2025;23:58:29;20;1282-20
CO2;1282;CT-CO2-0;02938df5-6afb-d44e-582d-0b5eea40f8eb;51:88:0A:9E;0;AVIÁRIO MEIO;699,00;04/12/2025;00:04:01;20;1282-20
CO2;1282;CT-CO2-0;02938df5-6afb-d44e-582d-0b5eea40f8eb;51:88:0A:9E;0;AVIÁRIO MEIO;701,00;04/12/2025;00:09:33;20;1282-20
CO2;1282;CT-CO2-0;02938df5-6afb-d44e-582d-0b5eea40f8eb;51:88:0A:9E;0;AVIÁRIO MEIO;695,00;04/12/2025;00:14:35;20;1282-20
CO2;1282;CT-CO2-0;02938df5-6afb-d44e-582d-0b5eea40f8eb;51:88:0A:9E;0;AVIÁRIO MEIO;701,00;04/12/2025;00:20:40;20;1282-20
CO2;1282;CT-CO2-0;02938df5-6afb-d44e-582d-0b5eea40f8eb;51:88:0A:9E;0;AVIÁRIO MEIO;695,00;04/12/2025;00:25:42;20;1282-20
CO2;1282;CT-CO2-0;02938df5-6afb-d44e-582d-0b5eea40f8eb;51:88:0A:9E;0;AVIÁRIO MEIO;701,00;04/12/2025;00:30:44;20;1282-20
CO2;1282;CT-CO2-0;02938df5-6afb-d44e-582d-0b5eea40f8eb;51:88:0A:9E;0;AVIÁRIO MEIO;689,00;04/12/2025;00:36:17;20;1282-20
CO2;1282;CT-CO2-0;02938df5-6afb-d44e-582d-0b5eea40f8eb;51:88:0A:9E;0;AVIÁRIO MEIO;690,00;04/12/2025;00:41:49;20;1282-20
CO2;1282;CT-CO2-0;02938df5-6afb-d44e-582d-0b5eea40f8eb;51:88:0A:9E;0;AVIÁRIO MEIO;704,00;04/12/2025;00:46:50;20;1282-20
CO2;1282;CT-CO2-0;02938df5-6afb-d44e-582d-0b5eea40f8eb;51:88:0A:9E;0;AVIÁRIO MEIO;706,00;04/12/2025;00:52:22;20;1282-20
CO2;1282;CT-CO2-0;02938df5-6afb-d44e-582d-0b5eea40f8eb;51:88:0A:9E;0;AVIÁRIO MEIO;711,00;04/12/2025;00:57:54;20;1282-20
CO2;1282;CT-CO2-0;02938df5-6afb-d44e-582d-0b5eea40f8eb;51:88:0A:9E;0;AVIÁRIO MEIO;708,00;04/12/2025;01:02:56;20;1282-20
CO2;1282;CT-CO2-0;02938df5-6afb-d44e-582d-0b5eea40f8eb;51:88:0A:9E;0;AVIÁRIO MEIO;700,00;04/12/2025;01:08:28;20;1282-20
CO2;1282;CT-CO2-0;02938df5-6afb-d44e-582d-0b5eea40f8eb;51:88:0A:9E;0;AVIÁRIO MEIO;680,00;04/12/2025;01:14:00;20;1282-20
CO2;1282;CT-CO2-0;02938df5-6afb-d44e-582d-0b5eea40f8eb;51:88:0A:9E;0;AVIÁRIO MEIO;693,00;04/12/2025;01:19:02;20;1282-20
CO2;1282;CT-CO2-0;02938df5-6afb-d44e-582d-0b5eea40f8eb;51:88:0A:9E;0;AVIÁRIO MEIO;709,00;04/12/2025;01:24:34;20;1282-20
CO2;1282;CT-CO2-0;02938df5-6afb-d44e-582d-0b5eea40f8eb;51:88:0A:9E;0;AVIÁRIO MEIO;707,00;04/12/2025;01:30:37;20;1282-20
CO2;1282;CT-CO2-0;02938df5-6afb-d44e-582d-0b5eea40f8eb;51:88:0A:9E;0;AVIÁRIO MEIO;712,00;04/12/2025;01:35:09;20;1282-20
CO2;1282;CT-CO2-0;02938df5-6afb-d44e-582d-0b5eea40f8eb;51:88:0A:9E;0;AVIÁRIO MEIO;704,00;04/12/2025;01:40:41;20;1282-20
CO2;1282;CT-CO2-0;02938df5-6afb-d44e-582d-0b5eea40f8eb;51:88:0A:9E;0;AVIÁRIO MEIO;703,00;04/12/2025;01:46:12;20;1282-20
CO2;1282;CT-CO2-0;02938df5-6afb-d44e-582d-0b5eea40f8eb;51:88:0A:9E;0;AVIÁRIO MEIO;705,00;04/12/2025;01:51:44;20;1282-20
CO2;1282;CT-CO2-0;02938df5-6afb-d44e-582d-0b5eea40f8eb;51:88:0A:9E;0;AVIÁRIO MEIO;693,00;04/12/2025;01:56:48;20;1282-20
CO2;1282;CT-CO2-0;02938df5-6afb-d44e-582d-0b5eea40f8eb;51:88:0A:9E;0;AVIÁRIO MEIO;712,00;04/12/2025;02:02:20;20;1282-20
CO2;1282;CT-CO2-0;02938df5-6afb-d44e-582d-0b5eea40f8eb;51:88:0A:9E;0;AVIÁRIO MEIO;703,00;04/12/2025;02:07:22;20;1282-20
CO2;1282;CT-CO2-0;02938df5-6afb-d44e-582d-0b5eea40f8eb;51:88:0A:9E;0;AVIÁRIO MEIO;724,00;04/12/2025;02:12:55;20;1282-20
CO2;1282;CT-CO2-0;02938df5-6afb-d44e-582d-0b5eea40f8eb;51:88:0A:9E;0;AVIÁRIO MEIO;719,00;04/12/2025;02:18:26;20;1282-20
CO2;1282;CT-CO2-0;02938df5-6afb-d44e-582d-0b5eea40f8eb;51:88:0A:9E;0;AVIÁRIO MEIO;701,00;04/12/2025;02:23:59;20;1282-20
CO2;1282;CT-CO2-0;02938df5-6afb-d44e-582d-0b5eea40f8eb;51:88:0A:9E;0;AVIÁRIO MEIO;701,00;04/12/2025;02:29:00;20;1282-20
CO2;1282;CT-CO2-0;02938df5-6afb-d44e-582d-0b5eea40f8eb;51:88:0A:9E;0;AVIÁRIO MEIO;715,00;04/12/2025;02:34:32;20;1282-20
CO2;1282;CT-CO2-0;02938df5-6afb-d44e-582d-0b5eea40f8eb;51:88:0A:9E;0;AVIÁRIO MEIO;705,00;04/12/2025;02:40:36;20;1282-20
CO2;1282;CT-CO2-0;02938df5-6afb-d44e-582d-0b5eea40f8eb;51:88:0A:9E;0;AVIÁRIO MEIO;707,00;04/12/2025;02:45:08;20;1282-20
CO2;1282;CT-CO2-0;02938df5-6afb-d44e-582d-0b5eea40f8eb;51:88:0A:9E;0;AVIÁRIO MEIO;723,00;04/12/2025;02:50:40;20;1282-20
CO2;1282;CT-CO2-0;02938df5-6afb-d44e-582d-0b5eea40f8eb;51:88:0A:9E;0;AVIÁRIO MEIO;707,00;04/12/2025;02:56:12;20;1282-20
CO2;1282;CT-CO2-0;02938df5-6afb-d44e-582d-0b5eea40f8eb;51:88:0A:9E;0;AVIÁRIO MEIO;705,00;04/12/2025;03:01:14;20;1282-20
CO2;1282;CT-CO2-0;02938df5-6afb-d44e-582d-0b5eea40f8eb;51:88:0A:9E;0;AVIÁRIO MEIO;704,00;04/12/2025;03:06:46;20;1282-20
CO2;1282;CT-CO2-0;02938df5-6afb-d44e-582d-0b5eea40f8eb;51:88:0A:9E;0;AVIÁRIO MEIO;705,00;04/12/2025;03:12:19;20;1282-20
CO2;1282;CT-CO2-0;02938df5-6afb-d44e-582d-0b5eea40f8eb;51:88:0A:9E;0;AVIÁRIO MEIO;700,00;04/12/2025;03:17:20;20;1282-20
CO2;1282;CT-CO2-0;02938df5-6afb-d44e-582d-0b5eea40f8eb;51:88:0A:9E;0;AVIÁRIO MEIO;696,00;04/12/2025;03:22:52;20;1282-20
CO2;1282;CT-CO2-0;02938df5-6afb-d44e-582d-0b5eea40f8eb;51:88:0A:9E;0;AVIÁRIO MEIO;682,00;04/12/2025;03:28:25;20;1282-20
CO2;1282;CT-CO2-0;02938df5-6afb-d44e-582d-0b5eea40f8eb;51:88:0A:9E;0;AVIÁRIO MEIO;688,00;04/12/2025;03:33:28;20;1282-20
CO2;1282;CT-CO2-0;02938df5-6afb-d44e-582d-0b5eea40f8eb;51:88:0A:9E;0;AVIÁRIO MEIO;701,00;04/12/2025;03:38:59;20;1282-20
CO2;1282;CT-CO2-0;02938df5-6afb-d44e-582d-0b5eea40f8eb;51:88:0A:9E;0;AVIÁRIO MEIO;708,00;04/12/2025;03:44:31;20;1282-20
CO2;1282;CT-CO2-0;02938df5-6afb-d44e-582d-0b5eea40f8eb;51:88:0A:9E;0;AVIÁRIO MEIO;720,00;04/12/2025;03:50:05;20;1282-20
CO2;1282;CT-CO2-0;02938df5-6afb-d44e-582d-0b5eea40f8eb;51:88:0A:9E;0;AVIÁRIO MEIO;703,00;04/12/2025;03:55:07;20;1282-20
CO2;1282;CT-CO2-0;02938df5-6afb-d44e-582d-0b5eea40f8eb;51:88:0A:9E;0;AVIÁRIO MEIO;701,00;04/12/2025;04:00:39;20;1282-20
CO2;1282;CT-CO2-0;02938df5-6afb-d44e-582d-0b5eea40f8eb;51:88:0A:9E;0;AVIÁRIO MEIO;682,00;04/12/2025;04:05:40;20;1282-20
CO2;1282;CT-CO2-0;02938df5-6afb-d44e-582d-0b5eea40f8eb;51:88:0A:9E;0;AVIÁRIO MEIO;692,00;04/12/2025;04:11:12;20;1282-20
CO2;1282;CT-CO2-0;02938df5-6afb-d44e-582d-0b5eea40f8eb;51:88:0A:9E;0;AVIÁRIO MEIO;700,00;04/12/2025;04:16:44;20;1282-20
CO2;1282;CT-CO2-0;02938df5-6afb-d44e-582d-0b5eea40f8eb;51:88:0A:9E;0;AVIÁRIO MEIO;706,00;04/12/2025;04:21:46;20;1282-20
CO2;1282;CT-CO2-0;02938df5-6afb-d44e-582d-0b5eea40f8eb;51:88:0A:9E;0;AVIÁRIO MEIO;693,00;04/12/2025;04:27:18;20;1282-20
CO2;1282;CT-CO2-0;02938df5-6afb-d44e-582d-0b5eea40f8eb;51:88:0A:9E;0;AVIÁRIO MEIO;683,00;04/12/2025;04:32:52;20;1282-20
CO2;1282;CT-CO2-0;02938df5-6afb-d44e-582d-0b5eea40f8eb;51:88:0A:9E;0;AVIÁRIO MEIO;702,00;04/12/2025;04:37:55;20;1282-20
CO2;1282;CT-CO2-0;02938df5-6afb-d44e-582d-0b5eea40f8eb;51:88:0A:9E;0;AVIÁRIO MEIO;692,00;04/12/2025;04:43:27;20;1282-20
CO2;1282;CT-CO2-0;02938df5-6afb-d44e-582d-0b5eea40f8eb;51:88:0A:9E;0;AVIÁRIO MEIO;696,00;04/12/2025;04:48:59;20;1282-20
CO2;1282;CT-CO2-0;02938df5-6afb-d44e-582d-0b5eea40f8eb;51:88:0A:9E;0;AVIÁRIO MEIO;696,00;04/12/2025;04:54:00;20;1282-20
CO2;1282;CT-CO2-0;02938df5-6afb-d44e-582d-0b5eea40f8eb;51:88:0A:9E;0;AVIÁRIO MEIO;717,00;04/12/2025;05:00:03;20;1282-20
CO2;1282;CT-CO2-0;02938df5-6afb-d44e-582d-0b5eea40f8eb;51:88:0A:9E;0;AVIÁRIO MEIO;710,00;04/12/2025;05:05:05;20;1282-20
CO2;1282;CT-CO2-0;02938df5-6afb-d44e-582d-0b5eea40f8eb;51:88:0A:9E;0;AVIÁRIO MEIO;709,00;04/12/2025;05:10:07;20;1282-20
CO2;1282;CT-CO2-0;02938df5-6afb-d44e-582d-0b5eea40f8eb;51:88:0A:9E;0;AVIÁRIO MEIO;731,00;04/12/2025;05:15:39;20;1282-20
CO2;1282;CT-CO2-0;02938df5-6afb-d44e-582d-0b5eea40f8eb;51:88:0A:9E;0;AVIÁRIO MEIO;721,00;04/12/2025;05:21:11;20;1282-20
CO2;1282;CT-CO2-0;02938df5-6afb-d44e-582d-0b5eea40f8eb;51:88:0A:9E;0;AVIÁRIO MEIO;743,00;04/12/2025;05:26:13;20;1282-20
CO2;1282;CT-CO2-0;02938df5-6afb-d44e-582d-0b5eea40f8eb;51:88:0A:9E;0;AVIÁRIO MEIO;740,00;04/12/2025;05:31:46;20;1282-20
CO2;1282;CT-CO2-0;02938df5-6afb-d44e-582d-0b5eea40f8eb;51:88:0A:9E;0;AVIÁRIO MEIO;755,00;04/12/2025;05:37:18;20;1282-20
CO2;1282;CT-CO2-0;02938df5-6afb-d44e-582d-0b5eea40f8eb;51:88:0A:9E;0;AVIÁRIO MEIO;753,00;04/12/2025;05:42:21;20;1282-20
CO2;1282;CT-CO2-0;02938df5-6afb-d44e-582d-0b5eea40f8eb;51:88:0A:9E;0;AVIÁRIO MEIO;742,00;04/12/2025;05:47:53;20;1282-20
CO2;1282;CT-CO2-0;02938df5-6afb-d44e-582d-0b5eea40f8eb;51:88:0A:9E;0;AVIÁRIO MEIO;740,00;04/12/2025;05:53:27;20;1282-20
CO2;1282;CT-CO2-0;02938df5-6afb-d44e-582d-0b5eea40f8eb;51:88:0A:9E;0;AVIÁRIO MEIO;737,00;04/12/2025;05:58:29;20;1282-20
CO2;1282;CT-CO2-0;02938df5-6afb-d44e-582d-0b5eea40f8eb;51:88:0A:9E;0;AVIÁRIO MEIO;734,00;04/12/2025;06:04:01;20;1282-20
CO2;1282;CT-CO2-0;02938df5-6afb-d44e-582d-0b5eea40f8eb;51:88:0A:9E;0;AVIÁRIO MEIO;751,00;04/12/2025;06:10:05;20;1282-20
CO2;1282;CT-CO2-0;02938df5-6afb-d44e-582d-0b5eea40f8eb;51:88:0A:9E;0;AVIÁRIO MEIO;764,00;04/12/2025;06:14:37;20;1282-20
CO2;1282;CT-CO2-0;02938df5-6afb-d44e-582d-0b5eea40f8eb;51:88:0A:9E;0;AVIÁRIO MEIO;789,00;04/12/2025;06:20:09;20;1282-20
CO2;1282;CT-CO2-0;02938df5-6afb-d44e-582d-0b5eea40f8eb;51:88:0A:9E;0;AVIÁRIO MEIO;771,00;04/12/2025;06:25:42;20;1282-20
CO2;1282;CT-CO2-0;02938df5-6afb-d44e-582d-0b5eea40f8eb;51:88:0A:9E;0;AVIÁRIO MEIO;736,00;04/12/2025;06:30:43;20;1282-20
CO2;1282;CT-CO2-0;02938df5-6afb-d44e-582d-0b5eea40f8eb;51:88:0A:9E;0;AVIÁRIO MEIO;712,00;04/12/2025;06:36:15;20;1282-20
CO2;1282;CT-CO2-0;02938df5-6afb-d44e-582d-0b5eea40f8eb;51:88:0A:9E;0;AVIÁRIO MEIO;722,00;04/12/2025;06:41:47;20;1282-20
CO2;1282;CT-CO2-0;02938df5-6afb-d44e-582d-0b5eea40f8eb;51:88:0A:9E;0;AVIÁRIO MEIO;713,00;04/12/2025;06:46:48;20;1282-20
CO2;1282;CT-CO2-0;02938df5-6afb-d44e-582d-0b5eea40f8eb;51:88:0A:9E;0;AVIÁRIO MEIO;710,00;04/12/2025;06:52:20;20;1282-20
CO2;1282;CT-CO2-0;02938df5-6afb-d44e-582d-0b5eea40f8eb;51:88:0A:9E;0;AVIÁRIO MEIO;706,00;04/12/2025;06:57:54;20;1282-20
CO2;1282;CT-CO2-0;02938df5-6afb-d44e-582d-0b5eea40f8eb;51:88:0A:9E;0;AVIÁRIO MEIO;707,00;04/12/2025;07:02:57;20;1282-20
CO2;1282;CT-CO2-0;02938df5-6afb-d44e-582d-0b5eea40f8eb;51:88:0A:9E;0;AVIÁRIO MEIO;713,00;04/12/2025;07:08:29;20;1282-20
CO2;1282;CT-CO2-0;02938df5-6afb-d44e-582d-0b5eea40f8eb;51:88:0A:9E;0;AVIÁRIO MEIO;717,00;04/12/2025;07:14:02;20;1282-20
CO2;1282;CT-CO2-0;02938df5-6afb-d44e-582d-0b5eea40f8eb;51:88:0A:9E;0;AVIÁRIO MEIO;702,00;04/12/2025;07:19:35;20;1282-20
CO2;1282;CT-CO2-0;02938df5-6afb-d44e-582d-0b5eea40f8eb;51:88:0A:9E;0;AVIÁRIO MEIO;705,00;04/12/2025;07:24:37;20;1282-20
CO2;1282;CT-CO2-0;02938df5-6afb-d44e-582d-0b5eea40f8eb;51:88:0A:9E;0;AVIÁRIO MEIO;707,00;04/12/2025;07:30:09;20;1282-20
CO2;1282;CT-CO2-0;02938df5-6afb-d44e-582d-0b5eea40f8eb;51:88:0A:9E;0;AVIÁRIO MEIO;679,00;04/12/2025;07:35:12;20;1282-20
CO2;1282;CT-CO2-0;02938df5-6afb-d44e-582d-0b5eea40f8eb;51:88:0A:9E;0;AVIÁRIO MEIO;685,00;04/12/2025;07:40:48;20;1282-20
CO2;1282;CT-CO2-0;02938df5-6afb-d44e-582d-0b5eea40f8eb;51:88:0A:9E;0;AVIÁRIO MEIO;694,00;04/12/2025;07:51:32;20;1282-20
CO2;1282;CT-CO2-0;02938df5-6afb-d44e-582d-0b5eea40f8eb;51:88:0A:9E;0;AVIÁRIO MEIO;690,00;04/12/2025;07:56:33;20;1282-20
CO2;1282;CT-CO2-0;02938df5-6afb-d44e-582d-0b5eea40f8eb;51:88:0A:9E;0;AVIÁRIO MEIO;674,00;04/12/2025;08:02:06;20;1282-20
CO2;1282;CT-CO2-0;02938df5-6afb-d44e-582d-0b5eea40f8eb;51:88:0A:9E;0;AVIÁRIO MEIO;683,00;04/12/2025;08:07:38;20;1282-20
CO2;1282;CT-CO2-0;02938df5-6afb-d44e-582d-0b5eea40f8eb;51:88:0A:9E;0;AVIÁRIO MEIO;690,00;04/12/2025;08:12:40;20;1282-20
CO2;1282;CT-CO2-0;02938df5-6afb-d44e-582d-0b5eea40f8eb;51:88:0A:9E;0;AVIÁRIO MEIO;718,00;04/12/2025;08:18:11;20;1282-20
CO2;1282;CT-CO2-0;02938df5-6afb-d44e-582d-0b5eea40f8eb;51:88:0A:9E;0;AVIÁRIO MEIO;692,00;04/12/2025;08:23:45;20;1282-20
CO2;1282;CT-CO2-0;02938df5-6afb-d44e-582d-0b5eea40f8eb;51:88:0A:9E;0;AVIÁRIO MEIO;711,00;04/12/2025;08:29:19;20;1282-20
CO2;1282;CT-CO2-0;02938df5-6afb-d44e-582d-0b5eea40f8eb;51:88:0A:9E;0;AVIÁRIO MEIO;711,00;04/12/2025;08:34:21;20;1282-20
CO2;1282;CT-CO2-0;02938df5-6afb-d44e-582d-0b5eea40f8eb;51:88:0A:9E;0;AVIÁRIO MEIO;695,00;04/12/2025;08:39:54;20;1282-20
CO2;1282;CT-CO2-0;02938df5-6afb-d44e-582d-0b5eea40f8eb;51:88:0A:9E;0;AVIÁRIO MEIO;704,00;04/12/2025;08:44:55;20;1282-20
CO2;1282;CT-CO2-0;02938df5-6afb-d44e-582d-0b5eea40f8eb;51:88:0A:9E;0;AVIÁRIO MEIO;712,00;04/12/2025;08:50:27;20;1282-20
CO2;1282;CT-CO2-0;02938df5-6afb-d44e-582d-0b5eea40f8eb;51:88:0A:9E;0;AVIÁRIO MEIO;702,00;04/12/2025;08:56:00;20;1282-20
CO2;1282;CT-CO2-0;02938df5-6afb-d44e-582d-0b5eea40f8eb;51:88:0A:9E;0;AVIÁRIO MEIO;673,00;04/12/2025;09:01:02;20;1282-20
CO2;1282;CT-CO2-0;02938df5-6afb-d44e-582d-0b5eea40f8eb;51:88:0A:9E;0;AVIÁRIO MEIO;687,00;04/12/2025;09:06:34;20;1282-20
CO2;1282;CT-CO2-0;02938df5-6afb-d44e-582d-0b5eea40f8eb;51:88:0A:9E;0;AVIÁRIO MEIO;707,00;04/12/2025;09:12:07;20;1282-20
CO2;1282;CT-CO2-0;02938df5-6afb-d44e-582d-0b5eea40f8eb;51:88:0A:9E;0;AVIÁRIO MEIO;723,00;04/12/2025;09:17:38;20;1282-20
CO2;1282;CT-CO2-0;02938df5-6afb-d44e-582d-0b5eea40f8eb;51:88:0A:9E;0;AVIÁRIO MEIO;694,00;04/12/2025;09:22:40;20;1282-20
CO2;1282;CT-CO2-0;02938df5-6afb-d44e-582d-0b5eea40f8eb;51:88:0A:9E;0;AVIÁRIO MEIO;696,00;04/12/2025;09:28:12;20;1282-20
CO2;1282;CT-CO2-0;02938df5-6afb-d44e-582d-0b5eea40f8eb;51:88:0A:9E;0;AVIÁRIO MEIO;703,00;04/12/2025;09:33:45;20;1282-20
CO2;1282;CT-CO2-0;02938df5-6afb-d44e-582d-0b5eea40f8eb;51:88:0A:9E;0;AVIÁRIO MEIO;709,00;04/12/2025;09:39:18;20;1282-20
CO2;1282;CT-CO2-0;02938df5-6afb-d44e-582d-0b5eea40f8eb;51:88:0A:9E;0;AVIÁRIO MEIO;695,00;04/12/2025;09:44:22;20;1282-20
CO2;1282;CT-CO2-0;02938df5-6afb-d44e-582d-0b5eea40f8eb;51:88:0A:9E;0;AVIÁRIO MEIO;711,00;04/12/2025;09:49:23;20;1282-20
CO2;1282;CT-CO2-0;02938df5-6afb-d44e-582d-0b5eea40f8eb;51:88:0A:9E;0;AVIÁRIO MEIO;703,00;04/12/2025;09:54:56;20;1282-20
CO2;1282;CT-CO2-0;02938df5-6afb-d44e-582d-0b5eea40f8eb;51:88:0A:9E;0;AVIÁRIO MEIO;697,00;04/12/2025;10:00:28;20;1282-20
CO2;1282;CT-CO2-0;02938df5-6afb-d44e-582d-0b5eea40f8eb;51:88:0A:9E;0;AVIÁRIO MEIO;709,00;04/12/2025;10:05:32;20;1282-20
CO2;1282;CT-CO2-0;02938df5-6afb-d44e-582d-0b5eea40f8eb;51:88:0A:9E;0;AVIÁRIO MEIO;677,00;04/12/2025;10:11:04;20;1282-20
CO2;1282;CT-CO2-0;02938df5-6afb-d44e-582d-0b5eea40f8eb;51:88:0A:9E;0;AVIÁRIO MEIO;709,00;04/12/2025;10:16:37;20;1282-20
CO2;1282;CT-CO2-0;02938df5-6afb-d44e-582d-0b5eea40f8eb;51:88:0A:9E;0;AVIÁRIO MEIO;682,00;04/12/2025;10:21:38;20;1282-20
CO2;1282;CT-CO2-0;02938df5-6afb-d44e-582d-0b5eea40f8eb;51:88:0A:9E;0;AVIÁRIO MEIO;671,00;04/12/2025;10:27:11;20;1282-20
CO2;1282;CT-CO2-0;02938df5-6afb-d44e-582d-0b5eea40f8eb;51:88:0A:9E;0;AVIÁRIO MEIO;691,00;04/12/2025;10:32:44;20;1282-20
CO2;1282;CT-CO2-0;02938df5-6afb-d44e-582d-0b5eea40f8eb;51:88:0A:9E;0;AVIÁRIO MEIO;680,00;04/12/2025;10:37:46;20;1282-20
CO2;1282;CT-CO2-0;02938df5-6afb-d44e-582d-0b5eea40f8eb;51:88:0A:9E;0;AVIÁRIO MEIO;690,00;04/12/2025;10:43:18;20;1282-20
CO2;1282;CT-CO2-0;02938df5-6afb-d44e-582d-0b5eea40f8eb;51:88:0A:9E;0;AVIÁRIO MEIO;688,00;04/12/2025;10:49:22;20;1282-20
CO2;1282;CT-CO2-0;02938df5-6afb-d44e-582d-0b5eea40f8eb;51:88:0A:9E;0;AVIÁRIO MEIO;694,00;04/12/2025;10:53:54;20;1282-20
CO2;1282;CT-CO2-0;02938df5-6afb-d44e-582d-0b5eea40f8eb;51:88:0A:9E;0;AVIÁRIO MEIO;696,00;04/12/2025;10:59:26;20;1282-20
CO2;1282;CT-CO2-0;02938df5-6afb-d44e-582d-0b5eea40f8eb;51:88:0A:9E;0;AVIÁRIO MEIO;690,00;04/12/2025;11:04:58;20;1282-20
CO2;1282;CT-CO2-0;02938df5-6afb-d44e-582d-0b5eea40f8eb;51:88:0A:9E;0;AVIÁRIO MEIO;686,00;04/12/2025;11:09:59;20;1282-20
CO2;1282;CT-CO2-0;02938df5-6afb-d44e-582d-0b5eea40f8eb;51:88:0A:9E;0;AVIÁRIO MEIO;698,00;04/12/2025;11:15:32;20;1282-20
CO2;1282;CT-CO2-0;02938df5-6afb-d44e-582d-0b5eea40f8eb;51:88:0A:9E;0;AVIÁRIO MEIO;728,00;04/12/2025;11:21:04;20;1282-20
CO2;1282;CT-CO2-0;02938df5-6afb-d44e-582d-0b5eea40f8eb;51:88:0A:9E;0;AVIÁRIO MEIO;699,00;04/12/2025;11:26:05;20;1282-20
CO2;1282;CT-CO2-0;02938df5-6afb-d44e-582d-0b5eea40f8eb;51:88:0A:9E;0;AVIÁRIO MEIO;700,00;04/12/2025;11:31:37;20;1282-20
CO2;1282;CT-CO2-0;02938df5-6afb-d44e-582d-0b5eea40f8eb;51:88:0A:9E;0;AVIÁRIO MEIO;683,00;04/12/2025;11:37:10;20;1282-20
CO2;1282;CT-CO2-0;02938df5-6afb-d44e-582d-0b5eea40f8eb;51:88:0A:9E;0;AVIÁRIO MEIO;696,00;04/12/2025;11:42:42;20;1282-20
CO2;1282;CT-CO2-0;02938df5-6afb-d44e-582d-0b5eea40f8eb;51:88:0A:9E;0;AVIÁRIO MEIO;699,00;04/12/2025;11:47:46;20;1282-20
CO2;1282;CT-CO2-0;02938df5-6afb-d44e-582d-0b5eea40f8eb;51:88:0A:9E;0;AVIÁRIO MEIO;677,00;04/12/2025;11:53:18;20;1282-20
CO2;1282;CT-CO2-0;02938df5-6afb-d44e-582d-0b5eea40f8eb;51:88:0A:9E;0;AVIÁRIO MEIO;682,00;04/12/2025;11:59:22;20;1282-20
CO2;1282;CT-CO2-0;02938df5-6afb-d44e-582d-0b5eea40f8eb;51:88:0A:9E;0;AVIÁRIO MEIO;688,00;04/12/2025;12:03:54;20;1282-20
CO2;1282;CT-CO2-0;02938df5-6afb-d44e-582d-0b5eea40f8eb;51:88:0A:9E;0;AVIÁRIO MEIO;697,00;04/12/2025;12:09:26;20;1282-20
CO2;1282;CT-CO2-0;02938df5-6afb-d44e-582d-0b5eea40f8eb;51:88:0A:9E;0;AVIÁRIO MEIO;680,00;04/12/2025;12:14:28;20;1282-20
CO2;1282;CT-CO2-0;02938df5-6afb-d44e-582d-0b5eea40f8eb;51:88:0A:9E;0;AVIÁRIO MEIO;690,00;04/12/2025;12:20:01;20;1282-20
CO2;1282;CT-CO2-0;02938df5-6afb-d44e-582d-0b5eea40f8eb;51:88:0A:9E;0;AVIÁRIO MEIO;685,00;04/12/2025;12:25:33;20;1282-20
CO2;1282;CT-CO2-0;02938df5-6afb-d44e-582d-0b5eea40f8eb;51:88:0A:9E;0;AVIÁRIO MEIO;689,00;04/12/2025;12:30:35;20;1282-20
CO2;1282;CT-CO2-0;02938df5-6afb-d44e-582d-0b5eea40f8eb;51:88:0A:9E;0;AVIÁRIO MEIO;679,00;04/12/2025;12:36:07;20;1282-20
CO2;1282;CT-CO2-0;02938df5-6afb-d44e-582d-0b5eea40f8eb;51:88:0A:9E;0;AVIÁRIO MEIO;680,00;04/12/2025;12:41:39;20;1282-20
CO2;1282;CT-CO2-0;02938df5-6afb-d44e-582d-0b5eea40f8eb;51:88:0A:9E;0;AVIÁRIO MEIO;687,00;04/12/2025;12:46:41;20;1282-20
CO2;1282;CT-CO2-0;02938df5-6afb-d44e-582d-0b5eea40f8eb;51:88:0A:9E;0;AVIÁRIO MEIO;670,00;04/12/2025;12:52:13;20;1282-20
CO2;1282;CT-CO2-0;02938df5-6afb-d44e-582d-0b5eea40f8eb;51:88:0A:9E;0;AVIÁRIO MEIO;694,00;04/12/2025;12:57:45;20;1282-20
CO2;1282;CT-CO2-0;02938df5-6afb-d44e-582d-0b5eea40f8eb;51:88:0A:9E;0;AVIÁRIO MEIO;669,00;04/12/2025;13:03:17;20;1282-20
CO2;1282;CT-CO2-0;02938df5-6afb-d44e-582d-0b5eea40f8eb;51:88:0A:9E;0;AVIÁRIO MEIO;683,00;04/12/2025;13:08:52;20;1282-20
CO2;1282;CT-CO2-0;02938df5-6afb-d44e-582d-0b5eea40f8eb;51:88:0A:9E;0;AVIÁRIO MEIO;688,00;04/12/2025;13:13:54;20;1282-20
CO2;1282;CT-CO2-0;02938df5-6afb-d44e-582d-0b5eea40f8eb;51:88:0A:9E;0;AVIÁRIO MEIO;687,00;04/12/2025;13:19:01;20;1282-20
CO2;1282;CT-CO2-0;02938df5-6afb-d44e-582d-0b5eea40f8eb;51:88:0A:9E;0;AVIÁRIO MEIO;673,00;04/12/2025;13:24:32;20;1282-20
CO2;1282;CT-CO2-0;02938df5-6afb-d44e-582d-0b5eea40f8eb;51:88:0A:9E;0;AVIÁRIO MEIO;687,00;04/12/2025;13:30:05;20;1282-20
CO2;1282;CT-CO2-0;02938df5-6afb-d44e-582d-0b5eea40f8eb;51:88:0A:9E;0;AVIÁRIO MEIO;681,00;04/12/2025;13:35:07;20;1282-20
CO2;1282;CT-CO2-0;02938df5-6afb-d44e-582d-0b5eea40f8eb;51:88:0A:9E;0;AVIÁRIO MEIO;665,00;04/12/2025;13:40:40;20;1282-20
CO2;1282;CT-CO2-0;02938df5-6afb-d44e-582d-0b5eea40f8eb;51:88:0A:9E;0;AVIÁRIO MEIO;700,00;04/12/2025;13:46:12;20;1282-20
CO2;1282;CT-CO2-0;02938df5-6afb-d44e-582d-0b5eea40f8eb;51:88:0A:9E;0;AVIÁRIO MEIO;679,00;04/12/2025;13:51:15;20;1282-20
CO2;1282;CT-CO2-0;02938df5-6afb-d44e-582d-0b5eea40f8eb;51:88:0A:9E;0;AVIÁRIO MEIO;690,00;04/12/2025;13:56:47;20;1282-20
CO2;1282;CT-CO2-0;02938df5-6afb-d44e-582d-0b5eea40f8eb;51:88:0A:9E;0;AVIÁRIO MEIO;676,00;04/12/2025;14:02:19;20;1282-20
CO2;1282;CT-CO2-0;02938df5-6afb-d44e-582d-0b5eea40f8eb;51:88:0A:9E;0;AVIÁRIO MEIO;681,00;04/12/2025;14:07:22;20;1282-20
CO2;1282;CT-CO2-0;02938df5-6afb-d44e-582d-0b5eea40f8eb;51:88:0A:9E;0;AVIÁRIO MEIO;689,00;04/12/2025;14:12:53;20;1282-20
CO2;1282;CT-CO2-0;02938df5-6afb-d44e-582d-0b5eea40f8eb;51:88:0A:9E;0;AVIÁRIO MEIO;677,00;04/12/2025;14:18:55;20;1282-20
CO2;1282;CT-CO2-0;02938df5-6afb-d44e-582d-0b5eea40f8eb;51:88:0A:9E;0;AVIÁRIO MEIO;683,00;04/12/2025;14:23:27;20;1282-20
CO2;1282;CT-CO2-0;02938df5-6afb-d44e-582d-0b5eea40f8eb;51:88:0A:9E;0;AVIÁRIO MEIO;676,00;04/12/2025;14:29:00;20;1282-20
CO2;1282;CT-CO2-0;02938df5-6afb-d44e-582d-0b5eea40f8eb;51:88:0A:9E;0;AVIÁRIO MEIO;670,00;04/12/2025;14:34:32;20;1282-20
CO2;1282;CT-CO2-0;02938df5-6afb-d44e-582d-0b5eea40f8eb;51:88:0A:9E;0;AVIÁRIO MEIO;693,00;04/12/2025;14:39:34;20;1282-20
CO2;1282;CT-CO2-0;02938df5-6afb-d44e-582d-0b5eea40f8eb;51:88:0A:9E;0;AVIÁRIO MEIO;684,00;04/12/2025;14:45:06;20;1282-20
CO2;1282;CT-CO2-0;02938df5-6afb-d44e-582d-0b5eea40f8eb;51:88:0A:9E;0;AVIÁRIO MEIO;677,00;04/12/2025;14:50:38;20;1282-20
CO2;1282;CT-CO2-0;02938df5-6afb-d44e-582d-0b5eea40f8eb;51:88:0A:9E;0;AVIÁRIO MEIO;672,00;04/12/2025;14:55:40;20;1282-20
CO2;1282;CT-CO2-0;02938df5-6afb-d44e-582d-0b5eea40f8eb;51:88:0A:9E;0;AVIÁRIO MEIO;675,00;04/12/2025;15:01:15;20;1282-20
CO2;1282;CT-CO2-0;02938df5-6afb-d44e-582d-0b5eea40f8eb;51:88:0A:9E;0;AVIÁRIO MEIO;688,00;04/12/2025;15:06:48;20;1282-20
CO2;1282;CT-CO2-0;02938df5-6afb-d44e-582d-0b5eea40f8eb;51:88:0A:9E;0;AVIÁRIO MEIO;686,00;04/12/2025;15:11:50;20;1282-20
CO2;1282;CT-CO2-0;02938df5-6afb-d44e-582d-0b5eea40f8eb;51:88:0A:9E;0;AVIÁRIO MEIO;665,00;04/12/2025;15:17:23;20;1282-20
CO2;1282;CT-CO2-0;02938df5-6afb-d44e-582d-0b5eea40f8eb;51:88:0A:9E;0;AVIÁRIO MEIO;680,00;04/12/2025;15:22:55;20;1282-20
CO2;1282;CT-CO2-0;02938df5-6afb-d44e-582d-0b5eea40f8eb;51:88:0A:9E;0;AVIÁRIO MEIO;698,00;04/12/2025;15:28:29;20;1282-20
CO2;1282;CT-CO2-0;02938df5-6afb-d44e-582d-0b5eea40f8eb;51:88:0A:9E;0;AVIÁRIO MEIO;684,00;04/12/2025;15:33:31;20;1282-20
CO2;1282;CT-CO2-0;02938df5-6afb-d44e-582d-0b5eea40f8eb;51:88:0A:9E;0;AVIÁRIO MEIO;688,00;04/12/2025;15:39:04;20;1282-20
CO2;1282;CT-CO2-0;02938df5-6afb-d44e-582d-0b5eea40f8eb;51:88:0A:9E;0;AVIÁRIO MEIO;690,00;04/12/2025;15:44:07;20;1282-20
CO2;1282;CT-CO2-0;02938df5-6afb-d44e-582d-0b5eea40f8eb;51:88:0A:9E;0;AVIÁRIO MEIO;685,00;04/12/2025;15:49:38;20;1282-20
CO2;1282;CT-CO2-0;02938df5-6afb-d44e-582d-0b5eea40f8eb;51:88:0A:9E;0;AVIÁRIO MEIO;691,00;04/12/2025;15:55:11;20;1282-20
CO2;1282;CT-CO2-0;02938df5-6afb-d44e-582d-0b5eea40f8eb;51:88:0A:9E;0;AVIÁRIO MEIO;682,00;04/12/2025;16:00:13;20;1282-20
CO2;1282;CT-CO2-0;02938df5-6afb-d44e-582d-0b5eea40f8eb;51:88:0A:9E;0;AVIÁRIO MEIO;682,00;04/12/2025;16:05:45;20;1282-20
CO2;1282;CT-CO2-0;02938df5-6afb-d44e-582d-0b5eea40f8eb;51:88:0A:9E;0;AVIÁRIO MEIO;695,00;04/12/2025;16:11:17;20;1282-20
CO2;1282;CT-CO2-0;02938df5-6afb-d44e-582d-0b5eea40f8eb;51:88:0A:9E;0;AVIÁRIO MEIO;691,00;04/12/2025;16:16:19;20;1282-20
CO2;1282;CT-CO2-0;02938df5-6afb-d44e-582d-0b5eea40f8eb;51:88:0A:9E;0;AVIÁRIO MEIO;698,00;04/12/2025;16:21:53;20;1282-20
CO2;1282;CT-CO2-0;02938df5-6afb-d44e-582d-0b5eea40f8eb;51:88:0A:9E;0;AVIÁRIO MEIO;670,00;04/12/2025;16:27:26;20;1282-20
CO2;1282;CT-CO2-0;02938df5-6afb-d44e-582d-0b5eea40f8eb;51:88:0A:9E;0;AVIÁRIO MEIO;687,00;04/12/2025;16:32:29;20;1282-20
CO2;1282;CT-CO2-0;02938df5-6afb-d44e-582d-0b5eea40f8eb;51:88:0A:9E;0;AVIÁRIO MEIO;688,00;04/12/2025;16:38:35;20;1282-20
CO2;1282;CT-CO2-0;02938df5-6afb-d44e-582d-0b5eea40f8eb;51:88:0A:9E;0;AVIÁRIO MEIO;682,00;04/12/2025;16:43:07;20;1282-20
CO2;1282;CT-CO2-0;02938df5-6afb-d44e-582d-0b5eea40f8eb;51:88:0A:9E;0;AVIÁRIO MEIO;675,00;04/12/2025;16:48:41;20;1282-20
CO2;1282;CT-CO2-0;02938df5-6afb-d44e-582d-0b5eea40f8eb;51:88:0A:9E;0;AVIÁRIO MEIO;690,00;04/12/2025;16:54:13;20;1282-20
CO2;1282;CT-CO2-0;02938df5-6afb-d44e-582d-0b5eea40f8eb;51:88:0A:9E;0;AVIÁRIO MEIO;699,00;04/12/2025;16:59:15;20;1282-20
CO2;1282;CT-CO2-0;02938df5-6afb-d44e-582d-0b5eea40f8eb;51:88:0A:9E;0;AVIÁRIO MEIO;691,00;04/12/2025;17:04:47;20;1282-20
CO2;1282;CT-CO2-0;02938df5-6afb-d44e-582d-0b5eea40f8eb;51:88:0A:9E;0;AVIÁRIO MEIO;676,00;04/12/2025;17:10:20;20;1282-20
CO2;1282;CT-CO2-0;02938df5-6afb-d44e-582d-0b5eea40f8eb;51:88:0A:9E;0;AVIÁRIO MEIO;671,00;04/12/2025;17:15:22;20;1282-20
CO2;1282;CT-CO2-0;02938df5-6afb-d44e-582d-0b5eea40f8eb;51:88:0A:9E;0;AVIÁRIO MEIO;659,00;04/12/2025;17:26:29;20;1282-20
CO2;1282;CT-CO2-0;02938df5-6afb-d44e-582d-0b5eea40f8eb;51:88:0A:9E;0;AVIÁRIO MEIO;664,00;04/12/2025;17:31:31;20;1282-20
CO2;1282;CT-CO2-0;02938df5-6afb-d44e-582d-0b5eea40f8eb;51:88:0A:9E;0;AVIÁRIO MEIO;673,00;04/12/2025;17:37:03;20;1282-20
CO2;1282;CT-CO2-0;02938df5-6afb-d44e-582d-0b5eea40f8eb;51:88:0A:9E;0;AVIÁRIO MEIO;683,00;04/12/2025;17:42:35;20;1282-20
CO2;1282;CT-CO2-0;02938df5-6afb-d44e-582d-0b5eea40f8eb;51:88:0A:9E;0;AVIÁRIO MEIO;667,00;04/12/2025;17:48:09;20;1282-20
CO2;1282;CT-CO2-0;02938df5-6afb-d44e-582d-0b5eea40f8eb;51:88:0A:9E;0;AVIÁRIO MEIO;662,00;04/12/2025;17:53:11;20;1282-20
CO2;1282;CT-CO2-0;02938df5-6afb-d44e-582d-0b5eea40f8eb;51:88:0A:9E;0;AVIÁRIO MEIO;682,00;04/12/2025;17:58:43;20;1282-20
CO2;1282;CT-CO2-0;02938df5-6afb-d44e-582d-0b5eea40f8eb;51:88:0A:9E;0;AVIÁRIO MEIO;703,00;04/12/2025;18:03:44;20;1282-20
CO2;1282;CT-CO2-0;02938df5-6afb-d44e-582d-0b5eea40f8eb;51:88:0A:9E;0;AVIÁRIO MEIO;694,00;04/12/2025;18:09:16;20;1282-20
CO2;1282;CT-CO2-0;02938df5-6afb-d44e-582d-0b5eea40f8eb;51:88:0A:9E;0;AVIÁRIO MEIO;719,00;04/12/2025;18:14:48;20;1282-20
CO2;1282;CT-CO2-0;02938df5-6afb-d44e-582d-0b5eea40f8eb;51:88:0A:9E;0;AVIÁRIO MEIO;690,00;04/12/2025;18:19:50;20;1282-20
CO2;1282;CT-CO2-0;02938df5-6afb-d44e-582d-0b5eea40f8eb;51:88:0A:9E;0;AVIÁRIO MEIO;687,00;04/12/2025;18:25:21;20;1282-20
CO2;1282;CT-CO2-0;02938df5-6afb-d44e-582d-0b5eea40f8eb;51:88:0A:9E;0;AVIÁRIO MEIO;709,00;04/12/2025;18:30:55;20;1282-20
CO2;1282;CT-CO2-0;02938df5-6afb-d44e-582d-0b5eea40f8eb;51:88:0A:9E;0;AVIÁRIO MEIO;718,00;04/12/2025;18:41:30;20;1282-20
CO2;1282;CT-CO2-0;02938df5-6afb-d44e-582d-0b5eea40f8eb;51:88:0A:9E;0;AVIÁRIO MEIO;743,00;04/12/2025;18:47:03;20;1282-20
CO2;1282;CT-CO2-0;02938df5-6afb-d44e-582d-0b5eea40f8eb;51:88:0A:9E;0;AVIÁRIO MEIO;746,00;04/12/2025;18:52:05;20;1282-20
CO2;1282;CT-CO2-0;02938df5-6afb-d44e-582d-0b5eea40f8eb;51:88:0A:9E;0;AVIÁRIO MEIO;736,00;04/12/2025;18:58:08;20;1282-20
CO2;1282;CT-CO2-0;02938df5-6afb-d44e-582d-0b5eea40f8eb;51:88:0A:9E;0;AVIÁRIO MEIO;760,00;04/12/2025;19:03:10;20;1282-20
CO2;1282;CT-CO2-0;02938df5-6afb-d44e-582d-0b5eea40f8eb;51:88:0A:9E;0;AVIÁRIO MEIO;749,00;04/12/2025;19:08:12;20;1282-20
CO2;1282;CT-CO2-0;02938df5-6afb-d44e-582d-0b5eea40f8eb;51:88:0A:9E;0;AVIÁRIO MEIO;750,00;04/12/2025;19:13:44;20;1282-20
CO2;1282;CT-CO2-0;02938df5-6afb-d44e-582d-0b5eea40f8eb;51:88:0A:9E;0;AVIÁRIO MEIO;756,00;04/12/2025;19:19:15;20;1282-20
CO2;1282;CT-CO2-0;02938df5-6afb-d44e-582d-0b5eea40f8eb;51:88:0A:9E;0;AVIÁRIO MEIO;763,00;04/12/2025;19:24:17;20;1282-20
CO2;1282;CT-CO2-0;02938df5-6afb-d44e-582d-0b5eea40f8eb;51:88:0A:9E;0;AVIÁRIO MEIO;752,00;04/12/2025;19:29:50;20;1282-20
CO2;1282;CT-CO2-0;02938df5-6afb-d44e-582d-0b5eea40f8eb;51:88:0A:9E;0;AVIÁRIO MEIO;745,00;04/12/2025;19:35:23;20;1282-20
CO2;1282;CT-CO2-0;02938df5-6afb-d44e-582d-0b5eea40f8eb;51:88:0A:9E;0;AVIÁRIO MEIO;765,00;04/12/2025;19:40:25;20;1282-20
CO2;1282;CT-CO2-0;02938df5-6afb-d44e-582d-0b5eea40f8eb;51:88:0A:9E;0;AVIÁRIO MEIO;777,00;04/12/2025;19:51:30;20;1282-20
CO2;1282;CT-CO2-0;02938df5-6afb-d44e-582d-0b5eea40f8eb;51:88:0A:9E;0;AVIÁRIO MEIO;751,00;04/12/2025;19:56:32;20;1282-20
CO2;1282;CT-CO2-0;02938df5-6afb-d44e-582d-0b5eea40f8eb;51:88:0A:9E;0;AVIÁRIO MEIO;777,00;04/12/2025;20:02:05;20;1282-20
CO2;1282;CT-CO2-0;02938df5-6afb-d44e-582d-0b5eea40f8eb;51:88:0A:9E;0;AVIÁRIO MEIO;695,00;04/12/2025;20:08:08;20;1282-20
CO2;1282;CT-CO2-0;02938df5-6afb-d44e-582d-0b5eea40f8eb;51:88:0A:9E;0;AVIÁRIO MEIO;695,00;04/12/2025;20:12:40;20;1282-20
CO2;1282;CT-CO2-0;02938df5-6afb-d44e-582d-0b5eea40f8eb;51:88:0A:9E;0;AVIÁRIO MEIO;696,00;04/12/2025;20:18:13;20;1282-20
CO2;1282;CT-CO2-0;02938df5-6afb-d44e-582d-0b5eea40f8eb;51:88:0A:9E;0;AVIÁRIO MEIO;702,00;04/12/2025;20:23:45;20;1282-20
CO2;1282;CT-CO2-0;02938df5-6afb-d44e-582d-0b5eea40f8eb;51:88:0A:9E;0;AVIÁRIO MEIO;722,00;04/12/2025;20:28:47;20;1282-20
CO2;1282;CT-CO2-0;02938df5-6afb-d44e-582d-0b5eea40f8eb;51:88:0A:9E;0;AVIÁRIO MEIO;757,00;04/12/2025;20:34:19;20;1282-20
CO2;1282;CT-CO2-0;02938df5-6afb-d44e-582d-0b5eea40f8eb;51:88:0A:9E;0;AVIÁRIO MEIO;733,00;04/12/2025;20:39:52;20;1282-20
CO2;1282;CT-CO2-0;02938df5-6afb-d44e-582d-0b5eea40f8eb;51:88:0A:9E;0;AVIÁRIO MEIO;693,00;04/12/2025;20:44:54;20;1282-20
CO2;1282;CT-CO2-0;02938df5-6afb-d44e-582d-0b5eea40f8eb;51:88:0A:9E;0;AVIÁRIO MEIO;658,00;04/12/2025;20:50:26;20;1282-20
CO2;1282;CT-CO2-0;02938df5-6afb-d44e-582d-0b5eea40f8eb;51:88:0A:9E;0;AVIÁRIO MEIO;649,00;04/12/2025;20:56:04;20;1282-20
CO2;1282;CT-CO2-0;02938df5-6afb-d44e-582d-0b5eea40f8eb;51:88:0A:9E;0;AVIÁRIO MEIO;651,00;04/12/2025;21:01:36;20;1282-20
CO2;1282;CT-CO2-0;02938df5-6afb-d44e-582d-0b5eea40f8eb;51:88:0A:9E;0;AVIÁRIO MEIO;659,00;04/12/2025;21:07:08;20;1282-20
CO2;1282;CT-CO2-0;02938df5-6afb-d44e-582d-0b5eea40f8eb;51:88:0A:9E;0;AVIÁRIO MEIO;654,00;04/12/2025;21:12:14;20;1282-20
CO2;1282;CT-CO2-0;02938df5-6afb-d44e-582d-0b5eea40f8eb;51:88:0A:9E;0;AVIÁRIO MEIO;652,00;04/12/2025;21:18:18;20;1282-20
CO2;1282;CT-CO2-0;02938df5-6afb-d44e-582d-0b5eea40f8eb;51:88:0A:9E;0;AVIÁRIO MEIO;648,00;04/12/2025;21:23:31;20;1282-20
CO2;1282;CT-CO2-0;02938df5-6afb-d44e-582d-0b5eea40f8eb;51:88:0A:9E;0;AVIÁRIO MEIO;639,00;04/12/2025;21:28:33;20;1282-20
CO2;1282;CT-CO2-0;02938df5-6afb-d44e-582d-0b5eea40f8eb;51:88:0A:9E;0;AVIÁRIO MEIO;637,00;04/12/2025;21:34:05;20;1282-20
CO2;1282;CT-CO2-0;02938df5-6afb-d44e-582d-0b5eea40f8eb;51:88:0A:9E;0;AVIÁRIO MEIO;642,00;04/12/2025;21:39:12;20;1282-20
CO2;1282;CT-CO2-0;02938df5-6afb-d44e-582d-0b5eea40f8eb;51:88:0A:9E;0;AVIÁRIO MEIO;636,00;04/12/2025;21:44:44;20;1282-20
CO2;1282;CT-CO2-0;02938df5-6afb-d44e-582d-0b5eea40f8eb;51:88:0A:9E;0;AVIÁRIO MEIO;634,00;04/12/2025;21:49:46;20;1282-20
CO2;1282;CT-CO2-0;02938df5-6afb-d44e-582d-0b5eea40f8eb;51:88:0A:9E;0;AVIÁRIO MEIO;632,00;04/12/2025;21:55:17;20;1282-20
CO2;1282;CT-CO2-0;02938df5-6afb-d44e-582d-0b5eea40f8eb;51:88:0A:9E;0;AVIÁRIO MEIO;616,00;04/12/2025;22:00:49;20;1282-20
CO2;1282;CT-CO2-0;02938df5-6afb-d44e-582d-0b5eea40f8eb;51:88:0A:9E;0;AVIÁRIO MEIO;622,00;04/12/2025;22:06:21;20;1282-20
CO2;1282;CT-CO2-0;02938df5-6afb-d44e-582d-0b5eea40f8eb;51:88:0A:9E;0;AVIÁRIO MEIO;698,00;04/12/2025;22:11:25;20;1282-20
CO2;1282;CT-CO2-0;02938df5-6afb-d44e-582d-0b5eea40f8eb;51:88:0A:9E;0;AVIÁRIO MEIO;737,00;04/12/2025;22:16:57;20;1282-20
CO2;1282;CT-CO2-0;02938df5-6afb-d44e-582d-0b5eea40f8eb;51:88:0A:9E;0;AVIÁRIO MEIO;625,00;04/12/2025;22:22:29;20;1282-20
CO2;1282;CT-CO2-0;02938df5-6afb-d44e-582d-0b5eea40f8eb;51:88:0A:9E;0;AVIÁRIO MEIO;624,00;04/12/2025;22:28:07;20;1282-20
CO2;1282;CT-CO2-0;02938df5-6afb-d44e-582d-0b5eea40f8eb;51:88:0A:9E;0;AVIÁRIO MEIO;618,00;04/12/2025;22:33:09;20;1282-20
CO2;1282;CT-CO2-0;02938df5-6afb-d44e-582d-0b5eea40f8eb;51:88:0A:9E;0;AVIÁRIO MEIO;629,00;04/12/2025;22:38:10;20;1282-20
CO2;1282;CT-CO2-0;02938df5-6afb-d44e-582d-0b5eea40f8eb;51:88:0A:9E;0;AVIÁRIO MEIO;625,00;04/12/2025;22:49:14;20;1282-20
CO2;1282;CT-CO2-0;02938df5-6afb-d44e-582d-0b5eea40f8eb;51:88:0A:9E;0;AVIÁRIO MEIO;665,00;04/12/2025;22:59:48;20;1282-20
CO2;1282;CT-CO2-0;02938df5-6afb-d44e-582d-0b5eea40f8eb;51:88:0A:9E;0;AVIÁRIO MEIO;727,00;04/12/2025;23:05:20;20;1282-20
CO2;1282;CT-CO2-0;02938df5-6afb-d44e-582d-0b5eea40f8eb;51:88:0A:9E;0;AVIÁRIO MEIO;758,00;04/12/2025;23:10:53;20;1282-20
CO2;1282;CT-CO2-0;02938df5-6afb-d44e-582d-0b5eea40f8eb;51:88:0A:9E;0;AVIÁRIO MEIO;714,00;04/12/2025;23:21:26;20;1282-20
CO2;1282;CT-CO2-0;02938df5-6afb-d44e-582d-0b5eea40f8eb;51:88:0A:9E;0;AVIÁRIO MEIO;754,00;04/12/2025;23:26:58;20;1282-20
CO2;1282;CT-CO2-0;02938df5-6afb-d44e-582d-0b5eea40f8eb;51:88:0A:9E;0;AVIÁRIO MEIO;698,00;04/12/2025;23:32:02;20;1282-20
CO2;1282;CT-CO2-0;02938df5-6afb-d44e-582d-0b5eea40f8eb;51:88:0A:9E;0;AVIÁRIO MEIO;678,00;04/12/2025;23:38:05;20;1282-20
CO2;1282;CT-CO2-0;02938df5-6afb-d44e-582d-0b5eea40f8eb;51:88:0A:9E;0;AVIÁRIO MEIO;690,00;04/12/2025;23:42:38;20;1282-20
CO2;1282;CT-CO2-0;02938df5-6afb-d44e-582d-0b5eea40f8eb;51:88:0A:9E;0;AVIÁRIO MEIO;697,00;04/12/2025;23:48:10;20;1282-20
CO2;1282;CT-CO2-0;02938df5-6afb-d44e-582d-0b5eea40f8eb;51:88:0A:9E;0;AVIÁRIO MEIO;711,00;04/12/2025;23:53:42;20;1282-20
CO2;1282;CT-CO2-0;02938df5-6afb-d44e-582d-0b5eea40f8eb;51:88:0A:9E;0;AVIÁRIO MEIO;701,00;04/12/2025;23:59:13;20;1282-20
CO2;1282;CT-CO2-0;02938df5-6afb-d44e-582d-0b5eea40f8eb;51:88:0A:9E;0;AVIÁRIO MEIO;697,00;05/12/2025;00:04:16;20;1282-20
CO2;1282;CT-CO2-0;02938df5-6afb-d44e-582d-0b5eea40f8eb;51:88:0A:9E;0;AVIÁRIO MEIO;721,00;05/12/2025;00:09:48;20;1282-20
CO2;1282;CT-CO2-0;02938df5-6afb-d44e-582d-0b5eea40f8eb;51:88:0A:9E;0;AVIÁRIO MEIO;790,00;05/12/2025;00:15:20;20;1282-20
CO2;1282;CT-CO2-0;02938df5-6afb-d44e-582d-0b5eea40f8eb;51:88:0A:9E;0;AVIÁRIO MEIO;754,00;05/12/2025;00:20:22;20;1282-20
CO2;1282;CT-CO2-0;02938df5-6afb-d44e-582d-0b5eea40f8eb;51:88:0A:9E;0;AVIÁRIO MEIO;720,00;05/12/2025;00:31:27;20;1282-20
CO2;1282;CT-CO2-0;02938df5-6afb-d44e-582d-0b5eea40f8eb;51:88:0A:9E;0;AVIÁRIO MEIO;716,00;05/12/2025;00:36:29;20;1282-20
CO2;1282;CT-CO2-0;02938df5-6afb-d44e-582d-0b5eea40f8eb;51:88:0A:9E;0;AVIÁRIO MEIO;771,00;05/12/2025;00:42:01;20;1282-20
CO2;1282;CT-CO2-0;02938df5-6afb-d44e-582d-0b5eea40f8eb;51:88:0A:9E;0;AVIÁRIO MEIO;795,00;05/12/2025;00:48:10;20;1282-20
CO2;1282;CT-CO2-0;02938df5-6afb-d44e-582d-0b5eea40f8eb;51:88:0A:9E;0;AVIÁRIO MEIO;685,00;05/12/2025;00:52:42;20;1282-20
CO2;1282;CT-CO2-0;02938df5-6afb-d44e-582d-0b5eea40f8eb;51:88:0A:9E;0;AVIÁRIO MEIO;685,00;05/12/2025;00:58:18;20;1282-20
CO2;1282;CT-CO2-0;02938df5-6afb-d44e-582d-0b5eea40f8eb;51:88:0A:9E;0;AVIÁRIO MEIO;658,00;05/12/2025;01:03:21;20;1282-20
CO2;1282;CT-CO2-0;02938df5-6afb-d44e-582d-0b5eea40f8eb;51:88:0A:9E;0;AVIÁRIO MEIO;639,00;05/12/2025;01:08:54;20;1282-20
CO2;1282;CT-CO2-0;02938df5-6afb-d44e-582d-0b5eea40f8eb;51:88:0A:9E;0;AVIÁRIO MEIO;603,00;05/12/2025;01:14:26;20;1282-20
CO2;1282;CT-CO2-0;02938df5-6afb-d44e-582d-0b5eea40f8eb;51:88:0A:9E;0;AVIÁRIO MEIO;601,00;05/12/2025;01:19:28;20;1282-20
CO2;1282;CT-CO2-0;02938df5-6afb-d44e-582d-0b5eea40f8eb;51:88:0A:9E;0;AVIÁRIO MEIO;595,00;05/12/2025;01:25:00;20;1282-20
CO2;1282;CT-CO2-0;02938df5-6afb-d44e-582d-0b5eea40f8eb;51:88:0A:9E;0;AVIÁRIO MEIO;593,00;05/12/2025;01:30:32;20;1282-20
CO2;1282;CT-CO2-0;02938df5-6afb-d44e-582d-0b5eea40f8eb;51:88:0A:9E;0;AVIÁRIO MEIO;575,00;05/12/2025;01:35:35;20;1282-20
CO2;1282;CT-CO2-0;02938df5-6afb-d44e-582d-0b5eea40f8eb;51:88:0A:9E;0;AVIÁRIO MEIO;609,00;05/12/2025;01:41:06;20;1282-20
CO2;1282;CT-CO2-0;02938df5-6afb-d44e-582d-0b5eea40f8eb;51:88:0A:9E;0;AVIÁRIO MEIO;573,00;05/12/2025;01:46:38;20;1282-20
CO2;1282;CT-CO2-0;02938df5-6afb-d44e-582d-0b5eea40f8eb;51:88:0A:9E;0;AVIÁRIO MEIO;579,00;05/12/2025;01:51:41;20;1282-20
CO2;1282;CT-CO2-0;02938df5-6afb-d44e-582d-0b5eea40f8eb;51:88:0A:9E;0;AVIÁRIO MEIO;598,00;05/12/2025;01:57:43;20;1282-20
CO2;1282;CT-CO2-0;02938df5-6afb-d44e-582d-0b5eea40f8eb;51:88:0A:9E;0;AVIÁRIO MEIO;609,00;05/12/2025;02:02:45;20;1282-20
CO2;1282;CT-CO2-0;02938df5-6afb-d44e-582d-0b5eea40f8eb;51:88:0A:9E;0;AVIÁRIO MEIO;606,00;05/12/2025;02:07:48;20;1282-20
CO2;1282;CT-CO2-0;02938df5-6afb-d44e-582d-0b5eea40f8eb;51:88:0A:9E;0;AVIÁRIO MEIO;588,00;05/12/2025;02:13:20;20;1282-20
CO2;1282;CT-CO2-0;02938df5-6afb-d44e-582d-0b5eea40f8eb;51:88:0A:9E;0;AVIÁRIO MEIO;633,00;05/12/2025;02:18:51;20;1282-20
CO2;1282;CT-CO2-0;02938df5-6afb-d44e-582d-0b5eea40f8eb;51:88:0A:9E;0;AVIÁRIO MEIO;669,00;05/12/2025;02:24:23;20;1282-20
CO2;1282;CT-CO2-0;02938df5-6afb-d44e-582d-0b5eea40f8eb;51:88:0A:9E;0;AVIÁRIO MEIO;642,00;05/12/2025;02:29:27;20;1282-20
CO2;1282;CT-CO2-0;02938df5-6afb-d44e-582d-0b5eea40f8eb;51:88:0A:9E;0;AVIÁRIO MEIO;616,00;05/12/2025;02:35:01;20;1282-20
CO2;1282;CT-CO2-0;02938df5-6afb-d44e-582d-0b5eea40f8eb;51:88:0A:9E;0;AVIÁRIO MEIO;572,00;05/12/2025;02:40:02;20;1282-20
CO2;1282;CT-CO2-0;02938df5-6afb-d44e-582d-0b5eea40f8eb;51:88:0A:9E;0;AVIÁRIO MEIO;581,00;05/12/2025;02:45:34;20;1282-20
CO2;1282;CT-CO2-0;02938df5-6afb-d44e-582d-0b5eea40f8eb;51:88:0A:9E;0;AVIÁRIO MEIO;612,00;05/12/2025;02:51:06;20;1282-20
CO2;1282;CT-CO2-0;02938df5-6afb-d44e-582d-0b5eea40f8eb;51:88:0A:9E;0;AVIÁRIO MEIO;601,00;05/12/2025;02:56:38;20;1282-20
CO2;1282;CT-CO2-0;02938df5-6afb-d44e-582d-0b5eea40f8eb;51:88:0A:9E;0;AVIÁRIO MEIO;594,00;05/12/2025;03:01:41;20;1282-20
CO2;1282;CT-CO2-0;02938df5-6afb-d44e-582d-0b5eea40f8eb;51:88:0A:9E;0;AVIÁRIO MEIO;617,00;05/12/2025;03:07:49;20;1282-20
CO2;1282;CT-CO2-0;02938df5-6afb-d44e-582d-0b5eea40f8eb;51:88:0A:9E;0;AVIÁRIO MEIO;641,00;05/12/2025;03:12:20;20;1282-20
CO2;1282;CT-CO2-0;02938df5-6afb-d44e-582d-0b5eea40f8eb;51:88:0A:9E;0;AVIÁRIO MEIO;617,00;05/12/2025;03:17:53;20;1282-20
CO2;1282;CT-CO2-0;02938df5-6afb-d44e-582d-0b5eea40f8eb;51:88:0A:9E;0;AVIÁRIO MEIO;631,00;05/12/2025;03:23:25;20;1282-20
CO2;1282;CT-CO2-0;02938df5-6afb-d44e-582d-0b5eea40f8eb;51:88:0A:9E;0;AVIÁRIO MEIO;612,00;05/12/2025;03:28:27;20;1282-20
CO2;1282;CT-CO2-0;02938df5-6afb-d44e-582d-0b5eea40f8eb;51:88:0A:9E;0;AVIÁRIO MEIO;597,00;05/12/2025;03:34:00;20;1282-20
CO2;1282;CT-CO2-0;02938df5-6afb-d44e-582d-0b5eea40f8eb;51:88:0A:9E;0;AVIÁRIO MEIO;605,00;05/12/2025;03:39:32;20;1282-20
CO2;1282;CT-CO2-0;02938df5-6afb-d44e-582d-0b5eea40f8eb;51:88:0A:9E;0;AVIÁRIO MEIO;594,00;05/12/2025;03:44:34;20;1282-20
CO2;1282;CT-CO2-0;02938df5-6afb-d44e-582d-0b5eea40f8eb;51:88:0A:9E;0;AVIÁRIO MEIO;591,00;05/12/2025;03:50:06;20;1282-20
CO2;1282;CT-CO2-0;02938df5-6afb-d44e-582d-0b5eea40f8eb;51:88:0A:9E;0;AVIÁRIO MEIO;590,00;05/12/2025;03:55:38;20;1282-20
CO2;1282;CT-CO2-0;02938df5-6afb-d44e-582d-0b5eea40f8eb;51:88:0A:9E;0;AVIÁRIO MEIO;602,00;05/12/2025;04:06:12;20;1282-20
CO2;1282;CT-CO2-0;02938df5-6afb-d44e-582d-0b5eea40f8eb;51:88:0A:9E;0;AVIÁRIO MEIO;563,00;05/12/2025;04:11:44;20;1282-20
CO2;1282;CT-CO2-0;02938df5-6afb-d44e-582d-0b5eea40f8eb;51:88:0A:9E;0;AVIÁRIO MEIO;559,00;05/12/2025;04:17:18;20;1282-20
CO2;1282;CT-CO2-0;02938df5-6afb-d44e-582d-0b5eea40f8eb;51:88:0A:9E;0;AVIÁRIO MEIO;584,00;05/12/2025;04:22:20;20;1282-20
CO2;1282;CT-CO2-0;02938df5-6afb-d44e-582d-0b5eea40f8eb;51:88:0A:9E;0;AVIÁRIO MEIO;585,00;05/12/2025;04:27:52;20;1282-20
CO2;1282;CT-CO2-0;02938df5-6afb-d44e-582d-0b5eea40f8eb;51:88:0A:9E;0;AVIÁRIO MEIO;580,00;05/12/2025;04:32:55;20;1282-20
CO2;1282;CT-CO2-0;02938df5-6afb-d44e-582d-0b5eea40f8eb;51:88:0A:9E;0;AVIÁRIO MEIO;600,00;05/12/2025;04:38:27;20;1282-20
CO2;1282;CT-CO2-0;02938df5-6afb-d44e-582d-0b5eea40f8eb;51:88:0A:9E;0;AVIÁRIO MEIO;601,00;05/12/2025;04:43:59;20;1282-20
CO2;1282;CT-CO2-0;02938df5-6afb-d44e-582d-0b5eea40f8eb;51:88:0A:9E;0;AVIÁRIO MEIO;642,00;05/12/2025;04:49:01;20;1282-20
CO2;1282;CT-CO2-0;02938df5-6afb-d44e-582d-0b5eea40f8eb;51:88:0A:9E;0;AVIÁRIO MEIO;626,00;05/12/2025;04:54:34;20;1282-20
CO2;1282;CT-CO2-0;02938df5-6afb-d44e-582d-0b5eea40f8eb;51:88:0A:9E;0;AVIÁRIO MEIO;636,00;05/12/2025;05:00:05;20;1282-20
CO2;1282;CT-CO2-0;02938df5-6afb-d44e-582d-0b5eea40f8eb;51:88:0A:9E;0;AVIÁRIO MEIO;647,00;05/12/2025;05:05:37;20;1282-20
CO2;1282;CT-CO2-0;02938df5-6afb-d44e-582d-0b5eea40f8eb;51:88:0A:9E;0;AVIÁRIO MEIO;678,00;05/12/2025;05:10:39;20;1282-20
CO2;1282;CT-CO2-0;02938df5-6afb-d44e-582d-0b5eea40f8eb;51:88:0A:9E;0;AVIÁRIO MEIO;680,00;05/12/2025;05:16:12;20;1282-20
CO2;1282;CT-CO2-0;02938df5-6afb-d44e-582d-0b5eea40f8eb;51:88:0A:9E;0;AVIÁRIO MEIO;662,00;05/12/2025;05:21:44;20;1282-20
CO2;1282;CT-CO2-0;02938df5-6afb-d44e-582d-0b5eea40f8eb;51:88:0A:9E;0;AVIÁRIO MEIO;649,00;05/12/2025;05:27:17;20;1282-20
CO2;1282;CT-CO2-0;02938df5-6afb-d44e-582d-0b5eea40f8eb;51:88:0A:9E;0;AVIÁRIO MEIO;641,00;05/12/2025;05:32:19;20;1282-20
CO2;1282;CT-CO2-0;02938df5-6afb-d44e-582d-0b5eea40f8eb;51:88:0A:9E;0;AVIÁRIO MEIO;632,00;05/12/2025;05:37:51;20;1282-20
CO2;1282;CT-CO2-0;02938df5-6afb-d44e-582d-0b5eea40f8eb;51:88:0A:9E;0;AVIÁRIO MEIO;626,00;05/12/2025;05:42:53;20;1282-20
CO2;1282;CT-CO2-0;02938df5-6afb-d44e-582d-0b5eea40f8eb;51:88:0A:9E;0;AVIÁRIO MEIO;629,00;05/12/2025;05:48:26;20;1282-20
CO2;1282;CT-CO2-0;02938df5-6afb-d44e-582d-0b5eea40f8eb;51:88:0A:9E;0;AVIÁRIO MEIO;622,00;05/12/2025;05:53:58;20;1282-20
CO2;1282;CT-CO2-0;02938df5-6afb-d44e-582d-0b5eea40f8eb;51:88:0A:9E;0;AVIÁRIO MEIO;628,00;05/12/2025;05:59:00;20;1282-20
CO2;1282;CT-CO2-0;02938df5-6afb-d44e-582d-0b5eea40f8eb;51:88:0A:9E;0;AVIÁRIO MEIO;635,00;05/12/2025;06:04:32;20;1282-20
CO2;1282;CT-CO2-0;02938df5-6afb-d44e-582d-0b5eea40f8eb;51:88:0A:9E;0;AVIÁRIO MEIO;650,00;05/12/2025;06:10:04;20;1282-20
CO2;1282;CT-CO2-0;02938df5-6afb-d44e-582d-0b5eea40f8eb;51:88:0A:9E;0;AVIÁRIO MEIO;616,00;05/12/2025;06:15:07;20;1282-20
CO2;1282;CT-CO2-0;02938df5-6afb-d44e-582d-0b5eea40f8eb;51:88:0A:9E;0;AVIÁRIO MEIO;622,00;05/12/2025;06:20:41;20;1282-20
CO2;1282;CT-CO2-0;02938df5-6afb-d44e-582d-0b5eea40f8eb;51:88:0A:9E;0;AVIÁRIO MEIO;632,00;05/12/2025;06:26:13;20;1282-20
CO2;1282;CT-CO2-0;02938df5-6afb-d44e-582d-0b5eea40f8eb;51:88:0A:9E;0;AVIÁRIO MEIO;641,00;05/12/2025;06:31:14;20;1282-20
CO2;1282;CT-CO2-0;02938df5-6afb-d44e-582d-0b5eea40f8eb;51:88:0A:9E;0;AVIÁRIO MEIO;628,00;05/12/2025;06:37:19;20;1282-20
CO2;1282;CT-CO2-0;02938df5-6afb-d44e-582d-0b5eea40f8eb;51:88:0A:9E;0;AVIÁRIO MEIO;623,00;05/12/2025;06:42:21;20;1282-20
CO2;1282;CT-CO2-0;02938df5-6afb-d44e-582d-0b5eea40f8eb;51:88:0A:9E;0;AVIÁRIO MEIO;621,00;05/12/2025;06:47:25;20;1282-20
CO2;1282;CT-CO2-0;02938df5-6afb-d44e-582d-0b5eea40f8eb;51:88:0A:9E;0;AVIÁRIO MEIO;613,00;05/12/2025;06:52:57;20;1282-20
CO2;1282;CT-CO2-0;02938df5-6afb-d44e-582d-0b5eea40f8eb;51:88:0A:9E;0;AVIÁRIO MEIO;599,00;05/12/2025;06:58:30;20;1282-20
CO2;1282;CT-CO2-0;02938df5-6afb-d44e-582d-0b5eea40f8eb;51:88:0A:9E;0;AVIÁRIO MEIO;591,00;05/12/2025;07:03:33;20;1282-20
CO2;1282;CT-CO2-0;02938df5-6afb-d44e-582d-0b5eea40f8eb;51:88:0A:9E;0;AVIÁRIO MEIO;582,00;05/12/2025;07:09:06;20;1282-20
CO2;1282;CT-CO2-0;02938df5-6afb-d44e-582d-0b5eea40f8eb;51:88:0A:9E;0;AVIÁRIO MEIO;563,00;05/12/2025;07:14:09;20;1282-20
CO2;1282;CT-CO2-0;02938df5-6afb-d44e-582d-0b5eea40f8eb;51:88:0A:9E;0;AVIÁRIO MEIO;570,00;05/12/2025;07:19:41;20;1282-20
CO2;1282;CT-CO2-0;02938df5-6afb-d44e-582d-0b5eea40f8eb;51:88:0A:9E;0;AVIÁRIO MEIO;583,00;05/12/2025;07:25:12;20;1282-20
CO2;1282;CT-CO2-0;02938df5-6afb-d44e-582d-0b5eea40f8eb;51:88:0A:9E;0;AVIÁRIO MEIO;566,00;05/12/2025;07:30:43;20;1282-20
CO2;1282;CT-CO2-0;02938df5-6afb-d44e-582d-0b5eea40f8eb;51:88:0A:9E;0;AVIÁRIO MEIO;647,00;05/12/2025;07:35:47;20;1282-20
CO2;1282;CT-CO2-0;02938df5-6afb-d44e-582d-0b5eea40f8eb;51:88:0A:9E;0;AVIÁRIO MEIO;647,00;05/12/2025;07:41:20;20;1282-20
CO2;1282;CT-CO2-0;02938df5-6afb-d44e-582d-0b5eea40f8eb;51:88:0A:9E;0;AVIÁRIO MEIO;630,00;05/12/2025;07:46:53;20;1282-20
CO2;1282;CT-CO2-0;02938df5-6afb-d44e-582d-0b5eea40f8eb;51:88:0A:9E;0;AVIÁRIO MEIO;637,00;05/12/2025;07:51:54;20;1282-20
CO2;1282;CT-CO2-0;02938df5-6afb-d44e-582d-0b5eea40f8eb;51:88:0A:9E;0;AVIÁRIO MEIO;606,00;05/12/2025;07:57:27;20;1282-20
CO2;1282;CT-CO2-0;02938df5-6afb-d44e-582d-0b5eea40f8eb;51:88:0A:9E;0;AVIÁRIO MEIO;604,00;05/12/2025;08:03:00;20;1282-20
CO2;1282;CT-CO2-0;02938df5-6afb-d44e-582d-0b5eea40f8eb;51:88:0A:9E;0;AVIÁRIO MEIO;607,00;05/12/2025;08:08:01;20;1282-20
CO2;1282;CT-CO2-0;02938df5-6afb-d44e-582d-0b5eea40f8eb;51:88:0A:9E;0;AVIÁRIO MEIO;603,00;05/12/2025;08:13:35;20;1282-20
CO2;1282;CT-CO2-0;02938df5-6afb-d44e-582d-0b5eea40f8eb;51:88:0A:9E;0;AVIÁRIO MEIO;614,00;05/12/2025;08:19:07;20;1282-20
CO2;1282;CT-CO2-0;02938df5-6afb-d44e-582d-0b5eea40f8eb;51:88:0A:9E;0;AVIÁRIO MEIO;602,00;05/12/2025;08:24:08;20;1282-20
CO2;1282;CT-CO2-0;02938df5-6afb-d44e-582d-0b5eea40f8eb;51:88:0A:9E;0;AVIÁRIO MEIO;597,00;05/12/2025;08:29:40;20;1282-20
CO2;1282;CT-CO2-0;02938df5-6afb-d44e-582d-0b5eea40f8eb;51:88:0A:9E;0;AVIÁRIO MEIO;606,00;05/12/2025;08:35:12;20;1282-20
CO2;1282;CT-CO2-0;02938df5-6afb-d44e-582d-0b5eea40f8eb;51:88:0A:9E;0;AVIÁRIO MEIO;593,00;05/12/2025;08:40:14;20;1282-20
CO2;1282;CT-CO2-0;02938df5-6afb-d44e-582d-0b5eea40f8eb;51:88:0A:9E;0;AVIÁRIO MEIO;607,00;05/12/2025;08:45:46;20;1282-20
CO2;1282;CT-CO2-0;02938df5-6afb-d44e-582d-0b5eea40f8eb;51:88:0A:9E;0;AVIÁRIO MEIO;590,00;05/12/2025;08:51:18;20;1282-20
CO2;1282;CT-CO2-0;02938df5-6afb-d44e-582d-0b5eea40f8eb;51:88:0A:9E;0;AVIÁRIO MEIO;612,00;05/12/2025;08:56:51;20;1282-20
CO2;1282;CT-CO2-0;02938df5-6afb-d44e-582d-0b5eea40f8eb;51:88:0A:9E;0;AVIÁRIO MEIO;604,00;05/12/2025;09:01:53;20;1282-20
CO2;1282;CT-CO2-0;02938df5-6afb-d44e-582d-0b5eea40f8eb;51:88:0A:9E;0;AVIÁRIO MEIO;600,00;05/12/2025;09:07:25;20;1282-20
CO2;1282;CT-CO2-0;02938df5-6afb-d44e-582d-0b5eea40f8eb;51:88:0A:9E;0;AVIÁRIO MEIO;599,00;05/12/2025;09:12:27;20;1282-20
CO2;1282;CT-CO2-0;02938df5-6afb-d44e-582d-0b5eea40f8eb;51:88:0A:9E;0;AVIÁRIO MEIO;599,00;05/12/2025;09:18:01;20;1282-20
CO2;1282;CT-CO2-0;02938df5-6afb-d44e-582d-0b5eea40f8eb;51:88:0A:9E;0;AVIÁRIO MEIO;614,00;05/12/2025;09:23:33;20;1282-20
CO2;1282;CT-CO2-0;02938df5-6afb-d44e-582d-0b5eea40f8eb;51:88:0A:9E;0;AVIÁRIO MEIO;603,00;05/12/2025;09:28:35;20;1282-20
CO2;1282;CT-CO2-0;02938df5-6afb-d44e-582d-0b5eea40f8eb;51:88:0A:9E;0;AVIÁRIO MEIO;588,00;05/12/2025;09:34:08;20;1282-20
CO2;1282;CT-CO2-0;02938df5-6afb-d44e-582d-0b5eea40f8eb;51:88:0A:9E;0;AVIÁRIO MEIO;594,00;05/12/2025;09:39:39;20;1282-20
CO2;1282;CT-CO2-0;02938df5-6afb-d44e-582d-0b5eea40f8eb;51:88:0A:9E;0;AVIÁRIO MEIO;600,00;05/12/2025;09:44:41;20;1282-20
CO2;1282;CT-CO2-0;02938df5-6afb-d44e-582d-0b5eea40f8eb;51:88:0A:9E;0;AVIÁRIO MEIO;577,00;05/12/2025;09:50:13;20;1282-20
CO2;1282;CT-CO2-0;02938df5-6afb-d44e-582d-0b5eea40f8eb;51:88:0A:9E;0;AVIÁRIO MEIO;604,00;05/12/2025;09:55:45;20;1282-20
CO2;1282;CT-CO2-0;02938df5-6afb-d44e-582d-0b5eea40f8eb;51:88:0A:9E;0;AVIÁRIO MEIO;554,00;05/12/2025;10:00:47;20;1282-20
CO2;1282;CT-CO2-0;02938df5-6afb-d44e-582d-0b5eea40f8eb;51:88:0A:9E;0;AVIÁRIO MEIO;545,00;05/12/2025;10:06:51;20;1282-20
CO2;1282;CT-CO2-0;02938df5-6afb-d44e-582d-0b5eea40f8eb;51:88:0A:9E;0;AVIÁRIO MEIO;548,00;05/12/2025;10:11:56;20;1282-20
CO2;1282;CT-CO2-0;02938df5-6afb-d44e-582d-0b5eea40f8eb;51:88:0A:9E;0;AVIÁRIO MEIO;546,00;05/12/2025;10:16:58;20;1282-20
CO2;1282;CT-CO2-0;02938df5-6afb-d44e-582d-0b5eea40f8eb;51:88:0A:9E;0;AVIÁRIO MEIO;545,00;05/12/2025;10:22:30;20;1282-20
CO2;1282;CT-CO2-0;02938df5-6afb-d44e-582d-0b5eea40f8eb;51:88:0A:9E;0;AVIÁRIO MEIO;557,00;05/12/2025;10:28:01;20;1282-20
CO2;1282;CT-CO2-0;02938df5-6afb-d44e-582d-0b5eea40f8eb;51:88:0A:9E;0;AVIÁRIO MEIO;548,00;05/12/2025;10:33:04;20;1282-20
CO2;1282;CT-CO2-0;02938df5-6afb-d44e-582d-0b5eea40f8eb;51:88:0A:9E;0;AVIÁRIO MEIO;551,00;05/12/2025;10:38:36;20;1282-20
CO2;1282;CT-CO2-0;02938df5-6afb-d44e-582d-0b5eea40f8eb;51:88:0A:9E;0;AVIÁRIO MEIO;539,00;05/12/2025;10:44:08;20;1282-20
CO2;1282;CT-CO2-0;02938df5-6afb-d44e-582d-0b5eea40f8eb;51:88:0A:9E;0;AVIÁRIO MEIO;547,00;05/12/2025;10:49:40;20;1282-20
CO2;1282;CT-CO2-0;02938df5-6afb-d44e-582d-0b5eea40f8eb;51:88:0A:9E;0;AVIÁRIO MEIO;536,00;05/12/2025;10:54:43;20;1282-20
CO2;1282;CT-CO2-0;02938df5-6afb-d44e-582d-0b5eea40f8eb;51:88:0A:9E;0;AVIÁRIO MEIO;537,00;05/12/2025;11:00:14;20;1282-20
CO2;1282;CT-CO2-0;02938df5-6afb-d44e-582d-0b5eea40f8eb;51:88:0A:9E;0;AVIÁRIO MEIO;526,00;05/12/2025;11:05:48;20;1282-20
CO2;1282;CT-CO2-0;02938df5-6afb-d44e-582d-0b5eea40f8eb;51:88:0A:9E;0;AVIÁRIO MEIO;551,00;05/12/2025;11:17:00;20;1282-20
CO2;1282;CT-CO2-0;02938df5-6afb-d44e-582d-0b5eea40f8eb;51:88:0A:9E;0;AVIÁRIO MEIO;547,00;05/12/2025;11:21:32;20;1282-20
CO2;1282;CT-CO2-0;02938df5-6afb-d44e-582d-0b5eea40f8eb;51:88:0A:9E;0;AVIÁRIO MEIO;562,00;05/12/2025;11:27:04;20;1282-20
CO2;1282;CT-CO2-0;02938df5-6afb-d44e-582d-0b5eea40f8eb;51:88:0A:9E;0;AVIÁRIO MEIO;543,00;05/12/2025;11:32:37;20;1282-20
CO2;1282;CT-CO2-0;02938df5-6afb-d44e-582d-0b5eea40f8eb;51:88:0A:9E;0;AVIÁRIO MEIO;538,00;05/12/2025;11:37:40;20;1282-20
CO2;1282;CT-CO2-0;02938df5-6afb-d44e-582d-0b5eea40f8eb;51:88:0A:9E;0;AVIÁRIO MEIO;562,00;05/12/2025;11:43:12;20;1282-20
CO2;1282;CT-CO2-0;02938df5-6afb-d44e-582d-0b5eea40f8eb;51:88:0A:9E;0;AVIÁRIO MEIO;531,00;05/12/2025;11:48:44;20;1282-20
CO2;1282;CT-CO2-0;02938df5-6afb-d44e-582d-0b5eea40f8eb;51:88:0A:9E;0;AVIÁRIO MEIO;549,00;05/12/2025;11:53:52;20;1282-20
CO2;1282;CT-CO2-0;02938df5-6afb-d44e-582d-0b5eea40f8eb;51:88:0A:9E;0;AVIÁRIO MEIO;525,00;05/12/2025;11:59:24;20;1282-20
CO2;1282;CT-CO2-0;02938df5-6afb-d44e-582d-0b5eea40f8eb;51:88:0A:9E;0;AVIÁRIO MEIO;562,00;05/12/2025;12:04:56;20;1282-20
CO2;1282;CT-CO2-0;02938df5-6afb-d44e-582d-0b5eea40f8eb;51:88:0A:9E;0;AVIÁRIO MEIO;547,00;05/12/2025;12:09:58;20;1282-20
CO2;1282;CT-CO2-0;02938df5-6afb-d44e-582d-0b5eea40f8eb;51:88:0A:9E;0;AVIÁRIO MEIO;549,00;05/12/2025;12:15:30;20;1282-20
CO2;1282;CT-CO2-0;02938df5-6afb-d44e-582d-0b5eea40f8eb;51:88:0A:9E;0;AVIÁRIO MEIO;549,00;05/12/2025;12:21:02;20;1282-20
CO2;1282;CT-CO2-0;02938df5-6afb-d44e-582d-0b5eea40f8eb;51:88:0A:9E;0;AVIÁRIO MEIO;563,00;05/12/2025;12:26:36;20;1282-20
CO2;1282;CT-CO2-0;02938df5-6afb-d44e-582d-0b5eea40f8eb;51:88:0A:9E;0;AVIÁRIO MEIO;580,00;05/12/2025;12:31:38;20;1282-20
CO2;1282;CT-CO2-0;02938df5-6afb-d44e-582d-0b5eea40f8eb;51:88:0A:9E;0;AVIÁRIO MEIO;567,00;05/12/2025;12:37:10;20;1282-20
CO2;1282;CT-CO2-0;02938df5-6afb-d44e-582d-0b5eea40f8eb;51:88:0A:9E;0;AVIÁRIO MEIO;550,00;05/12/2025;12:42:13;20;1282-20
CO2;1282;CT-CO2-0;02938df5-6afb-d44e-582d-0b5eea40f8eb;51:88:0A:9E;0;AVIÁRIO MEIO;551,00;05/12/2025;12:47:45;20;1282-20
CO2;1282;CT-CO2-0;02938df5-6afb-d44e-582d-0b5eea40f8eb;51:88:0A:9E;0;AVIÁRIO MEIO;557,00;05/12/2025;12:53:17;20;1282-20
CO2;1282;CT-CO2-0;02938df5-6afb-d44e-582d-0b5eea40f8eb;51:88:0A:9E;0;AVIÁRIO MEIO;563,00;05/12/2025;12:58:19;20;1282-20
CO2;1282;CT-CO2-0;02938df5-6afb-d44e-582d-0b5eea40f8eb;51:88:0A:9E;0;AVIÁRIO MEIO;556,00;05/12/2025;13:03:51;20;1282-20
CO2;1282;CT-CO2-0;02938df5-6afb-d44e-582d-0b5eea40f8eb;51:88:0A:9E;0;AVIÁRIO MEIO;573,00;05/12/2025;13:09:23;20;1282-20
CO2;1282;CT-CO2-0;02938df5-6afb-d44e-582d-0b5eea40f8eb;51:88:0A:9E;0;AVIÁRIO MEIO;566,00;05/12/2025;13:14:24;20;1282-20
CO2;1282;CT-CO2-0;02938df5-6afb-d44e-582d-0b5eea40f8eb;51:88:0A:9E;0;AVIÁRIO MEIO;559,00;05/12/2025;13:19:57;20;1282-20
CO2;1282;CT-CO2-0;02938df5-6afb-d44e-582d-0b5eea40f8eb;51:88:0A:9E;0;AVIÁRIO MEIO;548,00;05/12/2025;13:25:29;20;1282-20
CO2;1282;CT-CO2-0;02938df5-6afb-d44e-582d-0b5eea40f8eb;51:88:0A:9E;0;AVIÁRIO MEIO;574,00;05/12/2025;13:30:30;20;1282-20
CO2;1282;CT-CO2-0;02938df5-6afb-d44e-582d-0b5eea40f8eb;51:88:0A:9E;0;AVIÁRIO MEIO;553,00;05/12/2025;13:36:33;20;1282-20
CO2;1282;CT-CO2-0;02938df5-6afb-d44e-582d-0b5eea40f8eb;51:88:0A:9E;0;AVIÁRIO MEIO;581,00;05/12/2025;13:41:40;20;1282-20
CO2;1282;CT-CO2-0;02938df5-6afb-d44e-582d-0b5eea40f8eb;51:88:0A:9E;0;AVIÁRIO MEIO;560,00;05/12/2025;13:46:43;20;1282-20
CO2;1282;CT-CO2-0;02938df5-6afb-d44e-582d-0b5eea40f8eb;51:88:0A:9E;0;AVIÁRIO MEIO;606,00;05/12/2025;13:52:15;20;1282-20
CO2;1282;CT-CO2-0;02938df5-6afb-d44e-582d-0b5eea40f8eb;51:88:0A:9E;0;AVIÁRIO MEIO;579,00;05/12/2025;13:57:48;20;1282-20
CO2;1282;CT-CO2-0;02938df5-6afb-d44e-582d-0b5eea40f8eb;51:88:0A:9E;0;AVIÁRIO MEIO;585,00;05/12/2025;14:02:49;20;1282-20
CO2;1282;CT-CO2-0;02938df5-6afb-d44e-582d-0b5eea40f8eb;51:88:0A:9E;0;AVIÁRIO MEIO;577,00;05/12/2025;14:08:21;20;1282-20
CO2;1282;CT-CO2-0;02938df5-6afb-d44e-582d-0b5eea40f8eb;51:88:0A:9E;0;AVIÁRIO MEIO;584,00;05/12/2025;14:13:54;20;1282-20
CO2;1282;CT-CO2-0;02938df5-6afb-d44e-582d-0b5eea40f8eb;51:88:0A:9E;0;AVIÁRIO MEIO;574,00;05/12/2025;14:18:56;20;1282-20
CO2;1282;CT-CO2-0;02938df5-6afb-d44e-582d-0b5eea40f8eb;51:88:0A:9E;0;AVIÁRIO MEIO;574,00;05/12/2025;14:24:28;20;1282-20
CO2;1282;CT-CO2-0;02938df5-6afb-d44e-582d-0b5eea40f8eb;51:88:0A:9E;0;AVIÁRIO MEIO;601,00;05/12/2025;14:29:59;20;1282-20
CO2;1282;CT-CO2-0;02938df5-6afb-d44e-582d-0b5eea40f8eb;51:88:0A:9E;0;AVIÁRIO MEIO;582,00;05/12/2025;14:35:01;20;1282-20
CO2;1282;CT-CO2-0;02938df5-6afb-d44e-582d-0b5eea40f8eb;51:88:0A:9E;0;AVIÁRIO MEIO;592,00;05/12/2025;14:40:33;20;1282-20
CO2;1282;CT-CO2-0;02938df5-6afb-d44e-582d-0b5eea40f8eb;51:88:0A:9E;0;AVIÁRIO MEIO;563,00;05/12/2025;14:46:37;20;1282-20
CO2;1282;CT-CO2-0;02938df5-6afb-d44e-582d-0b5eea40f8eb;51:88:0A:9E;0;AVIÁRIO MEIO;559,00;05/12/2025;14:51:09;20;1282-20
CO2;1282;CT-CO2-0;02938df5-6afb-d44e-582d-0b5eea40f8eb;51:88:0A:9E;0;AVIÁRIO MEIO;535,00;05/12/2025;14:56:40;20;1282-20
CO2;1282;CT-CO2-0;02938df5-6afb-d44e-582d-0b5eea40f8eb;51:88:0A:9E;0;AVIÁRIO MEIO;549,00;05/12/2025;15:02:14;20;1282-20
CO2;1282;CT-CO2-0;02938df5-6afb-d44e-582d-0b5eea40f8eb;51:88:0A:9E;0;AVIÁRIO MEIO;535,00;05/12/2025;15:07:46;20;1282-20
CO2;1282;CT-CO2-0;02938df5-6afb-d44e-582d-0b5eea40f8eb;51:88:0A:9E;0;AVIÁRIO MEIO;516,00;05/12/2025;15:12:47;20;1282-20
CO2;1282;CT-CO2-0;02938df5-6afb-d44e-582d-0b5eea40f8eb;51:88:0A:9E;0;AVIÁRIO MEIO;532,00;05/12/2025;15:18:19;20;1282-20
CO2;1282;CT-CO2-0;02938df5-6afb-d44e-582d-0b5eea40f8eb;51:88:0A:9E;0;AVIÁRIO MEIO;509,00;05/12/2025;15:23:52;20;1282-20
CO2;1282;CT-CO2-0;02938df5-6afb-d44e-582d-0b5eea40f8eb;51:88:0A:9E;0;AVIÁRIO MEIO;512,00;05/12/2025;15:28:54;20;1282-20
CO2;1282;CT-CO2-0;02938df5-6afb-d44e-582d-0b5eea40f8eb;51:88:0A:9E;0;AVIÁRIO MEIO;546,00;05/12/2025;15:34:27;20;1282-20
CO2;1282;CT-CO2-0;02938df5-6afb-d44e-582d-0b5eea40f8eb;51:88:0A:9E;0;AVIÁRIO MEIO;568,00;05/12/2025;15:39:59;20;1282-20
CO2;1282;CT-CO2-0;02938df5-6afb-d44e-582d-0b5eea40f8eb;51:88:0A:9E;0;AVIÁRIO MEIO;592,00;05/12/2025;15:45:01;20;1282-20
CO2;1282;CT-CO2-0;02938df5-6afb-d44e-582d-0b5eea40f8eb;51:88:0A:9E;0;AVIÁRIO MEIO;632,00;05/12/2025;15:50:33;20;1282-20
CO2;1282;CT-CO2-0;02938df5-6afb-d44e-582d-0b5eea40f8eb;51:88:0A:9E;0;AVIÁRIO MEIO;579,00;05/12/2025;15:56:37;20;1282-20
CO2;1282;CT-CO2-0;02938df5-6afb-d44e-582d-0b5eea40f8eb;51:88:0A:9E;0;AVIÁRIO MEIO;626,00;05/12/2025;16:01:08;20;1282-20
CO2;1282;CT-CO2-0;02938df5-6afb-d44e-582d-0b5eea40f8eb;51:88:0A:9E;0;AVIÁRIO MEIO;581,00;05/12/2025;16:06:40;20;1282-20
CO2;1282;CT-CO2-0;02938df5-6afb-d44e-582d-0b5eea40f8eb;51:88:0A:9E;0;AVIÁRIO MEIO;589,00;05/12/2025;16:12:15;20;1282-20
CO2;1282;CT-CO2-0;02938df5-6afb-d44e-582d-0b5eea40f8eb;51:88:0A:9E;0;AVIÁRIO MEIO;569,00;05/12/2025;16:17:18;20;1282-20
CO2;1282;CT-CO2-0;02938df5-6afb-d44e-582d-0b5eea40f8eb;51:88:0A:9E;0;AVIÁRIO MEIO;548,00;05/12/2025;16:22:50;20;1282-20
CO2;1282;CT-CO2-0;02938df5-6afb-d44e-582d-0b5eea40f8eb;51:88:0A:9E;0;AVIÁRIO MEIO;546,00;05/12/2025;16:28:21;20;1282-20
CO2;1282;CT-CO2-0;02938df5-6afb-d44e-582d-0b5eea40f8eb;51:88:0A:9E;0;AVIÁRIO MEIO;546,00;05/12/2025;16:33:23;20;1282-20
CO2;1282;CT-CO2-0;02938df5-6afb-d44e-582d-0b5eea40f8eb;51:88:0A:9E;0;AVIÁRIO MEIO;557,00;05/12/2025;16:38:55;20;1282-20
CO2;1282;CT-CO2-0;02938df5-6afb-d44e-582d-0b5eea40f8eb;51:88:0A:9E;0;AVIÁRIO MEIO;566,00;05/12/2025;16:44:27;20;1282-20
CO2;1282;CT-CO2-0;02938df5-6afb-d44e-582d-0b5eea40f8eb;51:88:0A:9E;0;AVIÁRIO MEIO;523,00;05/12/2025;16:49:29;20;1282-20
CO2;1282;CT-CO2-0;02938df5-6afb-d44e-582d-0b5eea40f8eb;51:88:0A:9E;0;AVIÁRIO MEIO;508,00;05/12/2025;16:55:02;20;1282-20
CO2;1282;CT-CO2-0;02938df5-6afb-d44e-582d-0b5eea40f8eb;51:88:0A:9E;0;AVIÁRIO MEIO;508,00;05/12/2025;17:00:38;20;1282-20
CO2;1282;CT-CO2-0;02938df5-6afb-d44e-582d-0b5eea40f8eb;51:88:0A:9E;0;AVIÁRIO MEIO;506,00;05/12/2025;17:06:11;20;1282-20
CO2;1282;CT-CO2-0;02938df5-6afb-d44e-582d-0b5eea40f8eb;51:88:0A:9E;0;AVIÁRIO MEIO;509,00;05/12/2025;17:11:13;20;1282-20
CO2;1282;CT-CO2-0;02938df5-6afb-d44e-582d-0b5eea40f8eb;51:88:0A:9E;0;AVIÁRIO MEIO;529,00;05/12/2025;17:16:45;20;1282-20
CO2;1282;CT-CO2-0;02938df5-6afb-d44e-582d-0b5eea40f8eb;51:88:0A:9E;0;AVIÁRIO MEIO;547,00;05/12/2025;17:21:47;20;1282-20
CO2;1282;CT-CO2-0;02938df5-6afb-d44e-582d-0b5eea40f8eb;51:88:0A:9E;0;AVIÁRIO MEIO;540,00;05/12/2025;17:27:18;20;1282-20
CO2;1282;CT-CO2-0;02938df5-6afb-d44e-582d-0b5eea40f8eb;51:88:0A:9E;0;AVIÁRIO MEIO;620,00;05/12/2025;17:32:51;20;1282-20
CO2;1282;CT-CO2-0;02938df5-6afb-d44e-582d-0b5eea40f8eb;51:88:0A:9E;0;AVIÁRIO MEIO;538,00;05/12/2025;17:37:58;20;1282-20
CO2;1282;CT-CO2-0;02938df5-6afb-d44e-582d-0b5eea40f8eb;51:88:0A:9E;0;AVIÁRIO MEIO;551,00;05/12/2025;17:43:29;20;1282-20
CO2;1282;CT-CO2-0;02938df5-6afb-d44e-582d-0b5eea40f8eb;51:88:0A:9E;0;AVIÁRIO MEIO;555,00;05/12/2025;17:49:01;20;1282-20
CO2;1282;CT-CO2-0;02938df5-6afb-d44e-582d-0b5eea40f8eb;51:88:0A:9E;0;AVIÁRIO MEIO;560,00;05/12/2025;17:54:03;20;1282-20
CO2;1282;CT-CO2-0;02938df5-6afb-d44e-582d-0b5eea40f8eb;51:88:0A:9E;0;AVIÁRIO MEIO;553,00;05/12/2025;17:59:35;20;1282-20
CO2;1282;CT-CO2-0;02938df5-6afb-d44e-582d-0b5eea40f8eb;51:88:0A:9E;0;AVIÁRIO MEIO;546,00;05/12/2025;18:05:08;20;1282-20
CO2;1282;CT-CO2-0;02938df5-6afb-d44e-582d-0b5eea40f8eb;51:88:0A:9E;0;AVIÁRIO MEIO;549,00;05/12/2025;18:10:11;20;1282-20
CO2;1282;CT-CO2-0;02938df5-6afb-d44e-582d-0b5eea40f8eb;51:88:0A:9E;0;AVIÁRIO MEIO;545,00;05/12/2025;18:16:15;20;1282-20
CO2;1282;CT-CO2-0;02938df5-6afb-d44e-582d-0b5eea40f8eb;51:88:0A:9E;0;AVIÁRIO MEIO;553,00;05/12/2025;18:21:17;20;1282-20
CO2;1282;CT-CO2-0;02938df5-6afb-d44e-582d-0b5eea40f8eb;51:88:0A:9E;0;AVIÁRIO MEIO;580,00;05/12/2025;18:26:25;20;1282-20
CO2;1282;CT-CO2-0;02938df5-6afb-d44e-582d-0b5eea40f8eb;51:88:0A:9E;0;AVIÁRIO MEIO;605,00;05/12/2025;18:31:58;20;1282-20
CO2;1282;CT-CO2-0;02938df5-6afb-d44e-582d-0b5eea40f8eb;51:88:0A:9E;0;AVIÁRIO MEIO;621,00;05/12/2025;18:37:29;20;1282-20
CO2;1282;CT-CO2-0;02938df5-6afb-d44e-582d-0b5eea40f8eb;51:88:0A:9E;0;AVIÁRIO MEIO;607,00;05/12/2025;18:42:31;20;1282-20
CO2;1282;CT-CO2-0;02938df5-6afb-d44e-582d-0b5eea40f8eb;51:88:0A:9E;0;AVIÁRIO MEIO;622,00;05/12/2025;18:48:03;20;1282-20
CO2;1282;CT-CO2-0;02938df5-6afb-d44e-582d-0b5eea40f8eb;51:88:0A:9E;0;AVIÁRIO MEIO;622,00;05/12/2025;18:53:35;20;1282-20
CO2;1282;CT-CO2-0;02938df5-6afb-d44e-582d-0b5eea40f8eb;51:88:0A:9E;0;AVIÁRIO MEIO;618,00;05/12/2025;18:58:37;20;1282-20
CO2;1282;CT-CO2-0;02938df5-6afb-d44e-582d-0b5eea40f8eb;51:88:0A:9E;0;AVIÁRIO MEIO;599,00;05/12/2025;19:04:09;20;1282-20
CO2;1282;CT-CO2-0;02938df5-6afb-d44e-582d-0b5eea40f8eb;51:88:0A:9E;0;AVIÁRIO MEIO;617,00;05/12/2025;19:09:40;20;1282-20
CO2;1282;CT-CO2-0;02938df5-6afb-d44e-582d-0b5eea40f8eb;51:88:0A:9E;0;AVIÁRIO MEIO;617,00;05/12/2025;19:14:43;20;1282-20
CO2;1282;CT-CO2-0;02938df5-6afb-d44e-582d-0b5eea40f8eb;51:88:0A:9E;0;AVIÁRIO MEIO;625,00;05/12/2025;19:20:16;20;1282-20
CO2;1282;CT-CO2-0;02938df5-6afb-d44e-582d-0b5eea40f8eb;51:88:0A:9E;0;AVIÁRIO MEIO;637,00;05/12/2025;19:30:53;20;1282-20
CO2;1282;CT-CO2-0;02938df5-6afb-d44e-582d-0b5eea40f8eb;51:88:0A:9E;0;AVIÁRIO MEIO;647,00;05/12/2025;19:36:25;20;1282-20
CO2;1282;CT-CO2-0;02938df5-6afb-d44e-582d-0b5eea40f8eb;51:88:0A:9E;0;AVIÁRIO MEIO;636,00;05/12/2025;19:41:57;20;1282-20
CO2;1282;CT-CO2-0;02938df5-6afb-d44e-582d-0b5eea40f8eb;51:88:0A:9E;0;AVIÁRIO MEIO;635,00;05/12/2025;19:46:59;20;1282-20
CO2;1282;CT-CO2-0;02938df5-6afb-d44e-582d-0b5eea40f8eb;51:88:0A:9E;0;AVIÁRIO MEIO;643,00;05/12/2025;19:52:32;20;1282-20
CO2;1282;CT-CO2-0;02938df5-6afb-d44e-582d-0b5eea40f8eb;51:88:0A:9E;0;AVIÁRIO MEIO;636,00;05/12/2025;19:58:04;20;1282-20
CO2;1282;CT-CO2-0;02938df5-6afb-d44e-582d-0b5eea40f8eb;51:88:0A:9E;0;AVIÁRIO MEIO;659,00;05/12/2025;20:03:07;20;1282-20
CO2;1282;CT-CO2-0;02938df5-6afb-d44e-582d-0b5eea40f8eb;51:88:0A:9E;0;AVIÁRIO MEIO;628,00;05/12/2025;20:08:39;20;1282-20
CO2;1282;CT-CO2-0;02938df5-6afb-d44e-582d-0b5eea40f8eb;51:88:0A:9E;0;AVIÁRIO MEIO;664,00;05/12/2025;20:14:10;20;1282-20
CO2;1282;CT-CO2-0;02938df5-6afb-d44e-582d-0b5eea40f8eb;51:88:0A:9E;0;AVIÁRIO MEIO;653,00;05/12/2025;20:19:12;20;1282-20
CO2;1282;CT-CO2-0;02938df5-6afb-d44e-582d-0b5eea40f8eb;51:88:0A:9E;0;AVIÁRIO MEIO;662,00;05/12/2025;20:24:44;20;1282-20
CO2;1282;CT-CO2-0;02938df5-6afb-d44e-582d-0b5eea40f8eb;51:88:0A:9E;0;AVIÁRIO MEIO;685,00;05/12/2025;20:30:16;20;1282-20
CO2;1282;CT-CO2-0;02938df5-6afb-d44e-582d-0b5eea40f8eb;51:88:0A:9E;0;AVIÁRIO MEIO;674,00;05/12/2025;20:40:54;20;1282-20
CO2;1282;CT-CO2-0;02938df5-6afb-d44e-582d-0b5eea40f8eb;51:88:0A:9E;0;AVIÁRIO MEIO;675,00;05/12/2025;20:46:27;20;1282-20
CO2;1282;CT-CO2-0;02938df5-6afb-d44e-582d-0b5eea40f8eb;51:88:0A:9E;0;AVIÁRIO MEIO;664,00;05/12/2025;20:51:29;20;1282-20
CO2;1282;CT-CO2-0;02938df5-6afb-d44e-582d-0b5eea40f8eb;51:88:0A:9E;0;AVIÁRIO MEIO;679,00;05/12/2025;20:57:02;20;1282-20
CO2;1282;CT-CO2-0;02938df5-6afb-d44e-582d-0b5eea40f8eb;51:88:0A:9E;0;AVIÁRIO MEIO;675,00;05/12/2025;21:07:04;20;1282-20
CO2;1282;CT-CO2-0;02938df5-6afb-d44e-582d-0b5eea40f8eb;51:88:0A:9E;0;AVIÁRIO MEIO;692,00;05/12/2025;21:12:05;20;1282-20
CO2;1282;CT-CO2-0;02938df5-6afb-d44e-582d-0b5eea40f8eb;51:88:0A:9E;0;AVIÁRIO MEIO;678,00;05/12/2025;21:17:37;20;1282-20
CO2;1282;CT-CO2-0;02938df5-6afb-d44e-582d-0b5eea40f8eb;51:88:0A:9E;0;AVIÁRIO MEIO;684,00;05/12/2025;21:23:22;20;1282-20
CO2;1282;CT-CO2-0;02938df5-6afb-d44e-582d-0b5eea40f8eb;51:88:0A:9E;0;AVIÁRIO MEIO;677,00;05/12/2025;21:28:26;20;1282-20
CO2;1282;CT-CO2-0;02938df5-6afb-d44e-582d-0b5eea40f8eb;51:88:0A:9E;0;AVIÁRIO MEIO;677,00;05/12/2025;21:33:58;20;1282-20
CO2;1282;CT-CO2-0;02938df5-6afb-d44e-582d-0b5eea40f8eb;51:88:0A:9E;0;AVIÁRIO MEIO;681,00;05/12/2025;21:38:59;20;1282-20
CO2;1282;CT-CO2-0;02938df5-6afb-d44e-582d-0b5eea40f8eb;51:88:0A:9E;0;AVIÁRIO MEIO;678,00;05/12/2025;21:45:09;20;1282-20
CO2;1282;CT-CO2-0;02938df5-6afb-d44e-582d-0b5eea40f8eb;51:88:0A:9E;0;AVIÁRIO MEIO;681,00;05/12/2025;21:49:40;20;1282-20
CO2;1282;CT-CO2-0;02938df5-6afb-d44e-582d-0b5eea40f8eb;51:88:0A:9E;0;AVIÁRIO MEIO;660,00;05/12/2025;21:55:12;20;1282-20
CO2;1282;CT-CO2-0;02938df5-6afb-d44e-582d-0b5eea40f8eb;51:88:0A:9E;0;AVIÁRIO MEIO;685,00;05/12/2025;22:00:45;20;1282-20
CO2;1282;CT-CO2-0;02938df5-6afb-d44e-582d-0b5eea40f8eb;51:88:0A:9E;0;AVIÁRIO MEIO;674,00;05/12/2025;22:05:47;20;1282-20
CO2;1282;CT-CO2-0;02938df5-6afb-d44e-582d-0b5eea40f8eb;51:88:0A:9E;0;AVIÁRIO MEIO;662,00;05/12/2025;22:11:19;20;1282-20
CO2;1282;CT-CO2-0;02938df5-6afb-d44e-582d-0b5eea40f8eb;51:88:0A:9E;0;AVIÁRIO MEIO;665,00;05/12/2025;22:16:52;20;1282-20
CO2;1282;CT-CO2-0;02938df5-6afb-d44e-582d-0b5eea40f8eb;51:88:0A:9E;0;AVIÁRIO MEIO;652,00;05/12/2025;22:21:58;20;1282-20
CO2;1282;CT-CO2-0;02938df5-6afb-d44e-582d-0b5eea40f8eb;51:88:0A:9E;0;AVIÁRIO MEIO;661,00;05/12/2025;22:27:31;20;1282-20
CO2;1282;CT-CO2-0;02938df5-6afb-d44e-582d-0b5eea40f8eb;51:88:0A:9E;0;AVIÁRIO MEIO;667,00;05/12/2025;22:33:04;20;1282-20
CO2;1282;CT-CO2-0;02938df5-6afb-d44e-582d-0b5eea40f8eb;51:88:0A:9E;0;AVIÁRIO MEIO;690,00;05/12/2025;22:38:07;20;1282-20
CO2;1282;CT-CO2-0;02938df5-6afb-d44e-582d-0b5eea40f8eb;51:88:0A:9E;0;AVIÁRIO MEIO;726,00;05/12/2025;22:43:38;20;1282-20
CO2;1282;CT-CO2-0;02938df5-6afb-d44e-582d-0b5eea40f8eb;51:88:0A:9E;0;AVIÁRIO MEIO;666,00;05/12/2025;22:49:10;20;1282-20
CO2;1282;CT-CO2-0;02938df5-6afb-d44e-582d-0b5eea40f8eb;51:88:0A:9E;0;AVIÁRIO MEIO;666,00;05/12/2025;22:54:45;20;1282-20
CO2;1282;CT-CO2-0;02938df5-6afb-d44e-582d-0b5eea40f8eb;51:88:0A:9E;0;AVIÁRIO MEIO;676,00;05/12/2025;22:59:47;20;1282-20
CO2;1282;CT-CO2-0;02938df5-6afb-d44e-582d-0b5eea40f8eb;51:88:0A:9E;0;AVIÁRIO MEIO;663,00;05/12/2025;23:05:20;20;1282-20
CO2;1282;CT-CO2-0;02938df5-6afb-d44e-582d-0b5eea40f8eb;51:88:0A:9E;0;AVIÁRIO MEIO;685,00;05/12/2025;23:10:23;20;1282-20
CO2;1282;CT-CO2-0;02938df5-6afb-d44e-582d-0b5eea40f8eb;51:88:0A:9E;0;AVIÁRIO MEIO;671,00;05/12/2025;23:21:28;20;1282-20
CO2;1282;CT-CO2-0;02938df5-6afb-d44e-582d-0b5eea40f8eb;51:88:0A:9E;0;AVIÁRIO MEIO;664,00;05/12/2025;23:26:30;20;1282-20
CO2;1282;CT-CO2-0;02938df5-6afb-d44e-582d-0b5eea40f8eb;51:88:0A:9E;0;AVIÁRIO MEIO;669,00;05/12/2025;23:32:03;20;1282-20
CO2;1282;CT-CO2-0;02938df5-6afb-d44e-582d-0b5eea40f8eb;51:88:0A:9E;0;AVIÁRIO MEIO;661,00;05/12/2025;23:37:35;20;1282-20
CO2;1282;CT-CO2-0;02938df5-6afb-d44e-582d-0b5eea40f8eb;51:88:0A:9E;0;AVIÁRIO MEIO;664,00;05/12/2025;23:42:38;20;1282-20
CO2;1282;CT-CO2-0;02938df5-6afb-d44e-582d-0b5eea40f8eb;51:88:0A:9E;0;AVIÁRIO MEIO;659,00;05/12/2025;23:48:10;20;1282-20
CO2;1282;CT-CO2-0;02938df5-6afb-d44e-582d-0b5eea40f8eb;51:88:0A:9E;0;AVIÁRIO MEIO;646,00;05/12/2025;23:53:42;20;1282-20
CO2;1282;CT-CO2-0;02938df5-6afb-d44e-582d-0b5eea40f8eb;51:88:0A:9E;0;AVIÁRIO MEIO;654,00;05/12/2025;23:58:44;20;1282-20
CO2;1283;CT-CO2-0;1f94f8ad-7171-b062-c0a5-dbf839ac97e9;CD:E6:D3:07;0;AVIÁRIO MEIO;784,00;25/11/2025;00:03:54;20;1283-20
CO2;1283;CT-CO2-0;1f94f8ad-7171-b062-c0a5-dbf839ac97e9;CD:E6:D3:07;0;AVIÁRIO MEIO;780,00;25/11/2025;00:08:56;20;1283-20
CO2;1283;CT-CO2-0;1f94f8ad-7171-b062-c0a5-dbf839ac97e9;CD:E6:D3:07;0;AVIÁRIO MEIO;772,00;25/11/2025;00:14:59;20;1283-20
CO2;1283;CT-CO2-0;1f94f8ad-7171-b062-c0a5-dbf839ac97e9;CD:E6:D3:07;0;AVIÁRIO MEIO;759,00;25/11/2025;00:20:02;20;1283-20
CO2;1283;CT-CO2-0;1f94f8ad-7171-b062-c0a5-dbf839ac97e9;CD:E6:D3:07;0;AVIÁRIO MEIO;769,00;25/11/2025;00:25:04;20;1283-20
CO2;1283;CT-CO2-0;1f94f8ad-7171-b062-c0a5-dbf839ac97e9;CD:E6:D3:07;0;AVIÁRIO MEIO;769,00;25/11/2025;00:30:36;20;1283-20
CO2;1283;CT-CO2-0;1f94f8ad-7171-b062-c0a5-dbf839ac97e9;CD:E6:D3:07;0;AVIÁRIO MEIO;757,00;25/11/2025;00:36:08;20;1283-20
CO2;1283;CT-CO2-0;1f94f8ad-7171-b062-c0a5-dbf839ac97e9;CD:E6:D3:07;0;AVIÁRIO MEIO;775,00;25/11/2025;00:41:10;20;1283-20
CO2;1283;CT-CO2-0;1f94f8ad-7171-b062-c0a5-dbf839ac97e9;CD:E6:D3:07;0;AVIÁRIO MEIO;781,00;25/11/2025;00:46:42;20;1283-20
CO2;1283;CT-CO2-0;1f94f8ad-7171-b062-c0a5-dbf839ac97e9;CD:E6:D3:07;0;AVIÁRIO MEIO;802,00;25/11/2025;00:52:14;20;1283-20
CO2;1283;CT-CO2-0;1f94f8ad-7171-b062-c0a5-dbf839ac97e9;CD:E6:D3:07;0;AVIÁRIO MEIO;785,00;25/11/2025;00:57:16;20;1283-20
CO2;1283;CT-CO2-0;1f94f8ad-7171-b062-c0a5-dbf839ac97e9;CD:E6:D3:07;0;AVIÁRIO MEIO;819,00;25/11/2025;01:02:48;20;1283-20
CO2;1283;CT-CO2-0;1f94f8ad-7171-b062-c0a5-dbf839ac97e9;CD:E6:D3:07;0;AVIÁRIO MEIO;784,00;25/11/2025;01:08:20;20;1283-20
CO2;1283;CT-CO2-0;1f94f8ad-7171-b062-c0a5-dbf839ac97e9;CD:E6:D3:07;0;AVIÁRIO MEIO;791,00;25/11/2025;01:13:52;20;1283-20
CO2;1283;CT-CO2-0;1f94f8ad-7171-b062-c0a5-dbf839ac97e9;CD:E6:D3:07;0;AVIÁRIO MEIO;788,00;25/11/2025;01:18:55;20;1283-20
CO2;1283;CT-CO2-0;1f94f8ad-7171-b062-c0a5-dbf839ac97e9;CD:E6:D3:07;0;AVIÁRIO MEIO;772,00;25/11/2025;01:24:59;20;1283-20
CO2;1283;CT-CO2-0;1f94f8ad-7171-b062-c0a5-dbf839ac97e9;CD:E6:D3:07;0;AVIÁRIO MEIO;786,00;25/11/2025;01:30:02;20;1283-20
CO2;1283;CT-CO2-0;1f94f8ad-7171-b062-c0a5-dbf839ac97e9;CD:E6:D3:07;0;AVIÁRIO MEIO;791,00;25/11/2025;01:35:04;20;1283-20
CO2;1283;CT-CO2-0;1f94f8ad-7171-b062-c0a5-dbf839ac97e9;CD:E6:D3:07;0;AVIÁRIO MEIO;792,00;25/11/2025;01:40:35;20;1283-20
CO2;1283;CT-CO2-0;1f94f8ad-7171-b062-c0a5-dbf839ac97e9;CD:E6:D3:07;0;AVIÁRIO MEIO;786,00;25/11/2025;01:46:07;20;1283-20
CO2;1283;CT-CO2-0;1f94f8ad-7171-b062-c0a5-dbf839ac97e9;CD:E6:D3:07;0;AVIÁRIO MEIO;787,00;25/11/2025;01:51:09;20;1283-20
CO2;1283;CT-CO2-0;1f94f8ad-7171-b062-c0a5-dbf839ac97e9;CD:E6:D3:07;0;AVIÁRIO MEIO;830,00;25/11/2025;01:56:41;20;1283-20
CO2;1283;CT-CO2-0;1f94f8ad-7171-b062-c0a5-dbf839ac97e9;CD:E6:D3:07;0;AVIÁRIO MEIO;788,00;25/11/2025;02:02:14;20;1283-20
CO2;1283;CT-CO2-0;1f94f8ad-7171-b062-c0a5-dbf839ac97e9;CD:E6:D3:07;0;AVIÁRIO MEIO;788,00;25/11/2025;02:07:16;20;1283-20
CO2;1283;CT-CO2-0;1f94f8ad-7171-b062-c0a5-dbf839ac97e9;CD:E6:D3:07;0;AVIÁRIO MEIO;796,00;25/11/2025;02:12:48;20;1283-20
CO2;1283;CT-CO2-0;1f94f8ad-7171-b062-c0a5-dbf839ac97e9;CD:E6:D3:07;0;AVIÁRIO MEIO;937,00;25/11/2025;02:18:20;20;1283-20
CO2;1283;CT-CO2-0;1f94f8ad-7171-b062-c0a5-dbf839ac97e9;CD:E6:D3:07;0;AVIÁRIO MEIO;872,00;25/11/2025;02:23:22;20;1283-20
CO2;1283;CT-CO2-0;1f94f8ad-7171-b062-c0a5-dbf839ac97e9;CD:E6:D3:07;0;AVIÁRIO MEIO;880,00;25/11/2025;02:28:54;20;1283-20
CO2;1283;CT-CO2-0;1f94f8ad-7171-b062-c0a5-dbf839ac97e9;CD:E6:D3:07;0;AVIÁRIO MEIO;865,00;25/11/2025;02:35:01;20;1283-20
CO2;1283;CT-CO2-0;1f94f8ad-7171-b062-c0a5-dbf839ac97e9;CD:E6:D3:07;0;AVIÁRIO MEIO;864,00;25/11/2025;02:39:36;20;1283-20
CO2;1283;CT-CO2-0;1f94f8ad-7171-b062-c0a5-dbf839ac97e9;CD:E6:D3:07;0;AVIÁRIO MEIO;864,00;25/11/2025;02:45:08;20;1283-20
CO2;1283;CT-CO2-0;1f94f8ad-7171-b062-c0a5-dbf839ac97e9;CD:E6:D3:07;0;AVIÁRIO MEIO;864,00;25/11/2025;02:50:41;20;1283-20
CO2;1283;CT-CO2-0;1f94f8ad-7171-b062-c0a5-dbf839ac97e9;CD:E6:D3:07;0;AVIÁRIO MEIO;864,00;25/11/2025;02:55:44;20;1283-20
CO2;1283;CT-CO2-0;1f94f8ad-7171-b062-c0a5-dbf839ac97e9;CD:E6:D3:07;0;AVIÁRIO MEIO;860,00;25/11/2025;03:01:15;20;1283-20
CO2;1283;CT-CO2-0;1f94f8ad-7171-b062-c0a5-dbf839ac97e9;CD:E6:D3:07;0;AVIÁRIO MEIO;853,00;25/11/2025;03:06:47;20;1283-20
CO2;1283;CT-CO2-0;1f94f8ad-7171-b062-c0a5-dbf839ac97e9;CD:E6:D3:07;0;AVIÁRIO MEIO;851,00;25/11/2025;03:11:49;20;1283-20
CO2;1283;CT-CO2-0;1f94f8ad-7171-b062-c0a5-dbf839ac97e9;CD:E6:D3:07;0;AVIÁRIO MEIO;853,00;25/11/2025;03:17:22;20;1283-20
CO2;1283;CT-CO2-0;1f94f8ad-7171-b062-c0a5-dbf839ac97e9;CD:E6:D3:07;0;AVIÁRIO MEIO;855,00;25/11/2025;03:22:53;20;1283-20
CO2;1283;CT-CO2-0;1f94f8ad-7171-b062-c0a5-dbf839ac97e9;CD:E6:D3:07;0;AVIÁRIO MEIO;853,00;25/11/2025;03:27:55;20;1283-20
CO2;1283;CT-CO2-0;1f94f8ad-7171-b062-c0a5-dbf839ac97e9;CD:E6:D3:07;0;AVIÁRIO MEIO;853,00;25/11/2025;03:33:27;20;1283-20
CO2;1283;CT-CO2-0;1f94f8ad-7171-b062-c0a5-dbf839ac97e9;CD:E6:D3:07;0;AVIÁRIO MEIO;853,00;25/11/2025;03:39:00;20;1283-20
CO2;1283;CT-CO2-0;1f94f8ad-7171-b062-c0a5-dbf839ac97e9;CD:E6:D3:07;0;AVIÁRIO MEIO;860,00;25/11/2025;03:44:34;20;1283-20
CO2;1283;CT-CO2-0;1f94f8ad-7171-b062-c0a5-dbf839ac97e9;CD:E6:D3:07;0;AVIÁRIO MEIO;850,00;25/11/2025;03:49:36;20;1283-20
CO2;1283;CT-CO2-0;1f94f8ad-7171-b062-c0a5-dbf839ac97e9;CD:E6:D3:07;0;AVIÁRIO MEIO;842,00;25/11/2025;03:55:08;20;1283-20
CO2;1283;CT-CO2-0;1f94f8ad-7171-b062-c0a5-dbf839ac97e9;CD:E6:D3:07;0;AVIÁRIO MEIO;858,00;25/11/2025;04:00:10;20;1283-20
CO2;1283;CT-CO2-0;1f94f8ad-7171-b062-c0a5-dbf839ac97e9;CD:E6:D3:07;0;AVIÁRIO MEIO;852,00;25/11/2025;04:05:43;20;1283-20
CO2;1283;CT-CO2-0;1f94f8ad-7171-b062-c0a5-dbf839ac97e9;CD:E6:D3:07;0;AVIÁRIO MEIO;850,00;25/11/2025;04:11:15;20;1283-20
CO2;1283;CT-CO2-0;1f94f8ad-7171-b062-c0a5-dbf839ac97e9;CD:E6:D3:07;0;AVIÁRIO MEIO;871,00;25/11/2025;04:16:17;20;1283-20
CO2;1283;CT-CO2-0;1f94f8ad-7171-b062-c0a5-dbf839ac97e9;CD:E6:D3:07;0;AVIÁRIO MEIO;869,00;25/11/2025;04:21:49;20;1283-20
CO2;1283;CT-CO2-0;1f94f8ad-7171-b062-c0a5-dbf839ac97e9;CD:E6:D3:07;0;AVIÁRIO MEIO;882,00;25/11/2025;04:27:21;20;1283-20
CO2;1283;CT-CO2-0;1f94f8ad-7171-b062-c0a5-dbf839ac97e9;CD:E6:D3:07;0;AVIÁRIO MEIO;874,00;25/11/2025;04:32:52;20;1283-20
CO2;1283;CT-CO2-0;1f94f8ad-7171-b062-c0a5-dbf839ac97e9;CD:E6:D3:07;0;AVIÁRIO MEIO;878,00;25/11/2025;04:37:54;20;1283-20
CO2;1283;CT-CO2-0;1f94f8ad-7171-b062-c0a5-dbf839ac97e9;CD:E6:D3:07;0;AVIÁRIO MEIO;899,00;25/11/2025;04:43:27;20;1283-20
CO2;1283;CT-CO2-0;1f94f8ad-7171-b062-c0a5-dbf839ac97e9;CD:E6:D3:07;0;AVIÁRIO MEIO;894,00;25/11/2025;04:49:00;20;1283-20
CO2;1283;CT-CO2-0;1f94f8ad-7171-b062-c0a5-dbf839ac97e9;CD:E6:D3:07;0;AVIÁRIO MEIO;905,00;25/11/2025;04:54:33;20;1283-20
CO2;1283;CT-CO2-0;1f94f8ad-7171-b062-c0a5-dbf839ac97e9;CD:E6:D3:07;0;AVIÁRIO MEIO;920,00;25/11/2025;04:59:36;20;1283-20
CO2;1283;CT-CO2-0;1f94f8ad-7171-b062-c0a5-dbf839ac97e9;CD:E6:D3:07;0;AVIÁRIO MEIO;914,00;25/11/2025;05:05:09;20;1283-20
CO2;1283;CT-CO2-0;1f94f8ad-7171-b062-c0a5-dbf839ac97e9;CD:E6:D3:07;0;AVIÁRIO MEIO;925,00;25/11/2025;05:10:11;20;1283-20
CO2;1283;CT-CO2-0;1f94f8ad-7171-b062-c0a5-dbf839ac97e9;CD:E6:D3:07;0;AVIÁRIO MEIO;927,00;25/11/2025;05:15:43;20;1283-20
CO2;1283;CT-CO2-0;1f94f8ad-7171-b062-c0a5-dbf839ac97e9;CD:E6:D3:07;0;AVIÁRIO MEIO;909,00;25/11/2025;05:21:17;20;1283-20
CO2;1283;CT-CO2-0;1f94f8ad-7171-b062-c0a5-dbf839ac97e9;CD:E6:D3:07;0;AVIÁRIO MEIO;941,00;25/11/2025;05:26:19;20;1283-20
CO2;1283;CT-CO2-0;1f94f8ad-7171-b062-c0a5-dbf839ac97e9;CD:E6:D3:07;0;AVIÁRIO MEIO;930,00;25/11/2025;05:31:51;20;1283-20
CO2;1283;CT-CO2-0;1f94f8ad-7171-b062-c0a5-dbf839ac97e9;CD:E6:D3:07;0;AVIÁRIO MEIO;930,00;25/11/2025;05:37:24;20;1283-20
CO2;1283;CT-CO2-0;1f94f8ad-7171-b062-c0a5-dbf839ac97e9;CD:E6:D3:07;0;AVIÁRIO MEIO;925,00;25/11/2025;05:42:26;20;1283-20
CO2;1283;CT-CO2-0;1f94f8ad-7171-b062-c0a5-dbf839ac97e9;CD:E6:D3:07;0;AVIÁRIO MEIO;906,00;25/11/2025;05:47:58;20;1283-20
CO2;1283;CT-CO2-0;1f94f8ad-7171-b062-c0a5-dbf839ac97e9;CD:E6:D3:07;0;AVIÁRIO MEIO;900,00;25/11/2025;05:53:30;20;1283-20
CO2;1283;CT-CO2-0;1f94f8ad-7171-b062-c0a5-dbf839ac97e9;CD:E6:D3:07;0;AVIÁRIO MEIO;922,00;25/11/2025;05:58:32;20;1283-20
CO2;1283;CT-CO2-0;1f94f8ad-7171-b062-c0a5-dbf839ac97e9;CD:E6:D3:07;0;AVIÁRIO MEIO;919,00;25/11/2025;06:04:34;20;1283-20
CO2;1283;CT-CO2-0;1f94f8ad-7171-b062-c0a5-dbf839ac97e9;CD:E6:D3:07;0;AVIÁRIO MEIO;913,00;25/11/2025;06:09:37;20;1283-20
CO2;1283;CT-CO2-0;1f94f8ad-7171-b062-c0a5-dbf839ac97e9;CD:E6:D3:07;0;AVIÁRIO MEIO;918,00;25/11/2025;06:14:38;20;1283-20
CO2;1283;CT-CO2-0;1f94f8ad-7171-b062-c0a5-dbf839ac97e9;CD:E6:D3:07;0;AVIÁRIO MEIO;905,00;25/11/2025;06:20:11;20;1283-20
CO2;1283;CT-CO2-0;1f94f8ad-7171-b062-c0a5-dbf839ac97e9;CD:E6:D3:07;0;AVIÁRIO MEIO;901,00;25/11/2025;06:25:43;20;1283-20
CO2;1283;CT-CO2-0;1f94f8ad-7171-b062-c0a5-dbf839ac97e9;CD:E6:D3:07;0;AVIÁRIO MEIO;927,00;25/11/2025;06:31:15;20;1283-20
CO2;1283;CT-CO2-0;1f94f8ad-7171-b062-c0a5-dbf839ac97e9;CD:E6:D3:07;0;AVIÁRIO MEIO;892,00;25/11/2025;06:36:16;20;1283-20
CO2;1283;CT-CO2-0;1f94f8ad-7171-b062-c0a5-dbf839ac97e9;CD:E6:D3:07;0;AVIÁRIO MEIO;894,00;25/11/2025;06:41:48;20;1283-20
CO2;1283;CT-CO2-0;1f94f8ad-7171-b062-c0a5-dbf839ac97e9;CD:E6:D3:07;0;AVIÁRIO MEIO;912,00;25/11/2025;06:47:20;20;1283-20
CO2;1283;CT-CO2-0;1f94f8ad-7171-b062-c0a5-dbf839ac97e9;CD:E6:D3:07;0;AVIÁRIO MEIO;897,00;25/11/2025;06:52:22;20;1283-20
CO2;1283;CT-CO2-0;1f94f8ad-7171-b062-c0a5-dbf839ac97e9;CD:E6:D3:07;0;AVIÁRIO MEIO;913,00;25/11/2025;06:57:54;20;1283-20
CO2;1283;CT-CO2-0;1f94f8ad-7171-b062-c0a5-dbf839ac97e9;CD:E6:D3:07;0;AVIÁRIO MEIO;917,00;25/11/2025;07:03:26;20;1283-20
CO2;1283;CT-CO2-0;1f94f8ad-7171-b062-c0a5-dbf839ac97e9;CD:E6:D3:07;0;AVIÁRIO MEIO;899,00;25/11/2025;07:08:28;20;1283-20
CO2;1283;CT-CO2-0;1f94f8ad-7171-b062-c0a5-dbf839ac97e9;CD:E6:D3:07;0;AVIÁRIO MEIO;879,00;25/11/2025;07:14:32;20;1283-20
CO2;1283;CT-CO2-0;1f94f8ad-7171-b062-c0a5-dbf839ac97e9;CD:E6:D3:07;0;AVIÁRIO MEIO;875,00;25/11/2025;07:19:33;20;1283-20
CO2;1283;CT-CO2-0;1f94f8ad-7171-b062-c0a5-dbf839ac97e9;CD:E6:D3:07;0;AVIÁRIO MEIO;883,00;25/11/2025;07:24:35;20;1283-20
CO2;1283;CT-CO2-0;1f94f8ad-7171-b062-c0a5-dbf839ac97e9;CD:E6:D3:07;0;AVIÁRIO MEIO;803,00;25/11/2025;07:30:07;20;1283-20
CO2;1283;CT-CO2-0;1f94f8ad-7171-b062-c0a5-dbf839ac97e9;CD:E6:D3:07;0;AVIÁRIO MEIO;808,00;25/11/2025;07:35:44;20;1283-20
CO2;1283;CT-CO2-0;1f94f8ad-7171-b062-c0a5-dbf839ac97e9;CD:E6:D3:07;0;AVIÁRIO MEIO;778,00;25/11/2025;07:40:45;20;1283-20
CO2;1283;CT-CO2-0;1f94f8ad-7171-b062-c0a5-dbf839ac97e9;CD:E6:D3:07;0;AVIÁRIO MEIO;739,00;25/11/2025;07:46:17;20;1283-20
CO2;1283;CT-CO2-0;1f94f8ad-7171-b062-c0a5-dbf839ac97e9;CD:E6:D3:07;0;AVIÁRIO MEIO;729,00;25/11/2025;07:51:49;20;1283-20
CO2;1283;CT-CO2-0;1f94f8ad-7171-b062-c0a5-dbf839ac97e9;CD:E6:D3:07;0;AVIÁRIO MEIO;739,00;25/11/2025;07:56:51;20;1283-20
CO2;1283;CT-CO2-0;1f94f8ad-7171-b062-c0a5-dbf839ac97e9;CD:E6:D3:07;0;AVIÁRIO MEIO;760,00;25/11/2025;08:02:24;20;1283-20
CO2;1283;CT-CO2-0;1f94f8ad-7171-b062-c0a5-dbf839ac97e9;CD:E6:D3:07;0;AVIÁRIO MEIO;735,00;25/11/2025;08:07:56;20;1283-20
CO2;1283;CT-CO2-0;1f94f8ad-7171-b062-c0a5-dbf839ac97e9;CD:E6:D3:07;0;AVIÁRIO MEIO;731,00;25/11/2025;08:13:28;20;1283-20
CO2;1283;CT-CO2-0;1f94f8ad-7171-b062-c0a5-dbf839ac97e9;CD:E6:D3:07;0;AVIÁRIO MEIO;719,00;25/11/2025;08:18:30;20;1283-20
CO2;1283;CT-CO2-0;1f94f8ad-7171-b062-c0a5-dbf839ac97e9;CD:E6:D3:07;0;AVIÁRIO MEIO;753,00;25/11/2025;08:24:34;20;1283-20
CO2;1283;CT-CO2-0;1f94f8ad-7171-b062-c0a5-dbf839ac97e9;CD:E6:D3:07;0;AVIÁRIO MEIO;701,00;25/11/2025;08:29:35;20;1283-20
CO2;1283;CT-CO2-0;1f94f8ad-7171-b062-c0a5-dbf839ac97e9;CD:E6:D3:07;0;AVIÁRIO MEIO;675,00;25/11/2025;08:34:37;20;1283-20
CO2;1283;CT-CO2-0;1f94f8ad-7171-b062-c0a5-dbf839ac97e9;CD:E6:D3:07;0;AVIÁRIO MEIO;762,00;25/11/2025;08:40:09;20;1283-20
CO2;1283;CT-CO2-0;1f94f8ad-7171-b062-c0a5-dbf839ac97e9;CD:E6:D3:07;0;AVIÁRIO MEIO;672,00;25/11/2025;08:45:42;20;1283-20
CO2;1283;CT-CO2-0;1f94f8ad-7171-b062-c0a5-dbf839ac97e9;CD:E6:D3:07;0;AVIÁRIO MEIO;669,00;25/11/2025;08:50:44;20;1283-20
CO2;1283;CT-CO2-0;1f94f8ad-7171-b062-c0a5-dbf839ac97e9;CD:E6:D3:07;0;AVIÁRIO MEIO;659,00;25/11/2025;08:56:16;20;1283-20
CO2;1283;CT-CO2-0;1f94f8ad-7171-b062-c0a5-dbf839ac97e9;CD:E6:D3:07;0;AVIÁRIO MEIO;669,00;25/11/2025;09:01:49;20;1283-20
CO2;1283;CT-CO2-0;1f94f8ad-7171-b062-c0a5-dbf839ac97e9;CD:E6:D3:07;0;AVIÁRIO MEIO;658,00;25/11/2025;09:06:51;20;1283-20
CO2;1283;CT-CO2-0;1f94f8ad-7171-b062-c0a5-dbf839ac97e9;CD:E6:D3:07;0;AVIÁRIO MEIO;674,00;25/11/2025;09:12:22;20;1283-20
CO2;1283;CT-CO2-0;1f94f8ad-7171-b062-c0a5-dbf839ac97e9;CD:E6:D3:07;0;AVIÁRIO MEIO;643,00;25/11/2025;09:17:54;20;1283-20
CO2;1283;CT-CO2-0;1f94f8ad-7171-b062-c0a5-dbf839ac97e9;CD:E6:D3:07;0;AVIÁRIO MEIO;653,00;25/11/2025;09:22:56;20;1283-20
CO2;1283;CT-CO2-0;1f94f8ad-7171-b062-c0a5-dbf839ac97e9;CD:E6:D3:07;0;AVIÁRIO MEIO;647,00;25/11/2025;09:28:28;20;1283-20
CO2;1283;CT-CO2-0;1f94f8ad-7171-b062-c0a5-dbf839ac97e9;CD:E6:D3:07;0;AVIÁRIO MEIO;646,00;25/11/2025;09:34:32;20;1283-20
CO2;1283;CT-CO2-0;1f94f8ad-7171-b062-c0a5-dbf839ac97e9;CD:E6:D3:07;0;AVIÁRIO MEIO;644,00;25/11/2025;09:39:04;20;1283-20
CO2;1283;CT-CO2-0;1f94f8ad-7171-b062-c0a5-dbf839ac97e9;CD:E6:D3:07;0;AVIÁRIO MEIO;651,00;25/11/2025;09:44:36;20;1283-20
CO2;1283;CT-CO2-0;1f94f8ad-7171-b062-c0a5-dbf839ac97e9;CD:E6:D3:07;0;AVIÁRIO MEIO;668,00;25/11/2025;09:50:08;20;1283-20
CO2;1283;CT-CO2-0;1f94f8ad-7171-b062-c0a5-dbf839ac97e9;CD:E6:D3:07;0;AVIÁRIO MEIO;868,00;25/11/2025;09:55:10;20;1283-20
CO2;1283;CT-CO2-0;1f94f8ad-7171-b062-c0a5-dbf839ac97e9;CD:E6:D3:07;0;AVIÁRIO MEIO;738,00;25/11/2025;10:00:41;20;1283-20
CO2;1283;CT-CO2-0;1f94f8ad-7171-b062-c0a5-dbf839ac97e9;CD:E6:D3:07;0;AVIÁRIO MEIO;658,00;25/11/2025;10:06:15;20;1283-20
CO2;1283;CT-CO2-0;1f94f8ad-7171-b062-c0a5-dbf839ac97e9;CD:E6:D3:07;0;AVIÁRIO MEIO;631,00;25/11/2025;10:11:17;20;1283-20
CO2;1283;CT-CO2-0;1f94f8ad-7171-b062-c0a5-dbf839ac97e9;CD:E6:D3:07;0;AVIÁRIO MEIO;629,00;25/11/2025;10:16:48;20;1283-20
CO2;1283;CT-CO2-0;1f94f8ad-7171-b062-c0a5-dbf839ac97e9;CD:E6:D3:07;0;AVIÁRIO MEIO;645,00;25/11/2025;10:22:20;20;1283-20
CO2;1283;CT-CO2-0;1f94f8ad-7171-b062-c0a5-dbf839ac97e9;CD:E6:D3:07;0;AVIÁRIO MEIO;656,00;25/11/2025;10:27:22;20;1283-20
CO2;1283;CT-CO2-0;1f94f8ad-7171-b062-c0a5-dbf839ac97e9;CD:E6:D3:07;0;AVIÁRIO MEIO;705,00;25/11/2025;10:32:54;20;1283-20
CO2;1283;CT-CO2-0;1f94f8ad-7171-b062-c0a5-dbf839ac97e9;CD:E6:D3:07;0;AVIÁRIO MEIO;696,00;25/11/2025;10:38:26;20;1283-20
CO2;1283;CT-CO2-0;1f94f8ad-7171-b062-c0a5-dbf839ac97e9;CD:E6:D3:07;0;AVIÁRIO MEIO;650,00;25/11/2025;10:43:59;20;1283-20
CO2;1283;CT-CO2-0;1f94f8ad-7171-b062-c0a5-dbf839ac97e9;CD:E6:D3:07;0;AVIÁRIO MEIO;637,00;25/11/2025;10:49:01;20;1283-20
CO2;1283;CT-CO2-0;1f94f8ad-7171-b062-c0a5-dbf839ac97e9;CD:E6:D3:07;0;AVIÁRIO MEIO;635,00;25/11/2025;10:54:33;20;1283-20
CO2;1283;CT-CO2-0;1f94f8ad-7171-b062-c0a5-dbf839ac97e9;CD:E6:D3:07;0;AVIÁRIO MEIO;629,00;25/11/2025;10:59:35;20;1283-20
CO2;1283;CT-CO2-0;1f94f8ad-7171-b062-c0a5-dbf839ac97e9;CD:E6:D3:07;0;AVIÁRIO MEIO;629,00;25/11/2025;11:05:07;20;1283-20
CO2;1283;CT-CO2-0;1f94f8ad-7171-b062-c0a5-dbf839ac97e9;CD:E6:D3:07;0;AVIÁRIO MEIO;629,00;25/11/2025;11:10:39;20;1283-20
CO2;1283;CT-CO2-0;1f94f8ad-7171-b062-c0a5-dbf839ac97e9;CD:E6:D3:07;0;AVIÁRIO MEIO;632,00;25/11/2025;11:15:41;20;1283-20
CO2;1283;CT-CO2-0;1f94f8ad-7171-b062-c0a5-dbf839ac97e9;CD:E6:D3:07;0;AVIÁRIO MEIO;626,00;25/11/2025;11:21:15;20;1283-20
CO2;1283;CT-CO2-0;1f94f8ad-7171-b062-c0a5-dbf839ac97e9;CD:E6:D3:07;0;AVIÁRIO MEIO;630,00;25/11/2025;11:26:47;20;1283-20
CO2;1283;CT-CO2-0;1f94f8ad-7171-b062-c0a5-dbf839ac97e9;CD:E6:D3:07;0;AVIÁRIO MEIO;641,00;25/11/2025;11:31:49;20;1283-20
CO2;1283;CT-CO2-0;1f94f8ad-7171-b062-c0a5-dbf839ac97e9;CD:E6:D3:07;0;AVIÁRIO MEIO;635,00;25/11/2025;11:37:22;20;1283-20
CO2;1283;CT-CO2-0;1f94f8ad-7171-b062-c0a5-dbf839ac97e9;CD:E6:D3:07;0;AVIÁRIO MEIO;652,00;25/11/2025;11:42:55;20;1283-20
CO2;1283;CT-CO2-0;1f94f8ad-7171-b062-c0a5-dbf839ac97e9;CD:E6:D3:07;0;AVIÁRIO MEIO;647,00;25/11/2025;11:47:57;20;1283-20
CO2;1283;CT-CO2-0;1f94f8ad-7171-b062-c0a5-dbf839ac97e9;CD:E6:D3:07;0;AVIÁRIO MEIO;650,00;25/11/2025;11:54:00;20;1283-20
CO2;1283;CT-CO2-0;1f94f8ad-7171-b062-c0a5-dbf839ac97e9;CD:E6:D3:07;0;AVIÁRIO MEIO;642,00;25/11/2025;11:59:05;20;1283-20
CO2;1283;CT-CO2-0;1f94f8ad-7171-b062-c0a5-dbf839ac97e9;CD:E6:D3:07;0;AVIÁRIO MEIO;656,00;25/11/2025;12:04:07;20;1283-20
CO2;1283;CT-CO2-0;1f94f8ad-7171-b062-c0a5-dbf839ac97e9;CD:E6:D3:07;0;AVIÁRIO MEIO;641,00;25/11/2025;12:09:39;20;1283-20
CO2;1283;CT-CO2-0;1f94f8ad-7171-b062-c0a5-dbf839ac97e9;CD:E6:D3:07;0;AVIÁRIO MEIO;650,00;25/11/2025;12:15:13;20;1283-20
CO2;1283;CT-CO2-0;1f94f8ad-7171-b062-c0a5-dbf839ac97e9;CD:E6:D3:07;0;AVIÁRIO MEIO;659,00;25/11/2025;12:20:15;20;1283-20
CO2;1283;CT-CO2-0;1f94f8ad-7171-b062-c0a5-dbf839ac97e9;CD:E6:D3:07;0;AVIÁRIO MEIO;633,00;25/11/2025;12:25:47;20;1283-20
CO2;1283;CT-CO2-0;1f94f8ad-7171-b062-c0a5-dbf839ac97e9;CD:E6:D3:07;0;AVIÁRIO MEIO;633,00;25/11/2025;12:31:19;20;1283-20
CO2;1283;CT-CO2-0;1f94f8ad-7171-b062-c0a5-dbf839ac97e9;CD:E6:D3:07;0;AVIÁRIO MEIO;650,00;25/11/2025;12:36:21;20;1283-20
CO2;1283;CT-CO2-0;1f94f8ad-7171-b062-c0a5-dbf839ac97e9;CD:E6:D3:07;0;AVIÁRIO MEIO;652,00;25/11/2025;12:41:53;20;1283-20
CO2;1283;CT-CO2-0;1f94f8ad-7171-b062-c0a5-dbf839ac97e9;CD:E6:D3:07;0;AVIÁRIO MEIO;644,00;25/11/2025;12:47:26;20;1283-20
CO2;1283;CT-CO2-0;1f94f8ad-7171-b062-c0a5-dbf839ac97e9;CD:E6:D3:07;0;AVIÁRIO MEIO;635,00;25/11/2025;12:52:30;20;1283-20
CO2;1283;CT-CO2-0;1f94f8ad-7171-b062-c0a5-dbf839ac97e9;CD:E6:D3:07;0;AVIÁRIO MEIO;646,00;25/11/2025;12:58:02;20;1283-20
CO2;1283;CT-CO2-0;1f94f8ad-7171-b062-c0a5-dbf839ac97e9;CD:E6:D3:07;0;AVIÁRIO MEIO;649,00;25/11/2025;13:03:35;20;1283-20
CO2;1283;CT-CO2-0;1f94f8ad-7171-b062-c0a5-dbf839ac97e9;CD:E6:D3:07;0;AVIÁRIO MEIO;645,00;25/11/2025;13:08:38;20;1283-20
CO2;1283;CT-CO2-0;1f94f8ad-7171-b062-c0a5-dbf839ac97e9;CD:E6:D3:07;0;AVIÁRIO MEIO;631,00;25/11/2025;13:14:11;20;1283-20
CO2;1283;CT-CO2-0;1f94f8ad-7171-b062-c0a5-dbf839ac97e9;CD:E6:D3:07;0;AVIÁRIO MEIO;639,00;25/11/2025;13:19:13;20;1283-20
CO2;1283;CT-CO2-0;1f94f8ad-7171-b062-c0a5-dbf839ac97e9;CD:E6:D3:07;0;AVIÁRIO MEIO;632,00;25/11/2025;13:24:46;20;1283-20
CO2;1283;CT-CO2-0;1f94f8ad-7171-b062-c0a5-dbf839ac97e9;CD:E6:D3:07;0;AVIÁRIO MEIO;640,00;25/11/2025;13:30:18;20;1283-20
CO2;1283;CT-CO2-0;1f94f8ad-7171-b062-c0a5-dbf839ac97e9;CD:E6:D3:07;0;AVIÁRIO MEIO;645,00;25/11/2025;13:35:20;20;1283-20
CO2;1283;CT-CO2-0;1f94f8ad-7171-b062-c0a5-dbf839ac97e9;CD:E6:D3:07;0;AVIÁRIO MEIO;646,00;25/11/2025;13:40:52;20;1283-20
CO2;1283;CT-CO2-0;1f94f8ad-7171-b062-c0a5-dbf839ac97e9;CD:E6:D3:07;0;AVIÁRIO MEIO;633,00;25/11/2025;13:46:23;20;1283-20
CO2;1283;CT-CO2-0;1f94f8ad-7171-b062-c0a5-dbf839ac97e9;CD:E6:D3:07;0;AVIÁRIO MEIO;646,00;25/11/2025;13:51:25;20;1283-20
CO2;1283;CT-CO2-0;1f94f8ad-7171-b062-c0a5-dbf839ac97e9;CD:E6:D3:07;0;AVIÁRIO MEIO;647,00;25/11/2025;13:56:57;20;1283-20
CO2;1283;CT-CO2-0;1f94f8ad-7171-b062-c0a5-dbf839ac97e9;CD:E6:D3:07;0;AVIÁRIO MEIO;646,00;25/11/2025;14:02:29;20;1283-20
CO2;1283;CT-CO2-0;1f94f8ad-7171-b062-c0a5-dbf839ac97e9;CD:E6:D3:07;0;AVIÁRIO MEIO;624,00;25/11/2025;14:08:01;20;1283-20
CO2;1283;CT-CO2-0;1f94f8ad-7171-b062-c0a5-dbf839ac97e9;CD:E6:D3:07;0;AVIÁRIO MEIO;625,00;25/11/2025;14:13:33;20;1283-20
CO2;1283;CT-CO2-0;1f94f8ad-7171-b062-c0a5-dbf839ac97e9;CD:E6:D3:07;0;AVIÁRIO MEIO;643,00;25/11/2025;14:24:07;20;1283-20
CO2;1283;CT-CO2-0;1f94f8ad-7171-b062-c0a5-dbf839ac97e9;CD:E6:D3:07;0;AVIÁRIO MEIO;630,00;25/11/2025;14:29:09;20;1283-20
CO2;1283;CT-CO2-0;1f94f8ad-7171-b062-c0a5-dbf839ac97e9;CD:E6:D3:07;0;AVIÁRIO MEIO;627,00;25/11/2025;14:34:41;20;1283-20
CO2;1283;CT-CO2-0;1f94f8ad-7171-b062-c0a5-dbf839ac97e9;CD:E6:D3:07;0;AVIÁRIO MEIO;628,00;25/11/2025;14:40:12;20;1283-20
CO2;1283;CT-CO2-0;1f94f8ad-7171-b062-c0a5-dbf839ac97e9;CD:E6:D3:07;0;AVIÁRIO MEIO;631,00;25/11/2025;14:45:44;20;1283-20
CO2;1283;CT-CO2-0;1f94f8ad-7171-b062-c0a5-dbf839ac97e9;CD:E6:D3:07;0;AVIÁRIO MEIO;630,00;25/11/2025;14:50:46;20;1283-20
CO2;1283;CT-CO2-0;1f94f8ad-7171-b062-c0a5-dbf839ac97e9;CD:E6:D3:07;0;AVIÁRIO MEIO;640,00;25/11/2025;14:56:18;20;1283-20
CO2;1283;CT-CO2-0;1f94f8ad-7171-b062-c0a5-dbf839ac97e9;CD:E6:D3:07;0;AVIÁRIO MEIO;644,00;25/11/2025;15:01:50;20;1283-20
CO2;1283;CT-CO2-0;1f94f8ad-7171-b062-c0a5-dbf839ac97e9;CD:E6:D3:07;0;AVIÁRIO MEIO;632,00;25/11/2025;15:06:53;20;1283-20
CO2;1283;CT-CO2-0;1f94f8ad-7171-b062-c0a5-dbf839ac97e9;CD:E6:D3:07;0;AVIÁRIO MEIO;619,00;25/11/2025;15:12:25;20;1283-20
CO2;1283;CT-CO2-0;1f94f8ad-7171-b062-c0a5-dbf839ac97e9;CD:E6:D3:07;0;AVIÁRIO MEIO;620,00;25/11/2025;15:17:58;20;1283-20
CO2;1283;CT-CO2-0;1f94f8ad-7171-b062-c0a5-dbf839ac97e9;CD:E6:D3:07;0;AVIÁRIO MEIO;617,00;25/11/2025;15:23:32;20;1283-20
CO2;1283;CT-CO2-0;1f94f8ad-7171-b062-c0a5-dbf839ac97e9;CD:E6:D3:07;0;AVIÁRIO MEIO;627,00;25/11/2025;15:28:36;20;1283-20
CO2;1283;CT-CO2-0;1f94f8ad-7171-b062-c0a5-dbf839ac97e9;CD:E6:D3:07;0;AVIÁRIO MEIO;634,00;25/11/2025;15:34:08;20;1283-20
CO2;1283;CT-CO2-0;1f94f8ad-7171-b062-c0a5-dbf839ac97e9;CD:E6:D3:07;0;AVIÁRIO MEIO;633,00;25/11/2025;15:39:10;20;1283-20
CO2;1283;CT-CO2-0;1f94f8ad-7171-b062-c0a5-dbf839ac97e9;CD:E6:D3:07;0;AVIÁRIO MEIO;613,00;25/11/2025;15:44:43;20;1283-20
CO2;1283;CT-CO2-0;1f94f8ad-7171-b062-c0a5-dbf839ac97e9;CD:E6:D3:07;0;AVIÁRIO MEIO;636,00;25/11/2025;15:50:15;20;1283-20
CO2;1283;CT-CO2-0;1f94f8ad-7171-b062-c0a5-dbf839ac97e9;CD:E6:D3:07;0;AVIÁRIO MEIO;628,00;25/11/2025;15:55:47;20;1283-20
CO2;1283;CT-CO2-0;1f94f8ad-7171-b062-c0a5-dbf839ac97e9;CD:E6:D3:07;0;AVIÁRIO MEIO;634,00;25/11/2025;16:00:49;20;1283-20
CO2;1283;CT-CO2-0;1f94f8ad-7171-b062-c0a5-dbf839ac97e9;CD:E6:D3:07;0;AVIÁRIO MEIO;620,00;25/11/2025;16:06:23;20;1283-20
CO2;1283;CT-CO2-0;1f94f8ad-7171-b062-c0a5-dbf839ac97e9;CD:E6:D3:07;0;AVIÁRIO MEIO;616,00;25/11/2025;16:11:55;20;1283-20
CO2;1283;CT-CO2-0;1f94f8ad-7171-b062-c0a5-dbf839ac97e9;CD:E6:D3:07;0;AVIÁRIO MEIO;632,00;25/11/2025;16:16:58;20;1283-20
CO2;1283;CT-CO2-0;1f94f8ad-7171-b062-c0a5-dbf839ac97e9;CD:E6:D3:07;0;AVIÁRIO MEIO;605,00;25/11/2025;16:22:29;20;1283-20
CO2;1283;CT-CO2-0;1f94f8ad-7171-b062-c0a5-dbf839ac97e9;CD:E6:D3:07;0;AVIÁRIO MEIO;600,00;25/11/2025;16:28:01;20;1283-20
CO2;1283;CT-CO2-0;1f94f8ad-7171-b062-c0a5-dbf839ac97e9;CD:E6:D3:07;0;AVIÁRIO MEIO;618,00;25/11/2025;16:33:37;20;1283-20
CO2;1283;CT-CO2-0;1f94f8ad-7171-b062-c0a5-dbf839ac97e9;CD:E6:D3:07;0;AVIÁRIO MEIO;614,00;25/11/2025;16:38:39;20;1283-20
CO2;1283;CT-CO2-0;1f94f8ad-7171-b062-c0a5-dbf839ac97e9;CD:E6:D3:07;0;AVIÁRIO MEIO;619,00;25/11/2025;16:44:13;20;1283-20
CO2;1283;CT-CO2-0;1f94f8ad-7171-b062-c0a5-dbf839ac97e9;CD:E6:D3:07;0;AVIÁRIO MEIO;621,00;25/11/2025;16:49:14;20;1283-20
CO2;1283;CT-CO2-0;1f94f8ad-7171-b062-c0a5-dbf839ac97e9;CD:E6:D3:07;0;AVIÁRIO MEIO;621,00;25/11/2025;16:54:46;20;1283-20
CO2;1283;CT-CO2-0;1f94f8ad-7171-b062-c0a5-dbf839ac97e9;CD:E6:D3:07;0;AVIÁRIO MEIO;605,00;25/11/2025;17:00:17;20;1283-20
CO2;1283;CT-CO2-0;1f94f8ad-7171-b062-c0a5-dbf839ac97e9;CD:E6:D3:07;0;AVIÁRIO MEIO;611,00;25/11/2025;17:05:19;20;1283-20
CO2;1283;CT-CO2-0;1f94f8ad-7171-b062-c0a5-dbf839ac97e9;CD:E6:D3:07;0;AVIÁRIO MEIO;619,00;25/11/2025;17:10:51;20;1283-20
CO2;1283;CT-CO2-0;1f94f8ad-7171-b062-c0a5-dbf839ac97e9;CD:E6:D3:07;0;AVIÁRIO MEIO;624,00;25/11/2025;17:16:23;20;1283-20
CO2;1283;CT-CO2-0;1f94f8ad-7171-b062-c0a5-dbf839ac97e9;CD:E6:D3:07;0;AVIÁRIO MEIO;609,00;25/11/2025;17:21:25;20;1283-20
CO2;1283;CT-CO2-0;1f94f8ad-7171-b062-c0a5-dbf839ac97e9;CD:E6:D3:07;0;AVIÁRIO MEIO;611,00;25/11/2025;17:27:01;20;1283-20
CO2;1283;CT-CO2-0;1f94f8ad-7171-b062-c0a5-dbf839ac97e9;CD:E6:D3:07;0;AVIÁRIO MEIO;615,00;25/11/2025;17:32:34;20;1283-20
CO2;1283;CT-CO2-0;1f94f8ad-7171-b062-c0a5-dbf839ac97e9;CD:E6:D3:07;0;AVIÁRIO MEIO;625,00;25/11/2025;17:37:36;20;1283-20
CO2;1283;CT-CO2-0;1f94f8ad-7171-b062-c0a5-dbf839ac97e9;CD:E6:D3:07;0;AVIÁRIO MEIO;617,00;25/11/2025;17:43:40;20;1283-20
CO2;1283;CT-CO2-0;1f94f8ad-7171-b062-c0a5-dbf839ac97e9;CD:E6:D3:07;0;AVIÁRIO MEIO;631,00;25/11/2025;17:48:42;20;1283-20
CO2;1283;CT-CO2-0;1f94f8ad-7171-b062-c0a5-dbf839ac97e9;CD:E6:D3:07;0;AVIÁRIO MEIO;616,00;25/11/2025;17:53:44;20;1283-20
CO2;1283;CT-CO2-0;1f94f8ad-7171-b062-c0a5-dbf839ac97e9;CD:E6:D3:07;0;AVIÁRIO MEIO;606,00;25/11/2025;17:59:17;20;1283-20
CO2;1283;CT-CO2-0;1f94f8ad-7171-b062-c0a5-dbf839ac97e9;CD:E6:D3:07;0;AVIÁRIO MEIO;631,00;25/11/2025;18:04:49;20;1283-20
CO2;1283;CT-CO2-0;1f94f8ad-7171-b062-c0a5-dbf839ac97e9;CD:E6:D3:07;0;AVIÁRIO MEIO;612,00;25/11/2025;18:09:52;20;1283-20
CO2;1283;CT-CO2-0;1f94f8ad-7171-b062-c0a5-dbf839ac97e9;CD:E6:D3:07;0;AVIÁRIO MEIO;609,00;25/11/2025;18:15:24;20;1283-20
CO2;1283;CT-CO2-0;1f94f8ad-7171-b062-c0a5-dbf839ac97e9;CD:E6:D3:07;0;AVIÁRIO MEIO;603,00;25/11/2025;18:20:57;20;1283-20
CO2;1283;CT-CO2-0;1f94f8ad-7171-b062-c0a5-dbf839ac97e9;CD:E6:D3:07;0;AVIÁRIO MEIO;632,00;25/11/2025;18:25:59;20;1283-20
CO2;1283;CT-CO2-0;1f94f8ad-7171-b062-c0a5-dbf839ac97e9;CD:E6:D3:07;0;AVIÁRIO MEIO;628,00;25/11/2025;18:31:36;20;1283-20
CO2;1283;CT-CO2-0;1f94f8ad-7171-b062-c0a5-dbf839ac97e9;CD:E6:D3:07;0;AVIÁRIO MEIO;650,00;25/11/2025;18:37:08;20;1283-20
CO2;1283;CT-CO2-0;1f94f8ad-7171-b062-c0a5-dbf839ac97e9;CD:E6:D3:07;0;AVIÁRIO MEIO;637,00;25/11/2025;18:42:10;20;1283-20
CO2;1283;CT-CO2-0;1f94f8ad-7171-b062-c0a5-dbf839ac97e9;CD:E6:D3:07;0;AVIÁRIO MEIO;632,00;25/11/2025;18:47:42;20;1283-20
CO2;1283;CT-CO2-0;1f94f8ad-7171-b062-c0a5-dbf839ac97e9;CD:E6:D3:07;0;AVIÁRIO MEIO;650,00;25/11/2025;18:53:45;20;1283-20
CO2;1283;CT-CO2-0;1f94f8ad-7171-b062-c0a5-dbf839ac97e9;CD:E6:D3:07;0;AVIÁRIO MEIO;649,00;25/11/2025;18:58:17;20;1283-20
CO2;1283;CT-CO2-0;1f94f8ad-7171-b062-c0a5-dbf839ac97e9;CD:E6:D3:07;0;AVIÁRIO MEIO;658,00;25/11/2025;19:03:49;20;1283-20
CO2;1283;CT-CO2-0;1f94f8ad-7171-b062-c0a5-dbf839ac97e9;CD:E6:D3:07;0;AVIÁRIO MEIO;661,00;25/11/2025;19:09:21;20;1283-20
CO2;1283;CT-CO2-0;1f94f8ad-7171-b062-c0a5-dbf839ac97e9;CD:E6:D3:07;0;AVIÁRIO MEIO;707,00;25/11/2025;19:14:23;20;1283-20
CO2;1283;CT-CO2-0;1f94f8ad-7171-b062-c0a5-dbf839ac97e9;CD:E6:D3:07;0;AVIÁRIO MEIO;673,00;25/11/2025;19:19:54;20;1283-20
CO2;1283;CT-CO2-0;1f94f8ad-7171-b062-c0a5-dbf839ac97e9;CD:E6:D3:07;0;AVIÁRIO MEIO;718,00;25/11/2025;19:25:26;20;1283-20
CO2;1283;CT-CO2-0;1f94f8ad-7171-b062-c0a5-dbf839ac97e9;CD:E6:D3:07;0;AVIÁRIO MEIO;704,00;25/11/2025;19:30:58;20;1283-20
CO2;1283;CT-CO2-0;1f94f8ad-7171-b062-c0a5-dbf839ac97e9;CD:E6:D3:07;0;AVIÁRIO MEIO;735,00;25/11/2025;19:36:00;20;1283-20
CO2;1283;CT-CO2-0;1f94f8ad-7171-b062-c0a5-dbf839ac97e9;CD:E6:D3:07;0;AVIÁRIO MEIO;688,00;25/11/2025;19:41:32;20;1283-20
CO2;1283;CT-CO2-0;1f94f8ad-7171-b062-c0a5-dbf839ac97e9;CD:E6:D3:07;0;AVIÁRIO MEIO;731,00;25/11/2025;19:47:04;20;1283-20
CO2;1283;CT-CO2-0;1f94f8ad-7171-b062-c0a5-dbf839ac97e9;CD:E6:D3:07;0;AVIÁRIO MEIO;701,00;25/11/2025;19:57:38;20;1283-20
CO2;1283;CT-CO2-0;1f94f8ad-7171-b062-c0a5-dbf839ac97e9;CD:E6:D3:07;0;AVIÁRIO MEIO;704,00;25/11/2025;20:03:43;20;1283-20
CO2;1283;CT-CO2-0;1f94f8ad-7171-b062-c0a5-dbf839ac97e9;CD:E6:D3:07;0;AVIÁRIO MEIO;740,00;25/11/2025;20:08:14;20;1283-20
CO2;1283;CT-CO2-0;1f94f8ad-7171-b062-c0a5-dbf839ac97e9;CD:E6:D3:07;0;AVIÁRIO MEIO;705,00;25/11/2025;20:19:21;20;1283-20
CO2;1283;CT-CO2-0;1f94f8ad-7171-b062-c0a5-dbf839ac97e9;CD:E6:D3:07;0;AVIÁRIO MEIO;707,00;25/11/2025;20:24:22;20;1283-20
CO2;1283;CT-CO2-0;1f94f8ad-7171-b062-c0a5-dbf839ac97e9;CD:E6:D3:07;0;AVIÁRIO MEIO;705,00;25/11/2025;20:29:55;20;1283-20
CO2;1283;CT-CO2-0;1f94f8ad-7171-b062-c0a5-dbf839ac97e9;CD:E6:D3:07;0;AVIÁRIO MEIO;698,00;25/11/2025;20:35:27;20;1283-20
CO2;1283;CT-CO2-0;1f94f8ad-7171-b062-c0a5-dbf839ac97e9;CD:E6:D3:07;0;AVIÁRIO MEIO;677,00;25/11/2025;20:40:29;20;1283-20
CO2;1283;CT-CO2-0;1f94f8ad-7171-b062-c0a5-dbf839ac97e9;CD:E6:D3:07;0;AVIÁRIO MEIO;660,00;25/11/2025;20:46:02;20;1283-20
CO2;1283;CT-CO2-0;1f94f8ad-7171-b062-c0a5-dbf839ac97e9;CD:E6:D3:07;0;AVIÁRIO MEIO;679,00;25/11/2025;20:51:34;20;1283-20
CO2;1283;CT-CO2-0;1f94f8ad-7171-b062-c0a5-dbf839ac97e9;CD:E6:D3:07;0;AVIÁRIO MEIO;688,00;25/11/2025;20:56:36;20;1283-20
CO2;1283;CT-CO2-0;1f94f8ad-7171-b062-c0a5-dbf839ac97e9;CD:E6:D3:07;0;AVIÁRIO MEIO;674,00;25/11/2025;21:06:37;20;1283-20
CO2;1283;CT-CO2-0;1f94f8ad-7171-b062-c0a5-dbf839ac97e9;CD:E6:D3:07;0;AVIÁRIO MEIO;742,00;25/11/2025;21:12:41;20;1283-20
CO2;1283;CT-CO2-0;1f94f8ad-7171-b062-c0a5-dbf839ac97e9;CD:E6:D3:07;0;AVIÁRIO MEIO;663,00;25/11/2025;21:17:13;20;1283-20
CO2;1283;CT-CO2-0;1f94f8ad-7171-b062-c0a5-dbf839ac97e9;CD:E6:D3:07;0;AVIÁRIO MEIO;652,00;25/11/2025;21:22:46;20;1283-20
CO2;1283;CT-CO2-0;1f94f8ad-7171-b062-c0a5-dbf839ac97e9;CD:E6:D3:07;0;AVIÁRIO MEIO;658,00;25/11/2025;21:28:18;20;1283-20
CO2;1283;CT-CO2-0;1f94f8ad-7171-b062-c0a5-dbf839ac97e9;CD:E6:D3:07;0;AVIÁRIO MEIO;704,00;25/11/2025;21:33:20;20;1283-20
CO2;1283;CT-CO2-0;1f94f8ad-7171-b062-c0a5-dbf839ac97e9;CD:E6:D3:07;0;AVIÁRIO MEIO;646,00;25/11/2025;21:38:52;20;1283-20
CO2;1283;CT-CO2-0;1f94f8ad-7171-b062-c0a5-dbf839ac97e9;CD:E6:D3:07;0;AVIÁRIO MEIO;655,00;25/11/2025;21:44:25;20;1283-20
CO2;1283;CT-CO2-0;1f94f8ad-7171-b062-c0a5-dbf839ac97e9;CD:E6:D3:07;0;AVIÁRIO MEIO;654,00;25/11/2025;21:49:27;20;1283-20
CO2;1283;CT-CO2-0;1f94f8ad-7171-b062-c0a5-dbf839ac97e9;CD:E6:D3:07;0;AVIÁRIO MEIO;640,00;25/11/2025;21:54:59;20;1283-20
CO2;1283;CT-CO2-0;1f94f8ad-7171-b062-c0a5-dbf839ac97e9;CD:E6:D3:07;0;AVIÁRIO MEIO;648,00;25/11/2025;22:00:32;20;1283-20
CO2;1283;CT-CO2-0;1f94f8ad-7171-b062-c0a5-dbf839ac97e9;CD:E6:D3:07;0;AVIÁRIO MEIO;654,00;25/11/2025;22:05:34;20;1283-20
CO2;1283;CT-CO2-0;1f94f8ad-7171-b062-c0a5-dbf839ac97e9;CD:E6:D3:07;0;AVIÁRIO MEIO;669,00;25/11/2025;22:11:06;20;1283-20
CO2;1283;CT-CO2-0;1f94f8ad-7171-b062-c0a5-dbf839ac97e9;CD:E6:D3:07;0;AVIÁRIO MEIO;669,00;25/11/2025;22:16:39;20;1283-20
CO2;1283;CT-CO2-0;1f94f8ad-7171-b062-c0a5-dbf839ac97e9;CD:E6:D3:07;0;AVIÁRIO MEIO;663,00;25/11/2025;22:22:15;20;1283-20
CO2;1283;CT-CO2-0;1f94f8ad-7171-b062-c0a5-dbf839ac97e9;CD:E6:D3:07;0;AVIÁRIO MEIO;659,00;25/11/2025;22:27:17;20;1283-20
CO2;1283;CT-CO2-0;1f94f8ad-7171-b062-c0a5-dbf839ac97e9;CD:E6:D3:07;0;AVIÁRIO MEIO;663,00;25/11/2025;22:32:48;20;1283-20
CO2;1283;CT-CO2-0;1f94f8ad-7171-b062-c0a5-dbf839ac97e9;CD:E6:D3:07;0;AVIÁRIO MEIO;671,00;25/11/2025;22:37:51;20;1283-20
CO2;1283;CT-CO2-0;1f94f8ad-7171-b062-c0a5-dbf839ac97e9;CD:E6:D3:07;0;AVIÁRIO MEIO;657,00;25/11/2025;22:43:23;20;1283-20
CO2;1283;CT-CO2-0;1f94f8ad-7171-b062-c0a5-dbf839ac97e9;CD:E6:D3:07;0;AVIÁRIO MEIO;653,00;25/11/2025;22:48:55;20;1283-20
CO2;1283;CT-CO2-0;1f94f8ad-7171-b062-c0a5-dbf839ac97e9;CD:E6:D3:07;0;AVIÁRIO MEIO;647,00;25/11/2025;22:53:57;20;1283-20
CO2;1283;CT-CO2-0;1f94f8ad-7171-b062-c0a5-dbf839ac97e9;CD:E6:D3:07;0;AVIÁRIO MEIO;649,00;25/11/2025;22:59:29;20;1283-20
CO2;1283;CT-CO2-0;1f94f8ad-7171-b062-c0a5-dbf839ac97e9;CD:E6:D3:07;0;AVIÁRIO MEIO;673,00;25/11/2025;23:05:10;20;1283-20
CO2;1283;CT-CO2-0;1f94f8ad-7171-b062-c0a5-dbf839ac97e9;CD:E6:D3:07;0;AVIÁRIO MEIO;657,00;25/11/2025;23:10:13;20;1283-20
CO2;1283;CT-CO2-0;1f94f8ad-7171-b062-c0a5-dbf839ac97e9;CD:E6:D3:07;0;AVIÁRIO MEIO;670,00;25/11/2025;23:15:45;20;1283-20
CO2;1283;CT-CO2-0;1f94f8ad-7171-b062-c0a5-dbf839ac97e9;CD:E6:D3:07;0;AVIÁRIO MEIO;671,00;25/11/2025;23:20:47;20;1283-20
CO2;1283;CT-CO2-0;1f94f8ad-7171-b062-c0a5-dbf839ac97e9;CD:E6:D3:07;0;AVIÁRIO MEIO;652,00;25/11/2025;23:26:20;20;1283-20
CO2;1283;CT-CO2-0;1f94f8ad-7171-b062-c0a5-dbf839ac97e9;CD:E6:D3:07;0;AVIÁRIO MEIO;667,00;25/11/2025;23:32:22;20;1283-20
CO2;1283;CT-CO2-0;1f94f8ad-7171-b062-c0a5-dbf839ac97e9;CD:E6:D3:07;0;AVIÁRIO MEIO;652,00;25/11/2025;23:36:54;20;1283-20
CO2;1283;CT-CO2-0;1f94f8ad-7171-b062-c0a5-dbf839ac97e9;CD:E6:D3:07;0;AVIÁRIO MEIO;653,00;25/11/2025;23:42:26;20;1283-20
CO2;1283;CT-CO2-0;1f94f8ad-7171-b062-c0a5-dbf839ac97e9;CD:E6:D3:07;0;AVIÁRIO MEIO;658,00;25/11/2025;23:47:58;20;1283-20
CO2;1283;CT-CO2-0;1f94f8ad-7171-b062-c0a5-dbf839ac97e9;CD:E6:D3:07;0;AVIÁRIO MEIO;650,00;25/11/2025;23:53:00;20;1283-20
CO2;1283;CT-CO2-0;1f94f8ad-7171-b062-c0a5-dbf839ac97e9;CD:E6:D3:07;0;AVIÁRIO MEIO;642,00;25/11/2025;23:58:31;20;1283-20
CO2;1283;CT-CO2-0;1f94f8ad-7171-b062-c0a5-dbf839ac97e9;CD:E6:D3:07;0;AVIÁRIO MEIO;637,00;26/11/2025;00:04:03;20;1283-20
CO2;1283;CT-CO2-0;1f94f8ad-7171-b062-c0a5-dbf839ac97e9;CD:E6:D3:07;0;AVIÁRIO MEIO;650,00;26/11/2025;00:09:06;20;1283-20
CO2;1283;CT-CO2-0;1f94f8ad-7171-b062-c0a5-dbf839ac97e9;CD:E6:D3:07;0;AVIÁRIO MEIO;669,00;26/11/2025;00:14:38;20;1283-20
CO2;1283;CT-CO2-0;1f94f8ad-7171-b062-c0a5-dbf839ac97e9;CD:E6:D3:07;0;AVIÁRIO MEIO;716,00;26/11/2025;00:30:45;20;1283-20
CO2;1283;CT-CO2-0;1f94f8ad-7171-b062-c0a5-dbf839ac97e9;CD:E6:D3:07;0;AVIÁRIO MEIO;705,00;26/11/2025;00:36:17;20;1283-20
CO2;1283;CT-CO2-0;1f94f8ad-7171-b062-c0a5-dbf839ac97e9;CD:E6:D3:07;0;AVIÁRIO MEIO;706,00;26/11/2025;00:41:52;20;1283-20
CO2;1283;CT-CO2-0;1f94f8ad-7171-b062-c0a5-dbf839ac97e9;CD:E6:D3:07;0;AVIÁRIO MEIO;719,00;26/11/2025;00:46:53;20;1283-20
CO2;1283;CT-CO2-0;1f94f8ad-7171-b062-c0a5-dbf839ac97e9;CD:E6:D3:07;0;AVIÁRIO MEIO;745,00;26/11/2025;00:52:24;20;1283-20
CO2;1283;CT-CO2-0;1f94f8ad-7171-b062-c0a5-dbf839ac97e9;CD:E6:D3:07;0;AVIÁRIO MEIO;741,00;26/11/2025;00:57:26;20;1283-20
CO2;1283;CT-CO2-0;1f94f8ad-7171-b062-c0a5-dbf839ac97e9;CD:E6:D3:07;0;AVIÁRIO MEIO;750,00;26/11/2025;01:02:59;20;1283-20
CO2;1283;CT-CO2-0;1f94f8ad-7171-b062-c0a5-dbf839ac97e9;CD:E6:D3:07;0;AVIÁRIO MEIO;723,00;26/11/2025;01:08:33;20;1283-20
CO2;1283;CT-CO2-0;1f94f8ad-7171-b062-c0a5-dbf839ac97e9;CD:E6:D3:07;0;AVIÁRIO MEIO;728,00;26/11/2025;01:13:34;20;1283-20
CO2;1283;CT-CO2-0;1f94f8ad-7171-b062-c0a5-dbf839ac97e9;CD:E6:D3:07;0;AVIÁRIO MEIO;713,00;26/11/2025;01:19:06;20;1283-20
CO2;1283;CT-CO2-0;1f94f8ad-7171-b062-c0a5-dbf839ac97e9;CD:E6:D3:07;0;AVIÁRIO MEIO;704,00;26/11/2025;01:24:38;20;1283-20
CO2;1283;CT-CO2-0;1f94f8ad-7171-b062-c0a5-dbf839ac97e9;CD:E6:D3:07;0;AVIÁRIO MEIO;705,00;26/11/2025;01:30:13;20;1283-20
CO2;1283;CT-CO2-0;1f94f8ad-7171-b062-c0a5-dbf839ac97e9;CD:E6:D3:07;0;AVIÁRIO MEIO;709,00;26/11/2025;01:35:15;20;1283-20
CO2;1283;CT-CO2-0;1f94f8ad-7171-b062-c0a5-dbf839ac97e9;CD:E6:D3:07;0;AVIÁRIO MEIO;737,00;26/11/2025;01:40:48;20;1283-20
CO2;1283;CT-CO2-0;1f94f8ad-7171-b062-c0a5-dbf839ac97e9;CD:E6:D3:07;0;AVIÁRIO MEIO;717,00;26/11/2025;01:45:49;20;1283-20
CO2;1283;CT-CO2-0;1f94f8ad-7171-b062-c0a5-dbf839ac97e9;CD:E6:D3:07;0;AVIÁRIO MEIO;692,00;26/11/2025;01:51:54;20;1283-20
CO2;1283;CT-CO2-0;1f94f8ad-7171-b062-c0a5-dbf839ac97e9;CD:E6:D3:07;0;AVIÁRIO MEIO;713,00;26/11/2025;01:56:56;20;1283-20
CO2;1283;CT-CO2-0;1f94f8ad-7171-b062-c0a5-dbf839ac97e9;CD:E6:D3:07;0;AVIÁRIO MEIO;739,00;26/11/2025;02:01:58;20;1283-20
CO2;1283;CT-CO2-0;1f94f8ad-7171-b062-c0a5-dbf839ac97e9;CD:E6:D3:07;0;AVIÁRIO MEIO;767,00;26/11/2025;02:07:30;20;1283-20
CO2;1283;CT-CO2-0;1f94f8ad-7171-b062-c0a5-dbf839ac97e9;CD:E6:D3:07;0;AVIÁRIO MEIO;760,00;26/11/2025;02:18:04;20;1283-20
CO2;1283;CT-CO2-0;1f94f8ad-7171-b062-c0a5-dbf839ac97e9;CD:E6:D3:07;0;AVIÁRIO MEIO;755,00;26/11/2025;02:23:36;20;1283-20
CO2;1283;CT-CO2-0;1f94f8ad-7171-b062-c0a5-dbf839ac97e9;CD:E6:D3:07;0;AVIÁRIO MEIO;741,00;26/11/2025;02:29:08;20;1283-20
CO2;1283;CT-CO2-0;1f94f8ad-7171-b062-c0a5-dbf839ac97e9;CD:E6:D3:07;0;AVIÁRIO MEIO;745,00;26/11/2025;02:34:39;20;1283-20
CO2;1283;CT-CO2-0;1f94f8ad-7171-b062-c0a5-dbf839ac97e9;CD:E6:D3:07;0;AVIÁRIO MEIO;731,00;26/11/2025;02:39:41;20;1283-20
CO2;1283;CT-CO2-0;1f94f8ad-7171-b062-c0a5-dbf839ac97e9;CD:E6:D3:07;0;AVIÁRIO MEIO;733,00;26/11/2025;02:45:14;20;1283-20
CO2;1283;CT-CO2-0;1f94f8ad-7171-b062-c0a5-dbf839ac97e9;CD:E6:D3:07;0;AVIÁRIO MEIO;734,00;26/11/2025;02:50:46;20;1283-20
CO2;1283;CT-CO2-0;1f94f8ad-7171-b062-c0a5-dbf839ac97e9;CD:E6:D3:07;0;AVIÁRIO MEIO;724,00;26/11/2025;02:55:49;20;1283-20
CO2;1283;CT-CO2-0;1f94f8ad-7171-b062-c0a5-dbf839ac97e9;CD:E6:D3:07;0;AVIÁRIO MEIO;736,00;26/11/2025;03:01:52;20;1283-20
CO2;1283;CT-CO2-0;1f94f8ad-7171-b062-c0a5-dbf839ac97e9;CD:E6:D3:07;0;AVIÁRIO MEIO;725,00;26/11/2025;03:06:55;20;1283-20
CO2;1283;CT-CO2-0;1f94f8ad-7171-b062-c0a5-dbf839ac97e9;CD:E6:D3:07;0;AVIÁRIO MEIO;781,00;26/11/2025;03:11:57;20;1283-20
CO2;1283;CT-CO2-0;1f94f8ad-7171-b062-c0a5-dbf839ac97e9;CD:E6:D3:07;0;AVIÁRIO MEIO;773,00;26/11/2025;03:17:29;20;1283-20
CO2;1283;CT-CO2-0;1f94f8ad-7171-b062-c0a5-dbf839ac97e9;CD:E6:D3:07;0;AVIÁRIO MEIO;759,00;26/11/2025;03:23:02;20;1283-20
CO2;1283;CT-CO2-0;1f94f8ad-7171-b062-c0a5-dbf839ac97e9;CD:E6:D3:07;0;AVIÁRIO MEIO;823,00;26/11/2025;03:28:04;20;1283-20
CO2;1283;CT-CO2-0;1f94f8ad-7171-b062-c0a5-dbf839ac97e9;CD:E6:D3:07;0;AVIÁRIO MEIO;820,00;26/11/2025;03:33:36;20;1283-20
CO2;1283;CT-CO2-0;1f94f8ad-7171-b062-c0a5-dbf839ac97e9;CD:E6:D3:07;0;AVIÁRIO MEIO;780,00;26/11/2025;03:39:09;20;1283-20
CO2;1283;CT-CO2-0;1f94f8ad-7171-b062-c0a5-dbf839ac97e9;CD:E6:D3:07;0;AVIÁRIO MEIO;748,00;26/11/2025;03:44:11;20;1283-20
CO2;1283;CT-CO2-0;1f94f8ad-7171-b062-c0a5-dbf839ac97e9;CD:E6:D3:07;0;AVIÁRIO MEIO;757,00;26/11/2025;03:49:42;20;1283-20
CO2;1283;CT-CO2-0;1f94f8ad-7171-b062-c0a5-dbf839ac97e9;CD:E6:D3:07;0;AVIÁRIO MEIO;749,00;26/11/2025;03:55:15;20;1283-20
CO2;1283;CT-CO2-0;1f94f8ad-7171-b062-c0a5-dbf839ac97e9;CD:E6:D3:07;0;AVIÁRIO MEIO;747,00;26/11/2025;04:00:18;20;1283-20
CO2;1283;CT-CO2-0;1f94f8ad-7171-b062-c0a5-dbf839ac97e9;CD:E6:D3:07;0;AVIÁRIO MEIO;780,00;26/11/2025;04:05:49;20;1283-20
CO2;1283;CT-CO2-0;1f94f8ad-7171-b062-c0a5-dbf839ac97e9;CD:E6:D3:07;0;AVIÁRIO MEIO;773,00;26/11/2025;04:11:54;20;1283-20
CO2;1283;CT-CO2-0;1f94f8ad-7171-b062-c0a5-dbf839ac97e9;CD:E6:D3:07;0;AVIÁRIO MEIO;812,00;26/11/2025;04:16:25;20;1283-20
CO2;1283;CT-CO2-0;1f94f8ad-7171-b062-c0a5-dbf839ac97e9;CD:E6:D3:07;0;AVIÁRIO MEIO;762,00;26/11/2025;04:21:57;20;1283-20
CO2;1283;CT-CO2-0;1f94f8ad-7171-b062-c0a5-dbf839ac97e9;CD:E6:D3:07;0;AVIÁRIO MEIO;793,00;26/11/2025;04:27:29;20;1283-20
CO2;1283;CT-CO2-0;1f94f8ad-7171-b062-c0a5-dbf839ac97e9;CD:E6:D3:07;0;AVIÁRIO MEIO;772,00;26/11/2025;04:32:31;20;1283-20
CO2;1283;CT-CO2-0;1f94f8ad-7171-b062-c0a5-dbf839ac97e9;CD:E6:D3:07;0;AVIÁRIO MEIO;821,00;26/11/2025;04:38:02;20;1283-20
CO2;1283;CT-CO2-0;1f94f8ad-7171-b062-c0a5-dbf839ac97e9;CD:E6:D3:07;0;AVIÁRIO MEIO;843,00;26/11/2025;04:43:34;20;1283-20
CO2;1283;CT-CO2-0;1f94f8ad-7171-b062-c0a5-dbf839ac97e9;CD:E6:D3:07;0;AVIÁRIO MEIO;874,00;26/11/2025;04:48:36;20;1283-20
CO2;1283;CT-CO2-0;1f94f8ad-7171-b062-c0a5-dbf839ac97e9;CD:E6:D3:07;0;AVIÁRIO MEIO;910,00;26/11/2025;04:54:08;20;1283-20
CO2;1283;CT-CO2-0;1f94f8ad-7171-b062-c0a5-dbf839ac97e9;CD:E6:D3:07;0;AVIÁRIO MEIO;888,00;26/11/2025;04:59:42;20;1283-20
CO2;1283;CT-CO2-0;1f94f8ad-7171-b062-c0a5-dbf839ac97e9;CD:E6:D3:07;0;AVIÁRIO MEIO;887,00;26/11/2025;05:04:44;20;1283-20
CO2;1283;CT-CO2-0;1f94f8ad-7171-b062-c0a5-dbf839ac97e9;CD:E6:D3:07;0;AVIÁRIO MEIO;910,00;26/11/2025;05:10:18;20;1283-20
CO2;1283;CT-CO2-0;1f94f8ad-7171-b062-c0a5-dbf839ac97e9;CD:E6:D3:07;0;AVIÁRIO MEIO;903,00;26/11/2025;05:15:51;20;1283-20
CO2;1283;CT-CO2-0;1f94f8ad-7171-b062-c0a5-dbf839ac97e9;CD:E6:D3:07;0;AVIÁRIO MEIO;899,00;26/11/2025;05:21:24;20;1283-20
CO2;1283;CT-CO2-0;1f94f8ad-7171-b062-c0a5-dbf839ac97e9;CD:E6:D3:07;0;AVIÁRIO MEIO;896,00;26/11/2025;05:26:27;20;1283-20
CO2;1283;CT-CO2-0;1f94f8ad-7171-b062-c0a5-dbf839ac97e9;CD:E6:D3:07;0;AVIÁRIO MEIO;892,00;26/11/2025;05:31:58;20;1283-20
CO2;1283;CT-CO2-0;1f94f8ad-7171-b062-c0a5-dbf839ac97e9;CD:E6:D3:07;0;AVIÁRIO MEIO;904,00;26/11/2025;05:37:00;20;1283-20
CO2;1283;CT-CO2-0;1f94f8ad-7171-b062-c0a5-dbf839ac97e9;CD:E6:D3:07;0;AVIÁRIO MEIO;896,00;26/11/2025;05:42:32;20;1283-20
CO2;1283;CT-CO2-0;1f94f8ad-7171-b062-c0a5-dbf839ac97e9;CD:E6:D3:07;0;AVIÁRIO MEIO;896,00;26/11/2025;05:48:03;20;1283-20
CO2;1283;CT-CO2-0;1f94f8ad-7171-b062-c0a5-dbf839ac97e9;CD:E6:D3:07;0;AVIÁRIO MEIO;907,00;26/11/2025;05:53:05;20;1283-20
CO2;1283;CT-CO2-0;1f94f8ad-7171-b062-c0a5-dbf839ac97e9;CD:E6:D3:07;0;AVIÁRIO MEIO;892,00;26/11/2025;05:58:39;20;1283-20
CO2;1283;CT-CO2-0;1f94f8ad-7171-b062-c0a5-dbf839ac97e9;CD:E6:D3:07;0;AVIÁRIO MEIO;985,00;26/11/2025;06:04:11;20;1283-20
CO2;1283;CT-CO2-0;1f94f8ad-7171-b062-c0a5-dbf839ac97e9;CD:E6:D3:07;0;AVIÁRIO MEIO;908,00;26/11/2025;06:09:14;20;1283-20
CO2;1283;CT-CO2-0;1f94f8ad-7171-b062-c0a5-dbf839ac97e9;CD:E6:D3:07;0;AVIÁRIO MEIO;906,00;26/11/2025;06:14:45;20;1283-20
CO2;1283;CT-CO2-0;1f94f8ad-7171-b062-c0a5-dbf839ac97e9;CD:E6:D3:07;0;AVIÁRIO MEIO;897,00;26/11/2025;06:20:17;20;1283-20
CO2;1283;CT-CO2-0;1f94f8ad-7171-b062-c0a5-dbf839ac97e9;CD:E6:D3:07;0;AVIÁRIO MEIO;918,00;26/11/2025;06:25:48;20;1283-20
CO2;1283;CT-CO2-0;1f94f8ad-7171-b062-c0a5-dbf839ac97e9;CD:E6:D3:07;0;AVIÁRIO MEIO;912,00;26/11/2025;06:31:25;20;1283-20
CO2;1283;CT-CO2-0;1f94f8ad-7171-b062-c0a5-dbf839ac97e9;CD:E6:D3:07;0;AVIÁRIO MEIO;899,00;26/11/2025;06:36:26;20;1283-20
CO2;1283;CT-CO2-0;1f94f8ad-7171-b062-c0a5-dbf839ac97e9;CD:E6:D3:07;0;AVIÁRIO MEIO;909,00;26/11/2025;06:41:58;20;1283-20
CO2;1283;CT-CO2-0;1f94f8ad-7171-b062-c0a5-dbf839ac97e9;CD:E6:D3:07;0;AVIÁRIO MEIO;816,00;26/11/2025;06:47:00;20;1283-20
CO2;1283;CT-CO2-0;1f94f8ad-7171-b062-c0a5-dbf839ac97e9;CD:E6:D3:07;0;AVIÁRIO MEIO;810,00;26/11/2025;06:52:32;20;1283-20
CO2;1283;CT-CO2-0;1f94f8ad-7171-b062-c0a5-dbf839ac97e9;CD:E6:D3:07;0;AVIÁRIO MEIO;791,00;26/11/2025;06:58:04;20;1283-20
CO2;1283;CT-CO2-0;1f94f8ad-7171-b062-c0a5-dbf839ac97e9;CD:E6:D3:07;0;AVIÁRIO MEIO;781,00;26/11/2025;07:03:07;20;1283-20
CO2;1283;CT-CO2-0;1f94f8ad-7171-b062-c0a5-dbf839ac97e9;CD:E6:D3:07;0;AVIÁRIO MEIO;777,00;26/11/2025;07:08:38;20;1283-20
CO2;1283;CT-CO2-0;1f94f8ad-7171-b062-c0a5-dbf839ac97e9;CD:E6:D3:07;0;AVIÁRIO MEIO;796,00;26/11/2025;07:14:10;20;1283-20
CO2;1283;CT-CO2-0;1f94f8ad-7171-b062-c0a5-dbf839ac97e9;CD:E6:D3:07;0;AVIÁRIO MEIO;780,00;26/11/2025;07:19:12;20;1283-20
CO2;1283;CT-CO2-0;1f94f8ad-7171-b062-c0a5-dbf839ac97e9;CD:E6:D3:07;0;AVIÁRIO MEIO;790,00;26/11/2025;07:24:44;20;1283-20
CO2;1283;CT-CO2-0;1f94f8ad-7171-b062-c0a5-dbf839ac97e9;CD:E6:D3:07;0;AVIÁRIO MEIO;776,00;26/11/2025;07:35:19;20;1283-20
CO2;1283;CT-CO2-0;1f94f8ad-7171-b062-c0a5-dbf839ac97e9;CD:E6:D3:07;0;AVIÁRIO MEIO;743,00;26/11/2025;07:41:23;20;1283-20
CO2;1283;CT-CO2-0;1f94f8ad-7171-b062-c0a5-dbf839ac97e9;CD:E6:D3:07;0;AVIÁRIO MEIO;743,00;26/11/2025;07:46:30;20;1283-20
CO2;1283;CT-CO2-0;1f94f8ad-7171-b062-c0a5-dbf839ac97e9;CD:E6:D3:07;0;AVIÁRIO MEIO;743,00;26/11/2025;07:51:32;20;1283-20
CO2;1283;CT-CO2-0;1f94f8ad-7171-b062-c0a5-dbf839ac97e9;CD:E6:D3:07;0;AVIÁRIO MEIO;719,00;26/11/2025;07:57:04;20;1283-20
CO2;1283;CT-CO2-0;1f94f8ad-7171-b062-c0a5-dbf839ac97e9;CD:E6:D3:07;0;AVIÁRIO MEIO;718,00;26/11/2025;08:02:05;20;1283-20
CO2;1283;CT-CO2-0;1f94f8ad-7171-b062-c0a5-dbf839ac97e9;CD:E6:D3:07;0;AVIÁRIO MEIO;717,00;26/11/2025;08:07:37;20;1283-20
CO2;1283;CT-CO2-0;1f94f8ad-7171-b062-c0a5-dbf839ac97e9;CD:E6:D3:07;0;AVIÁRIO MEIO;721,00;26/11/2025;08:13:09;20;1283-20
CO2;1283;CT-CO2-0;1f94f8ad-7171-b062-c0a5-dbf839ac97e9;CD:E6:D3:07;0;AVIÁRIO MEIO;721,00;26/11/2025;08:18:41;20;1283-20
CO2;1283;CT-CO2-0;1f94f8ad-7171-b062-c0a5-dbf839ac97e9;CD:E6:D3:07;0;AVIÁRIO MEIO;696,00;26/11/2025;08:23:43;20;1283-20
CO2;1283;CT-CO2-0;1f94f8ad-7171-b062-c0a5-dbf839ac97e9;CD:E6:D3:07;0;AVIÁRIO MEIO;693,00;26/11/2025;08:29:16;20;1283-20
CO2;1283;CT-CO2-0;1f94f8ad-7171-b062-c0a5-dbf839ac97e9;CD:E6:D3:07;0;AVIÁRIO MEIO;659,00;26/11/2025;08:34:48;20;1283-20
CO2;1283;CT-CO2-0;1f94f8ad-7171-b062-c0a5-dbf839ac97e9;CD:E6:D3:07;0;AVIÁRIO MEIO;671,00;26/11/2025;08:39:50;20;1283-20
CO2;1283;CT-CO2-0;1f94f8ad-7171-b062-c0a5-dbf839ac97e9;CD:E6:D3:07;0;AVIÁRIO MEIO;671,00;26/11/2025;08:45:22;20;1283-20
CO2;1283;CT-CO2-0;1f94f8ad-7171-b062-c0a5-dbf839ac97e9;CD:E6:D3:07;0;AVIÁRIO MEIO;695,00;26/11/2025;08:51:26;20;1283-20
CO2;1283;CT-CO2-0;1f94f8ad-7171-b062-c0a5-dbf839ac97e9;CD:E6:D3:07;0;AVIÁRIO MEIO;705,00;26/11/2025;08:55:58;20;1283-20
CO2;1283;CT-CO2-0;1f94f8ad-7171-b062-c0a5-dbf839ac97e9;CD:E6:D3:07;0;AVIÁRIO MEIO;689,00;26/11/2025;09:01:30;20;1283-20
CO2;1283;CT-CO2-0;1f94f8ad-7171-b062-c0a5-dbf839ac97e9;CD:E6:D3:07;0;AVIÁRIO MEIO;661,00;26/11/2025;09:07:03;20;1283-20
CO2;1283;CT-CO2-0;1f94f8ad-7171-b062-c0a5-dbf839ac97e9;CD:E6:D3:07;0;AVIÁRIO MEIO;646,00;26/11/2025;09:12:05;20;1283-20
CO2;1283;CT-CO2-0;1f94f8ad-7171-b062-c0a5-dbf839ac97e9;CD:E6:D3:07;0;AVIÁRIO MEIO;640,00;26/11/2025;09:17:38;20;1283-20
CO2;1283;CT-CO2-0;1f94f8ad-7171-b062-c0a5-dbf839ac97e9;CD:E6:D3:07;0;AVIÁRIO MEIO;650,00;26/11/2025;09:23:10;20;1283-20
CO2;1283;CT-CO2-0;1f94f8ad-7171-b062-c0a5-dbf839ac97e9;CD:E6:D3:07;0;AVIÁRIO MEIO;648,00;26/11/2025;09:28:13;20;1283-20
CO2;1283;CT-CO2-0;1f94f8ad-7171-b062-c0a5-dbf839ac97e9;CD:E6:D3:07;0;AVIÁRIO MEIO;653,00;26/11/2025;09:33:44;20;1283-20
CO2;1283;CT-CO2-0;1f94f8ad-7171-b062-c0a5-dbf839ac97e9;CD:E6:D3:07;0;AVIÁRIO MEIO;654,00;26/11/2025;09:39:16;20;1283-20
CO2;1283;CT-CO2-0;1f94f8ad-7171-b062-c0a5-dbf839ac97e9;CD:E6:D3:07;0;AVIÁRIO MEIO;643,00;26/11/2025;09:44:17;20;1283-20
CO2;1283;CT-CO2-0;1f94f8ad-7171-b062-c0a5-dbf839ac97e9;CD:E6:D3:07;0;AVIÁRIO MEIO;661,00;26/11/2025;09:49:49;20;1283-20
CO2;1283;CT-CO2-0;1f94f8ad-7171-b062-c0a5-dbf839ac97e9;CD:E6:D3:07;0;AVIÁRIO MEIO;660,00;26/11/2025;09:55:21;20;1283-20
CO2;1283;CT-CO2-0;1f94f8ad-7171-b062-c0a5-dbf839ac97e9;CD:E6:D3:07;0;AVIÁRIO MEIO;655,00;26/11/2025;10:00:54;20;1283-20
CO2;1283;CT-CO2-0;1f94f8ad-7171-b062-c0a5-dbf839ac97e9;CD:E6:D3:07;0;AVIÁRIO MEIO;672,00;26/11/2025;10:05:57;20;1283-20
CO2;1283;CT-CO2-0;1f94f8ad-7171-b062-c0a5-dbf839ac97e9;CD:E6:D3:07;0;AVIÁRIO MEIO;673,00;26/11/2025;10:11:29;20;1283-20
CO2;1283;CT-CO2-0;1f94f8ad-7171-b062-c0a5-dbf839ac97e9;CD:E6:D3:07;0;AVIÁRIO MEIO;665,00;26/11/2025;10:16:31;20;1283-20
CO2;1283;CT-CO2-0;1f94f8ad-7171-b062-c0a5-dbf839ac97e9;CD:E6:D3:07;0;AVIÁRIO MEIO;680,00;26/11/2025;10:22:03;20;1283-20
CO2;1283;CT-CO2-0;1f94f8ad-7171-b062-c0a5-dbf839ac97e9;CD:E6:D3:07;0;AVIÁRIO MEIO;659,00;26/11/2025;10:27:35;20;1283-20
CO2;1283;CT-CO2-0;1f94f8ad-7171-b062-c0a5-dbf839ac97e9;CD:E6:D3:07;0;AVIÁRIO MEIO;665,00;26/11/2025;10:32:37;20;1283-20
CO2;1283;CT-CO2-0;1f94f8ad-7171-b062-c0a5-dbf839ac97e9;CD:E6:D3:07;0;AVIÁRIO MEIO;648,00;26/11/2025;10:38:09;20;1283-20
CO2;1283;CT-CO2-0;1f94f8ad-7171-b062-c0a5-dbf839ac97e9;CD:E6:D3:07;0;AVIÁRIO MEIO;647,00;26/11/2025;10:43:45;20;1283-20
CO2;1283;CT-CO2-0;1f94f8ad-7171-b062-c0a5-dbf839ac97e9;CD:E6:D3:07;0;AVIÁRIO MEIO;646,00;26/11/2025;10:48:47;20;1283-20
CO2;1283;CT-CO2-0;1f94f8ad-7171-b062-c0a5-dbf839ac97e9;CD:E6:D3:07;0;AVIÁRIO MEIO;646,00;26/11/2025;10:54:18;20;1283-20
CO2;1283;CT-CO2-0;1f94f8ad-7171-b062-c0a5-dbf839ac97e9;CD:E6:D3:07;0;AVIÁRIO MEIO;633,00;26/11/2025;10:59:51;20;1283-20
CO2;1283;CT-CO2-0;1f94f8ad-7171-b062-c0a5-dbf839ac97e9;CD:E6:D3:07;0;AVIÁRIO MEIO;651,00;26/11/2025;11:04:53;20;1283-20
CO2;1283;CT-CO2-0;1f94f8ad-7171-b062-c0a5-dbf839ac97e9;CD:E6:D3:07;0;AVIÁRIO MEIO;637,00;26/11/2025;11:10:56;20;1283-20
CO2;1283;CT-CO2-0;1f94f8ad-7171-b062-c0a5-dbf839ac97e9;CD:E6:D3:07;0;AVIÁRIO MEIO;632,00;26/11/2025;11:15:58;20;1283-20
CO2;1283;CT-CO2-0;1f94f8ad-7171-b062-c0a5-dbf839ac97e9;CD:E6:D3:07;0;AVIÁRIO MEIO;653,00;26/11/2025;11:21:00;20;1283-20
CO2;1283;CT-CO2-0;1f94f8ad-7171-b062-c0a5-dbf839ac97e9;CD:E6:D3:07;0;AVIÁRIO MEIO;634,00;26/11/2025;11:26:33;20;1283-20
CO2;1283;CT-CO2-0;1f94f8ad-7171-b062-c0a5-dbf839ac97e9;CD:E6:D3:07;0;AVIÁRIO MEIO;640,00;26/11/2025;11:32:05;20;1283-20
CO2;1283;CT-CO2-0;1f94f8ad-7171-b062-c0a5-dbf839ac97e9;CD:E6:D3:07;0;AVIÁRIO MEIO;648,00;26/11/2025;11:37:07;20;1283-20
CO2;1283;CT-CO2-0;1f94f8ad-7171-b062-c0a5-dbf839ac97e9;CD:E6:D3:07;0;AVIÁRIO MEIO;643,00;26/11/2025;11:42:39;20;1283-20
CO2;1283;CT-CO2-0;1f94f8ad-7171-b062-c0a5-dbf839ac97e9;CD:E6:D3:07;0;AVIÁRIO MEIO;654,00;26/11/2025;11:48:11;20;1283-20
CO2;1283;CT-CO2-0;1f94f8ad-7171-b062-c0a5-dbf839ac97e9;CD:E6:D3:07;0;AVIÁRIO MEIO;630,00;26/11/2025;11:53:13;20;1283-20
CO2;1283;CT-CO2-0;1f94f8ad-7171-b062-c0a5-dbf839ac97e9;CD:E6:D3:07;0;AVIÁRIO MEIO;638,00;26/11/2025;11:58:46;20;1283-20
CO2;1283;CT-CO2-0;1f94f8ad-7171-b062-c0a5-dbf839ac97e9;CD:E6:D3:07;0;AVIÁRIO MEIO;644,00;26/11/2025;12:04:19;20;1283-20
CO2;1283;CT-CO2-0;1f94f8ad-7171-b062-c0a5-dbf839ac97e9;CD:E6:D3:07;0;AVIÁRIO MEIO;641,00;26/11/2025;12:09:24;20;1283-20
CO2;1283;CT-CO2-0;1f94f8ad-7171-b062-c0a5-dbf839ac97e9;CD:E6:D3:07;0;AVIÁRIO MEIO;636,00;26/11/2025;12:14:58;20;1283-20
CO2;1283;CT-CO2-0;1f94f8ad-7171-b062-c0a5-dbf839ac97e9;CD:E6:D3:07;0;AVIÁRIO MEIO;629,00;26/11/2025;12:21:02;20;1283-20
CO2;1283;CT-CO2-0;1f94f8ad-7171-b062-c0a5-dbf839ac97e9;CD:E6:D3:07;0;AVIÁRIO MEIO;634,00;26/11/2025;12:25:33;20;1283-20
CO2;1283;CT-CO2-0;1f94f8ad-7171-b062-c0a5-dbf839ac97e9;CD:E6:D3:07;0;AVIÁRIO MEIO;629,00;26/11/2025;12:31:06;20;1283-20
CO2;1283;CT-CO2-0;1f94f8ad-7171-b062-c0a5-dbf839ac97e9;CD:E6:D3:07;0;AVIÁRIO MEIO;637,00;26/11/2025;12:36:38;20;1283-20
CO2;1283;CT-CO2-0;1f94f8ad-7171-b062-c0a5-dbf839ac97e9;CD:E6:D3:07;0;AVIÁRIO MEIO;627,00;26/11/2025;12:41:41;20;1283-20
CO2;1283;CT-CO2-0;1f94f8ad-7171-b062-c0a5-dbf839ac97e9;CD:E6:D3:07;0;AVIÁRIO MEIO;622,00;26/11/2025;12:47:14;20;1283-20
CO2;1283;CT-CO2-0;1f94f8ad-7171-b062-c0a5-dbf839ac97e9;CD:E6:D3:07;0;AVIÁRIO MEIO;629,00;26/11/2025;12:52:46;20;1283-20
CO2;1283;CT-CO2-0;1f94f8ad-7171-b062-c0a5-dbf839ac97e9;CD:E6:D3:07;0;AVIÁRIO MEIO;673,00;26/11/2025;12:57:49;20;1283-20
CO2;1283;CT-CO2-0;1f94f8ad-7171-b062-c0a5-dbf839ac97e9;CD:E6:D3:07;0;AVIÁRIO MEIO;618,00;26/11/2025;13:03:22;20;1283-20
CO2;1283;CT-CO2-0;1f94f8ad-7171-b062-c0a5-dbf839ac97e9;CD:E6:D3:07;0;AVIÁRIO MEIO;615,00;26/11/2025;13:08:55;20;1283-20
CO2;1283;CT-CO2-0;1f94f8ad-7171-b062-c0a5-dbf839ac97e9;CD:E6:D3:07;0;AVIÁRIO MEIO;630,00;26/11/2025;13:13:58;20;1283-20
CO2;1283;CT-CO2-0;1f94f8ad-7171-b062-c0a5-dbf839ac97e9;CD:E6:D3:07;0;AVIÁRIO MEIO;636,00;26/11/2025;13:19:29;20;1283-20
CO2;1283;CT-CO2-0;1f94f8ad-7171-b062-c0a5-dbf839ac97e9;CD:E6:D3:07;0;AVIÁRIO MEIO;627,00;26/11/2025;13:25:01;20;1283-20
CO2;1283;CT-CO2-0;1f94f8ad-7171-b062-c0a5-dbf839ac97e9;CD:E6:D3:07;0;AVIÁRIO MEIO;638,00;26/11/2025;13:30:41;20;1283-20
CO2;1283;CT-CO2-0;1f94f8ad-7171-b062-c0a5-dbf839ac97e9;CD:E6:D3:07;0;AVIÁRIO MEIO;640,00;26/11/2025;13:35:44;20;1283-20
CO2;1283;CT-CO2-0;1f94f8ad-7171-b062-c0a5-dbf839ac97e9;CD:E6:D3:07;0;AVIÁRIO MEIO;624,00;26/11/2025;13:40:46;20;1283-20
CO2;1283;CT-CO2-0;1f94f8ad-7171-b062-c0a5-dbf839ac97e9;CD:E6:D3:07;0;AVIÁRIO MEIO;628,00;26/11/2025;13:46:18;20;1283-20
CO2;1283;CT-CO2-0;1f94f8ad-7171-b062-c0a5-dbf839ac97e9;CD:E6:D3:07;0;AVIÁRIO MEIO;618,00;26/11/2025;13:51:50;20;1283-20
CO2;1283;CT-CO2-0;1f94f8ad-7171-b062-c0a5-dbf839ac97e9;CD:E6:D3:07;0;AVIÁRIO MEIO;626,00;26/11/2025;13:57:22;20;1283-20
CO2;1283;CT-CO2-0;1f94f8ad-7171-b062-c0a5-dbf839ac97e9;CD:E6:D3:07;0;AVIÁRIO MEIO;620,00;26/11/2025;14:02:24;20;1283-20
CO2;1283;CT-CO2-0;1f94f8ad-7171-b062-c0a5-dbf839ac97e9;CD:E6:D3:07;0;AVIÁRIO MEIO;629,00;26/11/2025;14:07:56;20;1283-20
CO2;1283;CT-CO2-0;1f94f8ad-7171-b062-c0a5-dbf839ac97e9;CD:E6:D3:07;0;AVIÁRIO MEIO;625,00;26/11/2025;14:13:27;20;1283-20
CO2;1283;CT-CO2-0;1f94f8ad-7171-b062-c0a5-dbf839ac97e9;CD:E6:D3:07;0;AVIÁRIO MEIO;659,00;26/11/2025;14:18:29;20;1283-20
CO2;1283;CT-CO2-0;1f94f8ad-7171-b062-c0a5-dbf839ac97e9;CD:E6:D3:07;0;AVIÁRIO MEIO;634,00;26/11/2025;14:24:01;20;1283-20
CO2;1283;CT-CO2-0;1f94f8ad-7171-b062-c0a5-dbf839ac97e9;CD:E6:D3:07;0;AVIÁRIO MEIO;628,00;26/11/2025;14:29:33;20;1283-20
CO2;1283;CT-CO2-0;1f94f8ad-7171-b062-c0a5-dbf839ac97e9;CD:E6:D3:07;0;AVIÁRIO MEIO;631,00;26/11/2025;14:35:07;20;1283-20
CO2;1283;CT-CO2-0;1f94f8ad-7171-b062-c0a5-dbf839ac97e9;CD:E6:D3:07;0;AVIÁRIO MEIO;619,00;26/11/2025;14:40:48;20;1283-20
CO2;1283;CT-CO2-0;1f94f8ad-7171-b062-c0a5-dbf839ac97e9;CD:E6:D3:07;0;AVIÁRIO MEIO;609,00;26/11/2025;14:45:50;20;1283-20
CO2;1283;CT-CO2-0;1f94f8ad-7171-b062-c0a5-dbf839ac97e9;CD:E6:D3:07;0;AVIÁRIO MEIO;619,00;26/11/2025;14:50:52;20;1283-20
CO2;1283;CT-CO2-0;1f94f8ad-7171-b062-c0a5-dbf839ac97e9;CD:E6:D3:07;0;AVIÁRIO MEIO;623,00;26/11/2025;14:56:25;20;1283-20
CO2;1283;CT-CO2-0;1f94f8ad-7171-b062-c0a5-dbf839ac97e9;CD:E6:D3:07;0;AVIÁRIO MEIO;650,00;26/11/2025;15:01:57;20;1283-20
CO2;1283;CT-CO2-0;1f94f8ad-7171-b062-c0a5-dbf839ac97e9;CD:E6:D3:07;0;AVIÁRIO MEIO;623,00;26/11/2025;15:07:00;20;1283-20
CO2;1283;CT-CO2-0;1f94f8ad-7171-b062-c0a5-dbf839ac97e9;CD:E6:D3:07;0;AVIÁRIO MEIO;608,00;26/11/2025;15:12:34;20;1283-20
CO2;1283;CT-CO2-0;1f94f8ad-7171-b062-c0a5-dbf839ac97e9;CD:E6:D3:07;0;AVIÁRIO MEIO;627,00;26/11/2025;15:18:06;20;1283-20
CO2;1283;CT-CO2-0;1f94f8ad-7171-b062-c0a5-dbf839ac97e9;CD:E6:D3:07;0;AVIÁRIO MEIO;623,00;26/11/2025;15:23:09;20;1283-20
CO2;1283;CT-CO2-0;1f94f8ad-7171-b062-c0a5-dbf839ac97e9;CD:E6:D3:07;0;AVIÁRIO MEIO;636,00;26/11/2025;15:28:41;20;1283-20
CO2;1283;CT-CO2-0;1f94f8ad-7171-b062-c0a5-dbf839ac97e9;CD:E6:D3:07;0;AVIÁRIO MEIO;622,00;26/11/2025;15:34:14;20;1283-20
CO2;1283;CT-CO2-0;1f94f8ad-7171-b062-c0a5-dbf839ac97e9;CD:E6:D3:07;0;AVIÁRIO MEIO;626,00;26/11/2025;15:39:16;20;1283-20
CO2;1283;CT-CO2-0;1f94f8ad-7171-b062-c0a5-dbf839ac97e9;CD:E6:D3:07;0;AVIÁRIO MEIO;632,00;26/11/2025;15:44:49;20;1283-20
CO2;1283;CT-CO2-0;1f94f8ad-7171-b062-c0a5-dbf839ac97e9;CD:E6:D3:07;0;AVIÁRIO MEIO;618,00;26/11/2025;15:50:54;20;1283-20
CO2;1283;CT-CO2-0;1f94f8ad-7171-b062-c0a5-dbf839ac97e9;CD:E6:D3:07;0;AVIÁRIO MEIO;622,00;26/11/2025;15:55:27;20;1283-20
CO2;1283;CT-CO2-0;1f94f8ad-7171-b062-c0a5-dbf839ac97e9;CD:E6:D3:07;0;AVIÁRIO MEIO;637,00;26/11/2025;16:01:00;20;1283-20
CO2;1283;CT-CO2-0;1f94f8ad-7171-b062-c0a5-dbf839ac97e9;CD:E6:D3:07;0;AVIÁRIO MEIO;638,00;26/11/2025;16:06:31;20;1283-20
CO2;1283;CT-CO2-0;1f94f8ad-7171-b062-c0a5-dbf839ac97e9;CD:E6:D3:07;0;AVIÁRIO MEIO;628,00;26/11/2025;16:12:04;20;1283-20
CO2;1283;CT-CO2-0;1f94f8ad-7171-b062-c0a5-dbf839ac97e9;CD:E6:D3:07;0;AVIÁRIO MEIO;630,00;26/11/2025;16:17:05;20;1283-20
CO2;1283;CT-CO2-0;1f94f8ad-7171-b062-c0a5-dbf839ac97e9;CD:E6:D3:07;0;AVIÁRIO MEIO;617,00;26/11/2025;16:22:38;20;1283-20
CO2;1283;CT-CO2-0;1f94f8ad-7171-b062-c0a5-dbf839ac97e9;CD:E6:D3:07;0;AVIÁRIO MEIO;623,00;26/11/2025;16:28:12;20;1283-20
CO2;1283;CT-CO2-0;1f94f8ad-7171-b062-c0a5-dbf839ac97e9;CD:E6:D3:07;0;AVIÁRIO MEIO;613,00;26/11/2025;16:33:14;20;1283-20
CO2;1283;CT-CO2-0;1f94f8ad-7171-b062-c0a5-dbf839ac97e9;CD:E6:D3:07;0;AVIÁRIO MEIO;597,00;26/11/2025;16:38:47;20;1283-20
CO2;1283;CT-CO2-0;1f94f8ad-7171-b062-c0a5-dbf839ac97e9;CD:E6:D3:07;0;AVIÁRIO MEIO;617,00;26/11/2025;16:44:20;20;1283-20
CO2;1283;CT-CO2-0;1f94f8ad-7171-b062-c0a5-dbf839ac97e9;CD:E6:D3:07;0;AVIÁRIO MEIO;611,00;26/11/2025;16:49:22;20;1283-20
CO2;1283;CT-CO2-0;1f94f8ad-7171-b062-c0a5-dbf839ac97e9;CD:E6:D3:07;0;AVIÁRIO MEIO;607,00;26/11/2025;16:54:54;20;1283-20
CO2;1283;CT-CO2-0;1f94f8ad-7171-b062-c0a5-dbf839ac97e9;CD:E6:D3:07;0;AVIÁRIO MEIO;614,00;26/11/2025;17:00:58;20;1283-20
CO2;1283;CT-CO2-0;1f94f8ad-7171-b062-c0a5-dbf839ac97e9;CD:E6:D3:07;0;AVIÁRIO MEIO;633,00;26/11/2025;17:05:30;20;1283-20
CO2;1283;CT-CO2-0;1f94f8ad-7171-b062-c0a5-dbf839ac97e9;CD:E6:D3:07;0;AVIÁRIO MEIO;627,00;26/11/2025;17:11:02;20;1283-20
CO2;1283;CT-CO2-0;1f94f8ad-7171-b062-c0a5-dbf839ac97e9;CD:E6:D3:07;0;AVIÁRIO MEIO;622,00;26/11/2025;17:16:34;20;1283-20
CO2;1283;CT-CO2-0;1f94f8ad-7171-b062-c0a5-dbf839ac97e9;CD:E6:D3:07;0;AVIÁRIO MEIO;617,00;26/11/2025;17:22:07;20;1283-20
CO2;1283;CT-CO2-0;1f94f8ad-7171-b062-c0a5-dbf839ac97e9;CD:E6:D3:07;0;AVIÁRIO MEIO;616,00;26/11/2025;17:27:09;20;1283-20
CO2;1283;CT-CO2-0;1f94f8ad-7171-b062-c0a5-dbf839ac97e9;CD:E6:D3:07;0;AVIÁRIO MEIO;624,00;26/11/2025;17:32:41;20;1283-20
CO2;1283;CT-CO2-0;1f94f8ad-7171-b062-c0a5-dbf839ac97e9;CD:E6:D3:07;0;AVIÁRIO MEIO;617,00;26/11/2025;17:38:13;20;1283-20
CO2;1283;CT-CO2-0;1f94f8ad-7171-b062-c0a5-dbf839ac97e9;CD:E6:D3:07;0;AVIÁRIO MEIO;618,00;26/11/2025;17:43:15;20;1283-20
CO2;1283;CT-CO2-0;1f94f8ad-7171-b062-c0a5-dbf839ac97e9;CD:E6:D3:07;0;AVIÁRIO MEIO;619,00;26/11/2025;17:48:47;20;1283-20
CO2;1283;CT-CO2-0;1f94f8ad-7171-b062-c0a5-dbf839ac97e9;CD:E6:D3:07;0;AVIÁRIO MEIO;618,00;26/11/2025;17:54:19;20;1283-20
CO2;1283;CT-CO2-0;1f94f8ad-7171-b062-c0a5-dbf839ac97e9;CD:E6:D3:07;0;AVIÁRIO MEIO;610,00;26/11/2025;17:59:51;20;1283-20
CO2;1283;CT-CO2-0;1f94f8ad-7171-b062-c0a5-dbf839ac97e9;CD:E6:D3:07;0;AVIÁRIO MEIO;625,00;26/11/2025;18:04:53;20;1283-20
CO2;1283;CT-CO2-0;1f94f8ad-7171-b062-c0a5-dbf839ac97e9;CD:E6:D3:07;0;AVIÁRIO MEIO;629,00;26/11/2025;18:10:57;20;1283-20
CO2;1283;CT-CO2-0;1f94f8ad-7171-b062-c0a5-dbf839ac97e9;CD:E6:D3:07;0;AVIÁRIO MEIO;618,00;26/11/2025;18:15:59;20;1283-20
CO2;1283;CT-CO2-0;1f94f8ad-7171-b062-c0a5-dbf839ac97e9;CD:E6:D3:07;0;AVIÁRIO MEIO;617,00;26/11/2025;18:21:01;20;1283-20
CO2;1283;CT-CO2-0;1f94f8ad-7171-b062-c0a5-dbf839ac97e9;CD:E6:D3:07;0;AVIÁRIO MEIO;627,00;26/11/2025;18:26:34;20;1283-20
CO2;1283;CT-CO2-0;1f94f8ad-7171-b062-c0a5-dbf839ac97e9;CD:E6:D3:07;0;AVIÁRIO MEIO;632,00;26/11/2025;18:32:06;20;1283-20
CO2;1283;CT-CO2-0;1f94f8ad-7171-b062-c0a5-dbf839ac97e9;CD:E6:D3:07;0;AVIÁRIO MEIO;683,00;26/11/2025;18:37:10;20;1283-20
CO2;1283;CT-CO2-0;1f94f8ad-7171-b062-c0a5-dbf839ac97e9;CD:E6:D3:07;0;AVIÁRIO MEIO;629,00;26/11/2025;18:42:43;20;1283-20
CO2;1283;CT-CO2-0;1f94f8ad-7171-b062-c0a5-dbf839ac97e9;CD:E6:D3:07;0;AVIÁRIO MEIO;632,00;26/11/2025;18:48:14;20;1283-20
CO2;1283;CT-CO2-0;1f94f8ad-7171-b062-c0a5-dbf839ac97e9;CD:E6:D3:07;0;AVIÁRIO MEIO;628,00;26/11/2025;18:53:46;20;1283-20
CO2;1283;CT-CO2-0;1f94f8ad-7171-b062-c0a5-dbf839ac97e9;CD:E6:D3:07;0;AVIÁRIO MEIO;634,00;26/11/2025;18:58:48;20;1283-20
CO2;1283;CT-CO2-0;1f94f8ad-7171-b062-c0a5-dbf839ac97e9;CD:E6:D3:07;0;AVIÁRIO MEIO;630,00;26/11/2025;19:04:21;20;1283-20
CO2;1283;CT-CO2-0;1f94f8ad-7171-b062-c0a5-dbf839ac97e9;CD:E6:D3:07;0;AVIÁRIO MEIO;640,00;26/11/2025;19:09:54;20;1283-20
CO2;1283;CT-CO2-0;1f94f8ad-7171-b062-c0a5-dbf839ac97e9;CD:E6:D3:07;0;AVIÁRIO MEIO;647,00;26/11/2025;19:14:56;20;1283-20
CO2;1283;CT-CO2-0;1f94f8ad-7171-b062-c0a5-dbf839ac97e9;CD:E6:D3:07;0;AVIÁRIO MEIO;662,00;26/11/2025;19:20:59;20;1283-20
CO2;1283;CT-CO2-0;1f94f8ad-7171-b062-c0a5-dbf839ac97e9;CD:E6:D3:07;0;AVIÁRIO MEIO;651,00;26/11/2025;19:26:01;20;1283-20
CO2;1283;CT-CO2-0;1f94f8ad-7171-b062-c0a5-dbf839ac97e9;CD:E6:D3:07;0;AVIÁRIO MEIO;635,00;26/11/2025;19:31:04;20;1283-20
CO2;1283;CT-CO2-0;1f94f8ad-7171-b062-c0a5-dbf839ac97e9;CD:E6:D3:07;0;AVIÁRIO MEIO;655,00;26/11/2025;19:36:37;20;1283-20
CO2;1283;CT-CO2-0;1f94f8ad-7171-b062-c0a5-dbf839ac97e9;CD:E6:D3:07;0;AVIÁRIO MEIO;653,00;26/11/2025;19:42:08;20;1283-20
CO2;1283;CT-CO2-0;1f94f8ad-7171-b062-c0a5-dbf839ac97e9;CD:E6:D3:07;0;AVIÁRIO MEIO;638,00;26/11/2025;19:47:39;20;1283-20
CO2;1283;CT-CO2-0;1f94f8ad-7171-b062-c0a5-dbf839ac97e9;CD:E6:D3:07;0;AVIÁRIO MEIO;694,00;26/11/2025;19:52:41;20;1283-20
CO2;1283;CT-CO2-0;1f94f8ad-7171-b062-c0a5-dbf839ac97e9;CD:E6:D3:07;0;AVIÁRIO MEIO;660,00;26/11/2025;19:58:18;20;1283-20
CO2;1283;CT-CO2-0;1f94f8ad-7171-b062-c0a5-dbf839ac97e9;CD:E6:D3:07;0;AVIÁRIO MEIO;642,00;26/11/2025;20:03:50;20;1283-20
CO2;1283;CT-CO2-0;1f94f8ad-7171-b062-c0a5-dbf839ac97e9;CD:E6:D3:07;0;AVIÁRIO MEIO;645,00;26/11/2025;20:08:52;20;1283-20
CO2;1283;CT-CO2-0;1f94f8ad-7171-b062-c0a5-dbf839ac97e9;CD:E6:D3:07;0;AVIÁRIO MEIO;714,00;26/11/2025;20:14:24;20;1283-20
CO2;1283;CT-CO2-0;1f94f8ad-7171-b062-c0a5-dbf839ac97e9;CD:E6:D3:07;0;AVIÁRIO MEIO;638,00;26/11/2025;20:19:57;20;1283-20
CO2;1283;CT-CO2-0;1f94f8ad-7171-b062-c0a5-dbf839ac97e9;CD:E6:D3:07;0;AVIÁRIO MEIO;646,00;26/11/2025;20:24:59;20;1283-20
CO2;1283;CT-CO2-0;1f94f8ad-7171-b062-c0a5-dbf839ac97e9;CD:E6:D3:07;0;AVIÁRIO MEIO;646,00;26/11/2025;20:31:02;20;1283-20
CO2;1283;CT-CO2-0;1f94f8ad-7171-b062-c0a5-dbf839ac97e9;CD:E6:D3:07;0;AVIÁRIO MEIO;712,00;26/11/2025;20:36:05;20;1283-20
CO2;1283;CT-CO2-0;1f94f8ad-7171-b062-c0a5-dbf839ac97e9;CD:E6:D3:07;0;AVIÁRIO MEIO;655,00;26/11/2025;20:41:07;20;1283-20
CO2;1283;CT-CO2-0;1f94f8ad-7171-b062-c0a5-dbf839ac97e9;CD:E6:D3:07;0;AVIÁRIO MEIO;684,00;26/11/2025;20:46:44;20;1283-20
CO2;1283;CT-CO2-0;1f94f8ad-7171-b062-c0a5-dbf839ac97e9;CD:E6:D3:07;0;AVIÁRIO MEIO;665,00;26/11/2025;20:52:17;20;1283-20
CO2;1283;CT-CO2-0;1f94f8ad-7171-b062-c0a5-dbf839ac97e9;CD:E6:D3:07;0;AVIÁRIO MEIO;653,00;26/11/2025;20:57:19;20;1283-20
CO2;1283;CT-CO2-0;1f94f8ad-7171-b062-c0a5-dbf839ac97e9;CD:E6:D3:07;0;AVIÁRIO MEIO;646,00;26/11/2025;21:06:22;20;1283-20
CO2;1283;CT-CO2-0;1f94f8ad-7171-b062-c0a5-dbf839ac97e9;CD:E6:D3:07;0;AVIÁRIO MEIO;693,00;26/11/2025;21:11:54;20;1283-20
CO2;1283;CT-CO2-0;1f94f8ad-7171-b062-c0a5-dbf839ac97e9;CD:E6:D3:07;0;AVIÁRIO MEIO;641,00;26/11/2025;21:16:56;20;1283-20
CO2;1283;CT-CO2-0;1f94f8ad-7171-b062-c0a5-dbf839ac97e9;CD:E6:D3:07;0;AVIÁRIO MEIO;677,00;26/11/2025;21:22:28;20;1283-20
CO2;1283;CT-CO2-0;1f94f8ad-7171-b062-c0a5-dbf839ac97e9;CD:E6:D3:07;0;AVIÁRIO MEIO;646,00;26/11/2025;21:28:00;20;1283-20
CO2;1283;CT-CO2-0;1f94f8ad-7171-b062-c0a5-dbf839ac97e9;CD:E6:D3:07;0;AVIÁRIO MEIO;645,00;26/11/2025;21:33:33;20;1283-20
CO2;1283;CT-CO2-0;1f94f8ad-7171-b062-c0a5-dbf839ac97e9;CD:E6:D3:07;0;AVIÁRIO MEIO;652,00;26/11/2025;21:39:08;20;1283-20
CO2;1283;CT-CO2-0;1f94f8ad-7171-b062-c0a5-dbf839ac97e9;CD:E6:D3:07;0;AVIÁRIO MEIO;658,00;26/11/2025;21:44:10;20;1283-20
CO2;1283;CT-CO2-0;1f94f8ad-7171-b062-c0a5-dbf839ac97e9;CD:E6:D3:07;0;AVIÁRIO MEIO;664,00;26/11/2025;21:49:42;20;1283-20
CO2;1283;CT-CO2-0;1f94f8ad-7171-b062-c0a5-dbf839ac97e9;CD:E6:D3:07;0;AVIÁRIO MEIO;655,00;26/11/2025;21:55:36;20;1283-20
CO2;1283;CT-CO2-0;1f94f8ad-7171-b062-c0a5-dbf839ac97e9;CD:E6:D3:07;0;AVIÁRIO MEIO;663,00;26/11/2025;22:05:40;20;1283-20
CO2;1283;CT-CO2-0;1f94f8ad-7171-b062-c0a5-dbf839ac97e9;CD:E6:D3:07;0;AVIÁRIO MEIO;668,00;26/11/2025;22:11:12;20;1283-20
CO2;1283;CT-CO2-0;1f94f8ad-7171-b062-c0a5-dbf839ac97e9;CD:E6:D3:07;0;AVIÁRIO MEIO;657,00;26/11/2025;22:16:14;20;1283-20
CO2;1283;CT-CO2-0;1f94f8ad-7171-b062-c0a5-dbf839ac97e9;CD:E6:D3:07;0;AVIÁRIO MEIO;656,00;26/11/2025;22:21:46;20;1283-20
CO2;1283;CT-CO2-0;1f94f8ad-7171-b062-c0a5-dbf839ac97e9;CD:E6:D3:07;0;AVIÁRIO MEIO;651,00;26/11/2025;22:27:18;20;1283-20
CO2;1283;CT-CO2-0;1f94f8ad-7171-b062-c0a5-dbf839ac97e9;CD:E6:D3:07;0;AVIÁRIO MEIO;658,00;26/11/2025;22:32:50;20;1283-20
CO2;1283;CT-CO2-0;1f94f8ad-7171-b062-c0a5-dbf839ac97e9;CD:E6:D3:07;0;AVIÁRIO MEIO;654,00;26/11/2025;22:37:52;20;1283-20
CO2;1283;CT-CO2-0;1f94f8ad-7171-b062-c0a5-dbf839ac97e9;CD:E6:D3:07;0;AVIÁRIO MEIO;656,00;26/11/2025;22:43:24;20;1283-20
CO2;1283;CT-CO2-0;1f94f8ad-7171-b062-c0a5-dbf839ac97e9;CD:E6:D3:07;0;AVIÁRIO MEIO;666,00;26/11/2025;22:48:56;20;1283-20
CO2;1283;CT-CO2-0;1f94f8ad-7171-b062-c0a5-dbf839ac97e9;CD:E6:D3:07;0;AVIÁRIO MEIO;657,00;26/11/2025;22:53:58;20;1283-20
CO2;1283;CT-CO2-0;1f94f8ad-7171-b062-c0a5-dbf839ac97e9;CD:E6:D3:07;0;AVIÁRIO MEIO;666,00;26/11/2025;22:59:30;20;1283-20
CO2;1283;CT-CO2-0;1f94f8ad-7171-b062-c0a5-dbf839ac97e9;CD:E6:D3:07;0;AVIÁRIO MEIO;818,00;26/11/2025;23:10:12;20;1283-20
CO2;1283;CT-CO2-0;1f94f8ad-7171-b062-c0a5-dbf839ac97e9;CD:E6:D3:07;0;AVIÁRIO MEIO;829,00;26/11/2025;23:15:45;20;1283-20
CO2;1283;CT-CO2-0;1f94f8ad-7171-b062-c0a5-dbf839ac97e9;CD:E6:D3:07;0;AVIÁRIO MEIO;804,00;26/11/2025;23:21:17;20;1283-20
CO2;1283;CT-CO2-0;1f94f8ad-7171-b062-c0a5-dbf839ac97e9;CD:E6:D3:07;0;AVIÁRIO MEIO;759,00;26/11/2025;23:26:19;20;1283-20
CO2;1283;CT-CO2-0;1f94f8ad-7171-b062-c0a5-dbf839ac97e9;CD:E6:D3:07;0;AVIÁRIO MEIO;771,00;26/11/2025;23:31:51;20;1283-20
CO2;1283;CT-CO2-0;1f94f8ad-7171-b062-c0a5-dbf839ac97e9;CD:E6:D3:07;0;AVIÁRIO MEIO;779,00;26/11/2025;23:37:23;20;1283-20
CO2;1283;CT-CO2-0;1f94f8ad-7171-b062-c0a5-dbf839ac97e9;CD:E6:D3:07;0;AVIÁRIO MEIO;819,00;26/11/2025;23:42:25;20;1283-20
CO2;1283;CT-CO2-0;1f94f8ad-7171-b062-c0a5-dbf839ac97e9;CD:E6:D3:07;0;AVIÁRIO MEIO;810,00;26/11/2025;23:47:59;20;1283-20
CO2;1283;CT-CO2-0;1f94f8ad-7171-b062-c0a5-dbf839ac97e9;CD:E6:D3:07;0;AVIÁRIO MEIO;806,00;26/11/2025;23:53:31;20;1283-20
CO2;1283;CT-CO2-0;1f94f8ad-7171-b062-c0a5-dbf839ac97e9;CD:E6:D3:07;0;AVIÁRIO MEIO;784,00;26/11/2025;23:58:33;20;1283-20
CO2;1283;CT-CO2-0;1f94f8ad-7171-b062-c0a5-dbf839ac97e9;CD:E6:D3:07;0;AVIÁRIO MEIO;757,00;27/11/2025;00:04:04;20;1283-20
CO2;1283;CT-CO2-0;1f94f8ad-7171-b062-c0a5-dbf839ac97e9;CD:E6:D3:07;0;AVIÁRIO MEIO;749,00;27/11/2025;00:09:36;20;1283-20
CO2;1283;CT-CO2-0;1f94f8ad-7171-b062-c0a5-dbf839ac97e9;CD:E6:D3:07;0;AVIÁRIO MEIO;751,00;27/11/2025;00:15:47;20;1283-20
CO2;1283;CT-CO2-0;1f94f8ad-7171-b062-c0a5-dbf839ac97e9;CD:E6:D3:07;0;AVIÁRIO MEIO;757,00;27/11/2025;00:20:19;20;1283-20
CO2;1283;CT-CO2-0;1f94f8ad-7171-b062-c0a5-dbf839ac97e9;CD:E6:D3:07;0;AVIÁRIO MEIO;757,00;27/11/2025;00:25:51;20;1283-20
CO2;1283;CT-CO2-0;1f94f8ad-7171-b062-c0a5-dbf839ac97e9;CD:E6:D3:07;0;AVIÁRIO MEIO;757,00;27/11/2025;00:30:53;20;1283-20
CO2;1283;CT-CO2-0;1f94f8ad-7171-b062-c0a5-dbf839ac97e9;CD:E6:D3:07;0;AVIÁRIO MEIO;760,00;27/11/2025;00:36:25;20;1283-20
CO2;1283;CT-CO2-0;1f94f8ad-7171-b062-c0a5-dbf839ac97e9;CD:E6:D3:07;0;AVIÁRIO MEIO;767,00;27/11/2025;00:41:57;20;1283-20
CO2;1283;CT-CO2-0;1f94f8ad-7171-b062-c0a5-dbf839ac97e9;CD:E6:D3:07;0;AVIÁRIO MEIO;761,00;27/11/2025;00:46:59;20;1283-20
CO2;1283;CT-CO2-0;1f94f8ad-7171-b062-c0a5-dbf839ac97e9;CD:E6:D3:07;0;AVIÁRIO MEIO;772,00;27/11/2025;00:52:31;20;1283-20
CO2;1283;CT-CO2-0;1f94f8ad-7171-b062-c0a5-dbf839ac97e9;CD:E6:D3:07;0;AVIÁRIO MEIO;786,00;27/11/2025;00:58:03;20;1283-20
CO2;1283;CT-CO2-0;1f94f8ad-7171-b062-c0a5-dbf839ac97e9;CD:E6:D3:07;0;AVIÁRIO MEIO;790,00;27/11/2025;01:03:35;20;1283-20
CO2;1283;CT-CO2-0;1f94f8ad-7171-b062-c0a5-dbf839ac97e9;CD:E6:D3:07;0;AVIÁRIO MEIO;784,00;27/11/2025;01:08:38;20;1283-20
CO2;1283;CT-CO2-0;1f94f8ad-7171-b062-c0a5-dbf839ac97e9;CD:E6:D3:07;0;AVIÁRIO MEIO;779,00;27/11/2025;01:14:09;20;1283-20
CO2;1283;CT-CO2-0;1f94f8ad-7171-b062-c0a5-dbf839ac97e9;CD:E6:D3:07;0;AVIÁRIO MEIO;759,00;27/11/2025;01:19:42;20;1283-20
CO2;1283;CT-CO2-0;1f94f8ad-7171-b062-c0a5-dbf839ac97e9;CD:E6:D3:07;0;AVIÁRIO MEIO;783,00;27/11/2025;01:25:15;20;1283-20
CO2;1283;CT-CO2-0;1f94f8ad-7171-b062-c0a5-dbf839ac97e9;CD:E6:D3:07;0;AVIÁRIO MEIO;789,00;27/11/2025;01:30:17;20;1283-20
CO2;1283;CT-CO2-0;1f94f8ad-7171-b062-c0a5-dbf839ac97e9;CD:E6:D3:07;0;AVIÁRIO MEIO;780,00;27/11/2025;01:35:49;20;1283-20
CO2;1283;CT-CO2-0;1f94f8ad-7171-b062-c0a5-dbf839ac97e9;CD:E6:D3:07;0;AVIÁRIO MEIO;778,00;27/11/2025;01:40:53;20;1283-20
CO2;1283;CT-CO2-0;1f94f8ad-7171-b062-c0a5-dbf839ac97e9;CD:E6:D3:07;0;AVIÁRIO MEIO;799,00;27/11/2025;01:46:24;20;1283-20
CO2;1283;CT-CO2-0;1f94f8ad-7171-b062-c0a5-dbf839ac97e9;CD:E6:D3:07;0;AVIÁRIO MEIO;808,00;27/11/2025;01:51:56;20;1283-20
CO2;1283;CT-CO2-0;1f94f8ad-7171-b062-c0a5-dbf839ac97e9;CD:E6:D3:07;0;AVIÁRIO MEIO;807,00;27/11/2025;01:57:28;20;1283-20
CO2;1283;CT-CO2-0;1f94f8ad-7171-b062-c0a5-dbf839ac97e9;CD:E6:D3:07;0;AVIÁRIO MEIO;792,00;27/11/2025;02:02:30;20;1283-20
CO2;1283;CT-CO2-0;1f94f8ad-7171-b062-c0a5-dbf839ac97e9;CD:E6:D3:07;0;AVIÁRIO MEIO;778,00;27/11/2025;02:08:02;20;1283-20
CO2;1283;CT-CO2-0;1f94f8ad-7171-b062-c0a5-dbf839ac97e9;CD:E6:D3:07;0;AVIÁRIO MEIO;825,00;27/11/2025;02:13:34;20;1283-20
CO2;1283;CT-CO2-0;1f94f8ad-7171-b062-c0a5-dbf839ac97e9;CD:E6:D3:07;0;AVIÁRIO MEIO;837,00;27/11/2025;02:18:36;20;1283-20
CO2;1283;CT-CO2-0;1f94f8ad-7171-b062-c0a5-dbf839ac97e9;CD:E6:D3:07;0;AVIÁRIO MEIO;852,00;27/11/2025;02:24:08;20;1283-20
CO2;1283;CT-CO2-0;1f94f8ad-7171-b062-c0a5-dbf839ac97e9;CD:E6:D3:07;0;AVIÁRIO MEIO;859,00;27/11/2025;02:29:41;20;1283-20
CO2;1283;CT-CO2-0;1f94f8ad-7171-b062-c0a5-dbf839ac97e9;CD:E6:D3:07;0;AVIÁRIO MEIO;862,00;27/11/2025;02:35:15;20;1283-20
CO2;1283;CT-CO2-0;1f94f8ad-7171-b062-c0a5-dbf839ac97e9;CD:E6:D3:07;0;AVIÁRIO MEIO;847,00;27/11/2025;02:40:17;20;1283-20
CO2;1283;CT-CO2-0;1f94f8ad-7171-b062-c0a5-dbf839ac97e9;CD:E6:D3:07;0;AVIÁRIO MEIO;831,00;27/11/2025;02:45:49;20;1283-20
CO2;1283;CT-CO2-0;1f94f8ad-7171-b062-c0a5-dbf839ac97e9;CD:E6:D3:07;0;AVIÁRIO MEIO;844,00;27/11/2025;02:50:52;20;1283-20
CO2;1283;CT-CO2-0;1f94f8ad-7171-b062-c0a5-dbf839ac97e9;CD:E6:D3:07;0;AVIÁRIO MEIO;815,00;27/11/2025;02:56:25;20;1283-20
CO2;1283;CT-CO2-0;1f94f8ad-7171-b062-c0a5-dbf839ac97e9;CD:E6:D3:07;0;AVIÁRIO MEIO;817,00;27/11/2025;03:01:57;20;1283-20
CO2;1283;CT-CO2-0;1f94f8ad-7171-b062-c0a5-dbf839ac97e9;CD:E6:D3:07;0;AVIÁRIO MEIO;821,00;27/11/2025;03:06:58;20;1283-20
CO2;1283;CT-CO2-0;1f94f8ad-7171-b062-c0a5-dbf839ac97e9;CD:E6:D3:07;0;AVIÁRIO MEIO;830,00;27/11/2025;03:12:30;20;1283-20
CO2;1283;CT-CO2-0;1f94f8ad-7171-b062-c0a5-dbf839ac97e9;CD:E6:D3:07;0;AVIÁRIO MEIO;835,00;27/11/2025;03:18:03;20;1283-20
CO2;1283;CT-CO2-0;1f94f8ad-7171-b062-c0a5-dbf839ac97e9;CD:E6:D3:07;0;AVIÁRIO MEIO;837,00;27/11/2025;03:23:34;20;1283-20
CO2;1283;CT-CO2-0;1f94f8ad-7171-b062-c0a5-dbf839ac97e9;CD:E6:D3:07;0;AVIÁRIO MEIO;840,00;27/11/2025;03:28:35;20;1283-20
CO2;1283;CT-CO2-0;1f94f8ad-7171-b062-c0a5-dbf839ac97e9;CD:E6:D3:07;0;AVIÁRIO MEIO;844,00;27/11/2025;03:34:09;20;1283-20
CO2;1283;CT-CO2-0;1f94f8ad-7171-b062-c0a5-dbf839ac97e9;CD:E6:D3:07;0;AVIÁRIO MEIO;864,00;27/11/2025;03:39:41;20;1283-20
CO2;1283;CT-CO2-0;1f94f8ad-7171-b062-c0a5-dbf839ac97e9;CD:E6:D3:07;0;AVIÁRIO MEIO;854,00;27/11/2025;03:50:16;20;1283-20
CO2;1283;CT-CO2-0;1f94f8ad-7171-b062-c0a5-dbf839ac97e9;CD:E6:D3:07;0;AVIÁRIO MEIO;879,00;27/11/2025;03:55:48;20;1283-20
CO2;1283;CT-CO2-0;1f94f8ad-7171-b062-c0a5-dbf839ac97e9;CD:E6:D3:07;0;AVIÁRIO MEIO;829,00;27/11/2025;04:00:50;20;1283-20
CO2;1283;CT-CO2-0;1f94f8ad-7171-b062-c0a5-dbf839ac97e9;CD:E6:D3:07;0;AVIÁRIO MEIO;839,00;27/11/2025;04:06:24;20;1283-20
CO2;1283;CT-CO2-0;1f94f8ad-7171-b062-c0a5-dbf839ac97e9;CD:E6:D3:07;0;AVIÁRIO MEIO;828,00;27/11/2025;04:11:56;20;1283-20
CO2;1283;CT-CO2-0;1f94f8ad-7171-b062-c0a5-dbf839ac97e9;CD:E6:D3:07;0;AVIÁRIO MEIO;885,00;27/11/2025;04:16:57;20;1283-20
CO2;1283;CT-CO2-0;1f94f8ad-7171-b062-c0a5-dbf839ac97e9;CD:E6:D3:07;0;AVIÁRIO MEIO;836,00;27/11/2025;04:22:30;20;1283-20
CO2;1283;CT-CO2-0;1f94f8ad-7171-b062-c0a5-dbf839ac97e9;CD:E6:D3:07;0;AVIÁRIO MEIO;842,00;27/11/2025;04:28:01;20;1283-20
CO2;1283;CT-CO2-0;1f94f8ad-7171-b062-c0a5-dbf839ac97e9;CD:E6:D3:07;0;AVIÁRIO MEIO;836,00;27/11/2025;04:33:33;20;1283-20
CO2;1283;CT-CO2-0;1f94f8ad-7171-b062-c0a5-dbf839ac97e9;CD:E6:D3:07;0;AVIÁRIO MEIO;903,00;27/11/2025;04:38:36;20;1283-20
CO2;1283;CT-CO2-0;1f94f8ad-7171-b062-c0a5-dbf839ac97e9;CD:E6:D3:07;0;AVIÁRIO MEIO;823,00;27/11/2025;04:44:08;20;1283-20
CO2;1283;CT-CO2-0;1f94f8ad-7171-b062-c0a5-dbf839ac97e9;CD:E6:D3:07;0;AVIÁRIO MEIO;841,00;27/11/2025;04:49:40;20;1283-20
CO2;1283;CT-CO2-0;1f94f8ad-7171-b062-c0a5-dbf839ac97e9;CD:E6:D3:07;0;AVIÁRIO MEIO;870,00;27/11/2025;04:55:13;20;1283-20
CO2;1283;CT-CO2-0;1f94f8ad-7171-b062-c0a5-dbf839ac97e9;CD:E6:D3:07;0;AVIÁRIO MEIO;878,00;27/11/2025;05:00:15;20;1283-20
CO2;1283;CT-CO2-0;1f94f8ad-7171-b062-c0a5-dbf839ac97e9;CD:E6:D3:07;0;AVIÁRIO MEIO;888,00;27/11/2025;05:05:47;20;1283-20
CO2;1283;CT-CO2-0;1f94f8ad-7171-b062-c0a5-dbf839ac97e9;CD:E6:D3:07;0;AVIÁRIO MEIO;873,00;27/11/2025;05:10:49;20;1283-20
CO2;1283;CT-CO2-0;1f94f8ad-7171-b062-c0a5-dbf839ac97e9;CD:E6:D3:07;0;AVIÁRIO MEIO;906,00;27/11/2025;05:16:21;20;1283-20
CO2;1283;CT-CO2-0;1f94f8ad-7171-b062-c0a5-dbf839ac97e9;CD:E6:D3:07;0;AVIÁRIO MEIO;931,00;27/11/2025;05:21:53;20;1283-20
CO2;1283;CT-CO2-0;1f94f8ad-7171-b062-c0a5-dbf839ac97e9;CD:E6:D3:07;0;AVIÁRIO MEIO;918,00;27/11/2025;05:27:25;20;1283-20
CO2;1283;CT-CO2-0;1f94f8ad-7171-b062-c0a5-dbf839ac97e9;CD:E6:D3:07;0;AVIÁRIO MEIO;930,00;27/11/2025;05:32:28;20;1283-20
CO2;1283;CT-CO2-0;1f94f8ad-7171-b062-c0a5-dbf839ac97e9;CD:E6:D3:07;0;AVIÁRIO MEIO;917,00;27/11/2025;05:38:00;20;1283-20
CO2;1283;CT-CO2-0;1f94f8ad-7171-b062-c0a5-dbf839ac97e9;CD:E6:D3:07;0;AVIÁRIO MEIO;901,00;27/11/2025;05:43:31;20;1283-20
CO2;1283;CT-CO2-0;1f94f8ad-7171-b062-c0a5-dbf839ac97e9;CD:E6:D3:07;0;AVIÁRIO MEIO;922,00;27/11/2025;05:48:33;20;1283-20
CO2;1283;CT-CO2-0;1f94f8ad-7171-b062-c0a5-dbf839ac97e9;CD:E6:D3:07;0;AVIÁRIO MEIO;922,00;27/11/2025;05:54:06;20;1283-20
CO2;1283;CT-CO2-0;1f94f8ad-7171-b062-c0a5-dbf839ac97e9;CD:E6:D3:07;0;AVIÁRIO MEIO;914,00;27/11/2025;05:59:39;20;1283-20
CO2;1283;CT-CO2-0;1f94f8ad-7171-b062-c0a5-dbf839ac97e9;CD:E6:D3:07;0;AVIÁRIO MEIO;900,00;27/11/2025;06:05:44;20;1283-20
CO2;1283;CT-CO2-0;1f94f8ad-7171-b062-c0a5-dbf839ac97e9;CD:E6:D3:07;0;AVIÁRIO MEIO;909,00;27/11/2025;06:10:16;20;1283-20
CO2;1283;CT-CO2-0;1f94f8ad-7171-b062-c0a5-dbf839ac97e9;CD:E6:D3:07;0;AVIÁRIO MEIO;891,00;27/11/2025;06:15:50;20;1283-20
CO2;1283;CT-CO2-0;1f94f8ad-7171-b062-c0a5-dbf839ac97e9;CD:E6:D3:07;0;AVIÁRIO MEIO;896,00;27/11/2025;06:20:52;20;1283-20
CO2;1283;CT-CO2-0;1f94f8ad-7171-b062-c0a5-dbf839ac97e9;CD:E6:D3:07;0;AVIÁRIO MEIO;868,00;27/11/2025;06:26:24;20;1283-20
CO2;1283;CT-CO2-0;1f94f8ad-7171-b062-c0a5-dbf839ac97e9;CD:E6:D3:07;0;AVIÁRIO MEIO;865,00;27/11/2025;06:31:56;20;1283-20
CO2;1283;CT-CO2-0;1f94f8ad-7171-b062-c0a5-dbf839ac97e9;CD:E6:D3:07;0;AVIÁRIO MEIO;875,00;27/11/2025;06:37:28;20;1283-20
CO2;1283;CT-CO2-0;1f94f8ad-7171-b062-c0a5-dbf839ac97e9;CD:E6:D3:07;0;AVIÁRIO MEIO;861,00;27/11/2025;06:42:30;20;1283-20
CO2;1283;CT-CO2-0;1f94f8ad-7171-b062-c0a5-dbf839ac97e9;CD:E6:D3:07;0;AVIÁRIO MEIO;873,00;27/11/2025;06:48:02;20;1283-20
CO2;1283;CT-CO2-0;1f94f8ad-7171-b062-c0a5-dbf839ac97e9;CD:E6:D3:07;0;AVIÁRIO MEIO;866,00;27/11/2025;06:53:35;20;1283-20
CO2;1283;CT-CO2-0;1f94f8ad-7171-b062-c0a5-dbf839ac97e9;CD:E6:D3:07;0;AVIÁRIO MEIO;844,00;27/11/2025;06:58:37;20;1283-20
CO2;1283;CT-CO2-0;1f94f8ad-7171-b062-c0a5-dbf839ac97e9;CD:E6:D3:07;0;AVIÁRIO MEIO;830,00;27/11/2025;07:04:09;20;1283-20
CO2;1283;CT-CO2-0;1f94f8ad-7171-b062-c0a5-dbf839ac97e9;CD:E6:D3:07;0;AVIÁRIO MEIO;825,00;27/11/2025;07:09:40;20;1283-20
CO2;1283;CT-CO2-0;1f94f8ad-7171-b062-c0a5-dbf839ac97e9;CD:E6:D3:07;0;AVIÁRIO MEIO;818,00;27/11/2025;07:15:45;20;1283-20
CO2;1283;CT-CO2-0;1f94f8ad-7171-b062-c0a5-dbf839ac97e9;CD:E6:D3:07;0;AVIÁRIO MEIO;813,00;27/11/2025;07:20:17;20;1283-20
CO2;1283;CT-CO2-0;1f94f8ad-7171-b062-c0a5-dbf839ac97e9;CD:E6:D3:07;0;AVIÁRIO MEIO;757,00;27/11/2025;07:25:49;20;1283-20
CO2;1283;CT-CO2-0;1f94f8ad-7171-b062-c0a5-dbf839ac97e9;CD:E6:D3:07;0;AVIÁRIO MEIO;757,00;27/11/2025;07:31:21;20;1283-20
CO2;1283;CT-CO2-0;1f94f8ad-7171-b062-c0a5-dbf839ac97e9;CD:E6:D3:07;0;AVIÁRIO MEIO;747,00;27/11/2025;07:36:23;20;1283-20
CO2;1283;CT-CO2-0;1f94f8ad-7171-b062-c0a5-dbf839ac97e9;CD:E6:D3:07;0;AVIÁRIO MEIO;729,00;27/11/2025;07:41:55;20;1283-20
CO2;1283;CT-CO2-0;1f94f8ad-7171-b062-c0a5-dbf839ac97e9;CD:E6:D3:07;0;AVIÁRIO MEIO;720,00;27/11/2025;07:47:28;20;1283-20
CO2;1283;CT-CO2-0;1f94f8ad-7171-b062-c0a5-dbf839ac97e9;CD:E6:D3:07;0;AVIÁRIO MEIO;709,00;27/11/2025;07:52:30;20;1283-20
CO2;1283;CT-CO2-0;1f94f8ad-7171-b062-c0a5-dbf839ac97e9;CD:E6:D3:07;0;AVIÁRIO MEIO;710,00;27/11/2025;07:58:02;20;1283-20
CO2;1283;CT-CO2-0;1f94f8ad-7171-b062-c0a5-dbf839ac97e9;CD:E6:D3:07;0;AVIÁRIO MEIO;689,00;27/11/2025;08:03:34;20;1283-20
CO2;1283;CT-CO2-0;1f94f8ad-7171-b062-c0a5-dbf839ac97e9;CD:E6:D3:07;0;AVIÁRIO MEIO;701,00;27/11/2025;08:09:06;20;1283-20
CO2;1283;CT-CO2-0;1f94f8ad-7171-b062-c0a5-dbf839ac97e9;CD:E6:D3:07;0;AVIÁRIO MEIO;681,00;27/11/2025;08:14:08;20;1283-20
CO2;1283;CT-CO2-0;1f94f8ad-7171-b062-c0a5-dbf839ac97e9;CD:E6:D3:07;0;AVIÁRIO MEIO;675,00;27/11/2025;08:19:40;20;1283-20
CO2;1283;CT-CO2-0;1f94f8ad-7171-b062-c0a5-dbf839ac97e9;CD:E6:D3:07;0;AVIÁRIO MEIO;673,00;27/11/2025;08:25:45;20;1283-20
CO2;1283;CT-CO2-0;1f94f8ad-7171-b062-c0a5-dbf839ac97e9;CD:E6:D3:07;0;AVIÁRIO MEIO;650,00;27/11/2025;08:30:17;20;1283-20
CO2;1283;CT-CO2-0;1f94f8ad-7171-b062-c0a5-dbf839ac97e9;CD:E6:D3:07;0;AVIÁRIO MEIO;694,00;27/11/2025;08:35:49;20;1283-20
CO2;1283;CT-CO2-0;1f94f8ad-7171-b062-c0a5-dbf839ac97e9;CD:E6:D3:07;0;AVIÁRIO MEIO;665,00;27/11/2025;08:41:22;20;1283-20
CO2;1283;CT-CO2-0;1f94f8ad-7171-b062-c0a5-dbf839ac97e9;CD:E6:D3:07;0;AVIÁRIO MEIO;649,00;27/11/2025;08:46:53;20;1283-20
CO2;1283;CT-CO2-0;1f94f8ad-7171-b062-c0a5-dbf839ac97e9;CD:E6:D3:07;0;AVIÁRIO MEIO;646,00;27/11/2025;08:51:56;20;1283-20
CO2;1283;CT-CO2-0;1f94f8ad-7171-b062-c0a5-dbf839ac97e9;CD:E6:D3:07;0;AVIÁRIO MEIO;659,00;27/11/2025;08:57:28;20;1283-20
CO2;1283;CT-CO2-0;1f94f8ad-7171-b062-c0a5-dbf839ac97e9;CD:E6:D3:07;0;AVIÁRIO MEIO;641,00;27/11/2025;09:03:01;20;1283-20
CO2;1283;CT-CO2-0;1f94f8ad-7171-b062-c0a5-dbf839ac97e9;CD:E6:D3:07;0;AVIÁRIO MEIO;624,00;27/11/2025;09:08:03;20;1283-20
CO2;1283;CT-CO2-0;1f94f8ad-7171-b062-c0a5-dbf839ac97e9;CD:E6:D3:07;0;AVIÁRIO MEIO;622,00;27/11/2025;09:13:36;20;1283-20
CO2;1283;CT-CO2-0;1f94f8ad-7171-b062-c0a5-dbf839ac97e9;CD:E6:D3:07;0;AVIÁRIO MEIO;613,00;27/11/2025;09:19:08;20;1283-20
CO2;1283;CT-CO2-0;1f94f8ad-7171-b062-c0a5-dbf839ac97e9;CD:E6:D3:07;0;AVIÁRIO MEIO;610,00;27/11/2025;09:24:40;20;1283-20
CO2;1283;CT-CO2-0;1f94f8ad-7171-b062-c0a5-dbf839ac97e9;CD:E6:D3:07;0;AVIÁRIO MEIO;625,00;27/11/2025;09:29:42;20;1283-20
CO2;1283;CT-CO2-0;1f94f8ad-7171-b062-c0a5-dbf839ac97e9;CD:E6:D3:07;0;AVIÁRIO MEIO;622,00;27/11/2025;09:35:46;20;1283-20
CO2;1283;CT-CO2-0;1f94f8ad-7171-b062-c0a5-dbf839ac97e9;CD:E6:D3:07;0;AVIÁRIO MEIO;621,00;27/11/2025;09:40:48;20;1283-20
CO2;1283;CT-CO2-0;1f94f8ad-7171-b062-c0a5-dbf839ac97e9;CD:E6:D3:07;0;AVIÁRIO MEIO;620,00;27/11/2025;09:45:50;20;1283-20
CO2;1283;CT-CO2-0;1f94f8ad-7171-b062-c0a5-dbf839ac97e9;CD:E6:D3:07;0;AVIÁRIO MEIO;630,00;27/11/2025;09:51:22;20;1283-20
CO2;1283;CT-CO2-0;1f94f8ad-7171-b062-c0a5-dbf839ac97e9;CD:E6:D3:07;0;AVIÁRIO MEIO;621,00;27/11/2025;09:56:54;20;1283-20
CO2;1283;CT-CO2-0;1f94f8ad-7171-b062-c0a5-dbf839ac97e9;CD:E6:D3:07;0;AVIÁRIO MEIO;604,00;27/11/2025;10:01:56;20;1283-20
CO2;1283;CT-CO2-0;1f94f8ad-7171-b062-c0a5-dbf839ac97e9;CD:E6:D3:07;0;AVIÁRIO MEIO;612,00;27/11/2025;10:07:28;20;1283-20
CO2;1283;CT-CO2-0;1f94f8ad-7171-b062-c0a5-dbf839ac97e9;CD:E6:D3:07;0;AVIÁRIO MEIO;614,00;27/11/2025;10:13:00;20;1283-20
CO2;1283;CT-CO2-0;1f94f8ad-7171-b062-c0a5-dbf839ac97e9;CD:E6:D3:07;0;AVIÁRIO MEIO;615,00;27/11/2025;10:18:33;20;1283-20
CO2;1283;CT-CO2-0;1f94f8ad-7171-b062-c0a5-dbf839ac97e9;CD:E6:D3:07;0;AVIÁRIO MEIO;624,00;27/11/2025;10:23:35;20;1283-20
CO2;1283;CT-CO2-0;1f94f8ad-7171-b062-c0a5-dbf839ac97e9;CD:E6:D3:07;0;AVIÁRIO MEIO;637,00;27/11/2025;10:29:07;20;1283-20
CO2;1283;CT-CO2-0;1f94f8ad-7171-b062-c0a5-dbf839ac97e9;CD:E6:D3:07;0;AVIÁRIO MEIO;616,00;27/11/2025;10:34:39;20;1283-20
CO2;1283;CT-CO2-0;1f94f8ad-7171-b062-c0a5-dbf839ac97e9;CD:E6:D3:07;0;AVIÁRIO MEIO;615,00;27/11/2025;10:39:40;20;1283-20
CO2;1283;CT-CO2-0;1f94f8ad-7171-b062-c0a5-dbf839ac97e9;CD:E6:D3:07;0;AVIÁRIO MEIO;624,00;27/11/2025;10:45:43;20;1283-20
CO2;1283;CT-CO2-0;1f94f8ad-7171-b062-c0a5-dbf839ac97e9;CD:E6:D3:07;0;AVIÁRIO MEIO;624,00;27/11/2025;10:50:45;20;1283-20
CO2;1283;CT-CO2-0;1f94f8ad-7171-b062-c0a5-dbf839ac97e9;CD:E6:D3:07;0;AVIÁRIO MEIO;616,00;27/11/2025;10:56:18;20;1283-20
CO2;1283;CT-CO2-0;1f94f8ad-7171-b062-c0a5-dbf839ac97e9;CD:E6:D3:07;0;AVIÁRIO MEIO;621,00;27/11/2025;11:01:21;20;1283-20
CO2;1283;CT-CO2-0;1f94f8ad-7171-b062-c0a5-dbf839ac97e9;CD:E6:D3:07;0;AVIÁRIO MEIO;635,00;27/11/2025;11:06:52;20;1283-20
CO2;1283;CT-CO2-0;1f94f8ad-7171-b062-c0a5-dbf839ac97e9;CD:E6:D3:07;0;AVIÁRIO MEIO;617,00;27/11/2025;11:12:24;20;1283-20
CO2;1283;CT-CO2-0;1f94f8ad-7171-b062-c0a5-dbf839ac97e9;CD:E6:D3:07;0;AVIÁRIO MEIO;612,00;27/11/2025;11:17:26;20;1283-20
CO2;1283;CT-CO2-0;1f94f8ad-7171-b062-c0a5-dbf839ac97e9;CD:E6:D3:07;0;AVIÁRIO MEIO;616,00;27/11/2025;11:22:58;20;1283-20
CO2;1283;CT-CO2-0;1f94f8ad-7171-b062-c0a5-dbf839ac97e9;CD:E6:D3:07;0;AVIÁRIO MEIO;609,00;27/11/2025;11:28:30;20;1283-20
CO2;1283;CT-CO2-0;1f94f8ad-7171-b062-c0a5-dbf839ac97e9;CD:E6:D3:07;0;AVIÁRIO MEIO;608,00;27/11/2025;11:33:35;20;1283-20
CO2;1283;CT-CO2-0;1f94f8ad-7171-b062-c0a5-dbf839ac97e9;CD:E6:D3:07;0;AVIÁRIO MEIO;611,00;27/11/2025;11:39:07;20;1283-20
CO2;1283;CT-CO2-0;1f94f8ad-7171-b062-c0a5-dbf839ac97e9;CD:E6:D3:07;0;AVIÁRIO MEIO;630,00;27/11/2025;11:44:39;20;1283-20
CO2;1283;CT-CO2-0;1f94f8ad-7171-b062-c0a5-dbf839ac97e9;CD:E6:D3:07;0;AVIÁRIO MEIO;616,00;27/11/2025;11:49:41;20;1283-20
CO2;1283;CT-CO2-0;1f94f8ad-7171-b062-c0a5-dbf839ac97e9;CD:E6:D3:07;0;AVIÁRIO MEIO;623,00;27/11/2025;11:55:46;20;1283-20
CO2;1283;CT-CO2-0;1f94f8ad-7171-b062-c0a5-dbf839ac97e9;CD:E6:D3:07;0;AVIÁRIO MEIO;671,00;27/11/2025;12:00:48;20;1283-20
CO2;1283;CT-CO2-0;1f94f8ad-7171-b062-c0a5-dbf839ac97e9;CD:E6:D3:07;0;AVIÁRIO MEIO;628,00;27/11/2025;12:05:51;20;1283-20
CO2;1283;CT-CO2-0;1f94f8ad-7171-b062-c0a5-dbf839ac97e9;CD:E6:D3:07;0;AVIÁRIO MEIO;628,00;27/11/2025;12:11:24;20;1283-20
CO2;1283;CT-CO2-0;1f94f8ad-7171-b062-c0a5-dbf839ac97e9;CD:E6:D3:07;0;AVIÁRIO MEIO;631,00;27/11/2025;12:16:56;20;1283-20
CO2;1283;CT-CO2-0;1f94f8ad-7171-b062-c0a5-dbf839ac97e9;CD:E6:D3:07;0;AVIÁRIO MEIO;693,00;27/11/2025;12:22:28;20;1283-20
CO2;1283;CT-CO2-0;1f94f8ad-7171-b062-c0a5-dbf839ac97e9;CD:E6:D3:07;0;AVIÁRIO MEIO;608,00;27/11/2025;12:27:30;20;1283-20
CO2;1283;CT-CO2-0;1f94f8ad-7171-b062-c0a5-dbf839ac97e9;CD:E6:D3:07;0;AVIÁRIO MEIO;622,00;27/11/2025;12:33:04;20;1283-20
CO2;1283;CT-CO2-0;1f94f8ad-7171-b062-c0a5-dbf839ac97e9;CD:E6:D3:07;0;AVIÁRIO MEIO;614,00;27/11/2025;12:38:36;20;1283-20
CO2;1283;CT-CO2-0;1f94f8ad-7171-b062-c0a5-dbf839ac97e9;CD:E6:D3:07;0;AVIÁRIO MEIO;627,00;27/11/2025;12:43:38;20;1283-20
CO2;1283;CT-CO2-0;1f94f8ad-7171-b062-c0a5-dbf839ac97e9;CD:E6:D3:07;0;AVIÁRIO MEIO;617,00;27/11/2025;12:49:10;20;1283-20
CO2;1283;CT-CO2-0;1f94f8ad-7171-b062-c0a5-dbf839ac97e9;CD:E6:D3:07;0;AVIÁRIO MEIO;619,00;27/11/2025;12:54:42;20;1283-20
CO2;1283;CT-CO2-0;1f94f8ad-7171-b062-c0a5-dbf839ac97e9;CD:E6:D3:07;0;AVIÁRIO MEIO;624,00;27/11/2025;13:05:48;20;1283-20
CO2;1283;CT-CO2-0;1f94f8ad-7171-b062-c0a5-dbf839ac97e9;CD:E6:D3:07;0;AVIÁRIO MEIO;618,00;27/11/2025;13:10:53;20;1283-20
CO2;1283;CT-CO2-0;1f94f8ad-7171-b062-c0a5-dbf839ac97e9;CD:E6:D3:07;0;AVIÁRIO MEIO;632,00;27/11/2025;13:15:55;20;1283-20
CO2;1283;CT-CO2-0;1f94f8ad-7171-b062-c0a5-dbf839ac97e9;CD:E6:D3:07;0;AVIÁRIO MEIO;626,00;27/11/2025;13:21:27;20;1283-20
CO2;1283;CT-CO2-0;1f94f8ad-7171-b062-c0a5-dbf839ac97e9;CD:E6:D3:07;0;AVIÁRIO MEIO;672,00;27/11/2025;13:26:59;20;1283-20
CO2;1283;CT-CO2-0;1f94f8ad-7171-b062-c0a5-dbf839ac97e9;CD:E6:D3:07;0;AVIÁRIO MEIO;635,00;27/11/2025;13:32:36;20;1283-20
CO2;1283;CT-CO2-0;1f94f8ad-7171-b062-c0a5-dbf839ac97e9;CD:E6:D3:07;0;AVIÁRIO MEIO;632,00;27/11/2025;13:37:38;20;1283-20
CO2;1283;CT-CO2-0;1f94f8ad-7171-b062-c0a5-dbf839ac97e9;CD:E6:D3:07;0;AVIÁRIO MEIO;629,00;27/11/2025;13:43:10;20;1283-20
CO2;1283;CT-CO2-0;1f94f8ad-7171-b062-c0a5-dbf839ac97e9;CD:E6:D3:07;0;AVIÁRIO MEIO;623,00;27/11/2025;13:48:47;20;1283-20
CO2;1283;CT-CO2-0;1f94f8ad-7171-b062-c0a5-dbf839ac97e9;CD:E6:D3:07;0;AVIÁRIO MEIO;627,00;27/11/2025;13:53:51;20;1283-20
CO2;1283;CT-CO2-0;1f94f8ad-7171-b062-c0a5-dbf839ac97e9;CD:E6:D3:07;0;AVIÁRIO MEIO;614,00;27/11/2025;13:59:23;20;1283-20
CO2;1283;CT-CO2-0;1f94f8ad-7171-b062-c0a5-dbf839ac97e9;CD:E6:D3:07;0;AVIÁRIO MEIO;616,00;27/11/2025;14:04:54;20;1283-20
CO2;1283;CT-CO2-0;1f94f8ad-7171-b062-c0a5-dbf839ac97e9;CD:E6:D3:07;0;AVIÁRIO MEIO;620,00;27/11/2025;14:09:57;20;1283-20
CO2;1283;CT-CO2-0;1f94f8ad-7171-b062-c0a5-dbf839ac97e9;CD:E6:D3:07;0;AVIÁRIO MEIO;614,00;27/11/2025;14:16:01;20;1283-20
CO2;1283;CT-CO2-0;1f94f8ad-7171-b062-c0a5-dbf839ac97e9;CD:E6:D3:07;0;AVIÁRIO MEIO;614,00;27/11/2025;14:21:04;20;1283-20
CO2;1283;CT-CO2-0;1f94f8ad-7171-b062-c0a5-dbf839ac97e9;CD:E6:D3:07;0;AVIÁRIO MEIO;621,00;27/11/2025;14:26:06;20;1283-20
CO2;1283;CT-CO2-0;1f94f8ad-7171-b062-c0a5-dbf839ac97e9;CD:E6:D3:07;0;AVIÁRIO MEIO;615,00;27/11/2025;14:31:39;20;1283-20
CO2;1283;CT-CO2-0;1f94f8ad-7171-b062-c0a5-dbf839ac97e9;CD:E6:D3:07;0;AVIÁRIO MEIO;630,00;27/11/2025;14:37:11;20;1283-20
CO2;1283;CT-CO2-0;1f94f8ad-7171-b062-c0a5-dbf839ac97e9;CD:E6:D3:07;0;AVIÁRIO MEIO;660,00;27/11/2025;14:42:13;20;1283-20
CO2;1283;CT-CO2-0;1f94f8ad-7171-b062-c0a5-dbf839ac97e9;CD:E6:D3:07;0;AVIÁRIO MEIO;640,00;27/11/2025;14:47:45;20;1283-20
CO2;1283;CT-CO2-0;1f94f8ad-7171-b062-c0a5-dbf839ac97e9;CD:E6:D3:07;0;AVIÁRIO MEIO;633,00;27/11/2025;14:53:18;20;1283-20
CO2;1283;CT-CO2-0;1f94f8ad-7171-b062-c0a5-dbf839ac97e9;CD:E6:D3:07;0;AVIÁRIO MEIO;641,00;27/11/2025;14:58:21;20;1283-20
CO2;1283;CT-CO2-0;1f94f8ad-7171-b062-c0a5-dbf839ac97e9;CD:E6:D3:07;0;AVIÁRIO MEIO;625,00;27/11/2025;15:03:52;20;1283-20
CO2;1283;CT-CO2-0;1f94f8ad-7171-b062-c0a5-dbf839ac97e9;CD:E6:D3:07;0;AVIÁRIO MEIO;627,00;27/11/2025;15:09:26;20;1283-20
CO2;1283;CT-CO2-0;1f94f8ad-7171-b062-c0a5-dbf839ac97e9;CD:E6:D3:07;0;AVIÁRIO MEIO;619,00;27/11/2025;15:14:28;20;1283-20
CO2;1283;CT-CO2-0;1f94f8ad-7171-b062-c0a5-dbf839ac97e9;CD:E6:D3:07;0;AVIÁRIO MEIO;635,00;27/11/2025;15:20:00;20;1283-20
CO2;1283;CT-CO2-0;1f94f8ad-7171-b062-c0a5-dbf839ac97e9;CD:E6:D3:07;0;AVIÁRIO MEIO;621,00;27/11/2025;15:26:03;20;1283-20
CO2;1283;CT-CO2-0;1f94f8ad-7171-b062-c0a5-dbf839ac97e9;CD:E6:D3:07;0;AVIÁRIO MEIO;619,00;27/11/2025;15:31:06;20;1283-20
CO2;1283;CT-CO2-0;1f94f8ad-7171-b062-c0a5-dbf839ac97e9;CD:E6:D3:07;0;AVIÁRIO MEIO;639,00;27/11/2025;15:36:08;20;1283-20
CO2;1283;CT-CO2-0;1f94f8ad-7171-b062-c0a5-dbf839ac97e9;CD:E6:D3:07;0;AVIÁRIO MEIO;610,00;27/11/2025;15:41:54;20;1283-20
CO2;1283;CT-CO2-0;1f94f8ad-7171-b062-c0a5-dbf839ac97e9;CD:E6:D3:07;0;AVIÁRIO MEIO;674,00;27/11/2025;15:46:56;20;1283-20
CO2;1283;CT-CO2-0;1f94f8ad-7171-b062-c0a5-dbf839ac97e9;CD:E6:D3:07;0;AVIÁRIO MEIO;633,00;27/11/2025;15:52:28;20;1283-20
CO2;1283;CT-CO2-0;1f94f8ad-7171-b062-c0a5-dbf839ac97e9;CD:E6:D3:07;0;AVIÁRIO MEIO;633,00;27/11/2025;15:58:00;20;1283-20
CO2;1283;CT-CO2-0;1f94f8ad-7171-b062-c0a5-dbf839ac97e9;CD:E6:D3:07;0;AVIÁRIO MEIO;621,00;27/11/2025;16:03:02;20;1283-20
CO2;1283;CT-CO2-0;1f94f8ad-7171-b062-c0a5-dbf839ac97e9;CD:E6:D3:07;0;AVIÁRIO MEIO;674,00;27/11/2025;16:08:35;20;1283-20
CO2;1283;CT-CO2-0;1f94f8ad-7171-b062-c0a5-dbf839ac97e9;CD:E6:D3:07;0;AVIÁRIO MEIO;625,00;27/11/2025;16:14:07;20;1283-20
CO2;1283;CT-CO2-0;1f94f8ad-7171-b062-c0a5-dbf839ac97e9;CD:E6:D3:07;0;AVIÁRIO MEIO;626,00;27/11/2025;16:19:09;20;1283-20
CO2;1283;CT-CO2-0;1f94f8ad-7171-b062-c0a5-dbf839ac97e9;CD:E6:D3:07;0;AVIÁRIO MEIO;625,00;27/11/2025;16:24:40;20;1283-20
CO2;1283;CT-CO2-0;1f94f8ad-7171-b062-c0a5-dbf839ac97e9;CD:E6:D3:07;0;AVIÁRIO MEIO;605,00;27/11/2025;16:30:13;20;1283-20
CO2;1283;CT-CO2-0;1f94f8ad-7171-b062-c0a5-dbf839ac97e9;CD:E6:D3:07;0;AVIÁRIO MEIO;632,00;27/11/2025;16:36:17;20;1283-20
CO2;1283;CT-CO2-0;1f94f8ad-7171-b062-c0a5-dbf839ac97e9;CD:E6:D3:07;0;AVIÁRIO MEIO;620,00;27/11/2025;16:40:49;20;1283-20
CO2;1283;CT-CO2-0;1f94f8ad-7171-b062-c0a5-dbf839ac97e9;CD:E6:D3:07;0;AVIÁRIO MEIO;622,00;27/11/2025;16:46:21;20;1283-20
CO2;1283;CT-CO2-0;1f94f8ad-7171-b062-c0a5-dbf839ac97e9;CD:E6:D3:07;0;AVIÁRIO MEIO;700,00;27/11/2025;16:51:53;20;1283-20
CO2;1283;CT-CO2-0;1f94f8ad-7171-b062-c0a5-dbf839ac97e9;CD:E6:D3:07;0;AVIÁRIO MEIO;624,00;27/11/2025;16:56:55;20;1283-20
CO2;1283;CT-CO2-0;1f94f8ad-7171-b062-c0a5-dbf839ac97e9;CD:E6:D3:07;0;AVIÁRIO MEIO;629,00;27/11/2025;17:02:28;20;1283-20
CO2;1283;CT-CO2-0;1f94f8ad-7171-b062-c0a5-dbf839ac97e9;CD:E6:D3:07;0;AVIÁRIO MEIO;631,00;27/11/2025;17:08:00;20;1283-20
CO2;1283;CT-CO2-0;1f94f8ad-7171-b062-c0a5-dbf839ac97e9;CD:E6:D3:07;0;AVIÁRIO MEIO;622,00;27/11/2025;17:13:02;20;1283-20
CO2;1283;CT-CO2-0;1f94f8ad-7171-b062-c0a5-dbf839ac97e9;CD:E6:D3:07;0;AVIÁRIO MEIO;627,00;27/11/2025;17:18:34;20;1283-20
CO2;1283;CT-CO2-0;1f94f8ad-7171-b062-c0a5-dbf839ac97e9;CD:E6:D3:07;0;AVIÁRIO MEIO;636,00;27/11/2025;17:24:06;20;1283-20
CO2;1283;CT-CO2-0;1f94f8ad-7171-b062-c0a5-dbf839ac97e9;CD:E6:D3:07;0;AVIÁRIO MEIO;636,00;27/11/2025;17:29:38;20;1283-20
CO2;1283;CT-CO2-0;1f94f8ad-7171-b062-c0a5-dbf839ac97e9;CD:E6:D3:07;0;AVIÁRIO MEIO;627,00;27/11/2025;17:34:40;20;1283-20
CO2;1283;CT-CO2-0;1f94f8ad-7171-b062-c0a5-dbf839ac97e9;CD:E6:D3:07;0;AVIÁRIO MEIO;638,00;27/11/2025;17:46:15;20;1283-20
CO2;1283;CT-CO2-0;1f94f8ad-7171-b062-c0a5-dbf839ac97e9;CD:E6:D3:07;0;AVIÁRIO MEIO;636,00;27/11/2025;17:50:47;20;1283-20
CO2;1283;CT-CO2-0;1f94f8ad-7171-b062-c0a5-dbf839ac97e9;CD:E6:D3:07;0;AVIÁRIO MEIO;630,00;27/11/2025;17:56:19;20;1283-20
CO2;1283;CT-CO2-0;1f94f8ad-7171-b062-c0a5-dbf839ac97e9;CD:E6:D3:07;0;AVIÁRIO MEIO;629,00;27/11/2025;18:01:52;20;1283-20
CO2;1283;CT-CO2-0;1f94f8ad-7171-b062-c0a5-dbf839ac97e9;CD:E6:D3:07;0;AVIÁRIO MEIO;630,00;27/11/2025;18:06:54;20;1283-20
CO2;1283;CT-CO2-0;1f94f8ad-7171-b062-c0a5-dbf839ac97e9;CD:E6:D3:07;0;AVIÁRIO MEIO;633,00;27/11/2025;18:12:25;20;1283-20
CO2;1283;CT-CO2-0;1f94f8ad-7171-b062-c0a5-dbf839ac97e9;CD:E6:D3:07;0;AVIÁRIO MEIO;627,00;27/11/2025;18:17:57;20;1283-20
CO2;1283;CT-CO2-0;1f94f8ad-7171-b062-c0a5-dbf839ac97e9;CD:E6:D3:07;0;AVIÁRIO MEIO;626,00;27/11/2025;18:23:30;20;1283-20
CO2;1283;CT-CO2-0;1f94f8ad-7171-b062-c0a5-dbf839ac97e9;CD:E6:D3:07;0;AVIÁRIO MEIO;627,00;27/11/2025;18:28:31;20;1283-20
CO2;1283;CT-CO2-0;1f94f8ad-7171-b062-c0a5-dbf839ac97e9;CD:E6:D3:07;0;AVIÁRIO MEIO;620,00;27/11/2025;18:34:03;20;1283-20
CO2;1283;CT-CO2-0;1f94f8ad-7171-b062-c0a5-dbf839ac97e9;CD:E6:D3:07;0;AVIÁRIO MEIO;630,00;27/11/2025;18:39:35;20;1283-20
CO2;1283;CT-CO2-0;1f94f8ad-7171-b062-c0a5-dbf839ac97e9;CD:E6:D3:07;0;AVIÁRIO MEIO;639,00;27/11/2025;18:44:37;20;1283-20
CO2;1283;CT-CO2-0;1f94f8ad-7171-b062-c0a5-dbf839ac97e9;CD:E6:D3:07;0;AVIÁRIO MEIO;636,00;27/11/2025;18:56:13;20;1283-20
CO2;1283;CT-CO2-0;1f94f8ad-7171-b062-c0a5-dbf839ac97e9;CD:E6:D3:07;0;AVIÁRIO MEIO;635,00;27/11/2025;19:01:14;20;1283-20
CO2;1283;CT-CO2-0;1f94f8ad-7171-b062-c0a5-dbf839ac97e9;CD:E6:D3:07;0;AVIÁRIO MEIO;636,00;27/11/2025;19:06:16;20;1283-20
CO2;1283;CT-CO2-0;1f94f8ad-7171-b062-c0a5-dbf839ac97e9;CD:E6:D3:07;0;AVIÁRIO MEIO;645,00;27/11/2025;19:11:48;20;1283-20
CO2;1283;CT-CO2-0;1f94f8ad-7171-b062-c0a5-dbf839ac97e9;CD:E6:D3:07;0;AVIÁRIO MEIO;665,00;27/11/2025;19:17:20;20;1283-20
CO2;1283;CT-CO2-0;1f94f8ad-7171-b062-c0a5-dbf839ac97e9;CD:E6:D3:07;0;AVIÁRIO MEIO;673,00;27/11/2025;19:22:22;20;1283-20
CO2;1283;CT-CO2-0;1f94f8ad-7171-b062-c0a5-dbf839ac97e9;CD:E6:D3:07;0;AVIÁRIO MEIO;669,00;27/11/2025;19:27:54;20;1283-20
CO2;1283;CT-CO2-0;1f94f8ad-7171-b062-c0a5-dbf839ac97e9;CD:E6:D3:07;0;AVIÁRIO MEIO;675,00;27/11/2025;19:33:32;20;1283-20
CO2;1283;CT-CO2-0;1f94f8ad-7171-b062-c0a5-dbf839ac97e9;CD:E6:D3:07;0;AVIÁRIO MEIO;654,00;27/11/2025;19:38:34;20;1283-20
CO2;1283;CT-CO2-0;1f94f8ad-7171-b062-c0a5-dbf839ac97e9;CD:E6:D3:07;0;AVIÁRIO MEIO;659,00;27/11/2025;19:44:06;20;1283-20
CO2;1283;CT-CO2-0;1f94f8ad-7171-b062-c0a5-dbf839ac97e9;CD:E6:D3:07;0;AVIÁRIO MEIO;673,00;27/11/2025;19:49:38;20;1283-20
CO2;1283;CT-CO2-0;1f94f8ad-7171-b062-c0a5-dbf839ac97e9;CD:E6:D3:07;0;AVIÁRIO MEIO;668,00;27/11/2025;20:00:14;20;1283-20
CO2;1283;CT-CO2-0;1f94f8ad-7171-b062-c0a5-dbf839ac97e9;CD:E6:D3:07;0;AVIÁRIO MEIO;637,00;27/11/2025;20:06:18;20;1283-20
CO2;1283;CT-CO2-0;1f94f8ad-7171-b062-c0a5-dbf839ac97e9;CD:E6:D3:07;0;AVIÁRIO MEIO;624,00;27/11/2025;20:11:20;20;1283-20
CO2;1283;CT-CO2-0;1f94f8ad-7171-b062-c0a5-dbf839ac97e9;CD:E6:D3:07;0;AVIÁRIO MEIO;679,00;27/11/2025;20:16:24;20;1283-20
CO2;1283;CT-CO2-0;1f94f8ad-7171-b062-c0a5-dbf839ac97e9;CD:E6:D3:07;0;AVIÁRIO MEIO;661,00;27/11/2025;20:21:56;20;1283-20
CO2;1283;CT-CO2-0;1f94f8ad-7171-b062-c0a5-dbf839ac97e9;CD:E6:D3:07;0;AVIÁRIO MEIO;642,00;27/11/2025;20:27:28;20;1283-20
CO2;1283;CT-CO2-0;1f94f8ad-7171-b062-c0a5-dbf839ac97e9;CD:E6:D3:07;0;AVIÁRIO MEIO;648,00;27/11/2025;20:32:31;20;1283-20
CO2;1283;CT-CO2-0;1f94f8ad-7171-b062-c0a5-dbf839ac97e9;CD:E6:D3:07;0;AVIÁRIO MEIO;654,00;27/11/2025;20:38:04;20;1283-20
CO2;1283;CT-CO2-0;1f94f8ad-7171-b062-c0a5-dbf839ac97e9;CD:E6:D3:07;0;AVIÁRIO MEIO;663,00;27/11/2025;20:43:37;20;1283-20
CO2;1283;CT-CO2-0;1f94f8ad-7171-b062-c0a5-dbf839ac97e9;CD:E6:D3:07;0;AVIÁRIO MEIO;667,00;27/11/2025;20:48:39;20;1283-20
CO2;1283;CT-CO2-0;1f94f8ad-7171-b062-c0a5-dbf839ac97e9;CD:E6:D3:07;0;AVIÁRIO MEIO;640,00;27/11/2025;20:54:11;20;1283-20
CO2;1283;CT-CO2-0;1f94f8ad-7171-b062-c0a5-dbf839ac97e9;CD:E6:D3:07;0;AVIÁRIO MEIO;665,00;27/11/2025;20:59:43;20;1283-20
CO2;1283;CT-CO2-0;1f94f8ad-7171-b062-c0a5-dbf839ac97e9;CD:E6:D3:07;0;AVIÁRIO MEIO;668,00;27/11/2025;21:06:15;20;1283-20
CO2;1283;CT-CO2-0;1f94f8ad-7171-b062-c0a5-dbf839ac97e9;CD:E6:D3:07;0;AVIÁRIO MEIO;660,00;27/11/2025;21:12:18;20;1283-20
CO2;1283;CT-CO2-0;1f94f8ad-7171-b062-c0a5-dbf839ac97e9;CD:E6:D3:07;0;AVIÁRIO MEIO;673,00;27/11/2025;21:17:21;20;1283-20
CO2;1283;CT-CO2-0;1f94f8ad-7171-b062-c0a5-dbf839ac97e9;CD:E6:D3:07;0;AVIÁRIO MEIO;653,00;27/11/2025;21:22:23;20;1283-20
CO2;1283;CT-CO2-0;1f94f8ad-7171-b062-c0a5-dbf839ac97e9;CD:E6:D3:07;0;AVIÁRIO MEIO;667,00;27/11/2025;21:27:56;20;1283-20
CO2;1283;CT-CO2-0;1f94f8ad-7171-b062-c0a5-dbf839ac97e9;CD:E6:D3:07;0;AVIÁRIO MEIO;667,00;27/11/2025;21:33:28;20;1283-20
CO2;1283;CT-CO2-0;1f94f8ad-7171-b062-c0a5-dbf839ac97e9;CD:E6:D3:07;0;AVIÁRIO MEIO;653,00;27/11/2025;21:38:29;20;1283-20
CO2;1283;CT-CO2-0;1f94f8ad-7171-b062-c0a5-dbf839ac97e9;CD:E6:D3:07;0;AVIÁRIO MEIO;661,00;27/11/2025;21:44:02;20;1283-20
CO2;1283;CT-CO2-0;1f94f8ad-7171-b062-c0a5-dbf839ac97e9;CD:E6:D3:07;0;AVIÁRIO MEIO;650,00;27/11/2025;21:49:34;20;1283-20
CO2;1283;CT-CO2-0;1f94f8ad-7171-b062-c0a5-dbf839ac97e9;CD:E6:D3:07;0;AVIÁRIO MEIO;665,00;27/11/2025;21:55:06;20;1283-20
CO2;1283;CT-CO2-0;1f94f8ad-7171-b062-c0a5-dbf839ac97e9;CD:E6:D3:07;0;AVIÁRIO MEIO;653,00;27/11/2025;22:05:41;20;1283-20
CO2;1283;CT-CO2-0;1f94f8ad-7171-b062-c0a5-dbf839ac97e9;CD:E6:D3:07;0;AVIÁRIO MEIO;652,00;27/11/2025;22:11:13;20;1283-20
CO2;1283;CT-CO2-0;1f94f8ad-7171-b062-c0a5-dbf839ac97e9;CD:E6:D3:07;0;AVIÁRIO MEIO;641,00;27/11/2025;22:16:14;20;1283-20
CO2;1283;CT-CO2-0;1f94f8ad-7171-b062-c0a5-dbf839ac97e9;CD:E6:D3:07;0;AVIÁRIO MEIO;638,00;27/11/2025;22:22:17;20;1283-20
CO2;1283;CT-CO2-0;1f94f8ad-7171-b062-c0a5-dbf839ac97e9;CD:E6:D3:07;0;AVIÁRIO MEIO;645,00;27/11/2025;22:27:19;20;1283-20
CO2;1283;CT-CO2-0;1f94f8ad-7171-b062-c0a5-dbf839ac97e9;CD:E6:D3:07;0;AVIÁRIO MEIO;653,00;27/11/2025;22:32:51;20;1283-20
CO2;1283;CT-CO2-0;1f94f8ad-7171-b062-c0a5-dbf839ac97e9;CD:E6:D3:07;0;AVIÁRIO MEIO;650,00;27/11/2025;22:37:53;20;1283-20
CO2;1283;CT-CO2-0;1f94f8ad-7171-b062-c0a5-dbf839ac97e9;CD:E6:D3:07;0;AVIÁRIO MEIO;662,00;27/11/2025;22:43:24;20;1283-20
CO2;1283;CT-CO2-0;1f94f8ad-7171-b062-c0a5-dbf839ac97e9;CD:E6:D3:07;0;AVIÁRIO MEIO;651,00;27/11/2025;22:48:57;20;1283-20
CO2;1283;CT-CO2-0;1f94f8ad-7171-b062-c0a5-dbf839ac97e9;CD:E6:D3:07;0;AVIÁRIO MEIO;658,00;27/11/2025;22:53:59;20;1283-20
CO2;1283;CT-CO2-0;1f94f8ad-7171-b062-c0a5-dbf839ac97e9;CD:E6:D3:07;0;AVIÁRIO MEIO;663,00;27/11/2025;22:59:31;20;1283-20
CO2;1283;CT-CO2-0;1f94f8ad-7171-b062-c0a5-dbf839ac97e9;CD:E6:D3:07;0;AVIÁRIO MEIO;682,00;27/11/2025;23:05:09;20;1283-20
CO2;1283;CT-CO2-0;1f94f8ad-7171-b062-c0a5-dbf839ac97e9;CD:E6:D3:07;0;AVIÁRIO MEIO;711,00;27/11/2025;23:15:50;20;1283-20
CO2;1283;CT-CO2-0;1f94f8ad-7171-b062-c0a5-dbf839ac97e9;CD:E6:D3:07;0;AVIÁRIO MEIO;714,00;27/11/2025;23:20:52;20;1283-20
CO2;1283;CT-CO2-0;1f94f8ad-7171-b062-c0a5-dbf839ac97e9;CD:E6:D3:07;0;AVIÁRIO MEIO;700,00;27/11/2025;23:26:25;20;1283-20
CO2;1283;CT-CO2-0;1f94f8ad-7171-b062-c0a5-dbf839ac97e9;CD:E6:D3:07;0;AVIÁRIO MEIO;700,00;27/11/2025;23:32:29;20;1283-20
CO2;1283;CT-CO2-0;1f94f8ad-7171-b062-c0a5-dbf839ac97e9;CD:E6:D3:07;0;AVIÁRIO MEIO;685,00;27/11/2025;23:37:02;20;1283-20
CO2;1283;CT-CO2-0;1f94f8ad-7171-b062-c0a5-dbf839ac97e9;CD:E6:D3:07;0;AVIÁRIO MEIO;690,00;27/11/2025;23:42:34;20;1283-20
CO2;1283;CT-CO2-0;1f94f8ad-7171-b062-c0a5-dbf839ac97e9;CD:E6:D3:07;0;AVIÁRIO MEIO;667,00;27/11/2025;23:48:06;20;1283-20
CO2;1283;CT-CO2-0;1f94f8ad-7171-b062-c0a5-dbf839ac97e9;CD:E6:D3:07;0;AVIÁRIO MEIO;649,00;27/11/2025;23:53:38;20;1283-20
CO2;1283;CT-CO2-0;1f94f8ad-7171-b062-c0a5-dbf839ac97e9;CD:E6:D3:07;0;AVIÁRIO MEIO;656,00;27/11/2025;23:58:40;20;1283-20
CO2;1283;CT-CO2-0;1f94f8ad-7171-b062-c0a5-dbf839ac97e9;CD:E6:D3:07;0;AVIÁRIO MEIO;657,00;28/11/2025;00:04:12;20;1283-20
CO2;1283;CT-CO2-0;1f94f8ad-7171-b062-c0a5-dbf839ac97e9;CD:E6:D3:07;0;AVIÁRIO MEIO;643,00;28/11/2025;00:09:44;20;1283-20
CO2;1283;CT-CO2-0;1f94f8ad-7171-b062-c0a5-dbf839ac97e9;CD:E6:D3:07;0;AVIÁRIO MEIO;653,00;28/11/2025;00:14:46;20;1283-20
CO2;1283;CT-CO2-0;1f94f8ad-7171-b062-c0a5-dbf839ac97e9;CD:E6:D3:07;0;AVIÁRIO MEIO;645,00;28/11/2025;00:20:19;20;1283-20
CO2;1283;CT-CO2-0;1f94f8ad-7171-b062-c0a5-dbf839ac97e9;CD:E6:D3:07;0;AVIÁRIO MEIO;642,00;28/11/2025;00:25:52;20;1283-20
CO2;1283;CT-CO2-0;1f94f8ad-7171-b062-c0a5-dbf839ac97e9;CD:E6:D3:07;0;AVIÁRIO MEIO;634,00;28/11/2025;00:30:55;20;1283-20
CO2;1283;CT-CO2-0;1f94f8ad-7171-b062-c0a5-dbf839ac97e9;CD:E6:D3:07;0;AVIÁRIO MEIO;655,00;28/11/2025;00:36:27;20;1283-20
CO2;1283;CT-CO2-0;1f94f8ad-7171-b062-c0a5-dbf839ac97e9;CD:E6:D3:07;0;AVIÁRIO MEIO;644,00;28/11/2025;00:42:30;20;1283-20
CO2;1283;CT-CO2-0;1f94f8ad-7171-b062-c0a5-dbf839ac97e9;CD:E6:D3:07;0;AVIÁRIO MEIO;657,00;28/11/2025;00:47:32;20;1283-20
CO2;1283;CT-CO2-0;1f94f8ad-7171-b062-c0a5-dbf839ac97e9;CD:E6:D3:07;0;AVIÁRIO MEIO;649,00;28/11/2025;00:52:34;20;1283-20
CO2;1283;CT-CO2-0;1f94f8ad-7171-b062-c0a5-dbf839ac97e9;CD:E6:D3:07;0;AVIÁRIO MEIO;655,00;28/11/2025;00:58:06;20;1283-20
CO2;1283;CT-CO2-0;1f94f8ad-7171-b062-c0a5-dbf839ac97e9;CD:E6:D3:07;0;AVIÁRIO MEIO;652,00;28/11/2025;01:03:38;20;1283-20
CO2;1283;CT-CO2-0;1f94f8ad-7171-b062-c0a5-dbf839ac97e9;CD:E6:D3:07;0;AVIÁRIO MEIO;688,00;28/11/2025;01:08:40;20;1283-20
CO2;1283;CT-CO2-0;1f94f8ad-7171-b062-c0a5-dbf839ac97e9;CD:E6:D3:07;0;AVIÁRIO MEIO;665,00;28/11/2025;01:14:12;20;1283-20
CO2;1283;CT-CO2-0;1f94f8ad-7171-b062-c0a5-dbf839ac97e9;CD:E6:D3:07;0;AVIÁRIO MEIO;675,00;28/11/2025;01:19:44;20;1283-20
CO2;1283;CT-CO2-0;1f94f8ad-7171-b062-c0a5-dbf839ac97e9;CD:E6:D3:07;0;AVIÁRIO MEIO;681,00;28/11/2025;01:24:46;20;1283-20
CO2;1283;CT-CO2-0;1f94f8ad-7171-b062-c0a5-dbf839ac97e9;CD:E6:D3:07;0;AVIÁRIO MEIO;683,00;28/11/2025;01:30:19;20;1283-20
CO2;1283;CT-CO2-0;1f94f8ad-7171-b062-c0a5-dbf839ac97e9;CD:E6:D3:07;0;AVIÁRIO MEIO;682,00;28/11/2025;01:35:51;20;1283-20
CO2;1283;CT-CO2-0;1f94f8ad-7171-b062-c0a5-dbf839ac97e9;CD:E6:D3:07;0;AVIÁRIO MEIO;684,00;28/11/2025;01:41:23;20;1283-20
CO2;1283;CT-CO2-0;1f94f8ad-7171-b062-c0a5-dbf839ac97e9;CD:E6:D3:07;0;AVIÁRIO MEIO;688,00;28/11/2025;01:46:25;20;1283-20
CO2;1283;CT-CO2-0;1f94f8ad-7171-b062-c0a5-dbf839ac97e9;CD:E6:D3:07;0;AVIÁRIO MEIO;694,00;28/11/2025;01:52:28;20;1283-20
CO2;1283;CT-CO2-0;1f94f8ad-7171-b062-c0a5-dbf839ac97e9;CD:E6:D3:07;0;AVIÁRIO MEIO;698,00;28/11/2025;01:57:30;20;1283-20
CO2;1283;CT-CO2-0;1f94f8ad-7171-b062-c0a5-dbf839ac97e9;CD:E6:D3:07;0;AVIÁRIO MEIO;696,00;28/11/2025;02:02:32;20;1283-20
CO2;1283;CT-CO2-0;1f94f8ad-7171-b062-c0a5-dbf839ac97e9;CD:E6:D3:07;0;AVIÁRIO MEIO;699,00;28/11/2025;02:08:04;20;1283-20
CO2;1283;CT-CO2-0;1f94f8ad-7171-b062-c0a5-dbf839ac97e9;CD:E6:D3:07;0;AVIÁRIO MEIO;703,00;28/11/2025;02:13:36;20;1283-20
CO2;1283;CT-CO2-0;1f94f8ad-7171-b062-c0a5-dbf839ac97e9;CD:E6:D3:07;0;AVIÁRIO MEIO;701,00;28/11/2025;02:18:38;20;1283-20
CO2;1283;CT-CO2-0;1f94f8ad-7171-b062-c0a5-dbf839ac97e9;CD:E6:D3:07;0;AVIÁRIO MEIO;693,00;28/11/2025;02:24:10;20;1283-20
CO2;1283;CT-CO2-0;1f94f8ad-7171-b062-c0a5-dbf839ac97e9;CD:E6:D3:07;0;AVIÁRIO MEIO;754,00;28/11/2025;02:29:42;20;1283-20
CO2;1283;CT-CO2-0;1f94f8ad-7171-b062-c0a5-dbf839ac97e9;CD:E6:D3:07;0;AVIÁRIO MEIO;725,00;28/11/2025;02:34:44;20;1283-20
CO2;1283;CT-CO2-0;1f94f8ad-7171-b062-c0a5-dbf839ac97e9;CD:E6:D3:07;0;AVIÁRIO MEIO;753,00;28/11/2025;02:40:17;20;1283-20
CO2;1283;CT-CO2-0;1f94f8ad-7171-b062-c0a5-dbf839ac97e9;CD:E6:D3:07;0;AVIÁRIO MEIO;763,00;28/11/2025;02:45:49;20;1283-20
CO2;1283;CT-CO2-0;1f94f8ad-7171-b062-c0a5-dbf839ac97e9;CD:E6:D3:07;0;AVIÁRIO MEIO;756,00;28/11/2025;02:51:21;20;1283-20
CO2;1283;CT-CO2-0;1f94f8ad-7171-b062-c0a5-dbf839ac97e9;CD:E6:D3:07;0;AVIÁRIO MEIO;758,00;28/11/2025;02:56:23;20;1283-20
CO2;1283;CT-CO2-0;1f94f8ad-7171-b062-c0a5-dbf839ac97e9;CD:E6:D3:07;0;AVIÁRIO MEIO;756,00;28/11/2025;03:02:27;20;1283-20
CO2;1283;CT-CO2-0;1f94f8ad-7171-b062-c0a5-dbf839ac97e9;CD:E6:D3:07;0;AVIÁRIO MEIO;762,00;28/11/2025;03:07:30;20;1283-20
CO2;1283;CT-CO2-0;1f94f8ad-7171-b062-c0a5-dbf839ac97e9;CD:E6:D3:07;0;AVIÁRIO MEIO;783,00;28/11/2025;03:12:33;20;1283-20
CO2;1283;CT-CO2-0;1f94f8ad-7171-b062-c0a5-dbf839ac97e9;CD:E6:D3:07;0;AVIÁRIO MEIO;763,00;28/11/2025;03:18:04;20;1283-20
CO2;1283;CT-CO2-0;1f94f8ad-7171-b062-c0a5-dbf839ac97e9;CD:E6:D3:07;0;AVIÁRIO MEIO;758,00;28/11/2025;03:23:36;20;1283-20
CO2;1283;CT-CO2-0;1f94f8ad-7171-b062-c0a5-dbf839ac97e9;CD:E6:D3:07;0;AVIÁRIO MEIO;784,00;28/11/2025;03:28:38;20;1283-20
CO2;1283;CT-CO2-0;1f94f8ad-7171-b062-c0a5-dbf839ac97e9;CD:E6:D3:07;0;AVIÁRIO MEIO;755,00;28/11/2025;03:34:11;20;1283-20
CO2;1283;CT-CO2-0;1f94f8ad-7171-b062-c0a5-dbf839ac97e9;CD:E6:D3:07;0;AVIÁRIO MEIO;739,00;28/11/2025;03:39:43;20;1283-20
CO2;1283;CT-CO2-0;1f94f8ad-7171-b062-c0a5-dbf839ac97e9;CD:E6:D3:07;0;AVIÁRIO MEIO;750,00;28/11/2025;03:44:45;20;1283-20
CO2;1283;CT-CO2-0;1f94f8ad-7171-b062-c0a5-dbf839ac97e9;CD:E6:D3:07;0;AVIÁRIO MEIO;760,00;28/11/2025;03:55:48;20;1283-20
CO2;1283;CT-CO2-0;1f94f8ad-7171-b062-c0a5-dbf839ac97e9;CD:E6:D3:07;0;AVIÁRIO MEIO;726,00;28/11/2025;04:01:20;20;1283-20
CO2;1283;CT-CO2-0;1f94f8ad-7171-b062-c0a5-dbf839ac97e9;CD:E6:D3:07;0;AVIÁRIO MEIO;722,00;28/11/2025;04:06:22;20;1283-20
CO2;1283;CT-CO2-0;1f94f8ad-7171-b062-c0a5-dbf839ac97e9;CD:E6:D3:07;0;AVIÁRIO MEIO;749,00;28/11/2025;04:12:25;20;1283-20
CO2;1283;CT-CO2-0;1f94f8ad-7171-b062-c0a5-dbf839ac97e9;CD:E6:D3:07;0;AVIÁRIO MEIO;752,00;28/11/2025;04:17:28;20;1283-20
CO2;1283;CT-CO2-0;1f94f8ad-7171-b062-c0a5-dbf839ac97e9;CD:E6:D3:07;0;AVIÁRIO MEIO;716,00;28/11/2025;04:22:30;20;1283-20
CO2;1283;CT-CO2-0;1f94f8ad-7171-b062-c0a5-dbf839ac97e9;CD:E6:D3:07;0;AVIÁRIO MEIO;725,00;28/11/2025;04:28:04;20;1283-20
CO2;1283;CT-CO2-0;1f94f8ad-7171-b062-c0a5-dbf839ac97e9;CD:E6:D3:07;0;AVIÁRIO MEIO;737,00;28/11/2025;04:33:37;20;1283-20
CO2;1283;CT-CO2-0;1f94f8ad-7171-b062-c0a5-dbf839ac97e9;CD:E6:D3:07;0;AVIÁRIO MEIO;743,00;28/11/2025;04:38:38;20;1283-20
CO2;1283;CT-CO2-0;1f94f8ad-7171-b062-c0a5-dbf839ac97e9;CD:E6:D3:07;0;AVIÁRIO MEIO;758,00;28/11/2025;04:44:10;20;1283-20
CO2;1283;CT-CO2-0;1f94f8ad-7171-b062-c0a5-dbf839ac97e9;CD:E6:D3:07;0;AVIÁRIO MEIO;758,00;28/11/2025;04:49:42;20;1283-20
CO2;1283;CT-CO2-0;1f94f8ad-7171-b062-c0a5-dbf839ac97e9;CD:E6:D3:07;0;AVIÁRIO MEIO;767,00;28/11/2025;04:55:14;20;1283-20
CO2;1283;CT-CO2-0;1f94f8ad-7171-b062-c0a5-dbf839ac97e9;CD:E6:D3:07;0;AVIÁRIO MEIO;773,00;28/11/2025;05:05:48;20;1283-20
CO2;1283;CT-CO2-0;1f94f8ad-7171-b062-c0a5-dbf839ac97e9;CD:E6:D3:07;0;AVIÁRIO MEIO;791,00;28/11/2025;05:11:19;20;1283-20
CO2;1283;CT-CO2-0;1f94f8ad-7171-b062-c0a5-dbf839ac97e9;CD:E6:D3:07;0;AVIÁRIO MEIO;810,00;28/11/2025;05:16:21;20;1283-20
CO2;1283;CT-CO2-0;1f94f8ad-7171-b062-c0a5-dbf839ac97e9;CD:E6:D3:07;0;AVIÁRIO MEIO;814,00;28/11/2025;05:22:24;20;1283-20
CO2;1283;CT-CO2-0;1f94f8ad-7171-b062-c0a5-dbf839ac97e9;CD:E6:D3:07;0;AVIÁRIO MEIO;806,00;28/11/2025;05:27:26;20;1283-20
CO2;1283;CT-CO2-0;1f94f8ad-7171-b062-c0a5-dbf839ac97e9;CD:E6:D3:07;0;AVIÁRIO MEIO;804,00;28/11/2025;05:32:58;20;1283-20
CO2;1283;CT-CO2-0;1f94f8ad-7171-b062-c0a5-dbf839ac97e9;CD:E6:D3:07;0;AVIÁRIO MEIO;797,00;28/11/2025;05:38:00;20;1283-20
CO2;1283;CT-CO2-0;1f94f8ad-7171-b062-c0a5-dbf839ac97e9;CD:E6:D3:07;0;AVIÁRIO MEIO;811,00;28/11/2025;05:43:32;20;1283-20
CO2;1283;CT-CO2-0;1f94f8ad-7171-b062-c0a5-dbf839ac97e9;CD:E6:D3:07;0;AVIÁRIO MEIO;799,00;28/11/2025;05:49:04;20;1283-20
CO2;1283;CT-CO2-0;1f94f8ad-7171-b062-c0a5-dbf839ac97e9;CD:E6:D3:07;0;AVIÁRIO MEIO;839,00;28/11/2025;05:54:07;20;1283-20
CO2;1283;CT-CO2-0;1f94f8ad-7171-b062-c0a5-dbf839ac97e9;CD:E6:D3:07;0;AVIÁRIO MEIO;841,00;28/11/2025;05:59:44;20;1283-20
CO2;1283;CT-CO2-0;1f94f8ad-7171-b062-c0a5-dbf839ac97e9;CD:E6:D3:07;0;AVIÁRIO MEIO;846,00;28/11/2025;06:05:17;20;1283-20
CO2;1283;CT-CO2-0;1f94f8ad-7171-b062-c0a5-dbf839ac97e9;CD:E6:D3:07;0;AVIÁRIO MEIO;830,00;28/11/2025;06:15:51;20;1283-20
CO2;1283;CT-CO2-0;1f94f8ad-7171-b062-c0a5-dbf839ac97e9;CD:E6:D3:07;0;AVIÁRIO MEIO;813,00;28/11/2025;06:21:23;20;1283-20
CO2;1283;CT-CO2-0;1f94f8ad-7171-b062-c0a5-dbf839ac97e9;CD:E6:D3:07;0;AVIÁRIO MEIO;817,00;28/11/2025;06:26:25;20;1283-20
CO2;1283;CT-CO2-0;1f94f8ad-7171-b062-c0a5-dbf839ac97e9;CD:E6:D3:07;0;AVIÁRIO MEIO;813,00;28/11/2025;06:32:30;20;1283-20
CO2;1283;CT-CO2-0;1f94f8ad-7171-b062-c0a5-dbf839ac97e9;CD:E6:D3:07;0;AVIÁRIO MEIO;824,00;28/11/2025;06:37:32;20;1283-20
CO2;1283;CT-CO2-0;1f94f8ad-7171-b062-c0a5-dbf839ac97e9;CD:E6:D3:07;0;AVIÁRIO MEIO;814,00;28/11/2025;06:42:34;20;1283-20
CO2;1283;CT-CO2-0;1f94f8ad-7171-b062-c0a5-dbf839ac97e9;CD:E6:D3:07;0;AVIÁRIO MEIO;794,00;28/11/2025;06:48:05;20;1283-20
CO2;1283;CT-CO2-0;1f94f8ad-7171-b062-c0a5-dbf839ac97e9;CD:E6:D3:07;0;AVIÁRIO MEIO;802,00;28/11/2025;06:53:37;20;1283-20
CO2;1283;CT-CO2-0;1f94f8ad-7171-b062-c0a5-dbf839ac97e9;CD:E6:D3:07;0;AVIÁRIO MEIO;797,00;28/11/2025;06:59:09;20;1283-20
CO2;1283;CT-CO2-0;1f94f8ad-7171-b062-c0a5-dbf839ac97e9;CD:E6:D3:07;0;AVIÁRIO MEIO;827,00;28/11/2025;07:04:11;20;1283-20
CO2;1283;CT-CO2-0;1f94f8ad-7171-b062-c0a5-dbf839ac97e9;CD:E6:D3:07;0;AVIÁRIO MEIO;781,00;28/11/2025;07:09:44;20;1283-20
CO2;1283;CT-CO2-0;1f94f8ad-7171-b062-c0a5-dbf839ac97e9;CD:E6:D3:07;0;AVIÁRIO MEIO;739,00;28/11/2025;07:20:20;20;1283-20
CO2;1283;CT-CO2-0;1f94f8ad-7171-b062-c0a5-dbf839ac97e9;CD:E6:D3:07;0;AVIÁRIO MEIO;733,00;28/11/2025;07:25:52;20;1283-20
CO2;1283;CT-CO2-0;1f94f8ad-7171-b062-c0a5-dbf839ac97e9;CD:E6:D3:07;0;AVIÁRIO MEIO;802,00;28/11/2025;07:31:24;20;1283-20
CO2;1283;CT-CO2-0;1f94f8ad-7171-b062-c0a5-dbf839ac97e9;CD:E6:D3:07;0;AVIÁRIO MEIO;670,00;28/11/2025;07:36:26;20;1283-20
CO2;1283;CT-CO2-0;1f94f8ad-7171-b062-c0a5-dbf839ac97e9;CD:E6:D3:07;0;AVIÁRIO MEIO;677,00;28/11/2025;07:42:30;20;1283-20
CO2;1283;CT-CO2-0;1f94f8ad-7171-b062-c0a5-dbf839ac97e9;CD:E6:D3:07;0;AVIÁRIO MEIO;665,00;28/11/2025;07:47:32;20;1283-20
CO2;1283;CT-CO2-0;1f94f8ad-7171-b062-c0a5-dbf839ac97e9;CD:E6:D3:07;0;AVIÁRIO MEIO;663,00;28/11/2025;07:52:33;20;1283-20
CO2;1283;CT-CO2-0;1f94f8ad-7171-b062-c0a5-dbf839ac97e9;CD:E6:D3:07;0;AVIÁRIO MEIO;657,00;28/11/2025;07:58:06;20;1283-20
CO2;1283;CT-CO2-0;1f94f8ad-7171-b062-c0a5-dbf839ac97e9;CD:E6:D3:07;0;AVIÁRIO MEIO;654,00;28/11/2025;08:03:38;20;1283-20
CO2;1283;CT-CO2-0;1f94f8ad-7171-b062-c0a5-dbf839ac97e9;CD:E6:D3:07;0;AVIÁRIO MEIO;649,00;28/11/2025;08:08:40;20;1283-20
CO2;1283;CT-CO2-0;1f94f8ad-7171-b062-c0a5-dbf839ac97e9;CD:E6:D3:07;0;AVIÁRIO MEIO;662,00;28/11/2025;08:14:12;20;1283-20
CO2;1283;CT-CO2-0;1f94f8ad-7171-b062-c0a5-dbf839ac97e9;CD:E6:D3:07;0;AVIÁRIO MEIO;665,00;28/11/2025;08:19:44;20;1283-20
CO2;1283;CT-CO2-0;1f94f8ad-7171-b062-c0a5-dbf839ac97e9;CD:E6:D3:07;0;AVIÁRIO MEIO;664,00;28/11/2025;08:24:48;20;1283-20
CO2;1283;CT-CO2-0;1f94f8ad-7171-b062-c0a5-dbf839ac97e9;CD:E6:D3:07;0;AVIÁRIO MEIO;674,00;28/11/2025;08:30:20;20;1283-20
CO2;1283;CT-CO2-0;1f94f8ad-7171-b062-c0a5-dbf839ac97e9;CD:E6:D3:07;0;AVIÁRIO MEIO;803,00;28/11/2025;08:35:21;20;1283-20
CO2;1283;CT-CO2-0;1f94f8ad-7171-b062-c0a5-dbf839ac97e9;CD:E6:D3:07;0;AVIÁRIO MEIO;714,00;28/11/2025;08:40:53;20;1283-20
CO2;1283;CT-CO2-0;1f94f8ad-7171-b062-c0a5-dbf839ac97e9;CD:E6:D3:07;0;AVIÁRIO MEIO;648,00;28/11/2025;08:46:26;20;1283-20
CO2;1283;CT-CO2-0;1f94f8ad-7171-b062-c0a5-dbf839ac97e9;CD:E6:D3:07;0;AVIÁRIO MEIO;664,00;28/11/2025;08:52:00;20;1283-20
CO2;1283;CT-CO2-0;1f94f8ad-7171-b062-c0a5-dbf839ac97e9;CD:E6:D3:07;0;AVIÁRIO MEIO;658,00;28/11/2025;08:57:02;20;1283-20
CO2;1283;CT-CO2-0;1f94f8ad-7171-b062-c0a5-dbf839ac97e9;CD:E6:D3:07;0;AVIÁRIO MEIO;658,00;28/11/2025;09:02:33;20;1283-20
CO2;1283;CT-CO2-0;1f94f8ad-7171-b062-c0a5-dbf839ac97e9;CD:E6:D3:07;0;AVIÁRIO MEIO;658,00;28/11/2025;09:07:35;20;1283-20
CO2;1283;CT-CO2-0;1f94f8ad-7171-b062-c0a5-dbf839ac97e9;CD:E6:D3:07;0;AVIÁRIO MEIO;652,00;28/11/2025;09:13:08;20;1283-20
CO2;1283;CT-CO2-0;1f94f8ad-7171-b062-c0a5-dbf839ac97e9;CD:E6:D3:07;0;AVIÁRIO MEIO;661,00;28/11/2025;09:18:40;20;1283-20
CO2;1283;CT-CO2-0;1f94f8ad-7171-b062-c0a5-dbf839ac97e9;CD:E6:D3:07;0;AVIÁRIO MEIO;645,00;28/11/2025;09:23:42;20;1283-20
CO2;1283;CT-CO2-0;1f94f8ad-7171-b062-c0a5-dbf839ac97e9;CD:E6:D3:07;0;AVIÁRIO MEIO;673,00;28/11/2025;09:29:14;20;1283-20
CO2;1283;CT-CO2-0;1f94f8ad-7171-b062-c0a5-dbf839ac97e9;CD:E6:D3:07;0;AVIÁRIO MEIO;667,00;28/11/2025;09:34:46;20;1283-20
CO2;1283;CT-CO2-0;1f94f8ad-7171-b062-c0a5-dbf839ac97e9;CD:E6:D3:07;0;AVIÁRIO MEIO;673,00;28/11/2025;09:39:48;20;1283-20
CO2;1283;CT-CO2-0;1f94f8ad-7171-b062-c0a5-dbf839ac97e9;CD:E6:D3:07;0;AVIÁRIO MEIO;674,00;28/11/2025;09:50:52;20;1283-20
CO2;1283;CT-CO2-0;1f94f8ad-7171-b062-c0a5-dbf839ac97e9;CD:E6:D3:07;0;AVIÁRIO MEIO;639,00;28/11/2025;09:55:54;20;1283-20
CO2;1283;CT-CO2-0;1f94f8ad-7171-b062-c0a5-dbf839ac97e9;CD:E6:D3:07;0;AVIÁRIO MEIO;644,00;28/11/2025;10:02:00;20;1283-20
CO2;1283;CT-CO2-0;1f94f8ad-7171-b062-c0a5-dbf839ac97e9;CD:E6:D3:07;0;AVIÁRIO MEIO;649,00;28/11/2025;10:07:02;20;1283-20
CO2;1283;CT-CO2-0;1f94f8ad-7171-b062-c0a5-dbf839ac97e9;CD:E6:D3:07;0;AVIÁRIO MEIO;658,00;28/11/2025;10:12:04;20;1283-20
CO2;1283;CT-CO2-0;1f94f8ad-7171-b062-c0a5-dbf839ac97e9;CD:E6:D3:07;0;AVIÁRIO MEIO;647,00;28/11/2025;10:17:37;20;1283-20
CO2;1283;CT-CO2-0;1f94f8ad-7171-b062-c0a5-dbf839ac97e9;CD:E6:D3:07;0;AVIÁRIO MEIO;642,00;28/11/2025;10:23:08;20;1283-20
CO2;1283;CT-CO2-0;1f94f8ad-7171-b062-c0a5-dbf839ac97e9;CD:E6:D3:07;0;AVIÁRIO MEIO;659,00;28/11/2025;10:28:10;20;1283-20
CO2;1283;CT-CO2-0;1f94f8ad-7171-b062-c0a5-dbf839ac97e9;CD:E6:D3:07;0;AVIÁRIO MEIO;645,00;28/11/2025;10:33:42;20;1283-20
CO2;1283;CT-CO2-0;1f94f8ad-7171-b062-c0a5-dbf839ac97e9;CD:E6:D3:07;0;AVIÁRIO MEIO;649,00;28/11/2025;10:39:15;20;1283-20
CO2;1283;CT-CO2-0;1f94f8ad-7171-b062-c0a5-dbf839ac97e9;CD:E6:D3:07;0;AVIÁRIO MEIO;640,00;28/11/2025;10:44:17;20;1283-20
CO2;1283;CT-CO2-0;1f94f8ad-7171-b062-c0a5-dbf839ac97e9;CD:E6:D3:07;0;AVIÁRIO MEIO;652,00;28/11/2025;10:49:50;20;1283-20
CO2;1283;CT-CO2-0;1f94f8ad-7171-b062-c0a5-dbf839ac97e9;CD:E6:D3:07;0;AVIÁRIO MEIO;640,00;28/11/2025;10:55:22;20;1283-20
CO2;1283;CT-CO2-0;1f94f8ad-7171-b062-c0a5-dbf839ac97e9;CD:E6:D3:07;0;AVIÁRIO MEIO;647,00;28/11/2025;11:00:23;20;1283-20
CO2;1283;CT-CO2-0;1f94f8ad-7171-b062-c0a5-dbf839ac97e9;CD:E6:D3:07;0;AVIÁRIO MEIO;663,00;28/11/2025;11:05:59;20;1283-20
CO2;1283;CT-CO2-0;1f94f8ad-7171-b062-c0a5-dbf839ac97e9;CD:E6:D3:07;0;AVIÁRIO MEIO;648,00;28/11/2025;11:11:33;20;1283-20
CO2;1283;CT-CO2-0;1f94f8ad-7171-b062-c0a5-dbf839ac97e9;CD:E6:D3:07;0;AVIÁRIO MEIO;645,00;28/11/2025;11:16:35;20;1283-20
CO2;1283;CT-CO2-0;1f94f8ad-7171-b062-c0a5-dbf839ac97e9;CD:E6:D3:07;0;AVIÁRIO MEIO;649,00;28/11/2025;11:22:09;20;1283-20
CO2;1283;CT-CO2-0;1f94f8ad-7171-b062-c0a5-dbf839ac97e9;CD:E6:D3:07;0;AVIÁRIO MEIO;657,00;28/11/2025;11:27:12;20;1283-20
CO2;1283;CT-CO2-0;1f94f8ad-7171-b062-c0a5-dbf839ac97e9;CD:E6:D3:07;0;AVIÁRIO MEIO;664,00;28/11/2025;11:32:44;20;1283-20
CO2;1283;CT-CO2-0;1f94f8ad-7171-b062-c0a5-dbf839ac97e9;CD:E6:D3:07;0;AVIÁRIO MEIO;662,00;28/11/2025;11:38:16;20;1283-20
CO2;1283;CT-CO2-0;1f94f8ad-7171-b062-c0a5-dbf839ac97e9;CD:E6:D3:07;0;AVIÁRIO MEIO;643,00;28/11/2025;11:43:18;20;1283-20
CO2;1283;CT-CO2-0;1f94f8ad-7171-b062-c0a5-dbf839ac97e9;CD:E6:D3:07;0;AVIÁRIO MEIO;640,00;28/11/2025;11:48:51;20;1283-20
CO2;1283;CT-CO2-0;1f94f8ad-7171-b062-c0a5-dbf839ac97e9;CD:E6:D3:07;0;AVIÁRIO MEIO;645,00;28/11/2025;11:54:24;20;1283-20
CO2;1283;CT-CO2-0;1f94f8ad-7171-b062-c0a5-dbf839ac97e9;CD:E6:D3:07;0;AVIÁRIO MEIO;659,00;28/11/2025;11:59:27;20;1283-20
CO2;1283;CT-CO2-0;1f94f8ad-7171-b062-c0a5-dbf839ac97e9;CD:E6:D3:07;0;AVIÁRIO MEIO;648,00;28/11/2025;12:04:59;20;1283-20
CO2;1283;CT-CO2-0;1f94f8ad-7171-b062-c0a5-dbf839ac97e9;CD:E6:D3:07;0;AVIÁRIO MEIO;644,00;28/11/2025;12:10:31;20;1283-20
CO2;1283;CT-CO2-0;1f94f8ad-7171-b062-c0a5-dbf839ac97e9;CD:E6:D3:07;0;AVIÁRIO MEIO;662,00;28/11/2025;12:15:33;20;1283-20
CO2;1283;CT-CO2-0;1f94f8ad-7171-b062-c0a5-dbf839ac97e9;CD:E6:D3:07;0;AVIÁRIO MEIO;649,00;28/11/2025;12:21:37;20;1283-20
CO2;1283;CT-CO2-0;1f94f8ad-7171-b062-c0a5-dbf839ac97e9;CD:E6:D3:07;0;AVIÁRIO MEIO;648,00;28/11/2025;12:26:39;20;1283-20
CO2;1283;CT-CO2-0;1f94f8ad-7171-b062-c0a5-dbf839ac97e9;CD:E6:D3:07;0;AVIÁRIO MEIO;638,00;28/11/2025;12:31:40;20;1283-20
CO2;1283;CT-CO2-0;1f94f8ad-7171-b062-c0a5-dbf839ac97e9;CD:E6:D3:07;0;AVIÁRIO MEIO;652,00;28/11/2025;12:37:16;20;1283-20
CO2;1283;CT-CO2-0;1f94f8ad-7171-b062-c0a5-dbf839ac97e9;CD:E6:D3:07;0;AVIÁRIO MEIO;639,00;28/11/2025;12:42:48;20;1283-20
CO2;1283;CT-CO2-0;1f94f8ad-7171-b062-c0a5-dbf839ac97e9;CD:E6:D3:07;0;AVIÁRIO MEIO;687,00;28/11/2025;12:47:50;20;1283-20
CO2;1283;CT-CO2-0;1f94f8ad-7171-b062-c0a5-dbf839ac97e9;CD:E6:D3:07;0;AVIÁRIO MEIO;626,00;28/11/2025;12:53:22;20;1283-20
CO2;1283;CT-CO2-0;1f94f8ad-7171-b062-c0a5-dbf839ac97e9;CD:E6:D3:07;0;AVIÁRIO MEIO;630,00;28/11/2025;12:58:54;20;1283-20
CO2;1283;CT-CO2-0;1f94f8ad-7171-b062-c0a5-dbf839ac97e9;CD:E6:D3:07;0;AVIÁRIO MEIO;620,00;28/11/2025;13:03:57;20;1283-20
CO2;1283;CT-CO2-0;1f94f8ad-7171-b062-c0a5-dbf839ac97e9;CD:E6:D3:07;0;AVIÁRIO MEIO;632,00;28/11/2025;13:09:29;20;1283-20
CO2;1283;CT-CO2-0;1f94f8ad-7171-b062-c0a5-dbf839ac97e9;CD:E6:D3:07;0;AVIÁRIO MEIO;648,00;28/11/2025;13:15:01;20;1283-20
CO2;1283;CT-CO2-0;1f94f8ad-7171-b062-c0a5-dbf839ac97e9;CD:E6:D3:07;0;AVIÁRIO MEIO;633,00;28/11/2025;13:20:04;20;1283-20
CO2;1283;CT-CO2-0;1f94f8ad-7171-b062-c0a5-dbf839ac97e9;CD:E6:D3:07;0;AVIÁRIO MEIO;624,00;28/11/2025;13:25:36;20;1283-20
CO2;1283;CT-CO2-0;1f94f8ad-7171-b062-c0a5-dbf839ac97e9;CD:E6:D3:07;0;AVIÁRIO MEIO;660,00;28/11/2025;13:31:41;20;1283-20
CO2;1283;CT-CO2-0;1f94f8ad-7171-b062-c0a5-dbf839ac97e9;CD:E6:D3:07;0;AVIÁRIO MEIO;638,00;28/11/2025;13:36:13;20;1283-20
CO2;1283;CT-CO2-0;1f94f8ad-7171-b062-c0a5-dbf839ac97e9;CD:E6:D3:07;0;AVIÁRIO MEIO;653,00;28/11/2025;13:41:47;20;1283-20
CO2;1283;CT-CO2-0;1f94f8ad-7171-b062-c0a5-dbf839ac97e9;CD:E6:D3:07;0;AVIÁRIO MEIO;633,00;28/11/2025;13:47:19;20;1283-20
CO2;1283;CT-CO2-0;1f94f8ad-7171-b062-c0a5-dbf839ac97e9;CD:E6:D3:07;0;AVIÁRIO MEIO;638,00;28/11/2025;13:52:51;20;1283-20
CO2;1283;CT-CO2-0;1f94f8ad-7171-b062-c0a5-dbf839ac97e9;CD:E6:D3:07;0;AVIÁRIO MEIO;637,00;28/11/2025;13:57:53;20;1283-20
CO2;1283;CT-CO2-0;1f94f8ad-7171-b062-c0a5-dbf839ac97e9;CD:E6:D3:07;0;AVIÁRIO MEIO;641,00;28/11/2025;14:03:25;20;1283-20
CO2;1283;CT-CO2-0;1f94f8ad-7171-b062-c0a5-dbf839ac97e9;CD:E6:D3:07;0;AVIÁRIO MEIO;628,00;28/11/2025;14:08:57;20;1283-20
CO2;1283;CT-CO2-0;1f94f8ad-7171-b062-c0a5-dbf839ac97e9;CD:E6:D3:07;0;AVIÁRIO MEIO;642,00;28/11/2025;14:13:59;20;1283-20
CO2;1283;CT-CO2-0;1f94f8ad-7171-b062-c0a5-dbf839ac97e9;CD:E6:D3:07;0;AVIÁRIO MEIO;645,00;28/11/2025;14:19:32;20;1283-20
CO2;1283;CT-CO2-0;1f94f8ad-7171-b062-c0a5-dbf839ac97e9;CD:E6:D3:07;0;AVIÁRIO MEIO;646,00;28/11/2025;14:25:03;20;1283-20
CO2;1283;CT-CO2-0;1f94f8ad-7171-b062-c0a5-dbf839ac97e9;CD:E6:D3:07;0;AVIÁRIO MEIO;632,00;28/11/2025;14:30:05;20;1283-20
CO2;1283;CT-CO2-0;1f94f8ad-7171-b062-c0a5-dbf839ac97e9;CD:E6:D3:07;0;AVIÁRIO MEIO;647,00;28/11/2025;14:35:37;20;1283-20
CO2;1283;CT-CO2-0;1f94f8ad-7171-b062-c0a5-dbf839ac97e9;CD:E6:D3:07;0;AVIÁRIO MEIO;643,00;28/11/2025;14:41:44;20;1283-20
CO2;1283;CT-CO2-0;1f94f8ad-7171-b062-c0a5-dbf839ac97e9;CD:E6:D3:07;0;AVIÁRIO MEIO;645,00;28/11/2025;14:46:16;20;1283-20
CO2;1283;CT-CO2-0;1f94f8ad-7171-b062-c0a5-dbf839ac97e9;CD:E6:D3:07;0;AVIÁRIO MEIO;629,00;28/11/2025;14:51:48;20;1283-20
CO2;1283;CT-CO2-0;1f94f8ad-7171-b062-c0a5-dbf839ac97e9;CD:E6:D3:07;0;AVIÁRIO MEIO;651,00;28/11/2025;14:57:20;20;1283-20
CO2;1283;CT-CO2-0;1f94f8ad-7171-b062-c0a5-dbf839ac97e9;CD:E6:D3:07;0;AVIÁRIO MEIO;638,00;28/11/2025;15:02:22;20;1283-20
CO2;1283;CT-CO2-0;1f94f8ad-7171-b062-c0a5-dbf839ac97e9;CD:E6:D3:07;0;AVIÁRIO MEIO;639,00;28/11/2025;15:07:55;20;1283-20
CO2;1283;CT-CO2-0;1f94f8ad-7171-b062-c0a5-dbf839ac97e9;CD:E6:D3:07;0;AVIÁRIO MEIO;652,00;28/11/2025;15:13:27;20;1283-20
CO2;1283;CT-CO2-0;1f94f8ad-7171-b062-c0a5-dbf839ac97e9;CD:E6:D3:07;0;AVIÁRIO MEIO;648,00;28/11/2025;15:18:58;20;1283-20
CO2;1283;CT-CO2-0;1f94f8ad-7171-b062-c0a5-dbf839ac97e9;CD:E6:D3:07;0;AVIÁRIO MEIO;653,00;28/11/2025;15:24:00;20;1283-20
CO2;1283;CT-CO2-0;1f94f8ad-7171-b062-c0a5-dbf839ac97e9;CD:E6:D3:07;0;AVIÁRIO MEIO;643,00;28/11/2025;15:35:06;20;1283-20
CO2;1283;CT-CO2-0;1f94f8ad-7171-b062-c0a5-dbf839ac97e9;CD:E6:D3:07;0;AVIÁRIO MEIO;643,00;28/11/2025;15:40:08;20;1283-20
CO2;1283;CT-CO2-0;1f94f8ad-7171-b062-c0a5-dbf839ac97e9;CD:E6:D3:07;0;AVIÁRIO MEIO;641,00;28/11/2025;15:45:40;20;1283-20
CO2;1283;CT-CO2-0;1f94f8ad-7171-b062-c0a5-dbf839ac97e9;CD:E6:D3:07;0;AVIÁRIO MEIO;646,00;28/11/2025;15:51:44;20;1283-20
CO2;1283;CT-CO2-0;1f94f8ad-7171-b062-c0a5-dbf839ac97e9;CD:E6:D3:07;0;AVIÁRIO MEIO;625,00;28/11/2025;15:56:16;20;1283-20
CO2;1283;CT-CO2-0;1f94f8ad-7171-b062-c0a5-dbf839ac97e9;CD:E6:D3:07;0;AVIÁRIO MEIO;646,00;28/11/2025;16:01:49;20;1283-20
CO2;1283;CT-CO2-0;1f94f8ad-7171-b062-c0a5-dbf839ac97e9;CD:E6:D3:07;0;AVIÁRIO MEIO;651,00;28/11/2025;16:07:22;20;1283-20
CO2;1283;CT-CO2-0;1f94f8ad-7171-b062-c0a5-dbf839ac97e9;CD:E6:D3:07;0;AVIÁRIO MEIO;650,00;28/11/2025;16:12:24;20;1283-20
CO2;1283;CT-CO2-0;1f94f8ad-7171-b062-c0a5-dbf839ac97e9;CD:E6:D3:07;0;AVIÁRIO MEIO;644,00;28/11/2025;16:17:56;20;1283-20
CO2;1283;CT-CO2-0;1f94f8ad-7171-b062-c0a5-dbf839ac97e9;CD:E6:D3:07;0;AVIÁRIO MEIO;642,00;28/11/2025;16:23:28;20;1283-20
CO2;1283;CT-CO2-0;1f94f8ad-7171-b062-c0a5-dbf839ac97e9;CD:E6:D3:07;0;AVIÁRIO MEIO;652,00;28/11/2025;16:28:30;20;1283-20
CO2;1283;CT-CO2-0;1f94f8ad-7171-b062-c0a5-dbf839ac97e9;CD:E6:D3:07;0;AVIÁRIO MEIO;627,00;28/11/2025;16:34:02;20;1283-20
CO2;1283;CT-CO2-0;1f94f8ad-7171-b062-c0a5-dbf839ac97e9;CD:E6:D3:07;0;AVIÁRIO MEIO;616,00;28/11/2025;16:39:34;20;1283-20
CO2;1283;CT-CO2-0;1f94f8ad-7171-b062-c0a5-dbf839ac97e9;CD:E6:D3:07;0;AVIÁRIO MEIO;623,00;28/11/2025;16:45:06;20;1283-20
CO2;1283;CT-CO2-0;1f94f8ad-7171-b062-c0a5-dbf839ac97e9;CD:E6:D3:07;0;AVIÁRIO MEIO;596,00;28/11/2025;16:50:08;20;1283-20
CO2;1283;CT-CO2-0;1f94f8ad-7171-b062-c0a5-dbf839ac97e9;CD:E6:D3:07;0;AVIÁRIO MEIO;611,00;28/11/2025;16:55:40;20;1283-20
CO2;1283;CT-CO2-0;1f94f8ad-7171-b062-c0a5-dbf839ac97e9;CD:E6:D3:07;0;AVIÁRIO MEIO;627,00;28/11/2025;17:01:44;20;1283-20
CO2;1283;CT-CO2-0;1f94f8ad-7171-b062-c0a5-dbf839ac97e9;CD:E6:D3:07;0;AVIÁRIO MEIO;615,00;28/11/2025;17:06:16;20;1283-20
CO2;1283;CT-CO2-0;1f94f8ad-7171-b062-c0a5-dbf839ac97e9;CD:E6:D3:07;0;AVIÁRIO MEIO;615,00;28/11/2025;17:11:49;20;1283-20
CO2;1283;CT-CO2-0;1f94f8ad-7171-b062-c0a5-dbf839ac97e9;CD:E6:D3:07;0;AVIÁRIO MEIO;611,00;28/11/2025;17:17:21;20;1283-20
CO2;1283;CT-CO2-0;1f94f8ad-7171-b062-c0a5-dbf839ac97e9;CD:E6:D3:07;0;AVIÁRIO MEIO;610,00;28/11/2025;17:22:23;20;1283-20
CO2;1283;CT-CO2-0;1f94f8ad-7171-b062-c0a5-dbf839ac97e9;CD:E6:D3:07;0;AVIÁRIO MEIO;688,00;28/11/2025;17:27:55;20;1283-20
CO2;1283;CT-CO2-0;1f94f8ad-7171-b062-c0a5-dbf839ac97e9;CD:E6:D3:07;0;AVIÁRIO MEIO;614,00;28/11/2025;17:33:27;20;1283-20
CO2;1283;CT-CO2-0;1f94f8ad-7171-b062-c0a5-dbf839ac97e9;CD:E6:D3:07;0;AVIÁRIO MEIO;613,00;28/11/2025;17:38:29;20;1283-20
CO2;1283;CT-CO2-0;1f94f8ad-7171-b062-c0a5-dbf839ac97e9;CD:E6:D3:07;0;AVIÁRIO MEIO;590,00;28/11/2025;17:44:00;20;1283-20
CO2;1283;CT-CO2-0;1f94f8ad-7171-b062-c0a5-dbf839ac97e9;CD:E6:D3:07;0;AVIÁRIO MEIO;605,00;28/11/2025;17:49:32;20;1283-20
CO2;1283;CT-CO2-0;1f94f8ad-7171-b062-c0a5-dbf839ac97e9;CD:E6:D3:07;0;AVIÁRIO MEIO;623,00;28/11/2025;17:55:05;20;1283-20
CO2;1283;CT-CO2-0;1f94f8ad-7171-b062-c0a5-dbf839ac97e9;CD:E6:D3:07;0;AVIÁRIO MEIO;619,00;28/11/2025;18:00:06;20;1283-20
CO2;1283;CT-CO2-0;1f94f8ad-7171-b062-c0a5-dbf839ac97e9;CD:E6:D3:07;0;AVIÁRIO MEIO;627,00;28/11/2025;18:05:39;20;1283-20
CO2;1283;CT-CO2-0;1f94f8ad-7171-b062-c0a5-dbf839ac97e9;CD:E6:D3:07;0;AVIÁRIO MEIO;614,00;28/11/2025;18:11:43;20;1283-20
CO2;1283;CT-CO2-0;1f94f8ad-7171-b062-c0a5-dbf839ac97e9;CD:E6:D3:07;0;AVIÁRIO MEIO;620,00;28/11/2025;18:16:14;20;1283-20
CO2;1283;CT-CO2-0;1f94f8ad-7171-b062-c0a5-dbf839ac97e9;CD:E6:D3:07;0;AVIÁRIO MEIO;634,00;28/11/2025;18:21:47;20;1283-20
CO2;1283;CT-CO2-0;1f94f8ad-7171-b062-c0a5-dbf839ac97e9;CD:E6:D3:07;0;AVIÁRIO MEIO;630,00;28/11/2025;18:27:19;20;1283-20
CO2;1283;CT-CO2-0;1f94f8ad-7171-b062-c0a5-dbf839ac97e9;CD:E6:D3:07;0;AVIÁRIO MEIO;642,00;28/11/2025;18:32:20;20;1283-20
CO2;1283;CT-CO2-0;1f94f8ad-7171-b062-c0a5-dbf839ac97e9;CD:E6:D3:07;0;AVIÁRIO MEIO;641,00;28/11/2025;18:37:52;20;1283-20
CO2;1283;CT-CO2-0;1f94f8ad-7171-b062-c0a5-dbf839ac97e9;CD:E6:D3:07;0;AVIÁRIO MEIO;640,00;28/11/2025;18:43:24;20;1283-20
CO2;1283;CT-CO2-0;1f94f8ad-7171-b062-c0a5-dbf839ac97e9;CD:E6:D3:07;0;AVIÁRIO MEIO;656,00;28/11/2025;18:48:57;20;1283-20
CO2;1283;CT-CO2-0;1f94f8ad-7171-b062-c0a5-dbf839ac97e9;CD:E6:D3:07;0;AVIÁRIO MEIO;659,00;28/11/2025;18:53:58;20;1283-20
CO2;1283;CT-CO2-0;1f94f8ad-7171-b062-c0a5-dbf839ac97e9;CD:E6:D3:07;0;AVIÁRIO MEIO;669,00;28/11/2025;18:59:30;20;1283-20
CO2;1283;CT-CO2-0;1f94f8ad-7171-b062-c0a5-dbf839ac97e9;CD:E6:D3:07;0;AVIÁRIO MEIO;668,00;28/11/2025;19:05:02;20;1283-20
CO2;1283;CT-CO2-0;1f94f8ad-7171-b062-c0a5-dbf839ac97e9;CD:E6:D3:07;0;AVIÁRIO MEIO;656,00;28/11/2025;19:10:05;20;1283-20
CO2;1283;CT-CO2-0;1f94f8ad-7171-b062-c0a5-dbf839ac97e9;CD:E6:D3:07;0;AVIÁRIO MEIO;666,00;28/11/2025;19:15:36;20;1283-20
CO2;1283;CT-CO2-0;1f94f8ad-7171-b062-c0a5-dbf839ac97e9;CD:E6:D3:07;0;AVIÁRIO MEIO;689,00;28/11/2025;19:21:39;20;1283-20
CO2;1283;CT-CO2-0;1f94f8ad-7171-b062-c0a5-dbf839ac97e9;CD:E6:D3:07;0;AVIÁRIO MEIO;680,00;28/11/2025;19:26:12;20;1283-20
CO2;1283;CT-CO2-0;1f94f8ad-7171-b062-c0a5-dbf839ac97e9;CD:E6:D3:07;0;AVIÁRIO MEIO;691,00;28/11/2025;19:31:44;20;1283-20
CO2;1283;CT-CO2-0;1f94f8ad-7171-b062-c0a5-dbf839ac97e9;CD:E6:D3:07;0;AVIÁRIO MEIO;714,00;28/11/2025;19:37:16;20;1283-20
CO2;1283;CT-CO2-0;1f94f8ad-7171-b062-c0a5-dbf839ac97e9;CD:E6:D3:07;0;AVIÁRIO MEIO;745,00;28/11/2025;19:42:18;20;1283-20
CO2;1283;CT-CO2-0;1f94f8ad-7171-b062-c0a5-dbf839ac97e9;CD:E6:D3:07;0;AVIÁRIO MEIO;718,00;28/11/2025;19:47:50;20;1283-20
CO2;1283;CT-CO2-0;1f94f8ad-7171-b062-c0a5-dbf839ac97e9;CD:E6:D3:07;0;AVIÁRIO MEIO;726,00;28/11/2025;19:53:22;20;1283-20
CO2;1283;CT-CO2-0;1f94f8ad-7171-b062-c0a5-dbf839ac97e9;CD:E6:D3:07;0;AVIÁRIO MEIO;699,00;28/11/2025;19:58:54;20;1283-20
CO2;1283;CT-CO2-0;1f94f8ad-7171-b062-c0a5-dbf839ac97e9;CD:E6:D3:07;0;AVIÁRIO MEIO;698,00;28/11/2025;20:03:57;20;1283-20
CO2;1283;CT-CO2-0;1f94f8ad-7171-b062-c0a5-dbf839ac97e9;CD:E6:D3:07;0;AVIÁRIO MEIO;707,00;28/11/2025;20:09:29;20;1283-20
CO2;1283;CT-CO2-0;1f94f8ad-7171-b062-c0a5-dbf839ac97e9;CD:E6:D3:07;0;AVIÁRIO MEIO;726,00;28/11/2025;20:15:01;20;1283-20
CO2;1283;CT-CO2-0;1f94f8ad-7171-b062-c0a5-dbf839ac97e9;CD:E6:D3:07;0;AVIÁRIO MEIO;759,00;28/11/2025;20:20:03;20;1283-20
CO2;1283;CT-CO2-0;1f94f8ad-7171-b062-c0a5-dbf839ac97e9;CD:E6:D3:07;0;AVIÁRIO MEIO;811,00;28/11/2025;20:25:35;20;1283-20
CO2;1283;CT-CO2-0;1f94f8ad-7171-b062-c0a5-dbf839ac97e9;CD:E6:D3:07;0;AVIÁRIO MEIO;798,00;28/11/2025;20:31:38;20;1283-20
CO2;1283;CT-CO2-0;1f94f8ad-7171-b062-c0a5-dbf839ac97e9;CD:E6:D3:07;0;AVIÁRIO MEIO;727,00;28/11/2025;20:36:10;20;1283-20
CO2;1283;CT-CO2-0;1f94f8ad-7171-b062-c0a5-dbf839ac97e9;CD:E6:D3:07;0;AVIÁRIO MEIO;703,00;28/11/2025;20:41:42;20;1283-20
CO2;1283;CT-CO2-0;1f94f8ad-7171-b062-c0a5-dbf839ac97e9;CD:E6:D3:07;0;AVIÁRIO MEIO;680,00;28/11/2025;20:47:19;20;1283-20
CO2;1283;CT-CO2-0;1f94f8ad-7171-b062-c0a5-dbf839ac97e9;CD:E6:D3:07;0;AVIÁRIO MEIO;674,00;28/11/2025;20:52:21;20;1283-20
CO2;1283;CT-CO2-0;1f94f8ad-7171-b062-c0a5-dbf839ac97e9;CD:E6:D3:07;0;AVIÁRIO MEIO;667,00;28/11/2025;20:57:54;20;1283-20
CO2;1283;CT-CO2-0;1f94f8ad-7171-b062-c0a5-dbf839ac97e9;CD:E6:D3:07;0;AVIÁRIO MEIO;670,00;28/11/2025;21:06:55;20;1283-20
CO2;1283;CT-CO2-0;1f94f8ad-7171-b062-c0a5-dbf839ac97e9;CD:E6:D3:07;0;AVIÁRIO MEIO;657,00;28/11/2025;21:12:27;20;1283-20
CO2;1283;CT-CO2-0;1f94f8ad-7171-b062-c0a5-dbf839ac97e9;CD:E6:D3:07;0;AVIÁRIO MEIO;677,00;28/11/2025;21:17:29;20;1283-20
CO2;1283;CT-CO2-0;1f94f8ad-7171-b062-c0a5-dbf839ac97e9;CD:E6:D3:07;0;AVIÁRIO MEIO;678,00;28/11/2025;21:23:01;20;1283-20
CO2;1283;CT-CO2-0;1f94f8ad-7171-b062-c0a5-dbf839ac97e9;CD:E6:D3:07;0;AVIÁRIO MEIO;685,00;28/11/2025;21:28:33;20;1283-20
CO2;1283;CT-CO2-0;1f94f8ad-7171-b062-c0a5-dbf839ac97e9;CD:E6:D3:07;0;AVIÁRIO MEIO;679,00;28/11/2025;21:34:05;20;1283-20
CO2;1283;CT-CO2-0;1f94f8ad-7171-b062-c0a5-dbf839ac97e9;CD:E6:D3:07;0;AVIÁRIO MEIO;684,00;28/11/2025;21:39:38;20;1283-20
CO2;1283;CT-CO2-0;1f94f8ad-7171-b062-c0a5-dbf839ac97e9;CD:E6:D3:07;0;AVIÁRIO MEIO;704,00;28/11/2025;21:44:42;20;1283-20
CO2;1283;CT-CO2-0;1f94f8ad-7171-b062-c0a5-dbf839ac97e9;CD:E6:D3:07;0;AVIÁRIO MEIO;696,00;28/11/2025;21:50:13;20;1283-20
CO2;1283;CT-CO2-0;1f94f8ad-7171-b062-c0a5-dbf839ac97e9;CD:E6:D3:07;0;AVIÁRIO MEIO;689,00;28/11/2025;21:55:15;20;1283-20
CO2;1283;CT-CO2-0;1f94f8ad-7171-b062-c0a5-dbf839ac97e9;CD:E6:D3:07;0;AVIÁRIO MEIO;669,00;28/11/2025;22:00:47;20;1283-20
CO2;1283;CT-CO2-0;1f94f8ad-7171-b062-c0a5-dbf839ac97e9;CD:E6:D3:07;0;AVIÁRIO MEIO;677,00;28/11/2025;22:06:19;20;1283-20
CO2;1283;CT-CO2-0;1f94f8ad-7171-b062-c0a5-dbf839ac97e9;CD:E6:D3:07;0;AVIÁRIO MEIO;660,00;28/11/2025;22:11:21;20;1283-20
CO2;1283;CT-CO2-0;1f94f8ad-7171-b062-c0a5-dbf839ac97e9;CD:E6:D3:07;0;AVIÁRIO MEIO;663,00;28/11/2025;22:16:53;20;1283-20
CO2;1283;CT-CO2-0;1f94f8ad-7171-b062-c0a5-dbf839ac97e9;CD:E6:D3:07;0;AVIÁRIO MEIO;659,00;28/11/2025;22:22:25;20;1283-20
CO2;1283;CT-CO2-0;1f94f8ad-7171-b062-c0a5-dbf839ac97e9;CD:E6:D3:07;0;AVIÁRIO MEIO;657,00;28/11/2025;22:27:27;20;1283-20
CO2;1283;CT-CO2-0;1f94f8ad-7171-b062-c0a5-dbf839ac97e9;CD:E6:D3:07;0;AVIÁRIO MEIO;663,00;28/11/2025;22:32:59;20;1283-20
CO2;1283;CT-CO2-0;1f94f8ad-7171-b062-c0a5-dbf839ac97e9;CD:E6:D3:07;0;AVIÁRIO MEIO;676,00;28/11/2025;22:38:31;20;1283-20
CO2;1283;CT-CO2-0;1f94f8ad-7171-b062-c0a5-dbf839ac97e9;CD:E6:D3:07;0;AVIÁRIO MEIO;668,00;28/11/2025;22:43:33;20;1283-20
CO2;1283;CT-CO2-0;1f94f8ad-7171-b062-c0a5-dbf839ac97e9;CD:E6:D3:07;0;AVIÁRIO MEIO;668,00;28/11/2025;22:49:38;20;1283-20
CO2;1283;CT-CO2-0;1f94f8ad-7171-b062-c0a5-dbf839ac97e9;CD:E6:D3:07;0;AVIÁRIO MEIO;745,00;28/11/2025;22:54:40;20;1283-20
CO2;1283;CT-CO2-0;1f94f8ad-7171-b062-c0a5-dbf839ac97e9;CD:E6:D3:07;0;AVIÁRIO MEIO;683,00;28/11/2025;23:00:11;20;1283-20
CO2;1283;CT-CO2-0;1f94f8ad-7171-b062-c0a5-dbf839ac97e9;CD:E6:D3:07;0;AVIÁRIO MEIO;675,00;28/11/2025;23:05:13;20;1283-20
CO2;1283;CT-CO2-0;1f94f8ad-7171-b062-c0a5-dbf839ac97e9;CD:E6:D3:07;0;AVIÁRIO MEIO;677,00;28/11/2025;23:10:45;20;1283-20
CO2;1283;CT-CO2-0;1f94f8ad-7171-b062-c0a5-dbf839ac97e9;CD:E6:D3:07;0;AVIÁRIO MEIO;668,00;28/11/2025;23:16:18;20;1283-20
CO2;1283;CT-CO2-0;1f94f8ad-7171-b062-c0a5-dbf839ac97e9;CD:E6:D3:07;0;AVIÁRIO MEIO;677,00;28/11/2025;23:21:20;20;1283-20
CO2;1283;CT-CO2-0;1f94f8ad-7171-b062-c0a5-dbf839ac97e9;CD:E6:D3:07;0;AVIÁRIO MEIO;684,00;28/11/2025;23:26:52;20;1283-20
CO2;1283;CT-CO2-0;1f94f8ad-7171-b062-c0a5-dbf839ac97e9;CD:E6:D3:07;0;AVIÁRIO MEIO;679,00;28/11/2025;23:32:24;20;1283-20
CO2;1283;CT-CO2-0;1f94f8ad-7171-b062-c0a5-dbf839ac97e9;CD:E6:D3:07;0;AVIÁRIO MEIO;668,00;28/11/2025;23:37:27;20;1283-20
CO2;1283;CT-CO2-0;1f94f8ad-7171-b062-c0a5-dbf839ac97e9;CD:E6:D3:07;0;AVIÁRIO MEIO;670,00;28/11/2025;23:42:58;20;1283-20
CO2;1283;CT-CO2-0;1f94f8ad-7171-b062-c0a5-dbf839ac97e9;CD:E6:D3:07;0;AVIÁRIO MEIO;713,00;28/11/2025;23:48:30;20;1283-20
CO2;1283;CT-CO2-0;1f94f8ad-7171-b062-c0a5-dbf839ac97e9;CD:E6:D3:07;0;AVIÁRIO MEIO;730,00;28/11/2025;23:54:03;20;1283-20
CO2;1283;CT-CO2-0;1f94f8ad-7171-b062-c0a5-dbf839ac97e9;CD:E6:D3:07;0;AVIÁRIO MEIO;706,00;28/11/2025;23:59:38;20;1283-20
CO2;1283;CT-CO2-0;1f94f8ad-7171-b062-c0a5-dbf839ac97e9;CD:E6:D3:07;0;AVIÁRIO MEIO;698,00;29/11/2025;00:04:40;20;1283-20
CO2;1283;CT-CO2-0;1f94f8ad-7171-b062-c0a5-dbf839ac97e9;CD:E6:D3:07;0;AVIÁRIO MEIO;698,00;29/11/2025;00:09:41;20;1283-20
CO2;1283;CT-CO2-0;1f94f8ad-7171-b062-c0a5-dbf839ac97e9;CD:E6:D3:07;0;AVIÁRIO MEIO;694,00;29/11/2025;00:15:14;20;1283-20
CO2;1283;CT-CO2-0;1f94f8ad-7171-b062-c0a5-dbf839ac97e9;CD:E6:D3:07;0;AVIÁRIO MEIO;699,00;29/11/2025;00:20:46;20;1283-20
CO2;1283;CT-CO2-0;1f94f8ad-7171-b062-c0a5-dbf839ac97e9;CD:E6:D3:07;0;AVIÁRIO MEIO;705,00;29/11/2025;00:26:17;20;1283-20
CO2;1283;CT-CO2-0;1f94f8ad-7171-b062-c0a5-dbf839ac97e9;CD:E6:D3:07;0;AVIÁRIO MEIO;696,00;29/11/2025;00:31:20;20;1283-20
CO2;1283;CT-CO2-0;1f94f8ad-7171-b062-c0a5-dbf839ac97e9;CD:E6:D3:07;0;AVIÁRIO MEIO;694,00;29/11/2025;00:36:53;20;1283-20
CO2;1283;CT-CO2-0;1f94f8ad-7171-b062-c0a5-dbf839ac97e9;CD:E6:D3:07;0;AVIÁRIO MEIO;669,00;29/11/2025;00:42:26;20;1283-20
CO2;1283;CT-CO2-0;1f94f8ad-7171-b062-c0a5-dbf839ac97e9;CD:E6:D3:07;0;AVIÁRIO MEIO;670,00;29/11/2025;00:47:27;20;1283-20
CO2;1283;CT-CO2-0;1f94f8ad-7171-b062-c0a5-dbf839ac97e9;CD:E6:D3:07;0;AVIÁRIO MEIO;684,00;29/11/2025;00:52:59;20;1283-20
CO2;1283;CT-CO2-0;1f94f8ad-7171-b062-c0a5-dbf839ac97e9;CD:E6:D3:07;0;AVIÁRIO MEIO;681,00;29/11/2025;00:58:31;20;1283-20
CO2;1283;CT-CO2-0;1f94f8ad-7171-b062-c0a5-dbf839ac97e9;CD:E6:D3:07;0;AVIÁRIO MEIO;675,00;29/11/2025;01:03:33;20;1283-20
CO2;1283;CT-CO2-0;1f94f8ad-7171-b062-c0a5-dbf839ac97e9;CD:E6:D3:07;0;AVIÁRIO MEIO;678,00;29/11/2025;01:09:37;20;1283-20
CO2;1283;CT-CO2-0;1f94f8ad-7171-b062-c0a5-dbf839ac97e9;CD:E6:D3:07;0;AVIÁRIO MEIO;676,00;29/11/2025;01:14:39;20;1283-20
CO2;1283;CT-CO2-0;1f94f8ad-7171-b062-c0a5-dbf839ac97e9;CD:E6:D3:07;0;AVIÁRIO MEIO;680,00;29/11/2025;01:20:11;20;1283-20
CO2;1283;CT-CO2-0;1f94f8ad-7171-b062-c0a5-dbf839ac97e9;CD:E6:D3:07;0;AVIÁRIO MEIO;684,00;29/11/2025;01:25:15;20;1283-20
CO2;1283;CT-CO2-0;1f94f8ad-7171-b062-c0a5-dbf839ac97e9;CD:E6:D3:07;0;AVIÁRIO MEIO;674,00;29/11/2025;01:30:47;20;1283-20
CO2;1283;CT-CO2-0;1f94f8ad-7171-b062-c0a5-dbf839ac97e9;CD:E6:D3:07;0;AVIÁRIO MEIO;679,00;29/11/2025;01:35:50;20;1283-20
CO2;1283;CT-CO2-0;1f94f8ad-7171-b062-c0a5-dbf839ac97e9;CD:E6:D3:07;0;AVIÁRIO MEIO;685,00;29/11/2025;01:41:21;20;1283-20
CO2;1283;CT-CO2-0;1f94f8ad-7171-b062-c0a5-dbf839ac97e9;CD:E6:D3:07;0;AVIÁRIO MEIO;677,00;29/11/2025;01:46:53;20;1283-20
CO2;1283;CT-CO2-0;1f94f8ad-7171-b062-c0a5-dbf839ac97e9;CD:E6:D3:07;0;AVIÁRIO MEIO;692,00;29/11/2025;01:52:25;20;1283-20
CO2;1283;CT-CO2-0;1f94f8ad-7171-b062-c0a5-dbf839ac97e9;CD:E6:D3:07;0;AVIÁRIO MEIO;693,00;29/11/2025;01:57:27;20;1283-20
CO2;1283;CT-CO2-0;1f94f8ad-7171-b062-c0a5-dbf839ac97e9;CD:E6:D3:07;0;AVIÁRIO MEIO;702,00;29/11/2025;02:02:59;20;1283-20
CO2;1283;CT-CO2-0;1f94f8ad-7171-b062-c0a5-dbf839ac97e9;CD:E6:D3:07;0;AVIÁRIO MEIO;746,00;29/11/2025;02:08:31;20;1283-20
CO2;1283;CT-CO2-0;1f94f8ad-7171-b062-c0a5-dbf839ac97e9;CD:E6:D3:07;0;AVIÁRIO MEIO;714,00;29/11/2025;02:13:33;20;1283-20
CO2;1283;CT-CO2-0;1f94f8ad-7171-b062-c0a5-dbf839ac97e9;CD:E6:D3:07;0;AVIÁRIO MEIO;685,00;29/11/2025;02:19:36;20;1283-20
CO2;1283;CT-CO2-0;1f94f8ad-7171-b062-c0a5-dbf839ac97e9;CD:E6:D3:07;0;AVIÁRIO MEIO;674,00;29/11/2025;02:24:37;20;1283-20
CO2;1283;CT-CO2-0;1f94f8ad-7171-b062-c0a5-dbf839ac97e9;CD:E6:D3:07;0;AVIÁRIO MEIO;730,00;29/11/2025;02:29:39;20;1283-20
CO2;1283;CT-CO2-0;1f94f8ad-7171-b062-c0a5-dbf839ac97e9;CD:E6:D3:07;0;AVIÁRIO MEIO;691,00;29/11/2025;02:35:11;20;1283-20
CO2;1283;CT-CO2-0;1f94f8ad-7171-b062-c0a5-dbf839ac97e9;CD:E6:D3:07;0;AVIÁRIO MEIO;709,00;29/11/2025;02:40:44;20;1283-20
CO2;1283;CT-CO2-0;1f94f8ad-7171-b062-c0a5-dbf839ac97e9;CD:E6:D3:07;0;AVIÁRIO MEIO;681,00;29/11/2025;02:45:46;20;1283-20
CO2;1283;CT-CO2-0;1f94f8ad-7171-b062-c0a5-dbf839ac97e9;CD:E6:D3:07;0;AVIÁRIO MEIO;693,00;29/11/2025;02:51:18;20;1283-20
CO2;1283;CT-CO2-0;1f94f8ad-7171-b062-c0a5-dbf839ac97e9;CD:E6:D3:07;0;AVIÁRIO MEIO;707,00;29/11/2025;02:56:50;20;1283-20
CO2;1283;CT-CO2-0;1f94f8ad-7171-b062-c0a5-dbf839ac97e9;CD:E6:D3:07;0;AVIÁRIO MEIO;713,00;29/11/2025;03:02:24;20;1283-20
CO2;1283;CT-CO2-0;1f94f8ad-7171-b062-c0a5-dbf839ac97e9;CD:E6:D3:07;0;AVIÁRIO MEIO;731,00;29/11/2025;03:07:26;20;1283-20
CO2;1283;CT-CO2-0;1f94f8ad-7171-b062-c0a5-dbf839ac97e9;CD:E6:D3:07;0;AVIÁRIO MEIO;721,00;29/11/2025;03:12:58;20;1283-20
CO2;1283;CT-CO2-0;1f94f8ad-7171-b062-c0a5-dbf839ac97e9;CD:E6:D3:07;0;AVIÁRIO MEIO;728,00;29/11/2025;03:18:30;20;1283-20
CO2;1283;CT-CO2-0;1f94f8ad-7171-b062-c0a5-dbf839ac97e9;CD:E6:D3:07;0;AVIÁRIO MEIO;732,00;29/11/2025;03:23:32;20;1283-20
CO2;1283;CT-CO2-0;1f94f8ad-7171-b062-c0a5-dbf839ac97e9;CD:E6:D3:07;0;AVIÁRIO MEIO;746,00;29/11/2025;03:29:35;20;1283-20
CO2;1283;CT-CO2-0;1f94f8ad-7171-b062-c0a5-dbf839ac97e9;CD:E6:D3:07;0;AVIÁRIO MEIO;737,00;29/11/2025;03:34:37;20;1283-20
CO2;1283;CT-CO2-0;1f94f8ad-7171-b062-c0a5-dbf839ac97e9;CD:E6:D3:07;0;AVIÁRIO MEIO;737,00;29/11/2025;03:39:40;20;1283-20
CO2;1283;CT-CO2-0;1f94f8ad-7171-b062-c0a5-dbf839ac97e9;CD:E6:D3:07;0;AVIÁRIO MEIO;741,00;29/11/2025;03:45:12;20;1283-20
CO2;1283;CT-CO2-0;1f94f8ad-7171-b062-c0a5-dbf839ac97e9;CD:E6:D3:07;0;AVIÁRIO MEIO;720,00;29/11/2025;03:50:44;20;1283-20
CO2;1283;CT-CO2-0;1f94f8ad-7171-b062-c0a5-dbf839ac97e9;CD:E6:D3:07;0;AVIÁRIO MEIO;751,00;29/11/2025;03:55:48;20;1283-20
CO2;1283;CT-CO2-0;1f94f8ad-7171-b062-c0a5-dbf839ac97e9;CD:E6:D3:07;0;AVIÁRIO MEIO;793,00;29/11/2025;04:01:20;20;1283-20
CO2;1283;CT-CO2-0;1f94f8ad-7171-b062-c0a5-dbf839ac97e9;CD:E6:D3:07;0;AVIÁRIO MEIO;709,00;29/11/2025;04:06:52;20;1283-20
CO2;1283;CT-CO2-0;1f94f8ad-7171-b062-c0a5-dbf839ac97e9;CD:E6:D3:07;0;AVIÁRIO MEIO;715,00;29/11/2025;04:12:24;20;1283-20
CO2;1283;CT-CO2-0;1f94f8ad-7171-b062-c0a5-dbf839ac97e9;CD:E6:D3:07;0;AVIÁRIO MEIO;718,00;29/11/2025;04:17:26;20;1283-20
CO2;1283;CT-CO2-0;1f94f8ad-7171-b062-c0a5-dbf839ac97e9;CD:E6:D3:07;0;AVIÁRIO MEIO;724,00;29/11/2025;04:22:58;20;1283-20
CO2;1283;CT-CO2-0;1f94f8ad-7171-b062-c0a5-dbf839ac97e9;CD:E6:D3:07;0;AVIÁRIO MEIO;725,00;29/11/2025;04:28:30;20;1283-20
CO2;1283;CT-CO2-0;1f94f8ad-7171-b062-c0a5-dbf839ac97e9;CD:E6:D3:07;0;AVIÁRIO MEIO;738,00;29/11/2025;04:33:32;20;1283-20
CO2;1283;CT-CO2-0;1f94f8ad-7171-b062-c0a5-dbf839ac97e9;CD:E6:D3:07;0;AVIÁRIO MEIO;739,00;29/11/2025;04:39:37;20;1283-20
CO2;1283;CT-CO2-0;1f94f8ad-7171-b062-c0a5-dbf839ac97e9;CD:E6:D3:07;0;AVIÁRIO MEIO;748,00;29/11/2025;04:44:38;20;1283-20
CO2;1283;CT-CO2-0;1f94f8ad-7171-b062-c0a5-dbf839ac97e9;CD:E6:D3:07;0;AVIÁRIO MEIO;801,00;29/11/2025;04:49:41;20;1283-20
CO2;1283;CT-CO2-0;1f94f8ad-7171-b062-c0a5-dbf839ac97e9;CD:E6:D3:07;0;AVIÁRIO MEIO;749,00;29/11/2025;04:55:13;20;1283-20
CO2;1283;CT-CO2-0;1f94f8ad-7171-b062-c0a5-dbf839ac97e9;CD:E6:D3:07;0;AVIÁRIO MEIO;747,00;29/11/2025;05:00:46;20;1283-20
CO2;1283;CT-CO2-0;1f94f8ad-7171-b062-c0a5-dbf839ac97e9;CD:E6:D3:07;0;AVIÁRIO MEIO;742,00;29/11/2025;05:05:48;20;1283-20
CO2;1283;CT-CO2-0;1f94f8ad-7171-b062-c0a5-dbf839ac97e9;CD:E6:D3:07;0;AVIÁRIO MEIO;729,00;29/11/2025;05:11:20;20;1283-20
CO2;1283;CT-CO2-0;1f94f8ad-7171-b062-c0a5-dbf839ac97e9;CD:E6:D3:07;0;AVIÁRIO MEIO;730,00;29/11/2025;05:16:53;20;1283-20
CO2;1283;CT-CO2-0;1f94f8ad-7171-b062-c0a5-dbf839ac97e9;CD:E6:D3:07;0;AVIÁRIO MEIO;733,00;29/11/2025;05:21:55;20;1283-20
CO2;1283;CT-CO2-0;1f94f8ad-7171-b062-c0a5-dbf839ac97e9;CD:E6:D3:07;0;AVIÁRIO MEIO;717,00;29/11/2025;05:27:26;20;1283-20
CO2;1283;CT-CO2-0;1f94f8ad-7171-b062-c0a5-dbf839ac97e9;CD:E6:D3:07;0;AVIÁRIO MEIO;721,00;29/11/2025;05:32:58;20;1283-20
CO2;1283;CT-CO2-0;1f94f8ad-7171-b062-c0a5-dbf839ac97e9;CD:E6:D3:07;0;AVIÁRIO MEIO;744,00;29/11/2025;05:38:00;20;1283-20
CO2;1283;CT-CO2-0;1f94f8ad-7171-b062-c0a5-dbf839ac97e9;CD:E6:D3:07;0;AVIÁRIO MEIO;745,00;29/11/2025;05:43:33;20;1283-20
CO2;1283;CT-CO2-0;1f94f8ad-7171-b062-c0a5-dbf839ac97e9;CD:E6:D3:07;0;AVIÁRIO MEIO;734,00;29/11/2025;05:49:37;20;1283-20
CO2;1283;CT-CO2-0;1f94f8ad-7171-b062-c0a5-dbf839ac97e9;CD:E6:D3:07;0;AVIÁRIO MEIO;719,00;29/11/2025;05:54:09;20;1283-20
CO2;1283;CT-CO2-0;1f94f8ad-7171-b062-c0a5-dbf839ac97e9;CD:E6:D3:07;0;AVIÁRIO MEIO;753,00;29/11/2025;05:59:40;20;1283-20
CO2;1283;CT-CO2-0;1f94f8ad-7171-b062-c0a5-dbf839ac97e9;CD:E6:D3:07;0;AVIÁRIO MEIO;719,00;29/11/2025;06:05:12;20;1283-20
CO2;1283;CT-CO2-0;1f94f8ad-7171-b062-c0a5-dbf839ac97e9;CD:E6:D3:07;0;AVIÁRIO MEIO;725,00;29/11/2025;06:10:44;20;1283-20
CO2;1283;CT-CO2-0;1f94f8ad-7171-b062-c0a5-dbf839ac97e9;CD:E6:D3:07;0;AVIÁRIO MEIO;725,00;29/11/2025;06:15:46;20;1283-20
CO2;1283;CT-CO2-0;1f94f8ad-7171-b062-c0a5-dbf839ac97e9;CD:E6:D3:07;0;AVIÁRIO MEIO;714,00;29/11/2025;06:21:18;20;1283-20
CO2;1283;CT-CO2-0;1f94f8ad-7171-b062-c0a5-dbf839ac97e9;CD:E6:D3:07;0;AVIÁRIO MEIO;699,00;29/11/2025;06:26:50;20;1283-20
CO2;1283;CT-CO2-0;1f94f8ad-7171-b062-c0a5-dbf839ac97e9;CD:E6:D3:07;0;AVIÁRIO MEIO;710,00;29/11/2025;06:31:52;20;1283-20
CO2;1283;CT-CO2-0;1f94f8ad-7171-b062-c0a5-dbf839ac97e9;CD:E6:D3:07;0;AVIÁRIO MEIO;715,00;29/11/2025;06:37:23;20;1283-20
CO2;1283;CT-CO2-0;1f94f8ad-7171-b062-c0a5-dbf839ac97e9;CD:E6:D3:07;0;AVIÁRIO MEIO;719,00;29/11/2025;06:42:56;20;1283-20
CO2;1283;CT-CO2-0;1f94f8ad-7171-b062-c0a5-dbf839ac97e9;CD:E6:D3:07;0;AVIÁRIO MEIO;718,00;29/11/2025;06:47:57;20;1283-20
CO2;1283;CT-CO2-0;1f94f8ad-7171-b062-c0a5-dbf839ac97e9;CD:E6:D3:07;0;AVIÁRIO MEIO;728,00;29/11/2025;06:53:29;20;1283-20
CO2;1283;CT-CO2-0;1f94f8ad-7171-b062-c0a5-dbf839ac97e9;CD:E6:D3:07;0;AVIÁRIO MEIO;731,00;29/11/2025;06:59:33;20;1283-20
CO2;1283;CT-CO2-0;1f94f8ad-7171-b062-c0a5-dbf839ac97e9;CD:E6:D3:07;0;AVIÁRIO MEIO;721,00;29/11/2025;07:04:05;20;1283-20
CO2;1283;CT-CO2-0;1f94f8ad-7171-b062-c0a5-dbf839ac97e9;CD:E6:D3:07;0;AVIÁRIO MEIO;712,00;29/11/2025;07:09:37;20;1283-20
CO2;1283;CT-CO2-0;1f94f8ad-7171-b062-c0a5-dbf839ac97e9;CD:E6:D3:07;0;AVIÁRIO MEIO;703,00;29/11/2025;07:15:09;20;1283-20
CO2;1283;CT-CO2-0;1f94f8ad-7171-b062-c0a5-dbf839ac97e9;CD:E6:D3:07;0;AVIÁRIO MEIO;755,00;29/11/2025;07:20:16;20;1283-20
CO2;1283;CT-CO2-0;1f94f8ad-7171-b062-c0a5-dbf839ac97e9;CD:E6:D3:07;0;AVIÁRIO MEIO;700,00;29/11/2025;07:25:48;20;1283-20
CO2;1283;CT-CO2-0;1f94f8ad-7171-b062-c0a5-dbf839ac97e9;CD:E6:D3:07;0;AVIÁRIO MEIO;693,00;29/11/2025;07:31:19;20;1283-20
CO2;1283;CT-CO2-0;1f94f8ad-7171-b062-c0a5-dbf839ac97e9;CD:E6:D3:07;0;AVIÁRIO MEIO;709,00;29/11/2025;07:36:22;20;1283-20
CO2;1283;CT-CO2-0;1f94f8ad-7171-b062-c0a5-dbf839ac97e9;CD:E6:D3:07;0;AVIÁRIO MEIO;703,00;29/11/2025;07:41:54;20;1283-20
CO2;1283;CT-CO2-0;1f94f8ad-7171-b062-c0a5-dbf839ac97e9;CD:E6:D3:07;0;AVIÁRIO MEIO;685,00;29/11/2025;07:47:25;20;1283-20
CO2;1283;CT-CO2-0;1f94f8ad-7171-b062-c0a5-dbf839ac97e9;CD:E6:D3:07;0;AVIÁRIO MEIO;702,00;29/11/2025;07:52:57;20;1283-20
CO2;1283;CT-CO2-0;1f94f8ad-7171-b062-c0a5-dbf839ac97e9;CD:E6:D3:07;0;AVIÁRIO MEIO;695,00;29/11/2025;07:57:59;20;1283-20
CO2;1283;CT-CO2-0;1f94f8ad-7171-b062-c0a5-dbf839ac97e9;CD:E6:D3:07;0;AVIÁRIO MEIO;704,00;29/11/2025;08:03:31;20;1283-20
CO2;1283;CT-CO2-0;1f94f8ad-7171-b062-c0a5-dbf839ac97e9;CD:E6:D3:07;0;AVIÁRIO MEIO;683,00;29/11/2025;08:09:35;20;1283-20
CO2;1283;CT-CO2-0;1f94f8ad-7171-b062-c0a5-dbf839ac97e9;CD:E6:D3:07;0;AVIÁRIO MEIO;675,00;29/11/2025;08:14:07;20;1283-20
CO2;1283;CT-CO2-0;1f94f8ad-7171-b062-c0a5-dbf839ac97e9;CD:E6:D3:07;0;AVIÁRIO MEIO;698,00;29/11/2025;08:19:40;20;1283-20
CO2;1283;CT-CO2-0;1f94f8ad-7171-b062-c0a5-dbf839ac97e9;CD:E6:D3:07;0;AVIÁRIO MEIO;700,00;29/11/2025;08:25:12;20;1283-20
CO2;1283;CT-CO2-0;1f94f8ad-7171-b062-c0a5-dbf839ac97e9;CD:E6:D3:07;0;AVIÁRIO MEIO;709,00;29/11/2025;08:30:14;20;1283-20
CO2;1283;CT-CO2-0;1f94f8ad-7171-b062-c0a5-dbf839ac97e9;CD:E6:D3:07;0;AVIÁRIO MEIO;706,00;29/11/2025;08:35:47;20;1283-20
CO2;1283;CT-CO2-0;1f94f8ad-7171-b062-c0a5-dbf839ac97e9;CD:E6:D3:07;0;AVIÁRIO MEIO;702,00;29/11/2025;08:41:20;20;1283-20
CO2;1283;CT-CO2-0;1f94f8ad-7171-b062-c0a5-dbf839ac97e9;CD:E6:D3:07;0;AVIÁRIO MEIO;683,00;29/11/2025;08:46:22;20;1283-20
CO2;1283;CT-CO2-0;1f94f8ad-7171-b062-c0a5-dbf839ac97e9;CD:E6:D3:07;0;AVIÁRIO MEIO;684,00;29/11/2025;08:51:54;20;1283-20
CO2;1283;CT-CO2-0;1f94f8ad-7171-b062-c0a5-dbf839ac97e9;CD:E6:D3:07;0;AVIÁRIO MEIO;696,00;29/11/2025;08:57:26;20;1283-20
CO2;1283;CT-CO2-0;1f94f8ad-7171-b062-c0a5-dbf839ac97e9;CD:E6:D3:07;0;AVIÁRIO MEIO;704,00;29/11/2025;09:02:27;20;1283-20
CO2;1283;CT-CO2-0;1f94f8ad-7171-b062-c0a5-dbf839ac97e9;CD:E6:D3:07;0;AVIÁRIO MEIO;687,00;29/11/2025;09:07:59;20;1283-20
CO2;1283;CT-CO2-0;1f94f8ad-7171-b062-c0a5-dbf839ac97e9;CD:E6:D3:07;0;AVIÁRIO MEIO;677,00;29/11/2025;09:13:31;20;1283-20
CO2;1283;CT-CO2-0;1f94f8ad-7171-b062-c0a5-dbf839ac97e9;CD:E6:D3:07;0;AVIÁRIO MEIO;696,00;29/11/2025;09:19:34;20;1283-20
CO2;1283;CT-CO2-0;1f94f8ad-7171-b062-c0a5-dbf839ac97e9;CD:E6:D3:07;0;AVIÁRIO MEIO;694,00;29/11/2025;09:24:06;20;1283-20
CO2;1283;CT-CO2-0;1f94f8ad-7171-b062-c0a5-dbf839ac97e9;CD:E6:D3:07;0;AVIÁRIO MEIO;702,00;29/11/2025;09:29:38;20;1283-20
CO2;1283;CT-CO2-0;1f94f8ad-7171-b062-c0a5-dbf839ac97e9;CD:E6:D3:07;0;AVIÁRIO MEIO;698,00;29/11/2025;09:35:10;20;1283-20
CO2;1283;CT-CO2-0;1f94f8ad-7171-b062-c0a5-dbf839ac97e9;CD:E6:D3:07;0;AVIÁRIO MEIO;713,00;29/11/2025;09:40:12;20;1283-20
CO2;1283;CT-CO2-0;1f94f8ad-7171-b062-c0a5-dbf839ac97e9;CD:E6:D3:07;0;AVIÁRIO MEIO;664,00;29/11/2025;09:45:44;20;1283-20
CO2;1283;CT-CO2-0;1f94f8ad-7171-b062-c0a5-dbf839ac97e9;CD:E6:D3:07;0;AVIÁRIO MEIO;658,00;29/11/2025;09:51:16;20;1283-20
CO2;1283;CT-CO2-0;1f94f8ad-7171-b062-c0a5-dbf839ac97e9;CD:E6:D3:07;0;AVIÁRIO MEIO;647,00;29/11/2025;09:56:17;20;1283-20
CO2;1283;CT-CO2-0;1f94f8ad-7171-b062-c0a5-dbf839ac97e9;CD:E6:D3:07;0;AVIÁRIO MEIO;658,00;29/11/2025;10:01:49;20;1283-20
CO2;1283;CT-CO2-0;1f94f8ad-7171-b062-c0a5-dbf839ac97e9;CD:E6:D3:07;0;AVIÁRIO MEIO;645,00;29/11/2025;10:07:22;20;1283-20
CO2;1283;CT-CO2-0;1f94f8ad-7171-b062-c0a5-dbf839ac97e9;CD:E6:D3:07;0;AVIÁRIO MEIO;654,00;29/11/2025;10:12:24;20;1283-20
CO2;1283;CT-CO2-0;1f94f8ad-7171-b062-c0a5-dbf839ac97e9;CD:E6:D3:07;0;AVIÁRIO MEIO;657,00;29/11/2025;10:17:56;20;1283-20
CO2;1283;CT-CO2-0;1f94f8ad-7171-b062-c0a5-dbf839ac97e9;CD:E6:D3:07;0;AVIÁRIO MEIO;670,00;29/11/2025;10:23:29;20;1283-20
CO2;1283;CT-CO2-0;1f94f8ad-7171-b062-c0a5-dbf839ac97e9;CD:E6:D3:07;0;AVIÁRIO MEIO;672,00;29/11/2025;10:29:33;20;1283-20
CO2;1283;CT-CO2-0;1f94f8ad-7171-b062-c0a5-dbf839ac97e9;CD:E6:D3:07;0;AVIÁRIO MEIO;656,00;29/11/2025;10:34:05;20;1283-20
CO2;1283;CT-CO2-0;1f94f8ad-7171-b062-c0a5-dbf839ac97e9;CD:E6:D3:07;0;AVIÁRIO MEIO;683,00;29/11/2025;10:39:38;20;1283-20
CO2;1283;CT-CO2-0;1f94f8ad-7171-b062-c0a5-dbf839ac97e9;CD:E6:D3:07;0;AVIÁRIO MEIO;667,00;29/11/2025;10:45:09;20;1283-20
CO2;1283;CT-CO2-0;1f94f8ad-7171-b062-c0a5-dbf839ac97e9;CD:E6:D3:07;0;AVIÁRIO MEIO;664,00;29/11/2025;10:50:13;20;1283-20
CO2;1283;CT-CO2-0;1f94f8ad-7171-b062-c0a5-dbf839ac97e9;CD:E6:D3:07;0;AVIÁRIO MEIO;664,00;29/11/2025;10:55:45;20;1283-20
CO2;1283;CT-CO2-0;1f94f8ad-7171-b062-c0a5-dbf839ac97e9;CD:E6:D3:07;0;AVIÁRIO MEIO;676,00;29/11/2025;11:01:17;20;1283-20
CO2;1283;CT-CO2-0;1f94f8ad-7171-b062-c0a5-dbf839ac97e9;CD:E6:D3:07;0;AVIÁRIO MEIO;652,00;29/11/2025;11:06:19;20;1283-20
CO2;1283;CT-CO2-0;1f94f8ad-7171-b062-c0a5-dbf839ac97e9;CD:E6:D3:07;0;AVIÁRIO MEIO;658,00;29/11/2025;11:11:52;20;1283-20
CO2;1283;CT-CO2-0;1f94f8ad-7171-b062-c0a5-dbf839ac97e9;CD:E6:D3:07;0;AVIÁRIO MEIO;667,00;29/11/2025;11:17:24;20;1283-20
CO2;1283;CT-CO2-0;1f94f8ad-7171-b062-c0a5-dbf839ac97e9;CD:E6:D3:07;0;AVIÁRIO MEIO;649,00;29/11/2025;11:22:27;20;1283-20
CO2;1283;CT-CO2-0;1f94f8ad-7171-b062-c0a5-dbf839ac97e9;CD:E6:D3:07;0;AVIÁRIO MEIO;674,00;29/11/2025;11:27:59;20;1283-20
CO2;1283;CT-CO2-0;1f94f8ad-7171-b062-c0a5-dbf839ac97e9;CD:E6:D3:07;0;AVIÁRIO MEIO;669,00;29/11/2025;11:33:31;20;1283-20
CO2;1283;CT-CO2-0;1f94f8ad-7171-b062-c0a5-dbf839ac97e9;CD:E6:D3:07;0;AVIÁRIO MEIO;670,00;29/11/2025;11:39:03;20;1283-20
CO2;1283;CT-CO2-0;1f94f8ad-7171-b062-c0a5-dbf839ac97e9;CD:E6:D3:07;0;AVIÁRIO MEIO;657,00;29/11/2025;11:44:06;20;1283-20
CO2;1283;CT-CO2-0;1f94f8ad-7171-b062-c0a5-dbf839ac97e9;CD:E6:D3:07;0;AVIÁRIO MEIO;661,00;29/11/2025;11:49:37;20;1283-20
CO2;1283;CT-CO2-0;1f94f8ad-7171-b062-c0a5-dbf839ac97e9;CD:E6:D3:07;0;AVIÁRIO MEIO;642,00;29/11/2025;11:54:39;20;1283-20
CO2;1283;CT-CO2-0;1f94f8ad-7171-b062-c0a5-dbf839ac97e9;CD:E6:D3:07;0;AVIÁRIO MEIO;657,00;29/11/2025;12:00:11;20;1283-20
CO2;1283;CT-CO2-0;1f94f8ad-7171-b062-c0a5-dbf839ac97e9;CD:E6:D3:07;0;AVIÁRIO MEIO;654,00;29/11/2025;12:05:43;20;1283-20
CO2;1283;CT-CO2-0;1f94f8ad-7171-b062-c0a5-dbf839ac97e9;CD:E6:D3:07;0;AVIÁRIO MEIO;673,00;29/11/2025;12:11:15;20;1283-20
CO2;1283;CT-CO2-0;1f94f8ad-7171-b062-c0a5-dbf839ac97e9;CD:E6:D3:07;0;AVIÁRIO MEIO;664,00;29/11/2025;12:16:17;20;1283-20
CO2;1283;CT-CO2-0;1f94f8ad-7171-b062-c0a5-dbf839ac97e9;CD:E6:D3:07;0;AVIÁRIO MEIO;659,00;29/11/2025;12:21:49;20;1283-20
CO2;1283;CT-CO2-0;1f94f8ad-7171-b062-c0a5-dbf839ac97e9;CD:E6:D3:07;0;AVIÁRIO MEIO;653,00;29/11/2025;12:27:21;20;1283-20
CO2;1283;CT-CO2-0;1f94f8ad-7171-b062-c0a5-dbf839ac97e9;CD:E6:D3:07;0;AVIÁRIO MEIO;662,00;29/11/2025;12:32:23;20;1283-20
CO2;1283;CT-CO2-0;1f94f8ad-7171-b062-c0a5-dbf839ac97e9;CD:E6:D3:07;0;AVIÁRIO MEIO;659,00;29/11/2025;12:37:55;20;1283-20
CO2;1283;CT-CO2-0;1f94f8ad-7171-b062-c0a5-dbf839ac97e9;CD:E6:D3:07;0;AVIÁRIO MEIO;657,00;29/11/2025;12:43:27;20;1283-20
CO2;1283;CT-CO2-0;1f94f8ad-7171-b062-c0a5-dbf839ac97e9;CD:E6:D3:07;0;AVIÁRIO MEIO;647,00;29/11/2025;12:49:00;20;1283-20
CO2;1283;CT-CO2-0;1f94f8ad-7171-b062-c0a5-dbf839ac97e9;CD:E6:D3:07;0;AVIÁRIO MEIO;658,00;29/11/2025;12:54:01;20;1283-20
CO2;1283;CT-CO2-0;1f94f8ad-7171-b062-c0a5-dbf839ac97e9;CD:E6:D3:07;0;AVIÁRIO MEIO;662,00;29/11/2025;12:59:33;20;1283-20
CO2;1283;CT-CO2-0;1f94f8ad-7171-b062-c0a5-dbf839ac97e9;CD:E6:D3:07;0;AVIÁRIO MEIO;644,00;29/11/2025;13:04:35;20;1283-20
CO2;1283;CT-CO2-0;1f94f8ad-7171-b062-c0a5-dbf839ac97e9;CD:E6:D3:07;0;AVIÁRIO MEIO;656,00;29/11/2025;13:10:07;20;1283-20
CO2;1283;CT-CO2-0;1f94f8ad-7171-b062-c0a5-dbf839ac97e9;CD:E6:D3:07;0;AVIÁRIO MEIO;654,00;29/11/2025;13:15:39;20;1283-20
CO2;1283;CT-CO2-0;1f94f8ad-7171-b062-c0a5-dbf839ac97e9;CD:E6:D3:07;0;AVIÁRIO MEIO;659,00;29/11/2025;13:21:13;20;1283-20
CO2;1283;CT-CO2-0;1f94f8ad-7171-b062-c0a5-dbf839ac97e9;CD:E6:D3:07;0;AVIÁRIO MEIO;649,00;29/11/2025;13:26:17;20;1283-20
CO2;1283;CT-CO2-0;1f94f8ad-7171-b062-c0a5-dbf839ac97e9;CD:E6:D3:07;0;AVIÁRIO MEIO;661,00;29/11/2025;13:31:48;20;1283-20
CO2;1283;CT-CO2-0;1f94f8ad-7171-b062-c0a5-dbf839ac97e9;CD:E6:D3:07;0;AVIÁRIO MEIO;661,00;29/11/2025;13:37:20;20;1283-20
CO2;1283;CT-CO2-0;1f94f8ad-7171-b062-c0a5-dbf839ac97e9;CD:E6:D3:07;0;AVIÁRIO MEIO;648,00;29/11/2025;13:42:22;20;1283-20
CO2;1283;CT-CO2-0;1f94f8ad-7171-b062-c0a5-dbf839ac97e9;CD:E6:D3:07;0;AVIÁRIO MEIO;662,00;29/11/2025;13:47:55;20;1283-20
CO2;1283;CT-CO2-0;1f94f8ad-7171-b062-c0a5-dbf839ac97e9;CD:E6:D3:07;0;AVIÁRIO MEIO;660,00;29/11/2025;13:53:27;20;1283-20
CO2;1283;CT-CO2-0;1f94f8ad-7171-b062-c0a5-dbf839ac97e9;CD:E6:D3:07;0;AVIÁRIO MEIO;655,00;29/11/2025;13:59:00;20;1283-20
CO2;1283;CT-CO2-0;1f94f8ad-7171-b062-c0a5-dbf839ac97e9;CD:E6:D3:07;0;AVIÁRIO MEIO;660,00;29/11/2025;14:04:02;20;1283-20
CO2;1283;CT-CO2-0;1f94f8ad-7171-b062-c0a5-dbf839ac97e9;CD:E6:D3:07;0;AVIÁRIO MEIO;656,00;29/11/2025;14:09:35;20;1283-20
CO2;1283;CT-CO2-0;1f94f8ad-7171-b062-c0a5-dbf839ac97e9;CD:E6:D3:07;0;AVIÁRIO MEIO;668,00;29/11/2025;14:14:37;20;1283-20
CO2;1283;CT-CO2-0;1f94f8ad-7171-b062-c0a5-dbf839ac97e9;CD:E6:D3:07;0;AVIÁRIO MEIO;656,00;29/11/2025;14:20:09;20;1283-20
CO2;1283;CT-CO2-0;1f94f8ad-7171-b062-c0a5-dbf839ac97e9;CD:E6:D3:07;0;AVIÁRIO MEIO;659,00;29/11/2025;14:25:41;20;1283-20
CO2;1283;CT-CO2-0;1f94f8ad-7171-b062-c0a5-dbf839ac97e9;CD:E6:D3:07;0;AVIÁRIO MEIO;642,00;29/11/2025;14:31:13;20;1283-20
CO2;1283;CT-CO2-0;1f94f8ad-7171-b062-c0a5-dbf839ac97e9;CD:E6:D3:07;0;AVIÁRIO MEIO;673,00;29/11/2025;14:36:19;20;1283-20
CO2;1283;CT-CO2-0;1f94f8ad-7171-b062-c0a5-dbf839ac97e9;CD:E6:D3:07;0;AVIÁRIO MEIO;683,00;29/11/2025;14:41:51;20;1283-20
CO2;1283;CT-CO2-0;1f94f8ad-7171-b062-c0a5-dbf839ac97e9;CD:E6:D3:07;0;AVIÁRIO MEIO;669,00;29/11/2025;14:46:53;20;1283-20
CO2;1283;CT-CO2-0;1f94f8ad-7171-b062-c0a5-dbf839ac97e9;CD:E6:D3:07;0;AVIÁRIO MEIO;648,00;29/11/2025;14:52:24;20;1283-20
CO2;1283;CT-CO2-0;1f94f8ad-7171-b062-c0a5-dbf839ac97e9;CD:E6:D3:07;0;AVIÁRIO MEIO;667,00;29/11/2025;14:57:58;20;1283-20
CO2;1283;CT-CO2-0;1f94f8ad-7171-b062-c0a5-dbf839ac97e9;CD:E6:D3:07;0;AVIÁRIO MEIO;658,00;29/11/2025;15:04:02;20;1283-20
CO2;1283;CT-CO2-0;1f94f8ad-7171-b062-c0a5-dbf839ac97e9;CD:E6:D3:07;0;AVIÁRIO MEIO;658,00;29/11/2025;15:08:34;20;1283-20
CO2;1283;CT-CO2-0;1f94f8ad-7171-b062-c0a5-dbf839ac97e9;CD:E6:D3:07;0;AVIÁRIO MEIO;667,00;29/11/2025;15:14:07;20;1283-20
CO2;1283;CT-CO2-0;1f94f8ad-7171-b062-c0a5-dbf839ac97e9;CD:E6:D3:07;0;AVIÁRIO MEIO;649,00;29/11/2025;15:19:39;20;1283-20
CO2;1283;CT-CO2-0;1f94f8ad-7171-b062-c0a5-dbf839ac97e9;CD:E6:D3:07;0;AVIÁRIO MEIO;646,00;29/11/2025;15:24:41;20;1283-20
CO2;1283;CT-CO2-0;1f94f8ad-7171-b062-c0a5-dbf839ac97e9;CD:E6:D3:07;0;AVIÁRIO MEIO;654,00;29/11/2025;15:30:14;20;1283-20
CO2;1283;CT-CO2-0;1f94f8ad-7171-b062-c0a5-dbf839ac97e9;CD:E6:D3:07;0;AVIÁRIO MEIO;675,00;29/11/2025;15:35:46;20;1283-20
CO2;1283;CT-CO2-0;1f94f8ad-7171-b062-c0a5-dbf839ac97e9;CD:E6:D3:07;0;AVIÁRIO MEIO;645,00;29/11/2025;15:40:48;20;1283-20
CO2;1283;CT-CO2-0;1f94f8ad-7171-b062-c0a5-dbf839ac97e9;CD:E6:D3:07;0;AVIÁRIO MEIO;647,00;29/11/2025;15:46:20;20;1283-20
CO2;1283;CT-CO2-0;1f94f8ad-7171-b062-c0a5-dbf839ac97e9;CD:E6:D3:07;0;AVIÁRIO MEIO;661,00;29/11/2025;15:51:52;20;1283-20
CO2;1283;CT-CO2-0;1f94f8ad-7171-b062-c0a5-dbf839ac97e9;CD:E6:D3:07;0;AVIÁRIO MEIO;635,00;29/11/2025;15:57:24;20;1283-20
CO2;1283;CT-CO2-0;1f94f8ad-7171-b062-c0a5-dbf839ac97e9;CD:E6:D3:07;0;AVIÁRIO MEIO;654,00;29/11/2025;16:02:26;20;1283-20
CO2;1283;CT-CO2-0;1f94f8ad-7171-b062-c0a5-dbf839ac97e9;CD:E6:D3:07;0;AVIÁRIO MEIO;659,00;29/11/2025;16:07:59;20;1283-20
CO2;1283;CT-CO2-0;1f94f8ad-7171-b062-c0a5-dbf839ac97e9;CD:E6:D3:07;0;AVIÁRIO MEIO;657,00;29/11/2025;16:14:04;20;1283-20
CO2;1283;CT-CO2-0;1f94f8ad-7171-b062-c0a5-dbf839ac97e9;CD:E6:D3:07;0;AVIÁRIO MEIO;668,00;29/11/2025;16:18:36;20;1283-20
CO2;1283;CT-CO2-0;1f94f8ad-7171-b062-c0a5-dbf839ac97e9;CD:E6:D3:07;0;AVIÁRIO MEIO;671,00;29/11/2025;16:24:08;20;1283-20
CO2;1283;CT-CO2-0;1f94f8ad-7171-b062-c0a5-dbf839ac97e9;CD:E6:D3:07;0;AVIÁRIO MEIO;661,00;29/11/2025;16:29:40;20;1283-20
CO2;1283;CT-CO2-0;1f94f8ad-7171-b062-c0a5-dbf839ac97e9;CD:E6:D3:07;0;AVIÁRIO MEIO;669,00;29/11/2025;16:34:42;20;1283-20
CO2;1283;CT-CO2-0;1f94f8ad-7171-b062-c0a5-dbf839ac97e9;CD:E6:D3:07;0;AVIÁRIO MEIO;657,00;29/11/2025;16:40:14;20;1283-20
CO2;1283;CT-CO2-0;1f94f8ad-7171-b062-c0a5-dbf839ac97e9;CD:E6:D3:07;0;AVIÁRIO MEIO;678,00;29/11/2025;16:45:46;20;1283-20
CO2;1283;CT-CO2-0;1f94f8ad-7171-b062-c0a5-dbf839ac97e9;CD:E6:D3:07;0;AVIÁRIO MEIO;659,00;29/11/2025;16:51:18;20;1283-20
CO2;1283;CT-CO2-0;1f94f8ad-7171-b062-c0a5-dbf839ac97e9;CD:E6:D3:07;0;AVIÁRIO MEIO;686,00;29/11/2025;16:56:23;20;1283-20
CO2;1283;CT-CO2-0;1f94f8ad-7171-b062-c0a5-dbf839ac97e9;CD:E6:D3:07;0;AVIÁRIO MEIO;673,00;29/11/2025;17:01:55;20;1283-20
CO2;1283;CT-CO2-0;1f94f8ad-7171-b062-c0a5-dbf839ac97e9;CD:E6:D3:07;0;AVIÁRIO MEIO;695,00;29/11/2025;17:07:27;20;1283-20
CO2;1283;CT-CO2-0;1f94f8ad-7171-b062-c0a5-dbf839ac97e9;CD:E6:D3:07;0;AVIÁRIO MEIO;697,00;29/11/2025;17:12:29;20;1283-20
CO2;1283;CT-CO2-0;1f94f8ad-7171-b062-c0a5-dbf839ac97e9;CD:E6:D3:07;0;AVIÁRIO MEIO;701,00;29/11/2025;17:18:01;20;1283-20
CO2;1283;CT-CO2-0;1f94f8ad-7171-b062-c0a5-dbf839ac97e9;CD:E6:D3:07;0;AVIÁRIO MEIO;658,00;29/11/2025;17:24:05;20;1283-20
CO2;1283;CT-CO2-0;1f94f8ad-7171-b062-c0a5-dbf839ac97e9;CD:E6:D3:07;0;AVIÁRIO MEIO;723,00;29/11/2025;17:28:37;20;1283-20
CO2;1283;CT-CO2-0;1f94f8ad-7171-b062-c0a5-dbf839ac97e9;CD:E6:D3:07;0;AVIÁRIO MEIO;692,00;29/11/2025;17:34:09;20;1283-20
CO2;1283;CT-CO2-0;1f94f8ad-7171-b062-c0a5-dbf839ac97e9;CD:E6:D3:07;0;AVIÁRIO MEIO;691,00;29/11/2025;17:39:41;20;1283-20
CO2;1283;CT-CO2-0;1f94f8ad-7171-b062-c0a5-dbf839ac97e9;CD:E6:D3:07;0;AVIÁRIO MEIO;701,00;29/11/2025;17:45:14;20;1283-20
CO2;1283;CT-CO2-0;1f94f8ad-7171-b062-c0a5-dbf839ac97e9;CD:E6:D3:07;0;AVIÁRIO MEIO;680,00;29/11/2025;17:50:17;20;1283-20
CO2;1283;CT-CO2-0;1f94f8ad-7171-b062-c0a5-dbf839ac97e9;CD:E6:D3:07;0;AVIÁRIO MEIO;702,00;29/11/2025;17:55:49;20;1283-20
CO2;1283;CT-CO2-0;1f94f8ad-7171-b062-c0a5-dbf839ac97e9;CD:E6:D3:07;0;AVIÁRIO MEIO;715,00;29/11/2025;18:01:21;20;1283-20
CO2;1283;CT-CO2-0;1f94f8ad-7171-b062-c0a5-dbf839ac97e9;CD:E6:D3:07;0;AVIÁRIO MEIO;709,00;29/11/2025;18:06:23;20;1283-20
CO2;1283;CT-CO2-0;1f94f8ad-7171-b062-c0a5-dbf839ac97e9;CD:E6:D3:07;0;AVIÁRIO MEIO;714,00;29/11/2025;18:11:56;20;1283-20
CO2;1283;CT-CO2-0;1f94f8ad-7171-b062-c0a5-dbf839ac97e9;CD:E6:D3:07;0;AVIÁRIO MEIO;708,00;29/11/2025;18:17:33;20;1283-20
CO2;1283;CT-CO2-0;1f94f8ad-7171-b062-c0a5-dbf839ac97e9;CD:E6:D3:07;0;AVIÁRIO MEIO;701,00;29/11/2025;18:22:35;20;1283-20
CO2;1283;CT-CO2-0;1f94f8ad-7171-b062-c0a5-dbf839ac97e9;CD:E6:D3:07;0;AVIÁRIO MEIO;702,00;29/11/2025;18:28:07;20;1283-20
CO2;1283;CT-CO2-0;1f94f8ad-7171-b062-c0a5-dbf839ac97e9;CD:E6:D3:07;0;AVIÁRIO MEIO;760,00;29/11/2025;18:34:11;20;1283-20
CO2;1283;CT-CO2-0;1f94f8ad-7171-b062-c0a5-dbf839ac97e9;CD:E6:D3:07;0;AVIÁRIO MEIO;731,00;29/11/2025;18:38:43;20;1283-20
CO2;1283;CT-CO2-0;1f94f8ad-7171-b062-c0a5-dbf839ac97e9;CD:E6:D3:07;0;AVIÁRIO MEIO;735,00;29/11/2025;18:44:16;20;1283-20
CO2;1283;CT-CO2-0;1f94f8ad-7171-b062-c0a5-dbf839ac97e9;CD:E6:D3:07;0;AVIÁRIO MEIO;743,00;29/11/2025;18:49:48;20;1283-20
CO2;1283;CT-CO2-0;1f94f8ad-7171-b062-c0a5-dbf839ac97e9;CD:E6:D3:07;0;AVIÁRIO MEIO;737,00;29/11/2025;18:54:50;20;1283-20
CO2;1283;CT-CO2-0;1f94f8ad-7171-b062-c0a5-dbf839ac97e9;CD:E6:D3:07;0;AVIÁRIO MEIO;745,00;29/11/2025;19:00:22;20;1283-20
CO2;1283;CT-CO2-0;1f94f8ad-7171-b062-c0a5-dbf839ac97e9;CD:E6:D3:07;0;AVIÁRIO MEIO;743,00;29/11/2025;19:05:54;20;1283-20
CO2;1283;CT-CO2-0;1f94f8ad-7171-b062-c0a5-dbf839ac97e9;CD:E6:D3:07;0;AVIÁRIO MEIO;745,00;29/11/2025;19:11:26;20;1283-20
CO2;1283;CT-CO2-0;1f94f8ad-7171-b062-c0a5-dbf839ac97e9;CD:E6:D3:07;0;AVIÁRIO MEIO;733,00;29/11/2025;19:16:28;20;1283-20
CO2;1283;CT-CO2-0;1f94f8ad-7171-b062-c0a5-dbf839ac97e9;CD:E6:D3:07;0;AVIÁRIO MEIO;753,00;29/11/2025;19:22:00;20;1283-20
CO2;1283;CT-CO2-0;1f94f8ad-7171-b062-c0a5-dbf839ac97e9;CD:E6:D3:07;0;AVIÁRIO MEIO;734,00;29/11/2025;19:27:32;20;1283-20
CO2;1283;CT-CO2-0;1f94f8ad-7171-b062-c0a5-dbf839ac97e9;CD:E6:D3:07;0;AVIÁRIO MEIO;736,00;29/11/2025;19:32:34;20;1283-20
CO2;1283;CT-CO2-0;1f94f8ad-7171-b062-c0a5-dbf839ac97e9;CD:E6:D3:07;0;AVIÁRIO MEIO;738,00;29/11/2025;19:38:07;20;1283-20
CO2;1283;CT-CO2-0;1f94f8ad-7171-b062-c0a5-dbf839ac97e9;CD:E6:D3:07;0;AVIÁRIO MEIO;740,00;29/11/2025;19:44:11;20;1283-20
CO2;1283;CT-CO2-0;1f94f8ad-7171-b062-c0a5-dbf839ac97e9;CD:E6:D3:07;0;AVIÁRIO MEIO;727,00;29/11/2025;19:48:43;20;1283-20
CO2;1283;CT-CO2-0;1f94f8ad-7171-b062-c0a5-dbf839ac97e9;CD:E6:D3:07;0;AVIÁRIO MEIO;725,00;29/11/2025;19:54:15;20;1283-20
CO2;1283;CT-CO2-0;1f94f8ad-7171-b062-c0a5-dbf839ac97e9;CD:E6:D3:07;0;AVIÁRIO MEIO;709,00;29/11/2025;19:59:52;20;1283-20
CO2;1283;CT-CO2-0;1f94f8ad-7171-b062-c0a5-dbf839ac97e9;CD:E6:D3:07;0;AVIÁRIO MEIO;720,00;29/11/2025;20:04:55;20;1283-20
CO2;1283;CT-CO2-0;1f94f8ad-7171-b062-c0a5-dbf839ac97e9;CD:E6:D3:07;0;AVIÁRIO MEIO;730,00;29/11/2025;20:10:26;20;1283-20
CO2;1283;CT-CO2-0;1f94f8ad-7171-b062-c0a5-dbf839ac97e9;CD:E6:D3:07;0;AVIÁRIO MEIO;747,00;29/11/2025;20:15:59;20;1283-20
CO2;1283;CT-CO2-0;1f94f8ad-7171-b062-c0a5-dbf839ac97e9;CD:E6:D3:07;0;AVIÁRIO MEIO;735,00;29/11/2025;20:21:30;20;1283-20
CO2;1283;CT-CO2-0;1f94f8ad-7171-b062-c0a5-dbf839ac97e9;CD:E6:D3:07;0;AVIÁRIO MEIO;732,00;29/11/2025;20:26:33;20;1283-20
CO2;1283;CT-CO2-0;1f94f8ad-7171-b062-c0a5-dbf839ac97e9;CD:E6:D3:07;0;AVIÁRIO MEIO;726,00;29/11/2025;20:32:05;20;1283-20
CO2;1283;CT-CO2-0;1f94f8ad-7171-b062-c0a5-dbf839ac97e9;CD:E6:D3:07;0;AVIÁRIO MEIO;723,00;29/11/2025;20:37:38;20;1283-20
CO2;1283;CT-CO2-0;1f94f8ad-7171-b062-c0a5-dbf839ac97e9;CD:E6:D3:07;0;AVIÁRIO MEIO;715,00;29/11/2025;20:42:41;20;1283-20
CO2;1283;CT-CO2-0;1f94f8ad-7171-b062-c0a5-dbf839ac97e9;CD:E6:D3:07;0;AVIÁRIO MEIO;727,00;29/11/2025;20:48:13;20;1283-20
CO2;1283;CT-CO2-0;1f94f8ad-7171-b062-c0a5-dbf839ac97e9;CD:E6:D3:07;0;AVIÁRIO MEIO;727,00;29/11/2025;20:54:17;20;1283-20
CO2;1283;CT-CO2-0;1f94f8ad-7171-b062-c0a5-dbf839ac97e9;CD:E6:D3:07;0;AVIÁRIO MEIO;731,00;29/11/2025;20:58:49;20;1283-20
CO2;1283;CT-CO2-0;1f94f8ad-7171-b062-c0a5-dbf839ac97e9;CD:E6:D3:07;0;AVIÁRIO MEIO;745,00;29/11/2025;21:06:52;20;1283-20
CO2;1283;CT-CO2-0;1f94f8ad-7171-b062-c0a5-dbf839ac97e9;CD:E6:D3:07;0;AVIÁRIO MEIO;744,00;29/11/2025;21:12:24;20;1283-20
CO2;1283;CT-CO2-0;1f94f8ad-7171-b062-c0a5-dbf839ac97e9;CD:E6:D3:07;0;AVIÁRIO MEIO;736,00;29/11/2025;21:17:30;20;1283-20
CO2;1283;CT-CO2-0;1f94f8ad-7171-b062-c0a5-dbf839ac97e9;CD:E6:D3:07;0;AVIÁRIO MEIO;737,00;29/11/2025;21:23:03;20;1283-20
CO2;1283;CT-CO2-0;1f94f8ad-7171-b062-c0a5-dbf839ac97e9;CD:E6:D3:07;0;AVIÁRIO MEIO;731,00;29/11/2025;21:28:34;20;1283-20
CO2;1283;CT-CO2-0;1f94f8ad-7171-b062-c0a5-dbf839ac97e9;CD:E6:D3:07;0;AVIÁRIO MEIO;735,00;29/11/2025;21:33:39;20;1283-20
CO2;1283;CT-CO2-0;1f94f8ad-7171-b062-c0a5-dbf839ac97e9;CD:E6:D3:07;0;AVIÁRIO MEIO;730,00;29/11/2025;21:39:12;20;1283-20
CO2;1283;CT-CO2-0;1f94f8ad-7171-b062-c0a5-dbf839ac97e9;CD:E6:D3:07;0;AVIÁRIO MEIO;731,00;29/11/2025;21:44:43;20;1283-20
CO2;1283;CT-CO2-0;1f94f8ad-7171-b062-c0a5-dbf839ac97e9;CD:E6:D3:07;0;AVIÁRIO MEIO;722,00;29/11/2025;21:49:46;20;1283-20
CO2;1283;CT-CO2-0;1f94f8ad-7171-b062-c0a5-dbf839ac97e9;CD:E6:D3:07;0;AVIÁRIO MEIO;728,00;29/11/2025;21:55:17;20;1283-20
CO2;1283;CT-CO2-0;1f94f8ad-7171-b062-c0a5-dbf839ac97e9;CD:E6:D3:07;0;AVIÁRIO MEIO;736,00;29/11/2025;22:01:26;20;1283-20
CO2;1283;CT-CO2-0;1f94f8ad-7171-b062-c0a5-dbf839ac97e9;CD:E6:D3:07;0;AVIÁRIO MEIO;758,00;29/11/2025;22:05:58;20;1283-20
CO2;1283;CT-CO2-0;1f94f8ad-7171-b062-c0a5-dbf839ac97e9;CD:E6:D3:07;0;AVIÁRIO MEIO;767,00;29/11/2025;22:11:30;20;1283-20
CO2;1283;CT-CO2-0;1f94f8ad-7171-b062-c0a5-dbf839ac97e9;CD:E6:D3:07;0;AVIÁRIO MEIO;779,00;29/11/2025;22:17:02;20;1283-20
CO2;1283;CT-CO2-0;1f94f8ad-7171-b062-c0a5-dbf839ac97e9;CD:E6:D3:07;0;AVIÁRIO MEIO;742,00;29/11/2025;22:22:05;20;1283-20
CO2;1283;CT-CO2-0;1f94f8ad-7171-b062-c0a5-dbf839ac97e9;CD:E6:D3:07;0;AVIÁRIO MEIO;738,00;29/11/2025;22:27:37;20;1283-20
CO2;1283;CT-CO2-0;1f94f8ad-7171-b062-c0a5-dbf839ac97e9;CD:E6:D3:07;0;AVIÁRIO MEIO;760,00;29/11/2025;22:33:09;20;1283-20
CO2;1283;CT-CO2-0;1f94f8ad-7171-b062-c0a5-dbf839ac97e9;CD:E6:D3:07;0;AVIÁRIO MEIO;735,00;29/11/2025;22:38:42;20;1283-20
CO2;1283;CT-CO2-0;1f94f8ad-7171-b062-c0a5-dbf839ac97e9;CD:E6:D3:07;0;AVIÁRIO MEIO;736,00;29/11/2025;22:43:44;20;1283-20
CO2;1283;CT-CO2-0;1f94f8ad-7171-b062-c0a5-dbf839ac97e9;CD:E6:D3:07;0;AVIÁRIO MEIO;704,00;29/11/2025;22:49:18;20;1283-20
CO2;1283;CT-CO2-0;1f94f8ad-7171-b062-c0a5-dbf839ac97e9;CD:E6:D3:07;0;AVIÁRIO MEIO;747,00;29/11/2025;22:54:50;20;1283-20
CO2;1283;CT-CO2-0;1f94f8ad-7171-b062-c0a5-dbf839ac97e9;CD:E6:D3:07;0;AVIÁRIO MEIO;720,00;29/11/2025;22:59:54;20;1283-20
CO2;1283;CT-CO2-0;1f94f8ad-7171-b062-c0a5-dbf839ac97e9;CD:E6:D3:07;0;AVIÁRIO MEIO;720,00;29/11/2025;23:05:26;20;1283-20
CO2;1283;CT-CO2-0;1f94f8ad-7171-b062-c0a5-dbf839ac97e9;CD:E6:D3:07;0;AVIÁRIO MEIO;721,00;29/11/2025;23:11:34;20;1283-20
CO2;1283;CT-CO2-0;1f94f8ad-7171-b062-c0a5-dbf839ac97e9;CD:E6:D3:07;0;AVIÁRIO MEIO;712,00;29/11/2025;23:16:05;20;1283-20
CO2;1283;CT-CO2-0;1f94f8ad-7171-b062-c0a5-dbf839ac97e9;CD:E6:D3:07;0;AVIÁRIO MEIO;714,00;29/11/2025;23:21:38;20;1283-20
CO2;1283;CT-CO2-0;1f94f8ad-7171-b062-c0a5-dbf839ac97e9;CD:E6:D3:07;0;AVIÁRIO MEIO;729,00;29/11/2025;23:27:10;20;1283-20
CO2;1283;CT-CO2-0;1f94f8ad-7171-b062-c0a5-dbf839ac97e9;CD:E6:D3:07;0;AVIÁRIO MEIO;730,00;29/11/2025;23:32:42;20;1283-20
CO2;1283;CT-CO2-0;1f94f8ad-7171-b062-c0a5-dbf839ac97e9;CD:E6:D3:07;0;AVIÁRIO MEIO;723,00;29/11/2025;23:37:45;20;1283-20
CO2;1283;CT-CO2-0;1f94f8ad-7171-b062-c0a5-dbf839ac97e9;CD:E6:D3:07;0;AVIÁRIO MEIO;727,00;29/11/2025;23:43:16;20;1283-20
CO2;1283;CT-CO2-0;1f94f8ad-7171-b062-c0a5-dbf839ac97e9;CD:E6:D3:07;0;AVIÁRIO MEIO;713,00;29/11/2025;23:48:48;20;1283-20
CO2;1283;CT-CO2-0;1f94f8ad-7171-b062-c0a5-dbf839ac97e9;CD:E6:D3:07;0;AVIÁRIO MEIO;727,00;29/11/2025;23:53:50;20;1283-20
CO2;1283;CT-CO2-0;1f94f8ad-7171-b062-c0a5-dbf839ac97e9;CD:E6:D3:07;0;AVIÁRIO MEIO;709,00;29/11/2025;23:59:22;20;1283-20
CO2;1283;CT-CO2-0;1f94f8ad-7171-b062-c0a5-dbf839ac97e9;CD:E6:D3:07;0;AVIÁRIO MEIO;692,00;30/11/2025;00:04:55;20;1283-20
CO2;1283;CT-CO2-0;1f94f8ad-7171-b062-c0a5-dbf839ac97e9;CD:E6:D3:07;0;AVIÁRIO MEIO;724,00;30/11/2025;00:10:27;20;1283-20
CO2;1283;CT-CO2-0;1f94f8ad-7171-b062-c0a5-dbf839ac97e9;CD:E6:D3:07;0;AVIÁRIO MEIO;723,00;30/11/2025;00:15:31;20;1283-20
CO2;1283;CT-CO2-0;1f94f8ad-7171-b062-c0a5-dbf839ac97e9;CD:E6:D3:07;0;AVIÁRIO MEIO;721,00;30/11/2025;00:21:36;20;1283-20
CO2;1283;CT-CO2-0;1f94f8ad-7171-b062-c0a5-dbf839ac97e9;CD:E6:D3:07;0;AVIÁRIO MEIO;747,00;30/11/2025;00:26:38;20;1283-20
CO2;1283;CT-CO2-0;1f94f8ad-7171-b062-c0a5-dbf839ac97e9;CD:E6:D3:07;0;AVIÁRIO MEIO;734,00;30/11/2025;00:31:39;20;1283-20
CO2;1283;CT-CO2-0;1f94f8ad-7171-b062-c0a5-dbf839ac97e9;CD:E6:D3:07;0;AVIÁRIO MEIO;711,00;30/11/2025;00:37:12;20;1283-20
CO2;1283;CT-CO2-0;1f94f8ad-7171-b062-c0a5-dbf839ac97e9;CD:E6:D3:07;0;AVIÁRIO MEIO;736,00;30/11/2025;00:42:44;20;1283-20
CO2;1283;CT-CO2-0;1f94f8ad-7171-b062-c0a5-dbf839ac97e9;CD:E6:D3:07;0;AVIÁRIO MEIO;744,00;30/11/2025;00:47:46;20;1283-20
CO2;1283;CT-CO2-0;1f94f8ad-7171-b062-c0a5-dbf839ac97e9;CD:E6:D3:07;0;AVIÁRIO MEIO;713,00;30/11/2025;00:53:19;20;1283-20
CO2;1283;CT-CO2-0;1f94f8ad-7171-b062-c0a5-dbf839ac97e9;CD:E6:D3:07;0;AVIÁRIO MEIO;705,00;30/11/2025;00:58:52;20;1283-20
CO2;1283;CT-CO2-0;1f94f8ad-7171-b062-c0a5-dbf839ac97e9;CD:E6:D3:07;0;AVIÁRIO MEIO;716,00;30/11/2025;01:03:54;20;1283-20
CO2;1283;CT-CO2-0;1f94f8ad-7171-b062-c0a5-dbf839ac97e9;CD:E6:D3:07;0;AVIÁRIO MEIO;707,00;30/11/2025;01:09:26;20;1283-20
CO2;1283;CT-CO2-0;1f94f8ad-7171-b062-c0a5-dbf839ac97e9;CD:E6:D3:07;0;AVIÁRIO MEIO;710,00;30/11/2025;01:14:58;20;1283-20
CO2;1283;CT-CO2-0;1f94f8ad-7171-b062-c0a5-dbf839ac97e9;CD:E6:D3:07;0;AVIÁRIO MEIO;692,00;30/11/2025;01:20:30;20;1283-20
CO2;1283;CT-CO2-0;1f94f8ad-7171-b062-c0a5-dbf839ac97e9;CD:E6:D3:07;0;AVIÁRIO MEIO;710,00;30/11/2025;01:25:32;20;1283-20
CO2;1283;CT-CO2-0;1f94f8ad-7171-b062-c0a5-dbf839ac97e9;CD:E6:D3:07;0;AVIÁRIO MEIO;712,00;30/11/2025;01:31:35;20;1283-20
CO2;1283;CT-CO2-0;1f94f8ad-7171-b062-c0a5-dbf839ac97e9;CD:E6:D3:07;0;AVIÁRIO MEIO;706,00;30/11/2025;01:36:38;20;1283-20
CO2;1283;CT-CO2-0;1f94f8ad-7171-b062-c0a5-dbf839ac97e9;CD:E6:D3:07;0;AVIÁRIO MEIO;718,00;30/11/2025;01:42:10;20;1283-20
CO2;1283;CT-CO2-0;1f94f8ad-7171-b062-c0a5-dbf839ac97e9;CD:E6:D3:07;0;AVIÁRIO MEIO;732,00;30/11/2025;01:47:12;20;1283-20
CO2;1283;CT-CO2-0;1f94f8ad-7171-b062-c0a5-dbf839ac97e9;CD:E6:D3:07;0;AVIÁRIO MEIO;744,00;30/11/2025;01:52:45;20;1283-20
CO2;1283;CT-CO2-0;1f94f8ad-7171-b062-c0a5-dbf839ac97e9;CD:E6:D3:07;0;AVIÁRIO MEIO;726,00;30/11/2025;01:58:17;20;1283-20
CO2;1283;CT-CO2-0;1f94f8ad-7171-b062-c0a5-dbf839ac97e9;CD:E6:D3:07;0;AVIÁRIO MEIO;714,00;30/11/2025;02:03:20;20;1283-20
CO2;1283;CT-CO2-0;1f94f8ad-7171-b062-c0a5-dbf839ac97e9;CD:E6:D3:07;0;AVIÁRIO MEIO;715,00;30/11/2025;02:08:52;20;1283-20
CO2;1283;CT-CO2-0;1f94f8ad-7171-b062-c0a5-dbf839ac97e9;CD:E6:D3:07;0;AVIÁRIO MEIO;720,00;30/11/2025;02:14:24;20;1283-20
CO2;1283;CT-CO2-0;1f94f8ad-7171-b062-c0a5-dbf839ac97e9;CD:E6:D3:07;0;AVIÁRIO MEIO;727,00;30/11/2025;02:19:26;20;1283-20
CO2;1283;CT-CO2-0;1f94f8ad-7171-b062-c0a5-dbf839ac97e9;CD:E6:D3:07;0;AVIÁRIO MEIO;747,00;30/11/2025;02:24:58;20;1283-20
CO2;1283;CT-CO2-0;1f94f8ad-7171-b062-c0a5-dbf839ac97e9;CD:E6:D3:07;0;AVIÁRIO MEIO;749,00;30/11/2025;02:30:31;20;1283-20
CO2;1283;CT-CO2-0;1f94f8ad-7171-b062-c0a5-dbf839ac97e9;CD:E6:D3:07;0;AVIÁRIO MEIO;764,00;30/11/2025;02:36:03;20;1283-20
CO2;1283;CT-CO2-0;1f94f8ad-7171-b062-c0a5-dbf839ac97e9;CD:E6:D3:07;0;AVIÁRIO MEIO;723,00;30/11/2025;02:41:38;20;1283-20
CO2;1283;CT-CO2-0;1f94f8ad-7171-b062-c0a5-dbf839ac97e9;CD:E6:D3:07;0;AVIÁRIO MEIO;711,00;30/11/2025;02:46:40;20;1283-20
CO2;1283;CT-CO2-0;1f94f8ad-7171-b062-c0a5-dbf839ac97e9;CD:E6:D3:07;0;AVIÁRIO MEIO;728,00;30/11/2025;02:52:12;20;1283-20
CO2;1283;CT-CO2-0;1f94f8ad-7171-b062-c0a5-dbf839ac97e9;CD:E6:D3:07;0;AVIÁRIO MEIO;701,00;30/11/2025;02:57:14;20;1283-20
CO2;1283;CT-CO2-0;1f94f8ad-7171-b062-c0a5-dbf839ac97e9;CD:E6:D3:07;0;AVIÁRIO MEIO;733,00;30/11/2025;03:02:45;20;1283-20
CO2;1283;CT-CO2-0;1f94f8ad-7171-b062-c0a5-dbf839ac97e9;CD:E6:D3:07;0;AVIÁRIO MEIO;698,00;30/11/2025;03:08:17;20;1283-20
CO2;1283;CT-CO2-0;1f94f8ad-7171-b062-c0a5-dbf839ac97e9;CD:E6:D3:07;0;AVIÁRIO MEIO;723,00;30/11/2025;03:13:48;20;1283-20
CO2;1283;CT-CO2-0;1f94f8ad-7171-b062-c0a5-dbf839ac97e9;CD:E6:D3:07;0;AVIÁRIO MEIO;713,00;30/11/2025;03:18:51;20;1283-20
CO2;1283;CT-CO2-0;1f94f8ad-7171-b062-c0a5-dbf839ac97e9;CD:E6:D3:07;0;AVIÁRIO MEIO;722,00;30/11/2025;03:24:23;20;1283-20
CO2;1283;CT-CO2-0;1f94f8ad-7171-b062-c0a5-dbf839ac97e9;CD:E6:D3:07;0;AVIÁRIO MEIO;743,00;30/11/2025;03:29:55;20;1283-20
CO2;1283;CT-CO2-0;1f94f8ad-7171-b062-c0a5-dbf839ac97e9;CD:E6:D3:07;0;AVIÁRIO MEIO;727,00;30/11/2025;03:34:57;20;1283-20
CO2;1283;CT-CO2-0;1f94f8ad-7171-b062-c0a5-dbf839ac97e9;CD:E6:D3:07;0;AVIÁRIO MEIO;734,00;30/11/2025;03:40:29;20;1283-20
CO2;1283;CT-CO2-0;1f94f8ad-7171-b062-c0a5-dbf839ac97e9;CD:E6:D3:07;0;AVIÁRIO MEIO;739,00;30/11/2025;03:46:01;20;1283-20
CO2;1283;CT-CO2-0;1f94f8ad-7171-b062-c0a5-dbf839ac97e9;CD:E6:D3:07;0;AVIÁRIO MEIO;728,00;30/11/2025;03:52:05;20;1283-20
CO2;1283;CT-CO2-0;1f94f8ad-7171-b062-c0a5-dbf839ac97e9;CD:E6:D3:07;0;AVIÁRIO MEIO;731,00;30/11/2025;03:56:37;20;1283-20
CO2;1283;CT-CO2-0;1f94f8ad-7171-b062-c0a5-dbf839ac97e9;CD:E6:D3:07;0;AVIÁRIO MEIO;750,00;30/11/2025;04:02:09;20;1283-20
CO2;1283;CT-CO2-0;1f94f8ad-7171-b062-c0a5-dbf839ac97e9;CD:E6:D3:07;0;AVIÁRIO MEIO;745,00;30/11/2025;04:07:41;20;1283-20
CO2;1283;CT-CO2-0;1f94f8ad-7171-b062-c0a5-dbf839ac97e9;CD:E6:D3:07;0;AVIÁRIO MEIO;743,00;30/11/2025;04:12:43;20;1283-20
CO2;1283;CT-CO2-0;1f94f8ad-7171-b062-c0a5-dbf839ac97e9;CD:E6:D3:07;0;AVIÁRIO MEIO;737,00;30/11/2025;04:18:15;20;1283-20
CO2;1283;CT-CO2-0;1f94f8ad-7171-b062-c0a5-dbf839ac97e9;CD:E6:D3:07;0;AVIÁRIO MEIO;733,00;30/11/2025;04:23:47;20;1283-20
CO2;1283;CT-CO2-0;1f94f8ad-7171-b062-c0a5-dbf839ac97e9;CD:E6:D3:07;0;AVIÁRIO MEIO;725,00;30/11/2025;04:28:49;20;1283-20
CO2;1283;CT-CO2-0;1f94f8ad-7171-b062-c0a5-dbf839ac97e9;CD:E6:D3:07;0;AVIÁRIO MEIO;720,00;30/11/2025;04:34:22;20;1283-20
CO2;1283;CT-CO2-0;1f94f8ad-7171-b062-c0a5-dbf839ac97e9;CD:E6:D3:07;0;AVIÁRIO MEIO;730,00;30/11/2025;04:39:54;20;1283-20
CO2;1283;CT-CO2-0;1f94f8ad-7171-b062-c0a5-dbf839ac97e9;CD:E6:D3:07;0;AVIÁRIO MEIO;772,00;30/11/2025;04:45:25;20;1283-20
CO2;1283;CT-CO2-0;1f94f8ad-7171-b062-c0a5-dbf839ac97e9;CD:E6:D3:07;0;AVIÁRIO MEIO;759,00;30/11/2025;04:50:27;20;1283-20
CO2;1283;CT-CO2-0;1f94f8ad-7171-b062-c0a5-dbf839ac97e9;CD:E6:D3:07;0;AVIÁRIO MEIO;743,00;30/11/2025;04:55:59;20;1283-20
CO2;1283;CT-CO2-0;1f94f8ad-7171-b062-c0a5-dbf839ac97e9;CD:E6:D3:07;0;AVIÁRIO MEIO;719,00;30/11/2025;05:02:04;20;1283-20
CO2;1283;CT-CO2-0;1f94f8ad-7171-b062-c0a5-dbf839ac97e9;CD:E6:D3:07;0;AVIÁRIO MEIO;688,00;30/11/2025;05:06:36;20;1283-20
CO2;1283;CT-CO2-0;1f94f8ad-7171-b062-c0a5-dbf839ac97e9;CD:E6:D3:07;0;AVIÁRIO MEIO;708,00;30/11/2025;05:12:08;20;1283-20
CO2;1283;CT-CO2-0;1f94f8ad-7171-b062-c0a5-dbf839ac97e9;CD:E6:D3:07;0;AVIÁRIO MEIO;724,00;30/11/2025;05:17:40;20;1283-20
CO2;1283;CT-CO2-0;1f94f8ad-7171-b062-c0a5-dbf839ac97e9;CD:E6:D3:07;0;AVIÁRIO MEIO;703,00;30/11/2025;05:23:12;20;1283-20
CO2;1283;CT-CO2-0;1f94f8ad-7171-b062-c0a5-dbf839ac97e9;CD:E6:D3:07;0;AVIÁRIO MEIO;713,00;30/11/2025;05:28:14;20;1283-20
CO2;1283;CT-CO2-0;1f94f8ad-7171-b062-c0a5-dbf839ac97e9;CD:E6:D3:07;0;AVIÁRIO MEIO;728,00;30/11/2025;05:33:46;20;1283-20
CO2;1283;CT-CO2-0;1f94f8ad-7171-b062-c0a5-dbf839ac97e9;CD:E6:D3:07;0;AVIÁRIO MEIO;702,00;30/11/2025;05:39:18;20;1283-20
CO2;1283;CT-CO2-0;1f94f8ad-7171-b062-c0a5-dbf839ac97e9;CD:E6:D3:07;0;AVIÁRIO MEIO;702,00;30/11/2025;05:44:20;20;1283-20
CO2;1283;CT-CO2-0;1f94f8ad-7171-b062-c0a5-dbf839ac97e9;CD:E6:D3:07;0;AVIÁRIO MEIO;703,00;30/11/2025;05:49:53;20;1283-20
CO2;1283;CT-CO2-0;1f94f8ad-7171-b062-c0a5-dbf839ac97e9;CD:E6:D3:07;0;AVIÁRIO MEIO;713,00;30/11/2025;05:55:25;20;1283-20
CO2;1283;CT-CO2-0;1f94f8ad-7171-b062-c0a5-dbf839ac97e9;CD:E6:D3:07;0;AVIÁRIO MEIO;704,00;30/11/2025;06:00:32;20;1283-20
CO2;1283;CT-CO2-0;1f94f8ad-7171-b062-c0a5-dbf839ac97e9;CD:E6:D3:07;0;AVIÁRIO MEIO;710,00;30/11/2025;06:06:05;20;1283-20
CO2;1283;CT-CO2-0;1f94f8ad-7171-b062-c0a5-dbf839ac97e9;CD:E6:D3:07;0;AVIÁRIO MEIO;705,00;30/11/2025;06:12:09;20;1283-20
CO2;1283;CT-CO2-0;1f94f8ad-7171-b062-c0a5-dbf839ac97e9;CD:E6:D3:07;0;AVIÁRIO MEIO;712,00;30/11/2025;06:16:40;20;1283-20
CO2;1283;CT-CO2-0;1f94f8ad-7171-b062-c0a5-dbf839ac97e9;CD:E6:D3:07;0;AVIÁRIO MEIO;725,00;30/11/2025;06:22:12;20;1283-20
CO2;1283;CT-CO2-0;1f94f8ad-7171-b062-c0a5-dbf839ac97e9;CD:E6:D3:07;0;AVIÁRIO MEIO;715,00;30/11/2025;06:27:44;20;1283-20
CO2;1283;CT-CO2-0;1f94f8ad-7171-b062-c0a5-dbf839ac97e9;CD:E6:D3:07;0;AVIÁRIO MEIO;717,00;30/11/2025;06:33:16;20;1283-20
CO2;1283;CT-CO2-0;1f94f8ad-7171-b062-c0a5-dbf839ac97e9;CD:E6:D3:07;0;AVIÁRIO MEIO;725,00;30/11/2025;06:38:19;20;1283-20
CO2;1283;CT-CO2-0;1f94f8ad-7171-b062-c0a5-dbf839ac97e9;CD:E6:D3:07;0;AVIÁRIO MEIO;705,00;30/11/2025;06:43:51;20;1283-20
CO2;1283;CT-CO2-0;1f94f8ad-7171-b062-c0a5-dbf839ac97e9;CD:E6:D3:07;0;AVIÁRIO MEIO;727,00;30/11/2025;06:49:26;20;1283-20
CO2;1283;CT-CO2-0;1f94f8ad-7171-b062-c0a5-dbf839ac97e9;CD:E6:D3:07;0;AVIÁRIO MEIO;727,00;30/11/2025;06:54:28;20;1283-20
CO2;1283;CT-CO2-0;1f94f8ad-7171-b062-c0a5-dbf839ac97e9;CD:E6:D3:07;0;AVIÁRIO MEIO;726,00;30/11/2025;07:00:00;20;1283-20
CO2;1283;CT-CO2-0;1f94f8ad-7171-b062-c0a5-dbf839ac97e9;CD:E6:D3:07;0;AVIÁRIO MEIO;724,00;30/11/2025;07:05:35;20;1283-20
CO2;1283;CT-CO2-0;1f94f8ad-7171-b062-c0a5-dbf839ac97e9;CD:E6:D3:07;0;AVIÁRIO MEIO;733,00;30/11/2025;07:10:37;20;1283-20
CO2;1283;CT-CO2-0;1f94f8ad-7171-b062-c0a5-dbf839ac97e9;CD:E6:D3:07;0;AVIÁRIO MEIO;714,00;30/11/2025;07:16:09;20;1283-20
CO2;1283;CT-CO2-0;1f94f8ad-7171-b062-c0a5-dbf839ac97e9;CD:E6:D3:07;0;AVIÁRIO MEIO;706,00;30/11/2025;07:22:11;20;1283-20
CO2;1283;CT-CO2-0;1f94f8ad-7171-b062-c0a5-dbf839ac97e9;CD:E6:D3:07;0;AVIÁRIO MEIO;698,00;30/11/2025;07:26:43;20;1283-20
CO2;1283;CT-CO2-0;1f94f8ad-7171-b062-c0a5-dbf839ac97e9;CD:E6:D3:07;0;AVIÁRIO MEIO;695,00;30/11/2025;07:32:16;20;1283-20
CO2;1283;CT-CO2-0;1f94f8ad-7171-b062-c0a5-dbf839ac97e9;CD:E6:D3:07;0;AVIÁRIO MEIO;708,00;30/11/2025;07:37:48;20;1283-20
CO2;1283;CT-CO2-0;1f94f8ad-7171-b062-c0a5-dbf839ac97e9;CD:E6:D3:07;0;AVIÁRIO MEIO;774,00;30/11/2025;07:43:20;20;1283-20
CO2;1283;CT-CO2-0;1f94f8ad-7171-b062-c0a5-dbf839ac97e9;CD:E6:D3:07;0;AVIÁRIO MEIO;699,00;30/11/2025;07:48:23;20;1283-20
CO2;1283;CT-CO2-0;1f94f8ad-7171-b062-c0a5-dbf839ac97e9;CD:E6:D3:07;0;AVIÁRIO MEIO;694,00;30/11/2025;07:53:55;20;1283-20
CO2;1283;CT-CO2-0;1f94f8ad-7171-b062-c0a5-dbf839ac97e9;CD:E6:D3:07;0;AVIÁRIO MEIO;696,00;30/11/2025;07:59:33;20;1283-20
CO2;1283;CT-CO2-0;1f94f8ad-7171-b062-c0a5-dbf839ac97e9;CD:E6:D3:07;0;AVIÁRIO MEIO;703,00;30/11/2025;08:04:37;20;1283-20
CO2;1283;CT-CO2-0;1f94f8ad-7171-b062-c0a5-dbf839ac97e9;CD:E6:D3:07;0;AVIÁRIO MEIO;690,00;30/11/2025;08:10:10;20;1283-20
CO2;1283;CT-CO2-0;1f94f8ad-7171-b062-c0a5-dbf839ac97e9;CD:E6:D3:07;0;AVIÁRIO MEIO;687,00;30/11/2025;08:15:42;20;1283-20
CO2;1283;CT-CO2-0;1f94f8ad-7171-b062-c0a5-dbf839ac97e9;CD:E6:D3:07;0;AVIÁRIO MEIO;674,00;30/11/2025;08:20:44;20;1283-20
CO2;1283;CT-CO2-0;1f94f8ad-7171-b062-c0a5-dbf839ac97e9;CD:E6:D3:07;0;AVIÁRIO MEIO;721,00;30/11/2025;08:26:16;20;1283-20
CO2;1283;CT-CO2-0;1f94f8ad-7171-b062-c0a5-dbf839ac97e9;CD:E6:D3:07;0;AVIÁRIO MEIO;670,00;30/11/2025;08:32:20;20;1283-20
CO2;1283;CT-CO2-0;1f94f8ad-7171-b062-c0a5-dbf839ac97e9;CD:E6:D3:07;0;AVIÁRIO MEIO;671,00;30/11/2025;08:36:52;20;1283-20
CO2;1283;CT-CO2-0;1f94f8ad-7171-b062-c0a5-dbf839ac97e9;CD:E6:D3:07;0;AVIÁRIO MEIO;686,00;30/11/2025;08:42:23;20;1283-20
CO2;1283;CT-CO2-0;1f94f8ad-7171-b062-c0a5-dbf839ac97e9;CD:E6:D3:07;0;AVIÁRIO MEIO;678,00;30/11/2025;08:47:56;20;1283-20
CO2;1283;CT-CO2-0;1f94f8ad-7171-b062-c0a5-dbf839ac97e9;CD:E6:D3:07;0;AVIÁRIO MEIO;677,00;30/11/2025;08:52:58;20;1283-20
CO2;1283;CT-CO2-0;1f94f8ad-7171-b062-c0a5-dbf839ac97e9;CD:E6:D3:07;0;AVIÁRIO MEIO;676,00;30/11/2025;08:58:29;20;1283-20
CO2;1283;CT-CO2-0;1f94f8ad-7171-b062-c0a5-dbf839ac97e9;CD:E6:D3:07;0;AVIÁRIO MEIO;671,00;30/11/2025;09:04:01;20;1283-20
CO2;1283;CT-CO2-0;1f94f8ad-7171-b062-c0a5-dbf839ac97e9;CD:E6:D3:07;0;AVIÁRIO MEIO;653,00;30/11/2025;09:09:33;20;1283-20
CO2;1283;CT-CO2-0;1f94f8ad-7171-b062-c0a5-dbf839ac97e9;CD:E6:D3:07;0;AVIÁRIO MEIO;659,00;30/11/2025;09:14:35;20;1283-20
CO2;1283;CT-CO2-0;1f94f8ad-7171-b062-c0a5-dbf839ac97e9;CD:E6:D3:07;0;AVIÁRIO MEIO;663,00;30/11/2025;09:20:08;20;1283-20
CO2;1283;CT-CO2-0;1f94f8ad-7171-b062-c0a5-dbf839ac97e9;CD:E6:D3:07;0;AVIÁRIO MEIO;649,00;30/11/2025;09:25:40;20;1283-20
CO2;1283;CT-CO2-0;1f94f8ad-7171-b062-c0a5-dbf839ac97e9;CD:E6:D3:07;0;AVIÁRIO MEIO;654,00;30/11/2025;09:30:42;20;1283-20
CO2;1283;CT-CO2-0;1f94f8ad-7171-b062-c0a5-dbf839ac97e9;CD:E6:D3:07;0;AVIÁRIO MEIO;674,00;30/11/2025;09:36:14;20;1283-20
CO2;1283;CT-CO2-0;1f94f8ad-7171-b062-c0a5-dbf839ac97e9;CD:E6:D3:07;0;AVIÁRIO MEIO;677,00;30/11/2025;09:42:18;20;1283-20
CO2;1283;CT-CO2-0;1f94f8ad-7171-b062-c0a5-dbf839ac97e9;CD:E6:D3:07;0;AVIÁRIO MEIO;661,00;30/11/2025;09:47:20;20;1283-20
CO2;1283;CT-CO2-0;1f94f8ad-7171-b062-c0a5-dbf839ac97e9;CD:E6:D3:07;0;AVIÁRIO MEIO;649,00;30/11/2025;09:52:22;20;1283-20
CO2;1283;CT-CO2-0;1f94f8ad-7171-b062-c0a5-dbf839ac97e9;CD:E6:D3:07;0;AVIÁRIO MEIO;648,00;30/11/2025;09:57:54;20;1283-20
CO2;1283;CT-CO2-0;1f94f8ad-7171-b062-c0a5-dbf839ac97e9;CD:E6:D3:07;0;AVIÁRIO MEIO;663,00;30/11/2025;10:03:26;20;1283-20
CO2;1283;CT-CO2-0;1f94f8ad-7171-b062-c0a5-dbf839ac97e9;CD:E6:D3:07;0;AVIÁRIO MEIO;656,00;30/11/2025;10:08:27;20;1283-20
CO2;1283;CT-CO2-0;1f94f8ad-7171-b062-c0a5-dbf839ac97e9;CD:E6:D3:07;0;AVIÁRIO MEIO;654,00;30/11/2025;10:14:00;20;1283-20
CO2;1283;CT-CO2-0;1f94f8ad-7171-b062-c0a5-dbf839ac97e9;CD:E6:D3:07;0;AVIÁRIO MEIO;649,00;30/11/2025;10:19:32;20;1283-20
CO2;1283;CT-CO2-0;1f94f8ad-7171-b062-c0a5-dbf839ac97e9;CD:E6:D3:07;0;AVIÁRIO MEIO;654,00;30/11/2025;10:25:04;20;1283-20
CO2;1283;CT-CO2-0;1f94f8ad-7171-b062-c0a5-dbf839ac97e9;CD:E6:D3:07;0;AVIÁRIO MEIO;647,00;30/11/2025;10:30:06;20;1283-20
CO2;1283;CT-CO2-0;1f94f8ad-7171-b062-c0a5-dbf839ac97e9;CD:E6:D3:07;0;AVIÁRIO MEIO;643,00;30/11/2025;10:35:38;20;1283-20
CO2;1283;CT-CO2-0;1f94f8ad-7171-b062-c0a5-dbf839ac97e9;CD:E6:D3:07;0;AVIÁRIO MEIO;634,00;30/11/2025;10:41:10;20;1283-20
CO2;1283;CT-CO2-0;1f94f8ad-7171-b062-c0a5-dbf839ac97e9;CD:E6:D3:07;0;AVIÁRIO MEIO;642,00;30/11/2025;10:46:42;20;1283-20
CO2;1283;CT-CO2-0;1f94f8ad-7171-b062-c0a5-dbf839ac97e9;CD:E6:D3:07;0;AVIÁRIO MEIO;648,00;30/11/2025;10:52:17;20;1283-20
CO2;1283;CT-CO2-0;1f94f8ad-7171-b062-c0a5-dbf839ac97e9;CD:E6:D3:07;0;AVIÁRIO MEIO;652,00;30/11/2025;10:57:20;20;1283-20
CO2;1283;CT-CO2-0;1f94f8ad-7171-b062-c0a5-dbf839ac97e9;CD:E6:D3:07;0;AVIÁRIO MEIO;635,00;30/11/2025;11:02:52;20;1283-20
CO2;1283;CT-CO2-0;1f94f8ad-7171-b062-c0a5-dbf839ac97e9;CD:E6:D3:07;0;AVIÁRIO MEIO;642,00;30/11/2025;11:07:54;20;1283-20
CO2;1283;CT-CO2-0;1f94f8ad-7171-b062-c0a5-dbf839ac97e9;CD:E6:D3:07;0;AVIÁRIO MEIO;653,00;30/11/2025;11:13:25;20;1283-20
CO2;1283;CT-CO2-0;1f94f8ad-7171-b062-c0a5-dbf839ac97e9;CD:E6:D3:07;0;AVIÁRIO MEIO;652,00;30/11/2025;11:18:58;20;1283-20
CO2;1283;CT-CO2-0;1f94f8ad-7171-b062-c0a5-dbf839ac97e9;CD:E6:D3:07;0;AVIÁRIO MEIO;662,00;30/11/2025;11:24:00;20;1283-20
CO2;1283;CT-CO2-0;1f94f8ad-7171-b062-c0a5-dbf839ac97e9;CD:E6:D3:07;0;AVIÁRIO MEIO;654,00;30/11/2025;11:29:31;20;1283-20
CO2;1283;CT-CO2-0;1f94f8ad-7171-b062-c0a5-dbf839ac97e9;CD:E6:D3:07;0;AVIÁRIO MEIO;656,00;30/11/2025;11:35:04;20;1283-20
CO2;1283;CT-CO2-0;1f94f8ad-7171-b062-c0a5-dbf839ac97e9;CD:E6:D3:07;0;AVIÁRIO MEIO;651,00;30/11/2025;11:40:36;20;1283-20
CO2;1283;CT-CO2-0;1f94f8ad-7171-b062-c0a5-dbf839ac97e9;CD:E6:D3:07;0;AVIÁRIO MEIO;647,00;30/11/2025;11:45:38;20;1283-20
CO2;1283;CT-CO2-0;1f94f8ad-7171-b062-c0a5-dbf839ac97e9;CD:E6:D3:07;0;AVIÁRIO MEIO;648,00;30/11/2025;11:51:10;20;1283-20
CO2;1283;CT-CO2-0;1f94f8ad-7171-b062-c0a5-dbf839ac97e9;CD:E6:D3:07;0;AVIÁRIO MEIO;692,00;30/11/2025;11:56:42;20;1283-20
CO2;1283;CT-CO2-0;1f94f8ad-7171-b062-c0a5-dbf839ac97e9;CD:E6:D3:07;0;AVIÁRIO MEIO;658,00;30/11/2025;12:02:16;20;1283-20
CO2;1283;CT-CO2-0;1f94f8ad-7171-b062-c0a5-dbf839ac97e9;CD:E6:D3:07;0;AVIÁRIO MEIO;663,00;30/11/2025;12:07:20;20;1283-20
CO2;1283;CT-CO2-0;1f94f8ad-7171-b062-c0a5-dbf839ac97e9;CD:E6:D3:07;0;AVIÁRIO MEIO;664,00;30/11/2025;12:12:51;20;1283-20
CO2;1283;CT-CO2-0;1f94f8ad-7171-b062-c0a5-dbf839ac97e9;CD:E6:D3:07;0;AVIÁRIO MEIO;667,00;30/11/2025;12:17:53;20;1283-20
CO2;1283;CT-CO2-0;1f94f8ad-7171-b062-c0a5-dbf839ac97e9;CD:E6:D3:07;0;AVIÁRIO MEIO;661,00;30/11/2025;12:23:25;20;1283-20
CO2;1283;CT-CO2-0;1f94f8ad-7171-b062-c0a5-dbf839ac97e9;CD:E6:D3:07;0;AVIÁRIO MEIO;657,00;30/11/2025;12:28:58;20;1283-20
CO2;1283;CT-CO2-0;1f94f8ad-7171-b062-c0a5-dbf839ac97e9;CD:E6:D3:07;0;AVIÁRIO MEIO;670,00;30/11/2025;12:34:30;20;1283-20
CO2;1283;CT-CO2-0;1f94f8ad-7171-b062-c0a5-dbf839ac97e9;CD:E6:D3:07;0;AVIÁRIO MEIO;669,00;30/11/2025;12:39:33;20;1283-20
CO2;1283;CT-CO2-0;1f94f8ad-7171-b062-c0a5-dbf839ac97e9;CD:E6:D3:07;0;AVIÁRIO MEIO;672,00;30/11/2025;12:45:05;20;1283-20
CO2;1283;CT-CO2-0;1f94f8ad-7171-b062-c0a5-dbf839ac97e9;CD:E6:D3:07;0;AVIÁRIO MEIO;668,00;30/11/2025;12:50:37;20;1283-20
CO2;1283;CT-CO2-0;1f94f8ad-7171-b062-c0a5-dbf839ac97e9;CD:E6:D3:07;0;AVIÁRIO MEIO;662,00;30/11/2025;12:55:39;20;1283-20
CO2;1283;CT-CO2-0;1f94f8ad-7171-b062-c0a5-dbf839ac97e9;CD:E6:D3:07;0;AVIÁRIO MEIO;675,00;30/11/2025;13:01:11;20;1283-20
CO2;1283;CT-CO2-0;1f94f8ad-7171-b062-c0a5-dbf839ac97e9;CD:E6:D3:07;0;AVIÁRIO MEIO;658,00;30/11/2025;13:06:44;20;1283-20
CO2;1283;CT-CO2-0;1f94f8ad-7171-b062-c0a5-dbf839ac97e9;CD:E6:D3:07;0;AVIÁRIO MEIO;667,00;30/11/2025;13:12:18;20;1283-20
CO2;1283;CT-CO2-0;1f94f8ad-7171-b062-c0a5-dbf839ac97e9;CD:E6:D3:07;0;AVIÁRIO MEIO;673,00;30/11/2025;13:17:21;20;1283-20
CO2;1283;CT-CO2-0;1f94f8ad-7171-b062-c0a5-dbf839ac97e9;CD:E6:D3:07;0;AVIÁRIO MEIO;667,00;30/11/2025;13:22:52;20;1283-20
CO2;1283;CT-CO2-0;1f94f8ad-7171-b062-c0a5-dbf839ac97e9;CD:E6:D3:07;0;AVIÁRIO MEIO;666,00;30/11/2025;13:28:24;20;1283-20
CO2;1283;CT-CO2-0;1f94f8ad-7171-b062-c0a5-dbf839ac97e9;CD:E6:D3:07;0;AVIÁRIO MEIO;664,00;30/11/2025;13:33:32;20;1283-20
CO2;1283;CT-CO2-0;1f94f8ad-7171-b062-c0a5-dbf839ac97e9;CD:E6:D3:07;0;AVIÁRIO MEIO;651,00;30/11/2025;13:39:03;20;1283-20
CO2;1283;CT-CO2-0;1f94f8ad-7171-b062-c0a5-dbf839ac97e9;CD:E6:D3:07;0;AVIÁRIO MEIO;678,00;30/11/2025;13:44:35;20;1283-20
CO2;1283;CT-CO2-0;1f94f8ad-7171-b062-c0a5-dbf839ac97e9;CD:E6:D3:07;0;AVIÁRIO MEIO;680,00;30/11/2025;13:49:39;20;1283-20
CO2;1283;CT-CO2-0;1f94f8ad-7171-b062-c0a5-dbf839ac97e9;CD:E6:D3:07;0;AVIÁRIO MEIO;679,00;30/11/2025;13:55:11;20;1283-20
CO2;1283;CT-CO2-0;1f94f8ad-7171-b062-c0a5-dbf839ac97e9;CD:E6:D3:07;0;AVIÁRIO MEIO;657,00;30/11/2025;14:00:44;20;1283-20
CO2;1283;CT-CO2-0;1f94f8ad-7171-b062-c0a5-dbf839ac97e9;CD:E6:D3:07;0;AVIÁRIO MEIO;656,00;30/11/2025;14:05:45;20;1283-20
CO2;1283;CT-CO2-0;1f94f8ad-7171-b062-c0a5-dbf839ac97e9;CD:E6:D3:07;0;AVIÁRIO MEIO;690,00;30/11/2025;14:11:18;20;1283-20
CO2;1283;CT-CO2-0;1f94f8ad-7171-b062-c0a5-dbf839ac97e9;CD:E6:D3:07;0;AVIÁRIO MEIO;657,00;30/11/2025;14:17:21;20;1283-20
CO2;1283;CT-CO2-0;1f94f8ad-7171-b062-c0a5-dbf839ac97e9;CD:E6:D3:07;0;AVIÁRIO MEIO;664,00;30/11/2025;14:22:23;20;1283-20
CO2;1283;CT-CO2-0;1f94f8ad-7171-b062-c0a5-dbf839ac97e9;CD:E6:D3:07;0;AVIÁRIO MEIO;662,00;30/11/2025;14:27:27;20;1283-20
CO2;1283;CT-CO2-0;1f94f8ad-7171-b062-c0a5-dbf839ac97e9;CD:E6:D3:07;0;AVIÁRIO MEIO;647,00;30/11/2025;14:32:59;20;1283-20
CO2;1283;CT-CO2-0;1f94f8ad-7171-b062-c0a5-dbf839ac97e9;CD:E6:D3:07;0;AVIÁRIO MEIO;670,00;30/11/2025;14:38:31;20;1283-20
CO2;1283;CT-CO2-0;1f94f8ad-7171-b062-c0a5-dbf839ac97e9;CD:E6:D3:07;0;AVIÁRIO MEIO;662,00;30/11/2025;14:43:32;20;1283-20
CO2;1283;CT-CO2-0;1f94f8ad-7171-b062-c0a5-dbf839ac97e9;CD:E6:D3:07;0;AVIÁRIO MEIO;662,00;30/11/2025;14:49:05;20;1283-20
CO2;1283;CT-CO2-0;1f94f8ad-7171-b062-c0a5-dbf839ac97e9;CD:E6:D3:07;0;AVIÁRIO MEIO;649,00;30/11/2025;14:54:37;20;1283-20
CO2;1283;CT-CO2-0;1f94f8ad-7171-b062-c0a5-dbf839ac97e9;CD:E6:D3:07;0;AVIÁRIO MEIO;651,00;30/11/2025;15:00:10;20;1283-20
CO2;1283;CT-CO2-0;1f94f8ad-7171-b062-c0a5-dbf839ac97e9;CD:E6:D3:07;0;AVIÁRIO MEIO;662,00;30/11/2025;15:05:12;20;1283-20
CO2;1283;CT-CO2-0;1f94f8ad-7171-b062-c0a5-dbf839ac97e9;CD:E6:D3:07;0;AVIÁRIO MEIO;654,00;30/11/2025;15:10:45;20;1283-20
CO2;1283;CT-CO2-0;1f94f8ad-7171-b062-c0a5-dbf839ac97e9;CD:E6:D3:07;0;AVIÁRIO MEIO;674,00;30/11/2025;15:16:16;20;1283-20
CO2;1283;CT-CO2-0;1f94f8ad-7171-b062-c0a5-dbf839ac97e9;CD:E6:D3:07;0;AVIÁRIO MEIO;675,00;30/11/2025;15:21:18;20;1283-20
CO2;1283;CT-CO2-0;1f94f8ad-7171-b062-c0a5-dbf839ac97e9;CD:E6:D3:07;0;AVIÁRIO MEIO;661,00;30/11/2025;15:27:23;20;1283-20
CO2;1283;CT-CO2-0;1f94f8ad-7171-b062-c0a5-dbf839ac97e9;CD:E6:D3:07;0;AVIÁRIO MEIO;662,00;30/11/2025;15:32:25;20;1283-20
CO2;1283;CT-CO2-0;1f94f8ad-7171-b062-c0a5-dbf839ac97e9;CD:E6:D3:07;0;AVIÁRIO MEIO;679,00;30/11/2025;15:37:26;20;1283-20
CO2;1283;CT-CO2-0;1f94f8ad-7171-b062-c0a5-dbf839ac97e9;CD:E6:D3:07;0;AVIÁRIO MEIO;669,00;30/11/2025;15:42:59;20;1283-20
CO2;1283;CT-CO2-0;1f94f8ad-7171-b062-c0a5-dbf839ac97e9;CD:E6:D3:07;0;AVIÁRIO MEIO;673,00;30/11/2025;15:48:31;20;1283-20
CO2;1283;CT-CO2-0;1f94f8ad-7171-b062-c0a5-dbf839ac97e9;CD:E6:D3:07;0;AVIÁRIO MEIO;659,00;30/11/2025;15:54:03;20;1283-20
CO2;1283;CT-CO2-0;1f94f8ad-7171-b062-c0a5-dbf839ac97e9;CD:E6:D3:07;0;AVIÁRIO MEIO;673,00;30/11/2025;15:59:05;20;1283-20
CO2;1283;CT-CO2-0;1f94f8ad-7171-b062-c0a5-dbf839ac97e9;CD:E6:D3:07;0;AVIÁRIO MEIO;672,00;30/11/2025;16:04:37;20;1283-20
CO2;1283;CT-CO2-0;1f94f8ad-7171-b062-c0a5-dbf839ac97e9;CD:E6:D3:07;0;AVIÁRIO MEIO;661,00;30/11/2025;16:10:09;20;1283-20
CO2;1283;CT-CO2-0;1f94f8ad-7171-b062-c0a5-dbf839ac97e9;CD:E6:D3:07;0;AVIÁRIO MEIO;665,00;30/11/2025;16:15:11;20;1283-20
CO2;1283;CT-CO2-0;1f94f8ad-7171-b062-c0a5-dbf839ac97e9;CD:E6:D3:07;0;AVIÁRIO MEIO;651,00;30/11/2025;16:20:43;20;1283-20
CO2;1283;CT-CO2-0;1f94f8ad-7171-b062-c0a5-dbf839ac97e9;CD:E6:D3:07;0;AVIÁRIO MEIO;659,00;30/11/2025;16:26:14;20;1283-20
CO2;1283;CT-CO2-0;1f94f8ad-7171-b062-c0a5-dbf839ac97e9;CD:E6:D3:07;0;AVIÁRIO MEIO;657,00;30/11/2025;16:31:47;20;1283-20
CO2;1283;CT-CO2-0;1f94f8ad-7171-b062-c0a5-dbf839ac97e9;CD:E6:D3:07;0;AVIÁRIO MEIO;663,00;30/11/2025;16:37:21;20;1283-20
CO2;1283;CT-CO2-0;1f94f8ad-7171-b062-c0a5-dbf839ac97e9;CD:E6:D3:07;0;AVIÁRIO MEIO;655,00;30/11/2025;16:42:23;20;1283-20
CO2;1283;CT-CO2-0;1f94f8ad-7171-b062-c0a5-dbf839ac97e9;CD:E6:D3:07;0;AVIÁRIO MEIO;648,00;30/11/2025;16:47:55;20;1283-20
CO2;1283;CT-CO2-0;1f94f8ad-7171-b062-c0a5-dbf839ac97e9;CD:E6:D3:07;0;AVIÁRIO MEIO;659,00;30/11/2025;16:52:57;20;1283-20
CO2;1283;CT-CO2-0;1f94f8ad-7171-b062-c0a5-dbf839ac97e9;CD:E6:D3:07;0;AVIÁRIO MEIO;671,00;30/11/2025;16:58:30;20;1283-20
CO2;1283;CT-CO2-0;1f94f8ad-7171-b062-c0a5-dbf839ac97e9;CD:E6:D3:07;0;AVIÁRIO MEIO;665,00;30/11/2025;17:04:02;20;1283-20
CO2;1283;CT-CO2-0;1f94f8ad-7171-b062-c0a5-dbf839ac97e9;CD:E6:D3:07;0;AVIÁRIO MEIO;661,00;30/11/2025;17:09:34;20;1283-20
CO2;1283;CT-CO2-0;1f94f8ad-7171-b062-c0a5-dbf839ac97e9;CD:E6:D3:07;0;AVIÁRIO MEIO;649,00;30/11/2025;17:14:37;20;1283-20
CO2;1283;CT-CO2-0;1f94f8ad-7171-b062-c0a5-dbf839ac97e9;CD:E6:D3:07;0;AVIÁRIO MEIO;657,00;30/11/2025;17:20:10;20;1283-20
CO2;1283;CT-CO2-0;1f94f8ad-7171-b062-c0a5-dbf839ac97e9;CD:E6:D3:07;0;AVIÁRIO MEIO;664,00;30/11/2025;17:25:43;20;1283-20
CO2;1283;CT-CO2-0;1f94f8ad-7171-b062-c0a5-dbf839ac97e9;CD:E6:D3:07;0;AVIÁRIO MEIO;797,00;30/11/2025;17:30:45;20;1283-20
CO2;1283;CT-CO2-0;1f94f8ad-7171-b062-c0a5-dbf839ac97e9;CD:E6:D3:07;0;AVIÁRIO MEIO;654,00;30/11/2025;17:36:17;20;1283-20
CO2;1283;CT-CO2-0;1f94f8ad-7171-b062-c0a5-dbf839ac97e9;CD:E6:D3:07;0;AVIÁRIO MEIO;657,00;30/11/2025;17:41:50;20;1283-20
CO2;1283;CT-CO2-0;1f94f8ad-7171-b062-c0a5-dbf839ac97e9;CD:E6:D3:07;0;AVIÁRIO MEIO;692,00;30/11/2025;17:47:24;20;1283-20
CO2;1283;CT-CO2-0;1f94f8ad-7171-b062-c0a5-dbf839ac97e9;CD:E6:D3:07;0;AVIÁRIO MEIO;648,00;30/11/2025;17:52:27;20;1283-20
CO2;1283;CT-CO2-0;1f94f8ad-7171-b062-c0a5-dbf839ac97e9;CD:E6:D3:07;0;AVIÁRIO MEIO;641,00;30/11/2025;17:58:02;20;1283-20
CO2;1283;CT-CO2-0;1f94f8ad-7171-b062-c0a5-dbf839ac97e9;CD:E6:D3:07;0;AVIÁRIO MEIO;646,00;30/11/2025;18:03:06;20;1283-20
CO2;1283;CT-CO2-0;1f94f8ad-7171-b062-c0a5-dbf839ac97e9;CD:E6:D3:07;0;AVIÁRIO MEIO;653,00;30/11/2025;18:08:39;20;1283-20
CO2;1283;CT-CO2-0;1f94f8ad-7171-b062-c0a5-dbf839ac97e9;CD:E6:D3:07;0;AVIÁRIO MEIO;644,00;30/11/2025;18:13:41;20;1283-20
CO2;1283;CT-CO2-0;1f94f8ad-7171-b062-c0a5-dbf839ac97e9;CD:E6:D3:07;0;AVIÁRIO MEIO;652,00;30/11/2025;18:19:13;20;1283-20
CO2;1283;CT-CO2-0;1f94f8ad-7171-b062-c0a5-dbf839ac97e9;CD:E6:D3:07;0;AVIÁRIO MEIO;645,00;30/11/2025;18:24:45;20;1283-20
CO2;1283;CT-CO2-0;1f94f8ad-7171-b062-c0a5-dbf839ac97e9;CD:E6:D3:07;0;AVIÁRIO MEIO;667,00;30/11/2025;18:30:24;20;1283-20
CO2;1283;CT-CO2-0;1f94f8ad-7171-b062-c0a5-dbf839ac97e9;CD:E6:D3:07;0;AVIÁRIO MEIO;666,00;30/11/2025;18:35:26;20;1283-20
CO2;1283;CT-CO2-0;1f94f8ad-7171-b062-c0a5-dbf839ac97e9;CD:E6:D3:07;0;AVIÁRIO MEIO;657,00;30/11/2025;18:40:59;20;1283-20
CO2;1283;CT-CO2-0;1f94f8ad-7171-b062-c0a5-dbf839ac97e9;CD:E6:D3:07;0;AVIÁRIO MEIO;656,00;30/11/2025;18:46:01;20;1283-20
CO2;1283;CT-CO2-0;1f94f8ad-7171-b062-c0a5-dbf839ac97e9;CD:E6:D3:07;0;AVIÁRIO MEIO;668,00;30/11/2025;18:51:35;20;1283-20
CO2;1283;CT-CO2-0;1f94f8ad-7171-b062-c0a5-dbf839ac97e9;CD:E6:D3:07;0;AVIÁRIO MEIO;679,00;30/11/2025;18:57:39;20;1283-20
CO2;1283;CT-CO2-0;1f94f8ad-7171-b062-c0a5-dbf839ac97e9;CD:E6:D3:07;0;AVIÁRIO MEIO;712,00;30/11/2025;19:02:12;20;1283-20
CO2;1283;CT-CO2-0;1f94f8ad-7171-b062-c0a5-dbf839ac97e9;CD:E6:D3:07;0;AVIÁRIO MEIO;738,00;30/11/2025;19:07:44;20;1283-20
CO2;1283;CT-CO2-0;1f94f8ad-7171-b062-c0a5-dbf839ac97e9;CD:E6:D3:07;0;AVIÁRIO MEIO;760,00;30/11/2025;19:13:16;20;1283-20
CO2;1283;CT-CO2-0;1f94f8ad-7171-b062-c0a5-dbf839ac97e9;CD:E6:D3:07;0;AVIÁRIO MEIO;744,00;30/11/2025;19:18:18;20;1283-20
CO2;1283;CT-CO2-0;1f94f8ad-7171-b062-c0a5-dbf839ac97e9;CD:E6:D3:07;0;AVIÁRIO MEIO;717,00;30/11/2025;19:23:50;20;1283-20
CO2;1283;CT-CO2-0;1f94f8ad-7171-b062-c0a5-dbf839ac97e9;CD:E6:D3:07;0;AVIÁRIO MEIO;721,00;30/11/2025;19:29:22;20;1283-20
CO2;1283;CT-CO2-0;1f94f8ad-7171-b062-c0a5-dbf839ac97e9;CD:E6:D3:07;0;AVIÁRIO MEIO;736,00;30/11/2025;19:34:25;20;1283-20
CO2;1283;CT-CO2-0;1f94f8ad-7171-b062-c0a5-dbf839ac97e9;CD:E6:D3:07;0;AVIÁRIO MEIO;745,00;30/11/2025;19:39:58;20;1283-20
CO2;1283;CT-CO2-0;1f94f8ad-7171-b062-c0a5-dbf839ac97e9;CD:E6:D3:07;0;AVIÁRIO MEIO;731,00;30/11/2025;19:45:30;20;1283-20
CO2;1283;CT-CO2-0;1f94f8ad-7171-b062-c0a5-dbf839ac97e9;CD:E6:D3:07;0;AVIÁRIO MEIO;745,00;30/11/2025;19:50:32;20;1283-20
CO2;1283;CT-CO2-0;1f94f8ad-7171-b062-c0a5-dbf839ac97e9;CD:E6:D3:07;0;AVIÁRIO MEIO;761,00;30/11/2025;19:56:04;20;1283-20
CO2;1283;CT-CO2-0;1f94f8ad-7171-b062-c0a5-dbf839ac97e9;CD:E6:D3:07;0;AVIÁRIO MEIO;749,00;30/11/2025;20:01:36;20;1283-20
CO2;1283;CT-CO2-0;1f94f8ad-7171-b062-c0a5-dbf839ac97e9;CD:E6:D3:07;0;AVIÁRIO MEIO;729,00;30/11/2025;20:07:11;20;1283-20
CO2;1283;CT-CO2-0;1f94f8ad-7171-b062-c0a5-dbf839ac97e9;CD:E6:D3:07;0;AVIÁRIO MEIO;725,00;30/11/2025;20:12:13;20;1283-20
CO2;1283;CT-CO2-0;1f94f8ad-7171-b062-c0a5-dbf839ac97e9;CD:E6:D3:07;0;AVIÁRIO MEIO;716,00;30/11/2025;20:17:48;20;1283-20
CO2;1283;CT-CO2-0;1f94f8ad-7171-b062-c0a5-dbf839ac97e9;CD:E6:D3:07;0;AVIÁRIO MEIO;716,00;30/11/2025;20:22:51;20;1283-20
CO2;1283;CT-CO2-0;1f94f8ad-7171-b062-c0a5-dbf839ac97e9;CD:E6:D3:07;0;AVIÁRIO MEIO;732,00;30/11/2025;20:28:23;20;1283-20
CO2;1283;CT-CO2-0;1f94f8ad-7171-b062-c0a5-dbf839ac97e9;CD:E6:D3:07;0;AVIÁRIO MEIO;729,00;30/11/2025;20:33:25;20;1283-20
CO2;1283;CT-CO2-0;1f94f8ad-7171-b062-c0a5-dbf839ac97e9;CD:E6:D3:07;0;AVIÁRIO MEIO;773,00;30/11/2025;20:38:58;20;1283-20
CO2;1283;CT-CO2-0;1f94f8ad-7171-b062-c0a5-dbf839ac97e9;CD:E6:D3:07;0;AVIÁRIO MEIO;726,00;30/11/2025;20:44:31;20;1283-20
CO2;1283;CT-CO2-0;1f94f8ad-7171-b062-c0a5-dbf839ac97e9;CD:E6:D3:07;0;AVIÁRIO MEIO;723,00;30/11/2025;20:49:36;20;1283-20
CO2;1283;CT-CO2-0;1f94f8ad-7171-b062-c0a5-dbf839ac97e9;CD:E6:D3:07;0;AVIÁRIO MEIO;703,00;30/11/2025;20:55:09;20;1283-20
CO2;1283;CT-CO2-0;1f94f8ad-7171-b062-c0a5-dbf839ac97e9;CD:E6:D3:07;0;AVIÁRIO MEIO;702,00;30/11/2025;21:00:41;20;1283-20
CO2;1283;CT-CO2-0;1f94f8ad-7171-b062-c0a5-dbf839ac97e9;CD:E6:D3:07;0;AVIÁRIO MEIO;745,00;30/11/2025;21:06:14;20;1283-20
CO2;1283;CT-CO2-0;1f94f8ad-7171-b062-c0a5-dbf839ac97e9;CD:E6:D3:07;0;AVIÁRIO MEIO;719,00;30/11/2025;21:12:18;20;1283-20
CO2;1283;CT-CO2-0;1f94f8ad-7171-b062-c0a5-dbf839ac97e9;CD:E6:D3:07;0;AVIÁRIO MEIO;729,00;30/11/2025;21:17:20;20;1283-20
CO2;1283;CT-CO2-0;1f94f8ad-7171-b062-c0a5-dbf839ac97e9;CD:E6:D3:07;0;AVIÁRIO MEIO;716,00;30/11/2025;21:22:22;20;1283-20
CO2;1283;CT-CO2-0;1f94f8ad-7171-b062-c0a5-dbf839ac97e9;CD:E6:D3:07;0;AVIÁRIO MEIO;698,00;30/11/2025;21:27:54;20;1283-20
CO2;1283;CT-CO2-0;1f94f8ad-7171-b062-c0a5-dbf839ac97e9;CD:E6:D3:07;0;AVIÁRIO MEIO;708,00;30/11/2025;21:33:25;20;1283-20
CO2;1283;CT-CO2-0;1f94f8ad-7171-b062-c0a5-dbf839ac97e9;CD:E6:D3:07;0;AVIÁRIO MEIO;697,00;30/11/2025;21:38:27;20;1283-20
CO2;1283;CT-CO2-0;1f94f8ad-7171-b062-c0a5-dbf839ac97e9;CD:E6:D3:07;0;AVIÁRIO MEIO;706,00;30/11/2025;21:43:59;20;1283-20
CO2;1283;CT-CO2-0;1f94f8ad-7171-b062-c0a5-dbf839ac97e9;CD:E6:D3:07;0;AVIÁRIO MEIO;714,00;30/11/2025;21:49:31;20;1283-20
CO2;1283;CT-CO2-0;1f94f8ad-7171-b062-c0a5-dbf839ac97e9;CD:E6:D3:07;0;AVIÁRIO MEIO;743,00;30/11/2025;21:54:33;20;1283-20
CO2;1283;CT-CO2-0;1f94f8ad-7171-b062-c0a5-dbf839ac97e9;CD:E6:D3:07;0;AVIÁRIO MEIO;763,00;30/11/2025;22:00:06;20;1283-20
CO2;1283;CT-CO2-0;1f94f8ad-7171-b062-c0a5-dbf839ac97e9;CD:E6:D3:07;0;AVIÁRIO MEIO;727,00;30/11/2025;22:05:38;20;1283-20
CO2;1283;CT-CO2-0;1f94f8ad-7171-b062-c0a5-dbf839ac97e9;CD:E6:D3:07;0;AVIÁRIO MEIO;718,00;30/11/2025;22:10:40;20;1283-20
CO2;1283;CT-CO2-0;1f94f8ad-7171-b062-c0a5-dbf839ac97e9;CD:E6:D3:07;0;AVIÁRIO MEIO;715,00;30/11/2025;22:16:12;20;1283-20
CO2;1283;CT-CO2-0;1f94f8ad-7171-b062-c0a5-dbf839ac97e9;CD:E6:D3:07;0;AVIÁRIO MEIO;706,00;30/11/2025;22:22:15;20;1283-20
CO2;1283;CT-CO2-0;1f94f8ad-7171-b062-c0a5-dbf839ac97e9;CD:E6:D3:07;0;AVIÁRIO MEIO;702,00;30/11/2025;22:26:48;20;1283-20
CO2;1283;CT-CO2-0;1f94f8ad-7171-b062-c0a5-dbf839ac97e9;CD:E6:D3:07;0;AVIÁRIO MEIO;689,00;30/11/2025;22:32:19;20;1283-20
CO2;1283;CT-CO2-0;1f94f8ad-7171-b062-c0a5-dbf839ac97e9;CD:E6:D3:07;0;AVIÁRIO MEIO;720,00;30/11/2025;22:37:53;20;1283-20
CO2;1283;CT-CO2-0;1f94f8ad-7171-b062-c0a5-dbf839ac97e9;CD:E6:D3:07;0;AVIÁRIO MEIO;766,00;30/11/2025;22:42:54;20;1283-20
CO2;1283;CT-CO2-0;1f94f8ad-7171-b062-c0a5-dbf839ac97e9;CD:E6:D3:07;0;AVIÁRIO MEIO;770,00;30/11/2025;22:48:26;20;1283-20
CO2;1283;CT-CO2-0;1f94f8ad-7171-b062-c0a5-dbf839ac97e9;CD:E6:D3:07;0;AVIÁRIO MEIO;728,00;30/11/2025;22:53:58;20;1283-20
CO2;1283;CT-CO2-0;1f94f8ad-7171-b062-c0a5-dbf839ac97e9;CD:E6:D3:07;0;AVIÁRIO MEIO;738,00;30/11/2025;22:59:31;20;1283-20
CO2;1283;CT-CO2-0;1f94f8ad-7171-b062-c0a5-dbf839ac97e9;CD:E6:D3:07;0;AVIÁRIO MEIO;756,00;30/11/2025;23:04:33;20;1283-20
CO2;1283;CT-CO2-0;1f94f8ad-7171-b062-c0a5-dbf839ac97e9;CD:E6:D3:07;0;AVIÁRIO MEIO;740,00;30/11/2025;23:10:05;20;1283-20
CO2;1283;CT-CO2-0;1f94f8ad-7171-b062-c0a5-dbf839ac97e9;CD:E6:D3:07;0;AVIÁRIO MEIO;749,00;30/11/2025;23:15:37;20;1283-20
CO2;1283;CT-CO2-0;1f94f8ad-7171-b062-c0a5-dbf839ac97e9;CD:E6:D3:07;0;AVIÁRIO MEIO;740,00;30/11/2025;23:20:39;20;1283-20
CO2;1283;CT-CO2-0;1f94f8ad-7171-b062-c0a5-dbf839ac97e9;CD:E6:D3:07;0;AVIÁRIO MEIO;743,00;30/11/2025;23:26:17;20;1283-20
CO2;1283;CT-CO2-0;1f94f8ad-7171-b062-c0a5-dbf839ac97e9;CD:E6:D3:07;0;AVIÁRIO MEIO;709,00;30/11/2025;23:31:51;20;1283-20
CO2;1283;CT-CO2-0;1f94f8ad-7171-b062-c0a5-dbf839ac97e9;CD:E6:D3:07;0;AVIÁRIO MEIO;692,00;30/11/2025;23:36:53;20;1283-20
CO2;1283;CT-CO2-0;1f94f8ad-7171-b062-c0a5-dbf839ac97e9;CD:E6:D3:07;0;AVIÁRIO MEIO;695,00;30/11/2025;23:42:25;20;1283-20
CO2;1283;CT-CO2-0;1f94f8ad-7171-b062-c0a5-dbf839ac97e9;CD:E6:D3:07;0;AVIÁRIO MEIO;704,00;30/11/2025;23:47:28;20;1283-20
CO2;1283;CT-CO2-0;1f94f8ad-7171-b062-c0a5-dbf839ac97e9;CD:E6:D3:07;0;AVIÁRIO MEIO;680,00;30/11/2025;23:52:59;20;1283-20
CO2;1283;CT-CO2-0;1f94f8ad-7171-b062-c0a5-dbf839ac97e9;CD:E6:D3:07;0;AVIÁRIO MEIO;684,00;30/11/2025;23:58:31;20;1283-20
CO2;1283;CT-CO2-0;1f94f8ad-7171-b062-c0a5-dbf839ac97e9;CD:E6:D3:07;0;AVIÁRIO MEIO;677,00;01/12/2025;00:04:04;20;1283-20
CO2;1283;CT-CO2-0;1f94f8ad-7171-b062-c0a5-dbf839ac97e9;CD:E6:D3:07;0;AVIÁRIO MEIO;682,00;01/12/2025;00:09:06;20;1283-20
CO2;1283;CT-CO2-0;1f94f8ad-7171-b062-c0a5-dbf839ac97e9;CD:E6:D3:07;0;AVIÁRIO MEIO;668,00;01/12/2025;00:14:38;20;1283-20
CO2;1283;CT-CO2-0;1f94f8ad-7171-b062-c0a5-dbf839ac97e9;CD:E6:D3:07;0;AVIÁRIO MEIO;678,00;01/12/2025;00:20:09;20;1283-20
CO2;1283;CT-CO2-0;1f94f8ad-7171-b062-c0a5-dbf839ac97e9;CD:E6:D3:07;0;AVIÁRIO MEIO;679,00;01/12/2025;00:25:11;20;1283-20
CO2;1283;CT-CO2-0;1f94f8ad-7171-b062-c0a5-dbf839ac97e9;CD:E6:D3:07;0;AVIÁRIO MEIO;682,00;01/12/2025;00:30:45;20;1283-20
CO2;1283;CT-CO2-0;1f94f8ad-7171-b062-c0a5-dbf839ac97e9;CD:E6:D3:07;0;AVIÁRIO MEIO;698,00;01/12/2025;00:36:17;20;1283-20
CO2;1283;CT-CO2-0;1f94f8ad-7171-b062-c0a5-dbf839ac97e9;CD:E6:D3:07;0;AVIÁRIO MEIO;695,00;01/12/2025;00:41:50;20;1283-20
CO2;1283;CT-CO2-0;1f94f8ad-7171-b062-c0a5-dbf839ac97e9;CD:E6:D3:07;0;AVIÁRIO MEIO;678,00;01/12/2025;00:46:52;20;1283-20
CO2;1283;CT-CO2-0;1f94f8ad-7171-b062-c0a5-dbf839ac97e9;CD:E6:D3:07;0;AVIÁRIO MEIO;687,00;01/12/2025;00:52:23;20;1283-20
CO2;1283;CT-CO2-0;1f94f8ad-7171-b062-c0a5-dbf839ac97e9;CD:E6:D3:07;0;AVIÁRIO MEIO;680,00;01/12/2025;00:57:26;20;1283-20
CO2;1283;CT-CO2-0;1f94f8ad-7171-b062-c0a5-dbf839ac97e9;CD:E6:D3:07;0;AVIÁRIO MEIO;673,00;01/12/2025;01:02:57;20;1283-20
CO2;1283;CT-CO2-0;1f94f8ad-7171-b062-c0a5-dbf839ac97e9;CD:E6:D3:07;0;AVIÁRIO MEIO;664,00;01/12/2025;01:08:30;20;1283-20
CO2;1283;CT-CO2-0;1f94f8ad-7171-b062-c0a5-dbf839ac97e9;CD:E6:D3:07;0;AVIÁRIO MEIO;662,00;01/12/2025;01:13:33;20;1283-20
CO2;1283;CT-CO2-0;1f94f8ad-7171-b062-c0a5-dbf839ac97e9;CD:E6:D3:07;0;AVIÁRIO MEIO;665,00;01/12/2025;01:19:04;20;1283-20
CO2;1283;CT-CO2-0;1f94f8ad-7171-b062-c0a5-dbf839ac97e9;CD:E6:D3:07;0;AVIÁRIO MEIO;676,00;01/12/2025;01:24:36;20;1283-20
CO2;1283;CT-CO2-0;1f94f8ad-7171-b062-c0a5-dbf839ac97e9;CD:E6:D3:07;0;AVIÁRIO MEIO;676,00;01/12/2025;01:30:08;20;1283-20
CO2;1283;CT-CO2-0;1f94f8ad-7171-b062-c0a5-dbf839ac97e9;CD:E6:D3:07;0;AVIÁRIO MEIO;676,00;01/12/2025;01:35:10;20;1283-20
CO2;1283;CT-CO2-0;1f94f8ad-7171-b062-c0a5-dbf839ac97e9;CD:E6:D3:07;0;AVIÁRIO MEIO;678,00;01/12/2025;01:40:42;20;1283-20
CO2;1283;CT-CO2-0;1f94f8ad-7171-b062-c0a5-dbf839ac97e9;CD:E6:D3:07;0;AVIÁRIO MEIO;674,00;01/12/2025;01:46:15;20;1283-20
CO2;1283;CT-CO2-0;1f94f8ad-7171-b062-c0a5-dbf839ac97e9;CD:E6:D3:07;0;AVIÁRIO MEIO;666,00;01/12/2025;01:51:49;20;1283-20
CO2;1283;CT-CO2-0;1f94f8ad-7171-b062-c0a5-dbf839ac97e9;CD:E6:D3:07;0;AVIÁRIO MEIO;663,00;01/12/2025;01:56:50;20;1283-20
CO2;1283;CT-CO2-0;1f94f8ad-7171-b062-c0a5-dbf839ac97e9;CD:E6:D3:07;0;AVIÁRIO MEIO;664,00;01/12/2025;02:02:22;20;1283-20
CO2;1283;CT-CO2-0;1f94f8ad-7171-b062-c0a5-dbf839ac97e9;CD:E6:D3:07;0;AVIÁRIO MEIO;688,00;01/12/2025;02:07:24;20;1283-20
CO2;1283;CT-CO2-0;1f94f8ad-7171-b062-c0a5-dbf839ac97e9;CD:E6:D3:07;0;AVIÁRIO MEIO;685,00;01/12/2025;02:12:57;20;1283-20
CO2;1283;CT-CO2-0;1f94f8ad-7171-b062-c0a5-dbf839ac97e9;CD:E6:D3:07;0;AVIÁRIO MEIO;677,00;01/12/2025;02:18:29;20;1283-20
CO2;1283;CT-CO2-0;1f94f8ad-7171-b062-c0a5-dbf839ac97e9;CD:E6:D3:07;0;AVIÁRIO MEIO;671,00;01/12/2025;02:23:30;20;1283-20
CO2;1283;CT-CO2-0;1f94f8ad-7171-b062-c0a5-dbf839ac97e9;CD:E6:D3:07;0;AVIÁRIO MEIO;673,00;01/12/2025;02:29:02;20;1283-20
CO2;1283;CT-CO2-0;1f94f8ad-7171-b062-c0a5-dbf839ac97e9;CD:E6:D3:07;0;AVIÁRIO MEIO;677,00;01/12/2025;02:34:34;20;1283-20
CO2;1283;CT-CO2-0;1f94f8ad-7171-b062-c0a5-dbf839ac97e9;CD:E6:D3:07;0;AVIÁRIO MEIO;683,00;01/12/2025;02:39:36;20;1283-20
CO2;1283;CT-CO2-0;1f94f8ad-7171-b062-c0a5-dbf839ac97e9;CD:E6:D3:07;0;AVIÁRIO MEIO;679,00;01/12/2025;02:45:08;20;1283-20
CO2;1283;CT-CO2-0;1f94f8ad-7171-b062-c0a5-dbf839ac97e9;CD:E6:D3:07;0;AVIÁRIO MEIO;686,00;01/12/2025;02:50:40;20;1283-20
CO2;1283;CT-CO2-0;1f94f8ad-7171-b062-c0a5-dbf839ac97e9;CD:E6:D3:07;0;AVIÁRIO MEIO;670,00;01/12/2025;02:55:43;20;1283-20
CO2;1283;CT-CO2-0;1f94f8ad-7171-b062-c0a5-dbf839ac97e9;CD:E6:D3:07;0;AVIÁRIO MEIO;680,00;01/12/2025;03:01:47;20;1283-20
CO2;1283;CT-CO2-0;1f94f8ad-7171-b062-c0a5-dbf839ac97e9;CD:E6:D3:07;0;AVIÁRIO MEIO;667,00;01/12/2025;03:06:49;20;1283-20
CO2;1283;CT-CO2-0;1f94f8ad-7171-b062-c0a5-dbf839ac97e9;CD:E6:D3:07;0;AVIÁRIO MEIO;677,00;01/12/2025;03:11:51;20;1283-20
CO2;1283;CT-CO2-0;1f94f8ad-7171-b062-c0a5-dbf839ac97e9;CD:E6:D3:07;0;AVIÁRIO MEIO;689,00;01/12/2025;03:17:23;20;1283-20
CO2;1283;CT-CO2-0;1f94f8ad-7171-b062-c0a5-dbf839ac97e9;CD:E6:D3:07;0;AVIÁRIO MEIO;682,00;01/12/2025;03:22:55;20;1283-20
CO2;1283;CT-CO2-0;1f94f8ad-7171-b062-c0a5-dbf839ac97e9;CD:E6:D3:07;0;AVIÁRIO MEIO;698,00;01/12/2025;03:28:27;20;1283-20
CO2;1283;CT-CO2-0;1f94f8ad-7171-b062-c0a5-dbf839ac97e9;CD:E6:D3:07;0;AVIÁRIO MEIO;699,00;01/12/2025;03:33:29;20;1283-20
CO2;1283;CT-CO2-0;1f94f8ad-7171-b062-c0a5-dbf839ac97e9;CD:E6:D3:07;0;AVIÁRIO MEIO;689,00;01/12/2025;03:39:01;20;1283-20
CO2;1283;CT-CO2-0;1f94f8ad-7171-b062-c0a5-dbf839ac97e9;CD:E6:D3:07;0;AVIÁRIO MEIO;693,00;01/12/2025;03:44:34;20;1283-20
CO2;1283;CT-CO2-0;1f94f8ad-7171-b062-c0a5-dbf839ac97e9;CD:E6:D3:07;0;AVIÁRIO MEIO;680,00;01/12/2025;03:49:36;20;1283-20
CO2;1283;CT-CO2-0;1f94f8ad-7171-b062-c0a5-dbf839ac97e9;CD:E6:D3:07;0;AVIÁRIO MEIO;689,00;01/12/2025;03:55:08;20;1283-20
CO2;1283;CT-CO2-0;1f94f8ad-7171-b062-c0a5-dbf839ac97e9;CD:E6:D3:07;0;AVIÁRIO MEIO;694,00;01/12/2025;04:00:41;20;1283-20
CO2;1283;CT-CO2-0;1f94f8ad-7171-b062-c0a5-dbf839ac97e9;CD:E6:D3:07;0;AVIÁRIO MEIO;700,00;01/12/2025;04:05:43;20;1283-20
CO2;1283;CT-CO2-0;1f94f8ad-7171-b062-c0a5-dbf839ac97e9;CD:E6:D3:07;0;AVIÁRIO MEIO;707,00;01/12/2025;04:11:47;20;1283-20
CO2;1283;CT-CO2-0;1f94f8ad-7171-b062-c0a5-dbf839ac97e9;CD:E6:D3:07;0;AVIÁRIO MEIO;692,00;01/12/2025;04:16:48;20;1283-20
CO2;1283;CT-CO2-0;1f94f8ad-7171-b062-c0a5-dbf839ac97e9;CD:E6:D3:07;0;AVIÁRIO MEIO;706,00;01/12/2025;04:21:50;20;1283-20
CO2;1283;CT-CO2-0;1f94f8ad-7171-b062-c0a5-dbf839ac97e9;CD:E6:D3:07;0;AVIÁRIO MEIO;691,00;01/12/2025;04:27:23;20;1283-20
CO2;1283;CT-CO2-0;1f94f8ad-7171-b062-c0a5-dbf839ac97e9;CD:E6:D3:07;0;AVIÁRIO MEIO;697,00;01/12/2025;04:32:56;20;1283-20
CO2;1283;CT-CO2-0;1f94f8ad-7171-b062-c0a5-dbf839ac97e9;CD:E6:D3:07;0;AVIÁRIO MEIO;691,00;01/12/2025;04:37:59;20;1283-20
CO2;1283;CT-CO2-0;1f94f8ad-7171-b062-c0a5-dbf839ac97e9;CD:E6:D3:07;0;AVIÁRIO MEIO;705,00;01/12/2025;04:43:31;20;1283-20
CO2;1283;CT-CO2-0;1f94f8ad-7171-b062-c0a5-dbf839ac97e9;CD:E6:D3:07;0;AVIÁRIO MEIO;706,00;01/12/2025;04:49:03;20;1283-20
CO2;1283;CT-CO2-0;1f94f8ad-7171-b062-c0a5-dbf839ac97e9;CD:E6:D3:07;0;AVIÁRIO MEIO;708,00;01/12/2025;04:54:06;20;1283-20
CO2;1283;CT-CO2-0;1f94f8ad-7171-b062-c0a5-dbf839ac97e9;CD:E6:D3:07;0;AVIÁRIO MEIO;724,00;01/12/2025;04:59:37;20;1283-20
CO2;1283;CT-CO2-0;1f94f8ad-7171-b062-c0a5-dbf839ac97e9;CD:E6:D3:07;0;AVIÁRIO MEIO;720,00;01/12/2025;05:05:09;20;1283-20
CO2;1283;CT-CO2-0;1f94f8ad-7171-b062-c0a5-dbf839ac97e9;CD:E6:D3:07;0;AVIÁRIO MEIO;738,00;01/12/2025;05:10:11;20;1283-20
CO2;1283;CT-CO2-0;1f94f8ad-7171-b062-c0a5-dbf839ac97e9;CD:E6:D3:07;0;AVIÁRIO MEIO;745,00;01/12/2025;05:15:44;20;1283-20
CO2;1283;CT-CO2-0;1f94f8ad-7171-b062-c0a5-dbf839ac97e9;CD:E6:D3:07;0;AVIÁRIO MEIO;748,00;01/12/2025;05:21:49;20;1283-20
CO2;1283;CT-CO2-0;1f94f8ad-7171-b062-c0a5-dbf839ac97e9;CD:E6:D3:07;0;AVIÁRIO MEIO;743,00;01/12/2025;05:26:21;20;1283-20
CO2;1283;CT-CO2-0;1f94f8ad-7171-b062-c0a5-dbf839ac97e9;CD:E6:D3:07;0;AVIÁRIO MEIO;761,00;01/12/2025;05:31:52;20;1283-20
CO2;1283;CT-CO2-0;1f94f8ad-7171-b062-c0a5-dbf839ac97e9;CD:E6:D3:07;0;AVIÁRIO MEIO;747,00;01/12/2025;05:37:24;20;1283-20
CO2;1283;CT-CO2-0;1f94f8ad-7171-b062-c0a5-dbf839ac97e9;CD:E6:D3:07;0;AVIÁRIO MEIO;749,00;01/12/2025;05:42:26;20;1283-20
CO2;1283;CT-CO2-0;1f94f8ad-7171-b062-c0a5-dbf839ac97e9;CD:E6:D3:07;0;AVIÁRIO MEIO;743,00;01/12/2025;05:47:59;20;1283-20
CO2;1283;CT-CO2-0;1f94f8ad-7171-b062-c0a5-dbf839ac97e9;CD:E6:D3:07;0;AVIÁRIO MEIO;763,00;01/12/2025;05:53:33;20;1283-20
CO2;1283;CT-CO2-0;1f94f8ad-7171-b062-c0a5-dbf839ac97e9;CD:E6:D3:07;0;AVIÁRIO MEIO;739,00;01/12/2025;05:58:34;20;1283-20
CO2;1283;CT-CO2-0;1f94f8ad-7171-b062-c0a5-dbf839ac97e9;CD:E6:D3:07;0;AVIÁRIO MEIO;754,00;01/12/2025;06:04:06;20;1283-20
CO2;1283;CT-CO2-0;1f94f8ad-7171-b062-c0a5-dbf839ac97e9;CD:E6:D3:07;0;AVIÁRIO MEIO;752,00;01/12/2025;06:09:39;20;1283-20
CO2;1283;CT-CO2-0;1f94f8ad-7171-b062-c0a5-dbf839ac97e9;CD:E6:D3:07;0;AVIÁRIO MEIO;739,00;01/12/2025;06:15:12;20;1283-20
CO2;1283;CT-CO2-0;1f94f8ad-7171-b062-c0a5-dbf839ac97e9;CD:E6:D3:07;0;AVIÁRIO MEIO;752,00;01/12/2025;06:20:15;20;1283-20
CO2;1283;CT-CO2-0;1f94f8ad-7171-b062-c0a5-dbf839ac97e9;CD:E6:D3:07;0;AVIÁRIO MEIO;737,00;01/12/2025;06:25:47;20;1283-20
CO2;1283;CT-CO2-0;1f94f8ad-7171-b062-c0a5-dbf839ac97e9;CD:E6:D3:07;0;AVIÁRIO MEIO;736,00;01/12/2025;06:31:49;20;1283-20
CO2;1283;CT-CO2-0;1f94f8ad-7171-b062-c0a5-dbf839ac97e9;CD:E6:D3:07;0;AVIÁRIO MEIO;738,00;01/12/2025;06:36:26;20;1283-20
CO2;1283;CT-CO2-0;1f94f8ad-7171-b062-c0a5-dbf839ac97e9;CD:E6:D3:07;0;AVIÁRIO MEIO;742,00;01/12/2025;06:41:59;20;1283-20
CO2;1283;CT-CO2-0;1f94f8ad-7171-b062-c0a5-dbf839ac97e9;CD:E6:D3:07;0;AVIÁRIO MEIO;749,00;01/12/2025;06:47:01;20;1283-20
CO2;1283;CT-CO2-0;1f94f8ad-7171-b062-c0a5-dbf839ac97e9;CD:E6:D3:07;0;AVIÁRIO MEIO;753,00;01/12/2025;06:52:33;20;1283-20
CO2;1283;CT-CO2-0;1f94f8ad-7171-b062-c0a5-dbf839ac97e9;CD:E6:D3:07;0;AVIÁRIO MEIO;735,00;01/12/2025;06:58:05;20;1283-20
CO2;1283;CT-CO2-0;1f94f8ad-7171-b062-c0a5-dbf839ac97e9;CD:E6:D3:07;0;AVIÁRIO MEIO;746,00;01/12/2025;07:03:06;20;1283-20
CO2;1283;CT-CO2-0;1f94f8ad-7171-b062-c0a5-dbf839ac97e9;CD:E6:D3:07;0;AVIÁRIO MEIO;752,00;01/12/2025;07:08:38;20;1283-20
CO2;1283;CT-CO2-0;1f94f8ad-7171-b062-c0a5-dbf839ac97e9;CD:E6:D3:07;0;AVIÁRIO MEIO;745,00;01/12/2025;07:14:10;20;1283-20
CO2;1283;CT-CO2-0;1f94f8ad-7171-b062-c0a5-dbf839ac97e9;CD:E6:D3:07;0;AVIÁRIO MEIO;729,00;01/12/2025;07:19:42;20;1283-20
CO2;1283;CT-CO2-0;1f94f8ad-7171-b062-c0a5-dbf839ac97e9;CD:E6:D3:07;0;AVIÁRIO MEIO;719,00;01/12/2025;07:24:44;20;1283-20
CO2;1283;CT-CO2-0;1f94f8ad-7171-b062-c0a5-dbf839ac97e9;CD:E6:D3:07;0;AVIÁRIO MEIO;714,00;01/12/2025;07:30:15;20;1283-20
CO2;1283;CT-CO2-0;1f94f8ad-7171-b062-c0a5-dbf839ac97e9;CD:E6:D3:07;0;AVIÁRIO MEIO;708,00;01/12/2025;07:35:47;20;1283-20
CO2;1283;CT-CO2-0;1f94f8ad-7171-b062-c0a5-dbf839ac97e9;CD:E6:D3:07;0;AVIÁRIO MEIO;699,00;01/12/2025;07:41:25;20;1283-20
CO2;1283;CT-CO2-0;1f94f8ad-7171-b062-c0a5-dbf839ac97e9;CD:E6:D3:07;0;AVIÁRIO MEIO;709,00;01/12/2025;07:46:27;20;1283-20
CO2;1283;CT-CO2-0;1f94f8ad-7171-b062-c0a5-dbf839ac97e9;CD:E6:D3:07;0;AVIÁRIO MEIO;808,00;01/12/2025;07:51:34;20;1283-20
CO2;1283;CT-CO2-0;1f94f8ad-7171-b062-c0a5-dbf839ac97e9;CD:E6:D3:07;0;AVIÁRIO MEIO;744,00;01/12/2025;07:57:07;20;1283-20
CO2;1283;CT-CO2-0;1f94f8ad-7171-b062-c0a5-dbf839ac97e9;CD:E6:D3:07;0;AVIÁRIO MEIO;703,00;01/12/2025;08:02:39;20;1283-20
CO2;1283;CT-CO2-0;1f94f8ad-7171-b062-c0a5-dbf839ac97e9;CD:E6:D3:07;0;AVIÁRIO MEIO;696,00;01/12/2025;08:07:41;20;1283-20
CO2;1283;CT-CO2-0;1f94f8ad-7171-b062-c0a5-dbf839ac97e9;CD:E6:D3:07;0;AVIÁRIO MEIO;696,00;01/12/2025;08:13:18;20;1283-20
CO2;1283;CT-CO2-0;1f94f8ad-7171-b062-c0a5-dbf839ac97e9;CD:E6:D3:07;0;AVIÁRIO MEIO;698,00;01/12/2025;08:18:20;20;1283-20
CO2;1283;CT-CO2-0;1f94f8ad-7171-b062-c0a5-dbf839ac97e9;CD:E6:D3:07;0;AVIÁRIO MEIO;708,00;01/12/2025;08:23:53;20;1283-20
CO2;1283;CT-CO2-0;1f94f8ad-7171-b062-c0a5-dbf839ac97e9;CD:E6:D3:07;0;AVIÁRIO MEIO;694,00;01/12/2025;08:29:27;20;1283-20
CO2;1283;CT-CO2-0;1f94f8ad-7171-b062-c0a5-dbf839ac97e9;CD:E6:D3:07;0;AVIÁRIO MEIO;686,00;01/12/2025;08:34:28;20;1283-20
CO2;1283;CT-CO2-0;1f94f8ad-7171-b062-c0a5-dbf839ac97e9;CD:E6:D3:07;0;AVIÁRIO MEIO;715,00;01/12/2025;08:40:01;20;1283-20
CO2;1283;CT-CO2-0;1f94f8ad-7171-b062-c0a5-dbf839ac97e9;CD:E6:D3:07;0;AVIÁRIO MEIO;685,00;01/12/2025;08:45:33;20;1283-20
CO2;1283;CT-CO2-0;1f94f8ad-7171-b062-c0a5-dbf839ac97e9;CD:E6:D3:07;0;AVIÁRIO MEIO;665,00;01/12/2025;08:51:07;20;1283-20
CO2;1283;CT-CO2-0;1f94f8ad-7171-b062-c0a5-dbf839ac97e9;CD:E6:D3:07;0;AVIÁRIO MEIO;665,00;01/12/2025;08:56:09;20;1283-20
CO2;1283;CT-CO2-0;1f94f8ad-7171-b062-c0a5-dbf839ac97e9;CD:E6:D3:07;0;AVIÁRIO MEIO;677,00;01/12/2025;09:01:40;20;1283-20
CO2;1283;CT-CO2-0;1f94f8ad-7171-b062-c0a5-dbf839ac97e9;CD:E6:D3:07;0;AVIÁRIO MEIO;678,00;01/12/2025;09:06:42;20;1283-20
CO2;1283;CT-CO2-0;1f94f8ad-7171-b062-c0a5-dbf839ac97e9;CD:E6:D3:07;0;AVIÁRIO MEIO;671,00;01/12/2025;09:12:14;20;1283-20
CO2;1283;CT-CO2-0;1f94f8ad-7171-b062-c0a5-dbf839ac97e9;CD:E6:D3:07;0;AVIÁRIO MEIO;667,00;01/12/2025;09:17:46;20;1283-20
CO2;1283;CT-CO2-0;1f94f8ad-7171-b062-c0a5-dbf839ac97e9;CD:E6:D3:07;0;AVIÁRIO MEIO;692,00;01/12/2025;09:22:47;20;1283-20
CO2;1283;CT-CO2-0;1f94f8ad-7171-b062-c0a5-dbf839ac97e9;CD:E6:D3:07;0;AVIÁRIO MEIO;674,00;01/12/2025;09:28:19;20;1283-20
CO2;1283;CT-CO2-0;1f94f8ad-7171-b062-c0a5-dbf839ac97e9;CD:E6:D3:07;0;AVIÁRIO MEIO;699,00;01/12/2025;09:33:51;20;1283-20
CO2;1283;CT-CO2-0;1f94f8ad-7171-b062-c0a5-dbf839ac97e9;CD:E6:D3:07;0;AVIÁRIO MEIO;694,00;01/12/2025;09:38:54;20;1283-20
CO2;1283;CT-CO2-0;1f94f8ad-7171-b062-c0a5-dbf839ac97e9;CD:E6:D3:07;0;AVIÁRIO MEIO;700,00;01/12/2025;09:44:26;20;1283-20
CO2;1283;CT-CO2-0;1f94f8ad-7171-b062-c0a5-dbf839ac97e9;CD:E6:D3:07;0;AVIÁRIO MEIO;662,00;01/12/2025;09:49:59;20;1283-20
CO2;1283;CT-CO2-0;1f94f8ad-7171-b062-c0a5-dbf839ac97e9;CD:E6:D3:07;0;AVIÁRIO MEIO;664,00;01/12/2025;09:55:00;20;1283-20
CO2;1283;CT-CO2-0;1f94f8ad-7171-b062-c0a5-dbf839ac97e9;CD:E6:D3:07;0;AVIÁRIO MEIO;654,00;01/12/2025;10:06:07;20;1283-20
CO2;1283;CT-CO2-0;1f94f8ad-7171-b062-c0a5-dbf839ac97e9;CD:E6:D3:07;0;AVIÁRIO MEIO;666,00;01/12/2025;10:11:09;20;1283-20
CO2;1283;CT-CO2-0;1f94f8ad-7171-b062-c0a5-dbf839ac97e9;CD:E6:D3:07;0;AVIÁRIO MEIO;667,00;01/12/2025;10:16:41;20;1283-20
CO2;1283;CT-CO2-0;1f94f8ad-7171-b062-c0a5-dbf839ac97e9;CD:E6:D3:07;0;AVIÁRIO MEIO;675,00;01/12/2025;10:21:44;20;1283-20
CO2;1283;CT-CO2-0;1f94f8ad-7171-b062-c0a5-dbf839ac97e9;CD:E6:D3:07;0;AVIÁRIO MEIO;670,00;01/12/2025;10:27:16;20;1283-20
CO2;1283;CT-CO2-0;1f94f8ad-7171-b062-c0a5-dbf839ac97e9;CD:E6:D3:07;0;AVIÁRIO MEIO;663,00;01/12/2025;10:32:48;20;1283-20
CO2;1283;CT-CO2-0;1f94f8ad-7171-b062-c0a5-dbf839ac97e9;CD:E6:D3:07;0;AVIÁRIO MEIO;661,00;01/12/2025;10:38:19;20;1283-20
CO2;1283;CT-CO2-0;1f94f8ad-7171-b062-c0a5-dbf839ac97e9;CD:E6:D3:07;0;AVIÁRIO MEIO;662,00;01/12/2025;10:43:21;20;1283-20
CO2;1283;CT-CO2-0;1f94f8ad-7171-b062-c0a5-dbf839ac97e9;CD:E6:D3:07;0;AVIÁRIO MEIO;673,00;01/12/2025;10:48:53;20;1283-20
CO2;1283;CT-CO2-0;1f94f8ad-7171-b062-c0a5-dbf839ac97e9;CD:E6:D3:07;0;AVIÁRIO MEIO;664,00;01/12/2025;10:54:25;20;1283-20
CO2;1283;CT-CO2-0;1f94f8ad-7171-b062-c0a5-dbf839ac97e9;CD:E6:D3:07;0;AVIÁRIO MEIO;676,00;01/12/2025;10:59:30;20;1283-20
CO2;1283;CT-CO2-0;1f94f8ad-7171-b062-c0a5-dbf839ac97e9;CD:E6:D3:07;0;AVIÁRIO MEIO;672,00;01/12/2025;11:05:02;20;1283-20
CO2;1283;CT-CO2-0;1f94f8ad-7171-b062-c0a5-dbf839ac97e9;CD:E6:D3:07;0;AVIÁRIO MEIO;687,00;01/12/2025;11:10:35;20;1283-20
CO2;1283;CT-CO2-0;1f94f8ad-7171-b062-c0a5-dbf839ac97e9;CD:E6:D3:07;0;AVIÁRIO MEIO;667,00;01/12/2025;11:15:37;20;1283-20
CO2;1283;CT-CO2-0;1f94f8ad-7171-b062-c0a5-dbf839ac97e9;CD:E6:D3:07;0;AVIÁRIO MEIO;685,00;01/12/2025;11:21:09;20;1283-20
CO2;1283;CT-CO2-0;1f94f8ad-7171-b062-c0a5-dbf839ac97e9;CD:E6:D3:07;0;AVIÁRIO MEIO;669,00;01/12/2025;11:26:11;20;1283-20
CO2;1283;CT-CO2-0;1f94f8ad-7171-b062-c0a5-dbf839ac97e9;CD:E6:D3:07;0;AVIÁRIO MEIO;683,00;01/12/2025;11:31:42;20;1283-20
CO2;1283;CT-CO2-0;1f94f8ad-7171-b062-c0a5-dbf839ac97e9;CD:E6:D3:07;0;AVIÁRIO MEIO;678,00;01/12/2025;11:37:15;20;1283-20
CO2;1283;CT-CO2-0;1f94f8ad-7171-b062-c0a5-dbf839ac97e9;CD:E6:D3:07;0;AVIÁRIO MEIO;730,00;01/12/2025;11:42:17;20;1283-20
CO2;1283;CT-CO2-0;1f94f8ad-7171-b062-c0a5-dbf839ac97e9;CD:E6:D3:07;0;AVIÁRIO MEIO;670,00;01/12/2025;11:47:48;20;1283-20
CO2;1283;CT-CO2-0;1f94f8ad-7171-b062-c0a5-dbf839ac97e9;CD:E6:D3:07;0;AVIÁRIO MEIO;672,00;01/12/2025;11:53:21;20;1283-20
CO2;1283;CT-CO2-0;1f94f8ad-7171-b062-c0a5-dbf839ac97e9;CD:E6:D3:07;0;AVIÁRIO MEIO;673,00;01/12/2025;11:58:24;20;1283-20
CO2;1283;CT-CO2-0;1f94f8ad-7171-b062-c0a5-dbf839ac97e9;CD:E6:D3:07;0;AVIÁRIO MEIO;685,00;01/12/2025;12:03:56;20;1283-20
CO2;1283;CT-CO2-0;1f94f8ad-7171-b062-c0a5-dbf839ac97e9;CD:E6:D3:07;0;AVIÁRIO MEIO;671,00;01/12/2025;12:15:35;20;1283-20
CO2;1283;CT-CO2-0;1f94f8ad-7171-b062-c0a5-dbf839ac97e9;CD:E6:D3:07;0;AVIÁRIO MEIO;666,00;01/12/2025;12:21:07;20;1283-20
CO2;1283;CT-CO2-0;1f94f8ad-7171-b062-c0a5-dbf839ac97e9;CD:E6:D3:07;0;AVIÁRIO MEIO;683,00;01/12/2025;12:26:39;20;1283-20
CO2;1283;CT-CO2-0;1f94f8ad-7171-b062-c0a5-dbf839ac97e9;CD:E6:D3:07;0;AVIÁRIO MEIO;668,00;01/12/2025;12:31:48;20;1283-20
CO2;1283;CT-CO2-0;1f94f8ad-7171-b062-c0a5-dbf839ac97e9;CD:E6:D3:07;0;AVIÁRIO MEIO;668,00;01/12/2025;12:37:19;20;1283-20
CO2;1283;CT-CO2-0;1f94f8ad-7171-b062-c0a5-dbf839ac97e9;CD:E6:D3:07;0;AVIÁRIO MEIO;694,00;01/12/2025;12:42:21;20;1283-20
CO2;1283;CT-CO2-0;1f94f8ad-7171-b062-c0a5-dbf839ac97e9;CD:E6:D3:07;0;AVIÁRIO MEIO;689,00;01/12/2025;12:47:53;20;1283-20
CO2;1283;CT-CO2-0;1f94f8ad-7171-b062-c0a5-dbf839ac97e9;CD:E6:D3:07;0;AVIÁRIO MEIO;672,00;01/12/2025;12:53:25;20;1283-20
CO2;1283;CT-CO2-0;1f94f8ad-7171-b062-c0a5-dbf839ac97e9;CD:E6:D3:07;0;AVIÁRIO MEIO;682,00;01/12/2025;12:58:59;20;1283-20
CO2;1283;CT-CO2-0;1f94f8ad-7171-b062-c0a5-dbf839ac97e9;CD:E6:D3:07;0;AVIÁRIO MEIO;702,00;01/12/2025;13:04:01;20;1283-20
CO2;1283;CT-CO2-0;1f94f8ad-7171-b062-c0a5-dbf839ac97e9;CD:E6:D3:07;0;AVIÁRIO MEIO;684,00;01/12/2025;13:09:34;20;1283-20
CO2;1283;CT-CO2-0;1f94f8ad-7171-b062-c0a5-dbf839ac97e9;CD:E6:D3:07;0;AVIÁRIO MEIO;681,00;01/12/2025;13:14:36;20;1283-20
CO2;1283;CT-CO2-0;1f94f8ad-7171-b062-c0a5-dbf839ac97e9;CD:E6:D3:07;0;AVIÁRIO MEIO;695,00;01/12/2025;13:20:40;20;1283-20
CO2;1283;CT-CO2-0;1f94f8ad-7171-b062-c0a5-dbf839ac97e9;CD:E6:D3:07;0;AVIÁRIO MEIO;703,00;01/12/2025;13:25:42;20;1283-20
CO2;1283;CT-CO2-0;1f94f8ad-7171-b062-c0a5-dbf839ac97e9;CD:E6:D3:07;0;AVIÁRIO MEIO;691,00;01/12/2025;13:30:44;20;1283-20
CO2;1283;CT-CO2-0;1f94f8ad-7171-b062-c0a5-dbf839ac97e9;CD:E6:D3:07;0;AVIÁRIO MEIO;737,00;01/12/2025;13:36:16;20;1283-20
CO2;1283;CT-CO2-0;1f94f8ad-7171-b062-c0a5-dbf839ac97e9;CD:E6:D3:07;0;AVIÁRIO MEIO;676,00;01/12/2025;13:41:48;20;1283-20
CO2;1283;CT-CO2-0;1f94f8ad-7171-b062-c0a5-dbf839ac97e9;CD:E6:D3:07;0;AVIÁRIO MEIO;703,00;01/12/2025;13:46:50;20;1283-20
CO2;1283;CT-CO2-0;1f94f8ad-7171-b062-c0a5-dbf839ac97e9;CD:E6:D3:07;0;AVIÁRIO MEIO;707,00;01/12/2025;13:52:22;20;1283-20
CO2;1283;CT-CO2-0;1f94f8ad-7171-b062-c0a5-dbf839ac97e9;CD:E6:D3:07;0;AVIÁRIO MEIO;697,00;01/12/2025;13:57:59;20;1283-20
CO2;1283;CT-CO2-0;1f94f8ad-7171-b062-c0a5-dbf839ac97e9;CD:E6:D3:07;0;AVIÁRIO MEIO;697,00;01/12/2025;14:03:04;20;1283-20
CO2;1283;CT-CO2-0;1f94f8ad-7171-b062-c0a5-dbf839ac97e9;CD:E6:D3:07;0;AVIÁRIO MEIO;677,00;01/12/2025;14:08:35;20;1283-20
CO2;1283;CT-CO2-0;1f94f8ad-7171-b062-c0a5-dbf839ac97e9;CD:E6:D3:07;0;AVIÁRIO MEIO;709,00;01/12/2025;14:13:38;20;1283-20
CO2;1283;CT-CO2-0;1f94f8ad-7171-b062-c0a5-dbf839ac97e9;CD:E6:D3:07;0;AVIÁRIO MEIO;701,00;01/12/2025;14:19:10;20;1283-20
CO2;1283;CT-CO2-0;1f94f8ad-7171-b062-c0a5-dbf839ac97e9;CD:E6:D3:07;0;AVIÁRIO MEIO;703,00;01/12/2025;14:24:46;20;1283-20
CO2;1283;CT-CO2-0;1f94f8ad-7171-b062-c0a5-dbf839ac97e9;CD:E6:D3:07;0;AVIÁRIO MEIO;708,00;01/12/2025;14:30:19;20;1283-20
CO2;1283;CT-CO2-0;1f94f8ad-7171-b062-c0a5-dbf839ac97e9;CD:E6:D3:07;0;AVIÁRIO MEIO;698,00;01/12/2025;14:35:21;20;1283-20
CO2;1283;CT-CO2-0;1f94f8ad-7171-b062-c0a5-dbf839ac97e9;CD:E6:D3:07;0;AVIÁRIO MEIO;703,00;01/12/2025;14:45:54;20;1283-20
CO2;1283;CT-CO2-0;1f94f8ad-7171-b062-c0a5-dbf839ac97e9;CD:E6:D3:07;0;AVIÁRIO MEIO;702,00;01/12/2025;14:51:26;20;1283-20
CO2;1283;CT-CO2-0;1f94f8ad-7171-b062-c0a5-dbf839ac97e9;CD:E6:D3:07;0;AVIÁRIO MEIO;721,00;01/12/2025;15:02:01;20;1283-20
CO2;1283;CT-CO2-0;1f94f8ad-7171-b062-c0a5-dbf839ac97e9;CD:E6:D3:07;0;AVIÁRIO MEIO;685,00;01/12/2025;15:07:34;20;1283-20
CO2;1283;CT-CO2-0;1f94f8ad-7171-b062-c0a5-dbf839ac97e9;CD:E6:D3:07;0;AVIÁRIO MEIO;695,00;01/12/2025;15:12:37;20;1283-20
CO2;1283;CT-CO2-0;1f94f8ad-7171-b062-c0a5-dbf839ac97e9;CD:E6:D3:07;0;AVIÁRIO MEIO;690,00;01/12/2025;15:18:09;20;1283-20
CO2;1283;CT-CO2-0;1f94f8ad-7171-b062-c0a5-dbf839ac97e9;CD:E6:D3:07;0;AVIÁRIO MEIO;695,00;01/12/2025;15:23:41;20;1283-20
CO2;1283;CT-CO2-0;1f94f8ad-7171-b062-c0a5-dbf839ac97e9;CD:E6:D3:07;0;AVIÁRIO MEIO;683,00;01/12/2025;15:28:43;20;1283-20
CO2;1283;CT-CO2-0;1f94f8ad-7171-b062-c0a5-dbf839ac97e9;CD:E6:D3:07;0;AVIÁRIO MEIO;733,00;01/12/2025;15:34:15;20;1283-20
CO2;1283;CT-CO2-0;1f94f8ad-7171-b062-c0a5-dbf839ac97e9;CD:E6:D3:07;0;AVIÁRIO MEIO;708,00;01/12/2025;15:40:17;20;1283-20
CO2;1283;CT-CO2-0;1f94f8ad-7171-b062-c0a5-dbf839ac97e9;CD:E6:D3:07;0;AVIÁRIO MEIO;701,00;01/12/2025;15:44:49;20;1283-20
CO2;1283;CT-CO2-0;1f94f8ad-7171-b062-c0a5-dbf839ac97e9;CD:E6:D3:07;0;AVIÁRIO MEIO;686,00;01/12/2025;15:50:22;20;1283-20
CO2;1283;CT-CO2-0;1f94f8ad-7171-b062-c0a5-dbf839ac97e9;CD:E6:D3:07;0;AVIÁRIO MEIO;743,00;01/12/2025;16:00:56;20;1283-20
CO2;1283;CT-CO2-0;1f94f8ad-7171-b062-c0a5-dbf839ac97e9;CD:E6:D3:07;0;AVIÁRIO MEIO;636,00;01/12/2025;16:11:30;20;1283-20
CO2;1283;CT-CO2-0;1f94f8ad-7171-b062-c0a5-dbf839ac97e9;CD:E6:D3:07;0;AVIÁRIO MEIO;690,00;01/12/2025;16:17:03;20;1283-20
CO2;1283;CT-CO2-0;1f94f8ad-7171-b062-c0a5-dbf839ac97e9;CD:E6:D3:07;0;AVIÁRIO MEIO;700,00;01/12/2025;16:22:05;20;1283-20
CO2;1283;CT-CO2-0;1f94f8ad-7171-b062-c0a5-dbf839ac97e9;CD:E6:D3:07;0;AVIÁRIO MEIO;706,00;01/12/2025;16:27:41;20;1283-20
CO2;1283;CT-CO2-0;1f94f8ad-7171-b062-c0a5-dbf839ac97e9;CD:E6:D3:07;0;AVIÁRIO MEIO;718,00;01/12/2025;16:32:44;20;1283-20
CO2;1283;CT-CO2-0;1f94f8ad-7171-b062-c0a5-dbf839ac97e9;CD:E6:D3:07;0;AVIÁRIO MEIO;726,00;01/12/2025;16:38:16;20;1283-20
CO2;1283;CT-CO2-0;1f94f8ad-7171-b062-c0a5-dbf839ac97e9;CD:E6:D3:07;0;AVIÁRIO MEIO;735,00;01/12/2025;16:43:50;20;1283-20
CO2;1283;CT-CO2-0;1f94f8ad-7171-b062-c0a5-dbf839ac97e9;CD:E6:D3:07;0;AVIÁRIO MEIO;723,00;01/12/2025;16:49:23;20;1283-20
CO2;1283;CT-CO2-0;1f94f8ad-7171-b062-c0a5-dbf839ac97e9;CD:E6:D3:07;0;AVIÁRIO MEIO;722,00;01/12/2025;16:54:26;20;1283-20
CO2;1283;CT-CO2-0;1f94f8ad-7171-b062-c0a5-dbf839ac97e9;CD:E6:D3:07;0;AVIÁRIO MEIO;730,00;01/12/2025;16:59:58;20;1283-20
CO2;1283;CT-CO2-0;1f94f8ad-7171-b062-c0a5-dbf839ac97e9;CD:E6:D3:07;0;AVIÁRIO MEIO;724,00;01/12/2025;17:05:00;20;1283-20
CO2;1283;CT-CO2-0;1f94f8ad-7171-b062-c0a5-dbf839ac97e9;CD:E6:D3:07;0;AVIÁRIO MEIO;711,00;01/12/2025;17:10:33;20;1283-20
CO2;1283;CT-CO2-0;1f94f8ad-7171-b062-c0a5-dbf839ac97e9;CD:E6:D3:07;0;AVIÁRIO MEIO;704,00;01/12/2025;17:16:05;20;1283-20
CO2;1283;CT-CO2-0;1f94f8ad-7171-b062-c0a5-dbf839ac97e9;CD:E6:D3:07;0;AVIÁRIO MEIO;706,00;01/12/2025;17:21:07;20;1283-20
CO2;1283;CT-CO2-0;1f94f8ad-7171-b062-c0a5-dbf839ac97e9;CD:E6:D3:07;0;AVIÁRIO MEIO;707,00;01/12/2025;17:26:39;20;1283-20
CO2;1283;CT-CO2-0;1f94f8ad-7171-b062-c0a5-dbf839ac97e9;CD:E6:D3:07;0;AVIÁRIO MEIO;718,00;01/12/2025;17:31:41;20;1283-20
CO2;1283;CT-CO2-0;1f94f8ad-7171-b062-c0a5-dbf839ac97e9;CD:E6:D3:07;0;AVIÁRIO MEIO;722,00;01/12/2025;17:37:13;20;1283-20
CO2;1283;CT-CO2-0;1f94f8ad-7171-b062-c0a5-dbf839ac97e9;CD:E6:D3:07;0;AVIÁRIO MEIO;722,00;01/12/2025;17:42:44;20;1283-20
CO2;1283;CT-CO2-0;1f94f8ad-7171-b062-c0a5-dbf839ac97e9;CD:E6:D3:07;0;AVIÁRIO MEIO;707,00;01/12/2025;17:47:47;20;1283-20
CO2;1283;CT-CO2-0;1f94f8ad-7171-b062-c0a5-dbf839ac97e9;CD:E6:D3:07;0;AVIÁRIO MEIO;709,00;01/12/2025;17:53:19;20;1283-20
CO2;1283;CT-CO2-0;1f94f8ad-7171-b062-c0a5-dbf839ac97e9;CD:E6:D3:07;0;AVIÁRIO MEIO;704,00;01/12/2025;17:59:22;20;1283-20
CO2;1283;CT-CO2-0;1f94f8ad-7171-b062-c0a5-dbf839ac97e9;CD:E6:D3:07;0;AVIÁRIO MEIO;707,00;01/12/2025;18:03:54;20;1283-20
CO2;1283;CT-CO2-0;1f94f8ad-7171-b062-c0a5-dbf839ac97e9;CD:E6:D3:07;0;AVIÁRIO MEIO;703,00;01/12/2025;18:09:26;20;1283-20
CO2;1283;CT-CO2-0;1f94f8ad-7171-b062-c0a5-dbf839ac97e9;CD:E6:D3:07;0;AVIÁRIO MEIO;719,00;01/12/2025;18:14:57;20;1283-20
CO2;1283;CT-CO2-0;1f94f8ad-7171-b062-c0a5-dbf839ac97e9;CD:E6:D3:07;0;AVIÁRIO MEIO;713,00;01/12/2025;18:20:01;20;1283-20
CO2;1283;CT-CO2-0;1f94f8ad-7171-b062-c0a5-dbf839ac97e9;CD:E6:D3:07;0;AVIÁRIO MEIO;719,00;01/12/2025;18:25:33;20;1283-20
CO2;1283;CT-CO2-0;1f94f8ad-7171-b062-c0a5-dbf839ac97e9;CD:E6:D3:07;0;AVIÁRIO MEIO;723,00;01/12/2025;18:31:05;20;1283-20
CO2;1283;CT-CO2-0;1f94f8ad-7171-b062-c0a5-dbf839ac97e9;CD:E6:D3:07;0;AVIÁRIO MEIO;711,00;01/12/2025;18:36:07;20;1283-20
CO2;1283;CT-CO2-0;1f94f8ad-7171-b062-c0a5-dbf839ac97e9;CD:E6:D3:07;0;AVIÁRIO MEIO;728,00;01/12/2025;18:41:46;20;1283-20
CO2;1283;CT-CO2-0;1f94f8ad-7171-b062-c0a5-dbf839ac97e9;CD:E6:D3:07;0;AVIÁRIO MEIO;736,00;01/12/2025;18:46:50;20;1283-20
CO2;1283;CT-CO2-0;1f94f8ad-7171-b062-c0a5-dbf839ac97e9;CD:E6:D3:07;0;AVIÁRIO MEIO;740,00;01/12/2025;18:52:23;20;1283-20
CO2;1283;CT-CO2-0;1f94f8ad-7171-b062-c0a5-dbf839ac97e9;CD:E6:D3:07;0;AVIÁRIO MEIO;735,00;01/12/2025;18:57:56;20;1283-20
CO2;1283;CT-CO2-0;1f94f8ad-7171-b062-c0a5-dbf839ac97e9;CD:E6:D3:07;0;AVIÁRIO MEIO;733,00;01/12/2025;19:03:03;20;1283-20
CO2;1283;CT-CO2-0;1f94f8ad-7171-b062-c0a5-dbf839ac97e9;CD:E6:D3:07;0;AVIÁRIO MEIO;724,00;01/12/2025;19:09:13;20;1283-20
CO2;1283;CT-CO2-0;1f94f8ad-7171-b062-c0a5-dbf839ac97e9;CD:E6:D3:07;0;AVIÁRIO MEIO;728,00;01/12/2025;19:13:49;20;1283-20
CO2;1283;CT-CO2-0;1f94f8ad-7171-b062-c0a5-dbf839ac97e9;CD:E6:D3:07;0;AVIÁRIO MEIO;730,00;01/12/2025;19:19:22;20;1283-20
CO2;1283;CT-CO2-0;1f94f8ad-7171-b062-c0a5-dbf839ac97e9;CD:E6:D3:07;0;AVIÁRIO MEIO;732,00;01/12/2025;19:24:24;20;1283-20
CO2;1283;CT-CO2-0;1f94f8ad-7171-b062-c0a5-dbf839ac97e9;CD:E6:D3:07;0;AVIÁRIO MEIO;703,00;01/12/2025;19:29:56;20;1283-20
CO2;1283;CT-CO2-0;1f94f8ad-7171-b062-c0a5-dbf839ac97e9;CD:E6:D3:07;0;AVIÁRIO MEIO;732,00;01/12/2025;19:35:28;20;1283-20
CO2;1283;CT-CO2-0;1f94f8ad-7171-b062-c0a5-dbf839ac97e9;CD:E6:D3:07;0;AVIÁRIO MEIO;737,00;01/12/2025;19:40:36;20;1283-20
CO2;1283;CT-CO2-0;1f94f8ad-7171-b062-c0a5-dbf839ac97e9;CD:E6:D3:07;0;AVIÁRIO MEIO;744,00;01/12/2025;19:46:13;20;1283-20
CO2;1283;CT-CO2-0;1f94f8ad-7171-b062-c0a5-dbf839ac97e9;CD:E6:D3:07;0;AVIÁRIO MEIO;752,00;01/12/2025;19:51:16;20;1283-20
CO2;1283;CT-CO2-0;1f94f8ad-7171-b062-c0a5-dbf839ac97e9;CD:E6:D3:07;0;AVIÁRIO MEIO;754,00;01/12/2025;19:56:49;20;1283-20
CO2;1283;CT-CO2-0;1f94f8ad-7171-b062-c0a5-dbf839ac97e9;CD:E6:D3:07;0;AVIÁRIO MEIO;746,00;01/12/2025;20:02:25;20;1283-20
CO2;1283;CT-CO2-0;1f94f8ad-7171-b062-c0a5-dbf839ac97e9;CD:E6:D3:07;0;AVIÁRIO MEIO;759,00;01/12/2025;20:07:33;20;1283-20
CO2;1283;CT-CO2-0;1f94f8ad-7171-b062-c0a5-dbf839ac97e9;CD:E6:D3:07;0;AVIÁRIO MEIO;754,00;01/12/2025;20:13:26;20;1283-20
CO2;1283;CT-CO2-0;1f94f8ad-7171-b062-c0a5-dbf839ac97e9;CD:E6:D3:07;0;AVIÁRIO MEIO;748,00;01/12/2025;20:19:00;20;1283-20
CO2;1283;CT-CO2-0;1f94f8ad-7171-b062-c0a5-dbf839ac97e9;CD:E6:D3:07;0;AVIÁRIO MEIO;741,00;01/12/2025;20:23:38;20;1283-20
CO2;1283;CT-CO2-0;1f94f8ad-7171-b062-c0a5-dbf839ac97e9;CD:E6:D3:07;0;AVIÁRIO MEIO;752,00;01/12/2025;20:29:16;20;1283-20
CO2;1283;CT-CO2-0;1f94f8ad-7171-b062-c0a5-dbf839ac97e9;CD:E6:D3:07;0;AVIÁRIO MEIO;752,00;01/12/2025;20:34:39;20;1283-20
CO2;1283;CT-CO2-0;1f94f8ad-7171-b062-c0a5-dbf839ac97e9;CD:E6:D3:07;0;AVIÁRIO MEIO;751,00;01/12/2025;20:39:41;20;1283-20
CO2;1283;CT-CO2-0;1f94f8ad-7171-b062-c0a5-dbf839ac97e9;CD:E6:D3:07;0;AVIÁRIO MEIO;763,00;01/12/2025;20:45:18;20;1283-20
CO2;1283;CT-CO2-0;1f94f8ad-7171-b062-c0a5-dbf839ac97e9;CD:E6:D3:07;0;AVIÁRIO MEIO;763,00;01/12/2025;20:50:20;20;1283-20
CO2;1283;CT-CO2-0;1f94f8ad-7171-b062-c0a5-dbf839ac97e9;CD:E6:D3:07;0;AVIÁRIO MEIO;756,00;01/12/2025;20:55:56;20;1283-20
CO2;1283;CT-CO2-0;1f94f8ad-7171-b062-c0a5-dbf839ac97e9;CD:E6:D3:07;0;AVIÁRIO MEIO;766,00;01/12/2025;21:01:29;20;1283-20
CO2;1283;CT-CO2-0;1f94f8ad-7171-b062-c0a5-dbf839ac97e9;CD:E6:D3:07;0;AVIÁRIO MEIO;770,00;01/12/2025;21:07:30;20;1283-20
CO2;1283;CT-CO2-0;1f94f8ad-7171-b062-c0a5-dbf839ac97e9;CD:E6:D3:07;0;AVIÁRIO MEIO;779,00;01/12/2025;21:12:32;20;1283-20
CO2;1283;CT-CO2-0;1f94f8ad-7171-b062-c0a5-dbf839ac97e9;CD:E6:D3:07;0;AVIÁRIO MEIO;770,00;01/12/2025;21:18:04;20;1283-20
CO2;1283;CT-CO2-0;1f94f8ad-7171-b062-c0a5-dbf839ac97e9;CD:E6:D3:07;0;AVIÁRIO MEIO;786,00;01/12/2025;21:24:10;20;1283-20
CO2;1283;CT-CO2-0;1f94f8ad-7171-b062-c0a5-dbf839ac97e9;CD:E6:D3:07;0;AVIÁRIO MEIO;738,00;01/12/2025;21:28:43;20;1283-20
CO2;1283;CT-CO2-0;1f94f8ad-7171-b062-c0a5-dbf839ac97e9;CD:E6:D3:07;0;AVIÁRIO MEIO;724,00;01/12/2025;21:34:16;20;1283-20
CO2;1283;CT-CO2-0;1f94f8ad-7171-b062-c0a5-dbf839ac97e9;CD:E6:D3:07;0;AVIÁRIO MEIO;710,00;01/12/2025;21:39:19;20;1283-20
CO2;1283;CT-CO2-0;1f94f8ad-7171-b062-c0a5-dbf839ac97e9;CD:E6:D3:07;0;AVIÁRIO MEIO;697,00;01/12/2025;21:44:51;20;1283-20
CO2;1283;CT-CO2-0;1f94f8ad-7171-b062-c0a5-dbf839ac97e9;CD:E6:D3:07;0;AVIÁRIO MEIO;715,00;01/12/2025;21:50:24;20;1283-20
CO2;1283;CT-CO2-0;1f94f8ad-7171-b062-c0a5-dbf839ac97e9;CD:E6:D3:07;0;AVIÁRIO MEIO;706,00;01/12/2025;21:55:25;20;1283-20
CO2;1283;CT-CO2-0;1f94f8ad-7171-b062-c0a5-dbf839ac97e9;CD:E6:D3:07;0;AVIÁRIO MEIO;696,00;01/12/2025;22:00:57;20;1283-20
CO2;1283;CT-CO2-0;1f94f8ad-7171-b062-c0a5-dbf839ac97e9;CD:E6:D3:07;0;AVIÁRIO MEIO;702,00;01/12/2025;22:06:30;20;1283-20
CO2;1283;CT-CO2-0;1f94f8ad-7171-b062-c0a5-dbf839ac97e9;CD:E6:D3:07;0;AVIÁRIO MEIO;700,00;01/12/2025;22:11:32;20;1283-20
CO2;1283;CT-CO2-0;1f94f8ad-7171-b062-c0a5-dbf839ac97e9;CD:E6:D3:07;0;AVIÁRIO MEIO;696,00;01/12/2025;22:17:04;20;1283-20
CO2;1283;CT-CO2-0;1f94f8ad-7171-b062-c0a5-dbf839ac97e9;CD:E6:D3:07;0;AVIÁRIO MEIO;674,00;01/12/2025;22:22:36;20;1283-20
CO2;1283;CT-CO2-0;1f94f8ad-7171-b062-c0a5-dbf839ac97e9;CD:E6:D3:07;0;AVIÁRIO MEIO;672,00;01/12/2025;22:27:38;20;1283-20
CO2;1283;CT-CO2-0;1f94f8ad-7171-b062-c0a5-dbf839ac97e9;CD:E6:D3:07;0;AVIÁRIO MEIO;677,00;01/12/2025;22:33:41;20;1283-20
CO2;1283;CT-CO2-0;1f94f8ad-7171-b062-c0a5-dbf839ac97e9;CD:E6:D3:07;0;AVIÁRIO MEIO;680,00;01/12/2025;22:38:43;20;1283-20
CO2;1283;CT-CO2-0;1f94f8ad-7171-b062-c0a5-dbf839ac97e9;CD:E6:D3:07;0;AVIÁRIO MEIO;697,00;01/12/2025;22:43:46;20;1283-20
CO2;1283;CT-CO2-0;1f94f8ad-7171-b062-c0a5-dbf839ac97e9;CD:E6:D3:07;0;AVIÁRIO MEIO;693,00;01/12/2025;22:49:18;20;1283-20
CO2;1283;CT-CO2-0;1f94f8ad-7171-b062-c0a5-dbf839ac97e9;CD:E6:D3:07;0;AVIÁRIO MEIO;685,00;01/12/2025;22:54:50;20;1283-20
CO2;1283;CT-CO2-0;1f94f8ad-7171-b062-c0a5-dbf839ac97e9;CD:E6:D3:07;0;AVIÁRIO MEIO;683,00;01/12/2025;22:59:52;20;1283-20
CO2;1283;CT-CO2-0;1f94f8ad-7171-b062-c0a5-dbf839ac97e9;CD:E6:D3:07;0;AVIÁRIO MEIO;680,00;01/12/2025;23:05:25;20;1283-20
CO2;1283;CT-CO2-0;1f94f8ad-7171-b062-c0a5-dbf839ac97e9;CD:E6:D3:07;0;AVIÁRIO MEIO;684,00;01/12/2025;23:15:59;20;1283-20
CO2;1283;CT-CO2-0;1f94f8ad-7171-b062-c0a5-dbf839ac97e9;CD:E6:D3:07;0;AVIÁRIO MEIO;681,00;01/12/2025;23:21:30;20;1283-20
CO2;1283;CT-CO2-0;1f94f8ad-7171-b062-c0a5-dbf839ac97e9;CD:E6:D3:07;0;AVIÁRIO MEIO;682,00;01/12/2025;23:27:02;20;1283-20
CO2;1283;CT-CO2-0;1f94f8ad-7171-b062-c0a5-dbf839ac97e9;CD:E6:D3:07;0;AVIÁRIO MEIO;671,00;01/12/2025;23:32:04;20;1283-20
CO2;1283;CT-CO2-0;1f94f8ad-7171-b062-c0a5-dbf839ac97e9;CD:E6:D3:07;0;AVIÁRIO MEIO;677,00;01/12/2025;23:37:36;20;1283-20
CO2;1283;CT-CO2-0;1f94f8ad-7171-b062-c0a5-dbf839ac97e9;CD:E6:D3:07;0;AVIÁRIO MEIO;691,00;01/12/2025;23:43:40;20;1283-20
CO2;1283;CT-CO2-0;1f94f8ad-7171-b062-c0a5-dbf839ac97e9;CD:E6:D3:07;0;AVIÁRIO MEIO;695,00;01/12/2025;23:48:13;20;1283-20
CO2;1283;CT-CO2-0;1f94f8ad-7171-b062-c0a5-dbf839ac97e9;CD:E6:D3:07;0;AVIÁRIO MEIO;678,00;01/12/2025;23:53:45;20;1283-20
CO2;1283;CT-CO2-0;1f94f8ad-7171-b062-c0a5-dbf839ac97e9;CD:E6:D3:07;0;AVIÁRIO MEIO;693,00;01/12/2025;23:59:16;20;1283-20
CO2;1283;CT-CO2-0;1f94f8ad-7171-b062-c0a5-dbf839ac97e9;CD:E6:D3:07;0;AVIÁRIO MEIO;710,00;02/12/2025;00:04:18;20;1283-20
CO2;1283;CT-CO2-0;1f94f8ad-7171-b062-c0a5-dbf839ac97e9;CD:E6:D3:07;0;AVIÁRIO MEIO;677,00;02/12/2025;00:09:51;20;1283-20
CO2;1283;CT-CO2-0;1f94f8ad-7171-b062-c0a5-dbf839ac97e9;CD:E6:D3:07;0;AVIÁRIO MEIO;694,00;02/12/2025;00:15:23;20;1283-20
CO2;1283;CT-CO2-0;1f94f8ad-7171-b062-c0a5-dbf839ac97e9;CD:E6:D3:07;0;AVIÁRIO MEIO;692,00;02/12/2025;00:20:26;20;1283-20
CO2;1283;CT-CO2-0;1f94f8ad-7171-b062-c0a5-dbf839ac97e9;CD:E6:D3:07;0;AVIÁRIO MEIO;706,00;02/12/2025;00:31:31;20;1283-20
CO2;1283;CT-CO2-0;1f94f8ad-7171-b062-c0a5-dbf839ac97e9;CD:E6:D3:07;0;AVIÁRIO MEIO;717,00;02/12/2025;00:36:33;20;1283-20
CO2;1283;CT-CO2-0;1f94f8ad-7171-b062-c0a5-dbf839ac97e9;CD:E6:D3:07;0;AVIÁRIO MEIO;729,00;02/12/2025;00:42:05;20;1283-20
CO2;1283;CT-CO2-0;1f94f8ad-7171-b062-c0a5-dbf839ac97e9;CD:E6:D3:07;0;AVIÁRIO MEIO;695,00;02/12/2025;00:47:37;20;1283-20
CO2;1283;CT-CO2-0;1f94f8ad-7171-b062-c0a5-dbf839ac97e9;CD:E6:D3:07;0;AVIÁRIO MEIO;697,00;02/12/2025;00:53:13;20;1283-20
CO2;1283;CT-CO2-0;1f94f8ad-7171-b062-c0a5-dbf839ac97e9;CD:E6:D3:07;0;AVIÁRIO MEIO;706,00;02/12/2025;00:58:15;20;1283-20
CO2;1283;CT-CO2-0;1f94f8ad-7171-b062-c0a5-dbf839ac97e9;CD:E6:D3:07;0;AVIÁRIO MEIO;713,00;02/12/2025;01:03:48;20;1283-20
CO2;1283;CT-CO2-0;1f94f8ad-7171-b062-c0a5-dbf839ac97e9;CD:E6:D3:07;0;AVIÁRIO MEIO;722,00;02/12/2025;01:08:49;20;1283-20
CO2;1283;CT-CO2-0;1f94f8ad-7171-b062-c0a5-dbf839ac97e9;CD:E6:D3:07;0;AVIÁRIO MEIO;725,00;02/12/2025;01:14:21;20;1283-20
CO2;1283;CT-CO2-0;1f94f8ad-7171-b062-c0a5-dbf839ac97e9;CD:E6:D3:07;0;AVIÁRIO MEIO;735,00;02/12/2025;01:19:54;20;1283-20
CO2;1283;CT-CO2-0;1f94f8ad-7171-b062-c0a5-dbf839ac97e9;CD:E6:D3:07;0;AVIÁRIO MEIO;716,00;02/12/2025;01:24:56;20;1283-20
CO2;1283;CT-CO2-0;1f94f8ad-7171-b062-c0a5-dbf839ac97e9;CD:E6:D3:07;0;AVIÁRIO MEIO;720,00;02/12/2025;01:30:31;20;1283-20
CO2;1283;CT-CO2-0;1f94f8ad-7171-b062-c0a5-dbf839ac97e9;CD:E6:D3:07;0;AVIÁRIO MEIO;708,00;02/12/2025;01:36:02;20;1283-20
CO2;1283;CT-CO2-0;1f94f8ad-7171-b062-c0a5-dbf839ac97e9;CD:E6:D3:07;0;AVIÁRIO MEIO;702,00;02/12/2025;01:46:36;20;1283-20
CO2;1283;CT-CO2-0;1f94f8ad-7171-b062-c0a5-dbf839ac97e9;CD:E6:D3:07;0;AVIÁRIO MEIO;695,00;02/12/2025;01:52:08;20;1283-20
CO2;1283;CT-CO2-0;1f94f8ad-7171-b062-c0a5-dbf839ac97e9;CD:E6:D3:07;0;AVIÁRIO MEIO;724,00;02/12/2025;01:57:10;20;1283-20
CO2;1283;CT-CO2-0;1f94f8ad-7171-b062-c0a5-dbf839ac97e9;CD:E6:D3:07;0;AVIÁRIO MEIO;728,00;02/12/2025;02:03:13;20;1283-20
CO2;1283;CT-CO2-0;1f94f8ad-7171-b062-c0a5-dbf839ac97e9;CD:E6:D3:07;0;AVIÁRIO MEIO;738,00;02/12/2025;02:08:15;20;1283-20
CO2;1283;CT-CO2-0;1f94f8ad-7171-b062-c0a5-dbf839ac97e9;CD:E6:D3:07;0;AVIÁRIO MEIO;732,00;02/12/2025;02:13:18;20;1283-20
CO2;1283;CT-CO2-0;1f94f8ad-7171-b062-c0a5-dbf839ac97e9;CD:E6:D3:07;0;AVIÁRIO MEIO;715,00;02/12/2025;02:18:50;20;1283-20
CO2;1283;CT-CO2-0;1f94f8ad-7171-b062-c0a5-dbf839ac97e9;CD:E6:D3:07;0;AVIÁRIO MEIO;718,00;02/12/2025;02:24:22;20;1283-20
CO2;1283;CT-CO2-0;1f94f8ad-7171-b062-c0a5-dbf839ac97e9;CD:E6:D3:07;0;AVIÁRIO MEIO;714,00;02/12/2025;02:29:23;20;1283-20
CO2;1283;CT-CO2-0;1f94f8ad-7171-b062-c0a5-dbf839ac97e9;CD:E6:D3:07;0;AVIÁRIO MEIO;727,00;02/12/2025;02:34:55;20;1283-20
CO2;1283;CT-CO2-0;1f94f8ad-7171-b062-c0a5-dbf839ac97e9;CD:E6:D3:07;0;AVIÁRIO MEIO;726,00;02/12/2025;02:40:28;20;1283-20
CO2;1283;CT-CO2-0;1f94f8ad-7171-b062-c0a5-dbf839ac97e9;CD:E6:D3:07;0;AVIÁRIO MEIO;723,00;02/12/2025;02:45:30;20;1283-20
CO2;1283;CT-CO2-0;1f94f8ad-7171-b062-c0a5-dbf839ac97e9;CD:E6:D3:07;0;AVIÁRIO MEIO;721,00;02/12/2025;02:51:03;20;1283-20
CO2;1283;CT-CO2-0;1f94f8ad-7171-b062-c0a5-dbf839ac97e9;CD:E6:D3:07;0;AVIÁRIO MEIO;738,00;02/12/2025;02:56:35;20;1283-20
CO2;1283;CT-CO2-0;1f94f8ad-7171-b062-c0a5-dbf839ac97e9;CD:E6:D3:07;0;AVIÁRIO MEIO;723,00;02/12/2025;03:01:36;20;1283-20
CO2;1283;CT-CO2-0;1f94f8ad-7171-b062-c0a5-dbf839ac97e9;CD:E6:D3:07;0;AVIÁRIO MEIO;700,00;02/12/2025;03:07:08;20;1283-20
CO2;1283;CT-CO2-0;1f94f8ad-7171-b062-c0a5-dbf839ac97e9;CD:E6:D3:07;0;AVIÁRIO MEIO;695,00;02/12/2025;03:13:13;20;1283-20
CO2;1283;CT-CO2-0;1f94f8ad-7171-b062-c0a5-dbf839ac97e9;CD:E6:D3:07;0;AVIÁRIO MEIO;738,00;02/12/2025;03:17:47;20;1283-20
CO2;1283;CT-CO2-0;1f94f8ad-7171-b062-c0a5-dbf839ac97e9;CD:E6:D3:07;0;AVIÁRIO MEIO;723,00;02/12/2025;03:23:19;20;1283-20
CO2;1283;CT-CO2-0;1f94f8ad-7171-b062-c0a5-dbf839ac97e9;CD:E6:D3:07;0;AVIÁRIO MEIO;724,00;02/12/2025;03:28:22;20;1283-20
CO2;1283;CT-CO2-0;1f94f8ad-7171-b062-c0a5-dbf839ac97e9;CD:E6:D3:07;0;AVIÁRIO MEIO;724,00;02/12/2025;03:33:54;20;1283-20
CO2;1283;CT-CO2-0;1f94f8ad-7171-b062-c0a5-dbf839ac97e9;CD:E6:D3:07;0;AVIÁRIO MEIO;740,00;02/12/2025;03:39:26;20;1283-20
CO2;1283;CT-CO2-0;1f94f8ad-7171-b062-c0a5-dbf839ac97e9;CD:E6:D3:07;0;AVIÁRIO MEIO;725,00;02/12/2025;03:44:27;20;1283-20
CO2;1283;CT-CO2-0;1f94f8ad-7171-b062-c0a5-dbf839ac97e9;CD:E6:D3:07;0;AVIÁRIO MEIO;733,00;02/12/2025;03:49:59;20;1283-20
CO2;1283;CT-CO2-0;1f94f8ad-7171-b062-c0a5-dbf839ac97e9;CD:E6:D3:07;0;AVIÁRIO MEIO;742,00;02/12/2025;03:55:31;20;1283-20
CO2;1283;CT-CO2-0;1f94f8ad-7171-b062-c0a5-dbf839ac97e9;CD:E6:D3:07;0;AVIÁRIO MEIO;756,00;02/12/2025;04:00:34;20;1283-20
CO2;1283;CT-CO2-0;1f94f8ad-7171-b062-c0a5-dbf839ac97e9;CD:E6:D3:07;0;AVIÁRIO MEIO;731,00;02/12/2025;04:06:06;20;1283-20
CO2;1283;CT-CO2-0;1f94f8ad-7171-b062-c0a5-dbf839ac97e9;CD:E6:D3:07;0;AVIÁRIO MEIO;747,00;02/12/2025;04:11:38;20;1283-20
CO2;1283;CT-CO2-0;1f94f8ad-7171-b062-c0a5-dbf839ac97e9;CD:E6:D3:07;0;AVIÁRIO MEIO;744,00;02/12/2025;04:16:39;20;1283-20
CO2;1283;CT-CO2-0;1f94f8ad-7171-b062-c0a5-dbf839ac97e9;CD:E6:D3:07;0;AVIÁRIO MEIO;753,00;02/12/2025;04:22:43;20;1283-20
CO2;1283;CT-CO2-0;1f94f8ad-7171-b062-c0a5-dbf839ac97e9;CD:E6:D3:07;0;AVIÁRIO MEIO;742,00;02/12/2025;04:27:45;20;1283-20
CO2;1283;CT-CO2-0;1f94f8ad-7171-b062-c0a5-dbf839ac97e9;CD:E6:D3:07;0;AVIÁRIO MEIO;713,00;02/12/2025;04:32:47;20;1283-20
CO2;1283;CT-CO2-0;1f94f8ad-7171-b062-c0a5-dbf839ac97e9;CD:E6:D3:07;0;AVIÁRIO MEIO;737,00;02/12/2025;04:38:19;20;1283-20
CO2;1283;CT-CO2-0;1f94f8ad-7171-b062-c0a5-dbf839ac97e9;CD:E6:D3:07;0;AVIÁRIO MEIO;724,00;02/12/2025;04:43:53;20;1283-20
CO2;1283;CT-CO2-0;1f94f8ad-7171-b062-c0a5-dbf839ac97e9;CD:E6:D3:07;0;AVIÁRIO MEIO;726,00;02/12/2025;04:48:55;20;1283-20
CO2;1283;CT-CO2-0;1f94f8ad-7171-b062-c0a5-dbf839ac97e9;CD:E6:D3:07;0;AVIÁRIO MEIO;718,00;02/12/2025;04:54:27;20;1283-20
CO2;1283;CT-CO2-0;1f94f8ad-7171-b062-c0a5-dbf839ac97e9;CD:E6:D3:07;0;AVIÁRIO MEIO;717,00;02/12/2025;05:00:00;20;1283-20
CO2;1283;CT-CO2-0;1f94f8ad-7171-b062-c0a5-dbf839ac97e9;CD:E6:D3:07;0;AVIÁRIO MEIO;708,00;02/12/2025;05:05:03;20;1283-20
CO2;1283;CT-CO2-0;1f94f8ad-7171-b062-c0a5-dbf839ac97e9;CD:E6:D3:07;0;AVIÁRIO MEIO;711,00;02/12/2025;05:10:35;20;1283-20
CO2;1283;CT-CO2-0;1f94f8ad-7171-b062-c0a5-dbf839ac97e9;CD:E6:D3:07;0;AVIÁRIO MEIO;709,00;02/12/2025;05:16:07;20;1283-20
CO2;1283;CT-CO2-0;1f94f8ad-7171-b062-c0a5-dbf839ac97e9;CD:E6:D3:07;0;AVIÁRIO MEIO;724,00;02/12/2025;05:21:09;20;1283-20
CO2;1283;CT-CO2-0;1f94f8ad-7171-b062-c0a5-dbf839ac97e9;CD:E6:D3:07;0;AVIÁRIO MEIO;718,00;02/12/2025;05:26:44;20;1283-20
CO2;1283;CT-CO2-0;1f94f8ad-7171-b062-c0a5-dbf839ac97e9;CD:E6:D3:07;0;AVIÁRIO MEIO;732,00;02/12/2025;05:32:52;20;1283-20
CO2;1283;CT-CO2-0;1f94f8ad-7171-b062-c0a5-dbf839ac97e9;CD:E6:D3:07;0;AVIÁRIO MEIO;762,00;02/12/2025;05:37:24;20;1283-20
CO2;1283;CT-CO2-0;1f94f8ad-7171-b062-c0a5-dbf839ac97e9;CD:E6:D3:07;0;AVIÁRIO MEIO;746,00;02/12/2025;05:42:57;20;1283-20
CO2;1283;CT-CO2-0;1f94f8ad-7171-b062-c0a5-dbf839ac97e9;CD:E6:D3:07;0;AVIÁRIO MEIO;728,00;02/12/2025;05:47:59;20;1283-20
CO2;1283;CT-CO2-0;1f94f8ad-7171-b062-c0a5-dbf839ac97e9;CD:E6:D3:07;0;AVIÁRIO MEIO;744,00;02/12/2025;05:53:32;20;1283-20
CO2;1283;CT-CO2-0;1f94f8ad-7171-b062-c0a5-dbf839ac97e9;CD:E6:D3:07;0;AVIÁRIO MEIO;719,00;02/12/2025;05:59:03;20;1283-20
CO2;1283;CT-CO2-0;1f94f8ad-7171-b062-c0a5-dbf839ac97e9;CD:E6:D3:07;0;AVIÁRIO MEIO;727,00;02/12/2025;06:04:05;20;1283-20
CO2;1283;CT-CO2-0;1f94f8ad-7171-b062-c0a5-dbf839ac97e9;CD:E6:D3:07;0;AVIÁRIO MEIO;719,00;02/12/2025;06:09:36;20;1283-20
CO2;1283;CT-CO2-0;1f94f8ad-7171-b062-c0a5-dbf839ac97e9;CD:E6:D3:07;0;AVIÁRIO MEIO;709,00;02/12/2025;06:15:08;20;1283-20
CO2;1283;CT-CO2-0;1f94f8ad-7171-b062-c0a5-dbf839ac97e9;CD:E6:D3:07;0;AVIÁRIO MEIO;704,00;02/12/2025;06:20:11;20;1283-20
CO2;1283;CT-CO2-0;1f94f8ad-7171-b062-c0a5-dbf839ac97e9;CD:E6:D3:07;0;AVIÁRIO MEIO;704,00;02/12/2025;06:25:44;20;1283-20
CO2;1283;CT-CO2-0;1f94f8ad-7171-b062-c0a5-dbf839ac97e9;CD:E6:D3:07;0;AVIÁRIO MEIO;705,00;02/12/2025;06:31:17;20;1283-20
CO2;1283;CT-CO2-0;1f94f8ad-7171-b062-c0a5-dbf839ac97e9;CD:E6:D3:07;0;AVIÁRIO MEIO;704,00;02/12/2025;06:36:19;20;1283-20
CO2;1283;CT-CO2-0;1f94f8ad-7171-b062-c0a5-dbf839ac97e9;CD:E6:D3:07;0;AVIÁRIO MEIO;706,00;02/12/2025;06:42:22;20;1283-20
CO2;1283;CT-CO2-0;1f94f8ad-7171-b062-c0a5-dbf839ac97e9;CD:E6:D3:07;0;AVIÁRIO MEIO;697,00;02/12/2025;06:47:24;20;1283-20
CO2;1283;CT-CO2-0;1f94f8ad-7171-b062-c0a5-dbf839ac97e9;CD:E6:D3:07;0;AVIÁRIO MEIO;711,00;02/12/2025;06:52:26;20;1283-20
CO2;1283;CT-CO2-0;1f94f8ad-7171-b062-c0a5-dbf839ac97e9;CD:E6:D3:07;0;AVIÁRIO MEIO;700,00;02/12/2025;06:58:01;20;1283-20
CO2;1283;CT-CO2-0;1f94f8ad-7171-b062-c0a5-dbf839ac97e9;CD:E6:D3:07;0;AVIÁRIO MEIO;699,00;02/12/2025;07:03:34;20;1283-20
CO2;1283;CT-CO2-0;1f94f8ad-7171-b062-c0a5-dbf839ac97e9;CD:E6:D3:07;0;AVIÁRIO MEIO;699,00;02/12/2025;07:08:37;20;1283-20
CO2;1283;CT-CO2-0;1f94f8ad-7171-b062-c0a5-dbf839ac97e9;CD:E6:D3:07;0;AVIÁRIO MEIO;704,00;02/12/2025;07:14:10;20;1283-20
CO2;1283;CT-CO2-0;1f94f8ad-7171-b062-c0a5-dbf839ac97e9;CD:E6:D3:07;0;AVIÁRIO MEIO;711,00;02/12/2025;07:19:13;20;1283-20
CO2;1283;CT-CO2-0;1f94f8ad-7171-b062-c0a5-dbf839ac97e9;CD:E6:D3:07;0;AVIÁRIO MEIO;712,00;02/12/2025;07:24:45;20;1283-20
CO2;1283;CT-CO2-0;1f94f8ad-7171-b062-c0a5-dbf839ac97e9;CD:E6:D3:07;0;AVIÁRIO MEIO;711,00;02/12/2025;07:30:17;20;1283-20
CO2;1283;CT-CO2-0;1f94f8ad-7171-b062-c0a5-dbf839ac97e9;CD:E6:D3:07;0;AVIÁRIO MEIO;715,00;02/12/2025;07:35:19;20;1283-20
CO2;1283;CT-CO2-0;1f94f8ad-7171-b062-c0a5-dbf839ac97e9;CD:E6:D3:07;0;AVIÁRIO MEIO;713,00;02/12/2025;07:40:55;20;1283-20
CO2;1283;CT-CO2-0;1f94f8ad-7171-b062-c0a5-dbf839ac97e9;CD:E6:D3:07;0;AVIÁRIO MEIO;724,00;02/12/2025;07:46:28;20;1283-20
CO2;1283;CT-CO2-0;1f94f8ad-7171-b062-c0a5-dbf839ac97e9;CD:E6:D3:07;0;AVIÁRIO MEIO;703,00;02/12/2025;07:52:01;20;1283-20
CO2;1283;CT-CO2-0;1f94f8ad-7171-b062-c0a5-dbf839ac97e9;CD:E6:D3:07;0;AVIÁRIO MEIO;704,00;02/12/2025;07:57:04;20;1283-20
CO2;1283;CT-CO2-0;1f94f8ad-7171-b062-c0a5-dbf839ac97e9;CD:E6:D3:07;0;AVIÁRIO MEIO;712,00;02/12/2025;08:02:36;20;1283-20
CO2;1283;CT-CO2-0;1f94f8ad-7171-b062-c0a5-dbf839ac97e9;CD:E6:D3:07;0;AVIÁRIO MEIO;715,00;02/12/2025;08:07:38;20;1283-20
CO2;1283;CT-CO2-0;1f94f8ad-7171-b062-c0a5-dbf839ac97e9;CD:E6:D3:07;0;AVIÁRIO MEIO;710,00;02/12/2025;08:13:09;20;1283-20
CO2;1283;CT-CO2-0;1f94f8ad-7171-b062-c0a5-dbf839ac97e9;CD:E6:D3:07;0;AVIÁRIO MEIO;727,00;02/12/2025;08:18:42;20;1283-20
CO2;1283;CT-CO2-0;1f94f8ad-7171-b062-c0a5-dbf839ac97e9;CD:E6:D3:07;0;AVIÁRIO MEIO;717,00;02/12/2025;08:23:44;20;1283-20
CO2;1283;CT-CO2-0;1f94f8ad-7171-b062-c0a5-dbf839ac97e9;CD:E6:D3:07;0;AVIÁRIO MEIO;707,00;02/12/2025;08:29:17;20;1283-20
CO2;1283;CT-CO2-0;1f94f8ad-7171-b062-c0a5-dbf839ac97e9;CD:E6:D3:07;0;AVIÁRIO MEIO;703,00;02/12/2025;08:34:50;20;1283-20
CO2;1283;CT-CO2-0;1f94f8ad-7171-b062-c0a5-dbf839ac97e9;CD:E6:D3:07;0;AVIÁRIO MEIO;714,00;02/12/2025;08:39:52;20;1283-20
CO2;1283;CT-CO2-0;1f94f8ad-7171-b062-c0a5-dbf839ac97e9;CD:E6:D3:07;0;AVIÁRIO MEIO;701,00;02/12/2025;08:45:23;20;1283-20
CO2;1283;CT-CO2-0;1f94f8ad-7171-b062-c0a5-dbf839ac97e9;CD:E6:D3:07;0;AVIÁRIO MEIO;702,00;02/12/2025;08:50:59;20;1283-20
CO2;1283;CT-CO2-0;1f94f8ad-7171-b062-c0a5-dbf839ac97e9;CD:E6:D3:07;0;AVIÁRIO MEIO;686,00;02/12/2025;09:02:05;20;1283-20
CO2;1283;CT-CO2-0;1f94f8ad-7171-b062-c0a5-dbf839ac97e9;CD:E6:D3:07;0;AVIÁRIO MEIO;696,00;02/12/2025;09:06:37;20;1283-20
CO2;1283;CT-CO2-0;1f94f8ad-7171-b062-c0a5-dbf839ac97e9;CD:E6:D3:07;0;AVIÁRIO MEIO;699,00;02/12/2025;09:12:09;20;1283-20
CO2;1283;CT-CO2-0;1f94f8ad-7171-b062-c0a5-dbf839ac97e9;CD:E6:D3:07;0;AVIÁRIO MEIO;712,00;02/12/2025;09:17:41;20;1283-20
CO2;1283;CT-CO2-0;1f94f8ad-7171-b062-c0a5-dbf839ac97e9;CD:E6:D3:07;0;AVIÁRIO MEIO;696,00;02/12/2025;09:22:43;20;1283-20
CO2;1283;CT-CO2-0;1f94f8ad-7171-b062-c0a5-dbf839ac97e9;CD:E6:D3:07;0;AVIÁRIO MEIO;691,00;02/12/2025;09:28:15;20;1283-20
CO2;1283;CT-CO2-0;1f94f8ad-7171-b062-c0a5-dbf839ac97e9;CD:E6:D3:07;0;AVIÁRIO MEIO;703,00;02/12/2025;09:33:48;20;1283-20
CO2;1283;CT-CO2-0;1f94f8ad-7171-b062-c0a5-dbf839ac97e9;CD:E6:D3:07;0;AVIÁRIO MEIO;733,00;02/12/2025;09:38:50;20;1283-20
CO2;1283;CT-CO2-0;1f94f8ad-7171-b062-c0a5-dbf839ac97e9;CD:E6:D3:07;0;AVIÁRIO MEIO;708,00;02/12/2025;09:44:23;20;1283-20
CO2;1283;CT-CO2-0;1f94f8ad-7171-b062-c0a5-dbf839ac97e9;CD:E6:D3:07;0;AVIÁRIO MEIO;699,00;02/12/2025;09:49:55;20;1283-20
CO2;1283;CT-CO2-0;1f94f8ad-7171-b062-c0a5-dbf839ac97e9;CD:E6:D3:07;0;AVIÁRIO MEIO;694,00;02/12/2025;09:54:57;20;1283-20
CO2;1283;CT-CO2-0;1f94f8ad-7171-b062-c0a5-dbf839ac97e9;CD:E6:D3:07;0;AVIÁRIO MEIO;704,00;02/12/2025;10:00:30;20;1283-20
CO2;1283;CT-CO2-0;1f94f8ad-7171-b062-c0a5-dbf839ac97e9;CD:E6:D3:07;0;AVIÁRIO MEIO;708,00;02/12/2025;10:11:42;20;1283-20
CO2;1283;CT-CO2-0;1f94f8ad-7171-b062-c0a5-dbf839ac97e9;CD:E6:D3:07;0;AVIÁRIO MEIO;686,00;02/12/2025;10:16:44;20;1283-20
CO2;1283;CT-CO2-0;1f94f8ad-7171-b062-c0a5-dbf839ac97e9;CD:E6:D3:07;0;AVIÁRIO MEIO;699,00;02/12/2025;10:22:16;20;1283-20
CO2;1283;CT-CO2-0;1f94f8ad-7171-b062-c0a5-dbf839ac97e9;CD:E6:D3:07;0;AVIÁRIO MEIO;694,00;02/12/2025;10:27:18;20;1283-20
CO2;1283;CT-CO2-0;1f94f8ad-7171-b062-c0a5-dbf839ac97e9;CD:E6:D3:07;0;AVIÁRIO MEIO;704,00;02/12/2025;10:32:50;20;1283-20
CO2;1283;CT-CO2-0;1f94f8ad-7171-b062-c0a5-dbf839ac97e9;CD:E6:D3:07;0;AVIÁRIO MEIO;685,00;02/12/2025;10:38:22;20;1283-20
CO2;1283;CT-CO2-0;1f94f8ad-7171-b062-c0a5-dbf839ac97e9;CD:E6:D3:07;0;AVIÁRIO MEIO;697,00;02/12/2025;10:43:24;20;1283-20
CO2;1283;CT-CO2-0;1f94f8ad-7171-b062-c0a5-dbf839ac97e9;CD:E6:D3:07;0;AVIÁRIO MEIO;702,00;02/12/2025;10:48:56;20;1283-20
CO2;1283;CT-CO2-0;1f94f8ad-7171-b062-c0a5-dbf839ac97e9;CD:E6:D3:07;0;AVIÁRIO MEIO;699,00;02/12/2025;10:54:31;20;1283-20
CO2;1283;CT-CO2-0;1f94f8ad-7171-b062-c0a5-dbf839ac97e9;CD:E6:D3:07;0;AVIÁRIO MEIO;689,00;02/12/2025;10:59:33;20;1283-20
CO2;1283;CT-CO2-0;1f94f8ad-7171-b062-c0a5-dbf839ac97e9;CD:E6:D3:07;0;AVIÁRIO MEIO;682,00;02/12/2025;11:05:05;20;1283-20
CO2;1283;CT-CO2-0;1f94f8ad-7171-b062-c0a5-dbf839ac97e9;CD:E6:D3:07;0;AVIÁRIO MEIO;678,00;02/12/2025;11:10:08;20;1283-20
CO2;1283;CT-CO2-0;1f94f8ad-7171-b062-c0a5-dbf839ac97e9;CD:E6:D3:07;0;AVIÁRIO MEIO;687,00;02/12/2025;11:15:40;20;1283-20
CO2;1283;CT-CO2-0;1f94f8ad-7171-b062-c0a5-dbf839ac97e9;CD:E6:D3:07;0;AVIÁRIO MEIO;691,00;02/12/2025;11:21:47;20;1283-20
CO2;1283;CT-CO2-0;1f94f8ad-7171-b062-c0a5-dbf839ac97e9;CD:E6:D3:07;0;AVIÁRIO MEIO;696,00;02/12/2025;11:26:19;20;1283-20
CO2;1283;CT-CO2-0;1f94f8ad-7171-b062-c0a5-dbf839ac97e9;CD:E6:D3:07;0;AVIÁRIO MEIO;767,00;02/12/2025;11:31:53;20;1283-20
CO2;1283;CT-CO2-0;1f94f8ad-7171-b062-c0a5-dbf839ac97e9;CD:E6:D3:07;0;AVIÁRIO MEIO;682,00;02/12/2025;11:37:26;20;1283-20
CO2;1283;CT-CO2-0;1f94f8ad-7171-b062-c0a5-dbf839ac97e9;CD:E6:D3:07;0;AVIÁRIO MEIO;690,00;02/12/2025;11:42:28;20;1283-20
CO2;1283;CT-CO2-0;1f94f8ad-7171-b062-c0a5-dbf839ac97e9;CD:E6:D3:07;0;AVIÁRIO MEIO;678,00;02/12/2025;11:48:01;20;1283-20
CO2;1283;CT-CO2-0;1f94f8ad-7171-b062-c0a5-dbf839ac97e9;CD:E6:D3:07;0;AVIÁRIO MEIO;691,00;02/12/2025;11:53:33;20;1283-20
CO2;1283;CT-CO2-0;1f94f8ad-7171-b062-c0a5-dbf839ac97e9;CD:E6:D3:07;0;AVIÁRIO MEIO;696,00;02/12/2025;11:58:35;20;1283-20
CO2;1283;CT-CO2-0;1f94f8ad-7171-b062-c0a5-dbf839ac97e9;CD:E6:D3:07;0;AVIÁRIO MEIO;681,00;02/12/2025;12:04:07;20;1283-20
CO2;1283;CT-CO2-0;1f94f8ad-7171-b062-c0a5-dbf839ac97e9;CD:E6:D3:07;0;AVIÁRIO MEIO;749,00;02/12/2025;12:09:41;20;1283-20
CO2;1283;CT-CO2-0;1f94f8ad-7171-b062-c0a5-dbf839ac97e9;CD:E6:D3:07;0;AVIÁRIO MEIO;697,00;02/12/2025;12:14:43;20;1283-20
CO2;1283;CT-CO2-0;1f94f8ad-7171-b062-c0a5-dbf839ac97e9;CD:E6:D3:07;0;AVIÁRIO MEIO;696,00;02/12/2025;12:20:16;20;1283-20
CO2;1283;CT-CO2-0;1f94f8ad-7171-b062-c0a5-dbf839ac97e9;CD:E6:D3:07;0;AVIÁRIO MEIO;680,00;02/12/2025;12:25:47;20;1283-20
CO2;1283;CT-CO2-0;1f94f8ad-7171-b062-c0a5-dbf839ac97e9;CD:E6:D3:07;0;AVIÁRIO MEIO;677,00;02/12/2025;12:31:25;20;1283-20
CO2;1283;CT-CO2-0;1f94f8ad-7171-b062-c0a5-dbf839ac97e9;CD:E6:D3:07;0;AVIÁRIO MEIO;685,00;02/12/2025;12:36:27;20;1283-20
CO2;1283;CT-CO2-0;1f94f8ad-7171-b062-c0a5-dbf839ac97e9;CD:E6:D3:07;0;AVIÁRIO MEIO;694,00;02/12/2025;12:41:29;20;1283-20
CO2;1283;CT-CO2-0;1f94f8ad-7171-b062-c0a5-dbf839ac97e9;CD:E6:D3:07;0;AVIÁRIO MEIO;679,00;02/12/2025;12:47:01;20;1283-20
CO2;1283;CT-CO2-0;1f94f8ad-7171-b062-c0a5-dbf839ac97e9;CD:E6:D3:07;0;AVIÁRIO MEIO;700,00;02/12/2025;12:52:33;20;1283-20
CO2;1283;CT-CO2-0;1f94f8ad-7171-b062-c0a5-dbf839ac97e9;CD:E6:D3:07;0;AVIÁRIO MEIO;679,00;02/12/2025;12:57:35;20;1283-20
CO2;1283;CT-CO2-0;1f94f8ad-7171-b062-c0a5-dbf839ac97e9;CD:E6:D3:07;0;AVIÁRIO MEIO;700,00;02/12/2025;13:03:07;20;1283-20
CO2;1283;CT-CO2-0;1f94f8ad-7171-b062-c0a5-dbf839ac97e9;CD:E6:D3:07;0;AVIÁRIO MEIO;673,00;02/12/2025;13:08:39;20;1283-20
CO2;1283;CT-CO2-0;1f94f8ad-7171-b062-c0a5-dbf839ac97e9;CD:E6:D3:07;0;AVIÁRIO MEIO;695,00;02/12/2025;13:13:41;20;1283-20
CO2;1283;CT-CO2-0;1f94f8ad-7171-b062-c0a5-dbf839ac97e9;CD:E6:D3:07;0;AVIÁRIO MEIO;678,00;02/12/2025;13:19:13;20;1283-20
CO2;1283;CT-CO2-0;1f94f8ad-7171-b062-c0a5-dbf839ac97e9;CD:E6:D3:07;0;AVIÁRIO MEIO;674,00;02/12/2025;13:24:45;20;1283-20
CO2;1283;CT-CO2-0;1f94f8ad-7171-b062-c0a5-dbf839ac97e9;CD:E6:D3:07;0;AVIÁRIO MEIO;675,00;02/12/2025;13:30:17;20;1283-20
CO2;1283;CT-CO2-0;1f94f8ad-7171-b062-c0a5-dbf839ac97e9;CD:E6:D3:07;0;AVIÁRIO MEIO;689,00;02/12/2025;13:35:22;20;1283-20
CO2;1283;CT-CO2-0;1f94f8ad-7171-b062-c0a5-dbf839ac97e9;CD:E6:D3:07;0;AVIÁRIO MEIO;682,00;02/12/2025;13:41:25;20;1283-20
CO2;1283;CT-CO2-0;1f94f8ad-7171-b062-c0a5-dbf839ac97e9;CD:E6:D3:07;0;AVIÁRIO MEIO;690,00;02/12/2025;13:51:28;20;1283-20
CO2;1283;CT-CO2-0;1f94f8ad-7171-b062-c0a5-dbf839ac97e9;CD:E6:D3:07;0;AVIÁRIO MEIO;676,00;02/12/2025;13:57:00;20;1283-20
CO2;1283;CT-CO2-0;1f94f8ad-7171-b062-c0a5-dbf839ac97e9;CD:E6:D3:07;0;AVIÁRIO MEIO;678,00;02/12/2025;14:02:02;20;1283-20
CO2;1283;CT-CO2-0;1f94f8ad-7171-b062-c0a5-dbf839ac97e9;CD:E6:D3:07;0;AVIÁRIO MEIO;690,00;02/12/2025;14:07:34;20;1283-20
CO2;1283;CT-CO2-0;1f94f8ad-7171-b062-c0a5-dbf839ac97e9;CD:E6:D3:07;0;AVIÁRIO MEIO;689,00;02/12/2025;14:13:06;20;1283-20
CO2;1283;CT-CO2-0;1f94f8ad-7171-b062-c0a5-dbf839ac97e9;CD:E6:D3:07;0;AVIÁRIO MEIO;690,00;02/12/2025;14:18:08;20;1283-20
CO2;1283;CT-CO2-0;1f94f8ad-7171-b062-c0a5-dbf839ac97e9;CD:E6:D3:07;0;AVIÁRIO MEIO;693,00;02/12/2025;14:23:41;20;1283-20
CO2;1283;CT-CO2-0;1f94f8ad-7171-b062-c0a5-dbf839ac97e9;CD:E6:D3:07;0;AVIÁRIO MEIO;685,00;02/12/2025;14:29:14;20;1283-20
CO2;1283;CT-CO2-0;1f94f8ad-7171-b062-c0a5-dbf839ac97e9;CD:E6:D3:07;0;AVIÁRIO MEIO;677,00;02/12/2025;14:34:16;20;1283-20
CO2;1283;CT-CO2-0;1f94f8ad-7171-b062-c0a5-dbf839ac97e9;CD:E6:D3:07;0;AVIÁRIO MEIO;692,00;02/12/2025;14:39:49;20;1283-20
CO2;1283;CT-CO2-0;1f94f8ad-7171-b062-c0a5-dbf839ac97e9;CD:E6:D3:07;0;AVIÁRIO MEIO;686,00;02/12/2025;14:45:20;20;1283-20
CO2;1283;CT-CO2-0;1f94f8ad-7171-b062-c0a5-dbf839ac97e9;CD:E6:D3:07;0;AVIÁRIO MEIO;706,00;02/12/2025;14:50:55;20;1283-20
CO2;1283;CT-CO2-0;1f94f8ad-7171-b062-c0a5-dbf839ac97e9;CD:E6:D3:07;0;AVIÁRIO MEIO;680,00;02/12/2025;15:01:38;20;1283-20
CO2;1283;CT-CO2-0;1f94f8ad-7171-b062-c0a5-dbf839ac97e9;CD:E6:D3:07;0;AVIÁRIO MEIO;686,00;02/12/2025;15:06:40;20;1283-20
CO2;1283;CT-CO2-0;1f94f8ad-7171-b062-c0a5-dbf839ac97e9;CD:E6:D3:07;0;AVIÁRIO MEIO;705,00;02/12/2025;15:12:12;20;1283-20
CO2;1283;CT-CO2-0;1f94f8ad-7171-b062-c0a5-dbf839ac97e9;CD:E6:D3:07;0;AVIÁRIO MEIO;692,00;02/12/2025;15:17:15;20;1283-20
CO2;1283;CT-CO2-0;1f94f8ad-7171-b062-c0a5-dbf839ac97e9;CD:E6:D3:07;0;AVIÁRIO MEIO;704,00;02/12/2025;15:22:47;20;1283-20
CO2;1283;CT-CO2-0;1f94f8ad-7171-b062-c0a5-dbf839ac97e9;CD:E6:D3:07;0;AVIÁRIO MEIO;695,00;02/12/2025;15:28:19;20;1283-20
CO2;1283;CT-CO2-0;1f94f8ad-7171-b062-c0a5-dbf839ac97e9;CD:E6:D3:07;0;AVIÁRIO MEIO;690,00;02/12/2025;15:33:21;20;1283-20
CO2;1283;CT-CO2-0;1f94f8ad-7171-b062-c0a5-dbf839ac97e9;CD:E6:D3:07;0;AVIÁRIO MEIO;692,00;02/12/2025;15:38:53;20;1283-20
CO2;1283;CT-CO2-0;1f94f8ad-7171-b062-c0a5-dbf839ac97e9;CD:E6:D3:07;0;AVIÁRIO MEIO;689,00;02/12/2025;15:44:25;20;1283-20
CO2;1283;CT-CO2-0;1f94f8ad-7171-b062-c0a5-dbf839ac97e9;CD:E6:D3:07;0;AVIÁRIO MEIO;693,00;02/12/2025;15:49:28;20;1283-20
CO2;1283;CT-CO2-0;1f94f8ad-7171-b062-c0a5-dbf839ac97e9;CD:E6:D3:07;0;AVIÁRIO MEIO;705,00;02/12/2025;15:55:00;20;1283-20
CO2;1283;CT-CO2-0;1f94f8ad-7171-b062-c0a5-dbf839ac97e9;CD:E6:D3:07;0;AVIÁRIO MEIO;696,00;02/12/2025;16:05:36;20;1283-20
CO2;1283;CT-CO2-0;1f94f8ad-7171-b062-c0a5-dbf839ac97e9;CD:E6:D3:07;0;AVIÁRIO MEIO;695,00;02/12/2025;16:11:09;20;1283-20
CO2;1283;CT-CO2-0;1f94f8ad-7171-b062-c0a5-dbf839ac97e9;CD:E6:D3:07;0;AVIÁRIO MEIO;686,00;02/12/2025;16:16:40;20;1283-20
CO2;1283;CT-CO2-0;1f94f8ad-7171-b062-c0a5-dbf839ac97e9;CD:E6:D3:07;0;AVIÁRIO MEIO;694,00;02/12/2025;16:21:42;20;1283-20
CO2;1283;CT-CO2-0;1f94f8ad-7171-b062-c0a5-dbf839ac97e9;CD:E6:D3:07;0;AVIÁRIO MEIO;697,00;02/12/2025;16:27:14;20;1283-20
CO2;1283;CT-CO2-0;1f94f8ad-7171-b062-c0a5-dbf839ac97e9;CD:E6:D3:07;0;AVIÁRIO MEIO;698,00;02/12/2025;16:32:48;20;1283-20
CO2;1283;CT-CO2-0;1f94f8ad-7171-b062-c0a5-dbf839ac97e9;CD:E6:D3:07;0;AVIÁRIO MEIO;699,00;02/12/2025;16:37:50;20;1283-20
CO2;1283;CT-CO2-0;1f94f8ad-7171-b062-c0a5-dbf839ac97e9;CD:E6:D3:07;0;AVIÁRIO MEIO;694,00;02/12/2025;16:43:22;20;1283-20
CO2;1283;CT-CO2-0;1f94f8ad-7171-b062-c0a5-dbf839ac97e9;CD:E6:D3:07;0;AVIÁRIO MEIO;702,00;02/12/2025;16:48:54;20;1283-20
CO2;1283;CT-CO2-0;1f94f8ad-7171-b062-c0a5-dbf839ac97e9;CD:E6:D3:07;0;AVIÁRIO MEIO;693,00;02/12/2025;16:53:56;20;1283-20
CO2;1283;CT-CO2-0;1f94f8ad-7171-b062-c0a5-dbf839ac97e9;CD:E6:D3:07;0;AVIÁRIO MEIO;701,00;02/12/2025;16:59:28;20;1283-20
CO2;1283;CT-CO2-0;1f94f8ad-7171-b062-c0a5-dbf839ac97e9;CD:E6:D3:07;0;AVIÁRIO MEIO;678,00;02/12/2025;17:05:02;20;1283-20
CO2;1283;CT-CO2-0;1f94f8ad-7171-b062-c0a5-dbf839ac97e9;CD:E6:D3:07;0;AVIÁRIO MEIO;692,00;02/12/2025;17:10:36;20;1283-20
CO2;1283;CT-CO2-0;1f94f8ad-7171-b062-c0a5-dbf839ac97e9;CD:E6:D3:07;0;AVIÁRIO MEIO;689,00;02/12/2025;17:15:37;20;1283-20
CO2;1283;CT-CO2-0;1f94f8ad-7171-b062-c0a5-dbf839ac97e9;CD:E6:D3:07;0;AVIÁRIO MEIO;712,00;02/12/2025;17:21:09;20;1283-20
CO2;1283;CT-CO2-0;1f94f8ad-7171-b062-c0a5-dbf839ac97e9;CD:E6:D3:07;0;AVIÁRIO MEIO;700,00;02/12/2025;17:26:11;20;1283-20
CO2;1283;CT-CO2-0;1f94f8ad-7171-b062-c0a5-dbf839ac97e9;CD:E6:D3:07;0;AVIÁRIO MEIO;682,00;02/12/2025;17:31:43;20;1283-20
CO2;1283;CT-CO2-0;1f94f8ad-7171-b062-c0a5-dbf839ac97e9;CD:E6:D3:07;0;AVIÁRIO MEIO;705,00;02/12/2025;17:37:15;20;1283-20
CO2;1283;CT-CO2-0;1f94f8ad-7171-b062-c0a5-dbf839ac97e9;CD:E6:D3:07;0;AVIÁRIO MEIO;695,00;02/12/2025;17:42:17;20;1283-20
CO2;1283;CT-CO2-0;1f94f8ad-7171-b062-c0a5-dbf839ac97e9;CD:E6:D3:07;0;AVIÁRIO MEIO;699,00;02/12/2025;17:47:49;20;1283-20
CO2;1283;CT-CO2-0;1f94f8ad-7171-b062-c0a5-dbf839ac97e9;CD:E6:D3:07;0;AVIÁRIO MEIO;709,00;02/12/2025;17:53:22;20;1283-20
CO2;1283;CT-CO2-0;1f94f8ad-7171-b062-c0a5-dbf839ac97e9;CD:E6:D3:07;0;AVIÁRIO MEIO;707,00;02/12/2025;17:58:25;20;1283-20
CO2;1283;CT-CO2-0;1f94f8ad-7171-b062-c0a5-dbf839ac97e9;CD:E6:D3:07;0;AVIÁRIO MEIO;700,00;02/12/2025;18:03:57;20;1283-20
CO2;1283;CT-CO2-0;1f94f8ad-7171-b062-c0a5-dbf839ac97e9;CD:E6:D3:07;0;AVIÁRIO MEIO;708,00;02/12/2025;18:09:29;20;1283-20
CO2;1283;CT-CO2-0;1f94f8ad-7171-b062-c0a5-dbf839ac97e9;CD:E6:D3:07;0;AVIÁRIO MEIO;712,00;02/12/2025;18:14:32;20;1283-20
CO2;1283;CT-CO2-0;1f94f8ad-7171-b062-c0a5-dbf839ac97e9;CD:E6:D3:07;0;AVIÁRIO MEIO;722,00;02/12/2025;18:20:36;20;1283-20
CO2;1283;CT-CO2-0;1f94f8ad-7171-b062-c0a5-dbf839ac97e9;CD:E6:D3:07;0;AVIÁRIO MEIO;714,00;02/12/2025;18:25:08;20;1283-20
CO2;1283;CT-CO2-0;1f94f8ad-7171-b062-c0a5-dbf839ac97e9;CD:E6:D3:07;0;AVIÁRIO MEIO;798,00;02/12/2025;18:30:41;20;1283-20
CO2;1283;CT-CO2-0;1f94f8ad-7171-b062-c0a5-dbf839ac97e9;CD:E6:D3:07;0;AVIÁRIO MEIO;724,00;02/12/2025;18:36:15;20;1283-20
CO2;1283;CT-CO2-0;1f94f8ad-7171-b062-c0a5-dbf839ac97e9;CD:E6:D3:07;0;AVIÁRIO MEIO;704,00;02/12/2025;18:41:17;20;1283-20
CO2;1283;CT-CO2-0;1f94f8ad-7171-b062-c0a5-dbf839ac97e9;CD:E6:D3:07;0;AVIÁRIO MEIO;703,00;02/12/2025;18:46:49;20;1283-20
CO2;1283;CT-CO2-0;1f94f8ad-7171-b062-c0a5-dbf839ac97e9;CD:E6:D3:07;0;AVIÁRIO MEIO;696,00;02/12/2025;18:52:21;20;1283-20
CO2;1283;CT-CO2-0;1f94f8ad-7171-b062-c0a5-dbf839ac97e9;CD:E6:D3:07;0;AVIÁRIO MEIO;703,00;02/12/2025;18:57:22;20;1283-20
CO2;1283;CT-CO2-0;1f94f8ad-7171-b062-c0a5-dbf839ac97e9;CD:E6:D3:07;0;AVIÁRIO MEIO;719,00;02/12/2025;19:02:54;20;1283-20
CO2;1283;CT-CO2-0;1f94f8ad-7171-b062-c0a5-dbf839ac97e9;CD:E6:D3:07;0;AVIÁRIO MEIO;730,00;02/12/2025;19:08:28;20;1283-20
CO2;1283;CT-CO2-0;1f94f8ad-7171-b062-c0a5-dbf839ac97e9;CD:E6:D3:07;0;AVIÁRIO MEIO;722,00;02/12/2025;19:13:31;20;1283-20
CO2;1283;CT-CO2-0;1f94f8ad-7171-b062-c0a5-dbf839ac97e9;CD:E6:D3:07;0;AVIÁRIO MEIO;739,00;02/12/2025;19:19:03;20;1283-20
CO2;1283;CT-CO2-0;1f94f8ad-7171-b062-c0a5-dbf839ac97e9;CD:E6:D3:07;0;AVIÁRIO MEIO;745,00;02/12/2025;19:24:35;20;1283-20
CO2;1283;CT-CO2-0;1f94f8ad-7171-b062-c0a5-dbf839ac97e9;CD:E6:D3:07;0;AVIÁRIO MEIO;732,00;02/12/2025;19:30:10;20;1283-20
CO2;1283;CT-CO2-0;1f94f8ad-7171-b062-c0a5-dbf839ac97e9;CD:E6:D3:07;0;AVIÁRIO MEIO;755,00;02/12/2025;19:35:11;20;1283-20
CO2;1283;CT-CO2-0;1f94f8ad-7171-b062-c0a5-dbf839ac97e9;CD:E6:D3:07;0;AVIÁRIO MEIO;713,00;02/12/2025;19:40:44;20;1283-20
CO2;1283;CT-CO2-0;1f94f8ad-7171-b062-c0a5-dbf839ac97e9;CD:E6:D3:07;0;AVIÁRIO MEIO;720,00;02/12/2025;19:45:46;20;1283-20
CO2;1283;CT-CO2-0;1f94f8ad-7171-b062-c0a5-dbf839ac97e9;CD:E6:D3:07;0;AVIÁRIO MEIO;735,00;02/12/2025;19:51:25;20;1283-20
CO2;1283;CT-CO2-0;1f94f8ad-7171-b062-c0a5-dbf839ac97e9;CD:E6:D3:07;0;AVIÁRIO MEIO;734,00;02/12/2025;19:56:56;20;1283-20
CO2;1283;CT-CO2-0;1f94f8ad-7171-b062-c0a5-dbf839ac97e9;CD:E6:D3:07;0;AVIÁRIO MEIO;740,00;02/12/2025;20:02:00;20;1283-20
CO2;1283;CT-CO2-0;1f94f8ad-7171-b062-c0a5-dbf839ac97e9;CD:E6:D3:07;0;AVIÁRIO MEIO;729,00;02/12/2025;20:07:31;20;1283-20
CO2;1283;CT-CO2-0;1f94f8ad-7171-b062-c0a5-dbf839ac97e9;CD:E6:D3:07;0;AVIÁRIO MEIO;727,00;02/12/2025;20:12:35;20;1283-20
CO2;1283;CT-CO2-0;1f94f8ad-7171-b062-c0a5-dbf839ac97e9;CD:E6:D3:07;0;AVIÁRIO MEIO;738,00;02/12/2025;20:18:07;20;1283-20
CO2;1283;CT-CO2-0;1f94f8ad-7171-b062-c0a5-dbf839ac97e9;CD:E6:D3:07;0;AVIÁRIO MEIO;734,00;02/12/2025;20:24:11;20;1283-20
CO2;1283;CT-CO2-0;1f94f8ad-7171-b062-c0a5-dbf839ac97e9;CD:E6:D3:07;0;AVIÁRIO MEIO;735,00;02/12/2025;20:28:44;20;1283-20
CO2;1283;CT-CO2-0;1f94f8ad-7171-b062-c0a5-dbf839ac97e9;CD:E6:D3:07;0;AVIÁRIO MEIO;738,00;02/12/2025;20:34:16;20;1283-20
CO2;1283;CT-CO2-0;1f94f8ad-7171-b062-c0a5-dbf839ac97e9;CD:E6:D3:07;0;AVIÁRIO MEIO;738,00;02/12/2025;20:39:57;20;1283-20
CO2;1283;CT-CO2-0;1f94f8ad-7171-b062-c0a5-dbf839ac97e9;CD:E6:D3:07;0;AVIÁRIO MEIO;710,00;02/12/2025;20:44:59;20;1283-20
CO2;1283;CT-CO2-0;1f94f8ad-7171-b062-c0a5-dbf839ac97e9;CD:E6:D3:07;0;AVIÁRIO MEIO;736,00;02/12/2025;20:50:35;20;1283-20
CO2;1283;CT-CO2-0;1f94f8ad-7171-b062-c0a5-dbf839ac97e9;CD:E6:D3:07;0;AVIÁRIO MEIO;742,00;02/12/2025;20:55:38;20;1283-20
CO2;1283;CT-CO2-0;1f94f8ad-7171-b062-c0a5-dbf839ac97e9;CD:E6:D3:07;0;AVIÁRIO MEIO;751,00;02/12/2025;21:01:40;20;1283-20
CO2;1283;CT-CO2-0;1f94f8ad-7171-b062-c0a5-dbf839ac97e9;CD:E6:D3:07;0;AVIÁRIO MEIO;780,00;02/12/2025;21:06:45;20;1283-20
CO2;1283;CT-CO2-0;1f94f8ad-7171-b062-c0a5-dbf839ac97e9;CD:E6:D3:07;0;AVIÁRIO MEIO;780,00;02/12/2025;21:12:24;20;1283-20
CO2;1283;CT-CO2-0;1f94f8ad-7171-b062-c0a5-dbf839ac97e9;CD:E6:D3:07;0;AVIÁRIO MEIO;773,00;02/12/2025;21:17:30;20;1283-20
CO2;1283;CT-CO2-0;1f94f8ad-7171-b062-c0a5-dbf839ac97e9;CD:E6:D3:07;0;AVIÁRIO MEIO;760,00;02/12/2025;21:23:09;20;1283-20
CO2;1283;CT-CO2-0;1f94f8ad-7171-b062-c0a5-dbf839ac97e9;CD:E6:D3:07;0;AVIÁRIO MEIO;754,00;02/12/2025;21:28:12;20;1283-20
CO2;1283;CT-CO2-0;1f94f8ad-7171-b062-c0a5-dbf839ac97e9;CD:E6:D3:07;0;AVIÁRIO MEIO;762,00;02/12/2025;21:34:17;20;1283-20
CO2;1283;CT-CO2-0;1f94f8ad-7171-b062-c0a5-dbf839ac97e9;CD:E6:D3:07;0;AVIÁRIO MEIO;749,00;02/12/2025;21:39:24;20;1283-20
CO2;1283;CT-CO2-0;1f94f8ad-7171-b062-c0a5-dbf839ac97e9;CD:E6:D3:07;0;AVIÁRIO MEIO;750,00;02/12/2025;21:44:31;20;1283-20
CO2;1283;CT-CO2-0;1f94f8ad-7171-b062-c0a5-dbf839ac97e9;CD:E6:D3:07;0;AVIÁRIO MEIO;772,00;02/12/2025;21:50:04;20;1283-20
CO2;1283;CT-CO2-0;1f94f8ad-7171-b062-c0a5-dbf839ac97e9;CD:E6:D3:07;0;AVIÁRIO MEIO;788,00;02/12/2025;21:55:07;20;1283-20
CO2;1283;CT-CO2-0;1f94f8ad-7171-b062-c0a5-dbf839ac97e9;CD:E6:D3:07;0;AVIÁRIO MEIO;770,00;02/12/2025;22:00:39;20;1283-20
CO2;1283;CT-CO2-0;1f94f8ad-7171-b062-c0a5-dbf839ac97e9;CD:E6:D3:07;0;AVIÁRIO MEIO;782,00;02/12/2025;22:06:11;20;1283-20
CO2;1283;CT-CO2-0;1f94f8ad-7171-b062-c0a5-dbf839ac97e9;CD:E6:D3:07;0;AVIÁRIO MEIO;743,00;02/12/2025;22:11:14;20;1283-20
CO2;1283;CT-CO2-0;1f94f8ad-7171-b062-c0a5-dbf839ac97e9;CD:E6:D3:07;0;AVIÁRIO MEIO;749,00;02/12/2025;22:16:47;20;1283-20
CO2;1283;CT-CO2-0;1f94f8ad-7171-b062-c0a5-dbf839ac97e9;CD:E6:D3:07;0;AVIÁRIO MEIO;764,00;02/12/2025;22:22:20;20;1283-20
CO2;1283;CT-CO2-0;1f94f8ad-7171-b062-c0a5-dbf839ac97e9;CD:E6:D3:07;0;AVIÁRIO MEIO;804,00;02/12/2025;22:27:22;20;1283-20
CO2;1283;CT-CO2-0;1f94f8ad-7171-b062-c0a5-dbf839ac97e9;CD:E6:D3:07;0;AVIÁRIO MEIO;774,00;02/12/2025;22:32:54;20;1283-20
CO2;1283;CT-CO2-0;1f94f8ad-7171-b062-c0a5-dbf839ac97e9;CD:E6:D3:07;0;AVIÁRIO MEIO;784,00;02/12/2025;22:38:25;20;1283-20
CO2;1283;CT-CO2-0;1f94f8ad-7171-b062-c0a5-dbf839ac97e9;CD:E6:D3:07;0;AVIÁRIO MEIO;786,00;02/12/2025;22:43:58;20;1283-20
CO2;1283;CT-CO2-0;1f94f8ad-7171-b062-c0a5-dbf839ac97e9;CD:E6:D3:07;0;AVIÁRIO MEIO;804,00;02/12/2025;22:49:01;20;1283-20
CO2;1283;CT-CO2-0;1f94f8ad-7171-b062-c0a5-dbf839ac97e9;CD:E6:D3:07;0;AVIÁRIO MEIO;777,00;02/12/2025;22:54:33;20;1283-20
CO2;1283;CT-CO2-0;1f94f8ad-7171-b062-c0a5-dbf839ac97e9;CD:E6:D3:07;0;AVIÁRIO MEIO;756,00;02/12/2025;22:59:35;20;1283-20
CO2;1283;CT-CO2-0;1f94f8ad-7171-b062-c0a5-dbf839ac97e9;CD:E6:D3:07;0;AVIÁRIO MEIO;728,00;02/12/2025;23:05:07;20;1283-20
CO2;1283;CT-CO2-0;1f94f8ad-7171-b062-c0a5-dbf839ac97e9;CD:E6:D3:07;0;AVIÁRIO MEIO;835,00;02/12/2025;23:10:39;20;1283-20
CO2;1283;CT-CO2-0;1f94f8ad-7171-b062-c0a5-dbf839ac97e9;CD:E6:D3:07;0;AVIÁRIO MEIO;815,00;02/12/2025;23:15:41;20;1283-20
CO2;1283;CT-CO2-0;1f94f8ad-7171-b062-c0a5-dbf839ac97e9;CD:E6:D3:07;0;AVIÁRIO MEIO;772,00;02/12/2025;23:21:14;20;1283-20
CO2;1283;CT-CO2-0;1f94f8ad-7171-b062-c0a5-dbf839ac97e9;CD:E6:D3:07;0;AVIÁRIO MEIO;805,00;02/12/2025;23:26:46;20;1283-20
CO2;1283;CT-CO2-0;1f94f8ad-7171-b062-c0a5-dbf839ac97e9;CD:E6:D3:07;0;AVIÁRIO MEIO;815,00;02/12/2025;23:31:47;20;1283-20
CO2;1283;CT-CO2-0;1f94f8ad-7171-b062-c0a5-dbf839ac97e9;CD:E6:D3:07;0;AVIÁRIO MEIO;822,00;02/12/2025;23:37:19;20;1283-20
CO2;1283;CT-CO2-0;1f94f8ad-7171-b062-c0a5-dbf839ac97e9;CD:E6:D3:07;0;AVIÁRIO MEIO;811,00;02/12/2025;23:42:51;20;1283-20
CO2;1283;CT-CO2-0;1f94f8ad-7171-b062-c0a5-dbf839ac97e9;CD:E6:D3:07;0;AVIÁRIO MEIO;844,00;02/12/2025;23:47:53;20;1283-20
CO2;1283;CT-CO2-0;1f94f8ad-7171-b062-c0a5-dbf839ac97e9;CD:E6:D3:07;0;AVIÁRIO MEIO;859,00;02/12/2025;23:53:57;20;1283-20
CO2;1283;CT-CO2-0;1f94f8ad-7171-b062-c0a5-dbf839ac97e9;CD:E6:D3:07;0;AVIÁRIO MEIO;782,00;02/12/2025;23:58:59;20;1283-20
CO2;1283;CT-CO2-0;1f94f8ad-7171-b062-c0a5-dbf839ac97e9;CD:E6:D3:07;0;AVIÁRIO MEIO;775,00;03/12/2025;00:04:01;20;1283-20
CO2;1283;CT-CO2-0;1f94f8ad-7171-b062-c0a5-dbf839ac97e9;CD:E6:D3:07;0;AVIÁRIO MEIO;779,00;03/12/2025;00:09:36;20;1283-20
CO2;1283;CT-CO2-0;1f94f8ad-7171-b062-c0a5-dbf839ac97e9;CD:E6:D3:07;0;AVIÁRIO MEIO;758,00;03/12/2025;00:15:09;20;1283-20
CO2;1283;CT-CO2-0;1f94f8ad-7171-b062-c0a5-dbf839ac97e9;CD:E6:D3:07;0;AVIÁRIO MEIO;782,00;03/12/2025;00:20:12;20;1283-20
CO2;1283;CT-CO2-0;1f94f8ad-7171-b062-c0a5-dbf839ac97e9;CD:E6:D3:07;0;AVIÁRIO MEIO;781,00;03/12/2025;00:25:43;20;1283-20
CO2;1283;CT-CO2-0;1f94f8ad-7171-b062-c0a5-dbf839ac97e9;CD:E6:D3:07;0;AVIÁRIO MEIO;775,00;03/12/2025;00:31:15;20;1283-20
CO2;1283;CT-CO2-0;1f94f8ad-7171-b062-c0a5-dbf839ac97e9;CD:E6:D3:07;0;AVIÁRIO MEIO;793,00;03/12/2025;00:36:17;20;1283-20
CO2;1283;CT-CO2-0;1f94f8ad-7171-b062-c0a5-dbf839ac97e9;CD:E6:D3:07;0;AVIÁRIO MEIO;772,00;03/12/2025;00:41:49;20;1283-20
CO2;1283;CT-CO2-0;1f94f8ad-7171-b062-c0a5-dbf839ac97e9;CD:E6:D3:07;0;AVIÁRIO MEIO;781,00;03/12/2025;00:47:21;20;1283-20
CO2;1283;CT-CO2-0;1f94f8ad-7171-b062-c0a5-dbf839ac97e9;CD:E6:D3:07;0;AVIÁRIO MEIO;754,00;03/12/2025;00:52:22;20;1283-20
CO2;1283;CT-CO2-0;1f94f8ad-7171-b062-c0a5-dbf839ac97e9;CD:E6:D3:07;0;AVIÁRIO MEIO;772,00;03/12/2025;00:57:54;20;1283-20
CO2;1283;CT-CO2-0;1f94f8ad-7171-b062-c0a5-dbf839ac97e9;CD:E6:D3:07;0;AVIÁRIO MEIO;789,00;03/12/2025;01:03:58;20;1283-20
CO2;1283;CT-CO2-0;1f94f8ad-7171-b062-c0a5-dbf839ac97e9;CD:E6:D3:07;0;AVIÁRIO MEIO;750,00;03/12/2025;01:08:30;20;1283-20
CO2;1283;CT-CO2-0;1f94f8ad-7171-b062-c0a5-dbf839ac97e9;CD:E6:D3:07;0;AVIÁRIO MEIO;749,00;03/12/2025;01:14:01;20;1283-20
CO2;1283;CT-CO2-0;1f94f8ad-7171-b062-c0a5-dbf839ac97e9;CD:E6:D3:07;0;AVIÁRIO MEIO;780,00;03/12/2025;01:19:33;20;1283-20
CO2;1283;CT-CO2-0;1f94f8ad-7171-b062-c0a5-dbf839ac97e9;CD:E6:D3:07;0;AVIÁRIO MEIO;791,00;03/12/2025;01:24:35;20;1283-20
CO2;1283;CT-CO2-0;1f94f8ad-7171-b062-c0a5-dbf839ac97e9;CD:E6:D3:07;0;AVIÁRIO MEIO;786,00;03/12/2025;01:30:08;20;1283-20
CO2;1283;CT-CO2-0;1f94f8ad-7171-b062-c0a5-dbf839ac97e9;CD:E6:D3:07;0;AVIÁRIO MEIO;781,00;03/12/2025;01:35:41;20;1283-20
CO2;1283;CT-CO2-0;1f94f8ad-7171-b062-c0a5-dbf839ac97e9;CD:E6:D3:07;0;AVIÁRIO MEIO;772,00;03/12/2025;01:40:42;20;1283-20
CO2;1283;CT-CO2-0;1f94f8ad-7171-b062-c0a5-dbf839ac97e9;CD:E6:D3:07;0;AVIÁRIO MEIO;772,00;03/12/2025;01:46:17;20;1283-20
CO2;1283;CT-CO2-0;1f94f8ad-7171-b062-c0a5-dbf839ac97e9;CD:E6:D3:07;0;AVIÁRIO MEIO;771,00;03/12/2025;01:51:49;20;1283-20
CO2;1283;CT-CO2-0;1f94f8ad-7171-b062-c0a5-dbf839ac97e9;CD:E6:D3:07;0;AVIÁRIO MEIO;760,00;03/12/2025;01:56:51;20;1283-20
CO2;1283;CT-CO2-0;1f94f8ad-7171-b062-c0a5-dbf839ac97e9;CD:E6:D3:07;0;AVIÁRIO MEIO;775,00;03/12/2025;02:02:23;20;1283-20
CO2;1283;CT-CO2-0;1f94f8ad-7171-b062-c0a5-dbf839ac97e9;CD:E6:D3:07;0;AVIÁRIO MEIO;763,00;03/12/2025;02:07:54;20;1283-20
CO2;1283;CT-CO2-0;1f94f8ad-7171-b062-c0a5-dbf839ac97e9;CD:E6:D3:07;0;AVIÁRIO MEIO;758,00;03/12/2025;02:13:30;20;1283-20
CO2;1283;CT-CO2-0;1f94f8ad-7171-b062-c0a5-dbf839ac97e9;CD:E6:D3:07;0;AVIÁRIO MEIO;752,00;03/12/2025;02:18:32;20;1283-20
CO2;1283;CT-CO2-0;1f94f8ad-7171-b062-c0a5-dbf839ac97e9;CD:E6:D3:07;0;AVIÁRIO MEIO;750,00;03/12/2025;02:23:35;20;1283-20
CO2;1283;CT-CO2-0;1f94f8ad-7171-b062-c0a5-dbf839ac97e9;CD:E6:D3:07;0;AVIÁRIO MEIO;753,00;03/12/2025;02:29:07;20;1283-20
CO2;1283;CT-CO2-0;1f94f8ad-7171-b062-c0a5-dbf839ac97e9;CD:E6:D3:07;0;AVIÁRIO MEIO;729,00;03/12/2025;02:34:39;20;1283-20
CO2;1283;CT-CO2-0;1f94f8ad-7171-b062-c0a5-dbf839ac97e9;CD:E6:D3:07;0;AVIÁRIO MEIO;756,00;03/12/2025;02:39:41;20;1283-20
CO2;1283;CT-CO2-0;1f94f8ad-7171-b062-c0a5-dbf839ac97e9;CD:E6:D3:07;0;AVIÁRIO MEIO;741,00;03/12/2025;02:45:14;20;1283-20
CO2;1283;CT-CO2-0;1f94f8ad-7171-b062-c0a5-dbf839ac97e9;CD:E6:D3:07;0;AVIÁRIO MEIO;745,00;03/12/2025;02:50:46;20;1283-20
CO2;1283;CT-CO2-0;1f94f8ad-7171-b062-c0a5-dbf839ac97e9;CD:E6:D3:07;0;AVIÁRIO MEIO;735,00;03/12/2025;02:55:48;20;1283-20
CO2;1283;CT-CO2-0;1f94f8ad-7171-b062-c0a5-dbf839ac97e9;CD:E6:D3:07;0;AVIÁRIO MEIO;768,00;03/12/2025;03:01:20;20;1283-20
CO2;1283;CT-CO2-0;1f94f8ad-7171-b062-c0a5-dbf839ac97e9;CD:E6:D3:07;0;AVIÁRIO MEIO;733,00;03/12/2025;03:06:51;20;1283-20
CO2;1283;CT-CO2-0;1f94f8ad-7171-b062-c0a5-dbf839ac97e9;CD:E6:D3:07;0;AVIÁRIO MEIO;729,00;03/12/2025;03:12:23;20;1283-20
CO2;1283;CT-CO2-0;1f94f8ad-7171-b062-c0a5-dbf839ac97e9;CD:E6:D3:07;0;AVIÁRIO MEIO;726,00;03/12/2025;03:17:25;20;1283-20
CO2;1283;CT-CO2-0;1f94f8ad-7171-b062-c0a5-dbf839ac97e9;CD:E6:D3:07;0;AVIÁRIO MEIO;729,00;03/12/2025;03:23:30;20;1283-20
CO2;1283;CT-CO2-0;1f94f8ad-7171-b062-c0a5-dbf839ac97e9;CD:E6:D3:07;0;AVIÁRIO MEIO;717,00;03/12/2025;03:28:03;20;1283-20
CO2;1283;CT-CO2-0;1f94f8ad-7171-b062-c0a5-dbf839ac97e9;CD:E6:D3:07;0;AVIÁRIO MEIO;727,00;03/12/2025;03:33:36;20;1283-20
CO2;1283;CT-CO2-0;1f94f8ad-7171-b062-c0a5-dbf839ac97e9;CD:E6:D3:07;0;AVIÁRIO MEIO;744,00;03/12/2025;03:39:10;20;1283-20
CO2;1283;CT-CO2-0;1f94f8ad-7171-b062-c0a5-dbf839ac97e9;CD:E6:D3:07;0;AVIÁRIO MEIO;757,00;03/12/2025;03:44:13;20;1283-20
CO2;1283;CT-CO2-0;1f94f8ad-7171-b062-c0a5-dbf839ac97e9;CD:E6:D3:07;0;AVIÁRIO MEIO;782,00;03/12/2025;03:49:45;20;1283-20
CO2;1283;CT-CO2-0;1f94f8ad-7171-b062-c0a5-dbf839ac97e9;CD:E6:D3:07;0;AVIÁRIO MEIO;812,00;03/12/2025;03:55:17;20;1283-20
CO2;1283;CT-CO2-0;1f94f8ad-7171-b062-c0a5-dbf839ac97e9;CD:E6:D3:07;0;AVIÁRIO MEIO;793,00;03/12/2025;04:00:20;20;1283-20
CO2;1283;CT-CO2-0;1f94f8ad-7171-b062-c0a5-dbf839ac97e9;CD:E6:D3:07;0;AVIÁRIO MEIO;794,00;03/12/2025;04:11:25;20;1283-20
CO2;1283;CT-CO2-0;1f94f8ad-7171-b062-c0a5-dbf839ac97e9;CD:E6:D3:07;0;AVIÁRIO MEIO;817,00;03/12/2025;04:16:28;20;1283-20
CO2;1283;CT-CO2-0;1f94f8ad-7171-b062-c0a5-dbf839ac97e9;CD:E6:D3:07;0;AVIÁRIO MEIO;820,00;03/12/2025;04:22:01;20;1283-20
CO2;1283;CT-CO2-0;1f94f8ad-7171-b062-c0a5-dbf839ac97e9;CD:E6:D3:07;0;AVIÁRIO MEIO;786,00;03/12/2025;04:27:03;20;1283-20
CO2;1283;CT-CO2-0;1f94f8ad-7171-b062-c0a5-dbf839ac97e9;CD:E6:D3:07;0;AVIÁRIO MEIO;784,00;03/12/2025;04:33:08;20;1283-20
CO2;1283;CT-CO2-0;1f94f8ad-7171-b062-c0a5-dbf839ac97e9;CD:E6:D3:07;0;AVIÁRIO MEIO;810,00;03/12/2025;04:38:09;20;1283-20
CO2;1283;CT-CO2-0;1f94f8ad-7171-b062-c0a5-dbf839ac97e9;CD:E6:D3:07;0;AVIÁRIO MEIO;794,00;03/12/2025;04:43:11;20;1283-20
CO2;1283;CT-CO2-0;1f94f8ad-7171-b062-c0a5-dbf839ac97e9;CD:E6:D3:07;0;AVIÁRIO MEIO;783,00;03/12/2025;04:48:43;20;1283-20
CO2;1283;CT-CO2-0;1f94f8ad-7171-b062-c0a5-dbf839ac97e9;CD:E6:D3:07;0;AVIÁRIO MEIO;761,00;03/12/2025;04:54:15;20;1283-20
CO2;1283;CT-CO2-0;1f94f8ad-7171-b062-c0a5-dbf839ac97e9;CD:E6:D3:07;0;AVIÁRIO MEIO;761,00;03/12/2025;04:59:17;20;1283-20
CO2;1283;CT-CO2-0;1f94f8ad-7171-b062-c0a5-dbf839ac97e9;CD:E6:D3:07;0;AVIÁRIO MEIO;776,00;03/12/2025;05:04:49;20;1283-20
CO2;1283;CT-CO2-0;1f94f8ad-7171-b062-c0a5-dbf839ac97e9;CD:E6:D3:07;0;AVIÁRIO MEIO;765,00;03/12/2025;05:10:21;20;1283-20
CO2;1283;CT-CO2-0;1f94f8ad-7171-b062-c0a5-dbf839ac97e9;CD:E6:D3:07;0;AVIÁRIO MEIO;758,00;03/12/2025;05:15:23;20;1283-20
CO2;1283;CT-CO2-0;1f94f8ad-7171-b062-c0a5-dbf839ac97e9;CD:E6:D3:07;0;AVIÁRIO MEIO;749,00;03/12/2025;05:26:27;20;1283-20
CO2;1283;CT-CO2-0;1f94f8ad-7171-b062-c0a5-dbf839ac97e9;CD:E6:D3:07;0;AVIÁRIO MEIO;761,00;03/12/2025;05:31:29;20;1283-20
CO2;1283;CT-CO2-0;1f94f8ad-7171-b062-c0a5-dbf839ac97e9;CD:E6:D3:07;0;AVIÁRIO MEIO;774,00;03/12/2025;05:37:01;20;1283-20
CO2;1283;CT-CO2-0;1f94f8ad-7171-b062-c0a5-dbf839ac97e9;CD:E6:D3:07;0;AVIÁRIO MEIO;767,00;03/12/2025;05:43:06;20;1283-20
CO2;1283;CT-CO2-0;1f94f8ad-7171-b062-c0a5-dbf839ac97e9;CD:E6:D3:07;0;AVIÁRIO MEIO;769,00;03/12/2025;05:47:38;20;1283-20
CO2;1283;CT-CO2-0;1f94f8ad-7171-b062-c0a5-dbf839ac97e9;CD:E6:D3:07;0;AVIÁRIO MEIO;779,00;03/12/2025;05:53:10;20;1283-20
CO2;1283;CT-CO2-0;1f94f8ad-7171-b062-c0a5-dbf839ac97e9;CD:E6:D3:07;0;AVIÁRIO MEIO;758,00;03/12/2025;05:58:42;20;1283-20
CO2;1283;CT-CO2-0;1f94f8ad-7171-b062-c0a5-dbf839ac97e9;CD:E6:D3:07;0;AVIÁRIO MEIO;750,00;03/12/2025;06:03:44;20;1283-20
CO2;1283;CT-CO2-0;1f94f8ad-7171-b062-c0a5-dbf839ac97e9;CD:E6:D3:07;0;AVIÁRIO MEIO;736,00;03/12/2025;06:09:18;20;1283-20
CO2;1283;CT-CO2-0;1f94f8ad-7171-b062-c0a5-dbf839ac97e9;CD:E6:D3:07;0;AVIÁRIO MEIO;740,00;03/12/2025;06:14:50;20;1283-20
CO2;1283;CT-CO2-0;1f94f8ad-7171-b062-c0a5-dbf839ac97e9;CD:E6:D3:07;0;AVIÁRIO MEIO;733,00;03/12/2025;06:19:52;20;1283-20
CO2;1283;CT-CO2-0;1f94f8ad-7171-b062-c0a5-dbf839ac97e9;CD:E6:D3:07;0;AVIÁRIO MEIO;735,00;03/12/2025;06:25:24;20;1283-20
CO2;1283;CT-CO2-0;1f94f8ad-7171-b062-c0a5-dbf839ac97e9;CD:E6:D3:07;0;AVIÁRIO MEIO;747,00;03/12/2025;06:41:31;20;1283-20
CO2;1283;CT-CO2-0;1f94f8ad-7171-b062-c0a5-dbf839ac97e9;CD:E6:D3:07;0;AVIÁRIO MEIO;742,00;03/12/2025;06:47:04;20;1283-20
CO2;1283;CT-CO2-0;1f94f8ad-7171-b062-c0a5-dbf839ac97e9;CD:E6:D3:07;0;AVIÁRIO MEIO;829,00;03/12/2025;06:52:38;20;1283-20
CO2;1283;CT-CO2-0;1f94f8ad-7171-b062-c0a5-dbf839ac97e9;CD:E6:D3:07;0;AVIÁRIO MEIO;773,00;03/12/2025;06:57:39;20;1283-20
CO2;1283;CT-CO2-0;1f94f8ad-7171-b062-c0a5-dbf839ac97e9;CD:E6:D3:07;0;AVIÁRIO MEIO;770,00;03/12/2025;07:03:12;20;1283-20
CO2;1283;CT-CO2-0;1f94f8ad-7171-b062-c0a5-dbf839ac97e9;CD:E6:D3:07;0;AVIÁRIO MEIO;773,00;03/12/2025;07:08:15;20;1283-20
CO2;1283;CT-CO2-0;1f94f8ad-7171-b062-c0a5-dbf839ac97e9;CD:E6:D3:07;0;AVIÁRIO MEIO;775,00;03/12/2025;07:13:47;20;1283-20
CO2;1283;CT-CO2-0;1f94f8ad-7171-b062-c0a5-dbf839ac97e9;CD:E6:D3:07;0;AVIÁRIO MEIO;753,00;03/12/2025;07:19:19;20;1283-20
CO2;1283;CT-CO2-0;1f94f8ad-7171-b062-c0a5-dbf839ac97e9;CD:E6:D3:07;0;AVIÁRIO MEIO;781,00;03/12/2025;07:24:22;20;1283-20
CO2;1283;CT-CO2-0;1f94f8ad-7171-b062-c0a5-dbf839ac97e9;CD:E6:D3:07;0;AVIÁRIO MEIO;768,00;03/12/2025;07:29:55;20;1283-20
CO2;1283;CT-CO2-0;1f94f8ad-7171-b062-c0a5-dbf839ac97e9;CD:E6:D3:07;0;AVIÁRIO MEIO;752,00;03/12/2025;07:35:26;20;1283-20
CO2;1283;CT-CO2-0;1f94f8ad-7171-b062-c0a5-dbf839ac97e9;CD:E6:D3:07;0;AVIÁRIO MEIO;763,00;03/12/2025;07:40:29;20;1283-20
CO2;1283;CT-CO2-0;1f94f8ad-7171-b062-c0a5-dbf839ac97e9;CD:E6:D3:07;0;AVIÁRIO MEIO;741,00;03/12/2025;07:51:37;20;1283-20
CO2;1283;CT-CO2-0;1f94f8ad-7171-b062-c0a5-dbf839ac97e9;CD:E6:D3:07;0;AVIÁRIO MEIO;747,00;03/12/2025;07:56:38;20;1283-20
CO2;1283;CT-CO2-0;1f94f8ad-7171-b062-c0a5-dbf839ac97e9;CD:E6:D3:07;0;AVIÁRIO MEIO;748,00;03/12/2025;08:02:44;20;1283-20
CO2;1283;CT-CO2-0;1f94f8ad-7171-b062-c0a5-dbf839ac97e9;CD:E6:D3:07;0;AVIÁRIO MEIO;745,00;03/12/2025;08:07:47;20;1283-20
CO2;1283;CT-CO2-0;1f94f8ad-7171-b062-c0a5-dbf839ac97e9;CD:E6:D3:07;0;AVIÁRIO MEIO;747,00;03/12/2025;08:12:49;20;1283-20
CO2;1283;CT-CO2-0;1f94f8ad-7171-b062-c0a5-dbf839ac97e9;CD:E6:D3:07;0;AVIÁRIO MEIO;736,00;03/12/2025;08:18:21;20;1283-20
CO2;1283;CT-CO2-0;1f94f8ad-7171-b062-c0a5-dbf839ac97e9;CD:E6:D3:07;0;AVIÁRIO MEIO;744,00;03/12/2025;08:23:23;20;1283-20
CO2;1283;CT-CO2-0;1f94f8ad-7171-b062-c0a5-dbf839ac97e9;CD:E6:D3:07;0;AVIÁRIO MEIO;737,00;03/12/2025;08:28:56;20;1283-20
CO2;1283;CT-CO2-0;1f94f8ad-7171-b062-c0a5-dbf839ac97e9;CD:E6:D3:07;0;AVIÁRIO MEIO;715,00;03/12/2025;08:34:28;20;1283-20
CO2;1283;CT-CO2-0;1f94f8ad-7171-b062-c0a5-dbf839ac97e9;CD:E6:D3:07;0;AVIÁRIO MEIO;721,00;03/12/2025;08:39:30;20;1283-20
CO2;1283;CT-CO2-0;1f94f8ad-7171-b062-c0a5-dbf839ac97e9;CD:E6:D3:07;0;AVIÁRIO MEIO;725,00;03/12/2025;08:45:03;20;1283-20
CO2;1283;CT-CO2-0;1f94f8ad-7171-b062-c0a5-dbf839ac97e9;CD:E6:D3:07;0;AVIÁRIO MEIO;738,00;03/12/2025;08:50:35;20;1283-20
CO2;1283;CT-CO2-0;1f94f8ad-7171-b062-c0a5-dbf839ac97e9;CD:E6:D3:07;0;AVIÁRIO MEIO;733,00;03/12/2025;08:55:37;20;1283-20
CO2;1283;CT-CO2-0;1f94f8ad-7171-b062-c0a5-dbf839ac97e9;CD:E6:D3:07;0;AVIÁRIO MEIO;730,00;03/12/2025;09:01:09;20;1283-20
CO2;1283;CT-CO2-0;1f94f8ad-7171-b062-c0a5-dbf839ac97e9;CD:E6:D3:07;0;AVIÁRIO MEIO;722,00;03/12/2025;09:06:41;20;1283-20
CO2;1283;CT-CO2-0;1f94f8ad-7171-b062-c0a5-dbf839ac97e9;CD:E6:D3:07;0;AVIÁRIO MEIO;721,00;03/12/2025;09:12:14;20;1283-20
CO2;1283;CT-CO2-0;1f94f8ad-7171-b062-c0a5-dbf839ac97e9;CD:E6:D3:07;0;AVIÁRIO MEIO;748,00;03/12/2025;09:17:15;20;1283-20
CO2;1283;CT-CO2-0;1f94f8ad-7171-b062-c0a5-dbf839ac97e9;CD:E6:D3:07;0;AVIÁRIO MEIO;723,00;03/12/2025;09:22:47;20;1283-20
CO2;1283;CT-CO2-0;1f94f8ad-7171-b062-c0a5-dbf839ac97e9;CD:E6:D3:07;0;AVIÁRIO MEIO;731,00;03/12/2025;09:27:51;20;1283-20
CO2;1283;CT-CO2-0;1f94f8ad-7171-b062-c0a5-dbf839ac97e9;CD:E6:D3:07;0;AVIÁRIO MEIO;715,00;03/12/2025;09:33:24;20;1283-20
CO2;1283;CT-CO2-0;1f94f8ad-7171-b062-c0a5-dbf839ac97e9;CD:E6:D3:07;0;AVIÁRIO MEIO;718,00;03/12/2025;09:38:56;20;1283-20
CO2;1283;CT-CO2-0;1f94f8ad-7171-b062-c0a5-dbf839ac97e9;CD:E6:D3:07;0;AVIÁRIO MEIO;725,00;03/12/2025;09:43:58;20;1283-20
CO2;1283;CT-CO2-0;1f94f8ad-7171-b062-c0a5-dbf839ac97e9;CD:E6:D3:07;0;AVIÁRIO MEIO;717,00;03/12/2025;09:49:30;20;1283-20
CO2;1283;CT-CO2-0;1f94f8ad-7171-b062-c0a5-dbf839ac97e9;CD:E6:D3:07;0;AVIÁRIO MEIO;711,00;03/12/2025;09:55:03;20;1283-20
CO2;1283;CT-CO2-0;1f94f8ad-7171-b062-c0a5-dbf839ac97e9;CD:E6:D3:07;0;AVIÁRIO MEIO;718,00;03/12/2025;10:00:05;20;1283-20
CO2;1283;CT-CO2-0;1f94f8ad-7171-b062-c0a5-dbf839ac97e9;CD:E6:D3:07;0;AVIÁRIO MEIO;714,00;03/12/2025;10:05:37;20;1283-20
CO2;1283;CT-CO2-0;1f94f8ad-7171-b062-c0a5-dbf839ac97e9;CD:E6:D3:07;0;AVIÁRIO MEIO;696,00;03/12/2025;10:11:09;20;1283-20
CO2;1283;CT-CO2-0;1f94f8ad-7171-b062-c0a5-dbf839ac97e9;CD:E6:D3:07;0;AVIÁRIO MEIO;685,00;03/12/2025;10:16:11;20;1283-20
CO2;1283;CT-CO2-0;1f94f8ad-7171-b062-c0a5-dbf839ac97e9;CD:E6:D3:07;0;AVIÁRIO MEIO;668,00;03/12/2025;10:22:15;20;1283-20
CO2;1283;CT-CO2-0;1f94f8ad-7171-b062-c0a5-dbf839ac97e9;CD:E6:D3:07;0;AVIÁRIO MEIO;688,00;03/12/2025;10:27:18;20;1283-20
CO2;1283;CT-CO2-0;1f94f8ad-7171-b062-c0a5-dbf839ac97e9;CD:E6:D3:07;0;AVIÁRIO MEIO;690,00;03/12/2025;10:32:20;20;1283-20
CO2;1283;CT-CO2-0;1f94f8ad-7171-b062-c0a5-dbf839ac97e9;CD:E6:D3:07;0;AVIÁRIO MEIO;681,00;03/12/2025;10:37:52;20;1283-20
CO2;1283;CT-CO2-0;1f94f8ad-7171-b062-c0a5-dbf839ac97e9;CD:E6:D3:07;0;AVIÁRIO MEIO;682,00;03/12/2025;10:43:24;20;1283-20
CO2;1283;CT-CO2-0;1f94f8ad-7171-b062-c0a5-dbf839ac97e9;CD:E6:D3:07;0;AVIÁRIO MEIO;694,00;03/12/2025;10:48:27;20;1283-20
CO2;1283;CT-CO2-0;1f94f8ad-7171-b062-c0a5-dbf839ac97e9;CD:E6:D3:07;0;AVIÁRIO MEIO;694,00;03/12/2025;10:53:59;20;1283-20
CO2;1283;CT-CO2-0;1f94f8ad-7171-b062-c0a5-dbf839ac97e9;CD:E6:D3:07;0;AVIÁRIO MEIO;698,00;03/12/2025;10:59:31;20;1283-20
CO2;1283;CT-CO2-0;1f94f8ad-7171-b062-c0a5-dbf839ac97e9;CD:E6:D3:07;0;AVIÁRIO MEIO;700,00;03/12/2025;11:04:33;20;1283-20
CO2;1283;CT-CO2-0;1f94f8ad-7171-b062-c0a5-dbf839ac97e9;CD:E6:D3:07;0;AVIÁRIO MEIO;694,00;03/12/2025;11:10:05;20;1283-20
CO2;1283;CT-CO2-0;1f94f8ad-7171-b062-c0a5-dbf839ac97e9;CD:E6:D3:07;0;AVIÁRIO MEIO;713,00;03/12/2025;11:15:38;20;1283-20
CO2;1283;CT-CO2-0;1f94f8ad-7171-b062-c0a5-dbf839ac97e9;CD:E6:D3:07;0;AVIÁRIO MEIO;710,00;03/12/2025;11:20:39;20;1283-20
CO2;1283;CT-CO2-0;1f94f8ad-7171-b062-c0a5-dbf839ac97e9;CD:E6:D3:07;0;AVIÁRIO MEIO;694,00;03/12/2025;11:26:11;20;1283-20
CO2;1283;CT-CO2-0;1f94f8ad-7171-b062-c0a5-dbf839ac97e9;CD:E6:D3:07;0;AVIÁRIO MEIO;687,00;03/12/2025;11:32:15;20;1283-20
CO2;1283;CT-CO2-0;1f94f8ad-7171-b062-c0a5-dbf839ac97e9;CD:E6:D3:07;0;AVIÁRIO MEIO;701,00;03/12/2025;11:36:47;20;1283-20
CO2;1283;CT-CO2-0;1f94f8ad-7171-b062-c0a5-dbf839ac97e9;CD:E6:D3:07;0;AVIÁRIO MEIO;696,00;03/12/2025;11:42:19;20;1283-20
CO2;1283;CT-CO2-0;1f94f8ad-7171-b062-c0a5-dbf839ac97e9;CD:E6:D3:07;0;AVIÁRIO MEIO;716,00;03/12/2025;11:47:50;20;1283-20
CO2;1283;CT-CO2-0;1f94f8ad-7171-b062-c0a5-dbf839ac97e9;CD:E6:D3:07;0;AVIÁRIO MEIO;706,00;03/12/2025;11:52:53;20;1283-20
CO2;1283;CT-CO2-0;1f94f8ad-7171-b062-c0a5-dbf839ac97e9;CD:E6:D3:07;0;AVIÁRIO MEIO;702,00;03/12/2025;11:58:26;20;1283-20
CO2;1283;CT-CO2-0;1f94f8ad-7171-b062-c0a5-dbf839ac97e9;CD:E6:D3:07;0;AVIÁRIO MEIO;708,00;03/12/2025;12:03:59;20;1283-20
CO2;1283;CT-CO2-0;1f94f8ad-7171-b062-c0a5-dbf839ac97e9;CD:E6:D3:07;0;AVIÁRIO MEIO;713,00;03/12/2025;12:09:01;20;1283-20
CO2;1283;CT-CO2-0;1f94f8ad-7171-b062-c0a5-dbf839ac97e9;CD:E6:D3:07;0;AVIÁRIO MEIO;703,00;03/12/2025;12:14:33;20;1283-20
CO2;1283;CT-CO2-0;1f94f8ad-7171-b062-c0a5-dbf839ac97e9;CD:E6:D3:07;0;AVIÁRIO MEIO;709,00;03/12/2025;12:20:05;20;1283-20
CO2;1283;CT-CO2-0;1f94f8ad-7171-b062-c0a5-dbf839ac97e9;CD:E6:D3:07;0;AVIÁRIO MEIO;709,00;03/12/2025;12:25:06;20;1283-20
CO2;1283;CT-CO2-0;1f94f8ad-7171-b062-c0a5-dbf839ac97e9;CD:E6:D3:07;0;AVIÁRIO MEIO;712,00;03/12/2025;12:30:39;20;1283-20
CO2;1283;CT-CO2-0;1f94f8ad-7171-b062-c0a5-dbf839ac97e9;CD:E6:D3:07;0;AVIÁRIO MEIO;697,00;03/12/2025;12:36:11;20;1283-20
CO2;1283;CT-CO2-0;1f94f8ad-7171-b062-c0a5-dbf839ac97e9;CD:E6:D3:07;0;AVIÁRIO MEIO;720,00;03/12/2025;12:41:45;20;1283-20
CO2;1283;CT-CO2-0;1f94f8ad-7171-b062-c0a5-dbf839ac97e9;CD:E6:D3:07;0;AVIÁRIO MEIO;767,00;03/12/2025;12:46:47;20;1283-20
CO2;1283;CT-CO2-0;1f94f8ad-7171-b062-c0a5-dbf839ac97e9;CD:E6:D3:07;0;AVIÁRIO MEIO;712,00;03/12/2025;12:52:19;20;1283-20
CO2;1283;CT-CO2-0;1f94f8ad-7171-b062-c0a5-dbf839ac97e9;CD:E6:D3:07;0;AVIÁRIO MEIO;708,00;03/12/2025;12:57:21;20;1283-20
CO2;1283;CT-CO2-0;1f94f8ad-7171-b062-c0a5-dbf839ac97e9;CD:E6:D3:07;0;AVIÁRIO MEIO;693,00;03/12/2025;13:02:54;20;1283-20
CO2;1283;CT-CO2-0;1f94f8ad-7171-b062-c0a5-dbf839ac97e9;CD:E6:D3:07;0;AVIÁRIO MEIO;693,00;03/12/2025;13:08:28;20;1283-20
CO2;1283;CT-CO2-0;1f94f8ad-7171-b062-c0a5-dbf839ac97e9;CD:E6:D3:07;0;AVIÁRIO MEIO;689,00;03/12/2025;13:13:30;20;1283-20
CO2;1283;CT-CO2-0;1f94f8ad-7171-b062-c0a5-dbf839ac97e9;CD:E6:D3:07;0;AVIÁRIO MEIO;690,00;03/12/2025;13:19:03;20;1283-20
CO2;1283;CT-CO2-0;1f94f8ad-7171-b062-c0a5-dbf839ac97e9;CD:E6:D3:07;0;AVIÁRIO MEIO;695,00;03/12/2025;13:24:35;20;1283-20
CO2;1283;CT-CO2-0;1f94f8ad-7171-b062-c0a5-dbf839ac97e9;CD:E6:D3:07;0;AVIÁRIO MEIO;696,00;03/12/2025;13:29:37;20;1283-20
CO2;1283;CT-CO2-0;1f94f8ad-7171-b062-c0a5-dbf839ac97e9;CD:E6:D3:07;0;AVIÁRIO MEIO;708,00;03/12/2025;13:35:09;20;1283-20
CO2;1283;CT-CO2-0;1f94f8ad-7171-b062-c0a5-dbf839ac97e9;CD:E6:D3:07;0;AVIÁRIO MEIO;723,00;03/12/2025;13:40:41;20;1283-20
CO2;1283;CT-CO2-0;1f94f8ad-7171-b062-c0a5-dbf839ac97e9;CD:E6:D3:07;0;AVIÁRIO MEIO;703,00;03/12/2025;13:45:43;20;1283-20
CO2;1283;CT-CO2-0;1f94f8ad-7171-b062-c0a5-dbf839ac97e9;CD:E6:D3:07;0;AVIÁRIO MEIO;697,00;03/12/2025;13:51:46;20;1283-20
CO2;1283;CT-CO2-0;1f94f8ad-7171-b062-c0a5-dbf839ac97e9;CD:E6:D3:07;0;AVIÁRIO MEIO;728,00;03/12/2025;13:56:48;20;1283-20
CO2;1283;CT-CO2-0;1f94f8ad-7171-b062-c0a5-dbf839ac97e9;CD:E6:D3:07;0;AVIÁRIO MEIO;698,00;03/12/2025;14:01:51;20;1283-20
CO2;1283;CT-CO2-0;1f94f8ad-7171-b062-c0a5-dbf839ac97e9;CD:E6:D3:07;0;AVIÁRIO MEIO;707,00;03/12/2025;14:07:22;20;1283-20
CO2;1283;CT-CO2-0;1f94f8ad-7171-b062-c0a5-dbf839ac97e9;CD:E6:D3:07;0;AVIÁRIO MEIO;719,00;03/12/2025;14:12:53;20;1283-20
CO2;1283;CT-CO2-0;1f94f8ad-7171-b062-c0a5-dbf839ac97e9;CD:E6:D3:07;0;AVIÁRIO MEIO;705,00;03/12/2025;14:17:55;20;1283-20
CO2;1283;CT-CO2-0;1f94f8ad-7171-b062-c0a5-dbf839ac97e9;CD:E6:D3:07;0;AVIÁRIO MEIO;702,00;03/12/2025;14:23:28;20;1283-20
CO2;1283;CT-CO2-0;1f94f8ad-7171-b062-c0a5-dbf839ac97e9;CD:E6:D3:07;0;AVIÁRIO MEIO;716,00;03/12/2025;14:34:01;20;1283-20
CO2;1283;CT-CO2-0;1f94f8ad-7171-b062-c0a5-dbf839ac97e9;CD:E6:D3:07;0;AVIÁRIO MEIO;711,00;03/12/2025;14:39:34;20;1283-20
CO2;1283;CT-CO2-0;1f94f8ad-7171-b062-c0a5-dbf839ac97e9;CD:E6:D3:07;0;AVIÁRIO MEIO;717,00;03/12/2025;14:45:06;20;1283-20
CO2;1283;CT-CO2-0;1f94f8ad-7171-b062-c0a5-dbf839ac97e9;CD:E6:D3:07;0;AVIÁRIO MEIO;708,00;03/12/2025;14:50:09;20;1283-20
CO2;1283;CT-CO2-0;1f94f8ad-7171-b062-c0a5-dbf839ac97e9;CD:E6:D3:07;0;AVIÁRIO MEIO;711,00;03/12/2025;14:55:42;20;1283-20
CO2;1283;CT-CO2-0;1f94f8ad-7171-b062-c0a5-dbf839ac97e9;CD:E6:D3:07;0;AVIÁRIO MEIO;696,00;03/12/2025;15:01:47;20;1283-20
CO2;1283;CT-CO2-0;1f94f8ad-7171-b062-c0a5-dbf839ac97e9;CD:E6:D3:07;0;AVIÁRIO MEIO;713,00;03/12/2025;15:06:20;20;1283-20
CO2;1283;CT-CO2-0;1f94f8ad-7171-b062-c0a5-dbf839ac97e9;CD:E6:D3:07;0;AVIÁRIO MEIO;700,00;03/12/2025;15:11:52;20;1283-20
CO2;1283;CT-CO2-0;1f94f8ad-7171-b062-c0a5-dbf839ac97e9;CD:E6:D3:07;0;AVIÁRIO MEIO;698,00;03/12/2025;15:17:24;20;1283-20
CO2;1283;CT-CO2-0;1f94f8ad-7171-b062-c0a5-dbf839ac97e9;CD:E6:D3:07;0;AVIÁRIO MEIO;717,00;03/12/2025;15:22:27;20;1283-20
CO2;1283;CT-CO2-0;1f94f8ad-7171-b062-c0a5-dbf839ac97e9;CD:E6:D3:07;0;AVIÁRIO MEIO;723,00;03/12/2025;15:27:59;20;1283-20
CO2;1283;CT-CO2-0;1f94f8ad-7171-b062-c0a5-dbf839ac97e9;CD:E6:D3:07;0;AVIÁRIO MEIO;698,00;03/12/2025;15:33:31;20;1283-20
CO2;1283;CT-CO2-0;1f94f8ad-7171-b062-c0a5-dbf839ac97e9;CD:E6:D3:07;0;AVIÁRIO MEIO;699,00;03/12/2025;15:38:33;20;1283-20
CO2;1283;CT-CO2-0;1f94f8ad-7171-b062-c0a5-dbf839ac97e9;CD:E6:D3:07;0;AVIÁRIO MEIO;703,00;03/12/2025;15:44:05;20;1283-20
CO2;1283;CT-CO2-0;1f94f8ad-7171-b062-c0a5-dbf839ac97e9;CD:E6:D3:07;0;AVIÁRIO MEIO;702,00;03/12/2025;15:49:37;20;1283-20
CO2;1283;CT-CO2-0;1f94f8ad-7171-b062-c0a5-dbf839ac97e9;CD:E6:D3:07;0;AVIÁRIO MEIO;752,00;03/12/2025;15:54:39;20;1283-20
CO2;1283;CT-CO2-0;1f94f8ad-7171-b062-c0a5-dbf839ac97e9;CD:E6:D3:07;0;AVIÁRIO MEIO;719,00;03/12/2025;16:00:11;20;1283-20
CO2;1283;CT-CO2-0;1f94f8ad-7171-b062-c0a5-dbf839ac97e9;CD:E6:D3:07;0;AVIÁRIO MEIO;721,00;03/12/2025;16:05:43;20;1283-20
CO2;1283;CT-CO2-0;1f94f8ad-7171-b062-c0a5-dbf839ac97e9;CD:E6:D3:07;0;AVIÁRIO MEIO;703,00;03/12/2025;16:11:16;20;1283-20
CO2;1283;CT-CO2-0;1f94f8ad-7171-b062-c0a5-dbf839ac97e9;CD:E6:D3:07;0;AVIÁRIO MEIO;713,00;03/12/2025;16:16:18;20;1283-20
CO2;1283;CT-CO2-0;1f94f8ad-7171-b062-c0a5-dbf839ac97e9;CD:E6:D3:07;0;AVIÁRIO MEIO;711,00;03/12/2025;16:21:50;20;1283-20
CO2;1283;CT-CO2-0;1f94f8ad-7171-b062-c0a5-dbf839ac97e9;CD:E6:D3:07;0;AVIÁRIO MEIO;706,00;03/12/2025;16:26:51;20;1283-20
CO2;1283;CT-CO2-0;1f94f8ad-7171-b062-c0a5-dbf839ac97e9;CD:E6:D3:07;0;AVIÁRIO MEIO;692,00;03/12/2025;16:32:28;20;1283-20
CO2;1283;CT-CO2-0;1f94f8ad-7171-b062-c0a5-dbf839ac97e9;CD:E6:D3:07;0;AVIÁRIO MEIO;696,00;03/12/2025;16:37:31;20;1283-20
CO2;1283;CT-CO2-0;1f94f8ad-7171-b062-c0a5-dbf839ac97e9;CD:E6:D3:07;0;AVIÁRIO MEIO;700,00;03/12/2025;16:43:02;20;1283-20
CO2;1283;CT-CO2-0;1f94f8ad-7171-b062-c0a5-dbf839ac97e9;CD:E6:D3:07;0;AVIÁRIO MEIO;719,00;03/12/2025;16:48:34;20;1283-20
CO2;1283;CT-CO2-0;1f94f8ad-7171-b062-c0a5-dbf839ac97e9;CD:E6:D3:07;0;AVIÁRIO MEIO;701,00;03/12/2025;16:53:36;20;1283-20
CO2;1283;CT-CO2-0;1f94f8ad-7171-b062-c0a5-dbf839ac97e9;CD:E6:D3:07;0;AVIÁRIO MEIO;705,00;03/12/2025;16:59:07;20;1283-20
CO2;1283;CT-CO2-0;1f94f8ad-7171-b062-c0a5-dbf839ac97e9;CD:E6:D3:07;0;AVIÁRIO MEIO;704,00;03/12/2025;17:04:41;20;1283-20
CO2;1283;CT-CO2-0;1f94f8ad-7171-b062-c0a5-dbf839ac97e9;CD:E6:D3:07;0;AVIÁRIO MEIO;699,00;03/12/2025;17:09:42;20;1283-20
CO2;1283;CT-CO2-0;1f94f8ad-7171-b062-c0a5-dbf839ac97e9;CD:E6:D3:07;0;AVIÁRIO MEIO;688,00;03/12/2025;17:15:14;20;1283-20
CO2;1283;CT-CO2-0;1f94f8ad-7171-b062-c0a5-dbf839ac97e9;CD:E6:D3:07;0;AVIÁRIO MEIO;706,00;03/12/2025;17:25:52;20;1283-20
CO2;1283;CT-CO2-0;1f94f8ad-7171-b062-c0a5-dbf839ac97e9;CD:E6:D3:07;0;AVIÁRIO MEIO;700,00;03/12/2025;17:31:24;20;1283-20
CO2;1283;CT-CO2-0;1f94f8ad-7171-b062-c0a5-dbf839ac97e9;CD:E6:D3:07;0;AVIÁRIO MEIO;719,00;03/12/2025;17:36:55;20;1283-20
CO2;1283;CT-CO2-0;1f94f8ad-7171-b062-c0a5-dbf839ac97e9;CD:E6:D3:07;0;AVIÁRIO MEIO;712,00;03/12/2025;17:41:57;20;1283-20
CO2;1283;CT-CO2-0;1f94f8ad-7171-b062-c0a5-dbf839ac97e9;CD:E6:D3:07;0;AVIÁRIO MEIO;709,00;03/12/2025;17:47:30;20;1283-20
CO2;1283;CT-CO2-0;1f94f8ad-7171-b062-c0a5-dbf839ac97e9;CD:E6:D3:07;0;AVIÁRIO MEIO;728,00;03/12/2025;17:53:02;20;1283-20
CO2;1283;CT-CO2-0;1f94f8ad-7171-b062-c0a5-dbf839ac97e9;CD:E6:D3:07;0;AVIÁRIO MEIO;719,00;03/12/2025;17:58:04;20;1283-20
CO2;1283;CT-CO2-0;1f94f8ad-7171-b062-c0a5-dbf839ac97e9;CD:E6:D3:07;0;AVIÁRIO MEIO;709,00;03/12/2025;18:03:40;20;1283-20
CO2;1283;CT-CO2-0;1f94f8ad-7171-b062-c0a5-dbf839ac97e9;CD:E6:D3:07;0;AVIÁRIO MEIO;710,00;03/12/2025;18:09:12;20;1283-20
CO2;1283;CT-CO2-0;1f94f8ad-7171-b062-c0a5-dbf839ac97e9;CD:E6:D3:07;0;AVIÁRIO MEIO;768,00;03/12/2025;18:14:16;20;1283-20
CO2;1283;CT-CO2-0;1f94f8ad-7171-b062-c0a5-dbf839ac97e9;CD:E6:D3:07;0;AVIÁRIO MEIO;713,00;03/12/2025;18:19:48;20;1283-20
CO2;1283;CT-CO2-0;1f94f8ad-7171-b062-c0a5-dbf839ac97e9;CD:E6:D3:07;0;AVIÁRIO MEIO;725,00;03/12/2025;18:25:20;20;1283-20
CO2;1283;CT-CO2-0;1f94f8ad-7171-b062-c0a5-dbf839ac97e9;CD:E6:D3:07;0;AVIÁRIO MEIO;731,00;03/12/2025;18:30:56;20;1283-20
CO2;1283;CT-CO2-0;1f94f8ad-7171-b062-c0a5-dbf839ac97e9;CD:E6:D3:07;0;AVIÁRIO MEIO;736,00;03/12/2025;18:35:59;20;1283-20
CO2;1283;CT-CO2-0;1f94f8ad-7171-b062-c0a5-dbf839ac97e9;CD:E6:D3:07;0;AVIÁRIO MEIO;752,00;03/12/2025;18:41:01;20;1283-20
CO2;1283;CT-CO2-0;1f94f8ad-7171-b062-c0a5-dbf839ac97e9;CD:E6:D3:07;0;AVIÁRIO MEIO;730,00;03/12/2025;18:46:34;20;1283-20
CO2;1283;CT-CO2-0;1f94f8ad-7171-b062-c0a5-dbf839ac97e9;CD:E6:D3:07;0;AVIÁRIO MEIO;761,00;03/12/2025;18:52:05;20;1283-20
CO2;1283;CT-CO2-0;1f94f8ad-7171-b062-c0a5-dbf839ac97e9;CD:E6:D3:07;0;AVIÁRIO MEIO;727,00;03/12/2025;18:57:07;20;1283-20
CO2;1283;CT-CO2-0;1f94f8ad-7171-b062-c0a5-dbf839ac97e9;CD:E6:D3:07;0;AVIÁRIO MEIO;727,00;03/12/2025;19:02:39;20;1283-20
CO2;1283;CT-CO2-0;1f94f8ad-7171-b062-c0a5-dbf839ac97e9;CD:E6:D3:07;0;AVIÁRIO MEIO;741,00;03/12/2025;19:08:11;20;1283-20
CO2;1283;CT-CO2-0;1f94f8ad-7171-b062-c0a5-dbf839ac97e9;CD:E6:D3:07;0;AVIÁRIO MEIO;747,00;03/12/2025;19:13:13;20;1283-20
CO2;1283;CT-CO2-0;1f94f8ad-7171-b062-c0a5-dbf839ac97e9;CD:E6:D3:07;0;AVIÁRIO MEIO;751,00;03/12/2025;19:18:46;20;1283-20
CO2;1283;CT-CO2-0;1f94f8ad-7171-b062-c0a5-dbf839ac97e9;CD:E6:D3:07;0;AVIÁRIO MEIO;768,00;03/12/2025;19:24:18;20;1283-20
CO2;1283;CT-CO2-0;1f94f8ad-7171-b062-c0a5-dbf839ac97e9;CD:E6:D3:07;0;AVIÁRIO MEIO;751,00;03/12/2025;19:29:21;20;1283-20
CO2;1283;CT-CO2-0;1f94f8ad-7171-b062-c0a5-dbf839ac97e9;CD:E6:D3:07;0;AVIÁRIO MEIO;763,00;03/12/2025;19:34:53;20;1283-20
CO2;1283;CT-CO2-0;1f94f8ad-7171-b062-c0a5-dbf839ac97e9;CD:E6:D3:07;0;AVIÁRIO MEIO;765,00;03/12/2025;19:45:29;20;1283-20
CO2;1283;CT-CO2-0;1f94f8ad-7171-b062-c0a5-dbf839ac97e9;CD:E6:D3:07;0;AVIÁRIO MEIO;770,00;03/12/2025;19:56:44;20;1283-20
CO2;1283;CT-CO2-0;1f94f8ad-7171-b062-c0a5-dbf839ac97e9;CD:E6:D3:07;0;AVIÁRIO MEIO;780,00;03/12/2025;20:01:48;20;1283-20
CO2;1283;CT-CO2-0;1f94f8ad-7171-b062-c0a5-dbf839ac97e9;CD:E6:D3:07;0;AVIÁRIO MEIO;779,00;03/12/2025;20:07:26;20;1283-20
CO2;1283;CT-CO2-0;1f94f8ad-7171-b062-c0a5-dbf839ac97e9;CD:E6:D3:07;0;AVIÁRIO MEIO;779,00;03/12/2025;20:12:28;20;1283-20
CO2;1283;CT-CO2-0;1f94f8ad-7171-b062-c0a5-dbf839ac97e9;CD:E6:D3:07;0;AVIÁRIO MEIO;784,00;03/12/2025;20:18:00;20;1283-20
CO2;1283;CT-CO2-0;1f94f8ad-7171-b062-c0a5-dbf839ac97e9;CD:E6:D3:07;0;AVIÁRIO MEIO;764,00;03/12/2025;20:23:02;20;1283-20
CO2;1283;CT-CO2-0;1f94f8ad-7171-b062-c0a5-dbf839ac97e9;CD:E6:D3:07;0;AVIÁRIO MEIO;756,00;03/12/2025;20:28:33;20;1283-20
CO2;1283;CT-CO2-0;1f94f8ad-7171-b062-c0a5-dbf839ac97e9;CD:E6:D3:07;0;AVIÁRIO MEIO;782,00;03/12/2025;20:34:06;20;1283-20
CO2;1283;CT-CO2-0;1f94f8ad-7171-b062-c0a5-dbf839ac97e9;CD:E6:D3:07;0;AVIÁRIO MEIO;767,00;03/12/2025;20:39:38;20;1283-20
CO2;1283;CT-CO2-0;1f94f8ad-7171-b062-c0a5-dbf839ac97e9;CD:E6:D3:07;0;AVIÁRIO MEIO;756,00;03/12/2025;20:44:40;20;1283-20
CO2;1283;CT-CO2-0;1f94f8ad-7171-b062-c0a5-dbf839ac97e9;CD:E6:D3:07;0;AVIÁRIO MEIO;753,00;03/12/2025;20:50:45;20;1283-20
CO2;1283;CT-CO2-0;1f94f8ad-7171-b062-c0a5-dbf839ac97e9;CD:E6:D3:07;0;AVIÁRIO MEIO;752,00;03/12/2025;20:55:17;20;1283-20
CO2;1283;CT-CO2-0;1f94f8ad-7171-b062-c0a5-dbf839ac97e9;CD:E6:D3:07;0;AVIÁRIO MEIO;757,00;03/12/2025;21:01:19;20;1283-20
CO2;1283;CT-CO2-0;1f94f8ad-7171-b062-c0a5-dbf839ac97e9;CD:E6:D3:07;0;AVIÁRIO MEIO;761,00;03/12/2025;21:06:53;20;1283-20
CO2;1283;CT-CO2-0;1f94f8ad-7171-b062-c0a5-dbf839ac97e9;CD:E6:D3:07;0;AVIÁRIO MEIO;762,00;03/12/2025;21:11:55;20;1283-20
CO2;1283;CT-CO2-0;1f94f8ad-7171-b062-c0a5-dbf839ac97e9;CD:E6:D3:07;0;AVIÁRIO MEIO;764,00;03/12/2025;21:17:34;20;1283-20
CO2;1283;CT-CO2-0;1f94f8ad-7171-b062-c0a5-dbf839ac97e9;CD:E6:D3:07;0;AVIÁRIO MEIO;751,00;03/12/2025;21:23:12;20;1283-20
CO2;1283;CT-CO2-0;1f94f8ad-7171-b062-c0a5-dbf839ac97e9;CD:E6:D3:07;0;AVIÁRIO MEIO;731,00;03/12/2025;21:28:15;20;1283-20
CO2;1283;CT-CO2-0;1f94f8ad-7171-b062-c0a5-dbf839ac97e9;CD:E6:D3:07;0;AVIÁRIO MEIO;739,00;03/12/2025;21:33:53;20;1283-20
CO2;1283;CT-CO2-0;1f94f8ad-7171-b062-c0a5-dbf839ac97e9;CD:E6:D3:07;0;AVIÁRIO MEIO;754,00;03/12/2025;21:38:55;20;1283-20
CO2;1283;CT-CO2-0;1f94f8ad-7171-b062-c0a5-dbf839ac97e9;CD:E6:D3:07;0;AVIÁRIO MEIO;740,00;03/12/2025;21:44:28;20;1283-20
CO2;1283;CT-CO2-0;1f94f8ad-7171-b062-c0a5-dbf839ac97e9;CD:E6:D3:07;0;AVIÁRIO MEIO;739,00;03/12/2025;21:49:30;20;1283-20
CO2;1283;CT-CO2-0;1f94f8ad-7171-b062-c0a5-dbf839ac97e9;CD:E6:D3:07;0;AVIÁRIO MEIO;727,00;03/12/2025;21:55:03;20;1283-20
CO2;1283;CT-CO2-0;1f94f8ad-7171-b062-c0a5-dbf839ac97e9;CD:E6:D3:07;0;AVIÁRIO MEIO;732,00;03/12/2025;22:05:41;20;1283-20
CO2;1283;CT-CO2-0;1f94f8ad-7171-b062-c0a5-dbf839ac97e9;CD:E6:D3:07;0;AVIÁRIO MEIO;735,00;03/12/2025;22:11:14;20;1283-20
CO2;1283;CT-CO2-0;1f94f8ad-7171-b062-c0a5-dbf839ac97e9;CD:E6:D3:07;0;AVIÁRIO MEIO;738,00;03/12/2025;22:16:46;20;1283-20
CO2;1283;CT-CO2-0;1f94f8ad-7171-b062-c0a5-dbf839ac97e9;CD:E6:D3:07;0;AVIÁRIO MEIO;743,00;03/12/2025;22:21:48;20;1283-20
CO2;1283;CT-CO2-0;1f94f8ad-7171-b062-c0a5-dbf839ac97e9;CD:E6:D3:07;0;AVIÁRIO MEIO;726,00;03/12/2025;22:27:21;20;1283-20
CO2;1283;CT-CO2-0;1f94f8ad-7171-b062-c0a5-dbf839ac97e9;CD:E6:D3:07;0;AVIÁRIO MEIO;731,00;03/12/2025;22:32:53;20;1283-20
CO2;1283;CT-CO2-0;1f94f8ad-7171-b062-c0a5-dbf839ac97e9;CD:E6:D3:07;0;AVIÁRIO MEIO;719,00;03/12/2025;22:37:55;20;1283-20
CO2;1283;CT-CO2-0;1f94f8ad-7171-b062-c0a5-dbf839ac97e9;CD:E6:D3:07;0;AVIÁRIO MEIO;732,00;03/12/2025;22:43:27;20;1283-20
CO2;1283;CT-CO2-0;1f94f8ad-7171-b062-c0a5-dbf839ac97e9;CD:E6:D3:07;0;AVIÁRIO MEIO;730,00;03/12/2025;22:48:58;20;1283-20
CO2;1283;CT-CO2-0;1f94f8ad-7171-b062-c0a5-dbf839ac97e9;CD:E6:D3:07;0;AVIÁRIO MEIO;741,00;03/12/2025;22:54:02;20;1283-20
CO2;1283;CT-CO2-0;1f94f8ad-7171-b062-c0a5-dbf839ac97e9;CD:E6:D3:07;0;AVIÁRIO MEIO;727,00;03/12/2025;22:59:34;20;1283-20
CO2;1283;CT-CO2-0;1f94f8ad-7171-b062-c0a5-dbf839ac97e9;CD:E6:D3:07;0;AVIÁRIO MEIO;734,00;03/12/2025;23:05:06;20;1283-20
CO2;1283;CT-CO2-0;1f94f8ad-7171-b062-c0a5-dbf839ac97e9;CD:E6:D3:07;0;AVIÁRIO MEIO;738,00;03/12/2025;23:10:40;20;1283-20
CO2;1283;CT-CO2-0;1f94f8ad-7171-b062-c0a5-dbf839ac97e9;CD:E6:D3:07;0;AVIÁRIO MEIO;749,00;03/12/2025;23:15:41;20;1283-20
CO2;1283;CT-CO2-0;1f94f8ad-7171-b062-c0a5-dbf839ac97e9;CD:E6:D3:07;0;AVIÁRIO MEIO;733,00;03/12/2025;23:21:14;20;1283-20
CO2;1283;CT-CO2-0;1f94f8ad-7171-b062-c0a5-dbf839ac97e9;CD:E6:D3:07;0;AVIÁRIO MEIO;718,00;03/12/2025;23:26:16;20;1283-20
CO2;1283;CT-CO2-0;1f94f8ad-7171-b062-c0a5-dbf839ac97e9;CD:E6:D3:07;0;AVIÁRIO MEIO;730,00;03/12/2025;23:31:48;20;1283-20
CO2;1283;CT-CO2-0;1f94f8ad-7171-b062-c0a5-dbf839ac97e9;CD:E6:D3:07;0;AVIÁRIO MEIO;731,00;03/12/2025;23:37:20;20;1283-20
CO2;1283;CT-CO2-0;1f94f8ad-7171-b062-c0a5-dbf839ac97e9;CD:E6:D3:07;0;AVIÁRIO MEIO;728,00;03/12/2025;23:42:22;20;1283-20
CO2;1283;CT-CO2-0;1f94f8ad-7171-b062-c0a5-dbf839ac97e9;CD:E6:D3:07;0;AVIÁRIO MEIO;731,00;03/12/2025;23:47:56;20;1283-20
CO2;1283;CT-CO2-0;1f94f8ad-7171-b062-c0a5-dbf839ac97e9;CD:E6:D3:07;0;AVIÁRIO MEIO;723,00;03/12/2025;23:53:27;20;1283-20
CO2;1283;CT-CO2-0;1f94f8ad-7171-b062-c0a5-dbf839ac97e9;CD:E6:D3:07;0;AVIÁRIO MEIO;719,00;03/12/2025;23:58:29;20;1283-20
CO2;1283;CT-CO2-0;1f94f8ad-7171-b062-c0a5-dbf839ac97e9;CD:E6:D3:07;0;AVIÁRIO MEIO;726,00;04/12/2025;00:04:01;20;1283-20
CO2;1283;CT-CO2-0;1f94f8ad-7171-b062-c0a5-dbf839ac97e9;CD:E6:D3:07;0;AVIÁRIO MEIO;728,00;04/12/2025;00:09:33;20;1283-20
CO2;1283;CT-CO2-0;1f94f8ad-7171-b062-c0a5-dbf839ac97e9;CD:E6:D3:07;0;AVIÁRIO MEIO;713,00;04/12/2025;00:14:35;20;1283-20
CO2;1283;CT-CO2-0;1f94f8ad-7171-b062-c0a5-dbf839ac97e9;CD:E6:D3:07;0;AVIÁRIO MEIO;714,00;04/12/2025;00:20:40;20;1283-20
CO2;1283;CT-CO2-0;1f94f8ad-7171-b062-c0a5-dbf839ac97e9;CD:E6:D3:07;0;AVIÁRIO MEIO;702,00;04/12/2025;00:25:42;20;1283-20
CO2;1283;CT-CO2-0;1f94f8ad-7171-b062-c0a5-dbf839ac97e9;CD:E6:D3:07;0;AVIÁRIO MEIO;723,00;04/12/2025;00:30:44;20;1283-20
CO2;1283;CT-CO2-0;1f94f8ad-7171-b062-c0a5-dbf839ac97e9;CD:E6:D3:07;0;AVIÁRIO MEIO;717,00;04/12/2025;00:36:17;20;1283-20
CO2;1283;CT-CO2-0;1f94f8ad-7171-b062-c0a5-dbf839ac97e9;CD:E6:D3:07;0;AVIÁRIO MEIO;711,00;04/12/2025;00:41:49;20;1283-20
CO2;1283;CT-CO2-0;1f94f8ad-7171-b062-c0a5-dbf839ac97e9;CD:E6:D3:07;0;AVIÁRIO MEIO;721,00;04/12/2025;00:46:50;20;1283-20
CO2;1283;CT-CO2-0;1f94f8ad-7171-b062-c0a5-dbf839ac97e9;CD:E6:D3:07;0;AVIÁRIO MEIO;722,00;04/12/2025;00:52:22;20;1283-20
CO2;1283;CT-CO2-0;1f94f8ad-7171-b062-c0a5-dbf839ac97e9;CD:E6:D3:07;0;AVIÁRIO MEIO;730,00;04/12/2025;00:57:54;20;1283-20
CO2;1283;CT-CO2-0;1f94f8ad-7171-b062-c0a5-dbf839ac97e9;CD:E6:D3:07;0;AVIÁRIO MEIO;723,00;04/12/2025;01:02:56;20;1283-20
CO2;1283;CT-CO2-0;1f94f8ad-7171-b062-c0a5-dbf839ac97e9;CD:E6:D3:07;0;AVIÁRIO MEIO;714,00;04/12/2025;01:08:28;20;1283-20
CO2;1283;CT-CO2-0;1f94f8ad-7171-b062-c0a5-dbf839ac97e9;CD:E6:D3:07;0;AVIÁRIO MEIO;714,00;04/12/2025;01:14:00;20;1283-20
CO2;1283;CT-CO2-0;1f94f8ad-7171-b062-c0a5-dbf839ac97e9;CD:E6:D3:07;0;AVIÁRIO MEIO;703,00;04/12/2025;01:19:02;20;1283-20
CO2;1283;CT-CO2-0;1f94f8ad-7171-b062-c0a5-dbf839ac97e9;CD:E6:D3:07;0;AVIÁRIO MEIO;703,00;04/12/2025;01:24:34;20;1283-20
CO2;1283;CT-CO2-0;1f94f8ad-7171-b062-c0a5-dbf839ac97e9;CD:E6:D3:07;0;AVIÁRIO MEIO;709,00;04/12/2025;01:30:37;20;1283-20
CO2;1283;CT-CO2-0;1f94f8ad-7171-b062-c0a5-dbf839ac97e9;CD:E6:D3:07;0;AVIÁRIO MEIO;723,00;04/12/2025;01:35:09;20;1283-20
CO2;1283;CT-CO2-0;1f94f8ad-7171-b062-c0a5-dbf839ac97e9;CD:E6:D3:07;0;AVIÁRIO MEIO;718,00;04/12/2025;01:40:41;20;1283-20
CO2;1283;CT-CO2-0;1f94f8ad-7171-b062-c0a5-dbf839ac97e9;CD:E6:D3:07;0;AVIÁRIO MEIO;724,00;04/12/2025;01:46:12;20;1283-20
CO2;1283;CT-CO2-0;1f94f8ad-7171-b062-c0a5-dbf839ac97e9;CD:E6:D3:07;0;AVIÁRIO MEIO;730,00;04/12/2025;01:51:44;20;1283-20
CO2;1283;CT-CO2-0;1f94f8ad-7171-b062-c0a5-dbf839ac97e9;CD:E6:D3:07;0;AVIÁRIO MEIO;733,00;04/12/2025;01:56:48;20;1283-20
CO2;1283;CT-CO2-0;1f94f8ad-7171-b062-c0a5-dbf839ac97e9;CD:E6:D3:07;0;AVIÁRIO MEIO;732,00;04/12/2025;02:02:20;20;1283-20
CO2;1283;CT-CO2-0;1f94f8ad-7171-b062-c0a5-dbf839ac97e9;CD:E6:D3:07;0;AVIÁRIO MEIO;731,00;04/12/2025;02:07:22;20;1283-20
CO2;1283;CT-CO2-0;1f94f8ad-7171-b062-c0a5-dbf839ac97e9;CD:E6:D3:07;0;AVIÁRIO MEIO;740,00;04/12/2025;02:12:55;20;1283-20
CO2;1283;CT-CO2-0;1f94f8ad-7171-b062-c0a5-dbf839ac97e9;CD:E6:D3:07;0;AVIÁRIO MEIO;735,00;04/12/2025;02:18:26;20;1283-20
CO2;1283;CT-CO2-0;1f94f8ad-7171-b062-c0a5-dbf839ac97e9;CD:E6:D3:07;0;AVIÁRIO MEIO;795,00;04/12/2025;02:23:59;20;1283-20
CO2;1283;CT-CO2-0;1f94f8ad-7171-b062-c0a5-dbf839ac97e9;CD:E6:D3:07;0;AVIÁRIO MEIO;732,00;04/12/2025;02:29:00;20;1283-20
CO2;1283;CT-CO2-0;1f94f8ad-7171-b062-c0a5-dbf839ac97e9;CD:E6:D3:07;0;AVIÁRIO MEIO;743,00;04/12/2025;02:34:32;20;1283-20
CO2;1283;CT-CO2-0;1f94f8ad-7171-b062-c0a5-dbf839ac97e9;CD:E6:D3:07;0;AVIÁRIO MEIO;729,00;04/12/2025;02:40:36;20;1283-20
CO2;1283;CT-CO2-0;1f94f8ad-7171-b062-c0a5-dbf839ac97e9;CD:E6:D3:07;0;AVIÁRIO MEIO;745,00;04/12/2025;02:45:08;20;1283-20
CO2;1283;CT-CO2-0;1f94f8ad-7171-b062-c0a5-dbf839ac97e9;CD:E6:D3:07;0;AVIÁRIO MEIO;736,00;04/12/2025;02:50:40;20;1283-20
CO2;1283;CT-CO2-0;1f94f8ad-7171-b062-c0a5-dbf839ac97e9;CD:E6:D3:07;0;AVIÁRIO MEIO;732,00;04/12/2025;02:56:12;20;1283-20
CO2;1283;CT-CO2-0;1f94f8ad-7171-b062-c0a5-dbf839ac97e9;CD:E6:D3:07;0;AVIÁRIO MEIO;736,00;04/12/2025;03:01:14;20;1283-20
CO2;1283;CT-CO2-0;1f94f8ad-7171-b062-c0a5-dbf839ac97e9;CD:E6:D3:07;0;AVIÁRIO MEIO;734,00;04/12/2025;03:06:46;20;1283-20
CO2;1283;CT-CO2-0;1f94f8ad-7171-b062-c0a5-dbf839ac97e9;CD:E6:D3:07;0;AVIÁRIO MEIO;733,00;04/12/2025;03:12:19;20;1283-20
CO2;1283;CT-CO2-0;1f94f8ad-7171-b062-c0a5-dbf839ac97e9;CD:E6:D3:07;0;AVIÁRIO MEIO;726,00;04/12/2025;03:17:20;20;1283-20
CO2;1283;CT-CO2-0;1f94f8ad-7171-b062-c0a5-dbf839ac97e9;CD:E6:D3:07;0;AVIÁRIO MEIO;726,00;04/12/2025;03:22:52;20;1283-20
CO2;1283;CT-CO2-0;1f94f8ad-7171-b062-c0a5-dbf839ac97e9;CD:E6:D3:07;0;AVIÁRIO MEIO;724,00;04/12/2025;03:28:25;20;1283-20
CO2;1283;CT-CO2-0;1f94f8ad-7171-b062-c0a5-dbf839ac97e9;CD:E6:D3:07;0;AVIÁRIO MEIO;729,00;04/12/2025;03:33:28;20;1283-20
CO2;1283;CT-CO2-0;1f94f8ad-7171-b062-c0a5-dbf839ac97e9;CD:E6:D3:07;0;AVIÁRIO MEIO;740,00;04/12/2025;03:38:59;20;1283-20
CO2;1283;CT-CO2-0;1f94f8ad-7171-b062-c0a5-dbf839ac97e9;CD:E6:D3:07;0;AVIÁRIO MEIO;711,00;04/12/2025;03:44:31;20;1283-20
CO2;1283;CT-CO2-0;1f94f8ad-7171-b062-c0a5-dbf839ac97e9;CD:E6:D3:07;0;AVIÁRIO MEIO;748,00;04/12/2025;03:50:05;20;1283-20
CO2;1283;CT-CO2-0;1f94f8ad-7171-b062-c0a5-dbf839ac97e9;CD:E6:D3:07;0;AVIÁRIO MEIO;718,00;04/12/2025;03:55:07;20;1283-20
CO2;1283;CT-CO2-0;1f94f8ad-7171-b062-c0a5-dbf839ac97e9;CD:E6:D3:07;0;AVIÁRIO MEIO;735,00;04/12/2025;04:00:39;20;1283-20
CO2;1283;CT-CO2-0;1f94f8ad-7171-b062-c0a5-dbf839ac97e9;CD:E6:D3:07;0;AVIÁRIO MEIO;692,00;04/12/2025;04:05:40;20;1283-20
CO2;1283;CT-CO2-0;1f94f8ad-7171-b062-c0a5-dbf839ac97e9;CD:E6:D3:07;0;AVIÁRIO MEIO;663,00;04/12/2025;04:11:12;20;1283-20
CO2;1283;CT-CO2-0;1f94f8ad-7171-b062-c0a5-dbf839ac97e9;CD:E6:D3:07;0;AVIÁRIO MEIO;686,00;04/12/2025;04:16:44;20;1283-20
CO2;1283;CT-CO2-0;1f94f8ad-7171-b062-c0a5-dbf839ac97e9;CD:E6:D3:07;0;AVIÁRIO MEIO;682,00;04/12/2025;04:21:46;20;1283-20
CO2;1283;CT-CO2-0;1f94f8ad-7171-b062-c0a5-dbf839ac97e9;CD:E6:D3:07;0;AVIÁRIO MEIO;665,00;04/12/2025;04:27:18;20;1283-20
CO2;1283;CT-CO2-0;1f94f8ad-7171-b062-c0a5-dbf839ac97e9;CD:E6:D3:07;0;AVIÁRIO MEIO;684,00;04/12/2025;04:32:52;20;1283-20
CO2;1283;CT-CO2-0;1f94f8ad-7171-b062-c0a5-dbf839ac97e9;CD:E6:D3:07;0;AVIÁRIO MEIO;667,00;04/12/2025;04:37:55;20;1283-20
CO2;1283;CT-CO2-0;1f94f8ad-7171-b062-c0a5-dbf839ac97e9;CD:E6:D3:07;0;AVIÁRIO MEIO;672,00;04/12/2025;04:43:27;20;1283-20
CO2;1283;CT-CO2-0;1f94f8ad-7171-b062-c0a5-dbf839ac97e9;CD:E6:D3:07;0;AVIÁRIO MEIO;680,00;04/12/2025;04:48:59;20;1283-20
CO2;1283;CT-CO2-0;1f94f8ad-7171-b062-c0a5-dbf839ac97e9;CD:E6:D3:07;0;AVIÁRIO MEIO;681,00;04/12/2025;04:54:00;20;1283-20
CO2;1283;CT-CO2-0;1f94f8ad-7171-b062-c0a5-dbf839ac97e9;CD:E6:D3:07;0;AVIÁRIO MEIO;687,00;04/12/2025;05:00:03;20;1283-20
CO2;1283;CT-CO2-0;1f94f8ad-7171-b062-c0a5-dbf839ac97e9;CD:E6:D3:07;0;AVIÁRIO MEIO;684,00;04/12/2025;05:05:05;20;1283-20
CO2;1283;CT-CO2-0;1f94f8ad-7171-b062-c0a5-dbf839ac97e9;CD:E6:D3:07;0;AVIÁRIO MEIO;702,00;04/12/2025;05:10:07;20;1283-20
CO2;1283;CT-CO2-0;1f94f8ad-7171-b062-c0a5-dbf839ac97e9;CD:E6:D3:07;0;AVIÁRIO MEIO;713,00;04/12/2025;05:15:39;20;1283-20
CO2;1283;CT-CO2-0;1f94f8ad-7171-b062-c0a5-dbf839ac97e9;CD:E6:D3:07;0;AVIÁRIO MEIO;710,00;04/12/2025;05:21:11;20;1283-20
CO2;1283;CT-CO2-0;1f94f8ad-7171-b062-c0a5-dbf839ac97e9;CD:E6:D3:07;0;AVIÁRIO MEIO;724,00;04/12/2025;05:26:13;20;1283-20
CO2;1283;CT-CO2-0;1f94f8ad-7171-b062-c0a5-dbf839ac97e9;CD:E6:D3:07;0;AVIÁRIO MEIO;708,00;04/12/2025;05:31:46;20;1283-20
CO2;1283;CT-CO2-0;1f94f8ad-7171-b062-c0a5-dbf839ac97e9;CD:E6:D3:07;0;AVIÁRIO MEIO;710,00;04/12/2025;05:37:18;20;1283-20
CO2;1283;CT-CO2-0;1f94f8ad-7171-b062-c0a5-dbf839ac97e9;CD:E6:D3:07;0;AVIÁRIO MEIO;716,00;04/12/2025;05:42:21;20;1283-20
CO2;1283;CT-CO2-0;1f94f8ad-7171-b062-c0a5-dbf839ac97e9;CD:E6:D3:07;0;AVIÁRIO MEIO;704,00;04/12/2025;05:47:53;20;1283-20
CO2;1283;CT-CO2-0;1f94f8ad-7171-b062-c0a5-dbf839ac97e9;CD:E6:D3:07;0;AVIÁRIO MEIO;705,00;04/12/2025;05:53:27;20;1283-20
CO2;1283;CT-CO2-0;1f94f8ad-7171-b062-c0a5-dbf839ac97e9;CD:E6:D3:07;0;AVIÁRIO MEIO;707,00;04/12/2025;05:58:29;20;1283-20
CO2;1283;CT-CO2-0;1f94f8ad-7171-b062-c0a5-dbf839ac97e9;CD:E6:D3:07;0;AVIÁRIO MEIO;708,00;04/12/2025;06:04:01;20;1283-20
CO2;1283;CT-CO2-0;1f94f8ad-7171-b062-c0a5-dbf839ac97e9;CD:E6:D3:07;0;AVIÁRIO MEIO;702,00;04/12/2025;06:10:05;20;1283-20
CO2;1283;CT-CO2-0;1f94f8ad-7171-b062-c0a5-dbf839ac97e9;CD:E6:D3:07;0;AVIÁRIO MEIO;726,00;04/12/2025;06:14:37;20;1283-20
CO2;1283;CT-CO2-0;1f94f8ad-7171-b062-c0a5-dbf839ac97e9;CD:E6:D3:07;0;AVIÁRIO MEIO;756,00;04/12/2025;06:20:09;20;1283-20
CO2;1283;CT-CO2-0;1f94f8ad-7171-b062-c0a5-dbf839ac97e9;CD:E6:D3:07;0;AVIÁRIO MEIO;749,00;04/12/2025;06:25:42;20;1283-20
CO2;1283;CT-CO2-0;1f94f8ad-7171-b062-c0a5-dbf839ac97e9;CD:E6:D3:07;0;AVIÁRIO MEIO;722,00;04/12/2025;06:30:43;20;1283-20
CO2;1283;CT-CO2-0;1f94f8ad-7171-b062-c0a5-dbf839ac97e9;CD:E6:D3:07;0;AVIÁRIO MEIO;708,00;04/12/2025;06:36:15;20;1283-20
CO2;1283;CT-CO2-0;1f94f8ad-7171-b062-c0a5-dbf839ac97e9;CD:E6:D3:07;0;AVIÁRIO MEIO;699,00;04/12/2025;06:41:47;20;1283-20
CO2;1283;CT-CO2-0;1f94f8ad-7171-b062-c0a5-dbf839ac97e9;CD:E6:D3:07;0;AVIÁRIO MEIO;700,00;04/12/2025;06:46:48;20;1283-20
CO2;1283;CT-CO2-0;1f94f8ad-7171-b062-c0a5-dbf839ac97e9;CD:E6:D3:07;0;AVIÁRIO MEIO;695,00;04/12/2025;06:52:20;20;1283-20
CO2;1283;CT-CO2-0;1f94f8ad-7171-b062-c0a5-dbf839ac97e9;CD:E6:D3:07;0;AVIÁRIO MEIO;694,00;04/12/2025;06:57:54;20;1283-20
CO2;1283;CT-CO2-0;1f94f8ad-7171-b062-c0a5-dbf839ac97e9;CD:E6:D3:07;0;AVIÁRIO MEIO;722,00;04/12/2025;07:02:57;20;1283-20
CO2;1283;CT-CO2-0;1f94f8ad-7171-b062-c0a5-dbf839ac97e9;CD:E6:D3:07;0;AVIÁRIO MEIO;718,00;04/12/2025;07:08:29;20;1283-20
CO2;1283;CT-CO2-0;1f94f8ad-7171-b062-c0a5-dbf839ac97e9;CD:E6:D3:07;0;AVIÁRIO MEIO;708,00;04/12/2025;07:14:02;20;1283-20
CO2;1283;CT-CO2-0;1f94f8ad-7171-b062-c0a5-dbf839ac97e9;CD:E6:D3:07;0;AVIÁRIO MEIO;697,00;04/12/2025;07:19:35;20;1283-20
CO2;1283;CT-CO2-0;1f94f8ad-7171-b062-c0a5-dbf839ac97e9;CD:E6:D3:07;0;AVIÁRIO MEIO;697,00;04/12/2025;07:24:37;20;1283-20
CO2;1283;CT-CO2-0;1f94f8ad-7171-b062-c0a5-dbf839ac97e9;CD:E6:D3:07;0;AVIÁRIO MEIO;714,00;04/12/2025;07:30:09;20;1283-20
CO2;1283;CT-CO2-0;1f94f8ad-7171-b062-c0a5-dbf839ac97e9;CD:E6:D3:07;0;AVIÁRIO MEIO;690,00;04/12/2025;07:35:12;20;1283-20
CO2;1283;CT-CO2-0;1f94f8ad-7171-b062-c0a5-dbf839ac97e9;CD:E6:D3:07;0;AVIÁRIO MEIO;684,00;04/12/2025;07:40:48;20;1283-20
CO2;1283;CT-CO2-0;1f94f8ad-7171-b062-c0a5-dbf839ac97e9;CD:E6:D3:07;0;AVIÁRIO MEIO;679,00;04/12/2025;07:51:32;20;1283-20
CO2;1283;CT-CO2-0;1f94f8ad-7171-b062-c0a5-dbf839ac97e9;CD:E6:D3:07;0;AVIÁRIO MEIO;671,00;04/12/2025;07:56:33;20;1283-20
CO2;1283;CT-CO2-0;1f94f8ad-7171-b062-c0a5-dbf839ac97e9;CD:E6:D3:07;0;AVIÁRIO MEIO;680,00;04/12/2025;08:02:06;20;1283-20
CO2;1283;CT-CO2-0;1f94f8ad-7171-b062-c0a5-dbf839ac97e9;CD:E6:D3:07;0;AVIÁRIO MEIO;683,00;04/12/2025;08:07:38;20;1283-20
CO2;1283;CT-CO2-0;1f94f8ad-7171-b062-c0a5-dbf839ac97e9;CD:E6:D3:07;0;AVIÁRIO MEIO;689,00;04/12/2025;08:12:40;20;1283-20
CO2;1283;CT-CO2-0;1f94f8ad-7171-b062-c0a5-dbf839ac97e9;CD:E6:D3:07;0;AVIÁRIO MEIO;701,00;04/12/2025;08:18:11;20;1283-20
CO2;1283;CT-CO2-0;1f94f8ad-7171-b062-c0a5-dbf839ac97e9;CD:E6:D3:07;0;AVIÁRIO MEIO;701,00;04/12/2025;08:23:45;20;1283-20
CO2;1283;CT-CO2-0;1f94f8ad-7171-b062-c0a5-dbf839ac97e9;CD:E6:D3:07;0;AVIÁRIO MEIO;686,00;04/12/2025;08:29:19;20;1283-20
CO2;1283;CT-CO2-0;1f94f8ad-7171-b062-c0a5-dbf839ac97e9;CD:E6:D3:07;0;AVIÁRIO MEIO;684,00;04/12/2025;08:34:21;20;1283-20
CO2;1283;CT-CO2-0;1f94f8ad-7171-b062-c0a5-dbf839ac97e9;CD:E6:D3:07;0;AVIÁRIO MEIO;686,00;04/12/2025;08:39:54;20;1283-20
CO2;1283;CT-CO2-0;1f94f8ad-7171-b062-c0a5-dbf839ac97e9;CD:E6:D3:07;0;AVIÁRIO MEIO;681,00;04/12/2025;08:44:55;20;1283-20
CO2;1283;CT-CO2-0;1f94f8ad-7171-b062-c0a5-dbf839ac97e9;CD:E6:D3:07;0;AVIÁRIO MEIO;687,00;04/12/2025;08:50:27;20;1283-20
CO2;1283;CT-CO2-0;1f94f8ad-7171-b062-c0a5-dbf839ac97e9;CD:E6:D3:07;0;AVIÁRIO MEIO;680,00;04/12/2025;08:56:00;20;1283-20
CO2;1283;CT-CO2-0;1f94f8ad-7171-b062-c0a5-dbf839ac97e9;CD:E6:D3:07;0;AVIÁRIO MEIO;673,00;04/12/2025;09:01:02;20;1283-20
CO2;1283;CT-CO2-0;1f94f8ad-7171-b062-c0a5-dbf839ac97e9;CD:E6:D3:07;0;AVIÁRIO MEIO;684,00;04/12/2025;09:06:34;20;1283-20
CO2;1283;CT-CO2-0;1f94f8ad-7171-b062-c0a5-dbf839ac97e9;CD:E6:D3:07;0;AVIÁRIO MEIO;681,00;04/12/2025;09:12:07;20;1283-20
CO2;1283;CT-CO2-0;1f94f8ad-7171-b062-c0a5-dbf839ac97e9;CD:E6:D3:07;0;AVIÁRIO MEIO;685,00;04/12/2025;09:17:38;20;1283-20
CO2;1283;CT-CO2-0;1f94f8ad-7171-b062-c0a5-dbf839ac97e9;CD:E6:D3:07;0;AVIÁRIO MEIO;682,00;04/12/2025;09:22:40;20;1283-20
CO2;1283;CT-CO2-0;1f94f8ad-7171-b062-c0a5-dbf839ac97e9;CD:E6:D3:07;0;AVIÁRIO MEIO;682,00;04/12/2025;09:28:12;20;1283-20
CO2;1283;CT-CO2-0;1f94f8ad-7171-b062-c0a5-dbf839ac97e9;CD:E6:D3:07;0;AVIÁRIO MEIO;668,00;04/12/2025;09:33:45;20;1283-20
CO2;1283;CT-CO2-0;1f94f8ad-7171-b062-c0a5-dbf839ac97e9;CD:E6:D3:07;0;AVIÁRIO MEIO;653,00;04/12/2025;09:39:18;20;1283-20
CO2;1283;CT-CO2-0;1f94f8ad-7171-b062-c0a5-dbf839ac97e9;CD:E6:D3:07;0;AVIÁRIO MEIO;669,00;04/12/2025;09:44:22;20;1283-20
CO2;1283;CT-CO2-0;1f94f8ad-7171-b062-c0a5-dbf839ac97e9;CD:E6:D3:07;0;AVIÁRIO MEIO;672,00;04/12/2025;09:49:23;20;1283-20
CO2;1283;CT-CO2-0;1f94f8ad-7171-b062-c0a5-dbf839ac97e9;CD:E6:D3:07;0;AVIÁRIO MEIO;657,00;04/12/2025;09:54:56;20;1283-20
CO2;1283;CT-CO2-0;1f94f8ad-7171-b062-c0a5-dbf839ac97e9;CD:E6:D3:07;0;AVIÁRIO MEIO;662,00;04/12/2025;10:00:28;20;1283-20
CO2;1283;CT-CO2-0;1f94f8ad-7171-b062-c0a5-dbf839ac97e9;CD:E6:D3:07;0;AVIÁRIO MEIO;663,00;04/12/2025;10:05:32;20;1283-20
CO2;1283;CT-CO2-0;1f94f8ad-7171-b062-c0a5-dbf839ac97e9;CD:E6:D3:07;0;AVIÁRIO MEIO;661,00;04/12/2025;10:11:04;20;1283-20
CO2;1283;CT-CO2-0;1f94f8ad-7171-b062-c0a5-dbf839ac97e9;CD:E6:D3:07;0;AVIÁRIO MEIO;683,00;04/12/2025;10:16:37;20;1283-20
CO2;1283;CT-CO2-0;1f94f8ad-7171-b062-c0a5-dbf839ac97e9;CD:E6:D3:07;0;AVIÁRIO MEIO;679,00;04/12/2025;10:21:38;20;1283-20
CO2;1283;CT-CO2-0;1f94f8ad-7171-b062-c0a5-dbf839ac97e9;CD:E6:D3:07;0;AVIÁRIO MEIO;659,00;04/12/2025;10:27:11;20;1283-20
CO2;1283;CT-CO2-0;1f94f8ad-7171-b062-c0a5-dbf839ac97e9;CD:E6:D3:07;0;AVIÁRIO MEIO;668,00;04/12/2025;10:32:44;20;1283-20
CO2;1283;CT-CO2-0;1f94f8ad-7171-b062-c0a5-dbf839ac97e9;CD:E6:D3:07;0;AVIÁRIO MEIO;669,00;04/12/2025;10:37:46;20;1283-20
CO2;1283;CT-CO2-0;1f94f8ad-7171-b062-c0a5-dbf839ac97e9;CD:E6:D3:07;0;AVIÁRIO MEIO;672,00;04/12/2025;10:43:18;20;1283-20
CO2;1283;CT-CO2-0;1f94f8ad-7171-b062-c0a5-dbf839ac97e9;CD:E6:D3:07;0;AVIÁRIO MEIO;653,00;04/12/2025;10:49:22;20;1283-20
CO2;1283;CT-CO2-0;1f94f8ad-7171-b062-c0a5-dbf839ac97e9;CD:E6:D3:07;0;AVIÁRIO MEIO;650,00;04/12/2025;10:53:54;20;1283-20
CO2;1283;CT-CO2-0;1f94f8ad-7171-b062-c0a5-dbf839ac97e9;CD:E6:D3:07;0;AVIÁRIO MEIO;680,00;04/12/2025;10:59:26;20;1283-20
CO2;1283;CT-CO2-0;1f94f8ad-7171-b062-c0a5-dbf839ac97e9;CD:E6:D3:07;0;AVIÁRIO MEIO;663,00;04/12/2025;11:04:58;20;1283-20
CO2;1283;CT-CO2-0;1f94f8ad-7171-b062-c0a5-dbf839ac97e9;CD:E6:D3:07;0;AVIÁRIO MEIO;660,00;04/12/2025;11:09:59;20;1283-20
CO2;1283;CT-CO2-0;1f94f8ad-7171-b062-c0a5-dbf839ac97e9;CD:E6:D3:07;0;AVIÁRIO MEIO;662,00;04/12/2025;11:15:32;20;1283-20
CO2;1283;CT-CO2-0;1f94f8ad-7171-b062-c0a5-dbf839ac97e9;CD:E6:D3:07;0;AVIÁRIO MEIO;660,00;04/12/2025;11:21:04;20;1283-20
CO2;1283;CT-CO2-0;1f94f8ad-7171-b062-c0a5-dbf839ac97e9;CD:E6:D3:07;0;AVIÁRIO MEIO;674,00;04/12/2025;11:26:05;20;1283-20
CO2;1283;CT-CO2-0;1f94f8ad-7171-b062-c0a5-dbf839ac97e9;CD:E6:D3:07;0;AVIÁRIO MEIO;678,00;04/12/2025;11:31:37;20;1283-20
CO2;1283;CT-CO2-0;1f94f8ad-7171-b062-c0a5-dbf839ac97e9;CD:E6:D3:07;0;AVIÁRIO MEIO;673,00;04/12/2025;11:37:10;20;1283-20
CO2;1283;CT-CO2-0;1f94f8ad-7171-b062-c0a5-dbf839ac97e9;CD:E6:D3:07;0;AVIÁRIO MEIO;659,00;04/12/2025;11:42:42;20;1283-20
CO2;1283;CT-CO2-0;1f94f8ad-7171-b062-c0a5-dbf839ac97e9;CD:E6:D3:07;0;AVIÁRIO MEIO;673,00;04/12/2025;11:47:46;20;1283-20
CO2;1283;CT-CO2-0;1f94f8ad-7171-b062-c0a5-dbf839ac97e9;CD:E6:D3:07;0;AVIÁRIO MEIO;665,00;04/12/2025;11:53:18;20;1283-20
CO2;1283;CT-CO2-0;1f94f8ad-7171-b062-c0a5-dbf839ac97e9;CD:E6:D3:07;0;AVIÁRIO MEIO;677,00;04/12/2025;11:59:22;20;1283-20
CO2;1283;CT-CO2-0;1f94f8ad-7171-b062-c0a5-dbf839ac97e9;CD:E6:D3:07;0;AVIÁRIO MEIO;674,00;04/12/2025;12:03:54;20;1283-20
CO2;1283;CT-CO2-0;1f94f8ad-7171-b062-c0a5-dbf839ac97e9;CD:E6:D3:07;0;AVIÁRIO MEIO;702,00;04/12/2025;12:09:26;20;1283-20
CO2;1283;CT-CO2-0;1f94f8ad-7171-b062-c0a5-dbf839ac97e9;CD:E6:D3:07;0;AVIÁRIO MEIO;660,00;04/12/2025;12:14:28;20;1283-20
CO2;1283;CT-CO2-0;1f94f8ad-7171-b062-c0a5-dbf839ac97e9;CD:E6:D3:07;0;AVIÁRIO MEIO;664,00;04/12/2025;12:20:01;20;1283-20
CO2;1283;CT-CO2-0;1f94f8ad-7171-b062-c0a5-dbf839ac97e9;CD:E6:D3:07;0;AVIÁRIO MEIO;670,00;04/12/2025;12:25:33;20;1283-20
CO2;1283;CT-CO2-0;1f94f8ad-7171-b062-c0a5-dbf839ac97e9;CD:E6:D3:07;0;AVIÁRIO MEIO;674,00;04/12/2025;12:30:35;20;1283-20
CO2;1283;CT-CO2-0;1f94f8ad-7171-b062-c0a5-dbf839ac97e9;CD:E6:D3:07;0;AVIÁRIO MEIO;670,00;04/12/2025;12:36:07;20;1283-20
CO2;1283;CT-CO2-0;1f94f8ad-7171-b062-c0a5-dbf839ac97e9;CD:E6:D3:07;0;AVIÁRIO MEIO;668,00;04/12/2025;12:41:39;20;1283-20
CO2;1283;CT-CO2-0;1f94f8ad-7171-b062-c0a5-dbf839ac97e9;CD:E6:D3:07;0;AVIÁRIO MEIO;668,00;04/12/2025;12:46:41;20;1283-20
CO2;1283;CT-CO2-0;1f94f8ad-7171-b062-c0a5-dbf839ac97e9;CD:E6:D3:07;0;AVIÁRIO MEIO;668,00;04/12/2025;12:52:13;20;1283-20
CO2;1283;CT-CO2-0;1f94f8ad-7171-b062-c0a5-dbf839ac97e9;CD:E6:D3:07;0;AVIÁRIO MEIO;668,00;04/12/2025;12:57:45;20;1283-20
CO2;1283;CT-CO2-0;1f94f8ad-7171-b062-c0a5-dbf839ac97e9;CD:E6:D3:07;0;AVIÁRIO MEIO;676,00;04/12/2025;13:03:17;20;1283-20
CO2;1283;CT-CO2-0;1f94f8ad-7171-b062-c0a5-dbf839ac97e9;CD:E6:D3:07;0;AVIÁRIO MEIO;681,00;04/12/2025;13:08:52;20;1283-20
CO2;1283;CT-CO2-0;1f94f8ad-7171-b062-c0a5-dbf839ac97e9;CD:E6:D3:07;0;AVIÁRIO MEIO;662,00;04/12/2025;13:13:54;20;1283-20
CO2;1283;CT-CO2-0;1f94f8ad-7171-b062-c0a5-dbf839ac97e9;CD:E6:D3:07;0;AVIÁRIO MEIO;671,00;04/12/2025;13:19:01;20;1283-20
CO2;1283;CT-CO2-0;1f94f8ad-7171-b062-c0a5-dbf839ac97e9;CD:E6:D3:07;0;AVIÁRIO MEIO;673,00;04/12/2025;13:24:32;20;1283-20
CO2;1283;CT-CO2-0;1f94f8ad-7171-b062-c0a5-dbf839ac97e9;CD:E6:D3:07;0;AVIÁRIO MEIO;669,00;04/12/2025;13:30:05;20;1283-20
CO2;1283;CT-CO2-0;1f94f8ad-7171-b062-c0a5-dbf839ac97e9;CD:E6:D3:07;0;AVIÁRIO MEIO;664,00;04/12/2025;13:35:07;20;1283-20
CO2;1283;CT-CO2-0;1f94f8ad-7171-b062-c0a5-dbf839ac97e9;CD:E6:D3:07;0;AVIÁRIO MEIO;657,00;04/12/2025;13:40:40;20;1283-20
CO2;1283;CT-CO2-0;1f94f8ad-7171-b062-c0a5-dbf839ac97e9;CD:E6:D3:07;0;AVIÁRIO MEIO;674,00;04/12/2025;13:46:12;20;1283-20
CO2;1283;CT-CO2-0;1f94f8ad-7171-b062-c0a5-dbf839ac97e9;CD:E6:D3:07;0;AVIÁRIO MEIO;684,00;04/12/2025;13:51:15;20;1283-20
CO2;1283;CT-CO2-0;1f94f8ad-7171-b062-c0a5-dbf839ac97e9;CD:E6:D3:07;0;AVIÁRIO MEIO;672,00;04/12/2025;13:56:47;20;1283-20
CO2;1283;CT-CO2-0;1f94f8ad-7171-b062-c0a5-dbf839ac97e9;CD:E6:D3:07;0;AVIÁRIO MEIO;718,00;04/12/2025;14:02:19;20;1283-20
CO2;1283;CT-CO2-0;1f94f8ad-7171-b062-c0a5-dbf839ac97e9;CD:E6:D3:07;0;AVIÁRIO MEIO;672,00;04/12/2025;14:07:22;20;1283-20
CO2;1283;CT-CO2-0;1f94f8ad-7171-b062-c0a5-dbf839ac97e9;CD:E6:D3:07;0;AVIÁRIO MEIO;669,00;04/12/2025;14:12:53;20;1283-20
CO2;1283;CT-CO2-0;1f94f8ad-7171-b062-c0a5-dbf839ac97e9;CD:E6:D3:07;0;AVIÁRIO MEIO;654,00;04/12/2025;14:18:55;20;1283-20
CO2;1283;CT-CO2-0;1f94f8ad-7171-b062-c0a5-dbf839ac97e9;CD:E6:D3:07;0;AVIÁRIO MEIO;646,00;04/12/2025;14:23:27;20;1283-20
CO2;1283;CT-CO2-0;1f94f8ad-7171-b062-c0a5-dbf839ac97e9;CD:E6:D3:07;0;AVIÁRIO MEIO;670,00;04/12/2025;14:29:00;20;1283-20
CO2;1283;CT-CO2-0;1f94f8ad-7171-b062-c0a5-dbf839ac97e9;CD:E6:D3:07;0;AVIÁRIO MEIO;683,00;04/12/2025;14:34:32;20;1283-20
CO2;1283;CT-CO2-0;1f94f8ad-7171-b062-c0a5-dbf839ac97e9;CD:E6:D3:07;0;AVIÁRIO MEIO;712,00;04/12/2025;14:39:34;20;1283-20
CO2;1283;CT-CO2-0;1f94f8ad-7171-b062-c0a5-dbf839ac97e9;CD:E6:D3:07;0;AVIÁRIO MEIO;686,00;04/12/2025;14:45:06;20;1283-20
CO2;1283;CT-CO2-0;1f94f8ad-7171-b062-c0a5-dbf839ac97e9;CD:E6:D3:07;0;AVIÁRIO MEIO;654,00;04/12/2025;14:50:38;20;1283-20
CO2;1283;CT-CO2-0;1f94f8ad-7171-b062-c0a5-dbf839ac97e9;CD:E6:D3:07;0;AVIÁRIO MEIO;661,00;04/12/2025;14:55:40;20;1283-20
CO2;1283;CT-CO2-0;1f94f8ad-7171-b062-c0a5-dbf839ac97e9;CD:E6:D3:07;0;AVIÁRIO MEIO;660,00;04/12/2025;15:01:15;20;1283-20
CO2;1283;CT-CO2-0;1f94f8ad-7171-b062-c0a5-dbf839ac97e9;CD:E6:D3:07;0;AVIÁRIO MEIO;642,00;04/12/2025;15:06:48;20;1283-20
CO2;1283;CT-CO2-0;1f94f8ad-7171-b062-c0a5-dbf839ac97e9;CD:E6:D3:07;0;AVIÁRIO MEIO;650,00;04/12/2025;15:11:50;20;1283-20
CO2;1283;CT-CO2-0;1f94f8ad-7171-b062-c0a5-dbf839ac97e9;CD:E6:D3:07;0;AVIÁRIO MEIO;660,00;04/12/2025;15:17:23;20;1283-20
CO2;1283;CT-CO2-0;1f94f8ad-7171-b062-c0a5-dbf839ac97e9;CD:E6:D3:07;0;AVIÁRIO MEIO;650,00;04/12/2025;15:22:55;20;1283-20
CO2;1283;CT-CO2-0;1f94f8ad-7171-b062-c0a5-dbf839ac97e9;CD:E6:D3:07;0;AVIÁRIO MEIO;662,00;04/12/2025;15:28:29;20;1283-20
CO2;1283;CT-CO2-0;1f94f8ad-7171-b062-c0a5-dbf839ac97e9;CD:E6:D3:07;0;AVIÁRIO MEIO;664,00;04/12/2025;15:33:31;20;1283-20
CO2;1283;CT-CO2-0;1f94f8ad-7171-b062-c0a5-dbf839ac97e9;CD:E6:D3:07;0;AVIÁRIO MEIO;667,00;04/12/2025;15:39:04;20;1283-20
CO2;1283;CT-CO2-0;1f94f8ad-7171-b062-c0a5-dbf839ac97e9;CD:E6:D3:07;0;AVIÁRIO MEIO;651,00;04/12/2025;15:44:07;20;1283-20
CO2;1283;CT-CO2-0;1f94f8ad-7171-b062-c0a5-dbf839ac97e9;CD:E6:D3:07;0;AVIÁRIO MEIO;674,00;04/12/2025;15:49:38;20;1283-20
CO2;1283;CT-CO2-0;1f94f8ad-7171-b062-c0a5-dbf839ac97e9;CD:E6:D3:07;0;AVIÁRIO MEIO;660,00;04/12/2025;15:55:11;20;1283-20
CO2;1283;CT-CO2-0;1f94f8ad-7171-b062-c0a5-dbf839ac97e9;CD:E6:D3:07;0;AVIÁRIO MEIO;651,00;04/12/2025;16:00:13;20;1283-20
CO2;1283;CT-CO2-0;1f94f8ad-7171-b062-c0a5-dbf839ac97e9;CD:E6:D3:07;0;AVIÁRIO MEIO;650,00;04/12/2025;16:05:45;20;1283-20
CO2;1283;CT-CO2-0;1f94f8ad-7171-b062-c0a5-dbf839ac97e9;CD:E6:D3:07;0;AVIÁRIO MEIO;667,00;04/12/2025;16:11:17;20;1283-20
CO2;1283;CT-CO2-0;1f94f8ad-7171-b062-c0a5-dbf839ac97e9;CD:E6:D3:07;0;AVIÁRIO MEIO;698,00;04/12/2025;16:16:19;20;1283-20
CO2;1283;CT-CO2-0;1f94f8ad-7171-b062-c0a5-dbf839ac97e9;CD:E6:D3:07;0;AVIÁRIO MEIO;649,00;04/12/2025;16:21:53;20;1283-20
CO2;1283;CT-CO2-0;1f94f8ad-7171-b062-c0a5-dbf839ac97e9;CD:E6:D3:07;0;AVIÁRIO MEIO;638,00;04/12/2025;16:27:26;20;1283-20
CO2;1283;CT-CO2-0;1f94f8ad-7171-b062-c0a5-dbf839ac97e9;CD:E6:D3:07;0;AVIÁRIO MEIO;673,00;04/12/2025;16:32:29;20;1283-20
CO2;1283;CT-CO2-0;1f94f8ad-7171-b062-c0a5-dbf839ac97e9;CD:E6:D3:07;0;AVIÁRIO MEIO;644,00;04/12/2025;16:38:35;20;1283-20
CO2;1283;CT-CO2-0;1f94f8ad-7171-b062-c0a5-dbf839ac97e9;CD:E6:D3:07;0;AVIÁRIO MEIO;653,00;04/12/2025;16:43:07;20;1283-20
CO2;1283;CT-CO2-0;1f94f8ad-7171-b062-c0a5-dbf839ac97e9;CD:E6:D3:07;0;AVIÁRIO MEIO;640,00;04/12/2025;16:48:41;20;1283-20
CO2;1283;CT-CO2-0;1f94f8ad-7171-b062-c0a5-dbf839ac97e9;CD:E6:D3:07;0;AVIÁRIO MEIO;736,00;04/12/2025;16:54:13;20;1283-20
CO2;1283;CT-CO2-0;1f94f8ad-7171-b062-c0a5-dbf839ac97e9;CD:E6:D3:07;0;AVIÁRIO MEIO;663,00;04/12/2025;16:59:15;20;1283-20
CO2;1283;CT-CO2-0;1f94f8ad-7171-b062-c0a5-dbf839ac97e9;CD:E6:D3:07;0;AVIÁRIO MEIO;663,00;04/12/2025;17:04:47;20;1283-20
CO2;1283;CT-CO2-0;1f94f8ad-7171-b062-c0a5-dbf839ac97e9;CD:E6:D3:07;0;AVIÁRIO MEIO;641,00;04/12/2025;17:10:20;20;1283-20
CO2;1283;CT-CO2-0;1f94f8ad-7171-b062-c0a5-dbf839ac97e9;CD:E6:D3:07;0;AVIÁRIO MEIO;651,00;04/12/2025;17:15:22;20;1283-20
CO2;1283;CT-CO2-0;1f94f8ad-7171-b062-c0a5-dbf839ac97e9;CD:E6:D3:07;0;AVIÁRIO MEIO;651,00;04/12/2025;17:26:29;20;1283-20
CO2;1283;CT-CO2-0;1f94f8ad-7171-b062-c0a5-dbf839ac97e9;CD:E6:D3:07;0;AVIÁRIO MEIO;639,00;04/12/2025;17:31:31;20;1283-20
CO2;1283;CT-CO2-0;1f94f8ad-7171-b062-c0a5-dbf839ac97e9;CD:E6:D3:07;0;AVIÁRIO MEIO;677,00;04/12/2025;17:37:03;20;1283-20
CO2;1283;CT-CO2-0;1f94f8ad-7171-b062-c0a5-dbf839ac97e9;CD:E6:D3:07;0;AVIÁRIO MEIO;666,00;04/12/2025;17:42:35;20;1283-20
CO2;1283;CT-CO2-0;1f94f8ad-7171-b062-c0a5-dbf839ac97e9;CD:E6:D3:07;0;AVIÁRIO MEIO;647,00;04/12/2025;17:48:09;20;1283-20
CO2;1283;CT-CO2-0;1f94f8ad-7171-b062-c0a5-dbf839ac97e9;CD:E6:D3:07;0;AVIÁRIO MEIO;647,00;04/12/2025;17:53:11;20;1283-20
CO2;1283;CT-CO2-0;1f94f8ad-7171-b062-c0a5-dbf839ac97e9;CD:E6:D3:07;0;AVIÁRIO MEIO;660,00;04/12/2025;17:58:43;20;1283-20
CO2;1283;CT-CO2-0;1f94f8ad-7171-b062-c0a5-dbf839ac97e9;CD:E6:D3:07;0;AVIÁRIO MEIO;661,00;04/12/2025;18:03:44;20;1283-20
CO2;1283;CT-CO2-0;1f94f8ad-7171-b062-c0a5-dbf839ac97e9;CD:E6:D3:07;0;AVIÁRIO MEIO;664,00;04/12/2025;18:09:16;20;1283-20
CO2;1283;CT-CO2-0;1f94f8ad-7171-b062-c0a5-dbf839ac97e9;CD:E6:D3:07;0;AVIÁRIO MEIO;696,00;04/12/2025;18:14:48;20;1283-20
CO2;1283;CT-CO2-0;1f94f8ad-7171-b062-c0a5-dbf839ac97e9;CD:E6:D3:07;0;AVIÁRIO MEIO;682,00;04/12/2025;18:19:50;20;1283-20
CO2;1283;CT-CO2-0;1f94f8ad-7171-b062-c0a5-dbf839ac97e9;CD:E6:D3:07;0;AVIÁRIO MEIO;704,00;04/12/2025;18:25:21;20;1283-20
CO2;1283;CT-CO2-0;1f94f8ad-7171-b062-c0a5-dbf839ac97e9;CD:E6:D3:07;0;AVIÁRIO MEIO;693,00;04/12/2025;18:30:55;20;1283-20
CO2;1283;CT-CO2-0;1f94f8ad-7171-b062-c0a5-dbf839ac97e9;CD:E6:D3:07;0;AVIÁRIO MEIO;703,00;04/12/2025;18:41:30;20;1283-20
CO2;1283;CT-CO2-0;1f94f8ad-7171-b062-c0a5-dbf839ac97e9;CD:E6:D3:07;0;AVIÁRIO MEIO;700,00;04/12/2025;18:47:03;20;1283-20
CO2;1283;CT-CO2-0;1f94f8ad-7171-b062-c0a5-dbf839ac97e9;CD:E6:D3:07;0;AVIÁRIO MEIO;714,00;04/12/2025;18:52:05;20;1283-20
CO2;1283;CT-CO2-0;1f94f8ad-7171-b062-c0a5-dbf839ac97e9;CD:E6:D3:07;0;AVIÁRIO MEIO;698,00;04/12/2025;18:58:08;20;1283-20
CO2;1283;CT-CO2-0;1f94f8ad-7171-b062-c0a5-dbf839ac97e9;CD:E6:D3:07;0;AVIÁRIO MEIO;716,00;04/12/2025;19:03:10;20;1283-20
CO2;1283;CT-CO2-0;1f94f8ad-7171-b062-c0a5-dbf839ac97e9;CD:E6:D3:07;0;AVIÁRIO MEIO;731,00;04/12/2025;19:08:12;20;1283-20
CO2;1283;CT-CO2-0;1f94f8ad-7171-b062-c0a5-dbf839ac97e9;CD:E6:D3:07;0;AVIÁRIO MEIO;740,00;04/12/2025;19:13:44;20;1283-20
CO2;1283;CT-CO2-0;1f94f8ad-7171-b062-c0a5-dbf839ac97e9;CD:E6:D3:07;0;AVIÁRIO MEIO;750,00;04/12/2025;19:19:15;20;1283-20
CO2;1283;CT-CO2-0;1f94f8ad-7171-b062-c0a5-dbf839ac97e9;CD:E6:D3:07;0;AVIÁRIO MEIO;721,00;04/12/2025;19:24:17;20;1283-20
CO2;1283;CT-CO2-0;1f94f8ad-7171-b062-c0a5-dbf839ac97e9;CD:E6:D3:07;0;AVIÁRIO MEIO;738,00;04/12/2025;19:29:50;20;1283-20
CO2;1283;CT-CO2-0;1f94f8ad-7171-b062-c0a5-dbf839ac97e9;CD:E6:D3:07;0;AVIÁRIO MEIO;742,00;04/12/2025;19:35:23;20;1283-20
CO2;1283;CT-CO2-0;1f94f8ad-7171-b062-c0a5-dbf839ac97e9;CD:E6:D3:07;0;AVIÁRIO MEIO;755,00;04/12/2025;19:40:25;20;1283-20
CO2;1283;CT-CO2-0;1f94f8ad-7171-b062-c0a5-dbf839ac97e9;CD:E6:D3:07;0;AVIÁRIO MEIO;740,00;04/12/2025;19:51:30;20;1283-20
CO2;1283;CT-CO2-0;1f94f8ad-7171-b062-c0a5-dbf839ac97e9;CD:E6:D3:07;0;AVIÁRIO MEIO;746,00;04/12/2025;19:56:32;20;1283-20
CO2;1283;CT-CO2-0;1f94f8ad-7171-b062-c0a5-dbf839ac97e9;CD:E6:D3:07;0;AVIÁRIO MEIO;744,00;04/12/2025;20:02:05;20;1283-20
CO2;1283;CT-CO2-0;1f94f8ad-7171-b062-c0a5-dbf839ac97e9;CD:E6:D3:07;0;AVIÁRIO MEIO;754,00;04/12/2025;20:08:08;20;1283-20
CO2;1283;CT-CO2-0;1f94f8ad-7171-b062-c0a5-dbf839ac97e9;CD:E6:D3:07;0;AVIÁRIO MEIO;727,00;04/12/2025;20:12:40;20;1283-20
CO2;1283;CT-CO2-0;1f94f8ad-7171-b062-c0a5-dbf839ac97e9;CD:E6:D3:07;0;AVIÁRIO MEIO;758,00;04/12/2025;20:18:13;20;1283-20
CO2;1283;CT-CO2-0;1f94f8ad-7171-b062-c0a5-dbf839ac97e9;CD:E6:D3:07;0;AVIÁRIO MEIO;758,00;04/12/2025;20:23:45;20;1283-20
CO2;1283;CT-CO2-0;1f94f8ad-7171-b062-c0a5-dbf839ac97e9;CD:E6:D3:07;0;AVIÁRIO MEIO;752,00;04/12/2025;20:28:47;20;1283-20
CO2;1283;CT-CO2-0;1f94f8ad-7171-b062-c0a5-dbf839ac97e9;CD:E6:D3:07;0;AVIÁRIO MEIO;771,00;04/12/2025;20:34:19;20;1283-20
CO2;1283;CT-CO2-0;1f94f8ad-7171-b062-c0a5-dbf839ac97e9;CD:E6:D3:07;0;AVIÁRIO MEIO;762,00;04/12/2025;20:39:52;20;1283-20
CO2;1283;CT-CO2-0;1f94f8ad-7171-b062-c0a5-dbf839ac97e9;CD:E6:D3:07;0;AVIÁRIO MEIO;756,00;04/12/2025;20:44:54;20;1283-20
CO2;1283;CT-CO2-0;1f94f8ad-7171-b062-c0a5-dbf839ac97e9;CD:E6:D3:07;0;AVIÁRIO MEIO;734,00;04/12/2025;20:50:26;20;1283-20
CO2;1283;CT-CO2-0;1f94f8ad-7171-b062-c0a5-dbf839ac97e9;CD:E6:D3:07;0;AVIÁRIO MEIO;730,00;04/12/2025;20:56:04;20;1283-20
CO2;1283;CT-CO2-0;1f94f8ad-7171-b062-c0a5-dbf839ac97e9;CD:E6:D3:07;0;AVIÁRIO MEIO;726,00;04/12/2025;21:01:36;20;1283-20
CO2;1283;CT-CO2-0;1f94f8ad-7171-b062-c0a5-dbf839ac97e9;CD:E6:D3:07;0;AVIÁRIO MEIO;727,00;04/12/2025;21:07:08;20;1283-20
CO2;1283;CT-CO2-0;1f94f8ad-7171-b062-c0a5-dbf839ac97e9;CD:E6:D3:07;0;AVIÁRIO MEIO;728,00;04/12/2025;21:12:14;20;1283-20
CO2;1283;CT-CO2-0;1f94f8ad-7171-b062-c0a5-dbf839ac97e9;CD:E6:D3:07;0;AVIÁRIO MEIO;722,00;04/12/2025;21:18:18;20;1283-20
CO2;1283;CT-CO2-0;1f94f8ad-7171-b062-c0a5-dbf839ac97e9;CD:E6:D3:07;0;AVIÁRIO MEIO;722,00;04/12/2025;21:23:31;20;1283-20
CO2;1283;CT-CO2-0;1f94f8ad-7171-b062-c0a5-dbf839ac97e9;CD:E6:D3:07;0;AVIÁRIO MEIO;723,00;04/12/2025;21:28:33;20;1283-20
CO2;1283;CT-CO2-0;1f94f8ad-7171-b062-c0a5-dbf839ac97e9;CD:E6:D3:07;0;AVIÁRIO MEIO;724,00;04/12/2025;21:34:05;20;1283-20
CO2;1283;CT-CO2-0;1f94f8ad-7171-b062-c0a5-dbf839ac97e9;CD:E6:D3:07;0;AVIÁRIO MEIO;724,00;04/12/2025;21:39:12;20;1283-20
CO2;1283;CT-CO2-0;1f94f8ad-7171-b062-c0a5-dbf839ac97e9;CD:E6:D3:07;0;AVIÁRIO MEIO;755,00;04/12/2025;21:44:44;20;1283-20
CO2;1283;CT-CO2-0;1f94f8ad-7171-b062-c0a5-dbf839ac97e9;CD:E6:D3:07;0;AVIÁRIO MEIO;726,00;04/12/2025;21:49:46;20;1283-20
CO2;1283;CT-CO2-0;1f94f8ad-7171-b062-c0a5-dbf839ac97e9;CD:E6:D3:07;0;AVIÁRIO MEIO;735,00;04/12/2025;21:55:17;20;1283-20
CO2;1283;CT-CO2-0;1f94f8ad-7171-b062-c0a5-dbf839ac97e9;CD:E6:D3:07;0;AVIÁRIO MEIO;712,00;04/12/2025;22:00:49;20;1283-20
CO2;1283;CT-CO2-0;1f94f8ad-7171-b062-c0a5-dbf839ac97e9;CD:E6:D3:07;0;AVIÁRIO MEIO;725,00;04/12/2025;22:06:21;20;1283-20
CO2;1283;CT-CO2-0;1f94f8ad-7171-b062-c0a5-dbf839ac97e9;CD:E6:D3:07;0;AVIÁRIO MEIO;721,00;04/12/2025;22:11:25;20;1283-20
CO2;1283;CT-CO2-0;1f94f8ad-7171-b062-c0a5-dbf839ac97e9;CD:E6:D3:07;0;AVIÁRIO MEIO;716,00;04/12/2025;22:16:57;20;1283-20
CO2;1283;CT-CO2-0;1f94f8ad-7171-b062-c0a5-dbf839ac97e9;CD:E6:D3:07;0;AVIÁRIO MEIO;708,00;04/12/2025;22:22:29;20;1283-20
CO2;1283;CT-CO2-0;1f94f8ad-7171-b062-c0a5-dbf839ac97e9;CD:E6:D3:07;0;AVIÁRIO MEIO;713,00;04/12/2025;22:28:07;20;1283-20
CO2;1283;CT-CO2-0;1f94f8ad-7171-b062-c0a5-dbf839ac97e9;CD:E6:D3:07;0;AVIÁRIO MEIO;721,00;04/12/2025;22:33:09;20;1283-20
CO2;1283;CT-CO2-0;1f94f8ad-7171-b062-c0a5-dbf839ac97e9;CD:E6:D3:07;0;AVIÁRIO MEIO;711,00;04/12/2025;22:38:10;20;1283-20
CO2;1283;CT-CO2-0;1f94f8ad-7171-b062-c0a5-dbf839ac97e9;CD:E6:D3:07;0;AVIÁRIO MEIO;722,00;04/12/2025;22:43:42;20;1283-20
CO2;1283;CT-CO2-0;1f94f8ad-7171-b062-c0a5-dbf839ac97e9;CD:E6:D3:07;0;AVIÁRIO MEIO;726,00;04/12/2025;22:49:14;20;1283-20
CO2;1283;CT-CO2-0;1f94f8ad-7171-b062-c0a5-dbf839ac97e9;CD:E6:D3:07;0;AVIÁRIO MEIO;714,00;04/12/2025;22:54:16;20;1283-20
CO2;1283;CT-CO2-0;1f94f8ad-7171-b062-c0a5-dbf839ac97e9;CD:E6:D3:07;0;AVIÁRIO MEIO;724,00;04/12/2025;22:59:48;20;1283-20
CO2;1283;CT-CO2-0;1f94f8ad-7171-b062-c0a5-dbf839ac97e9;CD:E6:D3:07;0;AVIÁRIO MEIO;755,00;04/12/2025;23:05:20;20;1283-20
CO2;1283;CT-CO2-0;1f94f8ad-7171-b062-c0a5-dbf839ac97e9;CD:E6:D3:07;0;AVIÁRIO MEIO;718,00;04/12/2025;23:10:53;20;1283-20
CO2;1283;CT-CO2-0;1f94f8ad-7171-b062-c0a5-dbf839ac97e9;CD:E6:D3:07;0;AVIÁRIO MEIO;727,00;04/12/2025;23:21:26;20;1283-20
CO2;1283;CT-CO2-0;1f94f8ad-7171-b062-c0a5-dbf839ac97e9;CD:E6:D3:07;0;AVIÁRIO MEIO;716,00;04/12/2025;23:26:58;20;1283-20
CO2;1283;CT-CO2-0;1f94f8ad-7171-b062-c0a5-dbf839ac97e9;CD:E6:D3:07;0;AVIÁRIO MEIO;774,00;04/12/2025;23:32:02;20;1283-20
CO2;1283;CT-CO2-0;1f94f8ad-7171-b062-c0a5-dbf839ac97e9;CD:E6:D3:07;0;AVIÁRIO MEIO;726,00;04/12/2025;23:38:05;20;1283-20
CO2;1283;CT-CO2-0;1f94f8ad-7171-b062-c0a5-dbf839ac97e9;CD:E6:D3:07;0;AVIÁRIO MEIO;726,00;04/12/2025;23:42:38;20;1283-20
CO2;1283;CT-CO2-0;1f94f8ad-7171-b062-c0a5-dbf839ac97e9;CD:E6:D3:07;0;AVIÁRIO MEIO;693,00;04/12/2025;23:48:10;20;1283-20
CO2;1283;CT-CO2-0;1f94f8ad-7171-b062-c0a5-dbf839ac97e9;CD:E6:D3:07;0;AVIÁRIO MEIO;675,00;04/12/2025;23:53:42;20;1283-20
CO2;1283;CT-CO2-0;1f94f8ad-7171-b062-c0a5-dbf839ac97e9;CD:E6:D3:07;0;AVIÁRIO MEIO;689,00;04/12/2025;23:59:13;20;1283-20
CO2;1283;CT-CO2-0;1f94f8ad-7171-b062-c0a5-dbf839ac97e9;CD:E6:D3:07;0;AVIÁRIO MEIO;698,00;05/12/2025;00:04:16;20;1283-20
CO2;1283;CT-CO2-0;1f94f8ad-7171-b062-c0a5-dbf839ac97e9;CD:E6:D3:07;0;AVIÁRIO MEIO;731,00;05/12/2025;00:09:48;20;1283-20
CO2;1283;CT-CO2-0;1f94f8ad-7171-b062-c0a5-dbf839ac97e9;CD:E6:D3:07;0;AVIÁRIO MEIO;771,00;05/12/2025;00:15:20;20;1283-20
CO2;1283;CT-CO2-0;1f94f8ad-7171-b062-c0a5-dbf839ac97e9;CD:E6:D3:07;0;AVIÁRIO MEIO;786,00;05/12/2025;00:20:22;20;1283-20
CO2;1283;CT-CO2-0;1f94f8ad-7171-b062-c0a5-dbf839ac97e9;CD:E6:D3:07;0;AVIÁRIO MEIO;739,00;05/12/2025;00:25:55;20;1283-20
CO2;1283;CT-CO2-0;1f94f8ad-7171-b062-c0a5-dbf839ac97e9;CD:E6:D3:07;0;AVIÁRIO MEIO;695,00;05/12/2025;00:31:27;20;1283-20
CO2;1283;CT-CO2-0;1f94f8ad-7171-b062-c0a5-dbf839ac97e9;CD:E6:D3:07;0;AVIÁRIO MEIO;720,00;05/12/2025;00:36:29;20;1283-20
CO2;1283;CT-CO2-0;1f94f8ad-7171-b062-c0a5-dbf839ac97e9;CD:E6:D3:07;0;AVIÁRIO MEIO;739,00;05/12/2025;00:42:01;20;1283-20
CO2;1283;CT-CO2-0;1f94f8ad-7171-b062-c0a5-dbf839ac97e9;CD:E6:D3:07;0;AVIÁRIO MEIO;759,00;05/12/2025;00:48:10;20;1283-20
CO2;1283;CT-CO2-0;1f94f8ad-7171-b062-c0a5-dbf839ac97e9;CD:E6:D3:07;0;AVIÁRIO MEIO;717,00;05/12/2025;00:52:42;20;1283-20
CO2;1283;CT-CO2-0;1f94f8ad-7171-b062-c0a5-dbf839ac97e9;CD:E6:D3:07;0;AVIÁRIO MEIO;705,00;05/12/2025;00:58:18;20;1283-20
CO2;1283;CT-CO2-0;1f94f8ad-7171-b062-c0a5-dbf839ac97e9;CD:E6:D3:07;0;AVIÁRIO MEIO;682,00;05/12/2025;01:03:21;20;1283-20
CO2;1283;CT-CO2-0;1f94f8ad-7171-b062-c0a5-dbf839ac97e9;CD:E6:D3:07;0;AVIÁRIO MEIO;737,00;05/12/2025;01:08:54;20;1283-20
CO2;1283;CT-CO2-0;1f94f8ad-7171-b062-c0a5-dbf839ac97e9;CD:E6:D3:07;0;AVIÁRIO MEIO;670,00;05/12/2025;01:14:26;20;1283-20
CO2;1283;CT-CO2-0;1f94f8ad-7171-b062-c0a5-dbf839ac97e9;CD:E6:D3:07;0;AVIÁRIO MEIO;631,00;05/12/2025;01:30:32;20;1283-20
CO2;1283;CT-CO2-0;1f94f8ad-7171-b062-c0a5-dbf839ac97e9;CD:E6:D3:07;0;AVIÁRIO MEIO;644,00;05/12/2025;01:35:35;20;1283-20
CO2;1283;CT-CO2-0;1f94f8ad-7171-b062-c0a5-dbf839ac97e9;CD:E6:D3:07;0;AVIÁRIO MEIO;657,00;05/12/2025;01:41:06;20;1283-20
CO2;1283;CT-CO2-0;1f94f8ad-7171-b062-c0a5-dbf839ac97e9;CD:E6:D3:07;0;AVIÁRIO MEIO;664,00;05/12/2025;01:46:38;20;1283-20
CO2;1283;CT-CO2-0;1f94f8ad-7171-b062-c0a5-dbf839ac97e9;CD:E6:D3:07;0;AVIÁRIO MEIO;673,00;05/12/2025;01:51:41;20;1283-20
CO2;1283;CT-CO2-0;1f94f8ad-7171-b062-c0a5-dbf839ac97e9;CD:E6:D3:07;0;AVIÁRIO MEIO;709,00;05/12/2025;01:57:43;20;1283-20
CO2;1283;CT-CO2-0;1f94f8ad-7171-b062-c0a5-dbf839ac97e9;CD:E6:D3:07;0;AVIÁRIO MEIO;765,00;05/12/2025;02:02:45;20;1283-20
CO2;1283;CT-CO2-0;1f94f8ad-7171-b062-c0a5-dbf839ac97e9;CD:E6:D3:07;0;AVIÁRIO MEIO;768,00;05/12/2025;02:07:48;20;1283-20
CO2;1283;CT-CO2-0;1f94f8ad-7171-b062-c0a5-dbf839ac97e9;CD:E6:D3:07;0;AVIÁRIO MEIO;756,00;05/12/2025;02:13:20;20;1283-20
CO2;1283;CT-CO2-0;1f94f8ad-7171-b062-c0a5-dbf839ac97e9;CD:E6:D3:07;0;AVIÁRIO MEIO;749,00;05/12/2025;02:18:51;20;1283-20
CO2;1283;CT-CO2-0;1f94f8ad-7171-b062-c0a5-dbf839ac97e9;CD:E6:D3:07;0;AVIÁRIO MEIO;866,00;05/12/2025;02:24:23;20;1283-20
CO2;1283;CT-CO2-0;1f94f8ad-7171-b062-c0a5-dbf839ac97e9;CD:E6:D3:07;0;AVIÁRIO MEIO;844,00;05/12/2025;02:29:27;20;1283-20
CO2;1283;CT-CO2-0;1f94f8ad-7171-b062-c0a5-dbf839ac97e9;CD:E6:D3:07;0;AVIÁRIO MEIO;831,00;05/12/2025;02:35:01;20;1283-20
CO2;1283;CT-CO2-0;1f94f8ad-7171-b062-c0a5-dbf839ac97e9;CD:E6:D3:07;0;AVIÁRIO MEIO;784,00;05/12/2025;02:40:02;20;1283-20
CO2;1283;CT-CO2-0;1f94f8ad-7171-b062-c0a5-dbf839ac97e9;CD:E6:D3:07;0;AVIÁRIO MEIO;776,00;05/12/2025;02:45:34;20;1283-20
CO2;1283;CT-CO2-0;1f94f8ad-7171-b062-c0a5-dbf839ac97e9;CD:E6:D3:07;0;AVIÁRIO MEIO;822,00;05/12/2025;02:56:38;20;1283-20
CO2;1283;CT-CO2-0;1f94f8ad-7171-b062-c0a5-dbf839ac97e9;CD:E6:D3:07;0;AVIÁRIO MEIO;804,00;05/12/2025;03:01:41;20;1283-20
CO2;1283;CT-CO2-0;1f94f8ad-7171-b062-c0a5-dbf839ac97e9;CD:E6:D3:07;0;AVIÁRIO MEIO;774,00;05/12/2025;03:07:49;20;1283-20
CO2;1283;CT-CO2-0;1f94f8ad-7171-b062-c0a5-dbf839ac97e9;CD:E6:D3:07;0;AVIÁRIO MEIO;831,00;05/12/2025;03:12:20;20;1283-20
CO2;1283;CT-CO2-0;1f94f8ad-7171-b062-c0a5-dbf839ac97e9;CD:E6:D3:07;0;AVIÁRIO MEIO;793,00;05/12/2025;03:17:53;20;1283-20
CO2;1283;CT-CO2-0;1f94f8ad-7171-b062-c0a5-dbf839ac97e9;CD:E6:D3:07;0;AVIÁRIO MEIO;885,00;05/12/2025;03:23:25;20;1283-20
CO2;1283;CT-CO2-0;1f94f8ad-7171-b062-c0a5-dbf839ac97e9;CD:E6:D3:07;0;AVIÁRIO MEIO;863,00;05/12/2025;03:28:27;20;1283-20
CO2;1283;CT-CO2-0;1f94f8ad-7171-b062-c0a5-dbf839ac97e9;CD:E6:D3:07;0;AVIÁRIO MEIO;771,00;05/12/2025;03:34:00;20;1283-20
CO2;1283;CT-CO2-0;1f94f8ad-7171-b062-c0a5-dbf839ac97e9;CD:E6:D3:07;0;AVIÁRIO MEIO;777,00;05/12/2025;03:39:32;20;1283-20
CO2;1283;CT-CO2-0;1f94f8ad-7171-b062-c0a5-dbf839ac97e9;CD:E6:D3:07;0;AVIÁRIO MEIO;908,00;05/12/2025;03:44:34;20;1283-20
CO2;1283;CT-CO2-0;1f94f8ad-7171-b062-c0a5-dbf839ac97e9;CD:E6:D3:07;0;AVIÁRIO MEIO;765,00;05/12/2025;03:50:06;20;1283-20
CO2;1283;CT-CO2-0;1f94f8ad-7171-b062-c0a5-dbf839ac97e9;CD:E6:D3:07;0;AVIÁRIO MEIO;800,00;05/12/2025;03:55:38;20;1283-20
CO2;1283;CT-CO2-0;1f94f8ad-7171-b062-c0a5-dbf839ac97e9;CD:E6:D3:07;0;AVIÁRIO MEIO;809,00;05/12/2025;04:00:40;20;1283-20
CO2;1283;CT-CO2-0;1f94f8ad-7171-b062-c0a5-dbf839ac97e9;CD:E6:D3:07;0;AVIÁRIO MEIO;763,00;05/12/2025;04:06:12;20;1283-20
CO2;1283;CT-CO2-0;1f94f8ad-7171-b062-c0a5-dbf839ac97e9;CD:E6:D3:07;0;AVIÁRIO MEIO;738,00;05/12/2025;04:11:44;20;1283-20
CO2;1283;CT-CO2-0;1f94f8ad-7171-b062-c0a5-dbf839ac97e9;CD:E6:D3:07;0;AVIÁRIO MEIO;691,00;05/12/2025;04:17:18;20;1283-20
CO2;1283;CT-CO2-0;1f94f8ad-7171-b062-c0a5-dbf839ac97e9;CD:E6:D3:07;0;AVIÁRIO MEIO;716,00;05/12/2025;04:22:20;20;1283-20
CO2;1283;CT-CO2-0;1f94f8ad-7171-b062-c0a5-dbf839ac97e9;CD:E6:D3:07;0;AVIÁRIO MEIO;1.159,00;05/12/2025;04:27:52;20;1283-20
CO2;1283;CT-CO2-0;1f94f8ad-7171-b062-c0a5-dbf839ac97e9;CD:E6:D3:07;0;AVIÁRIO MEIO;806,00;05/12/2025;04:32:55;20;1283-20
CO2;1283;CT-CO2-0;1f94f8ad-7171-b062-c0a5-dbf839ac97e9;CD:E6:D3:07;0;AVIÁRIO MEIO;786,00;05/12/2025;04:38:27;20;1283-20
CO2;1283;CT-CO2-0;1f94f8ad-7171-b062-c0a5-dbf839ac97e9;CD:E6:D3:07;0;AVIÁRIO MEIO;795,00;05/12/2025;04:43:59;20;1283-20
CO2;1283;CT-CO2-0;1f94f8ad-7171-b062-c0a5-dbf839ac97e9;CD:E6:D3:07;0;AVIÁRIO MEIO;770,00;05/12/2025;04:49:01;20;1283-20
CO2;1283;CT-CO2-0;1f94f8ad-7171-b062-c0a5-dbf839ac97e9;CD:E6:D3:07;0;AVIÁRIO MEIO;827,00;05/12/2025;04:54:34;20;1283-20
CO2;1283;CT-CO2-0;1f94f8ad-7171-b062-c0a5-dbf839ac97e9;CD:E6:D3:07;0;AVIÁRIO MEIO;913,00;05/12/2025;05:00:05;20;1283-20
CO2;1283;CT-CO2-0;1f94f8ad-7171-b062-c0a5-dbf839ac97e9;CD:E6:D3:07;0;AVIÁRIO MEIO;857,00;05/12/2025;05:05:37;20;1283-20
CO2;1283;CT-CO2-0;1f94f8ad-7171-b062-c0a5-dbf839ac97e9;CD:E6:D3:07;0;AVIÁRIO MEIO;893,00;05/12/2025;05:10:39;20;1283-20
CO2;1283;CT-CO2-0;1f94f8ad-7171-b062-c0a5-dbf839ac97e9;CD:E6:D3:07;0;AVIÁRIO MEIO;897,00;05/12/2025;05:16:12;20;1283-20
CO2;1283;CT-CO2-0;1f94f8ad-7171-b062-c0a5-dbf839ac97e9;CD:E6:D3:07;0;AVIÁRIO MEIO;850,00;05/12/2025;05:21:44;20;1283-20
CO2;1283;CT-CO2-0;1f94f8ad-7171-b062-c0a5-dbf839ac97e9;CD:E6:D3:07;0;AVIÁRIO MEIO;861,00;05/12/2025;05:27:17;20;1283-20
CO2;1283;CT-CO2-0;1f94f8ad-7171-b062-c0a5-dbf839ac97e9;CD:E6:D3:07;0;AVIÁRIO MEIO;844,00;05/12/2025;05:32:19;20;1283-20
CO2;1283;CT-CO2-0;1f94f8ad-7171-b062-c0a5-dbf839ac97e9;CD:E6:D3:07;0;AVIÁRIO MEIO;850,00;05/12/2025;05:37:51;20;1283-20
CO2;1283;CT-CO2-0;1f94f8ad-7171-b062-c0a5-dbf839ac97e9;CD:E6:D3:07;0;AVIÁRIO MEIO;848,00;05/12/2025;05:42:53;20;1283-20
CO2;1283;CT-CO2-0;1f94f8ad-7171-b062-c0a5-dbf839ac97e9;CD:E6:D3:07;0;AVIÁRIO MEIO;830,00;05/12/2025;05:48:26;20;1283-20
CO2;1283;CT-CO2-0;1f94f8ad-7171-b062-c0a5-dbf839ac97e9;CD:E6:D3:07;0;AVIÁRIO MEIO;841,00;05/12/2025;05:53:58;20;1283-20
CO2;1283;CT-CO2-0;1f94f8ad-7171-b062-c0a5-dbf839ac97e9;CD:E6:D3:07;0;AVIÁRIO MEIO;826,00;05/12/2025;05:59:00;20;1283-20
CO2;1283;CT-CO2-0;1f94f8ad-7171-b062-c0a5-dbf839ac97e9;CD:E6:D3:07;0;AVIÁRIO MEIO;805,00;05/12/2025;06:04:32;20;1283-20
CO2;1283;CT-CO2-0;1f94f8ad-7171-b062-c0a5-dbf839ac97e9;CD:E6:D3:07;0;AVIÁRIO MEIO;861,00;05/12/2025;06:10:04;20;1283-20
CO2;1283;CT-CO2-0;1f94f8ad-7171-b062-c0a5-dbf839ac97e9;CD:E6:D3:07;0;AVIÁRIO MEIO;847,00;05/12/2025;06:15:07;20;1283-20
CO2;1283;CT-CO2-0;1f94f8ad-7171-b062-c0a5-dbf839ac97e9;CD:E6:D3:07;0;AVIÁRIO MEIO;788,00;05/12/2025;06:20:41;20;1283-20
CO2;1283;CT-CO2-0;1f94f8ad-7171-b062-c0a5-dbf839ac97e9;CD:E6:D3:07;0;AVIÁRIO MEIO;762,00;05/12/2025;06:26:13;20;1283-20
CO2;1283;CT-CO2-0;1f94f8ad-7171-b062-c0a5-dbf839ac97e9;CD:E6:D3:07;0;AVIÁRIO MEIO;723,00;05/12/2025;06:31:14;20;1283-20
CO2;1283;CT-CO2-0;1f94f8ad-7171-b062-c0a5-dbf839ac97e9;CD:E6:D3:07;0;AVIÁRIO MEIO;781,00;05/12/2025;06:37:19;20;1283-20
CO2;1283;CT-CO2-0;1f94f8ad-7171-b062-c0a5-dbf839ac97e9;CD:E6:D3:07;0;AVIÁRIO MEIO;725,00;05/12/2025;06:42:21;20;1283-20
CO2;1283;CT-CO2-0;1f94f8ad-7171-b062-c0a5-dbf839ac97e9;CD:E6:D3:07;0;AVIÁRIO MEIO;724,00;05/12/2025;06:47:25;20;1283-20
CO2;1283;CT-CO2-0;1f94f8ad-7171-b062-c0a5-dbf839ac97e9;CD:E6:D3:07;0;AVIÁRIO MEIO;692,00;05/12/2025;06:52:57;20;1283-20
CO2;1283;CT-CO2-0;1f94f8ad-7171-b062-c0a5-dbf839ac97e9;CD:E6:D3:07;0;AVIÁRIO MEIO;672,00;05/12/2025;06:58:30;20;1283-20
CO2;1283;CT-CO2-0;1f94f8ad-7171-b062-c0a5-dbf839ac97e9;CD:E6:D3:07;0;AVIÁRIO MEIO;653,00;05/12/2025;07:03:33;20;1283-20
CO2;1283;CT-CO2-0;1f94f8ad-7171-b062-c0a5-dbf839ac97e9;CD:E6:D3:07;0;AVIÁRIO MEIO;639,00;05/12/2025;07:09:06;20;1283-20
CO2;1283;CT-CO2-0;1f94f8ad-7171-b062-c0a5-dbf839ac97e9;CD:E6:D3:07;0;AVIÁRIO MEIO;639,00;05/12/2025;07:14:09;20;1283-20
CO2;1283;CT-CO2-0;1f94f8ad-7171-b062-c0a5-dbf839ac97e9;CD:E6:D3:07;0;AVIÁRIO MEIO;631,00;05/12/2025;07:19:41;20;1283-20
CO2;1283;CT-CO2-0;1f94f8ad-7171-b062-c0a5-dbf839ac97e9;CD:E6:D3:07;0;AVIÁRIO MEIO;612,00;05/12/2025;07:25:12;20;1283-20
CO2;1283;CT-CO2-0;1f94f8ad-7171-b062-c0a5-dbf839ac97e9;CD:E6:D3:07;0;AVIÁRIO MEIO;613,00;05/12/2025;07:30:43;20;1283-20
CO2;1283;CT-CO2-0;1f94f8ad-7171-b062-c0a5-dbf839ac97e9;CD:E6:D3:07;0;AVIÁRIO MEIO;611,00;05/12/2025;07:35:47;20;1283-20
CO2;1283;CT-CO2-0;1f94f8ad-7171-b062-c0a5-dbf839ac97e9;CD:E6:D3:07;0;AVIÁRIO MEIO;597,00;05/12/2025;07:41:20;20;1283-20
CO2;1283;CT-CO2-0;1f94f8ad-7171-b062-c0a5-dbf839ac97e9;CD:E6:D3:07;0;AVIÁRIO MEIO;580,00;05/12/2025;07:46:53;20;1283-20
CO2;1283;CT-CO2-0;1f94f8ad-7171-b062-c0a5-dbf839ac97e9;CD:E6:D3:07;0;AVIÁRIO MEIO;581,00;05/12/2025;07:51:54;20;1283-20
CO2;1283;CT-CO2-0;1f94f8ad-7171-b062-c0a5-dbf839ac97e9;CD:E6:D3:07;0;AVIÁRIO MEIO;583,00;05/12/2025;07:57:27;20;1283-20
CO2;1283;CT-CO2-0;1f94f8ad-7171-b062-c0a5-dbf839ac97e9;CD:E6:D3:07;0;AVIÁRIO MEIO;566,00;05/12/2025;08:03:00;20;1283-20
CO2;1283;CT-CO2-0;1f94f8ad-7171-b062-c0a5-dbf839ac97e9;CD:E6:D3:07;0;AVIÁRIO MEIO;578,00;05/12/2025;08:08:01;20;1283-20
CO2;1283;CT-CO2-0;1f94f8ad-7171-b062-c0a5-dbf839ac97e9;CD:E6:D3:07;0;AVIÁRIO MEIO;564,00;05/12/2025;08:13:35;20;1283-20
CO2;1283;CT-CO2-0;1f94f8ad-7171-b062-c0a5-dbf839ac97e9;CD:E6:D3:07;0;AVIÁRIO MEIO;578,00;05/12/2025;08:19:07;20;1283-20
CO2;1283;CT-CO2-0;1f94f8ad-7171-b062-c0a5-dbf839ac97e9;CD:E6:D3:07;0;AVIÁRIO MEIO;556,00;05/12/2025;08:24:08;20;1283-20
CO2;1283;CT-CO2-0;1f94f8ad-7171-b062-c0a5-dbf839ac97e9;CD:E6:D3:07;0;AVIÁRIO MEIO;560,00;05/12/2025;08:29:40;20;1283-20
CO2;1283;CT-CO2-0;1f94f8ad-7171-b062-c0a5-dbf839ac97e9;CD:E6:D3:07;0;AVIÁRIO MEIO;559,00;05/12/2025;08:35:12;20;1283-20
CO2;1283;CT-CO2-0;1f94f8ad-7171-b062-c0a5-dbf839ac97e9;CD:E6:D3:07;0;AVIÁRIO MEIO;564,00;05/12/2025;08:40:14;20;1283-20
CO2;1283;CT-CO2-0;1f94f8ad-7171-b062-c0a5-dbf839ac97e9;CD:E6:D3:07;0;AVIÁRIO MEIO;557,00;05/12/2025;08:45:46;20;1283-20
CO2;1283;CT-CO2-0;1f94f8ad-7171-b062-c0a5-dbf839ac97e9;CD:E6:D3:07;0;AVIÁRIO MEIO;562,00;05/12/2025;08:51:18;20;1283-20
CO2;1283;CT-CO2-0;1f94f8ad-7171-b062-c0a5-dbf839ac97e9;CD:E6:D3:07;0;AVIÁRIO MEIO;565,00;05/12/2025;08:56:51;20;1283-20
CO2;1283;CT-CO2-0;1f94f8ad-7171-b062-c0a5-dbf839ac97e9;CD:E6:D3:07;0;AVIÁRIO MEIO;548,00;05/12/2025;09:01:53;20;1283-20
CO2;1283;CT-CO2-0;1f94f8ad-7171-b062-c0a5-dbf839ac97e9;CD:E6:D3:07;0;AVIÁRIO MEIO;566,00;05/12/2025;09:07:25;20;1283-20
CO2;1283;CT-CO2-0;1f94f8ad-7171-b062-c0a5-dbf839ac97e9;CD:E6:D3:07;0;AVIÁRIO MEIO;555,00;05/12/2025;09:12:27;20;1283-20
CO2;1283;CT-CO2-0;1f94f8ad-7171-b062-c0a5-dbf839ac97e9;CD:E6:D3:07;0;AVIÁRIO MEIO;553,00;05/12/2025;09:18:01;20;1283-20
CO2;1283;CT-CO2-0;1f94f8ad-7171-b062-c0a5-dbf839ac97e9;CD:E6:D3:07;0;AVIÁRIO MEIO;555,00;05/12/2025;09:23:33;20;1283-20
CO2;1283;CT-CO2-0;1f94f8ad-7171-b062-c0a5-dbf839ac97e9;CD:E6:D3:07;0;AVIÁRIO MEIO;538,00;05/12/2025;09:28:35;20;1283-20
CO2;1283;CT-CO2-0;1f94f8ad-7171-b062-c0a5-dbf839ac97e9;CD:E6:D3:07;0;AVIÁRIO MEIO;534,00;05/12/2025;09:34:08;20;1283-20
CO2;1283;CT-CO2-0;1f94f8ad-7171-b062-c0a5-dbf839ac97e9;CD:E6:D3:07;0;AVIÁRIO MEIO;542,00;05/12/2025;09:39:39;20;1283-20
CO2;1283;CT-CO2-0;1f94f8ad-7171-b062-c0a5-dbf839ac97e9;CD:E6:D3:07;0;AVIÁRIO MEIO;556,00;05/12/2025;09:44:41;20;1283-20
CO2;1283;CT-CO2-0;1f94f8ad-7171-b062-c0a5-dbf839ac97e9;CD:E6:D3:07;0;AVIÁRIO MEIO;545,00;05/12/2025;09:50:13;20;1283-20
CO2;1283;CT-CO2-0;1f94f8ad-7171-b062-c0a5-dbf839ac97e9;CD:E6:D3:07;0;AVIÁRIO MEIO;563,00;05/12/2025;09:55:45;20;1283-20
CO2;1283;CT-CO2-0;1f94f8ad-7171-b062-c0a5-dbf839ac97e9;CD:E6:D3:07;0;AVIÁRIO MEIO;543,00;05/12/2025;10:00:47;20;1283-20
CO2;1283;CT-CO2-0;1f94f8ad-7171-b062-c0a5-dbf839ac97e9;CD:E6:D3:07;0;AVIÁRIO MEIO;540,00;05/12/2025;10:06:51;20;1283-20
CO2;1283;CT-CO2-0;1f94f8ad-7171-b062-c0a5-dbf839ac97e9;CD:E6:D3:07;0;AVIÁRIO MEIO;540,00;05/12/2025;10:11:56;20;1283-20
CO2;1283;CT-CO2-0;1f94f8ad-7171-b062-c0a5-dbf839ac97e9;CD:E6:D3:07;0;AVIÁRIO MEIO;535,00;05/12/2025;10:16:58;20;1283-20
CO2;1283;CT-CO2-0;1f94f8ad-7171-b062-c0a5-dbf839ac97e9;CD:E6:D3:07;0;AVIÁRIO MEIO;543,00;05/12/2025;10:22:30;20;1283-20
CO2;1283;CT-CO2-0;1f94f8ad-7171-b062-c0a5-dbf839ac97e9;CD:E6:D3:07;0;AVIÁRIO MEIO;581,00;05/12/2025;10:28:01;20;1283-20
CO2;1283;CT-CO2-0;1f94f8ad-7171-b062-c0a5-dbf839ac97e9;CD:E6:D3:07;0;AVIÁRIO MEIO;520,00;05/12/2025;10:33:04;20;1283-20
CO2;1283;CT-CO2-0;1f94f8ad-7171-b062-c0a5-dbf839ac97e9;CD:E6:D3:07;0;AVIÁRIO MEIO;537,00;05/12/2025;10:38:36;20;1283-20
CO2;1283;CT-CO2-0;1f94f8ad-7171-b062-c0a5-dbf839ac97e9;CD:E6:D3:07;0;AVIÁRIO MEIO;534,00;05/12/2025;10:44:08;20;1283-20
CO2;1283;CT-CO2-0;1f94f8ad-7171-b062-c0a5-dbf839ac97e9;CD:E6:D3:07;0;AVIÁRIO MEIO;542,00;05/12/2025;10:49:40;20;1283-20
CO2;1283;CT-CO2-0;1f94f8ad-7171-b062-c0a5-dbf839ac97e9;CD:E6:D3:07;0;AVIÁRIO MEIO;531,00;05/12/2025;10:54:43;20;1283-20
CO2;1283;CT-CO2-0;1f94f8ad-7171-b062-c0a5-dbf839ac97e9;CD:E6:D3:07;0;AVIÁRIO MEIO;531,00;05/12/2025;11:00:14;20;1283-20
CO2;1283;CT-CO2-0;1f94f8ad-7171-b062-c0a5-dbf839ac97e9;CD:E6:D3:07;0;AVIÁRIO MEIO;522,00;05/12/2025;11:05:48;20;1283-20
CO2;1283;CT-CO2-0;1f94f8ad-7171-b062-c0a5-dbf839ac97e9;CD:E6:D3:07;0;AVIÁRIO MEIO;534,00;05/12/2025;11:10:56;20;1283-20
CO2;1283;CT-CO2-0;1f94f8ad-7171-b062-c0a5-dbf839ac97e9;CD:E6:D3:07;0;AVIÁRIO MEIO;535,00;05/12/2025;11:17:00;20;1283-20
CO2;1283;CT-CO2-0;1f94f8ad-7171-b062-c0a5-dbf839ac97e9;CD:E6:D3:07;0;AVIÁRIO MEIO;533,00;05/12/2025;11:21:32;20;1283-20
CO2;1283;CT-CO2-0;1f94f8ad-7171-b062-c0a5-dbf839ac97e9;CD:E6:D3:07;0;AVIÁRIO MEIO;527,00;05/12/2025;11:27:04;20;1283-20
CO2;1283;CT-CO2-0;1f94f8ad-7171-b062-c0a5-dbf839ac97e9;CD:E6:D3:07;0;AVIÁRIO MEIO;537,00;05/12/2025;11:32:37;20;1283-20
CO2;1283;CT-CO2-0;1f94f8ad-7171-b062-c0a5-dbf839ac97e9;CD:E6:D3:07;0;AVIÁRIO MEIO;536,00;05/12/2025;11:37:40;20;1283-20
CO2;1283;CT-CO2-0;1f94f8ad-7171-b062-c0a5-dbf839ac97e9;CD:E6:D3:07;0;AVIÁRIO MEIO;531,00;05/12/2025;11:43:12;20;1283-20
CO2;1283;CT-CO2-0;1f94f8ad-7171-b062-c0a5-dbf839ac97e9;CD:E6:D3:07;0;AVIÁRIO MEIO;523,00;05/12/2025;11:48:44;20;1283-20
CO2;1283;CT-CO2-0;1f94f8ad-7171-b062-c0a5-dbf839ac97e9;CD:E6:D3:07;0;AVIÁRIO MEIO;531,00;05/12/2025;11:53:52;20;1283-20
CO2;1283;CT-CO2-0;1f94f8ad-7171-b062-c0a5-dbf839ac97e9;CD:E6:D3:07;0;AVIÁRIO MEIO;519,00;05/12/2025;11:59:24;20;1283-20
CO2;1283;CT-CO2-0;1f94f8ad-7171-b062-c0a5-dbf839ac97e9;CD:E6:D3:07;0;AVIÁRIO MEIO;528,00;05/12/2025;12:04:56;20;1283-20
CO2;1283;CT-CO2-0;1f94f8ad-7171-b062-c0a5-dbf839ac97e9;CD:E6:D3:07;0;AVIÁRIO MEIO;527,00;05/12/2025;12:09:58;20;1283-20
CO2;1283;CT-CO2-0;1f94f8ad-7171-b062-c0a5-dbf839ac97e9;CD:E6:D3:07;0;AVIÁRIO MEIO;512,00;05/12/2025;12:15:30;20;1283-20
CO2;1283;CT-CO2-0;1f94f8ad-7171-b062-c0a5-dbf839ac97e9;CD:E6:D3:07;0;AVIÁRIO MEIO;531,00;05/12/2025;12:21:02;20;1283-20
CO2;1283;CT-CO2-0;1f94f8ad-7171-b062-c0a5-dbf839ac97e9;CD:E6:D3:07;0;AVIÁRIO MEIO;535,00;05/12/2025;12:26:36;20;1283-20
CO2;1283;CT-CO2-0;1f94f8ad-7171-b062-c0a5-dbf839ac97e9;CD:E6:D3:07;0;AVIÁRIO MEIO;526,00;05/12/2025;12:31:38;20;1283-20
CO2;1283;CT-CO2-0;1f94f8ad-7171-b062-c0a5-dbf839ac97e9;CD:E6:D3:07;0;AVIÁRIO MEIO;528,00;05/12/2025;12:37:10;20;1283-20
CO2;1283;CT-CO2-0;1f94f8ad-7171-b062-c0a5-dbf839ac97e9;CD:E6:D3:07;0;AVIÁRIO MEIO;526,00;05/12/2025;12:42:13;20;1283-20
CO2;1283;CT-CO2-0;1f94f8ad-7171-b062-c0a5-dbf839ac97e9;CD:E6:D3:07;0;AVIÁRIO MEIO;523,00;05/12/2025;12:47:45;20;1283-20
CO2;1283;CT-CO2-0;1f94f8ad-7171-b062-c0a5-dbf839ac97e9;CD:E6:D3:07;0;AVIÁRIO MEIO;525,00;05/12/2025;12:53:17;20;1283-20
CO2;1283;CT-CO2-0;1f94f8ad-7171-b062-c0a5-dbf839ac97e9;CD:E6:D3:07;0;AVIÁRIO MEIO;530,00;05/12/2025;12:58:19;20;1283-20
CO2;1283;CT-CO2-0;1f94f8ad-7171-b062-c0a5-dbf839ac97e9;CD:E6:D3:07;0;AVIÁRIO MEIO;533,00;05/12/2025;13:03:51;20;1283-20
CO2;1283;CT-CO2-0;1f94f8ad-7171-b062-c0a5-dbf839ac97e9;CD:E6:D3:07;0;AVIÁRIO MEIO;523,00;05/12/2025;13:09:23;20;1283-20
CO2;1283;CT-CO2-0;1f94f8ad-7171-b062-c0a5-dbf839ac97e9;CD:E6:D3:07;0;AVIÁRIO MEIO;515,00;05/12/2025;13:14:24;20;1283-20
CO2;1283;CT-CO2-0;1f94f8ad-7171-b062-c0a5-dbf839ac97e9;CD:E6:D3:07;0;AVIÁRIO MEIO;519,00;05/12/2025;13:19:57;20;1283-20
CO2;1283;CT-CO2-0;1f94f8ad-7171-b062-c0a5-dbf839ac97e9;CD:E6:D3:07;0;AVIÁRIO MEIO;520,00;05/12/2025;13:25:29;20;1283-20
CO2;1283;CT-CO2-0;1f94f8ad-7171-b062-c0a5-dbf839ac97e9;CD:E6:D3:07;0;AVIÁRIO MEIO;528,00;05/12/2025;13:30:30;20;1283-20
CO2;1283;CT-CO2-0;1f94f8ad-7171-b062-c0a5-dbf839ac97e9;CD:E6:D3:07;0;AVIÁRIO MEIO;519,00;05/12/2025;13:36:33;20;1283-20
CO2;1283;CT-CO2-0;1f94f8ad-7171-b062-c0a5-dbf839ac97e9;CD:E6:D3:07;0;AVIÁRIO MEIO;507,00;05/12/2025;13:41:40;20;1283-20
CO2;1283;CT-CO2-0;1f94f8ad-7171-b062-c0a5-dbf839ac97e9;CD:E6:D3:07;0;AVIÁRIO MEIO;527,00;05/12/2025;13:46:43;20;1283-20
CO2;1283;CT-CO2-0;1f94f8ad-7171-b062-c0a5-dbf839ac97e9;CD:E6:D3:07;0;AVIÁRIO MEIO;519,00;05/12/2025;13:52:15;20;1283-20
CO2;1283;CT-CO2-0;1f94f8ad-7171-b062-c0a5-dbf839ac97e9;CD:E6:D3:07;0;AVIÁRIO MEIO;527,00;05/12/2025;13:57:48;20;1283-20
CO2;1283;CT-CO2-0;1f94f8ad-7171-b062-c0a5-dbf839ac97e9;CD:E6:D3:07;0;AVIÁRIO MEIO;519,00;05/12/2025;14:02:49;20;1283-20
CO2;1283;CT-CO2-0;1f94f8ad-7171-b062-c0a5-dbf839ac97e9;CD:E6:D3:07;0;AVIÁRIO MEIO;521,00;05/12/2025;14:08:21;20;1283-20
CO2;1283;CT-CO2-0;1f94f8ad-7171-b062-c0a5-dbf839ac97e9;CD:E6:D3:07;0;AVIÁRIO MEIO;525,00;05/12/2025;14:13:54;20;1283-20
CO2;1283;CT-CO2-0;1f94f8ad-7171-b062-c0a5-dbf839ac97e9;CD:E6:D3:07;0;AVIÁRIO MEIO;513,00;05/12/2025;14:18:56;20;1283-20
CO2;1283;CT-CO2-0;1f94f8ad-7171-b062-c0a5-dbf839ac97e9;CD:E6:D3:07;0;AVIÁRIO MEIO;528,00;05/12/2025;14:24:28;20;1283-20
CO2;1283;CT-CO2-0;1f94f8ad-7171-b062-c0a5-dbf839ac97e9;CD:E6:D3:07;0;AVIÁRIO MEIO;526,00;05/12/2025;14:29:59;20;1283-20
CO2;1283;CT-CO2-0;1f94f8ad-7171-b062-c0a5-dbf839ac97e9;CD:E6:D3:07;0;AVIÁRIO MEIO;518,00;05/12/2025;14:35:01;20;1283-20
CO2;1283;CT-CO2-0;1f94f8ad-7171-b062-c0a5-dbf839ac97e9;CD:E6:D3:07;0;AVIÁRIO MEIO;529,00;05/12/2025;14:40:33;20;1283-20
CO2;1283;CT-CO2-0;1f94f8ad-7171-b062-c0a5-dbf839ac97e9;CD:E6:D3:07;0;AVIÁRIO MEIO;528,00;05/12/2025;14:46:37;20;1283-20
CO2;1283;CT-CO2-0;1f94f8ad-7171-b062-c0a5-dbf839ac97e9;CD:E6:D3:07;0;AVIÁRIO MEIO;508,00;05/12/2025;14:51:09;20;1283-20
CO2;1283;CT-CO2-0;1f94f8ad-7171-b062-c0a5-dbf839ac97e9;CD:E6:D3:07;0;AVIÁRIO MEIO;509,00;05/12/2025;14:56:40;20;1283-20
CO2;1283;CT-CO2-0;1f94f8ad-7171-b062-c0a5-dbf839ac97e9;CD:E6:D3:07;0;AVIÁRIO MEIO;507,00;05/12/2025;15:02:14;20;1283-20
CO2;1283;CT-CO2-0;1f94f8ad-7171-b062-c0a5-dbf839ac97e9;CD:E6:D3:07;0;AVIÁRIO MEIO;516,00;05/12/2025;15:07:46;20;1283-20
CO2;1283;CT-CO2-0;1f94f8ad-7171-b062-c0a5-dbf839ac97e9;CD:E6:D3:07;0;AVIÁRIO MEIO;520,00;05/12/2025;15:12:47;20;1283-20
CO2;1283;CT-CO2-0;1f94f8ad-7171-b062-c0a5-dbf839ac97e9;CD:E6:D3:07;0;AVIÁRIO MEIO;501,00;05/12/2025;15:18:19;20;1283-20
CO2;1283;CT-CO2-0;1f94f8ad-7171-b062-c0a5-dbf839ac97e9;CD:E6:D3:07;0;AVIÁRIO MEIO;511,00;05/12/2025;15:23:52;20;1283-20
CO2;1283;CT-CO2-0;1f94f8ad-7171-b062-c0a5-dbf839ac97e9;CD:E6:D3:07;0;AVIÁRIO MEIO;514,00;05/12/2025;15:28:54;20;1283-20
CO2;1283;CT-CO2-0;1f94f8ad-7171-b062-c0a5-dbf839ac97e9;CD:E6:D3:07;0;AVIÁRIO MEIO;510,00;05/12/2025;15:34:27;20;1283-20
CO2;1283;CT-CO2-0;1f94f8ad-7171-b062-c0a5-dbf839ac97e9;CD:E6:D3:07;0;AVIÁRIO MEIO;516,00;05/12/2025;15:39:59;20;1283-20
CO2;1283;CT-CO2-0;1f94f8ad-7171-b062-c0a5-dbf839ac97e9;CD:E6:D3:07;0;AVIÁRIO MEIO;502,00;05/12/2025;15:45:01;20;1283-20
CO2;1283;CT-CO2-0;1f94f8ad-7171-b062-c0a5-dbf839ac97e9;CD:E6:D3:07;0;AVIÁRIO MEIO;521,00;05/12/2025;15:50:33;20;1283-20
CO2;1283;CT-CO2-0;1f94f8ad-7171-b062-c0a5-dbf839ac97e9;CD:E6:D3:07;0;AVIÁRIO MEIO;511,00;05/12/2025;15:56:37;20;1283-20
CO2;1283;CT-CO2-0;1f94f8ad-7171-b062-c0a5-dbf839ac97e9;CD:E6:D3:07;0;AVIÁRIO MEIO;513,00;05/12/2025;16:01:08;20;1283-20
CO2;1283;CT-CO2-0;1f94f8ad-7171-b062-c0a5-dbf839ac97e9;CD:E6:D3:07;0;AVIÁRIO MEIO;509,00;05/12/2025;16:06:40;20;1283-20
CO2;1283;CT-CO2-0;1f94f8ad-7171-b062-c0a5-dbf839ac97e9;CD:E6:D3:07;0;AVIÁRIO MEIO;511,00;05/12/2025;16:12:15;20;1283-20
CO2;1283;CT-CO2-0;1f94f8ad-7171-b062-c0a5-dbf839ac97e9;CD:E6:D3:07;0;AVIÁRIO MEIO;524,00;05/12/2025;16:17:18;20;1283-20
CO2;1283;CT-CO2-0;1f94f8ad-7171-b062-c0a5-dbf839ac97e9;CD:E6:D3:07;0;AVIÁRIO MEIO;516,00;05/12/2025;16:22:50;20;1283-20
CO2;1283;CT-CO2-0;1f94f8ad-7171-b062-c0a5-dbf839ac97e9;CD:E6:D3:07;0;AVIÁRIO MEIO;504,00;05/12/2025;16:28:21;20;1283-20
CO2;1283;CT-CO2-0;1f94f8ad-7171-b062-c0a5-dbf839ac97e9;CD:E6:D3:07;0;AVIÁRIO MEIO;515,00;05/12/2025;16:33:23;20;1283-20
CO2;1283;CT-CO2-0;1f94f8ad-7171-b062-c0a5-dbf839ac97e9;CD:E6:D3:07;0;AVIÁRIO MEIO;504,00;05/12/2025;16:38:55;20;1283-20
CO2;1283;CT-CO2-0;1f94f8ad-7171-b062-c0a5-dbf839ac97e9;CD:E6:D3:07;0;AVIÁRIO MEIO;533,00;05/12/2025;16:44:27;20;1283-20
CO2;1283;CT-CO2-0;1f94f8ad-7171-b062-c0a5-dbf839ac97e9;CD:E6:D3:07;0;AVIÁRIO MEIO;521,00;05/12/2025;16:49:29;20;1283-20
CO2;1283;CT-CO2-0;1f94f8ad-7171-b062-c0a5-dbf839ac97e9;CD:E6:D3:07;0;AVIÁRIO MEIO;526,00;05/12/2025;16:55:02;20;1283-20
CO2;1283;CT-CO2-0;1f94f8ad-7171-b062-c0a5-dbf839ac97e9;CD:E6:D3:07;0;AVIÁRIO MEIO;531,00;05/12/2025;17:00:38;20;1283-20
CO2;1283;CT-CO2-0;1f94f8ad-7171-b062-c0a5-dbf839ac97e9;CD:E6:D3:07;0;AVIÁRIO MEIO;537,00;05/12/2025;17:06:11;20;1283-20
CO2;1283;CT-CO2-0;1f94f8ad-7171-b062-c0a5-dbf839ac97e9;CD:E6:D3:07;0;AVIÁRIO MEIO;535,00;05/12/2025;17:11:13;20;1283-20
CO2;1283;CT-CO2-0;1f94f8ad-7171-b062-c0a5-dbf839ac97e9;CD:E6:D3:07;0;AVIÁRIO MEIO;516,00;05/12/2025;17:16:45;20;1283-20
CO2;1283;CT-CO2-0;1f94f8ad-7171-b062-c0a5-dbf839ac97e9;CD:E6:D3:07;0;AVIÁRIO MEIO;517,00;05/12/2025;17:21:47;20;1283-20
CO2;1283;CT-CO2-0;1f94f8ad-7171-b062-c0a5-dbf839ac97e9;CD:E6:D3:07;0;AVIÁRIO MEIO;525,00;05/12/2025;17:27:18;20;1283-20
CO2;1283;CT-CO2-0;1f94f8ad-7171-b062-c0a5-dbf839ac97e9;CD:E6:D3:07;0;AVIÁRIO MEIO;512,00;05/12/2025;17:32:51;20;1283-20
CO2;1283;CT-CO2-0;1f94f8ad-7171-b062-c0a5-dbf839ac97e9;CD:E6:D3:07;0;AVIÁRIO MEIO;510,00;05/12/2025;17:37:58;20;1283-20
CO2;1283;CT-CO2-0;1f94f8ad-7171-b062-c0a5-dbf839ac97e9;CD:E6:D3:07;0;AVIÁRIO MEIO;518,00;05/12/2025;17:43:29;20;1283-20
CO2;1283;CT-CO2-0;1f94f8ad-7171-b062-c0a5-dbf839ac97e9;CD:E6:D3:07;0;AVIÁRIO MEIO;518,00;05/12/2025;17:49:01;20;1283-20
CO2;1283;CT-CO2-0;1f94f8ad-7171-b062-c0a5-dbf839ac97e9;CD:E6:D3:07;0;AVIÁRIO MEIO;520,00;05/12/2025;17:54:03;20;1283-20
CO2;1283;CT-CO2-0;1f94f8ad-7171-b062-c0a5-dbf839ac97e9;CD:E6:D3:07;0;AVIÁRIO MEIO;524,00;05/12/2025;17:59:35;20;1283-20
CO2;1283;CT-CO2-0;1f94f8ad-7171-b062-c0a5-dbf839ac97e9;CD:E6:D3:07;0;AVIÁRIO MEIO;525,00;05/12/2025;18:05:08;20;1283-20
CO2;1283;CT-CO2-0;1f94f8ad-7171-b062-c0a5-dbf839ac97e9;CD:E6:D3:07;0;AVIÁRIO MEIO;520,00;05/12/2025;18:10:11;20;1283-20
CO2;1283;CT-CO2-0;1f94f8ad-7171-b062-c0a5-dbf839ac97e9;CD:E6:D3:07;0;AVIÁRIO MEIO;525,00;05/12/2025;18:16:15;20;1283-20
CO2;1283;CT-CO2-0;1f94f8ad-7171-b062-c0a5-dbf839ac97e9;CD:E6:D3:07;0;AVIÁRIO MEIO;521,00;05/12/2025;18:21:17;20;1283-20
CO2;1283;CT-CO2-0;1f94f8ad-7171-b062-c0a5-dbf839ac97e9;CD:E6:D3:07;0;AVIÁRIO MEIO;529,00;05/12/2025;18:26:25;20;1283-20
CO2;1283;CT-CO2-0;1f94f8ad-7171-b062-c0a5-dbf839ac97e9;CD:E6:D3:07;0;AVIÁRIO MEIO;532,00;05/12/2025;18:31:58;20;1283-20
CO2;1283;CT-CO2-0;1f94f8ad-7171-b062-c0a5-dbf839ac97e9;CD:E6:D3:07;0;AVIÁRIO MEIO;539,00;05/12/2025;18:37:29;20;1283-20
CO2;1283;CT-CO2-0;1f94f8ad-7171-b062-c0a5-dbf839ac97e9;CD:E6:D3:07;0;AVIÁRIO MEIO;525,00;05/12/2025;18:42:31;20;1283-20
CO2;1283;CT-CO2-0;1f94f8ad-7171-b062-c0a5-dbf839ac97e9;CD:E6:D3:07;0;AVIÁRIO MEIO;537,00;05/12/2025;18:48:03;20;1283-20
CO2;1283;CT-CO2-0;1f94f8ad-7171-b062-c0a5-dbf839ac97e9;CD:E6:D3:07;0;AVIÁRIO MEIO;539,00;05/12/2025;18:53:35;20;1283-20
CO2;1283;CT-CO2-0;1f94f8ad-7171-b062-c0a5-dbf839ac97e9;CD:E6:D3:07;0;AVIÁRIO MEIO;545,00;05/12/2025;18:58:37;20;1283-20
CO2;1283;CT-CO2-0;1f94f8ad-7171-b062-c0a5-dbf839ac97e9;CD:E6:D3:07;0;AVIÁRIO MEIO;540,00;05/12/2025;19:04:09;20;1283-20
CO2;1283;CT-CO2-0;1f94f8ad-7171-b062-c0a5-dbf839ac97e9;CD:E6:D3:07;0;AVIÁRIO MEIO;559,00;05/12/2025;19:09:40;20;1283-20
CO2;1283;CT-CO2-0;1f94f8ad-7171-b062-c0a5-dbf839ac97e9;CD:E6:D3:07;0;AVIÁRIO MEIO;552,00;05/12/2025;19:14:43;20;1283-20
CO2;1283;CT-CO2-0;1f94f8ad-7171-b062-c0a5-dbf839ac97e9;CD:E6:D3:07;0;AVIÁRIO MEIO;563,00;05/12/2025;19:20:16;20;1283-20
CO2;1283;CT-CO2-0;1f94f8ad-7171-b062-c0a5-dbf839ac97e9;CD:E6:D3:07;0;AVIÁRIO MEIO;574,00;05/12/2025;19:26:21;20;1283-20
CO2;1283;CT-CO2-0;1f94f8ad-7171-b062-c0a5-dbf839ac97e9;CD:E6:D3:07;0;AVIÁRIO MEIO;581,00;05/12/2025;19:36:25;20;1283-20
CO2;1283;CT-CO2-0;1f94f8ad-7171-b062-c0a5-dbf839ac97e9;CD:E6:D3:07;0;AVIÁRIO MEIO;583,00;05/12/2025;19:41:57;20;1283-20
CO2;1283;CT-CO2-0;1f94f8ad-7171-b062-c0a5-dbf839ac97e9;CD:E6:D3:07;0;AVIÁRIO MEIO;595,00;05/12/2025;19:46:59;20;1283-20
CO2;1283;CT-CO2-0;1f94f8ad-7171-b062-c0a5-dbf839ac97e9;CD:E6:D3:07;0;AVIÁRIO MEIO;594,00;05/12/2025;19:52:32;20;1283-20
CO2;1283;CT-CO2-0;1f94f8ad-7171-b062-c0a5-dbf839ac97e9;CD:E6:D3:07;0;AVIÁRIO MEIO;594,00;05/12/2025;19:58:04;20;1283-20
CO2;1283;CT-CO2-0;1f94f8ad-7171-b062-c0a5-dbf839ac97e9;CD:E6:D3:07;0;AVIÁRIO MEIO;592,00;05/12/2025;20:03:07;20;1283-20
CO2;1283;CT-CO2-0;1f94f8ad-7171-b062-c0a5-dbf839ac97e9;CD:E6:D3:07;0;AVIÁRIO MEIO;601,00;05/12/2025;20:08:39;20;1283-20
CO2;1283;CT-CO2-0;1f94f8ad-7171-b062-c0a5-dbf839ac97e9;CD:E6:D3:07;0;AVIÁRIO MEIO;603,00;05/12/2025;20:14:10;20;1283-20
CO2;1283;CT-CO2-0;1f94f8ad-7171-b062-c0a5-dbf839ac97e9;CD:E6:D3:07;0;AVIÁRIO MEIO;605,00;05/12/2025;20:19:12;20;1283-20
CO2;1283;CT-CO2-0;1f94f8ad-7171-b062-c0a5-dbf839ac97e9;CD:E6:D3:07;0;AVIÁRIO MEIO;616,00;05/12/2025;20:24:44;20;1283-20
CO2;1283;CT-CO2-0;1f94f8ad-7171-b062-c0a5-dbf839ac97e9;CD:E6:D3:07;0;AVIÁRIO MEIO;620,00;05/12/2025;20:30:16;20;1283-20
CO2;1283;CT-CO2-0;1f94f8ad-7171-b062-c0a5-dbf839ac97e9;CD:E6:D3:07;0;AVIÁRIO MEIO;615,00;05/12/2025;20:40:54;20;1283-20
CO2;1283;CT-CO2-0;1f94f8ad-7171-b062-c0a5-dbf839ac97e9;CD:E6:D3:07;0;AVIÁRIO MEIO;612,00;05/12/2025;20:46:27;20;1283-20
CO2;1283;CT-CO2-0;1f94f8ad-7171-b062-c0a5-dbf839ac97e9;CD:E6:D3:07;0;AVIÁRIO MEIO;614,00;05/12/2025;20:51:29;20;1283-20
CO2;1283;CT-CO2-0;1f94f8ad-7171-b062-c0a5-dbf839ac97e9;CD:E6:D3:07;0;AVIÁRIO MEIO;618,00;05/12/2025;20:57:02;20;1283-20
CO2;1283;CT-CO2-0;1f94f8ad-7171-b062-c0a5-dbf839ac97e9;CD:E6:D3:07;0;AVIÁRIO MEIO;618,00;05/12/2025;21:07:04;20;1283-20
CO2;1283;CT-CO2-0;1f94f8ad-7171-b062-c0a5-dbf839ac97e9;CD:E6:D3:07;0;AVIÁRIO MEIO;612,00;05/12/2025;21:12:05;20;1283-20
CO2;1283;CT-CO2-0;1f94f8ad-7171-b062-c0a5-dbf839ac97e9;CD:E6:D3:07;0;AVIÁRIO MEIO;616,00;05/12/2025;21:17:37;20;1283-20
CO2;1283;CT-CO2-0;1f94f8ad-7171-b062-c0a5-dbf839ac97e9;CD:E6:D3:07;0;AVIÁRIO MEIO;618,00;05/12/2025;21:23:22;20;1283-20
CO2;1283;CT-CO2-0;1f94f8ad-7171-b062-c0a5-dbf839ac97e9;CD:E6:D3:07;0;AVIÁRIO MEIO;612,00;05/12/2025;21:28:26;20;1283-20
CO2;1283;CT-CO2-0;1f94f8ad-7171-b062-c0a5-dbf839ac97e9;CD:E6:D3:07;0;AVIÁRIO MEIO;598,00;05/12/2025;21:33:58;20;1283-20
CO2;1283;CT-CO2-0;1f94f8ad-7171-b062-c0a5-dbf839ac97e9;CD:E6:D3:07;0;AVIÁRIO MEIO;623,00;05/12/2025;21:38:59;20;1283-20
CO2;1283;CT-CO2-0;1f94f8ad-7171-b062-c0a5-dbf839ac97e9;CD:E6:D3:07;0;AVIÁRIO MEIO;628,00;05/12/2025;21:45:09;20;1283-20
CO2;1283;CT-CO2-0;1f94f8ad-7171-b062-c0a5-dbf839ac97e9;CD:E6:D3:07;0;AVIÁRIO MEIO;693,00;05/12/2025;21:49:40;20;1283-20
CO2;1283;CT-CO2-0;1f94f8ad-7171-b062-c0a5-dbf839ac97e9;CD:E6:D3:07;0;AVIÁRIO MEIO;617,00;05/12/2025;21:55:12;20;1283-20
CO2;1283;CT-CO2-0;1f94f8ad-7171-b062-c0a5-dbf839ac97e9;CD:E6:D3:07;0;AVIÁRIO MEIO;598,00;05/12/2025;22:00:45;20;1283-20
CO2;1283;CT-CO2-0;1f94f8ad-7171-b062-c0a5-dbf839ac97e9;CD:E6:D3:07;0;AVIÁRIO MEIO;599,00;05/12/2025;22:05:47;20;1283-20
CO2;1283;CT-CO2-0;1f94f8ad-7171-b062-c0a5-dbf839ac97e9;CD:E6:D3:07;0;AVIÁRIO MEIO;605,00;05/12/2025;22:11:19;20;1283-20
CO2;1283;CT-CO2-0;1f94f8ad-7171-b062-c0a5-dbf839ac97e9;CD:E6:D3:07;0;AVIÁRIO MEIO;592,00;05/12/2025;22:16:52;20;1283-20
CO2;1283;CT-CO2-0;1f94f8ad-7171-b062-c0a5-dbf839ac97e9;CD:E6:D3:07;0;AVIÁRIO MEIO;603,00;05/12/2025;22:21:58;20;1283-20
CO2;1283;CT-CO2-0;1f94f8ad-7171-b062-c0a5-dbf839ac97e9;CD:E6:D3:07;0;AVIÁRIO MEIO;604,00;05/12/2025;22:27:31;20;1283-20
CO2;1283;CT-CO2-0;1f94f8ad-7171-b062-c0a5-dbf839ac97e9;CD:E6:D3:07;0;AVIÁRIO MEIO;610,00;05/12/2025;22:33:04;20;1283-20
CO2;1283;CT-CO2-0;1f94f8ad-7171-b062-c0a5-dbf839ac97e9;CD:E6:D3:07;0;AVIÁRIO MEIO;607,00;05/12/2025;22:38:07;20;1283-20
CO2;1283;CT-CO2-0;1f94f8ad-7171-b062-c0a5-dbf839ac97e9;CD:E6:D3:07;0;AVIÁRIO MEIO;619,00;05/12/2025;22:43:38;20;1283-20
CO2;1283;CT-CO2-0;1f94f8ad-7171-b062-c0a5-dbf839ac97e9;CD:E6:D3:07;0;AVIÁRIO MEIO;610,00;05/12/2025;22:49:10;20;1283-20
CO2;1283;CT-CO2-0;1f94f8ad-7171-b062-c0a5-dbf839ac97e9;CD:E6:D3:07;0;AVIÁRIO MEIO;691,00;05/12/2025;22:54:45;20;1283-20
CO2;1283;CT-CO2-0;1f94f8ad-7171-b062-c0a5-dbf839ac97e9;CD:E6:D3:07;0;AVIÁRIO MEIO;616,00;05/12/2025;22:59:47;20;1283-20
CO2;1283;CT-CO2-0;1f94f8ad-7171-b062-c0a5-dbf839ac97e9;CD:E6:D3:07;0;AVIÁRIO MEIO;602,00;05/12/2025;23:05:20;20;1283-20
CO2;1283;CT-CO2-0;1f94f8ad-7171-b062-c0a5-dbf839ac97e9;CD:E6:D3:07;0;AVIÁRIO MEIO;608,00;05/12/2025;23:10:23;20;1283-20
CO2;1283;CT-CO2-0;1f94f8ad-7171-b062-c0a5-dbf839ac97e9;CD:E6:D3:07;0;AVIÁRIO MEIO;674,00;05/12/2025;23:15:56;20;1283-20
CO2;1283;CT-CO2-0;1f94f8ad-7171-b062-c0a5-dbf839ac97e9;CD:E6:D3:07;0;AVIÁRIO MEIO;610,00;05/12/2025;23:21:28;20;1283-20
CO2;1283;CT-CO2-0;1f94f8ad-7171-b062-c0a5-dbf839ac97e9;CD:E6:D3:07;0;AVIÁRIO MEIO;610,00;05/12/2025;23:26:30;20;1283-20
CO2;1283;CT-CO2-0;1f94f8ad-7171-b062-c0a5-dbf839ac97e9;CD:E6:D3:07;0;AVIÁRIO MEIO;600,00;05/12/2025;23:32:03;20;1283-20
CO2;1283;CT-CO2-0;1f94f8ad-7171-b062-c0a5-dbf839ac97e9;CD:E6:D3:07;0;AVIÁRIO MEIO;605,00;05/12/2025;23:37:35;20;1283-20
CO2;1283;CT-CO2-0;1f94f8ad-7171-b062-c0a5-dbf839ac97e9;CD:E6:D3:07;0;AVIÁRIO MEIO;603,00;05/12/2025;23:42:38;20;1283-20
CO2;1283;CT-CO2-0;1f94f8ad-7171-b062-c0a5-dbf839ac97e9;CD:E6:D3:07;0;AVIÁRIO MEIO;585,00;05/12/2025;23:48:10;20;1283-20
CO2;1283;CT-CO2-0;1f94f8ad-7171-b062-c0a5-dbf839ac97e9;CD:E6:D3:07;0;AVIÁRIO MEIO;588,00;05/12/2025;23:53:42;20;1283-20
CO2;1283;CT-CO2-0;1f94f8ad-7171-b062-c0a5-dbf839ac97e9;CD:E6:D3:07;0;AVIÁRIO MEIO;596,00;05/12/2025;23:58:44;20;1283-20
