sep=;
Grandeza;Coletor;Dispositivo;ID longa;ID curta;Canal;Local;Valor;Data;Hora;Lote;lote_composto
CO2;1282;CT-CO2-0;02938df5-6afb-d44e-582d-0b5eea40f8eb;51:88:0A:9E;0;AVIÁRIO MEIO;5.001,00;24/10/2025;09:14:18;20;1282-20
CO2;1282;CT-CO2-0;02938df5-6afb-d44e-582d-0b5eea40f8eb;51:88:0A:9E;0;AVIÁRIO MEIO;967,00;24/10/2025;09:19:21;20;1282-20
CO2;1282;CT-CO2-0;02938df5-6afb-d44e-582d-0b5eea40f8eb;51:88:0A:9E;0;AVIÁRIO MEIO;937,00;24/10/2025;09:24:54;20;1282-20
CO2;1282;CT-CO2-0;02938df5-6afb-d44e-582d-0b5eea40f8eb;51:88:0A:9E;0;AVIÁRIO MEIO;849,00;24/10/2025;09:30:26;20;1282-20
CO2;1282;CT-CO2-0;02938df5-6afb-d44e-582d-0b5eea40f8eb;51:88:0A:9E;0;AVIÁRIO MEIO;931,00;24/10/2025;09:35:30;20;1282-20
CO2;1282;CT-CO2-0;02938df5-6afb-d44e-582d-0b5eea40f8eb;51:88:0A:9E;0;AVIÁRIO MEIO;1.017,00;24/10/2025;09:41:03;20;1282-20
CO2;1282;CT-CO2-0;02938df5-6afb-d44e-582d-0b5eea40f8eb;51:88:0A:9E;0;AVIÁRIO MEIO;962,00;24/10/2025;09:46:04;20;1282-20
CO2;1282;CT-CO2-0;02938df5-6afb-d44e-582d-0b5eea40f8eb;51:88:0A:9E;0;AVIÁRIO MEIO;894,00;24/10/2025;09:51:38;20;1282-20
CO2;1282;CT-CO2-0;02938df5-6afb-d44e-582d-0b5eea40f8eb;51:88:0A:9E;0;AVIÁRIO MEIO;842,00;24/10/2025;09:57:41;20;1282-20
CO2;1282;CT-CO2-0;02938df5-6afb-d44e-582d-0b5eea40f8eb;51:88:0A:9E;0;AVIÁRIO MEIO;963,00;24/10/2025;10:02:13;20;1282-20
CO2;1282;CT-CO2-0;02938df5-6afb-d44e-582d-0b5eea40f8eb;51:88:0A:9E;0;AVIÁRIO MEIO;907,00;24/10/2025;10:07:46;20;1282-20
CO2;1282;CT-CO2-0;02938df5-6afb-d44e-582d-0b5eea40f8eb;51:88:0A:9E;0;AVIÁRIO MEIO;821,00;24/10/2025;10:13:18;20;1282-20
CO2;1282;CT-CO2-0;02938df5-6afb-d44e-582d-0b5eea40f8eb;51:88:0A:9E;0;AVIÁRIO MEIO;801,00;24/10/2025;10:18:20;20;1282-20
CO2;1282;CT-CO2-0;02938df5-6afb-d44e-582d-0b5eea40f8eb;51:88:0A:9E;0;AVIÁRIO MEIO;742,00;24/10/2025;10:23:53;20;1282-20
CO2;1282;CT-CO2-0;02938df5-6afb-d44e-582d-0b5eea40f8eb;51:88:0A:9E;0;AVIÁRIO MEIO;709,00;24/10/2025;10:29:25;20;1282-20
CO2;1282;CT-CO2-0;02938df5-6afb-d44e-582d-0b5eea40f8eb;51:88:0A:9E;0;AVIÁRIO MEIO;661,00;24/10/2025;10:34:27;20;1282-20
CO2;1282;CT-CO2-0;02938df5-6afb-d44e-582d-0b5eea40f8eb;51:88:0A:9E;0;AVIÁRIO MEIO;636,00;24/10/2025;10:40:02;20;1282-20
CO2;1282;CT-CO2-0;02938df5-6afb-d44e-582d-0b5eea40f8eb;51:88:0A:9E;0;AVIÁRIO MEIO;660,00;24/10/2025;10:45:35;20;1282-20
CO2;1282;CT-CO2-0;02938df5-6afb-d44e-582d-0b5eea40f8eb;51:88:0A:9E;0;AVIÁRIO MEIO;660,00;24/10/2025;10:50:37;20;1282-20
CO2;1282;CT-CO2-0;02938df5-6afb-d44e-582d-0b5eea40f8eb;51:88:0A:9E;0;AVIÁRIO MEIO;663,00;24/10/2025;10:56:10;20;1282-20
CO2;1282;CT-CO2-0;02938df5-6afb-d44e-582d-0b5eea40f8eb;51:88:0A:9E;0;AVIÁRIO MEIO;683,00;24/10/2025;11:01:42;20;1282-20
CO2;1282;CT-CO2-0;02938df5-6afb-d44e-582d-0b5eea40f8eb;51:88:0A:9E;0;AVIÁRIO MEIO;673,00;24/10/2025;11:07:17;20;1282-20
CO2;1282;CT-CO2-0;02938df5-6afb-d44e-582d-0b5eea40f8eb;51:88:0A:9E;0;AVIÁRIO MEIO;665,00;24/10/2025;11:12:19;20;1282-20
CO2;1282;CT-CO2-0;02938df5-6afb-d44e-582d-0b5eea40f8eb;51:88:0A:9E;0;AVIÁRIO MEIO;650,00;24/10/2025;11:17:51;20;1282-20
CO2;1282;CT-CO2-0;02938df5-6afb-d44e-582d-0b5eea40f8eb;51:88:0A:9E;0;AVIÁRIO MEIO;615,00;24/10/2025;11:22:53;20;1282-20
CO2;1282;CT-CO2-0;02938df5-6afb-d44e-582d-0b5eea40f8eb;51:88:0A:9E;0;AVIÁRIO MEIO;577,00;24/10/2025;11:33:32;20;1282-20
CO2;1282;CT-CO2-0;02938df5-6afb-d44e-582d-0b5eea40f8eb;51:88:0A:9E;0;AVIÁRIO MEIO;604,00;24/10/2025;11:39:05;20;1282-20
CO2;1282;CT-CO2-0;02938df5-6afb-d44e-582d-0b5eea40f8eb;51:88:0A:9E;0;AVIÁRIO MEIO;608,00;24/10/2025;11:44:37;20;1282-20
CO2;1282;CT-CO2-0;02938df5-6afb-d44e-582d-0b5eea40f8eb;51:88:0A:9E;0;AVIÁRIO MEIO;658,00;24/10/2025;11:49:39;20;1282-20
CO2;1282;CT-CO2-0;02938df5-6afb-d44e-582d-0b5eea40f8eb;51:88:0A:9E;0;AVIÁRIO MEIO;605,00;24/10/2025;11:55:12;20;1282-20
CO2;1282;CT-CO2-0;02938df5-6afb-d44e-582d-0b5eea40f8eb;51:88:0A:9E;0;AVIÁRIO MEIO;598,00;24/10/2025;12:00:44;20;1282-20
CO2;1282;CT-CO2-0;02938df5-6afb-d44e-582d-0b5eea40f8eb;51:88:0A:9E;0;AVIÁRIO MEIO;588,00;24/10/2025;12:05:46;20;1282-20
CO2;1282;CT-CO2-0;02938df5-6afb-d44e-582d-0b5eea40f8eb;51:88:0A:9E;0;AVIÁRIO MEIO;599,00;24/10/2025;12:11:18;20;1282-20
CO2;1282;CT-CO2-0;02938df5-6afb-d44e-582d-0b5eea40f8eb;51:88:0A:9E;0;AVIÁRIO MEIO;581,00;24/10/2025;12:17:21;20;1282-20
CO2;1282;CT-CO2-0;02938df5-6afb-d44e-582d-0b5eea40f8eb;51:88:0A:9E;0;AVIÁRIO MEIO;581,00;24/10/2025;12:21:52;20;1282-20
CO2;1282;CT-CO2-0;02938df5-6afb-d44e-582d-0b5eea40f8eb;51:88:0A:9E;0;AVIÁRIO MEIO;586,00;24/10/2025;12:27:26;20;1282-20
CO2;1282;CT-CO2-0;02938df5-6afb-d44e-582d-0b5eea40f8eb;51:88:0A:9E;0;AVIÁRIO MEIO;575,00;24/10/2025;12:32:58;20;1282-20
CO2;1282;CT-CO2-0;02938df5-6afb-d44e-582d-0b5eea40f8eb;51:88:0A:9E;0;AVIÁRIO MEIO;559,00;24/10/2025;12:38:00;20;1282-20
CO2;1282;CT-CO2-0;02938df5-6afb-d44e-582d-0b5eea40f8eb;51:88:0A:9E;0;AVIÁRIO MEIO;558,00;24/10/2025;12:43:33;20;1282-20
CO2;1282;CT-CO2-0;02938df5-6afb-d44e-582d-0b5eea40f8eb;51:88:0A:9E;0;AVIÁRIO MEIO;551,00;24/10/2025;12:49:06;20;1282-20
CO2;1282;CT-CO2-0;02938df5-6afb-d44e-582d-0b5eea40f8eb;51:88:0A:9E;0;AVIÁRIO MEIO;564,00;24/10/2025;12:54:08;20;1282-20
CO2;1282;CT-CO2-0;02938df5-6afb-d44e-582d-0b5eea40f8eb;51:88:0A:9E;0;AVIÁRIO MEIO;559,00;24/10/2025;12:59:41;20;1282-20
CO2;1282;CT-CO2-0;02938df5-6afb-d44e-582d-0b5eea40f8eb;51:88:0A:9E;0;AVIÁRIO MEIO;568,00;24/10/2025;13:05:13;20;1282-20
CO2;1282;CT-CO2-0;02938df5-6afb-d44e-582d-0b5eea40f8eb;51:88:0A:9E;0;AVIÁRIO MEIO;566,00;24/10/2025;13:10:15;20;1282-20
CO2;1282;CT-CO2-0;02938df5-6afb-d44e-582d-0b5eea40f8eb;51:88:0A:9E;0;AVIÁRIO MEIO;553,00;24/10/2025;13:15:47;20;1282-20
CO2;1282;CT-CO2-0;02938df5-6afb-d44e-582d-0b5eea40f8eb;51:88:0A:9E;0;AVIÁRIO MEIO;563,00;24/10/2025;13:21:19;20;1282-20
CO2;1282;CT-CO2-0;02938df5-6afb-d44e-582d-0b5eea40f8eb;51:88:0A:9E;0;AVIÁRIO MEIO;549,00;24/10/2025;13:26:51;20;1282-20
CO2;1282;CT-CO2-0;02938df5-6afb-d44e-582d-0b5eea40f8eb;51:88:0A:9E;0;AVIÁRIO MEIO;529,00;24/10/2025;13:31:53;20;1282-20
CO2;1282;CT-CO2-0;02938df5-6afb-d44e-582d-0b5eea40f8eb;51:88:0A:9E;0;AVIÁRIO MEIO;534,00;24/10/2025;13:37:26;20;1282-20
CO2;1282;CT-CO2-0;02938df5-6afb-d44e-582d-0b5eea40f8eb;51:88:0A:9E;0;AVIÁRIO MEIO;548,00;24/10/2025;13:42:28;20;1282-20
CO2;1282;CT-CO2-0;02938df5-6afb-d44e-582d-0b5eea40f8eb;51:88:0A:9E;0;AVIÁRIO MEIO;534,00;24/10/2025;13:48:00;20;1282-20
CO2;1282;CT-CO2-0;02938df5-6afb-d44e-582d-0b5eea40f8eb;51:88:0A:9E;0;AVIÁRIO MEIO;545,00;24/10/2025;13:58:36;20;1282-20
CO2;1282;CT-CO2-0;02938df5-6afb-d44e-582d-0b5eea40f8eb;51:88:0A:9E;0;AVIÁRIO MEIO;536,00;24/10/2025;14:04:08;20;1282-20
CO2;1282;CT-CO2-0;02938df5-6afb-d44e-582d-0b5eea40f8eb;51:88:0A:9E;0;AVIÁRIO MEIO;546,00;24/10/2025;14:09:41;20;1282-20
CO2;1282;CT-CO2-0;02938df5-6afb-d44e-582d-0b5eea40f8eb;51:88:0A:9E;0;AVIÁRIO MEIO;539,00;24/10/2025;14:14:43;20;1282-20
CO2;1282;CT-CO2-0;02938df5-6afb-d44e-582d-0b5eea40f8eb;51:88:0A:9E;0;AVIÁRIO MEIO;551,00;24/10/2025;14:20:15;20;1282-20
CO2;1282;CT-CO2-0;02938df5-6afb-d44e-582d-0b5eea40f8eb;51:88:0A:9E;0;AVIÁRIO MEIO;544,00;24/10/2025;14:25:47;20;1282-20
CO2;1282;CT-CO2-0;02938df5-6afb-d44e-582d-0b5eea40f8eb;51:88:0A:9E;0;AVIÁRIO MEIO;543,00;24/10/2025;14:30:49;20;1282-20
CO2;1282;CT-CO2-0;02938df5-6afb-d44e-582d-0b5eea40f8eb;51:88:0A:9E;0;AVIÁRIO MEIO;528,00;24/10/2025;14:36:53;20;1282-20
CO2;1282;CT-CO2-0;02938df5-6afb-d44e-582d-0b5eea40f8eb;51:88:0A:9E;0;AVIÁRIO MEIO;527,00;24/10/2025;14:41:55;20;1282-20
CO2;1282;CT-CO2-0;02938df5-6afb-d44e-582d-0b5eea40f8eb;51:88:0A:9E;0;AVIÁRIO MEIO;550,00;24/10/2025;14:46:58;20;1282-20
CO2;1282;CT-CO2-0;02938df5-6afb-d44e-582d-0b5eea40f8eb;51:88:0A:9E;0;AVIÁRIO MEIO;535,00;24/10/2025;14:52:32;20;1282-20
CO2;1282;CT-CO2-0;02938df5-6afb-d44e-582d-0b5eea40f8eb;51:88:0A:9E;0;AVIÁRIO MEIO;531,00;24/10/2025;14:58:04;20;1282-20
CO2;1282;CT-CO2-0;02938df5-6afb-d44e-582d-0b5eea40f8eb;51:88:0A:9E;0;AVIÁRIO MEIO;533,00;24/10/2025;15:03:07;20;1282-20
CO2;1282;CT-CO2-0;02938df5-6afb-d44e-582d-0b5eea40f8eb;51:88:0A:9E;0;AVIÁRIO MEIO;518,00;24/10/2025;15:08:40;20;1282-20
CO2;1282;CT-CO2-0;02938df5-6afb-d44e-582d-0b5eea40f8eb;51:88:0A:9E;0;AVIÁRIO MEIO;523,00;24/10/2025;15:14:11;20;1282-20
CO2;1282;CT-CO2-0;02938df5-6afb-d44e-582d-0b5eea40f8eb;51:88:0A:9E;0;AVIÁRIO MEIO;535,00;24/10/2025;15:19:14;20;1282-20
CO2;1282;CT-CO2-0;02938df5-6afb-d44e-582d-0b5eea40f8eb;51:88:0A:9E;0;AVIÁRIO MEIO;529,00;24/10/2025;15:24:46;20;1282-20
CO2;1282;CT-CO2-0;02938df5-6afb-d44e-582d-0b5eea40f8eb;51:88:0A:9E;0;AVIÁRIO MEIO;534,00;24/10/2025;15:30:18;20;1282-20
CO2;1282;CT-CO2-0;02938df5-6afb-d44e-582d-0b5eea40f8eb;51:88:0A:9E;0;AVIÁRIO MEIO;536,00;24/10/2025;15:35:20;20;1282-20
CO2;1282;CT-CO2-0;02938df5-6afb-d44e-582d-0b5eea40f8eb;51:88:0A:9E;0;AVIÁRIO MEIO;572,00;24/10/2025;15:40:52;20;1282-20
CO2;1282;CT-CO2-0;02938df5-6afb-d44e-582d-0b5eea40f8eb;51:88:0A:9E;0;AVIÁRIO MEIO;552,00;24/10/2025;15:46:57;20;1282-20
CO2;1282;CT-CO2-0;02938df5-6afb-d44e-582d-0b5eea40f8eb;51:88:0A:9E;0;AVIÁRIO MEIO;523,00;24/10/2025;15:51:30;20;1282-20
CO2;1282;CT-CO2-0;02938df5-6afb-d44e-582d-0b5eea40f8eb;51:88:0A:9E;0;AVIÁRIO MEIO;542,00;24/10/2025;15:57:02;20;1282-20
CO2;1282;CT-CO2-0;02938df5-6afb-d44e-582d-0b5eea40f8eb;51:88:0A:9E;0;AVIÁRIO MEIO;532,00;24/10/2025;16:02:34;20;1282-20
CO2;1282;CT-CO2-0;02938df5-6afb-d44e-582d-0b5eea40f8eb;51:88:0A:9E;0;AVIÁRIO MEIO;533,00;24/10/2025;16:07:36;20;1282-20
CO2;1282;CT-CO2-0;02938df5-6afb-d44e-582d-0b5eea40f8eb;51:88:0A:9E;0;AVIÁRIO MEIO;540,00;24/10/2025;16:13:07;20;1282-20
CO2;1282;CT-CO2-0;02938df5-6afb-d44e-582d-0b5eea40f8eb;51:88:0A:9E;0;AVIÁRIO MEIO;539,00;24/10/2025;16:18:39;20;1282-20
CO2;1282;CT-CO2-0;02938df5-6afb-d44e-582d-0b5eea40f8eb;51:88:0A:9E;0;AVIÁRIO MEIO;533,00;24/10/2025;16:23:42;20;1282-20
CO2;1282;CT-CO2-0;02938df5-6afb-d44e-582d-0b5eea40f8eb;51:88:0A:9E;0;AVIÁRIO MEIO;544,00;24/10/2025;16:29:13;20;1282-20
CO2;1282;CT-CO2-0;02938df5-6afb-d44e-582d-0b5eea40f8eb;51:88:0A:9E;0;AVIÁRIO MEIO;533,00;24/10/2025;16:34:45;20;1282-20
CO2;1282;CT-CO2-0;02938df5-6afb-d44e-582d-0b5eea40f8eb;51:88:0A:9E;0;AVIÁRIO MEIO;534,00;24/10/2025;16:39:47;20;1282-20
CO2;1282;CT-CO2-0;02938df5-6afb-d44e-582d-0b5eea40f8eb;51:88:0A:9E;0;AVIÁRIO MEIO;546,00;24/10/2025;16:45:20;20;1282-20
CO2;1282;CT-CO2-0;02938df5-6afb-d44e-582d-0b5eea40f8eb;51:88:0A:9E;0;AVIÁRIO MEIO;535,00;24/10/2025;16:50:52;20;1282-20
CO2;1282;CT-CO2-0;02938df5-6afb-d44e-582d-0b5eea40f8eb;51:88:0A:9E;0;AVIÁRIO MEIO;543,00;24/10/2025;16:56:25;20;1282-20
CO2;1282;CT-CO2-0;02938df5-6afb-d44e-582d-0b5eea40f8eb;51:88:0A:9E;0;AVIÁRIO MEIO;526,00;24/10/2025;17:01:27;20;1282-20
CO2;1282;CT-CO2-0;02938df5-6afb-d44e-582d-0b5eea40f8eb;51:88:0A:9E;0;AVIÁRIO MEIO;530,00;24/10/2025;17:06:59;20;1282-20
CO2;1282;CT-CO2-0;02938df5-6afb-d44e-582d-0b5eea40f8eb;51:88:0A:9E;0;AVIÁRIO MEIO;541,00;24/10/2025;17:12:01;20;1282-20
CO2;1282;CT-CO2-0;02938df5-6afb-d44e-582d-0b5eea40f8eb;51:88:0A:9E;0;AVIÁRIO MEIO;534,00;24/10/2025;17:17:33;20;1282-20
CO2;1282;CT-CO2-0;02938df5-6afb-d44e-582d-0b5eea40f8eb;51:88:0A:9E;0;AVIÁRIO MEIO;539,00;24/10/2025;17:23:05;20;1282-20
CO2;1282;CT-CO2-0;02938df5-6afb-d44e-582d-0b5eea40f8eb;51:88:0A:9E;0;AVIÁRIO MEIO;541,00;24/10/2025;17:33:41;20;1282-20
CO2;1282;CT-CO2-0;02938df5-6afb-d44e-582d-0b5eea40f8eb;51:88:0A:9E;0;AVIÁRIO MEIO;542,00;24/10/2025;17:39:14;20;1282-20
CO2;1282;CT-CO2-0;02938df5-6afb-d44e-582d-0b5eea40f8eb;51:88:0A:9E;0;AVIÁRIO MEIO;531,00;24/10/2025;17:44:21;20;1282-20
CO2;1282;CT-CO2-0;02938df5-6afb-d44e-582d-0b5eea40f8eb;51:88:0A:9E;0;AVIÁRIO MEIO;544,00;24/10/2025;17:49:53;20;1282-20
CO2;1282;CT-CO2-0;02938df5-6afb-d44e-582d-0b5eea40f8eb;51:88:0A:9E;0;AVIÁRIO MEIO;537,00;24/10/2025;17:55:25;20;1282-20
CO2;1282;CT-CO2-0;02938df5-6afb-d44e-582d-0b5eea40f8eb;51:88:0A:9E;0;AVIÁRIO MEIO;535,00;24/10/2025;18:00:27;20;1282-20
CO2;1282;CT-CO2-0;02938df5-6afb-d44e-582d-0b5eea40f8eb;51:88:0A:9E;0;AVIÁRIO MEIO;560,00;24/10/2025;18:06:31;20;1282-20
CO2;1282;CT-CO2-0;02938df5-6afb-d44e-582d-0b5eea40f8eb;51:88:0A:9E;0;AVIÁRIO MEIO;553,00;24/10/2025;18:11:33;20;1282-20
CO2;1282;CT-CO2-0;02938df5-6afb-d44e-582d-0b5eea40f8eb;51:88:0A:9E;0;AVIÁRIO MEIO;571,00;24/10/2025;18:16:35;20;1282-20
CO2;1282;CT-CO2-0;02938df5-6afb-d44e-582d-0b5eea40f8eb;51:88:0A:9E;0;AVIÁRIO MEIO;581,00;24/10/2025;18:22:08;20;1282-20
CO2;1282;CT-CO2-0;02938df5-6afb-d44e-582d-0b5eea40f8eb;51:88:0A:9E;0;AVIÁRIO MEIO;581,00;24/10/2025;18:27:39;20;1282-20
CO2;1282;CT-CO2-0;02938df5-6afb-d44e-582d-0b5eea40f8eb;51:88:0A:9E;0;AVIÁRIO MEIO;582,00;24/10/2025;18:33:12;20;1282-20
CO2;1282;CT-CO2-0;02938df5-6afb-d44e-582d-0b5eea40f8eb;51:88:0A:9E;0;AVIÁRIO MEIO;576,00;24/10/2025;18:38:13;20;1282-20
CO2;1282;CT-CO2-0;02938df5-6afb-d44e-582d-0b5eea40f8eb;51:88:0A:9E;0;AVIÁRIO MEIO;633,00;24/10/2025;18:43:45;20;1282-20
CO2;1282;CT-CO2-0;02938df5-6afb-d44e-582d-0b5eea40f8eb;51:88:0A:9E;0;AVIÁRIO MEIO;694,00;24/10/2025;18:49:17;20;1282-20
CO2;1282;CT-CO2-0;02938df5-6afb-d44e-582d-0b5eea40f8eb;51:88:0A:9E;0;AVIÁRIO MEIO;700,00;24/10/2025;18:54:18;20;1282-20
CO2;1282;CT-CO2-0;02938df5-6afb-d44e-582d-0b5eea40f8eb;51:88:0A:9E;0;AVIÁRIO MEIO;711,00;24/10/2025;18:59:50;20;1282-20
CO2;1282;CT-CO2-0;02938df5-6afb-d44e-582d-0b5eea40f8eb;51:88:0A:9E;0;AVIÁRIO MEIO;720,00;24/10/2025;19:05:22;20;1282-20
CO2;1282;CT-CO2-0;02938df5-6afb-d44e-582d-0b5eea40f8eb;51:88:0A:9E;0;AVIÁRIO MEIO;704,00;24/10/2025;19:10:24;20;1282-20
CO2;1282;CT-CO2-0;02938df5-6afb-d44e-582d-0b5eea40f8eb;51:88:0A:9E;0;AVIÁRIO MEIO;719,00;24/10/2025;19:16:28;20;1282-20
CO2;1282;CT-CO2-0;02938df5-6afb-d44e-582d-0b5eea40f8eb;51:88:0A:9E;0;AVIÁRIO MEIO;720,00;24/10/2025;19:21:30;20;1282-20
CO2;1282;CT-CO2-0;02938df5-6afb-d44e-582d-0b5eea40f8eb;51:88:0A:9E;0;AVIÁRIO MEIO;748,00;24/10/2025;19:26:32;20;1282-20
CO2;1282;CT-CO2-0;02938df5-6afb-d44e-582d-0b5eea40f8eb;51:88:0A:9E;0;AVIÁRIO MEIO;731,00;24/10/2025;19:32:04;20;1282-20
CO2;1282;CT-CO2-0;02938df5-6afb-d44e-582d-0b5eea40f8eb;51:88:0A:9E;0;AVIÁRIO MEIO;743,00;24/10/2025;19:37:36;20;1282-20
CO2;1282;CT-CO2-0;02938df5-6afb-d44e-582d-0b5eea40f8eb;51:88:0A:9E;0;AVIÁRIO MEIO;734,00;24/10/2025;19:42:38;20;1282-20
CO2;1282;CT-CO2-0;02938df5-6afb-d44e-582d-0b5eea40f8eb;51:88:0A:9E;0;AVIÁRIO MEIO;740,00;24/10/2025;19:48:10;20;1282-20
CO2;1282;CT-CO2-0;02938df5-6afb-d44e-582d-0b5eea40f8eb;51:88:0A:9E;0;AVIÁRIO MEIO;735,00;24/10/2025;19:59:14;20;1282-20
CO2;1282;CT-CO2-0;02938df5-6afb-d44e-582d-0b5eea40f8eb;51:88:0A:9E;0;AVIÁRIO MEIO;735,00;24/10/2025;20:04:21;20;1282-20
CO2;1282;CT-CO2-0;02938df5-6afb-d44e-582d-0b5eea40f8eb;51:88:0A:9E;0;AVIÁRIO MEIO;817,00;24/10/2025;20:09:53;20;1282-20
CO2;1282;CT-CO2-0;02938df5-6afb-d44e-582d-0b5eea40f8eb;51:88:0A:9E;0;AVIÁRIO MEIO;798,00;24/10/2025;20:20:27;20;1282-20
CO2;1282;CT-CO2-0;02938df5-6afb-d44e-582d-0b5eea40f8eb;51:88:0A:9E;0;AVIÁRIO MEIO;838,00;24/10/2025;20:31:03;20;1282-20
CO2;1282;CT-CO2-0;02938df5-6afb-d44e-582d-0b5eea40f8eb;51:88:0A:9E;0;AVIÁRIO MEIO;984,00;24/10/2025;20:36:35;20;1282-20
CO2;1282;CT-CO2-0;02938df5-6afb-d44e-582d-0b5eea40f8eb;51:88:0A:9E;0;AVIÁRIO MEIO;961,00;24/10/2025;20:42:07;20;1282-20
CO2;1282;CT-CO2-0;02938df5-6afb-d44e-582d-0b5eea40f8eb;51:88:0A:9E;0;AVIÁRIO MEIO;871,00;24/10/2025;20:47:09;20;1282-20
CO2;1282;CT-CO2-0;02938df5-6afb-d44e-582d-0b5eea40f8eb;51:88:0A:9E;0;AVIÁRIO MEIO;936,00;24/10/2025;20:52:47;20;1282-20
CO2;1282;CT-CO2-0;02938df5-6afb-d44e-582d-0b5eea40f8eb;51:88:0A:9E;0;AVIÁRIO MEIO;993,00;24/10/2025;20:58:18;20;1282-20
CO2;1282;CT-CO2-0;02938df5-6afb-d44e-582d-0b5eea40f8eb;51:88:0A:9E;0;AVIÁRIO MEIO;895,00;24/10/2025;21:06:51;20;1282-20
CO2;1282;CT-CO2-0;02938df5-6afb-d44e-582d-0b5eea40f8eb;51:88:0A:9E;0;AVIÁRIO MEIO;975,00;24/10/2025;21:12:23;20;1282-20
CO2;1282;CT-CO2-0;02938df5-6afb-d44e-582d-0b5eea40f8eb;51:88:0A:9E;0;AVIÁRIO MEIO;937,00;24/10/2025;21:17:56;20;1282-20
CO2;1282;CT-CO2-0;02938df5-6afb-d44e-582d-0b5eea40f8eb;51:88:0A:9E;0;AVIÁRIO MEIO;974,00;24/10/2025;21:22:58;20;1282-20
CO2;1282;CT-CO2-0;02938df5-6afb-d44e-582d-0b5eea40f8eb;51:88:0A:9E;0;AVIÁRIO MEIO;941,00;24/10/2025;21:28:35;20;1282-20
CO2;1282;CT-CO2-0;02938df5-6afb-d44e-582d-0b5eea40f8eb;51:88:0A:9E;0;AVIÁRIO MEIO;924,00;24/10/2025;21:34:40;20;1282-20
CO2;1282;CT-CO2-0;02938df5-6afb-d44e-582d-0b5eea40f8eb;51:88:0A:9E;0;AVIÁRIO MEIO;981,00;24/10/2025;21:39:11;20;1282-20
CO2;1282;CT-CO2-0;02938df5-6afb-d44e-582d-0b5eea40f8eb;51:88:0A:9E;0;AVIÁRIO MEIO;942,00;24/10/2025;21:44:44;20;1282-20
CO2;1282;CT-CO2-0;02938df5-6afb-d44e-582d-0b5eea40f8eb;51:88:0A:9E;0;AVIÁRIO MEIO;945,00;24/10/2025;21:50:16;20;1282-20
CO2;1282;CT-CO2-0;02938df5-6afb-d44e-582d-0b5eea40f8eb;51:88:0A:9E;0;AVIÁRIO MEIO;928,00;24/10/2025;21:55:18;20;1282-20
CO2;1282;CT-CO2-0;02938df5-6afb-d44e-582d-0b5eea40f8eb;51:88:0A:9E;0;AVIÁRIO MEIO;991,00;24/10/2025;22:00:50;20;1282-20
CO2;1282;CT-CO2-0;02938df5-6afb-d44e-582d-0b5eea40f8eb;51:88:0A:9E;0;AVIÁRIO MEIO;922,00;24/10/2025;22:06:22;20;1282-20
CO2;1282;CT-CO2-0;02938df5-6afb-d44e-582d-0b5eea40f8eb;51:88:0A:9E;0;AVIÁRIO MEIO;1.005,00;24/10/2025;22:11:25;20;1282-20
CO2;1282;CT-CO2-0;02938df5-6afb-d44e-582d-0b5eea40f8eb;51:88:0A:9E;0;AVIÁRIO MEIO;946,00;24/10/2025;22:16:58;20;1282-20
CO2;1282;CT-CO2-0;02938df5-6afb-d44e-582d-0b5eea40f8eb;51:88:0A:9E;0;AVIÁRIO MEIO;995,00;24/10/2025;22:22:30;20;1282-20
CO2;1282;CT-CO2-0;02938df5-6afb-d44e-582d-0b5eea40f8eb;51:88:0A:9E;0;AVIÁRIO MEIO;949,00;24/10/2025;22:27:31;20;1282-20
CO2;1282;CT-CO2-0;02938df5-6afb-d44e-582d-0b5eea40f8eb;51:88:0A:9E;0;AVIÁRIO MEIO;994,00;24/10/2025;22:33:03;20;1282-20
CO2;1282;CT-CO2-0;02938df5-6afb-d44e-582d-0b5eea40f8eb;51:88:0A:9E;0;AVIÁRIO MEIO;891,00;24/10/2025;22:44:12;20;1282-20
CO2;1282;CT-CO2-0;02938df5-6afb-d44e-582d-0b5eea40f8eb;51:88:0A:9E;0;AVIÁRIO MEIO;923,00;24/10/2025;22:49:14;20;1282-20
CO2;1282;CT-CO2-0;02938df5-6afb-d44e-582d-0b5eea40f8eb;51:88:0A:9E;0;AVIÁRIO MEIO;955,00;24/10/2025;22:54:46;20;1282-20
CO2;1282;CT-CO2-0;02938df5-6afb-d44e-582d-0b5eea40f8eb;51:88:0A:9E;0;AVIÁRIO MEIO;912,00;24/10/2025;22:59:49;20;1282-20
CO2;1282;CT-CO2-0;02938df5-6afb-d44e-582d-0b5eea40f8eb;51:88:0A:9E;0;AVIÁRIO MEIO;941,00;24/10/2025;23:05:21;20;1282-20
CO2;1282;CT-CO2-0;02938df5-6afb-d44e-582d-0b5eea40f8eb;51:88:0A:9E;0;AVIÁRIO MEIO;991,00;24/10/2025;23:10:52;20;1282-20
CO2;1282;CT-CO2-0;02938df5-6afb-d44e-582d-0b5eea40f8eb;51:88:0A:9E;0;AVIÁRIO MEIO;979,00;24/10/2025;23:16:25;20;1282-20
CO2;1282;CT-CO2-0;02938df5-6afb-d44e-582d-0b5eea40f8eb;51:88:0A:9E;0;AVIÁRIO MEIO;936,00;24/10/2025;23:21:27;20;1282-20
CO2;1282;CT-CO2-0;02938df5-6afb-d44e-582d-0b5eea40f8eb;51:88:0A:9E;0;AVIÁRIO MEIO;1.004,00;24/10/2025;23:26:58;20;1282-20
CO2;1282;CT-CO2-0;02938df5-6afb-d44e-582d-0b5eea40f8eb;51:88:0A:9E;0;AVIÁRIO MEIO;1.056,00;24/10/2025;23:32:30;20;1282-20
CO2;1282;CT-CO2-0;02938df5-6afb-d44e-582d-0b5eea40f8eb;51:88:0A:9E;0;AVIÁRIO MEIO;1.008,00;24/10/2025;23:37:32;20;1282-20
CO2;1282;CT-CO2-0;02938df5-6afb-d44e-582d-0b5eea40f8eb;51:88:0A:9E;0;AVIÁRIO MEIO;1.009,00;24/10/2025;23:43:03;20;1282-20
CO2;1282;CT-CO2-0;02938df5-6afb-d44e-582d-0b5eea40f8eb;51:88:0A:9E;0;AVIÁRIO MEIO;1.072,00;24/10/2025;23:48:37;20;1282-20
CO2;1282;CT-CO2-0;02938df5-6afb-d44e-582d-0b5eea40f8eb;51:88:0A:9E;0;AVIÁRIO MEIO;1.013,00;24/10/2025;23:54:41;20;1282-20
CO2;1282;CT-CO2-0;02938df5-6afb-d44e-582d-0b5eea40f8eb;51:88:0A:9E;0;AVIÁRIO MEIO;1.030,00;24/10/2025;23:59:14;20;1282-20
CO2;1282;CT-CO2-0;02938df5-6afb-d44e-582d-0b5eea40f8eb;51:88:0A:9E;0;AVIÁRIO MEIO;1.041,00;25/10/2025;00:04:46;20;1282-20
CO2;1282;CT-CO2-0;02938df5-6afb-d44e-582d-0b5eea40f8eb;51:88:0A:9E;0;AVIÁRIO MEIO;958,00;25/10/2025;00:10:18;20;1282-20
CO2;1282;CT-CO2-0;02938df5-6afb-d44e-582d-0b5eea40f8eb;51:88:0A:9E;0;AVIÁRIO MEIO;1.051,00;25/10/2025;00:15:20;20;1282-20
CO2;1282;CT-CO2-0;02938df5-6afb-d44e-582d-0b5eea40f8eb;51:88:0A:9E;0;AVIÁRIO MEIO;1.066,00;25/10/2025;00:20:52;20;1282-20
CO2;1282;CT-CO2-0;02938df5-6afb-d44e-582d-0b5eea40f8eb;51:88:0A:9E;0;AVIÁRIO MEIO;1.000,00;25/10/2025;00:26:25;20;1282-20
CO2;1282;CT-CO2-0;02938df5-6afb-d44e-582d-0b5eea40f8eb;51:88:0A:9E;0;AVIÁRIO MEIO;1.124,00;25/10/2025;00:31:26;20;1282-20
CO2;1282;CT-CO2-0;02938df5-6afb-d44e-582d-0b5eea40f8eb;51:88:0A:9E;0;AVIÁRIO MEIO;1.064,00;25/10/2025;00:36:58;20;1282-20
CO2;1282;CT-CO2-0;02938df5-6afb-d44e-582d-0b5eea40f8eb;51:88:0A:9E;0;AVIÁRIO MEIO;1.026,00;25/10/2025;00:42:30;20;1282-20
CO2;1282;CT-CO2-0;02938df5-6afb-d44e-582d-0b5eea40f8eb;51:88:0A:9E;0;AVIÁRIO MEIO;1.152,00;25/10/2025;00:48:03;20;1282-20
CO2;1282;CT-CO2-0;02938df5-6afb-d44e-582d-0b5eea40f8eb;51:88:0A:9E;0;AVIÁRIO MEIO;1.077,00;25/10/2025;00:53:05;20;1282-20
CO2;1282;CT-CO2-0;02938df5-6afb-d44e-582d-0b5eea40f8eb;51:88:0A:9E;0;AVIÁRIO MEIO;1.139,00;25/10/2025;01:04:42;20;1282-20
CO2;1282;CT-CO2-0;02938df5-6afb-d44e-582d-0b5eea40f8eb;51:88:0A:9E;0;AVIÁRIO MEIO;1.127,00;25/10/2025;01:09:14;20;1282-20
CO2;1282;CT-CO2-0;02938df5-6afb-d44e-582d-0b5eea40f8eb;51:88:0A:9E;0;AVIÁRIO MEIO;1.149,00;25/10/2025;01:14:46;20;1282-20
CO2;1282;CT-CO2-0;02938df5-6afb-d44e-582d-0b5eea40f8eb;51:88:0A:9E;0;AVIÁRIO MEIO;1.172,00;25/10/2025;01:20:18;20;1282-20
CO2;1282;CT-CO2-0;02938df5-6afb-d44e-582d-0b5eea40f8eb;51:88:0A:9E;0;AVIÁRIO MEIO;1.169,00;25/10/2025;01:25:20;20;1282-20
CO2;1282;CT-CO2-0;02938df5-6afb-d44e-582d-0b5eea40f8eb;51:88:0A:9E;0;AVIÁRIO MEIO;1.162,00;25/10/2025;01:30:52;20;1282-20
CO2;1282;CT-CO2-0;02938df5-6afb-d44e-582d-0b5eea40f8eb;51:88:0A:9E;0;AVIÁRIO MEIO;1.170,00;25/10/2025;01:36:26;20;1282-20
CO2;1282;CT-CO2-0;02938df5-6afb-d44e-582d-0b5eea40f8eb;51:88:0A:9E;0;AVIÁRIO MEIO;1.186,00;25/10/2025;01:41:28;20;1282-20
CO2;1282;CT-CO2-0;02938df5-6afb-d44e-582d-0b5eea40f8eb;51:88:0A:9E;0;AVIÁRIO MEIO;1.183,00;25/10/2025;01:47:01;20;1282-20
CO2;1282;CT-CO2-0;02938df5-6afb-d44e-582d-0b5eea40f8eb;51:88:0A:9E;0;AVIÁRIO MEIO;1.143,00;25/10/2025;01:52:33;20;1282-20
CO2;1282;CT-CO2-0;02938df5-6afb-d44e-582d-0b5eea40f8eb;51:88:0A:9E;0;AVIÁRIO MEIO;1.202,00;25/10/2025;01:58:05;20;1282-20
CO2;1282;CT-CO2-0;02938df5-6afb-d44e-582d-0b5eea40f8eb;51:88:0A:9E;0;AVIÁRIO MEIO;1.184,00;25/10/2025;02:03:07;20;1282-20
CO2;1282;CT-CO2-0;02938df5-6afb-d44e-582d-0b5eea40f8eb;51:88:0A:9E;0;AVIÁRIO MEIO;1.179,00;25/10/2025;02:08:39;20;1282-20
CO2;1282;CT-CO2-0;02938df5-6afb-d44e-582d-0b5eea40f8eb;51:88:0A:9E;0;AVIÁRIO MEIO;1.187,00;25/10/2025;02:14:43;20;1282-20
CO2;1282;CT-CO2-0;02938df5-6afb-d44e-582d-0b5eea40f8eb;51:88:0A:9E;0;AVIÁRIO MEIO;1.157,00;25/10/2025;02:19:14;20;1282-20
CO2;1282;CT-CO2-0;02938df5-6afb-d44e-582d-0b5eea40f8eb;51:88:0A:9E;0;AVIÁRIO MEIO;1.126,00;25/10/2025;02:24:46;20;1282-20
CO2;1282;CT-CO2-0;02938df5-6afb-d44e-582d-0b5eea40f8eb;51:88:0A:9E;0;AVIÁRIO MEIO;1.192,00;25/10/2025;02:30:18;20;1282-20
CO2;1282;CT-CO2-0;02938df5-6afb-d44e-582d-0b5eea40f8eb;51:88:0A:9E;0;AVIÁRIO MEIO;1.138,00;25/10/2025;02:35:50;20;1282-20
CO2;1282;CT-CO2-0;02938df5-6afb-d44e-582d-0b5eea40f8eb;51:88:0A:9E;0;AVIÁRIO MEIO;1.187,00;25/10/2025;02:40:52;20;1282-20
CO2;1282;CT-CO2-0;02938df5-6afb-d44e-582d-0b5eea40f8eb;51:88:0A:9E;0;AVIÁRIO MEIO;1.179,00;25/10/2025;02:46:24;20;1282-20
CO2;1282;CT-CO2-0;02938df5-6afb-d44e-582d-0b5eea40f8eb;51:88:0A:9E;0;AVIÁRIO MEIO;1.209,00;25/10/2025;02:51:56;20;1282-20
CO2;1282;CT-CO2-0;02938df5-6afb-d44e-582d-0b5eea40f8eb;51:88:0A:9E;0;AVIÁRIO MEIO;1.214,00;25/10/2025;02:56:57;20;1282-20
CO2;1282;CT-CO2-0;02938df5-6afb-d44e-582d-0b5eea40f8eb;51:88:0A:9E;0;AVIÁRIO MEIO;1.197,00;25/10/2025;03:02:29;20;1282-20
CO2;1282;CT-CO2-0;02938df5-6afb-d44e-582d-0b5eea40f8eb;51:88:0A:9E;0;AVIÁRIO MEIO;1.162,00;25/10/2025;03:08:01;20;1282-20
CO2;1282;CT-CO2-0;02938df5-6afb-d44e-582d-0b5eea40f8eb;51:88:0A:9E;0;AVIÁRIO MEIO;1.197,00;25/10/2025;03:13:34;20;1282-20
CO2;1282;CT-CO2-0;02938df5-6afb-d44e-582d-0b5eea40f8eb;51:88:0A:9E;0;AVIÁRIO MEIO;1.151,00;25/10/2025;03:18:37;20;1282-20
CO2;1282;CT-CO2-0;02938df5-6afb-d44e-582d-0b5eea40f8eb;51:88:0A:9E;0;AVIÁRIO MEIO;1.145,00;25/10/2025;03:24:41;20;1282-20
CO2;1282;CT-CO2-0;02938df5-6afb-d44e-582d-0b5eea40f8eb;51:88:0A:9E;0;AVIÁRIO MEIO;1.158,00;25/10/2025;03:29:44;20;1282-20
CO2;1282;CT-CO2-0;02938df5-6afb-d44e-582d-0b5eea40f8eb;51:88:0A:9E;0;AVIÁRIO MEIO;1.160,00;25/10/2025;03:34:47;20;1282-20
CO2;1282;CT-CO2-0;02938df5-6afb-d44e-582d-0b5eea40f8eb;51:88:0A:9E;0;AVIÁRIO MEIO;1.200,00;25/10/2025;03:40:19;20;1282-20
CO2;1282;CT-CO2-0;02938df5-6afb-d44e-582d-0b5eea40f8eb;51:88:0A:9E;0;AVIÁRIO MEIO;1.227,00;25/10/2025;03:45:51;20;1282-20
CO2;1282;CT-CO2-0;02938df5-6afb-d44e-582d-0b5eea40f8eb;51:88:0A:9E;0;AVIÁRIO MEIO;1.135,00;25/10/2025;03:50:52;20;1282-20
CO2;1282;CT-CO2-0;02938df5-6afb-d44e-582d-0b5eea40f8eb;51:88:0A:9E;0;AVIÁRIO MEIO;1.243,00;25/10/2025;03:56:24;20;1282-20
CO2;1282;CT-CO2-0;02938df5-6afb-d44e-582d-0b5eea40f8eb;51:88:0A:9E;0;AVIÁRIO MEIO;1.201,00;25/10/2025;04:01:57;20;1282-20
CO2;1282;CT-CO2-0;02938df5-6afb-d44e-582d-0b5eea40f8eb;51:88:0A:9E;0;AVIÁRIO MEIO;1.135,00;25/10/2025;04:07:28;20;1282-20
CO2;1282;CT-CO2-0;02938df5-6afb-d44e-582d-0b5eea40f8eb;51:88:0A:9E;0;AVIÁRIO MEIO;1.240,00;25/10/2025;04:12:33;20;1282-20
CO2;1282;CT-CO2-0;02938df5-6afb-d44e-582d-0b5eea40f8eb;51:88:0A:9E;0;AVIÁRIO MEIO;1.224,00;25/10/2025;04:18:04;20;1282-20
CO2;1282;CT-CO2-0;02938df5-6afb-d44e-582d-0b5eea40f8eb;51:88:0A:9E;0;AVIÁRIO MEIO;1.240,00;25/10/2025;04:23:37;20;1282-20
CO2;1282;CT-CO2-0;02938df5-6afb-d44e-582d-0b5eea40f8eb;51:88:0A:9E;0;AVIÁRIO MEIO;1.195,00;25/10/2025;04:34:41;20;1282-20
CO2;1282;CT-CO2-0;02938df5-6afb-d44e-582d-0b5eea40f8eb;51:88:0A:9E;0;AVIÁRIO MEIO;1.235,00;25/10/2025;04:39:43;20;1282-20
CO2;1282;CT-CO2-0;02938df5-6afb-d44e-582d-0b5eea40f8eb;51:88:0A:9E;0;AVIÁRIO MEIO;1.256,00;25/10/2025;04:44:45;20;1282-20
CO2;1282;CT-CO2-0;02938df5-6afb-d44e-582d-0b5eea40f8eb;51:88:0A:9E;0;AVIÁRIO MEIO;1.224,00;25/10/2025;04:50:17;20;1282-20
CO2;1282;CT-CO2-0;02938df5-6afb-d44e-582d-0b5eea40f8eb;51:88:0A:9E;0;AVIÁRIO MEIO;1.210,00;25/10/2025;04:55:49;20;1282-20
CO2;1282;CT-CO2-0;02938df5-6afb-d44e-582d-0b5eea40f8eb;51:88:0A:9E;0;AVIÁRIO MEIO;1.221,00;25/10/2025;05:01:22;20;1282-20
CO2;1282;CT-CO2-0;02938df5-6afb-d44e-582d-0b5eea40f8eb;51:88:0A:9E;0;AVIÁRIO MEIO;1.149,00;25/10/2025;05:06:24;20;1282-20
CO2;1282;CT-CO2-0;02938df5-6afb-d44e-582d-0b5eea40f8eb;51:88:0A:9E;0;AVIÁRIO MEIO;1.241,00;25/10/2025;05:11:57;20;1282-20
CO2;1282;CT-CO2-0;02938df5-6afb-d44e-582d-0b5eea40f8eb;51:88:0A:9E;0;AVIÁRIO MEIO;1.218,00;25/10/2025;05:17:29;20;1282-20
CO2;1282;CT-CO2-0;02938df5-6afb-d44e-582d-0b5eea40f8eb;51:88:0A:9E;0;AVIÁRIO MEIO;1.194,00;25/10/2025;05:22:30;20;1282-20
CO2;1282;CT-CO2-0;02938df5-6afb-d44e-582d-0b5eea40f8eb;51:88:0A:9E;0;AVIÁRIO MEIO;1.224,00;25/10/2025;05:28:02;20;1282-20
CO2;1282;CT-CO2-0;02938df5-6afb-d44e-582d-0b5eea40f8eb;51:88:0A:9E;0;AVIÁRIO MEIO;1.197,00;25/10/2025;05:39:06;20;1282-20
CO2;1282;CT-CO2-0;02938df5-6afb-d44e-582d-0b5eea40f8eb;51:88:0A:9E;0;AVIÁRIO MEIO;1.213,00;25/10/2025;05:44:41;20;1282-20
CO2;1282;CT-CO2-0;02938df5-6afb-d44e-582d-0b5eea40f8eb;51:88:0A:9E;0;AVIÁRIO MEIO;1.197,00;25/10/2025;05:49:43;20;1282-20
CO2;1282;CT-CO2-0;02938df5-6afb-d44e-582d-0b5eea40f8eb;51:88:0A:9E;0;AVIÁRIO MEIO;1.195,00;25/10/2025;05:55:14;20;1282-20
CO2;1282;CT-CO2-0;02938df5-6afb-d44e-582d-0b5eea40f8eb;51:88:0A:9E;0;AVIÁRIO MEIO;1.241,00;25/10/2025;06:00:16;20;1282-20
CO2;1282;CT-CO2-0;02938df5-6afb-d44e-582d-0b5eea40f8eb;51:88:0A:9E;0;AVIÁRIO MEIO;1.205,00;25/10/2025;06:05:49;20;1282-20
CO2;1282;CT-CO2-0;02938df5-6afb-d44e-582d-0b5eea40f8eb;51:88:0A:9E;0;AVIÁRIO MEIO;1.199,00;25/10/2025;06:11:21;20;1282-20
CO2;1282;CT-CO2-0;02938df5-6afb-d44e-582d-0b5eea40f8eb;51:88:0A:9E;0;AVIÁRIO MEIO;1.213,00;25/10/2025;06:21:54;20;1282-20
CO2;1282;CT-CO2-0;02938df5-6afb-d44e-582d-0b5eea40f8eb;51:88:0A:9E;0;AVIÁRIO MEIO;1.226,00;25/10/2025;06:27:26;20;1282-20
CO2;1282;CT-CO2-0;02938df5-6afb-d44e-582d-0b5eea40f8eb;51:88:0A:9E;0;AVIÁRIO MEIO;1.201,00;25/10/2025;06:38:01;20;1282-20
CO2;1282;CT-CO2-0;02938df5-6afb-d44e-582d-0b5eea40f8eb;51:88:0A:9E;0;AVIÁRIO MEIO;1.174,00;25/10/2025;06:49:08;20;1282-20
CO2;1282;CT-CO2-0;02938df5-6afb-d44e-582d-0b5eea40f8eb;51:88:0A:9E;0;AVIÁRIO MEIO;1.192,00;25/10/2025;06:59:43;20;1282-20
CO2;1282;CT-CO2-0;02938df5-6afb-d44e-582d-0b5eea40f8eb;51:88:0A:9E;0;AVIÁRIO MEIO;1.189,00;25/10/2025;07:05:15;20;1282-20
CO2;1282;CT-CO2-0;02938df5-6afb-d44e-582d-0b5eea40f8eb;51:88:0A:9E;0;AVIÁRIO MEIO;1.183,00;25/10/2025;07:10:46;20;1282-20
CO2;1282;CT-CO2-0;02938df5-6afb-d44e-582d-0b5eea40f8eb;51:88:0A:9E;0;AVIÁRIO MEIO;1.162,00;25/10/2025;07:15:48;20;1282-20
CO2;1282;CT-CO2-0;02938df5-6afb-d44e-582d-0b5eea40f8eb;51:88:0A:9E;0;AVIÁRIO MEIO;1.166,00;25/10/2025;07:21:20;20;1282-20
CO2;1282;CT-CO2-0;02938df5-6afb-d44e-582d-0b5eea40f8eb;51:88:0A:9E;0;AVIÁRIO MEIO;1.102,00;25/10/2025;07:26:53;20;1282-20
CO2;1282;CT-CO2-0;02938df5-6afb-d44e-582d-0b5eea40f8eb;51:88:0A:9E;0;AVIÁRIO MEIO;1.135,00;25/10/2025;07:32:24;20;1282-20
CO2;1282;CT-CO2-0;02938df5-6afb-d44e-582d-0b5eea40f8eb;51:88:0A:9E;0;AVIÁRIO MEIO;1.138,00;25/10/2025;07:37:26;20;1282-20
CO2;1282;CT-CO2-0;02938df5-6afb-d44e-582d-0b5eea40f8eb;51:88:0A:9E;0;AVIÁRIO MEIO;1.161,00;25/10/2025;07:42:59;20;1282-20
CO2;1282;CT-CO2-0;02938df5-6afb-d44e-582d-0b5eea40f8eb;51:88:0A:9E;0;AVIÁRIO MEIO;1.104,00;25/10/2025;07:53:35;20;1282-20
CO2;1282;CT-CO2-0;02938df5-6afb-d44e-582d-0b5eea40f8eb;51:88:0A:9E;0;AVIÁRIO MEIO;1.078,00;25/10/2025;07:59:07;20;1282-20
CO2;1282;CT-CO2-0;02938df5-6afb-d44e-582d-0b5eea40f8eb;51:88:0A:9E;0;AVIÁRIO MEIO;984,00;25/10/2025;08:05:10;20;1282-20
CO2;1282;CT-CO2-0;02938df5-6afb-d44e-582d-0b5eea40f8eb;51:88:0A:9E;0;AVIÁRIO MEIO;1.021,00;25/10/2025;08:10:12;20;1282-20
CO2;1282;CT-CO2-0;02938df5-6afb-d44e-582d-0b5eea40f8eb;51:88:0A:9E;0;AVIÁRIO MEIO;1.042,00;25/10/2025;08:15:14;20;1282-20
CO2;1282;CT-CO2-0;02938df5-6afb-d44e-582d-0b5eea40f8eb;51:88:0A:9E;0;AVIÁRIO MEIO;988,00;25/10/2025;08:20:45;20;1282-20
CO2;1282;CT-CO2-0;02938df5-6afb-d44e-582d-0b5eea40f8eb;51:88:0A:9E;0;AVIÁRIO MEIO;913,00;25/10/2025;08:26:18;20;1282-20
CO2;1282;CT-CO2-0;02938df5-6afb-d44e-582d-0b5eea40f8eb;51:88:0A:9E;0;AVIÁRIO MEIO;1.007,00;25/10/2025;08:31:49;20;1282-20
CO2;1282;CT-CO2-0;02938df5-6afb-d44e-582d-0b5eea40f8eb;51:88:0A:9E;0;AVIÁRIO MEIO;1.007,00;25/10/2025;08:36:52;20;1282-20
CO2;1282;CT-CO2-0;02938df5-6afb-d44e-582d-0b5eea40f8eb;51:88:0A:9E;0;AVIÁRIO MEIO;907,00;25/10/2025;08:42:24;20;1282-20
CO2;1282;CT-CO2-0;02938df5-6afb-d44e-582d-0b5eea40f8eb;51:88:0A:9E;0;AVIÁRIO MEIO;864,00;25/10/2025;08:47:56;20;1282-20
CO2;1282;CT-CO2-0;02938df5-6afb-d44e-582d-0b5eea40f8eb;51:88:0A:9E;0;AVIÁRIO MEIO;885,00;25/10/2025;08:52:58;20;1282-20
CO2;1282;CT-CO2-0;02938df5-6afb-d44e-582d-0b5eea40f8eb;51:88:0A:9E;0;AVIÁRIO MEIO;870,00;25/10/2025;09:09:35;20;1282-20
CO2;1282;CT-CO2-0;02938df5-6afb-d44e-582d-0b5eea40f8eb;51:88:0A:9E;0;AVIÁRIO MEIO;839,00;25/10/2025;09:15:09;20;1282-20
CO2;1282;CT-CO2-0;02938df5-6afb-d44e-582d-0b5eea40f8eb;51:88:0A:9E;0;AVIÁRIO MEIO;828,00;25/10/2025;09:20:12;20;1282-20
CO2;1282;CT-CO2-0;02938df5-6afb-d44e-582d-0b5eea40f8eb;51:88:0A:9E;0;AVIÁRIO MEIO;841,00;25/10/2025;09:25:44;20;1282-20
CO2;1282;CT-CO2-0;02938df5-6afb-d44e-582d-0b5eea40f8eb;51:88:0A:9E;0;AVIÁRIO MEIO;842,00;25/10/2025;09:30:47;20;1282-20
CO2;1282;CT-CO2-0;02938df5-6afb-d44e-582d-0b5eea40f8eb;51:88:0A:9E;0;AVIÁRIO MEIO;839,00;25/10/2025;09:36:19;20;1282-20
CO2;1282;CT-CO2-0;02938df5-6afb-d44e-582d-0b5eea40f8eb;51:88:0A:9E;0;AVIÁRIO MEIO;859,00;25/10/2025;09:41:51;20;1282-20
CO2;1282;CT-CO2-0;02938df5-6afb-d44e-582d-0b5eea40f8eb;51:88:0A:9E;0;AVIÁRIO MEIO;847,00;25/10/2025;09:47:24;20;1282-20
CO2;1282;CT-CO2-0;02938df5-6afb-d44e-582d-0b5eea40f8eb;51:88:0A:9E;0;AVIÁRIO MEIO;839,00;25/10/2025;09:52:26;20;1282-20
CO2;1282;CT-CO2-0;02938df5-6afb-d44e-582d-0b5eea40f8eb;51:88:0A:9E;0;AVIÁRIO MEIO;845,00;25/10/2025;09:57:58;20;1282-20
CO2;1282;CT-CO2-0;02938df5-6afb-d44e-582d-0b5eea40f8eb;51:88:0A:9E;0;AVIÁRIO MEIO;829,00;25/10/2025;10:09:03;20;1282-20
CO2;1282;CT-CO2-0;02938df5-6afb-d44e-582d-0b5eea40f8eb;51:88:0A:9E;0;AVIÁRIO MEIO;844,00;25/10/2025;10:14:05;20;1282-20
CO2;1282;CT-CO2-0;02938df5-6afb-d44e-582d-0b5eea40f8eb;51:88:0A:9E;0;AVIÁRIO MEIO;832,00;25/10/2025;10:19:37;20;1282-20
CO2;1282;CT-CO2-0;02938df5-6afb-d44e-582d-0b5eea40f8eb;51:88:0A:9E;0;AVIÁRIO MEIO;781,00;25/10/2025;10:25:41;20;1282-20
CO2;1282;CT-CO2-0;02938df5-6afb-d44e-582d-0b5eea40f8eb;51:88:0A:9E;0;AVIÁRIO MEIO;648,00;25/10/2025;10:30:13;20;1282-20
CO2;1282;CT-CO2-0;02938df5-6afb-d44e-582d-0b5eea40f8eb;51:88:0A:9E;0;AVIÁRIO MEIO;601,00;25/10/2025;10:35:45;20;1282-20
CO2;1282;CT-CO2-0;02938df5-6afb-d44e-582d-0b5eea40f8eb;51:88:0A:9E;0;AVIÁRIO MEIO;578,00;25/10/2025;10:41:17;20;1282-20
CO2;1282;CT-CO2-0;02938df5-6afb-d44e-582d-0b5eea40f8eb;51:88:0A:9E;0;AVIÁRIO MEIO;618,00;25/10/2025;10:46:49;20;1282-20
CO2;1282;CT-CO2-0;02938df5-6afb-d44e-582d-0b5eea40f8eb;51:88:0A:9E;0;AVIÁRIO MEIO;595,00;25/10/2025;10:51:51;20;1282-20
CO2;1282;CT-CO2-0;02938df5-6afb-d44e-582d-0b5eea40f8eb;51:88:0A:9E;0;AVIÁRIO MEIO;592,00;25/10/2025;10:57:23;20;1282-20
CO2;1282;CT-CO2-0;02938df5-6afb-d44e-582d-0b5eea40f8eb;51:88:0A:9E;0;AVIÁRIO MEIO;592,00;25/10/2025;11:02:55;20;1282-20
CO2;1282;CT-CO2-0;02938df5-6afb-d44e-582d-0b5eea40f8eb;51:88:0A:9E;0;AVIÁRIO MEIO;582,00;25/10/2025;11:07:57;20;1282-20
CO2;1282;CT-CO2-0;02938df5-6afb-d44e-582d-0b5eea40f8eb;51:88:0A:9E;0;AVIÁRIO MEIO;571,00;25/10/2025;11:13:36;20;1282-20
CO2;1282;CT-CO2-0;02938df5-6afb-d44e-582d-0b5eea40f8eb;51:88:0A:9E;0;AVIÁRIO MEIO;556,00;25/10/2025;11:19:08;20;1282-20
CO2;1282;CT-CO2-0;02938df5-6afb-d44e-582d-0b5eea40f8eb;51:88:0A:9E;0;AVIÁRIO MEIO;540,00;25/10/2025;11:24:13;20;1282-20
CO2;1282;CT-CO2-0;02938df5-6afb-d44e-582d-0b5eea40f8eb;51:88:0A:9E;0;AVIÁRIO MEIO;547,00;25/10/2025;11:29:46;20;1282-20
CO2;1282;CT-CO2-0;02938df5-6afb-d44e-582d-0b5eea40f8eb;51:88:0A:9E;0;AVIÁRIO MEIO;554,00;25/10/2025;11:35:49;20;1282-20
CO2;1282;CT-CO2-0;02938df5-6afb-d44e-582d-0b5eea40f8eb;51:88:0A:9E;0;AVIÁRIO MEIO;549,00;25/10/2025;11:40:27;20;1282-20
CO2;1282;CT-CO2-0;02938df5-6afb-d44e-582d-0b5eea40f8eb;51:88:0A:9E;0;AVIÁRIO MEIO;548,00;25/10/2025;11:46:00;20;1282-20
CO2;1282;CT-CO2-0;02938df5-6afb-d44e-582d-0b5eea40f8eb;51:88:0A:9E;0;AVIÁRIO MEIO;540,00;25/10/2025;11:51:02;20;1282-20
CO2;1282;CT-CO2-0;02938df5-6afb-d44e-582d-0b5eea40f8eb;51:88:0A:9E;0;AVIÁRIO MEIO;556,00;25/10/2025;11:56:33;20;1282-20
CO2;1282;CT-CO2-0;02938df5-6afb-d44e-582d-0b5eea40f8eb;51:88:0A:9E;0;AVIÁRIO MEIO;541,00;25/10/2025;12:02:06;20;1282-20
CO2;1282;CT-CO2-0;02938df5-6afb-d44e-582d-0b5eea40f8eb;51:88:0A:9E;0;AVIÁRIO MEIO;616,00;25/10/2025;12:07:38;20;1282-20
CO2;1282;CT-CO2-0;02938df5-6afb-d44e-582d-0b5eea40f8eb;51:88:0A:9E;0;AVIÁRIO MEIO;537,00;25/10/2025;12:12:40;20;1282-20
CO2;1282;CT-CO2-0;02938df5-6afb-d44e-582d-0b5eea40f8eb;51:88:0A:9E;0;AVIÁRIO MEIO;544,00;25/10/2025;12:18:12;20;1282-20
CO2;1282;CT-CO2-0;02938df5-6afb-d44e-582d-0b5eea40f8eb;51:88:0A:9E;0;AVIÁRIO MEIO;530,00;25/10/2025;12:23:44;20;1282-20
CO2;1282;CT-CO2-0;02938df5-6afb-d44e-582d-0b5eea40f8eb;51:88:0A:9E;0;AVIÁRIO MEIO;527,00;25/10/2025;12:29:16;20;1282-20
CO2;1282;CT-CO2-0;02938df5-6afb-d44e-582d-0b5eea40f8eb;51:88:0A:9E;0;AVIÁRIO MEIO;518,00;25/10/2025;12:34:18;20;1282-20
CO2;1282;CT-CO2-0;02938df5-6afb-d44e-582d-0b5eea40f8eb;51:88:0A:9E;0;AVIÁRIO MEIO;541,00;25/10/2025;12:39:50;20;1282-20
CO2;1282;CT-CO2-0;02938df5-6afb-d44e-582d-0b5eea40f8eb;51:88:0A:9E;0;AVIÁRIO MEIO;562,00;25/10/2025;12:45:54;20;1282-20
CO2;1282;CT-CO2-0;02938df5-6afb-d44e-582d-0b5eea40f8eb;51:88:0A:9E;0;AVIÁRIO MEIO;563,00;25/10/2025;12:50:56;20;1282-20
CO2;1282;CT-CO2-0;02938df5-6afb-d44e-582d-0b5eea40f8eb;51:88:0A:9E;0;AVIÁRIO MEIO;591,00;25/10/2025;12:55:58;20;1282-20
CO2;1282;CT-CO2-0;02938df5-6afb-d44e-582d-0b5eea40f8eb;51:88:0A:9E;0;AVIÁRIO MEIO;581,00;25/10/2025;13:01:31;20;1282-20
CO2;1282;CT-CO2-0;02938df5-6afb-d44e-582d-0b5eea40f8eb;51:88:0A:9E;0;AVIÁRIO MEIO;585,00;25/10/2025;13:07:03;20;1282-20
CO2;1282;CT-CO2-0;02938df5-6afb-d44e-582d-0b5eea40f8eb;51:88:0A:9E;0;AVIÁRIO MEIO;573,00;25/10/2025;13:12:05;20;1282-20
CO2;1282;CT-CO2-0;02938df5-6afb-d44e-582d-0b5eea40f8eb;51:88:0A:9E;0;AVIÁRIO MEIO;590,00;25/10/2025;13:17:38;20;1282-20
CO2;1282;CT-CO2-0;02938df5-6afb-d44e-582d-0b5eea40f8eb;51:88:0A:9E;0;AVIÁRIO MEIO;590,00;25/10/2025;13:23:10;20;1282-20
CO2;1282;CT-CO2-0;02938df5-6afb-d44e-582d-0b5eea40f8eb;51:88:0A:9E;0;AVIÁRIO MEIO;581,00;25/10/2025;13:28:43;20;1282-20
CO2;1282;CT-CO2-0;02938df5-6afb-d44e-582d-0b5eea40f8eb;51:88:0A:9E;0;AVIÁRIO MEIO;571,00;25/10/2025;13:34:15;20;1282-20
CO2;1282;CT-CO2-0;02938df5-6afb-d44e-582d-0b5eea40f8eb;51:88:0A:9E;0;AVIÁRIO MEIO;573,00;25/10/2025;13:39:18;20;1282-20
CO2;1282;CT-CO2-0;02938df5-6afb-d44e-582d-0b5eea40f8eb;51:88:0A:9E;0;AVIÁRIO MEIO;590,00;25/10/2025;13:50:22;20;1282-20
CO2;1282;CT-CO2-0;02938df5-6afb-d44e-582d-0b5eea40f8eb;51:88:0A:9E;0;AVIÁRIO MEIO;609,00;25/10/2025;13:55:56;20;1282-20
CO2;1282;CT-CO2-0;02938df5-6afb-d44e-582d-0b5eea40f8eb;51:88:0A:9E;0;AVIÁRIO MEIO;633,00;25/10/2025;14:00:58;20;1282-20
CO2;1282;CT-CO2-0;02938df5-6afb-d44e-582d-0b5eea40f8eb;51:88:0A:9E;0;AVIÁRIO MEIO;619,00;25/10/2025;14:06:30;20;1282-20
CO2;1282;CT-CO2-0;02938df5-6afb-d44e-582d-0b5eea40f8eb;51:88:0A:9E;0;AVIÁRIO MEIO;580,00;25/10/2025;14:12:03;20;1282-20
CO2;1282;CT-CO2-0;02938df5-6afb-d44e-582d-0b5eea40f8eb;51:88:0A:9E;0;AVIÁRIO MEIO;600,00;25/10/2025;14:17:06;20;1282-20
CO2;1282;CT-CO2-0;02938df5-6afb-d44e-582d-0b5eea40f8eb;51:88:0A:9E;0;AVIÁRIO MEIO;587,00;25/10/2025;14:22:37;20;1282-20
CO2;1282;CT-CO2-0;02938df5-6afb-d44e-582d-0b5eea40f8eb;51:88:0A:9E;0;AVIÁRIO MEIO;594,00;25/10/2025;14:28:09;20;1282-20
CO2;1282;CT-CO2-0;02938df5-6afb-d44e-582d-0b5eea40f8eb;51:88:0A:9E;0;AVIÁRIO MEIO;578,00;25/10/2025;14:33:42;20;1282-20
CO2;1282;CT-CO2-0;02938df5-6afb-d44e-582d-0b5eea40f8eb;51:88:0A:9E;0;AVIÁRIO MEIO;622,00;25/10/2025;14:38:54;20;1282-20
CO2;1282;CT-CO2-0;02938df5-6afb-d44e-582d-0b5eea40f8eb;51:88:0A:9E;0;AVIÁRIO MEIO;592,00;25/10/2025;14:44:27;20;1282-20
CO2;1282;CT-CO2-0;02938df5-6afb-d44e-582d-0b5eea40f8eb;51:88:0A:9E;0;AVIÁRIO MEIO;578,00;25/10/2025;14:49:58;20;1282-20
CO2;1282;CT-CO2-0;02938df5-6afb-d44e-582d-0b5eea40f8eb;51:88:0A:9E;0;AVIÁRIO MEIO;592,00;25/10/2025;14:55:00;20;1282-20
CO2;1282;CT-CO2-0;02938df5-6afb-d44e-582d-0b5eea40f8eb;51:88:0A:9E;0;AVIÁRIO MEIO;581,00;25/10/2025;15:01:04;20;1282-20
CO2;1282;CT-CO2-0;02938df5-6afb-d44e-582d-0b5eea40f8eb;51:88:0A:9E;0;AVIÁRIO MEIO;551,00;25/10/2025;15:06:06;20;1282-20
CO2;1282;CT-CO2-0;02938df5-6afb-d44e-582d-0b5eea40f8eb;51:88:0A:9E;0;AVIÁRIO MEIO;554,00;25/10/2025;15:11:39;20;1282-20
CO2;1282;CT-CO2-0;02938df5-6afb-d44e-582d-0b5eea40f8eb;51:88:0A:9E;0;AVIÁRIO MEIO;553,00;25/10/2025;15:16:41;20;1282-20
CO2;1282;CT-CO2-0;02938df5-6afb-d44e-582d-0b5eea40f8eb;51:88:0A:9E;0;AVIÁRIO MEIO;545,00;25/10/2025;15:22:14;20;1282-20
CO2;1282;CT-CO2-0;02938df5-6afb-d44e-582d-0b5eea40f8eb;51:88:0A:9E;0;AVIÁRIO MEIO;553,00;25/10/2025;15:27:46;20;1282-20
CO2;1282;CT-CO2-0;02938df5-6afb-d44e-582d-0b5eea40f8eb;51:88:0A:9E;0;AVIÁRIO MEIO;548,00;25/10/2025;15:32:48;20;1282-20
CO2;1282;CT-CO2-0;02938df5-6afb-d44e-582d-0b5eea40f8eb;51:88:0A:9E;0;AVIÁRIO MEIO;573,00;25/10/2025;15:38:20;20;1282-20
CO2;1282;CT-CO2-0;02938df5-6afb-d44e-582d-0b5eea40f8eb;51:88:0A:9E;0;AVIÁRIO MEIO;548,00;25/10/2025;15:43:53;20;1282-20
CO2;1282;CT-CO2-0;02938df5-6afb-d44e-582d-0b5eea40f8eb;51:88:0A:9E;0;AVIÁRIO MEIO;545,00;25/10/2025;15:49:25;20;1282-20
CO2;1282;CT-CO2-0;02938df5-6afb-d44e-582d-0b5eea40f8eb;51:88:0A:9E;0;AVIÁRIO MEIO;554,00;25/10/2025;15:54:27;20;1282-20
CO2;1282;CT-CO2-0;02938df5-6afb-d44e-582d-0b5eea40f8eb;51:88:0A:9E;0;AVIÁRIO MEIO;555,00;25/10/2025;16:00:00;20;1282-20
CO2;1282;CT-CO2-0;02938df5-6afb-d44e-582d-0b5eea40f8eb;51:88:0A:9E;0;AVIÁRIO MEIO;563,00;25/10/2025;16:05:32;20;1282-20
CO2;1282;CT-CO2-0;02938df5-6afb-d44e-582d-0b5eea40f8eb;51:88:0A:9E;0;AVIÁRIO MEIO;571,00;25/10/2025;16:11:37;20;1282-20
CO2;1282;CT-CO2-0;02938df5-6afb-d44e-582d-0b5eea40f8eb;51:88:0A:9E;0;AVIÁRIO MEIO;552,00;25/10/2025;16:16:10;20;1282-20
CO2;1282;CT-CO2-0;02938df5-6afb-d44e-582d-0b5eea40f8eb;51:88:0A:9E;0;AVIÁRIO MEIO;537,00;25/10/2025;16:21:42;20;1282-20
CO2;1282;CT-CO2-0;02938df5-6afb-d44e-582d-0b5eea40f8eb;51:88:0A:9E;0;AVIÁRIO MEIO;550,00;25/10/2025;16:27:13;20;1282-20
CO2;1282;CT-CO2-0;02938df5-6afb-d44e-582d-0b5eea40f8eb;51:88:0A:9E;0;AVIÁRIO MEIO;542,00;25/10/2025;16:32:16;20;1282-20
CO2;1282;CT-CO2-0;02938df5-6afb-d44e-582d-0b5eea40f8eb;51:88:0A:9E;0;AVIÁRIO MEIO;550,00;25/10/2025;16:37:48;20;1282-20
CO2;1282;CT-CO2-0;02938df5-6afb-d44e-582d-0b5eea40f8eb;51:88:0A:9E;0;AVIÁRIO MEIO;563,00;25/10/2025;16:43:20;20;1282-20
CO2;1282;CT-CO2-0;02938df5-6afb-d44e-582d-0b5eea40f8eb;51:88:0A:9E;0;AVIÁRIO MEIO;544,00;25/10/2025;16:48:52;20;1282-20
CO2;1282;CT-CO2-0;02938df5-6afb-d44e-582d-0b5eea40f8eb;51:88:0A:9E;0;AVIÁRIO MEIO;547,00;25/10/2025;16:53:54;20;1282-20
CO2;1282;CT-CO2-0;02938df5-6afb-d44e-582d-0b5eea40f8eb;51:88:0A:9E;0;AVIÁRIO MEIO;550,00;25/10/2025;16:59:26;20;1282-20
CO2;1282;CT-CO2-0;02938df5-6afb-d44e-582d-0b5eea40f8eb;51:88:0A:9E;0;AVIÁRIO MEIO;541,00;25/10/2025;17:04:57;20;1282-20
CO2;1282;CT-CO2-0;02938df5-6afb-d44e-582d-0b5eea40f8eb;51:88:0A:9E;0;AVIÁRIO MEIO;597,00;25/10/2025;17:10:29;20;1282-20
CO2;1282;CT-CO2-0;02938df5-6afb-d44e-582d-0b5eea40f8eb;51:88:0A:9E;0;AVIÁRIO MEIO;537,00;25/10/2025;17:15:31;20;1282-20
CO2;1282;CT-CO2-0;02938df5-6afb-d44e-582d-0b5eea40f8eb;51:88:0A:9E;0;AVIÁRIO MEIO;530,00;25/10/2025;17:21:34;20;1282-20
CO2;1282;CT-CO2-0;02938df5-6afb-d44e-582d-0b5eea40f8eb;51:88:0A:9E;0;AVIÁRIO MEIO;533,00;25/10/2025;17:26:37;20;1282-20
CO2;1282;CT-CO2-0;02938df5-6afb-d44e-582d-0b5eea40f8eb;51:88:0A:9E;0;AVIÁRIO MEIO;559,00;25/10/2025;17:32:09;20;1282-20
CO2;1282;CT-CO2-0;02938df5-6afb-d44e-582d-0b5eea40f8eb;51:88:0A:9E;0;AVIÁRIO MEIO;546,00;25/10/2025;17:37:12;20;1282-20
CO2;1282;CT-CO2-0;02938df5-6afb-d44e-582d-0b5eea40f8eb;51:88:0A:9E;0;AVIÁRIO MEIO;545,00;25/10/2025;17:42:44;20;1282-20
CO2;1282;CT-CO2-0;02938df5-6afb-d44e-582d-0b5eea40f8eb;51:88:0A:9E;0;AVIÁRIO MEIO;536,00;25/10/2025;17:48:16;20;1282-20
CO2;1282;CT-CO2-0;02938df5-6afb-d44e-582d-0b5eea40f8eb;51:88:0A:9E;0;AVIÁRIO MEIO;555,00;25/10/2025;17:53:18;20;1282-20
CO2;1282;CT-CO2-0;02938df5-6afb-d44e-582d-0b5eea40f8eb;51:88:0A:9E;0;AVIÁRIO MEIO;544,00;25/10/2025;17:58:50;20;1282-20
CO2;1282;CT-CO2-0;02938df5-6afb-d44e-582d-0b5eea40f8eb;51:88:0A:9E;0;AVIÁRIO MEIO;550,00;25/10/2025;18:04:22;20;1282-20
CO2;1282;CT-CO2-0;02938df5-6afb-d44e-582d-0b5eea40f8eb;51:88:0A:9E;0;AVIÁRIO MEIO;547,00;25/10/2025;18:09:55;20;1282-20
CO2;1282;CT-CO2-0;02938df5-6afb-d44e-582d-0b5eea40f8eb;51:88:0A:9E;0;AVIÁRIO MEIO;556,00;25/10/2025;18:14:57;20;1282-20
CO2;1282;CT-CO2-0;02938df5-6afb-d44e-582d-0b5eea40f8eb;51:88:0A:9E;0;AVIÁRIO MEIO;564,00;25/10/2025;18:20:43;20;1282-20
CO2;1282;CT-CO2-0;02938df5-6afb-d44e-582d-0b5eea40f8eb;51:88:0A:9E;0;AVIÁRIO MEIO;558,00;25/10/2025;18:25:45;20;1282-20
CO2;1282;CT-CO2-0;02938df5-6afb-d44e-582d-0b5eea40f8eb;51:88:0A:9E;0;AVIÁRIO MEIO;559,00;25/10/2025;18:31:49;20;1282-20
CO2;1282;CT-CO2-0;02938df5-6afb-d44e-582d-0b5eea40f8eb;51:88:0A:9E;0;AVIÁRIO MEIO;577,00;25/10/2025;18:36:52;20;1282-20
CO2;1282;CT-CO2-0;02938df5-6afb-d44e-582d-0b5eea40f8eb;51:88:0A:9E;0;AVIÁRIO MEIO;579,00;25/10/2025;18:41:54;20;1282-20
CO2;1282;CT-CO2-0;02938df5-6afb-d44e-582d-0b5eea40f8eb;51:88:0A:9E;0;AVIÁRIO MEIO;589,00;25/10/2025;18:47:26;20;1282-20
CO2;1282;CT-CO2-0;02938df5-6afb-d44e-582d-0b5eea40f8eb;51:88:0A:9E;0;AVIÁRIO MEIO;609,00;25/10/2025;18:52:58;20;1282-20
CO2;1282;CT-CO2-0;02938df5-6afb-d44e-582d-0b5eea40f8eb;51:88:0A:9E;0;AVIÁRIO MEIO;611,00;25/10/2025;18:58:00;20;1282-20
CO2;1282;CT-CO2-0;02938df5-6afb-d44e-582d-0b5eea40f8eb;51:88:0A:9E;0;AVIÁRIO MEIO;633,00;25/10/2025;19:03:35;20;1282-20
CO2;1282;CT-CO2-0;02938df5-6afb-d44e-582d-0b5eea40f8eb;51:88:0A:9E;0;AVIÁRIO MEIO;611,00;25/10/2025;19:09:09;20;1282-20
CO2;1282;CT-CO2-0;02938df5-6afb-d44e-582d-0b5eea40f8eb;51:88:0A:9E;0;AVIÁRIO MEIO;630,00;25/10/2025;19:14:11;20;1282-20
CO2;1282;CT-CO2-0;02938df5-6afb-d44e-582d-0b5eea40f8eb;51:88:0A:9E;0;AVIÁRIO MEIO;633,00;25/10/2025;19:19:43;20;1282-20
CO2;1282;CT-CO2-0;02938df5-6afb-d44e-582d-0b5eea40f8eb;51:88:0A:9E;0;AVIÁRIO MEIO;623,00;25/10/2025;19:25:20;20;1282-20
CO2;1282;CT-CO2-0;02938df5-6afb-d44e-582d-0b5eea40f8eb;51:88:0A:9E;0;AVIÁRIO MEIO;630,00;25/10/2025;19:30:22;20;1282-20
CO2;1282;CT-CO2-0;02938df5-6afb-d44e-582d-0b5eea40f8eb;51:88:0A:9E;0;AVIÁRIO MEIO;622,00;25/10/2025;19:35:54;20;1282-20
CO2;1282;CT-CO2-0;02938df5-6afb-d44e-582d-0b5eea40f8eb;51:88:0A:9E;0;AVIÁRIO MEIO;625,00;25/10/2025;19:41:58;20;1282-20
CO2;1282;CT-CO2-0;02938df5-6afb-d44e-582d-0b5eea40f8eb;51:88:0A:9E;0;AVIÁRIO MEIO;637,00;25/10/2025;19:47:00;20;1282-20
CO2;1282;CT-CO2-0;02938df5-6afb-d44e-582d-0b5eea40f8eb;51:88:0A:9E;0;AVIÁRIO MEIO;639,00;25/10/2025;19:52:02;20;1282-20
CO2;1282;CT-CO2-0;02938df5-6afb-d44e-582d-0b5eea40f8eb;51:88:0A:9E;0;AVIÁRIO MEIO;704,00;25/10/2025;19:57:35;20;1282-20
CO2;1282;CT-CO2-0;02938df5-6afb-d44e-582d-0b5eea40f8eb;51:88:0A:9E;0;AVIÁRIO MEIO;707,00;25/10/2025;20:03:08;20;1282-20
CO2;1282;CT-CO2-0;02938df5-6afb-d44e-582d-0b5eea40f8eb;51:88:0A:9E;0;AVIÁRIO MEIO;620,00;25/10/2025;20:13:42;20;1282-20
CO2;1282;CT-CO2-0;02938df5-6afb-d44e-582d-0b5eea40f8eb;51:88:0A:9E;0;AVIÁRIO MEIO;650,00;25/10/2025;20:24:45;20;1282-20
CO2;1282;CT-CO2-0;02938df5-6afb-d44e-582d-0b5eea40f8eb;51:88:0A:9E;0;AVIÁRIO MEIO;756,00;25/10/2025;20:30:18;20;1282-20
CO2;1282;CT-CO2-0;02938df5-6afb-d44e-582d-0b5eea40f8eb;51:88:0A:9E;0;AVIÁRIO MEIO;814,00;25/10/2025;20:35:19;20;1282-20
CO2;1282;CT-CO2-0;02938df5-6afb-d44e-582d-0b5eea40f8eb;51:88:0A:9E;0;AVIÁRIO MEIO;754,00;25/10/2025;20:40:52;20;1282-20
CO2;1282;CT-CO2-0;02938df5-6afb-d44e-582d-0b5eea40f8eb;51:88:0A:9E;0;AVIÁRIO MEIO;804,00;25/10/2025;20:46:23;20;1282-20
CO2;1282;CT-CO2-0;02938df5-6afb-d44e-582d-0b5eea40f8eb;51:88:0A:9E;0;AVIÁRIO MEIO;777,00;25/10/2025;20:51:58;20;1282-20
CO2;1282;CT-CO2-0;02938df5-6afb-d44e-582d-0b5eea40f8eb;51:88:0A:9E;0;AVIÁRIO MEIO;749,00;25/10/2025;20:57:00;20;1282-20
CO2;1282;CT-CO2-0;02938df5-6afb-d44e-582d-0b5eea40f8eb;51:88:0A:9E;0;AVIÁRIO MEIO;899,00;25/10/2025;21:07:01;20;1282-20
CO2;1282;CT-CO2-0;02938df5-6afb-d44e-582d-0b5eea40f8eb;51:88:0A:9E;0;AVIÁRIO MEIO;889,00;25/10/2025;21:12:04;20;1282-20
CO2;1282;CT-CO2-0;02938df5-6afb-d44e-582d-0b5eea40f8eb;51:88:0A:9E;0;AVIÁRIO MEIO;902,00;25/10/2025;21:17:35;20;1282-20
CO2;1282;CT-CO2-0;02938df5-6afb-d44e-582d-0b5eea40f8eb;51:88:0A:9E;0;AVIÁRIO MEIO;923,00;25/10/2025;21:23:07;20;1282-20
CO2;1282;CT-CO2-0;02938df5-6afb-d44e-582d-0b5eea40f8eb;51:88:0A:9E;0;AVIÁRIO MEIO;931,00;25/10/2025;21:28:39;20;1282-20
CO2;1282;CT-CO2-0;02938df5-6afb-d44e-582d-0b5eea40f8eb;51:88:0A:9E;0;AVIÁRIO MEIO;964,00;25/10/2025;21:33:42;20;1282-20
CO2;1282;CT-CO2-0;02938df5-6afb-d44e-582d-0b5eea40f8eb;51:88:0A:9E;0;AVIÁRIO MEIO;955,00;25/10/2025;21:39:14;20;1282-20
CO2;1282;CT-CO2-0;02938df5-6afb-d44e-582d-0b5eea40f8eb;51:88:0A:9E;0;AVIÁRIO MEIO;937,00;25/10/2025;21:44:46;20;1282-20
CO2;1282;CT-CO2-0;02938df5-6afb-d44e-582d-0b5eea40f8eb;51:88:0A:9E;0;AVIÁRIO MEIO;921,00;25/10/2025;21:50:18;20;1282-20
CO2;1282;CT-CO2-0;02938df5-6afb-d44e-582d-0b5eea40f8eb;51:88:0A:9E;0;AVIÁRIO MEIO;958,00;25/10/2025;21:55:20;20;1282-20
CO2;1282;CT-CO2-0;02938df5-6afb-d44e-582d-0b5eea40f8eb;51:88:0A:9E;0;AVIÁRIO MEIO;942,00;25/10/2025;22:01:24;20;1282-20
CO2;1282;CT-CO2-0;02938df5-6afb-d44e-582d-0b5eea40f8eb;51:88:0A:9E;0;AVIÁRIO MEIO;957,00;25/10/2025;22:06:26;20;1282-20
CO2;1282;CT-CO2-0;02938df5-6afb-d44e-582d-0b5eea40f8eb;51:88:0A:9E;0;AVIÁRIO MEIO;953,00;25/10/2025;22:11:59;20;1282-20
CO2;1282;CT-CO2-0;02938df5-6afb-d44e-582d-0b5eea40f8eb;51:88:0A:9E;0;AVIÁRIO MEIO;949,00;25/10/2025;22:17:01;20;1282-20
CO2;1282;CT-CO2-0;02938df5-6afb-d44e-582d-0b5eea40f8eb;51:88:0A:9E;0;AVIÁRIO MEIO;970,00;25/10/2025;22:22:33;20;1282-20
CO2;1282;CT-CO2-0;02938df5-6afb-d44e-582d-0b5eea40f8eb;51:88:0A:9E;0;AVIÁRIO MEIO;955,00;25/10/2025;22:28:05;20;1282-20
CO2;1282;CT-CO2-0;02938df5-6afb-d44e-582d-0b5eea40f8eb;51:88:0A:9E;0;AVIÁRIO MEIO;957,00;25/10/2025;22:33:38;20;1282-20
CO2;1282;CT-CO2-0;02938df5-6afb-d44e-582d-0b5eea40f8eb;51:88:0A:9E;0;AVIÁRIO MEIO;955,00;25/10/2025;22:38:40;20;1282-20
CO2;1282;CT-CO2-0;02938df5-6afb-d44e-582d-0b5eea40f8eb;51:88:0A:9E;0;AVIÁRIO MEIO;954,00;25/10/2025;22:44:12;20;1282-20
CO2;1282;CT-CO2-0;02938df5-6afb-d44e-582d-0b5eea40f8eb;51:88:0A:9E;0;AVIÁRIO MEIO;1.017,00;25/10/2025;22:49:44;20;1282-20
CO2;1282;CT-CO2-0;02938df5-6afb-d44e-582d-0b5eea40f8eb;51:88:0A:9E;0;AVIÁRIO MEIO;1.028,00;25/10/2025;22:54:47;20;1282-20
CO2;1282;CT-CO2-0;02938df5-6afb-d44e-582d-0b5eea40f8eb;51:88:0A:9E;0;AVIÁRIO MEIO;1.014,00;25/10/2025;23:00:19;20;1282-20
CO2;1282;CT-CO2-0;02938df5-6afb-d44e-582d-0b5eea40f8eb;51:88:0A:9E;0;AVIÁRIO MEIO;970,00;25/10/2025;23:05:52;20;1282-20
CO2;1282;CT-CO2-0;02938df5-6afb-d44e-582d-0b5eea40f8eb;51:88:0A:9E;0;AVIÁRIO MEIO;1.026,00;25/10/2025;23:11:25;20;1282-20
CO2;1282;CT-CO2-0;02938df5-6afb-d44e-582d-0b5eea40f8eb;51:88:0A:9E;0;AVIÁRIO MEIO;980,00;25/10/2025;23:16:27;20;1282-20
CO2;1282;CT-CO2-0;02938df5-6afb-d44e-582d-0b5eea40f8eb;51:88:0A:9E;0;AVIÁRIO MEIO;1.059,00;25/10/2025;23:21:59;20;1282-20
CO2;1282;CT-CO2-0;02938df5-6afb-d44e-582d-0b5eea40f8eb;51:88:0A:9E;0;AVIÁRIO MEIO;1.049,00;25/10/2025;23:27:31;20;1282-20
CO2;1282;CT-CO2-0;02938df5-6afb-d44e-582d-0b5eea40f8eb;51:88:0A:9E;0;AVIÁRIO MEIO;983,00;25/10/2025;23:32:33;20;1282-20
CO2;1282;CT-CO2-0;02938df5-6afb-d44e-582d-0b5eea40f8eb;51:88:0A:9E;0;AVIÁRIO MEIO;995,00;25/10/2025;23:38:05;20;1282-20
CO2;1282;CT-CO2-0;02938df5-6afb-d44e-582d-0b5eea40f8eb;51:88:0A:9E;0;AVIÁRIO MEIO;1.042,00;25/10/2025;23:43:07;20;1282-20
CO2;1282;CT-CO2-0;02938df5-6afb-d44e-582d-0b5eea40f8eb;51:88:0A:9E;0;AVIÁRIO MEIO;1.010,00;25/10/2025;23:48:40;20;1282-20
CO2;1282;CT-CO2-0;02938df5-6afb-d44e-582d-0b5eea40f8eb;51:88:0A:9E;0;AVIÁRIO MEIO;1.049,00;25/10/2025;23:53:44;20;1282-20
CO2;1282;CT-CO2-0;02938df5-6afb-d44e-582d-0b5eea40f8eb;51:88:0A:9E;0;AVIÁRIO MEIO;1.037,00;25/10/2025;23:59:16;20;1282-20
CO2;1282;CT-CO2-0;02938df5-6afb-d44e-582d-0b5eea40f8eb;51:88:0A:9E;0;AVIÁRIO MEIO;1.055,00;26/10/2025;00:04:19;20;1282-20
CO2;1282;CT-CO2-0;02938df5-6afb-d44e-582d-0b5eea40f8eb;51:88:0A:9E;0;AVIÁRIO MEIO;1.023,00;26/10/2025;00:09:51;20;1282-20
CO2;1282;CT-CO2-0;02938df5-6afb-d44e-582d-0b5eea40f8eb;51:88:0A:9E;0;AVIÁRIO MEIO;1.116,00;26/10/2025;00:14:53;20;1282-20
CO2;1282;CT-CO2-0;02938df5-6afb-d44e-582d-0b5eea40f8eb;51:88:0A:9E;0;AVIÁRIO MEIO;985,00;26/10/2025;00:20:55;20;1282-20
CO2;1282;CT-CO2-0;02938df5-6afb-d44e-582d-0b5eea40f8eb;51:88:0A:9E;0;AVIÁRIO MEIO;1.071,00;26/10/2025;00:25:27;20;1282-20
CO2;1282;CT-CO2-0;02938df5-6afb-d44e-582d-0b5eea40f8eb;51:88:0A:9E;0;AVIÁRIO MEIO;1.070,00;26/10/2025;00:30:59;20;1282-20
CO2;1282;CT-CO2-0;02938df5-6afb-d44e-582d-0b5eea40f8eb;51:88:0A:9E;0;AVIÁRIO MEIO;1.080,00;26/10/2025;00:36:01;20;1282-20
CO2;1282;CT-CO2-0;02938df5-6afb-d44e-582d-0b5eea40f8eb;51:88:0A:9E;0;AVIÁRIO MEIO;1.111,00;26/10/2025;00:41:33;20;1282-20
CO2;1282;CT-CO2-0;02938df5-6afb-d44e-582d-0b5eea40f8eb;51:88:0A:9E;0;AVIÁRIO MEIO;1.125,00;26/10/2025;00:47:05;20;1282-20
CO2;1282;CT-CO2-0;02938df5-6afb-d44e-582d-0b5eea40f8eb;51:88:0A:9E;0;AVIÁRIO MEIO;1.156,00;26/10/2025;01:03:42;20;1282-20
CO2;1282;CT-CO2-0;02938df5-6afb-d44e-582d-0b5eea40f8eb;51:88:0A:9E;0;AVIÁRIO MEIO;1.172,00;26/10/2025;01:09:14;20;1282-20
CO2;1282;CT-CO2-0;02938df5-6afb-d44e-582d-0b5eea40f8eb;51:88:0A:9E;0;AVIÁRIO MEIO;1.200,00;26/10/2025;01:14:16;20;1282-20
CO2;1282;CT-CO2-0;02938df5-6afb-d44e-582d-0b5eea40f8eb;51:88:0A:9E;0;AVIÁRIO MEIO;1.169,00;26/10/2025;01:19:48;20;1282-20
CO2;1282;CT-CO2-0;02938df5-6afb-d44e-582d-0b5eea40f8eb;51:88:0A:9E;0;AVIÁRIO MEIO;1.180,00;26/10/2025;01:25:20;20;1282-20
CO2;1282;CT-CO2-0;02938df5-6afb-d44e-582d-0b5eea40f8eb;51:88:0A:9E;0;AVIÁRIO MEIO;1.199,00;26/10/2025;01:30:55;20;1282-20
CO2;1282;CT-CO2-0;02938df5-6afb-d44e-582d-0b5eea40f8eb;51:88:0A:9E;0;AVIÁRIO MEIO;1.189,00;26/10/2025;01:35:58;20;1282-20
CO2;1282;CT-CO2-0;02938df5-6afb-d44e-582d-0b5eea40f8eb;51:88:0A:9E;0;AVIÁRIO MEIO;1.246,00;26/10/2025;01:41:30;20;1282-20
CO2;1282;CT-CO2-0;02938df5-6afb-d44e-582d-0b5eea40f8eb;51:88:0A:9E;0;AVIÁRIO MEIO;1.185,00;26/10/2025;01:46:33;20;1282-20
CO2;1282;CT-CO2-0;02938df5-6afb-d44e-582d-0b5eea40f8eb;51:88:0A:9E;0;AVIÁRIO MEIO;1.221,00;26/10/2025;01:52:05;20;1282-20
CO2;1282;CT-CO2-0;02938df5-6afb-d44e-582d-0b5eea40f8eb;51:88:0A:9E;0;AVIÁRIO MEIO;1.191,00;26/10/2025;01:57:37;20;1282-20
CO2;1282;CT-CO2-0;02938df5-6afb-d44e-582d-0b5eea40f8eb;51:88:0A:9E;0;AVIÁRIO MEIO;1.157,00;26/10/2025;02:02:39;20;1282-20
CO2;1282;CT-CO2-0;02938df5-6afb-d44e-582d-0b5eea40f8eb;51:88:0A:9E;0;AVIÁRIO MEIO;1.213,00;26/10/2025;02:08:10;20;1282-20
CO2;1282;CT-CO2-0;02938df5-6afb-d44e-582d-0b5eea40f8eb;51:88:0A:9E;0;AVIÁRIO MEIO;1.250,00;26/10/2025;02:13:42;20;1282-20
CO2;1282;CT-CO2-0;02938df5-6afb-d44e-582d-0b5eea40f8eb;51:88:0A:9E;0;AVIÁRIO MEIO;1.234,00;26/10/2025;02:24:18;20;1282-20
CO2;1282;CT-CO2-0;02938df5-6afb-d44e-582d-0b5eea40f8eb;51:88:0A:9E;0;AVIÁRIO MEIO;1.254,00;26/10/2025;02:29:49;20;1282-20
CO2;1282;CT-CO2-0;02938df5-6afb-d44e-582d-0b5eea40f8eb;51:88:0A:9E;0;AVIÁRIO MEIO;1.208,00;26/10/2025;02:34:51;20;1282-20
CO2;1282;CT-CO2-0;02938df5-6afb-d44e-582d-0b5eea40f8eb;51:88:0A:9E;0;AVIÁRIO MEIO;1.274,00;26/10/2025;02:40:55;20;1282-20
CO2;1282;CT-CO2-0;02938df5-6afb-d44e-582d-0b5eea40f8eb;51:88:0A:9E;0;AVIÁRIO MEIO;1.226,00;26/10/2025;02:45:56;20;1282-20
CO2;1282;CT-CO2-0;02938df5-6afb-d44e-582d-0b5eea40f8eb;51:88:0A:9E;0;AVIÁRIO MEIO;1.247,00;26/10/2025;02:50:58;20;1282-20
CO2;1282;CT-CO2-0;02938df5-6afb-d44e-582d-0b5eea40f8eb;51:88:0A:9E;0;AVIÁRIO MEIO;1.294,00;26/10/2025;02:56:31;20;1282-20
CO2;1282;CT-CO2-0;02938df5-6afb-d44e-582d-0b5eea40f8eb;51:88:0A:9E;0;AVIÁRIO MEIO;1.243,00;26/10/2025;03:02:03;20;1282-20
CO2;1282;CT-CO2-0;02938df5-6afb-d44e-582d-0b5eea40f8eb;51:88:0A:9E;0;AVIÁRIO MEIO;1.265,00;26/10/2025;03:07:04;20;1282-20
CO2;1282;CT-CO2-0;02938df5-6afb-d44e-582d-0b5eea40f8eb;51:88:0A:9E;0;AVIÁRIO MEIO;1.165,00;26/10/2025;03:12:36;20;1282-20
CO2;1282;CT-CO2-0;02938df5-6afb-d44e-582d-0b5eea40f8eb;51:88:0A:9E;0;AVIÁRIO MEIO;1.230,00;26/10/2025;03:18:09;20;1282-20
CO2;1282;CT-CO2-0;02938df5-6afb-d44e-582d-0b5eea40f8eb;51:88:0A:9E;0;AVIÁRIO MEIO;1.232,00;26/10/2025;03:23:11;20;1282-20
CO2;1282;CT-CO2-0;02938df5-6afb-d44e-582d-0b5eea40f8eb;51:88:0A:9E;0;AVIÁRIO MEIO;1.250,00;26/10/2025;03:28:45;20;1282-20
CO2;1282;CT-CO2-0;02938df5-6afb-d44e-582d-0b5eea40f8eb;51:88:0A:9E;0;AVIÁRIO MEIO;1.274,00;26/10/2025;03:33:48;20;1282-20
CO2;1282;CT-CO2-0;02938df5-6afb-d44e-582d-0b5eea40f8eb;51:88:0A:9E;0;AVIÁRIO MEIO;1.274,00;26/10/2025;03:39:20;20;1282-20
CO2;1282;CT-CO2-0;02938df5-6afb-d44e-582d-0b5eea40f8eb;51:88:0A:9E;0;AVIÁRIO MEIO;1.245,00;26/10/2025;03:44:52;20;1282-20
CO2;1282;CT-CO2-0;02938df5-6afb-d44e-582d-0b5eea40f8eb;51:88:0A:9E;0;AVIÁRIO MEIO;1.263,00;26/10/2025;03:50:27;20;1282-20
CO2;1282;CT-CO2-0;02938df5-6afb-d44e-582d-0b5eea40f8eb;51:88:0A:9E;0;AVIÁRIO MEIO;1.237,00;26/10/2025;03:55:29;20;1282-20
CO2;1282;CT-CO2-0;02938df5-6afb-d44e-582d-0b5eea40f8eb;51:88:0A:9E;0;AVIÁRIO MEIO;1.221,00;26/10/2025;04:01:02;20;1282-20
CO2;1282;CT-CO2-0;02938df5-6afb-d44e-582d-0b5eea40f8eb;51:88:0A:9E;0;AVIÁRIO MEIO;1.259,00;26/10/2025;04:06:04;20;1282-20
CO2;1282;CT-CO2-0;02938df5-6afb-d44e-582d-0b5eea40f8eb;51:88:0A:9E;0;AVIÁRIO MEIO;1.257,00;26/10/2025;04:11:36;20;1282-20
CO2;1282;CT-CO2-0;02938df5-6afb-d44e-582d-0b5eea40f8eb;51:88:0A:9E;0;AVIÁRIO MEIO;1.201,00;26/10/2025;04:17:08;20;1282-20
CO2;1282;CT-CO2-0;02938df5-6afb-d44e-582d-0b5eea40f8eb;51:88:0A:9E;0;AVIÁRIO MEIO;1.256,00;26/10/2025;04:22:10;20;1282-20
CO2;1282;CT-CO2-0;02938df5-6afb-d44e-582d-0b5eea40f8eb;51:88:0A:9E;0;AVIÁRIO MEIO;1.252,00;26/10/2025;04:27:41;20;1282-20
CO2;1282;CT-CO2-0;02938df5-6afb-d44e-582d-0b5eea40f8eb;51:88:0A:9E;0;AVIÁRIO MEIO;1.244,00;26/10/2025;04:33:13;20;1282-20
CO2;1282;CT-CO2-0;02938df5-6afb-d44e-582d-0b5eea40f8eb;51:88:0A:9E;0;AVIÁRIO MEIO;1.307,00;26/10/2025;04:38:15;20;1282-20
CO2;1282;CT-CO2-0;02938df5-6afb-d44e-582d-0b5eea40f8eb;51:88:0A:9E;0;AVIÁRIO MEIO;1.261,00;26/10/2025;04:43:47;20;1282-20
CO2;1282;CT-CO2-0;02938df5-6afb-d44e-582d-0b5eea40f8eb;51:88:0A:9E;0;AVIÁRIO MEIO;1.250,00;26/10/2025;04:49:20;20;1282-20
CO2;1282;CT-CO2-0;02938df5-6afb-d44e-582d-0b5eea40f8eb;51:88:0A:9E;0;AVIÁRIO MEIO;1.242,00;26/10/2025;04:54:21;20;1282-20
CO2;1282;CT-CO2-0;02938df5-6afb-d44e-582d-0b5eea40f8eb;51:88:0A:9E;0;AVIÁRIO MEIO;1.274,00;26/10/2025;05:00:25;20;1282-20
CO2;1282;CT-CO2-0;02938df5-6afb-d44e-582d-0b5eea40f8eb;51:88:0A:9E;0;AVIÁRIO MEIO;1.288,00;26/10/2025;05:05:27;20;1282-20
CO2;1282;CT-CO2-0;02938df5-6afb-d44e-582d-0b5eea40f8eb;51:88:0A:9E;0;AVIÁRIO MEIO;1.273,00;26/10/2025;05:10:29;20;1282-20
CO2;1282;CT-CO2-0;02938df5-6afb-d44e-582d-0b5eea40f8eb;51:88:0A:9E;0;AVIÁRIO MEIO;1.235,00;26/10/2025;05:16:01;20;1282-20
CO2;1282;CT-CO2-0;02938df5-6afb-d44e-582d-0b5eea40f8eb;51:88:0A:9E;0;AVIÁRIO MEIO;1.289,00;26/10/2025;05:21:32;20;1282-20
CO2;1282;CT-CO2-0;02938df5-6afb-d44e-582d-0b5eea40f8eb;51:88:0A:9E;0;AVIÁRIO MEIO;1.239,00;26/10/2025;05:27:04;20;1282-20
CO2;1282;CT-CO2-0;02938df5-6afb-d44e-582d-0b5eea40f8eb;51:88:0A:9E;0;AVIÁRIO MEIO;1.221,00;26/10/2025;05:32:07;20;1282-20
CO2;1282;CT-CO2-0;02938df5-6afb-d44e-582d-0b5eea40f8eb;51:88:0A:9E;0;AVIÁRIO MEIO;1.224,00;26/10/2025;05:37:39;20;1282-20
CO2;1282;CT-CO2-0;02938df5-6afb-d44e-582d-0b5eea40f8eb;51:88:0A:9E;0;AVIÁRIO MEIO;1.246,00;26/10/2025;05:43:11;20;1282-20
CO2;1282;CT-CO2-0;02938df5-6afb-d44e-582d-0b5eea40f8eb;51:88:0A:9E;0;AVIÁRIO MEIO;1.258,00;26/10/2025;05:48:13;20;1282-20
CO2;1282;CT-CO2-0;02938df5-6afb-d44e-582d-0b5eea40f8eb;51:88:0A:9E;0;AVIÁRIO MEIO;1.238,00;26/10/2025;05:53:44;20;1282-20
CO2;1282;CT-CO2-0;02938df5-6afb-d44e-582d-0b5eea40f8eb;51:88:0A:9E;0;AVIÁRIO MEIO;1.242,00;26/10/2025;05:59:17;20;1282-20
CO2;1282;CT-CO2-0;02938df5-6afb-d44e-582d-0b5eea40f8eb;51:88:0A:9E;0;AVIÁRIO MEIO;1.331,00;26/10/2025;06:04:19;20;1282-20
CO2;1282;CT-CO2-0;02938df5-6afb-d44e-582d-0b5eea40f8eb;51:88:0A:9E;0;AVIÁRIO MEIO;1.256,00;26/10/2025;06:10:23;20;1282-20
CO2;1282;CT-CO2-0;02938df5-6afb-d44e-582d-0b5eea40f8eb;51:88:0A:9E;0;AVIÁRIO MEIO;1.250,00;26/10/2025;06:15:24;20;1282-20
CO2;1282;CT-CO2-0;02938df5-6afb-d44e-582d-0b5eea40f8eb;51:88:0A:9E;0;AVIÁRIO MEIO;1.229,00;26/10/2025;06:20:26;20;1282-20
CO2;1282;CT-CO2-0;02938df5-6afb-d44e-582d-0b5eea40f8eb;51:88:0A:9E;0;AVIÁRIO MEIO;1.265,00;26/10/2025;06:25:59;20;1282-20
CO2;1282;CT-CO2-0;02938df5-6afb-d44e-582d-0b5eea40f8eb;51:88:0A:9E;0;AVIÁRIO MEIO;1.260,00;26/10/2025;06:31:31;20;1282-20
CO2;1282;CT-CO2-0;02938df5-6afb-d44e-582d-0b5eea40f8eb;51:88:0A:9E;0;AVIÁRIO MEIO;1.216,00;26/10/2025;06:37:03;20;1282-20
CO2;1282;CT-CO2-0;02938df5-6afb-d44e-582d-0b5eea40f8eb;51:88:0A:9E;0;AVIÁRIO MEIO;1.219,00;26/10/2025;06:42:05;20;1282-20
CO2;1282;CT-CO2-0;02938df5-6afb-d44e-582d-0b5eea40f8eb;51:88:0A:9E;0;AVIÁRIO MEIO;1.265,00;26/10/2025;06:47:37;20;1282-20
CO2;1282;CT-CO2-0;02938df5-6afb-d44e-582d-0b5eea40f8eb;51:88:0A:9E;0;AVIÁRIO MEIO;1.242,00;26/10/2025;06:53:10;20;1282-20
CO2;1282;CT-CO2-0;02938df5-6afb-d44e-582d-0b5eea40f8eb;51:88:0A:9E;0;AVIÁRIO MEIO;1.276,00;26/10/2025;06:58:12;20;1282-20
CO2;1282;CT-CO2-0;02938df5-6afb-d44e-582d-0b5eea40f8eb;51:88:0A:9E;0;AVIÁRIO MEIO;1.268,00;26/10/2025;07:03:45;20;1282-20
CO2;1282;CT-CO2-0;02938df5-6afb-d44e-582d-0b5eea40f8eb;51:88:0A:9E;0;AVIÁRIO MEIO;1.267,00;26/10/2025;07:09:17;20;1282-20
CO2;1282;CT-CO2-0;02938df5-6afb-d44e-582d-0b5eea40f8eb;51:88:0A:9E;0;AVIÁRIO MEIO;1.272,00;26/10/2025;07:14:20;20;1282-20
CO2;1282;CT-CO2-0;02938df5-6afb-d44e-582d-0b5eea40f8eb;51:88:0A:9E;0;AVIÁRIO MEIO;1.249,00;26/10/2025;07:20:22;20;1282-20
CO2;1282;CT-CO2-0;02938df5-6afb-d44e-582d-0b5eea40f8eb;51:88:0A:9E;0;AVIÁRIO MEIO;1.319,00;26/10/2025;07:25:24;20;1282-20
CO2;1282;CT-CO2-0;02938df5-6afb-d44e-582d-0b5eea40f8eb;51:88:0A:9E;0;AVIÁRIO MEIO;1.340,00;26/10/2025;07:30:26;20;1282-20
CO2;1282;CT-CO2-0;02938df5-6afb-d44e-582d-0b5eea40f8eb;51:88:0A:9E;0;AVIÁRIO MEIO;1.286,00;26/10/2025;07:35:59;20;1282-20
CO2;1282;CT-CO2-0;02938df5-6afb-d44e-582d-0b5eea40f8eb;51:88:0A:9E;0;AVIÁRIO MEIO;1.407,00;26/10/2025;07:41:31;20;1282-20
CO2;1282;CT-CO2-0;02938df5-6afb-d44e-582d-0b5eea40f8eb;51:88:0A:9E;0;AVIÁRIO MEIO;1.434,00;26/10/2025;07:46:34;20;1282-20
CO2;1282;CT-CO2-0;02938df5-6afb-d44e-582d-0b5eea40f8eb;51:88:0A:9E;0;AVIÁRIO MEIO;1.343,00;26/10/2025;07:52:06;20;1282-20
CO2;1282;CT-CO2-0;02938df5-6afb-d44e-582d-0b5eea40f8eb;51:88:0A:9E;0;AVIÁRIO MEIO;1.385,00;26/10/2025;08:02:39;20;1282-20
CO2;1282;CT-CO2-0;02938df5-6afb-d44e-582d-0b5eea40f8eb;51:88:0A:9E;0;AVIÁRIO MEIO;1.444,00;26/10/2025;08:07:41;20;1282-20
CO2;1282;CT-CO2-0;02938df5-6afb-d44e-582d-0b5eea40f8eb;51:88:0A:9E;0;AVIÁRIO MEIO;1.363,00;26/10/2025;08:13:13;20;1282-20
CO2;1282;CT-CO2-0;02938df5-6afb-d44e-582d-0b5eea40f8eb;51:88:0A:9E;0;AVIÁRIO MEIO;1.340,00;26/10/2025;08:18:45;20;1282-20
CO2;1282;CT-CO2-0;02938df5-6afb-d44e-582d-0b5eea40f8eb;51:88:0A:9E;0;AVIÁRIO MEIO;1.289,00;26/10/2025;08:23:47;20;1282-20
CO2;1282;CT-CO2-0;02938df5-6afb-d44e-582d-0b5eea40f8eb;51:88:0A:9E;0;AVIÁRIO MEIO;1.269,00;26/10/2025;08:29:52;20;1282-20
CO2;1282;CT-CO2-0;02938df5-6afb-d44e-582d-0b5eea40f8eb;51:88:0A:9E;0;AVIÁRIO MEIO;1.180,00;26/10/2025;08:34:23;20;1282-20
CO2;1282;CT-CO2-0;02938df5-6afb-d44e-582d-0b5eea40f8eb;51:88:0A:9E;0;AVIÁRIO MEIO;1.225,00;26/10/2025;08:39:55;20;1282-20
CO2;1282;CT-CO2-0;02938df5-6afb-d44e-582d-0b5eea40f8eb;51:88:0A:9E;0;AVIÁRIO MEIO;701,00;26/10/2025;08:45:29;20;1282-20
CO2;1282;CT-CO2-0;02938df5-6afb-d44e-582d-0b5eea40f8eb;51:88:0A:9E;0;AVIÁRIO MEIO;601,00;26/10/2025;08:50:32;20;1282-20
CO2;1282;CT-CO2-0;02938df5-6afb-d44e-582d-0b5eea40f8eb;51:88:0A:9E;0;AVIÁRIO MEIO;618,00;26/10/2025;08:56:04;20;1282-20
CO2;1282;CT-CO2-0;02938df5-6afb-d44e-582d-0b5eea40f8eb;51:88:0A:9E;0;AVIÁRIO MEIO;922,00;26/10/2025;09:01:35;20;1282-20
CO2;1282;CT-CO2-0;02938df5-6afb-d44e-582d-0b5eea40f8eb;51:88:0A:9E;0;AVIÁRIO MEIO;1.229,00;26/10/2025;09:06:37;20;1282-20
CO2;1282;CT-CO2-0;02938df5-6afb-d44e-582d-0b5eea40f8eb;51:88:0A:9E;0;AVIÁRIO MEIO;1.339,00;26/10/2025;09:12:09;20;1282-20
CO2;1282;CT-CO2-0;02938df5-6afb-d44e-582d-0b5eea40f8eb;51:88:0A:9E;0;AVIÁRIO MEIO;1.256,00;26/10/2025;09:17:42;20;1282-20
CO2;1282;CT-CO2-0;02938df5-6afb-d44e-582d-0b5eea40f8eb;51:88:0A:9E;0;AVIÁRIO MEIO;1.224,00;26/10/2025;09:22:45;20;1282-20
CO2;1282;CT-CO2-0;02938df5-6afb-d44e-582d-0b5eea40f8eb;51:88:0A:9E;0;AVIÁRIO MEIO;1.253,00;26/10/2025;09:28:17;20;1282-20
CO2;1282;CT-CO2-0;02938df5-6afb-d44e-582d-0b5eea40f8eb;51:88:0A:9E;0;AVIÁRIO MEIO;1.147,00;26/10/2025;09:33:49;20;1282-20
CO2;1282;CT-CO2-0;02938df5-6afb-d44e-582d-0b5eea40f8eb;51:88:0A:9E;0;AVIÁRIO MEIO;1.180,00;26/10/2025;09:39:22;20;1282-20
CO2;1282;CT-CO2-0;02938df5-6afb-d44e-582d-0b5eea40f8eb;51:88:0A:9E;0;AVIÁRIO MEIO;1.189,00;26/10/2025;09:44:24;20;1282-20
CO2;1282;CT-CO2-0;02938df5-6afb-d44e-582d-0b5eea40f8eb;51:88:0A:9E;0;AVIÁRIO MEIO;1.100,00;26/10/2025;09:49:57;20;1282-20
CO2;1282;CT-CO2-0;02938df5-6afb-d44e-582d-0b5eea40f8eb;51:88:0A:9E;0;AVIÁRIO MEIO;1.202,00;26/10/2025;09:54:59;20;1282-20
CO2;1282;CT-CO2-0;02938df5-6afb-d44e-582d-0b5eea40f8eb;51:88:0A:9E;0;AVIÁRIO MEIO;1.187,00;26/10/2025;10:00:31;20;1282-20
CO2;1282;CT-CO2-0;02938df5-6afb-d44e-582d-0b5eea40f8eb;51:88:0A:9E;0;AVIÁRIO MEIO;1.090,00;26/10/2025;10:06:03;20;1282-20
CO2;1282;CT-CO2-0;02938df5-6afb-d44e-582d-0b5eea40f8eb;51:88:0A:9E;0;AVIÁRIO MEIO;1.103,00;26/10/2025;10:11:05;20;1282-20
CO2;1282;CT-CO2-0;02938df5-6afb-d44e-582d-0b5eea40f8eb;51:88:0A:9E;0;AVIÁRIO MEIO;1.171,00;26/10/2025;10:16:38;20;1282-20
CO2;1282;CT-CO2-0;02938df5-6afb-d44e-582d-0b5eea40f8eb;51:88:0A:9E;0;AVIÁRIO MEIO;1.138,00;26/10/2025;10:22:10;20;1282-20
CO2;1282;CT-CO2-0;02938df5-6afb-d44e-582d-0b5eea40f8eb;51:88:0A:9E;0;AVIÁRIO MEIO;1.139,00;26/10/2025;10:27:13;20;1282-20
CO2;1282;CT-CO2-0;02938df5-6afb-d44e-582d-0b5eea40f8eb;51:88:0A:9E;0;AVIÁRIO MEIO;1.136,00;26/10/2025;10:32:45;20;1282-20
CO2;1282;CT-CO2-0;02938df5-6afb-d44e-582d-0b5eea40f8eb;51:88:0A:9E;0;AVIÁRIO MEIO;1.183,00;26/10/2025;10:38:17;20;1282-20
CO2;1282;CT-CO2-0;02938df5-6afb-d44e-582d-0b5eea40f8eb;51:88:0A:9E;0;AVIÁRIO MEIO;1.141,00;26/10/2025;10:43:49;20;1282-20
CO2;1282;CT-CO2-0;02938df5-6afb-d44e-582d-0b5eea40f8eb;51:88:0A:9E;0;AVIÁRIO MEIO;1.112,00;26/10/2025;10:49:22;20;1282-20
CO2;1282;CT-CO2-0;02938df5-6afb-d44e-582d-0b5eea40f8eb;51:88:0A:9E;0;AVIÁRIO MEIO;1.159,00;26/10/2025;10:54:24;20;1282-20
CO2;1282;CT-CO2-0;02938df5-6afb-d44e-582d-0b5eea40f8eb;51:88:0A:9E;0;AVIÁRIO MEIO;1.168,00;26/10/2025;10:59:57;20;1282-20
CO2;1282;CT-CO2-0;02938df5-6afb-d44e-582d-0b5eea40f8eb;51:88:0A:9E;0;AVIÁRIO MEIO;1.139,00;26/10/2025;11:05:00;20;1282-20
CO2;1282;CT-CO2-0;02938df5-6afb-d44e-582d-0b5eea40f8eb;51:88:0A:9E;0;AVIÁRIO MEIO;1.078,00;26/10/2025;11:10:32;20;1282-20
CO2;1282;CT-CO2-0;02938df5-6afb-d44e-582d-0b5eea40f8eb;51:88:0A:9E;0;AVIÁRIO MEIO;1.141,00;26/10/2025;11:16:04;20;1282-20
CO2;1282;CT-CO2-0;02938df5-6afb-d44e-582d-0b5eea40f8eb;51:88:0A:9E;0;AVIÁRIO MEIO;1.118,00;26/10/2025;11:21:06;20;1282-20
CO2;1282;CT-CO2-0;02938df5-6afb-d44e-582d-0b5eea40f8eb;51:88:0A:9E;0;AVIÁRIO MEIO;1.114,00;26/10/2025;11:26:38;20;1282-20
CO2;1282;CT-CO2-0;02938df5-6afb-d44e-582d-0b5eea40f8eb;51:88:0A:9E;0;AVIÁRIO MEIO;1.110,00;26/10/2025;11:32:10;20;1282-20
CO2;1282;CT-CO2-0;02938df5-6afb-d44e-582d-0b5eea40f8eb;51:88:0A:9E;0;AVIÁRIO MEIO;1.076,00;26/10/2025;11:37:12;20;1282-20
CO2;1282;CT-CO2-0;02938df5-6afb-d44e-582d-0b5eea40f8eb;51:88:0A:9E;0;AVIÁRIO MEIO;1.063,00;26/10/2025;11:42:46;20;1282-20
CO2;1282;CT-CO2-0;02938df5-6afb-d44e-582d-0b5eea40f8eb;51:88:0A:9E;0;AVIÁRIO MEIO;1.049,00;26/10/2025;11:48:18;20;1282-20
CO2;1282;CT-CO2-0;02938df5-6afb-d44e-582d-0b5eea40f8eb;51:88:0A:9E;0;AVIÁRIO MEIO;1.093,00;26/10/2025;11:53:22;20;1282-20
CO2;1282;CT-CO2-0;02938df5-6afb-d44e-582d-0b5eea40f8eb;51:88:0A:9E;0;AVIÁRIO MEIO;1.113,00;26/10/2025;11:59:27;20;1282-20
CO2;1282;CT-CO2-0;02938df5-6afb-d44e-582d-0b5eea40f8eb;51:88:0A:9E;0;AVIÁRIO MEIO;1.146,00;26/10/2025;12:03:58;20;1282-20
CO2;1282;CT-CO2-0;02938df5-6afb-d44e-582d-0b5eea40f8eb;51:88:0A:9E;0;AVIÁRIO MEIO;1.032,00;26/10/2025;12:09:30;20;1282-20
CO2;1282;CT-CO2-0;02938df5-6afb-d44e-582d-0b5eea40f8eb;51:88:0A:9E;0;AVIÁRIO MEIO;1.040,00;26/10/2025;12:15:02;20;1282-20
CO2;1282;CT-CO2-0;02938df5-6afb-d44e-582d-0b5eea40f8eb;51:88:0A:9E;0;AVIÁRIO MEIO;1.022,00;26/10/2025;12:20:04;20;1282-20
CO2;1282;CT-CO2-0;02938df5-6afb-d44e-582d-0b5eea40f8eb;51:88:0A:9E;0;AVIÁRIO MEIO;1.229,00;26/10/2025;12:30:36;20;1282-20
CO2;1282;CT-CO2-0;02938df5-6afb-d44e-582d-0b5eea40f8eb;51:88:0A:9E;0;AVIÁRIO MEIO;1.191,00;26/10/2025;12:36:08;20;1282-20
CO2;1282;CT-CO2-0;02938df5-6afb-d44e-582d-0b5eea40f8eb;51:88:0A:9E;0;AVIÁRIO MEIO;1.087,00;26/10/2025;12:41:40;20;1282-20
CO2;1282;CT-CO2-0;02938df5-6afb-d44e-582d-0b5eea40f8eb;51:88:0A:9E;0;AVIÁRIO MEIO;1.027,00;26/10/2025;12:46:42;20;1282-20
CO2;1282;CT-CO2-0;02938df5-6afb-d44e-582d-0b5eea40f8eb;51:88:0A:9E;0;AVIÁRIO MEIO;962,00;26/10/2025;12:52:14;20;1282-20
CO2;1282;CT-CO2-0;02938df5-6afb-d44e-582d-0b5eea40f8eb;51:88:0A:9E;0;AVIÁRIO MEIO;994,00;26/10/2025;12:57:46;20;1282-20
CO2;1282;CT-CO2-0;02938df5-6afb-d44e-582d-0b5eea40f8eb;51:88:0A:9E;0;AVIÁRIO MEIO;960,00;26/10/2025;13:02:48;20;1282-20
CO2;1282;CT-CO2-0;02938df5-6afb-d44e-582d-0b5eea40f8eb;51:88:0A:9E;0;AVIÁRIO MEIO;925,00;26/10/2025;13:08:55;20;1282-20
CO2;1282;CT-CO2-0;02938df5-6afb-d44e-582d-0b5eea40f8eb;51:88:0A:9E;0;AVIÁRIO MEIO;906,00;26/10/2025;13:13:57;20;1282-20
CO2;1282;CT-CO2-0;02938df5-6afb-d44e-582d-0b5eea40f8eb;51:88:0A:9E;0;AVIÁRIO MEIO;890,00;26/10/2025;13:18:58;20;1282-20
CO2;1282;CT-CO2-0;02938df5-6afb-d44e-582d-0b5eea40f8eb;51:88:0A:9E;0;AVIÁRIO MEIO;885,00;26/10/2025;13:24:30;20;1282-20
CO2;1282;CT-CO2-0;02938df5-6afb-d44e-582d-0b5eea40f8eb;51:88:0A:9E;0;AVIÁRIO MEIO;938,00;26/10/2025;13:30:02;20;1282-20
CO2;1282;CT-CO2-0;02938df5-6afb-d44e-582d-0b5eea40f8eb;51:88:0A:9E;0;AVIÁRIO MEIO;951,00;26/10/2025;13:35:05;20;1282-20
CO2;1282;CT-CO2-0;02938df5-6afb-d44e-582d-0b5eea40f8eb;51:88:0A:9E;0;AVIÁRIO MEIO;914,00;26/10/2025;13:40:38;20;1282-20
CO2;1282;CT-CO2-0;02938df5-6afb-d44e-582d-0b5eea40f8eb;51:88:0A:9E;0;AVIÁRIO MEIO;892,00;26/10/2025;13:46:10;20;1282-20
CO2;1282;CT-CO2-0;02938df5-6afb-d44e-582d-0b5eea40f8eb;51:88:0A:9E;0;AVIÁRIO MEIO;888,00;26/10/2025;13:56:44;20;1282-20
CO2;1282;CT-CO2-0;02938df5-6afb-d44e-582d-0b5eea40f8eb;51:88:0A:9E;0;AVIÁRIO MEIO;904,00;26/10/2025;14:02:16;20;1282-20
CO2;1282;CT-CO2-0;02938df5-6afb-d44e-582d-0b5eea40f8eb;51:88:0A:9E;0;AVIÁRIO MEIO;884,00;26/10/2025;14:07:50;20;1282-20
CO2;1282;CT-CO2-0;02938df5-6afb-d44e-582d-0b5eea40f8eb;51:88:0A:9E;0;AVIÁRIO MEIO;895,00;26/10/2025;14:12:53;20;1282-20
CO2;1282;CT-CO2-0;02938df5-6afb-d44e-582d-0b5eea40f8eb;51:88:0A:9E;0;AVIÁRIO MEIO;903,00;26/10/2025;14:19:12;20;1282-20
CO2;1282;CT-CO2-0;02938df5-6afb-d44e-582d-0b5eea40f8eb;51:88:0A:9E;0;AVIÁRIO MEIO;882,00;26/10/2025;14:23:45;20;1282-20
CO2;1282;CT-CO2-0;02938df5-6afb-d44e-582d-0b5eea40f8eb;51:88:0A:9E;0;AVIÁRIO MEIO;934,00;26/10/2025;14:29:18;20;1282-20
CO2;1282;CT-CO2-0;02938df5-6afb-d44e-582d-0b5eea40f8eb;51:88:0A:9E;0;AVIÁRIO MEIO;909,00;26/10/2025;14:34:49;20;1282-20
CO2;1282;CT-CO2-0;02938df5-6afb-d44e-582d-0b5eea40f8eb;51:88:0A:9E;0;AVIÁRIO MEIO;916,00;26/10/2025;14:39:52;20;1282-20
CO2;1282;CT-CO2-0;02938df5-6afb-d44e-582d-0b5eea40f8eb;51:88:0A:9E;0;AVIÁRIO MEIO;911,00;26/10/2025;14:45:25;20;1282-20
CO2;1282;CT-CO2-0;02938df5-6afb-d44e-582d-0b5eea40f8eb;51:88:0A:9E;0;AVIÁRIO MEIO;924,00;26/10/2025;14:50:57;20;1282-20
CO2;1282;CT-CO2-0;02938df5-6afb-d44e-582d-0b5eea40f8eb;51:88:0A:9E;0;AVIÁRIO MEIO;924,00;26/10/2025;14:56:00;20;1282-20
CO2;1282;CT-CO2-0;02938df5-6afb-d44e-582d-0b5eea40f8eb;51:88:0A:9E;0;AVIÁRIO MEIO;901,00;26/10/2025;15:01:38;20;1282-20
CO2;1282;CT-CO2-0;02938df5-6afb-d44e-582d-0b5eea40f8eb;51:88:0A:9E;0;AVIÁRIO MEIO;937,00;26/10/2025;15:07:10;20;1282-20
CO2;1282;CT-CO2-0;02938df5-6afb-d44e-582d-0b5eea40f8eb;51:88:0A:9E;0;AVIÁRIO MEIO;923,00;26/10/2025;15:12:12;20;1282-20
CO2;1282;CT-CO2-0;02938df5-6afb-d44e-582d-0b5eea40f8eb;51:88:0A:9E;0;AVIÁRIO MEIO;912,00;26/10/2025;15:17:44;20;1282-20
CO2;1282;CT-CO2-0;02938df5-6afb-d44e-582d-0b5eea40f8eb;51:88:0A:9E;0;AVIÁRIO MEIO;922,00;26/10/2025;15:23:16;20;1282-20
CO2;1282;CT-CO2-0;02938df5-6afb-d44e-582d-0b5eea40f8eb;51:88:0A:9E;0;AVIÁRIO MEIO;913,00;26/10/2025;15:29:19;20;1282-20
CO2;1282;CT-CO2-0;02938df5-6afb-d44e-582d-0b5eea40f8eb;51:88:0A:9E;0;AVIÁRIO MEIO;938,00;26/10/2025;15:33:51;20;1282-20
CO2;1282;CT-CO2-0;02938df5-6afb-d44e-582d-0b5eea40f8eb;51:88:0A:9E;0;AVIÁRIO MEIO;991,00;26/10/2025;15:44:55;20;1282-20
CO2;1282;CT-CO2-0;02938df5-6afb-d44e-582d-0b5eea40f8eb;51:88:0A:9E;0;AVIÁRIO MEIO;926,00;26/10/2025;15:49:57;20;1282-20
CO2;1282;CT-CO2-0;02938df5-6afb-d44e-582d-0b5eea40f8eb;51:88:0A:9E;0;AVIÁRIO MEIO;973,00;26/10/2025;15:55:30;20;1282-20
CO2;1282;CT-CO2-0;02938df5-6afb-d44e-582d-0b5eea40f8eb;51:88:0A:9E;0;AVIÁRIO MEIO;956,00;26/10/2025;16:01:02;20;1282-20
CO2;1282;CT-CO2-0;02938df5-6afb-d44e-582d-0b5eea40f8eb;51:88:0A:9E;0;AVIÁRIO MEIO;993,00;26/10/2025;16:06:34;20;1282-20
CO2;1282;CT-CO2-0;02938df5-6afb-d44e-582d-0b5eea40f8eb;51:88:0A:9E;0;AVIÁRIO MEIO;1.031,00;26/10/2025;16:11:36;20;1282-20
CO2;1282;CT-CO2-0;02938df5-6afb-d44e-582d-0b5eea40f8eb;51:88:0A:9E;0;AVIÁRIO MEIO;970,00;26/10/2025;16:17:08;20;1282-20
CO2;1282;CT-CO2-0;02938df5-6afb-d44e-582d-0b5eea40f8eb;51:88:0A:9E;0;AVIÁRIO MEIO;954,00;26/10/2025;16:22:40;20;1282-20
CO2;1282;CT-CO2-0;02938df5-6afb-d44e-582d-0b5eea40f8eb;51:88:0A:9E;0;AVIÁRIO MEIO;1.022,00;26/10/2025;16:28:11;20;1282-20
CO2;1282;CT-CO2-0;02938df5-6afb-d44e-582d-0b5eea40f8eb;51:88:0A:9E;0;AVIÁRIO MEIO;1.032,00;26/10/2025;16:33:13;20;1282-20
CO2;1282;CT-CO2-0;02938df5-6afb-d44e-582d-0b5eea40f8eb;51:88:0A:9E;0;AVIÁRIO MEIO;976,00;26/10/2025;16:39:16;20;1282-20
CO2;1282;CT-CO2-0;02938df5-6afb-d44e-582d-0b5eea40f8eb;51:88:0A:9E;0;AVIÁRIO MEIO;962,00;26/10/2025;16:44:18;20;1282-20
CO2;1282;CT-CO2-0;02938df5-6afb-d44e-582d-0b5eea40f8eb;51:88:0A:9E;0;AVIÁRIO MEIO;1.034,00;26/10/2025;16:49:21;20;1282-20
CO2;1282;CT-CO2-0;02938df5-6afb-d44e-582d-0b5eea40f8eb;51:88:0A:9E;0;AVIÁRIO MEIO;968,00;26/10/2025;16:54:53;20;1282-20
CO2;1282;CT-CO2-0;02938df5-6afb-d44e-582d-0b5eea40f8eb;51:88:0A:9E;0;AVIÁRIO MEIO;1.061,00;26/10/2025;17:00:26;20;1282-20
CO2;1282;CT-CO2-0;02938df5-6afb-d44e-582d-0b5eea40f8eb;51:88:0A:9E;0;AVIÁRIO MEIO;1.102,00;26/10/2025;17:05:27;20;1282-20
CO2;1282;CT-CO2-0;02938df5-6afb-d44e-582d-0b5eea40f8eb;51:88:0A:9E;0;AVIÁRIO MEIO;1.049,00;26/10/2025;17:10:59;20;1282-20
CO2;1282;CT-CO2-0;02938df5-6afb-d44e-582d-0b5eea40f8eb;51:88:0A:9E;0;AVIÁRIO MEIO;1.010,00;26/10/2025;17:16:31;20;1282-20
CO2;1282;CT-CO2-0;02938df5-6afb-d44e-582d-0b5eea40f8eb;51:88:0A:9E;0;AVIÁRIO MEIO;997,00;26/10/2025;17:22:03;20;1282-20
CO2;1282;CT-CO2-0;02938df5-6afb-d44e-582d-0b5eea40f8eb;51:88:0A:9E;0;AVIÁRIO MEIO;1.077,00;26/10/2025;17:27:05;20;1282-20
CO2;1282;CT-CO2-0;02938df5-6afb-d44e-582d-0b5eea40f8eb;51:88:0A:9E;0;AVIÁRIO MEIO;1.054,00;26/10/2025;17:32:36;20;1282-20
CO2;1282;CT-CO2-0;02938df5-6afb-d44e-582d-0b5eea40f8eb;51:88:0A:9E;0;AVIÁRIO MEIO;1.142,00;26/10/2025;17:38:09;20;1282-20
CO2;1282;CT-CO2-0;02938df5-6afb-d44e-582d-0b5eea40f8eb;51:88:0A:9E;0;AVIÁRIO MEIO;1.121,00;26/10/2025;17:43:42;20;1282-20
CO2;1282;CT-CO2-0;02938df5-6afb-d44e-582d-0b5eea40f8eb;51:88:0A:9E;0;AVIÁRIO MEIO;1.227,00;26/10/2025;17:49:17;20;1282-20
CO2;1282;CT-CO2-0;02938df5-6afb-d44e-582d-0b5eea40f8eb;51:88:0A:9E;0;AVIÁRIO MEIO;1.151,00;26/10/2025;17:54:24;20;1282-20
CO2;1282;CT-CO2-0;02938df5-6afb-d44e-582d-0b5eea40f8eb;51:88:0A:9E;0;AVIÁRIO MEIO;1.185,00;26/10/2025;17:59:57;20;1282-20
CO2;1282;CT-CO2-0;02938df5-6afb-d44e-582d-0b5eea40f8eb;51:88:0A:9E;0;AVIÁRIO MEIO;1.177,00;26/10/2025;18:04:59;20;1282-20
CO2;1282;CT-CO2-0;02938df5-6afb-d44e-582d-0b5eea40f8eb;51:88:0A:9E;0;AVIÁRIO MEIO;1.169,00;26/10/2025;18:10:31;20;1282-20
CO2;1282;CT-CO2-0;02938df5-6afb-d44e-582d-0b5eea40f8eb;51:88:0A:9E;0;AVIÁRIO MEIO;1.224,00;26/10/2025;18:16:03;20;1282-20
CO2;1282;CT-CO2-0;02938df5-6afb-d44e-582d-0b5eea40f8eb;51:88:0A:9E;0;AVIÁRIO MEIO;1.220,00;26/10/2025;18:21:06;20;1282-20
CO2;1282;CT-CO2-0;02938df5-6afb-d44e-582d-0b5eea40f8eb;51:88:0A:9E;0;AVIÁRIO MEIO;1.125,00;26/10/2025;18:26:38;20;1282-20
CO2;1282;CT-CO2-0;02938df5-6afb-d44e-582d-0b5eea40f8eb;51:88:0A:9E;0;AVIÁRIO MEIO;1.234,00;26/10/2025;18:32:10;20;1282-20
CO2;1282;CT-CO2-0;02938df5-6afb-d44e-582d-0b5eea40f8eb;51:88:0A:9E;0;AVIÁRIO MEIO;1.202,00;26/10/2025;18:37:42;20;1282-20
CO2;1282;CT-CO2-0;02938df5-6afb-d44e-582d-0b5eea40f8eb;51:88:0A:9E;0;AVIÁRIO MEIO;1.161,00;26/10/2025;18:42:44;20;1282-20
CO2;1282;CT-CO2-0;02938df5-6afb-d44e-582d-0b5eea40f8eb;51:88:0A:9E;0;AVIÁRIO MEIO;1.275,00;26/10/2025;18:48:15;20;1282-20
CO2;1282;CT-CO2-0;02938df5-6afb-d44e-582d-0b5eea40f8eb;51:88:0A:9E;0;AVIÁRIO MEIO;1.275,00;26/10/2025;18:54:19;20;1282-20
CO2;1282;CT-CO2-0;02938df5-6afb-d44e-582d-0b5eea40f8eb;51:88:0A:9E;0;AVIÁRIO MEIO;1.240,00;26/10/2025;18:58:52;20;1282-20
CO2;1282;CT-CO2-0;02938df5-6afb-d44e-582d-0b5eea40f8eb;51:88:0A:9E;0;AVIÁRIO MEIO;1.231,00;26/10/2025;19:04:25;20;1282-20
CO2;1282;CT-CO2-0;02938df5-6afb-d44e-582d-0b5eea40f8eb;51:88:0A:9E;0;AVIÁRIO MEIO;1.292,00;26/10/2025;19:09:57;20;1282-20
CO2;1282;CT-CO2-0;02938df5-6afb-d44e-582d-0b5eea40f8eb;51:88:0A:9E;0;AVIÁRIO MEIO;1.263,00;26/10/2025;19:15:29;20;1282-20
CO2;1282;CT-CO2-0;02938df5-6afb-d44e-582d-0b5eea40f8eb;51:88:0A:9E;0;AVIÁRIO MEIO;1.265,00;26/10/2025;19:20:32;20;1282-20
CO2;1282;CT-CO2-0;02938df5-6afb-d44e-582d-0b5eea40f8eb;51:88:0A:9E;0;AVIÁRIO MEIO;1.238,00;26/10/2025;19:26:05;20;1282-20
CO2;1282;CT-CO2-0;02938df5-6afb-d44e-582d-0b5eea40f8eb;51:88:0A:9E;0;AVIÁRIO MEIO;1.237,00;26/10/2025;19:31:37;20;1282-20
CO2;1282;CT-CO2-0;02938df5-6afb-d44e-582d-0b5eea40f8eb;51:88:0A:9E;0;AVIÁRIO MEIO;1.311,00;26/10/2025;19:36:40;20;1282-20
CO2;1282;CT-CO2-0;02938df5-6afb-d44e-582d-0b5eea40f8eb;51:88:0A:9E;0;AVIÁRIO MEIO;1.236,00;26/10/2025;19:42:11;20;1282-20
CO2;1282;CT-CO2-0;02938df5-6afb-d44e-582d-0b5eea40f8eb;51:88:0A:9E;0;AVIÁRIO MEIO;1.302,00;26/10/2025;19:47:45;20;1282-20
CO2;1282;CT-CO2-0;02938df5-6afb-d44e-582d-0b5eea40f8eb;51:88:0A:9E;0;AVIÁRIO MEIO;1.279,00;26/10/2025;19:53:17;20;1282-20
CO2;1282;CT-CO2-0;02938df5-6afb-d44e-582d-0b5eea40f8eb;51:88:0A:9E;0;AVIÁRIO MEIO;1.244,00;26/10/2025;19:58:20;20;1282-20
CO2;1282;CT-CO2-0;02938df5-6afb-d44e-582d-0b5eea40f8eb;51:88:0A:9E;0;AVIÁRIO MEIO;1.248,00;26/10/2025;20:04:24;20;1282-20
CO2;1282;CT-CO2-0;02938df5-6afb-d44e-582d-0b5eea40f8eb;51:88:0A:9E;0;AVIÁRIO MEIO;1.276,00;26/10/2025;20:25:38;20;1282-20
CO2;1282;CT-CO2-0;02938df5-6afb-d44e-582d-0b5eea40f8eb;51:88:0A:9E;0;AVIÁRIO MEIO;1.246,00;26/10/2025;20:30:39;20;1282-20
CO2;1282;CT-CO2-0;02938df5-6afb-d44e-582d-0b5eea40f8eb;51:88:0A:9E;0;AVIÁRIO MEIO;1.257,00;26/10/2025;20:36:12;20;1282-20
CO2;1282;CT-CO2-0;02938df5-6afb-d44e-582d-0b5eea40f8eb;51:88:0A:9E;0;AVIÁRIO MEIO;1.263,00;26/10/2025;20:41:45;20;1282-20
CO2;1282;CT-CO2-0;02938df5-6afb-d44e-582d-0b5eea40f8eb;51:88:0A:9E;0;AVIÁRIO MEIO;1.275,00;26/10/2025;20:47:18;20;1282-20
CO2;1282;CT-CO2-0;02938df5-6afb-d44e-582d-0b5eea40f8eb;51:88:0A:9E;0;AVIÁRIO MEIO;1.246,00;26/10/2025;20:52:20;20;1282-20
CO2;1282;CT-CO2-0;02938df5-6afb-d44e-582d-0b5eea40f8eb;51:88:0A:9E;0;AVIÁRIO MEIO;1.252,00;26/10/2025;20:57:57;20;1282-20
CO2;1282;CT-CO2-0;02938df5-6afb-d44e-582d-0b5eea40f8eb;51:88:0A:9E;0;AVIÁRIO MEIO;1.272,00;26/10/2025;21:06:30;20;1282-20
CO2;1282;CT-CO2-0;02938df5-6afb-d44e-582d-0b5eea40f8eb;51:88:0A:9E;0;AVIÁRIO MEIO;1.270,00;26/10/2025;21:12:33;20;1282-20
CO2;1282;CT-CO2-0;02938df5-6afb-d44e-582d-0b5eea40f8eb;51:88:0A:9E;0;AVIÁRIO MEIO;1.179,00;26/10/2025;21:17:35;20;1282-20
CO2;1282;CT-CO2-0;02938df5-6afb-d44e-582d-0b5eea40f8eb;51:88:0A:9E;0;AVIÁRIO MEIO;1.311,00;26/10/2025;21:23:18;20;1282-20
CO2;1282;CT-CO2-0;02938df5-6afb-d44e-582d-0b5eea40f8eb;51:88:0A:9E;0;AVIÁRIO MEIO;1.320,00;26/10/2025;21:28:20;20;1282-20
CO2;1282;CT-CO2-0;02938df5-6afb-d44e-582d-0b5eea40f8eb;51:88:0A:9E;0;AVIÁRIO MEIO;1.262,00;26/10/2025;21:33:53;20;1282-20
CO2;1282;CT-CO2-0;02938df5-6afb-d44e-582d-0b5eea40f8eb;51:88:0A:9E;0;AVIÁRIO MEIO;1.272,00;26/10/2025;21:38:55;20;1282-20
CO2;1282;CT-CO2-0;02938df5-6afb-d44e-582d-0b5eea40f8eb;51:88:0A:9E;0;AVIÁRIO MEIO;1.257,00;26/10/2025;21:50:00;20;1282-20
CO2;1282;CT-CO2-0;02938df5-6afb-d44e-582d-0b5eea40f8eb;51:88:0A:9E;0;AVIÁRIO MEIO;1.279,00;26/10/2025;21:55:32;20;1282-20
CO2;1282;CT-CO2-0;02938df5-6afb-d44e-582d-0b5eea40f8eb;51:88:0A:9E;0;AVIÁRIO MEIO;1.309,00;26/10/2025;22:00:34;20;1282-20
CO2;1282;CT-CO2-0;02938df5-6afb-d44e-582d-0b5eea40f8eb;51:88:0A:9E;0;AVIÁRIO MEIO;1.279,00;26/10/2025;22:06:06;20;1282-20
CO2;1282;CT-CO2-0;02938df5-6afb-d44e-582d-0b5eea40f8eb;51:88:0A:9E;0;AVIÁRIO MEIO;1.310,00;26/10/2025;22:11:38;20;1282-20
CO2;1282;CT-CO2-0;02938df5-6afb-d44e-582d-0b5eea40f8eb;51:88:0A:9E;0;AVIÁRIO MEIO;1.267,00;26/10/2025;22:16:41;20;1282-20
CO2;1282;CT-CO2-0;02938df5-6afb-d44e-582d-0b5eea40f8eb;51:88:0A:9E;0;AVIÁRIO MEIO;1.279,00;26/10/2025;22:22:45;20;1282-20
CO2;1282;CT-CO2-0;02938df5-6afb-d44e-582d-0b5eea40f8eb;51:88:0A:9E;0;AVIÁRIO MEIO;1.329,00;26/10/2025;22:33:18;20;1282-20
CO2;1282;CT-CO2-0;02938df5-6afb-d44e-582d-0b5eea40f8eb;51:88:0A:9E;0;AVIÁRIO MEIO;1.290,00;26/10/2025;22:38:20;20;1282-20
CO2;1282;CT-CO2-0;02938df5-6afb-d44e-582d-0b5eea40f8eb;51:88:0A:9E;0;AVIÁRIO MEIO;1.356,00;26/10/2025;22:43:52;20;1282-20
CO2;1282;CT-CO2-0;02938df5-6afb-d44e-582d-0b5eea40f8eb;51:88:0A:9E;0;AVIÁRIO MEIO;1.288,00;26/10/2025;22:49:23;20;1282-20
CO2;1282;CT-CO2-0;02938df5-6afb-d44e-582d-0b5eea40f8eb;51:88:0A:9E;0;AVIÁRIO MEIO;1.265,00;26/10/2025;22:54:56;20;1282-20
CO2;1282;CT-CO2-0;02938df5-6afb-d44e-582d-0b5eea40f8eb;51:88:0A:9E;0;AVIÁRIO MEIO;1.317,00;26/10/2025;23:05:30;20;1282-20
CO2;1282;CT-CO2-0;02938df5-6afb-d44e-582d-0b5eea40f8eb;51:88:0A:9E;0;AVIÁRIO MEIO;1.282,00;26/10/2025;23:11:02;20;1282-20
CO2;1282;CT-CO2-0;02938df5-6afb-d44e-582d-0b5eea40f8eb;51:88:0A:9E;0;AVIÁRIO MEIO;1.231,00;26/10/2025;23:16:04;20;1282-20
CO2;1282;CT-CO2-0;02938df5-6afb-d44e-582d-0b5eea40f8eb;51:88:0A:9E;0;AVIÁRIO MEIO;1.311,00;26/10/2025;23:21:35;20;1282-20
CO2;1282;CT-CO2-0;02938df5-6afb-d44e-582d-0b5eea40f8eb;51:88:0A:9E;0;AVIÁRIO MEIO;1.270,00;26/10/2025;23:27:09;20;1282-20
CO2;1282;CT-CO2-0;02938df5-6afb-d44e-582d-0b5eea40f8eb;51:88:0A:9E;0;AVIÁRIO MEIO;1.183,00;26/10/2025;23:33:12;20;1282-20
CO2;1282;CT-CO2-0;02938df5-6afb-d44e-582d-0b5eea40f8eb;51:88:0A:9E;0;AVIÁRIO MEIO;1.345,00;26/10/2025;23:37:44;20;1282-20
CO2;1282;CT-CO2-0;02938df5-6afb-d44e-582d-0b5eea40f8eb;51:88:0A:9E;0;AVIÁRIO MEIO;1.325,00;26/10/2025;23:43:16;20;1282-20
CO2;1282;CT-CO2-0;02938df5-6afb-d44e-582d-0b5eea40f8eb;51:88:0A:9E;0;AVIÁRIO MEIO;1.291,00;26/10/2025;23:48:48;20;1282-20
CO2;1282;CT-CO2-0;02938df5-6afb-d44e-582d-0b5eea40f8eb;51:88:0A:9E;0;AVIÁRIO MEIO;1.333,00;26/10/2025;23:54:20;20;1282-20
CO2;1282;CT-CO2-0;02938df5-6afb-d44e-582d-0b5eea40f8eb;51:88:0A:9E;0;AVIÁRIO MEIO;1.295,00;26/10/2025;23:59:21;20;1282-20
CO2;1282;CT-CO2-0;02938df5-6afb-d44e-582d-0b5eea40f8eb;51:88:0A:9E;0;AVIÁRIO MEIO;1.340,00;27/10/2025;00:04:53;20;1282-20
CO2;1282;CT-CO2-0;02938df5-6afb-d44e-582d-0b5eea40f8eb;51:88:0A:9E;0;AVIÁRIO MEIO;1.321,00;27/10/2025;00:10:25;20;1282-20
CO2;1282;CT-CO2-0;02938df5-6afb-d44e-582d-0b5eea40f8eb;51:88:0A:9E;0;AVIÁRIO MEIO;1.301,00;27/10/2025;00:15:57;20;1282-20
CO2;1282;CT-CO2-0;02938df5-6afb-d44e-582d-0b5eea40f8eb;51:88:0A:9E;0;AVIÁRIO MEIO;1.328,00;27/10/2025;00:20:59;20;1282-20
CO2;1282;CT-CO2-0;02938df5-6afb-d44e-582d-0b5eea40f8eb;51:88:0A:9E;0;AVIÁRIO MEIO;1.310,00;27/10/2025;00:26:30;20;1282-20
CO2;1282;CT-CO2-0;02938df5-6afb-d44e-582d-0b5eea40f8eb;51:88:0A:9E;0;AVIÁRIO MEIO;1.271,00;27/10/2025;00:32:02;20;1282-20
CO2;1282;CT-CO2-0;02938df5-6afb-d44e-582d-0b5eea40f8eb;51:88:0A:9E;0;AVIÁRIO MEIO;1.358,00;27/10/2025;00:37:34;20;1282-20
CO2;1282;CT-CO2-0;02938df5-6afb-d44e-582d-0b5eea40f8eb;51:88:0A:9E;0;AVIÁRIO MEIO;1.291,00;27/10/2025;00:43:08;20;1282-20
CO2;1282;CT-CO2-0;02938df5-6afb-d44e-582d-0b5eea40f8eb;51:88:0A:9E;0;AVIÁRIO MEIO;1.314,00;27/10/2025;00:48:11;20;1282-20
CO2;1282;CT-CO2-0;02938df5-6afb-d44e-582d-0b5eea40f8eb;51:88:0A:9E;0;AVIÁRIO MEIO;1.262,00;27/10/2025;00:53:43;20;1282-20
CO2;1282;CT-CO2-0;02938df5-6afb-d44e-582d-0b5eea40f8eb;51:88:0A:9E;0;AVIÁRIO MEIO;1.379,00;27/10/2025;00:58:45;20;1282-20
CO2;1282;CT-CO2-0;02938df5-6afb-d44e-582d-0b5eea40f8eb;51:88:0A:9E;0;AVIÁRIO MEIO;1.338,00;27/10/2025;01:04:17;20;1282-20
CO2;1282;CT-CO2-0;02938df5-6afb-d44e-582d-0b5eea40f8eb;51:88:0A:9E;0;AVIÁRIO MEIO;1.353,00;27/10/2025;01:09:49;20;1282-20
CO2;1282;CT-CO2-0;02938df5-6afb-d44e-582d-0b5eea40f8eb;51:88:0A:9E;0;AVIÁRIO MEIO;1.323,00;27/10/2025;01:15:20;20;1282-20
CO2;1282;CT-CO2-0;02938df5-6afb-d44e-582d-0b5eea40f8eb;51:88:0A:9E;0;AVIÁRIO MEIO;1.336,00;27/10/2025;01:20:23;20;1282-20
CO2;1282;CT-CO2-0;02938df5-6afb-d44e-582d-0b5eea40f8eb;51:88:0A:9E;0;AVIÁRIO MEIO;1.341,00;27/10/2025;01:25:55;20;1282-20
CO2;1282;CT-CO2-0;02938df5-6afb-d44e-582d-0b5eea40f8eb;51:88:0A:9E;0;AVIÁRIO MEIO;1.298,00;27/10/2025;01:31:27;20;1282-20
CO2;1282;CT-CO2-0;02938df5-6afb-d44e-582d-0b5eea40f8eb;51:88:0A:9E;0;AVIÁRIO MEIO;1.393,00;27/10/2025;01:36:59;20;1282-20
CO2;1282;CT-CO2-0;02938df5-6afb-d44e-582d-0b5eea40f8eb;51:88:0A:9E;0;AVIÁRIO MEIO;1.324,00;27/10/2025;01:42:01;20;1282-20
CO2;1282;CT-CO2-0;02938df5-6afb-d44e-582d-0b5eea40f8eb;51:88:0A:9E;0;AVIÁRIO MEIO;1.344,00;27/10/2025;01:47:33;20;1282-20
CO2;1282;CT-CO2-0;02938df5-6afb-d44e-582d-0b5eea40f8eb;51:88:0A:9E;0;AVIÁRIO MEIO;1.298,00;27/10/2025;01:58:09;20;1282-20
CO2;1282;CT-CO2-0;02938df5-6afb-d44e-582d-0b5eea40f8eb;51:88:0A:9E;0;AVIÁRIO MEIO;1.391,00;27/10/2025;02:03:40;20;1282-20
CO2;1282;CT-CO2-0;02938df5-6afb-d44e-582d-0b5eea40f8eb;51:88:0A:9E;0;AVIÁRIO MEIO;1.359,00;27/10/2025;02:09:12;20;1282-20
CO2;1282;CT-CO2-0;02938df5-6afb-d44e-582d-0b5eea40f8eb;51:88:0A:9E;0;AVIÁRIO MEIO;1.339,00;27/10/2025;02:19:46;20;1282-20
CO2;1282;CT-CO2-0;02938df5-6afb-d44e-582d-0b5eea40f8eb;51:88:0A:9E;0;AVIÁRIO MEIO;1.358,00;27/10/2025;02:30:51;20;1282-20
CO2;1282;CT-CO2-0;02938df5-6afb-d44e-582d-0b5eea40f8eb;51:88:0A:9E;0;AVIÁRIO MEIO;1.319,00;27/10/2025;02:35:53;20;1282-20
CO2;1282;CT-CO2-0;02938df5-6afb-d44e-582d-0b5eea40f8eb;51:88:0A:9E;0;AVIÁRIO MEIO;1.356,00;27/10/2025;02:41:26;20;1282-20
CO2;1282;CT-CO2-0;02938df5-6afb-d44e-582d-0b5eea40f8eb;51:88:0A:9E;0;AVIÁRIO MEIO;1.319,00;27/10/2025;02:46:58;20;1282-20
CO2;1282;CT-CO2-0;02938df5-6afb-d44e-582d-0b5eea40f8eb;51:88:0A:9E;0;AVIÁRIO MEIO;1.388,00;27/10/2025;02:52:30;20;1282-20
CO2;1282;CT-CO2-0;02938df5-6afb-d44e-582d-0b5eea40f8eb;51:88:0A:9E;0;AVIÁRIO MEIO;1.312,00;27/10/2025;02:57:31;20;1282-20
CO2;1282;CT-CO2-0;02938df5-6afb-d44e-582d-0b5eea40f8eb;51:88:0A:9E;0;AVIÁRIO MEIO;1.434,00;27/10/2025;03:03:35;20;1282-20
CO2;1282;CT-CO2-0;02938df5-6afb-d44e-582d-0b5eea40f8eb;51:88:0A:9E;0;AVIÁRIO MEIO;1.370,00;27/10/2025;03:08:37;20;1282-20
CO2;1282;CT-CO2-0;02938df5-6afb-d44e-582d-0b5eea40f8eb;51:88:0A:9E;0;AVIÁRIO MEIO;1.406,00;27/10/2025;03:13:39;20;1282-20
CO2;1282;CT-CO2-0;02938df5-6afb-d44e-582d-0b5eea40f8eb;51:88:0A:9E;0;AVIÁRIO MEIO;1.388,00;27/10/2025;03:19:11;20;1282-20
CO2;1282;CT-CO2-0;02938df5-6afb-d44e-582d-0b5eea40f8eb;51:88:0A:9E;0;AVIÁRIO MEIO;1.395,00;27/10/2025;03:24:43;20;1282-20
CO2;1282;CT-CO2-0;02938df5-6afb-d44e-582d-0b5eea40f8eb;51:88:0A:9E;0;AVIÁRIO MEIO;1.395,00;27/10/2025;03:30:15;20;1282-20
CO2;1282;CT-CO2-0;02938df5-6afb-d44e-582d-0b5eea40f8eb;51:88:0A:9E;0;AVIÁRIO MEIO;1.449,00;27/10/2025;03:40:53;20;1282-20
CO2;1282;CT-CO2-0;02938df5-6afb-d44e-582d-0b5eea40f8eb;51:88:0A:9E;0;AVIÁRIO MEIO;1.427,00;27/10/2025;03:46:25;20;1282-20
CO2;1282;CT-CO2-0;02938df5-6afb-d44e-582d-0b5eea40f8eb;51:88:0A:9E;0;AVIÁRIO MEIO;1.463,00;27/10/2025;03:51:27;20;1282-20
CO2;1282;CT-CO2-0;02938df5-6afb-d44e-582d-0b5eea40f8eb;51:88:0A:9E;0;AVIÁRIO MEIO;1.463,00;27/10/2025;03:56:59;20;1282-20
CO2;1282;CT-CO2-0;02938df5-6afb-d44e-582d-0b5eea40f8eb;51:88:0A:9E;0;AVIÁRIO MEIO;1.449,00;27/10/2025;04:02:30;20;1282-20
CO2;1282;CT-CO2-0;02938df5-6afb-d44e-582d-0b5eea40f8eb;51:88:0A:9E;0;AVIÁRIO MEIO;1.387,00;27/10/2025;04:08:02;20;1282-20
CO2;1282;CT-CO2-0;02938df5-6afb-d44e-582d-0b5eea40f8eb;51:88:0A:9E;0;AVIÁRIO MEIO;1.444,00;27/10/2025;04:13:35;20;1282-20
CO2;1282;CT-CO2-0;02938df5-6afb-d44e-582d-0b5eea40f8eb;51:88:0A:9E;0;AVIÁRIO MEIO;1.423,00;27/10/2025;04:18:37;20;1282-20
CO2;1282;CT-CO2-0;02938df5-6afb-d44e-582d-0b5eea40f8eb;51:88:0A:9E;0;AVIÁRIO MEIO;1.456,00;27/10/2025;04:24:09;20;1282-20
CO2;1282;CT-CO2-0;02938df5-6afb-d44e-582d-0b5eea40f8eb;51:88:0A:9E;0;AVIÁRIO MEIO;1.403,00;27/10/2025;04:29:12;20;1282-20
CO2;1282;CT-CO2-0;02938df5-6afb-d44e-582d-0b5eea40f8eb;51:88:0A:9E;0;AVIÁRIO MEIO;1.405,00;27/10/2025;04:34:43;20;1282-20
CO2;1282;CT-CO2-0;02938df5-6afb-d44e-582d-0b5eea40f8eb;51:88:0A:9E;0;AVIÁRIO MEIO;1.516,00;27/10/2025;04:40:17;20;1282-20
CO2;1282;CT-CO2-0;02938df5-6afb-d44e-582d-0b5eea40f8eb;51:88:0A:9E;0;AVIÁRIO MEIO;1.423,00;27/10/2025;04:45:49;20;1282-20
CO2;1282;CT-CO2-0;02938df5-6afb-d44e-582d-0b5eea40f8eb;51:88:0A:9E;0;AVIÁRIO MEIO;1.446,00;27/10/2025;04:50:52;20;1282-20
CO2;1282;CT-CO2-0;02938df5-6afb-d44e-582d-0b5eea40f8eb;51:88:0A:9E;0;AVIÁRIO MEIO;1.449,00;27/10/2025;04:56:25;20;1282-20
CO2;1282;CT-CO2-0;02938df5-6afb-d44e-582d-0b5eea40f8eb;51:88:0A:9E;0;AVIÁRIO MEIO;1.400,00;27/10/2025;05:01:57;20;1282-20
CO2;1282;CT-CO2-0;02938df5-6afb-d44e-582d-0b5eea40f8eb;51:88:0A:9E;0;AVIÁRIO MEIO;1.418,00;27/10/2025;05:07:00;20;1282-20
CO2;1282;CT-CO2-0;02938df5-6afb-d44e-582d-0b5eea40f8eb;51:88:0A:9E;0;AVIÁRIO MEIO;1.376,00;27/10/2025;05:12:32;20;1282-20
CO2;1282;CT-CO2-0;02938df5-6afb-d44e-582d-0b5eea40f8eb;51:88:0A:9E;0;AVIÁRIO MEIO;1.452,00;27/10/2025;05:18:39;20;1282-20
CO2;1282;CT-CO2-0;02938df5-6afb-d44e-582d-0b5eea40f8eb;51:88:0A:9E;0;AVIÁRIO MEIO;1.448,00;27/10/2025;05:23:11;20;1282-20
CO2;1282;CT-CO2-0;02938df5-6afb-d44e-582d-0b5eea40f8eb;51:88:0A:9E;0;AVIÁRIO MEIO;1.512,00;27/10/2025;05:28:43;20;1282-20
CO2;1282;CT-CO2-0;02938df5-6afb-d44e-582d-0b5eea40f8eb;51:88:0A:9E;0;AVIÁRIO MEIO;1.473,00;27/10/2025;05:34:15;20;1282-20
CO2;1282;CT-CO2-0;02938df5-6afb-d44e-582d-0b5eea40f8eb;51:88:0A:9E;0;AVIÁRIO MEIO;1.517,00;27/10/2025;05:39:47;20;1282-20
CO2;1282;CT-CO2-0;02938df5-6afb-d44e-582d-0b5eea40f8eb;51:88:0A:9E;0;AVIÁRIO MEIO;1.518,00;27/10/2025;05:44:49;20;1282-20
CO2;1282;CT-CO2-0;02938df5-6afb-d44e-582d-0b5eea40f8eb;51:88:0A:9E;0;AVIÁRIO MEIO;1.471,00;27/10/2025;05:50:21;20;1282-20
CO2;1282;CT-CO2-0;02938df5-6afb-d44e-582d-0b5eea40f8eb;51:88:0A:9E;0;AVIÁRIO MEIO;1.508,00;27/10/2025;05:55:53;20;1282-20
CO2;1282;CT-CO2-0;02938df5-6afb-d44e-582d-0b5eea40f8eb;51:88:0A:9E;0;AVIÁRIO MEIO;1.516,00;27/10/2025;06:01:25;20;1282-20
CO2;1282;CT-CO2-0;02938df5-6afb-d44e-582d-0b5eea40f8eb;51:88:0A:9E;0;AVIÁRIO MEIO;1.457,00;27/10/2025;06:06:27;20;1282-20
CO2;1282;CT-CO2-0;02938df5-6afb-d44e-582d-0b5eea40f8eb;51:88:0A:9E;0;AVIÁRIO MEIO;1.487,00;27/10/2025;06:11:59;20;1282-20
CO2;1282;CT-CO2-0;02938df5-6afb-d44e-582d-0b5eea40f8eb;51:88:0A:9E;0;AVIÁRIO MEIO;1.482,00;27/10/2025;06:17:31;20;1282-20
CO2;1282;CT-CO2-0;02938df5-6afb-d44e-582d-0b5eea40f8eb;51:88:0A:9E;0;AVIÁRIO MEIO;1.421,00;27/10/2025;06:22:33;20;1282-20
CO2;1282;CT-CO2-0;02938df5-6afb-d44e-582d-0b5eea40f8eb;51:88:0A:9E;0;AVIÁRIO MEIO;1.504,00;27/10/2025;06:28:40;20;1282-20
CO2;1282;CT-CO2-0;02938df5-6afb-d44e-582d-0b5eea40f8eb;51:88:0A:9E;0;AVIÁRIO MEIO;1.424,00;27/10/2025;06:33:44;20;1282-20
CO2;1282;CT-CO2-0;02938df5-6afb-d44e-582d-0b5eea40f8eb;51:88:0A:9E;0;AVIÁRIO MEIO;1.490,00;27/10/2025;06:38:46;20;1282-20
CO2;1282;CT-CO2-0;02938df5-6afb-d44e-582d-0b5eea40f8eb;51:88:0A:9E;0;AVIÁRIO MEIO;1.426,00;27/10/2025;06:44:18;20;1282-20
CO2;1282;CT-CO2-0;02938df5-6afb-d44e-582d-0b5eea40f8eb;51:88:0A:9E;0;AVIÁRIO MEIO;1.481,00;27/10/2025;06:49:50;20;1282-20
CO2;1282;CT-CO2-0;02938df5-6afb-d44e-582d-0b5eea40f8eb;51:88:0A:9E;0;AVIÁRIO MEIO;1.452,00;27/10/2025;07:00:26;20;1282-20
CO2;1282;CT-CO2-0;02938df5-6afb-d44e-582d-0b5eea40f8eb;51:88:0A:9E;0;AVIÁRIO MEIO;1.433,00;27/10/2025;07:11:29;20;1282-20
CO2;1282;CT-CO2-0;02938df5-6afb-d44e-582d-0b5eea40f8eb;51:88:0A:9E;0;AVIÁRIO MEIO;1.358,00;27/10/2025;07:17:01;20;1282-20
CO2;1282;CT-CO2-0;02938df5-6afb-d44e-582d-0b5eea40f8eb;51:88:0A:9E;0;AVIÁRIO MEIO;1.407,00;27/10/2025;07:22:03;20;1282-20
CO2;1282;CT-CO2-0;02938df5-6afb-d44e-582d-0b5eea40f8eb;51:88:0A:9E;0;AVIÁRIO MEIO;1.417,00;27/10/2025;07:27:35;20;1282-20
CO2;1282;CT-CO2-0;02938df5-6afb-d44e-582d-0b5eea40f8eb;51:88:0A:9E;0;AVIÁRIO MEIO;1.377,00;27/10/2025;07:33:07;20;1282-20
CO2;1282;CT-CO2-0;02938df5-6afb-d44e-582d-0b5eea40f8eb;51:88:0A:9E;0;AVIÁRIO MEIO;1.352,00;27/10/2025;07:39:10;20;1282-20
CO2;1282;CT-CO2-0;02938df5-6afb-d44e-582d-0b5eea40f8eb;51:88:0A:9E;0;AVIÁRIO MEIO;1.397,00;27/10/2025;07:43:42;20;1282-20
CO2;1282;CT-CO2-0;02938df5-6afb-d44e-582d-0b5eea40f8eb;51:88:0A:9E;0;AVIÁRIO MEIO;1.350,00;27/10/2025;07:49:14;20;1282-20
CO2;1282;CT-CO2-0;02938df5-6afb-d44e-582d-0b5eea40f8eb;51:88:0A:9E;0;AVIÁRIO MEIO;1.348,00;27/10/2025;08:00:22;20;1282-20
CO2;1282;CT-CO2-0;02938df5-6afb-d44e-582d-0b5eea40f8eb;51:88:0A:9E;0;AVIÁRIO MEIO;1.280,00;27/10/2025;08:05:26;20;1282-20
CO2;1282;CT-CO2-0;02938df5-6afb-d44e-582d-0b5eea40f8eb;51:88:0A:9E;0;AVIÁRIO MEIO;1.321,00;27/10/2025;08:10:58;20;1282-20
CO2;1282;CT-CO2-0;02938df5-6afb-d44e-582d-0b5eea40f8eb;51:88:0A:9E;0;AVIÁRIO MEIO;1.354,00;27/10/2025;08:16:30;20;1282-20
CO2;1282;CT-CO2-0;02938df5-6afb-d44e-582d-0b5eea40f8eb;51:88:0A:9E;0;AVIÁRIO MEIO;1.196,00;27/10/2025;08:21:32;20;1282-20
CO2;1282;CT-CO2-0;02938df5-6afb-d44e-582d-0b5eea40f8eb;51:88:0A:9E;0;AVIÁRIO MEIO;1.230,00;27/10/2025;08:27:04;20;1282-20
CO2;1282;CT-CO2-0;02938df5-6afb-d44e-582d-0b5eea40f8eb;51:88:0A:9E;0;AVIÁRIO MEIO;1.211,00;27/10/2025;08:32:35;20;1282-20
CO2;1282;CT-CO2-0;02938df5-6afb-d44e-582d-0b5eea40f8eb;51:88:0A:9E;0;AVIÁRIO MEIO;1.274,00;27/10/2025;08:38:07;20;1282-20
CO2;1282;CT-CO2-0;02938df5-6afb-d44e-582d-0b5eea40f8eb;51:88:0A:9E;0;AVIÁRIO MEIO;1.230,00;27/10/2025;08:43:10;20;1282-20
CO2;1282;CT-CO2-0;02938df5-6afb-d44e-582d-0b5eea40f8eb;51:88:0A:9E;0;AVIÁRIO MEIO;1.193,00;27/10/2025;08:49:14;20;1282-20
CO2;1282;CT-CO2-0;02938df5-6afb-d44e-582d-0b5eea40f8eb;51:88:0A:9E;0;AVIÁRIO MEIO;1.169,00;27/10/2025;08:54:16;20;1282-20
CO2;1282;CT-CO2-0;02938df5-6afb-d44e-582d-0b5eea40f8eb;51:88:0A:9E;0;AVIÁRIO MEIO;1.140,00;27/10/2025;08:59:18;20;1282-20
CO2;1282;CT-CO2-0;02938df5-6afb-d44e-582d-0b5eea40f8eb;51:88:0A:9E;0;AVIÁRIO MEIO;1.124,00;27/10/2025;09:04:50;20;1282-20
CO2;1282;CT-CO2-0;02938df5-6afb-d44e-582d-0b5eea40f8eb;51:88:0A:9E;0;AVIÁRIO MEIO;1.162,00;27/10/2025;09:15:55;20;1282-20
CO2;1282;CT-CO2-0;02938df5-6afb-d44e-582d-0b5eea40f8eb;51:88:0A:9E;0;AVIÁRIO MEIO;1.111,00;27/10/2025;09:20:57;20;1282-20
CO2;1282;CT-CO2-0;02938df5-6afb-d44e-582d-0b5eea40f8eb;51:88:0A:9E;0;AVIÁRIO MEIO;1.085,00;27/10/2025;09:26:31;20;1282-20
CO2;1282;CT-CO2-0;02938df5-6afb-d44e-582d-0b5eea40f8eb;51:88:0A:9E;0;AVIÁRIO MEIO;1.120,00;27/10/2025;09:32:03;20;1282-20
CO2;1282;CT-CO2-0;02938df5-6afb-d44e-582d-0b5eea40f8eb;51:88:0A:9E;0;AVIÁRIO MEIO;1.127,00;27/10/2025;09:37:06;20;1282-20
CO2;1282;CT-CO2-0;02938df5-6afb-d44e-582d-0b5eea40f8eb;51:88:0A:9E;0;AVIÁRIO MEIO;1.147,00;27/10/2025;09:42:38;20;1282-20
CO2;1282;CT-CO2-0;02938df5-6afb-d44e-582d-0b5eea40f8eb;51:88:0A:9E;0;AVIÁRIO MEIO;1.159,00;27/10/2025;09:48:10;20;1282-20
CO2;1282;CT-CO2-0;02938df5-6afb-d44e-582d-0b5eea40f8eb;51:88:0A:9E;0;AVIÁRIO MEIO;1.156,00;27/10/2025;09:53:42;20;1282-20
CO2;1282;CT-CO2-0;02938df5-6afb-d44e-582d-0b5eea40f8eb;51:88:0A:9E;0;AVIÁRIO MEIO;1.151,00;27/10/2025;09:59:16;20;1282-20
CO2;1282;CT-CO2-0;02938df5-6afb-d44e-582d-0b5eea40f8eb;51:88:0A:9E;0;AVIÁRIO MEIO;1.095,00;27/10/2025;10:04:18;20;1282-20
CO2;1282;CT-CO2-0;02938df5-6afb-d44e-582d-0b5eea40f8eb;51:88:0A:9E;0;AVIÁRIO MEIO;1.147,00;27/10/2025;10:09:51;20;1282-20
CO2;1282;CT-CO2-0;02938df5-6afb-d44e-582d-0b5eea40f8eb;51:88:0A:9E;0;AVIÁRIO MEIO;1.061,00;27/10/2025;10:25:57;20;1282-20
CO2;1282;CT-CO2-0;02938df5-6afb-d44e-582d-0b5eea40f8eb;51:88:0A:9E;0;AVIÁRIO MEIO;1.034,00;27/10/2025;10:31:29;20;1282-20
CO2;1282;CT-CO2-0;02938df5-6afb-d44e-582d-0b5eea40f8eb;51:88:0A:9E;0;AVIÁRIO MEIO;1.027,00;27/10/2025;10:36:32;20;1282-20
CO2;1282;CT-CO2-0;02938df5-6afb-d44e-582d-0b5eea40f8eb;51:88:0A:9E;0;AVIÁRIO MEIO;954,00;27/10/2025;10:42:07;20;1282-20
CO2;1282;CT-CO2-0;02938df5-6afb-d44e-582d-0b5eea40f8eb;51:88:0A:9E;0;AVIÁRIO MEIO;919,00;27/10/2025;10:47:39;20;1282-20
CO2;1282;CT-CO2-0;02938df5-6afb-d44e-582d-0b5eea40f8eb;51:88:0A:9E;0;AVIÁRIO MEIO;908,00;27/10/2025;10:53:11;20;1282-20
CO2;1282;CT-CO2-0;02938df5-6afb-d44e-582d-0b5eea40f8eb;51:88:0A:9E;0;AVIÁRIO MEIO;926,00;27/10/2025;10:58:13;20;1282-20
CO2;1282;CT-CO2-0;02938df5-6afb-d44e-582d-0b5eea40f8eb;51:88:0A:9E;0;AVIÁRIO MEIO;925,00;27/10/2025;11:04:18;20;1282-20
CO2;1282;CT-CO2-0;02938df5-6afb-d44e-582d-0b5eea40f8eb;51:88:0A:9E;0;AVIÁRIO MEIO;903,00;27/10/2025;11:09:20;20;1282-20
CO2;1282;CT-CO2-0;02938df5-6afb-d44e-582d-0b5eea40f8eb;51:88:0A:9E;0;AVIÁRIO MEIO;915,00;27/10/2025;11:14:22;20;1282-20
CO2;1282;CT-CO2-0;02938df5-6afb-d44e-582d-0b5eea40f8eb;51:88:0A:9E;0;AVIÁRIO MEIO;933,00;27/10/2025;11:19:54;20;1282-20
CO2;1282;CT-CO2-0;02938df5-6afb-d44e-582d-0b5eea40f8eb;51:88:0A:9E;0;AVIÁRIO MEIO;936,00;27/10/2025;11:25:27;20;1282-20
CO2;1282;CT-CO2-0;02938df5-6afb-d44e-582d-0b5eea40f8eb;51:88:0A:9E;0;AVIÁRIO MEIO;869,00;27/10/2025;11:30:59;20;1282-20
CO2;1282;CT-CO2-0;02938df5-6afb-d44e-582d-0b5eea40f8eb;51:88:0A:9E;0;AVIÁRIO MEIO;893,00;27/10/2025;11:36:06;20;1282-20
CO2;1282;CT-CO2-0;02938df5-6afb-d44e-582d-0b5eea40f8eb;51:88:0A:9E;0;AVIÁRIO MEIO;908,00;27/10/2025;11:41:38;20;1282-20
CO2;1282;CT-CO2-0;02938df5-6afb-d44e-582d-0b5eea40f8eb;51:88:0A:9E;0;AVIÁRIO MEIO;824,00;27/10/2025;11:47:10;20;1282-20
CO2;1282;CT-CO2-0;02938df5-6afb-d44e-582d-0b5eea40f8eb;51:88:0A:9E;0;AVIÁRIO MEIO;832,00;27/10/2025;11:52:12;20;1282-20
CO2;1282;CT-CO2-0;02938df5-6afb-d44e-582d-0b5eea40f8eb;51:88:0A:9E;0;AVIÁRIO MEIO;806,00;27/10/2025;11:57:44;20;1282-20
CO2;1282;CT-CO2-0;02938df5-6afb-d44e-582d-0b5eea40f8eb;51:88:0A:9E;0;AVIÁRIO MEIO;790,00;27/10/2025;12:03:16;20;1282-20
CO2;1282;CT-CO2-0;02938df5-6afb-d44e-582d-0b5eea40f8eb;51:88:0A:9E;0;AVIÁRIO MEIO;840,00;27/10/2025;12:09:20;20;1282-20
CO2;1282;CT-CO2-0;02938df5-6afb-d44e-582d-0b5eea40f8eb;51:88:0A:9E;0;AVIÁRIO MEIO;761,00;27/10/2025;12:13:51;20;1282-20
CO2;1282;CT-CO2-0;02938df5-6afb-d44e-582d-0b5eea40f8eb;51:88:0A:9E;0;AVIÁRIO MEIO;739,00;27/10/2025;12:19:24;20;1282-20
CO2;1282;CT-CO2-0;02938df5-6afb-d44e-582d-0b5eea40f8eb;51:88:0A:9E;0;AVIÁRIO MEIO;825,00;27/10/2025;12:24:57;20;1282-20
CO2;1282;CT-CO2-0;02938df5-6afb-d44e-582d-0b5eea40f8eb;51:88:0A:9E;0;AVIÁRIO MEIO;777,00;27/10/2025;12:30:29;20;1282-20
CO2;1282;CT-CO2-0;02938df5-6afb-d44e-582d-0b5eea40f8eb;51:88:0A:9E;0;AVIÁRIO MEIO;731,00;27/10/2025;12:35:31;20;1282-20
CO2;1282;CT-CO2-0;02938df5-6afb-d44e-582d-0b5eea40f8eb;51:88:0A:9E;0;AVIÁRIO MEIO;695,00;27/10/2025;12:46:34;20;1282-20
CO2;1282;CT-CO2-0;02938df5-6afb-d44e-582d-0b5eea40f8eb;51:88:0A:9E;0;AVIÁRIO MEIO;703,00;27/10/2025;12:52:07;20;1282-20
CO2;1282;CT-CO2-0;02938df5-6afb-d44e-582d-0b5eea40f8eb;51:88:0A:9E;0;AVIÁRIO MEIO;692,00;27/10/2025;12:57:09;20;1282-20
CO2;1282;CT-CO2-0;02938df5-6afb-d44e-582d-0b5eea40f8eb;51:88:0A:9E;0;AVIÁRIO MEIO;688,00;27/10/2025;13:02:41;20;1282-20
CO2;1282;CT-CO2-0;02938df5-6afb-d44e-582d-0b5eea40f8eb;51:88:0A:9E;0;AVIÁRIO MEIO;682,00;27/10/2025;13:08:14;20;1282-20
CO2;1282;CT-CO2-0;02938df5-6afb-d44e-582d-0b5eea40f8eb;51:88:0A:9E;0;AVIÁRIO MEIO;671,00;27/10/2025;13:13:16;20;1282-20
CO2;1282;CT-CO2-0;02938df5-6afb-d44e-582d-0b5eea40f8eb;51:88:0A:9E;0;AVIÁRIO MEIO;673,00;27/10/2025;13:19:19;20;1282-20
CO2;1282;CT-CO2-0;02938df5-6afb-d44e-582d-0b5eea40f8eb;51:88:0A:9E;0;AVIÁRIO MEIO;722,00;27/10/2025;13:24:23;20;1282-20
CO2;1282;CT-CO2-0;02938df5-6afb-d44e-582d-0b5eea40f8eb;51:88:0A:9E;0;AVIÁRIO MEIO;682,00;27/10/2025;13:29:55;20;1282-20
CO2;1282;CT-CO2-0;02938df5-6afb-d44e-582d-0b5eea40f8eb;51:88:0A:9E;0;AVIÁRIO MEIO;685,00;27/10/2025;13:34:58;20;1282-20
CO2;1282;CT-CO2-0;02938df5-6afb-d44e-582d-0b5eea40f8eb;51:88:0A:9E;0;AVIÁRIO MEIO;676,00;27/10/2025;13:40:29;20;1282-20
CO2;1282;CT-CO2-0;02938df5-6afb-d44e-582d-0b5eea40f8eb;51:88:0A:9E;0;AVIÁRIO MEIO;674,00;27/10/2025;13:46:01;20;1282-20
CO2;1282;CT-CO2-0;02938df5-6afb-d44e-582d-0b5eea40f8eb;51:88:0A:9E;0;AVIÁRIO MEIO;704,00;27/10/2025;13:51:03;20;1282-20
CO2;1282;CT-CO2-0;02938df5-6afb-d44e-582d-0b5eea40f8eb;51:88:0A:9E;0;AVIÁRIO MEIO;690,00;27/10/2025;13:56:35;20;1282-20
CO2;1282;CT-CO2-0;02938df5-6afb-d44e-582d-0b5eea40f8eb;51:88:0A:9E;0;AVIÁRIO MEIO;685,00;27/10/2025;14:02:08;20;1282-20
CO2;1282;CT-CO2-0;02938df5-6afb-d44e-582d-0b5eea40f8eb;51:88:0A:9E;0;AVIÁRIO MEIO;678,00;27/10/2025;14:07:40;20;1282-20
CO2;1282;CT-CO2-0;02938df5-6afb-d44e-582d-0b5eea40f8eb;51:88:0A:9E;0;AVIÁRIO MEIO;676,00;27/10/2025;14:12:42;20;1282-20
CO2;1282;CT-CO2-0;02938df5-6afb-d44e-582d-0b5eea40f8eb;51:88:0A:9E;0;AVIÁRIO MEIO;705,00;27/10/2025;14:18:15;20;1282-20
CO2;1282;CT-CO2-0;02938df5-6afb-d44e-582d-0b5eea40f8eb;51:88:0A:9E;0;AVIÁRIO MEIO;662,00;27/10/2025;14:23:48;20;1282-20
CO2;1282;CT-CO2-0;02938df5-6afb-d44e-582d-0b5eea40f8eb;51:88:0A:9E;0;AVIÁRIO MEIO;687,00;27/10/2025;14:29:51;20;1282-20
CO2;1282;CT-CO2-0;02938df5-6afb-d44e-582d-0b5eea40f8eb;51:88:0A:9E;0;AVIÁRIO MEIO;687,00;27/10/2025;14:34:22;20;1282-20
CO2;1282;CT-CO2-0;02938df5-6afb-d44e-582d-0b5eea40f8eb;51:88:0A:9E;0;AVIÁRIO MEIO;689,00;27/10/2025;14:39:54;20;1282-20
CO2;1282;CT-CO2-0;02938df5-6afb-d44e-582d-0b5eea40f8eb;51:88:0A:9E;0;AVIÁRIO MEIO;690,00;27/10/2025;14:45:26;20;1282-20
CO2;1282;CT-CO2-0;02938df5-6afb-d44e-582d-0b5eea40f8eb;51:88:0A:9E;0;AVIÁRIO MEIO;691,00;27/10/2025;14:50:58;20;1282-20
CO2;1282;CT-CO2-0;02938df5-6afb-d44e-582d-0b5eea40f8eb;51:88:0A:9E;0;AVIÁRIO MEIO;681,00;27/10/2025;14:56:05;20;1282-20
CO2;1282;CT-CO2-0;02938df5-6afb-d44e-582d-0b5eea40f8eb;51:88:0A:9E;0;AVIÁRIO MEIO;716,00;27/10/2025;15:01:37;20;1282-20
CO2;1282;CT-CO2-0;02938df5-6afb-d44e-582d-0b5eea40f8eb;51:88:0A:9E;0;AVIÁRIO MEIO;672,00;27/10/2025;15:07:09;20;1282-20
CO2;1282;CT-CO2-0;02938df5-6afb-d44e-582d-0b5eea40f8eb;51:88:0A:9E;0;AVIÁRIO MEIO;680,00;27/10/2025;15:12:40;20;1282-20
CO2;1282;CT-CO2-0;02938df5-6afb-d44e-582d-0b5eea40f8eb;51:88:0A:9E;0;AVIÁRIO MEIO;686,00;27/10/2025;15:17:42;20;1282-20
CO2;1282;CT-CO2-0;02938df5-6afb-d44e-582d-0b5eea40f8eb;51:88:0A:9E;0;AVIÁRIO MEIO;673,00;27/10/2025;15:23:14;20;1282-20
CO2;1282;CT-CO2-0;02938df5-6afb-d44e-582d-0b5eea40f8eb;51:88:0A:9E;0;AVIÁRIO MEIO;685,00;27/10/2025;15:28:46;20;1282-20
CO2;1282;CT-CO2-0;02938df5-6afb-d44e-582d-0b5eea40f8eb;51:88:0A:9E;0;AVIÁRIO MEIO;686,00;27/10/2025;15:34:18;20;1282-20
CO2;1282;CT-CO2-0;02938df5-6afb-d44e-582d-0b5eea40f8eb;51:88:0A:9E;0;AVIÁRIO MEIO;692,00;27/10/2025;15:44:54;20;1282-20
CO2;1282;CT-CO2-0;02938df5-6afb-d44e-582d-0b5eea40f8eb;51:88:0A:9E;0;AVIÁRIO MEIO;686,00;27/10/2025;15:50:26;20;1282-20
CO2;1282;CT-CO2-0;02938df5-6afb-d44e-582d-0b5eea40f8eb;51:88:0A:9E;0;AVIÁRIO MEIO;691,00;27/10/2025;15:55:58;20;1282-20
CO2;1282;CT-CO2-0;02938df5-6afb-d44e-582d-0b5eea40f8eb;51:88:0A:9E;0;AVIÁRIO MEIO;666,00;27/10/2025;16:01:01;20;1282-20
CO2;1282;CT-CO2-0;02938df5-6afb-d44e-582d-0b5eea40f8eb;51:88:0A:9E;0;AVIÁRIO MEIO;672,00;27/10/2025;16:06:33;20;1282-20
CO2;1282;CT-CO2-0;02938df5-6afb-d44e-582d-0b5eea40f8eb;51:88:0A:9E;0;AVIÁRIO MEIO;680,00;27/10/2025;16:12:04;20;1282-20
CO2;1282;CT-CO2-0;02938df5-6afb-d44e-582d-0b5eea40f8eb;51:88:0A:9E;0;AVIÁRIO MEIO;684,00;27/10/2025;16:17:36;20;1282-20
CO2;1282;CT-CO2-0;02938df5-6afb-d44e-582d-0b5eea40f8eb;51:88:0A:9E;0;AVIÁRIO MEIO;687,00;27/10/2025;16:22:38;20;1282-20
CO2;1282;CT-CO2-0;02938df5-6afb-d44e-582d-0b5eea40f8eb;51:88:0A:9E;0;AVIÁRIO MEIO;687,00;27/10/2025;16:28:10;20;1282-20
CO2;1282;CT-CO2-0;02938df5-6afb-d44e-582d-0b5eea40f8eb;51:88:0A:9E;0;AVIÁRIO MEIO;679,00;27/10/2025;16:33:44;20;1282-20
CO2;1282;CT-CO2-0;02938df5-6afb-d44e-582d-0b5eea40f8eb;51:88:0A:9E;0;AVIÁRIO MEIO;659,00;27/10/2025;16:39:16;20;1282-20
CO2;1282;CT-CO2-0;02938df5-6afb-d44e-582d-0b5eea40f8eb;51:88:0A:9E;0;AVIÁRIO MEIO;673,00;27/10/2025;16:44:18;20;1282-20
CO2;1282;CT-CO2-0;02938df5-6afb-d44e-582d-0b5eea40f8eb;51:88:0A:9E;0;AVIÁRIO MEIO;678,00;27/10/2025;16:50:22;20;1282-20
CO2;1282;CT-CO2-0;02938df5-6afb-d44e-582d-0b5eea40f8eb;51:88:0A:9E;0;AVIÁRIO MEIO;679,00;27/10/2025;17:00:27;20;1282-20
CO2;1282;CT-CO2-0;02938df5-6afb-d44e-582d-0b5eea40f8eb;51:88:0A:9E;0;AVIÁRIO MEIO;681,00;27/10/2025;17:05:59;20;1282-20
CO2;1282;CT-CO2-0;02938df5-6afb-d44e-582d-0b5eea40f8eb;51:88:0A:9E;0;AVIÁRIO MEIO;738,00;27/10/2025;17:11:31;20;1282-20
CO2;1282;CT-CO2-0;02938df5-6afb-d44e-582d-0b5eea40f8eb;51:88:0A:9E;0;AVIÁRIO MEIO;823,00;27/10/2025;17:17:03;20;1282-20
CO2;1282;CT-CO2-0;02938df5-6afb-d44e-582d-0b5eea40f8eb;51:88:0A:9E;0;AVIÁRIO MEIO;722,00;27/10/2025;17:22:05;20;1282-20
CO2;1282;CT-CO2-0;02938df5-6afb-d44e-582d-0b5eea40f8eb;51:88:0A:9E;0;AVIÁRIO MEIO;763,00;27/10/2025;17:27:37;20;1282-20
CO2;1282;CT-CO2-0;02938df5-6afb-d44e-582d-0b5eea40f8eb;51:88:0A:9E;0;AVIÁRIO MEIO;832,00;27/10/2025;17:33:08;20;1282-20
CO2;1282;CT-CO2-0;02938df5-6afb-d44e-582d-0b5eea40f8eb;51:88:0A:9E;0;AVIÁRIO MEIO;728,00;27/10/2025;17:38:41;20;1282-20
CO2;1282;CT-CO2-0;02938df5-6afb-d44e-582d-0b5eea40f8eb;51:88:0A:9E;0;AVIÁRIO MEIO;677,00;27/10/2025;17:43:43;20;1282-20
CO2;1282;CT-CO2-0;02938df5-6afb-d44e-582d-0b5eea40f8eb;51:88:0A:9E;0;AVIÁRIO MEIO;687,00;27/10/2025;17:49:15;20;1282-20
CO2;1282;CT-CO2-0;02938df5-6afb-d44e-582d-0b5eea40f8eb;51:88:0A:9E;0;AVIÁRIO MEIO;673,00;27/10/2025;17:54:47;20;1282-20
CO2;1282;CT-CO2-0;02938df5-6afb-d44e-582d-0b5eea40f8eb;51:88:0A:9E;0;AVIÁRIO MEIO;770,00;27/10/2025;18:00:55;20;1282-20
CO2;1282;CT-CO2-0;02938df5-6afb-d44e-582d-0b5eea40f8eb;51:88:0A:9E;0;AVIÁRIO MEIO;811,00;27/10/2025;18:05:27;20;1282-20
CO2;1282;CT-CO2-0;02938df5-6afb-d44e-582d-0b5eea40f8eb;51:88:0A:9E;0;AVIÁRIO MEIO;839,00;27/10/2025;18:10:59;20;1282-20
CO2;1282;CT-CO2-0;02938df5-6afb-d44e-582d-0b5eea40f8eb;51:88:0A:9E;0;AVIÁRIO MEIO;818,00;27/10/2025;18:16:31;20;1282-20
CO2;1282;CT-CO2-0;02938df5-6afb-d44e-582d-0b5eea40f8eb;51:88:0A:9E;0;AVIÁRIO MEIO;857,00;27/10/2025;18:21:33;20;1282-20
CO2;1282;CT-CO2-0;02938df5-6afb-d44e-582d-0b5eea40f8eb;51:88:0A:9E;0;AVIÁRIO MEIO;914,00;27/10/2025;18:27:05;20;1282-20
CO2;1282;CT-CO2-0;02938df5-6afb-d44e-582d-0b5eea40f8eb;51:88:0A:9E;0;AVIÁRIO MEIO;856,00;27/10/2025;18:32:37;20;1282-20
CO2;1282;CT-CO2-0;02938df5-6afb-d44e-582d-0b5eea40f8eb;51:88:0A:9E;0;AVIÁRIO MEIO;884,00;27/10/2025;18:38:09;20;1282-20
CO2;1282;CT-CO2-0;02938df5-6afb-d44e-582d-0b5eea40f8eb;51:88:0A:9E;0;AVIÁRIO MEIO;924,00;27/10/2025;18:43:11;20;1282-20
CO2;1282;CT-CO2-0;02938df5-6afb-d44e-582d-0b5eea40f8eb;51:88:0A:9E;0;AVIÁRIO MEIO;924,00;27/10/2025;18:48:43;20;1282-20
CO2;1282;CT-CO2-0;02938df5-6afb-d44e-582d-0b5eea40f8eb;51:88:0A:9E;0;AVIÁRIO MEIO;913,00;27/10/2025;18:54:15;20;1282-20
CO2;1282;CT-CO2-0;02938df5-6afb-d44e-582d-0b5eea40f8eb;51:88:0A:9E;0;AVIÁRIO MEIO;926,00;27/10/2025;18:59:48;20;1282-20
CO2;1282;CT-CO2-0;02938df5-6afb-d44e-582d-0b5eea40f8eb;51:88:0A:9E;0;AVIÁRIO MEIO;933,00;27/10/2025;19:04:49;20;1282-20
CO2;1282;CT-CO2-0;02938df5-6afb-d44e-582d-0b5eea40f8eb;51:88:0A:9E;0;AVIÁRIO MEIO;940,00;27/10/2025;19:10:58;20;1282-20
CO2;1282;CT-CO2-0;02938df5-6afb-d44e-582d-0b5eea40f8eb;51:88:0A:9E;0;AVIÁRIO MEIO;968,00;27/10/2025;19:16:00;20;1282-20
CO2;1282;CT-CO2-0;02938df5-6afb-d44e-582d-0b5eea40f8eb;51:88:0A:9E;0;AVIÁRIO MEIO;992,00;27/10/2025;19:21:32;20;1282-20
CO2;1282;CT-CO2-0;02938df5-6afb-d44e-582d-0b5eea40f8eb;51:88:0A:9E;0;AVIÁRIO MEIO;995,00;27/10/2025;19:26:34;20;1282-20
CO2;1282;CT-CO2-0;02938df5-6afb-d44e-582d-0b5eea40f8eb;51:88:0A:9E;0;AVIÁRIO MEIO;982,00;27/10/2025;19:32:06;20;1282-20
CO2;1282;CT-CO2-0;02938df5-6afb-d44e-582d-0b5eea40f8eb;51:88:0A:9E;0;AVIÁRIO MEIO;1.008,00;27/10/2025;19:37:38;20;1282-20
CO2;1282;CT-CO2-0;02938df5-6afb-d44e-582d-0b5eea40f8eb;51:88:0A:9E;0;AVIÁRIO MEIO;1.009,00;27/10/2025;19:43:10;20;1282-20
CO2;1282;CT-CO2-0;02938df5-6afb-d44e-582d-0b5eea40f8eb;51:88:0A:9E;0;AVIÁRIO MEIO;998,00;27/10/2025;19:48:12;20;1282-20
CO2;1282;CT-CO2-0;02938df5-6afb-d44e-582d-0b5eea40f8eb;51:88:0A:9E;0;AVIÁRIO MEIO;1.033,00;27/10/2025;19:53:44;20;1282-20
CO2;1282;CT-CO2-0;02938df5-6afb-d44e-582d-0b5eea40f8eb;51:88:0A:9E;0;AVIÁRIO MEIO;982,00;27/10/2025;19:59:17;20;1282-20
CO2;1282;CT-CO2-0;02938df5-6afb-d44e-582d-0b5eea40f8eb;51:88:0A:9E;0;AVIÁRIO MEIO;974,00;27/10/2025;20:04:49;20;1282-20
CO2;1282;CT-CO2-0;02938df5-6afb-d44e-582d-0b5eea40f8eb;51:88:0A:9E;0;AVIÁRIO MEIO;949,00;27/10/2025;20:09:51;20;1282-20
CO2;1282;CT-CO2-0;02938df5-6afb-d44e-582d-0b5eea40f8eb;51:88:0A:9E;0;AVIÁRIO MEIO;1.047,00;27/10/2025;20:21:28;20;1282-20
CO2;1282;CT-CO2-0;02938df5-6afb-d44e-582d-0b5eea40f8eb;51:88:0A:9E;0;AVIÁRIO MEIO;1.009,00;27/10/2025;20:26:29;20;1282-20
CO2;1282;CT-CO2-0;02938df5-6afb-d44e-582d-0b5eea40f8eb;51:88:0A:9E;0;AVIÁRIO MEIO;1.046,00;27/10/2025;20:31:31;20;1282-20
CO2;1282;CT-CO2-0;02938df5-6afb-d44e-582d-0b5eea40f8eb;51:88:0A:9E;0;AVIÁRIO MEIO;999,00;27/10/2025;20:37:02;20;1282-20
CO2;1282;CT-CO2-0;02938df5-6afb-d44e-582d-0b5eea40f8eb;51:88:0A:9E;0;AVIÁRIO MEIO;1.036,00;27/10/2025;20:42:34;20;1282-20
CO2;1282;CT-CO2-0;02938df5-6afb-d44e-582d-0b5eea40f8eb;51:88:0A:9E;0;AVIÁRIO MEIO;1.066,00;27/10/2025;20:48:07;20;1282-20
CO2;1282;CT-CO2-0;02938df5-6afb-d44e-582d-0b5eea40f8eb;51:88:0A:9E;0;AVIÁRIO MEIO;995,00;27/10/2025;20:53:10;20;1282-20
CO2;1282;CT-CO2-0;02938df5-6afb-d44e-582d-0b5eea40f8eb;51:88:0A:9E;0;AVIÁRIO MEIO;1.055,00;27/10/2025;20:58:42;20;1282-20
CO2;1282;CT-CO2-0;02938df5-6afb-d44e-582d-0b5eea40f8eb;51:88:0A:9E;0;AVIÁRIO MEIO;1.022,00;27/10/2025;21:06:43;20;1282-20
CO2;1282;CT-CO2-0;02938df5-6afb-d44e-582d-0b5eea40f8eb;51:88:0A:9E;0;AVIÁRIO MEIO;1.084,00;27/10/2025;21:11:45;20;1282-20
CO2;1282;CT-CO2-0;02938df5-6afb-d44e-582d-0b5eea40f8eb;51:88:0A:9E;0;AVIÁRIO MEIO;1.037,00;27/10/2025;21:17:16;20;1282-20
CO2;1282;CT-CO2-0;02938df5-6afb-d44e-582d-0b5eea40f8eb;51:88:0A:9E;0;AVIÁRIO MEIO;1.027,00;27/10/2025;21:22:48;20;1282-20
CO2;1282;CT-CO2-0;02938df5-6afb-d44e-582d-0b5eea40f8eb;51:88:0A:9E;0;AVIÁRIO MEIO;1.054,00;27/10/2025;21:28:52;20;1282-20
CO2;1282;CT-CO2-0;02938df5-6afb-d44e-582d-0b5eea40f8eb;51:88:0A:9E;0;AVIÁRIO MEIO;1.016,00;27/10/2025;21:33:24;20;1282-20
CO2;1282;CT-CO2-0;02938df5-6afb-d44e-582d-0b5eea40f8eb;51:88:0A:9E;0;AVIÁRIO MEIO;999,00;27/10/2025;21:44:28;20;1282-20
CO2;1282;CT-CO2-0;02938df5-6afb-d44e-582d-0b5eea40f8eb;51:88:0A:9E;0;AVIÁRIO MEIO;1.026,00;27/10/2025;21:50:00;20;1282-20
CO2;1282;CT-CO2-0;02938df5-6afb-d44e-582d-0b5eea40f8eb;51:88:0A:9E;0;AVIÁRIO MEIO;996,00;27/10/2025;21:55:02;20;1282-20
CO2;1282;CT-CO2-0;02938df5-6afb-d44e-582d-0b5eea40f8eb;51:88:0A:9E;0;AVIÁRIO MEIO;1.065,00;27/10/2025;22:00:35;20;1282-20
CO2;1282;CT-CO2-0;02938df5-6afb-d44e-582d-0b5eea40f8eb;51:88:0A:9E;0;AVIÁRIO MEIO;1.046,00;27/10/2025;22:06:12;20;1282-20
CO2;1282;CT-CO2-0;02938df5-6afb-d44e-582d-0b5eea40f8eb;51:88:0A:9E;0;AVIÁRIO MEIO;1.087,00;27/10/2025;22:11:45;20;1282-20
CO2;1282;CT-CO2-0;02938df5-6afb-d44e-582d-0b5eea40f8eb;51:88:0A:9E;0;AVIÁRIO MEIO;1.057,00;27/10/2025;22:16:48;20;1282-20
CO2;1282;CT-CO2-0;02938df5-6afb-d44e-582d-0b5eea40f8eb;51:88:0A:9E;0;AVIÁRIO MEIO;1.118,00;27/10/2025;22:22:20;20;1282-20
CO2;1282;CT-CO2-0;02938df5-6afb-d44e-582d-0b5eea40f8eb;51:88:0A:9E;0;AVIÁRIO MEIO;1.080,00;27/10/2025;22:27:52;20;1282-20
CO2;1282;CT-CO2-0;02938df5-6afb-d44e-582d-0b5eea40f8eb;51:88:0A:9E;0;AVIÁRIO MEIO;1.073,00;27/10/2025;22:33:56;20;1282-20
CO2;1282;CT-CO2-0;02938df5-6afb-d44e-582d-0b5eea40f8eb;51:88:0A:9E;0;AVIÁRIO MEIO;1.164,00;27/10/2025;22:38:28;20;1282-20
CO2;1282;CT-CO2-0;02938df5-6afb-d44e-582d-0b5eea40f8eb;51:88:0A:9E;0;AVIÁRIO MEIO;1.157,00;27/10/2025;22:44:00;20;1282-20
CO2;1282;CT-CO2-0;02938df5-6afb-d44e-582d-0b5eea40f8eb;51:88:0A:9E;0;AVIÁRIO MEIO;1.180,00;27/10/2025;22:49:32;20;1282-20
CO2;1282;CT-CO2-0;02938df5-6afb-d44e-582d-0b5eea40f8eb;51:88:0A:9E;0;AVIÁRIO MEIO;1.105,00;27/10/2025;22:54:33;20;1282-20
CO2;1282;CT-CO2-0;02938df5-6afb-d44e-582d-0b5eea40f8eb;51:88:0A:9E;0;AVIÁRIO MEIO;1.187,00;27/10/2025;23:00:05;20;1282-20
CO2;1282;CT-CO2-0;02938df5-6afb-d44e-582d-0b5eea40f8eb;51:88:0A:9E;0;AVIÁRIO MEIO;1.233,00;27/10/2025;23:05:37;20;1282-20
CO2;1282;CT-CO2-0;02938df5-6afb-d44e-582d-0b5eea40f8eb;51:88:0A:9E;0;AVIÁRIO MEIO;1.099,00;27/10/2025;23:11:09;20;1282-20
CO2;1282;CT-CO2-0;02938df5-6afb-d44e-582d-0b5eea40f8eb;51:88:0A:9E;0;AVIÁRIO MEIO;1.196,00;27/10/2025;23:16:11;20;1282-20
CO2;1282;CT-CO2-0;02938df5-6afb-d44e-582d-0b5eea40f8eb;51:88:0A:9E;0;AVIÁRIO MEIO;1.173,00;27/10/2025;23:21:43;20;1282-20
CO2;1282;CT-CO2-0;02938df5-6afb-d44e-582d-0b5eea40f8eb;51:88:0A:9E;0;AVIÁRIO MEIO;1.137,00;27/10/2025;23:27:14;20;1282-20
CO2;1282;CT-CO2-0;02938df5-6afb-d44e-582d-0b5eea40f8eb;51:88:0A:9E;0;AVIÁRIO MEIO;1.176,00;27/10/2025;23:32:47;20;1282-20
CO2;1282;CT-CO2-0;02938df5-6afb-d44e-582d-0b5eea40f8eb;51:88:0A:9E;0;AVIÁRIO MEIO;1.190,00;27/10/2025;23:38:20;20;1282-20
CO2;1282;CT-CO2-0;02938df5-6afb-d44e-582d-0b5eea40f8eb;51:88:0A:9E;0;AVIÁRIO MEIO;1.236,00;27/10/2025;23:43:54;20;1282-20
CO2;1282;CT-CO2-0;02938df5-6afb-d44e-582d-0b5eea40f8eb;51:88:0A:9E;0;AVIÁRIO MEIO;1.191,00;27/10/2025;23:48:56;20;1282-20
CO2;1282;CT-CO2-0;02938df5-6afb-d44e-582d-0b5eea40f8eb;51:88:0A:9E;0;AVIÁRIO MEIO;1.188,00;27/10/2025;23:54:29;20;1282-20
CO2;1282;CT-CO2-0;02938df5-6afb-d44e-582d-0b5eea40f8eb;51:88:0A:9E;0;AVIÁRIO MEIO;1.126,00;27/10/2025;23:59:31;20;1282-20
CO2;1282;CT-CO2-0;02938df5-6afb-d44e-582d-0b5eea40f8eb;51:88:0A:9E;0;AVIÁRIO MEIO;1.181,00;28/10/2025;00:05:06;20;1282-20
CO2;1282;CT-CO2-0;02938df5-6afb-d44e-582d-0b5eea40f8eb;51:88:0A:9E;0;AVIÁRIO MEIO;1.175,00;28/10/2025;00:10:38;20;1282-20
CO2;1282;CT-CO2-0;02938df5-6afb-d44e-582d-0b5eea40f8eb;51:88:0A:9E;0;AVIÁRIO MEIO;1.210,00;28/10/2025;00:16:10;20;1282-20
CO2;1282;CT-CO2-0;02938df5-6afb-d44e-582d-0b5eea40f8eb;51:88:0A:9E;0;AVIÁRIO MEIO;1.168,00;28/10/2025;00:21:13;20;1282-20
CO2;1282;CT-CO2-0;02938df5-6afb-d44e-582d-0b5eea40f8eb;51:88:0A:9E;0;AVIÁRIO MEIO;1.255,00;28/10/2025;00:26:45;20;1282-20
CO2;1282;CT-CO2-0;02938df5-6afb-d44e-582d-0b5eea40f8eb;51:88:0A:9E;0;AVIÁRIO MEIO;1.233,00;28/10/2025;00:32:17;20;1282-20
CO2;1282;CT-CO2-0;02938df5-6afb-d44e-582d-0b5eea40f8eb;51:88:0A:9E;0;AVIÁRIO MEIO;1.268,00;28/10/2025;00:37:50;20;1282-20
CO2;1282;CT-CO2-0;02938df5-6afb-d44e-582d-0b5eea40f8eb;51:88:0A:9E;0;AVIÁRIO MEIO;1.284,00;28/10/2025;00:42:52;20;1282-20
CO2;1282;CT-CO2-0;02938df5-6afb-d44e-582d-0b5eea40f8eb;51:88:0A:9E;0;AVIÁRIO MEIO;1.210,00;28/10/2025;00:48:57;20;1282-20
CO2;1282;CT-CO2-0;02938df5-6afb-d44e-582d-0b5eea40f8eb;51:88:0A:9E;0;AVIÁRIO MEIO;1.268,00;28/10/2025;00:53:59;20;1282-20
CO2;1282;CT-CO2-0;02938df5-6afb-d44e-582d-0b5eea40f8eb;51:88:0A:9E;0;AVIÁRIO MEIO;1.270,00;28/10/2025;00:59:31;20;1282-20
CO2;1282;CT-CO2-0;02938df5-6afb-d44e-582d-0b5eea40f8eb;51:88:0A:9E;0;AVIÁRIO MEIO;1.235,00;28/10/2025;01:04:33;20;1282-20
CO2;1282;CT-CO2-0;02938df5-6afb-d44e-582d-0b5eea40f8eb;51:88:0A:9E;0;AVIÁRIO MEIO;1.296,00;28/10/2025;01:10:06;20;1282-20
CO2;1282;CT-CO2-0;02938df5-6afb-d44e-582d-0b5eea40f8eb;51:88:0A:9E;0;AVIÁRIO MEIO;1.300,00;28/10/2025;01:15:38;20;1282-20
CO2;1282;CT-CO2-0;02938df5-6afb-d44e-582d-0b5eea40f8eb;51:88:0A:9E;0;AVIÁRIO MEIO;1.265,00;28/10/2025;01:21:10;20;1282-20
CO2;1282;CT-CO2-0;02938df5-6afb-d44e-582d-0b5eea40f8eb;51:88:0A:9E;0;AVIÁRIO MEIO;1.260,00;28/10/2025;01:26:12;20;1282-20
CO2;1282;CT-CO2-0;02938df5-6afb-d44e-582d-0b5eea40f8eb;51:88:0A:9E;0;AVIÁRIO MEIO;1.330,00;28/10/2025;01:31:43;20;1282-20
CO2;1282;CT-CO2-0;02938df5-6afb-d44e-582d-0b5eea40f8eb;51:88:0A:9E;0;AVIÁRIO MEIO;1.309,00;28/10/2025;01:37:15;20;1282-20
CO2;1282;CT-CO2-0;02938df5-6afb-d44e-582d-0b5eea40f8eb;51:88:0A:9E;0;AVIÁRIO MEIO;1.312,00;28/10/2025;01:42:50;20;1282-20
CO2;1282;CT-CO2-0;02938df5-6afb-d44e-582d-0b5eea40f8eb;51:88:0A:9E;0;AVIÁRIO MEIO;1.400,00;28/10/2025;01:47:52;20;1282-20
CO2;1282;CT-CO2-0;02938df5-6afb-d44e-582d-0b5eea40f8eb;51:88:0A:9E;0;AVIÁRIO MEIO;1.371,00;28/10/2025;01:53:24;20;1282-20
CO2;1282;CT-CO2-0;02938df5-6afb-d44e-582d-0b5eea40f8eb;51:88:0A:9E;0;AVIÁRIO MEIO;1.391,00;28/10/2025;01:59:28;20;1282-20
CO2;1282;CT-CO2-0;02938df5-6afb-d44e-582d-0b5eea40f8eb;51:88:0A:9E;0;AVIÁRIO MEIO;1.378,00;28/10/2025;02:04:30;20;1282-20
CO2;1282;CT-CO2-0;02938df5-6afb-d44e-582d-0b5eea40f8eb;51:88:0A:9E;0;AVIÁRIO MEIO;1.379,00;28/10/2025;02:09:33;20;1282-20
CO2;1282;CT-CO2-0;02938df5-6afb-d44e-582d-0b5eea40f8eb;51:88:0A:9E;0;AVIÁRIO MEIO;1.347,00;28/10/2025;02:15:05;20;1282-20
CO2;1282;CT-CO2-0;02938df5-6afb-d44e-582d-0b5eea40f8eb;51:88:0A:9E;0;AVIÁRIO MEIO;1.247,00;28/10/2025;02:20:37;20;1282-20
CO2;1282;CT-CO2-0;02938df5-6afb-d44e-582d-0b5eea40f8eb;51:88:0A:9E;0;AVIÁRIO MEIO;1.374,00;28/10/2025;02:26:08;20;1282-20
CO2;1282;CT-CO2-0;02938df5-6afb-d44e-582d-0b5eea40f8eb;51:88:0A:9E;0;AVIÁRIO MEIO;1.296,00;28/10/2025;02:31:10;20;1282-20
CO2;1282;CT-CO2-0;02938df5-6afb-d44e-582d-0b5eea40f8eb;51:88:0A:9E;0;AVIÁRIO MEIO;1.393,00;28/10/2025;02:36:42;20;1282-20
CO2;1282;CT-CO2-0;02938df5-6afb-d44e-582d-0b5eea40f8eb;51:88:0A:9E;0;AVIÁRIO MEIO;1.331,00;28/10/2025;02:42:15;20;1282-20
CO2;1282;CT-CO2-0;02938df5-6afb-d44e-582d-0b5eea40f8eb;51:88:0A:9E;0;AVIÁRIO MEIO;1.292,00;28/10/2025;02:47:47;20;1282-20
CO2;1282;CT-CO2-0;02938df5-6afb-d44e-582d-0b5eea40f8eb;51:88:0A:9E;0;AVIÁRIO MEIO;1.379,00;28/10/2025;02:52:49;20;1282-20
CO2;1282;CT-CO2-0;02938df5-6afb-d44e-582d-0b5eea40f8eb;51:88:0A:9E;0;AVIÁRIO MEIO;1.276,00;28/10/2025;02:58:23;20;1282-20
CO2;1282;CT-CO2-0;02938df5-6afb-d44e-582d-0b5eea40f8eb;51:88:0A:9E;0;AVIÁRIO MEIO;1.277,00;28/10/2025;03:03:55;20;1282-20
CO2;1282;CT-CO2-0;02938df5-6afb-d44e-582d-0b5eea40f8eb;51:88:0A:9E;0;AVIÁRIO MEIO;1.321,00;28/10/2025;03:09:27;20;1282-20
CO2;1282;CT-CO2-0;02938df5-6afb-d44e-582d-0b5eea40f8eb;51:88:0A:9E;0;AVIÁRIO MEIO;1.331,00;28/10/2025;03:14:29;20;1282-20
CO2;1282;CT-CO2-0;02938df5-6afb-d44e-582d-0b5eea40f8eb;51:88:0A:9E;0;AVIÁRIO MEIO;1.264,00;28/10/2025;03:20:01;20;1282-20
CO2;1282;CT-CO2-0;02938df5-6afb-d44e-582d-0b5eea40f8eb;51:88:0A:9E;0;AVIÁRIO MEIO;1.293,00;28/10/2025;03:25:33;20;1282-20
CO2;1282;CT-CO2-0;02938df5-6afb-d44e-582d-0b5eea40f8eb;51:88:0A:9E;0;AVIÁRIO MEIO;1.397,00;28/10/2025;03:30:35;20;1282-20
CO2;1282;CT-CO2-0;02938df5-6afb-d44e-582d-0b5eea40f8eb;51:88:0A:9E;0;AVIÁRIO MEIO;1.364,00;28/10/2025;03:36:07;20;1282-20
CO2;1282;CT-CO2-0;02938df5-6afb-d44e-582d-0b5eea40f8eb;51:88:0A:9E;0;AVIÁRIO MEIO;1.366,00;28/10/2025;03:41:39;20;1282-20
CO2;1282;CT-CO2-0;02938df5-6afb-d44e-582d-0b5eea40f8eb;51:88:0A:9E;0;AVIÁRIO MEIO;1.415,00;28/10/2025;03:47:12;20;1282-20
CO2;1282;CT-CO2-0;02938df5-6afb-d44e-582d-0b5eea40f8eb;51:88:0A:9E;0;AVIÁRIO MEIO;1.389,00;28/10/2025;03:52:44;20;1282-20
CO2;1282;CT-CO2-0;02938df5-6afb-d44e-582d-0b5eea40f8eb;51:88:0A:9E;0;AVIÁRIO MEIO;1.370,00;28/10/2025;03:57:46;20;1282-20
CO2;1282;CT-CO2-0;02938df5-6afb-d44e-582d-0b5eea40f8eb;51:88:0A:9E;0;AVIÁRIO MEIO;1.432,00;28/10/2025;04:03:19;20;1282-20
CO2;1282;CT-CO2-0;02938df5-6afb-d44e-582d-0b5eea40f8eb;51:88:0A:9E;0;AVIÁRIO MEIO;1.323,00;28/10/2025;04:08:51;20;1282-20
CO2;1282;CT-CO2-0;02938df5-6afb-d44e-582d-0b5eea40f8eb;51:88:0A:9E;0;AVIÁRIO MEIO;1.347,00;28/10/2025;04:13:52;20;1282-20
CO2;1282;CT-CO2-0;02938df5-6afb-d44e-582d-0b5eea40f8eb;51:88:0A:9E;0;AVIÁRIO MEIO;1.354,00;28/10/2025;04:19:56;20;1282-20
CO2;1282;CT-CO2-0;02938df5-6afb-d44e-582d-0b5eea40f8eb;51:88:0A:9E;0;AVIÁRIO MEIO;1.313,00;28/10/2025;04:24:58;20;1282-20
CO2;1282;CT-CO2-0;02938df5-6afb-d44e-582d-0b5eea40f8eb;51:88:0A:9E;0;AVIÁRIO MEIO;1.364,00;28/10/2025;04:30:30;20;1282-20
CO2;1282;CT-CO2-0;02938df5-6afb-d44e-582d-0b5eea40f8eb;51:88:0A:9E;0;AVIÁRIO MEIO;1.354,00;28/10/2025;04:35:32;20;1282-20
CO2;1282;CT-CO2-0;02938df5-6afb-d44e-582d-0b5eea40f8eb;51:88:0A:9E;0;AVIÁRIO MEIO;1.298,00;28/10/2025;04:41:04;20;1282-20
CO2;1282;CT-CO2-0;02938df5-6afb-d44e-582d-0b5eea40f8eb;51:88:0A:9E;0;AVIÁRIO MEIO;1.352,00;28/10/2025;04:46:37;20;1282-20
CO2;1282;CT-CO2-0;02938df5-6afb-d44e-582d-0b5eea40f8eb;51:88:0A:9E;0;AVIÁRIO MEIO;1.392,00;28/10/2025;04:52:09;20;1282-20
CO2;1282;CT-CO2-0;02938df5-6afb-d44e-582d-0b5eea40f8eb;51:88:0A:9E;0;AVIÁRIO MEIO;1.296,00;28/10/2025;04:57:11;20;1282-20
CO2;1282;CT-CO2-0;02938df5-6afb-d44e-582d-0b5eea40f8eb;51:88:0A:9E;0;AVIÁRIO MEIO;1.319,00;28/10/2025;05:02:43;20;1282-20
CO2;1282;CT-CO2-0;02938df5-6afb-d44e-582d-0b5eea40f8eb;51:88:0A:9E;0;AVIÁRIO MEIO;1.354,00;28/10/2025;05:08:15;20;1282-20
CO2;1282;CT-CO2-0;02938df5-6afb-d44e-582d-0b5eea40f8eb;51:88:0A:9E;0;AVIÁRIO MEIO;1.341,00;28/10/2025;05:13:46;20;1282-20
CO2;1282;CT-CO2-0;02938df5-6afb-d44e-582d-0b5eea40f8eb;51:88:0A:9E;0;AVIÁRIO MEIO;1.279,00;28/10/2025;05:24:21;20;1282-20
CO2;1282;CT-CO2-0;02938df5-6afb-d44e-582d-0b5eea40f8eb;51:88:0A:9E;0;AVIÁRIO MEIO;1.365,00;28/10/2025;05:30:25;20;1282-20
CO2;1282;CT-CO2-0;02938df5-6afb-d44e-582d-0b5eea40f8eb;51:88:0A:9E;0;AVIÁRIO MEIO;1.370,00;28/10/2025;05:35:27;20;1282-20
CO2;1282;CT-CO2-0;02938df5-6afb-d44e-582d-0b5eea40f8eb;51:88:0A:9E;0;AVIÁRIO MEIO;1.299,00;28/10/2025;05:40:29;20;1282-20
CO2;1282;CT-CO2-0;02938df5-6afb-d44e-582d-0b5eea40f8eb;51:88:0A:9E;0;AVIÁRIO MEIO;1.409,00;28/10/2025;05:46:01;20;1282-20
CO2;1282;CT-CO2-0;02938df5-6afb-d44e-582d-0b5eea40f8eb;51:88:0A:9E;0;AVIÁRIO MEIO;1.475,00;28/10/2025;05:51:33;20;1282-20
CO2;1282;CT-CO2-0;02938df5-6afb-d44e-582d-0b5eea40f8eb;51:88:0A:9E;0;AVIÁRIO MEIO;1.390,00;28/10/2025;05:57:05;20;1282-20
CO2;1282;CT-CO2-0;02938df5-6afb-d44e-582d-0b5eea40f8eb;51:88:0A:9E;0;AVIÁRIO MEIO;1.360,00;28/10/2025;06:02:07;20;1282-20
CO2;1282;CT-CO2-0;02938df5-6afb-d44e-582d-0b5eea40f8eb;51:88:0A:9E;0;AVIÁRIO MEIO;1.401,00;28/10/2025;06:07:39;20;1282-20
CO2;1282;CT-CO2-0;02938df5-6afb-d44e-582d-0b5eea40f8eb;51:88:0A:9E;0;AVIÁRIO MEIO;1.348,00;28/10/2025;06:13:13;20;1282-20
CO2;1282;CT-CO2-0;02938df5-6afb-d44e-582d-0b5eea40f8eb;51:88:0A:9E;0;AVIÁRIO MEIO;1.391,00;28/10/2025;06:18:45;20;1282-20
CO2;1282;CT-CO2-0;02938df5-6afb-d44e-582d-0b5eea40f8eb;51:88:0A:9E;0;AVIÁRIO MEIO;1.407,00;28/10/2025;06:23:47;20;1282-20
CO2;1282;CT-CO2-0;02938df5-6afb-d44e-582d-0b5eea40f8eb;51:88:0A:9E;0;AVIÁRIO MEIO;1.381,00;28/10/2025;06:29:19;20;1282-20
CO2;1282;CT-CO2-0;02938df5-6afb-d44e-582d-0b5eea40f8eb;51:88:0A:9E;0;AVIÁRIO MEIO;1.376,00;28/10/2025;06:34:51;20;1282-20
CO2;1282;CT-CO2-0;02938df5-6afb-d44e-582d-0b5eea40f8eb;51:88:0A:9E;0;AVIÁRIO MEIO;1.315,00;28/10/2025;06:40:56;20;1282-20
CO2;1282;CT-CO2-0;02938df5-6afb-d44e-582d-0b5eea40f8eb;51:88:0A:9E;0;AVIÁRIO MEIO;1.358,00;28/10/2025;06:45:27;20;1282-20
CO2;1282;CT-CO2-0;02938df5-6afb-d44e-582d-0b5eea40f8eb;51:88:0A:9E;0;AVIÁRIO MEIO;1.380,00;28/10/2025;06:50:59;20;1282-20
CO2;1282;CT-CO2-0;02938df5-6afb-d44e-582d-0b5eea40f8eb;51:88:0A:9E;0;AVIÁRIO MEIO;1.352,00;28/10/2025;06:56:32;20;1282-20
CO2;1282;CT-CO2-0;02938df5-6afb-d44e-582d-0b5eea40f8eb;51:88:0A:9E;0;AVIÁRIO MEIO;1.295,00;28/10/2025;07:02:05;20;1282-20
CO2;1282;CT-CO2-0;02938df5-6afb-d44e-582d-0b5eea40f8eb;51:88:0A:9E;0;AVIÁRIO MEIO;1.294,00;28/10/2025;07:07:07;20;1282-20
CO2;1282;CT-CO2-0;02938df5-6afb-d44e-582d-0b5eea40f8eb;51:88:0A:9E;0;AVIÁRIO MEIO;1.347,00;28/10/2025;07:12:39;20;1282-20
CO2;1282;CT-CO2-0;02938df5-6afb-d44e-582d-0b5eea40f8eb;51:88:0A:9E;0;AVIÁRIO MEIO;1.288,00;28/10/2025;07:18:11;20;1282-20
CO2;1282;CT-CO2-0;02938df5-6afb-d44e-582d-0b5eea40f8eb;51:88:0A:9E;0;AVIÁRIO MEIO;1.353,00;28/10/2025;07:23:43;20;1282-20
CO2;1282;CT-CO2-0;02938df5-6afb-d44e-582d-0b5eea40f8eb;51:88:0A:9E;0;AVIÁRIO MEIO;1.278,00;28/10/2025;07:28:45;20;1282-20
CO2;1282;CT-CO2-0;02938df5-6afb-d44e-582d-0b5eea40f8eb;51:88:0A:9E;0;AVIÁRIO MEIO;1.249,00;28/10/2025;07:34:17;20;1282-20
CO2;1282;CT-CO2-0;02938df5-6afb-d44e-582d-0b5eea40f8eb;51:88:0A:9E;0;AVIÁRIO MEIO;1.234,00;28/10/2025;07:39:48;20;1282-20
CO2;1282;CT-CO2-0;02938df5-6afb-d44e-582d-0b5eea40f8eb;51:88:0A:9E;0;AVIÁRIO MEIO;1.256,00;28/10/2025;07:45:21;20;1282-20
CO2;1282;CT-CO2-0;02938df5-6afb-d44e-582d-0b5eea40f8eb;51:88:0A:9E;0;AVIÁRIO MEIO;1.222,00;28/10/2025;07:50:55;20;1282-20
CO2;1282;CT-CO2-0;02938df5-6afb-d44e-582d-0b5eea40f8eb;51:88:0A:9E;0;AVIÁRIO MEIO;1.195,00;28/10/2025;07:55:57;20;1282-20
CO2;1282;CT-CO2-0;02938df5-6afb-d44e-582d-0b5eea40f8eb;51:88:0A:9E;0;AVIÁRIO MEIO;1.207,00;28/10/2025;08:01:29;20;1282-20
CO2;1282;CT-CO2-0;02938df5-6afb-d44e-582d-0b5eea40f8eb;51:88:0A:9E;0;AVIÁRIO MEIO;1.204,00;28/10/2025;08:06:32;20;1282-20
CO2;1282;CT-CO2-0;02938df5-6afb-d44e-582d-0b5eea40f8eb;51:88:0A:9E;0;AVIÁRIO MEIO;1.193,00;28/10/2025;08:12:05;20;1282-20
CO2;1282;CT-CO2-0;02938df5-6afb-d44e-582d-0b5eea40f8eb;51:88:0A:9E;0;AVIÁRIO MEIO;1.197,00;28/10/2025;08:17:37;20;1282-20
CO2;1282;CT-CO2-0;02938df5-6afb-d44e-582d-0b5eea40f8eb;51:88:0A:9E;0;AVIÁRIO MEIO;1.142,00;28/10/2025;08:23:09;20;1282-20
CO2;1282;CT-CO2-0;02938df5-6afb-d44e-582d-0b5eea40f8eb;51:88:0A:9E;0;AVIÁRIO MEIO;1.234,00;28/10/2025;08:28:11;20;1282-20
CO2;1282;CT-CO2-0;02938df5-6afb-d44e-582d-0b5eea40f8eb;51:88:0A:9E;0;AVIÁRIO MEIO;1.159,00;28/10/2025;08:33:43;20;1282-20
CO2;1282;CT-CO2-0;02938df5-6afb-d44e-582d-0b5eea40f8eb;51:88:0A:9E;0;AVIÁRIO MEIO;1.092,00;28/10/2025;08:39:15;20;1282-20
CO2;1282;CT-CO2-0;02938df5-6afb-d44e-582d-0b5eea40f8eb;51:88:0A:9E;0;AVIÁRIO MEIO;1.112,00;28/10/2025;08:44:46;20;1282-20
CO2;1282;CT-CO2-0;02938df5-6afb-d44e-582d-0b5eea40f8eb;51:88:0A:9E;0;AVIÁRIO MEIO;1.129,00;28/10/2025;08:50:19;20;1282-20
CO2;1282;CT-CO2-0;02938df5-6afb-d44e-582d-0b5eea40f8eb;51:88:0A:9E;0;AVIÁRIO MEIO;1.076,00;28/10/2025;08:55:22;20;1282-20
CO2;1282;CT-CO2-0;02938df5-6afb-d44e-582d-0b5eea40f8eb;51:88:0A:9E;0;AVIÁRIO MEIO;1.031,00;28/10/2025;09:01:26;20;1282-20
CO2;1282;CT-CO2-0;02938df5-6afb-d44e-582d-0b5eea40f8eb;51:88:0A:9E;0;AVIÁRIO MEIO;940,00;28/10/2025;09:06:28;20;1282-20
CO2;1282;CT-CO2-0;02938df5-6afb-d44e-582d-0b5eea40f8eb;51:88:0A:9E;0;AVIÁRIO MEIO;933,00;28/10/2025;09:11:30;20;1282-20
CO2;1282;CT-CO2-0;02938df5-6afb-d44e-582d-0b5eea40f8eb;51:88:0A:9E;0;AVIÁRIO MEIO;978,00;28/10/2025;09:17:02;20;1282-20
CO2;1282;CT-CO2-0;02938df5-6afb-d44e-582d-0b5eea40f8eb;51:88:0A:9E;0;AVIÁRIO MEIO;973,00;28/10/2025;09:22:33;20;1282-20
CO2;1282;CT-CO2-0;02938df5-6afb-d44e-582d-0b5eea40f8eb;51:88:0A:9E;0;AVIÁRIO MEIO;1.057,00;28/10/2025;09:28:06;20;1282-20
CO2;1282;CT-CO2-0;02938df5-6afb-d44e-582d-0b5eea40f8eb;51:88:0A:9E;0;AVIÁRIO MEIO;1.096,00;28/10/2025;09:33:08;20;1282-20
CO2;1282;CT-CO2-0;02938df5-6afb-d44e-582d-0b5eea40f8eb;51:88:0A:9E;0;AVIÁRIO MEIO;1.124,00;28/10/2025;09:38:42;20;1282-20
CO2;1282;CT-CO2-0;02938df5-6afb-d44e-582d-0b5eea40f8eb;51:88:0A:9E;0;AVIÁRIO MEIO;1.172,00;28/10/2025;09:44:14;20;1282-20
CO2;1282;CT-CO2-0;02938df5-6afb-d44e-582d-0b5eea40f8eb;51:88:0A:9E;0;AVIÁRIO MEIO;1.184,00;28/10/2025;09:49:46;20;1282-20
CO2;1282;CT-CO2-0;02938df5-6afb-d44e-582d-0b5eea40f8eb;51:88:0A:9E;0;AVIÁRIO MEIO;1.215,00;28/10/2025;09:54:48;20;1282-20
CO2;1282;CT-CO2-0;02938df5-6afb-d44e-582d-0b5eea40f8eb;51:88:0A:9E;0;AVIÁRIO MEIO;1.200,00;28/10/2025;10:05:52;20;1282-20
CO2;1282;CT-CO2-0;02938df5-6afb-d44e-582d-0b5eea40f8eb;51:88:0A:9E;0;AVIÁRIO MEIO;1.238,00;28/10/2025;10:11:55;20;1282-20
CO2;1282;CT-CO2-0;02938df5-6afb-d44e-582d-0b5eea40f8eb;51:88:0A:9E;0;AVIÁRIO MEIO;1.208,00;28/10/2025;10:16:30;20;1282-20
CO2;1282;CT-CO2-0;02938df5-6afb-d44e-582d-0b5eea40f8eb;51:88:0A:9E;0;AVIÁRIO MEIO;1.138,00;28/10/2025;10:27:34;20;1282-20
CO2;1282;CT-CO2-0;02938df5-6afb-d44e-582d-0b5eea40f8eb;51:88:0A:9E;0;AVIÁRIO MEIO;1.126,00;28/10/2025;10:33:08;20;1282-20
CO2;1282;CT-CO2-0;02938df5-6afb-d44e-582d-0b5eea40f8eb;51:88:0A:9E;0;AVIÁRIO MEIO;1.124,00;28/10/2025;10:38:09;20;1282-20
CO2;1282;CT-CO2-0;02938df5-6afb-d44e-582d-0b5eea40f8eb;51:88:0A:9E;0;AVIÁRIO MEIO;1.149,00;28/10/2025;10:43:41;20;1282-20
CO2;1282;CT-CO2-0;02938df5-6afb-d44e-582d-0b5eea40f8eb;51:88:0A:9E;0;AVIÁRIO MEIO;1.124,00;28/10/2025;10:49:13;20;1282-20
CO2;1282;CT-CO2-0;02938df5-6afb-d44e-582d-0b5eea40f8eb;51:88:0A:9E;0;AVIÁRIO MEIO;1.111,00;28/10/2025;10:54:45;20;1282-20
CO2;1282;CT-CO2-0;02938df5-6afb-d44e-582d-0b5eea40f8eb;51:88:0A:9E;0;AVIÁRIO MEIO;1.110,00;28/10/2025;10:59:46;20;1282-20
CO2;1282;CT-CO2-0;02938df5-6afb-d44e-582d-0b5eea40f8eb;51:88:0A:9E;0;AVIÁRIO MEIO;1.093,00;28/10/2025;11:05:20;20;1282-20
CO2;1282;CT-CO2-0;02938df5-6afb-d44e-582d-0b5eea40f8eb;51:88:0A:9E;0;AVIÁRIO MEIO;1.095,00;28/10/2025;11:10:52;20;1282-20
CO2;1282;CT-CO2-0;02938df5-6afb-d44e-582d-0b5eea40f8eb;51:88:0A:9E;0;AVIÁRIO MEIO;1.100,00;28/10/2025;11:16:24;20;1282-20
CO2;1282;CT-CO2-0;02938df5-6afb-d44e-582d-0b5eea40f8eb;51:88:0A:9E;0;AVIÁRIO MEIO;1.068,00;28/10/2025;11:22:00;20;1282-20
CO2;1282;CT-CO2-0;02938df5-6afb-d44e-582d-0b5eea40f8eb;51:88:0A:9E;0;AVIÁRIO MEIO;1.104,00;28/10/2025;11:27:02;20;1282-20
CO2;1282;CT-CO2-0;02938df5-6afb-d44e-582d-0b5eea40f8eb;51:88:0A:9E;0;AVIÁRIO MEIO;1.094,00;28/10/2025;11:32:34;20;1282-20
CO2;1282;CT-CO2-0;02938df5-6afb-d44e-582d-0b5eea40f8eb;51:88:0A:9E;0;AVIÁRIO MEIO;1.073,00;28/10/2025;11:43:08;20;1282-20
CO2;1282;CT-CO2-0;02938df5-6afb-d44e-582d-0b5eea40f8eb;51:88:0A:9E;0;AVIÁRIO MEIO;1.067,00;28/10/2025;11:48:42;20;1282-20
CO2;1282;CT-CO2-0;02938df5-6afb-d44e-582d-0b5eea40f8eb;51:88:0A:9E;0;AVIÁRIO MEIO;1.086,00;28/10/2025;11:54:14;20;1282-20
CO2;1282;CT-CO2-0;02938df5-6afb-d44e-582d-0b5eea40f8eb;51:88:0A:9E;0;AVIÁRIO MEIO;1.089,00;28/10/2025;11:59:56;20;1282-20
CO2;1282;CT-CO2-0;02938df5-6afb-d44e-582d-0b5eea40f8eb;51:88:0A:9E;0;AVIÁRIO MEIO;1.113,00;28/10/2025;12:04:58;20;1282-20
CO2;1282;CT-CO2-0;02938df5-6afb-d44e-582d-0b5eea40f8eb;51:88:0A:9E;0;AVIÁRIO MEIO;1.095,00;28/10/2025;12:10:30;20;1282-20
CO2;1282;CT-CO2-0;02938df5-6afb-d44e-582d-0b5eea40f8eb;51:88:0A:9E;0;AVIÁRIO MEIO;1.104,00;28/10/2025;12:16:02;20;1282-20
CO2;1282;CT-CO2-0;02938df5-6afb-d44e-582d-0b5eea40f8eb;51:88:0A:9E;0;AVIÁRIO MEIO;1.084,00;28/10/2025;12:21:04;20;1282-20
CO2;1282;CT-CO2-0;02938df5-6afb-d44e-582d-0b5eea40f8eb;51:88:0A:9E;0;AVIÁRIO MEIO;1.083,00;28/10/2025;12:27:08;20;1282-20
CO2;1282;CT-CO2-0;02938df5-6afb-d44e-582d-0b5eea40f8eb;51:88:0A:9E;0;AVIÁRIO MEIO;1.089,00;28/10/2025;12:32:12;20;1282-20
CO2;1282;CT-CO2-0;02938df5-6afb-d44e-582d-0b5eea40f8eb;51:88:0A:9E;0;AVIÁRIO MEIO;1.091,00;28/10/2025;12:37:14;20;1282-20
CO2;1282;CT-CO2-0;02938df5-6afb-d44e-582d-0b5eea40f8eb;51:88:0A:9E;0;AVIÁRIO MEIO;1.085,00;28/10/2025;12:42:46;20;1282-20
CO2;1282;CT-CO2-0;02938df5-6afb-d44e-582d-0b5eea40f8eb;51:88:0A:9E;0;AVIÁRIO MEIO;933,00;28/10/2025;12:53:50;20;1282-20
CO2;1282;CT-CO2-0;02938df5-6afb-d44e-582d-0b5eea40f8eb;51:88:0A:9E;0;AVIÁRIO MEIO;975,00;28/10/2025;12:59:22;20;1282-20
CO2;1282;CT-CO2-0;02938df5-6afb-d44e-582d-0b5eea40f8eb;51:88:0A:9E;0;AVIÁRIO MEIO;891,00;28/10/2025;13:04:24;20;1282-20
CO2;1282;CT-CO2-0;02938df5-6afb-d44e-582d-0b5eea40f8eb;51:88:0A:9E;0;AVIÁRIO MEIO;738,00;28/10/2025;13:09:56;20;1282-20
CO2;1282;CT-CO2-0;02938df5-6afb-d44e-582d-0b5eea40f8eb;51:88:0A:9E;0;AVIÁRIO MEIO;779,00;28/10/2025;13:21:01;20;1282-20
CO2;1282;CT-CO2-0;02938df5-6afb-d44e-582d-0b5eea40f8eb;51:88:0A:9E;0;AVIÁRIO MEIO;710,00;28/10/2025;13:26:38;20;1282-20
CO2;1282;CT-CO2-0;02938df5-6afb-d44e-582d-0b5eea40f8eb;51:88:0A:9E;0;AVIÁRIO MEIO;686,00;28/10/2025;13:32:12;20;1282-20
CO2;1282;CT-CO2-0;02938df5-6afb-d44e-582d-0b5eea40f8eb;51:88:0A:9E;0;AVIÁRIO MEIO;690,00;28/10/2025;13:37:14;20;1282-20
CO2;1282;CT-CO2-0;02938df5-6afb-d44e-582d-0b5eea40f8eb;51:88:0A:9E;0;AVIÁRIO MEIO;869,00;28/10/2025;13:48:18;20;1282-20
CO2;1282;CT-CO2-0;02938df5-6afb-d44e-582d-0b5eea40f8eb;51:88:0A:9E;0;AVIÁRIO MEIO;781,00;28/10/2025;13:53:20;20;1282-20
CO2;1282;CT-CO2-0;02938df5-6afb-d44e-582d-0b5eea40f8eb;51:88:0A:9E;0;AVIÁRIO MEIO;896,00;28/10/2025;13:58:52;20;1282-20
CO2;1282;CT-CO2-0;02938df5-6afb-d44e-582d-0b5eea40f8eb;51:88:0A:9E;0;AVIÁRIO MEIO;858,00;28/10/2025;14:04:29;20;1282-20
CO2;1282;CT-CO2-0;02938df5-6afb-d44e-582d-0b5eea40f8eb;51:88:0A:9E;0;AVIÁRIO MEIO;860,00;28/10/2025;14:09:31;20;1282-20
CO2;1282;CT-CO2-0;02938df5-6afb-d44e-582d-0b5eea40f8eb;51:88:0A:9E;0;AVIÁRIO MEIO;924,00;28/10/2025;14:15:03;20;1282-20
CO2;1282;CT-CO2-0;02938df5-6afb-d44e-582d-0b5eea40f8eb;51:88:0A:9E;0;AVIÁRIO MEIO;900,00;28/10/2025;14:20:36;20;1282-20
CO2;1282;CT-CO2-0;02938df5-6afb-d44e-582d-0b5eea40f8eb;51:88:0A:9E;0;AVIÁRIO MEIO;955,00;28/10/2025;14:26:08;20;1282-20
CO2;1282;CT-CO2-0;02938df5-6afb-d44e-582d-0b5eea40f8eb;51:88:0A:9E;0;AVIÁRIO MEIO;1.014,00;28/10/2025;14:31:09;20;1282-20
CO2;1282;CT-CO2-0;02938df5-6afb-d44e-582d-0b5eea40f8eb;51:88:0A:9E;0;AVIÁRIO MEIO;901,00;28/10/2025;14:37:14;20;1282-20
CO2;1282;CT-CO2-0;02938df5-6afb-d44e-582d-0b5eea40f8eb;51:88:0A:9E;0;AVIÁRIO MEIO;968,00;28/10/2025;14:42:17;20;1282-20
CO2;1282;CT-CO2-0;02938df5-6afb-d44e-582d-0b5eea40f8eb;51:88:0A:9E;0;AVIÁRIO MEIO;948,00;28/10/2025;14:47:50;20;1282-20
CO2;1282;CT-CO2-0;02938df5-6afb-d44e-582d-0b5eea40f8eb;51:88:0A:9E;0;AVIÁRIO MEIO;999,00;28/10/2025;14:52:52;20;1282-20
CO2;1282;CT-CO2-0;02938df5-6afb-d44e-582d-0b5eea40f8eb;51:88:0A:9E;0;AVIÁRIO MEIO;1.030,00;28/10/2025;14:58:24;20;1282-20
CO2;1282;CT-CO2-0;02938df5-6afb-d44e-582d-0b5eea40f8eb;51:88:0A:9E;0;AVIÁRIO MEIO;1.073,00;28/10/2025;15:03:56;20;1282-20
CO2;1282;CT-CO2-0;02938df5-6afb-d44e-582d-0b5eea40f8eb;51:88:0A:9E;0;AVIÁRIO MEIO;1.070,00;28/10/2025;15:09:28;20;1282-20
CO2;1282;CT-CO2-0;02938df5-6afb-d44e-582d-0b5eea40f8eb;51:88:0A:9E;0;AVIÁRIO MEIO;1.076,00;28/10/2025;15:14:30;20;1282-20
CO2;1282;CT-CO2-0;02938df5-6afb-d44e-582d-0b5eea40f8eb;51:88:0A:9E;0;AVIÁRIO MEIO;1.098,00;28/10/2025;15:20:02;20;1282-20
CO2;1282;CT-CO2-0;02938df5-6afb-d44e-582d-0b5eea40f8eb;51:88:0A:9E;0;AVIÁRIO MEIO;1.123,00;28/10/2025;15:25:34;20;1282-20
CO2;1282;CT-CO2-0;02938df5-6afb-d44e-582d-0b5eea40f8eb;51:88:0A:9E;0;AVIÁRIO MEIO;1.081,00;28/10/2025;15:31:06;20;1282-20
CO2;1282;CT-CO2-0;02938df5-6afb-d44e-582d-0b5eea40f8eb;51:88:0A:9E;0;AVIÁRIO MEIO;1.029,00;28/10/2025;15:36:08;20;1282-20
CO2;1282;CT-CO2-0;02938df5-6afb-d44e-582d-0b5eea40f8eb;51:88:0A:9E;0;AVIÁRIO MEIO;1.046,00;28/10/2025;15:41:41;20;1282-20
CO2;1282;CT-CO2-0;02938df5-6afb-d44e-582d-0b5eea40f8eb;51:88:0A:9E;0;AVIÁRIO MEIO;1.041,00;28/10/2025;15:47:44;20;1282-20
CO2;1282;CT-CO2-0;02938df5-6afb-d44e-582d-0b5eea40f8eb;51:88:0A:9E;0;AVIÁRIO MEIO;1.016,00;28/10/2025;15:52:46;20;1282-20
CO2;1282;CT-CO2-0;02938df5-6afb-d44e-582d-0b5eea40f8eb;51:88:0A:9E;0;AVIÁRIO MEIO;1.018,00;28/10/2025;15:57:47;20;1282-20
CO2;1282;CT-CO2-0;02938df5-6afb-d44e-582d-0b5eea40f8eb;51:88:0A:9E;0;AVIÁRIO MEIO;1.020,00;28/10/2025;16:03:20;20;1282-20
CO2;1282;CT-CO2-0;02938df5-6afb-d44e-582d-0b5eea40f8eb;51:88:0A:9E;0;AVIÁRIO MEIO;1.038,00;28/10/2025;16:08:52;20;1282-20
CO2;1282;CT-CO2-0;02938df5-6afb-d44e-582d-0b5eea40f8eb;51:88:0A:9E;0;AVIÁRIO MEIO;1.019,00;28/10/2025;16:14:25;20;1282-20
CO2;1282;CT-CO2-0;02938df5-6afb-d44e-582d-0b5eea40f8eb;51:88:0A:9E;0;AVIÁRIO MEIO;1.089,00;28/10/2025;16:19:27;20;1282-20
CO2;1282;CT-CO2-0;02938df5-6afb-d44e-582d-0b5eea40f8eb;51:88:0A:9E;0;AVIÁRIO MEIO;1.089,00;28/10/2025;16:24:59;20;1282-20
CO2;1282;CT-CO2-0;02938df5-6afb-d44e-582d-0b5eea40f8eb;51:88:0A:9E;0;AVIÁRIO MEIO;1.087,00;28/10/2025;16:30:31;20;1282-20
CO2;1282;CT-CO2-0;02938df5-6afb-d44e-582d-0b5eea40f8eb;51:88:0A:9E;0;AVIÁRIO MEIO;1.048,00;28/10/2025;16:36:13;20;1282-20
CO2;1282;CT-CO2-0;02938df5-6afb-d44e-582d-0b5eea40f8eb;51:88:0A:9E;0;AVIÁRIO MEIO;1.073,00;28/10/2025;16:41:16;20;1282-20
CO2;1282;CT-CO2-0;02938df5-6afb-d44e-582d-0b5eea40f8eb;51:88:0A:9E;0;AVIÁRIO MEIO;1.045,00;28/10/2025;16:46:48;20;1282-20
CO2;1282;CT-CO2-0;02938df5-6afb-d44e-582d-0b5eea40f8eb;51:88:0A:9E;0;AVIÁRIO MEIO;1.136,00;28/10/2025;16:51:50;20;1282-20
CO2;1282;CT-CO2-0;02938df5-6afb-d44e-582d-0b5eea40f8eb;51:88:0A:9E;0;AVIÁRIO MEIO;1.238,00;28/10/2025;16:57:53;20;1282-20
CO2;1282;CT-CO2-0;02938df5-6afb-d44e-582d-0b5eea40f8eb;51:88:0A:9E;0;AVIÁRIO MEIO;1.148,00;28/10/2025;17:02:55;20;1282-20
CO2;1282;CT-CO2-0;02938df5-6afb-d44e-582d-0b5eea40f8eb;51:88:0A:9E;0;AVIÁRIO MEIO;1.104,00;28/10/2025;17:07:57;20;1282-20
CO2;1282;CT-CO2-0;02938df5-6afb-d44e-582d-0b5eea40f8eb;51:88:0A:9E;0;AVIÁRIO MEIO;1.099,00;28/10/2025;17:13:29;20;1282-20
CO2;1282;CT-CO2-0;02938df5-6afb-d44e-582d-0b5eea40f8eb;51:88:0A:9E;0;AVIÁRIO MEIO;1.054,00;28/10/2025;17:19:01;20;1282-20
CO2;1282;CT-CO2-0;02938df5-6afb-d44e-582d-0b5eea40f8eb;51:88:0A:9E;0;AVIÁRIO MEIO;1.120,00;28/10/2025;17:24:03;20;1282-20
CO2;1282;CT-CO2-0;02938df5-6afb-d44e-582d-0b5eea40f8eb;51:88:0A:9E;0;AVIÁRIO MEIO;1.084,00;28/10/2025;17:29:36;20;1282-20
CO2;1282;CT-CO2-0;02938df5-6afb-d44e-582d-0b5eea40f8eb;51:88:0A:9E;0;AVIÁRIO MEIO;1.062,00;28/10/2025;17:35:08;20;1282-20
CO2;1282;CT-CO2-0;02938df5-6afb-d44e-582d-0b5eea40f8eb;51:88:0A:9E;0;AVIÁRIO MEIO;1.115,00;28/10/2025;17:40:12;20;1282-20
CO2;1282;CT-CO2-0;02938df5-6afb-d44e-582d-0b5eea40f8eb;51:88:0A:9E;0;AVIÁRIO MEIO;1.076,00;28/10/2025;17:45:49;20;1282-20
CO2;1282;CT-CO2-0;02938df5-6afb-d44e-582d-0b5eea40f8eb;51:88:0A:9E;0;AVIÁRIO MEIO;1.062,00;28/10/2025;17:50:51;20;1282-20
CO2;1282;CT-CO2-0;02938df5-6afb-d44e-582d-0b5eea40f8eb;51:88:0A:9E;0;AVIÁRIO MEIO;1.109,00;28/10/2025;17:56:23;20;1282-20
CO2;1282;CT-CO2-0;02938df5-6afb-d44e-582d-0b5eea40f8eb;51:88:0A:9E;0;AVIÁRIO MEIO;1.098,00;28/10/2025;18:01:56;20;1282-20
CO2;1282;CT-CO2-0;02938df5-6afb-d44e-582d-0b5eea40f8eb;51:88:0A:9E;0;AVIÁRIO MEIO;1.116,00;28/10/2025;18:12:32;20;1282-20
CO2;1282;CT-CO2-0;02938df5-6afb-d44e-582d-0b5eea40f8eb;51:88:0A:9E;0;AVIÁRIO MEIO;1.085,00;28/10/2025;18:18:04;20;1282-20
CO2;1282;CT-CO2-0;02938df5-6afb-d44e-582d-0b5eea40f8eb;51:88:0A:9E;0;AVIÁRIO MEIO;1.117,00;28/10/2025;18:23:06;20;1282-20
CO2;1282;CT-CO2-0;02938df5-6afb-d44e-582d-0b5eea40f8eb;51:88:0A:9E;0;AVIÁRIO MEIO;1.073,00;28/10/2025;18:28:37;20;1282-20
CO2;1282;CT-CO2-0;02938df5-6afb-d44e-582d-0b5eea40f8eb;51:88:0A:9E;0;AVIÁRIO MEIO;1.089,00;28/10/2025;18:34:11;20;1282-20
CO2;1282;CT-CO2-0;02938df5-6afb-d44e-582d-0b5eea40f8eb;51:88:0A:9E;0;AVIÁRIO MEIO;1.103,00;28/10/2025;18:39:12;20;1282-20
CO2;1282;CT-CO2-0;02938df5-6afb-d44e-582d-0b5eea40f8eb;51:88:0A:9E;0;AVIÁRIO MEIO;1.145,00;28/10/2025;18:44:44;20;1282-20
CO2;1282;CT-CO2-0;02938df5-6afb-d44e-582d-0b5eea40f8eb;51:88:0A:9E;0;AVIÁRIO MEIO;1.068,00;28/10/2025;18:50:19;20;1282-20
CO2;1282;CT-CO2-0;02938df5-6afb-d44e-582d-0b5eea40f8eb;51:88:0A:9E;0;AVIÁRIO MEIO;1.153,00;28/10/2025;19:00:55;20;1282-20
CO2;1282;CT-CO2-0;02938df5-6afb-d44e-582d-0b5eea40f8eb;51:88:0A:9E;0;AVIÁRIO MEIO;1.125,00;28/10/2025;19:06:28;20;1282-20
CO2;1282;CT-CO2-0;02938df5-6afb-d44e-582d-0b5eea40f8eb;51:88:0A:9E;0;AVIÁRIO MEIO;1.149,00;28/10/2025;19:11:30;20;1282-20
CO2;1282;CT-CO2-0;02938df5-6afb-d44e-582d-0b5eea40f8eb;51:88:0A:9E;0;AVIÁRIO MEIO;1.128,00;28/10/2025;19:17:35;20;1282-20
CO2;1282;CT-CO2-0;02938df5-6afb-d44e-582d-0b5eea40f8eb;51:88:0A:9E;0;AVIÁRIO MEIO;1.147,00;28/10/2025;19:22:39;20;1282-20
CO2;1282;CT-CO2-0;02938df5-6afb-d44e-582d-0b5eea40f8eb;51:88:0A:9E;0;AVIÁRIO MEIO;1.192,00;28/10/2025;19:27:42;20;1282-20
CO2;1282;CT-CO2-0;02938df5-6afb-d44e-582d-0b5eea40f8eb;51:88:0A:9E;0;AVIÁRIO MEIO;1.190,00;28/10/2025;19:33:14;20;1282-20
CO2;1282;CT-CO2-0;02938df5-6afb-d44e-582d-0b5eea40f8eb;51:88:0A:9E;0;AVIÁRIO MEIO;1.333,00;28/10/2025;19:38:18;20;1282-20
CO2;1282;CT-CO2-0;02938df5-6afb-d44e-582d-0b5eea40f8eb;51:88:0A:9E;0;AVIÁRIO MEIO;1.297,00;28/10/2025;19:43:49;20;1282-20
CO2;1282;CT-CO2-0;02938df5-6afb-d44e-582d-0b5eea40f8eb;51:88:0A:9E;0;AVIÁRIO MEIO;1.269,00;28/10/2025;19:49:22;20;1282-20
CO2;1282;CT-CO2-0;02938df5-6afb-d44e-582d-0b5eea40f8eb;51:88:0A:9E;0;AVIÁRIO MEIO;1.241,00;28/10/2025;19:54:24;20;1282-20
CO2;1282;CT-CO2-0;02938df5-6afb-d44e-582d-0b5eea40f8eb;51:88:0A:9E;0;AVIÁRIO MEIO;1.194,00;28/10/2025;19:59:55;20;1282-20
CO2;1282;CT-CO2-0;02938df5-6afb-d44e-582d-0b5eea40f8eb;51:88:0A:9E;0;AVIÁRIO MEIO;1.198,00;28/10/2025;20:10:30;20;1282-20
CO2;1282;CT-CO2-0;02938df5-6afb-d44e-582d-0b5eea40f8eb;51:88:0A:9E;0;AVIÁRIO MEIO;1.238,00;28/10/2025;20:16:03;20;1282-20
CO2;1282;CT-CO2-0;02938df5-6afb-d44e-582d-0b5eea40f8eb;51:88:0A:9E;0;AVIÁRIO MEIO;1.192,00;28/10/2025;20:21:36;20;1282-20
CO2;1282;CT-CO2-0;02938df5-6afb-d44e-582d-0b5eea40f8eb;51:88:0A:9E;0;AVIÁRIO MEIO;1.238,00;28/10/2025;20:27:11;20;1282-20
CO2;1282;CT-CO2-0;02938df5-6afb-d44e-582d-0b5eea40f8eb;51:88:0A:9E;0;AVIÁRIO MEIO;1.220,00;28/10/2025;20:32:13;20;1282-20
CO2;1282;CT-CO2-0;02938df5-6afb-d44e-582d-0b5eea40f8eb;51:88:0A:9E;0;AVIÁRIO MEIO;1.264,00;28/10/2025;20:37:45;20;1282-20
CO2;1282;CT-CO2-0;02938df5-6afb-d44e-582d-0b5eea40f8eb;51:88:0A:9E;0;AVIÁRIO MEIO;1.246,00;28/10/2025;20:42:47;20;1282-20
CO2;1282;CT-CO2-0;02938df5-6afb-d44e-582d-0b5eea40f8eb;51:88:0A:9E;0;AVIÁRIO MEIO;1.273,00;28/10/2025;20:48:19;20;1282-20
CO2;1282;CT-CO2-0;02938df5-6afb-d44e-582d-0b5eea40f8eb;51:88:0A:9E;0;AVIÁRIO MEIO;1.275,00;28/10/2025;20:53:51;20;1282-20
CO2;1282;CT-CO2-0;02938df5-6afb-d44e-582d-0b5eea40f8eb;51:88:0A:9E;0;AVIÁRIO MEIO;1.295,00;28/10/2025;20:58:53;20;1282-20
CO2;1282;CT-CO2-0;02938df5-6afb-d44e-582d-0b5eea40f8eb;51:88:0A:9E;0;AVIÁRIO MEIO;1.302,00;28/10/2025;21:06:57;20;1282-20
CO2;1282;CT-CO2-0;02938df5-6afb-d44e-582d-0b5eea40f8eb;51:88:0A:9E;0;AVIÁRIO MEIO;1.249,00;28/10/2025;21:11:58;20;1282-20
CO2;1282;CT-CO2-0;02938df5-6afb-d44e-582d-0b5eea40f8eb;51:88:0A:9E;0;AVIÁRIO MEIO;1.313,00;28/10/2025;21:17:31;20;1282-20
CO2;1282;CT-CO2-0;02938df5-6afb-d44e-582d-0b5eea40f8eb;51:88:0A:9E;0;AVIÁRIO MEIO;1.279,00;28/10/2025;21:23:03;20;1282-20
CO2;1282;CT-CO2-0;02938df5-6afb-d44e-582d-0b5eea40f8eb;51:88:0A:9E;0;AVIÁRIO MEIO;1.287,00;28/10/2025;21:28:05;20;1282-20
CO2;1282;CT-CO2-0;02938df5-6afb-d44e-582d-0b5eea40f8eb;51:88:0A:9E;0;AVIÁRIO MEIO;1.289,00;28/10/2025;21:34:10;20;1282-20
CO2;1282;CT-CO2-0;02938df5-6afb-d44e-582d-0b5eea40f8eb;51:88:0A:9E;0;AVIÁRIO MEIO;1.278,00;28/10/2025;21:44:23;20;1282-20
CO2;1282;CT-CO2-0;02938df5-6afb-d44e-582d-0b5eea40f8eb;51:88:0A:9E;0;AVIÁRIO MEIO;1.275,00;28/10/2025;21:49:55;20;1282-20
CO2;1282;CT-CO2-0;02938df5-6afb-d44e-582d-0b5eea40f8eb;51:88:0A:9E;0;AVIÁRIO MEIO;1.280,00;28/10/2025;21:55:27;20;1282-20
CO2;1282;CT-CO2-0;02938df5-6afb-d44e-582d-0b5eea40f8eb;51:88:0A:9E;0;AVIÁRIO MEIO;1.295,00;28/10/2025;22:06:03;20;1282-20
CO2;1282;CT-CO2-0;02938df5-6afb-d44e-582d-0b5eea40f8eb;51:88:0A:9E;0;AVIÁRIO MEIO;1.334,00;28/10/2025;22:11:34;20;1282-20
CO2;1282;CT-CO2-0;02938df5-6afb-d44e-582d-0b5eea40f8eb;51:88:0A:9E;0;AVIÁRIO MEIO;1.287,00;28/10/2025;22:17:06;20;1282-20
CO2;1282;CT-CO2-0;02938df5-6afb-d44e-582d-0b5eea40f8eb;51:88:0A:9E;0;AVIÁRIO MEIO;1.309,00;28/10/2025;22:22:08;20;1282-20
CO2;1282;CT-CO2-0;02938df5-6afb-d44e-582d-0b5eea40f8eb;51:88:0A:9E;0;AVIÁRIO MEIO;1.287,00;28/10/2025;22:27:44;20;1282-20
CO2;1282;CT-CO2-0;02938df5-6afb-d44e-582d-0b5eea40f8eb;51:88:0A:9E;0;AVIÁRIO MEIO;1.278,00;28/10/2025;22:33:16;20;1282-20
CO2;1282;CT-CO2-0;02938df5-6afb-d44e-582d-0b5eea40f8eb;51:88:0A:9E;0;AVIÁRIO MEIO;1.266,00;28/10/2025;22:38:18;20;1282-20
CO2;1282;CT-CO2-0;02938df5-6afb-d44e-582d-0b5eea40f8eb;51:88:0A:9E;0;AVIÁRIO MEIO;1.279,00;28/10/2025;22:44:22;20;1282-20
CO2;1282;CT-CO2-0;02938df5-6afb-d44e-582d-0b5eea40f8eb;51:88:0A:9E;0;AVIÁRIO MEIO;1.233,00;28/10/2025;22:49:24;20;1282-20
CO2;1282;CT-CO2-0;02938df5-6afb-d44e-582d-0b5eea40f8eb;51:88:0A:9E;0;AVIÁRIO MEIO;1.244,00;28/10/2025;22:54:26;20;1282-20
CO2;1282;CT-CO2-0;02938df5-6afb-d44e-582d-0b5eea40f8eb;51:88:0A:9E;0;AVIÁRIO MEIO;1.213,00;28/10/2025;22:59:59;20;1282-20
CO2;1282;CT-CO2-0;02938df5-6afb-d44e-582d-0b5eea40f8eb;51:88:0A:9E;0;AVIÁRIO MEIO;1.239,00;28/10/2025;23:05:34;20;1282-20
CO2;1282;CT-CO2-0;02938df5-6afb-d44e-582d-0b5eea40f8eb;51:88:0A:9E;0;AVIÁRIO MEIO;1.220,00;28/10/2025;23:11:06;20;1282-20
CO2;1282;CT-CO2-0;02938df5-6afb-d44e-582d-0b5eea40f8eb;51:88:0A:9E;0;AVIÁRIO MEIO;1.211,00;28/10/2025;23:16:09;20;1282-20
CO2;1282;CT-CO2-0;02938df5-6afb-d44e-582d-0b5eea40f8eb;51:88:0A:9E;0;AVIÁRIO MEIO;1.182,00;28/10/2025;23:21:41;20;1282-20
CO2;1282;CT-CO2-0;02938df5-6afb-d44e-582d-0b5eea40f8eb;51:88:0A:9E;0;AVIÁRIO MEIO;1.299,00;28/10/2025;23:27:14;20;1282-20
CO2;1282;CT-CO2-0;02938df5-6afb-d44e-582d-0b5eea40f8eb;51:88:0A:9E;0;AVIÁRIO MEIO;1.264,00;28/10/2025;23:32:16;20;1282-20
CO2;1282;CT-CO2-0;02938df5-6afb-d44e-582d-0b5eea40f8eb;51:88:0A:9E;0;AVIÁRIO MEIO;1.300,00;28/10/2025;23:37:49;20;1282-20
CO2;1282;CT-CO2-0;02938df5-6afb-d44e-582d-0b5eea40f8eb;51:88:0A:9E;0;AVIÁRIO MEIO;1.268,00;28/10/2025;23:43:21;20;1282-20
CO2;1282;CT-CO2-0;02938df5-6afb-d44e-582d-0b5eea40f8eb;51:88:0A:9E;0;AVIÁRIO MEIO;1.316,00;28/10/2025;23:48:23;20;1282-20
CO2;1282;CT-CO2-0;02938df5-6afb-d44e-582d-0b5eea40f8eb;51:88:0A:9E;0;AVIÁRIO MEIO;1.304,00;28/10/2025;23:54:27;20;1282-20
CO2;1282;CT-CO2-0;02938df5-6afb-d44e-582d-0b5eea40f8eb;51:88:0A:9E;0;AVIÁRIO MEIO;1.311,00;28/10/2025;23:59:29;20;1282-20
CO2;1282;CT-CO2-0;02938df5-6afb-d44e-582d-0b5eea40f8eb;51:88:0A:9E;0;AVIÁRIO MEIO;1.340,00;29/10/2025;00:05:01;20;1282-20
CO2;1282;CT-CO2-0;02938df5-6afb-d44e-582d-0b5eea40f8eb;51:88:0A:9E;0;AVIÁRIO MEIO;1.328,00;29/10/2025;00:10:04;20;1282-20
CO2;1282;CT-CO2-0;02938df5-6afb-d44e-582d-0b5eea40f8eb;51:88:0A:9E;0;AVIÁRIO MEIO;1.367,00;29/10/2025;00:15:36;20;1282-20
CO2;1282;CT-CO2-0;02938df5-6afb-d44e-582d-0b5eea40f8eb;51:88:0A:9E;0;AVIÁRIO MEIO;1.375,00;29/10/2025;00:21:08;20;1282-20
CO2;1282;CT-CO2-0;02938df5-6afb-d44e-582d-0b5eea40f8eb;51:88:0A:9E;0;AVIÁRIO MEIO;1.353,00;29/10/2025;00:26:40;20;1282-20
CO2;1282;CT-CO2-0;02938df5-6afb-d44e-582d-0b5eea40f8eb;51:88:0A:9E;0;AVIÁRIO MEIO;1.419,00;29/10/2025;00:31:43;20;1282-20
CO2;1282;CT-CO2-0;02938df5-6afb-d44e-582d-0b5eea40f8eb;51:88:0A:9E;0;AVIÁRIO MEIO;1.379,00;29/10/2025;00:37:14;20;1282-20
CO2;1282;CT-CO2-0;02938df5-6afb-d44e-582d-0b5eea40f8eb;51:88:0A:9E;0;AVIÁRIO MEIO;1.467,00;29/10/2025;00:42:47;20;1282-20
CO2;1282;CT-CO2-0;02938df5-6afb-d44e-582d-0b5eea40f8eb;51:88:0A:9E;0;AVIÁRIO MEIO;1.435,00;29/10/2025;00:47:49;20;1282-20
CO2;1282;CT-CO2-0;02938df5-6afb-d44e-582d-0b5eea40f8eb;51:88:0A:9E;0;AVIÁRIO MEIO;1.399,00;29/10/2025;00:53:21;20;1282-20
CO2;1282;CT-CO2-0;02938df5-6afb-d44e-582d-0b5eea40f8eb;51:88:0A:9E;0;AVIÁRIO MEIO;1.451,00;29/10/2025;00:58:54;20;1282-20
CO2;1282;CT-CO2-0;02938df5-6afb-d44e-582d-0b5eea40f8eb;51:88:0A:9E;0;AVIÁRIO MEIO;1.434,00;29/10/2025;01:04:58;20;1282-20
CO2;1282;CT-CO2-0;02938df5-6afb-d44e-582d-0b5eea40f8eb;51:88:0A:9E;0;AVIÁRIO MEIO;1.389,00;29/10/2025;01:09:30;20;1282-20
CO2;1282;CT-CO2-0;02938df5-6afb-d44e-582d-0b5eea40f8eb;51:88:0A:9E;0;AVIÁRIO MEIO;1.440,00;29/10/2025;01:15:02;20;1282-20
CO2;1282;CT-CO2-0;02938df5-6afb-d44e-582d-0b5eea40f8eb;51:88:0A:9E;0;AVIÁRIO MEIO;1.446,00;29/10/2025;01:20:35;20;1282-20
CO2;1282;CT-CO2-0;02938df5-6afb-d44e-582d-0b5eea40f8eb;51:88:0A:9E;0;AVIÁRIO MEIO;1.406,00;29/10/2025;01:26:07;20;1282-20
CO2;1282;CT-CO2-0;02938df5-6afb-d44e-582d-0b5eea40f8eb;51:88:0A:9E;0;AVIÁRIO MEIO;1.498,00;29/10/2025;01:31:09;20;1282-20
CO2;1282;CT-CO2-0;02938df5-6afb-d44e-582d-0b5eea40f8eb;51:88:0A:9E;0;AVIÁRIO MEIO;1.404,00;29/10/2025;01:36:41;20;1282-20
CO2;1282;CT-CO2-0;02938df5-6afb-d44e-582d-0b5eea40f8eb;51:88:0A:9E;0;AVIÁRIO MEIO;1.461,00;29/10/2025;01:42:14;20;1282-20
CO2;1282;CT-CO2-0;02938df5-6afb-d44e-582d-0b5eea40f8eb;51:88:0A:9E;0;AVIÁRIO MEIO;1.459,00;29/10/2025;01:47:16;20;1282-20
CO2;1282;CT-CO2-0;02938df5-6afb-d44e-582d-0b5eea40f8eb;51:88:0A:9E;0;AVIÁRIO MEIO;1.487,00;29/10/2025;01:52:50;20;1282-20
CO2;1282;CT-CO2-0;02938df5-6afb-d44e-582d-0b5eea40f8eb;51:88:0A:9E;0;AVIÁRIO MEIO;1.492,00;29/10/2025;01:58:22;20;1282-20
CO2;1282;CT-CO2-0;02938df5-6afb-d44e-582d-0b5eea40f8eb;51:88:0A:9E;0;AVIÁRIO MEIO;1.466,00;29/10/2025;02:03:53;20;1282-20
CO2;1282;CT-CO2-0;02938df5-6afb-d44e-582d-0b5eea40f8eb;51:88:0A:9E;0;AVIÁRIO MEIO;1.517,00;29/10/2025;02:08:55;20;1282-20
CO2;1282;CT-CO2-0;02938df5-6afb-d44e-582d-0b5eea40f8eb;51:88:0A:9E;0;AVIÁRIO MEIO;1.475,00;29/10/2025;02:14:59;20;1282-20
CO2;1282;CT-CO2-0;02938df5-6afb-d44e-582d-0b5eea40f8eb;51:88:0A:9E;0;AVIÁRIO MEIO;1.459,00;29/10/2025;02:20:01;20;1282-20
CO2;1282;CT-CO2-0;02938df5-6afb-d44e-582d-0b5eea40f8eb;51:88:0A:9E;0;AVIÁRIO MEIO;1.496,00;29/10/2025;02:25:03;20;1282-20
CO2;1282;CT-CO2-0;02938df5-6afb-d44e-582d-0b5eea40f8eb;51:88:0A:9E;0;AVIÁRIO MEIO;1.412,00;29/10/2025;02:30:35;20;1282-20
CO2;1282;CT-CO2-0;02938df5-6afb-d44e-582d-0b5eea40f8eb;51:88:0A:9E;0;AVIÁRIO MEIO;1.455,00;29/10/2025;02:36:07;20;1282-20
CO2;1282;CT-CO2-0;02938df5-6afb-d44e-582d-0b5eea40f8eb;51:88:0A:9E;0;AVIÁRIO MEIO;1.438,00;29/10/2025;02:41:09;20;1282-20
CO2;1282;CT-CO2-0;02938df5-6afb-d44e-582d-0b5eea40f8eb;51:88:0A:9E;0;AVIÁRIO MEIO;1.466,00;29/10/2025;02:46:41;20;1282-20
CO2;1282;CT-CO2-0;02938df5-6afb-d44e-582d-0b5eea40f8eb;51:88:0A:9E;0;AVIÁRIO MEIO;1.572,00;29/10/2025;02:52:13;20;1282-20
CO2;1282;CT-CO2-0;02938df5-6afb-d44e-582d-0b5eea40f8eb;51:88:0A:9E;0;AVIÁRIO MEIO;1.469,00;29/10/2025;02:57:15;20;1282-20
CO2;1282;CT-CO2-0;02938df5-6afb-d44e-582d-0b5eea40f8eb;51:88:0A:9E;0;AVIÁRIO MEIO;1.478,00;29/10/2025;03:02:47;20;1282-20
CO2;1282;CT-CO2-0;02938df5-6afb-d44e-582d-0b5eea40f8eb;51:88:0A:9E;0;AVIÁRIO MEIO;1.566,00;29/10/2025;03:08:19;20;1282-20
CO2;1282;CT-CO2-0;02938df5-6afb-d44e-582d-0b5eea40f8eb;51:88:0A:9E;0;AVIÁRIO MEIO;1.503,00;29/10/2025;03:13:51;20;1282-20
CO2;1282;CT-CO2-0;02938df5-6afb-d44e-582d-0b5eea40f8eb;51:88:0A:9E;0;AVIÁRIO MEIO;1.495,00;29/10/2025;03:18:55;20;1282-20
CO2;1282;CT-CO2-0;02938df5-6afb-d44e-582d-0b5eea40f8eb;51:88:0A:9E;0;AVIÁRIO MEIO;1.513,00;29/10/2025;03:24:59;20;1282-20
CO2;1282;CT-CO2-0;02938df5-6afb-d44e-582d-0b5eea40f8eb;51:88:0A:9E;0;AVIÁRIO MEIO;1.487,00;29/10/2025;03:29:31;20;1282-20
CO2;1282;CT-CO2-0;02938df5-6afb-d44e-582d-0b5eea40f8eb;51:88:0A:9E;0;AVIÁRIO MEIO;1.570,00;29/10/2025;03:35:02;20;1282-20
CO2;1282;CT-CO2-0;02938df5-6afb-d44e-582d-0b5eea40f8eb;51:88:0A:9E;0;AVIÁRIO MEIO;1.525,00;29/10/2025;03:40:34;20;1282-20
CO2;1282;CT-CO2-0;02938df5-6afb-d44e-582d-0b5eea40f8eb;51:88:0A:9E;0;AVIÁRIO MEIO;1.531,00;29/10/2025;03:46:07;20;1282-20
CO2;1282;CT-CO2-0;02938df5-6afb-d44e-582d-0b5eea40f8eb;51:88:0A:9E;0;AVIÁRIO MEIO;1.514,00;29/10/2025;03:51:09;20;1282-20
CO2;1282;CT-CO2-0;02938df5-6afb-d44e-582d-0b5eea40f8eb;51:88:0A:9E;0;AVIÁRIO MEIO;1.508,00;29/10/2025;03:56:41;20;1282-20
CO2;1282;CT-CO2-0;02938df5-6afb-d44e-582d-0b5eea40f8eb;51:88:0A:9E;0;AVIÁRIO MEIO;1.514,00;29/10/2025;04:02:13;20;1282-20
CO2;1282;CT-CO2-0;02938df5-6afb-d44e-582d-0b5eea40f8eb;51:88:0A:9E;0;AVIÁRIO MEIO;1.497,00;29/10/2025;04:07:17;20;1282-20
CO2;1282;CT-CO2-0;02938df5-6afb-d44e-582d-0b5eea40f8eb;51:88:0A:9E;0;AVIÁRIO MEIO;1.570,00;29/10/2025;04:12:48;20;1282-20
CO2;1282;CT-CO2-0;02938df5-6afb-d44e-582d-0b5eea40f8eb;51:88:0A:9E;0;AVIÁRIO MEIO;1.530,00;29/10/2025;04:18:20;20;1282-20
CO2;1282;CT-CO2-0;02938df5-6afb-d44e-582d-0b5eea40f8eb;51:88:0A:9E;0;AVIÁRIO MEIO;1.535,00;29/10/2025;04:23:22;20;1282-20
CO2;1282;CT-CO2-0;02938df5-6afb-d44e-582d-0b5eea40f8eb;51:88:0A:9E;0;AVIÁRIO MEIO;1.525,00;29/10/2025;04:28:54;20;1282-20
CO2;1282;CT-CO2-0;02938df5-6afb-d44e-582d-0b5eea40f8eb;51:88:0A:9E;0;AVIÁRIO MEIO;1.564,00;29/10/2025;04:34:58;20;1282-20
CO2;1282;CT-CO2-0;02938df5-6afb-d44e-582d-0b5eea40f8eb;51:88:0A:9E;0;AVIÁRIO MEIO;1.533,00;29/10/2025;04:39:30;20;1282-20
CO2;1282;CT-CO2-0;02938df5-6afb-d44e-582d-0b5eea40f8eb;51:88:0A:9E;0;AVIÁRIO MEIO;1.522,00;29/10/2025;04:45:03;20;1282-20
CO2;1282;CT-CO2-0;02938df5-6afb-d44e-582d-0b5eea40f8eb;51:88:0A:9E;0;AVIÁRIO MEIO;1.521,00;29/10/2025;04:50:35;20;1282-20
CO2;1282;CT-CO2-0;02938df5-6afb-d44e-582d-0b5eea40f8eb;51:88:0A:9E;0;AVIÁRIO MEIO;1.556,00;29/10/2025;04:55:37;20;1282-20
CO2;1282;CT-CO2-0;02938df5-6afb-d44e-582d-0b5eea40f8eb;51:88:0A:9E;0;AVIÁRIO MEIO;1.490,00;29/10/2025;05:01:09;20;1282-20
CO2;1282;CT-CO2-0;02938df5-6afb-d44e-582d-0b5eea40f8eb;51:88:0A:9E;0;AVIÁRIO MEIO;1.542,00;29/10/2025;05:06:41;20;1282-20
CO2;1282;CT-CO2-0;02938df5-6afb-d44e-582d-0b5eea40f8eb;51:88:0A:9E;0;AVIÁRIO MEIO;1.510,00;29/10/2025;05:11:43;20;1282-20
CO2;1282;CT-CO2-0;02938df5-6afb-d44e-582d-0b5eea40f8eb;51:88:0A:9E;0;AVIÁRIO MEIO;1.596,00;29/10/2025;05:17:15;20;1282-20
CO2;1282;CT-CO2-0;02938df5-6afb-d44e-582d-0b5eea40f8eb;51:88:0A:9E;0;AVIÁRIO MEIO;1.537,00;29/10/2025;05:22:48;20;1282-20
CO2;1282;CT-CO2-0;02938df5-6afb-d44e-582d-0b5eea40f8eb;51:88:0A:9E;0;AVIÁRIO MEIO;1.595,00;29/10/2025;05:27:50;20;1282-20
CO2;1282;CT-CO2-0;02938df5-6afb-d44e-582d-0b5eea40f8eb;51:88:0A:9E;0;AVIÁRIO MEIO;1.516,00;29/10/2025;05:33:22;20;1282-20
CO2;1282;CT-CO2-0;02938df5-6afb-d44e-582d-0b5eea40f8eb;51:88:0A:9E;0;AVIÁRIO MEIO;1.606,00;29/10/2025;05:38:54;20;1282-20
CO2;1282;CT-CO2-0;02938df5-6afb-d44e-582d-0b5eea40f8eb;51:88:0A:9E;0;AVIÁRIO MEIO;1.533,00;29/10/2025;05:44:28;20;1282-20
CO2;1282;CT-CO2-0;02938df5-6afb-d44e-582d-0b5eea40f8eb;51:88:0A:9E;0;AVIÁRIO MEIO;1.542,00;29/10/2025;05:49:30;20;1282-20
CO2;1282;CT-CO2-0;02938df5-6afb-d44e-582d-0b5eea40f8eb;51:88:0A:9E;0;AVIÁRIO MEIO;1.617,00;29/10/2025;05:55:05;20;1282-20
CO2;1282;CT-CO2-0;02938df5-6afb-d44e-582d-0b5eea40f8eb;51:88:0A:9E;0;AVIÁRIO MEIO;1.537,00;29/10/2025;06:00:07;20;1282-20
CO2;1282;CT-CO2-0;02938df5-6afb-d44e-582d-0b5eea40f8eb;51:88:0A:9E;0;AVIÁRIO MEIO;1.565,00;29/10/2025;06:05:39;20;1282-20
CO2;1282;CT-CO2-0;02938df5-6afb-d44e-582d-0b5eea40f8eb;51:88:0A:9E;0;AVIÁRIO MEIO;1.564,00;29/10/2025;06:11:11;20;1282-20
CO2;1282;CT-CO2-0;02938df5-6afb-d44e-582d-0b5eea40f8eb;51:88:0A:9E;0;AVIÁRIO MEIO;1.551,00;29/10/2025;06:16:13;20;1282-20
CO2;1282;CT-CO2-0;02938df5-6afb-d44e-582d-0b5eea40f8eb;51:88:0A:9E;0;AVIÁRIO MEIO;1.582,00;29/10/2025;06:21:45;20;1282-20
CO2;1282;CT-CO2-0;02938df5-6afb-d44e-582d-0b5eea40f8eb;51:88:0A:9E;0;AVIÁRIO MEIO;1.561,00;29/10/2025;06:26:47;20;1282-20
CO2;1282;CT-CO2-0;02938df5-6afb-d44e-582d-0b5eea40f8eb;51:88:0A:9E;0;AVIÁRIO MEIO;1.598,00;29/10/2025;06:37:53;20;1282-20
CO2;1282;CT-CO2-0;02938df5-6afb-d44e-582d-0b5eea40f8eb;51:88:0A:9E;0;AVIÁRIO MEIO;1.660,00;29/10/2025;06:43:25;20;1282-20
CO2;1282;CT-CO2-0;02938df5-6afb-d44e-582d-0b5eea40f8eb;51:88:0A:9E;0;AVIÁRIO MEIO;1.566,00;29/10/2025;06:48:27;20;1282-20
CO2;1282;CT-CO2-0;02938df5-6afb-d44e-582d-0b5eea40f8eb;51:88:0A:9E;0;AVIÁRIO MEIO;1.565,00;29/10/2025;06:54:30;20;1282-20
CO2;1282;CT-CO2-0;02938df5-6afb-d44e-582d-0b5eea40f8eb;51:88:0A:9E;0;AVIÁRIO MEIO;1.574,00;29/10/2025;06:59:32;20;1282-20
CO2;1282;CT-CO2-0;02938df5-6afb-d44e-582d-0b5eea40f8eb;51:88:0A:9E;0;AVIÁRIO MEIO;1.559,00;29/10/2025;07:05:04;20;1282-20
CO2;1282;CT-CO2-0;02938df5-6afb-d44e-582d-0b5eea40f8eb;51:88:0A:9E;0;AVIÁRIO MEIO;1.567,00;29/10/2025;07:10:06;20;1282-20
CO2;1282;CT-CO2-0;02938df5-6afb-d44e-582d-0b5eea40f8eb;51:88:0A:9E;0;AVIÁRIO MEIO;1.547,00;29/10/2025;07:15:38;20;1282-20
CO2;1282;CT-CO2-0;02938df5-6afb-d44e-582d-0b5eea40f8eb;51:88:0A:9E;0;AVIÁRIO MEIO;1.499,00;29/10/2025;07:21:09;20;1282-20
CO2;1282;CT-CO2-0;02938df5-6afb-d44e-582d-0b5eea40f8eb;51:88:0A:9E;0;AVIÁRIO MEIO;1.567,00;29/10/2025;07:26:41;20;1282-20
CO2;1282;CT-CO2-0;02938df5-6afb-d44e-582d-0b5eea40f8eb;51:88:0A:9E;0;AVIÁRIO MEIO;1.527,00;29/10/2025;07:31:44;20;1282-20
CO2;1282;CT-CO2-0;02938df5-6afb-d44e-582d-0b5eea40f8eb;51:88:0A:9E;0;AVIÁRIO MEIO;1.551,00;29/10/2025;07:37:16;20;1282-20
CO2;1282;CT-CO2-0;02938df5-6afb-d44e-582d-0b5eea40f8eb;51:88:0A:9E;0;AVIÁRIO MEIO;1.525,00;29/10/2025;07:42:48;20;1282-20
CO2;1282;CT-CO2-0;02938df5-6afb-d44e-582d-0b5eea40f8eb;51:88:0A:9E;0;AVIÁRIO MEIO;1.585,00;29/10/2025;07:48:21;20;1282-20
CO2;1282;CT-CO2-0;02938df5-6afb-d44e-582d-0b5eea40f8eb;51:88:0A:9E;0;AVIÁRIO MEIO;1.545,00;29/10/2025;07:53:23;20;1282-20
CO2;1282;CT-CO2-0;02938df5-6afb-d44e-582d-0b5eea40f8eb;51:88:0A:9E;0;AVIÁRIO MEIO;1.554,00;29/10/2025;07:58:57;20;1282-20
CO2;1282;CT-CO2-0;02938df5-6afb-d44e-582d-0b5eea40f8eb;51:88:0A:9E;0;AVIÁRIO MEIO;1.570,00;29/10/2025;08:05:00;20;1282-20
CO2;1282;CT-CO2-0;02938df5-6afb-d44e-582d-0b5eea40f8eb;51:88:0A:9E;0;AVIÁRIO MEIO;1.547,00;29/10/2025;08:09:31;20;1282-20
CO2;1282;CT-CO2-0;02938df5-6afb-d44e-582d-0b5eea40f8eb;51:88:0A:9E;0;AVIÁRIO MEIO;1.572,00;29/10/2025;08:15:03;20;1282-20
CO2;1282;CT-CO2-0;02938df5-6afb-d44e-582d-0b5eea40f8eb;51:88:0A:9E;0;AVIÁRIO MEIO;1.580,00;29/10/2025;08:20:35;20;1282-20
CO2;1282;CT-CO2-0;02938df5-6afb-d44e-582d-0b5eea40f8eb;51:88:0A:9E;0;AVIÁRIO MEIO;1.541,00;29/10/2025;08:26:07;20;1282-20
CO2;1282;CT-CO2-0;02938df5-6afb-d44e-582d-0b5eea40f8eb;51:88:0A:9E;0;AVIÁRIO MEIO;1.540,00;29/10/2025;08:31:09;20;1282-20
CO2;1282;CT-CO2-0;02938df5-6afb-d44e-582d-0b5eea40f8eb;51:88:0A:9E;0;AVIÁRIO MEIO;1.506,00;29/10/2025;08:36:41;20;1282-20
CO2;1282;CT-CO2-0;02938df5-6afb-d44e-582d-0b5eea40f8eb;51:88:0A:9E;0;AVIÁRIO MEIO;1.481,00;29/10/2025;08:42:13;20;1282-20
CO2;1282;CT-CO2-0;02938df5-6afb-d44e-582d-0b5eea40f8eb;51:88:0A:9E;0;AVIÁRIO MEIO;1.496,00;29/10/2025;08:47:45;20;1282-20
CO2;1282;CT-CO2-0;02938df5-6afb-d44e-582d-0b5eea40f8eb;51:88:0A:9E;0;AVIÁRIO MEIO;1.455,00;29/10/2025;08:52:47;20;1282-20
CO2;1282;CT-CO2-0;02938df5-6afb-d44e-582d-0b5eea40f8eb;51:88:0A:9E;0;AVIÁRIO MEIO;1.466,00;29/10/2025;08:58:19;20;1282-20
CO2;1282;CT-CO2-0;02938df5-6afb-d44e-582d-0b5eea40f8eb;51:88:0A:9E;0;AVIÁRIO MEIO;1.444,00;29/10/2025;09:03:52;20;1282-20
CO2;1282;CT-CO2-0;02938df5-6afb-d44e-582d-0b5eea40f8eb;51:88:0A:9E;0;AVIÁRIO MEIO;1.445,00;29/10/2025;09:09:24;20;1282-20
CO2;1282;CT-CO2-0;02938df5-6afb-d44e-582d-0b5eea40f8eb;51:88:0A:9E;0;AVIÁRIO MEIO;1.409,00;29/10/2025;09:14:57;20;1282-20
CO2;1282;CT-CO2-0;02938df5-6afb-d44e-582d-0b5eea40f8eb;51:88:0A:9E;0;AVIÁRIO MEIO;1.445,00;29/10/2025;09:19:59;20;1282-20
CO2;1282;CT-CO2-0;02938df5-6afb-d44e-582d-0b5eea40f8eb;51:88:0A:9E;0;AVIÁRIO MEIO;1.350,00;29/10/2025;09:25:32;20;1282-20
CO2;1282;CT-CO2-0;02938df5-6afb-d44e-582d-0b5eea40f8eb;51:88:0A:9E;0;AVIÁRIO MEIO;1.384,00;29/10/2025;09:31:04;20;1282-20
CO2;1282;CT-CO2-0;02938df5-6afb-d44e-582d-0b5eea40f8eb;51:88:0A:9E;0;AVIÁRIO MEIO;1.374,00;29/10/2025;09:36:06;20;1282-20
CO2;1282;CT-CO2-0;02938df5-6afb-d44e-582d-0b5eea40f8eb;51:88:0A:9E;0;AVIÁRIO MEIO;1.381,00;29/10/2025;09:41:38;20;1282-20
CO2;1282;CT-CO2-0;02938df5-6afb-d44e-582d-0b5eea40f8eb;51:88:0A:9E;0;AVIÁRIO MEIO;1.403,00;29/10/2025;09:47:09;20;1282-20
CO2;1282;CT-CO2-0;02938df5-6afb-d44e-582d-0b5eea40f8eb;51:88:0A:9E;0;AVIÁRIO MEIO;1.425,00;29/10/2025;09:52:41;20;1282-20
CO2;1282;CT-CO2-0;02938df5-6afb-d44e-582d-0b5eea40f8eb;51:88:0A:9E;0;AVIÁRIO MEIO;1.432,00;29/10/2025;09:57:44;20;1282-20
CO2;1282;CT-CO2-0;02938df5-6afb-d44e-582d-0b5eea40f8eb;51:88:0A:9E;0;AVIÁRIO MEIO;1.467,00;29/10/2025;10:03:15;20;1282-20
CO2;1282;CT-CO2-0;02938df5-6afb-d44e-582d-0b5eea40f8eb;51:88:0A:9E;0;AVIÁRIO MEIO;1.472,00;29/10/2025;10:08:46;20;1282-20
CO2;1282;CT-CO2-0;02938df5-6afb-d44e-582d-0b5eea40f8eb;51:88:0A:9E;0;AVIÁRIO MEIO;1.374,00;29/10/2025;10:14:18;20;1282-20
CO2;1282;CT-CO2-0;02938df5-6afb-d44e-582d-0b5eea40f8eb;51:88:0A:9E;0;AVIÁRIO MEIO;1.428,00;29/10/2025;10:19:21;20;1282-20
CO2;1282;CT-CO2-0;02938df5-6afb-d44e-582d-0b5eea40f8eb;51:88:0A:9E;0;AVIÁRIO MEIO;1.324,00;29/10/2025;10:35:59;20;1282-20
CO2;1282;CT-CO2-0;02938df5-6afb-d44e-582d-0b5eea40f8eb;51:88:0A:9E;0;AVIÁRIO MEIO;1.357,00;29/10/2025;10:41:02;20;1282-20
CO2;1282;CT-CO2-0;02938df5-6afb-d44e-582d-0b5eea40f8eb;51:88:0A:9E;0;AVIÁRIO MEIO;1.312,00;29/10/2025;10:46:34;20;1282-20
CO2;1282;CT-CO2-0;02938df5-6afb-d44e-582d-0b5eea40f8eb;51:88:0A:9E;0;AVIÁRIO MEIO;1.231,00;29/10/2025;10:52:06;20;1282-20
CO2;1282;CT-CO2-0;02938df5-6afb-d44e-582d-0b5eea40f8eb;51:88:0A:9E;0;AVIÁRIO MEIO;1.320,00;29/10/2025;10:57:09;20;1282-20
CO2;1282;CT-CO2-0;02938df5-6afb-d44e-582d-0b5eea40f8eb;51:88:0A:9E;0;AVIÁRIO MEIO;1.371,00;29/10/2025;11:02:41;20;1282-20
CO2;1282;CT-CO2-0;02938df5-6afb-d44e-582d-0b5eea40f8eb;51:88:0A:9E;0;AVIÁRIO MEIO;1.310,00;29/10/2025;11:08:13;20;1282-20
CO2;1282;CT-CO2-0;02938df5-6afb-d44e-582d-0b5eea40f8eb;51:88:0A:9E;0;AVIÁRIO MEIO;1.318,00;29/10/2025;11:13:45;20;1282-20
CO2;1282;CT-CO2-0;02938df5-6afb-d44e-582d-0b5eea40f8eb;51:88:0A:9E;0;AVIÁRIO MEIO;1.312,00;29/10/2025;11:19:18;20;1282-20
CO2;1282;CT-CO2-0;02938df5-6afb-d44e-582d-0b5eea40f8eb;51:88:0A:9E;0;AVIÁRIO MEIO;1.285,00;29/10/2025;11:24:21;20;1282-20
CO2;1282;CT-CO2-0;02938df5-6afb-d44e-582d-0b5eea40f8eb;51:88:0A:9E;0;AVIÁRIO MEIO;1.238,00;29/10/2025;11:30:26;20;1282-20
CO2;1282;CT-CO2-0;02938df5-6afb-d44e-582d-0b5eea40f8eb;51:88:0A:9E;0;AVIÁRIO MEIO;1.302,00;29/10/2025;11:35:28;20;1282-20
CO2;1282;CT-CO2-0;02938df5-6afb-d44e-582d-0b5eea40f8eb;51:88:0A:9E;0;AVIÁRIO MEIO;1.257,00;29/10/2025;11:40:30;20;1282-20
CO2;1282;CT-CO2-0;02938df5-6afb-d44e-582d-0b5eea40f8eb;51:88:0A:9E;0;AVIÁRIO MEIO;1.283,00;29/10/2025;11:46:03;20;1282-20
CO2;1282;CT-CO2-0;02938df5-6afb-d44e-582d-0b5eea40f8eb;51:88:0A:9E;0;AVIÁRIO MEIO;1.281,00;29/10/2025;11:51:35;20;1282-20
CO2;1282;CT-CO2-0;02938df5-6afb-d44e-582d-0b5eea40f8eb;51:88:0A:9E;0;AVIÁRIO MEIO;1.266,00;29/10/2025;11:57:07;20;1282-20
CO2;1282;CT-CO2-0;02938df5-6afb-d44e-582d-0b5eea40f8eb;51:88:0A:9E;0;AVIÁRIO MEIO;1.232,00;29/10/2025;12:02:09;20;1282-20
CO2;1282;CT-CO2-0;02938df5-6afb-d44e-582d-0b5eea40f8eb;51:88:0A:9E;0;AVIÁRIO MEIO;1.343,00;29/10/2025;12:07:41;20;1282-20
CO2;1282;CT-CO2-0;02938df5-6afb-d44e-582d-0b5eea40f8eb;51:88:0A:9E;0;AVIÁRIO MEIO;1.268,00;29/10/2025;12:13:13;20;1282-20
CO2;1282;CT-CO2-0;02938df5-6afb-d44e-582d-0b5eea40f8eb;51:88:0A:9E;0;AVIÁRIO MEIO;1.240,00;29/10/2025;12:18:45;20;1282-20
CO2;1282;CT-CO2-0;02938df5-6afb-d44e-582d-0b5eea40f8eb;51:88:0A:9E;0;AVIÁRIO MEIO;1.318,00;29/10/2025;12:23:47;20;1282-20
CO2;1282;CT-CO2-0;02938df5-6afb-d44e-582d-0b5eea40f8eb;51:88:0A:9E;0;AVIÁRIO MEIO;1.228,00;29/10/2025;12:29:19;20;1282-20
CO2;1282;CT-CO2-0;02938df5-6afb-d44e-582d-0b5eea40f8eb;51:88:0A:9E;0;AVIÁRIO MEIO;1.216,00;29/10/2025;12:34:52;20;1282-20
CO2;1282;CT-CO2-0;02938df5-6afb-d44e-582d-0b5eea40f8eb;51:88:0A:9E;0;AVIÁRIO MEIO;1.185,00;29/10/2025;12:40:57;20;1282-20
CO2;1282;CT-CO2-0;02938df5-6afb-d44e-582d-0b5eea40f8eb;51:88:0A:9E;0;AVIÁRIO MEIO;1.168,00;29/10/2025;12:45:30;20;1282-20
CO2;1282;CT-CO2-0;02938df5-6afb-d44e-582d-0b5eea40f8eb;51:88:0A:9E;0;AVIÁRIO MEIO;1.144,00;29/10/2025;12:51:02;20;1282-20
CO2;1282;CT-CO2-0;02938df5-6afb-d44e-582d-0b5eea40f8eb;51:88:0A:9E;0;AVIÁRIO MEIO;1.202,00;29/10/2025;12:56:34;20;1282-20
CO2;1282;CT-CO2-0;02938df5-6afb-d44e-582d-0b5eea40f8eb;51:88:0A:9E;0;AVIÁRIO MEIO;1.193,00;29/10/2025;13:02:06;20;1282-20
CO2;1282;CT-CO2-0;02938df5-6afb-d44e-582d-0b5eea40f8eb;51:88:0A:9E;0;AVIÁRIO MEIO;1.120,00;29/10/2025;13:07:09;20;1282-20
CO2;1282;CT-CO2-0;02938df5-6afb-d44e-582d-0b5eea40f8eb;51:88:0A:9E;0;AVIÁRIO MEIO;1.188,00;29/10/2025;13:12:40;20;1282-20
CO2;1282;CT-CO2-0;02938df5-6afb-d44e-582d-0b5eea40f8eb;51:88:0A:9E;0;AVIÁRIO MEIO;1.129,00;29/10/2025;13:18:14;20;1282-20
CO2;1282;CT-CO2-0;02938df5-6afb-d44e-582d-0b5eea40f8eb;51:88:0A:9E;0;AVIÁRIO MEIO;1.111,00;29/10/2025;13:23:46;20;1282-20
CO2;1282;CT-CO2-0;02938df5-6afb-d44e-582d-0b5eea40f8eb;51:88:0A:9E;0;AVIÁRIO MEIO;1.154,00;29/10/2025;13:28:48;20;1282-20
CO2;1282;CT-CO2-0;02938df5-6afb-d44e-582d-0b5eea40f8eb;51:88:0A:9E;0;AVIÁRIO MEIO;1.199,00;29/10/2025;13:34:20;20;1282-20
CO2;1282;CT-CO2-0;02938df5-6afb-d44e-582d-0b5eea40f8eb;51:88:0A:9E;0;AVIÁRIO MEIO;1.128,00;29/10/2025;13:39:52;20;1282-20
CO2;1282;CT-CO2-0;02938df5-6afb-d44e-582d-0b5eea40f8eb;51:88:0A:9E;0;AVIÁRIO MEIO;1.120,00;29/10/2025;13:44:55;20;1282-20
CO2;1282;CT-CO2-0;02938df5-6afb-d44e-582d-0b5eea40f8eb;51:88:0A:9E;0;AVIÁRIO MEIO;1.140,00;29/10/2025;13:50:59;20;1282-20
CO2;1282;CT-CO2-0;02938df5-6afb-d44e-582d-0b5eea40f8eb;51:88:0A:9E;0;AVIÁRIO MEIO;1.092,00;29/10/2025;13:56:02;20;1282-20
CO2;1282;CT-CO2-0;02938df5-6afb-d44e-582d-0b5eea40f8eb;51:88:0A:9E;0;AVIÁRIO MEIO;1.174,00;29/10/2025;14:01:34;20;1282-20
CO2;1282;CT-CO2-0;02938df5-6afb-d44e-582d-0b5eea40f8eb;51:88:0A:9E;0;AVIÁRIO MEIO;1.226,00;29/10/2025;14:07:11;20;1282-20
CO2;1282;CT-CO2-0;02938df5-6afb-d44e-582d-0b5eea40f8eb;51:88:0A:9E;0;AVIÁRIO MEIO;1.175,00;29/10/2025;14:12:13;20;1282-20
CO2;1282;CT-CO2-0;02938df5-6afb-d44e-582d-0b5eea40f8eb;51:88:0A:9E;0;AVIÁRIO MEIO;1.218,00;29/10/2025;14:17:50;20;1282-20
CO2;1282;CT-CO2-0;02938df5-6afb-d44e-582d-0b5eea40f8eb;51:88:0A:9E;0;AVIÁRIO MEIO;1.258,00;29/10/2025;14:22:52;20;1282-20
CO2;1282;CT-CO2-0;02938df5-6afb-d44e-582d-0b5eea40f8eb;51:88:0A:9E;0;AVIÁRIO MEIO;1.288,00;29/10/2025;14:28:24;20;1282-20
CO2;1282;CT-CO2-0;02938df5-6afb-d44e-582d-0b5eea40f8eb;51:88:0A:9E;0;AVIÁRIO MEIO;1.216,00;29/10/2025;14:33:57;20;1282-20
CO2;1282;CT-CO2-0;02938df5-6afb-d44e-582d-0b5eea40f8eb;51:88:0A:9E;0;AVIÁRIO MEIO;1.210,00;29/10/2025;14:39:29;20;1282-20
CO2;1282;CT-CO2-0;02938df5-6afb-d44e-582d-0b5eea40f8eb;51:88:0A:9E;0;AVIÁRIO MEIO;1.232,00;29/10/2025;14:44:30;20;1282-20
CO2;1282;CT-CO2-0;02938df5-6afb-d44e-582d-0b5eea40f8eb;51:88:0A:9E;0;AVIÁRIO MEIO;1.249,00;29/10/2025;14:50:02;20;1282-20
CO2;1282;CT-CO2-0;02938df5-6afb-d44e-582d-0b5eea40f8eb;51:88:0A:9E;0;AVIÁRIO MEIO;1.220,00;29/10/2025;14:56:05;20;1282-20
CO2;1282;CT-CO2-0;02938df5-6afb-d44e-582d-0b5eea40f8eb;51:88:0A:9E;0;AVIÁRIO MEIO;1.196,00;29/10/2025;15:01:08;20;1282-20
CO2;1282;CT-CO2-0;02938df5-6afb-d44e-582d-0b5eea40f8eb;51:88:0A:9E;0;AVIÁRIO MEIO;1.240,00;29/10/2025;15:06:10;20;1282-20
CO2;1282;CT-CO2-0;02938df5-6afb-d44e-582d-0b5eea40f8eb;51:88:0A:9E;0;AVIÁRIO MEIO;1.270,00;29/10/2025;15:11:42;20;1282-20
CO2;1282;CT-CO2-0;02938df5-6afb-d44e-582d-0b5eea40f8eb;51:88:0A:9E;0;AVIÁRIO MEIO;1.321,00;29/10/2025;15:17:14;20;1282-20
CO2;1282;CT-CO2-0;02938df5-6afb-d44e-582d-0b5eea40f8eb;51:88:0A:9E;0;AVIÁRIO MEIO;1.242,00;29/10/2025;15:22:47;20;1282-20
CO2;1282;CT-CO2-0;02938df5-6afb-d44e-582d-0b5eea40f8eb;51:88:0A:9E;0;AVIÁRIO MEIO;1.283,00;29/10/2025;15:27:49;20;1282-20
CO2;1282;CT-CO2-0;02938df5-6afb-d44e-582d-0b5eea40f8eb;51:88:0A:9E;0;AVIÁRIO MEIO;1.242,00;29/10/2025;15:33:21;20;1282-20
CO2;1282;CT-CO2-0;02938df5-6afb-d44e-582d-0b5eea40f8eb;51:88:0A:9E;0;AVIÁRIO MEIO;1.254,00;29/10/2025;15:38:53;20;1282-20
CO2;1282;CT-CO2-0;02938df5-6afb-d44e-582d-0b5eea40f8eb;51:88:0A:9E;0;AVIÁRIO MEIO;1.279,00;29/10/2025;15:44:24;20;1282-20
CO2;1282;CT-CO2-0;02938df5-6afb-d44e-582d-0b5eea40f8eb;51:88:0A:9E;0;AVIÁRIO MEIO;1.293,00;29/10/2025;15:49:26;20;1282-20
CO2;1282;CT-CO2-0;02938df5-6afb-d44e-582d-0b5eea40f8eb;51:88:0A:9E;0;AVIÁRIO MEIO;1.244,00;29/10/2025;15:55:04;20;1282-20
CO2;1282;CT-CO2-0;02938df5-6afb-d44e-582d-0b5eea40f8eb;51:88:0A:9E;0;AVIÁRIO MEIO;1.264,00;29/10/2025;16:01:08;20;1282-20
CO2;1282;CT-CO2-0;02938df5-6afb-d44e-582d-0b5eea40f8eb;51:88:0A:9E;0;AVIÁRIO MEIO;1.265,00;29/10/2025;16:05:46;20;1282-20
CO2;1282;CT-CO2-0;02938df5-6afb-d44e-582d-0b5eea40f8eb;51:88:0A:9E;0;AVIÁRIO MEIO;1.310,00;29/10/2025;16:11:18;20;1282-20
CO2;1282;CT-CO2-0;02938df5-6afb-d44e-582d-0b5eea40f8eb;51:88:0A:9E;0;AVIÁRIO MEIO;1.250,00;29/10/2025;16:16:50;20;1282-20
CO2;1282;CT-CO2-0;02938df5-6afb-d44e-582d-0b5eea40f8eb;51:88:0A:9E;0;AVIÁRIO MEIO;1.294,00;29/10/2025;16:22:22;20;1282-20
CO2;1282;CT-CO2-0;02938df5-6afb-d44e-582d-0b5eea40f8eb;51:88:0A:9E;0;AVIÁRIO MEIO;1.268,00;29/10/2025;16:27:24;20;1282-20
CO2;1282;CT-CO2-0;02938df5-6afb-d44e-582d-0b5eea40f8eb;51:88:0A:9E;0;AVIÁRIO MEIO;1.288,00;29/10/2025;16:38:29;20;1282-20
CO2;1282;CT-CO2-0;02938df5-6afb-d44e-582d-0b5eea40f8eb;51:88:0A:9E;0;AVIÁRIO MEIO;1.347,00;29/10/2025;16:44:01;20;1282-20
CO2;1282;CT-CO2-0;02938df5-6afb-d44e-582d-0b5eea40f8eb;51:88:0A:9E;0;AVIÁRIO MEIO;1.251,00;29/10/2025;16:49:03;20;1282-20
CO2;1282;CT-CO2-0;02938df5-6afb-d44e-582d-0b5eea40f8eb;51:88:0A:9E;0;AVIÁRIO MEIO;1.290,00;29/10/2025;16:54:35;20;1282-20
CO2;1282;CT-CO2-0;02938df5-6afb-d44e-582d-0b5eea40f8eb;51:88:0A:9E;0;AVIÁRIO MEIO;1.301,00;29/10/2025;17:00:07;20;1282-20
CO2;1282;CT-CO2-0;02938df5-6afb-d44e-582d-0b5eea40f8eb;51:88:0A:9E;0;AVIÁRIO MEIO;1.289,00;29/10/2025;17:05:09;20;1282-20
CO2;1282;CT-CO2-0;02938df5-6afb-d44e-582d-0b5eea40f8eb;51:88:0A:9E;0;AVIÁRIO MEIO;1.317,00;29/10/2025;17:11:13;20;1282-20
CO2;1282;CT-CO2-0;02938df5-6afb-d44e-582d-0b5eea40f8eb;51:88:0A:9E;0;AVIÁRIO MEIO;1.253,00;29/10/2025;17:16:16;20;1282-20
CO2;1282;CT-CO2-0;02938df5-6afb-d44e-582d-0b5eea40f8eb;51:88:0A:9E;0;AVIÁRIO MEIO;1.241,00;29/10/2025;17:21:18;20;1282-20
CO2;1282;CT-CO2-0;02938df5-6afb-d44e-582d-0b5eea40f8eb;51:88:0A:9E;0;AVIÁRIO MEIO;1.303,00;29/10/2025;17:26:50;20;1282-20
CO2;1282;CT-CO2-0;02938df5-6afb-d44e-582d-0b5eea40f8eb;51:88:0A:9E;0;AVIÁRIO MEIO;1.402,00;29/10/2025;17:36:52;20;1282-20
CO2;1282;CT-CO2-0;02938df5-6afb-d44e-582d-0b5eea40f8eb;51:88:0A:9E;0;AVIÁRIO MEIO;1.385,00;29/10/2025;17:42:24;20;1282-20
CO2;1282;CT-CO2-0;02938df5-6afb-d44e-582d-0b5eea40f8eb;51:88:0A:9E;0;AVIÁRIO MEIO;1.392,00;29/10/2025;17:47:56;20;1282-20
CO2;1282;CT-CO2-0;02938df5-6afb-d44e-582d-0b5eea40f8eb;51:88:0A:9E;0;AVIÁRIO MEIO;1.307,00;29/10/2025;17:52:59;20;1282-20
CO2;1282;CT-CO2-0;02938df5-6afb-d44e-582d-0b5eea40f8eb;51:88:0A:9E;0;AVIÁRIO MEIO;1.316,00;29/10/2025;17:58:31;20;1282-20
CO2;1282;CT-CO2-0;02938df5-6afb-d44e-582d-0b5eea40f8eb;51:88:0A:9E;0;AVIÁRIO MEIO;1.273,00;29/10/2025;18:04:03;20;1282-20
CO2;1282;CT-CO2-0;02938df5-6afb-d44e-582d-0b5eea40f8eb;51:88:0A:9E;0;AVIÁRIO MEIO;1.266,00;29/10/2025;18:09:05;20;1282-20
CO2;1282;CT-CO2-0;02938df5-6afb-d44e-582d-0b5eea40f8eb;51:88:0A:9E;0;AVIÁRIO MEIO;1.323,00;29/10/2025;18:14:38;20;1282-20
CO2;1282;CT-CO2-0;02938df5-6afb-d44e-582d-0b5eea40f8eb;51:88:0A:9E;0;AVIÁRIO MEIO;1.318,00;29/10/2025;18:25:14;20;1282-20
CO2;1282;CT-CO2-0;02938df5-6afb-d44e-582d-0b5eea40f8eb;51:88:0A:9E;0;AVIÁRIO MEIO;1.247,00;29/10/2025;18:30:46;20;1282-20
CO2;1282;CT-CO2-0;02938df5-6afb-d44e-582d-0b5eea40f8eb;51:88:0A:9E;0;AVIÁRIO MEIO;1.291,00;29/10/2025;18:36:17;20;1282-20
CO2;1282;CT-CO2-0;02938df5-6afb-d44e-582d-0b5eea40f8eb;51:88:0A:9E;0;AVIÁRIO MEIO;1.307,00;29/10/2025;18:41:49;20;1282-20
CO2;1282;CT-CO2-0;02938df5-6afb-d44e-582d-0b5eea40f8eb;51:88:0A:9E;0;AVIÁRIO MEIO;1.360,00;29/10/2025;18:46:51;20;1282-20
CO2;1282;CT-CO2-0;02938df5-6afb-d44e-582d-0b5eea40f8eb;51:88:0A:9E;0;AVIÁRIO MEIO;1.295,00;29/10/2025;18:52:24;20;1282-20
CO2;1282;CT-CO2-0;02938df5-6afb-d44e-582d-0b5eea40f8eb;51:88:0A:9E;0;AVIÁRIO MEIO;1.397,00;29/10/2025;18:57:56;20;1282-20
CO2;1282;CT-CO2-0;02938df5-6afb-d44e-582d-0b5eea40f8eb;51:88:0A:9E;0;AVIÁRIO MEIO;1.612,00;29/10/2025;19:08:30;20;1282-20
CO2;1282;CT-CO2-0;02938df5-6afb-d44e-582d-0b5eea40f8eb;51:88:0A:9E;0;AVIÁRIO MEIO;1.438,00;29/10/2025;19:14:02;20;1282-20
CO2;1282;CT-CO2-0;02938df5-6afb-d44e-582d-0b5eea40f8eb;51:88:0A:9E;0;AVIÁRIO MEIO;1.482,00;29/10/2025;19:19:05;20;1282-20
CO2;1282;CT-CO2-0;02938df5-6afb-d44e-582d-0b5eea40f8eb;51:88:0A:9E;0;AVIÁRIO MEIO;1.404,00;29/10/2025;19:24:37;20;1282-20
CO2;1282;CT-CO2-0;02938df5-6afb-d44e-582d-0b5eea40f8eb;51:88:0A:9E;0;AVIÁRIO MEIO;1.463,00;29/10/2025;19:30:40;20;1282-20
CO2;1282;CT-CO2-0;02938df5-6afb-d44e-582d-0b5eea40f8eb;51:88:0A:9E;0;AVIÁRIO MEIO;1.466,00;29/10/2025;19:35:42;20;1282-20
CO2;1282;CT-CO2-0;02938df5-6afb-d44e-582d-0b5eea40f8eb;51:88:0A:9E;0;AVIÁRIO MEIO;1.366,00;29/10/2025;19:40:46;20;1282-20
CO2;1282;CT-CO2-0;02938df5-6afb-d44e-582d-0b5eea40f8eb;51:88:0A:9E;0;AVIÁRIO MEIO;1.404,00;29/10/2025;19:46:17;20;1282-20
CO2;1282;CT-CO2-0;02938df5-6afb-d44e-582d-0b5eea40f8eb;51:88:0A:9E;0;AVIÁRIO MEIO;1.389,00;29/10/2025;19:51:50;20;1282-20
CO2;1282;CT-CO2-0;02938df5-6afb-d44e-582d-0b5eea40f8eb;51:88:0A:9E;0;AVIÁRIO MEIO;1.426,00;29/10/2025;19:56:52;20;1282-20
CO2;1282;CT-CO2-0;02938df5-6afb-d44e-582d-0b5eea40f8eb;51:88:0A:9E;0;AVIÁRIO MEIO;1.366,00;29/10/2025;20:02:24;20;1282-20
CO2;1282;CT-CO2-0;02938df5-6afb-d44e-582d-0b5eea40f8eb;51:88:0A:9E;0;AVIÁRIO MEIO;1.376,00;29/10/2025;20:12:58;20;1282-20
CO2;1282;CT-CO2-0;02938df5-6afb-d44e-582d-0b5eea40f8eb;51:88:0A:9E;0;AVIÁRIO MEIO;1.442,00;29/10/2025;20:18:30;20;1282-20
CO2;1282;CT-CO2-0;02938df5-6afb-d44e-582d-0b5eea40f8eb;51:88:0A:9E;0;AVIÁRIO MEIO;1.315,00;29/10/2025;20:24:02;20;1282-20
CO2;1282;CT-CO2-0;02938df5-6afb-d44e-582d-0b5eea40f8eb;51:88:0A:9E;0;AVIÁRIO MEIO;1.372,00;29/10/2025;20:29:35;20;1282-20
CO2;1282;CT-CO2-0;02938df5-6afb-d44e-582d-0b5eea40f8eb;51:88:0A:9E;0;AVIÁRIO MEIO;1.516,00;29/10/2025;20:34:37;20;1282-20
CO2;1282;CT-CO2-0;02938df5-6afb-d44e-582d-0b5eea40f8eb;51:88:0A:9E;0;AVIÁRIO MEIO;1.367,00;29/10/2025;20:40:41;20;1282-20
CO2;1282;CT-CO2-0;02938df5-6afb-d44e-582d-0b5eea40f8eb;51:88:0A:9E;0;AVIÁRIO MEIO;1.402,00;29/10/2025;20:45:43;20;1282-20
CO2;1282;CT-CO2-0;02938df5-6afb-d44e-582d-0b5eea40f8eb;51:88:0A:9E;0;AVIÁRIO MEIO;1.423,00;29/10/2025;20:50:45;20;1282-20
CO2;1282;CT-CO2-0;02938df5-6afb-d44e-582d-0b5eea40f8eb;51:88:0A:9E;0;AVIÁRIO MEIO;1.438,00;29/10/2025;20:56:17;20;1282-20
CO2;1282;CT-CO2-0;02938df5-6afb-d44e-582d-0b5eea40f8eb;51:88:0A:9E;0;AVIÁRIO MEIO;1.527,00;29/10/2025;21:06:19;20;1282-20
CO2;1282;CT-CO2-0;02938df5-6afb-d44e-582d-0b5eea40f8eb;51:88:0A:9E;0;AVIÁRIO MEIO;1.485,00;29/10/2025;21:11:20;20;1282-20
CO2;1282;CT-CO2-0;02938df5-6afb-d44e-582d-0b5eea40f8eb;51:88:0A:9E;0;AVIÁRIO MEIO;1.566,00;29/10/2025;21:16:54;20;1282-20
CO2;1282;CT-CO2-0;02938df5-6afb-d44e-582d-0b5eea40f8eb;51:88:0A:9E;0;AVIÁRIO MEIO;1.451,00;29/10/2025;21:22:26;20;1282-20
CO2;1282;CT-CO2-0;02938df5-6afb-d44e-582d-0b5eea40f8eb;51:88:0A:9E;0;AVIÁRIO MEIO;1.427,00;29/10/2025;21:27:58;20;1282-20
CO2;1282;CT-CO2-0;02938df5-6afb-d44e-582d-0b5eea40f8eb;51:88:0A:9E;0;AVIÁRIO MEIO;1.470,00;29/10/2025;21:33:00;20;1282-20
CO2;1282;CT-CO2-0;02938df5-6afb-d44e-582d-0b5eea40f8eb;51:88:0A:9E;0;AVIÁRIO MEIO;1.374,00;29/10/2025;21:38:32;20;1282-20
CO2;1282;CT-CO2-0;02938df5-6afb-d44e-582d-0b5eea40f8eb;51:88:0A:9E;0;AVIÁRIO MEIO;1.437,00;29/10/2025;21:44:04;20;1282-20
CO2;1282;CT-CO2-0;02938df5-6afb-d44e-582d-0b5eea40f8eb;51:88:0A:9E;0;AVIÁRIO MEIO;1.491,00;29/10/2025;21:49:39;20;1282-20
CO2;1282;CT-CO2-0;02938df5-6afb-d44e-582d-0b5eea40f8eb;51:88:0A:9E;0;AVIÁRIO MEIO;1.447,00;29/10/2025;21:54:41;20;1282-20
CO2;1282;CT-CO2-0;02938df5-6afb-d44e-582d-0b5eea40f8eb;51:88:0A:9E;0;AVIÁRIO MEIO;1.561,00;29/10/2025;22:00:13;20;1282-20
CO2;1282;CT-CO2-0;02938df5-6afb-d44e-582d-0b5eea40f8eb;51:88:0A:9E;0;AVIÁRIO MEIO;1.476,00;29/10/2025;22:05:15;20;1282-20
CO2;1282;CT-CO2-0;02938df5-6afb-d44e-582d-0b5eea40f8eb;51:88:0A:9E;0;AVIÁRIO MEIO;1.474,00;29/10/2025;22:10:48;20;1282-20
CO2;1282;CT-CO2-0;02938df5-6afb-d44e-582d-0b5eea40f8eb;51:88:0A:9E;0;AVIÁRIO MEIO;1.506,00;29/10/2025;22:16:20;20;1282-20
CO2;1282;CT-CO2-0;02938df5-6afb-d44e-582d-0b5eea40f8eb;51:88:0A:9E;0;AVIÁRIO MEIO;1.481,00;29/10/2025;22:21:52;20;1282-20
CO2;1282;CT-CO2-0;02938df5-6afb-d44e-582d-0b5eea40f8eb;51:88:0A:9E;0;AVIÁRIO MEIO;1.470,00;29/10/2025;22:26:54;20;1282-20
CO2;1282;CT-CO2-0;02938df5-6afb-d44e-582d-0b5eea40f8eb;51:88:0A:9E;0;AVIÁRIO MEIO;1.453,00;29/10/2025;22:32:26;20;1282-20
CO2;1282;CT-CO2-0;02938df5-6afb-d44e-582d-0b5eea40f8eb;51:88:0A:9E;0;AVIÁRIO MEIO;1.457,00;29/10/2025;22:37:58;20;1282-20
CO2;1282;CT-CO2-0;02938df5-6afb-d44e-582d-0b5eea40f8eb;51:88:0A:9E;0;AVIÁRIO MEIO;1.407,00;29/10/2025;22:42:59;20;1282-20
CO2;1282;CT-CO2-0;02938df5-6afb-d44e-582d-0b5eea40f8eb;51:88:0A:9E;0;AVIÁRIO MEIO;1.452,00;29/10/2025;22:48:32;20;1282-20
CO2;1282;CT-CO2-0;02938df5-6afb-d44e-582d-0b5eea40f8eb;51:88:0A:9E;0;AVIÁRIO MEIO;1.401,00;29/10/2025;22:54:03;20;1282-20
CO2;1282;CT-CO2-0;02938df5-6afb-d44e-582d-0b5eea40f8eb;51:88:0A:9E;0;AVIÁRIO MEIO;1.483,00;29/10/2025;22:59:36;20;1282-20
CO2;1282;CT-CO2-0;02938df5-6afb-d44e-582d-0b5eea40f8eb;51:88:0A:9E;0;AVIÁRIO MEIO;1.395,00;29/10/2025;23:04:38;20;1282-20
CO2;1282;CT-CO2-0;02938df5-6afb-d44e-582d-0b5eea40f8eb;51:88:0A:9E;0;AVIÁRIO MEIO;1.466,00;29/10/2025;23:10:11;20;1282-20
CO2;1282;CT-CO2-0;02938df5-6afb-d44e-582d-0b5eea40f8eb;51:88:0A:9E;0;AVIÁRIO MEIO;1.371,00;29/10/2025;23:15:43;20;1282-20
CO2;1282;CT-CO2-0;02938df5-6afb-d44e-582d-0b5eea40f8eb;51:88:0A:9E;0;AVIÁRIO MEIO;1.528,00;29/10/2025;23:20:44;20;1282-20
CO2;1282;CT-CO2-0;02938df5-6afb-d44e-582d-0b5eea40f8eb;51:88:0A:9E;0;AVIÁRIO MEIO;1.375,00;29/10/2025;23:26:17;20;1282-20
CO2;1282;CT-CO2-0;02938df5-6afb-d44e-582d-0b5eea40f8eb;51:88:0A:9E;0;AVIÁRIO MEIO;1.427,00;29/10/2025;23:31:48;20;1282-20
CO2;1282;CT-CO2-0;02938df5-6afb-d44e-582d-0b5eea40f8eb;51:88:0A:9E;0;AVIÁRIO MEIO;1.456,00;29/10/2025;23:36:50;20;1282-20
CO2;1282;CT-CO2-0;02938df5-6afb-d44e-582d-0b5eea40f8eb;51:88:0A:9E;0;AVIÁRIO MEIO;1.592,00;29/10/2025;23:42:22;20;1282-20
CO2;1282;CT-CO2-0;02938df5-6afb-d44e-582d-0b5eea40f8eb;51:88:0A:9E;0;AVIÁRIO MEIO;1.438,00;29/10/2025;23:47:54;20;1282-20
CO2;1282;CT-CO2-0;02938df5-6afb-d44e-582d-0b5eea40f8eb;51:88:0A:9E;0;AVIÁRIO MEIO;1.492,00;29/10/2025;23:53:26;20;1282-20
CO2;1282;CT-CO2-0;02938df5-6afb-d44e-582d-0b5eea40f8eb;51:88:0A:9E;0;AVIÁRIO MEIO;1.449,00;29/10/2025;23:58:29;20;1282-20
CO2;1282;CT-CO2-0;02938df5-6afb-d44e-582d-0b5eea40f8eb;51:88:0A:9E;0;AVIÁRIO MEIO;1.449,00;30/10/2025;00:04:01;20;1282-20
CO2;1282;CT-CO2-0;02938df5-6afb-d44e-582d-0b5eea40f8eb;51:88:0A:9E;0;AVIÁRIO MEIO;1.529,00;30/10/2025;00:10:06;20;1282-20
CO2;1282;CT-CO2-0;02938df5-6afb-d44e-582d-0b5eea40f8eb;51:88:0A:9E;0;AVIÁRIO MEIO;1.468,00;30/10/2025;00:14:38;20;1282-20
CO2;1282;CT-CO2-0;02938df5-6afb-d44e-582d-0b5eea40f8eb;51:88:0A:9E;0;AVIÁRIO MEIO;1.500,00;30/10/2025;00:20:10;20;1282-20
CO2;1282;CT-CO2-0;02938df5-6afb-d44e-582d-0b5eea40f8eb;51:88:0A:9E;0;AVIÁRIO MEIO;1.544,00;30/10/2025;00:25:42;20;1282-20
CO2;1282;CT-CO2-0;02938df5-6afb-d44e-582d-0b5eea40f8eb;51:88:0A:9E;0;AVIÁRIO MEIO;1.494,00;30/10/2025;00:30:44;20;1282-20
CO2;1282;CT-CO2-0;02938df5-6afb-d44e-582d-0b5eea40f8eb;51:88:0A:9E;0;AVIÁRIO MEIO;1.483,00;30/10/2025;00:36:15;20;1282-20
CO2;1282;CT-CO2-0;02938df5-6afb-d44e-582d-0b5eea40f8eb;51:88:0A:9E;0;AVIÁRIO MEIO;1.513,00;30/10/2025;00:41:47;20;1282-20
CO2;1282;CT-CO2-0;02938df5-6afb-d44e-582d-0b5eea40f8eb;51:88:0A:9E;0;AVIÁRIO MEIO;1.535,00;30/10/2025;00:46:49;20;1282-20
CO2;1282;CT-CO2-0;02938df5-6afb-d44e-582d-0b5eea40f8eb;51:88:0A:9E;0;AVIÁRIO MEIO;1.560,00;30/10/2025;00:52:21;20;1282-20
CO2;1282;CT-CO2-0;02938df5-6afb-d44e-582d-0b5eea40f8eb;51:88:0A:9E;0;AVIÁRIO MEIO;1.478,00;30/10/2025;00:57:53;20;1282-20
CO2;1282;CT-CO2-0;02938df5-6afb-d44e-582d-0b5eea40f8eb;51:88:0A:9E;0;AVIÁRIO MEIO;1.497,00;30/10/2025;01:03:24;20;1282-20
CO2;1282;CT-CO2-0;02938df5-6afb-d44e-582d-0b5eea40f8eb;51:88:0A:9E;0;AVIÁRIO MEIO;1.555,00;30/10/2025;01:08:26;20;1282-20
CO2;1282;CT-CO2-0;02938df5-6afb-d44e-582d-0b5eea40f8eb;51:88:0A:9E;0;AVIÁRIO MEIO;1.502,00;30/10/2025;01:13:59;20;1282-20
CO2;1282;CT-CO2-0;02938df5-6afb-d44e-582d-0b5eea40f8eb;51:88:0A:9E;0;AVIÁRIO MEIO;1.511,00;30/10/2025;01:20:02;20;1282-20
CO2;1282;CT-CO2-0;02938df5-6afb-d44e-582d-0b5eea40f8eb;51:88:0A:9E;0;AVIÁRIO MEIO;1.542,00;30/10/2025;01:24:34;20;1282-20
CO2;1282;CT-CO2-0;02938df5-6afb-d44e-582d-0b5eea40f8eb;51:88:0A:9E;0;AVIÁRIO MEIO;1.512,00;30/10/2025;01:30:06;20;1282-20
CO2;1282;CT-CO2-0;02938df5-6afb-d44e-582d-0b5eea40f8eb;51:88:0A:9E;0;AVIÁRIO MEIO;1.591,00;30/10/2025;01:35:37;20;1282-20
CO2;1282;CT-CO2-0;02938df5-6afb-d44e-582d-0b5eea40f8eb;51:88:0A:9E;0;AVIÁRIO MEIO;1.557,00;30/10/2025;01:41:10;20;1282-20
CO2;1282;CT-CO2-0;02938df5-6afb-d44e-582d-0b5eea40f8eb;51:88:0A:9E;0;AVIÁRIO MEIO;1.570,00;30/10/2025;01:46:14;20;1282-20
CO2;1282;CT-CO2-0;02938df5-6afb-d44e-582d-0b5eea40f8eb;51:88:0A:9E;0;AVIÁRIO MEIO;1.511,00;30/10/2025;01:51:48;20;1282-20
CO2;1282;CT-CO2-0;02938df5-6afb-d44e-582d-0b5eea40f8eb;51:88:0A:9E;0;AVIÁRIO MEIO;1.572,00;30/10/2025;01:56:50;20;1282-20
CO2;1282;CT-CO2-0;02938df5-6afb-d44e-582d-0b5eea40f8eb;51:88:0A:9E;0;AVIÁRIO MEIO;1.571,00;30/10/2025;02:02:22;20;1282-20
CO2;1282;CT-CO2-0;02938df5-6afb-d44e-582d-0b5eea40f8eb;51:88:0A:9E;0;AVIÁRIO MEIO;1.518,00;30/10/2025;02:07:54;20;1282-20
CO2;1282;CT-CO2-0;02938df5-6afb-d44e-582d-0b5eea40f8eb;51:88:0A:9E;0;AVIÁRIO MEIO;1.523,00;30/10/2025;02:13:25;20;1282-20
CO2;1282;CT-CO2-0;02938df5-6afb-d44e-582d-0b5eea40f8eb;51:88:0A:9E;0;AVIÁRIO MEIO;1.521,00;30/10/2025;02:18:28;20;1282-20
CO2;1282;CT-CO2-0;02938df5-6afb-d44e-582d-0b5eea40f8eb;51:88:0A:9E;0;AVIÁRIO MEIO;1.596,00;30/10/2025;02:24:00;20;1282-20
CO2;1282;CT-CO2-0;02938df5-6afb-d44e-582d-0b5eea40f8eb;51:88:0A:9E;0;AVIÁRIO MEIO;1.615,00;30/10/2025;02:30:03;20;1282-20
CO2;1282;CT-CO2-0;02938df5-6afb-d44e-582d-0b5eea40f8eb;51:88:0A:9E;0;AVIÁRIO MEIO;1.568,00;30/10/2025;02:34:35;20;1282-20
CO2;1282;CT-CO2-0;02938df5-6afb-d44e-582d-0b5eea40f8eb;51:88:0A:9E;0;AVIÁRIO MEIO;1.558,00;30/10/2025;02:40:07;20;1282-20
CO2;1282;CT-CO2-0;02938df5-6afb-d44e-582d-0b5eea40f8eb;51:88:0A:9E;0;AVIÁRIO MEIO;1.611,00;30/10/2025;02:45:39;20;1282-20
CO2;1282;CT-CO2-0;02938df5-6afb-d44e-582d-0b5eea40f8eb;51:88:0A:9E;0;AVIÁRIO MEIO;1.570,00;30/10/2025;02:50:41;20;1282-20
CO2;1282;CT-CO2-0;02938df5-6afb-d44e-582d-0b5eea40f8eb;51:88:0A:9E;0;AVIÁRIO MEIO;1.539,00;30/10/2025;02:56:14;20;1282-20
CO2;1282;CT-CO2-0;02938df5-6afb-d44e-582d-0b5eea40f8eb;51:88:0A:9E;0;AVIÁRIO MEIO;1.564,00;30/10/2025;03:01:46;20;1282-20
CO2;1282;CT-CO2-0;02938df5-6afb-d44e-582d-0b5eea40f8eb;51:88:0A:9E;0;AVIÁRIO MEIO;1.540,00;30/10/2025;03:07:17;20;1282-20
CO2;1282;CT-CO2-0;02938df5-6afb-d44e-582d-0b5eea40f8eb;51:88:0A:9E;0;AVIÁRIO MEIO;1.560,00;30/10/2025;03:12:20;20;1282-20
CO2;1282;CT-CO2-0;02938df5-6afb-d44e-582d-0b5eea40f8eb;51:88:0A:9E;0;AVIÁRIO MEIO;1.587,00;30/10/2025;03:17:52;20;1282-20
CO2;1282;CT-CO2-0;02938df5-6afb-d44e-582d-0b5eea40f8eb;51:88:0A:9E;0;AVIÁRIO MEIO;1.540,00;30/10/2025;03:23:24;20;1282-20
CO2;1282;CT-CO2-0;02938df5-6afb-d44e-582d-0b5eea40f8eb;51:88:0A:9E;0;AVIÁRIO MEIO;1.495,00;30/10/2025;03:28:26;20;1282-20
CO2;1282;CT-CO2-0;02938df5-6afb-d44e-582d-0b5eea40f8eb;51:88:0A:9E;0;AVIÁRIO MEIO;1.568,00;30/10/2025;03:34:00;20;1282-20
CO2;1282;CT-CO2-0;02938df5-6afb-d44e-582d-0b5eea40f8eb;51:88:0A:9E;0;AVIÁRIO MEIO;1.521,00;30/10/2025;03:40:04;20;1282-20
CO2;1282;CT-CO2-0;02938df5-6afb-d44e-582d-0b5eea40f8eb;51:88:0A:9E;0;AVIÁRIO MEIO;1.558,00;30/10/2025;03:44:35;20;1282-20
CO2;1282;CT-CO2-0;02938df5-6afb-d44e-582d-0b5eea40f8eb;51:88:0A:9E;0;AVIÁRIO MEIO;1.525,00;30/10/2025;03:50:07;20;1282-20
CO2;1282;CT-CO2-0;02938df5-6afb-d44e-582d-0b5eea40f8eb;51:88:0A:9E;0;AVIÁRIO MEIO;1.583,00;30/10/2025;03:55:39;20;1282-20
CO2;1282;CT-CO2-0;02938df5-6afb-d44e-582d-0b5eea40f8eb;51:88:0A:9E;0;AVIÁRIO MEIO;1.543,00;30/10/2025;04:00:41;20;1282-20
CO2;1282;CT-CO2-0;02938df5-6afb-d44e-582d-0b5eea40f8eb;51:88:0A:9E;0;AVIÁRIO MEIO;1.528,00;30/10/2025;04:06:14;20;1282-20
CO2;1282;CT-CO2-0;02938df5-6afb-d44e-582d-0b5eea40f8eb;51:88:0A:9E;0;AVIÁRIO MEIO;1.589,00;30/10/2025;04:11:46;20;1282-20
CO2;1282;CT-CO2-0;02938df5-6afb-d44e-582d-0b5eea40f8eb;51:88:0A:9E;0;AVIÁRIO MEIO;1.522,00;30/10/2025;04:17:18;20;1282-20
CO2;1282;CT-CO2-0;02938df5-6afb-d44e-582d-0b5eea40f8eb;51:88:0A:9E;0;AVIÁRIO MEIO;1.527,00;30/10/2025;04:22:20;20;1282-20
CO2;1282;CT-CO2-0;02938df5-6afb-d44e-582d-0b5eea40f8eb;51:88:0A:9E;0;AVIÁRIO MEIO;1.570,00;30/10/2025;04:27:53;20;1282-20
CO2;1282;CT-CO2-0;02938df5-6afb-d44e-582d-0b5eea40f8eb;51:88:0A:9E;0;AVIÁRIO MEIO;1.537,00;30/10/2025;04:33:25;20;1282-20
CO2;1282;CT-CO2-0;02938df5-6afb-d44e-582d-0b5eea40f8eb;51:88:0A:9E;0;AVIÁRIO MEIO;1.561,00;30/10/2025;04:38:28;20;1282-20
CO2;1282;CT-CO2-0;02938df5-6afb-d44e-582d-0b5eea40f8eb;51:88:0A:9E;0;AVIÁRIO MEIO;1.506,00;30/10/2025;04:44:00;20;1282-20
CO2;1282;CT-CO2-0;02938df5-6afb-d44e-582d-0b5eea40f8eb;51:88:0A:9E;0;AVIÁRIO MEIO;1.565,00;30/10/2025;04:50:05;20;1282-20
CO2;1282;CT-CO2-0;02938df5-6afb-d44e-582d-0b5eea40f8eb;51:88:0A:9E;0;AVIÁRIO MEIO;1.527,00;30/10/2025;04:54:37;20;1282-20
CO2;1282;CT-CO2-0;02938df5-6afb-d44e-582d-0b5eea40f8eb;51:88:0A:9E;0;AVIÁRIO MEIO;1.532,00;30/10/2025;05:00:09;20;1282-20
CO2;1282;CT-CO2-0;02938df5-6afb-d44e-582d-0b5eea40f8eb;51:88:0A:9E;0;AVIÁRIO MEIO;1.603,00;30/10/2025;05:05:41;20;1282-20
CO2;1282;CT-CO2-0;02938df5-6afb-d44e-582d-0b5eea40f8eb;51:88:0A:9E;0;AVIÁRIO MEIO;1.542,00;30/10/2025;05:10:43;20;1282-20
CO2;1282;CT-CO2-0;02938df5-6afb-d44e-582d-0b5eea40f8eb;51:88:0A:9E;0;AVIÁRIO MEIO;1.536,00;30/10/2025;05:16:15;20;1282-20
CO2;1282;CT-CO2-0;02938df5-6afb-d44e-582d-0b5eea40f8eb;51:88:0A:9E;0;AVIÁRIO MEIO;1.523,00;30/10/2025;05:21:47;20;1282-20
CO2;1282;CT-CO2-0;02938df5-6afb-d44e-582d-0b5eea40f8eb;51:88:0A:9E;0;AVIÁRIO MEIO;1.551,00;30/10/2025;05:27:18;20;1282-20
CO2;1282;CT-CO2-0;02938df5-6afb-d44e-582d-0b5eea40f8eb;51:88:0A:9E;0;AVIÁRIO MEIO;1.518,00;30/10/2025;05:32:21;20;1282-20
CO2;1282;CT-CO2-0;02938df5-6afb-d44e-582d-0b5eea40f8eb;51:88:0A:9E;0;AVIÁRIO MEIO;1.536,00;30/10/2025;05:37:52;20;1282-20
CO2;1282;CT-CO2-0;02938df5-6afb-d44e-582d-0b5eea40f8eb;51:88:0A:9E;0;AVIÁRIO MEIO;1.495,00;30/10/2025;05:43:24;20;1282-20
CO2;1282;CT-CO2-0;02938df5-6afb-d44e-582d-0b5eea40f8eb;51:88:0A:9E;0;AVIÁRIO MEIO;1.521,00;30/10/2025;05:48:26;20;1282-20
CO2;1282;CT-CO2-0;02938df5-6afb-d44e-582d-0b5eea40f8eb;51:88:0A:9E;0;AVIÁRIO MEIO;1.479,00;30/10/2025;05:53:58;20;1282-20
CO2;1282;CT-CO2-0;02938df5-6afb-d44e-582d-0b5eea40f8eb;51:88:0A:9E;0;AVIÁRIO MEIO;1.542,00;30/10/2025;06:00:02;20;1282-20
CO2;1282;CT-CO2-0;02938df5-6afb-d44e-582d-0b5eea40f8eb;51:88:0A:9E;0;AVIÁRIO MEIO;1.522,00;30/10/2025;06:05:04;20;1282-20
CO2;1282;CT-CO2-0;02938df5-6afb-d44e-582d-0b5eea40f8eb;51:88:0A:9E;0;AVIÁRIO MEIO;1.534,00;30/10/2025;06:10:06;20;1282-20
CO2;1282;CT-CO2-0;02938df5-6afb-d44e-582d-0b5eea40f8eb;51:88:0A:9E;0;AVIÁRIO MEIO;1.532,00;30/10/2025;06:15:38;20;1282-20
CO2;1282;CT-CO2-0;02938df5-6afb-d44e-582d-0b5eea40f8eb;51:88:0A:9E;0;AVIÁRIO MEIO;1.590,00;30/10/2025;06:21:11;20;1282-20
CO2;1282;CT-CO2-0;02938df5-6afb-d44e-582d-0b5eea40f8eb;51:88:0A:9E;0;AVIÁRIO MEIO;1.536,00;30/10/2025;06:26:13;20;1282-20
CO2;1282;CT-CO2-0;02938df5-6afb-d44e-582d-0b5eea40f8eb;51:88:0A:9E;0;AVIÁRIO MEIO;1.545,00;30/10/2025;06:31:44;20;1282-20
CO2;1282;CT-CO2-0;02938df5-6afb-d44e-582d-0b5eea40f8eb;51:88:0A:9E;0;AVIÁRIO MEIO;1.487,00;30/10/2025;06:37:16;20;1282-20
CO2;1282;CT-CO2-0;02938df5-6afb-d44e-582d-0b5eea40f8eb;51:88:0A:9E;0;AVIÁRIO MEIO;1.465,00;30/10/2025;06:42:18;20;1282-20
CO2;1282;CT-CO2-0;02938df5-6afb-d44e-582d-0b5eea40f8eb;51:88:0A:9E;0;AVIÁRIO MEIO;1.519,00;30/10/2025;06:47:50;20;1282-20
CO2;1282;CT-CO2-0;02938df5-6afb-d44e-582d-0b5eea40f8eb;51:88:0A:9E;0;AVIÁRIO MEIO;1.490,00;30/10/2025;06:53:23;20;1282-20
CO2;1282;CT-CO2-0;02938df5-6afb-d44e-582d-0b5eea40f8eb;51:88:0A:9E;0;AVIÁRIO MEIO;1.371,00;30/10/2025;06:58:56;20;1282-20
CO2;1282;CT-CO2-0;02938df5-6afb-d44e-582d-0b5eea40f8eb;51:88:0A:9E;0;AVIÁRIO MEIO;1.482,00;30/10/2025;07:03:59;20;1282-20
CO2;1282;CT-CO2-0;02938df5-6afb-d44e-582d-0b5eea40f8eb;51:88:0A:9E;0;AVIÁRIO MEIO;1.369,00;30/10/2025;07:10:03;20;1282-20
CO2;1282;CT-CO2-0;02938df5-6afb-d44e-582d-0b5eea40f8eb;51:88:0A:9E;0;AVIÁRIO MEIO;1.424,00;30/10/2025;07:15:05;20;1282-20
CO2;1282;CT-CO2-0;02938df5-6afb-d44e-582d-0b5eea40f8eb;51:88:0A:9E;0;AVIÁRIO MEIO;1.356,00;30/10/2025;07:20:07;20;1282-20
CO2;1282;CT-CO2-0;02938df5-6afb-d44e-582d-0b5eea40f8eb;51:88:0A:9E;0;AVIÁRIO MEIO;1.366,00;30/10/2025;07:31:11;20;1282-20
CO2;1282;CT-CO2-0;02938df5-6afb-d44e-582d-0b5eea40f8eb;51:88:0A:9E;0;AVIÁRIO MEIO;1.365,00;30/10/2025;07:36:13;20;1282-20
CO2;1282;CT-CO2-0;02938df5-6afb-d44e-582d-0b5eea40f8eb;51:88:0A:9E;0;AVIÁRIO MEIO;1.322,00;30/10/2025;07:41:45;20;1282-20
CO2;1282;CT-CO2-0;02938df5-6afb-d44e-582d-0b5eea40f8eb;51:88:0A:9E;0;AVIÁRIO MEIO;1.364,00;30/10/2025;07:47:18;20;1282-20
CO2;1282;CT-CO2-0;02938df5-6afb-d44e-582d-0b5eea40f8eb;51:88:0A:9E;0;AVIÁRIO MEIO;1.275,00;30/10/2025;07:52:50;20;1282-20
CO2;1282;CT-CO2-0;02938df5-6afb-d44e-582d-0b5eea40f8eb;51:88:0A:9E;0;AVIÁRIO MEIO;1.258,00;30/10/2025;07:57:54;20;1282-20
CO2;1282;CT-CO2-0;02938df5-6afb-d44e-582d-0b5eea40f8eb;51:88:0A:9E;0;AVIÁRIO MEIO;1.270,00;30/10/2025;08:03:26;20;1282-20
CO2;1282;CT-CO2-0;02938df5-6afb-d44e-582d-0b5eea40f8eb;51:88:0A:9E;0;AVIÁRIO MEIO;1.251,00;30/10/2025;08:08:57;20;1282-20
CO2;1282;CT-CO2-0;02938df5-6afb-d44e-582d-0b5eea40f8eb;51:88:0A:9E;0;AVIÁRIO MEIO;1.251,00;30/10/2025;08:13:59;20;1282-20
CO2;1282;CT-CO2-0;02938df5-6afb-d44e-582d-0b5eea40f8eb;51:88:0A:9E;0;AVIÁRIO MEIO;1.310,00;30/10/2025;08:20:03;20;1282-20
CO2;1282;CT-CO2-0;02938df5-6afb-d44e-582d-0b5eea40f8eb;51:88:0A:9E;0;AVIÁRIO MEIO;1.381,00;30/10/2025;08:25:05;20;1282-20
CO2;1282;CT-CO2-0;02938df5-6afb-d44e-582d-0b5eea40f8eb;51:88:0A:9E;0;AVIÁRIO MEIO;1.349,00;30/10/2025;08:30:08;20;1282-20
CO2;1282;CT-CO2-0;02938df5-6afb-d44e-582d-0b5eea40f8eb;51:88:0A:9E;0;AVIÁRIO MEIO;1.364,00;30/10/2025;08:35:41;20;1282-20
CO2;1282;CT-CO2-0;02938df5-6afb-d44e-582d-0b5eea40f8eb;51:88:0A:9E;0;AVIÁRIO MEIO;1.368,00;30/10/2025;08:41:13;20;1282-20
CO2;1282;CT-CO2-0;02938df5-6afb-d44e-582d-0b5eea40f8eb;51:88:0A:9E;0;AVIÁRIO MEIO;1.353,00;30/10/2025;08:46:45;20;1282-20
CO2;1282;CT-CO2-0;02938df5-6afb-d44e-582d-0b5eea40f8eb;51:88:0A:9E;0;AVIÁRIO MEIO;1.248,00;30/10/2025;08:51:46;20;1282-20
CO2;1282;CT-CO2-0;02938df5-6afb-d44e-582d-0b5eea40f8eb;51:88:0A:9E;0;AVIÁRIO MEIO;1.238,00;30/10/2025;08:57:18;20;1282-20
CO2;1282;CT-CO2-0;02938df5-6afb-d44e-582d-0b5eea40f8eb;51:88:0A:9E;0;AVIÁRIO MEIO;1.220,00;30/10/2025;09:02:50;20;1282-20
CO2;1282;CT-CO2-0;02938df5-6afb-d44e-582d-0b5eea40f8eb;51:88:0A:9E;0;AVIÁRIO MEIO;1.152,00;30/10/2025;09:07:52;20;1282-20
CO2;1282;CT-CO2-0;02938df5-6afb-d44e-582d-0b5eea40f8eb;51:88:0A:9E;0;AVIÁRIO MEIO;1.077,00;30/10/2025;09:13:24;20;1282-20
CO2;1282;CT-CO2-0;02938df5-6afb-d44e-582d-0b5eea40f8eb;51:88:0A:9E;0;AVIÁRIO MEIO;1.012,00;30/10/2025;09:18:56;20;1282-20
CO2;1282;CT-CO2-0;02938df5-6afb-d44e-582d-0b5eea40f8eb;51:88:0A:9E;0;AVIÁRIO MEIO;1.038,00;30/10/2025;09:23:58;20;1282-20
CO2;1282;CT-CO2-0;02938df5-6afb-d44e-582d-0b5eea40f8eb;51:88:0A:9E;0;AVIÁRIO MEIO;994,00;30/10/2025;09:30:02;20;1282-20
CO2;1282;CT-CO2-0;02938df5-6afb-d44e-582d-0b5eea40f8eb;51:88:0A:9E;0;AVIÁRIO MEIO;987,00;30/10/2025;09:35:04;20;1282-20
CO2;1282;CT-CO2-0;02938df5-6afb-d44e-582d-0b5eea40f8eb;51:88:0A:9E;0;AVIÁRIO MEIO;973,00;30/10/2025;09:40:36;20;1282-20
CO2;1282;CT-CO2-0;02938df5-6afb-d44e-582d-0b5eea40f8eb;51:88:0A:9E;0;AVIÁRIO MEIO;1.041,00;30/10/2025;09:45:38;20;1282-20
CO2;1282;CT-CO2-0;02938df5-6afb-d44e-582d-0b5eea40f8eb;51:88:0A:9E;0;AVIÁRIO MEIO;1.021,00;30/10/2025;09:51:11;20;1282-20
CO2;1282;CT-CO2-0;02938df5-6afb-d44e-582d-0b5eea40f8eb;51:88:0A:9E;0;AVIÁRIO MEIO;1.013,00;30/10/2025;09:56:43;20;1282-20
CO2;1282;CT-CO2-0;02938df5-6afb-d44e-582d-0b5eea40f8eb;51:88:0A:9E;0;AVIÁRIO MEIO;1.090,00;30/10/2025;10:01:46;20;1282-20
CO2;1282;CT-CO2-0;02938df5-6afb-d44e-582d-0b5eea40f8eb;51:88:0A:9E;0;AVIÁRIO MEIO;1.059,00;30/10/2025;10:07:19;20;1282-20
CO2;1282;CT-CO2-0;02938df5-6afb-d44e-582d-0b5eea40f8eb;51:88:0A:9E;0;AVIÁRIO MEIO;1.074,00;30/10/2025;10:12:51;20;1282-20
CO2;1282;CT-CO2-0;02938df5-6afb-d44e-582d-0b5eea40f8eb;51:88:0A:9E;0;AVIÁRIO MEIO;1.115,00;30/10/2025;10:17:53;20;1282-20
CO2;1282;CT-CO2-0;02938df5-6afb-d44e-582d-0b5eea40f8eb;51:88:0A:9E;0;AVIÁRIO MEIO;1.114,00;30/10/2025;10:23:30;20;1282-20
CO2;1282;CT-CO2-0;02938df5-6afb-d44e-582d-0b5eea40f8eb;51:88:0A:9E;0;AVIÁRIO MEIO;1.061,00;30/10/2025;10:29:02;20;1282-20
CO2;1282;CT-CO2-0;02938df5-6afb-d44e-582d-0b5eea40f8eb;51:88:0A:9E;0;AVIÁRIO MEIO;1.073,00;30/10/2025;10:34:04;20;1282-20
CO2;1282;CT-CO2-0;02938df5-6afb-d44e-582d-0b5eea40f8eb;51:88:0A:9E;0;AVIÁRIO MEIO;1.091,00;30/10/2025;10:40:09;20;1282-20
CO2;1282;CT-CO2-0;02938df5-6afb-d44e-582d-0b5eea40f8eb;51:88:0A:9E;0;AVIÁRIO MEIO;1.084,00;30/10/2025;10:45:10;20;1282-20
CO2;1282;CT-CO2-0;02938df5-6afb-d44e-582d-0b5eea40f8eb;51:88:0A:9E;0;AVIÁRIO MEIO;1.097,00;30/10/2025;10:50:12;20;1282-20
CO2;1282;CT-CO2-0;02938df5-6afb-d44e-582d-0b5eea40f8eb;51:88:0A:9E;0;AVIÁRIO MEIO;1.066,00;30/10/2025;10:55:45;20;1282-20
CO2;1282;CT-CO2-0;02938df5-6afb-d44e-582d-0b5eea40f8eb;51:88:0A:9E;0;AVIÁRIO MEIO;1.029,00;30/10/2025;11:01:17;20;1282-20
CO2;1282;CT-CO2-0;02938df5-6afb-d44e-582d-0b5eea40f8eb;51:88:0A:9E;0;AVIÁRIO MEIO;1.068,00;30/10/2025;11:06:48;20;1282-20
CO2;1282;CT-CO2-0;02938df5-6afb-d44e-582d-0b5eea40f8eb;51:88:0A:9E;0;AVIÁRIO MEIO;1.042,00;30/10/2025;11:11:50;20;1282-20
CO2;1282;CT-CO2-0;02938df5-6afb-d44e-582d-0b5eea40f8eb;51:88:0A:9E;0;AVIÁRIO MEIO;1.033,00;30/10/2025;11:17:22;20;1282-20
CO2;1282;CT-CO2-0;02938df5-6afb-d44e-582d-0b5eea40f8eb;51:88:0A:9E;0;AVIÁRIO MEIO;1.052,00;30/10/2025;11:22:55;20;1282-20
CO2;1282;CT-CO2-0;02938df5-6afb-d44e-582d-0b5eea40f8eb;51:88:0A:9E;0;AVIÁRIO MEIO;1.031,00;30/10/2025;11:27:57;20;1282-20
CO2;1282;CT-CO2-0;02938df5-6afb-d44e-582d-0b5eea40f8eb;51:88:0A:9E;0;AVIÁRIO MEIO;1.017,00;30/10/2025;11:33:29;20;1282-20
CO2;1282;CT-CO2-0;02938df5-6afb-d44e-582d-0b5eea40f8eb;51:88:0A:9E;0;AVIÁRIO MEIO;973,00;30/10/2025;11:39:02;20;1282-20
CO2;1282;CT-CO2-0;02938df5-6afb-d44e-582d-0b5eea40f8eb;51:88:0A:9E;0;AVIÁRIO MEIO;1.028,00;30/10/2025;11:44:05;20;1282-20
CO2;1282;CT-CO2-0;02938df5-6afb-d44e-582d-0b5eea40f8eb;51:88:0A:9E;0;AVIÁRIO MEIO;902,00;30/10/2025;11:50:10;20;1282-20
CO2;1282;CT-CO2-0;02938df5-6afb-d44e-582d-0b5eea40f8eb;51:88:0A:9E;0;AVIÁRIO MEIO;954,00;30/10/2025;11:55:12;20;1282-20
CO2;1282;CT-CO2-0;02938df5-6afb-d44e-582d-0b5eea40f8eb;51:88:0A:9E;0;AVIÁRIO MEIO;835,00;30/10/2025;12:00:14;20;1282-20
CO2;1282;CT-CO2-0;02938df5-6afb-d44e-582d-0b5eea40f8eb;51:88:0A:9E;0;AVIÁRIO MEIO;860,00;30/10/2025;12:05:46;20;1282-20
CO2;1282;CT-CO2-0;02938df5-6afb-d44e-582d-0b5eea40f8eb;51:88:0A:9E;0;AVIÁRIO MEIO;839,00;30/10/2025;12:11:18;20;1282-20
CO2;1282;CT-CO2-0;02938df5-6afb-d44e-582d-0b5eea40f8eb;51:88:0A:9E;0;AVIÁRIO MEIO;746,00;30/10/2025;12:16:50;20;1282-20
CO2;1282;CT-CO2-0;02938df5-6afb-d44e-582d-0b5eea40f8eb;51:88:0A:9E;0;AVIÁRIO MEIO;828,00;30/10/2025;12:21:51;20;1282-20
CO2;1282;CT-CO2-0;02938df5-6afb-d44e-582d-0b5eea40f8eb;51:88:0A:9E;0;AVIÁRIO MEIO;700,00;30/10/2025;12:27:23;20;1282-20
CO2;1282;CT-CO2-0;02938df5-6afb-d44e-582d-0b5eea40f8eb;51:88:0A:9E;0;AVIÁRIO MEIO;673,00;30/10/2025;12:32:55;20;1282-20
CO2;1282;CT-CO2-0;02938df5-6afb-d44e-582d-0b5eea40f8eb;51:88:0A:9E;0;AVIÁRIO MEIO;782,00;30/10/2025;12:37:57;20;1282-20
CO2;1282;CT-CO2-0;02938df5-6afb-d44e-582d-0b5eea40f8eb;51:88:0A:9E;0;AVIÁRIO MEIO;747,00;30/10/2025;12:43:34;20;1282-20
CO2;1282;CT-CO2-0;02938df5-6afb-d44e-582d-0b5eea40f8eb;51:88:0A:9E;0;AVIÁRIO MEIO;680,00;30/10/2025;12:49:06;20;1282-20
CO2;1282;CT-CO2-0;02938df5-6afb-d44e-582d-0b5eea40f8eb;51:88:0A:9E;0;AVIÁRIO MEIO;676,00;30/10/2025;12:54:09;20;1282-20
CO2;1282;CT-CO2-0;02938df5-6afb-d44e-582d-0b5eea40f8eb;51:88:0A:9E;0;AVIÁRIO MEIO;672,00;30/10/2025;13:00:13;20;1282-20
CO2;1282;CT-CO2-0;02938df5-6afb-d44e-582d-0b5eea40f8eb;51:88:0A:9E;0;AVIÁRIO MEIO;666,00;30/10/2025;13:05:15;20;1282-20
CO2;1282;CT-CO2-0;02938df5-6afb-d44e-582d-0b5eea40f8eb;51:88:0A:9E;0;AVIÁRIO MEIO;679,00;30/10/2025;13:15:51;20;1282-20
CO2;1282;CT-CO2-0;02938df5-6afb-d44e-582d-0b5eea40f8eb;51:88:0A:9E;0;AVIÁRIO MEIO;677,00;30/10/2025;13:21:24;20;1282-20
CO2;1282;CT-CO2-0;02938df5-6afb-d44e-582d-0b5eea40f8eb;51:88:0A:9E;0;AVIÁRIO MEIO;673,00;30/10/2025;13:26:56;20;1282-20
CO2;1282;CT-CO2-0;02938df5-6afb-d44e-582d-0b5eea40f8eb;51:88:0A:9E;0;AVIÁRIO MEIO;678,00;30/10/2025;13:31:58;20;1282-20
CO2;1282;CT-CO2-0;02938df5-6afb-d44e-582d-0b5eea40f8eb;51:88:0A:9E;0;AVIÁRIO MEIO;683,00;30/10/2025;13:37:31;20;1282-20
CO2;1282;CT-CO2-0;02938df5-6afb-d44e-582d-0b5eea40f8eb;51:88:0A:9E;0;AVIÁRIO MEIO;660,00;30/10/2025;13:43:04;20;1282-20
CO2;1282;CT-CO2-0;02938df5-6afb-d44e-582d-0b5eea40f8eb;51:88:0A:9E;0;AVIÁRIO MEIO;667,00;30/10/2025;13:48:06;20;1282-20
CO2;1282;CT-CO2-0;02938df5-6afb-d44e-582d-0b5eea40f8eb;51:88:0A:9E;0;AVIÁRIO MEIO;667,00;30/10/2025;13:53:38;20;1282-20
CO2;1282;CT-CO2-0;02938df5-6afb-d44e-582d-0b5eea40f8eb;51:88:0A:9E;0;AVIÁRIO MEIO;657,00;30/10/2025;13:59:10;20;1282-20
CO2;1282;CT-CO2-0;02938df5-6afb-d44e-582d-0b5eea40f8eb;51:88:0A:9E;0;AVIÁRIO MEIO;661,00;30/10/2025;14:04:12;20;1282-20
CO2;1282;CT-CO2-0;02938df5-6afb-d44e-582d-0b5eea40f8eb;51:88:0A:9E;0;AVIÁRIO MEIO;665,00;30/10/2025;14:10:21;20;1282-20
CO2;1282;CT-CO2-0;02938df5-6afb-d44e-582d-0b5eea40f8eb;51:88:0A:9E;0;AVIÁRIO MEIO;666,00;30/10/2025;14:20:29;20;1282-20
CO2;1282;CT-CO2-0;02938df5-6afb-d44e-582d-0b5eea40f8eb;51:88:0A:9E;0;AVIÁRIO MEIO;664,00;30/10/2025;14:26:00;20;1282-20
CO2;1282;CT-CO2-0;02938df5-6afb-d44e-582d-0b5eea40f8eb;51:88:0A:9E;0;AVIÁRIO MEIO;670,00;30/10/2025;14:31:32;20;1282-20
CO2;1282;CT-CO2-0;02938df5-6afb-d44e-582d-0b5eea40f8eb;51:88:0A:9E;0;AVIÁRIO MEIO;669,00;30/10/2025;14:36:34;20;1282-20
CO2;1282;CT-CO2-0;02938df5-6afb-d44e-582d-0b5eea40f8eb;51:88:0A:9E;0;AVIÁRIO MEIO;669,00;30/10/2025;14:42:07;20;1282-20
CO2;1282;CT-CO2-0;02938df5-6afb-d44e-582d-0b5eea40f8eb;51:88:0A:9E;0;AVIÁRIO MEIO;661,00;30/10/2025;14:47:40;20;1282-20
CO2;1282;CT-CO2-0;02938df5-6afb-d44e-582d-0b5eea40f8eb;51:88:0A:9E;0;AVIÁRIO MEIO;668,00;30/10/2025;14:52:42;20;1282-20
CO2;1282;CT-CO2-0;02938df5-6afb-d44e-582d-0b5eea40f8eb;51:88:0A:9E;0;AVIÁRIO MEIO;689,00;30/10/2025;14:58:14;20;1282-20
CO2;1282;CT-CO2-0;02938df5-6afb-d44e-582d-0b5eea40f8eb;51:88:0A:9E;0;AVIÁRIO MEIO;683,00;30/10/2025;15:03:46;20;1282-20
CO2;1282;CT-CO2-0;02938df5-6afb-d44e-582d-0b5eea40f8eb;51:88:0A:9E;0;AVIÁRIO MEIO;674,00;30/10/2025;15:08:48;20;1282-20
CO2;1282;CT-CO2-0;02938df5-6afb-d44e-582d-0b5eea40f8eb;51:88:0A:9E;0;AVIÁRIO MEIO;665,00;30/10/2025;15:14:20;20;1282-20
CO2;1282;CT-CO2-0;02938df5-6afb-d44e-582d-0b5eea40f8eb;51:88:0A:9E;0;AVIÁRIO MEIO;658,00;30/10/2025;15:20:24;20;1282-20
CO2;1282;CT-CO2-0;02938df5-6afb-d44e-582d-0b5eea40f8eb;51:88:0A:9E;0;AVIÁRIO MEIO;677,00;30/10/2025;15:24:56;20;1282-20
CO2;1282;CT-CO2-0;02938df5-6afb-d44e-582d-0b5eea40f8eb;51:88:0A:9E;0;AVIÁRIO MEIO;669,00;30/10/2025;15:30:28;20;1282-20
CO2;1282;CT-CO2-0;02938df5-6afb-d44e-582d-0b5eea40f8eb;51:88:0A:9E;0;AVIÁRIO MEIO;655,00;30/10/2025;15:36:01;20;1282-20
CO2;1282;CT-CO2-0;02938df5-6afb-d44e-582d-0b5eea40f8eb;51:88:0A:9E;0;AVIÁRIO MEIO;669,00;30/10/2025;15:41:03;20;1282-20
CO2;1282;CT-CO2-0;02938df5-6afb-d44e-582d-0b5eea40f8eb;51:88:0A:9E;0;AVIÁRIO MEIO;681,00;30/10/2025;15:46:35;20;1282-20
CO2;1282;CT-CO2-0;02938df5-6afb-d44e-582d-0b5eea40f8eb;51:88:0A:9E;0;AVIÁRIO MEIO;678,00;30/10/2025;15:52:07;20;1282-20
CO2;1282;CT-CO2-0;02938df5-6afb-d44e-582d-0b5eea40f8eb;51:88:0A:9E;0;AVIÁRIO MEIO;677,00;30/10/2025;15:57:08;20;1282-20
CO2;1282;CT-CO2-0;02938df5-6afb-d44e-582d-0b5eea40f8eb;51:88:0A:9E;0;AVIÁRIO MEIO;665,00;30/10/2025;16:02:41;20;1282-20
CO2;1282;CT-CO2-0;02938df5-6afb-d44e-582d-0b5eea40f8eb;51:88:0A:9E;0;AVIÁRIO MEIO;659,00;30/10/2025;16:08:13;20;1282-20
CO2;1282;CT-CO2-0;02938df5-6afb-d44e-582d-0b5eea40f8eb;51:88:0A:9E;0;AVIÁRIO MEIO;663,00;30/10/2025;16:13:15;20;1282-20
CO2;1282;CT-CO2-0;02938df5-6afb-d44e-582d-0b5eea40f8eb;51:88:0A:9E;0;AVIÁRIO MEIO;653,00;30/10/2025;16:18:47;20;1282-20
CO2;1282;CT-CO2-0;02938df5-6afb-d44e-582d-0b5eea40f8eb;51:88:0A:9E;0;AVIÁRIO MEIO;667,00;30/10/2025;16:24:19;20;1282-20
CO2;1282;CT-CO2-0;02938df5-6afb-d44e-582d-0b5eea40f8eb;51:88:0A:9E;0;AVIÁRIO MEIO;672,00;30/10/2025;16:29:54;20;1282-20
CO2;1282;CT-CO2-0;02938df5-6afb-d44e-582d-0b5eea40f8eb;51:88:0A:9E;0;AVIÁRIO MEIO;670,00;30/10/2025;16:34:55;20;1282-20
CO2;1282;CT-CO2-0;02938df5-6afb-d44e-582d-0b5eea40f8eb;51:88:0A:9E;0;AVIÁRIO MEIO;663,00;30/10/2025;16:39:57;20;1282-20
CO2;1282;CT-CO2-0;02938df5-6afb-d44e-582d-0b5eea40f8eb;51:88:0A:9E;0;AVIÁRIO MEIO;844,00;30/10/2025;16:45:29;20;1282-20
CO2;1282;CT-CO2-0;02938df5-6afb-d44e-582d-0b5eea40f8eb;51:88:0A:9E;0;AVIÁRIO MEIO;842,00;30/10/2025;16:51:01;20;1282-20
CO2;1282;CT-CO2-0;02938df5-6afb-d44e-582d-0b5eea40f8eb;51:88:0A:9E;0;AVIÁRIO MEIO;1.062,00;30/10/2025;17:01:35;20;1282-20
CO2;1282;CT-CO2-0;02938df5-6afb-d44e-582d-0b5eea40f8eb;51:88:0A:9E;0;AVIÁRIO MEIO;1.073,00;30/10/2025;17:07:07;20;1282-20
CO2;1282;CT-CO2-0;02938df5-6afb-d44e-582d-0b5eea40f8eb;51:88:0A:9E;0;AVIÁRIO MEIO;1.074,00;30/10/2025;17:12:40;20;1282-20
CO2;1282;CT-CO2-0;02938df5-6afb-d44e-582d-0b5eea40f8eb;51:88:0A:9E;0;AVIÁRIO MEIO;1.071,00;30/10/2025;17:17:42;20;1282-20
CO2;1282;CT-CO2-0;02938df5-6afb-d44e-582d-0b5eea40f8eb;51:88:0A:9E;0;AVIÁRIO MEIO;1.080,00;30/10/2025;17:23:15;20;1282-20
CO2;1282;CT-CO2-0;02938df5-6afb-d44e-582d-0b5eea40f8eb;51:88:0A:9E;0;AVIÁRIO MEIO;1.036,00;30/10/2025;17:28:47;20;1282-20
CO2;1282;CT-CO2-0;02938df5-6afb-d44e-582d-0b5eea40f8eb;51:88:0A:9E;0;AVIÁRIO MEIO;1.034,00;30/10/2025;17:33:49;20;1282-20
CO2;1282;CT-CO2-0;02938df5-6afb-d44e-582d-0b5eea40f8eb;51:88:0A:9E;0;AVIÁRIO MEIO;1.019,00;30/10/2025;17:39:54;20;1282-20
CO2;1282;CT-CO2-0;02938df5-6afb-d44e-582d-0b5eea40f8eb;51:88:0A:9E;0;AVIÁRIO MEIO;1.031,00;30/10/2025;17:44:56;20;1282-20
CO2;1282;CT-CO2-0;02938df5-6afb-d44e-582d-0b5eea40f8eb;51:88:0A:9E;0;AVIÁRIO MEIO;1.031,00;30/10/2025;17:49:58;20;1282-20
CO2;1282;CT-CO2-0;02938df5-6afb-d44e-582d-0b5eea40f8eb;51:88:0A:9E;0;AVIÁRIO MEIO;1.041,00;30/10/2025;17:55:30;20;1282-20
CO2;1282;CT-CO2-0;02938df5-6afb-d44e-582d-0b5eea40f8eb;51:88:0A:9E;0;AVIÁRIO MEIO;1.098,00;30/10/2025;18:01:02;20;1282-20
CO2;1282;CT-CO2-0;02938df5-6afb-d44e-582d-0b5eea40f8eb;51:88:0A:9E;0;AVIÁRIO MEIO;1.061,00;30/10/2025;18:06:04;20;1282-20
CO2;1282;CT-CO2-0;02938df5-6afb-d44e-582d-0b5eea40f8eb;51:88:0A:9E;0;AVIÁRIO MEIO;1.086,00;30/10/2025;18:11:36;20;1282-20
CO2;1282;CT-CO2-0;02938df5-6afb-d44e-582d-0b5eea40f8eb;51:88:0A:9E;0;AVIÁRIO MEIO;1.057,00;30/10/2025;18:17:08;20;1282-20
CO2;1282;CT-CO2-0;02938df5-6afb-d44e-582d-0b5eea40f8eb;51:88:0A:9E;0;AVIÁRIO MEIO;1.097,00;30/10/2025;18:22:40;20;1282-20
CO2;1282;CT-CO2-0;02938df5-6afb-d44e-582d-0b5eea40f8eb;51:88:0A:9E;0;AVIÁRIO MEIO;1.123,00;30/10/2025;18:27:43;20;1282-20
CO2;1282;CT-CO2-0;02938df5-6afb-d44e-582d-0b5eea40f8eb;51:88:0A:9E;0;AVIÁRIO MEIO;1.055,00;30/10/2025;18:33:16;20;1282-20
CO2;1282;CT-CO2-0;02938df5-6afb-d44e-582d-0b5eea40f8eb;51:88:0A:9E;0;AVIÁRIO MEIO;1.110,00;30/10/2025;18:38:48;20;1282-20
CO2;1282;CT-CO2-0;02938df5-6afb-d44e-582d-0b5eea40f8eb;51:88:0A:9E;0;AVIÁRIO MEIO;1.062,00;30/10/2025;18:43:50;20;1282-20
CO2;1282;CT-CO2-0;02938df5-6afb-d44e-582d-0b5eea40f8eb;51:88:0A:9E;0;AVIÁRIO MEIO;1.145,00;30/10/2025;18:49:55;20;1282-20
CO2;1282;CT-CO2-0;02938df5-6afb-d44e-582d-0b5eea40f8eb;51:88:0A:9E;0;AVIÁRIO MEIO;1.075,00;30/10/2025;18:54:58;20;1282-20
CO2;1282;CT-CO2-0;02938df5-6afb-d44e-582d-0b5eea40f8eb;51:88:0A:9E;0;AVIÁRIO MEIO;1.220,00;30/10/2025;19:00:00;20;1282-20
CO2;1282;CT-CO2-0;02938df5-6afb-d44e-582d-0b5eea40f8eb;51:88:0A:9E;0;AVIÁRIO MEIO;1.089,00;30/10/2025;19:05:33;20;1282-20
CO2;1282;CT-CO2-0;02938df5-6afb-d44e-582d-0b5eea40f8eb;51:88:0A:9E;0;AVIÁRIO MEIO;1.149,00;30/10/2025;19:16:12;20;1282-20
CO2;1282;CT-CO2-0;02938df5-6afb-d44e-582d-0b5eea40f8eb;51:88:0A:9E;0;AVIÁRIO MEIO;1.162,00;30/10/2025;19:21:44;20;1282-20
CO2;1282;CT-CO2-0;02938df5-6afb-d44e-582d-0b5eea40f8eb;51:88:0A:9E;0;AVIÁRIO MEIO;1.195,00;30/10/2025;19:26:46;20;1282-20
CO2;1282;CT-CO2-0;02938df5-6afb-d44e-582d-0b5eea40f8eb;51:88:0A:9E;0;AVIÁRIO MEIO;1.195,00;30/10/2025;19:32:18;20;1282-20
CO2;1282;CT-CO2-0;02938df5-6afb-d44e-582d-0b5eea40f8eb;51:88:0A:9E;0;AVIÁRIO MEIO;1.214,00;30/10/2025;19:37:51;20;1282-20
CO2;1282;CT-CO2-0;02938df5-6afb-d44e-582d-0b5eea40f8eb;51:88:0A:9E;0;AVIÁRIO MEIO;1.170,00;30/10/2025;19:43:23;20;1282-20
CO2;1282;CT-CO2-0;02938df5-6afb-d44e-582d-0b5eea40f8eb;51:88:0A:9E;0;AVIÁRIO MEIO;1.179,00;30/10/2025;19:48:25;20;1282-20
CO2;1282;CT-CO2-0;02938df5-6afb-d44e-582d-0b5eea40f8eb;51:88:0A:9E;0;AVIÁRIO MEIO;1.208,00;30/10/2025;19:53:57;20;1282-20
CO2;1282;CT-CO2-0;02938df5-6afb-d44e-582d-0b5eea40f8eb;51:88:0A:9E;0;AVIÁRIO MEIO;1.139,00;30/10/2025;20:00:00;20;1282-20
CO2;1282;CT-CO2-0;02938df5-6afb-d44e-582d-0b5eea40f8eb;51:88:0A:9E;0;AVIÁRIO MEIO;1.197,00;30/10/2025;20:04:33;20;1282-20
CO2;1282;CT-CO2-0;02938df5-6afb-d44e-582d-0b5eea40f8eb;51:88:0A:9E;0;AVIÁRIO MEIO;1.121,00;30/10/2025;20:10:05;20;1282-20
CO2;1282;CT-CO2-0;02938df5-6afb-d44e-582d-0b5eea40f8eb;51:88:0A:9E;0;AVIÁRIO MEIO;1.171,00;30/10/2025;20:15:38;20;1282-20
CO2;1282;CT-CO2-0;02938df5-6afb-d44e-582d-0b5eea40f8eb;51:88:0A:9E;0;AVIÁRIO MEIO;1.138,00;30/10/2025;20:20:40;20;1282-20
CO2;1282;CT-CO2-0;02938df5-6afb-d44e-582d-0b5eea40f8eb;51:88:0A:9E;0;AVIÁRIO MEIO;1.203,00;30/10/2025;20:26:12;20;1282-20
CO2;1282;CT-CO2-0;02938df5-6afb-d44e-582d-0b5eea40f8eb;51:88:0A:9E;0;AVIÁRIO MEIO;1.201,00;30/10/2025;20:31:44;20;1282-20
CO2;1282;CT-CO2-0;02938df5-6afb-d44e-582d-0b5eea40f8eb;51:88:0A:9E;0;AVIÁRIO MEIO;1.183,00;30/10/2025;20:36:46;20;1282-20
CO2;1282;CT-CO2-0;02938df5-6afb-d44e-582d-0b5eea40f8eb;51:88:0A:9E;0;AVIÁRIO MEIO;1.176,00;30/10/2025;20:42:23;20;1282-20
CO2;1282;CT-CO2-0;02938df5-6afb-d44e-582d-0b5eea40f8eb;51:88:0A:9E;0;AVIÁRIO MEIO;1.244,00;30/10/2025;20:47:55;20;1282-20
CO2;1282;CT-CO2-0;02938df5-6afb-d44e-582d-0b5eea40f8eb;51:88:0A:9E;0;AVIÁRIO MEIO;1.232,00;30/10/2025;20:52:57;20;1282-20
CO2;1282;CT-CO2-0;02938df5-6afb-d44e-582d-0b5eea40f8eb;51:88:0A:9E;0;AVIÁRIO MEIO;1.195,00;30/10/2025;20:58:30;20;1282-20
CO2;1282;CT-CO2-0;02938df5-6afb-d44e-582d-0b5eea40f8eb;51:88:0A:9E;0;AVIÁRIO MEIO;1.204,00;30/10/2025;21:06:33;20;1282-20
CO2;1282;CT-CO2-0;02938df5-6afb-d44e-582d-0b5eea40f8eb;51:88:0A:9E;0;AVIÁRIO MEIO;1.203,00;30/10/2025;21:11:45;20;1282-20
CO2;1282;CT-CO2-0;02938df5-6afb-d44e-582d-0b5eea40f8eb;51:88:0A:9E;0;AVIÁRIO MEIO;1.270,00;30/10/2025;21:17:17;20;1282-20
CO2;1282;CT-CO2-0;02938df5-6afb-d44e-582d-0b5eea40f8eb;51:88:0A:9E;0;AVIÁRIO MEIO;1.230,00;30/10/2025;21:22:20;20;1282-20
CO2;1282;CT-CO2-0;02938df5-6afb-d44e-582d-0b5eea40f8eb;51:88:0A:9E;0;AVIÁRIO MEIO;1.230,00;30/10/2025;21:27:52;20;1282-20
CO2;1282;CT-CO2-0;02938df5-6afb-d44e-582d-0b5eea40f8eb;51:88:0A:9E;0;AVIÁRIO MEIO;1.253,00;30/10/2025;21:33:24;20;1282-20
CO2;1282;CT-CO2-0;02938df5-6afb-d44e-582d-0b5eea40f8eb;51:88:0A:9E;0;AVIÁRIO MEIO;1.238,00;30/10/2025;21:38:26;20;1282-20
CO2;1282;CT-CO2-0;02938df5-6afb-d44e-582d-0b5eea40f8eb;51:88:0A:9E;0;AVIÁRIO MEIO;1.153,00;30/10/2025;21:43:58;20;1282-20
CO2;1282;CT-CO2-0;02938df5-6afb-d44e-582d-0b5eea40f8eb;51:88:0A:9E;0;AVIÁRIO MEIO;1.214,00;30/10/2025;21:49:30;20;1282-20
CO2;1282;CT-CO2-0;02938df5-6afb-d44e-582d-0b5eea40f8eb;51:88:0A:9E;0;AVIÁRIO MEIO;1.186,00;30/10/2025;21:54:32;20;1282-20
CO2;1282;CT-CO2-0;02938df5-6afb-d44e-582d-0b5eea40f8eb;51:88:0A:9E;0;AVIÁRIO MEIO;1.221,00;30/10/2025;22:00:04;20;1282-20
CO2;1282;CT-CO2-0;02938df5-6afb-d44e-582d-0b5eea40f8eb;51:88:0A:9E;0;AVIÁRIO MEIO;1.262,00;30/10/2025;22:10:41;20;1282-20
CO2;1282;CT-CO2-0;02938df5-6afb-d44e-582d-0b5eea40f8eb;51:88:0A:9E;0;AVIÁRIO MEIO;1.184,00;30/10/2025;22:16:44;20;1282-20
CO2;1282;CT-CO2-0;02938df5-6afb-d44e-582d-0b5eea40f8eb;51:88:0A:9E;0;AVIÁRIO MEIO;1.211,00;30/10/2025;22:21:46;20;1282-20
CO2;1282;CT-CO2-0;02938df5-6afb-d44e-582d-0b5eea40f8eb;51:88:0A:9E;0;AVIÁRIO MEIO;1.252,00;30/10/2025;22:27:18;20;1282-20
CO2;1282;CT-CO2-0;02938df5-6afb-d44e-582d-0b5eea40f8eb;51:88:0A:9E;0;AVIÁRIO MEIO;1.314,00;30/10/2025;22:32:20;20;1282-20
CO2;1282;CT-CO2-0;02938df5-6afb-d44e-582d-0b5eea40f8eb;51:88:0A:9E;0;AVIÁRIO MEIO;1.218,00;30/10/2025;22:37:52;20;1282-20
CO2;1282;CT-CO2-0;02938df5-6afb-d44e-582d-0b5eea40f8eb;51:88:0A:9E;0;AVIÁRIO MEIO;1.263,00;30/10/2025;22:43:24;20;1282-20
CO2;1282;CT-CO2-0;02938df5-6afb-d44e-582d-0b5eea40f8eb;51:88:0A:9E;0;AVIÁRIO MEIO;1.239,00;30/10/2025;22:48:28;20;1282-20
CO2;1282;CT-CO2-0;02938df5-6afb-d44e-582d-0b5eea40f8eb;51:88:0A:9E;0;AVIÁRIO MEIO;1.180,00;30/10/2025;22:54:01;20;1282-20
CO2;1282;CT-CO2-0;02938df5-6afb-d44e-582d-0b5eea40f8eb;51:88:0A:9E;0;AVIÁRIO MEIO;1.160,00;30/10/2025;22:59:32;20;1282-20
CO2;1282;CT-CO2-0;02938df5-6afb-d44e-582d-0b5eea40f8eb;51:88:0A:9E;0;AVIÁRIO MEIO;1.177,00;30/10/2025;23:04:35;20;1282-20
CO2;1282;CT-CO2-0;02938df5-6afb-d44e-582d-0b5eea40f8eb;51:88:0A:9E;0;AVIÁRIO MEIO;1.153,00;30/10/2025;23:10:07;20;1282-20
CO2;1282;CT-CO2-0;02938df5-6afb-d44e-582d-0b5eea40f8eb;51:88:0A:9E;0;AVIÁRIO MEIO;1.188,00;30/10/2025;23:15:39;20;1282-20
CO2;1282;CT-CO2-0;02938df5-6afb-d44e-582d-0b5eea40f8eb;51:88:0A:9E;0;AVIÁRIO MEIO;1.156,00;30/10/2025;23:20:41;20;1282-20
CO2;1282;CT-CO2-0;02938df5-6afb-d44e-582d-0b5eea40f8eb;51:88:0A:9E;0;AVIÁRIO MEIO;1.247,00;30/10/2025;23:26:44;20;1282-20
CO2;1282;CT-CO2-0;02938df5-6afb-d44e-582d-0b5eea40f8eb;51:88:0A:9E;0;AVIÁRIO MEIO;1.267,00;30/10/2025;23:31:47;20;1282-20
CO2;1282;CT-CO2-0;02938df5-6afb-d44e-582d-0b5eea40f8eb;51:88:0A:9E;0;AVIÁRIO MEIO;1.218,00;30/10/2025;23:37:18;20;1282-20
CO2;1282;CT-CO2-0;02938df5-6afb-d44e-582d-0b5eea40f8eb;51:88:0A:9E;0;AVIÁRIO MEIO;1.273,00;30/10/2025;23:42:20;20;1282-20
CO2;1282;CT-CO2-0;02938df5-6afb-d44e-582d-0b5eea40f8eb;51:88:0A:9E;0;AVIÁRIO MEIO;1.254,00;30/10/2025;23:47:52;20;1282-20
CO2;1282;CT-CO2-0;02938df5-6afb-d44e-582d-0b5eea40f8eb;51:88:0A:9E;0;AVIÁRIO MEIO;1.294,00;30/10/2025;23:53:24;20;1282-20
CO2;1282;CT-CO2-0;02938df5-6afb-d44e-582d-0b5eea40f8eb;51:88:0A:9E;0;AVIÁRIO MEIO;1.235,00;30/10/2025;23:58:28;20;1282-20
CO2;1282;CT-CO2-0;02938df5-6afb-d44e-582d-0b5eea40f8eb;51:88:0A:9E;0;AVIÁRIO MEIO;1.218,00;31/10/2025;00:04:00;20;1282-20
CO2;1282;CT-CO2-0;02938df5-6afb-d44e-582d-0b5eea40f8eb;51:88:0A:9E;0;AVIÁRIO MEIO;1.235,00;31/10/2025;00:09:32;20;1282-20
CO2;1282;CT-CO2-0;02938df5-6afb-d44e-582d-0b5eea40f8eb;51:88:0A:9E;0;AVIÁRIO MEIO;1.226,00;31/10/2025;00:14:34;20;1282-20
CO2;1282;CT-CO2-0;02938df5-6afb-d44e-582d-0b5eea40f8eb;51:88:0A:9E;0;AVIÁRIO MEIO;1.228,00;31/10/2025;00:20:08;20;1282-20
CO2;1282;CT-CO2-0;02938df5-6afb-d44e-582d-0b5eea40f8eb;51:88:0A:9E;0;AVIÁRIO MEIO;1.285,00;31/10/2025;00:25:42;20;1282-20
CO2;1282;CT-CO2-0;02938df5-6afb-d44e-582d-0b5eea40f8eb;51:88:0A:9E;0;AVIÁRIO MEIO;1.232,00;31/10/2025;00:30:44;20;1282-20
CO2;1282;CT-CO2-0;02938df5-6afb-d44e-582d-0b5eea40f8eb;51:88:0A:9E;0;AVIÁRIO MEIO;1.281,00;31/10/2025;00:36:48;20;1282-20
CO2;1282;CT-CO2-0;02938df5-6afb-d44e-582d-0b5eea40f8eb;51:88:0A:9E;0;AVIÁRIO MEIO;1.261,00;31/10/2025;00:41:50;20;1282-20
CO2;1282;CT-CO2-0;02938df5-6afb-d44e-582d-0b5eea40f8eb;51:88:0A:9E;0;AVIÁRIO MEIO;1.234,00;31/10/2025;00:46:52;20;1282-20
CO2;1282;CT-CO2-0;02938df5-6afb-d44e-582d-0b5eea40f8eb;51:88:0A:9E;0;AVIÁRIO MEIO;1.270,00;31/10/2025;00:52:24;20;1282-20
CO2;1282;CT-CO2-0;02938df5-6afb-d44e-582d-0b5eea40f8eb;51:88:0A:9E;0;AVIÁRIO MEIO;1.259,00;31/10/2025;00:57:56;20;1282-20
CO2;1282;CT-CO2-0;02938df5-6afb-d44e-582d-0b5eea40f8eb;51:88:0A:9E;0;AVIÁRIO MEIO;1.248,00;31/10/2025;01:03:28;20;1282-20
CO2;1282;CT-CO2-0;02938df5-6afb-d44e-582d-0b5eea40f8eb;51:88:0A:9E;0;AVIÁRIO MEIO;1.221,00;31/10/2025;01:08:30;20;1282-20
CO2;1282;CT-CO2-0;02938df5-6afb-d44e-582d-0b5eea40f8eb;51:88:0A:9E;0;AVIÁRIO MEIO;1.235,00;31/10/2025;01:14:02;20;1282-20
CO2;1282;CT-CO2-0;02938df5-6afb-d44e-582d-0b5eea40f8eb;51:88:0A:9E;0;AVIÁRIO MEIO;1.215,00;31/10/2025;01:19:34;20;1282-20
CO2;1282;CT-CO2-0;02938df5-6afb-d44e-582d-0b5eea40f8eb;51:88:0A:9E;0;AVIÁRIO MEIO;1.187,00;31/10/2025;01:24:36;20;1282-20
CO2;1282;CT-CO2-0;02938df5-6afb-d44e-582d-0b5eea40f8eb;51:88:0A:9E;0;AVIÁRIO MEIO;1.210,00;31/10/2025;01:30:08;20;1282-20
CO2;1282;CT-CO2-0;02938df5-6afb-d44e-582d-0b5eea40f8eb;51:88:0A:9E;0;AVIÁRIO MEIO;1.192,00;31/10/2025;01:35:40;20;1282-20
CO2;1282;CT-CO2-0;02938df5-6afb-d44e-582d-0b5eea40f8eb;51:88:0A:9E;0;AVIÁRIO MEIO;1.191,00;31/10/2025;01:41:12;20;1282-20
CO2;1282;CT-CO2-0;02938df5-6afb-d44e-582d-0b5eea40f8eb;51:88:0A:9E;0;AVIÁRIO MEIO;1.199,00;31/10/2025;01:46:46;20;1282-20
CO2;1282;CT-CO2-0;02938df5-6afb-d44e-582d-0b5eea40f8eb;51:88:0A:9E;0;AVIÁRIO MEIO;1.214,00;31/10/2025;01:51:48;20;1282-20
CO2;1282;CT-CO2-0;02938df5-6afb-d44e-582d-0b5eea40f8eb;51:88:0A:9E;0;AVIÁRIO MEIO;1.228,00;31/10/2025;01:57:20;20;1282-20
CO2;1282;CT-CO2-0;02938df5-6afb-d44e-582d-0b5eea40f8eb;51:88:0A:9E;0;AVIÁRIO MEIO;1.216,00;31/10/2025;02:02:22;20;1282-20
CO2;1282;CT-CO2-0;02938df5-6afb-d44e-582d-0b5eea40f8eb;51:88:0A:9E;0;AVIÁRIO MEIO;1.209,00;31/10/2025;02:07:53;20;1282-20
CO2;1282;CT-CO2-0;02938df5-6afb-d44e-582d-0b5eea40f8eb;51:88:0A:9E;0;AVIÁRIO MEIO;1.193,00;31/10/2025;02:13:26;20;1282-20
CO2;1282;CT-CO2-0;02938df5-6afb-d44e-582d-0b5eea40f8eb;51:88:0A:9E;0;AVIÁRIO MEIO;1.178,00;31/10/2025;02:18:28;20;1282-20
CO2;1282;CT-CO2-0;02938df5-6afb-d44e-582d-0b5eea40f8eb;51:88:0A:9E;0;AVIÁRIO MEIO;1.171,00;31/10/2025;02:24:00;20;1282-20
CO2;1282;CT-CO2-0;02938df5-6afb-d44e-582d-0b5eea40f8eb;51:88:0A:9E;0;AVIÁRIO MEIO;1.129,00;31/10/2025;02:29:32;20;1282-20
CO2;1282;CT-CO2-0;02938df5-6afb-d44e-582d-0b5eea40f8eb;51:88:0A:9E;0;AVIÁRIO MEIO;1.180,00;31/10/2025;02:35:04;20;1282-20
CO2;1282;CT-CO2-0;02938df5-6afb-d44e-582d-0b5eea40f8eb;51:88:0A:9E;0;AVIÁRIO MEIO;1.114,00;31/10/2025;02:40:08;20;1282-20
CO2;1282;CT-CO2-0;02938df5-6afb-d44e-582d-0b5eea40f8eb;51:88:0A:9E;0;AVIÁRIO MEIO;1.144,00;31/10/2025;02:45:40;20;1282-20
CO2;1282;CT-CO2-0;02938df5-6afb-d44e-582d-0b5eea40f8eb;51:88:0A:9E;0;AVIÁRIO MEIO;1.128,00;31/10/2025;02:51:12;20;1282-20
CO2;1282;CT-CO2-0;02938df5-6afb-d44e-582d-0b5eea40f8eb;51:88:0A:9E;0;AVIÁRIO MEIO;1.200,00;31/10/2025;02:56:47;20;1282-20
CO2;1282;CT-CO2-0;02938df5-6afb-d44e-582d-0b5eea40f8eb;51:88:0A:9E;0;AVIÁRIO MEIO;1.168,00;31/10/2025;03:01:50;20;1282-20
CO2;1282;CT-CO2-0;02938df5-6afb-d44e-582d-0b5eea40f8eb;51:88:0A:9E;0;AVIÁRIO MEIO;1.150,00;31/10/2025;03:07:22;20;1282-20
CO2;1282;CT-CO2-0;02938df5-6afb-d44e-582d-0b5eea40f8eb;51:88:0A:9E;0;AVIÁRIO MEIO;1.142,00;31/10/2025;03:12:24;20;1282-20
CO2;1282;CT-CO2-0;02938df5-6afb-d44e-582d-0b5eea40f8eb;51:88:0A:9E;0;AVIÁRIO MEIO;1.178,00;31/10/2025;03:17:56;20;1282-20
CO2;1282;CT-CO2-0;02938df5-6afb-d44e-582d-0b5eea40f8eb;51:88:0A:9E;0;AVIÁRIO MEIO;1.131,00;31/10/2025;03:23:28;20;1282-20
CO2;1282;CT-CO2-0;02938df5-6afb-d44e-582d-0b5eea40f8eb;51:88:0A:9E;0;AVIÁRIO MEIO;1.182,00;31/10/2025;03:29:02;20;1282-20
CO2;1282;CT-CO2-0;02938df5-6afb-d44e-582d-0b5eea40f8eb;51:88:0A:9E;0;AVIÁRIO MEIO;1.156,00;31/10/2025;03:34:04;20;1282-20
CO2;1282;CT-CO2-0;02938df5-6afb-d44e-582d-0b5eea40f8eb;51:88:0A:9E;0;AVIÁRIO MEIO;1.133,00;31/10/2025;03:39:36;20;1282-20
CO2;1282;CT-CO2-0;02938df5-6afb-d44e-582d-0b5eea40f8eb;51:88:0A:9E;0;AVIÁRIO MEIO;1.109,00;31/10/2025;03:45:09;20;1282-20
CO2;1282;CT-CO2-0;02938df5-6afb-d44e-582d-0b5eea40f8eb;51:88:0A:9E;0;AVIÁRIO MEIO;1.101,00;31/10/2025;03:50:11;20;1282-20
CO2;1282;CT-CO2-0;02938df5-6afb-d44e-582d-0b5eea40f8eb;51:88:0A:9E;0;AVIÁRIO MEIO;1.139,00;31/10/2025;03:55:43;20;1282-20
CO2;1282;CT-CO2-0;02938df5-6afb-d44e-582d-0b5eea40f8eb;51:88:0A:9E;0;AVIÁRIO MEIO;1.164,00;31/10/2025;04:01:15;20;1282-20
CO2;1282;CT-CO2-0;02938df5-6afb-d44e-582d-0b5eea40f8eb;51:88:0A:9E;0;AVIÁRIO MEIO;1.114,00;31/10/2025;04:06:49;20;1282-20
CO2;1282;CT-CO2-0;02938df5-6afb-d44e-582d-0b5eea40f8eb;51:88:0A:9E;0;AVIÁRIO MEIO;1.175,00;31/10/2025;04:11:51;20;1282-20
CO2;1282;CT-CO2-0;02938df5-6afb-d44e-582d-0b5eea40f8eb;51:88:0A:9E;0;AVIÁRIO MEIO;1.180,00;31/10/2025;04:17:23;20;1282-20
CO2;1282;CT-CO2-0;02938df5-6afb-d44e-582d-0b5eea40f8eb;51:88:0A:9E;0;AVIÁRIO MEIO;1.131,00;31/10/2025;04:22:55;20;1282-20
CO2;1282;CT-CO2-0;02938df5-6afb-d44e-582d-0b5eea40f8eb;51:88:0A:9E;0;AVIÁRIO MEIO;1.141,00;31/10/2025;04:27:57;20;1282-20
CO2;1282;CT-CO2-0;02938df5-6afb-d44e-582d-0b5eea40f8eb;51:88:0A:9E;0;AVIÁRIO MEIO;1.128,00;31/10/2025;04:33:28;20;1282-20
CO2;1282;CT-CO2-0;02938df5-6afb-d44e-582d-0b5eea40f8eb;51:88:0A:9E;0;AVIÁRIO MEIO;1.175,00;31/10/2025;04:39:00;20;1282-20
CO2;1282;CT-CO2-0;02938df5-6afb-d44e-582d-0b5eea40f8eb;51:88:0A:9E;0;AVIÁRIO MEIO;1.078,00;31/10/2025;04:44:03;20;1282-20
CO2;1282;CT-CO2-0;02938df5-6afb-d44e-582d-0b5eea40f8eb;51:88:0A:9E;0;AVIÁRIO MEIO;1.134,00;31/10/2025;04:49:35;20;1282-20
CO2;1282;CT-CO2-0;02938df5-6afb-d44e-582d-0b5eea40f8eb;51:88:0A:9E;0;AVIÁRIO MEIO;1.146,00;31/10/2025;04:55:07;20;1282-20
CO2;1282;CT-CO2-0;02938df5-6afb-d44e-582d-0b5eea40f8eb;51:88:0A:9E;0;AVIÁRIO MEIO;1.066,00;31/10/2025;05:00:10;20;1282-20
CO2;1282;CT-CO2-0;02938df5-6afb-d44e-582d-0b5eea40f8eb;51:88:0A:9E;0;AVIÁRIO MEIO;1.191,00;31/10/2025;05:05:42;20;1282-20
CO2;1282;CT-CO2-0;02938df5-6afb-d44e-582d-0b5eea40f8eb;51:88:0A:9E;0;AVIÁRIO MEIO;1.136,00;31/10/2025;05:11:14;20;1282-20
CO2;1282;CT-CO2-0;02938df5-6afb-d44e-582d-0b5eea40f8eb;51:88:0A:9E;0;AVIÁRIO MEIO;1.140,00;31/10/2025;05:17:17;20;1282-20
CO2;1282;CT-CO2-0;02938df5-6afb-d44e-582d-0b5eea40f8eb;51:88:0A:9E;0;AVIÁRIO MEIO;1.128,00;31/10/2025;05:21:49;20;1282-20
CO2;1282;CT-CO2-0;02938df5-6afb-d44e-582d-0b5eea40f8eb;51:88:0A:9E;0;AVIÁRIO MEIO;1.176,00;31/10/2025;05:27:21;20;1282-20
CO2;1282;CT-CO2-0;02938df5-6afb-d44e-582d-0b5eea40f8eb;51:88:0A:9E;0;AVIÁRIO MEIO;1.166,00;31/10/2025;05:32:53;20;1282-20
CO2;1282;CT-CO2-0;02938df5-6afb-d44e-582d-0b5eea40f8eb;51:88:0A:9E;0;AVIÁRIO MEIO;1.153,00;31/10/2025;05:37:55;20;1282-20
CO2;1282;CT-CO2-0;02938df5-6afb-d44e-582d-0b5eea40f8eb;51:88:0A:9E;0;AVIÁRIO MEIO;1.143,00;31/10/2025;05:43:27;20;1282-20
CO2;1282;CT-CO2-0;02938df5-6afb-d44e-582d-0b5eea40f8eb;51:88:0A:9E;0;AVIÁRIO MEIO;1.127,00;31/10/2025;05:49:00;20;1282-20
CO2;1282;CT-CO2-0;02938df5-6afb-d44e-582d-0b5eea40f8eb;51:88:0A:9E;0;AVIÁRIO MEIO;1.136,00;31/10/2025;05:54:02;20;1282-20
CO2;1282;CT-CO2-0;02938df5-6afb-d44e-582d-0b5eea40f8eb;51:88:0A:9E;0;AVIÁRIO MEIO;1.098,00;31/10/2025;05:59:34;20;1282-20
CO2;1282;CT-CO2-0;02938df5-6afb-d44e-582d-0b5eea40f8eb;51:88:0A:9E;0;AVIÁRIO MEIO;1.132,00;31/10/2025;06:05:07;20;1282-20
CO2;1282;CT-CO2-0;02938df5-6afb-d44e-582d-0b5eea40f8eb;51:88:0A:9E;0;AVIÁRIO MEIO;1.123,00;31/10/2025;06:10:38;20;1282-20
CO2;1282;CT-CO2-0;02938df5-6afb-d44e-582d-0b5eea40f8eb;51:88:0A:9E;0;AVIÁRIO MEIO;1.129,00;31/10/2025;06:21:12;20;1282-20
CO2;1282;CT-CO2-0;02938df5-6afb-d44e-582d-0b5eea40f8eb;51:88:0A:9E;0;AVIÁRIO MEIO;1.064,00;31/10/2025;06:27:18;20;1282-20
CO2;1282;CT-CO2-0;02938df5-6afb-d44e-582d-0b5eea40f8eb;51:88:0A:9E;0;AVIÁRIO MEIO;1.206,00;31/10/2025;06:31:51;20;1282-20
CO2;1282;CT-CO2-0;02938df5-6afb-d44e-582d-0b5eea40f8eb;51:88:0A:9E;0;AVIÁRIO MEIO;1.131,00;31/10/2025;06:37:23;20;1282-20
CO2;1282;CT-CO2-0;02938df5-6afb-d44e-582d-0b5eea40f8eb;51:88:0A:9E;0;AVIÁRIO MEIO;1.141,00;31/10/2025;06:42:55;20;1282-20
CO2;1282;CT-CO2-0;02938df5-6afb-d44e-582d-0b5eea40f8eb;51:88:0A:9E;0;AVIÁRIO MEIO;1.140,00;31/10/2025;06:47:57;20;1282-20
CO2;1282;CT-CO2-0;02938df5-6afb-d44e-582d-0b5eea40f8eb;51:88:0A:9E;0;AVIÁRIO MEIO;1.176,00;31/10/2025;06:53:29;20;1282-20
CO2;1282;CT-CO2-0;02938df5-6afb-d44e-582d-0b5eea40f8eb;51:88:0A:9E;0;AVIÁRIO MEIO;1.172,00;31/10/2025;06:59:01;20;1282-20
CO2;1282;CT-CO2-0;02938df5-6afb-d44e-582d-0b5eea40f8eb;51:88:0A:9E;0;AVIÁRIO MEIO;1.173,00;31/10/2025;07:09:37;20;1282-20
CO2;1282;CT-CO2-0;02938df5-6afb-d44e-582d-0b5eea40f8eb;51:88:0A:9E;0;AVIÁRIO MEIO;1.190,00;31/10/2025;07:15:10;20;1282-20
CO2;1282;CT-CO2-0;02938df5-6afb-d44e-582d-0b5eea40f8eb;51:88:0A:9E;0;AVIÁRIO MEIO;1.161,00;31/10/2025;07:20:42;20;1282-20
CO2;1282;CT-CO2-0;02938df5-6afb-d44e-582d-0b5eea40f8eb;51:88:0A:9E;0;AVIÁRIO MEIO;1.201,00;31/10/2025;07:25:44;20;1282-20
CO2;1282;CT-CO2-0;02938df5-6afb-d44e-582d-0b5eea40f8eb;51:88:0A:9E;0;AVIÁRIO MEIO;1.274,00;31/10/2025;07:31:18;20;1282-20
CO2;1282;CT-CO2-0;02938df5-6afb-d44e-582d-0b5eea40f8eb;51:88:0A:9E;0;AVIÁRIO MEIO;1.191,00;31/10/2025;07:37:22;20;1282-20
CO2;1282;CT-CO2-0;02938df5-6afb-d44e-582d-0b5eea40f8eb;51:88:0A:9E;0;AVIÁRIO MEIO;1.258,00;31/10/2025;07:41:53;20;1282-20
CO2;1282;CT-CO2-0;02938df5-6afb-d44e-582d-0b5eea40f8eb;51:88:0A:9E;0;AVIÁRIO MEIO;1.215,00;31/10/2025;07:47:25;20;1282-20
CO2;1282;CT-CO2-0;02938df5-6afb-d44e-582d-0b5eea40f8eb;51:88:0A:9E;0;AVIÁRIO MEIO;1.208,00;31/10/2025;07:52:57;20;1282-20
CO2;1282;CT-CO2-0;02938df5-6afb-d44e-582d-0b5eea40f8eb;51:88:0A:9E;0;AVIÁRIO MEIO;1.183,00;31/10/2025;07:57:59;20;1282-20
CO2;1282;CT-CO2-0;02938df5-6afb-d44e-582d-0b5eea40f8eb;51:88:0A:9E;0;AVIÁRIO MEIO;1.161,00;31/10/2025;08:03:31;20;1282-20
CO2;1282;CT-CO2-0;02938df5-6afb-d44e-582d-0b5eea40f8eb;51:88:0A:9E;0;AVIÁRIO MEIO;1.136,00;31/10/2025;08:09:03;20;1282-20
CO2;1282;CT-CO2-0;02938df5-6afb-d44e-582d-0b5eea40f8eb;51:88:0A:9E;0;AVIÁRIO MEIO;1.113,00;31/10/2025;08:14:35;20;1282-20
CO2;1282;CT-CO2-0;02938df5-6afb-d44e-582d-0b5eea40f8eb;51:88:0A:9E;0;AVIÁRIO MEIO;1.128,00;31/10/2025;08:19:38;20;1282-20
CO2;1282;CT-CO2-0;02938df5-6afb-d44e-582d-0b5eea40f8eb;51:88:0A:9E;0;AVIÁRIO MEIO;1.081,00;31/10/2025;08:25:10;20;1282-20
CO2;1282;CT-CO2-0;02938df5-6afb-d44e-582d-0b5eea40f8eb;51:88:0A:9E;0;AVIÁRIO MEIO;1.108,00;31/10/2025;08:36:15;20;1282-20
CO2;1282;CT-CO2-0;02938df5-6afb-d44e-582d-0b5eea40f8eb;51:88:0A:9E;0;AVIÁRIO MEIO;1.090,00;31/10/2025;08:41:16;20;1282-20
CO2;1282;CT-CO2-0;02938df5-6afb-d44e-582d-0b5eea40f8eb;51:88:0A:9E;0;AVIÁRIO MEIO;1.190,00;31/10/2025;08:47:19;20;1282-20
CO2;1282;CT-CO2-0;02938df5-6afb-d44e-582d-0b5eea40f8eb;51:88:0A:9E;0;AVIÁRIO MEIO;1.129,00;31/10/2025;08:52:21;20;1282-20
CO2;1282;CT-CO2-0;02938df5-6afb-d44e-582d-0b5eea40f8eb;51:88:0A:9E;0;AVIÁRIO MEIO;1.157,00;31/10/2025;08:57:24;20;1282-20
CO2;1282;CT-CO2-0;02938df5-6afb-d44e-582d-0b5eea40f8eb;51:88:0A:9E;0;AVIÁRIO MEIO;1.104,00;31/10/2025;09:02:56;20;1282-20
CO2;1282;CT-CO2-0;02938df5-6afb-d44e-582d-0b5eea40f8eb;51:88:0A:9E;0;AVIÁRIO MEIO;1.057,00;31/10/2025;09:08:28;20;1282-20
CO2;1282;CT-CO2-0;02938df5-6afb-d44e-582d-0b5eea40f8eb;51:88:0A:9E;0;AVIÁRIO MEIO;1.032,00;31/10/2025;09:13:31;20;1282-20
CO2;1282;CT-CO2-0;02938df5-6afb-d44e-582d-0b5eea40f8eb;51:88:0A:9E;0;AVIÁRIO MEIO;1.037,00;31/10/2025;09:19:03;20;1282-20
CO2;1282;CT-CO2-0;02938df5-6afb-d44e-582d-0b5eea40f8eb;51:88:0A:9E;0;AVIÁRIO MEIO;1.040,00;31/10/2025;09:24:35;20;1282-20
CO2;1282;CT-CO2-0;02938df5-6afb-d44e-582d-0b5eea40f8eb;51:88:0A:9E;0;AVIÁRIO MEIO;1.062,00;31/10/2025;09:30:07;20;1282-20
CO2;1282;CT-CO2-0;02938df5-6afb-d44e-582d-0b5eea40f8eb;51:88:0A:9E;0;AVIÁRIO MEIO;1.043,00;31/10/2025;09:35:09;20;1282-20
CO2;1282;CT-CO2-0;02938df5-6afb-d44e-582d-0b5eea40f8eb;51:88:0A:9E;0;AVIÁRIO MEIO;1.071,00;31/10/2025;09:40:41;20;1282-20
CO2;1282;CT-CO2-0;02938df5-6afb-d44e-582d-0b5eea40f8eb;51:88:0A:9E;0;AVIÁRIO MEIO;1.023,00;31/10/2025;09:46:13;20;1282-20
CO2;1282;CT-CO2-0;02938df5-6afb-d44e-582d-0b5eea40f8eb;51:88:0A:9E;0;AVIÁRIO MEIO;1.069,00;31/10/2025;09:51:15;20;1282-20
CO2;1282;CT-CO2-0;02938df5-6afb-d44e-582d-0b5eea40f8eb;51:88:0A:9E;0;AVIÁRIO MEIO;1.026,00;31/10/2025;09:57:19;20;1282-20
CO2;1282;CT-CO2-0;02938df5-6afb-d44e-582d-0b5eea40f8eb;51:88:0A:9E;0;AVIÁRIO MEIO;943,00;31/10/2025;10:02:22;20;1282-20
CO2;1282;CT-CO2-0;02938df5-6afb-d44e-582d-0b5eea40f8eb;51:88:0A:9E;0;AVIÁRIO MEIO;979,00;31/10/2025;10:07:25;20;1282-20
CO2;1282;CT-CO2-0;02938df5-6afb-d44e-582d-0b5eea40f8eb;51:88:0A:9E;0;AVIÁRIO MEIO;828,00;31/10/2025;10:12:56;20;1282-20
CO2;1282;CT-CO2-0;02938df5-6afb-d44e-582d-0b5eea40f8eb;51:88:0A:9E;0;AVIÁRIO MEIO;809,00;31/10/2025;10:18:31;20;1282-20
CO2;1282;CT-CO2-0;02938df5-6afb-d44e-582d-0b5eea40f8eb;51:88:0A:9E;0;AVIÁRIO MEIO;877,00;31/10/2025;10:24:05;20;1282-20
CO2;1282;CT-CO2-0;02938df5-6afb-d44e-582d-0b5eea40f8eb;51:88:0A:9E;0;AVIÁRIO MEIO;843,00;31/10/2025;10:29:08;20;1282-20
CO2;1282;CT-CO2-0;02938df5-6afb-d44e-582d-0b5eea40f8eb;51:88:0A:9E;0;AVIÁRIO MEIO;753,00;31/10/2025;10:34:39;20;1282-20
CO2;1282;CT-CO2-0;02938df5-6afb-d44e-582d-0b5eea40f8eb;51:88:0A:9E;0;AVIÁRIO MEIO;874,00;31/10/2025;10:40:16;20;1282-20
CO2;1282;CT-CO2-0;02938df5-6afb-d44e-582d-0b5eea40f8eb;51:88:0A:9E;0;AVIÁRIO MEIO;809,00;31/10/2025;10:45:18;20;1282-20
CO2;1282;CT-CO2-0;02938df5-6afb-d44e-582d-0b5eea40f8eb;51:88:0A:9E;0;AVIÁRIO MEIO;737,00;31/10/2025;10:50:51;20;1282-20
CO2;1282;CT-CO2-0;02938df5-6afb-d44e-582d-0b5eea40f8eb;51:88:0A:9E;0;AVIÁRIO MEIO;832,00;31/10/2025;10:56:22;20;1282-20
CO2;1282;CT-CO2-0;02938df5-6afb-d44e-582d-0b5eea40f8eb;51:88:0A:9E;0;AVIÁRIO MEIO;708,00;31/10/2025;11:01:24;20;1282-20
CO2;1282;CT-CO2-0;02938df5-6afb-d44e-582d-0b5eea40f8eb;51:88:0A:9E;0;AVIÁRIO MEIO;841,00;31/10/2025;11:07:28;20;1282-20
CO2;1282;CT-CO2-0;02938df5-6afb-d44e-582d-0b5eea40f8eb;51:88:0A:9E;0;AVIÁRIO MEIO;763,00;31/10/2025;11:12:29;20;1282-20
CO2;1282;CT-CO2-0;02938df5-6afb-d44e-582d-0b5eea40f8eb;51:88:0A:9E;0;AVIÁRIO MEIO;673,00;31/10/2025;11:17:32;20;1282-20
CO2;1282;CT-CO2-0;02938df5-6afb-d44e-582d-0b5eea40f8eb;51:88:0A:9E;0;AVIÁRIO MEIO;668,00;31/10/2025;11:23:04;20;1282-20
CO2;1282;CT-CO2-0;02938df5-6afb-d44e-582d-0b5eea40f8eb;51:88:0A:9E;0;AVIÁRIO MEIO;675,00;31/10/2025;11:28:36;20;1282-20
CO2;1282;CT-CO2-0;02938df5-6afb-d44e-582d-0b5eea40f8eb;51:88:0A:9E;0;AVIÁRIO MEIO;670,00;31/10/2025;11:34:08;20;1282-20
CO2;1282;CT-CO2-0;02938df5-6afb-d44e-582d-0b5eea40f8eb;51:88:0A:9E;0;AVIÁRIO MEIO;668,00;31/10/2025;11:39:10;20;1282-20
CO2;1282;CT-CO2-0;02938df5-6afb-d44e-582d-0b5eea40f8eb;51:88:0A:9E;0;AVIÁRIO MEIO;654,00;31/10/2025;11:44:43;20;1282-20
CO2;1282;CT-CO2-0;02938df5-6afb-d44e-582d-0b5eea40f8eb;51:88:0A:9E;0;AVIÁRIO MEIO;714,00;31/10/2025;11:50:15;20;1282-20
CO2;1282;CT-CO2-0;02938df5-6afb-d44e-582d-0b5eea40f8eb;51:88:0A:9E;0;AVIÁRIO MEIO;655,00;31/10/2025;11:55:17;20;1282-20
CO2;1282;CT-CO2-0;02938df5-6afb-d44e-582d-0b5eea40f8eb;51:88:0A:9E;0;AVIÁRIO MEIO;664,00;31/10/2025;12:00:49;20;1282-20
CO2;1282;CT-CO2-0;02938df5-6afb-d44e-582d-0b5eea40f8eb;51:88:0A:9E;0;AVIÁRIO MEIO;669,00;31/10/2025;12:06:21;20;1282-20
CO2;1282;CT-CO2-0;02938df5-6afb-d44e-582d-0b5eea40f8eb;51:88:0A:9E;0;AVIÁRIO MEIO;656,00;31/10/2025;12:11:23;20;1282-20
CO2;1282;CT-CO2-0;02938df5-6afb-d44e-582d-0b5eea40f8eb;51:88:0A:9E;0;AVIÁRIO MEIO;665,00;31/10/2025;12:17:27;20;1282-20
CO2;1282;CT-CO2-0;02938df5-6afb-d44e-582d-0b5eea40f8eb;51:88:0A:9E;0;AVIÁRIO MEIO;660,00;31/10/2025;12:22:29;20;1282-20
CO2;1282;CT-CO2-0;02938df5-6afb-d44e-582d-0b5eea40f8eb;51:88:0A:9E;0;AVIÁRIO MEIO;648,00;31/10/2025;12:28:01;20;1282-20
CO2;1282;CT-CO2-0;02938df5-6afb-d44e-582d-0b5eea40f8eb;51:88:0A:9E;0;AVIÁRIO MEIO;662,00;31/10/2025;12:33:03;20;1282-20
CO2;1282;CT-CO2-0;02938df5-6afb-d44e-582d-0b5eea40f8eb;51:88:0A:9E;0;AVIÁRIO MEIO;669,00;31/10/2025;12:38:35;20;1282-20
CO2;1282;CT-CO2-0;02938df5-6afb-d44e-582d-0b5eea40f8eb;51:88:0A:9E;0;AVIÁRIO MEIO;673,00;31/10/2025;12:44:08;20;1282-20
CO2;1282;CT-CO2-0;02938df5-6afb-d44e-582d-0b5eea40f8eb;51:88:0A:9E;0;AVIÁRIO MEIO;677,00;31/10/2025;12:49:10;20;1282-20
CO2;1282;CT-CO2-0;02938df5-6afb-d44e-582d-0b5eea40f8eb;51:88:0A:9E;0;AVIÁRIO MEIO;623,00;31/10/2025;12:54:42;20;1282-20
CO2;1282;CT-CO2-0;02938df5-6afb-d44e-582d-0b5eea40f8eb;51:88:0A:9E;0;AVIÁRIO MEIO;613,00;31/10/2025;13:00:14;20;1282-20
CO2;1282;CT-CO2-0;02938df5-6afb-d44e-582d-0b5eea40f8eb;51:88:0A:9E;0;AVIÁRIO MEIO;620,00;31/10/2025;13:05:16;20;1282-20
CO2;1282;CT-CO2-0;02938df5-6afb-d44e-582d-0b5eea40f8eb;51:88:0A:9E;0;AVIÁRIO MEIO;610,00;31/10/2025;13:10:48;20;1282-20
CO2;1282;CT-CO2-0;02938df5-6afb-d44e-582d-0b5eea40f8eb;51:88:0A:9E;0;AVIÁRIO MEIO;604,00;31/10/2025;13:16:20;20;1282-20
CO2;1282;CT-CO2-0;02938df5-6afb-d44e-582d-0b5eea40f8eb;51:88:0A:9E;0;AVIÁRIO MEIO;615,00;31/10/2025;13:21:52;20;1282-20
CO2;1282;CT-CO2-0;02938df5-6afb-d44e-582d-0b5eea40f8eb;51:88:0A:9E;0;AVIÁRIO MEIO;609,00;31/10/2025;13:27:27;20;1282-20
CO2;1282;CT-CO2-0;02938df5-6afb-d44e-582d-0b5eea40f8eb;51:88:0A:9E;0;AVIÁRIO MEIO;605,00;31/10/2025;13:32:30;20;1282-20
CO2;1282;CT-CO2-0;02938df5-6afb-d44e-582d-0b5eea40f8eb;51:88:0A:9E;0;AVIÁRIO MEIO;604,00;31/10/2025;13:38:02;20;1282-20
CO2;1282;CT-CO2-0;02938df5-6afb-d44e-582d-0b5eea40f8eb;51:88:0A:9E;0;AVIÁRIO MEIO;632,00;31/10/2025;13:43:04;20;1282-20
CO2;1282;CT-CO2-0;02938df5-6afb-d44e-582d-0b5eea40f8eb;51:88:0A:9E;0;AVIÁRIO MEIO;624,00;31/10/2025;13:48:36;20;1282-20
CO2;1282;CT-CO2-0;02938df5-6afb-d44e-582d-0b5eea40f8eb;51:88:0A:9E;0;AVIÁRIO MEIO;612,00;31/10/2025;13:54:08;20;1282-20
CO2;1282;CT-CO2-0;02938df5-6afb-d44e-582d-0b5eea40f8eb;51:88:0A:9E;0;AVIÁRIO MEIO;620,00;31/10/2025;13:59:10;20;1282-20
CO2;1282;CT-CO2-0;02938df5-6afb-d44e-582d-0b5eea40f8eb;51:88:0A:9E;0;AVIÁRIO MEIO;615,00;31/10/2025;14:04:42;20;1282-20
CO2;1282;CT-CO2-0;02938df5-6afb-d44e-582d-0b5eea40f8eb;51:88:0A:9E;0;AVIÁRIO MEIO;609,00;31/10/2025;14:10:14;20;1282-20
CO2;1282;CT-CO2-0;02938df5-6afb-d44e-582d-0b5eea40f8eb;51:88:0A:9E;0;AVIÁRIO MEIO;626,00;31/10/2025;14:15:46;20;1282-20
CO2;1282;CT-CO2-0;02938df5-6afb-d44e-582d-0b5eea40f8eb;51:88:0A:9E;0;AVIÁRIO MEIO;611,00;31/10/2025;14:31:54;20;1282-20
CO2;1282;CT-CO2-0;02938df5-6afb-d44e-582d-0b5eea40f8eb;51:88:0A:9E;0;AVIÁRIO MEIO;616,00;31/10/2025;14:37:29;20;1282-20
CO2;1282;CT-CO2-0;02938df5-6afb-d44e-582d-0b5eea40f8eb;51:88:0A:9E;0;AVIÁRIO MEIO;620,00;31/10/2025;14:42:30;20;1282-20
CO2;1282;CT-CO2-0;02938df5-6afb-d44e-582d-0b5eea40f8eb;51:88:0A:9E;0;AVIÁRIO MEIO;619,00;31/10/2025;14:48:02;20;1282-20
CO2;1282;CT-CO2-0;02938df5-6afb-d44e-582d-0b5eea40f8eb;51:88:0A:9E;0;AVIÁRIO MEIO;625,00;31/10/2025;14:53:05;20;1282-20
CO2;1282;CT-CO2-0;02938df5-6afb-d44e-582d-0b5eea40f8eb;51:88:0A:9E;0;AVIÁRIO MEIO;625,00;31/10/2025;14:58:37;20;1282-20
CO2;1282;CT-CO2-0;02938df5-6afb-d44e-582d-0b5eea40f8eb;51:88:0A:9E;0;AVIÁRIO MEIO;610,00;31/10/2025;15:04:09;20;1282-20
CO2;1282;CT-CO2-0;02938df5-6afb-d44e-582d-0b5eea40f8eb;51:88:0A:9E;0;AVIÁRIO MEIO;614,00;31/10/2025;15:09:41;20;1282-20
CO2;1282;CT-CO2-0;02938df5-6afb-d44e-582d-0b5eea40f8eb;51:88:0A:9E;0;AVIÁRIO MEIO;609,00;31/10/2025;15:14:42;20;1282-20
CO2;1282;CT-CO2-0;02938df5-6afb-d44e-582d-0b5eea40f8eb;51:88:0A:9E;0;AVIÁRIO MEIO;623,00;31/10/2025;15:20:14;20;1282-20
CO2;1282;CT-CO2-0;02938df5-6afb-d44e-582d-0b5eea40f8eb;51:88:0A:9E;0;AVIÁRIO MEIO;648,00;31/10/2025;15:25:46;20;1282-20
CO2;1282;CT-CO2-0;02938df5-6afb-d44e-582d-0b5eea40f8eb;51:88:0A:9E;0;AVIÁRIO MEIO;659,00;31/10/2025;15:31:18;20;1282-20
CO2;1282;CT-CO2-0;02938df5-6afb-d44e-582d-0b5eea40f8eb;51:88:0A:9E;0;AVIÁRIO MEIO;670,00;31/10/2025;15:36:20;20;1282-20
CO2;1282;CT-CO2-0;02938df5-6afb-d44e-582d-0b5eea40f8eb;51:88:0A:9E;0;AVIÁRIO MEIO;684,00;31/10/2025;15:41:52;20;1282-20
CO2;1282;CT-CO2-0;02938df5-6afb-d44e-582d-0b5eea40f8eb;51:88:0A:9E;0;AVIÁRIO MEIO;670,00;31/10/2025;15:47:56;20;1282-20
CO2;1282;CT-CO2-0;02938df5-6afb-d44e-582d-0b5eea40f8eb;51:88:0A:9E;0;AVIÁRIO MEIO;669,00;31/10/2025;15:52:28;20;1282-20
CO2;1282;CT-CO2-0;02938df5-6afb-d44e-582d-0b5eea40f8eb;51:88:0A:9E;0;AVIÁRIO MEIO;667,00;31/10/2025;15:57:59;20;1282-20
CO2;1282;CT-CO2-0;02938df5-6afb-d44e-582d-0b5eea40f8eb;51:88:0A:9E;0;AVIÁRIO MEIO;666,00;31/10/2025;16:03:32;20;1282-20
CO2;1282;CT-CO2-0;02938df5-6afb-d44e-582d-0b5eea40f8eb;51:88:0A:9E;0;AVIÁRIO MEIO;671,00;31/10/2025;16:09:04;20;1282-20
CO2;1282;CT-CO2-0;02938df5-6afb-d44e-582d-0b5eea40f8eb;51:88:0A:9E;0;AVIÁRIO MEIO;681,00;31/10/2025;16:14:06;20;1282-20
CO2;1282;CT-CO2-0;02938df5-6afb-d44e-582d-0b5eea40f8eb;51:88:0A:9E;0;AVIÁRIO MEIO;653,00;31/10/2025;16:19:37;20;1282-20
CO2;1282;CT-CO2-0;02938df5-6afb-d44e-582d-0b5eea40f8eb;51:88:0A:9E;0;AVIÁRIO MEIO;666,00;31/10/2025;16:25:09;20;1282-20
CO2;1282;CT-CO2-0;02938df5-6afb-d44e-582d-0b5eea40f8eb;51:88:0A:9E;0;AVIÁRIO MEIO;657,00;31/10/2025;16:30:11;20;1282-20
CO2;1282;CT-CO2-0;02938df5-6afb-d44e-582d-0b5eea40f8eb;51:88:0A:9E;0;AVIÁRIO MEIO;664,00;31/10/2025;16:35:43;20;1282-20
CO2;1282;CT-CO2-0;02938df5-6afb-d44e-582d-0b5eea40f8eb;51:88:0A:9E;0;AVIÁRIO MEIO;638,00;31/10/2025;16:41:15;20;1282-20
CO2;1282;CT-CO2-0;02938df5-6afb-d44e-582d-0b5eea40f8eb;51:88:0A:9E;0;AVIÁRIO MEIO;627,00;31/10/2025;16:46:47;20;1282-20
CO2;1282;CT-CO2-0;02938df5-6afb-d44e-582d-0b5eea40f8eb;51:88:0A:9E;0;AVIÁRIO MEIO;711,00;31/10/2025;16:51:49;20;1282-20
CO2;1282;CT-CO2-0;02938df5-6afb-d44e-582d-0b5eea40f8eb;51:88:0A:9E;0;AVIÁRIO MEIO;630,00;31/10/2025;16:57:52;20;1282-20
CO2;1282;CT-CO2-0;02938df5-6afb-d44e-582d-0b5eea40f8eb;51:88:0A:9E;0;AVIÁRIO MEIO;610,00;31/10/2025;17:02:54;20;1282-20
CO2;1282;CT-CO2-0;02938df5-6afb-d44e-582d-0b5eea40f8eb;51:88:0A:9E;0;AVIÁRIO MEIO;608,00;31/10/2025;17:08:27;20;1282-20
CO2;1282;CT-CO2-0;02938df5-6afb-d44e-582d-0b5eea40f8eb;51:88:0A:9E;0;AVIÁRIO MEIO;600,00;31/10/2025;17:13:32;20;1282-20
CO2;1282;CT-CO2-0;02938df5-6afb-d44e-582d-0b5eea40f8eb;51:88:0A:9E;0;AVIÁRIO MEIO;609,00;31/10/2025;17:19:05;20;1282-20
CO2;1282;CT-CO2-0;02938df5-6afb-d44e-582d-0b5eea40f8eb;51:88:0A:9E;0;AVIÁRIO MEIO;609,00;31/10/2025;17:24:37;20;1282-20
CO2;1282;CT-CO2-0;02938df5-6afb-d44e-582d-0b5eea40f8eb;51:88:0A:9E;0;AVIÁRIO MEIO;617,00;31/10/2025;17:29:39;20;1282-20
CO2;1282;CT-CO2-0;02938df5-6afb-d44e-582d-0b5eea40f8eb;51:88:0A:9E;0;AVIÁRIO MEIO;619,00;31/10/2025;17:35:12;20;1282-20
CO2;1282;CT-CO2-0;02938df5-6afb-d44e-582d-0b5eea40f8eb;51:88:0A:9E;0;AVIÁRIO MEIO;660,00;31/10/2025;17:40:43;20;1282-20
CO2;1282;CT-CO2-0;02938df5-6afb-d44e-582d-0b5eea40f8eb;51:88:0A:9E;0;AVIÁRIO MEIO;624,00;31/10/2025;17:45:45;20;1282-20
CO2;1282;CT-CO2-0;02938df5-6afb-d44e-582d-0b5eea40f8eb;51:88:0A:9E;0;AVIÁRIO MEIO;628,00;31/10/2025;17:51:19;20;1282-20
CO2;1282;CT-CO2-0;02938df5-6afb-d44e-582d-0b5eea40f8eb;51:88:0A:9E;0;AVIÁRIO MEIO;648,00;31/10/2025;17:56:52;20;1282-20
CO2;1282;CT-CO2-0;02938df5-6afb-d44e-582d-0b5eea40f8eb;51:88:0A:9E;0;AVIÁRIO MEIO;660,00;31/10/2025;18:02:55;20;1282-20
CO2;1282;CT-CO2-0;02938df5-6afb-d44e-582d-0b5eea40f8eb;51:88:0A:9E;0;AVIÁRIO MEIO;648,00;31/10/2025;18:07:27;20;1282-20
CO2;1282;CT-CO2-0;02938df5-6afb-d44e-582d-0b5eea40f8eb;51:88:0A:9E;0;AVIÁRIO MEIO;664,00;31/10/2025;18:12:59;20;1282-20
CO2;1282;CT-CO2-0;02938df5-6afb-d44e-582d-0b5eea40f8eb;51:88:0A:9E;0;AVIÁRIO MEIO;667,00;31/10/2025;18:18:32;20;1282-20
CO2;1282;CT-CO2-0;02938df5-6afb-d44e-582d-0b5eea40f8eb;51:88:0A:9E;0;AVIÁRIO MEIO;669,00;31/10/2025;18:23:34;20;1282-20
CO2;1282;CT-CO2-0;02938df5-6afb-d44e-582d-0b5eea40f8eb;51:88:0A:9E;0;AVIÁRIO MEIO;674,00;31/10/2025;18:29:07;20;1282-20
CO2;1282;CT-CO2-0;02938df5-6afb-d44e-582d-0b5eea40f8eb;51:88:0A:9E;0;AVIÁRIO MEIO;679,00;31/10/2025;18:34:39;20;1282-20
CO2;1282;CT-CO2-0;02938df5-6afb-d44e-582d-0b5eea40f8eb;51:88:0A:9E;0;AVIÁRIO MEIO;732,00;31/10/2025;18:40:11;20;1282-20
CO2;1282;CT-CO2-0;02938df5-6afb-d44e-582d-0b5eea40f8eb;51:88:0A:9E;0;AVIÁRIO MEIO;693,00;31/10/2025;18:45:13;20;1282-20
CO2;1282;CT-CO2-0;02938df5-6afb-d44e-582d-0b5eea40f8eb;51:88:0A:9E;0;AVIÁRIO MEIO;762,00;31/10/2025;18:50:45;20;1282-20
CO2;1282;CT-CO2-0;02938df5-6afb-d44e-582d-0b5eea40f8eb;51:88:0A:9E;0;AVIÁRIO MEIO;831,00;31/10/2025;18:56:18;20;1282-20
CO2;1282;CT-CO2-0;02938df5-6afb-d44e-582d-0b5eea40f8eb;51:88:0A:9E;0;AVIÁRIO MEIO;814,00;31/10/2025;19:01:19;20;1282-20
CO2;1282;CT-CO2-0;02938df5-6afb-d44e-582d-0b5eea40f8eb;51:88:0A:9E;0;AVIÁRIO MEIO;931,00;31/10/2025;19:06:51;20;1282-20
CO2;1282;CT-CO2-0;02938df5-6afb-d44e-582d-0b5eea40f8eb;51:88:0A:9E;0;AVIÁRIO MEIO;838,00;31/10/2025;19:12:54;20;1282-20
CO2;1282;CT-CO2-0;02938df5-6afb-d44e-582d-0b5eea40f8eb;51:88:0A:9E;0;AVIÁRIO MEIO;939,00;31/10/2025;19:17:56;20;1282-20
CO2;1282;CT-CO2-0;02938df5-6afb-d44e-582d-0b5eea40f8eb;51:88:0A:9E;0;AVIÁRIO MEIO;886,00;31/10/2025;19:22:59;20;1282-20
CO2;1282;CT-CO2-0;02938df5-6afb-d44e-582d-0b5eea40f8eb;51:88:0A:9E;0;AVIÁRIO MEIO;936,00;31/10/2025;19:28:31;20;1282-20
CO2;1282;CT-CO2-0;02938df5-6afb-d44e-582d-0b5eea40f8eb;51:88:0A:9E;0;AVIÁRIO MEIO;1.023,00;31/10/2025;19:34:03;20;1282-20
CO2;1282;CT-CO2-0;02938df5-6afb-d44e-582d-0b5eea40f8eb;51:88:0A:9E;0;AVIÁRIO MEIO;946,00;31/10/2025;19:39:05;20;1282-20
CO2;1282;CT-CO2-0;02938df5-6afb-d44e-582d-0b5eea40f8eb;51:88:0A:9E;0;AVIÁRIO MEIO;1.001,00;31/10/2025;19:44:37;20;1282-20
CO2;1282;CT-CO2-0;02938df5-6afb-d44e-582d-0b5eea40f8eb;51:88:0A:9E;0;AVIÁRIO MEIO;1.026,00;31/10/2025;19:50:09;20;1282-20
CO2;1282;CT-CO2-0;02938df5-6afb-d44e-582d-0b5eea40f8eb;51:88:0A:9E;0;AVIÁRIO MEIO;1.079,00;31/10/2025;19:55:41;20;1282-20
CO2;1282;CT-CO2-0;02938df5-6afb-d44e-582d-0b5eea40f8eb;51:88:0A:9E;0;AVIÁRIO MEIO;1.046,00;31/10/2025;20:00:45;20;1282-20
CO2;1282;CT-CO2-0;02938df5-6afb-d44e-582d-0b5eea40f8eb;51:88:0A:9E;0;AVIÁRIO MEIO;1.136,00;31/10/2025;20:06:17;20;1282-20
CO2;1282;CT-CO2-0;02938df5-6afb-d44e-582d-0b5eea40f8eb;51:88:0A:9E;0;AVIÁRIO MEIO;1.088,00;31/10/2025;20:11:49;20;1282-20
CO2;1282;CT-CO2-0;02938df5-6afb-d44e-582d-0b5eea40f8eb;51:88:0A:9E;0;AVIÁRIO MEIO;1.081,00;31/10/2025;20:17:21;20;1282-20
CO2;1282;CT-CO2-0;02938df5-6afb-d44e-582d-0b5eea40f8eb;51:88:0A:9E;0;AVIÁRIO MEIO;1.083,00;31/10/2025;20:22:54;20;1282-20
CO2;1282;CT-CO2-0;02938df5-6afb-d44e-582d-0b5eea40f8eb;51:88:0A:9E;0;AVIÁRIO MEIO;1.073,00;31/10/2025;20:27:56;20;1282-20
CO2;1282;CT-CO2-0;02938df5-6afb-d44e-582d-0b5eea40f8eb;51:88:0A:9E;0;AVIÁRIO MEIO;1.065,00;31/10/2025;20:33:29;20;1282-20
CO2;1282;CT-CO2-0;02938df5-6afb-d44e-582d-0b5eea40f8eb;51:88:0A:9E;0;AVIÁRIO MEIO;1.080,00;31/10/2025;20:38:31;20;1282-20
CO2;1282;CT-CO2-0;02938df5-6afb-d44e-582d-0b5eea40f8eb;51:88:0A:9E;0;AVIÁRIO MEIO;1.110,00;31/10/2025;20:44:03;20;1282-20
CO2;1282;CT-CO2-0;02938df5-6afb-d44e-582d-0b5eea40f8eb;51:88:0A:9E;0;AVIÁRIO MEIO;1.053,00;31/10/2025;20:49:35;20;1282-20
CO2;1282;CT-CO2-0;02938df5-6afb-d44e-582d-0b5eea40f8eb;51:88:0A:9E;0;AVIÁRIO MEIO;1.067,00;31/10/2025;20:55:07;20;1282-20
CO2;1282;CT-CO2-0;02938df5-6afb-d44e-582d-0b5eea40f8eb;51:88:0A:9E;0;AVIÁRIO MEIO;1.063,00;31/10/2025;21:00:39;20;1282-20
CO2;1282;CT-CO2-0;02938df5-6afb-d44e-582d-0b5eea40f8eb;51:88:0A:9E;0;AVIÁRIO MEIO;1.114,00;31/10/2025;21:06:12;20;1282-20
CO2;1282;CT-CO2-0;02938df5-6afb-d44e-582d-0b5eea40f8eb;51:88:0A:9E;0;AVIÁRIO MEIO;1.133,00;31/10/2025;21:11:49;20;1282-20
CO2;1282;CT-CO2-0;02938df5-6afb-d44e-582d-0b5eea40f8eb;51:88:0A:9E;0;AVIÁRIO MEIO;1.127,00;31/10/2025;21:16:51;20;1282-20
CO2;1282;CT-CO2-0;02938df5-6afb-d44e-582d-0b5eea40f8eb;51:88:0A:9E;0;AVIÁRIO MEIO;1.114,00;31/10/2025;21:22:24;20;1282-20
CO2;1282;CT-CO2-0;02938df5-6afb-d44e-582d-0b5eea40f8eb;51:88:0A:9E;0;AVIÁRIO MEIO;1.090,00;31/10/2025;21:28:27;20;1282-20
CO2;1282;CT-CO2-0;02938df5-6afb-d44e-582d-0b5eea40f8eb;51:88:0A:9E;0;AVIÁRIO MEIO;1.047,00;31/10/2025;21:32:59;20;1282-20
CO2;1282;CT-CO2-0;02938df5-6afb-d44e-582d-0b5eea40f8eb;51:88:0A:9E;0;AVIÁRIO MEIO;1.068,00;31/10/2025;21:38:36;20;1282-20
CO2;1282;CT-CO2-0;02938df5-6afb-d44e-582d-0b5eea40f8eb;51:88:0A:9E;0;AVIÁRIO MEIO;1.135,00;31/10/2025;21:44:08;20;1282-20
CO2;1282;CT-CO2-0;02938df5-6afb-d44e-582d-0b5eea40f8eb;51:88:0A:9E;0;AVIÁRIO MEIO;1.084,00;31/10/2025;21:49:10;20;1282-20
CO2;1282;CT-CO2-0;02938df5-6afb-d44e-582d-0b5eea40f8eb;51:88:0A:9E;0;AVIÁRIO MEIO;1.109,00;31/10/2025;21:54:42;20;1282-20
CO2;1282;CT-CO2-0;02938df5-6afb-d44e-582d-0b5eea40f8eb;51:88:0A:9E;0;AVIÁRIO MEIO;1.106,00;31/10/2025;22:00:19;20;1282-20
CO2;1282;CT-CO2-0;02938df5-6afb-d44e-582d-0b5eea40f8eb;51:88:0A:9E;0;AVIÁRIO MEIO;1.068,00;31/10/2025;22:05:22;20;1282-20
CO2;1282;CT-CO2-0;02938df5-6afb-d44e-582d-0b5eea40f8eb;51:88:0A:9E;0;AVIÁRIO MEIO;1.082,00;31/10/2025;22:10:54;20;1282-20
CO2;1282;CT-CO2-0;02938df5-6afb-d44e-582d-0b5eea40f8eb;51:88:0A:9E;0;AVIÁRIO MEIO;1.127,00;31/10/2025;22:16:27;20;1282-20
CO2;1282;CT-CO2-0;02938df5-6afb-d44e-582d-0b5eea40f8eb;51:88:0A:9E;0;AVIÁRIO MEIO;1.125,00;31/10/2025;22:21:59;20;1282-20
CO2;1282;CT-CO2-0;02938df5-6afb-d44e-582d-0b5eea40f8eb;51:88:0A:9E;0;AVIÁRIO MEIO;1.119,00;31/10/2025;22:27:01;20;1282-20
CO2;1282;CT-CO2-0;02938df5-6afb-d44e-582d-0b5eea40f8eb;51:88:0A:9E;0;AVIÁRIO MEIO;1.176,00;31/10/2025;22:32:34;20;1282-20
CO2;1282;CT-CO2-0;02938df5-6afb-d44e-582d-0b5eea40f8eb;51:88:0A:9E;0;AVIÁRIO MEIO;1.111,00;31/10/2025;22:38:37;20;1282-20
CO2;1282;CT-CO2-0;02938df5-6afb-d44e-582d-0b5eea40f8eb;51:88:0A:9E;0;AVIÁRIO MEIO;1.095,00;31/10/2025;22:43:09;20;1282-20
CO2;1282;CT-CO2-0;02938df5-6afb-d44e-582d-0b5eea40f8eb;51:88:0A:9E;0;AVIÁRIO MEIO;1.106,00;31/10/2025;22:48:41;20;1282-20
CO2;1282;CT-CO2-0;02938df5-6afb-d44e-582d-0b5eea40f8eb;51:88:0A:9E;0;AVIÁRIO MEIO;1.111,00;31/10/2025;22:54:13;20;1282-20
CO2;1282;CT-CO2-0;02938df5-6afb-d44e-582d-0b5eea40f8eb;51:88:0A:9E;0;AVIÁRIO MEIO;1.112,00;31/10/2025;22:59:46;20;1282-20
CO2;1282;CT-CO2-0;02938df5-6afb-d44e-582d-0b5eea40f8eb;51:88:0A:9E;0;AVIÁRIO MEIO;1.104,00;31/10/2025;23:04:48;20;1282-20
CO2;1282;CT-CO2-0;02938df5-6afb-d44e-582d-0b5eea40f8eb;51:88:0A:9E;0;AVIÁRIO MEIO;1.124,00;31/10/2025;23:10:20;20;1282-20
CO2;1282;CT-CO2-0;02938df5-6afb-d44e-582d-0b5eea40f8eb;51:88:0A:9E;0;AVIÁRIO MEIO;1.085,00;31/10/2025;23:15:52;20;1282-20
CO2;1282;CT-CO2-0;02938df5-6afb-d44e-582d-0b5eea40f8eb;51:88:0A:9E;0;AVIÁRIO MEIO;1.117,00;31/10/2025;23:20:54;20;1282-20
CO2;1282;CT-CO2-0;02938df5-6afb-d44e-582d-0b5eea40f8eb;51:88:0A:9E;0;AVIÁRIO MEIO;1.083,00;31/10/2025;23:26:27;20;1282-20
CO2;1282;CT-CO2-0;02938df5-6afb-d44e-582d-0b5eea40f8eb;51:88:0A:9E;0;AVIÁRIO MEIO;1.128,00;31/10/2025;23:31:59;20;1282-20
CO2;1282;CT-CO2-0;02938df5-6afb-d44e-582d-0b5eea40f8eb;51:88:0A:9E;0;AVIÁRIO MEIO;1.130,00;31/10/2025;23:37:32;20;1282-20
CO2;1282;CT-CO2-0;02938df5-6afb-d44e-582d-0b5eea40f8eb;51:88:0A:9E;0;AVIÁRIO MEIO;1.116,00;31/10/2025;23:42:34;20;1282-20
CO2;1282;CT-CO2-0;02938df5-6afb-d44e-582d-0b5eea40f8eb;51:88:0A:9E;0;AVIÁRIO MEIO;1.132,00;31/10/2025;23:48:37;20;1282-20
CO2;1282;CT-CO2-0;02938df5-6afb-d44e-582d-0b5eea40f8eb;51:88:0A:9E;0;AVIÁRIO MEIO;1.091,00;31/10/2025;23:53:39;20;1282-20
CO2;1282;CT-CO2-0;02938df5-6afb-d44e-582d-0b5eea40f8eb;51:88:0A:9E;0;AVIÁRIO MEIO;1.094,00;31/10/2025;23:58:42;20;1282-20
CO2;1282;CT-CO2-0;02938df5-6afb-d44e-582d-0b5eea40f8eb;51:88:0A:9E;0;AVIÁRIO MEIO;1.115,00;01/11/2025;00:04:14;20;1282-20
CO2;1282;CT-CO2-0;02938df5-6afb-d44e-582d-0b5eea40f8eb;51:88:0A:9E;0;AVIÁRIO MEIO;1.102,00;01/11/2025;00:09:46;20;1282-20
CO2;1282;CT-CO2-0;02938df5-6afb-d44e-582d-0b5eea40f8eb;51:88:0A:9E;0;AVIÁRIO MEIO;1.130,00;01/11/2025;00:15:19;20;1282-20
CO2;1282;CT-CO2-0;02938df5-6afb-d44e-582d-0b5eea40f8eb;51:88:0A:9E;0;AVIÁRIO MEIO;1.094,00;01/11/2025;00:20:22;20;1282-20
CO2;1282;CT-CO2-0;02938df5-6afb-d44e-582d-0b5eea40f8eb;51:88:0A:9E;0;AVIÁRIO MEIO;1.123,00;01/11/2025;00:25:55;20;1282-20
CO2;1282;CT-CO2-0;02938df5-6afb-d44e-582d-0b5eea40f8eb;51:88:0A:9E;0;AVIÁRIO MEIO;1.099,00;01/11/2025;00:31:29;20;1282-20
CO2;1282;CT-CO2-0;02938df5-6afb-d44e-582d-0b5eea40f8eb;51:88:0A:9E;0;AVIÁRIO MEIO;1.130,00;01/11/2025;00:36:31;20;1282-20
CO2;1282;CT-CO2-0;02938df5-6afb-d44e-582d-0b5eea40f8eb;51:88:0A:9E;0;AVIÁRIO MEIO;1.126,00;01/11/2025;00:42:03;20;1282-20
CO2;1282;CT-CO2-0;02938df5-6afb-d44e-582d-0b5eea40f8eb;51:88:0A:9E;0;AVIÁRIO MEIO;1.142,00;01/11/2025;00:47:35;20;1282-20
CO2;1282;CT-CO2-0;02938df5-6afb-d44e-582d-0b5eea40f8eb;51:88:0A:9E;0;AVIÁRIO MEIO;1.122,00;01/11/2025;00:52:36;20;1282-20
CO2;1282;CT-CO2-0;02938df5-6afb-d44e-582d-0b5eea40f8eb;51:88:0A:9E;0;AVIÁRIO MEIO;1.152,00;01/11/2025;00:58:40;20;1282-20
CO2;1282;CT-CO2-0;02938df5-6afb-d44e-582d-0b5eea40f8eb;51:88:0A:9E;0;AVIÁRIO MEIO;1.118,00;01/11/2025;01:03:43;20;1282-20
CO2;1282;CT-CO2-0;02938df5-6afb-d44e-582d-0b5eea40f8eb;51:88:0A:9E;0;AVIÁRIO MEIO;1.175,00;01/11/2025;01:09:15;20;1282-20
CO2;1282;CT-CO2-0;02938df5-6afb-d44e-582d-0b5eea40f8eb;51:88:0A:9E;0;AVIÁRIO MEIO;1.156,00;01/11/2025;01:14:17;20;1282-20
CO2;1282;CT-CO2-0;02938df5-6afb-d44e-582d-0b5eea40f8eb;51:88:0A:9E;0;AVIÁRIO MEIO;1.109,00;01/11/2025;01:19:52;20;1282-20
CO2;1282;CT-CO2-0;02938df5-6afb-d44e-582d-0b5eea40f8eb;51:88:0A:9E;0;AVIÁRIO MEIO;1.150,00;01/11/2025;01:30:31;20;1282-20
CO2;1282;CT-CO2-0;02938df5-6afb-d44e-582d-0b5eea40f8eb;51:88:0A:9E;0;AVIÁRIO MEIO;1.155,00;01/11/2025;01:36:03;20;1282-20
CO2;1282;CT-CO2-0;02938df5-6afb-d44e-582d-0b5eea40f8eb;51:88:0A:9E;0;AVIÁRIO MEIO;1.152,00;01/11/2025;01:41:35;20;1282-20
CO2;1282;CT-CO2-0;02938df5-6afb-d44e-582d-0b5eea40f8eb;51:88:0A:9E;0;AVIÁRIO MEIO;1.152,00;01/11/2025;01:46:38;20;1282-20
CO2;1282;CT-CO2-0;02938df5-6afb-d44e-582d-0b5eea40f8eb;51:88:0A:9E;0;AVIÁRIO MEIO;1.164,00;01/11/2025;01:52:23;20;1282-20
CO2;1282;CT-CO2-0;02938df5-6afb-d44e-582d-0b5eea40f8eb;51:88:0A:9E;0;AVIÁRIO MEIO;1.190,00;01/11/2025;01:57:42;20;1282-20
CO2;1282;CT-CO2-0;02938df5-6afb-d44e-582d-0b5eea40f8eb;51:88:0A:9E;0;AVIÁRIO MEIO;1.163,00;01/11/2025;02:04:07;20;1282-20
CO2;1282;CT-CO2-0;02938df5-6afb-d44e-582d-0b5eea40f8eb;51:88:0A:9E;0;AVIÁRIO MEIO;1.199,00;01/11/2025;02:08:57;20;1282-20
CO2;1282;CT-CO2-0;02938df5-6afb-d44e-582d-0b5eea40f8eb;51:88:0A:9E;0;AVIÁRIO MEIO;1.197,00;01/11/2025;02:14:15;20;1282-20
CO2;1282;CT-CO2-0;02938df5-6afb-d44e-582d-0b5eea40f8eb;51:88:0A:9E;0;AVIÁRIO MEIO;1.185,00;01/11/2025;02:20:06;20;1282-20
CO2;1282;CT-CO2-0;02938df5-6afb-d44e-582d-0b5eea40f8eb;51:88:0A:9E;0;AVIÁRIO MEIO;1.152,00;01/11/2025;02:25:29;20;1282-20
CO2;1282;CT-CO2-0;02938df5-6afb-d44e-582d-0b5eea40f8eb;51:88:0A:9E;0;AVIÁRIO MEIO;1.173,00;01/11/2025;02:36:29;20;1282-20
CO2;1282;CT-CO2-0;02938df5-6afb-d44e-582d-0b5eea40f8eb;51:88:0A:9E;0;AVIÁRIO MEIO;1.148,00;01/11/2025;02:41:44;20;1282-20
CO2;1282;CT-CO2-0;02938df5-6afb-d44e-582d-0b5eea40f8eb;51:88:0A:9E;0;AVIÁRIO MEIO;1.126,00;01/11/2025;02:47:28;20;1282-20
CO2;1282;CT-CO2-0;02938df5-6afb-d44e-582d-0b5eea40f8eb;51:88:0A:9E;0;AVIÁRIO MEIO;1.169,00;01/11/2025;02:52:41;20;1282-20
CO2;1282;CT-CO2-0;02938df5-6afb-d44e-582d-0b5eea40f8eb;51:88:0A:9E;0;AVIÁRIO MEIO;1.175,00;01/11/2025;02:58:24;20;1282-20
CO2;1282;CT-CO2-0;02938df5-6afb-d44e-582d-0b5eea40f8eb;51:88:0A:9E;0;AVIÁRIO MEIO;1.170,00;01/11/2025;03:03:27;20;1282-20
CO2;1282;CT-CO2-0;02938df5-6afb-d44e-582d-0b5eea40f8eb;51:88:0A:9E;0;AVIÁRIO MEIO;1.150,00;01/11/2025;03:09:31;20;1282-20
CO2;1282;CT-CO2-0;02938df5-6afb-d44e-582d-0b5eea40f8eb;51:88:0A:9E;0;AVIÁRIO MEIO;1.169,00;01/11/2025;03:14:34;20;1282-20
CO2;1282;CT-CO2-0;02938df5-6afb-d44e-582d-0b5eea40f8eb;51:88:0A:9E;0;AVIÁRIO MEIO;1.136,00;01/11/2025;03:19:36;20;1282-20
CO2;1282;CT-CO2-0;02938df5-6afb-d44e-582d-0b5eea40f8eb;51:88:0A:9E;0;AVIÁRIO MEIO;1.164,00;01/11/2025;03:25:09;20;1282-20
CO2;1282;CT-CO2-0;02938df5-6afb-d44e-582d-0b5eea40f8eb;51:88:0A:9E;0;AVIÁRIO MEIO;1.131,00;01/11/2025;03:30:41;20;1282-20
CO2;1282;CT-CO2-0;02938df5-6afb-d44e-582d-0b5eea40f8eb;51:88:0A:9E;0;AVIÁRIO MEIO;1.154,00;01/11/2025;03:35:44;20;1282-20
CO2;1282;CT-CO2-0;02938df5-6afb-d44e-582d-0b5eea40f8eb;51:88:0A:9E;0;AVIÁRIO MEIO;1.142,00;01/11/2025;03:41:16;20;1282-20
CO2;1282;CT-CO2-0;02938df5-6afb-d44e-582d-0b5eea40f8eb;51:88:0A:9E;0;AVIÁRIO MEIO;1.146,00;01/11/2025;03:46:48;20;1282-20
CO2;1282;CT-CO2-0;02938df5-6afb-d44e-582d-0b5eea40f8eb;51:88:0A:9E;0;AVIÁRIO MEIO;1.141,00;01/11/2025;03:52:20;20;1282-20
CO2;1282;CT-CO2-0;02938df5-6afb-d44e-582d-0b5eea40f8eb;51:88:0A:9E;0;AVIÁRIO MEIO;1.156,00;01/11/2025;03:57:22;20;1282-20
CO2;1282;CT-CO2-0;02938df5-6afb-d44e-582d-0b5eea40f8eb;51:88:0A:9E;0;AVIÁRIO MEIO;1.148,00;01/11/2025;04:02:54;20;1282-20
CO2;1282;CT-CO2-0;02938df5-6afb-d44e-582d-0b5eea40f8eb;51:88:0A:9E;0;AVIÁRIO MEIO;1.123,00;01/11/2025;04:08:26;20;1282-20
CO2;1282;CT-CO2-0;02938df5-6afb-d44e-582d-0b5eea40f8eb;51:88:0A:9E;0;AVIÁRIO MEIO;1.148,00;01/11/2025;04:13:58;20;1282-20
CO2;1282;CT-CO2-0;02938df5-6afb-d44e-582d-0b5eea40f8eb;51:88:0A:9E;0;AVIÁRIO MEIO;1.114,00;01/11/2025;04:19:32;20;1282-20
CO2;1282;CT-CO2-0;02938df5-6afb-d44e-582d-0b5eea40f8eb;51:88:0A:9E;0;AVIÁRIO MEIO;1.181,00;01/11/2025;04:24:34;20;1282-20
CO2;1282;CT-CO2-0;02938df5-6afb-d44e-582d-0b5eea40f8eb;51:88:0A:9E;0;AVIÁRIO MEIO;1.137,00;01/11/2025;04:30:06;20;1282-20
CO2;1282;CT-CO2-0;02938df5-6afb-d44e-582d-0b5eea40f8eb;51:88:0A:9E;0;AVIÁRIO MEIO;1.136,00;01/11/2025;04:35:08;20;1282-20
CO2;1282;CT-CO2-0;02938df5-6afb-d44e-582d-0b5eea40f8eb;51:88:0A:9E;0;AVIÁRIO MEIO;1.103,00;01/11/2025;04:40:40;20;1282-20
CO2;1282;CT-CO2-0;02938df5-6afb-d44e-582d-0b5eea40f8eb;51:88:0A:9E;0;AVIÁRIO MEIO;1.127,00;01/11/2025;04:46:12;20;1282-20
CO2;1282;CT-CO2-0;02938df5-6afb-d44e-582d-0b5eea40f8eb;51:88:0A:9E;0;AVIÁRIO MEIO;1.120,00;01/11/2025;04:51:45;20;1282-20
CO2;1282;CT-CO2-0;02938df5-6afb-d44e-582d-0b5eea40f8eb;51:88:0A:9E;0;AVIÁRIO MEIO;1.109,00;01/11/2025;04:56:47;20;1282-20
CO2;1282;CT-CO2-0;02938df5-6afb-d44e-582d-0b5eea40f8eb;51:88:0A:9E;0;AVIÁRIO MEIO;1.126,00;01/11/2025;05:02:19;20;1282-20
CO2;1282;CT-CO2-0;02938df5-6afb-d44e-582d-0b5eea40f8eb;51:88:0A:9E;0;AVIÁRIO MEIO;1.115,00;01/11/2025;05:07:51;20;1282-20
CO2;1282;CT-CO2-0;02938df5-6afb-d44e-582d-0b5eea40f8eb;51:88:0A:9E;0;AVIÁRIO MEIO;1.123,00;01/11/2025;05:12:53;20;1282-20
CO2;1282;CT-CO2-0;02938df5-6afb-d44e-582d-0b5eea40f8eb;51:88:0A:9E;0;AVIÁRIO MEIO;1.104,00;01/11/2025;05:18:24;20;1282-20
CO2;1282;CT-CO2-0;02938df5-6afb-d44e-582d-0b5eea40f8eb;51:88:0A:9E;0;AVIÁRIO MEIO;1.134,00;01/11/2025;05:23:57;20;1282-20
CO2;1282;CT-CO2-0;02938df5-6afb-d44e-582d-0b5eea40f8eb;51:88:0A:9E;0;AVIÁRIO MEIO;1.107,00;01/11/2025;05:30:00;20;1282-20
CO2;1282;CT-CO2-0;02938df5-6afb-d44e-582d-0b5eea40f8eb;51:88:0A:9E;0;AVIÁRIO MEIO;1.205,00;01/11/2025;05:34:32;20;1282-20
CO2;1282;CT-CO2-0;02938df5-6afb-d44e-582d-0b5eea40f8eb;51:88:0A:9E;0;AVIÁRIO MEIO;1.136,00;01/11/2025;05:40:06;20;1282-20
CO2;1282;CT-CO2-0;02938df5-6afb-d44e-582d-0b5eea40f8eb;51:88:0A:9E;0;AVIÁRIO MEIO;1.165,00;01/11/2025;05:45:38;20;1282-20
CO2;1282;CT-CO2-0;02938df5-6afb-d44e-582d-0b5eea40f8eb;51:88:0A:9E;0;AVIÁRIO MEIO;1.121,00;01/11/2025;05:50:40;20;1282-20
CO2;1282;CT-CO2-0;02938df5-6afb-d44e-582d-0b5eea40f8eb;51:88:0A:9E;0;AVIÁRIO MEIO;1.161,00;01/11/2025;05:56:12;20;1282-20
CO2;1282;CT-CO2-0;02938df5-6afb-d44e-582d-0b5eea40f8eb;51:88:0A:9E;0;AVIÁRIO MEIO;1.147,00;01/11/2025;06:01:44;20;1282-20
CO2;1282;CT-CO2-0;02938df5-6afb-d44e-582d-0b5eea40f8eb;51:88:0A:9E;0;AVIÁRIO MEIO;1.145,00;01/11/2025;06:07:17;20;1282-20
CO2;1282;CT-CO2-0;02938df5-6afb-d44e-582d-0b5eea40f8eb;51:88:0A:9E;0;AVIÁRIO MEIO;1.106,00;01/11/2025;06:17:51;20;1282-20
CO2;1282;CT-CO2-0;02938df5-6afb-d44e-582d-0b5eea40f8eb;51:88:0A:9E;0;AVIÁRIO MEIO;1.178,00;01/11/2025;06:23:23;20;1282-20
CO2;1282;CT-CO2-0;02938df5-6afb-d44e-582d-0b5eea40f8eb;51:88:0A:9E;0;AVIÁRIO MEIO;1.115,00;01/11/2025;06:28:55;20;1282-20
CO2;1282;CT-CO2-0;02938df5-6afb-d44e-582d-0b5eea40f8eb;51:88:0A:9E;0;AVIÁRIO MEIO;1.095,00;01/11/2025;06:33:56;20;1282-20
CO2;1282;CT-CO2-0;02938df5-6afb-d44e-582d-0b5eea40f8eb;51:88:0A:9E;0;AVIÁRIO MEIO;1.125,00;01/11/2025;06:39:59;20;1282-20
CO2;1282;CT-CO2-0;02938df5-6afb-d44e-582d-0b5eea40f8eb;51:88:0A:9E;0;AVIÁRIO MEIO;1.129,00;01/11/2025;06:45:01;20;1282-20
CO2;1282;CT-CO2-0;02938df5-6afb-d44e-582d-0b5eea40f8eb;51:88:0A:9E;0;AVIÁRIO MEIO;1.145,00;01/11/2025;06:50:04;20;1282-20
CO2;1282;CT-CO2-0;02938df5-6afb-d44e-582d-0b5eea40f8eb;51:88:0A:9E;0;AVIÁRIO MEIO;1.125,00;01/11/2025;06:55:37;20;1282-20
CO2;1282;CT-CO2-0;02938df5-6afb-d44e-582d-0b5eea40f8eb;51:88:0A:9E;0;AVIÁRIO MEIO;1.112,00;01/11/2025;07:01:09;20;1282-20
CO2;1282;CT-CO2-0;02938df5-6afb-d44e-582d-0b5eea40f8eb;51:88:0A:9E;0;AVIÁRIO MEIO;994,00;01/11/2025;07:06:41;20;1282-20
CO2;1282;CT-CO2-0;02938df5-6afb-d44e-582d-0b5eea40f8eb;51:88:0A:9E;0;AVIÁRIO MEIO;1.021,00;01/11/2025;07:11:43;20;1282-20
CO2;1282;CT-CO2-0;02938df5-6afb-d44e-582d-0b5eea40f8eb;51:88:0A:9E;0;AVIÁRIO MEIO;1.002,00;01/11/2025;07:17:14;20;1282-20
CO2;1282;CT-CO2-0;02938df5-6afb-d44e-582d-0b5eea40f8eb;51:88:0A:9E;0;AVIÁRIO MEIO;983,00;01/11/2025;07:22:59;20;1282-20
CO2;1282;CT-CO2-0;02938df5-6afb-d44e-582d-0b5eea40f8eb;51:88:0A:9E;0;AVIÁRIO MEIO;1.000,00;01/11/2025;07:28:15;20;1282-20
CO2;1282;CT-CO2-0;02938df5-6afb-d44e-582d-0b5eea40f8eb;51:88:0A:9E;0;AVIÁRIO MEIO;1.002,00;01/11/2025;07:33:49;20;1282-20
CO2;1282;CT-CO2-0;02938df5-6afb-d44e-582d-0b5eea40f8eb;51:88:0A:9E;0;AVIÁRIO MEIO;1.037,00;01/11/2025;07:39:33;20;1282-20
CO2;1282;CT-CO2-0;02938df5-6afb-d44e-582d-0b5eea40f8eb;51:88:0A:9E;0;AVIÁRIO MEIO;1.033,00;01/11/2025;07:50:10;20;1282-20
CO2;1282;CT-CO2-0;02938df5-6afb-d44e-582d-0b5eea40f8eb;51:88:0A:9E;0;AVIÁRIO MEIO;1.007,00;01/11/2025;08:01:12;20;1282-20
CO2;1282;CT-CO2-0;02938df5-6afb-d44e-582d-0b5eea40f8eb;51:88:0A:9E;0;AVIÁRIO MEIO;1.125,00;01/11/2025;08:06:24;20;1282-20
CO2;1282;CT-CO2-0;02938df5-6afb-d44e-582d-0b5eea40f8eb;51:88:0A:9E;0;AVIÁRIO MEIO;1.086,00;01/11/2025;08:12:10;20;1282-20
CO2;1282;CT-CO2-0;02938df5-6afb-d44e-582d-0b5eea40f8eb;51:88:0A:9E;0;AVIÁRIO MEIO;1.029,00;01/11/2025;08:17:23;20;1282-20
CO2;1282;CT-CO2-0;02938df5-6afb-d44e-582d-0b5eea40f8eb;51:88:0A:9E;0;AVIÁRIO MEIO;999,00;01/11/2025;08:23:06;20;1282-20
CO2;1282;CT-CO2-0;02938df5-6afb-d44e-582d-0b5eea40f8eb;51:88:0A:9E;0;AVIÁRIO MEIO;1.036,00;01/11/2025;08:28:18;20;1282-20
CO2;1282;CT-CO2-0;02938df5-6afb-d44e-582d-0b5eea40f8eb;51:88:0A:9E;0;AVIÁRIO MEIO;1.014,00;01/11/2025;08:33:22;20;1282-20
CO2;1282;CT-CO2-0;02938df5-6afb-d44e-582d-0b5eea40f8eb;51:88:0A:9E;0;AVIÁRIO MEIO;1.014,00;01/11/2025;08:38:53;20;1282-20
CO2;1282;CT-CO2-0;02938df5-6afb-d44e-582d-0b5eea40f8eb;51:88:0A:9E;0;AVIÁRIO MEIO;1.013,00;01/11/2025;08:44:25;20;1282-20
CO2;1282;CT-CO2-0;02938df5-6afb-d44e-582d-0b5eea40f8eb;51:88:0A:9E;0;AVIÁRIO MEIO;1.019,00;01/11/2025;08:49:27;20;1282-20
CO2;1282;CT-CO2-0;02938df5-6afb-d44e-582d-0b5eea40f8eb;51:88:0A:9E;0;AVIÁRIO MEIO;991,00;01/11/2025;08:55:29;20;1282-20
CO2;1282;CT-CO2-0;02938df5-6afb-d44e-582d-0b5eea40f8eb;51:88:0A:9E;0;AVIÁRIO MEIO;968,00;01/11/2025;09:00:33;20;1282-20
CO2;1282;CT-CO2-0;02938df5-6afb-d44e-582d-0b5eea40f8eb;51:88:0A:9E;0;AVIÁRIO MEIO;974,00;01/11/2025;09:05:35;20;1282-20
CO2;1282;CT-CO2-0;02938df5-6afb-d44e-582d-0b5eea40f8eb;51:88:0A:9E;0;AVIÁRIO MEIO;780,00;01/11/2025;09:11:09;20;1282-20
CO2;1282;CT-CO2-0;02938df5-6afb-d44e-582d-0b5eea40f8eb;51:88:0A:9E;0;AVIÁRIO MEIO;726,00;01/11/2025;09:16:40;20;1282-20
CO2;1282;CT-CO2-0;02938df5-6afb-d44e-582d-0b5eea40f8eb;51:88:0A:9E;0;AVIÁRIO MEIO;741,00;01/11/2025;09:21:42;20;1282-20
CO2;1282;CT-CO2-0;02938df5-6afb-d44e-582d-0b5eea40f8eb;51:88:0A:9E;0;AVIÁRIO MEIO;752,00;01/11/2025;09:27:16;20;1282-20
CO2;1282;CT-CO2-0;02938df5-6afb-d44e-582d-0b5eea40f8eb;51:88:0A:9E;0;AVIÁRIO MEIO;728,00;01/11/2025;09:32:48;20;1282-20
CO2;1282;CT-CO2-0;02938df5-6afb-d44e-582d-0b5eea40f8eb;51:88:0A:9E;0;AVIÁRIO MEIO;823,00;01/11/2025;09:37:51;20;1282-20
CO2;1282;CT-CO2-0;02938df5-6afb-d44e-582d-0b5eea40f8eb;51:88:0A:9E;0;AVIÁRIO MEIO;941,00;01/11/2025;09:43:23;20;1282-20
CO2;1282;CT-CO2-0;02938df5-6afb-d44e-582d-0b5eea40f8eb;51:88:0A:9E;0;AVIÁRIO MEIO;964,00;01/11/2025;09:48:55;20;1282-20
CO2;1282;CT-CO2-0;02938df5-6afb-d44e-582d-0b5eea40f8eb;51:88:0A:9E;0;AVIÁRIO MEIO;954,00;01/11/2025;09:54:27;20;1282-20
CO2;1282;CT-CO2-0;02938df5-6afb-d44e-582d-0b5eea40f8eb;51:88:0A:9E;0;AVIÁRIO MEIO;957,00;01/11/2025;09:59:29;20;1282-20
CO2;1282;CT-CO2-0;02938df5-6afb-d44e-582d-0b5eea40f8eb;51:88:0A:9E;0;AVIÁRIO MEIO;962,00;01/11/2025;10:05:33;20;1282-20
CO2;1282;CT-CO2-0;02938df5-6afb-d44e-582d-0b5eea40f8eb;51:88:0A:9E;0;AVIÁRIO MEIO;930,00;01/11/2025;10:15:43;20;1282-20
CO2;1282;CT-CO2-0;02938df5-6afb-d44e-582d-0b5eea40f8eb;51:88:0A:9E;0;AVIÁRIO MEIO;952,00;01/11/2025;10:21:17;20;1282-20
CO2;1282;CT-CO2-0;02938df5-6afb-d44e-582d-0b5eea40f8eb;51:88:0A:9E;0;AVIÁRIO MEIO;988,00;01/11/2025;10:26:19;20;1282-20
CO2;1282;CT-CO2-0;02938df5-6afb-d44e-582d-0b5eea40f8eb;51:88:0A:9E;0;AVIÁRIO MEIO;945,00;01/11/2025;10:31:50;20;1282-20
CO2;1282;CT-CO2-0;02938df5-6afb-d44e-582d-0b5eea40f8eb;51:88:0A:9E;0;AVIÁRIO MEIO;714,00;01/11/2025;10:37:23;20;1282-20
CO2;1282;CT-CO2-0;02938df5-6afb-d44e-582d-0b5eea40f8eb;51:88:0A:9E;0;AVIÁRIO MEIO;658,00;01/11/2025;10:42:24;20;1282-20
CO2;1282;CT-CO2-0;02938df5-6afb-d44e-582d-0b5eea40f8eb;51:88:0A:9E;0;AVIÁRIO MEIO;653,00;01/11/2025;10:47:57;20;1282-20
CO2;1282;CT-CO2-0;02938df5-6afb-d44e-582d-0b5eea40f8eb;51:88:0A:9E;0;AVIÁRIO MEIO;667,00;01/11/2025;10:53:29;20;1282-20
CO2;1282;CT-CO2-0;02938df5-6afb-d44e-582d-0b5eea40f8eb;51:88:0A:9E;0;AVIÁRIO MEIO;656,00;01/11/2025;10:59:01;20;1282-20
CO2;1282;CT-CO2-0;02938df5-6afb-d44e-582d-0b5eea40f8eb;51:88:0A:9E;0;AVIÁRIO MEIO;636,00;01/11/2025;11:04:03;20;1282-20
CO2;1282;CT-CO2-0;02938df5-6afb-d44e-582d-0b5eea40f8eb;51:88:0A:9E;0;AVIÁRIO MEIO;656,00;01/11/2025;11:09:34;20;1282-20
CO2;1282;CT-CO2-0;02938df5-6afb-d44e-582d-0b5eea40f8eb;51:88:0A:9E;0;AVIÁRIO MEIO;648,00;01/11/2025;11:15:48;20;1282-20
CO2;1282;CT-CO2-0;02938df5-6afb-d44e-582d-0b5eea40f8eb;51:88:0A:9E;0;AVIÁRIO MEIO;641,00;01/11/2025;11:20:19;20;1282-20
CO2;1282;CT-CO2-0;02938df5-6afb-d44e-582d-0b5eea40f8eb;51:88:0A:9E;0;AVIÁRIO MEIO;668,00;01/11/2025;11:25:52;20;1282-20
CO2;1282;CT-CO2-0;02938df5-6afb-d44e-582d-0b5eea40f8eb;51:88:0A:9E;0;AVIÁRIO MEIO;668,00;01/11/2025;11:30:53;20;1282-20
CO2;1282;CT-CO2-0;02938df5-6afb-d44e-582d-0b5eea40f8eb;51:88:0A:9E;0;AVIÁRIO MEIO;646,00;01/11/2025;11:36:25;20;1282-20
CO2;1282;CT-CO2-0;02938df5-6afb-d44e-582d-0b5eea40f8eb;51:88:0A:9E;0;AVIÁRIO MEIO;652,00;01/11/2025;11:41:58;20;1282-20
CO2;1282;CT-CO2-0;02938df5-6afb-d44e-582d-0b5eea40f8eb;51:88:0A:9E;0;AVIÁRIO MEIO;644,00;01/11/2025;11:47:00;20;1282-20
CO2;1282;CT-CO2-0;02938df5-6afb-d44e-582d-0b5eea40f8eb;51:88:0A:9E;0;AVIÁRIO MEIO;634,00;01/11/2025;11:52:32;20;1282-20
CO2;1282;CT-CO2-0;02938df5-6afb-d44e-582d-0b5eea40f8eb;51:88:0A:9E;0;AVIÁRIO MEIO;623,00;01/11/2025;11:58:04;20;1282-20
CO2;1282;CT-CO2-0;02938df5-6afb-d44e-582d-0b5eea40f8eb;51:88:0A:9E;0;AVIÁRIO MEIO;603,00;01/11/2025;12:03:36;20;1282-20
CO2;1282;CT-CO2-0;02938df5-6afb-d44e-582d-0b5eea40f8eb;51:88:0A:9E;0;AVIÁRIO MEIO;624,00;01/11/2025;12:08:37;20;1282-20
CO2;1282;CT-CO2-0;02938df5-6afb-d44e-582d-0b5eea40f8eb;51:88:0A:9E;0;AVIÁRIO MEIO;612,00;01/11/2025;12:14:09;20;1282-20
CO2;1282;CT-CO2-0;02938df5-6afb-d44e-582d-0b5eea40f8eb;51:88:0A:9E;0;AVIÁRIO MEIO;600,00;01/11/2025;12:19:41;20;1282-20
CO2;1282;CT-CO2-0;02938df5-6afb-d44e-582d-0b5eea40f8eb;51:88:0A:9E;0;AVIÁRIO MEIO;605,00;01/11/2025;12:25:15;20;1282-20
CO2;1282;CT-CO2-0;02938df5-6afb-d44e-582d-0b5eea40f8eb;51:88:0A:9E;0;AVIÁRIO MEIO;645,00;01/11/2025;12:35:49;20;1282-20
CO2;1282;CT-CO2-0;02938df5-6afb-d44e-582d-0b5eea40f8eb;51:88:0A:9E;0;AVIÁRIO MEIO;601,00;01/11/2025;12:40:51;20;1282-20
CO2;1282;CT-CO2-0;02938df5-6afb-d44e-582d-0b5eea40f8eb;51:88:0A:9E;0;AVIÁRIO MEIO;671,00;01/11/2025;12:46:23;20;1282-20
CO2;1282;CT-CO2-0;02938df5-6afb-d44e-582d-0b5eea40f8eb;51:88:0A:9E;0;AVIÁRIO MEIO;616,00;01/11/2025;12:51:55;20;1282-20
CO2;1282;CT-CO2-0;02938df5-6afb-d44e-582d-0b5eea40f8eb;51:88:0A:9E;0;AVIÁRIO MEIO;615,00;01/11/2025;12:57:27;20;1282-20
CO2;1282;CT-CO2-0;02938df5-6afb-d44e-582d-0b5eea40f8eb;51:88:0A:9E;0;AVIÁRIO MEIO;603,00;01/11/2025;13:02:30;20;1282-20
CO2;1282;CT-CO2-0;02938df5-6afb-d44e-582d-0b5eea40f8eb;51:88:0A:9E;0;AVIÁRIO MEIO;612,00;01/11/2025;13:08:02;20;1282-20
CO2;1282;CT-CO2-0;02938df5-6afb-d44e-582d-0b5eea40f8eb;51:88:0A:9E;0;AVIÁRIO MEIO;600,00;01/11/2025;13:13:34;20;1282-20
CO2;1282;CT-CO2-0;02938df5-6afb-d44e-582d-0b5eea40f8eb;51:88:0A:9E;0;AVIÁRIO MEIO;601,00;01/11/2025;13:18:36;20;1282-20
CO2;1282;CT-CO2-0;02938df5-6afb-d44e-582d-0b5eea40f8eb;51:88:0A:9E;0;AVIÁRIO MEIO;605,00;01/11/2025;13:24:08;20;1282-20
CO2;1282;CT-CO2-0;02938df5-6afb-d44e-582d-0b5eea40f8eb;51:88:0A:9E;0;AVIÁRIO MEIO;597,00;01/11/2025;13:29:40;20;1282-20
CO2;1282;CT-CO2-0;02938df5-6afb-d44e-582d-0b5eea40f8eb;51:88:0A:9E;0;AVIÁRIO MEIO;620,00;01/11/2025;13:40:17;20;1282-20
CO2;1282;CT-CO2-0;02938df5-6afb-d44e-582d-0b5eea40f8eb;51:88:0A:9E;0;AVIÁRIO MEIO;603,00;01/11/2025;13:45:49;20;1282-20
CO2;1282;CT-CO2-0;02938df5-6afb-d44e-582d-0b5eea40f8eb;51:88:0A:9E;0;AVIÁRIO MEIO;611,00;01/11/2025;13:50:52;20;1282-20
CO2;1282;CT-CO2-0;02938df5-6afb-d44e-582d-0b5eea40f8eb;51:88:0A:9E;0;AVIÁRIO MEIO;619,00;01/11/2025;13:56:25;20;1282-20
CO2;1282;CT-CO2-0;02938df5-6afb-d44e-582d-0b5eea40f8eb;51:88:0A:9E;0;AVIÁRIO MEIO;614,00;01/11/2025;14:01:57;20;1282-20
CO2;1282;CT-CO2-0;02938df5-6afb-d44e-582d-0b5eea40f8eb;51:88:0A:9E;0;AVIÁRIO MEIO;610,00;01/11/2025;14:07:29;20;1282-20
CO2;1282;CT-CO2-0;02938df5-6afb-d44e-582d-0b5eea40f8eb;51:88:0A:9E;0;AVIÁRIO MEIO;616,00;01/11/2025;14:12:31;20;1282-20
CO2;1282;CT-CO2-0;02938df5-6afb-d44e-582d-0b5eea40f8eb;51:88:0A:9E;0;AVIÁRIO MEIO;622,00;01/11/2025;14:18:03;20;1282-20
CO2;1282;CT-CO2-0;02938df5-6afb-d44e-582d-0b5eea40f8eb;51:88:0A:9E;0;AVIÁRIO MEIO;617,00;01/11/2025;14:23:35;20;1282-20
CO2;1282;CT-CO2-0;02938df5-6afb-d44e-582d-0b5eea40f8eb;51:88:0A:9E;0;AVIÁRIO MEIO;629,00;01/11/2025;14:28:38;20;1282-20
CO2;1282;CT-CO2-0;02938df5-6afb-d44e-582d-0b5eea40f8eb;51:88:0A:9E;0;AVIÁRIO MEIO;616,00;01/11/2025;14:34:10;20;1282-20
CO2;1282;CT-CO2-0;02938df5-6afb-d44e-582d-0b5eea40f8eb;51:88:0A:9E;0;AVIÁRIO MEIO;619,00;01/11/2025;14:39:41;20;1282-20
CO2;1282;CT-CO2-0;02938df5-6afb-d44e-582d-0b5eea40f8eb;51:88:0A:9E;0;AVIÁRIO MEIO;613,00;01/11/2025;14:45:16;20;1282-20
CO2;1282;CT-CO2-0;02938df5-6afb-d44e-582d-0b5eea40f8eb;51:88:0A:9E;0;AVIÁRIO MEIO;603,00;01/11/2025;14:50:19;20;1282-20
CO2;1282;CT-CO2-0;02938df5-6afb-d44e-582d-0b5eea40f8eb;51:88:0A:9E;0;AVIÁRIO MEIO;604,00;01/11/2025;14:55:51;20;1282-20
CO2;1282;CT-CO2-0;02938df5-6afb-d44e-582d-0b5eea40f8eb;51:88:0A:9E;0;AVIÁRIO MEIO;621,00;01/11/2025;15:00:54;20;1282-20
CO2;1282;CT-CO2-0;02938df5-6afb-d44e-582d-0b5eea40f8eb;51:88:0A:9E;0;AVIÁRIO MEIO;616,00;01/11/2025;15:06:26;20;1282-20
CO2;1282;CT-CO2-0;02938df5-6afb-d44e-582d-0b5eea40f8eb;51:88:0A:9E;0;AVIÁRIO MEIO;621,00;01/11/2025;15:11:58;20;1282-20
CO2;1282;CT-CO2-0;02938df5-6afb-d44e-582d-0b5eea40f8eb;51:88:0A:9E;0;AVIÁRIO MEIO;600,00;01/11/2025;15:17:30;20;1282-20
CO2;1282;CT-CO2-0;02938df5-6afb-d44e-582d-0b5eea40f8eb;51:88:0A:9E;0;AVIÁRIO MEIO;623,00;01/11/2025;15:22:32;20;1282-20
CO2;1282;CT-CO2-0;02938df5-6afb-d44e-582d-0b5eea40f8eb;51:88:0A:9E;0;AVIÁRIO MEIO;611,00;01/11/2025;15:28:04;20;1282-20
CO2;1282;CT-CO2-0;02938df5-6afb-d44e-582d-0b5eea40f8eb;51:88:0A:9E;0;AVIÁRIO MEIO;614,00;01/11/2025;15:33:36;20;1282-20
CO2;1282;CT-CO2-0;02938df5-6afb-d44e-582d-0b5eea40f8eb;51:88:0A:9E;0;AVIÁRIO MEIO;613,00;01/11/2025;15:38:37;20;1282-20
CO2;1282;CT-CO2-0;02938df5-6afb-d44e-582d-0b5eea40f8eb;51:88:0A:9E;0;AVIÁRIO MEIO;611,00;01/11/2025;15:44:10;20;1282-20
CO2;1282;CT-CO2-0;02938df5-6afb-d44e-582d-0b5eea40f8eb;51:88:0A:9E;0;AVIÁRIO MEIO;606,00;01/11/2025;15:49:42;20;1282-20
CO2;1282;CT-CO2-0;02938df5-6afb-d44e-582d-0b5eea40f8eb;51:88:0A:9E;0;AVIÁRIO MEIO;604,00;01/11/2025;15:55:16;20;1282-20
CO2;1282;CT-CO2-0;02938df5-6afb-d44e-582d-0b5eea40f8eb;51:88:0A:9E;0;AVIÁRIO MEIO;609,00;01/11/2025;16:00:18;20;1282-20
CO2;1282;CT-CO2-0;02938df5-6afb-d44e-582d-0b5eea40f8eb;51:88:0A:9E;0;AVIÁRIO MEIO;596,00;01/11/2025;16:05:50;20;1282-20
CO2;1282;CT-CO2-0;02938df5-6afb-d44e-582d-0b5eea40f8eb;51:88:0A:9E;0;AVIÁRIO MEIO;610,00;01/11/2025;16:11:23;20;1282-20
CO2;1282;CT-CO2-0;02938df5-6afb-d44e-582d-0b5eea40f8eb;51:88:0A:9E;0;AVIÁRIO MEIO;627,00;01/11/2025;16:16:25;20;1282-20
CO2;1282;CT-CO2-0;02938df5-6afb-d44e-582d-0b5eea40f8eb;51:88:0A:9E;0;AVIÁRIO MEIO;620,00;01/11/2025;16:21:58;20;1282-20
CO2;1282;CT-CO2-0;02938df5-6afb-d44e-582d-0b5eea40f8eb;51:88:0A:9E;0;AVIÁRIO MEIO;645,00;01/11/2025;16:27:30;20;1282-20
CO2;1282;CT-CO2-0;02938df5-6afb-d44e-582d-0b5eea40f8eb;51:88:0A:9E;0;AVIÁRIO MEIO;654,00;01/11/2025;16:32:32;20;1282-20
CO2;1282;CT-CO2-0;02938df5-6afb-d44e-582d-0b5eea40f8eb;51:88:0A:9E;0;AVIÁRIO MEIO;656,00;01/11/2025;16:38:04;20;1282-20
CO2;1282;CT-CO2-0;02938df5-6afb-d44e-582d-0b5eea40f8eb;51:88:0A:9E;0;AVIÁRIO MEIO;759,00;01/11/2025;16:43:38;20;1282-20
CO2;1282;CT-CO2-0;02938df5-6afb-d44e-582d-0b5eea40f8eb;51:88:0A:9E;0;AVIÁRIO MEIO;796,00;01/11/2025;16:48:40;20;1282-20
CO2;1282;CT-CO2-0;02938df5-6afb-d44e-582d-0b5eea40f8eb;51:88:0A:9E;0;AVIÁRIO MEIO;811,00;01/11/2025;16:54:12;20;1282-20
CO2;1282;CT-CO2-0;02938df5-6afb-d44e-582d-0b5eea40f8eb;51:88:0A:9E;0;AVIÁRIO MEIO;906,00;01/11/2025;16:59:44;20;1282-20
CO2;1282;CT-CO2-0;02938df5-6afb-d44e-582d-0b5eea40f8eb;51:88:0A:9E;0;AVIÁRIO MEIO;944,00;01/11/2025;17:05:55;20;1282-20
CO2;1282;CT-CO2-0;02938df5-6afb-d44e-582d-0b5eea40f8eb;51:88:0A:9E;0;AVIÁRIO MEIO;947,00;01/11/2025;17:10:26;20;1282-20
CO2;1282;CT-CO2-0;02938df5-6afb-d44e-582d-0b5eea40f8eb;51:88:0A:9E;0;AVIÁRIO MEIO;907,00;01/11/2025;17:15:58;20;1282-20
CO2;1282;CT-CO2-0;02938df5-6afb-d44e-582d-0b5eea40f8eb;51:88:0A:9E;0;AVIÁRIO MEIO;910,00;01/11/2025;17:21:30;20;1282-20
CO2;1282;CT-CO2-0;02938df5-6afb-d44e-582d-0b5eea40f8eb;51:88:0A:9E;0;AVIÁRIO MEIO;957,00;01/11/2025;17:26:35;20;1282-20
CO2;1282;CT-CO2-0;02938df5-6afb-d44e-582d-0b5eea40f8eb;51:88:0A:9E;0;AVIÁRIO MEIO;964,00;01/11/2025;17:32:07;20;1282-20
CO2;1282;CT-CO2-0;02938df5-6afb-d44e-582d-0b5eea40f8eb;51:88:0A:9E;0;AVIÁRIO MEIO;962,00;01/11/2025;17:37:41;20;1282-20
CO2;1282;CT-CO2-0;02938df5-6afb-d44e-582d-0b5eea40f8eb;51:88:0A:9E;0;AVIÁRIO MEIO;976,00;01/11/2025;17:42:43;20;1282-20
CO2;1282;CT-CO2-0;02938df5-6afb-d44e-582d-0b5eea40f8eb;51:88:0A:9E;0;AVIÁRIO MEIO;966,00;01/11/2025;17:48:15;20;1282-20
CO2;1282;CT-CO2-0;02938df5-6afb-d44e-582d-0b5eea40f8eb;51:88:0A:9E;0;AVIÁRIO MEIO;987,00;01/11/2025;17:53:47;20;1282-20
CO2;1282;CT-CO2-0;02938df5-6afb-d44e-582d-0b5eea40f8eb;51:88:0A:9E;0;AVIÁRIO MEIO;1.021,00;01/11/2025;17:58:49;20;1282-20
CO2;1282;CT-CO2-0;02938df5-6afb-d44e-582d-0b5eea40f8eb;51:88:0A:9E;0;AVIÁRIO MEIO;1.000,00;01/11/2025;18:04:23;20;1282-20
CO2;1282;CT-CO2-0;02938df5-6afb-d44e-582d-0b5eea40f8eb;51:88:0A:9E;0;AVIÁRIO MEIO;1.142,00;01/11/2025;18:15:27;20;1282-20
CO2;1282;CT-CO2-0;02938df5-6afb-d44e-582d-0b5eea40f8eb;51:88:0A:9E;0;AVIÁRIO MEIO;1.494,00;01/11/2025;18:24:59;20;1282-20
CO2;1282;CT-CO2-0;02938df5-6afb-d44e-582d-0b5eea40f8eb;51:88:0A:9E;0;AVIÁRIO MEIO;1.135,00;01/11/2025;18:30:31;20;1282-20
CO2;1282;CT-CO2-0;02938df5-6afb-d44e-582d-0b5eea40f8eb;51:88:0A:9E;0;AVIÁRIO MEIO;1.031,00;01/11/2025;18:36:05;20;1282-20
CO2;1282;CT-CO2-0;02938df5-6afb-d44e-582d-0b5eea40f8eb;51:88:0A:9E;0;AVIÁRIO MEIO;1.020,00;01/11/2025;18:41:07;20;1282-20
CO2;1282;CT-CO2-0;02938df5-6afb-d44e-582d-0b5eea40f8eb;51:88:0A:9E;0;AVIÁRIO MEIO;997,00;01/11/2025;18:46:38;20;1282-20
CO2;1282;CT-CO2-0;02938df5-6afb-d44e-582d-0b5eea40f8eb;51:88:0A:9E;0;AVIÁRIO MEIO;1.001,00;01/11/2025;18:52:10;20;1282-20
CO2;1282;CT-CO2-0;02938df5-6afb-d44e-582d-0b5eea40f8eb;51:88:0A:9E;0;AVIÁRIO MEIO;1.058,00;01/11/2025;18:57:17;20;1282-20
CO2;1282;CT-CO2-0;02938df5-6afb-d44e-582d-0b5eea40f8eb;51:88:0A:9E;0;AVIÁRIO MEIO;1.019,00;01/11/2025;19:02:50;20;1282-20
CO2;1282;CT-CO2-0;02938df5-6afb-d44e-582d-0b5eea40f8eb;51:88:0A:9E;0;AVIÁRIO MEIO;1.035,00;01/11/2025;19:08:24;20;1282-20
CO2;1282;CT-CO2-0;02938df5-6afb-d44e-582d-0b5eea40f8eb;51:88:0A:9E;0;AVIÁRIO MEIO;1.043,00;01/11/2025;19:13:26;20;1282-20
CO2;1282;CT-CO2-0;02938df5-6afb-d44e-582d-0b5eea40f8eb;51:88:0A:9E;0;AVIÁRIO MEIO;1.035,00;01/11/2025;19:18:59;20;1282-20
CO2;1282;CT-CO2-0;02938df5-6afb-d44e-582d-0b5eea40f8eb;51:88:0A:9E;0;AVIÁRIO MEIO;1.060,00;01/11/2025;19:25:02;20;1282-20
CO2;1282;CT-CO2-0;02938df5-6afb-d44e-582d-0b5eea40f8eb;51:88:0A:9E;0;AVIÁRIO MEIO;1.076,00;01/11/2025;19:29:35;20;1282-20
CO2;1282;CT-CO2-0;02938df5-6afb-d44e-582d-0b5eea40f8eb;51:88:0A:9E;0;AVIÁRIO MEIO;1.096,00;01/11/2025;19:35:13;20;1282-20
CO2;1282;CT-CO2-0;02938df5-6afb-d44e-582d-0b5eea40f8eb;51:88:0A:9E;0;AVIÁRIO MEIO;1.146,00;01/11/2025;19:40:15;20;1282-20
CO2;1282;CT-CO2-0;02938df5-6afb-d44e-582d-0b5eea40f8eb;51:88:0A:9E;0;AVIÁRIO MEIO;1.197,00;01/11/2025;19:45:48;20;1282-20
CO2;1282;CT-CO2-0;02938df5-6afb-d44e-582d-0b5eea40f8eb;51:88:0A:9E;0;AVIÁRIO MEIO;1.138,00;01/11/2025;19:51:20;20;1282-20
CO2;1282;CT-CO2-0;02938df5-6afb-d44e-582d-0b5eea40f8eb;51:88:0A:9E;0;AVIÁRIO MEIO;1.211,00;01/11/2025;19:56:22;20;1282-20
CO2;1282;CT-CO2-0;02938df5-6afb-d44e-582d-0b5eea40f8eb;51:88:0A:9E;0;AVIÁRIO MEIO;1.179,00;01/11/2025;20:01:56;20;1282-20
CO2;1282;CT-CO2-0;02938df5-6afb-d44e-582d-0b5eea40f8eb;51:88:0A:9E;0;AVIÁRIO MEIO;1.234,00;01/11/2025;20:07:28;20;1282-20
CO2;1282;CT-CO2-0;02938df5-6afb-d44e-582d-0b5eea40f8eb;51:88:0A:9E;0;AVIÁRIO MEIO;1.247,00;01/11/2025;20:13:01;20;1282-20
CO2;1282;CT-CO2-0;02938df5-6afb-d44e-582d-0b5eea40f8eb;51:88:0A:9E;0;AVIÁRIO MEIO;1.188,00;01/11/2025;20:18:03;20;1282-20
CO2;1282;CT-CO2-0;02938df5-6afb-d44e-582d-0b5eea40f8eb;51:88:0A:9E;0;AVIÁRIO MEIO;1.193,00;01/11/2025;20:23:35;20;1282-20
CO2;1282;CT-CO2-0;02938df5-6afb-d44e-582d-0b5eea40f8eb;51:88:0A:9E;0;AVIÁRIO MEIO;1.203,00;01/11/2025;20:29:07;20;1282-20
CO2;1282;CT-CO2-0;02938df5-6afb-d44e-582d-0b5eea40f8eb;51:88:0A:9E;0;AVIÁRIO MEIO;1.184,00;01/11/2025;20:34:41;20;1282-20
CO2;1282;CT-CO2-0;02938df5-6afb-d44e-582d-0b5eea40f8eb;51:88:0A:9E;0;AVIÁRIO MEIO;1.132,00;01/11/2025;20:39:44;20;1282-20
CO2;1282;CT-CO2-0;02938df5-6afb-d44e-582d-0b5eea40f8eb;51:88:0A:9E;0;AVIÁRIO MEIO;1.173,00;01/11/2025;20:50:18;20;1282-20
CO2;1282;CT-CO2-0;02938df5-6afb-d44e-582d-0b5eea40f8eb;51:88:0A:9E;0;AVIÁRIO MEIO;1.178,00;01/11/2025;20:55:51;20;1282-20
CO2;1282;CT-CO2-0;02938df5-6afb-d44e-582d-0b5eea40f8eb;51:88:0A:9E;0;AVIÁRIO MEIO;1.193,00;01/11/2025;21:01:25;20;1282-20
CO2;1282;CT-CO2-0;02938df5-6afb-d44e-582d-0b5eea40f8eb;51:88:0A:9E;0;AVIÁRIO MEIO;1.183,00;01/11/2025;21:06:58;20;1282-20
CO2;1282;CT-CO2-0;02938df5-6afb-d44e-582d-0b5eea40f8eb;51:88:0A:9E;0;AVIÁRIO MEIO;1.170,00;01/11/2025;21:12:31;20;1282-20
CO2;1282;CT-CO2-0;02938df5-6afb-d44e-582d-0b5eea40f8eb;51:88:0A:9E;0;AVIÁRIO MEIO;1.188,00;01/11/2025;21:18:03;20;1282-20
CO2;1282;CT-CO2-0;02938df5-6afb-d44e-582d-0b5eea40f8eb;51:88:0A:9E;0;AVIÁRIO MEIO;1.163,00;01/11/2025;21:23:06;20;1282-20
CO2;1282;CT-CO2-0;02938df5-6afb-d44e-582d-0b5eea40f8eb;51:88:0A:9E;0;AVIÁRIO MEIO;1.212,00;01/11/2025;21:28:38;20;1282-20
CO2;1282;CT-CO2-0;02938df5-6afb-d44e-582d-0b5eea40f8eb;51:88:0A:9E;0;AVIÁRIO MEIO;1.219,00;01/11/2025;21:34:09;20;1282-20
CO2;1282;CT-CO2-0;02938df5-6afb-d44e-582d-0b5eea40f8eb;51:88:0A:9E;0;AVIÁRIO MEIO;1.185,00;01/11/2025;21:39:42;20;1282-20
CO2;1282;CT-CO2-0;02938df5-6afb-d44e-582d-0b5eea40f8eb;51:88:0A:9E;0;AVIÁRIO MEIO;1.200,00;01/11/2025;21:44:44;20;1282-20
CO2;1282;CT-CO2-0;02938df5-6afb-d44e-582d-0b5eea40f8eb;51:88:0A:9E;0;AVIÁRIO MEIO;1.188,00;01/11/2025;21:50:16;20;1282-20
CO2;1282;CT-CO2-0;02938df5-6afb-d44e-582d-0b5eea40f8eb;51:88:0A:9E;0;AVIÁRIO MEIO;1.216,00;01/11/2025;21:55:48;20;1282-20
CO2;1282;CT-CO2-0;02938df5-6afb-d44e-582d-0b5eea40f8eb;51:88:0A:9E;0;AVIÁRIO MEIO;1.209,00;01/11/2025;22:00:55;20;1282-20
CO2;1282;CT-CO2-0;02938df5-6afb-d44e-582d-0b5eea40f8eb;51:88:0A:9E;0;AVIÁRIO MEIO;1.231,00;01/11/2025;22:06:27;20;1282-20
CO2;1282;CT-CO2-0;02938df5-6afb-d44e-582d-0b5eea40f8eb;51:88:0A:9E;0;AVIÁRIO MEIO;1.225,00;01/11/2025;22:11:30;20;1282-20
CO2;1282;CT-CO2-0;02938df5-6afb-d44e-582d-0b5eea40f8eb;51:88:0A:9E;0;AVIÁRIO MEIO;1.273,00;01/11/2025;22:17:04;20;1282-20
CO2;1282;CT-CO2-0;02938df5-6afb-d44e-582d-0b5eea40f8eb;51:88:0A:9E;0;AVIÁRIO MEIO;1.293,00;01/11/2025;22:22:37;20;1282-20
CO2;1282;CT-CO2-0;02938df5-6afb-d44e-582d-0b5eea40f8eb;51:88:0A:9E;0;AVIÁRIO MEIO;1.258,00;01/11/2025;22:27:39;20;1282-20
CO2;1282;CT-CO2-0;02938df5-6afb-d44e-582d-0b5eea40f8eb;51:88:0A:9E;0;AVIÁRIO MEIO;1.345,00;01/11/2025;22:33:11;20;1282-20
CO2;1282;CT-CO2-0;02938df5-6afb-d44e-582d-0b5eea40f8eb;51:88:0A:9E;0;AVIÁRIO MEIO;1.327,00;01/11/2025;22:38:44;20;1282-20
CO2;1282;CT-CO2-0;02938df5-6afb-d44e-582d-0b5eea40f8eb;51:88:0A:9E;0;AVIÁRIO MEIO;1.344,00;01/11/2025;22:43:45;20;1282-20
CO2;1282;CT-CO2-0;02938df5-6afb-d44e-582d-0b5eea40f8eb;51:88:0A:9E;0;AVIÁRIO MEIO;1.324,00;01/11/2025;22:49:49;20;1282-20
CO2;1282;CT-CO2-0;02938df5-6afb-d44e-582d-0b5eea40f8eb;51:88:0A:9E;0;AVIÁRIO MEIO;1.328,00;01/11/2025;22:54:51;20;1282-20
CO2;1282;CT-CO2-0;02938df5-6afb-d44e-582d-0b5eea40f8eb;51:88:0A:9E;0;AVIÁRIO MEIO;1.316,00;01/11/2025;23:00:22;20;1282-20
CO2;1282;CT-CO2-0;02938df5-6afb-d44e-582d-0b5eea40f8eb;51:88:0A:9E;0;AVIÁRIO MEIO;1.289,00;01/11/2025;23:05:24;20;1282-20
CO2;1282;CT-CO2-0;02938df5-6afb-d44e-582d-0b5eea40f8eb;51:88:0A:9E;0;AVIÁRIO MEIO;1.263,00;01/11/2025;23:10:56;20;1282-20
CO2;1282;CT-CO2-0;02938df5-6afb-d44e-582d-0b5eea40f8eb;51:88:0A:9E;0;AVIÁRIO MEIO;1.253,00;01/11/2025;23:16:28;20;1282-20
CO2;1282;CT-CO2-0;02938df5-6afb-d44e-582d-0b5eea40f8eb;51:88:0A:9E;0;AVIÁRIO MEIO;1.279,00;01/11/2025;23:22:00;20;1282-20
CO2;1282;CT-CO2-0;02938df5-6afb-d44e-582d-0b5eea40f8eb;51:88:0A:9E;0;AVIÁRIO MEIO;1.258,00;01/11/2025;23:27:02;20;1282-20
CO2;1282;CT-CO2-0;02938df5-6afb-d44e-582d-0b5eea40f8eb;51:88:0A:9E;0;AVIÁRIO MEIO;1.244,00;01/11/2025;23:32:34;20;1282-20
CO2;1282;CT-CO2-0;02938df5-6afb-d44e-582d-0b5eea40f8eb;51:88:0A:9E;0;AVIÁRIO MEIO;1.248,00;01/11/2025;23:38:07;20;1282-20
CO2;1282;CT-CO2-0;02938df5-6afb-d44e-582d-0b5eea40f8eb;51:88:0A:9E;0;AVIÁRIO MEIO;1.238,00;01/11/2025;23:43:40;20;1282-20
CO2;1282;CT-CO2-0;02938df5-6afb-d44e-582d-0b5eea40f8eb;51:88:0A:9E;0;AVIÁRIO MEIO;1.234,00;01/11/2025;23:48:59;20;1282-20
CO2;1282;CT-CO2-0;02938df5-6afb-d44e-582d-0b5eea40f8eb;51:88:0A:9E;0;AVIÁRIO MEIO;1.264,00;01/11/2025;23:55:04;20;1282-20
CO2;1282;CT-CO2-0;02938df5-6afb-d44e-582d-0b5eea40f8eb;51:88:0A:9E;0;AVIÁRIO MEIO;1.218,00;02/11/2025;00:11:03;20;1282-20
CO2;1282;CT-CO2-0;02938df5-6afb-d44e-582d-0b5eea40f8eb;51:88:0A:9E;0;AVIÁRIO MEIO;1.215,00;02/11/2025;00:16:05;20;1282-20
CO2;1282;CT-CO2-0;02938df5-6afb-d44e-582d-0b5eea40f8eb;51:88:0A:9E;0;AVIÁRIO MEIO;1.247,00;02/11/2025;00:21:37;20;1282-20
CO2;1282;CT-CO2-0;02938df5-6afb-d44e-582d-0b5eea40f8eb;51:88:0A:9E;0;AVIÁRIO MEIO;1.183,00;02/11/2025;00:27:09;20;1282-20
CO2;1282;CT-CO2-0;02938df5-6afb-d44e-582d-0b5eea40f8eb;51:88:0A:9E;0;AVIÁRIO MEIO;1.213,00;02/11/2025;00:32:11;20;1282-20
CO2;1282;CT-CO2-0;02938df5-6afb-d44e-582d-0b5eea40f8eb;51:88:0A:9E;0;AVIÁRIO MEIO;1.225,00;02/11/2025;00:37:42;20;1282-20
CO2;1282;CT-CO2-0;02938df5-6afb-d44e-582d-0b5eea40f8eb;51:88:0A:9E;0;AVIÁRIO MEIO;1.165,00;02/11/2025;00:43:14;20;1282-20
CO2;1282;CT-CO2-0;02938df5-6afb-d44e-582d-0b5eea40f8eb;51:88:0A:9E;0;AVIÁRIO MEIO;1.201,00;02/11/2025;00:48:47;20;1282-20
CO2;1282;CT-CO2-0;02938df5-6afb-d44e-582d-0b5eea40f8eb;51:88:0A:9E;0;AVIÁRIO MEIO;1.216,00;02/11/2025;00:53:49;20;1282-20
CO2;1282;CT-CO2-0;02938df5-6afb-d44e-582d-0b5eea40f8eb;51:88:0A:9E;0;AVIÁRIO MEIO;1.192,00;02/11/2025;00:59:22;20;1282-20
CO2;1282;CT-CO2-0;02938df5-6afb-d44e-582d-0b5eea40f8eb;51:88:0A:9E;0;AVIÁRIO MEIO;1.251,00;02/11/2025;01:09:58;20;1282-20
CO2;1282;CT-CO2-0;02938df5-6afb-d44e-582d-0b5eea40f8eb;51:88:0A:9E;0;AVIÁRIO MEIO;1.162,00;02/11/2025;01:15:31;20;1282-20
CO2;1282;CT-CO2-0;02938df5-6afb-d44e-582d-0b5eea40f8eb;51:88:0A:9E;0;AVIÁRIO MEIO;1.199,00;02/11/2025;01:21:03;20;1282-20
CO2;1282;CT-CO2-0;02938df5-6afb-d44e-582d-0b5eea40f8eb;51:88:0A:9E;0;AVIÁRIO MEIO;1.191,00;02/11/2025;01:26:05;20;1282-20
CO2;1282;CT-CO2-0;02938df5-6afb-d44e-582d-0b5eea40f8eb;51:88:0A:9E;0;AVIÁRIO MEIO;1.169,00;02/11/2025;01:31:37;20;1282-20
CO2;1282;CT-CO2-0;02938df5-6afb-d44e-582d-0b5eea40f8eb;51:88:0A:9E;0;AVIÁRIO MEIO;1.190,00;02/11/2025;01:37:09;20;1282-20
CO2;1282;CT-CO2-0;02938df5-6afb-d44e-582d-0b5eea40f8eb;51:88:0A:9E;0;AVIÁRIO MEIO;1.231,00;02/11/2025;01:42:11;20;1282-20
CO2;1282;CT-CO2-0;02938df5-6afb-d44e-582d-0b5eea40f8eb;51:88:0A:9E;0;AVIÁRIO MEIO;1.181,00;02/11/2025;01:47:43;20;1282-20
CO2;1282;CT-CO2-0;02938df5-6afb-d44e-582d-0b5eea40f8eb;51:88:0A:9E;0;AVIÁRIO MEIO;1.162,00;02/11/2025;01:53:14;20;1282-20
CO2;1282;CT-CO2-0;02938df5-6afb-d44e-582d-0b5eea40f8eb;51:88:0A:9E;0;AVIÁRIO MEIO;1.185,00;02/11/2025;01:58:46;20;1282-20
CO2;1282;CT-CO2-0;02938df5-6afb-d44e-582d-0b5eea40f8eb;51:88:0A:9E;0;AVIÁRIO MEIO;1.190,00;02/11/2025;02:03:48;20;1282-20
CO2;1282;CT-CO2-0;02938df5-6afb-d44e-582d-0b5eea40f8eb;51:88:0A:9E;0;AVIÁRIO MEIO;1.212,00;02/11/2025;02:09:20;20;1282-20
CO2;1282;CT-CO2-0;02938df5-6afb-d44e-582d-0b5eea40f8eb;51:88:0A:9E;0;AVIÁRIO MEIO;1.160,00;02/11/2025;02:19:55;20;1282-20
CO2;1282;CT-CO2-0;02938df5-6afb-d44e-582d-0b5eea40f8eb;51:88:0A:9E;0;AVIÁRIO MEIO;1.185,00;02/11/2025;02:25:27;20;1282-20
CO2;1282;CT-CO2-0;02938df5-6afb-d44e-582d-0b5eea40f8eb;51:88:0A:9E;0;AVIÁRIO MEIO;1.128,00;02/11/2025;04:24:13;20;1282-20
CO2;1282;CT-CO2-0;02938df5-6afb-d44e-582d-0b5eea40f8eb;51:88:0A:9E;0;AVIÁRIO MEIO;1.153,00;02/11/2025;04:29:45;20;1282-20
CO2;1282;CT-CO2-0;02938df5-6afb-d44e-582d-0b5eea40f8eb;51:88:0A:9E;0;AVIÁRIO MEIO;1.171,00;02/11/2025;04:34:47;20;1282-20
CO2;1282;CT-CO2-0;02938df5-6afb-d44e-582d-0b5eea40f8eb;51:88:0A:9E;0;AVIÁRIO MEIO;1.173,00;02/11/2025;04:40:19;20;1282-20
CO2;1282;CT-CO2-0;02938df5-6afb-d44e-582d-0b5eea40f8eb;51:88:0A:9E;0;AVIÁRIO MEIO;1.144,00;02/11/2025;04:45:51;20;1282-20
CO2;1282;CT-CO2-0;02938df5-6afb-d44e-582d-0b5eea40f8eb;51:88:0A:9E;0;AVIÁRIO MEIO;1.218,00;02/11/2025;04:50:52;20;1282-20
CO2;1282;CT-CO2-0;02938df5-6afb-d44e-582d-0b5eea40f8eb;51:88:0A:9E;0;AVIÁRIO MEIO;1.147,00;02/11/2025;04:56:24;20;1282-20
CO2;1282;CT-CO2-0;02938df5-6afb-d44e-582d-0b5eea40f8eb;51:88:0A:9E;0;AVIÁRIO MEIO;1.199,00;02/11/2025;05:01:56;20;1282-20
CO2;1282;CT-CO2-0;02938df5-6afb-d44e-582d-0b5eea40f8eb;51:88:0A:9E;0;AVIÁRIO MEIO;1.143,00;02/11/2025;05:06:59;20;1282-20
CO2;1282;CT-CO2-0;02938df5-6afb-d44e-582d-0b5eea40f8eb;51:88:0A:9E;0;AVIÁRIO MEIO;1.168,00;02/11/2025;05:12:32;20;1282-20
CO2;1282;CT-CO2-0;02938df5-6afb-d44e-582d-0b5eea40f8eb;51:88:0A:9E;0;AVIÁRIO MEIO;1.166,00;02/11/2025;05:18:04;20;1282-20
CO2;1282;CT-CO2-0;02938df5-6afb-d44e-582d-0b5eea40f8eb;51:88:0A:9E;0;AVIÁRIO MEIO;1.155,00;02/11/2025;05:23:06;20;1282-20
CO2;1282;CT-CO2-0;02938df5-6afb-d44e-582d-0b5eea40f8eb;51:88:0A:9E;0;AVIÁRIO MEIO;1.129,00;02/11/2025;05:29:10;20;1282-20
CO2;1282;CT-CO2-0;02938df5-6afb-d44e-582d-0b5eea40f8eb;51:88:0A:9E;0;AVIÁRIO MEIO;1.154,00;02/11/2025;05:34:13;20;1282-20
CO2;1282;CT-CO2-0;02938df5-6afb-d44e-582d-0b5eea40f8eb;51:88:0A:9E;0;AVIÁRIO MEIO;1.137,00;02/11/2025;05:39:15;20;1282-20
CO2;1282;CT-CO2-0;02938df5-6afb-d44e-582d-0b5eea40f8eb;51:88:0A:9E;0;AVIÁRIO MEIO;1.124,00;02/11/2025;05:44:47;20;1282-20
CO2;1282;CT-CO2-0;02938df5-6afb-d44e-582d-0b5eea40f8eb;51:88:0A:9E;0;AVIÁRIO MEIO;1.186,00;02/11/2025;05:50:19;20;1282-20
CO2;1282;CT-CO2-0;02938df5-6afb-d44e-582d-0b5eea40f8eb;51:88:0A:9E;0;AVIÁRIO MEIO;1.143,00;02/11/2025;05:55:51;20;1282-20
CO2;1282;CT-CO2-0;02938df5-6afb-d44e-582d-0b5eea40f8eb;51:88:0A:9E;0;AVIÁRIO MEIO;1.170,00;02/11/2025;06:00:54;20;1282-20
CO2;1282;CT-CO2-0;02938df5-6afb-d44e-582d-0b5eea40f8eb;51:88:0A:9E;0;AVIÁRIO MEIO;1.168,00;02/11/2025;06:06:26;20;1282-20
CO2;1282;CT-CO2-0;02938df5-6afb-d44e-582d-0b5eea40f8eb;51:88:0A:9E;0;AVIÁRIO MEIO;1.162,00;02/11/2025;06:11:59;20;1282-20
CO2;1282;CT-CO2-0;02938df5-6afb-d44e-582d-0b5eea40f8eb;51:88:0A:9E;0;AVIÁRIO MEIO;1.169,00;02/11/2025;06:17:01;20;1282-20
CO2;1282;CT-CO2-0;02938df5-6afb-d44e-582d-0b5eea40f8eb;51:88:0A:9E;0;AVIÁRIO MEIO;1.155,00;02/11/2025;06:22:35;20;1282-20
CO2;1282;CT-CO2-0;02938df5-6afb-d44e-582d-0b5eea40f8eb;51:88:0A:9E;0;AVIÁRIO MEIO;1.145,00;02/11/2025;06:28:13;20;1282-20
CO2;1282;CT-CO2-0;02938df5-6afb-d44e-582d-0b5eea40f8eb;51:88:0A:9E;0;AVIÁRIO MEIO;1.208,00;02/11/2025;06:33:17;20;1282-20
CO2;1282;CT-CO2-0;02938df5-6afb-d44e-582d-0b5eea40f8eb;51:88:0A:9E;0;AVIÁRIO MEIO;1.196,00;02/11/2025;06:39:21;20;1282-20
CO2;1282;CT-CO2-0;02938df5-6afb-d44e-582d-0b5eea40f8eb;51:88:0A:9E;0;AVIÁRIO MEIO;1.236,00;02/11/2025;06:43:53;20;1282-20
CO2;1282;CT-CO2-0;02938df5-6afb-d44e-582d-0b5eea40f8eb;51:88:0A:9E;0;AVIÁRIO MEIO;1.233,00;02/11/2025;06:49:26;20;1282-20
CO2;1282;CT-CO2-0;02938df5-6afb-d44e-582d-0b5eea40f8eb;51:88:0A:9E;0;AVIÁRIO MEIO;1.282,00;02/11/2025;06:54:58;20;1282-20
CO2;1282;CT-CO2-0;02938df5-6afb-d44e-582d-0b5eea40f8eb;51:88:0A:9E;0;AVIÁRIO MEIO;1.236,00;02/11/2025;07:00:30;20;1282-20
CO2;1282;CT-CO2-0;02938df5-6afb-d44e-582d-0b5eea40f8eb;51:88:0A:9E;0;AVIÁRIO MEIO;1.285,00;02/11/2025;07:05:33;20;1282-20
CO2;1282;CT-CO2-0;02938df5-6afb-d44e-582d-0b5eea40f8eb;51:88:0A:9E;0;AVIÁRIO MEIO;1.263,00;02/11/2025;07:11:05;20;1282-20
CO2;1282;CT-CO2-0;02938df5-6afb-d44e-582d-0b5eea40f8eb;51:88:0A:9E;0;AVIÁRIO MEIO;1.274,00;02/11/2025;07:16:37;20;1282-20
CO2;1282;CT-CO2-0;02938df5-6afb-d44e-582d-0b5eea40f8eb;51:88:0A:9E;0;AVIÁRIO MEIO;1.275,00;02/11/2025;07:21:39;20;1282-20
CO2;1282;CT-CO2-0;02938df5-6afb-d44e-582d-0b5eea40f8eb;51:88:0A:9E;0;AVIÁRIO MEIO;1.287,00;02/11/2025;07:27:11;20;1282-20
CO2;1282;CT-CO2-0;02938df5-6afb-d44e-582d-0b5eea40f8eb;51:88:0A:9E;0;AVIÁRIO MEIO;1.273,00;02/11/2025;07:32:43;20;1282-20
CO2;1282;CT-CO2-0;02938df5-6afb-d44e-582d-0b5eea40f8eb;51:88:0A:9E;0;AVIÁRIO MEIO;1.248,00;02/11/2025;07:37:46;20;1282-20
CO2;1282;CT-CO2-0;02938df5-6afb-d44e-582d-0b5eea40f8eb;51:88:0A:9E;0;AVIÁRIO MEIO;1.259,00;02/11/2025;07:43:17;20;1282-20
CO2;1282;CT-CO2-0;02938df5-6afb-d44e-582d-0b5eea40f8eb;51:88:0A:9E;0;AVIÁRIO MEIO;1.229,00;02/11/2025;07:49:21;20;1282-20
CO2;1282;CT-CO2-0;02938df5-6afb-d44e-582d-0b5eea40f8eb;51:88:0A:9E;0;AVIÁRIO MEIO;1.243,00;02/11/2025;07:53:52;20;1282-20
CO2;1282;CT-CO2-0;02938df5-6afb-d44e-582d-0b5eea40f8eb;51:88:0A:9E;0;AVIÁRIO MEIO;1.289,00;02/11/2025;07:59:24;20;1282-20
CO2;1282;CT-CO2-0;02938df5-6afb-d44e-582d-0b5eea40f8eb;51:88:0A:9E;0;AVIÁRIO MEIO;1.169,00;02/11/2025;08:04:56;20;1282-20
CO2;1282;CT-CO2-0;02938df5-6afb-d44e-582d-0b5eea40f8eb;51:88:0A:9E;0;AVIÁRIO MEIO;1.164,00;02/11/2025;08:10:28;20;1282-20
CO2;1282;CT-CO2-0;02938df5-6afb-d44e-582d-0b5eea40f8eb;51:88:0A:9E;0;AVIÁRIO MEIO;1.167,00;02/11/2025;08:15:30;20;1282-20
CO2;1282;CT-CO2-0;02938df5-6afb-d44e-582d-0b5eea40f8eb;51:88:0A:9E;0;AVIÁRIO MEIO;1.184,00;02/11/2025;08:21:02;20;1282-20
CO2;1282;CT-CO2-0;02938df5-6afb-d44e-582d-0b5eea40f8eb;51:88:0A:9E;0;AVIÁRIO MEIO;1.214,00;02/11/2025;08:26:35;20;1282-20
CO2;1282;CT-CO2-0;02938df5-6afb-d44e-582d-0b5eea40f8eb;51:88:0A:9E;0;AVIÁRIO MEIO;1.131,00;02/11/2025;08:31:39;20;1282-20
CO2;1282;CT-CO2-0;02938df5-6afb-d44e-582d-0b5eea40f8eb;51:88:0A:9E;0;AVIÁRIO MEIO;1.131,00;02/11/2025;08:46:45;20;1282-20
CO2;1282;CT-CO2-0;02938df5-6afb-d44e-582d-0b5eea40f8eb;51:88:0A:9E;0;AVIÁRIO MEIO;1.108,00;02/11/2025;08:52:16;20;1282-20
CO2;1282;CT-CO2-0;02938df5-6afb-d44e-582d-0b5eea40f8eb;51:88:0A:9E;0;AVIÁRIO MEIO;1.144,00;02/11/2025;08:58:20;20;1282-20
CO2;1282;CT-CO2-0;02938df5-6afb-d44e-582d-0b5eea40f8eb;51:88:0A:9E;0;AVIÁRIO MEIO;1.120,00;02/11/2025;09:02:53;20;1282-20
CO2;1282;CT-CO2-0;02938df5-6afb-d44e-582d-0b5eea40f8eb;51:88:0A:9E;0;AVIÁRIO MEIO;1.103,00;02/11/2025;09:08:25;20;1282-20
CO2;1282;CT-CO2-0;02938df5-6afb-d44e-582d-0b5eea40f8eb;51:88:0A:9E;0;AVIÁRIO MEIO;1.161,00;02/11/2025;09:13:57;20;1282-20
CO2;1282;CT-CO2-0;02938df5-6afb-d44e-582d-0b5eea40f8eb;51:88:0A:9E;0;AVIÁRIO MEIO;1.156,00;02/11/2025;09:18:59;20;1282-20
CO2;1282;CT-CO2-0;02938df5-6afb-d44e-582d-0b5eea40f8eb;51:88:0A:9E;0;AVIÁRIO MEIO;1.142,00;02/11/2025;09:24:31;20;1282-20
CO2;1282;CT-CO2-0;02938df5-6afb-d44e-582d-0b5eea40f8eb;51:88:0A:9E;0;AVIÁRIO MEIO;1.126,00;02/11/2025;09:30:03;20;1282-20
CO2;1282;CT-CO2-0;02938df5-6afb-d44e-582d-0b5eea40f8eb;51:88:0A:9E;0;AVIÁRIO MEIO;1.094,00;02/11/2025;09:35:06;20;1282-20
CO2;1282;CT-CO2-0;02938df5-6afb-d44e-582d-0b5eea40f8eb;51:88:0A:9E;0;AVIÁRIO MEIO;1.091,00;02/11/2025;09:40:37;20;1282-20
CO2;1282;CT-CO2-0;02938df5-6afb-d44e-582d-0b5eea40f8eb;51:88:0A:9E;0;AVIÁRIO MEIO;1.108,00;02/11/2025;09:46:09;20;1282-20
CO2;1282;CT-CO2-0;02938df5-6afb-d44e-582d-0b5eea40f8eb;51:88:0A:9E;0;AVIÁRIO MEIO;1.145,00;02/11/2025;09:51:11;20;1282-20
CO2;1282;CT-CO2-0;02938df5-6afb-d44e-582d-0b5eea40f8eb;51:88:0A:9E;0;AVIÁRIO MEIO;1.126,00;02/11/2025;09:56:43;20;1282-20
CO2;1282;CT-CO2-0;02938df5-6afb-d44e-582d-0b5eea40f8eb;51:88:0A:9E;0;AVIÁRIO MEIO;1.012,00;02/11/2025;10:02:16;20;1282-20
CO2;1282;CT-CO2-0;02938df5-6afb-d44e-582d-0b5eea40f8eb;51:88:0A:9E;0;AVIÁRIO MEIO;919,00;02/11/2025;10:07:49;20;1282-20
CO2;1282;CT-CO2-0;02938df5-6afb-d44e-582d-0b5eea40f8eb;51:88:0A:9E;0;AVIÁRIO MEIO;886,00;02/11/2025;10:12:51;20;1282-20
CO2;1282;CT-CO2-0;02938df5-6afb-d44e-582d-0b5eea40f8eb;51:88:0A:9E;0;AVIÁRIO MEIO;896,00;02/11/2025;10:18:23;20;1282-20
CO2;1282;CT-CO2-0;02938df5-6afb-d44e-582d-0b5eea40f8eb;51:88:0A:9E;0;AVIÁRIO MEIO;895,00;02/11/2025;10:23:55;20;1282-20
CO2;1282;CT-CO2-0;02938df5-6afb-d44e-582d-0b5eea40f8eb;51:88:0A:9E;0;AVIÁRIO MEIO;904,00;02/11/2025;10:29:01;20;1282-20
CO2;1282;CT-CO2-0;02938df5-6afb-d44e-582d-0b5eea40f8eb;51:88:0A:9E;0;AVIÁRIO MEIO;897,00;02/11/2025;10:34:32;20;1282-20
CO2;1282;CT-CO2-0;02938df5-6afb-d44e-582d-0b5eea40f8eb;51:88:0A:9E;0;AVIÁRIO MEIO;877,00;02/11/2025;10:39:36;20;1282-20
CO2;1282;CT-CO2-0;02938df5-6afb-d44e-582d-0b5eea40f8eb;51:88:0A:9E;0;AVIÁRIO MEIO;919,00;02/11/2025;10:45:11;20;1282-20
CO2;1282;CT-CO2-0;02938df5-6afb-d44e-582d-0b5eea40f8eb;51:88:0A:9E;0;AVIÁRIO MEIO;909,00;02/11/2025;10:50:42;20;1282-20
CO2;1282;CT-CO2-0;02938df5-6afb-d44e-582d-0b5eea40f8eb;51:88:0A:9E;0;AVIÁRIO MEIO;866,00;02/11/2025;10:55:46;20;1282-20
CO2;1282;CT-CO2-0;02938df5-6afb-d44e-582d-0b5eea40f8eb;51:88:0A:9E;0;AVIÁRIO MEIO;775,00;02/11/2025;11:01:17;20;1282-20
CO2;1282;CT-CO2-0;02938df5-6afb-d44e-582d-0b5eea40f8eb;51:88:0A:9E;0;AVIÁRIO MEIO;768,00;02/11/2025;11:06:51;20;1282-20
CO2;1282;CT-CO2-0;02938df5-6afb-d44e-582d-0b5eea40f8eb;51:88:0A:9E;0;AVIÁRIO MEIO;756,00;02/11/2025;11:11:53;20;1282-20
CO2;1282;CT-CO2-0;02938df5-6afb-d44e-582d-0b5eea40f8eb;51:88:0A:9E;0;AVIÁRIO MEIO;776,00;02/11/2025;11:17:58;20;1282-20
CO2;1282;CT-CO2-0;02938df5-6afb-d44e-582d-0b5eea40f8eb;51:88:0A:9E;0;AVIÁRIO MEIO;760,00;02/11/2025;11:23:00;20;1282-20
CO2;1282;CT-CO2-0;02938df5-6afb-d44e-582d-0b5eea40f8eb;51:88:0A:9E;0;AVIÁRIO MEIO;716,00;02/11/2025;11:28:02;20;1282-20
CO2;1282;CT-CO2-0;02938df5-6afb-d44e-582d-0b5eea40f8eb;51:88:0A:9E;0;AVIÁRIO MEIO;718,00;02/11/2025;11:33:34;20;1282-20
CO2;1282;CT-CO2-0;02938df5-6afb-d44e-582d-0b5eea40f8eb;51:88:0A:9E;0;AVIÁRIO MEIO;708,00;02/11/2025;11:39:07;20;1282-20
CO2;1282;CT-CO2-0;02938df5-6afb-d44e-582d-0b5eea40f8eb;51:88:0A:9E;0;AVIÁRIO MEIO;725,00;02/11/2025;11:44:11;20;1282-20
CO2;1282;CT-CO2-0;02938df5-6afb-d44e-582d-0b5eea40f8eb;51:88:0A:9E;0;AVIÁRIO MEIO;715,00;02/11/2025;11:49:43;20;1282-20
CO2;1282;CT-CO2-0;02938df5-6afb-d44e-582d-0b5eea40f8eb;51:88:0A:9E;0;AVIÁRIO MEIO;738,00;02/11/2025;11:55:15;20;1282-20
CO2;1282;CT-CO2-0;02938df5-6afb-d44e-582d-0b5eea40f8eb;51:88:0A:9E;0;AVIÁRIO MEIO;728,00;02/11/2025;12:00:48;20;1282-20
CO2;1282;CT-CO2-0;02938df5-6afb-d44e-582d-0b5eea40f8eb;51:88:0A:9E;0;AVIÁRIO MEIO;724,00;02/11/2025;12:05:50;20;1282-20
CO2;1282;CT-CO2-0;02938df5-6afb-d44e-582d-0b5eea40f8eb;51:88:0A:9E;0;AVIÁRIO MEIO;733,00;02/11/2025;12:11:22;20;1282-20
CO2;1282;CT-CO2-0;02938df5-6afb-d44e-582d-0b5eea40f8eb;51:88:0A:9E;0;AVIÁRIO MEIO;724,00;02/11/2025;12:16:54;20;1282-20
CO2;1282;CT-CO2-0;02938df5-6afb-d44e-582d-0b5eea40f8eb;51:88:0A:9E;0;AVIÁRIO MEIO;718,00;02/11/2025;12:21:56;20;1282-20
CO2;1282;CT-CO2-0;02938df5-6afb-d44e-582d-0b5eea40f8eb;51:88:0A:9E;0;AVIÁRIO MEIO;720,00;02/11/2025;12:28:00;20;1282-20
CO2;1282;CT-CO2-0;02938df5-6afb-d44e-582d-0b5eea40f8eb;51:88:0A:9E;0;AVIÁRIO MEIO;717,00;02/11/2025;12:33:02;20;1282-20
CO2;1282;CT-CO2-0;02938df5-6afb-d44e-582d-0b5eea40f8eb;51:88:0A:9E;0;AVIÁRIO MEIO;724,00;02/11/2025;12:38:03;20;1282-20
CO2;1282;CT-CO2-0;02938df5-6afb-d44e-582d-0b5eea40f8eb;51:88:0A:9E;0;AVIÁRIO MEIO;721,00;02/11/2025;12:43:36;20;1282-20
CO2;1282;CT-CO2-0;02938df5-6afb-d44e-582d-0b5eea40f8eb;51:88:0A:9E;0;AVIÁRIO MEIO;722,00;02/11/2025;12:49:09;20;1282-20
CO2;1282;CT-CO2-0;02938df5-6afb-d44e-582d-0b5eea40f8eb;51:88:0A:9E;0;AVIÁRIO MEIO;736,00;02/11/2025;12:54:12;20;1282-20
CO2;1282;CT-CO2-0;02938df5-6afb-d44e-582d-0b5eea40f8eb;51:88:0A:9E;0;AVIÁRIO MEIO;719,00;02/11/2025;12:59:44;20;1282-20
CO2;1282;CT-CO2-0;02938df5-6afb-d44e-582d-0b5eea40f8eb;51:88:0A:9E;0;AVIÁRIO MEIO;709,00;02/11/2025;13:05:16;20;1282-20
CO2;1282;CT-CO2-0;02938df5-6afb-d44e-582d-0b5eea40f8eb;51:88:0A:9E;0;AVIÁRIO MEIO;666,00;02/11/2025;13:10:19;20;1282-20
CO2;1282;CT-CO2-0;02938df5-6afb-d44e-582d-0b5eea40f8eb;51:88:0A:9E;0;AVIÁRIO MEIO;706,00;02/11/2025;13:15:51;20;1282-20
CO2;1282;CT-CO2-0;02938df5-6afb-d44e-582d-0b5eea40f8eb;51:88:0A:9E;0;AVIÁRIO MEIO;660,00;02/11/2025;13:21:25;20;1282-20
CO2;1282;CT-CO2-0;02938df5-6afb-d44e-582d-0b5eea40f8eb;51:88:0A:9E;0;AVIÁRIO MEIO;654,00;02/11/2025;13:26:27;20;1282-20
CO2;1282;CT-CO2-0;02938df5-6afb-d44e-582d-0b5eea40f8eb;51:88:0A:9E;0;AVIÁRIO MEIO;664,00;02/11/2025;13:31:59;20;1282-20
CO2;1282;CT-CO2-0;02938df5-6afb-d44e-582d-0b5eea40f8eb;51:88:0A:9E;0;AVIÁRIO MEIO;664,00;02/11/2025;13:38:03;20;1282-20
CO2;1282;CT-CO2-0;02938df5-6afb-d44e-582d-0b5eea40f8eb;51:88:0A:9E;0;AVIÁRIO MEIO;682,00;02/11/2025;13:43:10;20;1282-20
CO2;1282;CT-CO2-0;02938df5-6afb-d44e-582d-0b5eea40f8eb;51:88:0A:9E;0;AVIÁRIO MEIO;676,00;02/11/2025;13:48:14;20;1282-20
CO2;1282;CT-CO2-0;02938df5-6afb-d44e-582d-0b5eea40f8eb;51:88:0A:9E;0;AVIÁRIO MEIO;660,00;02/11/2025;13:53:46;20;1282-20
CO2;1282;CT-CO2-0;02938df5-6afb-d44e-582d-0b5eea40f8eb;51:88:0A:9E;0;AVIÁRIO MEIO;669,00;02/11/2025;13:58:49;20;1282-20
CO2;1282;CT-CO2-0;02938df5-6afb-d44e-582d-0b5eea40f8eb;51:88:0A:9E;0;AVIÁRIO MEIO;664,00;02/11/2025;14:04:22;20;1282-20
CO2;1282;CT-CO2-0;02938df5-6afb-d44e-582d-0b5eea40f8eb;51:88:0A:9E;0;AVIÁRIO MEIO;666,00;02/11/2025;14:09:56;20;1282-20
CO2;1282;CT-CO2-0;02938df5-6afb-d44e-582d-0b5eea40f8eb;51:88:0A:9E;0;AVIÁRIO MEIO;652,00;02/11/2025;14:14:58;20;1282-20
CO2;1282;CT-CO2-0;02938df5-6afb-d44e-582d-0b5eea40f8eb;51:88:0A:9E;0;AVIÁRIO MEIO;658,00;02/11/2025;14:20:31;20;1282-20
CO2;1282;CT-CO2-0;02938df5-6afb-d44e-582d-0b5eea40f8eb;51:88:0A:9E;0;AVIÁRIO MEIO;644,00;02/11/2025;14:26:04;20;1282-20
CO2;1282;CT-CO2-0;02938df5-6afb-d44e-582d-0b5eea40f8eb;51:88:0A:9E;0;AVIÁRIO MEIO;642,00;02/11/2025;14:31:08;20;1282-20
CO2;1282;CT-CO2-0;02938df5-6afb-d44e-582d-0b5eea40f8eb;51:88:0A:9E;0;AVIÁRIO MEIO;647,00;02/11/2025;14:36:41;20;1282-20
CO2;1282;CT-CO2-0;02938df5-6afb-d44e-582d-0b5eea40f8eb;51:88:0A:9E;0;AVIÁRIO MEIO;712,00;02/11/2025;14:42:14;20;1282-20
CO2;1282;CT-CO2-0;02938df5-6afb-d44e-582d-0b5eea40f8eb;51:88:0A:9E;0;AVIÁRIO MEIO;647,00;02/11/2025;14:47:49;20;1282-20
CO2;1282;CT-CO2-0;02938df5-6afb-d44e-582d-0b5eea40f8eb;51:88:0A:9E;0;AVIÁRIO MEIO;621,00;02/11/2025;14:52:52;20;1282-20
CO2;1282;CT-CO2-0;02938df5-6afb-d44e-582d-0b5eea40f8eb;51:88:0A:9E;0;AVIÁRIO MEIO;634,00;02/11/2025;14:58:25;20;1282-20
CO2;1282;CT-CO2-0;02938df5-6afb-d44e-582d-0b5eea40f8eb;51:88:0A:9E;0;AVIÁRIO MEIO;631,00;02/11/2025;15:03:27;20;1282-20
CO2;1282;CT-CO2-0;02938df5-6afb-d44e-582d-0b5eea40f8eb;51:88:0A:9E;0;AVIÁRIO MEIO;635,00;02/11/2025;15:08:59;20;1282-20
CO2;1282;CT-CO2-0;02938df5-6afb-d44e-582d-0b5eea40f8eb;51:88:0A:9E;0;AVIÁRIO MEIO;638,00;02/11/2025;15:14:31;20;1282-20
CO2;1282;CT-CO2-0;02938df5-6afb-d44e-582d-0b5eea40f8eb;51:88:0A:9E;0;AVIÁRIO MEIO;664,00;02/11/2025;15:19:33;20;1282-20
CO2;1282;CT-CO2-0;02938df5-6afb-d44e-582d-0b5eea40f8eb;51:88:0A:9E;0;AVIÁRIO MEIO;626,00;02/11/2025;15:25:04;20;1282-20
CO2;1282;CT-CO2-0;02938df5-6afb-d44e-582d-0b5eea40f8eb;51:88:0A:9E;0;AVIÁRIO MEIO;663,00;02/11/2025;15:30:36;20;1282-20
CO2;1282;CT-CO2-0;02938df5-6afb-d44e-582d-0b5eea40f8eb;51:88:0A:9E;0;AVIÁRIO MEIO;666,00;02/11/2025;15:35:39;20;1282-20
CO2;1282;CT-CO2-0;02938df5-6afb-d44e-582d-0b5eea40f8eb;51:88:0A:9E;0;AVIÁRIO MEIO;655,00;02/11/2025;15:41:11;20;1282-20
CO2;1282;CT-CO2-0;02938df5-6afb-d44e-582d-0b5eea40f8eb;51:88:0A:9E;0;AVIÁRIO MEIO;680,00;02/11/2025;15:46:42;20;1282-20
CO2;1282;CT-CO2-0;02938df5-6afb-d44e-582d-0b5eea40f8eb;51:88:0A:9E;0;AVIÁRIO MEIO;686,00;02/11/2025;15:52:15;20;1282-20
CO2;1282;CT-CO2-0;02938df5-6afb-d44e-582d-0b5eea40f8eb;51:88:0A:9E;0;AVIÁRIO MEIO;674,00;02/11/2025;15:57:49;20;1282-20
CO2;1282;CT-CO2-0;02938df5-6afb-d44e-582d-0b5eea40f8eb;51:88:0A:9E;0;AVIÁRIO MEIO;676,00;02/11/2025;16:02:50;20;1282-20
CO2;1282;CT-CO2-0;02938df5-6afb-d44e-582d-0b5eea40f8eb;51:88:0A:9E;0;AVIÁRIO MEIO;684,00;02/11/2025;16:08:23;20;1282-20
CO2;1282;CT-CO2-0;02938df5-6afb-d44e-582d-0b5eea40f8eb;51:88:0A:9E;0;AVIÁRIO MEIO;665,00;02/11/2025;16:13:24;20;1282-20
CO2;1282;CT-CO2-0;02938df5-6afb-d44e-582d-0b5eea40f8eb;51:88:0A:9E;0;AVIÁRIO MEIO;666,00;02/11/2025;16:18:57;20;1282-20
CO2;1282;CT-CO2-0;02938df5-6afb-d44e-582d-0b5eea40f8eb;51:88:0A:9E;0;AVIÁRIO MEIO;669,00;02/11/2025;16:24:29;20;1282-20
CO2;1282;CT-CO2-0;02938df5-6afb-d44e-582d-0b5eea40f8eb;51:88:0A:9E;0;AVIÁRIO MEIO;653,00;02/11/2025;16:29:32;20;1282-20
CO2;1282;CT-CO2-0;02938df5-6afb-d44e-582d-0b5eea40f8eb;51:88:0A:9E;0;AVIÁRIO MEIO;668,00;02/11/2025;16:35:04;20;1282-20
CO2;1282;CT-CO2-0;02938df5-6afb-d44e-582d-0b5eea40f8eb;51:88:0A:9E;0;AVIÁRIO MEIO;712,00;02/11/2025;16:40:37;20;1282-20
CO2;1282;CT-CO2-0;02938df5-6afb-d44e-582d-0b5eea40f8eb;51:88:0A:9E;0;AVIÁRIO MEIO;718,00;02/11/2025;16:45:40;20;1282-20
CO2;1282;CT-CO2-0;02938df5-6afb-d44e-582d-0b5eea40f8eb;51:88:0A:9E;0;AVIÁRIO MEIO;731,00;02/11/2025;16:51:12;20;1282-20
CO2;1282;CT-CO2-0;02938df5-6afb-d44e-582d-0b5eea40f8eb;51:88:0A:9E;0;AVIÁRIO MEIO;716,00;02/11/2025;16:56:44;20;1282-20
CO2;1282;CT-CO2-0;02938df5-6afb-d44e-582d-0b5eea40f8eb;51:88:0A:9E;0;AVIÁRIO MEIO;735,00;02/11/2025;17:02:16;20;1282-20
CO2;1282;CT-CO2-0;02938df5-6afb-d44e-582d-0b5eea40f8eb;51:88:0A:9E;0;AVIÁRIO MEIO;726,00;02/11/2025;17:07:56;20;1282-20
CO2;1282;CT-CO2-0;02938df5-6afb-d44e-582d-0b5eea40f8eb;51:88:0A:9E;0;AVIÁRIO MEIO;751,00;02/11/2025;17:12:57;20;1282-20
CO2;1282;CT-CO2-0;02938df5-6afb-d44e-582d-0b5eea40f8eb;51:88:0A:9E;0;AVIÁRIO MEIO;737,00;02/11/2025;17:17:59;20;1282-20
CO2;1282;CT-CO2-0;02938df5-6afb-d44e-582d-0b5eea40f8eb;51:88:0A:9E;0;AVIÁRIO MEIO;751,00;02/11/2025;17:23:32;20;1282-20
CO2;1282;CT-CO2-0;02938df5-6afb-d44e-582d-0b5eea40f8eb;51:88:0A:9E;0;AVIÁRIO MEIO;735,00;02/11/2025;17:29:04;20;1282-20
CO2;1282;CT-CO2-0;02938df5-6afb-d44e-582d-0b5eea40f8eb;51:88:0A:9E;0;AVIÁRIO MEIO;715,00;02/11/2025;17:34:06;20;1282-20
CO2;1282;CT-CO2-0;02938df5-6afb-d44e-582d-0b5eea40f8eb;51:88:0A:9E;0;AVIÁRIO MEIO;762,00;02/11/2025;17:39:38;20;1282-20
CO2;1282;CT-CO2-0;02938df5-6afb-d44e-582d-0b5eea40f8eb;51:88:0A:9E;0;AVIÁRIO MEIO;769,00;02/11/2025;17:55:46;20;1282-20
CO2;1282;CT-CO2-0;02938df5-6afb-d44e-582d-0b5eea40f8eb;51:88:0A:9E;0;AVIÁRIO MEIO;836,00;02/11/2025;18:01:18;20;1282-20
CO2;1282;CT-CO2-0;02938df5-6afb-d44e-582d-0b5eea40f8eb;51:88:0A:9E;0;AVIÁRIO MEIO;813,00;02/11/2025;18:06:20;20;1282-20
CO2;1282;CT-CO2-0;02938df5-6afb-d44e-582d-0b5eea40f8eb;51:88:0A:9E;0;AVIÁRIO MEIO;852,00;02/11/2025;18:11:54;20;1282-20
CO2;1282;CT-CO2-0;02938df5-6afb-d44e-582d-0b5eea40f8eb;51:88:0A:9E;0;AVIÁRIO MEIO;853,00;02/11/2025;18:17:57;20;1282-20
CO2;1282;CT-CO2-0;02938df5-6afb-d44e-582d-0b5eea40f8eb;51:88:0A:9E;0;AVIÁRIO MEIO;907,00;02/11/2025;18:22:59;20;1282-20
CO2;1282;CT-CO2-0;02938df5-6afb-d44e-582d-0b5eea40f8eb;51:88:0A:9E;0;AVIÁRIO MEIO;936,00;02/11/2025;18:28:00;20;1282-20
CO2;1282;CT-CO2-0;02938df5-6afb-d44e-582d-0b5eea40f8eb;51:88:0A:9E;0;AVIÁRIO MEIO;898,00;02/11/2025;18:33:34;20;1282-20
CO2;1282;CT-CO2-0;02938df5-6afb-d44e-582d-0b5eea40f8eb;51:88:0A:9E;0;AVIÁRIO MEIO;906,00;02/11/2025;18:39:06;20;1282-20
CO2;1282;CT-CO2-0;02938df5-6afb-d44e-582d-0b5eea40f8eb;51:88:0A:9E;0;AVIÁRIO MEIO;939,00;02/11/2025;18:44:08;20;1282-20
CO2;1282;CT-CO2-0;02938df5-6afb-d44e-582d-0b5eea40f8eb;51:88:0A:9E;0;AVIÁRIO MEIO;958,00;02/11/2025;18:49:40;20;1282-20
CO2;1282;CT-CO2-0;02938df5-6afb-d44e-582d-0b5eea40f8eb;51:88:0A:9E;0;AVIÁRIO MEIO;962,00;02/11/2025;18:55:13;20;1282-20
CO2;1282;CT-CO2-0;02938df5-6afb-d44e-582d-0b5eea40f8eb;51:88:0A:9E;0;AVIÁRIO MEIO;956,00;02/11/2025;19:00:15;20;1282-20
CO2;1282;CT-CO2-0;02938df5-6afb-d44e-582d-0b5eea40f8eb;51:88:0A:9E;0;AVIÁRIO MEIO;951,00;02/11/2025;19:05:47;20;1282-20
CO2;1282;CT-CO2-0;02938df5-6afb-d44e-582d-0b5eea40f8eb;51:88:0A:9E;0;AVIÁRIO MEIO;969,00;02/11/2025;19:11:21;20;1282-20
CO2;1282;CT-CO2-0;02938df5-6afb-d44e-582d-0b5eea40f8eb;51:88:0A:9E;0;AVIÁRIO MEIO;974,00;02/11/2025;19:17:05;20;1282-20
CO2;1282;CT-CO2-0;02938df5-6afb-d44e-582d-0b5eea40f8eb;51:88:0A:9E;0;AVIÁRIO MEIO;967,00;02/11/2025;19:22:07;20;1282-20
CO2;1282;CT-CO2-0;02938df5-6afb-d44e-582d-0b5eea40f8eb;51:88:0A:9E;0;AVIÁRIO MEIO;971,00;02/11/2025;19:28:10;20;1282-20
CO2;1282;CT-CO2-0;02938df5-6afb-d44e-582d-0b5eea40f8eb;51:88:0A:9E;0;AVIÁRIO MEIO;954,00;02/11/2025;19:40:46;20;1282-20
CO2;1282;CT-CO2-0;02938df5-6afb-d44e-582d-0b5eea40f8eb;51:88:0A:9E;0;AVIÁRIO MEIO;934,00;02/11/2025;19:46:18;20;1282-20
CO2;1282;CT-CO2-0;02938df5-6afb-d44e-582d-0b5eea40f8eb;51:88:0A:9E;0;AVIÁRIO MEIO;928,00;02/11/2025;19:51:52;20;1282-20
CO2;1282;CT-CO2-0;02938df5-6afb-d44e-582d-0b5eea40f8eb;51:88:0A:9E;0;AVIÁRIO MEIO;977,00;02/11/2025;19:57:05;20;1282-20
CO2;1282;CT-CO2-0;02938df5-6afb-d44e-582d-0b5eea40f8eb;51:88:0A:9E;0;AVIÁRIO MEIO;958,00;02/11/2025;20:02:43;20;1282-20
CO2;1282;CT-CO2-0;02938df5-6afb-d44e-582d-0b5eea40f8eb;51:88:0A:9E;0;AVIÁRIO MEIO;970,00;02/11/2025;20:08:00;20;1282-20
CO2;1282;CT-CO2-0;02938df5-6afb-d44e-582d-0b5eea40f8eb;51:88:0A:9E;0;AVIÁRIO MEIO;956,00;02/11/2025;20:13:03;20;1282-20
CO2;1282;CT-CO2-0;02938df5-6afb-d44e-582d-0b5eea40f8eb;51:88:0A:9E;0;AVIÁRIO MEIO;976,00;02/11/2025;20:18:36;20;1282-20
CO2;1282;CT-CO2-0;02938df5-6afb-d44e-582d-0b5eea40f8eb;51:88:0A:9E;0;AVIÁRIO MEIO;959,00;02/11/2025;20:23:54;20;1282-20
CO2;1282;CT-CO2-0;02938df5-6afb-d44e-582d-0b5eea40f8eb;51:88:0A:9E;0;AVIÁRIO MEIO;959,00;02/11/2025;20:29:26;20;1282-20
CO2;1282;CT-CO2-0;02938df5-6afb-d44e-582d-0b5eea40f8eb;51:88:0A:9E;0;AVIÁRIO MEIO;931,00;02/11/2025;20:34:29;20;1282-20
CO2;1282;CT-CO2-0;02938df5-6afb-d44e-582d-0b5eea40f8eb;51:88:0A:9E;0;AVIÁRIO MEIO;1.007,00;02/11/2025;20:40:01;20;1282-20
CO2;1282;CT-CO2-0;02938df5-6afb-d44e-582d-0b5eea40f8eb;51:88:0A:9E;0;AVIÁRIO MEIO;935,00;02/11/2025;20:46:15;20;1282-20
CO2;1282;CT-CO2-0;02938df5-6afb-d44e-582d-0b5eea40f8eb;51:88:0A:9E;0;AVIÁRIO MEIO;936,00;02/11/2025;20:50:48;20;1282-20
CO2;1282;CT-CO2-0;02938df5-6afb-d44e-582d-0b5eea40f8eb;51:88:0A:9E;0;AVIÁRIO MEIO;1.013,00;02/11/2025;20:55:51;20;1282-20
CO2;1282;CT-CO2-0;02938df5-6afb-d44e-582d-0b5eea40f8eb;51:88:0A:9E;0;AVIÁRIO MEIO;950,00;02/11/2025;21:01:53;20;1282-20
CO2;1282;CT-CO2-0;02938df5-6afb-d44e-582d-0b5eea40f8eb;51:88:0A:9E;0;AVIÁRIO MEIO;977,00;02/11/2025;21:07:27;20;1282-20
CO2;1282;CT-CO2-0;02938df5-6afb-d44e-582d-0b5eea40f8eb;51:88:0A:9E;0;AVIÁRIO MEIO;961,00;02/11/2025;21:12:30;20;1282-20
CO2;1282;CT-CO2-0;02938df5-6afb-d44e-582d-0b5eea40f8eb;51:88:0A:9E;0;AVIÁRIO MEIO;946,00;02/11/2025;21:18:02;20;1282-20
CO2;1282;CT-CO2-0;02938df5-6afb-d44e-582d-0b5eea40f8eb;51:88:0A:9E;0;AVIÁRIO MEIO;939,00;02/11/2025;21:23:35;20;1282-20
CO2;1282;CT-CO2-0;02938df5-6afb-d44e-582d-0b5eea40f8eb;51:88:0A:9E;0;AVIÁRIO MEIO;1.001,00;02/11/2025;21:28:36;20;1282-20
CO2;1282;CT-CO2-0;02938df5-6afb-d44e-582d-0b5eea40f8eb;51:88:0A:9E;0;AVIÁRIO MEIO;935,00;02/11/2025;21:34:08;20;1282-20
CO2;1282;CT-CO2-0;02938df5-6afb-d44e-582d-0b5eea40f8eb;51:88:0A:9E;0;AVIÁRIO MEIO;984,00;02/11/2025;21:39:40;20;1282-20
CO2;1282;CT-CO2-0;02938df5-6afb-d44e-582d-0b5eea40f8eb;51:88:0A:9E;0;AVIÁRIO MEIO;968,00;02/11/2025;21:44:43;20;1282-20
CO2;1282;CT-CO2-0;02938df5-6afb-d44e-582d-0b5eea40f8eb;51:88:0A:9E;0;AVIÁRIO MEIO;970,00;02/11/2025;21:55:52;20;1282-20
CO2;1282;CT-CO2-0;02938df5-6afb-d44e-582d-0b5eea40f8eb;51:88:0A:9E;0;AVIÁRIO MEIO;981,00;02/11/2025;22:00:54;20;1282-20
CO2;1282;CT-CO2-0;02938df5-6afb-d44e-582d-0b5eea40f8eb;51:88:0A:9E;0;AVIÁRIO MEIO;978,00;02/11/2025;22:06:26;20;1282-20
CO2;1282;CT-CO2-0;02938df5-6afb-d44e-582d-0b5eea40f8eb;51:88:0A:9E;0;AVIÁRIO MEIO;967,00;02/11/2025;22:11:28;20;1282-20
CO2;1282;CT-CO2-0;02938df5-6afb-d44e-582d-0b5eea40f8eb;51:88:0A:9E;0;AVIÁRIO MEIO;1.008,00;02/11/2025;22:17:00;20;1282-20
CO2;1282;CT-CO2-0;02938df5-6afb-d44e-582d-0b5eea40f8eb;51:88:0A:9E;0;AVIÁRIO MEIO;957,00;02/11/2025;22:22:32;20;1282-20
CO2;1282;CT-CO2-0;02938df5-6afb-d44e-582d-0b5eea40f8eb;51:88:0A:9E;0;AVIÁRIO MEIO;939,00;02/11/2025;22:27:33;20;1282-20
CO2;1282;CT-CO2-0;02938df5-6afb-d44e-582d-0b5eea40f8eb;51:88:0A:9E;0;AVIÁRIO MEIO;980,00;02/11/2025;22:33:07;20;1282-20
CO2;1282;CT-CO2-0;02938df5-6afb-d44e-582d-0b5eea40f8eb;51:88:0A:9E;0;AVIÁRIO MEIO;994,00;02/11/2025;22:38:38;20;1282-20
CO2;1282;CT-CO2-0;02938df5-6afb-d44e-582d-0b5eea40f8eb;51:88:0A:9E;0;AVIÁRIO MEIO;947,00;02/11/2025;22:43:40;20;1282-20
CO2;1282;CT-CO2-0;02938df5-6afb-d44e-582d-0b5eea40f8eb;51:88:0A:9E;0;AVIÁRIO MEIO;997,00;02/11/2025;22:49:12;20;1282-20
CO2;1282;CT-CO2-0;02938df5-6afb-d44e-582d-0b5eea40f8eb;51:88:0A:9E;0;AVIÁRIO MEIO;977,00;02/11/2025;22:54:44;20;1282-20
CO2;1282;CT-CO2-0;02938df5-6afb-d44e-582d-0b5eea40f8eb;51:88:0A:9E;0;AVIÁRIO MEIO;940,00;02/11/2025;22:59:46;20;1282-20
CO2;1282;CT-CO2-0;02938df5-6afb-d44e-582d-0b5eea40f8eb;51:88:0A:9E;0;AVIÁRIO MEIO;968,00;02/11/2025;23:05:50;20;1282-20
CO2;1282;CT-CO2-0;02938df5-6afb-d44e-582d-0b5eea40f8eb;51:88:0A:9E;0;AVIÁRIO MEIO;952,00;02/11/2025;23:10:53;20;1282-20
CO2;1282;CT-CO2-0;02938df5-6afb-d44e-582d-0b5eea40f8eb;51:88:0A:9E;0;AVIÁRIO MEIO;939,00;02/11/2025;23:15:55;20;1282-20
CO2;1282;CT-CO2-0;02938df5-6afb-d44e-582d-0b5eea40f8eb;51:88:0A:9E;0;AVIÁRIO MEIO;954,00;02/11/2025;23:21:29;20;1282-20
CO2;1282;CT-CO2-0;02938df5-6afb-d44e-582d-0b5eea40f8eb;51:88:0A:9E;0;AVIÁRIO MEIO;966,00;02/11/2025;23:27:01;20;1282-20
CO2;1282;CT-CO2-0;02938df5-6afb-d44e-582d-0b5eea40f8eb;51:88:0A:9E;0;AVIÁRIO MEIO;934,00;02/11/2025;23:32:03;20;1282-20
CO2;1282;CT-CO2-0;02938df5-6afb-d44e-582d-0b5eea40f8eb;51:88:0A:9E;0;AVIÁRIO MEIO;948,00;02/11/2025;23:37:36;20;1282-20
CO2;1282;CT-CO2-0;02938df5-6afb-d44e-582d-0b5eea40f8eb;51:88:0A:9E;0;AVIÁRIO MEIO;956,00;02/11/2025;23:42:38;20;1282-20
CO2;1282;CT-CO2-0;02938df5-6afb-d44e-582d-0b5eea40f8eb;51:88:0A:9E;0;AVIÁRIO MEIO;953,00;02/11/2025;23:48:10;20;1282-20
CO2;1282;CT-CO2-0;02938df5-6afb-d44e-582d-0b5eea40f8eb;51:88:0A:9E;0;AVIÁRIO MEIO;961,00;02/11/2025;23:53:44;20;1282-20
CO2;1282;CT-CO2-0;02938df5-6afb-d44e-582d-0b5eea40f8eb;51:88:0A:9E;0;AVIÁRIO MEIO;940,00;02/11/2025;23:58:46;20;1282-20
CO2;1282;CT-CO2-0;02938df5-6afb-d44e-582d-0b5eea40f8eb;51:88:0A:9E;0;AVIÁRIO MEIO;935,00;03/11/2025;00:04:18;20;1282-20
CO2;1282;CT-CO2-0;02938df5-6afb-d44e-582d-0b5eea40f8eb;51:88:0A:9E;0;AVIÁRIO MEIO;968,00;03/11/2025;00:09:51;20;1282-20
CO2;1282;CT-CO2-0;02938df5-6afb-d44e-582d-0b5eea40f8eb;51:88:0A:9E;0;AVIÁRIO MEIO;929,00;03/11/2025;00:15:25;20;1282-20
CO2;1282;CT-CO2-0;02938df5-6afb-d44e-582d-0b5eea40f8eb;51:88:0A:9E;0;AVIÁRIO MEIO;998,00;03/11/2025;00:20:27;20;1282-20
CO2;1282;CT-CO2-0;02938df5-6afb-d44e-582d-0b5eea40f8eb;51:88:0A:9E;0;AVIÁRIO MEIO;934,00;03/11/2025;00:25:59;20;1282-20
CO2;1282;CT-CO2-0;02938df5-6afb-d44e-582d-0b5eea40f8eb;51:88:0A:9E;0;AVIÁRIO MEIO;973,00;03/11/2025;00:31:02;20;1282-20
CO2;1282;CT-CO2-0;02938df5-6afb-d44e-582d-0b5eea40f8eb;51:88:0A:9E;0;AVIÁRIO MEIO;920,00;03/11/2025;00:36:34;20;1282-20
CO2;1282;CT-CO2-0;02938df5-6afb-d44e-582d-0b5eea40f8eb;51:88:0A:9E;0;AVIÁRIO MEIO;968,00;03/11/2025;00:42:07;20;1282-20
CO2;1282;CT-CO2-0;02938df5-6afb-d44e-582d-0b5eea40f8eb;51:88:0A:9E;0;AVIÁRIO MEIO;904,00;03/11/2025;00:47:08;20;1282-20
CO2;1282;CT-CO2-0;02938df5-6afb-d44e-582d-0b5eea40f8eb;51:88:0A:9E;0;AVIÁRIO MEIO;978,00;03/11/2025;00:52:41;20;1282-20
CO2;1282;CT-CO2-0;02938df5-6afb-d44e-582d-0b5eea40f8eb;51:88:0A:9E;0;AVIÁRIO MEIO;936,00;03/11/2025;00:58:13;20;1282-20
CO2;1282;CT-CO2-0;02938df5-6afb-d44e-582d-0b5eea40f8eb;51:88:0A:9E;0;AVIÁRIO MEIO;906,00;03/11/2025;01:03:15;20;1282-20
CO2;1282;CT-CO2-0;02938df5-6afb-d44e-582d-0b5eea40f8eb;51:88:0A:9E;0;AVIÁRIO MEIO;956,00;03/11/2025;01:08:48;20;1282-20
CO2;1282;CT-CO2-0;02938df5-6afb-d44e-582d-0b5eea40f8eb;51:88:0A:9E;0;AVIÁRIO MEIO;936,00;03/11/2025;01:14:20;20;1282-20
CO2;1282;CT-CO2-0;02938df5-6afb-d44e-582d-0b5eea40f8eb;51:88:0A:9E;0;AVIÁRIO MEIO;920,00;03/11/2025;01:19:22;20;1282-20
CO2;1282;CT-CO2-0;02938df5-6afb-d44e-582d-0b5eea40f8eb;51:88:0A:9E;0;AVIÁRIO MEIO;928,00;03/11/2025;01:30:00;20;1282-20
CO2;1282;CT-CO2-0;02938df5-6afb-d44e-582d-0b5eea40f8eb;51:88:0A:9E;0;AVIÁRIO MEIO;954,00;03/11/2025;01:35:33;20;1282-20
CO2;1282;CT-CO2-0;02938df5-6afb-d44e-582d-0b5eea40f8eb;51:88:0A:9E;0;AVIÁRIO MEIO;929,00;03/11/2025;01:41:06;20;1282-20
CO2;1282;CT-CO2-0;02938df5-6afb-d44e-582d-0b5eea40f8eb;51:88:0A:9E;0;AVIÁRIO MEIO;915,00;03/11/2025;01:46:09;20;1282-20
CO2;1282;CT-CO2-0;02938df5-6afb-d44e-582d-0b5eea40f8eb;51:88:0A:9E;0;AVIÁRIO MEIO;968,00;03/11/2025;01:51:41;20;1282-20
CO2;1282;CT-CO2-0;02938df5-6afb-d44e-582d-0b5eea40f8eb;51:88:0A:9E;0;AVIÁRIO MEIO;924,00;03/11/2025;01:57:12;20;1282-20
CO2;1282;CT-CO2-0;02938df5-6afb-d44e-582d-0b5eea40f8eb;51:88:0A:9E;0;AVIÁRIO MEIO;949,00;03/11/2025;02:02:15;20;1282-20
CO2;1282;CT-CO2-0;02938df5-6afb-d44e-582d-0b5eea40f8eb;51:88:0A:9E;0;AVIÁRIO MEIO;915,00;03/11/2025;02:07:47;20;1282-20
CO2;1282;CT-CO2-0;02938df5-6afb-d44e-582d-0b5eea40f8eb;51:88:0A:9E;0;AVIÁRIO MEIO;956,00;03/11/2025;02:13:20;20;1282-20
CO2;1282;CT-CO2-0;02938df5-6afb-d44e-582d-0b5eea40f8eb;51:88:0A:9E;0;AVIÁRIO MEIO;931,00;03/11/2025;02:18:22;20;1282-20
CO2;1282;CT-CO2-0;02938df5-6afb-d44e-582d-0b5eea40f8eb;51:88:0A:9E;0;AVIÁRIO MEIO;918,00;03/11/2025;02:23:54;20;1282-20
CO2;1282;CT-CO2-0;02938df5-6afb-d44e-582d-0b5eea40f8eb;51:88:0A:9E;0;AVIÁRIO MEIO;979,00;03/11/2025;02:29:25;20;1282-20
CO2;1282;CT-CO2-0;02938df5-6afb-d44e-582d-0b5eea40f8eb;51:88:0A:9E;0;AVIÁRIO MEIO;959,00;03/11/2025;02:35:00;20;1282-20
CO2;1282;CT-CO2-0;02938df5-6afb-d44e-582d-0b5eea40f8eb;51:88:0A:9E;0;AVIÁRIO MEIO;926,00;03/11/2025;02:40:03;20;1282-20
CO2;1282;CT-CO2-0;02938df5-6afb-d44e-582d-0b5eea40f8eb;51:88:0A:9E;0;AVIÁRIO MEIO;1.001,00;03/11/2025;02:45:07;20;1282-20
CO2;1282;CT-CO2-0;02938df5-6afb-d44e-582d-0b5eea40f8eb;51:88:0A:9E;0;AVIÁRIO MEIO;969,00;03/11/2025;02:50:40;20;1282-20
CO2;1282;CT-CO2-0;02938df5-6afb-d44e-582d-0b5eea40f8eb;51:88:0A:9E;0;AVIÁRIO MEIO;931,00;03/11/2025;02:56:12;20;1282-20
CO2;1282;CT-CO2-0;02938df5-6afb-d44e-582d-0b5eea40f8eb;51:88:0A:9E;0;AVIÁRIO MEIO;955,00;03/11/2025;03:01:14;20;1282-20
CO2;1282;CT-CO2-0;02938df5-6afb-d44e-582d-0b5eea40f8eb;51:88:0A:9E;0;AVIÁRIO MEIO;958,00;03/11/2025;03:06:49;20;1282-20
CO2;1282;CT-CO2-0;02938df5-6afb-d44e-582d-0b5eea40f8eb;51:88:0A:9E;0;AVIÁRIO MEIO;935,00;03/11/2025;03:12:22;20;1282-20
CO2;1282;CT-CO2-0;02938df5-6afb-d44e-582d-0b5eea40f8eb;51:88:0A:9E;0;AVIÁRIO MEIO;967,00;03/11/2025;03:17:24;20;1282-20
CO2;1282;CT-CO2-0;02938df5-6afb-d44e-582d-0b5eea40f8eb;51:88:0A:9E;0;AVIÁRIO MEIO;962,00;03/11/2025;03:22:56;20;1282-20
CO2;1282;CT-CO2-0;02938df5-6afb-d44e-582d-0b5eea40f8eb;51:88:0A:9E;0;AVIÁRIO MEIO;979,00;03/11/2025;03:28:28;20;1282-20
CO2;1282;CT-CO2-0;02938df5-6afb-d44e-582d-0b5eea40f8eb;51:88:0A:9E;0;AVIÁRIO MEIO;931,00;03/11/2025;03:33:30;20;1282-20
CO2;1282;CT-CO2-0;02938df5-6afb-d44e-582d-0b5eea40f8eb;51:88:0A:9E;0;AVIÁRIO MEIO;925,00;03/11/2025;03:39:02;20;1282-20
CO2;1282;CT-CO2-0;02938df5-6afb-d44e-582d-0b5eea40f8eb;51:88:0A:9E;0;AVIÁRIO MEIO;958,00;03/11/2025;03:45:10;20;1282-20
CO2;1282;CT-CO2-0;02938df5-6afb-d44e-582d-0b5eea40f8eb;51:88:0A:9E;0;AVIÁRIO MEIO;920,00;03/11/2025;03:49:42;20;1282-20
CO2;1282;CT-CO2-0;02938df5-6afb-d44e-582d-0b5eea40f8eb;51:88:0A:9E;0;AVIÁRIO MEIO;913,00;03/11/2025;03:55:14;20;1282-20
CO2;1282;CT-CO2-0;02938df5-6afb-d44e-582d-0b5eea40f8eb;51:88:0A:9E;0;AVIÁRIO MEIO;988,00;03/11/2025;04:00:17;20;1282-20
CO2;1282;CT-CO2-0;02938df5-6afb-d44e-582d-0b5eea40f8eb;51:88:0A:9E;0;AVIÁRIO MEIO;954,00;03/11/2025;04:05:49;20;1282-20
CO2;1282;CT-CO2-0;02938df5-6afb-d44e-582d-0b5eea40f8eb;51:88:0A:9E;0;AVIÁRIO MEIO;954,00;03/11/2025;04:11:21;20;1282-20
CO2;1282;CT-CO2-0;02938df5-6afb-d44e-582d-0b5eea40f8eb;51:88:0A:9E;0;AVIÁRIO MEIO;934,00;03/11/2025;04:16:23;20;1282-20
CO2;1282;CT-CO2-0;02938df5-6afb-d44e-582d-0b5eea40f8eb;51:88:0A:9E;0;AVIÁRIO MEIO;944,00;03/11/2025;04:21:56;20;1282-20
CO2;1282;CT-CO2-0;02938df5-6afb-d44e-582d-0b5eea40f8eb;51:88:0A:9E;0;AVIÁRIO MEIO;990,00;03/11/2025;04:27:29;20;1282-20
CO2;1282;CT-CO2-0;02938df5-6afb-d44e-582d-0b5eea40f8eb;51:88:0A:9E;0;AVIÁRIO MEIO;941,00;03/11/2025;04:32:31;20;1282-20
CO2;1282;CT-CO2-0;02938df5-6afb-d44e-582d-0b5eea40f8eb;51:88:0A:9E;0;AVIÁRIO MEIO;922,00;03/11/2025;04:38:02;20;1282-20
CO2;1282;CT-CO2-0;02938df5-6afb-d44e-582d-0b5eea40f8eb;51:88:0A:9E;0;AVIÁRIO MEIO;973,00;03/11/2025;04:43:35;20;1282-20
CO2;1282;CT-CO2-0;02938df5-6afb-d44e-582d-0b5eea40f8eb;51:88:0A:9E;0;AVIÁRIO MEIO;922,00;03/11/2025;04:48:37;20;1282-20
CO2;1282;CT-CO2-0;02938df5-6afb-d44e-582d-0b5eea40f8eb;51:88:0A:9E;0;AVIÁRIO MEIO;976,00;03/11/2025;04:54:41;20;1282-20
CO2;1282;CT-CO2-0;02938df5-6afb-d44e-582d-0b5eea40f8eb;51:88:0A:9E;0;AVIÁRIO MEIO;912,00;03/11/2025;04:59:14;20;1282-20
CO2;1282;CT-CO2-0;02938df5-6afb-d44e-582d-0b5eea40f8eb;51:88:0A:9E;0;AVIÁRIO MEIO;961,00;03/11/2025;05:04:46;20;1282-20
CO2;1282;CT-CO2-0;02938df5-6afb-d44e-582d-0b5eea40f8eb;51:88:0A:9E;0;AVIÁRIO MEIO;954,00;03/11/2025;05:10:18;20;1282-20
CO2;1282;CT-CO2-0;02938df5-6afb-d44e-582d-0b5eea40f8eb;51:88:0A:9E;0;AVIÁRIO MEIO;934,00;03/11/2025;05:15:21;20;1282-20
CO2;1282;CT-CO2-0;02938df5-6afb-d44e-582d-0b5eea40f8eb;51:88:0A:9E;0;AVIÁRIO MEIO;956,00;03/11/2025;05:20:53;20;1282-20
CO2;1282;CT-CO2-0;02938df5-6afb-d44e-582d-0b5eea40f8eb;51:88:0A:9E;0;AVIÁRIO MEIO;952,00;03/11/2025;05:26:24;20;1282-20
CO2;1282;CT-CO2-0;02938df5-6afb-d44e-582d-0b5eea40f8eb;51:88:0A:9E;0;AVIÁRIO MEIO;931,00;03/11/2025;05:31:27;20;1282-20
CO2;1282;CT-CO2-0;02938df5-6afb-d44e-582d-0b5eea40f8eb;51:88:0A:9E;0;AVIÁRIO MEIO;967,00;03/11/2025;05:36:59;20;1282-20
CO2;1282;CT-CO2-0;02938df5-6afb-d44e-582d-0b5eea40f8eb;51:88:0A:9E;0;AVIÁRIO MEIO;938,00;03/11/2025;05:42:31;20;1282-20
CO2;1282;CT-CO2-0;02938df5-6afb-d44e-582d-0b5eea40f8eb;51:88:0A:9E;0;AVIÁRIO MEIO;907,00;03/11/2025;05:47:33;20;1282-20
CO2;1282;CT-CO2-0;02938df5-6afb-d44e-582d-0b5eea40f8eb;51:88:0A:9E;0;AVIÁRIO MEIO;952,00;03/11/2025;05:53:05;20;1282-20
CO2;1282;CT-CO2-0;02938df5-6afb-d44e-582d-0b5eea40f8eb;51:88:0A:9E;0;AVIÁRIO MEIO;918,00;03/11/2025;05:58:37;20;1282-20
CO2;1282;CT-CO2-0;02938df5-6afb-d44e-582d-0b5eea40f8eb;51:88:0A:9E;0;AVIÁRIO MEIO;938,00;03/11/2025;06:04:10;20;1282-20
CO2;1282;CT-CO2-0;02938df5-6afb-d44e-582d-0b5eea40f8eb;51:88:0A:9E;0;AVIÁRIO MEIO;895,00;03/11/2025;06:09:14;20;1282-20
CO2;1282;CT-CO2-0;02938df5-6afb-d44e-582d-0b5eea40f8eb;51:88:0A:9E;0;AVIÁRIO MEIO;886,00;03/11/2025;06:14:45;20;1282-20
CO2;1282;CT-CO2-0;02938df5-6afb-d44e-582d-0b5eea40f8eb;51:88:0A:9E;0;AVIÁRIO MEIO;887,00;03/11/2025;06:19:49;20;1282-20
CO2;1282;CT-CO2-0;02938df5-6afb-d44e-582d-0b5eea40f8eb;51:88:0A:9E;0;AVIÁRIO MEIO;919,00;03/11/2025;06:25:21;20;1282-20
CO2;1282;CT-CO2-0;02938df5-6afb-d44e-582d-0b5eea40f8eb;51:88:0A:9E;0;AVIÁRIO MEIO;944,00;03/11/2025;06:30:54;20;1282-20
CO2;1282;CT-CO2-0;02938df5-6afb-d44e-582d-0b5eea40f8eb;51:88:0A:9E;0;AVIÁRIO MEIO;983,00;03/11/2025;06:42:08;20;1282-20
CO2;1282;CT-CO2-0;02938df5-6afb-d44e-582d-0b5eea40f8eb;51:88:0A:9E;0;AVIÁRIO MEIO;978,00;03/11/2025;06:47:40;20;1282-20
CO2;1282;CT-CO2-0;02938df5-6afb-d44e-582d-0b5eea40f8eb;51:88:0A:9E;0;AVIÁRIO MEIO;976,00;03/11/2025;06:53:12;20;1282-20
CO2;1282;CT-CO2-0;02938df5-6afb-d44e-582d-0b5eea40f8eb;51:88:0A:9E;0;AVIÁRIO MEIO;947,00;03/11/2025;06:58:14;20;1282-20
CO2;1282;CT-CO2-0;02938df5-6afb-d44e-582d-0b5eea40f8eb;51:88:0A:9E;0;AVIÁRIO MEIO;959,00;03/11/2025;07:03:46;20;1282-20
CO2;1282;CT-CO2-0;02938df5-6afb-d44e-582d-0b5eea40f8eb;51:88:0A:9E;0;AVIÁRIO MEIO;988,00;03/11/2025;07:09:18;20;1282-20
CO2;1282;CT-CO2-0;02938df5-6afb-d44e-582d-0b5eea40f8eb;51:88:0A:9E;0;AVIÁRIO MEIO;961,00;03/11/2025;07:14:19;20;1282-20
CO2;1282;CT-CO2-0;02938df5-6afb-d44e-582d-0b5eea40f8eb;51:88:0A:9E;0;AVIÁRIO MEIO;953,00;03/11/2025;07:19:51;20;1282-20
CO2;1282;CT-CO2-0;02938df5-6afb-d44e-582d-0b5eea40f8eb;51:88:0A:9E;0;AVIÁRIO MEIO;974,00;03/11/2025;07:25:24;20;1282-20
CO2;1282;CT-CO2-0;02938df5-6afb-d44e-582d-0b5eea40f8eb;51:88:0A:9E;0;AVIÁRIO MEIO;961,00;03/11/2025;07:30:26;20;1282-20
CO2;1282;CT-CO2-0;02938df5-6afb-d44e-582d-0b5eea40f8eb;51:88:0A:9E;0;AVIÁRIO MEIO;987,00;03/11/2025;07:35:57;20;1282-20
CO2;1282;CT-CO2-0;02938df5-6afb-d44e-582d-0b5eea40f8eb;51:88:0A:9E;0;AVIÁRIO MEIO;971,00;03/11/2025;07:41:31;20;1282-20
CO2;1282;CT-CO2-0;02938df5-6afb-d44e-582d-0b5eea40f8eb;51:88:0A:9E;0;AVIÁRIO MEIO;947,00;03/11/2025;07:47:04;20;1282-20
CO2;1282;CT-CO2-0;02938df5-6afb-d44e-582d-0b5eea40f8eb;51:88:0A:9E;0;AVIÁRIO MEIO;952,00;03/11/2025;07:52:06;20;1282-20
CO2;1282;CT-CO2-0;02938df5-6afb-d44e-582d-0b5eea40f8eb;51:88:0A:9E;0;AVIÁRIO MEIO;912,00;03/11/2025;07:57:39;20;1282-20
CO2;1282;CT-CO2-0;02938df5-6afb-d44e-582d-0b5eea40f8eb;51:88:0A:9E;0;AVIÁRIO MEIO;930,00;03/11/2025;08:02:41;20;1282-20
CO2;1282;CT-CO2-0;02938df5-6afb-d44e-582d-0b5eea40f8eb;51:88:0A:9E;0;AVIÁRIO MEIO;905,00;03/11/2025;08:08:13;20;1282-20
CO2;1282;CT-CO2-0;02938df5-6afb-d44e-582d-0b5eea40f8eb;51:88:0A:9E;0;AVIÁRIO MEIO;840,00;03/11/2025;08:13:45;20;1282-20
CO2;1282;CT-CO2-0;02938df5-6afb-d44e-582d-0b5eea40f8eb;51:88:0A:9E;0;AVIÁRIO MEIO;812,00;03/11/2025;08:18:47;20;1282-20
CO2;1282;CT-CO2-0;02938df5-6afb-d44e-582d-0b5eea40f8eb;51:88:0A:9E;0;AVIÁRIO MEIO;951,00;03/11/2025;08:24:19;20;1282-20
CO2;1282;CT-CO2-0;02938df5-6afb-d44e-582d-0b5eea40f8eb;51:88:0A:9E;0;AVIÁRIO MEIO;901,00;03/11/2025;08:29:51;20;1282-20
CO2;1282;CT-CO2-0;02938df5-6afb-d44e-582d-0b5eea40f8eb;51:88:0A:9E;0;AVIÁRIO MEIO;811,00;03/11/2025;08:34:54;20;1282-20
CO2;1282;CT-CO2-0;02938df5-6afb-d44e-582d-0b5eea40f8eb;51:88:0A:9E;0;AVIÁRIO MEIO;788,00;03/11/2025;08:40:25;20;1282-20
CO2;1282;CT-CO2-0;02938df5-6afb-d44e-582d-0b5eea40f8eb;51:88:0A:9E;0;AVIÁRIO MEIO;807,00;03/11/2025;08:45:58;20;1282-20
CO2;1282;CT-CO2-0;02938df5-6afb-d44e-582d-0b5eea40f8eb;51:88:0A:9E;0;AVIÁRIO MEIO;791,00;03/11/2025;08:51:00;20;1282-20
CO2;1282;CT-CO2-0;02938df5-6afb-d44e-582d-0b5eea40f8eb;51:88:0A:9E;0;AVIÁRIO MEIO;777,00;03/11/2025;08:57:02;20;1282-20
CO2;1282;CT-CO2-0;02938df5-6afb-d44e-582d-0b5eea40f8eb;51:88:0A:9E;0;AVIÁRIO MEIO;793,00;03/11/2025;09:02:05;20;1282-20
CO2;1282;CT-CO2-0;02938df5-6afb-d44e-582d-0b5eea40f8eb;51:88:0A:9E;0;AVIÁRIO MEIO;822,00;03/11/2025;09:07:07;20;1282-20
CO2;1282;CT-CO2-0;02938df5-6afb-d44e-582d-0b5eea40f8eb;51:88:0A:9E;0;AVIÁRIO MEIO;792,00;03/11/2025;09:12:41;20;1282-20
CO2;1282;CT-CO2-0;02938df5-6afb-d44e-582d-0b5eea40f8eb;51:88:0A:9E;0;AVIÁRIO MEIO;773,00;03/11/2025;09:18:13;20;1282-20
CO2;1282;CT-CO2-0;02938df5-6afb-d44e-582d-0b5eea40f8eb;51:88:0A:9E;0;AVIÁRIO MEIO;763,00;03/11/2025;09:23:15;20;1282-20
CO2;1282;CT-CO2-0;02938df5-6afb-d44e-582d-0b5eea40f8eb;51:88:0A:9E;0;AVIÁRIO MEIO;779,00;03/11/2025;09:28:47;20;1282-20
CO2;1282;CT-CO2-0;02938df5-6afb-d44e-582d-0b5eea40f8eb;51:88:0A:9E;0;AVIÁRIO MEIO;790,00;03/11/2025;09:34:20;20;1282-20
CO2;1282;CT-CO2-0;02938df5-6afb-d44e-582d-0b5eea40f8eb;51:88:0A:9E;0;AVIÁRIO MEIO;774,00;03/11/2025;09:39:23;20;1282-20
CO2;1282;CT-CO2-0;02938df5-6afb-d44e-582d-0b5eea40f8eb;51:88:0A:9E;0;AVIÁRIO MEIO;749,00;03/11/2025;09:44:55;20;1282-20
CO2;1282;CT-CO2-0;02938df5-6afb-d44e-582d-0b5eea40f8eb;51:88:0A:9E;0;AVIÁRIO MEIO;720,00;03/11/2025;09:50:26;20;1282-20
CO2;1282;CT-CO2-0;02938df5-6afb-d44e-582d-0b5eea40f8eb;51:88:0A:9E;0;AVIÁRIO MEIO;713,00;03/11/2025;09:55:29;20;1282-20
CO2;1282;CT-CO2-0;02938df5-6afb-d44e-582d-0b5eea40f8eb;51:88:0A:9E;0;AVIÁRIO MEIO;733,00;03/11/2025;10:01:01;20;1282-20
CO2;1282;CT-CO2-0;02938df5-6afb-d44e-582d-0b5eea40f8eb;51:88:0A:9E;0;AVIÁRIO MEIO;712,00;03/11/2025;10:07:03;20;1282-20
CO2;1282;CT-CO2-0;02938df5-6afb-d44e-582d-0b5eea40f8eb;51:88:0A:9E;0;AVIÁRIO MEIO;701,00;03/11/2025;10:11:35;20;1282-20
CO2;1282;CT-CO2-0;02938df5-6afb-d44e-582d-0b5eea40f8eb;51:88:0A:9E;0;AVIÁRIO MEIO;654,00;03/11/2025;10:17:07;20;1282-20
CO2;1282;CT-CO2-0;02938df5-6afb-d44e-582d-0b5eea40f8eb;51:88:0A:9E;0;AVIÁRIO MEIO;658,00;03/11/2025;10:22:39;20;1282-20
CO2;1282;CT-CO2-0;02938df5-6afb-d44e-582d-0b5eea40f8eb;51:88:0A:9E;0;AVIÁRIO MEIO;642,00;03/11/2025;10:27:44;20;1282-20
CO2;1282;CT-CO2-0;02938df5-6afb-d44e-582d-0b5eea40f8eb;51:88:0A:9E;0;AVIÁRIO MEIO;650,00;03/11/2025;10:33:16;20;1282-20
CO2;1282;CT-CO2-0;02938df5-6afb-d44e-582d-0b5eea40f8eb;51:88:0A:9E;0;AVIÁRIO MEIO;639,00;03/11/2025;10:38:19;20;1282-20
CO2;1282;CT-CO2-0;02938df5-6afb-d44e-582d-0b5eea40f8eb;51:88:0A:9E;0;AVIÁRIO MEIO;632,00;03/11/2025;10:43:50;20;1282-20
CO2;1282;CT-CO2-0;02938df5-6afb-d44e-582d-0b5eea40f8eb;51:88:0A:9E;0;AVIÁRIO MEIO;623,00;03/11/2025;10:49:23;20;1282-20
CO2;1282;CT-CO2-0;02938df5-6afb-d44e-582d-0b5eea40f8eb;51:88:0A:9E;0;AVIÁRIO MEIO;627,00;03/11/2025;10:54:25;20;1282-20
CO2;1282;CT-CO2-0;02938df5-6afb-d44e-582d-0b5eea40f8eb;51:88:0A:9E;0;AVIÁRIO MEIO;616,00;03/11/2025;10:59:57;20;1282-20
CO2;1282;CT-CO2-0;02938df5-6afb-d44e-582d-0b5eea40f8eb;51:88:0A:9E;0;AVIÁRIO MEIO;613,00;03/11/2025;11:05:29;20;1282-20
CO2;1282;CT-CO2-0;02938df5-6afb-d44e-582d-0b5eea40f8eb;51:88:0A:9E;0;AVIÁRIO MEIO;613,00;03/11/2025;11:10:33;20;1282-20
CO2;1282;CT-CO2-0;02938df5-6afb-d44e-582d-0b5eea40f8eb;51:88:0A:9E;0;AVIÁRIO MEIO;635,00;03/11/2025;11:16:37;20;1282-20
CO2;1282;CT-CO2-0;02938df5-6afb-d44e-582d-0b5eea40f8eb;51:88:0A:9E;0;AVIÁRIO MEIO;632,00;03/11/2025;11:21:40;20;1282-20
CO2;1282;CT-CO2-0;02938df5-6afb-d44e-582d-0b5eea40f8eb;51:88:0A:9E;0;AVIÁRIO MEIO;617,00;03/11/2025;11:26:42;20;1282-20
CO2;1282;CT-CO2-0;02938df5-6afb-d44e-582d-0b5eea40f8eb;51:88:0A:9E;0;AVIÁRIO MEIO;624,00;03/11/2025;11:32:18;20;1282-20
CO2;1282;CT-CO2-0;02938df5-6afb-d44e-582d-0b5eea40f8eb;51:88:0A:9E;0;AVIÁRIO MEIO;672,00;03/11/2025;11:37:22;20;1282-20
CO2;1282;CT-CO2-0;02938df5-6afb-d44e-582d-0b5eea40f8eb;51:88:0A:9E;0;AVIÁRIO MEIO;621,00;03/11/2025;11:42:54;20;1282-20
CO2;1282;CT-CO2-0;02938df5-6afb-d44e-582d-0b5eea40f8eb;51:88:0A:9E;0;AVIÁRIO MEIO;615,00;03/11/2025;11:48:27;20;1282-20
CO2;1282;CT-CO2-0;02938df5-6afb-d44e-582d-0b5eea40f8eb;51:88:0A:9E;0;AVIÁRIO MEIO;608,00;03/11/2025;11:53:29;20;1282-20
CO2;1282;CT-CO2-0;02938df5-6afb-d44e-582d-0b5eea40f8eb;51:88:0A:9E;0;AVIÁRIO MEIO;617,00;03/11/2025;11:59:00;20;1282-20
CO2;1282;CT-CO2-0;02938df5-6afb-d44e-582d-0b5eea40f8eb;51:88:0A:9E;0;AVIÁRIO MEIO;626,00;03/11/2025;12:04:34;20;1282-20
CO2;1282;CT-CO2-0;02938df5-6afb-d44e-582d-0b5eea40f8eb;51:88:0A:9E;0;AVIÁRIO MEIO;610,00;03/11/2025;12:09:35;20;1282-20
CO2;1282;CT-CO2-0;02938df5-6afb-d44e-582d-0b5eea40f8eb;51:88:0A:9E;0;AVIÁRIO MEIO;621,00;03/11/2025;12:15:11;20;1282-20
CO2;1282;CT-CO2-0;02938df5-6afb-d44e-582d-0b5eea40f8eb;51:88:0A:9E;0;AVIÁRIO MEIO;628,00;03/11/2025;12:20:43;20;1282-20
CO2;1282;CT-CO2-0;02938df5-6afb-d44e-582d-0b5eea40f8eb;51:88:0A:9E;0;AVIÁRIO MEIO;609,00;03/11/2025;12:26:16;20;1282-20
CO2;1282;CT-CO2-0;02938df5-6afb-d44e-582d-0b5eea40f8eb;51:88:0A:9E;0;AVIÁRIO MEIO;626,00;03/11/2025;12:31:17;20;1282-20
CO2;1282;CT-CO2-0;02938df5-6afb-d44e-582d-0b5eea40f8eb;51:88:0A:9E;0;AVIÁRIO MEIO;605,00;03/11/2025;12:36:49;20;1282-20
CO2;1282;CT-CO2-0;02938df5-6afb-d44e-582d-0b5eea40f8eb;51:88:0A:9E;0;AVIÁRIO MEIO;616,00;03/11/2025;12:41:51;20;1282-20
CO2;1282;CT-CO2-0;02938df5-6afb-d44e-582d-0b5eea40f8eb;51:88:0A:9E;0;AVIÁRIO MEIO;601,00;03/11/2025;12:47:24;20;1282-20
CO2;1282;CT-CO2-0;02938df5-6afb-d44e-582d-0b5eea40f8eb;51:88:0A:9E;0;AVIÁRIO MEIO;604,00;03/11/2025;12:52:55;20;1282-20
CO2;1282;CT-CO2-0;02938df5-6afb-d44e-582d-0b5eea40f8eb;51:88:0A:9E;0;AVIÁRIO MEIO;621,00;03/11/2025;12:57:58;20;1282-20
CO2;1282;CT-CO2-0;02938df5-6afb-d44e-582d-0b5eea40f8eb;51:88:0A:9E;0;AVIÁRIO MEIO;621,00;03/11/2025;13:03:30;20;1282-20
CO2;1282;CT-CO2-0;02938df5-6afb-d44e-582d-0b5eea40f8eb;51:88:0A:9E;0;AVIÁRIO MEIO;618,00;03/11/2025;13:09:02;20;1282-20
CO2;1282;CT-CO2-0;02938df5-6afb-d44e-582d-0b5eea40f8eb;51:88:0A:9E;0;AVIÁRIO MEIO;690,00;03/11/2025;13:14:03;20;1282-20
CO2;1282;CT-CO2-0;02938df5-6afb-d44e-582d-0b5eea40f8eb;51:88:0A:9E;0;AVIÁRIO MEIO;603,00;03/11/2025;13:19:35;20;1282-20
CO2;1282;CT-CO2-0;02938df5-6afb-d44e-582d-0b5eea40f8eb;51:88:0A:9E;0;AVIÁRIO MEIO;625,00;03/11/2025;13:25:12;20;1282-20
CO2;1282;CT-CO2-0;02938df5-6afb-d44e-582d-0b5eea40f8eb;51:88:0A:9E;0;AVIÁRIO MEIO;612,00;03/11/2025;13:36:18;20;1282-20
CO2;1282;CT-CO2-0;02938df5-6afb-d44e-582d-0b5eea40f8eb;51:88:0A:9E;0;AVIÁRIO MEIO;618,00;03/11/2025;13:41:20;20;1282-20
CO2;1282;CT-CO2-0;02938df5-6afb-d44e-582d-0b5eea40f8eb;51:88:0A:9E;0;AVIÁRIO MEIO;613,00;03/11/2025;13:46:22;20;1282-20
CO2;1282;CT-CO2-0;02938df5-6afb-d44e-582d-0b5eea40f8eb;51:88:0A:9E;0;AVIÁRIO MEIO;612,00;03/11/2025;13:51:54;20;1282-20
CO2;1282;CT-CO2-0;02938df5-6afb-d44e-582d-0b5eea40f8eb;51:88:0A:9E;0;AVIÁRIO MEIO;618,00;03/11/2025;13:57:26;20;1282-20
CO2;1282;CT-CO2-0;02938df5-6afb-d44e-582d-0b5eea40f8eb;51:88:0A:9E;0;AVIÁRIO MEIO;611,00;03/11/2025;14:02:28;20;1282-20
CO2;1282;CT-CO2-0;02938df5-6afb-d44e-582d-0b5eea40f8eb;51:88:0A:9E;0;AVIÁRIO MEIO;599,00;03/11/2025;14:08:01;20;1282-20
CO2;1282;CT-CO2-0;02938df5-6afb-d44e-582d-0b5eea40f8eb;51:88:0A:9E;0;AVIÁRIO MEIO;620,00;03/11/2025;14:13:34;20;1282-20
CO2;1282;CT-CO2-0;02938df5-6afb-d44e-582d-0b5eea40f8eb;51:88:0A:9E;0;AVIÁRIO MEIO;615,00;03/11/2025;14:18:36;20;1282-20
CO2;1282;CT-CO2-0;02938df5-6afb-d44e-582d-0b5eea40f8eb;51:88:0A:9E;0;AVIÁRIO MEIO;612,00;03/11/2025;14:24:08;20;1282-20
CO2;1282;CT-CO2-0;02938df5-6afb-d44e-582d-0b5eea40f8eb;51:88:0A:9E;0;AVIÁRIO MEIO;618,00;03/11/2025;14:29:40;20;1282-20
CO2;1282;CT-CO2-0;02938df5-6afb-d44e-582d-0b5eea40f8eb;51:88:0A:9E;0;AVIÁRIO MEIO;627,00;03/11/2025;14:34:43;20;1282-20
CO2;1282;CT-CO2-0;02938df5-6afb-d44e-582d-0b5eea40f8eb;51:88:0A:9E;0;AVIÁRIO MEIO;627,00;03/11/2025;14:40:17;20;1282-20
CO2;1282;CT-CO2-0;02938df5-6afb-d44e-582d-0b5eea40f8eb;51:88:0A:9E;0;AVIÁRIO MEIO;633,00;03/11/2025;14:45:51;20;1282-20
CO2;1282;CT-CO2-0;02938df5-6afb-d44e-582d-0b5eea40f8eb;51:88:0A:9E;0;AVIÁRIO MEIO;626,00;03/11/2025;14:50:53;20;1282-20
CO2;1282;CT-CO2-0;02938df5-6afb-d44e-582d-0b5eea40f8eb;51:88:0A:9E;0;AVIÁRIO MEIO;622,00;03/11/2025;14:56:25;20;1282-20
CO2;1282;CT-CO2-0;02938df5-6afb-d44e-582d-0b5eea40f8eb;51:88:0A:9E;0;AVIÁRIO MEIO;627,00;03/11/2025;15:01:28;20;1282-20
CO2;1282;CT-CO2-0;02938df5-6afb-d44e-582d-0b5eea40f8eb;51:88:0A:9E;0;AVIÁRIO MEIO;630,00;03/11/2025;15:06:59;20;1282-20
CO2;1282;CT-CO2-0;02938df5-6afb-d44e-582d-0b5eea40f8eb;51:88:0A:9E;0;AVIÁRIO MEIO;643,00;03/11/2025;15:12:31;20;1282-20
CO2;1282;CT-CO2-0;02938df5-6afb-d44e-582d-0b5eea40f8eb;51:88:0A:9E;0;AVIÁRIO MEIO;672,00;03/11/2025;15:22:34;20;1282-20
CO2;1282;CT-CO2-0;02938df5-6afb-d44e-582d-0b5eea40f8eb;51:88:0A:9E;0;AVIÁRIO MEIO;605,00;03/11/2025;15:28:05;20;1282-20
CO2;1282;CT-CO2-0;02938df5-6afb-d44e-582d-0b5eea40f8eb;51:88:0A:9E;0;AVIÁRIO MEIO;611,00;03/11/2025;15:33:38;20;1282-20
CO2;1282;CT-CO2-0;02938df5-6afb-d44e-582d-0b5eea40f8eb;51:88:0A:9E;0;AVIÁRIO MEIO;616,00;03/11/2025;15:38:39;20;1282-20
CO2;1282;CT-CO2-0;02938df5-6afb-d44e-582d-0b5eea40f8eb;51:88:0A:9E;0;AVIÁRIO MEIO;612,00;03/11/2025;15:44:13;20;1282-20
CO2;1282;CT-CO2-0;02938df5-6afb-d44e-582d-0b5eea40f8eb;51:88:0A:9E;0;AVIÁRIO MEIO;633,00;03/11/2025;15:49:47;20;1282-20
CO2;1282;CT-CO2-0;02938df5-6afb-d44e-582d-0b5eea40f8eb;51:88:0A:9E;0;AVIÁRIO MEIO;636,00;03/11/2025;15:55:20;20;1282-20
CO2;1282;CT-CO2-0;02938df5-6afb-d44e-582d-0b5eea40f8eb;51:88:0A:9E;0;AVIÁRIO MEIO;626,00;03/11/2025;16:00:22;20;1282-20
CO2;1282;CT-CO2-0;02938df5-6afb-d44e-582d-0b5eea40f8eb;51:88:0A:9E;0;AVIÁRIO MEIO;631,00;03/11/2025;16:05:55;20;1282-20
CO2;1282;CT-CO2-0;02938df5-6afb-d44e-582d-0b5eea40f8eb;51:88:0A:9E;0;AVIÁRIO MEIO;634,00;03/11/2025;16:10:57;20;1282-20
CO2;1282;CT-CO2-0;02938df5-6afb-d44e-582d-0b5eea40f8eb;51:88:0A:9E;0;AVIÁRIO MEIO;621,00;03/11/2025;16:16:29;20;1282-20
CO2;1282;CT-CO2-0;02938df5-6afb-d44e-582d-0b5eea40f8eb;51:88:0A:9E;0;AVIÁRIO MEIO;626,00;03/11/2025;16:22:01;20;1282-20
CO2;1282;CT-CO2-0;02938df5-6afb-d44e-582d-0b5eea40f8eb;51:88:0A:9E;0;AVIÁRIO MEIO;644,00;03/11/2025;16:27:03;20;1282-20
CO2;1282;CT-CO2-0;02938df5-6afb-d44e-582d-0b5eea40f8eb;51:88:0A:9E;0;AVIÁRIO MEIO;642,00;03/11/2025;16:32:35;20;1282-20
CO2;1282;CT-CO2-0;02938df5-6afb-d44e-582d-0b5eea40f8eb;51:88:0A:9E;0;AVIÁRIO MEIO;636,00;03/11/2025;16:38:07;20;1282-20
CO2;1282;CT-CO2-0;02938df5-6afb-d44e-582d-0b5eea40f8eb;51:88:0A:9E;0;AVIÁRIO MEIO;624,00;03/11/2025;16:43:10;20;1282-20
CO2;1282;CT-CO2-0;02938df5-6afb-d44e-582d-0b5eea40f8eb;51:88:0A:9E;0;AVIÁRIO MEIO;621,00;03/11/2025;16:48:42;20;1282-20
CO2;1282;CT-CO2-0;02938df5-6afb-d44e-582d-0b5eea40f8eb;51:88:0A:9E;0;AVIÁRIO MEIO;643,00;03/11/2025;16:54:15;20;1282-20
CO2;1282;CT-CO2-0;02938df5-6afb-d44e-582d-0b5eea40f8eb;51:88:0A:9E;0;AVIÁRIO MEIO;634,00;03/11/2025;16:59:17;20;1282-20
CO2;1282;CT-CO2-0;02938df5-6afb-d44e-582d-0b5eea40f8eb;51:88:0A:9E;0;AVIÁRIO MEIO;621,00;03/11/2025;17:05:21;20;1282-20
CO2;1282;CT-CO2-0;02938df5-6afb-d44e-582d-0b5eea40f8eb;51:88:0A:9E;0;AVIÁRIO MEIO;636,00;03/11/2025;17:09:52;20;1282-20
CO2;1282;CT-CO2-0;02938df5-6afb-d44e-582d-0b5eea40f8eb;51:88:0A:9E;0;AVIÁRIO MEIO;642,00;03/11/2025;17:15:24;20;1282-20
CO2;1282;CT-CO2-0;02938df5-6afb-d44e-582d-0b5eea40f8eb;51:88:0A:9E;0;AVIÁRIO MEIO;610,00;03/11/2025;17:20:57;20;1282-20
CO2;1282;CT-CO2-0;02938df5-6afb-d44e-582d-0b5eea40f8eb;51:88:0A:9E;0;AVIÁRIO MEIO;631,00;03/11/2025;17:26:00;20;1282-20
CO2;1282;CT-CO2-0;02938df5-6afb-d44e-582d-0b5eea40f8eb;51:88:0A:9E;0;AVIÁRIO MEIO;634,00;03/11/2025;17:31:33;20;1282-20
CO2;1282;CT-CO2-0;02938df5-6afb-d44e-582d-0b5eea40f8eb;51:88:0A:9E;0;AVIÁRIO MEIO;643,00;03/11/2025;17:42:08;20;1282-20
CO2;1282;CT-CO2-0;02938df5-6afb-d44e-582d-0b5eea40f8eb;51:88:0A:9E;0;AVIÁRIO MEIO;632,00;03/11/2025;17:47:42;20;1282-20
CO2;1282;CT-CO2-0;02938df5-6afb-d44e-582d-0b5eea40f8eb;51:88:0A:9E;0;AVIÁRIO MEIO;623,00;03/11/2025;17:52:43;20;1282-20
CO2;1282;CT-CO2-0;02938df5-6afb-d44e-582d-0b5eea40f8eb;51:88:0A:9E;0;AVIÁRIO MEIO;625,00;03/11/2025;17:58:16;20;1282-20
CO2;1282;CT-CO2-0;02938df5-6afb-d44e-582d-0b5eea40f8eb;51:88:0A:9E;0;AVIÁRIO MEIO;614,00;03/11/2025;18:03:48;20;1282-20
CO2;1282;CT-CO2-0;02938df5-6afb-d44e-582d-0b5eea40f8eb;51:88:0A:9E;0;AVIÁRIO MEIO;642,00;03/11/2025;18:08:50;20;1282-20
CO2;1282;CT-CO2-0;02938df5-6afb-d44e-582d-0b5eea40f8eb;51:88:0A:9E;0;AVIÁRIO MEIO;624,00;03/11/2025;18:14:56;20;1282-20
CO2;1282;CT-CO2-0;02938df5-6afb-d44e-582d-0b5eea40f8eb;51:88:0A:9E;0;AVIÁRIO MEIO;633,00;03/11/2025;18:19:58;20;1282-20
CO2;1282;CT-CO2-0;02938df5-6afb-d44e-582d-0b5eea40f8eb;51:88:0A:9E;0;AVIÁRIO MEIO;640,00;03/11/2025;18:25:00;20;1282-20
CO2;1282;CT-CO2-0;02938df5-6afb-d44e-582d-0b5eea40f8eb;51:88:0A:9E;0;AVIÁRIO MEIO;638,00;03/11/2025;18:30:32;20;1282-20
CO2;1282;CT-CO2-0;02938df5-6afb-d44e-582d-0b5eea40f8eb;51:88:0A:9E;0;AVIÁRIO MEIO;638,00;03/11/2025;18:36:04;20;1282-20
CO2;1282;CT-CO2-0;02938df5-6afb-d44e-582d-0b5eea40f8eb;51:88:0A:9E;0;AVIÁRIO MEIO;620,00;03/11/2025;18:41:06;20;1282-20
CO2;1282;CT-CO2-0;02938df5-6afb-d44e-582d-0b5eea40f8eb;51:88:0A:9E;0;AVIÁRIO MEIO;633,00;03/11/2025;18:46:39;20;1282-20
CO2;1282;CT-CO2-0;02938df5-6afb-d44e-582d-0b5eea40f8eb;51:88:0A:9E;0;AVIÁRIO MEIO;654,00;03/11/2025;18:52:11;20;1282-20
CO2;1282;CT-CO2-0;02938df5-6afb-d44e-582d-0b5eea40f8eb;51:88:0A:9E;0;AVIÁRIO MEIO;646,00;03/11/2025;18:57:13;20;1282-20
CO2;1282;CT-CO2-0;02938df5-6afb-d44e-582d-0b5eea40f8eb;51:88:0A:9E;0;AVIÁRIO MEIO;658,00;03/11/2025;19:02:45;20;1282-20
CO2;1282;CT-CO2-0;02938df5-6afb-d44e-582d-0b5eea40f8eb;51:88:0A:9E;0;AVIÁRIO MEIO;684,00;03/11/2025;19:07:48;20;1282-20
CO2;1282;CT-CO2-0;02938df5-6afb-d44e-582d-0b5eea40f8eb;51:88:0A:9E;0;AVIÁRIO MEIO;700,00;03/11/2025;19:13:20;20;1282-20
CO2;1282;CT-CO2-0;02938df5-6afb-d44e-582d-0b5eea40f8eb;51:88:0A:9E;0;AVIÁRIO MEIO;705,00;03/11/2025;19:18:53;20;1282-20
CO2;1282;CT-CO2-0;02938df5-6afb-d44e-582d-0b5eea40f8eb;51:88:0A:9E;0;AVIÁRIO MEIO;757,00;03/11/2025;19:24:26;20;1282-20
CO2;1282;CT-CO2-0;02938df5-6afb-d44e-582d-0b5eea40f8eb;51:88:0A:9E;0;AVIÁRIO MEIO;774,00;03/11/2025;19:29:28;20;1282-20
CO2;1282;CT-CO2-0;02938df5-6afb-d44e-582d-0b5eea40f8eb;51:88:0A:9E;0;AVIÁRIO MEIO;746,00;03/11/2025;19:35:00;20;1282-20
CO2;1282;CT-CO2-0;02938df5-6afb-d44e-582d-0b5eea40f8eb;51:88:0A:9E;0;AVIÁRIO MEIO;800,00;03/11/2025;19:40:02;20;1282-20
CO2;1282;CT-CO2-0;02938df5-6afb-d44e-582d-0b5eea40f8eb;51:88:0A:9E;0;AVIÁRIO MEIO;827,00;03/11/2025;19:45:34;20;1282-20
CO2;1282;CT-CO2-0;02938df5-6afb-d44e-582d-0b5eea40f8eb;51:88:0A:9E;0;AVIÁRIO MEIO;828,00;03/11/2025;19:51:06;20;1282-20
CO2;1282;CT-CO2-0;02938df5-6afb-d44e-582d-0b5eea40f8eb;51:88:0A:9E;0;AVIÁRIO MEIO;842,00;03/11/2025;19:56:07;20;1282-20
CO2;1282;CT-CO2-0;02938df5-6afb-d44e-582d-0b5eea40f8eb;51:88:0A:9E;0;AVIÁRIO MEIO;851,00;03/11/2025;20:01:40;20;1282-20
CO2;1282;CT-CO2-0;02938df5-6afb-d44e-582d-0b5eea40f8eb;51:88:0A:9E;0;AVIÁRIO MEIO;848,00;03/11/2025;20:07:12;20;1282-20
CO2;1282;CT-CO2-0;02938df5-6afb-d44e-582d-0b5eea40f8eb;51:88:0A:9E;0;AVIÁRIO MEIO;852,00;03/11/2025;20:12:14;20;1282-20
CO2;1282;CT-CO2-0;02938df5-6afb-d44e-582d-0b5eea40f8eb;51:88:0A:9E;0;AVIÁRIO MEIO;842,00;03/11/2025;20:17:46;20;1282-20
CO2;1282;CT-CO2-0;02938df5-6afb-d44e-582d-0b5eea40f8eb;51:88:0A:9E;0;AVIÁRIO MEIO;844,00;03/11/2025;20:23:18;20;1282-20
CO2;1282;CT-CO2-0;02938df5-6afb-d44e-582d-0b5eea40f8eb;51:88:0A:9E;0;AVIÁRIO MEIO;843,00;03/11/2025;20:28:20;20;1282-20
CO2;1282;CT-CO2-0;02938df5-6afb-d44e-582d-0b5eea40f8eb;51:88:0A:9E;0;AVIÁRIO MEIO;840,00;03/11/2025;20:34:24;20;1282-20
CO2;1282;CT-CO2-0;02938df5-6afb-d44e-582d-0b5eea40f8eb;51:88:0A:9E;0;AVIÁRIO MEIO;843,00;03/11/2025;20:39:26;20;1282-20
CO2;1282;CT-CO2-0;02938df5-6afb-d44e-582d-0b5eea40f8eb;51:88:0A:9E;0;AVIÁRIO MEIO;845,00;03/11/2025;20:44:28;20;1282-20
CO2;1282;CT-CO2-0;02938df5-6afb-d44e-582d-0b5eea40f8eb;51:88:0A:9E;0;AVIÁRIO MEIO;926,00;03/11/2025;20:50:00;20;1282-20
CO2;1282;CT-CO2-0;02938df5-6afb-d44e-582d-0b5eea40f8eb;51:88:0A:9E;0;AVIÁRIO MEIO;898,00;03/11/2025;20:55:32;20;1282-20
CO2;1282;CT-CO2-0;02938df5-6afb-d44e-582d-0b5eea40f8eb;51:88:0A:9E;0;AVIÁRIO MEIO;845,00;03/11/2025;21:01:03;20;1282-20
CO2;1282;CT-CO2-0;02938df5-6afb-d44e-582d-0b5eea40f8eb;51:88:0A:9E;0;AVIÁRIO MEIO;829,00;03/11/2025;21:06:35;20;1282-20
CO2;1282;CT-CO2-0;02938df5-6afb-d44e-582d-0b5eea40f8eb;51:88:0A:9E;0;AVIÁRIO MEIO;841,00;03/11/2025;21:12:07;20;1282-20
CO2;1282;CT-CO2-0;02938df5-6afb-d44e-582d-0b5eea40f8eb;51:88:0A:9E;0;AVIÁRIO MEIO;832,00;03/11/2025;21:17:09;20;1282-20
CO2;1282;CT-CO2-0;02938df5-6afb-d44e-582d-0b5eea40f8eb;51:88:0A:9E;0;AVIÁRIO MEIO;833,00;03/11/2025;21:22:41;20;1282-20
CO2;1282;CT-CO2-0;02938df5-6afb-d44e-582d-0b5eea40f8eb;51:88:0A:9E;0;AVIÁRIO MEIO;848,00;03/11/2025;21:28:13;20;1282-20
CO2;1282;CT-CO2-0;02938df5-6afb-d44e-582d-0b5eea40f8eb;51:88:0A:9E;0;AVIÁRIO MEIO;853,00;03/11/2025;21:33:15;20;1282-20
CO2;1282;CT-CO2-0;02938df5-6afb-d44e-582d-0b5eea40f8eb;51:88:0A:9E;0;AVIÁRIO MEIO;828,00;03/11/2025;21:38:48;20;1282-20
CO2;1282;CT-CO2-0;02938df5-6afb-d44e-582d-0b5eea40f8eb;51:88:0A:9E;0;AVIÁRIO MEIO;834,00;03/11/2025;21:44:52;20;1282-20
CO2;1282;CT-CO2-0;02938df5-6afb-d44e-582d-0b5eea40f8eb;51:88:0A:9E;0;AVIÁRIO MEIO;848,00;03/11/2025;21:49:24;20;1282-20
CO2;1282;CT-CO2-0;02938df5-6afb-d44e-582d-0b5eea40f8eb;51:88:0A:9E;0;AVIÁRIO MEIO;854,00;03/11/2025;21:54:56;20;1282-20
CO2;1282;CT-CO2-0;02938df5-6afb-d44e-582d-0b5eea40f8eb;51:88:0A:9E;0;AVIÁRIO MEIO;851,00;03/11/2025;22:00:27;20;1282-20
CO2;1282;CT-CO2-0;02938df5-6afb-d44e-582d-0b5eea40f8eb;51:88:0A:9E;0;AVIÁRIO MEIO;846,00;03/11/2025;22:05:29;20;1282-20
CO2;1282;CT-CO2-0;02938df5-6afb-d44e-582d-0b5eea40f8eb;51:88:0A:9E;0;AVIÁRIO MEIO;906,00;03/11/2025;22:11:02;20;1282-20
CO2;1282;CT-CO2-0;02938df5-6afb-d44e-582d-0b5eea40f8eb;51:88:0A:9E;0;AVIÁRIO MEIO;851,00;03/11/2025;22:16:34;20;1282-20
CO2;1282;CT-CO2-0;02938df5-6afb-d44e-582d-0b5eea40f8eb;51:88:0A:9E;0;AVIÁRIO MEIO;977,00;03/11/2025;22:21:38;20;1282-20
CO2;1282;CT-CO2-0;02938df5-6afb-d44e-582d-0b5eea40f8eb;51:88:0A:9E;0;AVIÁRIO MEIO;1.033,00;03/11/2025;22:27:11;20;1282-20
CO2;1282;CT-CO2-0;02938df5-6afb-d44e-582d-0b5eea40f8eb;51:88:0A:9E;0;AVIÁRIO MEIO;1.039,00;03/11/2025;22:32:13;20;1282-20
CO2;1282;CT-CO2-0;02938df5-6afb-d44e-582d-0b5eea40f8eb;51:88:0A:9E;0;AVIÁRIO MEIO;1.053,00;03/11/2025;22:37:44;20;1282-20
CO2;1282;CT-CO2-0;02938df5-6afb-d44e-582d-0b5eea40f8eb;51:88:0A:9E;0;AVIÁRIO MEIO;1.045,00;03/11/2025;22:43:17;20;1282-20
CO2;1282;CT-CO2-0;02938df5-6afb-d44e-582d-0b5eea40f8eb;51:88:0A:9E;0;AVIÁRIO MEIO;1.026,00;03/11/2025;22:48:19;20;1282-20
CO2;1282;CT-CO2-0;02938df5-6afb-d44e-582d-0b5eea40f8eb;51:88:0A:9E;0;AVIÁRIO MEIO;1.049,00;03/11/2025;22:54:26;20;1282-20
CO2;1282;CT-CO2-0;02938df5-6afb-d44e-582d-0b5eea40f8eb;51:88:0A:9E;0;AVIÁRIO MEIO;1.039,00;03/11/2025;22:59:28;20;1282-20
CO2;1282;CT-CO2-0;02938df5-6afb-d44e-582d-0b5eea40f8eb;51:88:0A:9E;0;AVIÁRIO MEIO;1.023,00;03/11/2025;23:04:30;20;1282-20
CO2;1282;CT-CO2-0;02938df5-6afb-d44e-582d-0b5eea40f8eb;51:88:0A:9E;0;AVIÁRIO MEIO;1.061,00;03/11/2025;23:10:03;20;1282-20
CO2;1282;CT-CO2-0;02938df5-6afb-d44e-582d-0b5eea40f8eb;51:88:0A:9E;0;AVIÁRIO MEIO;1.052,00;03/11/2025;23:15:35;20;1282-20
CO2;1282;CT-CO2-0;02938df5-6afb-d44e-582d-0b5eea40f8eb;51:88:0A:9E;0;AVIÁRIO MEIO;1.047,00;03/11/2025;23:20:37;20;1282-20
CO2;1282;CT-CO2-0;02938df5-6afb-d44e-582d-0b5eea40f8eb;51:88:0A:9E;0;AVIÁRIO MEIO;1.046,00;03/11/2025;23:26:09;20;1282-20
CO2;1282;CT-CO2-0;02938df5-6afb-d44e-582d-0b5eea40f8eb;51:88:0A:9E;0;AVIÁRIO MEIO;1.048,00;03/11/2025;23:31:41;20;1282-20
CO2;1282;CT-CO2-0;02938df5-6afb-d44e-582d-0b5eea40f8eb;51:88:0A:9E;0;AVIÁRIO MEIO;1.075,00;03/11/2025;23:36:43;20;1282-20
CO2;1282;CT-CO2-0;02938df5-6afb-d44e-582d-0b5eea40f8eb;51:88:0A:9E;0;AVIÁRIO MEIO;1.040,00;03/11/2025;23:42:15;20;1282-20
CO2;1282;CT-CO2-0;02938df5-6afb-d44e-582d-0b5eea40f8eb;51:88:0A:9E;0;AVIÁRIO MEIO;1.034,00;03/11/2025;23:47:47;20;1282-20
CO2;1282;CT-CO2-0;02938df5-6afb-d44e-582d-0b5eea40f8eb;51:88:0A:9E;0;AVIÁRIO MEIO;1.041,00;03/11/2025;23:52:49;20;1282-20
CO2;1282;CT-CO2-0;02938df5-6afb-d44e-582d-0b5eea40f8eb;51:88:0A:9E;0;AVIÁRIO MEIO;1.044,00;03/11/2025;23:58:21;20;1282-20
CO2;1282;CT-CO2-0;02938df5-6afb-d44e-582d-0b5eea40f8eb;51:88:0A:9E;0;AVIÁRIO MEIO;1.021,00;04/11/2025;00:04:24;20;1282-20
CO2;1282;CT-CO2-0;02938df5-6afb-d44e-582d-0b5eea40f8eb;51:88:0A:9E;0;AVIÁRIO MEIO;1.016,00;04/11/2025;00:08:58;20;1282-20
CO2;1282;CT-CO2-0;02938df5-6afb-d44e-582d-0b5eea40f8eb;51:88:0A:9E;0;AVIÁRIO MEIO;1.024,00;04/11/2025;00:14:31;20;1282-20
CO2;1282;CT-CO2-0;02938df5-6afb-d44e-582d-0b5eea40f8eb;51:88:0A:9E;0;AVIÁRIO MEIO;1.028,00;04/11/2025;00:19:34;20;1282-20
CO2;1282;CT-CO2-0;02938df5-6afb-d44e-582d-0b5eea40f8eb;51:88:0A:9E;0;AVIÁRIO MEIO;1.010,00;04/11/2025;00:25:10;20;1282-20
CO2;1282;CT-CO2-0;02938df5-6afb-d44e-582d-0b5eea40f8eb;51:88:0A:9E;0;AVIÁRIO MEIO;1.015,00;04/11/2025;00:30:42;20;1282-20
CO2;1282;CT-CO2-0;02938df5-6afb-d44e-582d-0b5eea40f8eb;51:88:0A:9E;0;AVIÁRIO MEIO;1.015,00;04/11/2025;00:35:44;20;1282-20
CO2;1282;CT-CO2-0;02938df5-6afb-d44e-582d-0b5eea40f8eb;51:88:0A:9E;0;AVIÁRIO MEIO;1.022,00;04/11/2025;00:41:16;20;1282-20
CO2;1282;CT-CO2-0;02938df5-6afb-d44e-582d-0b5eea40f8eb;51:88:0A:9E;0;AVIÁRIO MEIO;1.039,00;04/11/2025;00:46:50;20;1282-20
CO2;1282;CT-CO2-0;02938df5-6afb-d44e-582d-0b5eea40f8eb;51:88:0A:9E;0;AVIÁRIO MEIO;1.012,00;04/11/2025;00:51:52;20;1282-20
CO2;1282;CT-CO2-0;02938df5-6afb-d44e-582d-0b5eea40f8eb;51:88:0A:9E;0;AVIÁRIO MEIO;1.026,00;04/11/2025;00:57:25;20;1282-20
CO2;1282;CT-CO2-0;02938df5-6afb-d44e-582d-0b5eea40f8eb;51:88:0A:9E;0;AVIÁRIO MEIO;1.073,00;04/11/2025;01:02:58;20;1282-20
CO2;1282;CT-CO2-0;02938df5-6afb-d44e-582d-0b5eea40f8eb;51:88:0A:9E;0;AVIÁRIO MEIO;1.045,00;04/11/2025;01:08:01;20;1282-20
CO2;1282;CT-CO2-0;02938df5-6afb-d44e-582d-0b5eea40f8eb;51:88:0A:9E;0;AVIÁRIO MEIO;1.047,00;04/11/2025;01:14:04;20;1282-20
CO2;1282;CT-CO2-0;02938df5-6afb-d44e-582d-0b5eea40f8eb;51:88:0A:9E;0;AVIÁRIO MEIO;1.071,00;04/11/2025;01:18:37;20;1282-20
CO2;1282;CT-CO2-0;02938df5-6afb-d44e-582d-0b5eea40f8eb;51:88:0A:9E;0;AVIÁRIO MEIO;1.065,00;04/11/2025;01:24:11;20;1282-20
CO2;1282;CT-CO2-0;02938df5-6afb-d44e-582d-0b5eea40f8eb;51:88:0A:9E;0;AVIÁRIO MEIO;1.163,00;04/11/2025;01:29:43;20;1282-20
CO2;1282;CT-CO2-0;02938df5-6afb-d44e-582d-0b5eea40f8eb;51:88:0A:9E;0;AVIÁRIO MEIO;1.085,00;04/11/2025;01:34:46;20;1282-20
CO2;1282;CT-CO2-0;02938df5-6afb-d44e-582d-0b5eea40f8eb;51:88:0A:9E;0;AVIÁRIO MEIO;1.076,00;04/11/2025;01:40:18;20;1282-20
CO2;1282;CT-CO2-0;02938df5-6afb-d44e-582d-0b5eea40f8eb;51:88:0A:9E;0;AVIÁRIO MEIO;1.073,00;04/11/2025;01:45:51;20;1282-20
CO2;1282;CT-CO2-0;02938df5-6afb-d44e-582d-0b5eea40f8eb;51:88:0A:9E;0;AVIÁRIO MEIO;1.088,00;04/11/2025;01:50:53;20;1282-20
CO2;1282;CT-CO2-0;02938df5-6afb-d44e-582d-0b5eea40f8eb;51:88:0A:9E;0;AVIÁRIO MEIO;1.035,00;04/11/2025;01:56:25;20;1282-20
CO2;1282;CT-CO2-0;02938df5-6afb-d44e-582d-0b5eea40f8eb;51:88:0A:9E;0;AVIÁRIO MEIO;1.111,00;04/11/2025;02:01:58;20;1282-20
CO2;1282;CT-CO2-0;02938df5-6afb-d44e-582d-0b5eea40f8eb;51:88:0A:9E;0;AVIÁRIO MEIO;1.066,00;04/11/2025;02:06:59;20;1282-20
CO2;1282;CT-CO2-0;02938df5-6afb-d44e-582d-0b5eea40f8eb;51:88:0A:9E;0;AVIÁRIO MEIO;1.035,00;04/11/2025;02:12:32;20;1282-20
CO2;1282;CT-CO2-0;02938df5-6afb-d44e-582d-0b5eea40f8eb;51:88:0A:9E;0;AVIÁRIO MEIO;1.105,00;04/11/2025;02:18:05;20;1282-20
CO2;1282;CT-CO2-0;02938df5-6afb-d44e-582d-0b5eea40f8eb;51:88:0A:9E;0;AVIÁRIO MEIO;1.041,00;04/11/2025;02:23:39;20;1282-20
CO2;1282;CT-CO2-0;02938df5-6afb-d44e-582d-0b5eea40f8eb;51:88:0A:9E;0;AVIÁRIO MEIO;1.055,00;04/11/2025;02:28:41;20;1282-20
CO2;1282;CT-CO2-0;02938df5-6afb-d44e-582d-0b5eea40f8eb;51:88:0A:9E;0;AVIÁRIO MEIO;1.101,00;04/11/2025;02:34:16;20;1282-20
CO2;1282;CT-CO2-0;02938df5-6afb-d44e-582d-0b5eea40f8eb;51:88:0A:9E;0;AVIÁRIO MEIO;1.048,00;04/11/2025;02:39:19;20;1282-20
CO2;1282;CT-CO2-0;02938df5-6afb-d44e-582d-0b5eea40f8eb;51:88:0A:9E;0;AVIÁRIO MEIO;1.048,00;04/11/2025;02:44:51;20;1282-20
CO2;1282;CT-CO2-0;02938df5-6afb-d44e-582d-0b5eea40f8eb;51:88:0A:9E;0;AVIÁRIO MEIO;1.091,00;04/11/2025;02:49:53;20;1282-20
CO2;1282;CT-CO2-0;02938df5-6afb-d44e-582d-0b5eea40f8eb;51:88:0A:9E;0;AVIÁRIO MEIO;1.066,00;04/11/2025;02:55:28;20;1282-20
CO2;1282;CT-CO2-0;02938df5-6afb-d44e-582d-0b5eea40f8eb;51:88:0A:9E;0;AVIÁRIO MEIO;1.134,00;04/11/2025;03:01:00;20;1282-20
CO2;1282;CT-CO2-0;02938df5-6afb-d44e-582d-0b5eea40f8eb;51:88:0A:9E;0;AVIÁRIO MEIO;1.073,00;04/11/2025;03:06:02;20;1282-20
CO2;1282;CT-CO2-0;02938df5-6afb-d44e-582d-0b5eea40f8eb;51:88:0A:9E;0;AVIÁRIO MEIO;1.071,00;04/11/2025;03:11:34;20;1282-20
CO2;1282;CT-CO2-0;02938df5-6afb-d44e-582d-0b5eea40f8eb;51:88:0A:9E;0;AVIÁRIO MEIO;1.106,00;04/11/2025;03:17:07;20;1282-20
CO2;1282;CT-CO2-0;02938df5-6afb-d44e-582d-0b5eea40f8eb;51:88:0A:9E;0;AVIÁRIO MEIO;1.065,00;04/11/2025;03:22:09;20;1282-20
CO2;1282;CT-CO2-0;02938df5-6afb-d44e-582d-0b5eea40f8eb;51:88:0A:9E;0;AVIÁRIO MEIO;1.060,00;04/11/2025;03:27:41;20;1282-20
CO2;1282;CT-CO2-0;02938df5-6afb-d44e-582d-0b5eea40f8eb;51:88:0A:9E;0;AVIÁRIO MEIO;1.127,00;04/11/2025;03:33:45;20;1282-20
CO2;1282;CT-CO2-0;02938df5-6afb-d44e-582d-0b5eea40f8eb;51:88:0A:9E;0;AVIÁRIO MEIO;1.115,00;04/11/2025;03:38:17;20;1282-20
CO2;1282;CT-CO2-0;02938df5-6afb-d44e-582d-0b5eea40f8eb;51:88:0A:9E;0;AVIÁRIO MEIO;1.092,00;04/11/2025;03:43:49;20;1282-20
CO2;1282;CT-CO2-0;02938df5-6afb-d44e-582d-0b5eea40f8eb;51:88:0A:9E;0;AVIÁRIO MEIO;1.101,00;04/11/2025;03:49:22;20;1282-20
CO2;1282;CT-CO2-0;02938df5-6afb-d44e-582d-0b5eea40f8eb;51:88:0A:9E;0;AVIÁRIO MEIO;1.065,00;04/11/2025;03:54:24;20;1282-20
CO2;1282;CT-CO2-0;02938df5-6afb-d44e-582d-0b5eea40f8eb;51:88:0A:9E;0;AVIÁRIO MEIO;1.072,00;04/11/2025;03:59:56;20;1282-20
CO2;1282;CT-CO2-0;02938df5-6afb-d44e-582d-0b5eea40f8eb;51:88:0A:9E;0;AVIÁRIO MEIO;1.071,00;04/11/2025;04:05:28;20;1282-20
CO2;1282;CT-CO2-0;02938df5-6afb-d44e-582d-0b5eea40f8eb;51:88:0A:9E;0;AVIÁRIO MEIO;1.074,00;04/11/2025;04:16:02;20;1282-20
CO2;1282;CT-CO2-0;02938df5-6afb-d44e-582d-0b5eea40f8eb;51:88:0A:9E;0;AVIÁRIO MEIO;1.093,00;04/11/2025;04:21:33;20;1282-20
CO2;1282;CT-CO2-0;02938df5-6afb-d44e-582d-0b5eea40f8eb;51:88:0A:9E;0;AVIÁRIO MEIO;1.091,00;04/11/2025;04:26:36;20;1282-20
CO2;1282;CT-CO2-0;02938df5-6afb-d44e-582d-0b5eea40f8eb;51:88:0A:9E;0;AVIÁRIO MEIO;1.058,00;04/11/2025;04:32:10;20;1282-20
CO2;1282;CT-CO2-0;02938df5-6afb-d44e-582d-0b5eea40f8eb;51:88:0A:9E;0;AVIÁRIO MEIO;1.099,00;04/11/2025;04:37:42;20;1282-20
CO2;1282;CT-CO2-0;02938df5-6afb-d44e-582d-0b5eea40f8eb;51:88:0A:9E;0;AVIÁRIO MEIO;1.081,00;04/11/2025;04:43:15;20;1282-20
CO2;1282;CT-CO2-0;02938df5-6afb-d44e-582d-0b5eea40f8eb;51:88:0A:9E;0;AVIÁRIO MEIO;1.078,00;04/11/2025;04:48:17;20;1282-20
CO2;1282;CT-CO2-0;02938df5-6afb-d44e-582d-0b5eea40f8eb;51:88:0A:9E;0;AVIÁRIO MEIO;1.114,00;04/11/2025;04:53:49;20;1282-20
CO2;1282;CT-CO2-0;02938df5-6afb-d44e-582d-0b5eea40f8eb;51:88:0A:9E;0;AVIÁRIO MEIO;1.081,00;04/11/2025;04:58:51;20;1282-20
CO2;1282;CT-CO2-0;02938df5-6afb-d44e-582d-0b5eea40f8eb;51:88:0A:9E;0;AVIÁRIO MEIO;1.107,00;04/11/2025;05:04:23;20;1282-20
CO2;1282;CT-CO2-0;02938df5-6afb-d44e-582d-0b5eea40f8eb;51:88:0A:9E;0;AVIÁRIO MEIO;1.088,00;04/11/2025;05:09:55;20;1282-20
CO2;1282;CT-CO2-0;02938df5-6afb-d44e-582d-0b5eea40f8eb;51:88:0A:9E;0;AVIÁRIO MEIO;1.068,00;04/11/2025;05:14:57;20;1282-20
CO2;1282;CT-CO2-0;02938df5-6afb-d44e-582d-0b5eea40f8eb;51:88:0A:9E;0;AVIÁRIO MEIO;1.079,00;04/11/2025;05:26:03;20;1282-20
CO2;1282;CT-CO2-0;02938df5-6afb-d44e-582d-0b5eea40f8eb;51:88:0A:9E;0;AVIÁRIO MEIO;1.058,00;04/11/2025;05:31:05;20;1282-20
CO2;1282;CT-CO2-0;02938df5-6afb-d44e-582d-0b5eea40f8eb;51:88:0A:9E;0;AVIÁRIO MEIO;1.075,00;04/11/2025;05:36:37;20;1282-20
CO2;1282;CT-CO2-0;02938df5-6afb-d44e-582d-0b5eea40f8eb;51:88:0A:9E;0;AVIÁRIO MEIO;1.089,00;04/11/2025;05:42:09;20;1282-20
CO2;1282;CT-CO2-0;02938df5-6afb-d44e-582d-0b5eea40f8eb;51:88:0A:9E;0;AVIÁRIO MEIO;1.066,00;04/11/2025;05:47:11;20;1282-20
CO2;1282;CT-CO2-0;02938df5-6afb-d44e-582d-0b5eea40f8eb;51:88:0A:9E;0;AVIÁRIO MEIO;1.055,00;04/11/2025;05:53:14;20;1282-20
CO2;1282;CT-CO2-0;02938df5-6afb-d44e-582d-0b5eea40f8eb;51:88:0A:9E;0;AVIÁRIO MEIO;1.070,00;04/11/2025;05:58:15;20;1282-20
CO2;1282;CT-CO2-0;02938df5-6afb-d44e-582d-0b5eea40f8eb;51:88:0A:9E;0;AVIÁRIO MEIO;1.065,00;04/11/2025;06:03:18;20;1282-20
CO2;1282;CT-CO2-0;02938df5-6afb-d44e-582d-0b5eea40f8eb;51:88:0A:9E;0;AVIÁRIO MEIO;1.078,00;04/11/2025;06:08:51;20;1282-20
CO2;1282;CT-CO2-0;02938df5-6afb-d44e-582d-0b5eea40f8eb;51:88:0A:9E;0;AVIÁRIO MEIO;1.093,00;04/11/2025;06:14:24;20;1282-20
CO2;1282;CT-CO2-0;02938df5-6afb-d44e-582d-0b5eea40f8eb;51:88:0A:9E;0;AVIÁRIO MEIO;1.041,00;04/11/2025;06:19:26;20;1282-20
CO2;1282;CT-CO2-0;02938df5-6afb-d44e-582d-0b5eea40f8eb;51:88:0A:9E;0;AVIÁRIO MEIO;1.041,00;04/11/2025;06:24:58;20;1282-20
CO2;1282;CT-CO2-0;02938df5-6afb-d44e-582d-0b5eea40f8eb;51:88:0A:9E;0;AVIÁRIO MEIO;1.129,00;04/11/2025;06:30:31;20;1282-20
CO2;1282;CT-CO2-0;02938df5-6afb-d44e-582d-0b5eea40f8eb;51:88:0A:9E;0;AVIÁRIO MEIO;1.247,00;04/11/2025;06:40:35;20;1282-20
CO2;1282;CT-CO2-0;02938df5-6afb-d44e-582d-0b5eea40f8eb;51:88:0A:9E;0;AVIÁRIO MEIO;1.181,00;04/11/2025;06:46:09;20;1282-20
CO2;1282;CT-CO2-0;02938df5-6afb-d44e-582d-0b5eea40f8eb;51:88:0A:9E;0;AVIÁRIO MEIO;1.075,00;04/11/2025;06:51:41;20;1282-20
CO2;1282;CT-CO2-0;02938df5-6afb-d44e-582d-0b5eea40f8eb;51:88:0A:9E;0;AVIÁRIO MEIO;1.080,00;04/11/2025;06:56:43;20;1282-20
CO2;1282;CT-CO2-0;02938df5-6afb-d44e-582d-0b5eea40f8eb;51:88:0A:9E;0;AVIÁRIO MEIO;1.107,00;04/11/2025;07:02:47;20;1282-20
CO2;1282;CT-CO2-0;02938df5-6afb-d44e-582d-0b5eea40f8eb;51:88:0A:9E;0;AVIÁRIO MEIO;1.080,00;04/11/2025;07:07:50;20;1282-20
CO2;1282;CT-CO2-0;02938df5-6afb-d44e-582d-0b5eea40f8eb;51:88:0A:9E;0;AVIÁRIO MEIO;1.008,00;04/11/2025;07:12:52;20;1282-20
CO2;1282;CT-CO2-0;02938df5-6afb-d44e-582d-0b5eea40f8eb;51:88:0A:9E;0;AVIÁRIO MEIO;903,00;04/11/2025;07:18:25;20;1282-20
CO2;1282;CT-CO2-0;02938df5-6afb-d44e-582d-0b5eea40f8eb;51:88:0A:9E;0;AVIÁRIO MEIO;881,00;04/11/2025;07:23:28;20;1282-20
CO2;1282;CT-CO2-0;02938df5-6afb-d44e-582d-0b5eea40f8eb;51:88:0A:9E;0;AVIÁRIO MEIO;880,00;04/11/2025;07:29:01;20;1282-20
CO2;1282;CT-CO2-0;02938df5-6afb-d44e-582d-0b5eea40f8eb;51:88:0A:9E;0;AVIÁRIO MEIO;974,00;04/11/2025;07:34:33;20;1282-20
CO2;1282;CT-CO2-0;02938df5-6afb-d44e-582d-0b5eea40f8eb;51:88:0A:9E;0;AVIÁRIO MEIO;901,00;04/11/2025;07:39:34;20;1282-20
CO2;1282;CT-CO2-0;02938df5-6afb-d44e-582d-0b5eea40f8eb;51:88:0A:9E;0;AVIÁRIO MEIO;870,00;04/11/2025;07:45:06;20;1282-20
CO2;1282;CT-CO2-0;02938df5-6afb-d44e-582d-0b5eea40f8eb;51:88:0A:9E;0;AVIÁRIO MEIO;853,00;04/11/2025;07:55:40;20;1282-20
CO2;1282;CT-CO2-0;02938df5-6afb-d44e-582d-0b5eea40f8eb;51:88:0A:9E;0;AVIÁRIO MEIO;843,00;04/11/2025;08:01:12;20;1282-20
CO2;1282;CT-CO2-0;02938df5-6afb-d44e-582d-0b5eea40f8eb;51:88:0A:9E;0;AVIÁRIO MEIO;899,00;04/11/2025;08:06:45;20;1282-20
CO2;1282;CT-CO2-0;02938df5-6afb-d44e-582d-0b5eea40f8eb;51:88:0A:9E;0;AVIÁRIO MEIO;834,00;04/11/2025;08:12:18;20;1282-20
CO2;1282;CT-CO2-0;02938df5-6afb-d44e-582d-0b5eea40f8eb;51:88:0A:9E;0;AVIÁRIO MEIO;868,00;04/11/2025;08:17:21;20;1282-20
CO2;1282;CT-CO2-0;02938df5-6afb-d44e-582d-0b5eea40f8eb;51:88:0A:9E;0;AVIÁRIO MEIO;803,00;04/11/2025;08:22:53;20;1282-20
CO2;1282;CT-CO2-0;02938df5-6afb-d44e-582d-0b5eea40f8eb;51:88:0A:9E;0;AVIÁRIO MEIO;762,00;04/11/2025;08:27:55;20;1282-20
CO2;1282;CT-CO2-0;02938df5-6afb-d44e-582d-0b5eea40f8eb;51:88:0A:9E;0;AVIÁRIO MEIO;757,00;04/11/2025;08:33:28;20;1282-20
CO2;1282;CT-CO2-0;02938df5-6afb-d44e-582d-0b5eea40f8eb;51:88:0A:9E;0;AVIÁRIO MEIO;734,00;04/11/2025;08:38:59;20;1282-20
CO2;1282;CT-CO2-0;02938df5-6afb-d44e-582d-0b5eea40f8eb;51:88:0A:9E;0;AVIÁRIO MEIO;756,00;04/11/2025;08:44:02;20;1282-20
CO2;1282;CT-CO2-0;02938df5-6afb-d44e-582d-0b5eea40f8eb;51:88:0A:9E;0;AVIÁRIO MEIO;697,00;04/11/2025;08:49:39;20;1282-20
CO2;1282;CT-CO2-0;02938df5-6afb-d44e-582d-0b5eea40f8eb;51:88:0A:9E;0;AVIÁRIO MEIO;701,00;04/11/2025;08:54:41;20;1282-20
CO2;1282;CT-CO2-0;02938df5-6afb-d44e-582d-0b5eea40f8eb;51:88:0A:9E;0;AVIÁRIO MEIO;700,00;04/11/2025;09:00:13;20;1282-20
CO2;1282;CT-CO2-0;02938df5-6afb-d44e-582d-0b5eea40f8eb;51:88:0A:9E;0;AVIÁRIO MEIO;691,00;04/11/2025;09:05:45;20;1282-20
CO2;1282;CT-CO2-0;02938df5-6afb-d44e-582d-0b5eea40f8eb;51:88:0A:9E;0;AVIÁRIO MEIO;677,00;04/11/2025;09:10:46;20;1282-20
CO2;1282;CT-CO2-0;02938df5-6afb-d44e-582d-0b5eea40f8eb;51:88:0A:9E;0;AVIÁRIO MEIO;666,00;04/11/2025;09:16:19;20;1282-20
CO2;1282;CT-CO2-0;02938df5-6afb-d44e-582d-0b5eea40f8eb;51:88:0A:9E;0;AVIÁRIO MEIO;638,00;04/11/2025;09:22:22;20;1282-20
CO2;1282;CT-CO2-0;02938df5-6afb-d44e-582d-0b5eea40f8eb;51:88:0A:9E;0;AVIÁRIO MEIO;669,00;04/11/2025;09:26:55;20;1282-20
CO2;1282;CT-CO2-0;02938df5-6afb-d44e-582d-0b5eea40f8eb;51:88:0A:9E;0;AVIÁRIO MEIO;658,00;04/11/2025;09:32:27;20;1282-20
CO2;1282;CT-CO2-0;02938df5-6afb-d44e-582d-0b5eea40f8eb;51:88:0A:9E;0;AVIÁRIO MEIO;666,00;04/11/2025;09:37:58;20;1282-20
CO2;1282;CT-CO2-0;02938df5-6afb-d44e-582d-0b5eea40f8eb;51:88:0A:9E;0;AVIÁRIO MEIO;669,00;04/11/2025;09:43:00;20;1282-20
CO2;1282;CT-CO2-0;02938df5-6afb-d44e-582d-0b5eea40f8eb;51:88:0A:9E;0;AVIÁRIO MEIO;659,00;04/11/2025;09:48:32;20;1282-20
CO2;1282;CT-CO2-0;02938df5-6afb-d44e-582d-0b5eea40f8eb;51:88:0A:9E;0;AVIÁRIO MEIO;650,00;04/11/2025;09:54:06;20;1282-20
CO2;1282;CT-CO2-0;02938df5-6afb-d44e-582d-0b5eea40f8eb;51:88:0A:9E;0;AVIÁRIO MEIO;668,00;04/11/2025;09:59:08;20;1282-20
CO2;1282;CT-CO2-0;02938df5-6afb-d44e-582d-0b5eea40f8eb;51:88:0A:9E;0;AVIÁRIO MEIO;673,00;04/11/2025;10:04:40;20;1282-20
CO2;1282;CT-CO2-0;02938df5-6afb-d44e-582d-0b5eea40f8eb;51:88:0A:9E;0;AVIÁRIO MEIO;667,00;04/11/2025;10:10:11;20;1282-20
CO2;1282;CT-CO2-0;02938df5-6afb-d44e-582d-0b5eea40f8eb;51:88:0A:9E;0;AVIÁRIO MEIO;666,00;04/11/2025;10:15:13;20;1282-20
CO2;1282;CT-CO2-0;02938df5-6afb-d44e-582d-0b5eea40f8eb;51:88:0A:9E;0;AVIÁRIO MEIO;660,00;04/11/2025;10:20:45;20;1282-20
CO2;1282;CT-CO2-0;02938df5-6afb-d44e-582d-0b5eea40f8eb;51:88:0A:9E;0;AVIÁRIO MEIO;652,00;04/11/2025;10:26:23;20;1282-20
CO2;1282;CT-CO2-0;02938df5-6afb-d44e-582d-0b5eea40f8eb;51:88:0A:9E;0;AVIÁRIO MEIO;661,00;04/11/2025;10:31:56;20;1282-20
CO2;1282;CT-CO2-0;02938df5-6afb-d44e-582d-0b5eea40f8eb;51:88:0A:9E;0;AVIÁRIO MEIO;663,00;04/11/2025;10:36:58;20;1282-20
CO2;1282;CT-CO2-0;02938df5-6afb-d44e-582d-0b5eea40f8eb;51:88:0A:9E;0;AVIÁRIO MEIO;664,00;04/11/2025;10:42:29;20;1282-20
CO2;1282;CT-CO2-0;02938df5-6afb-d44e-582d-0b5eea40f8eb;51:88:0A:9E;0;AVIÁRIO MEIO;628,00;04/11/2025;10:47:31;20;1282-20
CO2;1282;CT-CO2-0;02938df5-6afb-d44e-582d-0b5eea40f8eb;51:88:0A:9E;0;AVIÁRIO MEIO;624,00;04/11/2025;10:53:03;20;1282-20
CO2;1282;CT-CO2-0;02938df5-6afb-d44e-582d-0b5eea40f8eb;51:88:0A:9E;0;AVIÁRIO MEIO;647,00;04/11/2025;10:58:36;20;1282-20
CO2;1282;CT-CO2-0;02938df5-6afb-d44e-582d-0b5eea40f8eb;51:88:0A:9E;0;AVIÁRIO MEIO;630,00;04/11/2025;11:03:38;20;1282-20
CO2;1282;CT-CO2-0;02938df5-6afb-d44e-582d-0b5eea40f8eb;51:88:0A:9E;0;AVIÁRIO MEIO;630,00;04/11/2025;11:09:10;20;1282-20
CO2;1282;CT-CO2-0;02938df5-6afb-d44e-582d-0b5eea40f8eb;51:88:0A:9E;0;AVIÁRIO MEIO;644,00;04/11/2025;11:14:42;20;1282-20
CO2;1282;CT-CO2-0;02938df5-6afb-d44e-582d-0b5eea40f8eb;51:88:0A:9E;0;AVIÁRIO MEIO;614,00;04/11/2025;11:19:44;20;1282-20
CO2;1282;CT-CO2-0;02938df5-6afb-d44e-582d-0b5eea40f8eb;51:88:0A:9E;0;AVIÁRIO MEIO;610,00;04/11/2025;11:25:16;20;1282-20
CO2;1282;CT-CO2-0;02938df5-6afb-d44e-582d-0b5eea40f8eb;51:88:0A:9E;0;AVIÁRIO MEIO;607,00;04/11/2025;11:30:48;20;1282-20
CO2;1282;CT-CO2-0;02938df5-6afb-d44e-582d-0b5eea40f8eb;51:88:0A:9E;0;AVIÁRIO MEIO;609,00;04/11/2025;11:35:50;20;1282-20
CO2;1282;CT-CO2-0;02938df5-6afb-d44e-582d-0b5eea40f8eb;51:88:0A:9E;0;AVIÁRIO MEIO;614,00;04/11/2025;11:41:54;20;1282-20
CO2;1282;CT-CO2-0;02938df5-6afb-d44e-582d-0b5eea40f8eb;51:88:0A:9E;0;AVIÁRIO MEIO;616,00;04/11/2025;11:46:56;20;1282-20
CO2;1282;CT-CO2-0;02938df5-6afb-d44e-582d-0b5eea40f8eb;51:88:0A:9E;0;AVIÁRIO MEIO;610,00;04/11/2025;11:51:58;20;1282-20
CO2;1282;CT-CO2-0;02938df5-6afb-d44e-582d-0b5eea40f8eb;51:88:0A:9E;0;AVIÁRIO MEIO;618,00;04/11/2025;11:57:30;20;1282-20
CO2;1282;CT-CO2-0;02938df5-6afb-d44e-582d-0b5eea40f8eb;51:88:0A:9E;0;AVIÁRIO MEIO;605,00;04/11/2025;12:03:02;20;1282-20
CO2;1282;CT-CO2-0;02938df5-6afb-d44e-582d-0b5eea40f8eb;51:88:0A:9E;0;AVIÁRIO MEIO;619,00;04/11/2025;12:08:05;20;1282-20
CO2;1282;CT-CO2-0;02938df5-6afb-d44e-582d-0b5eea40f8eb;51:88:0A:9E;0;AVIÁRIO MEIO;593,00;04/11/2025;12:13:37;20;1282-20
CO2;1282;CT-CO2-0;02938df5-6afb-d44e-582d-0b5eea40f8eb;51:88:0A:9E;0;AVIÁRIO MEIO;608,00;04/11/2025;12:19:09;20;1282-20
CO2;1282;CT-CO2-0;02938df5-6afb-d44e-582d-0b5eea40f8eb;51:88:0A:9E;0;AVIÁRIO MEIO;602,00;04/11/2025;12:24:14;20;1282-20
CO2;1282;CT-CO2-0;02938df5-6afb-d44e-582d-0b5eea40f8eb;51:88:0A:9E;0;AVIÁRIO MEIO;600,00;04/11/2025;12:29:47;20;1282-20
CO2;1282;CT-CO2-0;02938df5-6afb-d44e-582d-0b5eea40f8eb;51:88:0A:9E;0;AVIÁRIO MEIO;607,00;04/11/2025;12:34:49;20;1282-20
CO2;1282;CT-CO2-0;02938df5-6afb-d44e-582d-0b5eea40f8eb;51:88:0A:9E;0;AVIÁRIO MEIO;607,00;04/11/2025;12:40:21;20;1282-20
CO2;1282;CT-CO2-0;02938df5-6afb-d44e-582d-0b5eea40f8eb;51:88:0A:9E;0;AVIÁRIO MEIO;601,00;04/11/2025;12:45:53;20;1282-20
CO2;1282;CT-CO2-0;02938df5-6afb-d44e-582d-0b5eea40f8eb;51:88:0A:9E;0;AVIÁRIO MEIO;606,00;04/11/2025;12:51:26;20;1282-20
CO2;1282;CT-CO2-0;02938df5-6afb-d44e-582d-0b5eea40f8eb;51:88:0A:9E;0;AVIÁRIO MEIO;603,00;04/11/2025;12:56:29;20;1282-20
CO2;1282;CT-CO2-0;02938df5-6afb-d44e-582d-0b5eea40f8eb;51:88:0A:9E;0;AVIÁRIO MEIO;594,00;04/11/2025;13:02:01;20;1282-20
CO2;1282;CT-CO2-0;02938df5-6afb-d44e-582d-0b5eea40f8eb;51:88:0A:9E;0;AVIÁRIO MEIO;592,00;04/11/2025;13:07:03;20;1282-20
CO2;1282;CT-CO2-0;02938df5-6afb-d44e-582d-0b5eea40f8eb;51:88:0A:9E;0;AVIÁRIO MEIO;602,00;04/11/2025;13:12:35;20;1282-20
CO2;1282;CT-CO2-0;02938df5-6afb-d44e-582d-0b5eea40f8eb;51:88:0A:9E;0;AVIÁRIO MEIO;607,00;04/11/2025;13:18:07;20;1282-20
CO2;1282;CT-CO2-0;02938df5-6afb-d44e-582d-0b5eea40f8eb;51:88:0A:9E;0;AVIÁRIO MEIO;654,00;04/11/2025;13:23:09;20;1282-20
CO2;1282;CT-CO2-0;02938df5-6afb-d44e-582d-0b5eea40f8eb;51:88:0A:9E;0;AVIÁRIO MEIO;592,00;04/11/2025;13:28:42;20;1282-20
CO2;1282;CT-CO2-0;02938df5-6afb-d44e-582d-0b5eea40f8eb;51:88:0A:9E;0;AVIÁRIO MEIO;609,00;04/11/2025;13:34:14;20;1282-20
CO2;1282;CT-CO2-0;02938df5-6afb-d44e-582d-0b5eea40f8eb;51:88:0A:9E;0;AVIÁRIO MEIO;604,00;04/11/2025;13:39:16;20;1282-20
CO2;1282;CT-CO2-0;02938df5-6afb-d44e-582d-0b5eea40f8eb;51:88:0A:9E;0;AVIÁRIO MEIO;597,00;04/11/2025;13:44:49;20;1282-20
CO2;1282;CT-CO2-0;02938df5-6afb-d44e-582d-0b5eea40f8eb;51:88:0A:9E;0;AVIÁRIO MEIO;607,00;04/11/2025;13:50:21;20;1282-20
CO2;1282;CT-CO2-0;02938df5-6afb-d44e-582d-0b5eea40f8eb;51:88:0A:9E;0;AVIÁRIO MEIO;618,00;04/11/2025;13:55:28;20;1282-20
CO2;1282;CT-CO2-0;02938df5-6afb-d44e-582d-0b5eea40f8eb;51:88:0A:9E;0;AVIÁRIO MEIO;605,00;04/11/2025;14:01:32;20;1282-20
CO2;1282;CT-CO2-0;02938df5-6afb-d44e-582d-0b5eea40f8eb;51:88:0A:9E;0;AVIÁRIO MEIO;590,00;04/11/2025;14:06:35;20;1282-20
CO2;1282;CT-CO2-0;02938df5-6afb-d44e-582d-0b5eea40f8eb;51:88:0A:9E;0;AVIÁRIO MEIO;600,00;04/11/2025;14:11:36;20;1282-20
CO2;1282;CT-CO2-0;02938df5-6afb-d44e-582d-0b5eea40f8eb;51:88:0A:9E;0;AVIÁRIO MEIO;600,00;04/11/2025;14:17:08;20;1282-20
CO2;1282;CT-CO2-0;02938df5-6afb-d44e-582d-0b5eea40f8eb;51:88:0A:9E;0;AVIÁRIO MEIO;597,00;04/11/2025;14:22:40;20;1282-20
CO2;1282;CT-CO2-0;02938df5-6afb-d44e-582d-0b5eea40f8eb;51:88:0A:9E;0;AVIÁRIO MEIO;588,00;04/11/2025;14:27:42;20;1282-20
CO2;1282;CT-CO2-0;02938df5-6afb-d44e-582d-0b5eea40f8eb;51:88:0A:9E;0;AVIÁRIO MEIO;585,00;04/11/2025;14:33:14;20;1282-20
CO2;1282;CT-CO2-0;02938df5-6afb-d44e-582d-0b5eea40f8eb;51:88:0A:9E;0;AVIÁRIO MEIO;585,00;04/11/2025;14:38:46;20;1282-20
CO2;1282;CT-CO2-0;02938df5-6afb-d44e-582d-0b5eea40f8eb;51:88:0A:9E;0;AVIÁRIO MEIO;595,00;04/11/2025;14:43:48;20;1282-20
CO2;1282;CT-CO2-0;02938df5-6afb-d44e-582d-0b5eea40f8eb;51:88:0A:9E;0;AVIÁRIO MEIO;581,00;04/11/2025;14:49:20;20;1282-20
CO2;1282;CT-CO2-0;02938df5-6afb-d44e-582d-0b5eea40f8eb;51:88:0A:9E;0;AVIÁRIO MEIO;568,00;04/11/2025;14:54:53;20;1282-20
CO2;1282;CT-CO2-0;02938df5-6afb-d44e-582d-0b5eea40f8eb;51:88:0A:9E;0;AVIÁRIO MEIO;588,00;04/11/2025;14:59:56;20;1282-20
CO2;1282;CT-CO2-0;02938df5-6afb-d44e-582d-0b5eea40f8eb;51:88:0A:9E;0;AVIÁRIO MEIO;571,00;04/11/2025;15:11:33;20;1282-20
CO2;1282;CT-CO2-0;02938df5-6afb-d44e-582d-0b5eea40f8eb;51:88:0A:9E;0;AVIÁRIO MEIO;574,00;04/11/2025;15:16:05;20;1282-20
CO2;1282;CT-CO2-0;02938df5-6afb-d44e-582d-0b5eea40f8eb;51:88:0A:9E;0;AVIÁRIO MEIO;569,00;04/11/2025;15:21:38;20;1282-20
CO2;1282;CT-CO2-0;02938df5-6afb-d44e-582d-0b5eea40f8eb;51:88:0A:9E;0;AVIÁRIO MEIO;575,00;04/11/2025;15:26:45;20;1282-20
CO2;1282;CT-CO2-0;02938df5-6afb-d44e-582d-0b5eea40f8eb;51:88:0A:9E;0;AVIÁRIO MEIO;635,00;04/11/2025;15:32:17;20;1282-20
CO2;1282;CT-CO2-0;02938df5-6afb-d44e-582d-0b5eea40f8eb;51:88:0A:9E;0;AVIÁRIO MEIO;578,00;04/11/2025;15:37:50;20;1282-20
CO2;1282;CT-CO2-0;02938df5-6afb-d44e-582d-0b5eea40f8eb;51:88:0A:9E;0;AVIÁRIO MEIO;583,00;04/11/2025;15:42:52;20;1282-20
CO2;1282;CT-CO2-0;02938df5-6afb-d44e-582d-0b5eea40f8eb;51:88:0A:9E;0;AVIÁRIO MEIO;583,00;04/11/2025;15:48:25;20;1282-20
CO2;1282;CT-CO2-0;02938df5-6afb-d44e-582d-0b5eea40f8eb;51:88:0A:9E;0;AVIÁRIO MEIO;590,00;04/11/2025;15:53:58;20;1282-20
CO2;1282;CT-CO2-0;02938df5-6afb-d44e-582d-0b5eea40f8eb;51:88:0A:9E;0;AVIÁRIO MEIO;591,00;04/11/2025;15:59:03;20;1282-20
CO2;1282;CT-CO2-0;02938df5-6afb-d44e-582d-0b5eea40f8eb;51:88:0A:9E;0;AVIÁRIO MEIO;594,00;04/11/2025;16:04:34;20;1282-20
CO2;1282;CT-CO2-0;02938df5-6afb-d44e-582d-0b5eea40f8eb;51:88:0A:9E;0;AVIÁRIO MEIO;590,00;04/11/2025;16:09:36;20;1282-20
CO2;1282;CT-CO2-0;02938df5-6afb-d44e-582d-0b5eea40f8eb;51:88:0A:9E;0;AVIÁRIO MEIO;600,00;04/11/2025;16:15:08;20;1282-20
CO2;1282;CT-CO2-0;02938df5-6afb-d44e-582d-0b5eea40f8eb;51:88:0A:9E;0;AVIÁRIO MEIO;600,00;04/11/2025;16:21:13;20;1282-20
CO2;1282;CT-CO2-0;02938df5-6afb-d44e-582d-0b5eea40f8eb;51:88:0A:9E;0;AVIÁRIO MEIO;592,00;04/11/2025;16:25:45;20;1282-20
CO2;1282;CT-CO2-0;02938df5-6afb-d44e-582d-0b5eea40f8eb;51:88:0A:9E;0;AVIÁRIO MEIO;608,00;04/11/2025;16:31:18;20;1282-20
CO2;1282;CT-CO2-0;02938df5-6afb-d44e-582d-0b5eea40f8eb;51:88:0A:9E;0;AVIÁRIO MEIO;601,00;04/11/2025;16:36:49;20;1282-20
CO2;1282;CT-CO2-0;02938df5-6afb-d44e-582d-0b5eea40f8eb;51:88:0A:9E;0;AVIÁRIO MEIO;588,00;04/11/2025;16:41:51;20;1282-20
CO2;1282;CT-CO2-0;02938df5-6afb-d44e-582d-0b5eea40f8eb;51:88:0A:9E;0;AVIÁRIO MEIO;580,00;04/11/2025;16:47:23;20;1282-20
CO2;1282;CT-CO2-0;02938df5-6afb-d44e-582d-0b5eea40f8eb;51:88:0A:9E;0;AVIÁRIO MEIO;575,00;04/11/2025;16:52:55;20;1282-20
CO2;1282;CT-CO2-0;02938df5-6afb-d44e-582d-0b5eea40f8eb;51:88:0A:9E;0;AVIÁRIO MEIO;598,00;04/11/2025;16:57:57;20;1282-20
CO2;1282;CT-CO2-0;02938df5-6afb-d44e-582d-0b5eea40f8eb;51:88:0A:9E;0;AVIÁRIO MEIO;613,00;04/11/2025;17:03:28;20;1282-20
CO2;1282;CT-CO2-0;02938df5-6afb-d44e-582d-0b5eea40f8eb;51:88:0A:9E;0;AVIÁRIO MEIO;601,00;04/11/2025;17:09:00;20;1282-20
CO2;1282;CT-CO2-0;02938df5-6afb-d44e-582d-0b5eea40f8eb;51:88:0A:9E;0;AVIÁRIO MEIO;594,00;04/11/2025;17:14:32;20;1282-20
CO2;1282;CT-CO2-0;02938df5-6afb-d44e-582d-0b5eea40f8eb;51:88:0A:9E;0;AVIÁRIO MEIO;596,00;04/11/2025;17:19:35;20;1282-20
CO2;1282;CT-CO2-0;02938df5-6afb-d44e-582d-0b5eea40f8eb;51:88:0A:9E;0;AVIÁRIO MEIO;618,00;04/11/2025;17:25:07;20;1282-20
CO2;1282;CT-CO2-0;02938df5-6afb-d44e-582d-0b5eea40f8eb;51:88:0A:9E;0;AVIÁRIO MEIO;622,00;04/11/2025;17:30:41;20;1282-20
CO2;1282;CT-CO2-0;02938df5-6afb-d44e-582d-0b5eea40f8eb;51:88:0A:9E;0;AVIÁRIO MEIO;606,00;04/11/2025;17:45:38;20;1282-20
CO2;1282;CT-CO2-0;02938df5-6afb-d44e-582d-0b5eea40f8eb;51:88:0A:9E;0;AVIÁRIO MEIO;603,00;04/11/2025;17:51:11;20;1282-20
CO2;1282;CT-CO2-0;02938df5-6afb-d44e-582d-0b5eea40f8eb;51:88:0A:9E;0;AVIÁRIO MEIO;615,00;04/11/2025;17:56:42;20;1282-20
CO2;1282;CT-CO2-0;02938df5-6afb-d44e-582d-0b5eea40f8eb;51:88:0A:9E;0;AVIÁRIO MEIO;604,00;04/11/2025;18:02:14;20;1282-20
CO2;1282;CT-CO2-0;02938df5-6afb-d44e-582d-0b5eea40f8eb;51:88:0A:9E;0;AVIÁRIO MEIO;609,00;04/11/2025;18:07:16;20;1282-20
CO2;1282;CT-CO2-0;02938df5-6afb-d44e-582d-0b5eea40f8eb;51:88:0A:9E;0;AVIÁRIO MEIO;659,00;04/11/2025;18:12:50;20;1282-20
CO2;1282;CT-CO2-0;02938df5-6afb-d44e-582d-0b5eea40f8eb;51:88:0A:9E;0;AVIÁRIO MEIO;602,00;04/11/2025;18:18:21;20;1282-20
CO2;1282;CT-CO2-0;02938df5-6afb-d44e-582d-0b5eea40f8eb;51:88:0A:9E;0;AVIÁRIO MEIO;616,00;04/11/2025;18:23:24;20;1282-20
CO2;1282;CT-CO2-0;02938df5-6afb-d44e-582d-0b5eea40f8eb;51:88:0A:9E;0;AVIÁRIO MEIO;625,00;04/11/2025;18:28:57;20;1282-20
CO2;1282;CT-CO2-0;02938df5-6afb-d44e-582d-0b5eea40f8eb;51:88:0A:9E;0;AVIÁRIO MEIO;639,00;04/11/2025;18:34:29;20;1282-20
CO2;1282;CT-CO2-0;02938df5-6afb-d44e-582d-0b5eea40f8eb;51:88:0A:9E;0;AVIÁRIO MEIO;695,00;04/11/2025;18:39:31;20;1282-20
CO2;1282;CT-CO2-0;02938df5-6afb-d44e-582d-0b5eea40f8eb;51:88:0A:9E;0;AVIÁRIO MEIO;669,00;04/11/2025;18:50:09;20;1282-20
CO2;1282;CT-CO2-0;02938df5-6afb-d44e-582d-0b5eea40f8eb;51:88:0A:9E;0;AVIÁRIO MEIO;676,00;04/11/2025;18:55:40;20;1282-20
CO2;1282;CT-CO2-0;02938df5-6afb-d44e-582d-0b5eea40f8eb;51:88:0A:9E;0;AVIÁRIO MEIO;658,00;04/11/2025;19:01:12;20;1282-20
CO2;1282;CT-CO2-0;02938df5-6afb-d44e-582d-0b5eea40f8eb;51:88:0A:9E;0;AVIÁRIO MEIO;699,00;04/11/2025;19:06:15;20;1282-20
CO2;1282;CT-CO2-0;02938df5-6afb-d44e-582d-0b5eea40f8eb;51:88:0A:9E;0;AVIÁRIO MEIO;700,00;04/11/2025;19:11:47;20;1282-20
CO2;1282;CT-CO2-0;02938df5-6afb-d44e-582d-0b5eea40f8eb;51:88:0A:9E;0;AVIÁRIO MEIO;690,00;04/11/2025;19:17:21;20;1282-20
CO2;1282;CT-CO2-0;02938df5-6afb-d44e-582d-0b5eea40f8eb;51:88:0A:9E;0;AVIÁRIO MEIO;696,00;04/11/2025;19:22:24;20;1282-20
CO2;1282;CT-CO2-0;02938df5-6afb-d44e-582d-0b5eea40f8eb;51:88:0A:9E;0;AVIÁRIO MEIO;687,00;04/11/2025;19:27:56;20;1282-20
CO2;1282;CT-CO2-0;02938df5-6afb-d44e-582d-0b5eea40f8eb;51:88:0A:9E;0;AVIÁRIO MEIO;656,00;04/11/2025;19:33:28;20;1282-20
CO2;1282;CT-CO2-0;02938df5-6afb-d44e-582d-0b5eea40f8eb;51:88:0A:9E;0;AVIÁRIO MEIO;692,00;04/11/2025;19:44:03;20;1282-20
CO2;1282;CT-CO2-0;02938df5-6afb-d44e-582d-0b5eea40f8eb;51:88:0A:9E;0;AVIÁRIO MEIO;688,00;04/11/2025;19:49:05;20;1282-20
CO2;1282;CT-CO2-0;02938df5-6afb-d44e-582d-0b5eea40f8eb;51:88:0A:9E;0;AVIÁRIO MEIO;661,00;04/11/2025;19:55:09;20;1282-20
CO2;1282;CT-CO2-0;02938df5-6afb-d44e-582d-0b5eea40f8eb;51:88:0A:9E;0;AVIÁRIO MEIO;649,00;04/11/2025;19:59:41;20;1282-20
CO2;1282;CT-CO2-0;02938df5-6afb-d44e-582d-0b5eea40f8eb;51:88:0A:9E;0;AVIÁRIO MEIO;662,00;04/11/2025;20:05:13;20;1282-20
CO2;1282;CT-CO2-0;02938df5-6afb-d44e-582d-0b5eea40f8eb;51:88:0A:9E;0;AVIÁRIO MEIO;627,00;04/11/2025;20:43:02;20;1282-20
CO2;1282;CT-CO2-0;02938df5-6afb-d44e-582d-0b5eea40f8eb;51:88:0A:9E;0;AVIÁRIO MEIO;651,00;04/11/2025;20:48:05;20;1282-20
CO2;1282;CT-CO2-0;02938df5-6afb-d44e-582d-0b5eea40f8eb;51:88:0A:9E;0;AVIÁRIO MEIO;645,00;04/11/2025;20:53:37;20;1282-20
CO2;1282;CT-CO2-0;02938df5-6afb-d44e-582d-0b5eea40f8eb;51:88:0A:9E;0;AVIÁRIO MEIO;623,00;04/11/2025;20:59:09;20;1282-20
CO2;1282;CT-CO2-0;02938df5-6afb-d44e-582d-0b5eea40f8eb;51:88:0A:9E;0;AVIÁRIO MEIO;644,00;04/11/2025;21:07:13;20;1282-20
CO2;1282;CT-CO2-0;02938df5-6afb-d44e-582d-0b5eea40f8eb;51:88:0A:9E;0;AVIÁRIO MEIO;638,00;04/11/2025;21:12:16;20;1282-20
CO2;1282;CT-CO2-0;02938df5-6afb-d44e-582d-0b5eea40f8eb;51:88:0A:9E;0;AVIÁRIO MEIO;653,00;04/11/2025;21:17:49;20;1282-20
CO2;1282;CT-CO2-0;02938df5-6afb-d44e-582d-0b5eea40f8eb;51:88:0A:9E;0;AVIÁRIO MEIO;655,00;04/11/2025;21:22:52;20;1282-20
CO2;1282;CT-CO2-0;02938df5-6afb-d44e-582d-0b5eea40f8eb;51:88:0A:9E;0;AVIÁRIO MEIO;646,00;04/11/2025;21:28:24;20;1282-20
CO2;1282;CT-CO2-0;02938df5-6afb-d44e-582d-0b5eea40f8eb;51:88:0A:9E;0;AVIÁRIO MEIO;642,00;04/11/2025;21:33:57;20;1282-20
CO2;1282;CT-CO2-0;02938df5-6afb-d44e-582d-0b5eea40f8eb;51:88:0A:9E;0;AVIÁRIO MEIO;686,00;04/11/2025;21:38:59;20;1282-20
CO2;1282;CT-CO2-0;02938df5-6afb-d44e-582d-0b5eea40f8eb;51:88:0A:9E;0;AVIÁRIO MEIO;693,00;04/11/2025;21:44:31;20;1282-20
CO2;1282;CT-CO2-0;02938df5-6afb-d44e-582d-0b5eea40f8eb;51:88:0A:9E;0;AVIÁRIO MEIO;701,00;04/11/2025;21:50:03;20;1282-20
CO2;1282;CT-CO2-0;02938df5-6afb-d44e-582d-0b5eea40f8eb;51:88:0A:9E;0;AVIÁRIO MEIO;707,00;04/11/2025;21:55:05;20;1282-20
CO2;1282;CT-CO2-0;02938df5-6afb-d44e-582d-0b5eea40f8eb;51:88:0A:9E;0;AVIÁRIO MEIO;701,00;04/11/2025;22:00:37;20;1282-20
CO2;1282;CT-CO2-0;02938df5-6afb-d44e-582d-0b5eea40f8eb;51:88:0A:9E;0;AVIÁRIO MEIO;668,00;04/11/2025;22:06:09;20;1282-20
CO2;1282;CT-CO2-0;02938df5-6afb-d44e-582d-0b5eea40f8eb;51:88:0A:9E;0;AVIÁRIO MEIO;649,00;04/11/2025;22:11:11;20;1282-20
CO2;1282;CT-CO2-0;02938df5-6afb-d44e-582d-0b5eea40f8eb;51:88:0A:9E;0;AVIÁRIO MEIO;656,00;04/11/2025;22:17:15;20;1282-20
CO2;1282;CT-CO2-0;02938df5-6afb-d44e-582d-0b5eea40f8eb;51:88:0A:9E;0;AVIÁRIO MEIO;650,00;04/11/2025;22:22:17;20;1282-20
CO2;1282;CT-CO2-0;02938df5-6afb-d44e-582d-0b5eea40f8eb;51:88:0A:9E;0;AVIÁRIO MEIO;658,00;04/11/2025;22:27:19;20;1282-20
CO2;1282;CT-CO2-0;02938df5-6afb-d44e-582d-0b5eea40f8eb;51:88:0A:9E;0;AVIÁRIO MEIO;699,00;04/11/2025;22:32:51;20;1282-20
CO2;1282;CT-CO2-0;02938df5-6afb-d44e-582d-0b5eea40f8eb;51:88:0A:9E;0;AVIÁRIO MEIO;678,00;04/11/2025;22:38:23;20;1282-20
CO2;1282;CT-CO2-0;02938df5-6afb-d44e-582d-0b5eea40f8eb;51:88:0A:9E;0;AVIÁRIO MEIO;685,00;04/11/2025;22:43:26;20;1282-20
CO2;1282;CT-CO2-0;02938df5-6afb-d44e-582d-0b5eea40f8eb;51:88:0A:9E;0;AVIÁRIO MEIO;706,00;04/11/2025;22:48:58;20;1282-20
CO2;1282;CT-CO2-0;02938df5-6afb-d44e-582d-0b5eea40f8eb;51:88:0A:9E;0;AVIÁRIO MEIO;694,00;04/11/2025;22:54:31;20;1282-20
CO2;1282;CT-CO2-0;02938df5-6afb-d44e-582d-0b5eea40f8eb;51:88:0A:9E;0;AVIÁRIO MEIO;725,00;04/11/2025;22:59:33;20;1282-20
CO2;1282;CT-CO2-0;02938df5-6afb-d44e-582d-0b5eea40f8eb;51:88:0A:9E;0;AVIÁRIO MEIO;770,00;04/11/2025;23:05:05;20;1282-20
CO2;1282;CT-CO2-0;02938df5-6afb-d44e-582d-0b5eea40f8eb;51:88:0A:9E;0;AVIÁRIO MEIO;805,00;04/11/2025;23:10:08;20;1282-20
CO2;1282;CT-CO2-0;02938df5-6afb-d44e-582d-0b5eea40f8eb;51:88:0A:9E;0;AVIÁRIO MEIO;809,00;04/11/2025;23:15:41;20;1282-20
CO2;1282;CT-CO2-0;02938df5-6afb-d44e-582d-0b5eea40f8eb;51:88:0A:9E;0;AVIÁRIO MEIO;802,00;04/11/2025;23:21:13;20;1282-20
CO2;1282;CT-CO2-0;02938df5-6afb-d44e-582d-0b5eea40f8eb;51:88:0A:9E;0;AVIÁRIO MEIO;806,00;04/11/2025;23:26:48;20;1282-20
CO2;1282;CT-CO2-0;02938df5-6afb-d44e-582d-0b5eea40f8eb;51:88:0A:9E;0;AVIÁRIO MEIO;800,00;04/11/2025;23:31:49;20;1282-20
CO2;1282;CT-CO2-0;02938df5-6afb-d44e-582d-0b5eea40f8eb;51:88:0A:9E;0;AVIÁRIO MEIO;825,00;04/11/2025;23:37:21;20;1282-20
CO2;1282;CT-CO2-0;02938df5-6afb-d44e-582d-0b5eea40f8eb;51:88:0A:9E;0;AVIÁRIO MEIO;791,00;04/11/2025;23:42:23;20;1282-20
CO2;1282;CT-CO2-0;02938df5-6afb-d44e-582d-0b5eea40f8eb;51:88:0A:9E;0;AVIÁRIO MEIO;798,00;04/11/2025;23:47:55;20;1282-20
CO2;1282;CT-CO2-0;02938df5-6afb-d44e-582d-0b5eea40f8eb;51:88:0A:9E;0;AVIÁRIO MEIO;840,00;04/11/2025;23:53:28;20;1282-20
CO2;1282;CT-CO2-0;02938df5-6afb-d44e-582d-0b5eea40f8eb;51:88:0A:9E;0;AVIÁRIO MEIO;872,00;04/11/2025;23:58:31;20;1282-20
CO2;1282;CT-CO2-0;02938df5-6afb-d44e-582d-0b5eea40f8eb;51:88:0A:9E;0;AVIÁRIO MEIO;888,00;05/11/2025;00:04:03;20;1282-20
CO2;1282;CT-CO2-0;02938df5-6afb-d44e-582d-0b5eea40f8eb;51:88:0A:9E;0;AVIÁRIO MEIO;922,00;05/11/2025;00:09:36;20;1282-20
CO2;1282;CT-CO2-0;02938df5-6afb-d44e-582d-0b5eea40f8eb;51:88:0A:9E;0;AVIÁRIO MEIO;910,00;05/11/2025;00:14:39;20;1282-20
CO2;1282;CT-CO2-0;02938df5-6afb-d44e-582d-0b5eea40f8eb;51:88:0A:9E;0;AVIÁRIO MEIO;916,00;05/11/2025;00:20:11;20;1282-20
CO2;1282;CT-CO2-0;02938df5-6afb-d44e-582d-0b5eea40f8eb;51:88:0A:9E;0;AVIÁRIO MEIO;944,00;05/11/2025;00:25:43;20;1282-20
CO2;1282;CT-CO2-0;02938df5-6afb-d44e-582d-0b5eea40f8eb;51:88:0A:9E;0;AVIÁRIO MEIO;933,00;05/11/2025;00:30:45;20;1282-20
CO2;1282;CT-CO2-0;02938df5-6afb-d44e-582d-0b5eea40f8eb;51:88:0A:9E;0;AVIÁRIO MEIO;954,00;05/11/2025;00:36:48;20;1282-20
CO2;1282;CT-CO2-0;02938df5-6afb-d44e-582d-0b5eea40f8eb;51:88:0A:9E;0;AVIÁRIO MEIO;931,00;05/11/2025;00:41:50;20;1282-20
CO2;1282;CT-CO2-0;02938df5-6afb-d44e-582d-0b5eea40f8eb;51:88:0A:9E;0;AVIÁRIO MEIO;951,00;05/11/2025;00:46:51;20;1282-20
CO2;1282;CT-CO2-0;02938df5-6afb-d44e-582d-0b5eea40f8eb;51:88:0A:9E;0;AVIÁRIO MEIO;929,00;05/11/2025;00:52:24;20;1282-20
CO2;1282;CT-CO2-0;02938df5-6afb-d44e-582d-0b5eea40f8eb;51:88:0A:9E;0;AVIÁRIO MEIO;925,00;05/11/2025;00:57:56;20;1282-20
CO2;1282;CT-CO2-0;02938df5-6afb-d44e-582d-0b5eea40f8eb;51:88:0A:9E;0;AVIÁRIO MEIO;968,00;05/11/2025;01:02:59;20;1282-20
CO2;1282;CT-CO2-0;02938df5-6afb-d44e-582d-0b5eea40f8eb;51:88:0A:9E;0;AVIÁRIO MEIO;946,00;05/11/2025;01:08:30;20;1282-20
CO2;1282;CT-CO2-0;02938df5-6afb-d44e-582d-0b5eea40f8eb;51:88:0A:9E;0;AVIÁRIO MEIO;934,00;05/11/2025;01:14:02;20;1282-20
CO2;1282;CT-CO2-0;02938df5-6afb-d44e-582d-0b5eea40f8eb;51:88:0A:9E;0;AVIÁRIO MEIO;877,00;05/11/2025;01:46:46;20;1282-20
CO2;1282;CT-CO2-0;02938df5-6afb-d44e-582d-0b5eea40f8eb;51:88:0A:9E;0;AVIÁRIO MEIO;900,00;05/11/2025;01:51:18;20;1282-20
CO2;1282;CT-CO2-0;02938df5-6afb-d44e-582d-0b5eea40f8eb;51:88:0A:9E;0;AVIÁRIO MEIO;908,00;05/11/2025;01:56:51;20;1282-20
CO2;1282;CT-CO2-0;02938df5-6afb-d44e-582d-0b5eea40f8eb;51:88:0A:9E;0;AVIÁRIO MEIO;922,00;05/11/2025;02:02:25;20;1282-20
CO2;1282;CT-CO2-0;02938df5-6afb-d44e-582d-0b5eea40f8eb;51:88:0A:9E;0;AVIÁRIO MEIO;910,00;05/11/2025;02:07:27;20;1282-20
CO2;1282;CT-CO2-0;02938df5-6afb-d44e-582d-0b5eea40f8eb;51:88:0A:9E;0;AVIÁRIO MEIO;948,00;05/11/2025;02:12:59;20;1282-20
CO2;1282;CT-CO2-0;02938df5-6afb-d44e-582d-0b5eea40f8eb;51:88:0A:9E;0;AVIÁRIO MEIO;911,00;05/11/2025;02:18:31;20;1282-20
CO2;1282;CT-CO2-0;02938df5-6afb-d44e-582d-0b5eea40f8eb;51:88:0A:9E;0;AVIÁRIO MEIO;933,00;05/11/2025;02:23:33;20;1282-20
CO2;1282;CT-CO2-0;02938df5-6afb-d44e-582d-0b5eea40f8eb;51:88:0A:9E;0;AVIÁRIO MEIO;922,00;05/11/2025;02:29:05;20;1282-20
CO2;1282;CT-CO2-0;02938df5-6afb-d44e-582d-0b5eea40f8eb;51:88:0A:9E;0;AVIÁRIO MEIO;938,00;05/11/2025;02:34:37;20;1282-20
CO2;1282;CT-CO2-0;02938df5-6afb-d44e-582d-0b5eea40f8eb;51:88:0A:9E;0;AVIÁRIO MEIO;903,00;05/11/2025;02:39:39;20;1282-20
CO2;1282;CT-CO2-0;02938df5-6afb-d44e-582d-0b5eea40f8eb;51:88:0A:9E;0;AVIÁRIO MEIO;899,00;05/11/2025;02:45:11;20;1282-20
CO2;1282;CT-CO2-0;02938df5-6afb-d44e-582d-0b5eea40f8eb;51:88:0A:9E;0;AVIÁRIO MEIO;896,00;05/11/2025;02:50:43;20;1282-20
CO2;1282;CT-CO2-0;02938df5-6afb-d44e-582d-0b5eea40f8eb;51:88:0A:9E;0;AVIÁRIO MEIO;905,00;05/11/2025;02:56:17;20;1282-20
CO2;1282;CT-CO2-0;02938df5-6afb-d44e-582d-0b5eea40f8eb;51:88:0A:9E;0;AVIÁRIO MEIO;967,00;05/11/2025;03:01:19;20;1282-20
CO2;1282;CT-CO2-0;02938df5-6afb-d44e-582d-0b5eea40f8eb;51:88:0A:9E;0;AVIÁRIO MEIO;912,00;05/11/2025;03:06:52;20;1282-20
CO2;1282;CT-CO2-0;02938df5-6afb-d44e-582d-0b5eea40f8eb;51:88:0A:9E;0;AVIÁRIO MEIO;927,00;05/11/2025;03:11:54;20;1282-20
CO2;1282;CT-CO2-0;02938df5-6afb-d44e-582d-0b5eea40f8eb;51:88:0A:9E;0;AVIÁRIO MEIO;931,00;05/11/2025;03:17:26;20;1282-20
CO2;1282;CT-CO2-0;02938df5-6afb-d44e-582d-0b5eea40f8eb;51:88:0A:9E;0;AVIÁRIO MEIO;911,00;05/11/2025;03:22:58;20;1282-20
CO2;1282;CT-CO2-0;02938df5-6afb-d44e-582d-0b5eea40f8eb;51:88:0A:9E;0;AVIÁRIO MEIO;940,00;05/11/2025;03:28:03;20;1282-20
CO2;1282;CT-CO2-0;02938df5-6afb-d44e-582d-0b5eea40f8eb;51:88:0A:9E;0;AVIÁRIO MEIO;927,00;05/11/2025;03:33:35;20;1282-20
CO2;1282;CT-CO2-0;02938df5-6afb-d44e-582d-0b5eea40f8eb;51:88:0A:9E;0;AVIÁRIO MEIO;968,00;05/11/2025;03:38:37;20;1282-20
CO2;1282;CT-CO2-0;02938df5-6afb-d44e-582d-0b5eea40f8eb;51:88:0A:9E;0;AVIÁRIO MEIO;934,00;05/11/2025;03:44:09;20;1282-20
CO2;1282;CT-CO2-0;02938df5-6afb-d44e-582d-0b5eea40f8eb;51:88:0A:9E;0;AVIÁRIO MEIO;912,00;05/11/2025;03:49:41;20;1282-20
CO2;1282;CT-CO2-0;02938df5-6afb-d44e-582d-0b5eea40f8eb;51:88:0A:9E;0;AVIÁRIO MEIO;933,00;05/11/2025;03:54:43;20;1282-20
CO2;1282;CT-CO2-0;02938df5-6afb-d44e-582d-0b5eea40f8eb;51:88:0A:9E;0;AVIÁRIO MEIO;931,00;05/11/2025;04:00:15;20;1282-20
CO2;1282;CT-CO2-0;02938df5-6afb-d44e-582d-0b5eea40f8eb;51:88:0A:9E;0;AVIÁRIO MEIO;944,00;05/11/2025;04:06:18;20;1282-20
CO2;1282;CT-CO2-0;02938df5-6afb-d44e-582d-0b5eea40f8eb;51:88:0A:9E;0;AVIÁRIO MEIO;955,00;05/11/2025;04:10:50;20;1282-20
CO2;1282;CT-CO2-0;02938df5-6afb-d44e-582d-0b5eea40f8eb;51:88:0A:9E;0;AVIÁRIO MEIO;956,00;05/11/2025;04:16:22;20;1282-20
CO2;1282;CT-CO2-0;02938df5-6afb-d44e-582d-0b5eea40f8eb;51:88:0A:9E;0;AVIÁRIO MEIO;951,00;05/11/2025;04:21:53;20;1282-20
CO2;1282;CT-CO2-0;02938df5-6afb-d44e-582d-0b5eea40f8eb;51:88:0A:9E;0;AVIÁRIO MEIO;963,00;05/11/2025;04:26:56;20;1282-20
CO2;1282;CT-CO2-0;02938df5-6afb-d44e-582d-0b5eea40f8eb;51:88:0A:9E;0;AVIÁRIO MEIO;916,00;05/11/2025;04:32:27;20;1282-20
CO2;1282;CT-CO2-0;02938df5-6afb-d44e-582d-0b5eea40f8eb;51:88:0A:9E;0;AVIÁRIO MEIO;956,00;05/11/2025;04:38:00;20;1282-20
CO2;1282;CT-CO2-0;02938df5-6afb-d44e-582d-0b5eea40f8eb;51:88:0A:9E;0;AVIÁRIO MEIO;934,00;05/11/2025;04:43:02;20;1282-20
CO2;1282;CT-CO2-0;02938df5-6afb-d44e-582d-0b5eea40f8eb;51:88:0A:9E;0;AVIÁRIO MEIO;951,00;05/11/2025;04:48:34;20;1282-20
CO2;1282;CT-CO2-0;02938df5-6afb-d44e-582d-0b5eea40f8eb;51:88:0A:9E;0;AVIÁRIO MEIO;935,00;05/11/2025;04:54:06;20;1282-20
CO2;1282;CT-CO2-0;02938df5-6afb-d44e-582d-0b5eea40f8eb;51:88:0A:9E;0;AVIÁRIO MEIO;951,00;05/11/2025;04:59:08;20;1282-20
CO2;1282;CT-CO2-0;02938df5-6afb-d44e-582d-0b5eea40f8eb;51:88:0A:9E;0;AVIÁRIO MEIO;930,00;05/11/2025;05:04:40;20;1282-20
CO2;1282;CT-CO2-0;02938df5-6afb-d44e-582d-0b5eea40f8eb;51:88:0A:9E;0;AVIÁRIO MEIO;927,00;05/11/2025;05:10:12;20;1282-20
CO2;1282;CT-CO2-0;02938df5-6afb-d44e-582d-0b5eea40f8eb;51:88:0A:9E;0;AVIÁRIO MEIO;985,00;05/11/2025;05:15:46;20;1282-20
CO2;1282;CT-CO2-0;02938df5-6afb-d44e-582d-0b5eea40f8eb;51:88:0A:9E;0;AVIÁRIO MEIO;919,00;05/11/2025;05:20:48;20;1282-20
CO2;1282;CT-CO2-0;02938df5-6afb-d44e-582d-0b5eea40f8eb;51:88:0A:9E;0;AVIÁRIO MEIO;912,00;05/11/2025;05:26:20;20;1282-20
CO2;1282;CT-CO2-0;02938df5-6afb-d44e-582d-0b5eea40f8eb;51:88:0A:9E;0;AVIÁRIO MEIO;937,00;05/11/2025;05:31:22;20;1282-20
CO2;1282;CT-CO2-0;02938df5-6afb-d44e-582d-0b5eea40f8eb;51:88:0A:9E;0;AVIÁRIO MEIO;967,00;05/11/2025;05:36:53;20;1282-20
CO2;1282;CT-CO2-0;02938df5-6afb-d44e-582d-0b5eea40f8eb;51:88:0A:9E;0;AVIÁRIO MEIO;949,00;05/11/2025;05:42:25;20;1282-20
CO2;1282;CT-CO2-0;02938df5-6afb-d44e-582d-0b5eea40f8eb;51:88:0A:9E;0;AVIÁRIO MEIO;937,00;05/11/2025;05:47:58;20;1282-20
CO2;1282;CT-CO2-0;02938df5-6afb-d44e-582d-0b5eea40f8eb;51:88:0A:9E;0;AVIÁRIO MEIO;916,00;05/11/2025;05:53:00;20;1282-20
CO2;1282;CT-CO2-0;02938df5-6afb-d44e-582d-0b5eea40f8eb;51:88:0A:9E;0;AVIÁRIO MEIO;1.015,00;05/11/2025;05:58:32;20;1282-20
CO2;1282;CT-CO2-0;02938df5-6afb-d44e-582d-0b5eea40f8eb;51:88:0A:9E;0;AVIÁRIO MEIO;960,00;05/11/2025;06:04:05;20;1282-20
CO2;1282;CT-CO2-0;02938df5-6afb-d44e-582d-0b5eea40f8eb;51:88:0A:9E;0;AVIÁRIO MEIO;917,00;05/11/2025;06:09:07;20;1282-20
CO2;1282;CT-CO2-0;02938df5-6afb-d44e-582d-0b5eea40f8eb;51:88:0A:9E;0;AVIÁRIO MEIO;970,00;05/11/2025;06:14:39;20;1282-20
CO2;1282;CT-CO2-0;02938df5-6afb-d44e-582d-0b5eea40f8eb;51:88:0A:9E;0;AVIÁRIO MEIO;956,00;05/11/2025;06:20:11;20;1282-20
CO2;1282;CT-CO2-0;02938df5-6afb-d44e-582d-0b5eea40f8eb;51:88:0A:9E;0;AVIÁRIO MEIO;997,00;05/11/2025;06:25:43;20;1282-20
CO2;1282;CT-CO2-0;02938df5-6afb-d44e-582d-0b5eea40f8eb;51:88:0A:9E;0;AVIÁRIO MEIO;1.003,00;05/11/2025;06:30:45;20;1282-20
CO2;1282;CT-CO2-0;02938df5-6afb-d44e-582d-0b5eea40f8eb;51:88:0A:9E;0;AVIÁRIO MEIO;1.019,00;05/11/2025;06:36:18;20;1282-20
CO2;1282;CT-CO2-0;02938df5-6afb-d44e-582d-0b5eea40f8eb;51:88:0A:9E;0;AVIÁRIO MEIO;1.047,00;05/11/2025;06:41:20;20;1282-20
CO2;1282;CT-CO2-0;02938df5-6afb-d44e-582d-0b5eea40f8eb;51:88:0A:9E;0;AVIÁRIO MEIO;1.075,00;05/11/2025;06:46:52;20;1282-20
CO2;1282;CT-CO2-0;02938df5-6afb-d44e-582d-0b5eea40f8eb;51:88:0A:9E;0;AVIÁRIO MEIO;1.036,00;05/11/2025;06:52:23;20;1282-20
CO2;1282;CT-CO2-0;02938df5-6afb-d44e-582d-0b5eea40f8eb;51:88:0A:9E;0;AVIÁRIO MEIO;1.058,00;05/11/2025;06:57:25;20;1282-20
CO2;1282;CT-CO2-0;02938df5-6afb-d44e-582d-0b5eea40f8eb;51:88:0A:9E;0;AVIÁRIO MEIO;1.033,00;05/11/2025;07:02:58;20;1282-20
CO2;1282;CT-CO2-0;02938df5-6afb-d44e-582d-0b5eea40f8eb;51:88:0A:9E;0;AVIÁRIO MEIO;1.087,00;05/11/2025;07:08:30;20;1282-20
CO2;1282;CT-CO2-0;02938df5-6afb-d44e-582d-0b5eea40f8eb;51:88:0A:9E;0;AVIÁRIO MEIO;1.065,00;05/11/2025;07:13:32;20;1282-20
CO2;1282;CT-CO2-0;02938df5-6afb-d44e-582d-0b5eea40f8eb;51:88:0A:9E;0;AVIÁRIO MEIO;1.088,00;05/11/2025;07:19:04;20;1282-20
CO2;1282;CT-CO2-0;02938df5-6afb-d44e-582d-0b5eea40f8eb;51:88:0A:9E;0;AVIÁRIO MEIO;1.072,00;05/11/2025;07:24:36;20;1282-20
CO2;1282;CT-CO2-0;02938df5-6afb-d44e-582d-0b5eea40f8eb;51:88:0A:9E;0;AVIÁRIO MEIO;1.073,00;05/11/2025;07:29:38;20;1282-20
CO2;1282;CT-CO2-0;02938df5-6afb-d44e-582d-0b5eea40f8eb;51:88:0A:9E;0;AVIÁRIO MEIO;1.090,00;05/11/2025;07:35:41;20;1282-20
CO2;1282;CT-CO2-0;02938df5-6afb-d44e-582d-0b5eea40f8eb;51:88:0A:9E;0;AVIÁRIO MEIO;1.214,00;05/11/2025;07:40:43;20;1282-20
CO2;1282;CT-CO2-0;02938df5-6afb-d44e-582d-0b5eea40f8eb;51:88:0A:9E;0;AVIÁRIO MEIO;1.056,00;05/11/2025;07:45:45;20;1282-20
CO2;1282;CT-CO2-0;02938df5-6afb-d44e-582d-0b5eea40f8eb;51:88:0A:9E;0;AVIÁRIO MEIO;1.077,00;05/11/2025;07:51:17;20;1282-20
CO2;1282;CT-CO2-0;02938df5-6afb-d44e-582d-0b5eea40f8eb;51:88:0A:9E;0;AVIÁRIO MEIO;1.108,00;05/11/2025;07:56:49;20;1282-20
CO2;1282;CT-CO2-0;02938df5-6afb-d44e-582d-0b5eea40f8eb;51:88:0A:9E;0;AVIÁRIO MEIO;1.137,00;05/11/2025;08:01:51;20;1282-20
CO2;1282;CT-CO2-0;02938df5-6afb-d44e-582d-0b5eea40f8eb;51:88:0A:9E;0;AVIÁRIO MEIO;1.442,00;05/11/2025;08:12:23;20;1282-20
CO2;1282;CT-CO2-0;02938df5-6afb-d44e-582d-0b5eea40f8eb;51:88:0A:9E;0;AVIÁRIO MEIO;1.201,00;05/11/2025;08:17:55;20;1282-20
CO2;1282;CT-CO2-0;02938df5-6afb-d44e-582d-0b5eea40f8eb;51:88:0A:9E;0;AVIÁRIO MEIO;946,00;05/11/2025;08:22:58;20;1282-20
CO2;1282;CT-CO2-0;02938df5-6afb-d44e-582d-0b5eea40f8eb;51:88:0A:9E;0;AVIÁRIO MEIO;1.035,00;05/11/2025;08:28:30;20;1282-20
CO2;1282;CT-CO2-0;02938df5-6afb-d44e-582d-0b5eea40f8eb;51:88:0A:9E;0;AVIÁRIO MEIO;1.036,00;05/11/2025;08:34:02;20;1282-20
CO2;1282;CT-CO2-0;02938df5-6afb-d44e-582d-0b5eea40f8eb;51:88:0A:9E;0;AVIÁRIO MEIO;1.006,00;05/11/2025;08:39:04;20;1282-20
CO2;1282;CT-CO2-0;02938df5-6afb-d44e-582d-0b5eea40f8eb;51:88:0A:9E;0;AVIÁRIO MEIO;960,00;05/11/2025;08:45:09;20;1282-20
CO2;1282;CT-CO2-0;02938df5-6afb-d44e-582d-0b5eea40f8eb;51:88:0A:9E;0;AVIÁRIO MEIO;956,00;05/11/2025;08:50:11;20;1282-20
CO2;1282;CT-CO2-0;02938df5-6afb-d44e-582d-0b5eea40f8eb;51:88:0A:9E;0;AVIÁRIO MEIO;939,00;05/11/2025;08:55:13;20;1282-20
CO2;1282;CT-CO2-0;02938df5-6afb-d44e-582d-0b5eea40f8eb;51:88:0A:9E;0;AVIÁRIO MEIO;943,00;05/11/2025;09:00:44;20;1282-20
CO2;1282;CT-CO2-0;02938df5-6afb-d44e-582d-0b5eea40f8eb;51:88:0A:9E;0;AVIÁRIO MEIO;1.056,00;05/11/2025;09:06:17;20;1282-20
CO2;1282;CT-CO2-0;02938df5-6afb-d44e-582d-0b5eea40f8eb;51:88:0A:9E;0;AVIÁRIO MEIO;1.028,00;05/11/2025;09:11:19;20;1282-20
CO2;1282;CT-CO2-0;02938df5-6afb-d44e-582d-0b5eea40f8eb;51:88:0A:9E;0;AVIÁRIO MEIO;1.022,00;05/11/2025;09:16:51;20;1282-20
CO2;1282;CT-CO2-0;02938df5-6afb-d44e-582d-0b5eea40f8eb;51:88:0A:9E;0;AVIÁRIO MEIO;975,00;05/11/2025;09:22:23;20;1282-20
CO2;1282;CT-CO2-0;02938df5-6afb-d44e-582d-0b5eea40f8eb;51:88:0A:9E;0;AVIÁRIO MEIO;950,00;05/11/2025;09:27:25;20;1282-20
CO2;1282;CT-CO2-0;02938df5-6afb-d44e-582d-0b5eea40f8eb;51:88:0A:9E;0;AVIÁRIO MEIO;949,00;05/11/2025;09:32:57;20;1282-20
CO2;1282;CT-CO2-0;02938df5-6afb-d44e-582d-0b5eea40f8eb;51:88:0A:9E;0;AVIÁRIO MEIO;959,00;05/11/2025;09:38:29;20;1282-20
CO2;1282;CT-CO2-0;02938df5-6afb-d44e-582d-0b5eea40f8eb;51:88:0A:9E;0;AVIÁRIO MEIO;988,00;05/11/2025;09:43:31;20;1282-20
CO2;1282;CT-CO2-0;02938df5-6afb-d44e-582d-0b5eea40f8eb;51:88:0A:9E;0;AVIÁRIO MEIO;978,00;05/11/2025;09:49:04;20;1282-20
CO2;1282;CT-CO2-0;02938df5-6afb-d44e-582d-0b5eea40f8eb;51:88:0A:9E;0;AVIÁRIO MEIO;990,00;05/11/2025;09:55:09;20;1282-20
CO2;1282;CT-CO2-0;02938df5-6afb-d44e-582d-0b5eea40f8eb;51:88:0A:9E;0;AVIÁRIO MEIO;996,00;05/11/2025;09:59:41;20;1282-20
CO2;1282;CT-CO2-0;02938df5-6afb-d44e-582d-0b5eea40f8eb;51:88:0A:9E;0;AVIÁRIO MEIO;1.000,00;05/11/2025;10:05:14;20;1282-20
CO2;1282;CT-CO2-0;02938df5-6afb-d44e-582d-0b5eea40f8eb;51:88:0A:9E;0;AVIÁRIO MEIO;988,00;05/11/2025;10:10:16;20;1282-20
CO2;1282;CT-CO2-0;02938df5-6afb-d44e-582d-0b5eea40f8eb;51:88:0A:9E;0;AVIÁRIO MEIO;978,00;05/11/2025;10:15:48;20;1282-20
CO2;1282;CT-CO2-0;02938df5-6afb-d44e-582d-0b5eea40f8eb;51:88:0A:9E;0;AVIÁRIO MEIO;974,00;05/11/2025;10:21:20;20;1282-20
CO2;1282;CT-CO2-0;02938df5-6afb-d44e-582d-0b5eea40f8eb;51:88:0A:9E;0;AVIÁRIO MEIO;964,00;05/11/2025;10:26:24;20;1282-20
CO2;1282;CT-CO2-0;02938df5-6afb-d44e-582d-0b5eea40f8eb;51:88:0A:9E;0;AVIÁRIO MEIO;957,00;05/11/2025;10:31:56;20;1282-20
CO2;1282;CT-CO2-0;02938df5-6afb-d44e-582d-0b5eea40f8eb;51:88:0A:9E;0;AVIÁRIO MEIO;1.043,00;05/11/2025;10:37:28;20;1282-20
CO2;1282;CT-CO2-0;02938df5-6afb-d44e-582d-0b5eea40f8eb;51:88:0A:9E;0;AVIÁRIO MEIO;957,00;05/11/2025;10:42:30;20;1282-20
CO2;1282;CT-CO2-0;02938df5-6afb-d44e-582d-0b5eea40f8eb;51:88:0A:9E;0;AVIÁRIO MEIO;1.162,00;05/11/2025;10:53:02;20;1282-20
CO2;1282;CT-CO2-0;02938df5-6afb-d44e-582d-0b5eea40f8eb;51:88:0A:9E;0;AVIÁRIO MEIO;1.044,00;05/11/2025;10:58:36;20;1282-20
CO2;1282;CT-CO2-0;02938df5-6afb-d44e-582d-0b5eea40f8eb;51:88:0A:9E;0;AVIÁRIO MEIO;998,00;05/11/2025;11:04:11;20;1282-20
CO2;1282;CT-CO2-0;02938df5-6afb-d44e-582d-0b5eea40f8eb;51:88:0A:9E;0;AVIÁRIO MEIO;967,00;05/11/2025;11:09:13;20;1282-20
CO2;1282;CT-CO2-0;02938df5-6afb-d44e-582d-0b5eea40f8eb;51:88:0A:9E;0;AVIÁRIO MEIO;964,00;05/11/2025;11:14:15;20;1282-20
CO2;1282;CT-CO2-0;02938df5-6afb-d44e-582d-0b5eea40f8eb;51:88:0A:9E;0;AVIÁRIO MEIO;953,00;05/11/2025;11:19:49;20;1282-20
CO2;1282;CT-CO2-0;02938df5-6afb-d44e-582d-0b5eea40f8eb;51:88:0A:9E;0;AVIÁRIO MEIO;972,00;05/11/2025;11:25:21;20;1282-20
CO2;1282;CT-CO2-0;02938df5-6afb-d44e-582d-0b5eea40f8eb;51:88:0A:9E;0;AVIÁRIO MEIO;936,00;05/11/2025;11:30:23;20;1282-20
CO2;1282;CT-CO2-0;02938df5-6afb-d44e-582d-0b5eea40f8eb;51:88:0A:9E;0;AVIÁRIO MEIO;959,00;05/11/2025;11:35:55;20;1282-20
CO2;1282;CT-CO2-0;02938df5-6afb-d44e-582d-0b5eea40f8eb;51:88:0A:9E;0;AVIÁRIO MEIO;969,00;05/11/2025;11:41:27;20;1282-20
CO2;1282;CT-CO2-0;02938df5-6afb-d44e-582d-0b5eea40f8eb;51:88:0A:9E;0;AVIÁRIO MEIO;951,00;05/11/2025;11:46:29;20;1282-20
CO2;1282;CT-CO2-0;02938df5-6afb-d44e-582d-0b5eea40f8eb;51:88:0A:9E;0;AVIÁRIO MEIO;966,00;05/11/2025;11:52:02;20;1282-20
CO2;1282;CT-CO2-0;02938df5-6afb-d44e-582d-0b5eea40f8eb;51:88:0A:9E;0;AVIÁRIO MEIO;961,00;05/11/2025;11:57:33;20;1282-20
CO2;1282;CT-CO2-0;02938df5-6afb-d44e-582d-0b5eea40f8eb;51:88:0A:9E;0;AVIÁRIO MEIO;965,00;05/11/2025;12:02:36;20;1282-20
CO2;1282;CT-CO2-0;02938df5-6afb-d44e-582d-0b5eea40f8eb;51:88:0A:9E;0;AVIÁRIO MEIO;865,00;05/11/2025;12:08:08;20;1282-20
CO2;1282;CT-CO2-0;02938df5-6afb-d44e-582d-0b5eea40f8eb;51:88:0A:9E;0;AVIÁRIO MEIO;811,00;05/11/2025;12:14:16;20;1282-20
CO2;1282;CT-CO2-0;02938df5-6afb-d44e-582d-0b5eea40f8eb;51:88:0A:9E;0;AVIÁRIO MEIO;807,00;05/11/2025;12:18:49;20;1282-20
CO2;1282;CT-CO2-0;02938df5-6afb-d44e-582d-0b5eea40f8eb;51:88:0A:9E;0;AVIÁRIO MEIO;787,00;05/11/2025;12:24:21;20;1282-20
CO2;1282;CT-CO2-0;02938df5-6afb-d44e-582d-0b5eea40f8eb;51:88:0A:9E;0;AVIÁRIO MEIO;814,00;05/11/2025;12:29:53;20;1282-20
CO2;1282;CT-CO2-0;02938df5-6afb-d44e-582d-0b5eea40f8eb;51:88:0A:9E;0;AVIÁRIO MEIO;809,00;05/11/2025;12:34:55;20;1282-20
CO2;1282;CT-CO2-0;02938df5-6afb-d44e-582d-0b5eea40f8eb;51:88:0A:9E;0;AVIÁRIO MEIO;811,00;05/11/2025;12:45:30;20;1282-20
CO2;1282;CT-CO2-0;02938df5-6afb-d44e-582d-0b5eea40f8eb;51:88:0A:9E;0;AVIÁRIO MEIO;830,00;05/11/2025;12:51:02;20;1282-20
CO2;1282;CT-CO2-0;02938df5-6afb-d44e-582d-0b5eea40f8eb;51:88:0A:9E;0;AVIÁRIO MEIO;794,00;05/11/2025;12:56:34;20;1282-20
CO2;1282;CT-CO2-0;02938df5-6afb-d44e-582d-0b5eea40f8eb;51:88:0A:9E;0;AVIÁRIO MEIO;793,00;05/11/2025;13:01:37;20;1282-20
CO2;1282;CT-CO2-0;02938df5-6afb-d44e-582d-0b5eea40f8eb;51:88:0A:9E;0;AVIÁRIO MEIO;808,00;05/11/2025;13:07:09;20;1282-20
CO2;1282;CT-CO2-0;02938df5-6afb-d44e-582d-0b5eea40f8eb;51:88:0A:9E;0;AVIÁRIO MEIO;799,00;05/11/2025;13:12:41;20;1282-20
CO2;1282;CT-CO2-0;02938df5-6afb-d44e-582d-0b5eea40f8eb;51:88:0A:9E;0;AVIÁRIO MEIO;810,00;05/11/2025;13:17:43;20;1282-20
CO2;1282;CT-CO2-0;02938df5-6afb-d44e-582d-0b5eea40f8eb;51:88:0A:9E;0;AVIÁRIO MEIO;802,00;05/11/2025;13:23:47;20;1282-20
CO2;1282;CT-CO2-0;02938df5-6afb-d44e-582d-0b5eea40f8eb;51:88:0A:9E;0;AVIÁRIO MEIO;793,00;05/11/2025;13:28:50;20;1282-20
CO2;1282;CT-CO2-0;02938df5-6afb-d44e-582d-0b5eea40f8eb;51:88:0A:9E;0;AVIÁRIO MEIO;806,00;05/11/2025;13:33:53;20;1282-20
CO2;1282;CT-CO2-0;02938df5-6afb-d44e-582d-0b5eea40f8eb;51:88:0A:9E;0;AVIÁRIO MEIO;803,00;05/11/2025;13:39:25;20;1282-20
CO2;1282;CT-CO2-0;02938df5-6afb-d44e-582d-0b5eea40f8eb;51:88:0A:9E;0;AVIÁRIO MEIO;732,00;05/11/2025;13:44:57;20;1282-20
CO2;1282;CT-CO2-0;02938df5-6afb-d44e-582d-0b5eea40f8eb;51:88:0A:9E;0;AVIÁRIO MEIO;707,00;05/11/2025;13:49:59;20;1282-20
CO2;1282;CT-CO2-0;02938df5-6afb-d44e-582d-0b5eea40f8eb;51:88:0A:9E;0;AVIÁRIO MEIO;722,00;05/11/2025;13:55:32;20;1282-20
CO2;1282;CT-CO2-0;02938df5-6afb-d44e-582d-0b5eea40f8eb;51:88:0A:9E;0;AVIÁRIO MEIO;708,00;05/11/2025;14:00:36;20;1282-20
CO2;1282;CT-CO2-0;02938df5-6afb-d44e-582d-0b5eea40f8eb;51:88:0A:9E;0;AVIÁRIO MEIO;714,00;05/11/2025;14:06:09;20;1282-20
CO2;1282;CT-CO2-0;02938df5-6afb-d44e-582d-0b5eea40f8eb;51:88:0A:9E;0;AVIÁRIO MEIO;715,00;05/11/2025;14:11:42;20;1282-20
CO2;1282;CT-CO2-0;02938df5-6afb-d44e-582d-0b5eea40f8eb;51:88:0A:9E;0;AVIÁRIO MEIO;716,00;05/11/2025;14:16:44;20;1282-20
CO2;1282;CT-CO2-0;02938df5-6afb-d44e-582d-0b5eea40f8eb;51:88:0A:9E;0;AVIÁRIO MEIO;671,00;05/11/2025;14:22:16;20;1282-20
CO2;1282;CT-CO2-0;02938df5-6afb-d44e-582d-0b5eea40f8eb;51:88:0A:9E;0;AVIÁRIO MEIO;697,00;05/11/2025;14:27:49;20;1282-20
CO2;1282;CT-CO2-0;02938df5-6afb-d44e-582d-0b5eea40f8eb;51:88:0A:9E;0;AVIÁRIO MEIO;701,00;05/11/2025;14:33:24;20;1282-20
CO2;1282;CT-CO2-0;02938df5-6afb-d44e-582d-0b5eea40f8eb;51:88:0A:9E;0;AVIÁRIO MEIO;710,00;05/11/2025;14:38:27;20;1282-20
CO2;1282;CT-CO2-0;02938df5-6afb-d44e-582d-0b5eea40f8eb;51:88:0A:9E;0;AVIÁRIO MEIO;710,00;05/11/2025;14:44:00;20;1282-20
CO2;1282;CT-CO2-0;02938df5-6afb-d44e-582d-0b5eea40f8eb;51:88:0A:9E;0;AVIÁRIO MEIO;720,00;05/11/2025;14:49:02;20;1282-20
CO2;1282;CT-CO2-0;02938df5-6afb-d44e-582d-0b5eea40f8eb;51:88:0A:9E;0;AVIÁRIO MEIO;719,00;05/11/2025;14:54:34;20;1282-20
CO2;1282;CT-CO2-0;02938df5-6afb-d44e-582d-0b5eea40f8eb;51:88:0A:9E;0;AVIÁRIO MEIO;726,00;05/11/2025;15:00:06;20;1282-20
CO2;1282;CT-CO2-0;02938df5-6afb-d44e-582d-0b5eea40f8eb;51:88:0A:9E;0;AVIÁRIO MEIO;713,00;05/11/2025;15:05:08;20;1282-20
CO2;1282;CT-CO2-0;02938df5-6afb-d44e-582d-0b5eea40f8eb;51:88:0A:9E;0;AVIÁRIO MEIO;722,00;05/11/2025;15:10:40;20;1282-20
CO2;1282;CT-CO2-0;02938df5-6afb-d44e-582d-0b5eea40f8eb;51:88:0A:9E;0;AVIÁRIO MEIO;714,00;05/11/2025;15:16:12;20;1282-20
CO2;1282;CT-CO2-0;02938df5-6afb-d44e-582d-0b5eea40f8eb;51:88:0A:9E;0;AVIÁRIO MEIO;733,00;05/11/2025;15:21:16;20;1282-20
CO2;1282;CT-CO2-0;02938df5-6afb-d44e-582d-0b5eea40f8eb;51:88:0A:9E;0;AVIÁRIO MEIO;720,00;05/11/2025;15:26:48;20;1282-20
CO2;1282;CT-CO2-0;02938df5-6afb-d44e-582d-0b5eea40f8eb;51:88:0A:9E;0;AVIÁRIO MEIO;720,00;05/11/2025;15:31:50;20;1282-20
CO2;1282;CT-CO2-0;02938df5-6afb-d44e-582d-0b5eea40f8eb;51:88:0A:9E;0;AVIÁRIO MEIO;719,00;05/11/2025;15:37:22;20;1282-20
CO2;1282;CT-CO2-0;02938df5-6afb-d44e-582d-0b5eea40f8eb;51:88:0A:9E;0;AVIÁRIO MEIO;721,00;05/11/2025;15:43:27;20;1282-20
CO2;1282;CT-CO2-0;02938df5-6afb-d44e-582d-0b5eea40f8eb;51:88:0A:9E;0;AVIÁRIO MEIO;720,00;05/11/2025;15:47:59;20;1282-20
CO2;1282;CT-CO2-0;02938df5-6afb-d44e-582d-0b5eea40f8eb;51:88:0A:9E;0;AVIÁRIO MEIO;730,00;05/11/2025;15:53:31;20;1282-20
CO2;1282;CT-CO2-0;02938df5-6afb-d44e-582d-0b5eea40f8eb;51:88:0A:9E;0;AVIÁRIO MEIO;687,00;05/11/2025;15:59:05;20;1282-20
CO2;1282;CT-CO2-0;02938df5-6afb-d44e-582d-0b5eea40f8eb;51:88:0A:9E;0;AVIÁRIO MEIO;656,00;05/11/2025;16:04:07;20;1282-20
CO2;1282;CT-CO2-0;02938df5-6afb-d44e-582d-0b5eea40f8eb;51:88:0A:9E;0;AVIÁRIO MEIO;685,00;05/11/2025;16:09:39;20;1282-20
CO2;1282;CT-CO2-0;02938df5-6afb-d44e-582d-0b5eea40f8eb;51:88:0A:9E;0;AVIÁRIO MEIO;700,00;05/11/2025;16:15:13;20;1282-20
CO2;1282;CT-CO2-0;02938df5-6afb-d44e-582d-0b5eea40f8eb;51:88:0A:9E;0;AVIÁRIO MEIO;708,00;05/11/2025;16:20:15;20;1282-20
CO2;1282;CT-CO2-0;02938df5-6afb-d44e-582d-0b5eea40f8eb;51:88:0A:9E;0;AVIÁRIO MEIO;720,00;05/11/2025;16:25:47;20;1282-20
CO2;1282;CT-CO2-0;02938df5-6afb-d44e-582d-0b5eea40f8eb;51:88:0A:9E;0;AVIÁRIO MEIO;706,00;05/11/2025;16:31:19;20;1282-20
CO2;1282;CT-CO2-0;02938df5-6afb-d44e-582d-0b5eea40f8eb;51:88:0A:9E;0;AVIÁRIO MEIO;694,00;05/11/2025;16:36:22;20;1282-20
CO2;1282;CT-CO2-0;02938df5-6afb-d44e-582d-0b5eea40f8eb;51:88:0A:9E;0;AVIÁRIO MEIO;670,00;05/11/2025;16:41:56;20;1282-20
CO2;1282;CT-CO2-0;02938df5-6afb-d44e-582d-0b5eea40f8eb;51:88:0A:9E;0;AVIÁRIO MEIO;685,00;05/11/2025;16:47:03;20;1282-20
CO2;1282;CT-CO2-0;02938df5-6afb-d44e-582d-0b5eea40f8eb;51:88:0A:9E;0;AVIÁRIO MEIO;667,00;05/11/2025;16:53:07;20;1282-20
CO2;1282;CT-CO2-0;02938df5-6afb-d44e-582d-0b5eea40f8eb;51:88:0A:9E;0;AVIÁRIO MEIO;691,00;05/11/2025;16:57:39;20;1282-20
CO2;1282;CT-CO2-0;02938df5-6afb-d44e-582d-0b5eea40f8eb;51:88:0A:9E;0;AVIÁRIO MEIO;671,00;05/11/2025;17:03:12;20;1282-20
CO2;1282;CT-CO2-0;02938df5-6afb-d44e-582d-0b5eea40f8eb;51:88:0A:9E;0;AVIÁRIO MEIO;677,00;05/11/2025;17:08:46;20;1282-20
CO2;1282;CT-CO2-0;02938df5-6afb-d44e-582d-0b5eea40f8eb;51:88:0A:9E;0;AVIÁRIO MEIO;666,00;05/11/2025;17:13:49;20;1282-20
CO2;1282;CT-CO2-0;02938df5-6afb-d44e-582d-0b5eea40f8eb;51:88:0A:9E;0;AVIÁRIO MEIO;672,00;05/11/2025;17:19:23;20;1282-20
CO2;1282;CT-CO2-0;02938df5-6afb-d44e-582d-0b5eea40f8eb;51:88:0A:9E;0;AVIÁRIO MEIO;686,00;05/11/2025;17:24:56;20;1282-20
CO2;1282;CT-CO2-0;02938df5-6afb-d44e-582d-0b5eea40f8eb;51:88:0A:9E;0;AVIÁRIO MEIO;683,00;05/11/2025;17:29:58;20;1282-20
CO2;1282;CT-CO2-0;02938df5-6afb-d44e-582d-0b5eea40f8eb;51:88:0A:9E;0;AVIÁRIO MEIO;691,00;05/11/2025;17:35:32;20;1282-20
CO2;1282;CT-CO2-0;02938df5-6afb-d44e-582d-0b5eea40f8eb;51:88:0A:9E;0;AVIÁRIO MEIO;700,00;05/11/2025;17:40:35;20;1282-20
CO2;1282;CT-CO2-0;02938df5-6afb-d44e-582d-0b5eea40f8eb;51:88:0A:9E;0;AVIÁRIO MEIO;687,00;05/11/2025;17:46:06;20;1282-20
CO2;1282;CT-CO2-0;02938df5-6afb-d44e-582d-0b5eea40f8eb;51:88:0A:9E;0;AVIÁRIO MEIO;668,00;05/11/2025;17:51:38;20;1282-20
CO2;1282;CT-CO2-0;02938df5-6afb-d44e-582d-0b5eea40f8eb;51:88:0A:9E;0;AVIÁRIO MEIO;671,00;05/11/2025;17:56:40;20;1282-20
CO2;1282;CT-CO2-0;02938df5-6afb-d44e-582d-0b5eea40f8eb;51:88:0A:9E;0;AVIÁRIO MEIO;681,00;05/11/2025;18:02:44;20;1282-20
CO2;1282;CT-CO2-0;02938df5-6afb-d44e-582d-0b5eea40f8eb;51:88:0A:9E;0;AVIÁRIO MEIO;688,00;05/11/2025;18:07:46;20;1282-20
CO2;1282;CT-CO2-0;02938df5-6afb-d44e-582d-0b5eea40f8eb;51:88:0A:9E;0;AVIÁRIO MEIO;771,00;05/11/2025;18:12:48;20;1282-20
CO2;1282;CT-CO2-0;02938df5-6afb-d44e-582d-0b5eea40f8eb;51:88:0A:9E;0;AVIÁRIO MEIO;768,00;05/11/2025;18:18:20;20;1282-20
CO2;1282;CT-CO2-0;02938df5-6afb-d44e-582d-0b5eea40f8eb;51:88:0A:9E;0;AVIÁRIO MEIO;748,00;05/11/2025;18:23:53;20;1282-20
CO2;1282;CT-CO2-0;02938df5-6afb-d44e-582d-0b5eea40f8eb;51:88:0A:9E;0;AVIÁRIO MEIO;773,00;05/11/2025;18:28:56;20;1282-20
CO2;1282;CT-CO2-0;02938df5-6afb-d44e-582d-0b5eea40f8eb;51:88:0A:9E;0;AVIÁRIO MEIO;788,00;05/11/2025;18:34:30;20;1282-20
CO2;1282;CT-CO2-0;02938df5-6afb-d44e-582d-0b5eea40f8eb;51:88:0A:9E;0;AVIÁRIO MEIO;776,00;05/11/2025;18:40:01;20;1282-20
CO2;1282;CT-CO2-0;02938df5-6afb-d44e-582d-0b5eea40f8eb;51:88:0A:9E;0;AVIÁRIO MEIO;857,00;05/11/2025;18:45:04;20;1282-20
CO2;1282;CT-CO2-0;02938df5-6afb-d44e-582d-0b5eea40f8eb;51:88:0A:9E;0;AVIÁRIO MEIO;840,00;05/11/2025;18:50:36;20;1282-20
CO2;1282;CT-CO2-0;02938df5-6afb-d44e-582d-0b5eea40f8eb;51:88:0A:9E;0;AVIÁRIO MEIO;882,00;05/11/2025;18:56:08;20;1282-20
CO2;1282;CT-CO2-0;02938df5-6afb-d44e-582d-0b5eea40f8eb;51:88:0A:9E;0;AVIÁRIO MEIO;862,00;05/11/2025;19:01:10;20;1282-20
CO2;1282;CT-CO2-0;02938df5-6afb-d44e-582d-0b5eea40f8eb;51:88:0A:9E;0;AVIÁRIO MEIO;846,00;05/11/2025;19:06:42;20;1282-20
CO2;1282;CT-CO2-0;02938df5-6afb-d44e-582d-0b5eea40f8eb;51:88:0A:9E;0;AVIÁRIO MEIO;893,00;05/11/2025;19:12:46;20;1282-20
CO2;1282;CT-CO2-0;02938df5-6afb-d44e-582d-0b5eea40f8eb;51:88:0A:9E;0;AVIÁRIO MEIO;927,00;05/11/2025;19:17:18;20;1282-20
CO2;1282;CT-CO2-0;02938df5-6afb-d44e-582d-0b5eea40f8eb;51:88:0A:9E;0;AVIÁRIO MEIO;915,00;05/11/2025;19:22:52;20;1282-20
CO2;1282;CT-CO2-0;02938df5-6afb-d44e-582d-0b5eea40f8eb;51:88:0A:9E;0;AVIÁRIO MEIO;911,00;05/11/2025;19:27:54;20;1282-20
CO2;1282;CT-CO2-0;02938df5-6afb-d44e-582d-0b5eea40f8eb;51:88:0A:9E;0;AVIÁRIO MEIO;904,00;05/11/2025;19:33:26;20;1282-20
CO2;1282;CT-CO2-0;02938df5-6afb-d44e-582d-0b5eea40f8eb;51:88:0A:9E;0;AVIÁRIO MEIO;897,00;05/11/2025;19:39:00;20;1282-20
CO2;1282;CT-CO2-0;02938df5-6afb-d44e-582d-0b5eea40f8eb;51:88:0A:9E;0;AVIÁRIO MEIO;926,00;05/11/2025;19:44:02;20;1282-20
CO2;1282;CT-CO2-0;02938df5-6afb-d44e-582d-0b5eea40f8eb;51:88:0A:9E;0;AVIÁRIO MEIO;907,00;05/11/2025;19:49:34;20;1282-20
CO2;1282;CT-CO2-0;02938df5-6afb-d44e-582d-0b5eea40f8eb;51:88:0A:9E;0;AVIÁRIO MEIO;911,00;05/11/2025;19:55:06;20;1282-20
CO2;1282;CT-CO2-0;02938df5-6afb-d44e-582d-0b5eea40f8eb;51:88:0A:9E;0;AVIÁRIO MEIO;895,00;05/11/2025;20:00:08;20;1282-20
CO2;1282;CT-CO2-0;02938df5-6afb-d44e-582d-0b5eea40f8eb;51:88:0A:9E;0;AVIÁRIO MEIO;892,00;05/11/2025;20:05:40;20;1282-20
CO2;1282;CT-CO2-0;02938df5-6afb-d44e-582d-0b5eea40f8eb;51:88:0A:9E;0;AVIÁRIO MEIO;888,00;05/11/2025;20:11:13;20;1282-20
CO2;1282;CT-CO2-0;02938df5-6afb-d44e-582d-0b5eea40f8eb;51:88:0A:9E;0;AVIÁRIO MEIO;876,00;05/11/2025;20:16:14;20;1282-20
CO2;1282;CT-CO2-0;02938df5-6afb-d44e-582d-0b5eea40f8eb;51:88:0A:9E;0;AVIÁRIO MEIO;839,00;05/11/2025;20:22:18;20;1282-20
CO2;1282;CT-CO2-0;02938df5-6afb-d44e-582d-0b5eea40f8eb;51:88:0A:9E;0;AVIÁRIO MEIO;862,00;05/11/2025;20:27:20;20;1282-20
CO2;1282;CT-CO2-0;02938df5-6afb-d44e-582d-0b5eea40f8eb;51:88:0A:9E;0;AVIÁRIO MEIO;839,00;05/11/2025;20:32:22;20;1282-20
CO2;1282;CT-CO2-0;02938df5-6afb-d44e-582d-0b5eea40f8eb;51:88:0A:9E;0;AVIÁRIO MEIO;867,00;05/11/2025;20:37:54;20;1282-20
CO2;1282;CT-CO2-0;02938df5-6afb-d44e-582d-0b5eea40f8eb;51:88:0A:9E;0;AVIÁRIO MEIO;859,00;05/11/2025;20:43:27;20;1282-20
CO2;1282;CT-CO2-0;02938df5-6afb-d44e-582d-0b5eea40f8eb;51:88:0A:9E;0;AVIÁRIO MEIO;859,00;05/11/2025;20:48:29;20;1282-20
CO2;1282;CT-CO2-0;02938df5-6afb-d44e-582d-0b5eea40f8eb;51:88:0A:9E;0;AVIÁRIO MEIO;864,00;05/11/2025;20:54:02;20;1282-20
CO2;1282;CT-CO2-0;02938df5-6afb-d44e-582d-0b5eea40f8eb;51:88:0A:9E;0;AVIÁRIO MEIO;870,00;05/11/2025;20:59:36;20;1282-20
CO2;1282;CT-CO2-0;02938df5-6afb-d44e-582d-0b5eea40f8eb;51:88:0A:9E;0;AVIÁRIO MEIO;904,00;05/11/2025;21:06:08;20;1282-20
CO2;1282;CT-CO2-0;02938df5-6afb-d44e-582d-0b5eea40f8eb;51:88:0A:9E;0;AVIÁRIO MEIO;943,00;05/11/2025;21:11:39;20;1282-20
CO2;1282;CT-CO2-0;02938df5-6afb-d44e-582d-0b5eea40f8eb;51:88:0A:9E;0;AVIÁRIO MEIO;887,00;05/11/2025;21:16:42;20;1282-20
CO2;1282;CT-CO2-0;02938df5-6afb-d44e-582d-0b5eea40f8eb;51:88:0A:9E;0;AVIÁRIO MEIO;950,00;05/11/2025;21:22:14;20;1282-20
CO2;1282;CT-CO2-0;02938df5-6afb-d44e-582d-0b5eea40f8eb;51:88:0A:9E;0;AVIÁRIO MEIO;917,00;05/11/2025;21:28:20;20;1282-20
CO2;1282;CT-CO2-0;02938df5-6afb-d44e-582d-0b5eea40f8eb;51:88:0A:9E;0;AVIÁRIO MEIO;865,00;05/11/2025;21:32:52;20;1282-20
CO2;1282;CT-CO2-0;02938df5-6afb-d44e-582d-0b5eea40f8eb;51:88:0A:9E;0;AVIÁRIO MEIO;966,00;05/11/2025;21:38:26;20;1282-20
CO2;1282;CT-CO2-0;02938df5-6afb-d44e-582d-0b5eea40f8eb;51:88:0A:9E;0;AVIÁRIO MEIO;1.001,00;05/11/2025;21:43:59;20;1282-20
CO2;1282;CT-CO2-0;02938df5-6afb-d44e-582d-0b5eea40f8eb;51:88:0A:9E;0;AVIÁRIO MEIO;989,00;05/11/2025;21:49:02;20;1282-20
CO2;1282;CT-CO2-0;02938df5-6afb-d44e-582d-0b5eea40f8eb;51:88:0A:9E;0;AVIÁRIO MEIO;998,00;05/11/2025;21:54:34;20;1282-20
CO2;1282;CT-CO2-0;02938df5-6afb-d44e-582d-0b5eea40f8eb;51:88:0A:9E;0;AVIÁRIO MEIO;991,00;05/11/2025;21:59:37;20;1282-20
CO2;1282;CT-CO2-0;02938df5-6afb-d44e-582d-0b5eea40f8eb;51:88:0A:9E;0;AVIÁRIO MEIO;978,00;05/11/2025;22:05:10;20;1282-20
CO2;1282;CT-CO2-0;02938df5-6afb-d44e-582d-0b5eea40f8eb;51:88:0A:9E;0;AVIÁRIO MEIO;967,00;05/11/2025;22:10:42;20;1282-20
CO2;1282;CT-CO2-0;02938df5-6afb-d44e-582d-0b5eea40f8eb;51:88:0A:9E;0;AVIÁRIO MEIO;972,00;05/11/2025;22:15:44;20;1282-20
CO2;1282;CT-CO2-0;02938df5-6afb-d44e-582d-0b5eea40f8eb;51:88:0A:9E;0;AVIÁRIO MEIO;1.002,00;05/11/2025;22:21:16;20;1282-20
CO2;1282;CT-CO2-0;02938df5-6afb-d44e-582d-0b5eea40f8eb;51:88:0A:9E;0;AVIÁRIO MEIO;970,00;05/11/2025;22:26:48;20;1282-20
CO2;1282;CT-CO2-0;02938df5-6afb-d44e-582d-0b5eea40f8eb;51:88:0A:9E;0;AVIÁRIO MEIO;997,00;05/11/2025;22:31:50;20;1282-20
CO2;1282;CT-CO2-0;02938df5-6afb-d44e-582d-0b5eea40f8eb;51:88:0A:9E;0;AVIÁRIO MEIO;1.027,00;05/11/2025;22:37:53;20;1282-20
CO2;1282;CT-CO2-0;02938df5-6afb-d44e-582d-0b5eea40f8eb;51:88:0A:9E;0;AVIÁRIO MEIO;1.014,00;05/11/2025;22:42:56;20;1282-20
CO2;1282;CT-CO2-0;02938df5-6afb-d44e-582d-0b5eea40f8eb;51:88:0A:9E;0;AVIÁRIO MEIO;1.017,00;05/11/2025;22:48:04;20;1282-20
CO2;1282;CT-CO2-0;02938df5-6afb-d44e-582d-0b5eea40f8eb;51:88:0A:9E;0;AVIÁRIO MEIO;1.018,00;05/11/2025;22:53:36;20;1282-20
CO2;1282;CT-CO2-0;02938df5-6afb-d44e-582d-0b5eea40f8eb;51:88:0A:9E;0;AVIÁRIO MEIO;1.017,00;05/11/2025;22:58:38;20;1282-20
CO2;1282;CT-CO2-0;02938df5-6afb-d44e-582d-0b5eea40f8eb;51:88:0A:9E;0;AVIÁRIO MEIO;1.014,00;05/11/2025;23:04:10;20;1282-20
CO2;1282;CT-CO2-0;02938df5-6afb-d44e-582d-0b5eea40f8eb;51:88:0A:9E;0;AVIÁRIO MEIO;1.017,00;05/11/2025;23:09:43;20;1282-20
CO2;1282;CT-CO2-0;02938df5-6afb-d44e-582d-0b5eea40f8eb;51:88:0A:9E;0;AVIÁRIO MEIO;986,00;05/11/2025;23:14:45;20;1282-20
CO2;1282;CT-CO2-0;02938df5-6afb-d44e-582d-0b5eea40f8eb;51:88:0A:9E;0;AVIÁRIO MEIO;976,00;05/11/2025;23:20:17;20;1282-20
CO2;1282;CT-CO2-0;02938df5-6afb-d44e-582d-0b5eea40f8eb;51:88:0A:9E;0;AVIÁRIO MEIO;989,00;05/11/2025;23:25:50;20;1282-20
CO2;1282;CT-CO2-0;02938df5-6afb-d44e-582d-0b5eea40f8eb;51:88:0A:9E;0;AVIÁRIO MEIO;961,00;05/11/2025;23:30:52;20;1282-20
CO2;1282;CT-CO2-0;02938df5-6afb-d44e-582d-0b5eea40f8eb;51:88:0A:9E;0;AVIÁRIO MEIO;992,00;05/11/2025;23:36:25;20;1282-20
CO2;1282;CT-CO2-0;02938df5-6afb-d44e-582d-0b5eea40f8eb;51:88:0A:9E;0;AVIÁRIO MEIO;1.004,00;05/11/2025;23:41:57;20;1282-20
CO2;1282;CT-CO2-0;02938df5-6afb-d44e-582d-0b5eea40f8eb;51:88:0A:9E;0;AVIÁRIO MEIO;997,00;05/11/2025;23:47:31;20;1282-20
CO2;1282;CT-CO2-0;02938df5-6afb-d44e-582d-0b5eea40f8eb;51:88:0A:9E;0;AVIÁRIO MEIO;999,00;05/11/2025;23:52:33;20;1282-20
CO2;1282;CT-CO2-0;02938df5-6afb-d44e-582d-0b5eea40f8eb;51:88:0A:9E;0;AVIÁRIO MEIO;988,00;05/11/2025;23:58:05;20;1282-20
CO2;1282;CT-CO2-0;02938df5-6afb-d44e-582d-0b5eea40f8eb;51:88:0A:9E;0;AVIÁRIO MEIO;974,00;06/11/2025;00:03:07;20;1282-20
CO2;1282;CT-CO2-0;02938df5-6afb-d44e-582d-0b5eea40f8eb;51:88:0A:9E;0;AVIÁRIO MEIO;960,00;06/11/2025;00:08:38;20;1282-20
CO2;1282;CT-CO2-0;02938df5-6afb-d44e-582d-0b5eea40f8eb;51:88:0A:9E;0;AVIÁRIO MEIO;965,00;06/11/2025;00:14:11;20;1282-20
CO2;1282;CT-CO2-0;02938df5-6afb-d44e-582d-0b5eea40f8eb;51:88:0A:9E;0;AVIÁRIO MEIO;974,00;06/11/2025;00:19:43;20;1282-20
CO2;1282;CT-CO2-0;02938df5-6afb-d44e-582d-0b5eea40f8eb;51:88:0A:9E;0;AVIÁRIO MEIO;1.010,00;06/11/2025;00:24:45;20;1282-20
CO2;1282;CT-CO2-0;02938df5-6afb-d44e-582d-0b5eea40f8eb;51:88:0A:9E;0;AVIÁRIO MEIO;1.026,00;06/11/2025;00:30:17;20;1282-20
CO2;1282;CT-CO2-0;02938df5-6afb-d44e-582d-0b5eea40f8eb;51:88:0A:9E;0;AVIÁRIO MEIO;1.016,00;06/11/2025;00:35:49;20;1282-20
CO2;1282;CT-CO2-0;02938df5-6afb-d44e-582d-0b5eea40f8eb;51:88:0A:9E;0;AVIÁRIO MEIO;994,00;06/11/2025;00:40:51;20;1282-20
CO2;1282;CT-CO2-0;02938df5-6afb-d44e-582d-0b5eea40f8eb;51:88:0A:9E;0;AVIÁRIO MEIO;955,00;06/11/2025;00:46:22;20;1282-20
CO2;1282;CT-CO2-0;02938df5-6afb-d44e-582d-0b5eea40f8eb;51:88:0A:9E;0;AVIÁRIO MEIO;937,00;06/11/2025;00:51:54;20;1282-20
CO2;1282;CT-CO2-0;02938df5-6afb-d44e-582d-0b5eea40f8eb;51:88:0A:9E;0;AVIÁRIO MEIO;948,00;06/11/2025;00:57:28;20;1282-20
CO2;1282;CT-CO2-0;02938df5-6afb-d44e-582d-0b5eea40f8eb;51:88:0A:9E;0;AVIÁRIO MEIO;960,00;06/11/2025;01:02:30;20;1282-20
CO2;1282;CT-CO2-0;02938df5-6afb-d44e-582d-0b5eea40f8eb;51:88:0A:9E;0;AVIÁRIO MEIO;970,00;06/11/2025;01:08:02;20;1282-20
CO2;1282;CT-CO2-0;02938df5-6afb-d44e-582d-0b5eea40f8eb;51:88:0A:9E;0;AVIÁRIO MEIO;1.015,00;06/11/2025;01:13:04;20;1282-20
CO2;1282;CT-CO2-0;02938df5-6afb-d44e-582d-0b5eea40f8eb;51:88:0A:9E;0;AVIÁRIO MEIO;1.025,00;06/11/2025;01:18:36;20;1282-20
CO2;1282;CT-CO2-0;02938df5-6afb-d44e-582d-0b5eea40f8eb;51:88:0A:9E;0;AVIÁRIO MEIO;992,00;06/11/2025;01:24:07;20;1282-20
CO2;1282;CT-CO2-0;02938df5-6afb-d44e-582d-0b5eea40f8eb;51:88:0A:9E;0;AVIÁRIO MEIO;944,00;06/11/2025;01:29:09;20;1282-20
CO2;1282;CT-CO2-0;02938df5-6afb-d44e-582d-0b5eea40f8eb;51:88:0A:9E;0;AVIÁRIO MEIO;946,00;06/11/2025;01:34:42;20;1282-20
CO2;1282;CT-CO2-0;02938df5-6afb-d44e-582d-0b5eea40f8eb;51:88:0A:9E;0;AVIÁRIO MEIO;932,00;06/11/2025;01:40:14;20;1282-20
CO2;1282;CT-CO2-0;02938df5-6afb-d44e-582d-0b5eea40f8eb;51:88:0A:9E;0;AVIÁRIO MEIO;934,00;06/11/2025;01:45:16;20;1282-20
CO2;1282;CT-CO2-0;02938df5-6afb-d44e-582d-0b5eea40f8eb;51:88:0A:9E;0;AVIÁRIO MEIO;922,00;06/11/2025;01:50:48;20;1282-20
CO2;1282;CT-CO2-0;02938df5-6afb-d44e-582d-0b5eea40f8eb;51:88:0A:9E;0;AVIÁRIO MEIO;920,00;06/11/2025;01:56:19;20;1282-20
CO2;1282;CT-CO2-0;02938df5-6afb-d44e-582d-0b5eea40f8eb;51:88:0A:9E;0;AVIÁRIO MEIO;912,00;06/11/2025;02:01:21;20;1282-20
CO2;1282;CT-CO2-0;02938df5-6afb-d44e-582d-0b5eea40f8eb;51:88:0A:9E;0;AVIÁRIO MEIO;910,00;06/11/2025;02:07:24;20;1282-20
CO2;1282;CT-CO2-0;02938df5-6afb-d44e-582d-0b5eea40f8eb;51:88:0A:9E;0;AVIÁRIO MEIO;898,00;06/11/2025;02:12:27;20;1282-20
CO2;1282;CT-CO2-0;02938df5-6afb-d44e-582d-0b5eea40f8eb;51:88:0A:9E;0;AVIÁRIO MEIO;922,00;06/11/2025;02:17:28;20;1282-20
CO2;1282;CT-CO2-0;02938df5-6afb-d44e-582d-0b5eea40f8eb;51:88:0A:9E;0;AVIÁRIO MEIO;903,00;06/11/2025;02:23:00;20;1282-20
CO2;1282;CT-CO2-0;02938df5-6afb-d44e-582d-0b5eea40f8eb;51:88:0A:9E;0;AVIÁRIO MEIO;900,00;06/11/2025;02:28:33;20;1282-20
CO2;1282;CT-CO2-0;02938df5-6afb-d44e-582d-0b5eea40f8eb;51:88:0A:9E;0;AVIÁRIO MEIO;884,00;06/11/2025;02:33:35;20;1282-20
CO2;1282;CT-CO2-0;02938df5-6afb-d44e-582d-0b5eea40f8eb;51:88:0A:9E;0;AVIÁRIO MEIO;911,00;06/11/2025;02:39:07;20;1282-20
CO2;1282;CT-CO2-0;02938df5-6afb-d44e-582d-0b5eea40f8eb;51:88:0A:9E;0;AVIÁRIO MEIO;888,00;06/11/2025;02:44:39;20;1282-20
CO2;1282;CT-CO2-0;02938df5-6afb-d44e-582d-0b5eea40f8eb;51:88:0A:9E;0;AVIÁRIO MEIO;876,00;06/11/2025;02:49:41;20;1282-20
CO2;1282;CT-CO2-0;02938df5-6afb-d44e-582d-0b5eea40f8eb;51:88:0A:9E;0;AVIÁRIO MEIO;894,00;06/11/2025;02:55:12;20;1282-20
CO2;1282;CT-CO2-0;02938df5-6afb-d44e-582d-0b5eea40f8eb;51:88:0A:9E;0;AVIÁRIO MEIO;888,00;06/11/2025;03:00:44;20;1282-20
CO2;1282;CT-CO2-0;02938df5-6afb-d44e-582d-0b5eea40f8eb;51:88:0A:9E;0;AVIÁRIO MEIO;896,00;06/11/2025;03:05:46;20;1282-20
CO2;1282;CT-CO2-0;02938df5-6afb-d44e-582d-0b5eea40f8eb;51:88:0A:9E;0;AVIÁRIO MEIO;907,00;06/11/2025;03:11:18;20;1282-20
CO2;1282;CT-CO2-0;02938df5-6afb-d44e-582d-0b5eea40f8eb;51:88:0A:9E;0;AVIÁRIO MEIO;921,00;06/11/2025;03:17:24;20;1282-20
CO2;1282;CT-CO2-0;02938df5-6afb-d44e-582d-0b5eea40f8eb;51:88:0A:9E;0;AVIÁRIO MEIO;934,00;06/11/2025;03:21:55;20;1282-20
CO2;1282;CT-CO2-0;02938df5-6afb-d44e-582d-0b5eea40f8eb;51:88:0A:9E;0;AVIÁRIO MEIO;918,00;06/11/2025;03:27:28;20;1282-20
CO2;1282;CT-CO2-0;02938df5-6afb-d44e-582d-0b5eea40f8eb;51:88:0A:9E;0;AVIÁRIO MEIO;908,00;06/11/2025;03:33:01;20;1282-20
CO2;1282;CT-CO2-0;02938df5-6afb-d44e-582d-0b5eea40f8eb;51:88:0A:9E;0;AVIÁRIO MEIO;905,00;06/11/2025;03:38:03;20;1282-20
CO2;1282;CT-CO2-0;02938df5-6afb-d44e-582d-0b5eea40f8eb;51:88:0A:9E;0;AVIÁRIO MEIO;904,00;06/11/2025;03:43:35;20;1282-20
CO2;1282;CT-CO2-0;02938df5-6afb-d44e-582d-0b5eea40f8eb;51:88:0A:9E;0;AVIÁRIO MEIO;937,00;06/11/2025;03:49:07;20;1282-20
CO2;1282;CT-CO2-0;02938df5-6afb-d44e-582d-0b5eea40f8eb;51:88:0A:9E;0;AVIÁRIO MEIO;924,00;06/11/2025;03:54:09;20;1282-20
CO2;1282;CT-CO2-0;02938df5-6afb-d44e-582d-0b5eea40f8eb;51:88:0A:9E;0;AVIÁRIO MEIO;916,00;06/11/2025;03:59:41;20;1282-20
CO2;1282;CT-CO2-0;02938df5-6afb-d44e-582d-0b5eea40f8eb;51:88:0A:9E;0;AVIÁRIO MEIO;914,00;06/11/2025;04:05:13;20;1282-20
CO2;1282;CT-CO2-0;02938df5-6afb-d44e-582d-0b5eea40f8eb;51:88:0A:9E;0;AVIÁRIO MEIO;923,00;06/11/2025;04:10:15;20;1282-20
CO2;1282;CT-CO2-0;02938df5-6afb-d44e-582d-0b5eea40f8eb;51:88:0A:9E;0;AVIÁRIO MEIO;896,00;06/11/2025;04:15:46;20;1282-20
CO2;1282;CT-CO2-0;02938df5-6afb-d44e-582d-0b5eea40f8eb;51:88:0A:9E;0;AVIÁRIO MEIO;922,00;06/11/2025;04:21:19;20;1282-20
CO2;1282;CT-CO2-0;02938df5-6afb-d44e-582d-0b5eea40f8eb;51:88:0A:9E;0;AVIÁRIO MEIO;926,00;06/11/2025;04:27:22;20;1282-20
CO2;1282;CT-CO2-0;02938df5-6afb-d44e-582d-0b5eea40f8eb;51:88:0A:9E;0;AVIÁRIO MEIO;907,00;06/11/2025;04:31:55;20;1282-20
CO2;1282;CT-CO2-0;02938df5-6afb-d44e-582d-0b5eea40f8eb;51:88:0A:9E;0;AVIÁRIO MEIO;914,00;06/11/2025;04:37:26;20;1282-20
CO2;1282;CT-CO2-0;02938df5-6afb-d44e-582d-0b5eea40f8eb;51:88:0A:9E;0;AVIÁRIO MEIO;897,00;06/11/2025;04:42:58;20;1282-20
CO2;1282;CT-CO2-0;02938df5-6afb-d44e-582d-0b5eea40f8eb;51:88:0A:9E;0;AVIÁRIO MEIO;896,00;06/11/2025;04:48:00;20;1282-20
CO2;1282;CT-CO2-0;02938df5-6afb-d44e-582d-0b5eea40f8eb;51:88:0A:9E;0;AVIÁRIO MEIO;908,00;06/11/2025;04:53:33;20;1282-20
CO2;1282;CT-CO2-0;02938df5-6afb-d44e-582d-0b5eea40f8eb;51:88:0A:9E;0;AVIÁRIO MEIO;924,00;06/11/2025;04:59:05;20;1282-20
CO2;1282;CT-CO2-0;02938df5-6afb-d44e-582d-0b5eea40f8eb;51:88:0A:9E;0;AVIÁRIO MEIO;890,00;06/11/2025;05:04:07;20;1282-20
CO2;1282;CT-CO2-0;02938df5-6afb-d44e-582d-0b5eea40f8eb;51:88:0A:9E;0;AVIÁRIO MEIO;924,00;06/11/2025;05:09:40;20;1282-20
CO2;1282;CT-CO2-0;02938df5-6afb-d44e-582d-0b5eea40f8eb;51:88:0A:9E;0;AVIÁRIO MEIO;906,00;06/11/2025;05:15:12;20;1282-20
CO2;1282;CT-CO2-0;02938df5-6afb-d44e-582d-0b5eea40f8eb;51:88:0A:9E;0;AVIÁRIO MEIO;904,00;06/11/2025;05:20:14;20;1282-20
CO2;1282;CT-CO2-0;02938df5-6afb-d44e-582d-0b5eea40f8eb;51:88:0A:9E;0;AVIÁRIO MEIO;921,00;06/11/2025;05:25:47;20;1282-20
CO2;1282;CT-CO2-0;02938df5-6afb-d44e-582d-0b5eea40f8eb;51:88:0A:9E;0;AVIÁRIO MEIO;920,00;06/11/2025;05:31:19;20;1282-20
CO2;1282;CT-CO2-0;02938df5-6afb-d44e-582d-0b5eea40f8eb;51:88:0A:9E;0;AVIÁRIO MEIO;912,00;06/11/2025;05:36:53;20;1282-20
CO2;1282;CT-CO2-0;02938df5-6afb-d44e-582d-0b5eea40f8eb;51:88:0A:9E;0;AVIÁRIO MEIO;951,00;06/11/2025;05:41:56;20;1282-20
CO2;1282;CT-CO2-0;02938df5-6afb-d44e-582d-0b5eea40f8eb;51:88:0A:9E;0;AVIÁRIO MEIO;929,00;06/11/2025;05:47:28;20;1282-20
CO2;1282;CT-CO2-0;02938df5-6afb-d44e-582d-0b5eea40f8eb;51:88:0A:9E;0;AVIÁRIO MEIO;905,00;06/11/2025;05:52:29;20;1282-20
CO2;1282;CT-CO2-0;02938df5-6afb-d44e-582d-0b5eea40f8eb;51:88:0A:9E;0;AVIÁRIO MEIO;908,00;06/11/2025;05:58:01;20;1282-20
CO2;1282;CT-CO2-0;02938df5-6afb-d44e-582d-0b5eea40f8eb;51:88:0A:9E;0;AVIÁRIO MEIO;894,00;06/11/2025;06:03:33;20;1282-20
CO2;1282;CT-CO2-0;02938df5-6afb-d44e-582d-0b5eea40f8eb;51:88:0A:9E;0;AVIÁRIO MEIO;884,00;06/11/2025;06:08:36;20;1282-20
CO2;1282;CT-CO2-0;02938df5-6afb-d44e-582d-0b5eea40f8eb;51:88:0A:9E;0;AVIÁRIO MEIO;896,00;06/11/2025;06:14:10;20;1282-20
CO2;1282;CT-CO2-0;02938df5-6afb-d44e-582d-0b5eea40f8eb;51:88:0A:9E;0;AVIÁRIO MEIO;910,00;06/11/2025;06:19:43;20;1282-20
CO2;1282;CT-CO2-0;02938df5-6afb-d44e-582d-0b5eea40f8eb;51:88:0A:9E;0;AVIÁRIO MEIO;927,00;06/11/2025;06:24:45;20;1282-20
CO2;1282;CT-CO2-0;02938df5-6afb-d44e-582d-0b5eea40f8eb;51:88:0A:9E;0;AVIÁRIO MEIO;965,00;06/11/2025;06:30:17;20;1282-20
CO2;1282;CT-CO2-0;02938df5-6afb-d44e-582d-0b5eea40f8eb;51:88:0A:9E;0;AVIÁRIO MEIO;975,00;06/11/2025;06:35:49;20;1282-20
CO2;1282;CT-CO2-0;02938df5-6afb-d44e-582d-0b5eea40f8eb;51:88:0A:9E;0;AVIÁRIO MEIO;959,00;06/11/2025;06:40:51;20;1282-20
CO2;1282;CT-CO2-0;02938df5-6afb-d44e-582d-0b5eea40f8eb;51:88:0A:9E;0;AVIÁRIO MEIO;983,00;06/11/2025;06:46:56;20;1282-20
CO2;1282;CT-CO2-0;02938df5-6afb-d44e-582d-0b5eea40f8eb;51:88:0A:9E;0;AVIÁRIO MEIO;1.014,00;06/11/2025;06:56:59;20;1282-20
CO2;1282;CT-CO2-0;02938df5-6afb-d44e-582d-0b5eea40f8eb;51:88:0A:9E;0;AVIÁRIO MEIO;991,00;06/11/2025;07:02:31;20;1282-20
CO2;1282;CT-CO2-0;02938df5-6afb-d44e-582d-0b5eea40f8eb;51:88:0A:9E;0;AVIÁRIO MEIO;988,00;06/11/2025;07:07:35;20;1282-20
CO2;1282;CT-CO2-0;02938df5-6afb-d44e-582d-0b5eea40f8eb;51:88:0A:9E;0;AVIÁRIO MEIO;947,00;06/11/2025;07:13:12;20;1282-20
CO2;1282;CT-CO2-0;02938df5-6afb-d44e-582d-0b5eea40f8eb;51:88:0A:9E;0;AVIÁRIO MEIO;951,00;06/11/2025;07:18:14;20;1282-20
CO2;1282;CT-CO2-0;02938df5-6afb-d44e-582d-0b5eea40f8eb;51:88:0A:9E;0;AVIÁRIO MEIO;1.002,00;06/11/2025;07:23:46;20;1282-20
CO2;1282;CT-CO2-0;02938df5-6afb-d44e-582d-0b5eea40f8eb;51:88:0A:9E;0;AVIÁRIO MEIO;986,00;06/11/2025;07:29:21;20;1282-20
CO2;1282;CT-CO2-0;02938df5-6afb-d44e-582d-0b5eea40f8eb;51:88:0A:9E;0;AVIÁRIO MEIO;860,00;06/11/2025;07:34:23;20;1282-20
CO2;1282;CT-CO2-0;02938df5-6afb-d44e-582d-0b5eea40f8eb;51:88:0A:9E;0;AVIÁRIO MEIO;899,00;06/11/2025;07:39:54;20;1282-20
CO2;1282;CT-CO2-0;02938df5-6afb-d44e-582d-0b5eea40f8eb;51:88:0A:9E;0;AVIÁRIO MEIO;864,00;06/11/2025;07:56:35;20;1282-20
CO2;1282;CT-CO2-0;02938df5-6afb-d44e-582d-0b5eea40f8eb;51:88:0A:9E;0;AVIÁRIO MEIO;851,00;06/11/2025;08:01:07;20;1282-20
CO2;1282;CT-CO2-0;02938df5-6afb-d44e-582d-0b5eea40f8eb;51:88:0A:9E;0;AVIÁRIO MEIO;849,00;06/11/2025;08:06:42;20;1282-20
CO2;1282;CT-CO2-0;02938df5-6afb-d44e-582d-0b5eea40f8eb;51:88:0A:9E;0;AVIÁRIO MEIO;829,00;06/11/2025;08:12:14;20;1282-20
CO2;1282;CT-CO2-0;02938df5-6afb-d44e-582d-0b5eea40f8eb;51:88:0A:9E;0;AVIÁRIO MEIO;827,00;06/11/2025;08:17:15;20;1282-20
CO2;1282;CT-CO2-0;02938df5-6afb-d44e-582d-0b5eea40f8eb;51:88:0A:9E;0;AVIÁRIO MEIO;829,00;06/11/2025;08:22:48;20;1282-20
CO2;1282;CT-CO2-0;02938df5-6afb-d44e-582d-0b5eea40f8eb;51:88:0A:9E;0;AVIÁRIO MEIO;838,00;06/11/2025;08:28:21;20;1282-20
CO2;1282;CT-CO2-0;02938df5-6afb-d44e-582d-0b5eea40f8eb;51:88:0A:9E;0;AVIÁRIO MEIO;850,00;06/11/2025;08:33:23;20;1282-20
CO2;1282;CT-CO2-0;02938df5-6afb-d44e-582d-0b5eea40f8eb;51:88:0A:9E;0;AVIÁRIO MEIO;820,00;06/11/2025;08:38:55;20;1282-20
CO2;1282;CT-CO2-0;02938df5-6afb-d44e-582d-0b5eea40f8eb;51:88:0A:9E;0;AVIÁRIO MEIO;863,00;06/11/2025;08:44:27;20;1282-20
CO2;1282;CT-CO2-0;02938df5-6afb-d44e-582d-0b5eea40f8eb;51:88:0A:9E;0;AVIÁRIO MEIO;845,00;06/11/2025;08:49:29;20;1282-20
CO2;1282;CT-CO2-0;02938df5-6afb-d44e-582d-0b5eea40f8eb;51:88:0A:9E;0;AVIÁRIO MEIO;830,00;06/11/2025;08:55:01;20;1282-20
CO2;1282;CT-CO2-0;02938df5-6afb-d44e-582d-0b5eea40f8eb;51:88:0A:9E;0;AVIÁRIO MEIO;794,00;06/11/2025;09:00:34;20;1282-20
CO2;1282;CT-CO2-0;02938df5-6afb-d44e-582d-0b5eea40f8eb;51:88:0A:9E;0;AVIÁRIO MEIO;729,00;06/11/2025;09:06:07;20;1282-20
CO2;1282;CT-CO2-0;02938df5-6afb-d44e-582d-0b5eea40f8eb;51:88:0A:9E;0;AVIÁRIO MEIO;717,00;06/11/2025;09:11:09;20;1282-20
CO2;1282;CT-CO2-0;02938df5-6afb-d44e-582d-0b5eea40f8eb;51:88:0A:9E;0;AVIÁRIO MEIO;716,00;06/11/2025;09:16:41;20;1282-20
CO2;1282;CT-CO2-0;02938df5-6afb-d44e-582d-0b5eea40f8eb;51:88:0A:9E;0;AVIÁRIO MEIO;725,00;06/11/2025;09:21:43;20;1282-20
CO2;1282;CT-CO2-0;02938df5-6afb-d44e-582d-0b5eea40f8eb;51:88:0A:9E;0;AVIÁRIO MEIO;710,00;06/11/2025;09:27:15;20;1282-20
CO2;1282;CT-CO2-0;02938df5-6afb-d44e-582d-0b5eea40f8eb;51:88:0A:9E;0;AVIÁRIO MEIO;711,00;06/11/2025;09:32:47;20;1282-20
CO2;1282;CT-CO2-0;02938df5-6afb-d44e-582d-0b5eea40f8eb;51:88:0A:9E;0;AVIÁRIO MEIO;722,00;06/11/2025;09:37:48;20;1282-20
CO2;1282;CT-CO2-0;02938df5-6afb-d44e-582d-0b5eea40f8eb;51:88:0A:9E;0;AVIÁRIO MEIO;711,00;06/11/2025;09:43:20;20;1282-20
CO2;1282;CT-CO2-0;02938df5-6afb-d44e-582d-0b5eea40f8eb;51:88:0A:9E;0;AVIÁRIO MEIO;713,00;06/11/2025;09:48:53;20;1282-20
CO2;1282;CT-CO2-0;02938df5-6afb-d44e-582d-0b5eea40f8eb;51:88:0A:9E;0;AVIÁRIO MEIO;701,00;06/11/2025;09:53:55;20;1282-20
CO2;1282;CT-CO2-0;02938df5-6afb-d44e-582d-0b5eea40f8eb;51:88:0A:9E;0;AVIÁRIO MEIO;664,00;06/11/2025;09:59:27;20;1282-20
CO2;1282;CT-CO2-0;02938df5-6afb-d44e-582d-0b5eea40f8eb;51:88:0A:9E;0;AVIÁRIO MEIO;643,00;06/11/2025;10:04:59;20;1282-20
CO2;1282;CT-CO2-0;02938df5-6afb-d44e-582d-0b5eea40f8eb;51:88:0A:9E;0;AVIÁRIO MEIO;655,00;06/11/2025;10:10:01;20;1282-20
CO2;1282;CT-CO2-0;02938df5-6afb-d44e-582d-0b5eea40f8eb;51:88:0A:9E;0;AVIÁRIO MEIO;648,00;06/11/2025;10:16:03;20;1282-20
CO2;1282;CT-CO2-0;02938df5-6afb-d44e-582d-0b5eea40f8eb;51:88:0A:9E;0;AVIÁRIO MEIO;650,00;06/11/2025;10:21:05;20;1282-20
CO2;1282;CT-CO2-0;02938df5-6afb-d44e-582d-0b5eea40f8eb;51:88:0A:9E;0;AVIÁRIO MEIO;642,00;06/11/2025;10:26:37;20;1282-20
CO2;1282;CT-CO2-0;02938df5-6afb-d44e-582d-0b5eea40f8eb;51:88:0A:9E;0;AVIÁRIO MEIO;700,00;06/11/2025;10:31:38;20;1282-20
CO2;1282;CT-CO2-0;02938df5-6afb-d44e-582d-0b5eea40f8eb;51:88:0A:9E;0;AVIÁRIO MEIO;663,00;06/11/2025;10:37:10;20;1282-20
CO2;1282;CT-CO2-0;02938df5-6afb-d44e-582d-0b5eea40f8eb;51:88:0A:9E;0;AVIÁRIO MEIO;675,00;06/11/2025;10:42:42;20;1282-20
CO2;1282;CT-CO2-0;02938df5-6afb-d44e-582d-0b5eea40f8eb;51:88:0A:9E;0;AVIÁRIO MEIO;690,00;06/11/2025;10:47:44;20;1282-20
CO2;1282;CT-CO2-0;02938df5-6afb-d44e-582d-0b5eea40f8eb;51:88:0A:9E;0;AVIÁRIO MEIO;679,00;06/11/2025;10:53:16;20;1282-20
CO2;1282;CT-CO2-0;02938df5-6afb-d44e-582d-0b5eea40f8eb;51:88:0A:9E;0;AVIÁRIO MEIO;658,00;06/11/2025;10:58:49;20;1282-20
CO2;1282;CT-CO2-0;02938df5-6afb-d44e-582d-0b5eea40f8eb;51:88:0A:9E;0;AVIÁRIO MEIO;704,00;06/11/2025;11:03:51;20;1282-20
CO2;1282;CT-CO2-0;02938df5-6afb-d44e-582d-0b5eea40f8eb;51:88:0A:9E;0;AVIÁRIO MEIO;668,00;06/11/2025;11:09:23;20;1282-20
CO2;1282;CT-CO2-0;02938df5-6afb-d44e-582d-0b5eea40f8eb;51:88:0A:9E;0;AVIÁRIO MEIO;669,00;06/11/2025;11:15:00;20;1282-20
CO2;1282;CT-CO2-0;02938df5-6afb-d44e-582d-0b5eea40f8eb;51:88:0A:9E;0;AVIÁRIO MEIO;666,00;06/11/2025;11:20:02;20;1282-20
CO2;1282;CT-CO2-0;02938df5-6afb-d44e-582d-0b5eea40f8eb;51:88:0A:9E;0;AVIÁRIO MEIO;682,00;06/11/2025;11:26:07;20;1282-20
CO2;1282;CT-CO2-0;02938df5-6afb-d44e-582d-0b5eea40f8eb;51:88:0A:9E;0;AVIÁRIO MEIO;684,00;06/11/2025;11:30:41;20;1282-20
CO2;1282;CT-CO2-0;02938df5-6afb-d44e-582d-0b5eea40f8eb;51:88:0A:9E;0;AVIÁRIO MEIO;694,00;06/11/2025;11:36:13;20;1282-20
CO2;1282;CT-CO2-0;02938df5-6afb-d44e-582d-0b5eea40f8eb;51:88:0A:9E;0;AVIÁRIO MEIO;712,00;06/11/2025;11:41:45;20;1282-20
CO2;1282;CT-CO2-0;02938df5-6afb-d44e-582d-0b5eea40f8eb;51:88:0A:9E;0;AVIÁRIO MEIO;668,00;06/11/2025;11:46:47;20;1282-20
CO2;1282;CT-CO2-0;02938df5-6afb-d44e-582d-0b5eea40f8eb;51:88:0A:9E;0;AVIÁRIO MEIO;652,00;06/11/2025;11:52:19;20;1282-20
CO2;1282;CT-CO2-0;02938df5-6afb-d44e-582d-0b5eea40f8eb;51:88:0A:9E;0;AVIÁRIO MEIO;657,00;06/11/2025;11:57:51;20;1282-20
CO2;1282;CT-CO2-0;02938df5-6afb-d44e-582d-0b5eea40f8eb;51:88:0A:9E;0;AVIÁRIO MEIO;663,00;06/11/2025;12:02:53;20;1282-20
CO2;1282;CT-CO2-0;02938df5-6afb-d44e-582d-0b5eea40f8eb;51:88:0A:9E;0;AVIÁRIO MEIO;672,00;06/11/2025;12:08:25;20;1282-20
CO2;1282;CT-CO2-0;02938df5-6afb-d44e-582d-0b5eea40f8eb;51:88:0A:9E;0;AVIÁRIO MEIO;663,00;06/11/2025;12:13:57;20;1282-20
CO2;1282;CT-CO2-0;02938df5-6afb-d44e-582d-0b5eea40f8eb;51:88:0A:9E;0;AVIÁRIO MEIO;667,00;06/11/2025;12:18:59;20;1282-20
CO2;1282;CT-CO2-0;02938df5-6afb-d44e-582d-0b5eea40f8eb;51:88:0A:9E;0;AVIÁRIO MEIO;668,00;06/11/2025;12:24:31;20;1282-20
CO2;1282;CT-CO2-0;02938df5-6afb-d44e-582d-0b5eea40f8eb;51:88:0A:9E;0;AVIÁRIO MEIO;674,00;06/11/2025;12:30:03;20;1282-20
CO2;1282;CT-CO2-0;02938df5-6afb-d44e-582d-0b5eea40f8eb;51:88:0A:9E;0;AVIÁRIO MEIO;658,00;06/11/2025;12:36:07;20;1282-20
CO2;1282;CT-CO2-0;02938df5-6afb-d44e-582d-0b5eea40f8eb;51:88:0A:9E;0;AVIÁRIO MEIO;664,00;06/11/2025;12:40:39;20;1282-20
CO2;1282;CT-CO2-0;02938df5-6afb-d44e-582d-0b5eea40f8eb;51:88:0A:9E;0;AVIÁRIO MEIO;645,00;06/11/2025;12:46:11;20;1282-20
CO2;1282;CT-CO2-0;02938df5-6afb-d44e-582d-0b5eea40f8eb;51:88:0A:9E;0;AVIÁRIO MEIO;667,00;06/11/2025;12:51:43;20;1282-20
CO2;1282;CT-CO2-0;02938df5-6afb-d44e-582d-0b5eea40f8eb;51:88:0A:9E;0;AVIÁRIO MEIO;653,00;06/11/2025;12:56:47;20;1282-20
CO2;1282;CT-CO2-0;02938df5-6afb-d44e-582d-0b5eea40f8eb;51:88:0A:9E;0;AVIÁRIO MEIO;667,00;06/11/2025;13:02:18;20;1282-20
CO2;1282;CT-CO2-0;02938df5-6afb-d44e-582d-0b5eea40f8eb;51:88:0A:9E;0;AVIÁRIO MEIO;667,00;06/11/2025;13:07:50;20;1282-20
CO2;1282;CT-CO2-0;02938df5-6afb-d44e-582d-0b5eea40f8eb;51:88:0A:9E;0;AVIÁRIO MEIO;665,00;06/11/2025;13:12:52;20;1282-20
CO2;1282;CT-CO2-0;02938df5-6afb-d44e-582d-0b5eea40f8eb;51:88:0A:9E;0;AVIÁRIO MEIO;651,00;06/11/2025;13:18:24;20;1282-20
CO2;1282;CT-CO2-0;02938df5-6afb-d44e-582d-0b5eea40f8eb;51:88:0A:9E;0;AVIÁRIO MEIO;669,00;06/11/2025;13:23:57;20;1282-20
CO2;1282;CT-CO2-0;02938df5-6afb-d44e-582d-0b5eea40f8eb;51:88:0A:9E;0;AVIÁRIO MEIO;670,00;06/11/2025;13:29:00;20;1282-20
CO2;1282;CT-CO2-0;02938df5-6afb-d44e-582d-0b5eea40f8eb;51:88:0A:9E;0;AVIÁRIO MEIO;667,00;06/11/2025;13:34:31;20;1282-20
CO2;1282;CT-CO2-0;02938df5-6afb-d44e-582d-0b5eea40f8eb;51:88:0A:9E;0;AVIÁRIO MEIO;661,00;06/11/2025;13:40:03;20;1282-20
CO2;1282;CT-CO2-0;02938df5-6afb-d44e-582d-0b5eea40f8eb;51:88:0A:9E;0;AVIÁRIO MEIO;686,00;06/11/2025;13:45:37;20;1282-20
CO2;1282;CT-CO2-0;02938df5-6afb-d44e-582d-0b5eea40f8eb;51:88:0A:9E;0;AVIÁRIO MEIO;687,00;06/11/2025;13:50:40;20;1282-20
CO2;1282;CT-CO2-0;02938df5-6afb-d44e-582d-0b5eea40f8eb;51:88:0A:9E;0;AVIÁRIO MEIO;674,00;06/11/2025;13:55:41;20;1282-20
CO2;1282;CT-CO2-0;02938df5-6afb-d44e-582d-0b5eea40f8eb;51:88:0A:9E;0;AVIÁRIO MEIO;664,00;06/11/2025;14:01:13;20;1282-20
CO2;1282;CT-CO2-0;02938df5-6afb-d44e-582d-0b5eea40f8eb;51:88:0A:9E;0;AVIÁRIO MEIO;682,00;06/11/2025;14:06:45;20;1282-20
CO2;1282;CT-CO2-0;02938df5-6afb-d44e-582d-0b5eea40f8eb;51:88:0A:9E;0;AVIÁRIO MEIO;691,00;06/11/2025;14:12:16;20;1282-20
CO2;1282;CT-CO2-0;02938df5-6afb-d44e-582d-0b5eea40f8eb;51:88:0A:9E;0;AVIÁRIO MEIO;709,00;06/11/2025;14:17:18;20;1282-20
CO2;1282;CT-CO2-0;02938df5-6afb-d44e-582d-0b5eea40f8eb;51:88:0A:9E;0;AVIÁRIO MEIO;699,00;06/11/2025;14:22:50;20;1282-20
CO2;1282;CT-CO2-0;02938df5-6afb-d44e-582d-0b5eea40f8eb;51:88:0A:9E;0;AVIÁRIO MEIO;697,00;06/11/2025;14:28:22;20;1282-20
CO2;1282;CT-CO2-0;02938df5-6afb-d44e-582d-0b5eea40f8eb;51:88:0A:9E;0;AVIÁRIO MEIO;686,00;06/11/2025;14:33:23;20;1282-20
CO2;1282;CT-CO2-0;02938df5-6afb-d44e-582d-0b5eea40f8eb;51:88:0A:9E;0;AVIÁRIO MEIO;678,00;06/11/2025;14:38:56;20;1282-20
CO2;1282;CT-CO2-0;02938df5-6afb-d44e-582d-0b5eea40f8eb;51:88:0A:9E;0;AVIÁRIO MEIO;680,00;06/11/2025;14:44:27;20;1282-20
CO2;1282;CT-CO2-0;02938df5-6afb-d44e-582d-0b5eea40f8eb;51:88:0A:9E;0;AVIÁRIO MEIO;686,00;06/11/2025;14:49:29;20;1282-20
CO2;1282;CT-CO2-0;02938df5-6afb-d44e-582d-0b5eea40f8eb;51:88:0A:9E;0;AVIÁRIO MEIO;702,00;06/11/2025;14:55:32;20;1282-20
CO2;1282;CT-CO2-0;02938df5-6afb-d44e-582d-0b5eea40f8eb;51:88:0A:9E;0;AVIÁRIO MEIO;701,00;06/11/2025;15:00:34;20;1282-20
CO2;1282;CT-CO2-0;02938df5-6afb-d44e-582d-0b5eea40f8eb;51:88:0A:9E;0;AVIÁRIO MEIO;689,00;06/11/2025;15:05:36;20;1282-20
CO2;1282;CT-CO2-0;02938df5-6afb-d44e-582d-0b5eea40f8eb;51:88:0A:9E;0;AVIÁRIO MEIO;690,00;06/11/2025;15:11:08;20;1282-20
CO2;1282;CT-CO2-0;02938df5-6afb-d44e-582d-0b5eea40f8eb;51:88:0A:9E;0;AVIÁRIO MEIO;693,00;06/11/2025;15:16:41;20;1282-20
CO2;1282;CT-CO2-0;02938df5-6afb-d44e-582d-0b5eea40f8eb;51:88:0A:9E;0;AVIÁRIO MEIO;702,00;06/11/2025;15:21:43;20;1282-20
CO2;1282;CT-CO2-0;02938df5-6afb-d44e-582d-0b5eea40f8eb;51:88:0A:9E;0;AVIÁRIO MEIO;669,00;06/11/2025;15:27:15;20;1282-20
CO2;1282;CT-CO2-0;02938df5-6afb-d44e-582d-0b5eea40f8eb;51:88:0A:9E;0;AVIÁRIO MEIO;689,00;06/11/2025;15:32:47;20;1282-20
CO2;1282;CT-CO2-0;02938df5-6afb-d44e-582d-0b5eea40f8eb;51:88:0A:9E;0;AVIÁRIO MEIO;716,00;06/11/2025;15:37:49;20;1282-20
CO2;1282;CT-CO2-0;02938df5-6afb-d44e-582d-0b5eea40f8eb;51:88:0A:9E;0;AVIÁRIO MEIO;718,00;06/11/2025;15:43:22;20;1282-20
CO2;1282;CT-CO2-0;02938df5-6afb-d44e-582d-0b5eea40f8eb;51:88:0A:9E;0;AVIÁRIO MEIO;699,00;06/11/2025;15:48:54;20;1282-20
CO2;1282;CT-CO2-0;02938df5-6afb-d44e-582d-0b5eea40f8eb;51:88:0A:9E;0;AVIÁRIO MEIO;692,00;06/11/2025;15:54:01;20;1282-20
CO2;1282;CT-CO2-0;02938df5-6afb-d44e-582d-0b5eea40f8eb;51:88:0A:9E;0;AVIÁRIO MEIO;704,00;06/11/2025;15:59:33;20;1282-20
CO2;1282;CT-CO2-0;02938df5-6afb-d44e-582d-0b5eea40f8eb;51:88:0A:9E;0;AVIÁRIO MEIO;725,00;06/11/2025;16:10:10;20;1282-20
CO2;1282;CT-CO2-0;02938df5-6afb-d44e-582d-0b5eea40f8eb;51:88:0A:9E;0;AVIÁRIO MEIO;691,00;06/11/2025;16:15:42;20;1282-20
CO2;1282;CT-CO2-0;02938df5-6afb-d44e-582d-0b5eea40f8eb;51:88:0A:9E;0;AVIÁRIO MEIO;690,00;06/11/2025;16:21:15;20;1282-20
CO2;1282;CT-CO2-0;02938df5-6afb-d44e-582d-0b5eea40f8eb;51:88:0A:9E;0;AVIÁRIO MEIO;692,00;06/11/2025;16:26:20;20;1282-20
CO2;1282;CT-CO2-0;02938df5-6afb-d44e-582d-0b5eea40f8eb;51:88:0A:9E;0;AVIÁRIO MEIO;660,00;06/11/2025;16:31:52;20;1282-20
CO2;1282;CT-CO2-0;02938df5-6afb-d44e-582d-0b5eea40f8eb;51:88:0A:9E;0;AVIÁRIO MEIO;661,00;06/11/2025;16:36:53;20;1282-20
CO2;1282;CT-CO2-0;02938df5-6afb-d44e-582d-0b5eea40f8eb;51:88:0A:9E;0;AVIÁRIO MEIO;673,00;06/11/2025;16:42:25;20;1282-20
CO2;1282;CT-CO2-0;02938df5-6afb-d44e-582d-0b5eea40f8eb;51:88:0A:9E;0;AVIÁRIO MEIO;677,00;06/11/2025;16:47:58;20;1282-20
CO2;1282;CT-CO2-0;02938df5-6afb-d44e-582d-0b5eea40f8eb;51:88:0A:9E;0;AVIÁRIO MEIO;673,00;06/11/2025;16:53:29;20;1282-20
CO2;1282;CT-CO2-0;02938df5-6afb-d44e-582d-0b5eea40f8eb;51:88:0A:9E;0;AVIÁRIO MEIO;663,00;06/11/2025;16:58:31;20;1282-20
CO2;1282;CT-CO2-0;02938df5-6afb-d44e-582d-0b5eea40f8eb;51:88:0A:9E;0;AVIÁRIO MEIO;675,00;06/11/2025;17:04:03;20;1282-20
CO2;1282;CT-CO2-0;02938df5-6afb-d44e-582d-0b5eea40f8eb;51:88:0A:9E;0;AVIÁRIO MEIO;667,00;06/11/2025;17:09:35;20;1282-20
CO2;1282;CT-CO2-0;02938df5-6afb-d44e-582d-0b5eea40f8eb;51:88:0A:9E;0;AVIÁRIO MEIO;679,00;06/11/2025;17:15:08;20;1282-20
CO2;1282;CT-CO2-0;02938df5-6afb-d44e-582d-0b5eea40f8eb;51:88:0A:9E;0;AVIÁRIO MEIO;677,00;06/11/2025;17:20:10;20;1282-20
CO2;1282;CT-CO2-0;02938df5-6afb-d44e-582d-0b5eea40f8eb;51:88:0A:9E;0;AVIÁRIO MEIO;648,00;06/11/2025;17:25:42;20;1282-20
CO2;1282;CT-CO2-0;02938df5-6afb-d44e-582d-0b5eea40f8eb;51:88:0A:9E;0;AVIÁRIO MEIO;649,00;06/11/2025;17:30:45;20;1282-20
CO2;1282;CT-CO2-0;02938df5-6afb-d44e-582d-0b5eea40f8eb;51:88:0A:9E;0;AVIÁRIO MEIO;649,00;06/11/2025;17:36:18;20;1282-20
CO2;1282;CT-CO2-0;02938df5-6afb-d44e-582d-0b5eea40f8eb;51:88:0A:9E;0;AVIÁRIO MEIO;643,00;06/11/2025;17:41:50;20;1282-20
CO2;1282;CT-CO2-0;02938df5-6afb-d44e-582d-0b5eea40f8eb;51:88:0A:9E;0;AVIÁRIO MEIO;645,00;06/11/2025;17:46:52;20;1282-20
CO2;1282;CT-CO2-0;02938df5-6afb-d44e-582d-0b5eea40f8eb;51:88:0A:9E;0;AVIÁRIO MEIO;643,00;06/11/2025;17:52:24;20;1282-20
CO2;1282;CT-CO2-0;02938df5-6afb-d44e-582d-0b5eea40f8eb;51:88:0A:9E;0;AVIÁRIO MEIO;640,00;06/11/2025;17:57:59;20;1282-20
CO2;1282;CT-CO2-0;02938df5-6afb-d44e-582d-0b5eea40f8eb;51:88:0A:9E;0;AVIÁRIO MEIO;646,00;06/11/2025;18:03:01;20;1282-20
CO2;1282;CT-CO2-0;02938df5-6afb-d44e-582d-0b5eea40f8eb;51:88:0A:9E;0;AVIÁRIO MEIO;646,00;06/11/2025;18:08:33;20;1282-20
CO2;1282;CT-CO2-0;02938df5-6afb-d44e-582d-0b5eea40f8eb;51:88:0A:9E;0;AVIÁRIO MEIO;631,00;06/11/2025;18:14:04;20;1282-20
CO2;1282;CT-CO2-0;02938df5-6afb-d44e-582d-0b5eea40f8eb;51:88:0A:9E;0;AVIÁRIO MEIO;646,00;06/11/2025;18:19:06;20;1282-20
CO2;1282;CT-CO2-0;02938df5-6afb-d44e-582d-0b5eea40f8eb;51:88:0A:9E;0;AVIÁRIO MEIO;690,00;06/11/2025;18:25:10;20;1282-20
CO2;1282;CT-CO2-0;02938df5-6afb-d44e-582d-0b5eea40f8eb;51:88:0A:9E;0;AVIÁRIO MEIO;715,00;06/11/2025;18:30:13;20;1282-20
CO2;1282;CT-CO2-0;02938df5-6afb-d44e-582d-0b5eea40f8eb;51:88:0A:9E;0;AVIÁRIO MEIO;731,00;06/11/2025;18:35:18;20;1282-20
CO2;1282;CT-CO2-0;02938df5-6afb-d44e-582d-0b5eea40f8eb;51:88:0A:9E;0;AVIÁRIO MEIO;695,00;06/11/2025;18:40:50;20;1282-20
CO2;1282;CT-CO2-0;02938df5-6afb-d44e-582d-0b5eea40f8eb;51:88:0A:9E;0;AVIÁRIO MEIO;690,00;06/11/2025;18:46:22;20;1282-20
CO2;1282;CT-CO2-0;02938df5-6afb-d44e-582d-0b5eea40f8eb;51:88:0A:9E;0;AVIÁRIO MEIO;702,00;06/11/2025;18:51:24;20;1282-20
CO2;1282;CT-CO2-0;02938df5-6afb-d44e-582d-0b5eea40f8eb;51:88:0A:9E;0;AVIÁRIO MEIO;703,00;06/11/2025;18:56:57;20;1282-20
CO2;1282;CT-CO2-0;02938df5-6afb-d44e-582d-0b5eea40f8eb;51:88:0A:9E;0;AVIÁRIO MEIO;707,00;06/11/2025;19:02:29;20;1282-20
CO2;1282;CT-CO2-0;02938df5-6afb-d44e-582d-0b5eea40f8eb;51:88:0A:9E;0;AVIÁRIO MEIO;703,00;06/11/2025;19:07:31;20;1282-20
CO2;1282;CT-CO2-0;02938df5-6afb-d44e-582d-0b5eea40f8eb;51:88:0A:9E;0;AVIÁRIO MEIO;726,00;06/11/2025;19:13:04;20;1282-20
CO2;1282;CT-CO2-0;02938df5-6afb-d44e-582d-0b5eea40f8eb;51:88:0A:9E;0;AVIÁRIO MEIO;804,00;06/11/2025;19:18:36;20;1282-20
CO2;1282;CT-CO2-0;02938df5-6afb-d44e-582d-0b5eea40f8eb;51:88:0A:9E;0;AVIÁRIO MEIO;819,00;06/11/2025;19:23:38;20;1282-20
CO2;1282;CT-CO2-0;02938df5-6afb-d44e-582d-0b5eea40f8eb;51:88:0A:9E;0;AVIÁRIO MEIO;802,00;06/11/2025;19:29:09;20;1282-20
CO2;1282;CT-CO2-0;02938df5-6afb-d44e-582d-0b5eea40f8eb;51:88:0A:9E;0;AVIÁRIO MEIO;831,00;06/11/2025;19:35:12;20;1282-20
CO2;1282;CT-CO2-0;02938df5-6afb-d44e-582d-0b5eea40f8eb;51:88:0A:9E;0;AVIÁRIO MEIO;802,00;06/11/2025;19:39:44;20;1282-20
CO2;1282;CT-CO2-0;02938df5-6afb-d44e-582d-0b5eea40f8eb;51:88:0A:9E;0;AVIÁRIO MEIO;830,00;06/11/2025;19:45:17;20;1282-20
CO2;1282;CT-CO2-0;02938df5-6afb-d44e-582d-0b5eea40f8eb;51:88:0A:9E;0;AVIÁRIO MEIO;819,00;06/11/2025;19:50:49;20;1282-20
CO2;1282;CT-CO2-0;02938df5-6afb-d44e-582d-0b5eea40f8eb;51:88:0A:9E;0;AVIÁRIO MEIO;812,00;06/11/2025;19:55:52;20;1282-20
CO2;1282;CT-CO2-0;02938df5-6afb-d44e-582d-0b5eea40f8eb;51:88:0A:9E;0;AVIÁRIO MEIO;809,00;06/11/2025;20:01:23;20;1282-20
CO2;1282;CT-CO2-0;02938df5-6afb-d44e-582d-0b5eea40f8eb;51:88:0A:9E;0;AVIÁRIO MEIO;830,00;06/11/2025;20:06:55;20;1282-20
CO2;1282;CT-CO2-0;02938df5-6afb-d44e-582d-0b5eea40f8eb;51:88:0A:9E;0;AVIÁRIO MEIO;854,00;06/11/2025;20:11:57;20;1282-20
CO2;1282;CT-CO2-0;02938df5-6afb-d44e-582d-0b5eea40f8eb;51:88:0A:9E;0;AVIÁRIO MEIO;836,00;06/11/2025;20:17:30;20;1282-20
CO2;1282;CT-CO2-0;02938df5-6afb-d44e-582d-0b5eea40f8eb;51:88:0A:9E;0;AVIÁRIO MEIO;840,00;06/11/2025;20:23:02;20;1282-20
CO2;1282;CT-CO2-0;02938df5-6afb-d44e-582d-0b5eea40f8eb;51:88:0A:9E;0;AVIÁRIO MEIO;840,00;06/11/2025;20:28:03;20;1282-20
CO2;1282;CT-CO2-0;02938df5-6afb-d44e-582d-0b5eea40f8eb;51:88:0A:9E;0;AVIÁRIO MEIO;825,00;06/11/2025;20:33:35;20;1282-20
CO2;1282;CT-CO2-0;02938df5-6afb-d44e-582d-0b5eea40f8eb;51:88:0A:9E;0;AVIÁRIO MEIO;856,00;06/11/2025;20:39:07;20;1282-20
CO2;1282;CT-CO2-0;02938df5-6afb-d44e-582d-0b5eea40f8eb;51:88:0A:9E;0;AVIÁRIO MEIO;830,00;06/11/2025;20:45:11;20;1282-20
CO2;1282;CT-CO2-0;02938df5-6afb-d44e-582d-0b5eea40f8eb;51:88:0A:9E;0;AVIÁRIO MEIO;858,00;06/11/2025;20:49:43;20;1282-20
CO2;1282;CT-CO2-0;02938df5-6afb-d44e-582d-0b5eea40f8eb;51:88:0A:9E;0;AVIÁRIO MEIO;852,00;06/11/2025;20:55:16;20;1282-20
CO2;1282;CT-CO2-0;02938df5-6afb-d44e-582d-0b5eea40f8eb;51:88:0A:9E;0;AVIÁRIO MEIO;843,00;06/11/2025;21:00:47;20;1282-20
CO2;1282;CT-CO2-0;02938df5-6afb-d44e-582d-0b5eea40f8eb;51:88:0A:9E;0;AVIÁRIO MEIO;810,00;06/11/2025;21:06:22;20;1282-20
CO2;1282;CT-CO2-0;02938df5-6afb-d44e-582d-0b5eea40f8eb;51:88:0A:9E;0;AVIÁRIO MEIO;816,00;06/11/2025;21:11:54;20;1282-20
CO2;1282;CT-CO2-0;02938df5-6afb-d44e-582d-0b5eea40f8eb;51:88:0A:9E;0;AVIÁRIO MEIO;807,00;06/11/2025;21:16:57;20;1282-20
CO2;1282;CT-CO2-0;02938df5-6afb-d44e-582d-0b5eea40f8eb;51:88:0A:9E;0;AVIÁRIO MEIO;810,00;06/11/2025;21:22:29;20;1282-20
CO2;1282;CT-CO2-0;02938df5-6afb-d44e-582d-0b5eea40f8eb;51:88:0A:9E;0;AVIÁRIO MEIO;818,00;06/11/2025;21:28:01;20;1282-20
CO2;1282;CT-CO2-0;02938df5-6afb-d44e-582d-0b5eea40f8eb;51:88:0A:9E;0;AVIÁRIO MEIO;806,00;06/11/2025;21:33:04;20;1282-20
CO2;1282;CT-CO2-0;02938df5-6afb-d44e-582d-0b5eea40f8eb;51:88:0A:9E;0;AVIÁRIO MEIO;851,00;06/11/2025;21:38:35;20;1282-20
CO2;1282;CT-CO2-0;02938df5-6afb-d44e-582d-0b5eea40f8eb;51:88:0A:9E;0;AVIÁRIO MEIO;883,00;06/11/2025;21:44:07;20;1282-20
CO2;1282;CT-CO2-0;02938df5-6afb-d44e-582d-0b5eea40f8eb;51:88:0A:9E;0;AVIÁRIO MEIO;913,00;06/11/2025;21:49:09;20;1282-20
CO2;1282;CT-CO2-0;02938df5-6afb-d44e-582d-0b5eea40f8eb;51:88:0A:9E;0;AVIÁRIO MEIO;923,00;06/11/2025;21:55:13;20;1282-20
CO2;1282;CT-CO2-0;02938df5-6afb-d44e-582d-0b5eea40f8eb;51:88:0A:9E;0;AVIÁRIO MEIO;922,00;06/11/2025;22:00:15;20;1282-20
CO2;1282;CT-CO2-0;02938df5-6afb-d44e-582d-0b5eea40f8eb;51:88:0A:9E;0;AVIÁRIO MEIO;940,00;06/11/2025;22:05:19;20;1282-20
CO2;1282;CT-CO2-0;02938df5-6afb-d44e-582d-0b5eea40f8eb;51:88:0A:9E;0;AVIÁRIO MEIO;931,00;06/11/2025;22:16:23;20;1282-20
CO2;1282;CT-CO2-0;02938df5-6afb-d44e-582d-0b5eea40f8eb;51:88:0A:9E;0;AVIÁRIO MEIO;943,00;06/11/2025;22:21:25;20;1282-20
CO2;1282;CT-CO2-0;02938df5-6afb-d44e-582d-0b5eea40f8eb;51:88:0A:9E;0;AVIÁRIO MEIO;975,00;06/11/2025;22:26:57;20;1282-20
CO2;1282;CT-CO2-0;02938df5-6afb-d44e-582d-0b5eea40f8eb;51:88:0A:9E;0;AVIÁRIO MEIO;924,00;06/11/2025;22:32:28;20;1282-20
CO2;1282;CT-CO2-0;02938df5-6afb-d44e-582d-0b5eea40f8eb;51:88:0A:9E;0;AVIÁRIO MEIO;930,00;06/11/2025;22:37:31;20;1282-20
CO2;1282;CT-CO2-0;02938df5-6afb-d44e-582d-0b5eea40f8eb;51:88:0A:9E;0;AVIÁRIO MEIO;937,00;06/11/2025;22:43:03;20;1282-20
CO2;1282;CT-CO2-0;02938df5-6afb-d44e-582d-0b5eea40f8eb;51:88:0A:9E;0;AVIÁRIO MEIO;915,00;06/11/2025;22:48:35;20;1282-20
CO2;1282;CT-CO2-0;02938df5-6afb-d44e-582d-0b5eea40f8eb;51:88:0A:9E;0;AVIÁRIO MEIO;927,00;06/11/2025;22:54:07;20;1282-20
CO2;1282;CT-CO2-0;02938df5-6afb-d44e-582d-0b5eea40f8eb;51:88:0A:9E;0;AVIÁRIO MEIO;931,00;06/11/2025;22:59:09;20;1282-20
CO2;1282;CT-CO2-0;02938df5-6afb-d44e-582d-0b5eea40f8eb;51:88:0A:9E;0;AVIÁRIO MEIO;922,00;06/11/2025;23:05:13;20;1282-20
CO2;1282;CT-CO2-0;02938df5-6afb-d44e-582d-0b5eea40f8eb;51:88:0A:9E;0;AVIÁRIO MEIO;935,00;06/11/2025;23:10:14;20;1282-20
CO2;1282;CT-CO2-0;02938df5-6afb-d44e-582d-0b5eea40f8eb;51:88:0A:9E;0;AVIÁRIO MEIO;921,00;06/11/2025;23:15:16;20;1282-20
CO2;1282;CT-CO2-0;02938df5-6afb-d44e-582d-0b5eea40f8eb;51:88:0A:9E;0;AVIÁRIO MEIO;937,00;06/11/2025;23:20:49;20;1282-20
CO2;1282;CT-CO2-0;02938df5-6afb-d44e-582d-0b5eea40f8eb;51:88:0A:9E;0;AVIÁRIO MEIO;931,00;06/11/2025;23:26:21;20;1282-20
CO2;1282;CT-CO2-0;02938df5-6afb-d44e-582d-0b5eea40f8eb;51:88:0A:9E;0;AVIÁRIO MEIO;936,00;06/11/2025;23:31:23;20;1282-20
CO2;1282;CT-CO2-0;02938df5-6afb-d44e-582d-0b5eea40f8eb;51:88:0A:9E;0;AVIÁRIO MEIO;934,00;06/11/2025;23:36:56;20;1282-20
CO2;1282;CT-CO2-0;02938df5-6afb-d44e-582d-0b5eea40f8eb;51:88:0A:9E;0;AVIÁRIO MEIO;927,00;06/11/2025;23:42:28;20;1282-20
CO2;1282;CT-CO2-0;02938df5-6afb-d44e-582d-0b5eea40f8eb;51:88:0A:9E;0;AVIÁRIO MEIO;928,00;06/11/2025;23:47:30;20;1282-20
CO2;1282;CT-CO2-0;02938df5-6afb-d44e-582d-0b5eea40f8eb;51:88:0A:9E;0;AVIÁRIO MEIO;915,00;06/11/2025;23:53:02;20;1282-20
CO2;1282;CT-CO2-0;02938df5-6afb-d44e-582d-0b5eea40f8eb;51:88:0A:9E;0;AVIÁRIO MEIO;927,00;06/11/2025;23:58:35;20;1282-20
CO2;1282;CT-CO2-0;02938df5-6afb-d44e-582d-0b5eea40f8eb;51:88:0A:9E;0;AVIÁRIO MEIO;931,00;07/11/2025;00:03:38;20;1282-20
CO2;1282;CT-CO2-0;02938df5-6afb-d44e-582d-0b5eea40f8eb;51:88:0A:9E;0;AVIÁRIO MEIO;932,00;07/11/2025;00:09:15;20;1282-20
CO2;1282;CT-CO2-0;02938df5-6afb-d44e-582d-0b5eea40f8eb;51:88:0A:9E;0;AVIÁRIO MEIO;929,00;07/11/2025;00:19:57;20;1282-20
CO2;1282;CT-CO2-0;02938df5-6afb-d44e-582d-0b5eea40f8eb;51:88:0A:9E;0;AVIÁRIO MEIO;991,00;07/11/2025;00:30:33;20;1282-20
CO2;1282;CT-CO2-0;02938df5-6afb-d44e-582d-0b5eea40f8eb;51:88:0A:9E;0;AVIÁRIO MEIO;999,00;07/11/2025;00:36:04;20;1282-20
CO2;1282;CT-CO2-0;02938df5-6afb-d44e-582d-0b5eea40f8eb;51:88:0A:9E;0;AVIÁRIO MEIO;985,00;07/11/2025;00:41:37;20;1282-20
CO2;1282;CT-CO2-0;02938df5-6afb-d44e-582d-0b5eea40f8eb;51:88:0A:9E;0;AVIÁRIO MEIO;985,00;07/11/2025;00:47:09;20;1282-20
CO2;1282;CT-CO2-0;02938df5-6afb-d44e-582d-0b5eea40f8eb;51:88:0A:9E;0;AVIÁRIO MEIO;1.005,00;07/11/2025;00:52:12;20;1282-20
CO2;1282;CT-CO2-0;02938df5-6afb-d44e-582d-0b5eea40f8eb;51:88:0A:9E;0;AVIÁRIO MEIO;992,00;07/11/2025;00:57:44;20;1282-20
CO2;1282;CT-CO2-0;02938df5-6afb-d44e-582d-0b5eea40f8eb;51:88:0A:9E;0;AVIÁRIO MEIO;918,00;07/11/2025;01:03:16;20;1282-20
CO2;1282;CT-CO2-0;02938df5-6afb-d44e-582d-0b5eea40f8eb;51:88:0A:9E;0;AVIÁRIO MEIO;951,00;07/11/2025;01:08:19;20;1282-20
CO2;1282;CT-CO2-0;02938df5-6afb-d44e-582d-0b5eea40f8eb;51:88:0A:9E;0;AVIÁRIO MEIO;975,00;07/11/2025;01:13:51;20;1282-20
CO2;1282;CT-CO2-0;02938df5-6afb-d44e-582d-0b5eea40f8eb;51:88:0A:9E;0;AVIÁRIO MEIO;970,00;07/11/2025;01:19:23;20;1282-20
CO2;1282;CT-CO2-0;02938df5-6afb-d44e-582d-0b5eea40f8eb;51:88:0A:9E;0;AVIÁRIO MEIO;984,00;07/11/2025;01:24:55;20;1282-20
CO2;1282;CT-CO2-0;02938df5-6afb-d44e-582d-0b5eea40f8eb;51:88:0A:9E;0;AVIÁRIO MEIO;972,00;07/11/2025;01:29:57;20;1282-20
CO2;1282;CT-CO2-0;02938df5-6afb-d44e-582d-0b5eea40f8eb;51:88:0A:9E;0;AVIÁRIO MEIO;975,00;07/11/2025;01:35:30;20;1282-20
CO2;1282;CT-CO2-0;02938df5-6afb-d44e-582d-0b5eea40f8eb;51:88:0A:9E;0;AVIÁRIO MEIO;962,00;07/11/2025;01:40:32;20;1282-20
CO2;1282;CT-CO2-0;02938df5-6afb-d44e-582d-0b5eea40f8eb;51:88:0A:9E;0;AVIÁRIO MEIO;957,00;07/11/2025;01:46:04;20;1282-20
CO2;1282;CT-CO2-0;02938df5-6afb-d44e-582d-0b5eea40f8eb;51:88:0A:9E;0;AVIÁRIO MEIO;988,00;07/11/2025;01:51:36;20;1282-20
CO2;1282;CT-CO2-0;02938df5-6afb-d44e-582d-0b5eea40f8eb;51:88:0A:9E;0;AVIÁRIO MEIO;988,00;07/11/2025;01:56:38;20;1282-20
CO2;1282;CT-CO2-0;02938df5-6afb-d44e-582d-0b5eea40f8eb;51:88:0A:9E;0;AVIÁRIO MEIO;983,00;07/11/2025;02:02:10;20;1282-20
CO2;1282;CT-CO2-0;02938df5-6afb-d44e-582d-0b5eea40f8eb;51:88:0A:9E;0;AVIÁRIO MEIO;1.070,00;07/11/2025;02:07:42;20;1282-20
CO2;1282;CT-CO2-0;02938df5-6afb-d44e-582d-0b5eea40f8eb;51:88:0A:9E;0;AVIÁRIO MEIO;977,00;07/11/2025;02:13:14;20;1282-20
CO2;1282;CT-CO2-0;02938df5-6afb-d44e-582d-0b5eea40f8eb;51:88:0A:9E;0;AVIÁRIO MEIO;977,00;07/11/2025;02:18:16;20;1282-20
CO2;1282;CT-CO2-0;02938df5-6afb-d44e-582d-0b5eea40f8eb;51:88:0A:9E;0;AVIÁRIO MEIO;966,00;07/11/2025;02:23:48;20;1282-20
CO2;1282;CT-CO2-0;02938df5-6afb-d44e-582d-0b5eea40f8eb;51:88:0A:9E;0;AVIÁRIO MEIO;964,00;07/11/2025;02:29:20;20;1282-20
CO2;1282;CT-CO2-0;02938df5-6afb-d44e-582d-0b5eea40f8eb;51:88:0A:9E;0;AVIÁRIO MEIO;946,00;07/11/2025;02:34:53;20;1282-20
CO2;1282;CT-CO2-0;02938df5-6afb-d44e-582d-0b5eea40f8eb;51:88:0A:9E;0;AVIÁRIO MEIO;955,00;07/11/2025;02:39:55;20;1282-20
CO2;1282;CT-CO2-0;02938df5-6afb-d44e-582d-0b5eea40f8eb;51:88:0A:9E;0;AVIÁRIO MEIO;972,00;07/11/2025;02:45:28;20;1282-20
CO2;1282;CT-CO2-0;02938df5-6afb-d44e-582d-0b5eea40f8eb;51:88:0A:9E;0;AVIÁRIO MEIO;956,00;07/11/2025;02:50:30;20;1282-20
CO2;1282;CT-CO2-0;02938df5-6afb-d44e-582d-0b5eea40f8eb;51:88:0A:9E;0;AVIÁRIO MEIO;953,00;07/11/2025;02:56:02;20;1282-20
CO2;1282;CT-CO2-0;02938df5-6afb-d44e-582d-0b5eea40f8eb;51:88:0A:9E;0;AVIÁRIO MEIO;955,00;07/11/2025;03:01:34;20;1282-20
CO2;1282;CT-CO2-0;02938df5-6afb-d44e-582d-0b5eea40f8eb;51:88:0A:9E;0;AVIÁRIO MEIO;953,00;07/11/2025;03:06:37;20;1282-20
CO2;1282;CT-CO2-0;02938df5-6afb-d44e-582d-0b5eea40f8eb;51:88:0A:9E;0;AVIÁRIO MEIO;956,00;07/11/2025;03:12:09;20;1282-20
CO2;1282;CT-CO2-0;02938df5-6afb-d44e-582d-0b5eea40f8eb;51:88:0A:9E;0;AVIÁRIO MEIO;945,00;07/11/2025;03:17:41;20;1282-20
CO2;1282;CT-CO2-0;02938df5-6afb-d44e-582d-0b5eea40f8eb;51:88:0A:9E;0;AVIÁRIO MEIO;927,00;07/11/2025;03:22:43;20;1282-20
CO2;1282;CT-CO2-0;02938df5-6afb-d44e-582d-0b5eea40f8eb;51:88:0A:9E;0;AVIÁRIO MEIO;952,00;07/11/2025;03:28:14;20;1282-20
CO2;1282;CT-CO2-0;02938df5-6afb-d44e-582d-0b5eea40f8eb;51:88:0A:9E;0;AVIÁRIO MEIO;945,00;07/11/2025;03:33:46;20;1282-20
CO2;1282;CT-CO2-0;02938df5-6afb-d44e-582d-0b5eea40f8eb;51:88:0A:9E;0;AVIÁRIO MEIO;924,00;07/11/2025;03:38:49;20;1282-20
CO2;1282;CT-CO2-0;02938df5-6afb-d44e-582d-0b5eea40f8eb;51:88:0A:9E;0;AVIÁRIO MEIO;934,00;07/11/2025;03:44:52;20;1282-20
CO2;1282;CT-CO2-0;02938df5-6afb-d44e-582d-0b5eea40f8eb;51:88:0A:9E;0;AVIÁRIO MEIO;926,00;07/11/2025;03:49:54;20;1282-20
CO2;1282;CT-CO2-0;02938df5-6afb-d44e-582d-0b5eea40f8eb;51:88:0A:9E;0;AVIÁRIO MEIO;927,00;07/11/2025;04:00:29;20;1282-20
CO2;1282;CT-CO2-0;02938df5-6afb-d44e-582d-0b5eea40f8eb;51:88:0A:9E;0;AVIÁRIO MEIO;925,00;07/11/2025;04:06:00;20;1282-20
CO2;1282;CT-CO2-0;02938df5-6afb-d44e-582d-0b5eea40f8eb;51:88:0A:9E;0;AVIÁRIO MEIO;929,00;07/11/2025;04:11:32;20;1282-20
CO2;1282;CT-CO2-0;02938df5-6afb-d44e-582d-0b5eea40f8eb;51:88:0A:9E;0;AVIÁRIO MEIO;920,00;07/11/2025;04:16:34;20;1282-20
CO2;1282;CT-CO2-0;02938df5-6afb-d44e-582d-0b5eea40f8eb;51:88:0A:9E;0;AVIÁRIO MEIO;920,00;07/11/2025;04:22:06;20;1282-20
CO2;1282;CT-CO2-0;02938df5-6afb-d44e-582d-0b5eea40f8eb;51:88:0A:9E;0;AVIÁRIO MEIO;908,00;07/11/2025;04:27:38;20;1282-20
CO2;1282;CT-CO2-0;02938df5-6afb-d44e-582d-0b5eea40f8eb;51:88:0A:9E;0;AVIÁRIO MEIO;924,00;07/11/2025;04:32:40;20;1282-20
CO2;1282;CT-CO2-0;02938df5-6afb-d44e-582d-0b5eea40f8eb;51:88:0A:9E;0;AVIÁRIO MEIO;900,00;07/11/2025;04:38:12;20;1282-20
CO2;1282;CT-CO2-0;02938df5-6afb-d44e-582d-0b5eea40f8eb;51:88:0A:9E;0;AVIÁRIO MEIO;923,00;07/11/2025;04:43:45;20;1282-20
CO2;1282;CT-CO2-0;02938df5-6afb-d44e-582d-0b5eea40f8eb;51:88:0A:9E;0;AVIÁRIO MEIO;924,00;07/11/2025;04:48:48;20;1282-20
CO2;1282;CT-CO2-0;02938df5-6afb-d44e-582d-0b5eea40f8eb;51:88:0A:9E;0;AVIÁRIO MEIO;900,00;07/11/2025;04:54:51;20;1282-20
CO2;1282;CT-CO2-0;02938df5-6afb-d44e-582d-0b5eea40f8eb;51:88:0A:9E;0;AVIÁRIO MEIO;894,00;07/11/2025;04:59:54;20;1282-20
CO2;1282;CT-CO2-0;02938df5-6afb-d44e-582d-0b5eea40f8eb;51:88:0A:9E;0;AVIÁRIO MEIO;901,00;07/11/2025;05:04:56;20;1282-20
CO2;1282;CT-CO2-0;02938df5-6afb-d44e-582d-0b5eea40f8eb;51:88:0A:9E;0;AVIÁRIO MEIO;901,00;07/11/2025;05:10:28;20;1282-20
CO2;1282;CT-CO2-0;02938df5-6afb-d44e-582d-0b5eea40f8eb;51:88:0A:9E;0;AVIÁRIO MEIO;912,00;07/11/2025;05:16:01;20;1282-20
CO2;1282;CT-CO2-0;02938df5-6afb-d44e-582d-0b5eea40f8eb;51:88:0A:9E;0;AVIÁRIO MEIO;887,00;07/11/2025;05:21:33;20;1282-20
CO2;1282;CT-CO2-0;02938df5-6afb-d44e-582d-0b5eea40f8eb;51:88:0A:9E;0;AVIÁRIO MEIO;880,00;07/11/2025;05:26:35;20;1282-20
CO2;1282;CT-CO2-0;02938df5-6afb-d44e-582d-0b5eea40f8eb;51:88:0A:9E;0;AVIÁRIO MEIO;891,00;07/11/2025;05:32:06;20;1282-20
CO2;1282;CT-CO2-0;02938df5-6afb-d44e-582d-0b5eea40f8eb;51:88:0A:9E;0;AVIÁRIO MEIO;887,00;07/11/2025;05:37:38;20;1282-20
CO2;1282;CT-CO2-0;02938df5-6afb-d44e-582d-0b5eea40f8eb;51:88:0A:9E;0;AVIÁRIO MEIO;888,00;07/11/2025;05:42:40;20;1282-20
CO2;1282;CT-CO2-0;02938df5-6afb-d44e-582d-0b5eea40f8eb;51:88:0A:9E;0;AVIÁRIO MEIO;934,00;07/11/2025;05:48:11;20;1282-20
CO2;1282;CT-CO2-0;02938df5-6afb-d44e-582d-0b5eea40f8eb;51:88:0A:9E;0;AVIÁRIO MEIO;901,00;07/11/2025;05:53:46;20;1282-20
CO2;1282;CT-CO2-0;02938df5-6afb-d44e-582d-0b5eea40f8eb;51:88:0A:9E;0;AVIÁRIO MEIO;891,00;07/11/2025;05:58:48;20;1282-20
CO2;1282;CT-CO2-0;02938df5-6afb-d44e-582d-0b5eea40f8eb;51:88:0A:9E;0;AVIÁRIO MEIO;902,00;07/11/2025;06:04:51;20;1282-20
CO2;1282;CT-CO2-0;02938df5-6afb-d44e-582d-0b5eea40f8eb;51:88:0A:9E;0;AVIÁRIO MEIO;891,00;07/11/2025;06:09:53;20;1282-20
CO2;1282;CT-CO2-0;02938df5-6afb-d44e-582d-0b5eea40f8eb;51:88:0A:9E;0;AVIÁRIO MEIO;922,00;07/11/2025;06:14:55;20;1282-20
CO2;1282;CT-CO2-0;02938df5-6afb-d44e-582d-0b5eea40f8eb;51:88:0A:9E;0;AVIÁRIO MEIO;932,00;07/11/2025;06:26:00;20;1282-20
CO2;1282;CT-CO2-0;02938df5-6afb-d44e-582d-0b5eea40f8eb;51:88:0A:9E;0;AVIÁRIO MEIO;952,00;07/11/2025;06:31:01;20;1282-20
CO2;1282;CT-CO2-0;02938df5-6afb-d44e-582d-0b5eea40f8eb;51:88:0A:9E;0;AVIÁRIO MEIO;970,00;07/11/2025;06:36:33;20;1282-20
CO2;1282;CT-CO2-0;02938df5-6afb-d44e-582d-0b5eea40f8eb;51:88:0A:9E;0;AVIÁRIO MEIO;970,00;07/11/2025;06:42:05;20;1282-20
CO2;1282;CT-CO2-0;02938df5-6afb-d44e-582d-0b5eea40f8eb;51:88:0A:9E;0;AVIÁRIO MEIO;978,00;07/11/2025;06:47:37;20;1282-20
CO2;1282;CT-CO2-0;02938df5-6afb-d44e-582d-0b5eea40f8eb;51:88:0A:9E;0;AVIÁRIO MEIO;974,00;07/11/2025;06:52:39;20;1282-20
CO2;1282;CT-CO2-0;02938df5-6afb-d44e-582d-0b5eea40f8eb;51:88:0A:9E;0;AVIÁRIO MEIO;971,00;07/11/2025;06:58:11;20;1282-20
CO2;1282;CT-CO2-0;02938df5-6afb-d44e-582d-0b5eea40f8eb;51:88:0A:9E;0;AVIÁRIO MEIO;1.008,00;07/11/2025;07:03:44;20;1282-20
CO2;1282;CT-CO2-0;02938df5-6afb-d44e-582d-0b5eea40f8eb;51:88:0A:9E;0;AVIÁRIO MEIO;1.019,00;07/11/2025;07:08:47;20;1282-20
CO2;1282;CT-CO2-0;02938df5-6afb-d44e-582d-0b5eea40f8eb;51:88:0A:9E;0;AVIÁRIO MEIO;979,00;07/11/2025;07:14:50;20;1282-20
CO2;1282;CT-CO2-0;02938df5-6afb-d44e-582d-0b5eea40f8eb;51:88:0A:9E;0;AVIÁRIO MEIO;1.019,00;07/11/2025;07:19:51;20;1282-20
CO2;1282;CT-CO2-0;02938df5-6afb-d44e-582d-0b5eea40f8eb;51:88:0A:9E;0;AVIÁRIO MEIO;1.004,00;07/11/2025;07:24:53;20;1282-20
CO2;1282;CT-CO2-0;02938df5-6afb-d44e-582d-0b5eea40f8eb;51:88:0A:9E;0;AVIÁRIO MEIO;880,00;07/11/2025;07:35:59;20;1282-20
CO2;1282;CT-CO2-0;02938df5-6afb-d44e-582d-0b5eea40f8eb;51:88:0A:9E;0;AVIÁRIO MEIO;923,00;07/11/2025;07:41:01;20;1282-20
CO2;1282;CT-CO2-0;02938df5-6afb-d44e-582d-0b5eea40f8eb;51:88:0A:9E;0;AVIÁRIO MEIO;975,00;07/11/2025;07:46:34;20;1282-20
CO2;1282;CT-CO2-0;02938df5-6afb-d44e-582d-0b5eea40f8eb;51:88:0A:9E;0;AVIÁRIO MEIO;993,00;07/11/2025;07:52:06;20;1282-20
CO2;1282;CT-CO2-0;02938df5-6afb-d44e-582d-0b5eea40f8eb;51:88:0A:9E;0;AVIÁRIO MEIO;967,00;07/11/2025;07:57:38;20;1282-20
CO2;1282;CT-CO2-0;02938df5-6afb-d44e-582d-0b5eea40f8eb;51:88:0A:9E;0;AVIÁRIO MEIO;876,00;07/11/2025;08:02:41;20;1282-20
CO2;1282;CT-CO2-0;02938df5-6afb-d44e-582d-0b5eea40f8eb;51:88:0A:9E;0;AVIÁRIO MEIO;856,00;07/11/2025;08:08:13;20;1282-20
CO2;1282;CT-CO2-0;02938df5-6afb-d44e-582d-0b5eea40f8eb;51:88:0A:9E;0;AVIÁRIO MEIO;841,00;07/11/2025;08:13:45;20;1282-20
CO2;1282;CT-CO2-0;02938df5-6afb-d44e-582d-0b5eea40f8eb;51:88:0A:9E;0;AVIÁRIO MEIO;834,00;07/11/2025;08:18:46;20;1282-20
CO2;1282;CT-CO2-0;02938df5-6afb-d44e-582d-0b5eea40f8eb;51:88:0A:9E;0;AVIÁRIO MEIO;839,00;07/11/2025;08:24:50;20;1282-20
CO2;1282;CT-CO2-0;02938df5-6afb-d44e-582d-0b5eea40f8eb;51:88:0A:9E;0;AVIÁRIO MEIO;848,00;07/11/2025;08:29:51;20;1282-20
CO2;1282;CT-CO2-0;02938df5-6afb-d44e-582d-0b5eea40f8eb;51:88:0A:9E;0;AVIÁRIO MEIO;844,00;07/11/2025;08:34:53;20;1282-20
CO2;1282;CT-CO2-0;02938df5-6afb-d44e-582d-0b5eea40f8eb;51:88:0A:9E;0;AVIÁRIO MEIO;859,00;07/11/2025;08:45:57;20;1282-20
CO2;1282;CT-CO2-0;02938df5-6afb-d44e-582d-0b5eea40f8eb;51:88:0A:9E;0;AVIÁRIO MEIO;863,00;07/11/2025;08:50:59;20;1282-20
CO2;1282;CT-CO2-0;02938df5-6afb-d44e-582d-0b5eea40f8eb;51:88:0A:9E;0;AVIÁRIO MEIO;857,00;07/11/2025;08:56:32;20;1282-20
CO2;1282;CT-CO2-0;02938df5-6afb-d44e-582d-0b5eea40f8eb;51:88:0A:9E;0;AVIÁRIO MEIO;862,00;07/11/2025;09:02:04;20;1282-20
CO2;1282;CT-CO2-0;02938df5-6afb-d44e-582d-0b5eea40f8eb;51:88:0A:9E;0;AVIÁRIO MEIO;729,00;07/11/2025;09:07:36;20;1282-20
CO2;1282;CT-CO2-0;02938df5-6afb-d44e-582d-0b5eea40f8eb;51:88:0A:9E;0;AVIÁRIO MEIO;723,00;07/11/2025;09:12:38;20;1282-20
CO2;1282;CT-CO2-0;02938df5-6afb-d44e-582d-0b5eea40f8eb;51:88:0A:9E;0;AVIÁRIO MEIO;701,00;07/11/2025;09:18:10;20;1282-20
CO2;1282;CT-CO2-0;02938df5-6afb-d44e-582d-0b5eea40f8eb;51:88:0A:9E;0;AVIÁRIO MEIO;753,00;07/11/2025;09:23:42;20;1282-20
CO2;1282;CT-CO2-0;02938df5-6afb-d44e-582d-0b5eea40f8eb;51:88:0A:9E;0;AVIÁRIO MEIO;741,00;07/11/2025;09:28:45;20;1282-20
CO2;1282;CT-CO2-0;02938df5-6afb-d44e-582d-0b5eea40f8eb;51:88:0A:9E;0;AVIÁRIO MEIO;733,00;07/11/2025;09:34:53;20;1282-20
CO2;1282;CT-CO2-0;02938df5-6afb-d44e-582d-0b5eea40f8eb;51:88:0A:9E;0;AVIÁRIO MEIO;743,00;07/11/2025;09:39:26;20;1282-20
CO2;1282;CT-CO2-0;02938df5-6afb-d44e-582d-0b5eea40f8eb;51:88:0A:9E;0;AVIÁRIO MEIO;710,00;07/11/2025;09:44:57;20;1282-20
CO2;1282;CT-CO2-0;02938df5-6afb-d44e-582d-0b5eea40f8eb;51:88:0A:9E;0;AVIÁRIO MEIO;714,00;07/11/2025;09:56:02;20;1282-20
CO2;1282;CT-CO2-0;02938df5-6afb-d44e-582d-0b5eea40f8eb;51:88:0A:9E;0;AVIÁRIO MEIO;740,00;07/11/2025;10:01:04;20;1282-20
CO2;1282;CT-CO2-0;02938df5-6afb-d44e-582d-0b5eea40f8eb;51:88:0A:9E;0;AVIÁRIO MEIO;731,00;07/11/2025;10:06:36;20;1282-20
CO2;1282;CT-CO2-0;02938df5-6afb-d44e-582d-0b5eea40f8eb;51:88:0A:9E;0;AVIÁRIO MEIO;684,00;07/11/2025;10:12:08;20;1282-20
CO2;1282;CT-CO2-0;02938df5-6afb-d44e-582d-0b5eea40f8eb;51:88:0A:9E;0;AVIÁRIO MEIO;699,00;07/11/2025;10:17:10;20;1282-20
CO2;1282;CT-CO2-0;02938df5-6afb-d44e-582d-0b5eea40f8eb;51:88:0A:9E;0;AVIÁRIO MEIO;694,00;07/11/2025;10:22:48;20;1282-20
CO2;1282;CT-CO2-0;02938df5-6afb-d44e-582d-0b5eea40f8eb;51:88:0A:9E;0;AVIÁRIO MEIO;710,00;07/11/2025;10:28:21;20;1282-20
CO2;1282;CT-CO2-0;02938df5-6afb-d44e-582d-0b5eea40f8eb;51:88:0A:9E;0;AVIÁRIO MEIO;675,00;07/11/2025;10:33:23;20;1282-20
CO2;1282;CT-CO2-0;02938df5-6afb-d44e-582d-0b5eea40f8eb;51:88:0A:9E;0;AVIÁRIO MEIO;617,00;07/11/2025;10:38:55;20;1282-20
CO2;1282;CT-CO2-0;02938df5-6afb-d44e-582d-0b5eea40f8eb;51:88:0A:9E;0;AVIÁRIO MEIO;679,00;07/11/2025;10:44:58;20;1282-20
CO2;1282;CT-CO2-0;02938df5-6afb-d44e-582d-0b5eea40f8eb;51:88:0A:9E;0;AVIÁRIO MEIO;685,00;07/11/2025;10:49:30;20;1282-20
CO2;1282;CT-CO2-0;02938df5-6afb-d44e-582d-0b5eea40f8eb;51:88:0A:9E;0;AVIÁRIO MEIO;675,00;07/11/2025;10:55:02;20;1282-20
CO2;1282;CT-CO2-0;02938df5-6afb-d44e-582d-0b5eea40f8eb;51:88:0A:9E;0;AVIÁRIO MEIO;693,00;07/11/2025;11:00:34;20;1282-20
CO2;1282;CT-CO2-0;02938df5-6afb-d44e-582d-0b5eea40f8eb;51:88:0A:9E;0;AVIÁRIO MEIO;611,00;07/11/2025;11:11:09;20;1282-20
CO2;1282;CT-CO2-0;02938df5-6afb-d44e-582d-0b5eea40f8eb;51:88:0A:9E;0;AVIÁRIO MEIO;638,00;07/11/2025;11:16:42;20;1282-20
CO2;1282;CT-CO2-0;02938df5-6afb-d44e-582d-0b5eea40f8eb;51:88:0A:9E;0;AVIÁRIO MEIO;657,00;07/11/2025;11:21:45;20;1282-20
CO2;1282;CT-CO2-0;02938df5-6afb-d44e-582d-0b5eea40f8eb;51:88:0A:9E;0;AVIÁRIO MEIO;614,00;07/11/2025;11:27:17;20;1282-20
CO2;1282;CT-CO2-0;02938df5-6afb-d44e-582d-0b5eea40f8eb;51:88:0A:9E;0;AVIÁRIO MEIO;607,00;07/11/2025;11:32:50;20;1282-20
CO2;1282;CT-CO2-0;02938df5-6afb-d44e-582d-0b5eea40f8eb;51:88:0A:9E;0;AVIÁRIO MEIO;601,00;07/11/2025;11:37:52;20;1282-20
CO2;1282;CT-CO2-0;02938df5-6afb-d44e-582d-0b5eea40f8eb;51:88:0A:9E;0;AVIÁRIO MEIO;613,00;07/11/2025;11:43:24;20;1282-20
CO2;1282;CT-CO2-0;02938df5-6afb-d44e-582d-0b5eea40f8eb;51:88:0A:9E;0;AVIÁRIO MEIO;600,00;07/11/2025;11:48:56;20;1282-20
CO2;1282;CT-CO2-0;02938df5-6afb-d44e-582d-0b5eea40f8eb;51:88:0A:9E;0;AVIÁRIO MEIO;621,00;07/11/2025;11:54:29;20;1282-20
CO2;1282;CT-CO2-0;02938df5-6afb-d44e-582d-0b5eea40f8eb;51:88:0A:9E;0;AVIÁRIO MEIO;629,00;07/11/2025;11:59:31;20;1282-20
CO2;1282;CT-CO2-0;02938df5-6afb-d44e-582d-0b5eea40f8eb;51:88:0A:9E;0;AVIÁRIO MEIO;628,00;07/11/2025;12:05:03;20;1282-20
CO2;1282;CT-CO2-0;02938df5-6afb-d44e-582d-0b5eea40f8eb;51:88:0A:9E;0;AVIÁRIO MEIO;616,00;07/11/2025;12:10:06;20;1282-20
CO2;1282;CT-CO2-0;02938df5-6afb-d44e-582d-0b5eea40f8eb;51:88:0A:9E;0;AVIÁRIO MEIO;613,00;07/11/2025;12:15:38;20;1282-20
CO2;1282;CT-CO2-0;02938df5-6afb-d44e-582d-0b5eea40f8eb;51:88:0A:9E;0;AVIÁRIO MEIO;590,00;07/11/2025;12:21:12;20;1282-20
CO2;1282;CT-CO2-0;02938df5-6afb-d44e-582d-0b5eea40f8eb;51:88:0A:9E;0;AVIÁRIO MEIO;594,00;07/11/2025;12:26:14;20;1282-20
CO2;1282;CT-CO2-0;02938df5-6afb-d44e-582d-0b5eea40f8eb;51:88:0A:9E;0;AVIÁRIO MEIO;589,00;07/11/2025;12:31:46;20;1282-20
CO2;1282;CT-CO2-0;02938df5-6afb-d44e-582d-0b5eea40f8eb;51:88:0A:9E;0;AVIÁRIO MEIO;600,00;07/11/2025;12:37:19;20;1282-20
CO2;1282;CT-CO2-0;02938df5-6afb-d44e-582d-0b5eea40f8eb;51:88:0A:9E;0;AVIÁRIO MEIO;596,00;07/11/2025;12:42:52;20;1282-20
CO2;1282;CT-CO2-0;02938df5-6afb-d44e-582d-0b5eea40f8eb;51:88:0A:9E;0;AVIÁRIO MEIO;586,00;07/11/2025;12:47:55;20;1282-20
CO2;1282;CT-CO2-0;02938df5-6afb-d44e-582d-0b5eea40f8eb;51:88:0A:9E;0;AVIÁRIO MEIO;588,00;07/11/2025;12:53:29;20;1282-20
CO2;1282;CT-CO2-0;02938df5-6afb-d44e-582d-0b5eea40f8eb;51:88:0A:9E;0;AVIÁRIO MEIO;581,00;07/11/2025;12:58:31;20;1282-20
CO2;1282;CT-CO2-0;02938df5-6afb-d44e-582d-0b5eea40f8eb;51:88:0A:9E;0;AVIÁRIO MEIO;597,00;07/11/2025;13:04:35;20;1282-20
CO2;1282;CT-CO2-0;02938df5-6afb-d44e-582d-0b5eea40f8eb;51:88:0A:9E;0;AVIÁRIO MEIO;597,00;07/11/2025;13:09:36;20;1282-20
CO2;1282;CT-CO2-0;02938df5-6afb-d44e-582d-0b5eea40f8eb;51:88:0A:9E;0;AVIÁRIO MEIO;616,00;07/11/2025;13:15:08;20;1282-20
CO2;1282;CT-CO2-0;02938df5-6afb-d44e-582d-0b5eea40f8eb;51:88:0A:9E;0;AVIÁRIO MEIO;621,00;07/11/2025;13:20:13;20;1282-20
CO2;1282;CT-CO2-0;02938df5-6afb-d44e-582d-0b5eea40f8eb;51:88:0A:9E;0;AVIÁRIO MEIO;611,00;07/11/2025;13:25:46;20;1282-20
CO2;1282;CT-CO2-0;02938df5-6afb-d44e-582d-0b5eea40f8eb;51:88:0A:9E;0;AVIÁRIO MEIO;608,00;07/11/2025;13:30:48;20;1282-20
CO2;1282;CT-CO2-0;02938df5-6afb-d44e-582d-0b5eea40f8eb;51:88:0A:9E;0;AVIÁRIO MEIO;627,00;07/11/2025;13:36:20;20;1282-20
CO2;1282;CT-CO2-0;02938df5-6afb-d44e-582d-0b5eea40f8eb;51:88:0A:9E;0;AVIÁRIO MEIO;623,00;07/11/2025;13:41:52;20;1282-20
CO2;1282;CT-CO2-0;02938df5-6afb-d44e-582d-0b5eea40f8eb;51:88:0A:9E;0;AVIÁRIO MEIO;637,00;07/11/2025;13:47:24;20;1282-20
CO2;1282;CT-CO2-0;02938df5-6afb-d44e-582d-0b5eea40f8eb;51:88:0A:9E;0;AVIÁRIO MEIO;642,00;07/11/2025;13:52:26;20;1282-20
CO2;1282;CT-CO2-0;02938df5-6afb-d44e-582d-0b5eea40f8eb;51:88:0A:9E;0;AVIÁRIO MEIO;630,00;07/11/2025;13:57:59;20;1282-20
CO2;1282;CT-CO2-0;02938df5-6afb-d44e-582d-0b5eea40f8eb;51:88:0A:9E;0;AVIÁRIO MEIO;616,00;07/11/2025;14:03:31;20;1282-20
CO2;1282;CT-CO2-0;02938df5-6afb-d44e-582d-0b5eea40f8eb;51:88:0A:9E;0;AVIÁRIO MEIO;611,00;07/11/2025;14:08:33;20;1282-20
CO2;1282;CT-CO2-0;02938df5-6afb-d44e-582d-0b5eea40f8eb;51:88:0A:9E;0;AVIÁRIO MEIO;621,00;07/11/2025;14:14:35;20;1282-20
CO2;1282;CT-CO2-0;02938df5-6afb-d44e-582d-0b5eea40f8eb;51:88:0A:9E;0;AVIÁRIO MEIO;638,00;07/11/2025;14:19:37;20;1282-20
CO2;1282;CT-CO2-0;02938df5-6afb-d44e-582d-0b5eea40f8eb;51:88:0A:9E;0;AVIÁRIO MEIO;623,00;07/11/2025;14:24:40;20;1282-20
CO2;1282;CT-CO2-0;02938df5-6afb-d44e-582d-0b5eea40f8eb;51:88:0A:9E;0;AVIÁRIO MEIO;627,00;07/11/2025;14:30:12;20;1282-20
CO2;1282;CT-CO2-0;02938df5-6afb-d44e-582d-0b5eea40f8eb;51:88:0A:9E;0;AVIÁRIO MEIO;630,00;07/11/2025;14:35:44;20;1282-20
CO2;1282;CT-CO2-0;02938df5-6afb-d44e-582d-0b5eea40f8eb;51:88:0A:9E;0;AVIÁRIO MEIO;638,00;07/11/2025;14:41:16;20;1282-20
CO2;1282;CT-CO2-0;02938df5-6afb-d44e-582d-0b5eea40f8eb;51:88:0A:9E;0;AVIÁRIO MEIO;614,00;07/11/2025;14:46:18;20;1282-20
CO2;1282;CT-CO2-0;02938df5-6afb-d44e-582d-0b5eea40f8eb;51:88:0A:9E;0;AVIÁRIO MEIO;617,00;07/11/2025;14:51:50;20;1282-20
CO2;1282;CT-CO2-0;02938df5-6afb-d44e-582d-0b5eea40f8eb;51:88:0A:9E;0;AVIÁRIO MEIO;619,00;07/11/2025;14:57:22;20;1282-20
CO2;1282;CT-CO2-0;02938df5-6afb-d44e-582d-0b5eea40f8eb;51:88:0A:9E;0;AVIÁRIO MEIO;599,00;07/11/2025;15:02:24;20;1282-20
CO2;1282;CT-CO2-0;02938df5-6afb-d44e-582d-0b5eea40f8eb;51:88:0A:9E;0;AVIÁRIO MEIO;604,00;07/11/2025;15:07:57;20;1282-20
CO2;1282;CT-CO2-0;02938df5-6afb-d44e-582d-0b5eea40f8eb;51:88:0A:9E;0;AVIÁRIO MEIO;607,00;07/11/2025;15:13:29;20;1282-20
CO2;1282;CT-CO2-0;02938df5-6afb-d44e-582d-0b5eea40f8eb;51:88:0A:9E;0;AVIÁRIO MEIO;610,00;07/11/2025;15:19:01;20;1282-20
CO2;1282;CT-CO2-0;02938df5-6afb-d44e-582d-0b5eea40f8eb;51:88:0A:9E;0;AVIÁRIO MEIO;640,00;07/11/2025;15:24:39;20;1282-20
CO2;1282;CT-CO2-0;02938df5-6afb-d44e-582d-0b5eea40f8eb;51:88:0A:9E;0;AVIÁRIO MEIO;614,00;07/11/2025;15:29:41;20;1282-20
CO2;1282;CT-CO2-0;02938df5-6afb-d44e-582d-0b5eea40f8eb;51:88:0A:9E;0;AVIÁRIO MEIO;616,00;07/11/2025;15:35:13;20;1282-20
CO2;1282;CT-CO2-0;02938df5-6afb-d44e-582d-0b5eea40f8eb;51:88:0A:9E;0;AVIÁRIO MEIO;627,00;07/11/2025;15:40:16;20;1282-20
CO2;1282;CT-CO2-0;02938df5-6afb-d44e-582d-0b5eea40f8eb;51:88:0A:9E;0;AVIÁRIO MEIO;608,00;07/11/2025;15:45:48;20;1282-20
CO2;1282;CT-CO2-0;02938df5-6afb-d44e-582d-0b5eea40f8eb;51:88:0A:9E;0;AVIÁRIO MEIO;629,00;07/11/2025;15:51:20;20;1282-20
CO2;1282;CT-CO2-0;02938df5-6afb-d44e-582d-0b5eea40f8eb;51:88:0A:9E;0;AVIÁRIO MEIO;628,00;07/11/2025;15:56:22;20;1282-20
CO2;1282;CT-CO2-0;02938df5-6afb-d44e-582d-0b5eea40f8eb;51:88:0A:9E;0;AVIÁRIO MEIO;657,00;07/11/2025;16:01:54;20;1282-20
CO2;1282;CT-CO2-0;02938df5-6afb-d44e-582d-0b5eea40f8eb;51:88:0A:9E;0;AVIÁRIO MEIO;621,00;07/11/2025;16:12:30;20;1282-20
CO2;1282;CT-CO2-0;02938df5-6afb-d44e-582d-0b5eea40f8eb;51:88:0A:9E;0;AVIÁRIO MEIO;627,00;07/11/2025;16:18:02;20;1282-20
CO2;1282;CT-CO2-0;02938df5-6afb-d44e-582d-0b5eea40f8eb;51:88:0A:9E;0;AVIÁRIO MEIO;703,00;07/11/2025;16:23:34;20;1282-20
CO2;1282;CT-CO2-0;02938df5-6afb-d44e-582d-0b5eea40f8eb;51:88:0A:9E;0;AVIÁRIO MEIO;615,00;07/11/2025;16:28:36;20;1282-20
CO2;1282;CT-CO2-0;02938df5-6afb-d44e-582d-0b5eea40f8eb;51:88:0A:9E;0;AVIÁRIO MEIO;608,00;07/11/2025;16:34:41;20;1282-20
CO2;1282;CT-CO2-0;02938df5-6afb-d44e-582d-0b5eea40f8eb;51:88:0A:9E;0;AVIÁRIO MEIO;619,00;07/11/2025;16:39:42;20;1282-20
CO2;1282;CT-CO2-0;02938df5-6afb-d44e-582d-0b5eea40f8eb;51:88:0A:9E;0;AVIÁRIO MEIO;617,00;07/11/2025;16:44:44;20;1282-20
CO2;1282;CT-CO2-0;02938df5-6afb-d44e-582d-0b5eea40f8eb;51:88:0A:9E;0;AVIÁRIO MEIO;611,00;07/11/2025;16:50:17;20;1282-20
CO2;1282;CT-CO2-0;02938df5-6afb-d44e-582d-0b5eea40f8eb;51:88:0A:9E;0;AVIÁRIO MEIO;613,00;07/11/2025;16:55:49;20;1282-20
CO2;1282;CT-CO2-0;02938df5-6afb-d44e-582d-0b5eea40f8eb;51:88:0A:9E;0;AVIÁRIO MEIO;616,00;07/11/2025;17:00:51;20;1282-20
CO2;1282;CT-CO2-0;02938df5-6afb-d44e-582d-0b5eea40f8eb;51:88:0A:9E;0;AVIÁRIO MEIO;623,00;07/11/2025;17:06:23;20;1282-20
CO2;1282;CT-CO2-0;02938df5-6afb-d44e-582d-0b5eea40f8eb;51:88:0A:9E;0;AVIÁRIO MEIO;622,00;07/11/2025;17:11:55;20;1282-20
CO2;1282;CT-CO2-0;02938df5-6afb-d44e-582d-0b5eea40f8eb;51:88:0A:9E;0;AVIÁRIO MEIO;626,00;07/11/2025;17:16:57;20;1282-20
CO2;1282;CT-CO2-0;02938df5-6afb-d44e-582d-0b5eea40f8eb;51:88:0A:9E;0;AVIÁRIO MEIO;613,00;07/11/2025;17:22:29;20;1282-20
CO2;1282;CT-CO2-0;02938df5-6afb-d44e-582d-0b5eea40f8eb;51:88:0A:9E;0;AVIÁRIO MEIO;627,00;07/11/2025;17:28:00;20;1282-20
CO2;1282;CT-CO2-0;02938df5-6afb-d44e-582d-0b5eea40f8eb;51:88:0A:9E;0;AVIÁRIO MEIO;674,00;07/11/2025;17:33:02;20;1282-20
CO2;1282;CT-CO2-0;02938df5-6afb-d44e-582d-0b5eea40f8eb;51:88:0A:9E;0;AVIÁRIO MEIO;635,00;07/11/2025;17:38:35;20;1282-20
CO2;1282;CT-CO2-0;02938df5-6afb-d44e-582d-0b5eea40f8eb;51:88:0A:9E;0;AVIÁRIO MEIO;627,00;07/11/2025;17:44:41;20;1282-20
CO2;1282;CT-CO2-0;02938df5-6afb-d44e-582d-0b5eea40f8eb;51:88:0A:9E;0;AVIÁRIO MEIO;629,00;07/11/2025;17:49:13;20;1282-20
CO2;1282;CT-CO2-0;02938df5-6afb-d44e-582d-0b5eea40f8eb;51:88:0A:9E;0;AVIÁRIO MEIO;628,00;07/11/2025;17:54:45;20;1282-20
CO2;1282;CT-CO2-0;02938df5-6afb-d44e-582d-0b5eea40f8eb;51:88:0A:9E;0;AVIÁRIO MEIO;637,00;07/11/2025;18:00:17;20;1282-20
CO2;1282;CT-CO2-0;02938df5-6afb-d44e-582d-0b5eea40f8eb;51:88:0A:9E;0;AVIÁRIO MEIO;637,00;07/11/2025;18:05:19;20;1282-20
CO2;1282;CT-CO2-0;02938df5-6afb-d44e-582d-0b5eea40f8eb;51:88:0A:9E;0;AVIÁRIO MEIO;620,00;07/11/2025;18:10:51;20;1282-20
CO2;1282;CT-CO2-0;02938df5-6afb-d44e-582d-0b5eea40f8eb;51:88:0A:9E;0;AVIÁRIO MEIO;627,00;07/11/2025;18:16:22;20;1282-20
CO2;1282;CT-CO2-0;02938df5-6afb-d44e-582d-0b5eea40f8eb;51:88:0A:9E;0;AVIÁRIO MEIO;636,00;07/11/2025;18:21:54;20;1282-20
CO2;1282;CT-CO2-0;02938df5-6afb-d44e-582d-0b5eea40f8eb;51:88:0A:9E;0;AVIÁRIO MEIO;682,00;07/11/2025;18:26:56;20;1282-20
CO2;1282;CT-CO2-0;02938df5-6afb-d44e-582d-0b5eea40f8eb;51:88:0A:9E;0;AVIÁRIO MEIO;701,00;07/11/2025;18:32:28;20;1282-20
CO2;1282;CT-CO2-0;02938df5-6afb-d44e-582d-0b5eea40f8eb;51:88:0A:9E;0;AVIÁRIO MEIO;699,00;07/11/2025;18:38:00;20;1282-20
CO2;1282;CT-CO2-0;02938df5-6afb-d44e-582d-0b5eea40f8eb;51:88:0A:9E;0;AVIÁRIO MEIO;701,00;07/11/2025;18:43:02;20;1282-20
CO2;1282;CT-CO2-0;02938df5-6afb-d44e-582d-0b5eea40f8eb;51:88:0A:9E;0;AVIÁRIO MEIO;706,00;07/11/2025;18:48:34;20;1282-20
CO2;1282;CT-CO2-0;02938df5-6afb-d44e-582d-0b5eea40f8eb;51:88:0A:9E;0;AVIÁRIO MEIO;698,00;07/11/2025;18:54:40;20;1282-20
CO2;1282;CT-CO2-0;02938df5-6afb-d44e-582d-0b5eea40f8eb;51:88:0A:9E;0;AVIÁRIO MEIO;733,00;07/11/2025;18:59:12;20;1282-20
CO2;1282;CT-CO2-0;02938df5-6afb-d44e-582d-0b5eea40f8eb;51:88:0A:9E;0;AVIÁRIO MEIO;711,00;07/11/2025;19:04:45;20;1282-20
CO2;1282;CT-CO2-0;02938df5-6afb-d44e-582d-0b5eea40f8eb;51:88:0A:9E;0;AVIÁRIO MEIO;715,00;07/11/2025;19:10:18;20;1282-20
CO2;1282;CT-CO2-0;02938df5-6afb-d44e-582d-0b5eea40f8eb;51:88:0A:9E;0;AVIÁRIO MEIO;717,00;07/11/2025;19:15:20;20;1282-20
CO2;1282;CT-CO2-0;02938df5-6afb-d44e-582d-0b5eea40f8eb;51:88:0A:9E;0;AVIÁRIO MEIO;703,00;07/11/2025;19:20:52;20;1282-20
CO2;1282;CT-CO2-0;02938df5-6afb-d44e-582d-0b5eea40f8eb;51:88:0A:9E;0;AVIÁRIO MEIO;746,00;07/11/2025;19:26:24;20;1282-20
CO2;1282;CT-CO2-0;02938df5-6afb-d44e-582d-0b5eea40f8eb;51:88:0A:9E;0;AVIÁRIO MEIO;724,00;07/11/2025;19:31:26;20;1282-20
CO2;1282;CT-CO2-0;02938df5-6afb-d44e-582d-0b5eea40f8eb;51:88:0A:9E;0;AVIÁRIO MEIO;723,00;07/11/2025;19:37:03;20;1282-20
CO2;1282;CT-CO2-0;02938df5-6afb-d44e-582d-0b5eea40f8eb;51:88:0A:9E;0;AVIÁRIO MEIO;720,00;07/11/2025;19:42:35;20;1282-20
CO2;1282;CT-CO2-0;02938df5-6afb-d44e-582d-0b5eea40f8eb;51:88:0A:9E;0;AVIÁRIO MEIO;716,00;07/11/2025;19:47:37;20;1282-20
CO2;1282;CT-CO2-0;02938df5-6afb-d44e-582d-0b5eea40f8eb;51:88:0A:9E;0;AVIÁRIO MEIO;700,00;07/11/2025;19:53:10;20;1282-20
CO2;1282;CT-CO2-0;02938df5-6afb-d44e-582d-0b5eea40f8eb;51:88:0A:9E;0;AVIÁRIO MEIO;718,00;07/11/2025;19:58:43;20;1282-20
CO2;1282;CT-CO2-0;02938df5-6afb-d44e-582d-0b5eea40f8eb;51:88:0A:9E;0;AVIÁRIO MEIO;748,00;07/11/2025;20:04:21;20;1282-20
CO2;1282;CT-CO2-0;02938df5-6afb-d44e-582d-0b5eea40f8eb;51:88:0A:9E;0;AVIÁRIO MEIO;741,00;07/11/2025;20:09:22;20;1282-20
CO2;1282;CT-CO2-0;02938df5-6afb-d44e-582d-0b5eea40f8eb;51:88:0A:9E;0;AVIÁRIO MEIO;734,00;07/11/2025;20:14:25;20;1282-20
CO2;1282;CT-CO2-0;02938df5-6afb-d44e-582d-0b5eea40f8eb;51:88:0A:9E;0;AVIÁRIO MEIO;745,00;07/11/2025;20:19:57;20;1282-20
CO2;1282;CT-CO2-0;02938df5-6afb-d44e-582d-0b5eea40f8eb;51:88:0A:9E;0;AVIÁRIO MEIO;779,00;07/11/2025;20:31:01;20;1282-20
CO2;1282;CT-CO2-0;02938df5-6afb-d44e-582d-0b5eea40f8eb;51:88:0A:9E;0;AVIÁRIO MEIO;810,00;07/11/2025;20:36:02;20;1282-20
CO2;1282;CT-CO2-0;02938df5-6afb-d44e-582d-0b5eea40f8eb;51:88:0A:9E;0;AVIÁRIO MEIO;839,00;07/11/2025;20:41:34;20;1282-20
CO2;1282;CT-CO2-0;02938df5-6afb-d44e-582d-0b5eea40f8eb;51:88:0A:9E;0;AVIÁRIO MEIO;805,00;07/11/2025;20:47:10;20;1282-20
CO2;1282;CT-CO2-0;02938df5-6afb-d44e-582d-0b5eea40f8eb;51:88:0A:9E;0;AVIÁRIO MEIO;843,00;07/11/2025;20:52:12;20;1282-20
CO2;1282;CT-CO2-0;02938df5-6afb-d44e-582d-0b5eea40f8eb;51:88:0A:9E;0;AVIÁRIO MEIO;838,00;07/11/2025;20:57:44;20;1282-20
CO2;1282;CT-CO2-0;02938df5-6afb-d44e-582d-0b5eea40f8eb;51:88:0A:9E;0;AVIÁRIO MEIO;801,00;07/11/2025;21:06:16;20;1282-20
CO2;1282;CT-CO2-0;02938df5-6afb-d44e-582d-0b5eea40f8eb;51:88:0A:9E;0;AVIÁRIO MEIO;810,00;07/11/2025;21:12:19;20;1282-20
CO2;1282;CT-CO2-0;02938df5-6afb-d44e-582d-0b5eea40f8eb;51:88:0A:9E;0;AVIÁRIO MEIO;805,00;07/11/2025;21:17:23;20;1282-20
CO2;1282;CT-CO2-0;02938df5-6afb-d44e-582d-0b5eea40f8eb;51:88:0A:9E;0;AVIÁRIO MEIO;806,00;07/11/2025;21:22:25;20;1282-20
CO2;1282;CT-CO2-0;02938df5-6afb-d44e-582d-0b5eea40f8eb;51:88:0A:9E;0;AVIÁRIO MEIO;792,00;07/11/2025;21:28:02;20;1282-20
CO2;1282;CT-CO2-0;02938df5-6afb-d44e-582d-0b5eea40f8eb;51:88:0A:9E;0;AVIÁRIO MEIO;806,00;07/11/2025;21:33:04;20;1282-20
CO2;1282;CT-CO2-0;02938df5-6afb-d44e-582d-0b5eea40f8eb;51:88:0A:9E;0;AVIÁRIO MEIO;781,00;07/11/2025;21:38:37;20;1282-20
CO2;1282;CT-CO2-0;02938df5-6afb-d44e-582d-0b5eea40f8eb;51:88:0A:9E;0;AVIÁRIO MEIO;793,00;07/11/2025;21:44:08;20;1282-20
CO2;1282;CT-CO2-0;02938df5-6afb-d44e-582d-0b5eea40f8eb;51:88:0A:9E;0;AVIÁRIO MEIO;801,00;07/11/2025;21:49:12;20;1282-20
CO2;1282;CT-CO2-0;02938df5-6afb-d44e-582d-0b5eea40f8eb;51:88:0A:9E;0;AVIÁRIO MEIO;791,00;07/11/2025;21:54:44;20;1282-20
CO2;1282;CT-CO2-0;02938df5-6afb-d44e-582d-0b5eea40f8eb;51:88:0A:9E;0;AVIÁRIO MEIO;786,00;07/11/2025;22:00:15;20;1282-20
CO2;1282;CT-CO2-0;02938df5-6afb-d44e-582d-0b5eea40f8eb;51:88:0A:9E;0;AVIÁRIO MEIO;778,00;07/11/2025;22:05:18;20;1282-20
CO2;1282;CT-CO2-0;02938df5-6afb-d44e-582d-0b5eea40f8eb;51:88:0A:9E;0;AVIÁRIO MEIO;784,00;07/11/2025;22:10:49;20;1282-20
CO2;1282;CT-CO2-0;02938df5-6afb-d44e-582d-0b5eea40f8eb;51:88:0A:9E;0;AVIÁRIO MEIO;827,00;07/11/2025;22:16:21;20;1282-20
CO2;1282;CT-CO2-0;02938df5-6afb-d44e-582d-0b5eea40f8eb;51:88:0A:9E;0;AVIÁRIO MEIO;844,00;07/11/2025;22:21:55;20;1282-20
CO2;1282;CT-CO2-0;02938df5-6afb-d44e-582d-0b5eea40f8eb;51:88:0A:9E;0;AVIÁRIO MEIO;812,00;07/11/2025;22:26:57;20;1282-20
CO2;1282;CT-CO2-0;02938df5-6afb-d44e-582d-0b5eea40f8eb;51:88:0A:9E;0;AVIÁRIO MEIO;809,00;07/11/2025;22:32:30;20;1282-20
CO2;1282;CT-CO2-0;02938df5-6afb-d44e-582d-0b5eea40f8eb;51:88:0A:9E;0;AVIÁRIO MEIO;789,00;07/11/2025;22:37:32;20;1282-20
CO2;1282;CT-CO2-0;02938df5-6afb-d44e-582d-0b5eea40f8eb;51:88:0A:9E;0;AVIÁRIO MEIO;800,00;07/11/2025;22:43:04;20;1282-20
CO2;1282;CT-CO2-0;02938df5-6afb-d44e-582d-0b5eea40f8eb;51:88:0A:9E;0;AVIÁRIO MEIO;800,00;07/11/2025;22:48:36;20;1282-20
CO2;1282;CT-CO2-0;02938df5-6afb-d44e-582d-0b5eea40f8eb;51:88:0A:9E;0;AVIÁRIO MEIO;788,00;07/11/2025;22:53:38;20;1282-20
CO2;1282;CT-CO2-0;02938df5-6afb-d44e-582d-0b5eea40f8eb;51:88:0A:9E;0;AVIÁRIO MEIO;791,00;07/11/2025;22:59:11;20;1282-20
CO2;1282;CT-CO2-0;02938df5-6afb-d44e-582d-0b5eea40f8eb;51:88:0A:9E;0;AVIÁRIO MEIO;768,00;07/11/2025;23:04:44;20;1282-20
CO2;1282;CT-CO2-0;02938df5-6afb-d44e-582d-0b5eea40f8eb;51:88:0A:9E;0;AVIÁRIO MEIO;789,00;07/11/2025;23:09:46;20;1282-20
CO2;1282;CT-CO2-0;02938df5-6afb-d44e-582d-0b5eea40f8eb;51:88:0A:9E;0;AVIÁRIO MEIO;777,00;07/11/2025;23:15:19;20;1282-20
CO2;1282;CT-CO2-0;02938df5-6afb-d44e-582d-0b5eea40f8eb;51:88:0A:9E;0;AVIÁRIO MEIO;780,00;07/11/2025;23:20:50;20;1282-20
CO2;1282;CT-CO2-0;02938df5-6afb-d44e-582d-0b5eea40f8eb;51:88:0A:9E;0;AVIÁRIO MEIO;798,00;07/11/2025;23:25:52;20;1282-20
CO2;1282;CT-CO2-0;02938df5-6afb-d44e-582d-0b5eea40f8eb;51:88:0A:9E;0;AVIÁRIO MEIO;782,00;07/11/2025;23:31:56;20;1282-20
CO2;1282;CT-CO2-0;02938df5-6afb-d44e-582d-0b5eea40f8eb;51:88:0A:9E;0;AVIÁRIO MEIO;770,00;07/11/2025;23:36:58;20;1282-20
CO2;1282;CT-CO2-0;02938df5-6afb-d44e-582d-0b5eea40f8eb;51:88:0A:9E;0;AVIÁRIO MEIO;788,00;07/11/2025;23:42:00;20;1282-20
CO2;1282;CT-CO2-0;02938df5-6afb-d44e-582d-0b5eea40f8eb;51:88:0A:9E;0;AVIÁRIO MEIO;761,00;07/11/2025;23:47:32;20;1282-20
CO2;1282;CT-CO2-0;02938df5-6afb-d44e-582d-0b5eea40f8eb;51:88:0A:9E;0;AVIÁRIO MEIO;798,00;07/11/2025;23:53:04;20;1282-20
CO2;1282;CT-CO2-0;02938df5-6afb-d44e-582d-0b5eea40f8eb;51:88:0A:9E;0;AVIÁRIO MEIO;780,00;07/11/2025;23:58:06;20;1282-20
CO2;1282;CT-CO2-0;02938df5-6afb-d44e-582d-0b5eea40f8eb;51:88:0A:9E;0;AVIÁRIO MEIO;771,00;08/11/2025;00:03:38;20;1282-20
CO2;1282;CT-CO2-0;02938df5-6afb-d44e-582d-0b5eea40f8eb;51:88:0A:9E;0;AVIÁRIO MEIO;780,00;08/11/2025;00:09:10;20;1282-20
CO2;1282;CT-CO2-0;02938df5-6afb-d44e-582d-0b5eea40f8eb;51:88:0A:9E;0;AVIÁRIO MEIO;778,00;08/11/2025;00:14:12;20;1282-20
CO2;1282;CT-CO2-0;02938df5-6afb-d44e-582d-0b5eea40f8eb;51:88:0A:9E;0;AVIÁRIO MEIO;772,00;08/11/2025;00:19:46;20;1282-20
CO2;1282;CT-CO2-0;02938df5-6afb-d44e-582d-0b5eea40f8eb;51:88:0A:9E;0;AVIÁRIO MEIO;771,00;08/11/2025;00:25:18;20;1282-20
CO2;1282;CT-CO2-0;02938df5-6afb-d44e-582d-0b5eea40f8eb;51:88:0A:9E;0;AVIÁRIO MEIO;766,00;08/11/2025;00:30:21;20;1282-20
CO2;1282;CT-CO2-0;02938df5-6afb-d44e-582d-0b5eea40f8eb;51:88:0A:9E;0;AVIÁRIO MEIO;765,00;08/11/2025;00:35:52;20;1282-20
CO2;1282;CT-CO2-0;02938df5-6afb-d44e-582d-0b5eea40f8eb;51:88:0A:9E;0;AVIÁRIO MEIO;770,00;08/11/2025;00:41:57;20;1282-20
CO2;1282;CT-CO2-0;02938df5-6afb-d44e-582d-0b5eea40f8eb;51:88:0A:9E;0;AVIÁRIO MEIO;766,00;08/11/2025;00:46:29;20;1282-20
CO2;1282;CT-CO2-0;02938df5-6afb-d44e-582d-0b5eea40f8eb;51:88:0A:9E;0;AVIÁRIO MEIO;768,00;08/11/2025;00:52:01;20;1282-20
CO2;1282;CT-CO2-0;02938df5-6afb-d44e-582d-0b5eea40f8eb;51:88:0A:9E;0;AVIÁRIO MEIO;758,00;08/11/2025;00:57:33;20;1282-20
CO2;1282;CT-CO2-0;02938df5-6afb-d44e-582d-0b5eea40f8eb;51:88:0A:9E;0;AVIÁRIO MEIO;753,00;08/11/2025;01:02:36;20;1282-20
CO2;1282;CT-CO2-0;02938df5-6afb-d44e-582d-0b5eea40f8eb;51:88:0A:9E;0;AVIÁRIO MEIO;761,00;08/11/2025;01:08:10;20;1282-20
CO2;1282;CT-CO2-0;02938df5-6afb-d44e-582d-0b5eea40f8eb;51:88:0A:9E;0;AVIÁRIO MEIO;780,00;08/11/2025;01:13:43;20;1282-20
CO2;1282;CT-CO2-0;02938df5-6afb-d44e-582d-0b5eea40f8eb;51:88:0A:9E;0;AVIÁRIO MEIO;769,00;08/11/2025;01:18:45;20;1282-20
CO2;1282;CT-CO2-0;02938df5-6afb-d44e-582d-0b5eea40f8eb;51:88:0A:9E;0;AVIÁRIO MEIO;768,00;08/11/2025;01:24:17;20;1282-20
CO2;1282;CT-CO2-0;02938df5-6afb-d44e-582d-0b5eea40f8eb;51:88:0A:9E;0;AVIÁRIO MEIO;765,00;08/11/2025;01:29:49;20;1282-20
CO2;1282;CT-CO2-0;02938df5-6afb-d44e-582d-0b5eea40f8eb;51:88:0A:9E;0;AVIÁRIO MEIO;766,00;08/11/2025;01:34:52;20;1282-20
CO2;1282;CT-CO2-0;02938df5-6afb-d44e-582d-0b5eea40f8eb;51:88:0A:9E;0;AVIÁRIO MEIO;760,00;08/11/2025;01:40:25;20;1282-20
CO2;1282;CT-CO2-0;02938df5-6afb-d44e-582d-0b5eea40f8eb;51:88:0A:9E;0;AVIÁRIO MEIO;764,00;08/11/2025;01:45:57;20;1282-20
CO2;1282;CT-CO2-0;02938df5-6afb-d44e-582d-0b5eea40f8eb;51:88:0A:9E;0;AVIÁRIO MEIO;745,00;08/11/2025;01:51:32;20;1282-20
CO2;1282;CT-CO2-0;02938df5-6afb-d44e-582d-0b5eea40f8eb;51:88:0A:9E;0;AVIÁRIO MEIO;768,00;08/11/2025;01:56:34;20;1282-20
CO2;1282;CT-CO2-0;02938df5-6afb-d44e-582d-0b5eea40f8eb;51:88:0A:9E;0;AVIÁRIO MEIO;758,00;08/11/2025;02:02:09;20;1282-20
CO2;1282;CT-CO2-0;02938df5-6afb-d44e-582d-0b5eea40f8eb;51:88:0A:9E;0;AVIÁRIO MEIO;837,00;08/11/2025;02:07:18;20;1282-20
CO2;1282;CT-CO2-0;02938df5-6afb-d44e-582d-0b5eea40f8eb;51:88:0A:9E;0;AVIÁRIO MEIO;747,00;08/11/2025;02:12:50;20;1282-20
CO2;1282;CT-CO2-0;02938df5-6afb-d44e-582d-0b5eea40f8eb;51:88:0A:9E;0;AVIÁRIO MEIO;759,00;08/11/2025;02:17:53;20;1282-20
CO2;1282;CT-CO2-0;02938df5-6afb-d44e-582d-0b5eea40f8eb;51:88:0A:9E;0;AVIÁRIO MEIO;765,00;08/11/2025;02:23:24;20;1282-20
CO2;1282;CT-CO2-0;02938df5-6afb-d44e-582d-0b5eea40f8eb;51:88:0A:9E;0;AVIÁRIO MEIO;750,00;08/11/2025;02:28:56;20;1282-20
CO2;1282;CT-CO2-0;02938df5-6afb-d44e-582d-0b5eea40f8eb;51:88:0A:9E;0;AVIÁRIO MEIO;748,00;08/11/2025;02:33:58;20;1282-20
CO2;1282;CT-CO2-0;02938df5-6afb-d44e-582d-0b5eea40f8eb;51:88:0A:9E;0;AVIÁRIO MEIO;744,00;08/11/2025;02:39:31;20;1282-20
CO2;1282;CT-CO2-0;02938df5-6afb-d44e-582d-0b5eea40f8eb;51:88:0A:9E;0;AVIÁRIO MEIO;744,00;08/11/2025;02:45:03;20;1282-20
CO2;1282;CT-CO2-0;02938df5-6afb-d44e-582d-0b5eea40f8eb;51:88:0A:9E;0;AVIÁRIO MEIO;730,00;08/11/2025;02:50:04;20;1282-20
CO2;1282;CT-CO2-0;02938df5-6afb-d44e-582d-0b5eea40f8eb;51:88:0A:9E;0;AVIÁRIO MEIO;726,00;08/11/2025;02:55:36;20;1282-20
CO2;1282;CT-CO2-0;02938df5-6afb-d44e-582d-0b5eea40f8eb;51:88:0A:9E;0;AVIÁRIO MEIO;746,00;08/11/2025;03:01:40;20;1282-20
CO2;1282;CT-CO2-0;02938df5-6afb-d44e-582d-0b5eea40f8eb;51:88:0A:9E;0;AVIÁRIO MEIO;733,00;08/11/2025;03:06:12;20;1282-20
CO2;1282;CT-CO2-0;02938df5-6afb-d44e-582d-0b5eea40f8eb;51:88:0A:9E;0;AVIÁRIO MEIO;733,00;08/11/2025;03:11:44;20;1282-20
CO2;1282;CT-CO2-0;02938df5-6afb-d44e-582d-0b5eea40f8eb;51:88:0A:9E;0;AVIÁRIO MEIO;748,00;08/11/2025;03:17:17;20;1282-20
CO2;1282;CT-CO2-0;02938df5-6afb-d44e-582d-0b5eea40f8eb;51:88:0A:9E;0;AVIÁRIO MEIO;750,00;08/11/2025;03:22:19;20;1282-20
CO2;1282;CT-CO2-0;02938df5-6afb-d44e-582d-0b5eea40f8eb;51:88:0A:9E;0;AVIÁRIO MEIO;740,00;08/11/2025;03:27:51;20;1282-20
CO2;1282;CT-CO2-0;02938df5-6afb-d44e-582d-0b5eea40f8eb;51:88:0A:9E;0;AVIÁRIO MEIO;737,00;08/11/2025;03:33:24;20;1282-20
CO2;1282;CT-CO2-0;02938df5-6afb-d44e-582d-0b5eea40f8eb;51:88:0A:9E;0;AVIÁRIO MEIO;737,00;08/11/2025;03:38:26;20;1282-20
CO2;1282;CT-CO2-0;02938df5-6afb-d44e-582d-0b5eea40f8eb;51:88:0A:9E;0;AVIÁRIO MEIO;730,00;08/11/2025;03:43:57;20;1282-20
CO2;1282;CT-CO2-0;02938df5-6afb-d44e-582d-0b5eea40f8eb;51:88:0A:9E;0;AVIÁRIO MEIO;753,00;08/11/2025;03:49:31;20;1282-20
CO2;1282;CT-CO2-0;02938df5-6afb-d44e-582d-0b5eea40f8eb;51:88:0A:9E;0;AVIÁRIO MEIO;752,00;08/11/2025;03:54:33;20;1282-20
CO2;1282;CT-CO2-0;02938df5-6afb-d44e-582d-0b5eea40f8eb;51:88:0A:9E;0;AVIÁRIO MEIO;723,00;08/11/2025;04:00:05;20;1282-20
CO2;1282;CT-CO2-0;02938df5-6afb-d44e-582d-0b5eea40f8eb;51:88:0A:9E;0;AVIÁRIO MEIO;749,00;08/11/2025;04:05:37;20;1282-20
CO2;1282;CT-CO2-0;02938df5-6afb-d44e-582d-0b5eea40f8eb;51:88:0A:9E;0;AVIÁRIO MEIO;734,00;08/11/2025;04:11:17;20;1282-20
CO2;1282;CT-CO2-0;02938df5-6afb-d44e-582d-0b5eea40f8eb;51:88:0A:9E;0;AVIÁRIO MEIO;736,00;08/11/2025;04:16:19;20;1282-20
CO2;1282;CT-CO2-0;02938df5-6afb-d44e-582d-0b5eea40f8eb;51:88:0A:9E;0;AVIÁRIO MEIO;730,00;08/11/2025;04:21:22;20;1282-20
CO2;1282;CT-CO2-0;02938df5-6afb-d44e-582d-0b5eea40f8eb;51:88:0A:9E;0;AVIÁRIO MEIO;740,00;08/11/2025;04:26:54;20;1282-20
CO2;1282;CT-CO2-0;02938df5-6afb-d44e-582d-0b5eea40f8eb;51:88:0A:9E;0;AVIÁRIO MEIO;732,00;08/11/2025;04:32:25;20;1282-20
CO2;1282;CT-CO2-0;02938df5-6afb-d44e-582d-0b5eea40f8eb;51:88:0A:9E;0;AVIÁRIO MEIO;717,00;08/11/2025;04:37:27;20;1282-20
CO2;1282;CT-CO2-0;02938df5-6afb-d44e-582d-0b5eea40f8eb;51:88:0A:9E;0;AVIÁRIO MEIO;730,00;08/11/2025;04:42:59;20;1282-20
CO2;1282;CT-CO2-0;02938df5-6afb-d44e-582d-0b5eea40f8eb;51:88:0A:9E;0;AVIÁRIO MEIO;722,00;08/11/2025;04:48:31;20;1282-20
CO2;1282;CT-CO2-0;02938df5-6afb-d44e-582d-0b5eea40f8eb;51:88:0A:9E;0;AVIÁRIO MEIO;771,00;08/11/2025;04:53:32;20;1282-20
CO2;1282;CT-CO2-0;02938df5-6afb-d44e-582d-0b5eea40f8eb;51:88:0A:9E;0;AVIÁRIO MEIO;737,00;08/11/2025;04:59:04;20;1282-20
CO2;1282;CT-CO2-0;02938df5-6afb-d44e-582d-0b5eea40f8eb;51:88:0A:9E;0;AVIÁRIO MEIO;729,00;08/11/2025;05:04:36;20;1282-20
CO2;1282;CT-CO2-0;02938df5-6afb-d44e-582d-0b5eea40f8eb;51:88:0A:9E;0;AVIÁRIO MEIO;750,00;08/11/2025;05:10:07;20;1282-20
CO2;1282;CT-CO2-0;02938df5-6afb-d44e-582d-0b5eea40f8eb;51:88:0A:9E;0;AVIÁRIO MEIO;738,00;08/11/2025;05:15:09;20;1282-20
CO2;1282;CT-CO2-0;02938df5-6afb-d44e-582d-0b5eea40f8eb;51:88:0A:9E;0;AVIÁRIO MEIO;727,00;08/11/2025;05:21:18;20;1282-20
CO2;1282;CT-CO2-0;02938df5-6afb-d44e-582d-0b5eea40f8eb;51:88:0A:9E;0;AVIÁRIO MEIO;732,00;08/11/2025;05:25:50;20;1282-20
CO2;1282;CT-CO2-0;02938df5-6afb-d44e-582d-0b5eea40f8eb;51:88:0A:9E;0;AVIÁRIO MEIO;728,00;08/11/2025;05:31:23;20;1282-20
CO2;1282;CT-CO2-0;02938df5-6afb-d44e-582d-0b5eea40f8eb;51:88:0A:9E;0;AVIÁRIO MEIO;722,00;08/11/2025;05:36:55;20;1282-20
CO2;1282;CT-CO2-0;02938df5-6afb-d44e-582d-0b5eea40f8eb;51:88:0A:9E;0;AVIÁRIO MEIO;734,00;08/11/2025;05:41:57;20;1282-20
CO2;1282;CT-CO2-0;02938df5-6afb-d44e-582d-0b5eea40f8eb;51:88:0A:9E;0;AVIÁRIO MEIO;719,00;08/11/2025;05:47:28;20;1282-20
CO2;1282;CT-CO2-0;02938df5-6afb-d44e-582d-0b5eea40f8eb;51:88:0A:9E;0;AVIÁRIO MEIO;731,00;08/11/2025;05:53:01;20;1282-20
CO2;1282;CT-CO2-0;02938df5-6afb-d44e-582d-0b5eea40f8eb;51:88:0A:9E;0;AVIÁRIO MEIO;714,00;08/11/2025;05:58:03;20;1282-20
CO2;1282;CT-CO2-0;02938df5-6afb-d44e-582d-0b5eea40f8eb;51:88:0A:9E;0;AVIÁRIO MEIO;730,00;08/11/2025;06:03:35;20;1282-20
CO2;1282;CT-CO2-0;02938df5-6afb-d44e-582d-0b5eea40f8eb;51:88:0A:9E;0;AVIÁRIO MEIO;729,00;08/11/2025;06:09:07;20;1282-20
CO2;1282;CT-CO2-0;02938df5-6afb-d44e-582d-0b5eea40f8eb;51:88:0A:9E;0;AVIÁRIO MEIO;725,00;08/11/2025;06:14:09;20;1282-20
CO2;1282;CT-CO2-0;02938df5-6afb-d44e-582d-0b5eea40f8eb;51:88:0A:9E;0;AVIÁRIO MEIO;728,00;08/11/2025;06:19:43;20;1282-20
CO2;1282;CT-CO2-0;02938df5-6afb-d44e-582d-0b5eea40f8eb;51:88:0A:9E;0;AVIÁRIO MEIO;748,00;08/11/2025;06:25:17;20;1282-20
CO2;1282;CT-CO2-0;02938df5-6afb-d44e-582d-0b5eea40f8eb;51:88:0A:9E;0;AVIÁRIO MEIO;745,00;08/11/2025;06:30:51;20;1282-20
CO2;1282;CT-CO2-0;02938df5-6afb-d44e-582d-0b5eea40f8eb;51:88:0A:9E;0;AVIÁRIO MEIO;784,00;08/11/2025;06:35:52;20;1282-20
CO2;1282;CT-CO2-0;02938df5-6afb-d44e-582d-0b5eea40f8eb;51:88:0A:9E;0;AVIÁRIO MEIO;788,00;08/11/2025;06:41:24;20;1282-20
CO2;1282;CT-CO2-0;02938df5-6afb-d44e-582d-0b5eea40f8eb;51:88:0A:9E;0;AVIÁRIO MEIO;797,00;08/11/2025;06:46:26;20;1282-20
CO2;1282;CT-CO2-0;02938df5-6afb-d44e-582d-0b5eea40f8eb;51:88:0A:9E;0;AVIÁRIO MEIO;796,00;08/11/2025;06:51:58;20;1282-20
CO2;1282;CT-CO2-0;02938df5-6afb-d44e-582d-0b5eea40f8eb;51:88:0A:9E;0;AVIÁRIO MEIO;810,00;08/11/2025;06:57:29;20;1282-20
CO2;1282;CT-CO2-0;02938df5-6afb-d44e-582d-0b5eea40f8eb;51:88:0A:9E;0;AVIÁRIO MEIO;807,00;08/11/2025;07:02:31;20;1282-20
CO2;1282;CT-CO2-0;02938df5-6afb-d44e-582d-0b5eea40f8eb;51:88:0A:9E;0;AVIÁRIO MEIO;803,00;08/11/2025;07:08:03;20;1282-20
CO2;1282;CT-CO2-0;02938df5-6afb-d44e-582d-0b5eea40f8eb;51:88:0A:9E;0;AVIÁRIO MEIO;808,00;08/11/2025;07:13:35;20;1282-20
CO2;1282;CT-CO2-0;02938df5-6afb-d44e-582d-0b5eea40f8eb;51:88:0A:9E;0;AVIÁRIO MEIO;793,00;08/11/2025;07:18:42;20;1282-20
CO2;1282;CT-CO2-0;02938df5-6afb-d44e-582d-0b5eea40f8eb;51:88:0A:9E;0;AVIÁRIO MEIO;778,00;08/11/2025;07:24:14;20;1282-20
CO2;1282;CT-CO2-0;02938df5-6afb-d44e-582d-0b5eea40f8eb;51:88:0A:9E;0;AVIÁRIO MEIO;786,00;08/11/2025;07:29:46;20;1282-20
CO2;1282;CT-CO2-0;02938df5-6afb-d44e-582d-0b5eea40f8eb;51:88:0A:9E;0;AVIÁRIO MEIO;785,00;08/11/2025;07:34:48;20;1282-20
CO2;1282;CT-CO2-0;02938df5-6afb-d44e-582d-0b5eea40f8eb;51:88:0A:9E;0;AVIÁRIO MEIO;787,00;08/11/2025;07:40:53;20;1282-20
CO2;1282;CT-CO2-0;02938df5-6afb-d44e-582d-0b5eea40f8eb;51:88:0A:9E;0;AVIÁRIO MEIO;775,00;08/11/2025;07:45:54;20;1282-20
CO2;1282;CT-CO2-0;02938df5-6afb-d44e-582d-0b5eea40f8eb;51:88:0A:9E;0;AVIÁRIO MEIO;776,00;08/11/2025;07:50:56;20;1282-20
CO2;1282;CT-CO2-0;02938df5-6afb-d44e-582d-0b5eea40f8eb;51:88:0A:9E;0;AVIÁRIO MEIO;792,00;08/11/2025;07:56:28;20;1282-20
CO2;1282;CT-CO2-0;02938df5-6afb-d44e-582d-0b5eea40f8eb;51:88:0A:9E;0;AVIÁRIO MEIO;805,00;08/11/2025;08:01:59;20;1282-20
CO2;1282;CT-CO2-0;02938df5-6afb-d44e-582d-0b5eea40f8eb;51:88:0A:9E;0;AVIÁRIO MEIO;817,00;08/11/2025;08:07:01;20;1282-20
CO2;1282;CT-CO2-0;02938df5-6afb-d44e-582d-0b5eea40f8eb;51:88:0A:9E;0;AVIÁRIO MEIO;819,00;08/11/2025;08:12:34;20;1282-20
CO2;1282;CT-CO2-0;02938df5-6afb-d44e-582d-0b5eea40f8eb;51:88:0A:9E;0;AVIÁRIO MEIO;809,00;08/11/2025;08:18:07;20;1282-20
CO2;1282;CT-CO2-0;02938df5-6afb-d44e-582d-0b5eea40f8eb;51:88:0A:9E;0;AVIÁRIO MEIO;817,00;08/11/2025;08:23:09;20;1282-20
CO2;1282;CT-CO2-0;02938df5-6afb-d44e-582d-0b5eea40f8eb;51:88:0A:9E;0;AVIÁRIO MEIO;837,00;08/11/2025;08:28:43;20;1282-20
CO2;1282;CT-CO2-0;02938df5-6afb-d44e-582d-0b5eea40f8eb;51:88:0A:9E;0;AVIÁRIO MEIO;841,00;08/11/2025;08:34:15;20;1282-20
CO2;1282;CT-CO2-0;02938df5-6afb-d44e-582d-0b5eea40f8eb;51:88:0A:9E;0;AVIÁRIO MEIO;759,00;08/11/2025;08:39:17;20;1282-20
CO2;1282;CT-CO2-0;02938df5-6afb-d44e-582d-0b5eea40f8eb;51:88:0A:9E;0;AVIÁRIO MEIO;733,00;08/11/2025;08:44:50;20;1282-20
CO2;1282;CT-CO2-0;02938df5-6afb-d44e-582d-0b5eea40f8eb;51:88:0A:9E;0;AVIÁRIO MEIO;717,00;08/11/2025;08:51:01;20;1282-20
CO2;1282;CT-CO2-0;02938df5-6afb-d44e-582d-0b5eea40f8eb;51:88:0A:9E;0;AVIÁRIO MEIO;701,00;08/11/2025;08:55:35;20;1282-20
CO2;1282;CT-CO2-0;02938df5-6afb-d44e-582d-0b5eea40f8eb;51:88:0A:9E;0;AVIÁRIO MEIO;714,00;08/11/2025;09:01:07;20;1282-20
CO2;1282;CT-CO2-0;02938df5-6afb-d44e-582d-0b5eea40f8eb;51:88:0A:9E;0;AVIÁRIO MEIO;725,00;08/11/2025;09:06:10;20;1282-20
CO2;1282;CT-CO2-0;02938df5-6afb-d44e-582d-0b5eea40f8eb;51:88:0A:9E;0;AVIÁRIO MEIO;727,00;08/11/2025;09:11:45;20;1282-20
CO2;1282;CT-CO2-0;02938df5-6afb-d44e-582d-0b5eea40f8eb;51:88:0A:9E;0;AVIÁRIO MEIO;731,00;08/11/2025;09:17:17;20;1282-20
CO2;1282;CT-CO2-0;02938df5-6afb-d44e-582d-0b5eea40f8eb;51:88:0A:9E;0;AVIÁRIO MEIO;693,00;08/11/2025;09:22:19;20;1282-20
CO2;1282;CT-CO2-0;02938df5-6afb-d44e-582d-0b5eea40f8eb;51:88:0A:9E;0;AVIÁRIO MEIO;700,00;08/11/2025;09:27:51;20;1282-20
CO2;1282;CT-CO2-0;02938df5-6afb-d44e-582d-0b5eea40f8eb;51:88:0A:9E;0;AVIÁRIO MEIO;720,00;08/11/2025;09:33:23;20;1282-20
CO2;1282;CT-CO2-0;02938df5-6afb-d44e-582d-0b5eea40f8eb;51:88:0A:9E;0;AVIÁRIO MEIO;729,00;08/11/2025;09:38:25;20;1282-20
CO2;1282;CT-CO2-0;02938df5-6afb-d44e-582d-0b5eea40f8eb;51:88:0A:9E;0;AVIÁRIO MEIO;740,00;08/11/2025;09:43:57;20;1282-20
CO2;1282;CT-CO2-0;02938df5-6afb-d44e-582d-0b5eea40f8eb;51:88:0A:9E;0;AVIÁRIO MEIO;726,00;08/11/2025;09:49:29;20;1282-20
CO2;1282;CT-CO2-0;02938df5-6afb-d44e-582d-0b5eea40f8eb;51:88:0A:9E;0;AVIÁRIO MEIO;730,00;08/11/2025;09:55:01;20;1282-20
CO2;1282;CT-CO2-0;02938df5-6afb-d44e-582d-0b5eea40f8eb;51:88:0A:9E;0;AVIÁRIO MEIO;735,00;08/11/2025;10:00:35;20;1282-20
CO2;1282;CT-CO2-0;02938df5-6afb-d44e-582d-0b5eea40f8eb;51:88:0A:9E;0;AVIÁRIO MEIO;750,00;08/11/2025;10:05:37;20;1282-20
CO2;1282;CT-CO2-0;02938df5-6afb-d44e-582d-0b5eea40f8eb;51:88:0A:9E;0;AVIÁRIO MEIO;712,00;08/11/2025;10:11:09;20;1282-20
CO2;1282;CT-CO2-0;02938df5-6afb-d44e-582d-0b5eea40f8eb;51:88:0A:9E;0;AVIÁRIO MEIO;716,00;08/11/2025;10:16:12;20;1282-20
CO2;1282;CT-CO2-0;02938df5-6afb-d44e-582d-0b5eea40f8eb;51:88:0A:9E;0;AVIÁRIO MEIO;702,00;08/11/2025;10:21:44;20;1282-20
CO2;1282;CT-CO2-0;02938df5-6afb-d44e-582d-0b5eea40f8eb;51:88:0A:9E;0;AVIÁRIO MEIO;723,00;08/11/2025;10:27:16;20;1282-20
CO2;1282;CT-CO2-0;02938df5-6afb-d44e-582d-0b5eea40f8eb;51:88:0A:9E;0;AVIÁRIO MEIO;705,00;08/11/2025;10:32:18;20;1282-20
CO2;1282;CT-CO2-0;02938df5-6afb-d44e-582d-0b5eea40f8eb;51:88:0A:9E;0;AVIÁRIO MEIO;719,00;08/11/2025;10:37:51;20;1282-20
CO2;1282;CT-CO2-0;02938df5-6afb-d44e-582d-0b5eea40f8eb;51:88:0A:9E;0;AVIÁRIO MEIO;718,00;08/11/2025;10:43:24;20;1282-20
CO2;1282;CT-CO2-0;02938df5-6afb-d44e-582d-0b5eea40f8eb;51:88:0A:9E;0;AVIÁRIO MEIO;715,00;08/11/2025;10:48:25;20;1282-20
CO2;1282;CT-CO2-0;02938df5-6afb-d44e-582d-0b5eea40f8eb;51:88:0A:9E;0;AVIÁRIO MEIO;721,00;08/11/2025;10:53:57;20;1282-20
CO2;1282;CT-CO2-0;02938df5-6afb-d44e-582d-0b5eea40f8eb;51:88:0A:9E;0;AVIÁRIO MEIO;724,00;08/11/2025;10:59:29;20;1282-20
CO2;1282;CT-CO2-0;02938df5-6afb-d44e-582d-0b5eea40f8eb;51:88:0A:9E;0;AVIÁRIO MEIO;718,00;08/11/2025;11:04:31;20;1282-20
CO2;1282;CT-CO2-0;02938df5-6afb-d44e-582d-0b5eea40f8eb;51:88:0A:9E;0;AVIÁRIO MEIO;830,00;08/11/2025;11:10:35;20;1282-20
CO2;1282;CT-CO2-0;02938df5-6afb-d44e-582d-0b5eea40f8eb;51:88:0A:9E;0;AVIÁRIO MEIO;891,00;08/11/2025;11:15:37;20;1282-20
CO2;1282;CT-CO2-0;02938df5-6afb-d44e-582d-0b5eea40f8eb;51:88:0A:9E;0;AVIÁRIO MEIO;896,00;08/11/2025;11:20:39;20;1282-20
CO2;1282;CT-CO2-0;02938df5-6afb-d44e-582d-0b5eea40f8eb;51:88:0A:9E;0;AVIÁRIO MEIO;899,00;08/11/2025;11:26:11;20;1282-20
CO2;1282;CT-CO2-0;02938df5-6afb-d44e-582d-0b5eea40f8eb;51:88:0A:9E;0;AVIÁRIO MEIO;908,00;08/11/2025;11:31:43;20;1282-20
CO2;1282;CT-CO2-0;02938df5-6afb-d44e-582d-0b5eea40f8eb;51:88:0A:9E;0;AVIÁRIO MEIO;900,00;08/11/2025;11:36:45;20;1282-20
CO2;1282;CT-CO2-0;02938df5-6afb-d44e-582d-0b5eea40f8eb;51:88:0A:9E;0;AVIÁRIO MEIO;923,00;08/11/2025;11:42:17;20;1282-20
CO2;1282;CT-CO2-0;02938df5-6afb-d44e-582d-0b5eea40f8eb;51:88:0A:9E;0;AVIÁRIO MEIO;919,00;08/11/2025;11:47:48;20;1282-20
CO2;1282;CT-CO2-0;02938df5-6afb-d44e-582d-0b5eea40f8eb;51:88:0A:9E;0;AVIÁRIO MEIO;906,00;08/11/2025;11:53:20;20;1282-20
CO2;1282;CT-CO2-0;02938df5-6afb-d44e-582d-0b5eea40f8eb;51:88:0A:9E;0;AVIÁRIO MEIO;901,00;08/11/2025;11:58:24;20;1282-20
CO2;1282;CT-CO2-0;02938df5-6afb-d44e-582d-0b5eea40f8eb;51:88:0A:9E;0;AVIÁRIO MEIO;922,00;08/11/2025;12:03:56;20;1282-20
CO2;1282;CT-CO2-0;02938df5-6afb-d44e-582d-0b5eea40f8eb;51:88:0A:9E;0;AVIÁRIO MEIO;936,00;08/11/2025;12:09:28;20;1282-20
CO2;1282;CT-CO2-0;02938df5-6afb-d44e-582d-0b5eea40f8eb;51:88:0A:9E;0;AVIÁRIO MEIO;953,00;08/11/2025;12:14:31;20;1282-20
CO2;1282;CT-CO2-0;02938df5-6afb-d44e-582d-0b5eea40f8eb;51:88:0A:9E;0;AVIÁRIO MEIO;802,00;08/11/2025;12:25:07;20;1282-20
CO2;1282;CT-CO2-0;02938df5-6afb-d44e-582d-0b5eea40f8eb;51:88:0A:9E;0;AVIÁRIO MEIO;761,00;08/11/2025;12:30:39;20;1282-20
CO2;1282;CT-CO2-0;02938df5-6afb-d44e-582d-0b5eea40f8eb;51:88:0A:9E;0;AVIÁRIO MEIO;747,00;08/11/2025;12:36:11;20;1282-20
CO2;1282;CT-CO2-0;02938df5-6afb-d44e-582d-0b5eea40f8eb;51:88:0A:9E;0;AVIÁRIO MEIO;752,00;08/11/2025;12:41:43;20;1282-20
CO2;1282;CT-CO2-0;02938df5-6afb-d44e-582d-0b5eea40f8eb;51:88:0A:9E;0;AVIÁRIO MEIO;754,00;08/11/2025;12:46:45;20;1282-20
CO2;1282;CT-CO2-0;02938df5-6afb-d44e-582d-0b5eea40f8eb;51:88:0A:9E;0;AVIÁRIO MEIO;744,00;08/11/2025;12:52:17;20;1282-20
CO2;1282;CT-CO2-0;02938df5-6afb-d44e-582d-0b5eea40f8eb;51:88:0A:9E;0;AVIÁRIO MEIO;755,00;08/11/2025;12:57:49;20;1282-20
CO2;1282;CT-CO2-0;02938df5-6afb-d44e-582d-0b5eea40f8eb;51:88:0A:9E;0;AVIÁRIO MEIO;749,00;08/11/2025;13:02:51;20;1282-20
CO2;1282;CT-CO2-0;02938df5-6afb-d44e-582d-0b5eea40f8eb;51:88:0A:9E;0;AVIÁRIO MEIO;752,00;08/11/2025;13:08:23;20;1282-20
CO2;1282;CT-CO2-0;02938df5-6afb-d44e-582d-0b5eea40f8eb;51:88:0A:9E;0;AVIÁRIO MEIO;756,00;08/11/2025;13:13:56;20;1282-20
CO2;1282;CT-CO2-0;02938df5-6afb-d44e-582d-0b5eea40f8eb;51:88:0A:9E;0;AVIÁRIO MEIO;749,00;08/11/2025;13:18:58;20;1282-20
CO2;1282;CT-CO2-0;02938df5-6afb-d44e-582d-0b5eea40f8eb;51:88:0A:9E;0;AVIÁRIO MEIO;750,00;08/11/2025;13:24:31;20;1282-20
CO2;1282;CT-CO2-0;02938df5-6afb-d44e-582d-0b5eea40f8eb;51:88:0A:9E;0;AVIÁRIO MEIO;754,00;08/11/2025;13:35:06;20;1282-20
CO2;1282;CT-CO2-0;02938df5-6afb-d44e-582d-0b5eea40f8eb;51:88:0A:9E;0;AVIÁRIO MEIO;732,00;08/11/2025;13:40:38;20;1282-20
CO2;1282;CT-CO2-0;02938df5-6afb-d44e-582d-0b5eea40f8eb;51:88:0A:9E;0;AVIÁRIO MEIO;739,00;08/11/2025;13:46:10;20;1282-20
CO2;1282;CT-CO2-0;02938df5-6afb-d44e-582d-0b5eea40f8eb;51:88:0A:9E;0;AVIÁRIO MEIO;742,00;08/11/2025;13:51:13;20;1282-20
CO2;1282;CT-CO2-0;02938df5-6afb-d44e-582d-0b5eea40f8eb;51:88:0A:9E;0;AVIÁRIO MEIO;761,00;08/11/2025;13:56:45;20;1282-20
CO2;1282;CT-CO2-0;02938df5-6afb-d44e-582d-0b5eea40f8eb;51:88:0A:9E;0;AVIÁRIO MEIO;772,00;08/11/2025;14:02:17;20;1282-20
CO2;1282;CT-CO2-0;02938df5-6afb-d44e-582d-0b5eea40f8eb;51:88:0A:9E;0;AVIÁRIO MEIO;771,00;08/11/2025;14:07:19;20;1282-20
CO2;1282;CT-CO2-0;02938df5-6afb-d44e-582d-0b5eea40f8eb;51:88:0A:9E;0;AVIÁRIO MEIO;744,00;08/11/2025;14:12:52;20;1282-20
CO2;1282;CT-CO2-0;02938df5-6afb-d44e-582d-0b5eea40f8eb;51:88:0A:9E;0;AVIÁRIO MEIO;759,00;08/11/2025;14:18:23;20;1282-20
CO2;1282;CT-CO2-0;02938df5-6afb-d44e-582d-0b5eea40f8eb;51:88:0A:9E;0;AVIÁRIO MEIO;752,00;08/11/2025;14:23:55;20;1282-20
CO2;1282;CT-CO2-0;02938df5-6afb-d44e-582d-0b5eea40f8eb;51:88:0A:9E;0;AVIÁRIO MEIO;756,00;08/11/2025;14:28:59;20;1282-20
CO2;1282;CT-CO2-0;02938df5-6afb-d44e-582d-0b5eea40f8eb;51:88:0A:9E;0;AVIÁRIO MEIO;768,00;08/11/2025;14:34:31;20;1282-20
CO2;1282;CT-CO2-0;02938df5-6afb-d44e-582d-0b5eea40f8eb;51:88:0A:9E;0;AVIÁRIO MEIO;769,00;08/11/2025;14:45:05;20;1282-20
CO2;1282;CT-CO2-0;02938df5-6afb-d44e-582d-0b5eea40f8eb;51:88:0A:9E;0;AVIÁRIO MEIO;755,00;08/11/2025;14:50:36;20;1282-20
CO2;1282;CT-CO2-0;02938df5-6afb-d44e-582d-0b5eea40f8eb;51:88:0A:9E;0;AVIÁRIO MEIO;762,00;08/11/2025;14:56:08;20;1282-20
CO2;1282;CT-CO2-0;02938df5-6afb-d44e-582d-0b5eea40f8eb;51:88:0A:9E;0;AVIÁRIO MEIO;753,00;08/11/2025;15:01:10;20;1282-20
CO2;1282;CT-CO2-0;02938df5-6afb-d44e-582d-0b5eea40f8eb;51:88:0A:9E;0;AVIÁRIO MEIO;769,00;08/11/2025;15:06:42;20;1282-20
CO2;1282;CT-CO2-0;02938df5-6afb-d44e-582d-0b5eea40f8eb;51:88:0A:9E;0;AVIÁRIO MEIO;770,00;08/11/2025;15:12:13;20;1282-20
CO2;1282;CT-CO2-0;02938df5-6afb-d44e-582d-0b5eea40f8eb;51:88:0A:9E;0;AVIÁRIO MEIO;761,00;08/11/2025;15:17:15;20;1282-20
CO2;1282;CT-CO2-0;02938df5-6afb-d44e-582d-0b5eea40f8eb;51:88:0A:9E;0;AVIÁRIO MEIO;762,00;08/11/2025;15:22:48;20;1282-20
CO2;1282;CT-CO2-0;02938df5-6afb-d44e-582d-0b5eea40f8eb;51:88:0A:9E;0;AVIÁRIO MEIO;759,00;08/11/2025;15:28:20;20;1282-20
CO2;1282;CT-CO2-0;02938df5-6afb-d44e-582d-0b5eea40f8eb;51:88:0A:9E;0;AVIÁRIO MEIO;754,00;08/11/2025;15:33:52;20;1282-20
CO2;1282;CT-CO2-0;02938df5-6afb-d44e-582d-0b5eea40f8eb;51:88:0A:9E;0;AVIÁRIO MEIO;763,00;08/11/2025;15:38:53;20;1282-20
CO2;1282;CT-CO2-0;02938df5-6afb-d44e-582d-0b5eea40f8eb;51:88:0A:9E;0;AVIÁRIO MEIO;773,00;08/11/2025;15:44:25;20;1282-20
CO2;1282;CT-CO2-0;02938df5-6afb-d44e-582d-0b5eea40f8eb;51:88:0A:9E;0;AVIÁRIO MEIO;777,00;08/11/2025;15:55:01;20;1282-20
CO2;1282;CT-CO2-0;02938df5-6afb-d44e-582d-0b5eea40f8eb;51:88:0A:9E;0;AVIÁRIO MEIO;776,00;08/11/2025;16:00:33;20;1282-20
CO2;1282;CT-CO2-0;02938df5-6afb-d44e-582d-0b5eea40f8eb;51:88:0A:9E;0;AVIÁRIO MEIO;765,00;08/11/2025;16:06:04;20;1282-20
CO2;1282;CT-CO2-0;02938df5-6afb-d44e-582d-0b5eea40f8eb;51:88:0A:9E;0;AVIÁRIO MEIO;773,00;08/11/2025;16:11:06;20;1282-20
CO2;1282;CT-CO2-0;02938df5-6afb-d44e-582d-0b5eea40f8eb;51:88:0A:9E;0;AVIÁRIO MEIO;779,00;08/11/2025;16:16:39;20;1282-20
CO2;1282;CT-CO2-0;02938df5-6afb-d44e-582d-0b5eea40f8eb;51:88:0A:9E;0;AVIÁRIO MEIO;800,00;08/11/2025;16:22:14;20;1282-20
CO2;1282;CT-CO2-0;02938df5-6afb-d44e-582d-0b5eea40f8eb;51:88:0A:9E;0;AVIÁRIO MEIO;776,00;08/11/2025;16:27:17;20;1282-20
CO2;1282;CT-CO2-0;02938df5-6afb-d44e-582d-0b5eea40f8eb;51:88:0A:9E;0;AVIÁRIO MEIO;790,00;08/11/2025;16:32:49;20;1282-20
CO2;1282;CT-CO2-0;02938df5-6afb-d44e-582d-0b5eea40f8eb;51:88:0A:9E;0;AVIÁRIO MEIO;781,00;08/11/2025;16:38:21;20;1282-20
CO2;1282;CT-CO2-0;02938df5-6afb-d44e-582d-0b5eea40f8eb;51:88:0A:9E;0;AVIÁRIO MEIO;784,00;08/11/2025;16:43:24;20;1282-20
CO2;1282;CT-CO2-0;02938df5-6afb-d44e-582d-0b5eea40f8eb;51:88:0A:9E;0;AVIÁRIO MEIO;788,00;08/11/2025;16:48:57;20;1282-20
CO2;1282;CT-CO2-0;02938df5-6afb-d44e-582d-0b5eea40f8eb;51:88:0A:9E;0;AVIÁRIO MEIO;787,00;08/11/2025;16:54:29;20;1282-20
CO2;1282;CT-CO2-0;02938df5-6afb-d44e-582d-0b5eea40f8eb;51:88:0A:9E;0;AVIÁRIO MEIO;793,00;08/11/2025;17:00:02;20;1282-20
CO2;1282;CT-CO2-0;02938df5-6afb-d44e-582d-0b5eea40f8eb;51:88:0A:9E;0;AVIÁRIO MEIO;762,00;08/11/2025;17:05:04;20;1282-20
CO2;1282;CT-CO2-0;02938df5-6afb-d44e-582d-0b5eea40f8eb;51:88:0A:9E;0;AVIÁRIO MEIO;792,00;08/11/2025;17:10:38;20;1282-20
CO2;1282;CT-CO2-0;02938df5-6afb-d44e-582d-0b5eea40f8eb;51:88:0A:9E;0;AVIÁRIO MEIO;785,00;08/11/2025;17:15:39;20;1282-20
CO2;1282;CT-CO2-0;02938df5-6afb-d44e-582d-0b5eea40f8eb;51:88:0A:9E;0;AVIÁRIO MEIO;779,00;08/11/2025;17:21:11;20;1282-20
CO2;1282;CT-CO2-0;02938df5-6afb-d44e-582d-0b5eea40f8eb;51:88:0A:9E;0;AVIÁRIO MEIO;791,00;08/11/2025;17:26:43;20;1282-20
CO2;1282;CT-CO2-0;02938df5-6afb-d44e-582d-0b5eea40f8eb;51:88:0A:9E;0;AVIÁRIO MEIO;784,00;08/11/2025;17:31:46;20;1282-20
CO2;1282;CT-CO2-0;02938df5-6afb-d44e-582d-0b5eea40f8eb;51:88:0A:9E;0;AVIÁRIO MEIO;806,00;08/11/2025;17:37:18;20;1282-20
CO2;1282;CT-CO2-0;02938df5-6afb-d44e-582d-0b5eea40f8eb;51:88:0A:9E;0;AVIÁRIO MEIO;898,00;08/11/2025;17:42:51;20;1282-20
CO2;1282;CT-CO2-0;02938df5-6afb-d44e-582d-0b5eea40f8eb;51:88:0A:9E;0;AVIÁRIO MEIO;875,00;08/11/2025;17:47:53;20;1282-20
CO2;1282;CT-CO2-0;02938df5-6afb-d44e-582d-0b5eea40f8eb;51:88:0A:9E;0;AVIÁRIO MEIO;846,00;08/11/2025;17:53:25;20;1282-20
CO2;1282;CT-CO2-0;02938df5-6afb-d44e-582d-0b5eea40f8eb;51:88:0A:9E;0;AVIÁRIO MEIO;925,00;08/11/2025;17:58:57;20;1282-20
CO2;1282;CT-CO2-0;02938df5-6afb-d44e-582d-0b5eea40f8eb;51:88:0A:9E;0;AVIÁRIO MEIO;854,00;08/11/2025;18:03:59;20;1282-20
CO2;1282;CT-CO2-0;02938df5-6afb-d44e-582d-0b5eea40f8eb;51:88:0A:9E;0;AVIÁRIO MEIO;948,00;08/11/2025;18:10:04;20;1282-20
CO2;1282;CT-CO2-0;02938df5-6afb-d44e-582d-0b5eea40f8eb;51:88:0A:9E;0;AVIÁRIO MEIO;925,00;08/11/2025;18:15:06;20;1282-20
CO2;1282;CT-CO2-0;02938df5-6afb-d44e-582d-0b5eea40f8eb;51:88:0A:9E;0;AVIÁRIO MEIO;956,00;08/11/2025;18:20:08;20;1282-20
CO2;1282;CT-CO2-0;02938df5-6afb-d44e-582d-0b5eea40f8eb;51:88:0A:9E;0;AVIÁRIO MEIO;992,00;08/11/2025;18:25:40;20;1282-20
CO2;1282;CT-CO2-0;02938df5-6afb-d44e-582d-0b5eea40f8eb;51:88:0A:9E;0;AVIÁRIO MEIO;1.009,00;08/11/2025;18:31:13;20;1282-20
CO2;1282;CT-CO2-0;02938df5-6afb-d44e-582d-0b5eea40f8eb;51:88:0A:9E;0;AVIÁRIO MEIO;1.007,00;08/11/2025;18:36:15;20;1282-20
CO2;1282;CT-CO2-0;02938df5-6afb-d44e-582d-0b5eea40f8eb;51:88:0A:9E;0;AVIÁRIO MEIO;1.004,00;08/11/2025;18:41:51;20;1282-20
CO2;1282;CT-CO2-0;02938df5-6afb-d44e-582d-0b5eea40f8eb;51:88:0A:9E;0;AVIÁRIO MEIO;1.008,00;08/11/2025;18:47:24;20;1282-20
CO2;1282;CT-CO2-0;02938df5-6afb-d44e-582d-0b5eea40f8eb;51:88:0A:9E;0;AVIÁRIO MEIO;1.015,00;08/11/2025;18:52:26;20;1282-20
CO2;1282;CT-CO2-0;02938df5-6afb-d44e-582d-0b5eea40f8eb;51:88:0A:9E;0;AVIÁRIO MEIO;1.016,00;08/11/2025;18:57:58;20;1282-20
CO2;1282;CT-CO2-0;02938df5-6afb-d44e-582d-0b5eea40f8eb;51:88:0A:9E;0;AVIÁRIO MEIO;1.019,00;08/11/2025;19:03:30;20;1282-20
CO2;1282;CT-CO2-0;02938df5-6afb-d44e-582d-0b5eea40f8eb;51:88:0A:9E;0;AVIÁRIO MEIO;1.024,00;08/11/2025;19:08:32;20;1282-20
CO2;1282;CT-CO2-0;02938df5-6afb-d44e-582d-0b5eea40f8eb;51:88:0A:9E;0;AVIÁRIO MEIO;1.035,00;08/11/2025;19:14:04;20;1282-20
CO2;1282;CT-CO2-0;02938df5-6afb-d44e-582d-0b5eea40f8eb;51:88:0A:9E;0;AVIÁRIO MEIO;1.058,00;08/11/2025;19:20:06;20;1282-20
CO2;1282;CT-CO2-0;02938df5-6afb-d44e-582d-0b5eea40f8eb;51:88:0A:9E;0;AVIÁRIO MEIO;1.057,00;08/11/2025;19:24:38;20;1282-20
CO2;1282;CT-CO2-0;02938df5-6afb-d44e-582d-0b5eea40f8eb;51:88:0A:9E;0;AVIÁRIO MEIO;1.005,00;08/11/2025;19:30:11;20;1282-20
CO2;1282;CT-CO2-0;02938df5-6afb-d44e-582d-0b5eea40f8eb;51:88:0A:9E;0;AVIÁRIO MEIO;909,00;08/11/2025;19:35:43;20;1282-20
CO2;1282;CT-CO2-0;02938df5-6afb-d44e-582d-0b5eea40f8eb;51:88:0A:9E;0;AVIÁRIO MEIO;888,00;08/11/2025;19:41:15;20;1282-20
CO2;1282;CT-CO2-0;02938df5-6afb-d44e-582d-0b5eea40f8eb;51:88:0A:9E;0;AVIÁRIO MEIO;945,00;08/11/2025;19:46:17;20;1282-20
CO2;1282;CT-CO2-0;02938df5-6afb-d44e-582d-0b5eea40f8eb;51:88:0A:9E;0;AVIÁRIO MEIO;862,00;08/11/2025;19:51:50;20;1282-20
CO2;1282;CT-CO2-0;02938df5-6afb-d44e-582d-0b5eea40f8eb;51:88:0A:9E;0;AVIÁRIO MEIO;867,00;08/11/2025;19:57:21;20;1282-20
CO2;1282;CT-CO2-0;02938df5-6afb-d44e-582d-0b5eea40f8eb;51:88:0A:9E;0;AVIÁRIO MEIO;871,00;08/11/2025;20:02:23;20;1282-20
CO2;1282;CT-CO2-0;02938df5-6afb-d44e-582d-0b5eea40f8eb;51:88:0A:9E;0;AVIÁRIO MEIO;884,00;08/11/2025;20:07:55;20;1282-20
CO2;1282;CT-CO2-0;02938df5-6afb-d44e-582d-0b5eea40f8eb;51:88:0A:9E;0;AVIÁRIO MEIO;850,00;08/11/2025;20:13:29;20;1282-20
CO2;1282;CT-CO2-0;02938df5-6afb-d44e-582d-0b5eea40f8eb;51:88:0A:9E;0;AVIÁRIO MEIO;883,00;08/11/2025;20:18:31;20;1282-20
CO2;1282;CT-CO2-0;02938df5-6afb-d44e-582d-0b5eea40f8eb;51:88:0A:9E;0;AVIÁRIO MEIO;882,00;08/11/2025;20:24:03;20;1282-20
CO2;1282;CT-CO2-0;02938df5-6afb-d44e-582d-0b5eea40f8eb;51:88:0A:9E;0;AVIÁRIO MEIO;861,00;08/11/2025;20:30:06;20;1282-20
CO2;1282;CT-CO2-0;02938df5-6afb-d44e-582d-0b5eea40f8eb;51:88:0A:9E;0;AVIÁRIO MEIO;870,00;08/11/2025;20:34:38;20;1282-20
CO2;1282;CT-CO2-0;02938df5-6afb-d44e-582d-0b5eea40f8eb;51:88:0A:9E;0;AVIÁRIO MEIO;876,00;08/11/2025;20:40:10;20;1282-20
CO2;1282;CT-CO2-0;02938df5-6afb-d44e-582d-0b5eea40f8eb;51:88:0A:9E;0;AVIÁRIO MEIO;862,00;08/11/2025;20:45:42;20;1282-20
CO2;1282;CT-CO2-0;02938df5-6afb-d44e-582d-0b5eea40f8eb;51:88:0A:9E;0;AVIÁRIO MEIO;868,00;08/11/2025;20:50:46;20;1282-20
CO2;1282;CT-CO2-0;02938df5-6afb-d44e-582d-0b5eea40f8eb;51:88:0A:9E;0;AVIÁRIO MEIO;890,00;08/11/2025;20:56:18;20;1282-20
CO2;1282;CT-CO2-0;02938df5-6afb-d44e-582d-0b5eea40f8eb;51:88:0A:9E;0;AVIÁRIO MEIO;879,00;08/11/2025;21:06:22;20;1282-20
CO2;1282;CT-CO2-0;02938df5-6afb-d44e-582d-0b5eea40f8eb;51:88:0A:9E;0;AVIÁRIO MEIO;863,00;08/11/2025;21:11:24;20;1282-20
CO2;1282;CT-CO2-0;02938df5-6afb-d44e-582d-0b5eea40f8eb;51:88:0A:9E;0;AVIÁRIO MEIO;873,00;08/11/2025;21:16:56;20;1282-20
CO2;1282;CT-CO2-0;02938df5-6afb-d44e-582d-0b5eea40f8eb;51:88:0A:9E;0;AVIÁRIO MEIO;864,00;08/11/2025;21:22:28;20;1282-20
CO2;1282;CT-CO2-0;02938df5-6afb-d44e-582d-0b5eea40f8eb;51:88:0A:9E;0;AVIÁRIO MEIO;872,00;08/11/2025;21:27:31;20;1282-20
CO2;1282;CT-CO2-0;02938df5-6afb-d44e-582d-0b5eea40f8eb;51:88:0A:9E;0;AVIÁRIO MEIO;867,00;08/11/2025;21:33:02;20;1282-20
CO2;1282;CT-CO2-0;02938df5-6afb-d44e-582d-0b5eea40f8eb;51:88:0A:9E;0;AVIÁRIO MEIO;863,00;08/11/2025;21:39:07;20;1282-20
CO2;1282;CT-CO2-0;02938df5-6afb-d44e-582d-0b5eea40f8eb;51:88:0A:9E;0;AVIÁRIO MEIO;873,00;08/11/2025;21:43:39;20;1282-20
CO2;1282;CT-CO2-0;02938df5-6afb-d44e-582d-0b5eea40f8eb;51:88:0A:9E;0;AVIÁRIO MEIO;871,00;08/11/2025;21:49:12;20;1282-20
CO2;1282;CT-CO2-0;02938df5-6afb-d44e-582d-0b5eea40f8eb;51:88:0A:9E;0;AVIÁRIO MEIO;848,00;08/11/2025;21:54:44;20;1282-20
CO2;1282;CT-CO2-0;02938df5-6afb-d44e-582d-0b5eea40f8eb;51:88:0A:9E;0;AVIÁRIO MEIO;866,00;08/11/2025;21:59:46;20;1282-20
CO2;1282;CT-CO2-0;02938df5-6afb-d44e-582d-0b5eea40f8eb;51:88:0A:9E;0;AVIÁRIO MEIO;865,00;08/11/2025;22:05:24;20;1282-20
CO2;1282;CT-CO2-0;02938df5-6afb-d44e-582d-0b5eea40f8eb;51:88:0A:9E;0;AVIÁRIO MEIO;858,00;08/11/2025;22:16:03;20;1282-20
CO2;1282;CT-CO2-0;02938df5-6afb-d44e-582d-0b5eea40f8eb;51:88:0A:9E;0;AVIÁRIO MEIO;852,00;08/11/2025;22:21:35;20;1282-20
CO2;1282;CT-CO2-0;02938df5-6afb-d44e-582d-0b5eea40f8eb;51:88:0A:9E;0;AVIÁRIO MEIO;829,00;08/11/2025;22:26:38;20;1282-20
CO2;1282;CT-CO2-0;02938df5-6afb-d44e-582d-0b5eea40f8eb;51:88:0A:9E;0;AVIÁRIO MEIO;826,00;08/11/2025;22:32:10;20;1282-20
CO2;1282;CT-CO2-0;02938df5-6afb-d44e-582d-0b5eea40f8eb;51:88:0A:9E;0;AVIÁRIO MEIO;828,00;08/11/2025;22:37:42;20;1282-20
CO2;1282;CT-CO2-0;02938df5-6afb-d44e-582d-0b5eea40f8eb;51:88:0A:9E;0;AVIÁRIO MEIO;828,00;08/11/2025;22:42:43;20;1282-20
CO2;1282;CT-CO2-0;02938df5-6afb-d44e-582d-0b5eea40f8eb;51:88:0A:9E;0;AVIÁRIO MEIO;821,00;08/11/2025;22:48:47;20;1282-20
CO2;1282;CT-CO2-0;02938df5-6afb-d44e-582d-0b5eea40f8eb;51:88:0A:9E;0;AVIÁRIO MEIO;836,00;08/11/2025;22:53:49;20;1282-20
CO2;1282;CT-CO2-0;02938df5-6afb-d44e-582d-0b5eea40f8eb;51:88:0A:9E;0;AVIÁRIO MEIO;825,00;08/11/2025;22:58:51;20;1282-20
CO2;1282;CT-CO2-0;02938df5-6afb-d44e-582d-0b5eea40f8eb;51:88:0A:9E;0;AVIÁRIO MEIO;816,00;08/11/2025;23:04:23;20;1282-20
CO2;1282;CT-CO2-0;02938df5-6afb-d44e-582d-0b5eea40f8eb;51:88:0A:9E;0;AVIÁRIO MEIO;818,00;08/11/2025;23:09:54;20;1282-20
CO2;1282;CT-CO2-0;02938df5-6afb-d44e-582d-0b5eea40f8eb;51:88:0A:9E;0;AVIÁRIO MEIO;804,00;08/11/2025;23:20:30;20;1282-20
CO2;1282;CT-CO2-0;02938df5-6afb-d44e-582d-0b5eea40f8eb;51:88:0A:9E;0;AVIÁRIO MEIO;815,00;08/11/2025;23:26:02;20;1282-20
CO2;1282;CT-CO2-0;02938df5-6afb-d44e-582d-0b5eea40f8eb;51:88:0A:9E;0;AVIÁRIO MEIO;810,00;08/11/2025;23:31:34;20;1282-20
CO2;1282;CT-CO2-0;02938df5-6afb-d44e-582d-0b5eea40f8eb;51:88:0A:9E;0;AVIÁRIO MEIO;797,00;08/11/2025;23:36:36;20;1282-20
CO2;1282;CT-CO2-0;02938df5-6afb-d44e-582d-0b5eea40f8eb;51:88:0A:9E;0;AVIÁRIO MEIO;810,00;08/11/2025;23:42:08;20;1282-20
CO2;1282;CT-CO2-0;02938df5-6afb-d44e-582d-0b5eea40f8eb;51:88:0A:9E;0;AVIÁRIO MEIO;815,00;08/11/2025;23:47:40;20;1282-20
CO2;1282;CT-CO2-0;02938df5-6afb-d44e-582d-0b5eea40f8eb;51:88:0A:9E;0;AVIÁRIO MEIO;815,00;08/11/2025;23:53:11;20;1282-20
CO2;1282;CT-CO2-0;02938df5-6afb-d44e-582d-0b5eea40f8eb;51:88:0A:9E;0;AVIÁRIO MEIO;809,00;08/11/2025;23:58:44;20;1282-20
CO2;1283;CT-CO2-0;1f94f8ad-7171-b062-c0a5-dbf839ac97e9;CD:E6:D3:07;0;AVIÁRIO MEIO;5.001,00;24/10/2025;09:03:14;20;1283-20
CO2;1283;CT-CO2-0;1f94f8ad-7171-b062-c0a5-dbf839ac97e9;CD:E6:D3:07;0;AVIÁRIO MEIO;1.022,00;24/10/2025;09:08:46;20;1283-20
CO2;1283;CT-CO2-0;1f94f8ad-7171-b062-c0a5-dbf839ac97e9;CD:E6:D3:07;0;AVIÁRIO MEIO;1.026,00;24/10/2025;09:14:18;20;1283-20
CO2;1283;CT-CO2-0;1f94f8ad-7171-b062-c0a5-dbf839ac97e9;CD:E6:D3:07;0;AVIÁRIO MEIO;1.123,00;24/10/2025;09:19:21;20;1283-20
CO2;1283;CT-CO2-0;1f94f8ad-7171-b062-c0a5-dbf839ac97e9;CD:E6:D3:07;0;AVIÁRIO MEIO;1.147,00;24/10/2025;09:24:54;20;1283-20
CO2;1283;CT-CO2-0;1f94f8ad-7171-b062-c0a5-dbf839ac97e9;CD:E6:D3:07;0;AVIÁRIO MEIO;1.146,00;24/10/2025;09:30:26;20;1283-20
CO2;1283;CT-CO2-0;1f94f8ad-7171-b062-c0a5-dbf839ac97e9;CD:E6:D3:07;0;AVIÁRIO MEIO;1.111,00;24/10/2025;09:35:30;20;1283-20
CO2;1283;CT-CO2-0;1f94f8ad-7171-b062-c0a5-dbf839ac97e9;CD:E6:D3:07;0;AVIÁRIO MEIO;1.148,00;24/10/2025;09:41:03;20;1283-20
CO2;1283;CT-CO2-0;1f94f8ad-7171-b062-c0a5-dbf839ac97e9;CD:E6:D3:07;0;AVIÁRIO MEIO;1.064,00;24/10/2025;09:46:04;20;1283-20
CO2;1283;CT-CO2-0;1f94f8ad-7171-b062-c0a5-dbf839ac97e9;CD:E6:D3:07;0;AVIÁRIO MEIO;998,00;24/10/2025;09:51:38;20;1283-20
CO2;1283;CT-CO2-0;1f94f8ad-7171-b062-c0a5-dbf839ac97e9;CD:E6:D3:07;0;AVIÁRIO MEIO;970,00;24/10/2025;09:57:41;20;1283-20
CO2;1283;CT-CO2-0;1f94f8ad-7171-b062-c0a5-dbf839ac97e9;CD:E6:D3:07;0;AVIÁRIO MEIO;762,00;24/10/2025;10:02:13;20;1283-20
CO2;1283;CT-CO2-0;1f94f8ad-7171-b062-c0a5-dbf839ac97e9;CD:E6:D3:07;0;AVIÁRIO MEIO;677,00;24/10/2025;10:07:46;20;1283-20
CO2;1283;CT-CO2-0;1f94f8ad-7171-b062-c0a5-dbf839ac97e9;CD:E6:D3:07;0;AVIÁRIO MEIO;672,00;24/10/2025;10:13:18;20;1283-20
CO2;1283;CT-CO2-0;1f94f8ad-7171-b062-c0a5-dbf839ac97e9;CD:E6:D3:07;0;AVIÁRIO MEIO;681,00;24/10/2025;10:18:20;20;1283-20
CO2;1283;CT-CO2-0;1f94f8ad-7171-b062-c0a5-dbf839ac97e9;CD:E6:D3:07;0;AVIÁRIO MEIO;585,00;24/10/2025;10:23:53;20;1283-20
CO2;1283;CT-CO2-0;1f94f8ad-7171-b062-c0a5-dbf839ac97e9;CD:E6:D3:07;0;AVIÁRIO MEIO;565,00;24/10/2025;10:29:25;20;1283-20
CO2;1283;CT-CO2-0;1f94f8ad-7171-b062-c0a5-dbf839ac97e9;CD:E6:D3:07;0;AVIÁRIO MEIO;557,00;24/10/2025;10:34:27;20;1283-20
CO2;1283;CT-CO2-0;1f94f8ad-7171-b062-c0a5-dbf839ac97e9;CD:E6:D3:07;0;AVIÁRIO MEIO;575,00;24/10/2025;10:40:02;20;1283-20
CO2;1283;CT-CO2-0;1f94f8ad-7171-b062-c0a5-dbf839ac97e9;CD:E6:D3:07;0;AVIÁRIO MEIO;576,00;24/10/2025;10:45:35;20;1283-20
CO2;1283;CT-CO2-0;1f94f8ad-7171-b062-c0a5-dbf839ac97e9;CD:E6:D3:07;0;AVIÁRIO MEIO;566,00;24/10/2025;10:50:37;20;1283-20
CO2;1283;CT-CO2-0;1f94f8ad-7171-b062-c0a5-dbf839ac97e9;CD:E6:D3:07;0;AVIÁRIO MEIO;576,00;24/10/2025;10:56:10;20;1283-20
CO2;1283;CT-CO2-0;1f94f8ad-7171-b062-c0a5-dbf839ac97e9;CD:E6:D3:07;0;AVIÁRIO MEIO;575,00;24/10/2025;11:01:42;20;1283-20
CO2;1283;CT-CO2-0;1f94f8ad-7171-b062-c0a5-dbf839ac97e9;CD:E6:D3:07;0;AVIÁRIO MEIO;599,00;24/10/2025;11:07:17;20;1283-20
CO2;1283;CT-CO2-0;1f94f8ad-7171-b062-c0a5-dbf839ac97e9;CD:E6:D3:07;0;AVIÁRIO MEIO;695,00;24/10/2025;11:12:19;20;1283-20
CO2;1283;CT-CO2-0;1f94f8ad-7171-b062-c0a5-dbf839ac97e9;CD:E6:D3:07;0;AVIÁRIO MEIO;762,00;24/10/2025;11:17:51;20;1283-20
CO2;1283;CT-CO2-0;1f94f8ad-7171-b062-c0a5-dbf839ac97e9;CD:E6:D3:07;0;AVIÁRIO MEIO;797,00;24/10/2025;11:22:53;20;1283-20
CO2;1283;CT-CO2-0;1f94f8ad-7171-b062-c0a5-dbf839ac97e9;CD:E6:D3:07;0;AVIÁRIO MEIO;811,00;24/10/2025;11:33:32;20;1283-20
CO2;1283;CT-CO2-0;1f94f8ad-7171-b062-c0a5-dbf839ac97e9;CD:E6:D3:07;0;AVIÁRIO MEIO;625,00;24/10/2025;11:39:05;20;1283-20
CO2;1283;CT-CO2-0;1f94f8ad-7171-b062-c0a5-dbf839ac97e9;CD:E6:D3:07;0;AVIÁRIO MEIO;586,00;24/10/2025;11:44:37;20;1283-20
CO2;1283;CT-CO2-0;1f94f8ad-7171-b062-c0a5-dbf839ac97e9;CD:E6:D3:07;0;AVIÁRIO MEIO;579,00;24/10/2025;11:49:39;20;1283-20
CO2;1283;CT-CO2-0;1f94f8ad-7171-b062-c0a5-dbf839ac97e9;CD:E6:D3:07;0;AVIÁRIO MEIO;570,00;24/10/2025;11:55:12;20;1283-20
CO2;1283;CT-CO2-0;1f94f8ad-7171-b062-c0a5-dbf839ac97e9;CD:E6:D3:07;0;AVIÁRIO MEIO;563,00;24/10/2025;12:00:44;20;1283-20
CO2;1283;CT-CO2-0;1f94f8ad-7171-b062-c0a5-dbf839ac97e9;CD:E6:D3:07;0;AVIÁRIO MEIO;575,00;24/10/2025;12:05:46;20;1283-20
CO2;1283;CT-CO2-0;1f94f8ad-7171-b062-c0a5-dbf839ac97e9;CD:E6:D3:07;0;AVIÁRIO MEIO;571,00;24/10/2025;12:11:18;20;1283-20
CO2;1283;CT-CO2-0;1f94f8ad-7171-b062-c0a5-dbf839ac97e9;CD:E6:D3:07;0;AVIÁRIO MEIO;574,00;24/10/2025;12:17:21;20;1283-20
CO2;1283;CT-CO2-0;1f94f8ad-7171-b062-c0a5-dbf839ac97e9;CD:E6:D3:07;0;AVIÁRIO MEIO;577,00;24/10/2025;12:21:52;20;1283-20
CO2;1283;CT-CO2-0;1f94f8ad-7171-b062-c0a5-dbf839ac97e9;CD:E6:D3:07;0;AVIÁRIO MEIO;579,00;24/10/2025;12:27:26;20;1283-20
CO2;1283;CT-CO2-0;1f94f8ad-7171-b062-c0a5-dbf839ac97e9;CD:E6:D3:07;0;AVIÁRIO MEIO;581,00;24/10/2025;12:32:58;20;1283-20
CO2;1283;CT-CO2-0;1f94f8ad-7171-b062-c0a5-dbf839ac97e9;CD:E6:D3:07;0;AVIÁRIO MEIO;592,00;24/10/2025;12:38:00;20;1283-20
CO2;1283;CT-CO2-0;1f94f8ad-7171-b062-c0a5-dbf839ac97e9;CD:E6:D3:07;0;AVIÁRIO MEIO;579,00;24/10/2025;12:49:06;20;1283-20
CO2;1283;CT-CO2-0;1f94f8ad-7171-b062-c0a5-dbf839ac97e9;CD:E6:D3:07;0;AVIÁRIO MEIO;584,00;24/10/2025;12:54:08;20;1283-20
CO2;1283;CT-CO2-0;1f94f8ad-7171-b062-c0a5-dbf839ac97e9;CD:E6:D3:07;0;AVIÁRIO MEIO;586,00;24/10/2025;12:59:41;20;1283-20
CO2;1283;CT-CO2-0;1f94f8ad-7171-b062-c0a5-dbf839ac97e9;CD:E6:D3:07;0;AVIÁRIO MEIO;555,00;24/10/2025;13:05:13;20;1283-20
CO2;1283;CT-CO2-0;1f94f8ad-7171-b062-c0a5-dbf839ac97e9;CD:E6:D3:07;0;AVIÁRIO MEIO;555,00;24/10/2025;13:15:47;20;1283-20
CO2;1283;CT-CO2-0;1f94f8ad-7171-b062-c0a5-dbf839ac97e9;CD:E6:D3:07;0;AVIÁRIO MEIO;546,00;24/10/2025;13:21:19;20;1283-20
CO2;1283;CT-CO2-0;1f94f8ad-7171-b062-c0a5-dbf839ac97e9;CD:E6:D3:07;0;AVIÁRIO MEIO;541,00;24/10/2025;13:26:51;20;1283-20
CO2;1283;CT-CO2-0;1f94f8ad-7171-b062-c0a5-dbf839ac97e9;CD:E6:D3:07;0;AVIÁRIO MEIO;526,00;24/10/2025;13:31:53;20;1283-20
CO2;1283;CT-CO2-0;1f94f8ad-7171-b062-c0a5-dbf839ac97e9;CD:E6:D3:07;0;AVIÁRIO MEIO;538,00;24/10/2025;13:37:26;20;1283-20
CO2;1283;CT-CO2-0;1f94f8ad-7171-b062-c0a5-dbf839ac97e9;CD:E6:D3:07;0;AVIÁRIO MEIO;536,00;24/10/2025;13:42:28;20;1283-20
CO2;1283;CT-CO2-0;1f94f8ad-7171-b062-c0a5-dbf839ac97e9;CD:E6:D3:07;0;AVIÁRIO MEIO;528,00;24/10/2025;13:48:00;20;1283-20
CO2;1283;CT-CO2-0;1f94f8ad-7171-b062-c0a5-dbf839ac97e9;CD:E6:D3:07;0;AVIÁRIO MEIO;538,00;24/10/2025;14:04:08;20;1283-20
CO2;1283;CT-CO2-0;1f94f8ad-7171-b062-c0a5-dbf839ac97e9;CD:E6:D3:07;0;AVIÁRIO MEIO;520,00;24/10/2025;14:09:41;20;1283-20
CO2;1283;CT-CO2-0;1f94f8ad-7171-b062-c0a5-dbf839ac97e9;CD:E6:D3:07;0;AVIÁRIO MEIO;519,00;24/10/2025;14:14:43;20;1283-20
CO2;1283;CT-CO2-0;1f94f8ad-7171-b062-c0a5-dbf839ac97e9;CD:E6:D3:07;0;AVIÁRIO MEIO;523,00;24/10/2025;14:20:15;20;1283-20
CO2;1283;CT-CO2-0;1f94f8ad-7171-b062-c0a5-dbf839ac97e9;CD:E6:D3:07;0;AVIÁRIO MEIO;516,00;24/10/2025;14:25:47;20;1283-20
CO2;1283;CT-CO2-0;1f94f8ad-7171-b062-c0a5-dbf839ac97e9;CD:E6:D3:07;0;AVIÁRIO MEIO;522,00;24/10/2025;14:30:49;20;1283-20
CO2;1283;CT-CO2-0;1f94f8ad-7171-b062-c0a5-dbf839ac97e9;CD:E6:D3:07;0;AVIÁRIO MEIO;523,00;24/10/2025;14:36:53;20;1283-20
CO2;1283;CT-CO2-0;1f94f8ad-7171-b062-c0a5-dbf839ac97e9;CD:E6:D3:07;0;AVIÁRIO MEIO;512,00;24/10/2025;14:41:55;20;1283-20
CO2;1283;CT-CO2-0;1f94f8ad-7171-b062-c0a5-dbf839ac97e9;CD:E6:D3:07;0;AVIÁRIO MEIO;534,00;24/10/2025;14:46:58;20;1283-20
CO2;1283;CT-CO2-0;1f94f8ad-7171-b062-c0a5-dbf839ac97e9;CD:E6:D3:07;0;AVIÁRIO MEIO;532,00;24/10/2025;14:52:32;20;1283-20
CO2;1283;CT-CO2-0;1f94f8ad-7171-b062-c0a5-dbf839ac97e9;CD:E6:D3:07;0;AVIÁRIO MEIO;538,00;24/10/2025;14:58:04;20;1283-20
CO2;1283;CT-CO2-0;1f94f8ad-7171-b062-c0a5-dbf839ac97e9;CD:E6:D3:07;0;AVIÁRIO MEIO;522,00;24/10/2025;15:03:07;20;1283-20
CO2;1283;CT-CO2-0;1f94f8ad-7171-b062-c0a5-dbf839ac97e9;CD:E6:D3:07;0;AVIÁRIO MEIO;529,00;24/10/2025;15:14:11;20;1283-20
CO2;1283;CT-CO2-0;1f94f8ad-7171-b062-c0a5-dbf839ac97e9;CD:E6:D3:07;0;AVIÁRIO MEIO;533,00;24/10/2025;15:19:14;20;1283-20
CO2;1283;CT-CO2-0;1f94f8ad-7171-b062-c0a5-dbf839ac97e9;CD:E6:D3:07;0;AVIÁRIO MEIO;538,00;24/10/2025;15:24:46;20;1283-20
CO2;1283;CT-CO2-0;1f94f8ad-7171-b062-c0a5-dbf839ac97e9;CD:E6:D3:07;0;AVIÁRIO MEIO;532,00;24/10/2025;15:30:18;20;1283-20
CO2;1283;CT-CO2-0;1f94f8ad-7171-b062-c0a5-dbf839ac97e9;CD:E6:D3:07;0;AVIÁRIO MEIO;520,00;24/10/2025;15:35:20;20;1283-20
CO2;1283;CT-CO2-0;1f94f8ad-7171-b062-c0a5-dbf839ac97e9;CD:E6:D3:07;0;AVIÁRIO MEIO;528,00;24/10/2025;15:40:52;20;1283-20
CO2;1283;CT-CO2-0;1f94f8ad-7171-b062-c0a5-dbf839ac97e9;CD:E6:D3:07;0;AVIÁRIO MEIO;531,00;24/10/2025;15:46:57;20;1283-20
CO2;1283;CT-CO2-0;1f94f8ad-7171-b062-c0a5-dbf839ac97e9;CD:E6:D3:07;0;AVIÁRIO MEIO;527,00;24/10/2025;15:51:30;20;1283-20
CO2;1283;CT-CO2-0;1f94f8ad-7171-b062-c0a5-dbf839ac97e9;CD:E6:D3:07;0;AVIÁRIO MEIO;511,00;24/10/2025;15:57:02;20;1283-20
CO2;1283;CT-CO2-0;1f94f8ad-7171-b062-c0a5-dbf839ac97e9;CD:E6:D3:07;0;AVIÁRIO MEIO;531,00;24/10/2025;16:02:34;20;1283-20
CO2;1283;CT-CO2-0;1f94f8ad-7171-b062-c0a5-dbf839ac97e9;CD:E6:D3:07;0;AVIÁRIO MEIO;529,00;24/10/2025;16:07:36;20;1283-20
CO2;1283;CT-CO2-0;1f94f8ad-7171-b062-c0a5-dbf839ac97e9;CD:E6:D3:07;0;AVIÁRIO MEIO;527,00;24/10/2025;16:13:07;20;1283-20
CO2;1283;CT-CO2-0;1f94f8ad-7171-b062-c0a5-dbf839ac97e9;CD:E6:D3:07;0;AVIÁRIO MEIO;530,00;24/10/2025;16:18:39;20;1283-20
CO2;1283;CT-CO2-0;1f94f8ad-7171-b062-c0a5-dbf839ac97e9;CD:E6:D3:07;0;AVIÁRIO MEIO;519,00;24/10/2025;16:23:42;20;1283-20
CO2;1283;CT-CO2-0;1f94f8ad-7171-b062-c0a5-dbf839ac97e9;CD:E6:D3:07;0;AVIÁRIO MEIO;530,00;24/10/2025;16:29:13;20;1283-20
CO2;1283;CT-CO2-0;1f94f8ad-7171-b062-c0a5-dbf839ac97e9;CD:E6:D3:07;0;AVIÁRIO MEIO;526,00;24/10/2025;16:34:45;20;1283-20
CO2;1283;CT-CO2-0;1f94f8ad-7171-b062-c0a5-dbf839ac97e9;CD:E6:D3:07;0;AVIÁRIO MEIO;519,00;24/10/2025;16:39:47;20;1283-20
CO2;1283;CT-CO2-0;1f94f8ad-7171-b062-c0a5-dbf839ac97e9;CD:E6:D3:07;0;AVIÁRIO MEIO;524,00;24/10/2025;16:45:20;20;1283-20
CO2;1283;CT-CO2-0;1f94f8ad-7171-b062-c0a5-dbf839ac97e9;CD:E6:D3:07;0;AVIÁRIO MEIO;514,00;24/10/2025;16:50:52;20;1283-20
CO2;1283;CT-CO2-0;1f94f8ad-7171-b062-c0a5-dbf839ac97e9;CD:E6:D3:07;0;AVIÁRIO MEIO;525,00;24/10/2025;16:56:25;20;1283-20
CO2;1283;CT-CO2-0;1f94f8ad-7171-b062-c0a5-dbf839ac97e9;CD:E6:D3:07;0;AVIÁRIO MEIO;529,00;24/10/2025;17:01:27;20;1283-20
CO2;1283;CT-CO2-0;1f94f8ad-7171-b062-c0a5-dbf839ac97e9;CD:E6:D3:07;0;AVIÁRIO MEIO;523,00;24/10/2025;17:06:59;20;1283-20
CO2;1283;CT-CO2-0;1f94f8ad-7171-b062-c0a5-dbf839ac97e9;CD:E6:D3:07;0;AVIÁRIO MEIO;525,00;24/10/2025;17:12:01;20;1283-20
CO2;1283;CT-CO2-0;1f94f8ad-7171-b062-c0a5-dbf839ac97e9;CD:E6:D3:07;0;AVIÁRIO MEIO;526,00;24/10/2025;17:17:33;20;1283-20
CO2;1283;CT-CO2-0;1f94f8ad-7171-b062-c0a5-dbf839ac97e9;CD:E6:D3:07;0;AVIÁRIO MEIO;528,00;24/10/2025;17:23:05;20;1283-20
CO2;1283;CT-CO2-0;1f94f8ad-7171-b062-c0a5-dbf839ac97e9;CD:E6:D3:07;0;AVIÁRIO MEIO;516,00;24/10/2025;17:33:41;20;1283-20
CO2;1283;CT-CO2-0;1f94f8ad-7171-b062-c0a5-dbf839ac97e9;CD:E6:D3:07;0;AVIÁRIO MEIO;525,00;24/10/2025;17:39:14;20;1283-20
CO2;1283;CT-CO2-0;1f94f8ad-7171-b062-c0a5-dbf839ac97e9;CD:E6:D3:07;0;AVIÁRIO MEIO;518,00;24/10/2025;17:44:21;20;1283-20
CO2;1283;CT-CO2-0;1f94f8ad-7171-b062-c0a5-dbf839ac97e9;CD:E6:D3:07;0;AVIÁRIO MEIO;521,00;24/10/2025;17:49:53;20;1283-20
CO2;1283;CT-CO2-0;1f94f8ad-7171-b062-c0a5-dbf839ac97e9;CD:E6:D3:07;0;AVIÁRIO MEIO;520,00;24/10/2025;17:55:25;20;1283-20
CO2;1283;CT-CO2-0;1f94f8ad-7171-b062-c0a5-dbf839ac97e9;CD:E6:D3:07;0;AVIÁRIO MEIO;528,00;24/10/2025;18:00:27;20;1283-20
CO2;1283;CT-CO2-0;1f94f8ad-7171-b062-c0a5-dbf839ac97e9;CD:E6:D3:07;0;AVIÁRIO MEIO;527,00;24/10/2025;18:06:31;20;1283-20
CO2;1283;CT-CO2-0;1f94f8ad-7171-b062-c0a5-dbf839ac97e9;CD:E6:D3:07;0;AVIÁRIO MEIO;524,00;24/10/2025;18:11:33;20;1283-20
CO2;1283;CT-CO2-0;1f94f8ad-7171-b062-c0a5-dbf839ac97e9;CD:E6:D3:07;0;AVIÁRIO MEIO;540,00;24/10/2025;18:16:35;20;1283-20
CO2;1283;CT-CO2-0;1f94f8ad-7171-b062-c0a5-dbf839ac97e9;CD:E6:D3:07;0;AVIÁRIO MEIO;557,00;24/10/2025;18:22:08;20;1283-20
CO2;1283;CT-CO2-0;1f94f8ad-7171-b062-c0a5-dbf839ac97e9;CD:E6:D3:07;0;AVIÁRIO MEIO;583,00;24/10/2025;18:27:39;20;1283-20
CO2;1283;CT-CO2-0;1f94f8ad-7171-b062-c0a5-dbf839ac97e9;CD:E6:D3:07;0;AVIÁRIO MEIO;563,00;24/10/2025;18:33:12;20;1283-20
CO2;1283;CT-CO2-0;1f94f8ad-7171-b062-c0a5-dbf839ac97e9;CD:E6:D3:07;0;AVIÁRIO MEIO;550,00;24/10/2025;18:38:13;20;1283-20
CO2;1283;CT-CO2-0;1f94f8ad-7171-b062-c0a5-dbf839ac97e9;CD:E6:D3:07;0;AVIÁRIO MEIO;615,00;24/10/2025;18:43:45;20;1283-20
CO2;1283;CT-CO2-0;1f94f8ad-7171-b062-c0a5-dbf839ac97e9;CD:E6:D3:07;0;AVIÁRIO MEIO;678,00;24/10/2025;18:49:17;20;1283-20
CO2;1283;CT-CO2-0;1f94f8ad-7171-b062-c0a5-dbf839ac97e9;CD:E6:D3:07;0;AVIÁRIO MEIO;758,00;24/10/2025;18:54:18;20;1283-20
CO2;1283;CT-CO2-0;1f94f8ad-7171-b062-c0a5-dbf839ac97e9;CD:E6:D3:07;0;AVIÁRIO MEIO;760,00;24/10/2025;18:59:50;20;1283-20
CO2;1283;CT-CO2-0;1f94f8ad-7171-b062-c0a5-dbf839ac97e9;CD:E6:D3:07;0;AVIÁRIO MEIO;792,00;24/10/2025;19:05:22;20;1283-20
CO2;1283;CT-CO2-0;1f94f8ad-7171-b062-c0a5-dbf839ac97e9;CD:E6:D3:07;0;AVIÁRIO MEIO;796,00;24/10/2025;19:10:24;20;1283-20
CO2;1283;CT-CO2-0;1f94f8ad-7171-b062-c0a5-dbf839ac97e9;CD:E6:D3:07;0;AVIÁRIO MEIO;811,00;24/10/2025;19:16:28;20;1283-20
CO2;1283;CT-CO2-0;1f94f8ad-7171-b062-c0a5-dbf839ac97e9;CD:E6:D3:07;0;AVIÁRIO MEIO;807,00;24/10/2025;19:21:30;20;1283-20
CO2;1283;CT-CO2-0;1f94f8ad-7171-b062-c0a5-dbf839ac97e9;CD:E6:D3:07;0;AVIÁRIO MEIO;816,00;24/10/2025;19:26:32;20;1283-20
CO2;1283;CT-CO2-0;1f94f8ad-7171-b062-c0a5-dbf839ac97e9;CD:E6:D3:07;0;AVIÁRIO MEIO;804,00;24/10/2025;19:32:04;20;1283-20
CO2;1283;CT-CO2-0;1f94f8ad-7171-b062-c0a5-dbf839ac97e9;CD:E6:D3:07;0;AVIÁRIO MEIO;800,00;24/10/2025;19:37:36;20;1283-20
CO2;1283;CT-CO2-0;1f94f8ad-7171-b062-c0a5-dbf839ac97e9;CD:E6:D3:07;0;AVIÁRIO MEIO;812,00;24/10/2025;19:42:38;20;1283-20
CO2;1283;CT-CO2-0;1f94f8ad-7171-b062-c0a5-dbf839ac97e9;CD:E6:D3:07;0;AVIÁRIO MEIO;853,00;24/10/2025;19:59:14;20;1283-20
CO2;1283;CT-CO2-0;1f94f8ad-7171-b062-c0a5-dbf839ac97e9;CD:E6:D3:07;0;AVIÁRIO MEIO;853,00;24/10/2025;20:04:21;20;1283-20
CO2;1283;CT-CO2-0;1f94f8ad-7171-b062-c0a5-dbf839ac97e9;CD:E6:D3:07;0;AVIÁRIO MEIO;875,00;24/10/2025;20:09:53;20;1283-20
CO2;1283;CT-CO2-0;1f94f8ad-7171-b062-c0a5-dbf839ac97e9;CD:E6:D3:07;0;AVIÁRIO MEIO;859,00;24/10/2025;20:20:27;20;1283-20
CO2;1283;CT-CO2-0;1f94f8ad-7171-b062-c0a5-dbf839ac97e9;CD:E6:D3:07;0;AVIÁRIO MEIO;881,00;24/10/2025;20:26:31;20;1283-20
CO2;1283;CT-CO2-0;1f94f8ad-7171-b062-c0a5-dbf839ac97e9;CD:E6:D3:07;0;AVIÁRIO MEIO;869,00;24/10/2025;20:31:03;20;1283-20
CO2;1283;CT-CO2-0;1f94f8ad-7171-b062-c0a5-dbf839ac97e9;CD:E6:D3:07;0;AVIÁRIO MEIO;900,00;24/10/2025;20:36:35;20;1283-20
CO2;1283;CT-CO2-0;1f94f8ad-7171-b062-c0a5-dbf839ac97e9;CD:E6:D3:07;0;AVIÁRIO MEIO;931,00;24/10/2025;20:42:07;20;1283-20
CO2;1283;CT-CO2-0;1f94f8ad-7171-b062-c0a5-dbf839ac97e9;CD:E6:D3:07;0;AVIÁRIO MEIO;948,00;24/10/2025;20:47:09;20;1283-20
CO2;1283;CT-CO2-0;1f94f8ad-7171-b062-c0a5-dbf839ac97e9;CD:E6:D3:07;0;AVIÁRIO MEIO;924,00;24/10/2025;20:52:47;20;1283-20
CO2;1283;CT-CO2-0;1f94f8ad-7171-b062-c0a5-dbf839ac97e9;CD:E6:D3:07;0;AVIÁRIO MEIO;923,00;24/10/2025;20:58:18;20;1283-20
CO2;1283;CT-CO2-0;1f94f8ad-7171-b062-c0a5-dbf839ac97e9;CD:E6:D3:07;0;AVIÁRIO MEIO;972,00;24/10/2025;21:06:51;20;1283-20
CO2;1283;CT-CO2-0;1f94f8ad-7171-b062-c0a5-dbf839ac97e9;CD:E6:D3:07;0;AVIÁRIO MEIO;951,00;24/10/2025;21:12:23;20;1283-20
CO2;1283;CT-CO2-0;1f94f8ad-7171-b062-c0a5-dbf839ac97e9;CD:E6:D3:07;0;AVIÁRIO MEIO;952,00;24/10/2025;21:17:56;20;1283-20
CO2;1283;CT-CO2-0;1f94f8ad-7171-b062-c0a5-dbf839ac97e9;CD:E6:D3:07;0;AVIÁRIO MEIO;969,00;24/10/2025;21:22:58;20;1283-20
CO2;1283;CT-CO2-0;1f94f8ad-7171-b062-c0a5-dbf839ac97e9;CD:E6:D3:07;0;AVIÁRIO MEIO;972,00;24/10/2025;21:34:40;20;1283-20
CO2;1283;CT-CO2-0;1f94f8ad-7171-b062-c0a5-dbf839ac97e9;CD:E6:D3:07;0;AVIÁRIO MEIO;949,00;24/10/2025;21:39:11;20;1283-20
CO2;1283;CT-CO2-0;1f94f8ad-7171-b062-c0a5-dbf839ac97e9;CD:E6:D3:07;0;AVIÁRIO MEIO;965,00;24/10/2025;21:44:44;20;1283-20
CO2;1283;CT-CO2-0;1f94f8ad-7171-b062-c0a5-dbf839ac97e9;CD:E6:D3:07;0;AVIÁRIO MEIO;997,00;24/10/2025;21:50:16;20;1283-20
CO2;1283;CT-CO2-0;1f94f8ad-7171-b062-c0a5-dbf839ac97e9;CD:E6:D3:07;0;AVIÁRIO MEIO;992,00;24/10/2025;21:55:18;20;1283-20
CO2;1283;CT-CO2-0;1f94f8ad-7171-b062-c0a5-dbf839ac97e9;CD:E6:D3:07;0;AVIÁRIO MEIO;1.094,00;24/10/2025;22:00:50;20;1283-20
CO2;1283;CT-CO2-0;1f94f8ad-7171-b062-c0a5-dbf839ac97e9;CD:E6:D3:07;0;AVIÁRIO MEIO;1.139,00;24/10/2025;22:06:22;20;1283-20
CO2;1283;CT-CO2-0;1f94f8ad-7171-b062-c0a5-dbf839ac97e9;CD:E6:D3:07;0;AVIÁRIO MEIO;1.019,00;24/10/2025;22:11:25;20;1283-20
CO2;1283;CT-CO2-0;1f94f8ad-7171-b062-c0a5-dbf839ac97e9;CD:E6:D3:07;0;AVIÁRIO MEIO;1.043,00;24/10/2025;22:16:58;20;1283-20
CO2;1283;CT-CO2-0;1f94f8ad-7171-b062-c0a5-dbf839ac97e9;CD:E6:D3:07;0;AVIÁRIO MEIO;988,00;24/10/2025;22:22:30;20;1283-20
CO2;1283;CT-CO2-0;1f94f8ad-7171-b062-c0a5-dbf839ac97e9;CD:E6:D3:07;0;AVIÁRIO MEIO;993,00;24/10/2025;22:27:31;20;1283-20
CO2;1283;CT-CO2-0;1f94f8ad-7171-b062-c0a5-dbf839ac97e9;CD:E6:D3:07;0;AVIÁRIO MEIO;1.054,00;24/10/2025;22:33:03;20;1283-20
CO2;1283;CT-CO2-0;1f94f8ad-7171-b062-c0a5-dbf839ac97e9;CD:E6:D3:07;0;AVIÁRIO MEIO;956,00;24/10/2025;22:44:12;20;1283-20
CO2;1283;CT-CO2-0;1f94f8ad-7171-b062-c0a5-dbf839ac97e9;CD:E6:D3:07;0;AVIÁRIO MEIO;931,00;24/10/2025;22:49:14;20;1283-20
CO2;1283;CT-CO2-0;1f94f8ad-7171-b062-c0a5-dbf839ac97e9;CD:E6:D3:07;0;AVIÁRIO MEIO;934,00;24/10/2025;22:54:46;20;1283-20
CO2;1283;CT-CO2-0;1f94f8ad-7171-b062-c0a5-dbf839ac97e9;CD:E6:D3:07;0;AVIÁRIO MEIO;932,00;24/10/2025;23:05:21;20;1283-20
CO2;1283;CT-CO2-0;1f94f8ad-7171-b062-c0a5-dbf839ac97e9;CD:E6:D3:07;0;AVIÁRIO MEIO;943,00;24/10/2025;23:10:52;20;1283-20
CO2;1283;CT-CO2-0;1f94f8ad-7171-b062-c0a5-dbf839ac97e9;CD:E6:D3:07;0;AVIÁRIO MEIO;973,00;24/10/2025;23:16:25;20;1283-20
CO2;1283;CT-CO2-0;1f94f8ad-7171-b062-c0a5-dbf839ac97e9;CD:E6:D3:07;0;AVIÁRIO MEIO;976,00;24/10/2025;23:21:27;20;1283-20
CO2;1283;CT-CO2-0;1f94f8ad-7171-b062-c0a5-dbf839ac97e9;CD:E6:D3:07;0;AVIÁRIO MEIO;1.012,00;24/10/2025;23:26:58;20;1283-20
CO2;1283;CT-CO2-0;1f94f8ad-7171-b062-c0a5-dbf839ac97e9;CD:E6:D3:07;0;AVIÁRIO MEIO;1.056,00;24/10/2025;23:32:30;20;1283-20
CO2;1283;CT-CO2-0;1f94f8ad-7171-b062-c0a5-dbf839ac97e9;CD:E6:D3:07;0;AVIÁRIO MEIO;991,00;24/10/2025;23:37:32;20;1283-20
CO2;1283;CT-CO2-0;1f94f8ad-7171-b062-c0a5-dbf839ac97e9;CD:E6:D3:07;0;AVIÁRIO MEIO;994,00;24/10/2025;23:43:03;20;1283-20
CO2;1283;CT-CO2-0;1f94f8ad-7171-b062-c0a5-dbf839ac97e9;CD:E6:D3:07;0;AVIÁRIO MEIO;1.021,00;24/10/2025;23:48:37;20;1283-20
CO2;1283;CT-CO2-0;1f94f8ad-7171-b062-c0a5-dbf839ac97e9;CD:E6:D3:07;0;AVIÁRIO MEIO;1.035,00;24/10/2025;23:54:41;20;1283-20
CO2;1283;CT-CO2-0;1f94f8ad-7171-b062-c0a5-dbf839ac97e9;CD:E6:D3:07;0;AVIÁRIO MEIO;1.025,00;24/10/2025;23:59:14;20;1283-20
CO2;1283;CT-CO2-0;1f94f8ad-7171-b062-c0a5-dbf839ac97e9;CD:E6:D3:07;0;AVIÁRIO MEIO;1.029,00;25/10/2025;00:04:46;20;1283-20
CO2;1283;CT-CO2-0;1f94f8ad-7171-b062-c0a5-dbf839ac97e9;CD:E6:D3:07;0;AVIÁRIO MEIO;1.061,00;25/10/2025;00:10:18;20;1283-20
CO2;1283;CT-CO2-0;1f94f8ad-7171-b062-c0a5-dbf839ac97e9;CD:E6:D3:07;0;AVIÁRIO MEIO;1.030,00;25/10/2025;00:15:20;20;1283-20
CO2;1283;CT-CO2-0;1f94f8ad-7171-b062-c0a5-dbf839ac97e9;CD:E6:D3:07;0;AVIÁRIO MEIO;1.041,00;25/10/2025;00:20:52;20;1283-20
CO2;1283;CT-CO2-0;1f94f8ad-7171-b062-c0a5-dbf839ac97e9;CD:E6:D3:07;0;AVIÁRIO MEIO;1.046,00;25/10/2025;00:26:25;20;1283-20
CO2;1283;CT-CO2-0;1f94f8ad-7171-b062-c0a5-dbf839ac97e9;CD:E6:D3:07;0;AVIÁRIO MEIO;1.044,00;25/10/2025;00:31:26;20;1283-20
CO2;1283;CT-CO2-0;1f94f8ad-7171-b062-c0a5-dbf839ac97e9;CD:E6:D3:07;0;AVIÁRIO MEIO;1.060,00;25/10/2025;00:36:58;20;1283-20
CO2;1283;CT-CO2-0;1f94f8ad-7171-b062-c0a5-dbf839ac97e9;CD:E6:D3:07;0;AVIÁRIO MEIO;1.131,00;25/10/2025;00:42:30;20;1283-20
CO2;1283;CT-CO2-0;1f94f8ad-7171-b062-c0a5-dbf839ac97e9;CD:E6:D3:07;0;AVIÁRIO MEIO;1.099,00;25/10/2025;00:48:03;20;1283-20
CO2;1283;CT-CO2-0;1f94f8ad-7171-b062-c0a5-dbf839ac97e9;CD:E6:D3:07;0;AVIÁRIO MEIO;1.088,00;25/10/2025;00:53:05;20;1283-20
CO2;1283;CT-CO2-0;1f94f8ad-7171-b062-c0a5-dbf839ac97e9;CD:E6:D3:07;0;AVIÁRIO MEIO;1.095,00;25/10/2025;01:04:42;20;1283-20
CO2;1283;CT-CO2-0;1f94f8ad-7171-b062-c0a5-dbf839ac97e9;CD:E6:D3:07;0;AVIÁRIO MEIO;1.152,00;25/10/2025;01:09:14;20;1283-20
CO2;1283;CT-CO2-0;1f94f8ad-7171-b062-c0a5-dbf839ac97e9;CD:E6:D3:07;0;AVIÁRIO MEIO;1.230,00;25/10/2025;01:14:46;20;1283-20
CO2;1283;CT-CO2-0;1f94f8ad-7171-b062-c0a5-dbf839ac97e9;CD:E6:D3:07;0;AVIÁRIO MEIO;1.191,00;25/10/2025;01:20:18;20;1283-20
CO2;1283;CT-CO2-0;1f94f8ad-7171-b062-c0a5-dbf839ac97e9;CD:E6:D3:07;0;AVIÁRIO MEIO;1.142,00;25/10/2025;01:25:20;20;1283-20
CO2;1283;CT-CO2-0;1f94f8ad-7171-b062-c0a5-dbf839ac97e9;CD:E6:D3:07;0;AVIÁRIO MEIO;1.123,00;25/10/2025;01:30:52;20;1283-20
CO2;1283;CT-CO2-0;1f94f8ad-7171-b062-c0a5-dbf839ac97e9;CD:E6:D3:07;0;AVIÁRIO MEIO;1.171,00;25/10/2025;01:36:26;20;1283-20
CO2;1283;CT-CO2-0;1f94f8ad-7171-b062-c0a5-dbf839ac97e9;CD:E6:D3:07;0;AVIÁRIO MEIO;1.179,00;25/10/2025;01:41:28;20;1283-20
CO2;1283;CT-CO2-0;1f94f8ad-7171-b062-c0a5-dbf839ac97e9;CD:E6:D3:07;0;AVIÁRIO MEIO;1.149,00;25/10/2025;01:47:01;20;1283-20
CO2;1283;CT-CO2-0;1f94f8ad-7171-b062-c0a5-dbf839ac97e9;CD:E6:D3:07;0;AVIÁRIO MEIO;1.133,00;25/10/2025;01:52:33;20;1283-20
CO2;1283;CT-CO2-0;1f94f8ad-7171-b062-c0a5-dbf839ac97e9;CD:E6:D3:07;0;AVIÁRIO MEIO;1.179,00;25/10/2025;01:58:05;20;1283-20
CO2;1283;CT-CO2-0;1f94f8ad-7171-b062-c0a5-dbf839ac97e9;CD:E6:D3:07;0;AVIÁRIO MEIO;1.151,00;25/10/2025;02:03:07;20;1283-20
CO2;1283;CT-CO2-0;1f94f8ad-7171-b062-c0a5-dbf839ac97e9;CD:E6:D3:07;0;AVIÁRIO MEIO;1.246,00;25/10/2025;02:08:39;20;1283-20
CO2;1283;CT-CO2-0;1f94f8ad-7171-b062-c0a5-dbf839ac97e9;CD:E6:D3:07;0;AVIÁRIO MEIO;1.222,00;25/10/2025;02:14:43;20;1283-20
CO2;1283;CT-CO2-0;1f94f8ad-7171-b062-c0a5-dbf839ac97e9;CD:E6:D3:07;0;AVIÁRIO MEIO;1.139,00;25/10/2025;02:19:14;20;1283-20
CO2;1283;CT-CO2-0;1f94f8ad-7171-b062-c0a5-dbf839ac97e9;CD:E6:D3:07;0;AVIÁRIO MEIO;1.160,00;25/10/2025;02:24:46;20;1283-20
CO2;1283;CT-CO2-0;1f94f8ad-7171-b062-c0a5-dbf839ac97e9;CD:E6:D3:07;0;AVIÁRIO MEIO;1.187,00;25/10/2025;02:30:18;20;1283-20
CO2;1283;CT-CO2-0;1f94f8ad-7171-b062-c0a5-dbf839ac97e9;CD:E6:D3:07;0;AVIÁRIO MEIO;1.161,00;25/10/2025;02:35:50;20;1283-20
CO2;1283;CT-CO2-0;1f94f8ad-7171-b062-c0a5-dbf839ac97e9;CD:E6:D3:07;0;AVIÁRIO MEIO;1.193,00;25/10/2025;02:40:52;20;1283-20
CO2;1283;CT-CO2-0;1f94f8ad-7171-b062-c0a5-dbf839ac97e9;CD:E6:D3:07;0;AVIÁRIO MEIO;1.294,00;25/10/2025;02:46:24;20;1283-20
CO2;1283;CT-CO2-0;1f94f8ad-7171-b062-c0a5-dbf839ac97e9;CD:E6:D3:07;0;AVIÁRIO MEIO;1.264,00;25/10/2025;02:51:56;20;1283-20
CO2;1283;CT-CO2-0;1f94f8ad-7171-b062-c0a5-dbf839ac97e9;CD:E6:D3:07;0;AVIÁRIO MEIO;1.169,00;25/10/2025;02:56:57;20;1283-20
CO2;1283;CT-CO2-0;1f94f8ad-7171-b062-c0a5-dbf839ac97e9;CD:E6:D3:07;0;AVIÁRIO MEIO;1.216,00;25/10/2025;03:02:29;20;1283-20
CO2;1283;CT-CO2-0;1f94f8ad-7171-b062-c0a5-dbf839ac97e9;CD:E6:D3:07;0;AVIÁRIO MEIO;1.203,00;25/10/2025;03:08:01;20;1283-20
CO2;1283;CT-CO2-0;1f94f8ad-7171-b062-c0a5-dbf839ac97e9;CD:E6:D3:07;0;AVIÁRIO MEIO;1.345,00;25/10/2025;03:24:41;20;1283-20
CO2;1283;CT-CO2-0;1f94f8ad-7171-b062-c0a5-dbf839ac97e9;CD:E6:D3:07;0;AVIÁRIO MEIO;1.203,00;25/10/2025;03:29:44;20;1283-20
CO2;1283;CT-CO2-0;1f94f8ad-7171-b062-c0a5-dbf839ac97e9;CD:E6:D3:07;0;AVIÁRIO MEIO;1.187,00;25/10/2025;03:34:47;20;1283-20
CO2;1283;CT-CO2-0;1f94f8ad-7171-b062-c0a5-dbf839ac97e9;CD:E6:D3:07;0;AVIÁRIO MEIO;1.147,00;25/10/2025;03:40:19;20;1283-20
CO2;1283;CT-CO2-0;1f94f8ad-7171-b062-c0a5-dbf839ac97e9;CD:E6:D3:07;0;AVIÁRIO MEIO;1.255,00;25/10/2025;03:45:51;20;1283-20
CO2;1283;CT-CO2-0;1f94f8ad-7171-b062-c0a5-dbf839ac97e9;CD:E6:D3:07;0;AVIÁRIO MEIO;1.302,00;25/10/2025;03:50:52;20;1283-20
CO2;1283;CT-CO2-0;1f94f8ad-7171-b062-c0a5-dbf839ac97e9;CD:E6:D3:07;0;AVIÁRIO MEIO;1.233,00;25/10/2025;03:56:24;20;1283-20
CO2;1283;CT-CO2-0;1f94f8ad-7171-b062-c0a5-dbf839ac97e9;CD:E6:D3:07;0;AVIÁRIO MEIO;1.154,00;25/10/2025;04:01:57;20;1283-20
CO2;1283;CT-CO2-0;1f94f8ad-7171-b062-c0a5-dbf839ac97e9;CD:E6:D3:07;0;AVIÁRIO MEIO;1.228,00;25/10/2025;04:07:28;20;1283-20
CO2;1283;CT-CO2-0;1f94f8ad-7171-b062-c0a5-dbf839ac97e9;CD:E6:D3:07;0;AVIÁRIO MEIO;1.245,00;25/10/2025;04:12:33;20;1283-20
CO2;1283;CT-CO2-0;1f94f8ad-7171-b062-c0a5-dbf839ac97e9;CD:E6:D3:07;0;AVIÁRIO MEIO;1.193,00;25/10/2025;04:18:04;20;1283-20
CO2;1283;CT-CO2-0;1f94f8ad-7171-b062-c0a5-dbf839ac97e9;CD:E6:D3:07;0;AVIÁRIO MEIO;1.311,00;25/10/2025;04:23:37;20;1283-20
CO2;1283;CT-CO2-0;1f94f8ad-7171-b062-c0a5-dbf839ac97e9;CD:E6:D3:07;0;AVIÁRIO MEIO;1.273,00;25/10/2025;04:34:41;20;1283-20
CO2;1283;CT-CO2-0;1f94f8ad-7171-b062-c0a5-dbf839ac97e9;CD:E6:D3:07;0;AVIÁRIO MEIO;1.224,00;25/10/2025;04:39:43;20;1283-20
CO2;1283;CT-CO2-0;1f94f8ad-7171-b062-c0a5-dbf839ac97e9;CD:E6:D3:07;0;AVIÁRIO MEIO;1.302,00;25/10/2025;04:44:45;20;1283-20
CO2;1283;CT-CO2-0;1f94f8ad-7171-b062-c0a5-dbf839ac97e9;CD:E6:D3:07;0;AVIÁRIO MEIO;1.345,00;25/10/2025;04:50:17;20;1283-20
CO2;1283;CT-CO2-0;1f94f8ad-7171-b062-c0a5-dbf839ac97e9;CD:E6:D3:07;0;AVIÁRIO MEIO;1.266,00;25/10/2025;04:55:49;20;1283-20
CO2;1283;CT-CO2-0;1f94f8ad-7171-b062-c0a5-dbf839ac97e9;CD:E6:D3:07;0;AVIÁRIO MEIO;1.221,00;25/10/2025;05:01:22;20;1283-20
CO2;1283;CT-CO2-0;1f94f8ad-7171-b062-c0a5-dbf839ac97e9;CD:E6:D3:07;0;AVIÁRIO MEIO;1.254,00;25/10/2025;05:06:24;20;1283-20
CO2;1283;CT-CO2-0;1f94f8ad-7171-b062-c0a5-dbf839ac97e9;CD:E6:D3:07;0;AVIÁRIO MEIO;1.237,00;25/10/2025;05:11:57;20;1283-20
CO2;1283;CT-CO2-0;1f94f8ad-7171-b062-c0a5-dbf839ac97e9;CD:E6:D3:07;0;AVIÁRIO MEIO;1.220,00;25/10/2025;05:17:29;20;1283-20
CO2;1283;CT-CO2-0;1f94f8ad-7171-b062-c0a5-dbf839ac97e9;CD:E6:D3:07;0;AVIÁRIO MEIO;1.307,00;25/10/2025;05:22:30;20;1283-20
CO2;1283;CT-CO2-0;1f94f8ad-7171-b062-c0a5-dbf839ac97e9;CD:E6:D3:07;0;AVIÁRIO MEIO;1.240,00;25/10/2025;05:28:02;20;1283-20
CO2;1283;CT-CO2-0;1f94f8ad-7171-b062-c0a5-dbf839ac97e9;CD:E6:D3:07;0;AVIÁRIO MEIO;1.282,00;25/10/2025;05:33:34;20;1283-20
CO2;1283;CT-CO2-0;1f94f8ad-7171-b062-c0a5-dbf839ac97e9;CD:E6:D3:07;0;AVIÁRIO MEIO;1.296,00;25/10/2025;05:39:06;20;1283-20
CO2;1283;CT-CO2-0;1f94f8ad-7171-b062-c0a5-dbf839ac97e9;CD:E6:D3:07;0;AVIÁRIO MEIO;1.228,00;25/10/2025;05:44:41;20;1283-20
CO2;1283;CT-CO2-0;1f94f8ad-7171-b062-c0a5-dbf839ac97e9;CD:E6:D3:07;0;AVIÁRIO MEIO;1.275,00;25/10/2025;05:49:43;20;1283-20
CO2;1283;CT-CO2-0;1f94f8ad-7171-b062-c0a5-dbf839ac97e9;CD:E6:D3:07;0;AVIÁRIO MEIO;1.298,00;25/10/2025;05:55:14;20;1283-20
CO2;1283;CT-CO2-0;1f94f8ad-7171-b062-c0a5-dbf839ac97e9;CD:E6:D3:07;0;AVIÁRIO MEIO;1.263,00;25/10/2025;06:00:16;20;1283-20
CO2;1283;CT-CO2-0;1f94f8ad-7171-b062-c0a5-dbf839ac97e9;CD:E6:D3:07;0;AVIÁRIO MEIO;1.223,00;25/10/2025;06:05:49;20;1283-20
CO2;1283;CT-CO2-0;1f94f8ad-7171-b062-c0a5-dbf839ac97e9;CD:E6:D3:07;0;AVIÁRIO MEIO;1.343,00;25/10/2025;06:11:21;20;1283-20
CO2;1283;CT-CO2-0;1f94f8ad-7171-b062-c0a5-dbf839ac97e9;CD:E6:D3:07;0;AVIÁRIO MEIO;1.352,00;25/10/2025;06:16:52;20;1283-20
CO2;1283;CT-CO2-0;1f94f8ad-7171-b062-c0a5-dbf839ac97e9;CD:E6:D3:07;0;AVIÁRIO MEIO;1.289,00;25/10/2025;06:21:54;20;1283-20
CO2;1283;CT-CO2-0;1f94f8ad-7171-b062-c0a5-dbf839ac97e9;CD:E6:D3:07;0;AVIÁRIO MEIO;1.222,00;25/10/2025;06:27:26;20;1283-20
CO2;1283;CT-CO2-0;1f94f8ad-7171-b062-c0a5-dbf839ac97e9;CD:E6:D3:07;0;AVIÁRIO MEIO;1.261,00;25/10/2025;06:38:01;20;1283-20
CO2;1283;CT-CO2-0;1f94f8ad-7171-b062-c0a5-dbf839ac97e9;CD:E6:D3:07;0;AVIÁRIO MEIO;1.230,00;25/10/2025;06:49:08;20;1283-20
CO2;1283;CT-CO2-0;1f94f8ad-7171-b062-c0a5-dbf839ac97e9;CD:E6:D3:07;0;AVIÁRIO MEIO;1.131,00;25/10/2025;06:54:41;20;1283-20
CO2;1283;CT-CO2-0;1f94f8ad-7171-b062-c0a5-dbf839ac97e9;CD:E6:D3:07;0;AVIÁRIO MEIO;1.170,00;25/10/2025;06:59:43;20;1283-20
CO2;1283;CT-CO2-0;1f94f8ad-7171-b062-c0a5-dbf839ac97e9;CD:E6:D3:07;0;AVIÁRIO MEIO;1.134,00;25/10/2025;07:05:15;20;1283-20
CO2;1283;CT-CO2-0;1f94f8ad-7171-b062-c0a5-dbf839ac97e9;CD:E6:D3:07;0;AVIÁRIO MEIO;1.091,00;25/10/2025;07:10:46;20;1283-20
CO2;1283;CT-CO2-0;1f94f8ad-7171-b062-c0a5-dbf839ac97e9;CD:E6:D3:07;0;AVIÁRIO MEIO;1.090,00;25/10/2025;07:15:48;20;1283-20
CO2;1283;CT-CO2-0;1f94f8ad-7171-b062-c0a5-dbf839ac97e9;CD:E6:D3:07;0;AVIÁRIO MEIO;1.111,00;25/10/2025;07:21:20;20;1283-20
CO2;1283;CT-CO2-0;1f94f8ad-7171-b062-c0a5-dbf839ac97e9;CD:E6:D3:07;0;AVIÁRIO MEIO;1.112,00;25/10/2025;07:26:53;20;1283-20
CO2;1283;CT-CO2-0;1f94f8ad-7171-b062-c0a5-dbf839ac97e9;CD:E6:D3:07;0;AVIÁRIO MEIO;1.064,00;25/10/2025;07:32:24;20;1283-20
CO2;1283;CT-CO2-0;1f94f8ad-7171-b062-c0a5-dbf839ac97e9;CD:E6:D3:07;0;AVIÁRIO MEIO;1.094,00;25/10/2025;07:37:26;20;1283-20
CO2;1283;CT-CO2-0;1f94f8ad-7171-b062-c0a5-dbf839ac97e9;CD:E6:D3:07;0;AVIÁRIO MEIO;1.087,00;25/10/2025;07:42:59;20;1283-20
CO2;1283;CT-CO2-0;1f94f8ad-7171-b062-c0a5-dbf839ac97e9;CD:E6:D3:07;0;AVIÁRIO MEIO;1.014,00;25/10/2025;07:48:33;20;1283-20
CO2;1283;CT-CO2-0;1f94f8ad-7171-b062-c0a5-dbf839ac97e9;CD:E6:D3:07;0;AVIÁRIO MEIO;968,00;25/10/2025;07:59:07;20;1283-20
CO2;1283;CT-CO2-0;1f94f8ad-7171-b062-c0a5-dbf839ac97e9;CD:E6:D3:07;0;AVIÁRIO MEIO;994,00;25/10/2025;08:05:10;20;1283-20
CO2;1283;CT-CO2-0;1f94f8ad-7171-b062-c0a5-dbf839ac97e9;CD:E6:D3:07;0;AVIÁRIO MEIO;983,00;25/10/2025;08:10:12;20;1283-20
CO2;1283;CT-CO2-0;1f94f8ad-7171-b062-c0a5-dbf839ac97e9;CD:E6:D3:07;0;AVIÁRIO MEIO;957,00;25/10/2025;08:15:14;20;1283-20
CO2;1283;CT-CO2-0;1f94f8ad-7171-b062-c0a5-dbf839ac97e9;CD:E6:D3:07;0;AVIÁRIO MEIO;901,00;25/10/2025;08:20:45;20;1283-20
CO2;1283;CT-CO2-0;1f94f8ad-7171-b062-c0a5-dbf839ac97e9;CD:E6:D3:07;0;AVIÁRIO MEIO;932,00;25/10/2025;08:26:18;20;1283-20
CO2;1283;CT-CO2-0;1f94f8ad-7171-b062-c0a5-dbf839ac97e9;CD:E6:D3:07;0;AVIÁRIO MEIO;895,00;25/10/2025;08:31:49;20;1283-20
CO2;1283;CT-CO2-0;1f94f8ad-7171-b062-c0a5-dbf839ac97e9;CD:E6:D3:07;0;AVIÁRIO MEIO;904,00;25/10/2025;08:36:52;20;1283-20
CO2;1283;CT-CO2-0;1f94f8ad-7171-b062-c0a5-dbf839ac97e9;CD:E6:D3:07;0;AVIÁRIO MEIO;875,00;25/10/2025;08:42:24;20;1283-20
CO2;1283;CT-CO2-0;1f94f8ad-7171-b062-c0a5-dbf839ac97e9;CD:E6:D3:07;0;AVIÁRIO MEIO;873,00;25/10/2025;08:47:56;20;1283-20
CO2;1283;CT-CO2-0;1f94f8ad-7171-b062-c0a5-dbf839ac97e9;CD:E6:D3:07;0;AVIÁRIO MEIO;856,00;25/10/2025;08:52:58;20;1283-20
CO2;1283;CT-CO2-0;1f94f8ad-7171-b062-c0a5-dbf839ac97e9;CD:E6:D3:07;0;AVIÁRIO MEIO;856,00;25/10/2025;08:58:30;20;1283-20
CO2;1283;CT-CO2-0;1f94f8ad-7171-b062-c0a5-dbf839ac97e9;CD:E6:D3:07;0;AVIÁRIO MEIO;846,00;25/10/2025;09:04:02;20;1283-20
CO2;1283;CT-CO2-0;1f94f8ad-7171-b062-c0a5-dbf839ac97e9;CD:E6:D3:07;0;AVIÁRIO MEIO;851,00;25/10/2025;09:09:35;20;1283-20
CO2;1283;CT-CO2-0;1f94f8ad-7171-b062-c0a5-dbf839ac97e9;CD:E6:D3:07;0;AVIÁRIO MEIO;841,00;25/10/2025;09:15:09;20;1283-20
CO2;1283;CT-CO2-0;1f94f8ad-7171-b062-c0a5-dbf839ac97e9;CD:E6:D3:07;0;AVIÁRIO MEIO;842,00;25/10/2025;09:20:12;20;1283-20
CO2;1283;CT-CO2-0;1f94f8ad-7171-b062-c0a5-dbf839ac97e9;CD:E6:D3:07;0;AVIÁRIO MEIO;816,00;25/10/2025;09:25:44;20;1283-20
CO2;1283;CT-CO2-0;1f94f8ad-7171-b062-c0a5-dbf839ac97e9;CD:E6:D3:07;0;AVIÁRIO MEIO;833,00;25/10/2025;09:30:47;20;1283-20
CO2;1283;CT-CO2-0;1f94f8ad-7171-b062-c0a5-dbf839ac97e9;CD:E6:D3:07;0;AVIÁRIO MEIO;858,00;25/10/2025;09:36:19;20;1283-20
CO2;1283;CT-CO2-0;1f94f8ad-7171-b062-c0a5-dbf839ac97e9;CD:E6:D3:07;0;AVIÁRIO MEIO;842,00;25/10/2025;09:41:51;20;1283-20
CO2;1283;CT-CO2-0;1f94f8ad-7171-b062-c0a5-dbf839ac97e9;CD:E6:D3:07;0;AVIÁRIO MEIO;843,00;25/10/2025;09:47:24;20;1283-20
CO2;1283;CT-CO2-0;1f94f8ad-7171-b062-c0a5-dbf839ac97e9;CD:E6:D3:07;0;AVIÁRIO MEIO;852,00;25/10/2025;09:52:26;20;1283-20
CO2;1283;CT-CO2-0;1f94f8ad-7171-b062-c0a5-dbf839ac97e9;CD:E6:D3:07;0;AVIÁRIO MEIO;848,00;25/10/2025;09:57:58;20;1283-20
CO2;1283;CT-CO2-0;1f94f8ad-7171-b062-c0a5-dbf839ac97e9;CD:E6:D3:07;0;AVIÁRIO MEIO;849,00;25/10/2025;10:09:03;20;1283-20
CO2;1283;CT-CO2-0;1f94f8ad-7171-b062-c0a5-dbf839ac97e9;CD:E6:D3:07;0;AVIÁRIO MEIO;826,00;25/10/2025;10:14:05;20;1283-20
CO2;1283;CT-CO2-0;1f94f8ad-7171-b062-c0a5-dbf839ac97e9;CD:E6:D3:07;0;AVIÁRIO MEIO;859,00;25/10/2025;10:19:37;20;1283-20
CO2;1283;CT-CO2-0;1f94f8ad-7171-b062-c0a5-dbf839ac97e9;CD:E6:D3:07;0;AVIÁRIO MEIO;844,00;25/10/2025;10:25:41;20;1283-20
CO2;1283;CT-CO2-0;1f94f8ad-7171-b062-c0a5-dbf839ac97e9;CD:E6:D3:07;0;AVIÁRIO MEIO;759,00;25/10/2025;10:30:13;20;1283-20
CO2;1283;CT-CO2-0;1f94f8ad-7171-b062-c0a5-dbf839ac97e9;CD:E6:D3:07;0;AVIÁRIO MEIO;619,00;25/10/2025;10:35:45;20;1283-20
CO2;1283;CT-CO2-0;1f94f8ad-7171-b062-c0a5-dbf839ac97e9;CD:E6:D3:07;0;AVIÁRIO MEIO;586,00;25/10/2025;10:41:17;20;1283-20
CO2;1283;CT-CO2-0;1f94f8ad-7171-b062-c0a5-dbf839ac97e9;CD:E6:D3:07;0;AVIÁRIO MEIO;588,00;25/10/2025;10:46:49;20;1283-20
CO2;1283;CT-CO2-0;1f94f8ad-7171-b062-c0a5-dbf839ac97e9;CD:E6:D3:07;0;AVIÁRIO MEIO;563,00;25/10/2025;10:51:51;20;1283-20
CO2;1283;CT-CO2-0;1f94f8ad-7171-b062-c0a5-dbf839ac97e9;CD:E6:D3:07;0;AVIÁRIO MEIO;578,00;25/10/2025;10:57:23;20;1283-20
CO2;1283;CT-CO2-0;1f94f8ad-7171-b062-c0a5-dbf839ac97e9;CD:E6:D3:07;0;AVIÁRIO MEIO;581,00;25/10/2025;11:02:55;20;1283-20
CO2;1283;CT-CO2-0;1f94f8ad-7171-b062-c0a5-dbf839ac97e9;CD:E6:D3:07;0;AVIÁRIO MEIO;554,00;25/10/2025;11:13:36;20;1283-20
CO2;1283;CT-CO2-0;1f94f8ad-7171-b062-c0a5-dbf839ac97e9;CD:E6:D3:07;0;AVIÁRIO MEIO;572,00;25/10/2025;11:19:08;20;1283-20
CO2;1283;CT-CO2-0;1f94f8ad-7171-b062-c0a5-dbf839ac97e9;CD:E6:D3:07;0;AVIÁRIO MEIO;531,00;25/10/2025;11:24:13;20;1283-20
CO2;1283;CT-CO2-0;1f94f8ad-7171-b062-c0a5-dbf839ac97e9;CD:E6:D3:07;0;AVIÁRIO MEIO;523,00;25/10/2025;11:29:46;20;1283-20
CO2;1283;CT-CO2-0;1f94f8ad-7171-b062-c0a5-dbf839ac97e9;CD:E6:D3:07;0;AVIÁRIO MEIO;544,00;25/10/2025;11:35:49;20;1283-20
CO2;1283;CT-CO2-0;1f94f8ad-7171-b062-c0a5-dbf839ac97e9;CD:E6:D3:07;0;AVIÁRIO MEIO;543,00;25/10/2025;11:40:27;20;1283-20
CO2;1283;CT-CO2-0;1f94f8ad-7171-b062-c0a5-dbf839ac97e9;CD:E6:D3:07;0;AVIÁRIO MEIO;533,00;25/10/2025;11:46:00;20;1283-20
CO2;1283;CT-CO2-0;1f94f8ad-7171-b062-c0a5-dbf839ac97e9;CD:E6:D3:07;0;AVIÁRIO MEIO;542,00;25/10/2025;11:51:02;20;1283-20
CO2;1283;CT-CO2-0;1f94f8ad-7171-b062-c0a5-dbf839ac97e9;CD:E6:D3:07;0;AVIÁRIO MEIO;548,00;25/10/2025;11:56:33;20;1283-20
CO2;1283;CT-CO2-0;1f94f8ad-7171-b062-c0a5-dbf839ac97e9;CD:E6:D3:07;0;AVIÁRIO MEIO;529,00;25/10/2025;12:02:06;20;1283-20
CO2;1283;CT-CO2-0;1f94f8ad-7171-b062-c0a5-dbf839ac97e9;CD:E6:D3:07;0;AVIÁRIO MEIO;541,00;25/10/2025;12:07:38;20;1283-20
CO2;1283;CT-CO2-0;1f94f8ad-7171-b062-c0a5-dbf839ac97e9;CD:E6:D3:07;0;AVIÁRIO MEIO;537,00;25/10/2025;12:12:40;20;1283-20
CO2;1283;CT-CO2-0;1f94f8ad-7171-b062-c0a5-dbf839ac97e9;CD:E6:D3:07;0;AVIÁRIO MEIO;573,00;25/10/2025;12:18:12;20;1283-20
CO2;1283;CT-CO2-0;1f94f8ad-7171-b062-c0a5-dbf839ac97e9;CD:E6:D3:07;0;AVIÁRIO MEIO;551,00;25/10/2025;12:23:44;20;1283-20
CO2;1283;CT-CO2-0;1f94f8ad-7171-b062-c0a5-dbf839ac97e9;CD:E6:D3:07;0;AVIÁRIO MEIO;539,00;25/10/2025;12:29:16;20;1283-20
CO2;1283;CT-CO2-0;1f94f8ad-7171-b062-c0a5-dbf839ac97e9;CD:E6:D3:07;0;AVIÁRIO MEIO;530,00;25/10/2025;12:34:18;20;1283-20
CO2;1283;CT-CO2-0;1f94f8ad-7171-b062-c0a5-dbf839ac97e9;CD:E6:D3:07;0;AVIÁRIO MEIO;546,00;25/10/2025;12:39:50;20;1283-20
CO2;1283;CT-CO2-0;1f94f8ad-7171-b062-c0a5-dbf839ac97e9;CD:E6:D3:07;0;AVIÁRIO MEIO;539,00;25/10/2025;12:55:58;20;1283-20
CO2;1283;CT-CO2-0;1f94f8ad-7171-b062-c0a5-dbf839ac97e9;CD:E6:D3:07;0;AVIÁRIO MEIO;615,00;25/10/2025;13:01:31;20;1283-20
CO2;1283;CT-CO2-0;1f94f8ad-7171-b062-c0a5-dbf839ac97e9;CD:E6:D3:07;0;AVIÁRIO MEIO;542,00;25/10/2025;13:07:03;20;1283-20
CO2;1283;CT-CO2-0;1f94f8ad-7171-b062-c0a5-dbf839ac97e9;CD:E6:D3:07;0;AVIÁRIO MEIO;542,00;25/10/2025;13:12:05;20;1283-20
CO2;1283;CT-CO2-0;1f94f8ad-7171-b062-c0a5-dbf839ac97e9;CD:E6:D3:07;0;AVIÁRIO MEIO;556,00;25/10/2025;13:17:38;20;1283-20
CO2;1283;CT-CO2-0;1f94f8ad-7171-b062-c0a5-dbf839ac97e9;CD:E6:D3:07;0;AVIÁRIO MEIO;533,00;25/10/2025;13:23:10;20;1283-20
CO2;1283;CT-CO2-0;1f94f8ad-7171-b062-c0a5-dbf839ac97e9;CD:E6:D3:07;0;AVIÁRIO MEIO;542,00;25/10/2025;13:28:43;20;1283-20
CO2;1283;CT-CO2-0;1f94f8ad-7171-b062-c0a5-dbf839ac97e9;CD:E6:D3:07;0;AVIÁRIO MEIO;545,00;25/10/2025;13:34:15;20;1283-20
CO2;1283;CT-CO2-0;1f94f8ad-7171-b062-c0a5-dbf839ac97e9;CD:E6:D3:07;0;AVIÁRIO MEIO;543,00;25/10/2025;13:39:18;20;1283-20
CO2;1283;CT-CO2-0;1f94f8ad-7171-b062-c0a5-dbf839ac97e9;CD:E6:D3:07;0;AVIÁRIO MEIO;544,00;25/10/2025;13:44:50;20;1283-20
CO2;1283;CT-CO2-0;1f94f8ad-7171-b062-c0a5-dbf839ac97e9;CD:E6:D3:07;0;AVIÁRIO MEIO;540,00;25/10/2025;13:50:22;20;1283-20
CO2;1283;CT-CO2-0;1f94f8ad-7171-b062-c0a5-dbf839ac97e9;CD:E6:D3:07;0;AVIÁRIO MEIO;547,00;25/10/2025;13:55:56;20;1283-20
CO2;1283;CT-CO2-0;1f94f8ad-7171-b062-c0a5-dbf839ac97e9;CD:E6:D3:07;0;AVIÁRIO MEIO;531,00;25/10/2025;14:00:58;20;1283-20
CO2;1283;CT-CO2-0;1f94f8ad-7171-b062-c0a5-dbf839ac97e9;CD:E6:D3:07;0;AVIÁRIO MEIO;589,00;25/10/2025;14:06:30;20;1283-20
CO2;1283;CT-CO2-0;1f94f8ad-7171-b062-c0a5-dbf839ac97e9;CD:E6:D3:07;0;AVIÁRIO MEIO;539,00;25/10/2025;14:12:03;20;1283-20
CO2;1283;CT-CO2-0;1f94f8ad-7171-b062-c0a5-dbf839ac97e9;CD:E6:D3:07;0;AVIÁRIO MEIO;551,00;25/10/2025;14:17:06;20;1283-20
CO2;1283;CT-CO2-0;1f94f8ad-7171-b062-c0a5-dbf839ac97e9;CD:E6:D3:07;0;AVIÁRIO MEIO;530,00;25/10/2025;14:22:37;20;1283-20
CO2;1283;CT-CO2-0;1f94f8ad-7171-b062-c0a5-dbf839ac97e9;CD:E6:D3:07;0;AVIÁRIO MEIO;536,00;25/10/2025;14:28:09;20;1283-20
CO2;1283;CT-CO2-0;1f94f8ad-7171-b062-c0a5-dbf839ac97e9;CD:E6:D3:07;0;AVIÁRIO MEIO;534,00;25/10/2025;14:33:42;20;1283-20
CO2;1283;CT-CO2-0;1f94f8ad-7171-b062-c0a5-dbf839ac97e9;CD:E6:D3:07;0;AVIÁRIO MEIO;532,00;25/10/2025;14:38:54;20;1283-20
CO2;1283;CT-CO2-0;1f94f8ad-7171-b062-c0a5-dbf839ac97e9;CD:E6:D3:07;0;AVIÁRIO MEIO;548,00;25/10/2025;14:44:27;20;1283-20
CO2;1283;CT-CO2-0;1f94f8ad-7171-b062-c0a5-dbf839ac97e9;CD:E6:D3:07;0;AVIÁRIO MEIO;536,00;25/10/2025;14:49:58;20;1283-20
CO2;1283;CT-CO2-0;1f94f8ad-7171-b062-c0a5-dbf839ac97e9;CD:E6:D3:07;0;AVIÁRIO MEIO;544,00;25/10/2025;14:55:00;20;1283-20
CO2;1283;CT-CO2-0;1f94f8ad-7171-b062-c0a5-dbf839ac97e9;CD:E6:D3:07;0;AVIÁRIO MEIO;583,00;25/10/2025;15:01:04;20;1283-20
CO2;1283;CT-CO2-0;1f94f8ad-7171-b062-c0a5-dbf839ac97e9;CD:E6:D3:07;0;AVIÁRIO MEIO;544,00;25/10/2025;15:06:06;20;1283-20
CO2;1283;CT-CO2-0;1f94f8ad-7171-b062-c0a5-dbf839ac97e9;CD:E6:D3:07;0;AVIÁRIO MEIO;536,00;25/10/2025;15:11:39;20;1283-20
CO2;1283;CT-CO2-0;1f94f8ad-7171-b062-c0a5-dbf839ac97e9;CD:E6:D3:07;0;AVIÁRIO MEIO;556,00;25/10/2025;15:16:41;20;1283-20
CO2;1283;CT-CO2-0;1f94f8ad-7171-b062-c0a5-dbf839ac97e9;CD:E6:D3:07;0;AVIÁRIO MEIO;531,00;25/10/2025;15:22:14;20;1283-20
CO2;1283;CT-CO2-0;1f94f8ad-7171-b062-c0a5-dbf839ac97e9;CD:E6:D3:07;0;AVIÁRIO MEIO;541,00;25/10/2025;15:27:46;20;1283-20
CO2;1283;CT-CO2-0;1f94f8ad-7171-b062-c0a5-dbf839ac97e9;CD:E6:D3:07;0;AVIÁRIO MEIO;529,00;25/10/2025;15:32:48;20;1283-20
CO2;1283;CT-CO2-0;1f94f8ad-7171-b062-c0a5-dbf839ac97e9;CD:E6:D3:07;0;AVIÁRIO MEIO;525,00;25/10/2025;15:38:20;20;1283-20
CO2;1283;CT-CO2-0;1f94f8ad-7171-b062-c0a5-dbf839ac97e9;CD:E6:D3:07;0;AVIÁRIO MEIO;538,00;25/10/2025;15:43:53;20;1283-20
CO2;1283;CT-CO2-0;1f94f8ad-7171-b062-c0a5-dbf839ac97e9;CD:E6:D3:07;0;AVIÁRIO MEIO;548,00;25/10/2025;15:49:25;20;1283-20
CO2;1283;CT-CO2-0;1f94f8ad-7171-b062-c0a5-dbf839ac97e9;CD:E6:D3:07;0;AVIÁRIO MEIO;539,00;25/10/2025;15:54:27;20;1283-20
CO2;1283;CT-CO2-0;1f94f8ad-7171-b062-c0a5-dbf839ac97e9;CD:E6:D3:07;0;AVIÁRIO MEIO;537,00;25/10/2025;16:00:00;20;1283-20
CO2;1283;CT-CO2-0;1f94f8ad-7171-b062-c0a5-dbf839ac97e9;CD:E6:D3:07;0;AVIÁRIO MEIO;542,00;25/10/2025;16:05:32;20;1283-20
CO2;1283;CT-CO2-0;1f94f8ad-7171-b062-c0a5-dbf839ac97e9;CD:E6:D3:07;0;AVIÁRIO MEIO;532,00;25/10/2025;16:11:37;20;1283-20
CO2;1283;CT-CO2-0;1f94f8ad-7171-b062-c0a5-dbf839ac97e9;CD:E6:D3:07;0;AVIÁRIO MEIO;564,00;25/10/2025;16:16:10;20;1283-20
CO2;1283;CT-CO2-0;1f94f8ad-7171-b062-c0a5-dbf839ac97e9;CD:E6:D3:07;0;AVIÁRIO MEIO;535,00;25/10/2025;16:21:42;20;1283-20
CO2;1283;CT-CO2-0;1f94f8ad-7171-b062-c0a5-dbf839ac97e9;CD:E6:D3:07;0;AVIÁRIO MEIO;544,00;25/10/2025;16:27:13;20;1283-20
CO2;1283;CT-CO2-0;1f94f8ad-7171-b062-c0a5-dbf839ac97e9;CD:E6:D3:07;0;AVIÁRIO MEIO;539,00;25/10/2025;16:32:16;20;1283-20
CO2;1283;CT-CO2-0;1f94f8ad-7171-b062-c0a5-dbf839ac97e9;CD:E6:D3:07;0;AVIÁRIO MEIO;531,00;25/10/2025;16:37:48;20;1283-20
CO2;1283;CT-CO2-0;1f94f8ad-7171-b062-c0a5-dbf839ac97e9;CD:E6:D3:07;0;AVIÁRIO MEIO;541,00;25/10/2025;16:48:52;20;1283-20
CO2;1283;CT-CO2-0;1f94f8ad-7171-b062-c0a5-dbf839ac97e9;CD:E6:D3:07;0;AVIÁRIO MEIO;528,00;25/10/2025;16:53:54;20;1283-20
CO2;1283;CT-CO2-0;1f94f8ad-7171-b062-c0a5-dbf839ac97e9;CD:E6:D3:07;0;AVIÁRIO MEIO;530,00;25/10/2025;16:59:26;20;1283-20
CO2;1283;CT-CO2-0;1f94f8ad-7171-b062-c0a5-dbf839ac97e9;CD:E6:D3:07;0;AVIÁRIO MEIO;588,00;25/10/2025;17:04:57;20;1283-20
CO2;1283;CT-CO2-0;1f94f8ad-7171-b062-c0a5-dbf839ac97e9;CD:E6:D3:07;0;AVIÁRIO MEIO;533,00;25/10/2025;17:10:29;20;1283-20
CO2;1283;CT-CO2-0;1f94f8ad-7171-b062-c0a5-dbf839ac97e9;CD:E6:D3:07;0;AVIÁRIO MEIO;531,00;25/10/2025;17:15:31;20;1283-20
CO2;1283;CT-CO2-0;1f94f8ad-7171-b062-c0a5-dbf839ac97e9;CD:E6:D3:07;0;AVIÁRIO MEIO;525,00;25/10/2025;17:21:34;20;1283-20
CO2;1283;CT-CO2-0;1f94f8ad-7171-b062-c0a5-dbf839ac97e9;CD:E6:D3:07;0;AVIÁRIO MEIO;543,00;25/10/2025;17:26:37;20;1283-20
CO2;1283;CT-CO2-0;1f94f8ad-7171-b062-c0a5-dbf839ac97e9;CD:E6:D3:07;0;AVIÁRIO MEIO;547,00;25/10/2025;17:32:09;20;1283-20
CO2;1283;CT-CO2-0;1f94f8ad-7171-b062-c0a5-dbf839ac97e9;CD:E6:D3:07;0;AVIÁRIO MEIO;555,00;25/10/2025;17:37:12;20;1283-20
CO2;1283;CT-CO2-0;1f94f8ad-7171-b062-c0a5-dbf839ac97e9;CD:E6:D3:07;0;AVIÁRIO MEIO;528,00;25/10/2025;17:42:44;20;1283-20
CO2;1283;CT-CO2-0;1f94f8ad-7171-b062-c0a5-dbf839ac97e9;CD:E6:D3:07;0;AVIÁRIO MEIO;542,00;25/10/2025;17:48:16;20;1283-20
CO2;1283;CT-CO2-0;1f94f8ad-7171-b062-c0a5-dbf839ac97e9;CD:E6:D3:07;0;AVIÁRIO MEIO;533,00;25/10/2025;17:53:18;20;1283-20
CO2;1283;CT-CO2-0;1f94f8ad-7171-b062-c0a5-dbf839ac97e9;CD:E6:D3:07;0;AVIÁRIO MEIO;534,00;25/10/2025;17:58:50;20;1283-20
CO2;1283;CT-CO2-0;1f94f8ad-7171-b062-c0a5-dbf839ac97e9;CD:E6:D3:07;0;AVIÁRIO MEIO;533,00;25/10/2025;18:04:22;20;1283-20
CO2;1283;CT-CO2-0;1f94f8ad-7171-b062-c0a5-dbf839ac97e9;CD:E6:D3:07;0;AVIÁRIO MEIO;531,00;25/10/2025;18:09:55;20;1283-20
CO2;1283;CT-CO2-0;1f94f8ad-7171-b062-c0a5-dbf839ac97e9;CD:E6:D3:07;0;AVIÁRIO MEIO;543,00;25/10/2025;18:14:57;20;1283-20
CO2;1283;CT-CO2-0;1f94f8ad-7171-b062-c0a5-dbf839ac97e9;CD:E6:D3:07;0;AVIÁRIO MEIO;543,00;25/10/2025;18:20:43;20;1283-20
CO2;1283;CT-CO2-0;1f94f8ad-7171-b062-c0a5-dbf839ac97e9;CD:E6:D3:07;0;AVIÁRIO MEIO;545,00;25/10/2025;18:25:45;20;1283-20
CO2;1283;CT-CO2-0;1f94f8ad-7171-b062-c0a5-dbf839ac97e9;CD:E6:D3:07;0;AVIÁRIO MEIO;549,00;25/10/2025;18:31:49;20;1283-20
CO2;1283;CT-CO2-0;1f94f8ad-7171-b062-c0a5-dbf839ac97e9;CD:E6:D3:07;0;AVIÁRIO MEIO;557,00;25/10/2025;18:36:52;20;1283-20
CO2;1283;CT-CO2-0;1f94f8ad-7171-b062-c0a5-dbf839ac97e9;CD:E6:D3:07;0;AVIÁRIO MEIO;559,00;25/10/2025;18:41:54;20;1283-20
CO2;1283;CT-CO2-0;1f94f8ad-7171-b062-c0a5-dbf839ac97e9;CD:E6:D3:07;0;AVIÁRIO MEIO;583,00;25/10/2025;18:47:26;20;1283-20
CO2;1283;CT-CO2-0;1f94f8ad-7171-b062-c0a5-dbf839ac97e9;CD:E6:D3:07;0;AVIÁRIO MEIO;602,00;25/10/2025;18:52:58;20;1283-20
CO2;1283;CT-CO2-0;1f94f8ad-7171-b062-c0a5-dbf839ac97e9;CD:E6:D3:07;0;AVIÁRIO MEIO;601,00;25/10/2025;18:58:00;20;1283-20
CO2;1283;CT-CO2-0;1f94f8ad-7171-b062-c0a5-dbf839ac97e9;CD:E6:D3:07;0;AVIÁRIO MEIO;613,00;25/10/2025;19:03:35;20;1283-20
CO2;1283;CT-CO2-0;1f94f8ad-7171-b062-c0a5-dbf839ac97e9;CD:E6:D3:07;0;AVIÁRIO MEIO;613,00;25/10/2025;19:09:09;20;1283-20
CO2;1283;CT-CO2-0;1f94f8ad-7171-b062-c0a5-dbf839ac97e9;CD:E6:D3:07;0;AVIÁRIO MEIO;599,00;25/10/2025;19:14:11;20;1283-20
CO2;1283;CT-CO2-0;1f94f8ad-7171-b062-c0a5-dbf839ac97e9;CD:E6:D3:07;0;AVIÁRIO MEIO;610,00;25/10/2025;19:19:43;20;1283-20
CO2;1283;CT-CO2-0;1f94f8ad-7171-b062-c0a5-dbf839ac97e9;CD:E6:D3:07;0;AVIÁRIO MEIO;601,00;25/10/2025;19:25:20;20;1283-20
CO2;1283;CT-CO2-0;1f94f8ad-7171-b062-c0a5-dbf839ac97e9;CD:E6:D3:07;0;AVIÁRIO MEIO;605,00;25/10/2025;19:30:22;20;1283-20
CO2;1283;CT-CO2-0;1f94f8ad-7171-b062-c0a5-dbf839ac97e9;CD:E6:D3:07;0;AVIÁRIO MEIO;609,00;25/10/2025;19:35:54;20;1283-20
CO2;1283;CT-CO2-0;1f94f8ad-7171-b062-c0a5-dbf839ac97e9;CD:E6:D3:07;0;AVIÁRIO MEIO;607,00;25/10/2025;19:41:58;20;1283-20
CO2;1283;CT-CO2-0;1f94f8ad-7171-b062-c0a5-dbf839ac97e9;CD:E6:D3:07;0;AVIÁRIO MEIO;612,00;25/10/2025;19:47:00;20;1283-20
CO2;1283;CT-CO2-0;1f94f8ad-7171-b062-c0a5-dbf839ac97e9;CD:E6:D3:07;0;AVIÁRIO MEIO;717,00;25/10/2025;19:52:02;20;1283-20
CO2;1283;CT-CO2-0;1f94f8ad-7171-b062-c0a5-dbf839ac97e9;CD:E6:D3:07;0;AVIÁRIO MEIO;683,00;25/10/2025;19:57:35;20;1283-20
CO2;1283;CT-CO2-0;1f94f8ad-7171-b062-c0a5-dbf839ac97e9;CD:E6:D3:07;0;AVIÁRIO MEIO;666,00;25/10/2025;20:03:08;20;1283-20
CO2;1283;CT-CO2-0;1f94f8ad-7171-b062-c0a5-dbf839ac97e9;CD:E6:D3:07;0;AVIÁRIO MEIO;639,00;25/10/2025;20:13:42;20;1283-20
CO2;1283;CT-CO2-0;1f94f8ad-7171-b062-c0a5-dbf839ac97e9;CD:E6:D3:07;0;AVIÁRIO MEIO;647,00;25/10/2025;20:30:18;20;1283-20
CO2;1283;CT-CO2-0;1f94f8ad-7171-b062-c0a5-dbf839ac97e9;CD:E6:D3:07;0;AVIÁRIO MEIO;753,00;25/10/2025;20:35:19;20;1283-20
CO2;1283;CT-CO2-0;1f94f8ad-7171-b062-c0a5-dbf839ac97e9;CD:E6:D3:07;0;AVIÁRIO MEIO;783,00;25/10/2025;20:40:52;20;1283-20
CO2;1283;CT-CO2-0;1f94f8ad-7171-b062-c0a5-dbf839ac97e9;CD:E6:D3:07;0;AVIÁRIO MEIO;726,00;25/10/2025;20:46:23;20;1283-20
CO2;1283;CT-CO2-0;1f94f8ad-7171-b062-c0a5-dbf839ac97e9;CD:E6:D3:07;0;AVIÁRIO MEIO;834,00;25/10/2025;20:51:58;20;1283-20
CO2;1283;CT-CO2-0;1f94f8ad-7171-b062-c0a5-dbf839ac97e9;CD:E6:D3:07;0;AVIÁRIO MEIO;919,00;25/10/2025;20:57:00;20;1283-20
CO2;1283;CT-CO2-0;1f94f8ad-7171-b062-c0a5-dbf839ac97e9;CD:E6:D3:07;0;AVIÁRIO MEIO;836,00;25/10/2025;21:07:01;20;1283-20
CO2;1283;CT-CO2-0;1f94f8ad-7171-b062-c0a5-dbf839ac97e9;CD:E6:D3:07;0;AVIÁRIO MEIO;898,00;25/10/2025;21:12:04;20;1283-20
CO2;1283;CT-CO2-0;1f94f8ad-7171-b062-c0a5-dbf839ac97e9;CD:E6:D3:07;0;AVIÁRIO MEIO;930,00;25/10/2025;21:17:35;20;1283-20
CO2;1283;CT-CO2-0;1f94f8ad-7171-b062-c0a5-dbf839ac97e9;CD:E6:D3:07;0;AVIÁRIO MEIO;970,00;25/10/2025;21:23:07;20;1283-20
CO2;1283;CT-CO2-0;1f94f8ad-7171-b062-c0a5-dbf839ac97e9;CD:E6:D3:07;0;AVIÁRIO MEIO;958,00;25/10/2025;21:33:42;20;1283-20
CO2;1283;CT-CO2-0;1f94f8ad-7171-b062-c0a5-dbf839ac97e9;CD:E6:D3:07;0;AVIÁRIO MEIO;874,00;25/10/2025;21:50:18;20;1283-20
CO2;1283;CT-CO2-0;1f94f8ad-7171-b062-c0a5-dbf839ac97e9;CD:E6:D3:07;0;AVIÁRIO MEIO;934,00;25/10/2025;22:01:24;20;1283-20
CO2;1283;CT-CO2-0;1f94f8ad-7171-b062-c0a5-dbf839ac97e9;CD:E6:D3:07;0;AVIÁRIO MEIO;906,00;25/10/2025;22:06:26;20;1283-20
CO2;1283;CT-CO2-0;1f94f8ad-7171-b062-c0a5-dbf839ac97e9;CD:E6:D3:07;0;AVIÁRIO MEIO;885,00;25/10/2025;22:11:59;20;1283-20
CO2;1283;CT-CO2-0;1f94f8ad-7171-b062-c0a5-dbf839ac97e9;CD:E6:D3:07;0;AVIÁRIO MEIO;887,00;25/10/2025;22:17:01;20;1283-20
CO2;1283;CT-CO2-0;1f94f8ad-7171-b062-c0a5-dbf839ac97e9;CD:E6:D3:07;0;AVIÁRIO MEIO;871,00;25/10/2025;22:22:33;20;1283-20
CO2;1283;CT-CO2-0;1f94f8ad-7171-b062-c0a5-dbf839ac97e9;CD:E6:D3:07;0;AVIÁRIO MEIO;855,00;25/10/2025;22:28:05;20;1283-20
CO2;1283;CT-CO2-0;1f94f8ad-7171-b062-c0a5-dbf839ac97e9;CD:E6:D3:07;0;AVIÁRIO MEIO;837,00;25/10/2025;22:33:38;20;1283-20
CO2;1283;CT-CO2-0;1f94f8ad-7171-b062-c0a5-dbf839ac97e9;CD:E6:D3:07;0;AVIÁRIO MEIO;927,00;25/10/2025;22:38:40;20;1283-20
CO2;1283;CT-CO2-0;1f94f8ad-7171-b062-c0a5-dbf839ac97e9;CD:E6:D3:07;0;AVIÁRIO MEIO;870,00;25/10/2025;22:44:12;20;1283-20
CO2;1283;CT-CO2-0;1f94f8ad-7171-b062-c0a5-dbf839ac97e9;CD:E6:D3:07;0;AVIÁRIO MEIO;852,00;25/10/2025;22:49:44;20;1283-20
CO2;1283;CT-CO2-0;1f94f8ad-7171-b062-c0a5-dbf839ac97e9;CD:E6:D3:07;0;AVIÁRIO MEIO;928,00;25/10/2025;22:54:47;20;1283-20
CO2;1283;CT-CO2-0;1f94f8ad-7171-b062-c0a5-dbf839ac97e9;CD:E6:D3:07;0;AVIÁRIO MEIO;946,00;25/10/2025;23:00:19;20;1283-20
CO2;1283;CT-CO2-0;1f94f8ad-7171-b062-c0a5-dbf839ac97e9;CD:E6:D3:07;0;AVIÁRIO MEIO;943,00;25/10/2025;23:05:52;20;1283-20
CO2;1283;CT-CO2-0;1f94f8ad-7171-b062-c0a5-dbf839ac97e9;CD:E6:D3:07;0;AVIÁRIO MEIO;949,00;25/10/2025;23:11:25;20;1283-20
CO2;1283;CT-CO2-0;1f94f8ad-7171-b062-c0a5-dbf839ac97e9;CD:E6:D3:07;0;AVIÁRIO MEIO;968,00;25/10/2025;23:16:27;20;1283-20
CO2;1283;CT-CO2-0;1f94f8ad-7171-b062-c0a5-dbf839ac97e9;CD:E6:D3:07;0;AVIÁRIO MEIO;952,00;25/10/2025;23:21:59;20;1283-20
CO2;1283;CT-CO2-0;1f94f8ad-7171-b062-c0a5-dbf839ac97e9;CD:E6:D3:07;0;AVIÁRIO MEIO;975,00;25/10/2025;23:27:31;20;1283-20
CO2;1283;CT-CO2-0;1f94f8ad-7171-b062-c0a5-dbf839ac97e9;CD:E6:D3:07;0;AVIÁRIO MEIO;1.076,00;26/10/2025;00:41:33;20;1283-20
CO2;1283;CT-CO2-0;1f94f8ad-7171-b062-c0a5-dbf839ac97e9;CD:E6:D3:07;0;AVIÁRIO MEIO;1.031,00;26/10/2025;00:47:05;20;1283-20
CO2;1283;CT-CO2-0;1f94f8ad-7171-b062-c0a5-dbf839ac97e9;CD:E6:D3:07;0;AVIÁRIO MEIO;1.064,00;26/10/2025;01:03:42;20;1283-20
CO2;1283;CT-CO2-0;1f94f8ad-7171-b062-c0a5-dbf839ac97e9;CD:E6:D3:07;0;AVIÁRIO MEIO;1.085,00;26/10/2025;01:09:14;20;1283-20
CO2;1283;CT-CO2-0;1f94f8ad-7171-b062-c0a5-dbf839ac97e9;CD:E6:D3:07;0;AVIÁRIO MEIO;1.110,00;26/10/2025;01:14:16;20;1283-20
CO2;1283;CT-CO2-0;1f94f8ad-7171-b062-c0a5-dbf839ac97e9;CD:E6:D3:07;0;AVIÁRIO MEIO;1.046,00;26/10/2025;01:19:48;20;1283-20
CO2;1283;CT-CO2-0;1f94f8ad-7171-b062-c0a5-dbf839ac97e9;CD:E6:D3:07;0;AVIÁRIO MEIO;1.039,00;26/10/2025;01:25:20;20;1283-20
CO2;1283;CT-CO2-0;1f94f8ad-7171-b062-c0a5-dbf839ac97e9;CD:E6:D3:07;0;AVIÁRIO MEIO;1.203,00;26/10/2025;01:30:55;20;1283-20
CO2;1283;CT-CO2-0;1f94f8ad-7171-b062-c0a5-dbf839ac97e9;CD:E6:D3:07;0;AVIÁRIO MEIO;1.162,00;26/10/2025;01:35:58;20;1283-20
CO2;1283;CT-CO2-0;1f94f8ad-7171-b062-c0a5-dbf839ac97e9;CD:E6:D3:07;0;AVIÁRIO MEIO;1.091,00;26/10/2025;01:41:30;20;1283-20
CO2;1283;CT-CO2-0;1f94f8ad-7171-b062-c0a5-dbf839ac97e9;CD:E6:D3:07;0;AVIÁRIO MEIO;1.147,00;26/10/2025;01:46:33;20;1283-20
CO2;1283;CT-CO2-0;1f94f8ad-7171-b062-c0a5-dbf839ac97e9;CD:E6:D3:07;0;AVIÁRIO MEIO;1.075,00;26/10/2025;01:52:05;20;1283-20
CO2;1283;CT-CO2-0;1f94f8ad-7171-b062-c0a5-dbf839ac97e9;CD:E6:D3:07;0;AVIÁRIO MEIO;1.167,00;26/10/2025;01:57:37;20;1283-20
CO2;1283;CT-CO2-0;1f94f8ad-7171-b062-c0a5-dbf839ac97e9;CD:E6:D3:07;0;AVIÁRIO MEIO;1.080,00;26/10/2025;02:02:39;20;1283-20
CO2;1283;CT-CO2-0;1f94f8ad-7171-b062-c0a5-dbf839ac97e9;CD:E6:D3:07;0;AVIÁRIO MEIO;1.114,00;26/10/2025;02:08:10;20;1283-20
CO2;1283;CT-CO2-0;1f94f8ad-7171-b062-c0a5-dbf839ac97e9;CD:E6:D3:07;0;AVIÁRIO MEIO;1.159,00;26/10/2025;02:13:42;20;1283-20
CO2;1283;CT-CO2-0;1f94f8ad-7171-b062-c0a5-dbf839ac97e9;CD:E6:D3:07;0;AVIÁRIO MEIO;1.137,00;26/10/2025;02:18:46;20;1283-20
CO2;1283;CT-CO2-0;1f94f8ad-7171-b062-c0a5-dbf839ac97e9;CD:E6:D3:07;0;AVIÁRIO MEIO;1.140,00;26/10/2025;02:24:18;20;1283-20
CO2;1283;CT-CO2-0;1f94f8ad-7171-b062-c0a5-dbf839ac97e9;CD:E6:D3:07;0;AVIÁRIO MEIO;1.141,00;26/10/2025;02:29:49;20;1283-20
CO2;1283;CT-CO2-0;1f94f8ad-7171-b062-c0a5-dbf839ac97e9;CD:E6:D3:07;0;AVIÁRIO MEIO;1.126,00;26/10/2025;02:34:51;20;1283-20
CO2;1283;CT-CO2-0;1f94f8ad-7171-b062-c0a5-dbf839ac97e9;CD:E6:D3:07;0;AVIÁRIO MEIO;1.104,00;26/10/2025;02:40:55;20;1283-20
CO2;1283;CT-CO2-0;1f94f8ad-7171-b062-c0a5-dbf839ac97e9;CD:E6:D3:07;0;AVIÁRIO MEIO;1.251,00;26/10/2025;02:45:56;20;1283-20
CO2;1283;CT-CO2-0;1f94f8ad-7171-b062-c0a5-dbf839ac97e9;CD:E6:D3:07;0;AVIÁRIO MEIO;1.226,00;26/10/2025;02:50:58;20;1283-20
CO2;1283;CT-CO2-0;1f94f8ad-7171-b062-c0a5-dbf839ac97e9;CD:E6:D3:07;0;AVIÁRIO MEIO;1.155,00;26/10/2025;02:56:31;20;1283-20
CO2;1283;CT-CO2-0;1f94f8ad-7171-b062-c0a5-dbf839ac97e9;CD:E6:D3:07;0;AVIÁRIO MEIO;1.171,00;26/10/2025;03:02:03;20;1283-20
CO2;1283;CT-CO2-0;1f94f8ad-7171-b062-c0a5-dbf839ac97e9;CD:E6:D3:07;0;AVIÁRIO MEIO;1.183,00;26/10/2025;03:07:04;20;1283-20
CO2;1283;CT-CO2-0;1f94f8ad-7171-b062-c0a5-dbf839ac97e9;CD:E6:D3:07;0;AVIÁRIO MEIO;1.213,00;26/10/2025;03:12:36;20;1283-20
CO2;1283;CT-CO2-0;1f94f8ad-7171-b062-c0a5-dbf839ac97e9;CD:E6:D3:07;0;AVIÁRIO MEIO;1.128,00;26/10/2025;03:18:09;20;1283-20
CO2;1283;CT-CO2-0;1f94f8ad-7171-b062-c0a5-dbf839ac97e9;CD:E6:D3:07;0;AVIÁRIO MEIO;1.200,00;26/10/2025;03:23:11;20;1283-20
CO2;1283;CT-CO2-0;1f94f8ad-7171-b062-c0a5-dbf839ac97e9;CD:E6:D3:07;0;AVIÁRIO MEIO;1.152,00;26/10/2025;03:28:45;20;1283-20
CO2;1283;CT-CO2-0;1f94f8ad-7171-b062-c0a5-dbf839ac97e9;CD:E6:D3:07;0;AVIÁRIO MEIO;1.133,00;26/10/2025;03:33:48;20;1283-20
CO2;1283;CT-CO2-0;1f94f8ad-7171-b062-c0a5-dbf839ac97e9;CD:E6:D3:07;0;AVIÁRIO MEIO;1.146,00;26/10/2025;03:39:20;20;1283-20
CO2;1283;CT-CO2-0;1f94f8ad-7171-b062-c0a5-dbf839ac97e9;CD:E6:D3:07;0;AVIÁRIO MEIO;1.176,00;26/10/2025;03:44:52;20;1283-20
CO2;1283;CT-CO2-0;1f94f8ad-7171-b062-c0a5-dbf839ac97e9;CD:E6:D3:07;0;AVIÁRIO MEIO;1.162,00;26/10/2025;03:50:27;20;1283-20
CO2;1283;CT-CO2-0;1f94f8ad-7171-b062-c0a5-dbf839ac97e9;CD:E6:D3:07;0;AVIÁRIO MEIO;1.191,00;26/10/2025;03:55:29;20;1283-20
CO2;1283;CT-CO2-0;1f94f8ad-7171-b062-c0a5-dbf839ac97e9;CD:E6:D3:07;0;AVIÁRIO MEIO;1.161,00;26/10/2025;04:01:02;20;1283-20
CO2;1283;CT-CO2-0;1f94f8ad-7171-b062-c0a5-dbf839ac97e9;CD:E6:D3:07;0;AVIÁRIO MEIO;1.125,00;26/10/2025;04:06:04;20;1283-20
CO2;1283;CT-CO2-0;1f94f8ad-7171-b062-c0a5-dbf839ac97e9;CD:E6:D3:07;0;AVIÁRIO MEIO;1.199,00;26/10/2025;04:11:36;20;1283-20
CO2;1283;CT-CO2-0;1f94f8ad-7171-b062-c0a5-dbf839ac97e9;CD:E6:D3:07;0;AVIÁRIO MEIO;1.105,00;26/10/2025;04:17:08;20;1283-20
CO2;1283;CT-CO2-0;1f94f8ad-7171-b062-c0a5-dbf839ac97e9;CD:E6:D3:07;0;AVIÁRIO MEIO;1.210,00;26/10/2025;04:22:10;20;1283-20
CO2;1283;CT-CO2-0;1f94f8ad-7171-b062-c0a5-dbf839ac97e9;CD:E6:D3:07;0;AVIÁRIO MEIO;1.161,00;26/10/2025;04:27:41;20;1283-20
CO2;1283;CT-CO2-0;1f94f8ad-7171-b062-c0a5-dbf839ac97e9;CD:E6:D3:07;0;AVIÁRIO MEIO;1.171,00;26/10/2025;04:33:13;20;1283-20
CO2;1283;CT-CO2-0;1f94f8ad-7171-b062-c0a5-dbf839ac97e9;CD:E6:D3:07;0;AVIÁRIO MEIO;1.140,00;26/10/2025;04:38:15;20;1283-20
CO2;1283;CT-CO2-0;1f94f8ad-7171-b062-c0a5-dbf839ac97e9;CD:E6:D3:07;0;AVIÁRIO MEIO;1.207,00;26/10/2025;04:43:47;20;1283-20
CO2;1283;CT-CO2-0;1f94f8ad-7171-b062-c0a5-dbf839ac97e9;CD:E6:D3:07;0;AVIÁRIO MEIO;1.130,00;26/10/2025;04:54:21;20;1283-20
CO2;1283;CT-CO2-0;1f94f8ad-7171-b062-c0a5-dbf839ac97e9;CD:E6:D3:07;0;AVIÁRIO MEIO;1.127,00;26/10/2025;05:00:25;20;1283-20
CO2;1283;CT-CO2-0;1f94f8ad-7171-b062-c0a5-dbf839ac97e9;CD:E6:D3:07;0;AVIÁRIO MEIO;1.170,00;26/10/2025;05:05:27;20;1283-20
CO2;1283;CT-CO2-0;1f94f8ad-7171-b062-c0a5-dbf839ac97e9;CD:E6:D3:07;0;AVIÁRIO MEIO;1.252,00;26/10/2025;05:10:29;20;1283-20
CO2;1283;CT-CO2-0;1f94f8ad-7171-b062-c0a5-dbf839ac97e9;CD:E6:D3:07;0;AVIÁRIO MEIO;1.152,00;26/10/2025;05:16:01;20;1283-20
CO2;1283;CT-CO2-0;1f94f8ad-7171-b062-c0a5-dbf839ac97e9;CD:E6:D3:07;0;AVIÁRIO MEIO;1.152,00;26/10/2025;05:21:32;20;1283-20
CO2;1283;CT-CO2-0;1f94f8ad-7171-b062-c0a5-dbf839ac97e9;CD:E6:D3:07;0;AVIÁRIO MEIO;1.129,00;26/10/2025;05:27:04;20;1283-20
CO2;1283;CT-CO2-0;1f94f8ad-7171-b062-c0a5-dbf839ac97e9;CD:E6:D3:07;0;AVIÁRIO MEIO;1.192,00;26/10/2025;05:32:07;20;1283-20
CO2;1283;CT-CO2-0;1f94f8ad-7171-b062-c0a5-dbf839ac97e9;CD:E6:D3:07;0;AVIÁRIO MEIO;1.158,00;26/10/2025;05:37:39;20;1283-20
CO2;1283;CT-CO2-0;1f94f8ad-7171-b062-c0a5-dbf839ac97e9;CD:E6:D3:07;0;AVIÁRIO MEIO;1.134,00;26/10/2025;05:43:11;20;1283-20
CO2;1283;CT-CO2-0;1f94f8ad-7171-b062-c0a5-dbf839ac97e9;CD:E6:D3:07;0;AVIÁRIO MEIO;1.212,00;26/10/2025;05:48:13;20;1283-20
CO2;1283;CT-CO2-0;1f94f8ad-7171-b062-c0a5-dbf839ac97e9;CD:E6:D3:07;0;AVIÁRIO MEIO;1.143,00;26/10/2025;05:53:44;20;1283-20
CO2;1283;CT-CO2-0;1f94f8ad-7171-b062-c0a5-dbf839ac97e9;CD:E6:D3:07;0;AVIÁRIO MEIO;1.156,00;26/10/2025;05:59:17;20;1283-20
CO2;1283;CT-CO2-0;1f94f8ad-7171-b062-c0a5-dbf839ac97e9;CD:E6:D3:07;0;AVIÁRIO MEIO;1.118,00;26/10/2025;06:04:19;20;1283-20
CO2;1283;CT-CO2-0;1f94f8ad-7171-b062-c0a5-dbf839ac97e9;CD:E6:D3:07;0;AVIÁRIO MEIO;1.195,00;26/10/2025;06:10:23;20;1283-20
CO2;1283;CT-CO2-0;1f94f8ad-7171-b062-c0a5-dbf839ac97e9;CD:E6:D3:07;0;AVIÁRIO MEIO;1.163,00;26/10/2025;06:15:24;20;1283-20
CO2;1283;CT-CO2-0;1f94f8ad-7171-b062-c0a5-dbf839ac97e9;CD:E6:D3:07;0;AVIÁRIO MEIO;1.164,00;26/10/2025;06:20:26;20;1283-20
CO2;1283;CT-CO2-0;1f94f8ad-7171-b062-c0a5-dbf839ac97e9;CD:E6:D3:07;0;AVIÁRIO MEIO;1.174,00;26/10/2025;06:25:59;20;1283-20
CO2;1283;CT-CO2-0;1f94f8ad-7171-b062-c0a5-dbf839ac97e9;CD:E6:D3:07;0;AVIÁRIO MEIO;1.168,00;26/10/2025;06:31:31;20;1283-20
CO2;1283;CT-CO2-0;1f94f8ad-7171-b062-c0a5-dbf839ac97e9;CD:E6:D3:07;0;AVIÁRIO MEIO;1.194,00;26/10/2025;06:37:03;20;1283-20
CO2;1283;CT-CO2-0;1f94f8ad-7171-b062-c0a5-dbf839ac97e9;CD:E6:D3:07;0;AVIÁRIO MEIO;1.167,00;26/10/2025;06:42:05;20;1283-20
CO2;1283;CT-CO2-0;1f94f8ad-7171-b062-c0a5-dbf839ac97e9;CD:E6:D3:07;0;AVIÁRIO MEIO;1.163,00;26/10/2025;06:47:37;20;1283-20
CO2;1283;CT-CO2-0;1f94f8ad-7171-b062-c0a5-dbf839ac97e9;CD:E6:D3:07;0;AVIÁRIO MEIO;1.209,00;26/10/2025;06:58:12;20;1283-20
CO2;1283;CT-CO2-0;1f94f8ad-7171-b062-c0a5-dbf839ac97e9;CD:E6:D3:07;0;AVIÁRIO MEIO;1.172,00;26/10/2025;07:03:45;20;1283-20
CO2;1283;CT-CO2-0;1f94f8ad-7171-b062-c0a5-dbf839ac97e9;CD:E6:D3:07;0;AVIÁRIO MEIO;1.142,00;26/10/2025;07:09:17;20;1283-20
CO2;1283;CT-CO2-0;1f94f8ad-7171-b062-c0a5-dbf839ac97e9;CD:E6:D3:07;0;AVIÁRIO MEIO;1.201,00;26/10/2025;07:14:20;20;1283-20
CO2;1283;CT-CO2-0;1f94f8ad-7171-b062-c0a5-dbf839ac97e9;CD:E6:D3:07;0;AVIÁRIO MEIO;1.190,00;26/10/2025;07:20:22;20;1283-20
CO2;1283;CT-CO2-0;1f94f8ad-7171-b062-c0a5-dbf839ac97e9;CD:E6:D3:07;0;AVIÁRIO MEIO;1.226,00;26/10/2025;07:25:24;20;1283-20
CO2;1283;CT-CO2-0;1f94f8ad-7171-b062-c0a5-dbf839ac97e9;CD:E6:D3:07;0;AVIÁRIO MEIO;1.277,00;26/10/2025;07:30:26;20;1283-20
CO2;1283;CT-CO2-0;1f94f8ad-7171-b062-c0a5-dbf839ac97e9;CD:E6:D3:07;0;AVIÁRIO MEIO;1.202,00;26/10/2025;07:35:59;20;1283-20
CO2;1283;CT-CO2-0;1f94f8ad-7171-b062-c0a5-dbf839ac97e9;CD:E6:D3:07;0;AVIÁRIO MEIO;1.248,00;26/10/2025;07:41:31;20;1283-20
CO2;1283;CT-CO2-0;1f94f8ad-7171-b062-c0a5-dbf839ac97e9;CD:E6:D3:07;0;AVIÁRIO MEIO;1.214,00;26/10/2025;07:46:34;20;1283-20
CO2;1283;CT-CO2-0;1f94f8ad-7171-b062-c0a5-dbf839ac97e9;CD:E6:D3:07;0;AVIÁRIO MEIO;1.264,00;26/10/2025;08:02:39;20;1283-20
CO2;1283;CT-CO2-0;1f94f8ad-7171-b062-c0a5-dbf839ac97e9;CD:E6:D3:07;0;AVIÁRIO MEIO;1.281,00;26/10/2025;08:07:41;20;1283-20
CO2;1283;CT-CO2-0;1f94f8ad-7171-b062-c0a5-dbf839ac97e9;CD:E6:D3:07;0;AVIÁRIO MEIO;1.208,00;26/10/2025;08:13:13;20;1283-20
CO2;1283;CT-CO2-0;1f94f8ad-7171-b062-c0a5-dbf839ac97e9;CD:E6:D3:07;0;AVIÁRIO MEIO;1.167,00;26/10/2025;08:18:45;20;1283-20
CO2;1283;CT-CO2-0;1f94f8ad-7171-b062-c0a5-dbf839ac97e9;CD:E6:D3:07;0;AVIÁRIO MEIO;613,00;26/10/2025;08:23:47;20;1283-20
CO2;1283;CT-CO2-0;1f94f8ad-7171-b062-c0a5-dbf839ac97e9;CD:E6:D3:07;0;AVIÁRIO MEIO;577,00;26/10/2025;08:29:52;20;1283-20
CO2;1283;CT-CO2-0;1f94f8ad-7171-b062-c0a5-dbf839ac97e9;CD:E6:D3:07;0;AVIÁRIO MEIO;647,00;26/10/2025;08:34:23;20;1283-20
CO2;1283;CT-CO2-0;1f94f8ad-7171-b062-c0a5-dbf839ac97e9;CD:E6:D3:07;0;AVIÁRIO MEIO;994,00;26/10/2025;08:39:55;20;1283-20
CO2;1283;CT-CO2-0;1f94f8ad-7171-b062-c0a5-dbf839ac97e9;CD:E6:D3:07;0;AVIÁRIO MEIO;1.296,00;26/10/2025;08:45:29;20;1283-20
CO2;1283;CT-CO2-0;1f94f8ad-7171-b062-c0a5-dbf839ac97e9;CD:E6:D3:07;0;AVIÁRIO MEIO;1.373,00;26/10/2025;08:50:32;20;1283-20
CO2;1283;CT-CO2-0;1f94f8ad-7171-b062-c0a5-dbf839ac97e9;CD:E6:D3:07;0;AVIÁRIO MEIO;1.269,00;26/10/2025;08:56:04;20;1283-20
CO2;1283;CT-CO2-0;1f94f8ad-7171-b062-c0a5-dbf839ac97e9;CD:E6:D3:07;0;AVIÁRIO MEIO;1.167,00;26/10/2025;09:01:35;20;1283-20
CO2;1283;CT-CO2-0;1f94f8ad-7171-b062-c0a5-dbf839ac97e9;CD:E6:D3:07;0;AVIÁRIO MEIO;1.168,00;26/10/2025;09:06:37;20;1283-20
CO2;1283;CT-CO2-0;1f94f8ad-7171-b062-c0a5-dbf839ac97e9;CD:E6:D3:07;0;AVIÁRIO MEIO;1.173,00;26/10/2025;09:12:09;20;1283-20
CO2;1283;CT-CO2-0;1f94f8ad-7171-b062-c0a5-dbf839ac97e9;CD:E6:D3:07;0;AVIÁRIO MEIO;1.131,00;26/10/2025;09:17:42;20;1283-20
CO2;1283;CT-CO2-0;1f94f8ad-7171-b062-c0a5-dbf839ac97e9;CD:E6:D3:07;0;AVIÁRIO MEIO;1.077,00;26/10/2025;09:22:45;20;1283-20
CO2;1283;CT-CO2-0;1f94f8ad-7171-b062-c0a5-dbf839ac97e9;CD:E6:D3:07;0;AVIÁRIO MEIO;1.066,00;26/10/2025;09:28:17;20;1283-20
CO2;1283;CT-CO2-0;1f94f8ad-7171-b062-c0a5-dbf839ac97e9;CD:E6:D3:07;0;AVIÁRIO MEIO;1.083,00;26/10/2025;09:33:49;20;1283-20
CO2;1283;CT-CO2-0;1f94f8ad-7171-b062-c0a5-dbf839ac97e9;CD:E6:D3:07;0;AVIÁRIO MEIO;1.120,00;26/10/2025;09:39:22;20;1283-20
CO2;1283;CT-CO2-0;1f94f8ad-7171-b062-c0a5-dbf839ac97e9;CD:E6:D3:07;0;AVIÁRIO MEIO;1.079,00;26/10/2025;09:44:24;20;1283-20
CO2;1283;CT-CO2-0;1f94f8ad-7171-b062-c0a5-dbf839ac97e9;CD:E6:D3:07;0;AVIÁRIO MEIO;1.038,00;26/10/2025;09:49:57;20;1283-20
CO2;1283;CT-CO2-0;1f94f8ad-7171-b062-c0a5-dbf839ac97e9;CD:E6:D3:07;0;AVIÁRIO MEIO;1.069,00;26/10/2025;09:54:59;20;1283-20
CO2;1283;CT-CO2-0;1f94f8ad-7171-b062-c0a5-dbf839ac97e9;CD:E6:D3:07;0;AVIÁRIO MEIO;1.043,00;26/10/2025;10:00:31;20;1283-20
CO2;1283;CT-CO2-0;1f94f8ad-7171-b062-c0a5-dbf839ac97e9;CD:E6:D3:07;0;AVIÁRIO MEIO;1.057,00;26/10/2025;10:06:03;20;1283-20
CO2;1283;CT-CO2-0;1f94f8ad-7171-b062-c0a5-dbf839ac97e9;CD:E6:D3:07;0;AVIÁRIO MEIO;1.027,00;26/10/2025;10:11:05;20;1283-20
CO2;1283;CT-CO2-0;1f94f8ad-7171-b062-c0a5-dbf839ac97e9;CD:E6:D3:07;0;AVIÁRIO MEIO;992,00;26/10/2025;10:16:38;20;1283-20
CO2;1283;CT-CO2-0;1f94f8ad-7171-b062-c0a5-dbf839ac97e9;CD:E6:D3:07;0;AVIÁRIO MEIO;1.031,00;26/10/2025;10:22:10;20;1283-20
CO2;1283;CT-CO2-0;1f94f8ad-7171-b062-c0a5-dbf839ac97e9;CD:E6:D3:07;0;AVIÁRIO MEIO;1.064,00;26/10/2025;10:27:13;20;1283-20
CO2;1283;CT-CO2-0;1f94f8ad-7171-b062-c0a5-dbf839ac97e9;CD:E6:D3:07;0;AVIÁRIO MEIO;1.054,00;26/10/2025;10:32:45;20;1283-20
CO2;1283;CT-CO2-0;1f94f8ad-7171-b062-c0a5-dbf839ac97e9;CD:E6:D3:07;0;AVIÁRIO MEIO;1.061,00;26/10/2025;10:38:17;20;1283-20
CO2;1283;CT-CO2-0;1f94f8ad-7171-b062-c0a5-dbf839ac97e9;CD:E6:D3:07;0;AVIÁRIO MEIO;1.054,00;26/10/2025;10:43:49;20;1283-20
CO2;1283;CT-CO2-0;1f94f8ad-7171-b062-c0a5-dbf839ac97e9;CD:E6:D3:07;0;AVIÁRIO MEIO;1.060,00;26/10/2025;10:49:22;20;1283-20
CO2;1283;CT-CO2-0;1f94f8ad-7171-b062-c0a5-dbf839ac97e9;CD:E6:D3:07;0;AVIÁRIO MEIO;1.032,00;26/10/2025;10:54:24;20;1283-20
CO2;1283;CT-CO2-0;1f94f8ad-7171-b062-c0a5-dbf839ac97e9;CD:E6:D3:07;0;AVIÁRIO MEIO;1.035,00;26/10/2025;10:59:57;20;1283-20
CO2;1283;CT-CO2-0;1f94f8ad-7171-b062-c0a5-dbf839ac97e9;CD:E6:D3:07;0;AVIÁRIO MEIO;1.021,00;26/10/2025;11:05:00;20;1283-20
CO2;1283;CT-CO2-0;1f94f8ad-7171-b062-c0a5-dbf839ac97e9;CD:E6:D3:07;0;AVIÁRIO MEIO;1.014,00;26/10/2025;11:10:32;20;1283-20
CO2;1283;CT-CO2-0;1f94f8ad-7171-b062-c0a5-dbf839ac97e9;CD:E6:D3:07;0;AVIÁRIO MEIO;1.024,00;26/10/2025;11:16:04;20;1283-20
CO2;1283;CT-CO2-0;1f94f8ad-7171-b062-c0a5-dbf839ac97e9;CD:E6:D3:07;0;AVIÁRIO MEIO;1.018,00;26/10/2025;11:21:06;20;1283-20
CO2;1283;CT-CO2-0;1f94f8ad-7171-b062-c0a5-dbf839ac97e9;CD:E6:D3:07;0;AVIÁRIO MEIO;1.031,00;26/10/2025;11:26:38;20;1283-20
CO2;1283;CT-CO2-0;1f94f8ad-7171-b062-c0a5-dbf839ac97e9;CD:E6:D3:07;0;AVIÁRIO MEIO;1.001,00;26/10/2025;11:32:10;20;1283-20
CO2;1283;CT-CO2-0;1f94f8ad-7171-b062-c0a5-dbf839ac97e9;CD:E6:D3:07;0;AVIÁRIO MEIO;1.014,00;26/10/2025;11:37:12;20;1283-20
CO2;1283;CT-CO2-0;1f94f8ad-7171-b062-c0a5-dbf839ac97e9;CD:E6:D3:07;0;AVIÁRIO MEIO;1.028,00;26/10/2025;11:42:46;20;1283-20
CO2;1283;CT-CO2-0;1f94f8ad-7171-b062-c0a5-dbf839ac97e9;CD:E6:D3:07;0;AVIÁRIO MEIO;1.021,00;26/10/2025;11:48:18;20;1283-20
CO2;1283;CT-CO2-0;1f94f8ad-7171-b062-c0a5-dbf839ac97e9;CD:E6:D3:07;0;AVIÁRIO MEIO;1.027,00;26/10/2025;11:53:22;20;1283-20
CO2;1283;CT-CO2-0;1f94f8ad-7171-b062-c0a5-dbf839ac97e9;CD:E6:D3:07;0;AVIÁRIO MEIO;989,00;26/10/2025;11:59:27;20;1283-20
CO2;1283;CT-CO2-0;1f94f8ad-7171-b062-c0a5-dbf839ac97e9;CD:E6:D3:07;0;AVIÁRIO MEIO;1.142,00;26/10/2025;12:09:30;20;1283-20
CO2;1283;CT-CO2-0;1f94f8ad-7171-b062-c0a5-dbf839ac97e9;CD:E6:D3:07;0;AVIÁRIO MEIO;1.131,00;26/10/2025;12:15:02;20;1283-20
CO2;1283;CT-CO2-0;1f94f8ad-7171-b062-c0a5-dbf839ac97e9;CD:E6:D3:07;0;AVIÁRIO MEIO;1.065,00;26/10/2025;12:20:04;20;1283-20
CO2;1283;CT-CO2-0;1f94f8ad-7171-b062-c0a5-dbf839ac97e9;CD:E6:D3:07;0;AVIÁRIO MEIO;1.075,00;26/10/2025;12:30:36;20;1283-20
CO2;1283;CT-CO2-0;1f94f8ad-7171-b062-c0a5-dbf839ac97e9;CD:E6:D3:07;0;AVIÁRIO MEIO;1.048,00;26/10/2025;12:36:08;20;1283-20
CO2;1283;CT-CO2-0;1f94f8ad-7171-b062-c0a5-dbf839ac97e9;CD:E6:D3:07;0;AVIÁRIO MEIO;964,00;26/10/2025;12:46:42;20;1283-20
CO2;1283;CT-CO2-0;1f94f8ad-7171-b062-c0a5-dbf839ac97e9;CD:E6:D3:07;0;AVIÁRIO MEIO;988,00;26/10/2025;12:52:14;20;1283-20
CO2;1283;CT-CO2-0;1f94f8ad-7171-b062-c0a5-dbf839ac97e9;CD:E6:D3:07;0;AVIÁRIO MEIO;1.032,00;26/10/2025;12:57:46;20;1283-20
CO2;1283;CT-CO2-0;1f94f8ad-7171-b062-c0a5-dbf839ac97e9;CD:E6:D3:07;0;AVIÁRIO MEIO;940,00;26/10/2025;13:02:48;20;1283-20
CO2;1283;CT-CO2-0;1f94f8ad-7171-b062-c0a5-dbf839ac97e9;CD:E6:D3:07;0;AVIÁRIO MEIO;915,00;26/10/2025;13:08:55;20;1283-20
CO2;1283;CT-CO2-0;1f94f8ad-7171-b062-c0a5-dbf839ac97e9;CD:E6:D3:07;0;AVIÁRIO MEIO;956,00;26/10/2025;13:13:57;20;1283-20
CO2;1283;CT-CO2-0;1f94f8ad-7171-b062-c0a5-dbf839ac97e9;CD:E6:D3:07;0;AVIÁRIO MEIO;928,00;26/10/2025;13:18:58;20;1283-20
CO2;1283;CT-CO2-0;1f94f8ad-7171-b062-c0a5-dbf839ac97e9;CD:E6:D3:07;0;AVIÁRIO MEIO;941,00;26/10/2025;13:24:30;20;1283-20
CO2;1283;CT-CO2-0;1f94f8ad-7171-b062-c0a5-dbf839ac97e9;CD:E6:D3:07;0;AVIÁRIO MEIO;951,00;26/10/2025;13:30:02;20;1283-20
CO2;1283;CT-CO2-0;1f94f8ad-7171-b062-c0a5-dbf839ac97e9;CD:E6:D3:07;0;AVIÁRIO MEIO;936,00;26/10/2025;13:35:05;20;1283-20
CO2;1283;CT-CO2-0;1f94f8ad-7171-b062-c0a5-dbf839ac97e9;CD:E6:D3:07;0;AVIÁRIO MEIO;919,00;26/10/2025;13:40:38;20;1283-20
CO2;1283;CT-CO2-0;1f94f8ad-7171-b062-c0a5-dbf839ac97e9;CD:E6:D3:07;0;AVIÁRIO MEIO;923,00;26/10/2025;13:46:10;20;1283-20
CO2;1283;CT-CO2-0;1f94f8ad-7171-b062-c0a5-dbf839ac97e9;CD:E6:D3:07;0;AVIÁRIO MEIO;940,00;26/10/2025;13:56:44;20;1283-20
CO2;1283;CT-CO2-0;1f94f8ad-7171-b062-c0a5-dbf839ac97e9;CD:E6:D3:07;0;AVIÁRIO MEIO;912,00;26/10/2025;14:07:50;20;1283-20
CO2;1283;CT-CO2-0;1f94f8ad-7171-b062-c0a5-dbf839ac97e9;CD:E6:D3:07;0;AVIÁRIO MEIO;902,00;26/10/2025;14:12:53;20;1283-20
CO2;1283;CT-CO2-0;1f94f8ad-7171-b062-c0a5-dbf839ac97e9;CD:E6:D3:07;0;AVIÁRIO MEIO;881,00;26/10/2025;14:19:12;20;1283-20
CO2;1283;CT-CO2-0;1f94f8ad-7171-b062-c0a5-dbf839ac97e9;CD:E6:D3:07;0;AVIÁRIO MEIO;895,00;26/10/2025;14:23:45;20;1283-20
CO2;1283;CT-CO2-0;1f94f8ad-7171-b062-c0a5-dbf839ac97e9;CD:E6:D3:07;0;AVIÁRIO MEIO;927,00;26/10/2025;14:29:18;20;1283-20
CO2;1283;CT-CO2-0;1f94f8ad-7171-b062-c0a5-dbf839ac97e9;CD:E6:D3:07;0;AVIÁRIO MEIO;959,00;26/10/2025;14:34:49;20;1283-20
CO2;1283;CT-CO2-0;1f94f8ad-7171-b062-c0a5-dbf839ac97e9;CD:E6:D3:07;0;AVIÁRIO MEIO;947,00;26/10/2025;14:39:52;20;1283-20
CO2;1283;CT-CO2-0;1f94f8ad-7171-b062-c0a5-dbf839ac97e9;CD:E6:D3:07;0;AVIÁRIO MEIO;913,00;26/10/2025;14:45:25;20;1283-20
CO2;1283;CT-CO2-0;1f94f8ad-7171-b062-c0a5-dbf839ac97e9;CD:E6:D3:07;0;AVIÁRIO MEIO;849,00;26/10/2025;14:56:00;20;1283-20
CO2;1283;CT-CO2-0;1f94f8ad-7171-b062-c0a5-dbf839ac97e9;CD:E6:D3:07;0;AVIÁRIO MEIO;842,00;26/10/2025;15:01:38;20;1283-20
CO2;1283;CT-CO2-0;1f94f8ad-7171-b062-c0a5-dbf839ac97e9;CD:E6:D3:07;0;AVIÁRIO MEIO;806,00;26/10/2025;15:07:10;20;1283-20
CO2;1283;CT-CO2-0;1f94f8ad-7171-b062-c0a5-dbf839ac97e9;CD:E6:D3:07;0;AVIÁRIO MEIO;836,00;26/10/2025;15:12:12;20;1283-20
CO2;1283;CT-CO2-0;1f94f8ad-7171-b062-c0a5-dbf839ac97e9;CD:E6:D3:07;0;AVIÁRIO MEIO;794,00;26/10/2025;15:17:44;20;1283-20
CO2;1283;CT-CO2-0;1f94f8ad-7171-b062-c0a5-dbf839ac97e9;CD:E6:D3:07;0;AVIÁRIO MEIO;851,00;26/10/2025;15:23:16;20;1283-20
CO2;1283;CT-CO2-0;1f94f8ad-7171-b062-c0a5-dbf839ac97e9;CD:E6:D3:07;0;AVIÁRIO MEIO;826,00;26/10/2025;15:29:19;20;1283-20
CO2;1283;CT-CO2-0;1f94f8ad-7171-b062-c0a5-dbf839ac97e9;CD:E6:D3:07;0;AVIÁRIO MEIO;833,00;26/10/2025;15:33:51;20;1283-20
CO2;1283;CT-CO2-0;1f94f8ad-7171-b062-c0a5-dbf839ac97e9;CD:E6:D3:07;0;AVIÁRIO MEIO;834,00;26/10/2025;15:39:23;20;1283-20
CO2;1283;CT-CO2-0;1f94f8ad-7171-b062-c0a5-dbf839ac97e9;CD:E6:D3:07;0;AVIÁRIO MEIO;799,00;26/10/2025;15:44:55;20;1283-20
CO2;1283;CT-CO2-0;1f94f8ad-7171-b062-c0a5-dbf839ac97e9;CD:E6:D3:07;0;AVIÁRIO MEIO;866,00;26/10/2025;15:49:57;20;1283-20
CO2;1283;CT-CO2-0;1f94f8ad-7171-b062-c0a5-dbf839ac97e9;CD:E6:D3:07;0;AVIÁRIO MEIO;856,00;26/10/2025;15:55:30;20;1283-20
CO2;1283;CT-CO2-0;1f94f8ad-7171-b062-c0a5-dbf839ac97e9;CD:E6:D3:07;0;AVIÁRIO MEIO;953,00;26/10/2025;16:01:02;20;1283-20
CO2;1283;CT-CO2-0;1f94f8ad-7171-b062-c0a5-dbf839ac97e9;CD:E6:D3:07;0;AVIÁRIO MEIO;899,00;26/10/2025;16:06:34;20;1283-20
CO2;1283;CT-CO2-0;1f94f8ad-7171-b062-c0a5-dbf839ac97e9;CD:E6:D3:07;0;AVIÁRIO MEIO;872,00;26/10/2025;16:17:08;20;1283-20
CO2;1283;CT-CO2-0;1f94f8ad-7171-b062-c0a5-dbf839ac97e9;CD:E6:D3:07;0;AVIÁRIO MEIO;891,00;26/10/2025;16:22:40;20;1283-20
CO2;1283;CT-CO2-0;1f94f8ad-7171-b062-c0a5-dbf839ac97e9;CD:E6:D3:07;0;AVIÁRIO MEIO;952,00;26/10/2025;16:28:11;20;1283-20
CO2;1283;CT-CO2-0;1f94f8ad-7171-b062-c0a5-dbf839ac97e9;CD:E6:D3:07;0;AVIÁRIO MEIO;873,00;26/10/2025;16:33:13;20;1283-20
CO2;1283;CT-CO2-0;1f94f8ad-7171-b062-c0a5-dbf839ac97e9;CD:E6:D3:07;0;AVIÁRIO MEIO;914,00;26/10/2025;16:39:16;20;1283-20
CO2;1283;CT-CO2-0;1f94f8ad-7171-b062-c0a5-dbf839ac97e9;CD:E6:D3:07;0;AVIÁRIO MEIO;861,00;26/10/2025;16:44:18;20;1283-20
CO2;1283;CT-CO2-0;1f94f8ad-7171-b062-c0a5-dbf839ac97e9;CD:E6:D3:07;0;AVIÁRIO MEIO;879,00;26/10/2025;16:49:21;20;1283-20
CO2;1283;CT-CO2-0;1f94f8ad-7171-b062-c0a5-dbf839ac97e9;CD:E6:D3:07;0;AVIÁRIO MEIO;917,00;26/10/2025;16:54:53;20;1283-20
CO2;1283;CT-CO2-0;1f94f8ad-7171-b062-c0a5-dbf839ac97e9;CD:E6:D3:07;0;AVIÁRIO MEIO;852,00;26/10/2025;17:00:26;20;1283-20
CO2;1283;CT-CO2-0;1f94f8ad-7171-b062-c0a5-dbf839ac97e9;CD:E6:D3:07;0;AVIÁRIO MEIO;907,00;26/10/2025;17:05:27;20;1283-20
CO2;1283;CT-CO2-0;1f94f8ad-7171-b062-c0a5-dbf839ac97e9;CD:E6:D3:07;0;AVIÁRIO MEIO;897,00;26/10/2025;17:10:59;20;1283-20
CO2;1283;CT-CO2-0;1f94f8ad-7171-b062-c0a5-dbf839ac97e9;CD:E6:D3:07;0;AVIÁRIO MEIO;950,00;26/10/2025;17:16:31;20;1283-20
CO2;1283;CT-CO2-0;1f94f8ad-7171-b062-c0a5-dbf839ac97e9;CD:E6:D3:07;0;AVIÁRIO MEIO;913,00;26/10/2025;17:22:03;20;1283-20
CO2;1283;CT-CO2-0;1f94f8ad-7171-b062-c0a5-dbf839ac97e9;CD:E6:D3:07;0;AVIÁRIO MEIO;901,00;26/10/2025;17:27:05;20;1283-20
CO2;1283;CT-CO2-0;1f94f8ad-7171-b062-c0a5-dbf839ac97e9;CD:E6:D3:07;0;AVIÁRIO MEIO;957,00;26/10/2025;17:32:36;20;1283-20
CO2;1283;CT-CO2-0;1f94f8ad-7171-b062-c0a5-dbf839ac97e9;CD:E6:D3:07;0;AVIÁRIO MEIO;904,00;26/10/2025;17:38:09;20;1283-20
CO2;1283;CT-CO2-0;1f94f8ad-7171-b062-c0a5-dbf839ac97e9;CD:E6:D3:07;0;AVIÁRIO MEIO;949,00;26/10/2025;17:49:17;20;1283-20
CO2;1283;CT-CO2-0;1f94f8ad-7171-b062-c0a5-dbf839ac97e9;CD:E6:D3:07;0;AVIÁRIO MEIO;1.062,00;26/10/2025;17:54:24;20;1283-20
CO2;1283;CT-CO2-0;1f94f8ad-7171-b062-c0a5-dbf839ac97e9;CD:E6:D3:07;0;AVIÁRIO MEIO;963,00;26/10/2025;17:59:57;20;1283-20
CO2;1283;CT-CO2-0;1f94f8ad-7171-b062-c0a5-dbf839ac97e9;CD:E6:D3:07;0;AVIÁRIO MEIO;959,00;26/10/2025;18:04:59;20;1283-20
CO2;1283;CT-CO2-0;1f94f8ad-7171-b062-c0a5-dbf839ac97e9;CD:E6:D3:07;0;AVIÁRIO MEIO;964,00;26/10/2025;18:10:31;20;1283-20
CO2;1283;CT-CO2-0;1f94f8ad-7171-b062-c0a5-dbf839ac97e9;CD:E6:D3:07;0;AVIÁRIO MEIO;1.004,00;26/10/2025;18:16:03;20;1283-20
CO2;1283;CT-CO2-0;1f94f8ad-7171-b062-c0a5-dbf839ac97e9;CD:E6:D3:07;0;AVIÁRIO MEIO;949,00;26/10/2025;18:21:06;20;1283-20
CO2;1283;CT-CO2-0;1f94f8ad-7171-b062-c0a5-dbf839ac97e9;CD:E6:D3:07;0;AVIÁRIO MEIO;1.026,00;26/10/2025;18:26:38;20;1283-20
CO2;1283;CT-CO2-0;1f94f8ad-7171-b062-c0a5-dbf839ac97e9;CD:E6:D3:07;0;AVIÁRIO MEIO;987,00;26/10/2025;18:32:10;20;1283-20
CO2;1283;CT-CO2-0;1f94f8ad-7171-b062-c0a5-dbf839ac97e9;CD:E6:D3:07;0;AVIÁRIO MEIO;1.001,00;26/10/2025;18:37:42;20;1283-20
CO2;1283;CT-CO2-0;1f94f8ad-7171-b062-c0a5-dbf839ac97e9;CD:E6:D3:07;0;AVIÁRIO MEIO;1.131,00;26/10/2025;18:42:44;20;1283-20
CO2;1283;CT-CO2-0;1f94f8ad-7171-b062-c0a5-dbf839ac97e9;CD:E6:D3:07;0;AVIÁRIO MEIO;1.057,00;26/10/2025;18:48:15;20;1283-20
CO2;1283;CT-CO2-0;1f94f8ad-7171-b062-c0a5-dbf839ac97e9;CD:E6:D3:07;0;AVIÁRIO MEIO;1.131,00;26/10/2025;18:54:19;20;1283-20
CO2;1283;CT-CO2-0;1f94f8ad-7171-b062-c0a5-dbf839ac97e9;CD:E6:D3:07;0;AVIÁRIO MEIO;1.102,00;26/10/2025;18:58:52;20;1283-20
CO2;1283;CT-CO2-0;1f94f8ad-7171-b062-c0a5-dbf839ac97e9;CD:E6:D3:07;0;AVIÁRIO MEIO;1.111,00;26/10/2025;19:04:25;20;1283-20
CO2;1283;CT-CO2-0;1f94f8ad-7171-b062-c0a5-dbf839ac97e9;CD:E6:D3:07;0;AVIÁRIO MEIO;1.135,00;26/10/2025;19:09:57;20;1283-20
CO2;1283;CT-CO2-0;1f94f8ad-7171-b062-c0a5-dbf839ac97e9;CD:E6:D3:07;0;AVIÁRIO MEIO;1.105,00;26/10/2025;19:20:32;20;1283-20
CO2;1283;CT-CO2-0;1f94f8ad-7171-b062-c0a5-dbf839ac97e9;CD:E6:D3:07;0;AVIÁRIO MEIO;1.121,00;26/10/2025;19:26:05;20;1283-20
CO2;1283;CT-CO2-0;1f94f8ad-7171-b062-c0a5-dbf839ac97e9;CD:E6:D3:07;0;AVIÁRIO MEIO;1.136,00;26/10/2025;19:31:37;20;1283-20
CO2;1283;CT-CO2-0;1f94f8ad-7171-b062-c0a5-dbf839ac97e9;CD:E6:D3:07;0;AVIÁRIO MEIO;1.240,00;26/10/2025;19:36:40;20;1283-20
CO2;1283;CT-CO2-0;1f94f8ad-7171-b062-c0a5-dbf839ac97e9;CD:E6:D3:07;0;AVIÁRIO MEIO;1.203,00;26/10/2025;19:42:11;20;1283-20
CO2;1283;CT-CO2-0;1f94f8ad-7171-b062-c0a5-dbf839ac97e9;CD:E6:D3:07;0;AVIÁRIO MEIO;1.004,00;26/10/2025;19:58:20;20;1283-20
CO2;1283;CT-CO2-0;1f94f8ad-7171-b062-c0a5-dbf839ac97e9;CD:E6:D3:07;0;AVIÁRIO MEIO;1.082,00;26/10/2025;20:04:24;20;1283-20
CO2;1283;CT-CO2-0;1f94f8ad-7171-b062-c0a5-dbf839ac97e9;CD:E6:D3:07;0;AVIÁRIO MEIO;1.062,00;26/10/2025;20:14:29;20;1283-20
CO2;1283;CT-CO2-0;1f94f8ad-7171-b062-c0a5-dbf839ac97e9;CD:E6:D3:07;0;AVIÁRIO MEIO;1.047,00;26/10/2025;20:25:38;20;1283-20
CO2;1283;CT-CO2-0;1f94f8ad-7171-b062-c0a5-dbf839ac97e9;CD:E6:D3:07;0;AVIÁRIO MEIO;1.100,00;26/10/2025;20:30:39;20;1283-20
CO2;1283;CT-CO2-0;1f94f8ad-7171-b062-c0a5-dbf839ac97e9;CD:E6:D3:07;0;AVIÁRIO MEIO;1.048,00;26/10/2025;20:36:12;20;1283-20
CO2;1283;CT-CO2-0;1f94f8ad-7171-b062-c0a5-dbf839ac97e9;CD:E6:D3:07;0;AVIÁRIO MEIO;1.163,00;26/10/2025;20:41:45;20;1283-20
CO2;1283;CT-CO2-0;1f94f8ad-7171-b062-c0a5-dbf839ac97e9;CD:E6:D3:07;0;AVIÁRIO MEIO;1.105,00;26/10/2025;20:47:18;20;1283-20
CO2;1283;CT-CO2-0;1f94f8ad-7171-b062-c0a5-dbf839ac97e9;CD:E6:D3:07;0;AVIÁRIO MEIO;1.038,00;26/10/2025;20:52:20;20;1283-20
CO2;1283;CT-CO2-0;1f94f8ad-7171-b062-c0a5-dbf839ac97e9;CD:E6:D3:07;0;AVIÁRIO MEIO;1.112,00;26/10/2025;20:57:57;20;1283-20
CO2;1283;CT-CO2-0;1f94f8ad-7171-b062-c0a5-dbf839ac97e9;CD:E6:D3:07;0;AVIÁRIO MEIO;1.106,00;26/10/2025;21:06:30;20;1283-20
CO2;1283;CT-CO2-0;1f94f8ad-7171-b062-c0a5-dbf839ac97e9;CD:E6:D3:07;0;AVIÁRIO MEIO;1.079,00;26/10/2025;21:12:33;20;1283-20
CO2;1283;CT-CO2-0;1f94f8ad-7171-b062-c0a5-dbf839ac97e9;CD:E6:D3:07;0;AVIÁRIO MEIO;1.064,00;26/10/2025;21:17:35;20;1283-20
CO2;1283;CT-CO2-0;1f94f8ad-7171-b062-c0a5-dbf839ac97e9;CD:E6:D3:07;0;AVIÁRIO MEIO;1.139,00;26/10/2025;21:23:18;20;1283-20
CO2;1283;CT-CO2-0;1f94f8ad-7171-b062-c0a5-dbf839ac97e9;CD:E6:D3:07;0;AVIÁRIO MEIO;1.103,00;26/10/2025;21:28:20;20;1283-20
CO2;1283;CT-CO2-0;1f94f8ad-7171-b062-c0a5-dbf839ac97e9;CD:E6:D3:07;0;AVIÁRIO MEIO;1.109,00;26/10/2025;21:33:53;20;1283-20
CO2;1283;CT-CO2-0;1f94f8ad-7171-b062-c0a5-dbf839ac97e9;CD:E6:D3:07;0;AVIÁRIO MEIO;1.125,00;26/10/2025;21:38:55;20;1283-20
CO2;1283;CT-CO2-0;1f94f8ad-7171-b062-c0a5-dbf839ac97e9;CD:E6:D3:07;0;AVIÁRIO MEIO;1.063,00;26/10/2025;21:50:00;20;1283-20
CO2;1283;CT-CO2-0;1f94f8ad-7171-b062-c0a5-dbf839ac97e9;CD:E6:D3:07;0;AVIÁRIO MEIO;1.054,00;26/10/2025;21:55:32;20;1283-20
CO2;1283;CT-CO2-0;1f94f8ad-7171-b062-c0a5-dbf839ac97e9;CD:E6:D3:07;0;AVIÁRIO MEIO;1.084,00;26/10/2025;22:00:34;20;1283-20
CO2;1283;CT-CO2-0;1f94f8ad-7171-b062-c0a5-dbf839ac97e9;CD:E6:D3:07;0;AVIÁRIO MEIO;1.071,00;26/10/2025;22:06:06;20;1283-20
CO2;1283;CT-CO2-0;1f94f8ad-7171-b062-c0a5-dbf839ac97e9;CD:E6:D3:07;0;AVIÁRIO MEIO;1.144,00;26/10/2025;22:16:41;20;1283-20
CO2;1283;CT-CO2-0;1f94f8ad-7171-b062-c0a5-dbf839ac97e9;CD:E6:D3:07;0;AVIÁRIO MEIO;1.106,00;26/10/2025;22:27:47;20;1283-20
CO2;1283;CT-CO2-0;1f94f8ad-7171-b062-c0a5-dbf839ac97e9;CD:E6:D3:07;0;AVIÁRIO MEIO;1.076,00;26/10/2025;22:33:18;20;1283-20
CO2;1283;CT-CO2-0;1f94f8ad-7171-b062-c0a5-dbf839ac97e9;CD:E6:D3:07;0;AVIÁRIO MEIO;1.065,00;26/10/2025;22:43:52;20;1283-20
CO2;1283;CT-CO2-0;1f94f8ad-7171-b062-c0a5-dbf839ac97e9;CD:E6:D3:07;0;AVIÁRIO MEIO;1.055,00;26/10/2025;22:49:23;20;1283-20
CO2;1283;CT-CO2-0;1f94f8ad-7171-b062-c0a5-dbf839ac97e9;CD:E6:D3:07;0;AVIÁRIO MEIO;1.074,00;26/10/2025;22:54:56;20;1283-20
CO2;1283;CT-CO2-0;1f94f8ad-7171-b062-c0a5-dbf839ac97e9;CD:E6:D3:07;0;AVIÁRIO MEIO;1.076,00;26/10/2025;22:59:58;20;1283-20
CO2;1283;CT-CO2-0;1f94f8ad-7171-b062-c0a5-dbf839ac97e9;CD:E6:D3:07;0;AVIÁRIO MEIO;1.048,00;26/10/2025;23:11:02;20;1283-20
CO2;1283;CT-CO2-0;1f94f8ad-7171-b062-c0a5-dbf839ac97e9;CD:E6:D3:07;0;AVIÁRIO MEIO;1.082,00;26/10/2025;23:16:04;20;1283-20
CO2;1283;CT-CO2-0;1f94f8ad-7171-b062-c0a5-dbf839ac97e9;CD:E6:D3:07;0;AVIÁRIO MEIO;1.045,00;26/10/2025;23:21:35;20;1283-20
CO2;1283;CT-CO2-0;1f94f8ad-7171-b062-c0a5-dbf839ac97e9;CD:E6:D3:07;0;AVIÁRIO MEIO;1.058,00;26/10/2025;23:27:09;20;1283-20
CO2;1283;CT-CO2-0;1f94f8ad-7171-b062-c0a5-dbf839ac97e9;CD:E6:D3:07;0;AVIÁRIO MEIO;1.032,00;26/10/2025;23:33:12;20;1283-20
CO2;1283;CT-CO2-0;1f94f8ad-7171-b062-c0a5-dbf839ac97e9;CD:E6:D3:07;0;AVIÁRIO MEIO;1.077,00;26/10/2025;23:37:44;20;1283-20
CO2;1283;CT-CO2-0;1f94f8ad-7171-b062-c0a5-dbf839ac97e9;CD:E6:D3:07;0;AVIÁRIO MEIO;1.095,00;26/10/2025;23:43:16;20;1283-20
CO2;1283;CT-CO2-0;1f94f8ad-7171-b062-c0a5-dbf839ac97e9;CD:E6:D3:07;0;AVIÁRIO MEIO;1.114,00;26/10/2025;23:48:48;20;1283-20
CO2;1283;CT-CO2-0;1f94f8ad-7171-b062-c0a5-dbf839ac97e9;CD:E6:D3:07;0;AVIÁRIO MEIO;1.054,00;26/10/2025;23:54:20;20;1283-20
CO2;1283;CT-CO2-0;1f94f8ad-7171-b062-c0a5-dbf839ac97e9;CD:E6:D3:07;0;AVIÁRIO MEIO;1.054,00;26/10/2025;23:59:21;20;1283-20
CO2;1283;CT-CO2-0;1f94f8ad-7171-b062-c0a5-dbf839ac97e9;CD:E6:D3:07;0;AVIÁRIO MEIO;1.093,00;27/10/2025;00:04:53;20;1283-20
CO2;1283;CT-CO2-0;1f94f8ad-7171-b062-c0a5-dbf839ac97e9;CD:E6:D3:07;0;AVIÁRIO MEIO;1.099,00;27/10/2025;00:10:25;20;1283-20
CO2;1283;CT-CO2-0;1f94f8ad-7171-b062-c0a5-dbf839ac97e9;CD:E6:D3:07;0;AVIÁRIO MEIO;1.090,00;27/10/2025;00:15:57;20;1283-20
CO2;1283;CT-CO2-0;1f94f8ad-7171-b062-c0a5-dbf839ac97e9;CD:E6:D3:07;0;AVIÁRIO MEIO;1.054,00;27/10/2025;00:20:59;20;1283-20
CO2;1283;CT-CO2-0;1f94f8ad-7171-b062-c0a5-dbf839ac97e9;CD:E6:D3:07;0;AVIÁRIO MEIO;1.112,00;27/10/2025;00:26:30;20;1283-20
CO2;1283;CT-CO2-0;1f94f8ad-7171-b062-c0a5-dbf839ac97e9;CD:E6:D3:07;0;AVIÁRIO MEIO;1.101,00;27/10/2025;00:32:02;20;1283-20
CO2;1283;CT-CO2-0;1f94f8ad-7171-b062-c0a5-dbf839ac97e9;CD:E6:D3:07;0;AVIÁRIO MEIO;1.115,00;27/10/2025;00:37:34;20;1283-20
CO2;1283;CT-CO2-0;1f94f8ad-7171-b062-c0a5-dbf839ac97e9;CD:E6:D3:07;0;AVIÁRIO MEIO;1.076,00;27/10/2025;00:43:08;20;1283-20
CO2;1283;CT-CO2-0;1f94f8ad-7171-b062-c0a5-dbf839ac97e9;CD:E6:D3:07;0;AVIÁRIO MEIO;1.112,00;27/10/2025;00:48:11;20;1283-20
CO2;1283;CT-CO2-0;1f94f8ad-7171-b062-c0a5-dbf839ac97e9;CD:E6:D3:07;0;AVIÁRIO MEIO;1.148,00;27/10/2025;00:53:43;20;1283-20
CO2;1283;CT-CO2-0;1f94f8ad-7171-b062-c0a5-dbf839ac97e9;CD:E6:D3:07;0;AVIÁRIO MEIO;1.091,00;27/10/2025;00:58:45;20;1283-20
CO2;1283;CT-CO2-0;1f94f8ad-7171-b062-c0a5-dbf839ac97e9;CD:E6:D3:07;0;AVIÁRIO MEIO;1.067,00;27/10/2025;01:04:17;20;1283-20
CO2;1283;CT-CO2-0;1f94f8ad-7171-b062-c0a5-dbf839ac97e9;CD:E6:D3:07;0;AVIÁRIO MEIO;1.166,00;27/10/2025;01:09:49;20;1283-20
CO2;1283;CT-CO2-0;1f94f8ad-7171-b062-c0a5-dbf839ac97e9;CD:E6:D3:07;0;AVIÁRIO MEIO;1.152,00;27/10/2025;01:15:20;20;1283-20
CO2;1283;CT-CO2-0;1f94f8ad-7171-b062-c0a5-dbf839ac97e9;CD:E6:D3:07;0;AVIÁRIO MEIO;1.105,00;27/10/2025;01:20:23;20;1283-20
CO2;1283;CT-CO2-0;1f94f8ad-7171-b062-c0a5-dbf839ac97e9;CD:E6:D3:07;0;AVIÁRIO MEIO;1.102,00;27/10/2025;01:25:55;20;1283-20
CO2;1283;CT-CO2-0;1f94f8ad-7171-b062-c0a5-dbf839ac97e9;CD:E6:D3:07;0;AVIÁRIO MEIO;1.134,00;27/10/2025;01:31:27;20;1283-20
CO2;1283;CT-CO2-0;1f94f8ad-7171-b062-c0a5-dbf839ac97e9;CD:E6:D3:07;0;AVIÁRIO MEIO;1.126,00;27/10/2025;01:36:59;20;1283-20
CO2;1283;CT-CO2-0;1f94f8ad-7171-b062-c0a5-dbf839ac97e9;CD:E6:D3:07;0;AVIÁRIO MEIO;1.159,00;27/10/2025;01:42:01;20;1283-20
CO2;1283;CT-CO2-0;1f94f8ad-7171-b062-c0a5-dbf839ac97e9;CD:E6:D3:07;0;AVIÁRIO MEIO;1.137,00;27/10/2025;01:47:33;20;1283-20
CO2;1283;CT-CO2-0;1f94f8ad-7171-b062-c0a5-dbf839ac97e9;CD:E6:D3:07;0;AVIÁRIO MEIO;1.111,00;27/10/2025;01:58:09;20;1283-20
CO2;1283;CT-CO2-0;1f94f8ad-7171-b062-c0a5-dbf839ac97e9;CD:E6:D3:07;0;AVIÁRIO MEIO;1.114,00;27/10/2025;02:03:40;20;1283-20
CO2;1283;CT-CO2-0;1f94f8ad-7171-b062-c0a5-dbf839ac97e9;CD:E6:D3:07;0;AVIÁRIO MEIO;1.116,00;27/10/2025;02:09:12;20;1283-20
CO2;1283;CT-CO2-0;1f94f8ad-7171-b062-c0a5-dbf839ac97e9;CD:E6:D3:07;0;AVIÁRIO MEIO;1.142,00;27/10/2025;02:19:46;20;1283-20
CO2;1283;CT-CO2-0;1f94f8ad-7171-b062-c0a5-dbf839ac97e9;CD:E6:D3:07;0;AVIÁRIO MEIO;1.079,00;27/10/2025;02:30:51;20;1283-20
CO2;1283;CT-CO2-0;1f94f8ad-7171-b062-c0a5-dbf839ac97e9;CD:E6:D3:07;0;AVIÁRIO MEIO;1.152,00;27/10/2025;02:35:53;20;1283-20
CO2;1283;CT-CO2-0;1f94f8ad-7171-b062-c0a5-dbf839ac97e9;CD:E6:D3:07;0;AVIÁRIO MEIO;1.132,00;27/10/2025;02:41:26;20;1283-20
CO2;1283;CT-CO2-0;1f94f8ad-7171-b062-c0a5-dbf839ac97e9;CD:E6:D3:07;0;AVIÁRIO MEIO;1.147,00;27/10/2025;02:46:58;20;1283-20
CO2;1283;CT-CO2-0;1f94f8ad-7171-b062-c0a5-dbf839ac97e9;CD:E6:D3:07;0;AVIÁRIO MEIO;1.117,00;27/10/2025;02:52:30;20;1283-20
CO2;1283;CT-CO2-0;1f94f8ad-7171-b062-c0a5-dbf839ac97e9;CD:E6:D3:07;0;AVIÁRIO MEIO;1.145,00;27/10/2025;02:57:31;20;1283-20
CO2;1283;CT-CO2-0;1f94f8ad-7171-b062-c0a5-dbf839ac97e9;CD:E6:D3:07;0;AVIÁRIO MEIO;1.152,00;27/10/2025;03:03:35;20;1283-20
CO2;1283;CT-CO2-0;1f94f8ad-7171-b062-c0a5-dbf839ac97e9;CD:E6:D3:07;0;AVIÁRIO MEIO;1.176,00;27/10/2025;03:08:37;20;1283-20
CO2;1283;CT-CO2-0;1f94f8ad-7171-b062-c0a5-dbf839ac97e9;CD:E6:D3:07;0;AVIÁRIO MEIO;1.152,00;27/10/2025;03:13:39;20;1283-20
CO2;1283;CT-CO2-0;1f94f8ad-7171-b062-c0a5-dbf839ac97e9;CD:E6:D3:07;0;AVIÁRIO MEIO;1.125,00;27/10/2025;03:19:11;20;1283-20
CO2;1283;CT-CO2-0;1f94f8ad-7171-b062-c0a5-dbf839ac97e9;CD:E6:D3:07;0;AVIÁRIO MEIO;1.148,00;27/10/2025;03:24:43;20;1283-20
CO2;1283;CT-CO2-0;1f94f8ad-7171-b062-c0a5-dbf839ac97e9;CD:E6:D3:07;0;AVIÁRIO MEIO;1.188,00;27/10/2025;03:30:15;20;1283-20
CO2;1283;CT-CO2-0;1f94f8ad-7171-b062-c0a5-dbf839ac97e9;CD:E6:D3:07;0;AVIÁRIO MEIO;1.178,00;27/10/2025;03:35:21;20;1283-20
CO2;1283;CT-CO2-0;1f94f8ad-7171-b062-c0a5-dbf839ac97e9;CD:E6:D3:07;0;AVIÁRIO MEIO;1.180,00;27/10/2025;03:40:53;20;1283-20
CO2;1283;CT-CO2-0;1f94f8ad-7171-b062-c0a5-dbf839ac97e9;CD:E6:D3:07;0;AVIÁRIO MEIO;1.243,00;27/10/2025;03:46:25;20;1283-20
CO2;1283;CT-CO2-0;1f94f8ad-7171-b062-c0a5-dbf839ac97e9;CD:E6:D3:07;0;AVIÁRIO MEIO;1.217,00;27/10/2025;03:51:27;20;1283-20
CO2;1283;CT-CO2-0;1f94f8ad-7171-b062-c0a5-dbf839ac97e9;CD:E6:D3:07;0;AVIÁRIO MEIO;1.199,00;27/10/2025;03:56:59;20;1283-20
CO2;1283;CT-CO2-0;1f94f8ad-7171-b062-c0a5-dbf839ac97e9;CD:E6:D3:07;0;AVIÁRIO MEIO;1.171,00;27/10/2025;04:02:30;20;1283-20
CO2;1283;CT-CO2-0;1f94f8ad-7171-b062-c0a5-dbf839ac97e9;CD:E6:D3:07;0;AVIÁRIO MEIO;1.210,00;27/10/2025;04:08:02;20;1283-20
CO2;1283;CT-CO2-0;1f94f8ad-7171-b062-c0a5-dbf839ac97e9;CD:E6:D3:07;0;AVIÁRIO MEIO;1.160,00;27/10/2025;04:13:35;20;1283-20
CO2;1283;CT-CO2-0;1f94f8ad-7171-b062-c0a5-dbf839ac97e9;CD:E6:D3:07;0;AVIÁRIO MEIO;1.161,00;27/10/2025;04:18:37;20;1283-20
CO2;1283;CT-CO2-0;1f94f8ad-7171-b062-c0a5-dbf839ac97e9;CD:E6:D3:07;0;AVIÁRIO MEIO;1.161,00;27/10/2025;04:24:09;20;1283-20
CO2;1283;CT-CO2-0;1f94f8ad-7171-b062-c0a5-dbf839ac97e9;CD:E6:D3:07;0;AVIÁRIO MEIO;1.198,00;27/10/2025;04:29:12;20;1283-20
CO2;1283;CT-CO2-0;1f94f8ad-7171-b062-c0a5-dbf839ac97e9;CD:E6:D3:07;0;AVIÁRIO MEIO;1.173,00;27/10/2025;04:34:43;20;1283-20
CO2;1283;CT-CO2-0;1f94f8ad-7171-b062-c0a5-dbf839ac97e9;CD:E6:D3:07;0;AVIÁRIO MEIO;1.183,00;27/10/2025;04:45:49;20;1283-20
CO2;1283;CT-CO2-0;1f94f8ad-7171-b062-c0a5-dbf839ac97e9;CD:E6:D3:07;0;AVIÁRIO MEIO;1.173,00;27/10/2025;04:50:52;20;1283-20
CO2;1283;CT-CO2-0;1f94f8ad-7171-b062-c0a5-dbf839ac97e9;CD:E6:D3:07;0;AVIÁRIO MEIO;1.195,00;27/10/2025;04:56:25;20;1283-20
CO2;1283;CT-CO2-0;1f94f8ad-7171-b062-c0a5-dbf839ac97e9;CD:E6:D3:07;0;AVIÁRIO MEIO;1.230,00;27/10/2025;05:01:57;20;1283-20
CO2;1283;CT-CO2-0;1f94f8ad-7171-b062-c0a5-dbf839ac97e9;CD:E6:D3:07;0;AVIÁRIO MEIO;1.183,00;27/10/2025;05:07:00;20;1283-20
CO2;1283;CT-CO2-0;1f94f8ad-7171-b062-c0a5-dbf839ac97e9;CD:E6:D3:07;0;AVIÁRIO MEIO;1.235,00;27/10/2025;05:12:32;20;1283-20
CO2;1283;CT-CO2-0;1f94f8ad-7171-b062-c0a5-dbf839ac97e9;CD:E6:D3:07;0;AVIÁRIO MEIO;1.227,00;27/10/2025;05:18:39;20;1283-20
CO2;1283;CT-CO2-0;1f94f8ad-7171-b062-c0a5-dbf839ac97e9;CD:E6:D3:07;0;AVIÁRIO MEIO;1.239,00;27/10/2025;05:23:11;20;1283-20
CO2;1283;CT-CO2-0;1f94f8ad-7171-b062-c0a5-dbf839ac97e9;CD:E6:D3:07;0;AVIÁRIO MEIO;1.232,00;27/10/2025;05:28:43;20;1283-20
CO2;1283;CT-CO2-0;1f94f8ad-7171-b062-c0a5-dbf839ac97e9;CD:E6:D3:07;0;AVIÁRIO MEIO;1.274,00;27/10/2025;05:34:15;20;1283-20
CO2;1283;CT-CO2-0;1f94f8ad-7171-b062-c0a5-dbf839ac97e9;CD:E6:D3:07;0;AVIÁRIO MEIO;1.281,00;27/10/2025;05:39:47;20;1283-20
CO2;1283;CT-CO2-0;1f94f8ad-7171-b062-c0a5-dbf839ac97e9;CD:E6:D3:07;0;AVIÁRIO MEIO;1.229,00;27/10/2025;05:44:49;20;1283-20
CO2;1283;CT-CO2-0;1f94f8ad-7171-b062-c0a5-dbf839ac97e9;CD:E6:D3:07;0;AVIÁRIO MEIO;1.242,00;27/10/2025;05:50:21;20;1283-20
CO2;1283;CT-CO2-0;1f94f8ad-7171-b062-c0a5-dbf839ac97e9;CD:E6:D3:07;0;AVIÁRIO MEIO;1.272,00;27/10/2025;05:55:53;20;1283-20
CO2;1283;CT-CO2-0;1f94f8ad-7171-b062-c0a5-dbf839ac97e9;CD:E6:D3:07;0;AVIÁRIO MEIO;1.262,00;27/10/2025;06:01:25;20;1283-20
CO2;1283;CT-CO2-0;1f94f8ad-7171-b062-c0a5-dbf839ac97e9;CD:E6:D3:07;0;AVIÁRIO MEIO;1.214,00;27/10/2025;06:06:27;20;1283-20
CO2;1283;CT-CO2-0;1f94f8ad-7171-b062-c0a5-dbf839ac97e9;CD:E6:D3:07;0;AVIÁRIO MEIO;1.229,00;27/10/2025;06:11:59;20;1283-20
CO2;1283;CT-CO2-0;1f94f8ad-7171-b062-c0a5-dbf839ac97e9;CD:E6:D3:07;0;AVIÁRIO MEIO;1.146,00;27/10/2025;06:33:44;20;1283-20
CO2;1283;CT-CO2-0;1f94f8ad-7171-b062-c0a5-dbf839ac97e9;CD:E6:D3:07;0;AVIÁRIO MEIO;1.190,00;27/10/2025;06:38:46;20;1283-20
CO2;1283;CT-CO2-0;1f94f8ad-7171-b062-c0a5-dbf839ac97e9;CD:E6:D3:07;0;AVIÁRIO MEIO;1.174,00;27/10/2025;06:44:18;20;1283-20
CO2;1283;CT-CO2-0;1f94f8ad-7171-b062-c0a5-dbf839ac97e9;CD:E6:D3:07;0;AVIÁRIO MEIO;1.236,00;27/10/2025;06:49:50;20;1283-20
CO2;1283;CT-CO2-0;1f94f8ad-7171-b062-c0a5-dbf839ac97e9;CD:E6:D3:07;0;AVIÁRIO MEIO;1.180,00;27/10/2025;07:00:26;20;1283-20
CO2;1283;CT-CO2-0;1f94f8ad-7171-b062-c0a5-dbf839ac97e9;CD:E6:D3:07;0;AVIÁRIO MEIO;1.147,00;27/10/2025;07:11:29;20;1283-20
CO2;1283;CT-CO2-0;1f94f8ad-7171-b062-c0a5-dbf839ac97e9;CD:E6:D3:07;0;AVIÁRIO MEIO;1.157,00;27/10/2025;07:17:01;20;1283-20
CO2;1283;CT-CO2-0;1f94f8ad-7171-b062-c0a5-dbf839ac97e9;CD:E6:D3:07;0;AVIÁRIO MEIO;1.137,00;27/10/2025;07:22:03;20;1283-20
CO2;1283;CT-CO2-0;1f94f8ad-7171-b062-c0a5-dbf839ac97e9;CD:E6:D3:07;0;AVIÁRIO MEIO;1.139,00;27/10/2025;07:27:35;20;1283-20
CO2;1283;CT-CO2-0;1f94f8ad-7171-b062-c0a5-dbf839ac97e9;CD:E6:D3:07;0;AVIÁRIO MEIO;1.090,00;27/10/2025;07:39:10;20;1283-20
CO2;1283;CT-CO2-0;1f94f8ad-7171-b062-c0a5-dbf839ac97e9;CD:E6:D3:07;0;AVIÁRIO MEIO;1.092,00;27/10/2025;07:43:42;20;1283-20
CO2;1283;CT-CO2-0;1f94f8ad-7171-b062-c0a5-dbf839ac97e9;CD:E6:D3:07;0;AVIÁRIO MEIO;1.088,00;27/10/2025;07:49:14;20;1283-20
CO2;1283;CT-CO2-0;1f94f8ad-7171-b062-c0a5-dbf839ac97e9;CD:E6:D3:07;0;AVIÁRIO MEIO;1.004,00;27/10/2025;08:05:26;20;1283-20
CO2;1283;CT-CO2-0;1f94f8ad-7171-b062-c0a5-dbf839ac97e9;CD:E6:D3:07;0;AVIÁRIO MEIO;993,00;27/10/2025;08:10:58;20;1283-20
CO2;1283;CT-CO2-0;1f94f8ad-7171-b062-c0a5-dbf839ac97e9;CD:E6:D3:07;0;AVIÁRIO MEIO;976,00;27/10/2025;08:27:04;20;1283-20
CO2;1283;CT-CO2-0;1f94f8ad-7171-b062-c0a5-dbf839ac97e9;CD:E6:D3:07;0;AVIÁRIO MEIO;1.015,00;27/10/2025;08:32:35;20;1283-20
CO2;1283;CT-CO2-0;1f94f8ad-7171-b062-c0a5-dbf839ac97e9;CD:E6:D3:07;0;AVIÁRIO MEIO;991,00;27/10/2025;08:38:07;20;1283-20
CO2;1283;CT-CO2-0;1f94f8ad-7171-b062-c0a5-dbf839ac97e9;CD:E6:D3:07;0;AVIÁRIO MEIO;1.013,00;27/10/2025;08:43:10;20;1283-20
CO2;1283;CT-CO2-0;1f94f8ad-7171-b062-c0a5-dbf839ac97e9;CD:E6:D3:07;0;AVIÁRIO MEIO;1.003,00;27/10/2025;08:49:14;20;1283-20
CO2;1283;CT-CO2-0;1f94f8ad-7171-b062-c0a5-dbf839ac97e9;CD:E6:D3:07;0;AVIÁRIO MEIO;948,00;27/10/2025;08:54:16;20;1283-20
CO2;1283;CT-CO2-0;1f94f8ad-7171-b062-c0a5-dbf839ac97e9;CD:E6:D3:07;0;AVIÁRIO MEIO;973,00;27/10/2025;08:59:18;20;1283-20
CO2;1283;CT-CO2-0;1f94f8ad-7171-b062-c0a5-dbf839ac97e9;CD:E6:D3:07;0;AVIÁRIO MEIO;1.019,00;27/10/2025;09:04:50;20;1283-20
CO2;1283;CT-CO2-0;1f94f8ad-7171-b062-c0a5-dbf839ac97e9;CD:E6:D3:07;0;AVIÁRIO MEIO;915,00;27/10/2025;09:15:55;20;1283-20
CO2;1283;CT-CO2-0;1f94f8ad-7171-b062-c0a5-dbf839ac97e9;CD:E6:D3:07;0;AVIÁRIO MEIO;930,00;27/10/2025;09:20:57;20;1283-20
CO2;1283;CT-CO2-0;1f94f8ad-7171-b062-c0a5-dbf839ac97e9;CD:E6:D3:07;0;AVIÁRIO MEIO;896,00;27/10/2025;09:26:31;20;1283-20
CO2;1283;CT-CO2-0;1f94f8ad-7171-b062-c0a5-dbf839ac97e9;CD:E6:D3:07;0;AVIÁRIO MEIO;950,00;27/10/2025;09:32:03;20;1283-20
CO2;1283;CT-CO2-0;1f94f8ad-7171-b062-c0a5-dbf839ac97e9;CD:E6:D3:07;0;AVIÁRIO MEIO;889,00;27/10/2025;09:37:06;20;1283-20
CO2;1283;CT-CO2-0;1f94f8ad-7171-b062-c0a5-dbf839ac97e9;CD:E6:D3:07;0;AVIÁRIO MEIO;892,00;27/10/2025;09:42:38;20;1283-20
CO2;1283;CT-CO2-0;1f94f8ad-7171-b062-c0a5-dbf839ac97e9;CD:E6:D3:07;0;AVIÁRIO MEIO;835,00;27/10/2025;09:48:10;20;1283-20
CO2;1283;CT-CO2-0;1f94f8ad-7171-b062-c0a5-dbf839ac97e9;CD:E6:D3:07;0;AVIÁRIO MEIO;834,00;27/10/2025;09:53:42;20;1283-20
CO2;1283;CT-CO2-0;1f94f8ad-7171-b062-c0a5-dbf839ac97e9;CD:E6:D3:07;0;AVIÁRIO MEIO;854,00;27/10/2025;09:59:16;20;1283-20
CO2;1283;CT-CO2-0;1f94f8ad-7171-b062-c0a5-dbf839ac97e9;CD:E6:D3:07;0;AVIÁRIO MEIO;874,00;27/10/2025;10:04:18;20;1283-20
CO2;1283;CT-CO2-0;1f94f8ad-7171-b062-c0a5-dbf839ac97e9;CD:E6:D3:07;0;AVIÁRIO MEIO;827,00;27/10/2025;10:09:51;20;1283-20
CO2;1283;CT-CO2-0;1f94f8ad-7171-b062-c0a5-dbf839ac97e9;CD:E6:D3:07;0;AVIÁRIO MEIO;835,00;27/10/2025;10:31:29;20;1283-20
CO2;1283;CT-CO2-0;1f94f8ad-7171-b062-c0a5-dbf839ac97e9;CD:E6:D3:07;0;AVIÁRIO MEIO;825,00;27/10/2025;10:36:32;20;1283-20
CO2;1283;CT-CO2-0;1f94f8ad-7171-b062-c0a5-dbf839ac97e9;CD:E6:D3:07;0;AVIÁRIO MEIO;800,00;27/10/2025;10:42:07;20;1283-20
CO2;1283;CT-CO2-0;1f94f8ad-7171-b062-c0a5-dbf839ac97e9;CD:E6:D3:07;0;AVIÁRIO MEIO;814,00;27/10/2025;10:47:39;20;1283-20
CO2;1283;CT-CO2-0;1f94f8ad-7171-b062-c0a5-dbf839ac97e9;CD:E6:D3:07;0;AVIÁRIO MEIO;791,00;27/10/2025;10:53:11;20;1283-20
CO2;1283;CT-CO2-0;1f94f8ad-7171-b062-c0a5-dbf839ac97e9;CD:E6:D3:07;0;AVIÁRIO MEIO;788,00;27/10/2025;10:58:13;20;1283-20
CO2;1283;CT-CO2-0;1f94f8ad-7171-b062-c0a5-dbf839ac97e9;CD:E6:D3:07;0;AVIÁRIO MEIO;804,00;27/10/2025;11:04:18;20;1283-20
CO2;1283;CT-CO2-0;1f94f8ad-7171-b062-c0a5-dbf839ac97e9;CD:E6:D3:07;0;AVIÁRIO MEIO;774,00;27/10/2025;11:09:20;20;1283-20
CO2;1283;CT-CO2-0;1f94f8ad-7171-b062-c0a5-dbf839ac97e9;CD:E6:D3:07;0;AVIÁRIO MEIO;805,00;27/10/2025;11:14:22;20;1283-20
CO2;1283;CT-CO2-0;1f94f8ad-7171-b062-c0a5-dbf839ac97e9;CD:E6:D3:07;0;AVIÁRIO MEIO;836,00;27/10/2025;11:19:54;20;1283-20
CO2;1283;CT-CO2-0;1f94f8ad-7171-b062-c0a5-dbf839ac97e9;CD:E6:D3:07;0;AVIÁRIO MEIO;820,00;27/10/2025;11:25:27;20;1283-20
CO2;1283;CT-CO2-0;1f94f8ad-7171-b062-c0a5-dbf839ac97e9;CD:E6:D3:07;0;AVIÁRIO MEIO;825,00;27/10/2025;11:30:59;20;1283-20
CO2;1283;CT-CO2-0;1f94f8ad-7171-b062-c0a5-dbf839ac97e9;CD:E6:D3:07;0;AVIÁRIO MEIO;851,00;27/10/2025;11:36:06;20;1283-20
CO2;1283;CT-CO2-0;1f94f8ad-7171-b062-c0a5-dbf839ac97e9;CD:E6:D3:07;0;AVIÁRIO MEIO;856,00;27/10/2025;11:41:38;20;1283-20
CO2;1283;CT-CO2-0;1f94f8ad-7171-b062-c0a5-dbf839ac97e9;CD:E6:D3:07;0;AVIÁRIO MEIO;856,00;27/10/2025;11:47:10;20;1283-20
CO2;1283;CT-CO2-0;1f94f8ad-7171-b062-c0a5-dbf839ac97e9;CD:E6:D3:07;0;AVIÁRIO MEIO;845,00;27/10/2025;11:52:12;20;1283-20
CO2;1283;CT-CO2-0;1f94f8ad-7171-b062-c0a5-dbf839ac97e9;CD:E6:D3:07;0;AVIÁRIO MEIO;810,00;27/10/2025;12:09:20;20;1283-20
CO2;1283;CT-CO2-0;1f94f8ad-7171-b062-c0a5-dbf839ac97e9;CD:E6:D3:07;0;AVIÁRIO MEIO;819,00;27/10/2025;12:19:24;20;1283-20
CO2;1283;CT-CO2-0;1f94f8ad-7171-b062-c0a5-dbf839ac97e9;CD:E6:D3:07;0;AVIÁRIO MEIO;816,00;27/10/2025;12:24:57;20;1283-20
CO2;1283;CT-CO2-0;1f94f8ad-7171-b062-c0a5-dbf839ac97e9;CD:E6:D3:07;0;AVIÁRIO MEIO;662,00;27/10/2025;12:46:34;20;1283-20
CO2;1283;CT-CO2-0;1f94f8ad-7171-b062-c0a5-dbf839ac97e9;CD:E6:D3:07;0;AVIÁRIO MEIO;682,00;27/10/2025;12:52:07;20;1283-20
CO2;1283;CT-CO2-0;1f94f8ad-7171-b062-c0a5-dbf839ac97e9;CD:E6:D3:07;0;AVIÁRIO MEIO;746,00;27/10/2025;12:57:09;20;1283-20
CO2;1283;CT-CO2-0;1f94f8ad-7171-b062-c0a5-dbf839ac97e9;CD:E6:D3:07;0;AVIÁRIO MEIO;656,00;27/10/2025;13:02:41;20;1283-20
CO2;1283;CT-CO2-0;1f94f8ad-7171-b062-c0a5-dbf839ac97e9;CD:E6:D3:07;0;AVIÁRIO MEIO;713,00;27/10/2025;13:08:14;20;1283-20
CO2;1283;CT-CO2-0;1f94f8ad-7171-b062-c0a5-dbf839ac97e9;CD:E6:D3:07;0;AVIÁRIO MEIO;700,00;27/10/2025;13:13:16;20;1283-20
CO2;1283;CT-CO2-0;1f94f8ad-7171-b062-c0a5-dbf839ac97e9;CD:E6:D3:07;0;AVIÁRIO MEIO;654,00;27/10/2025;13:19:19;20;1283-20
CO2;1283;CT-CO2-0;1f94f8ad-7171-b062-c0a5-dbf839ac97e9;CD:E6:D3:07;0;AVIÁRIO MEIO;645,00;27/10/2025;13:24:23;20;1283-20
CO2;1283;CT-CO2-0;1f94f8ad-7171-b062-c0a5-dbf839ac97e9;CD:E6:D3:07;0;AVIÁRIO MEIO;649,00;27/10/2025;13:29:55;20;1283-20
CO2;1283;CT-CO2-0;1f94f8ad-7171-b062-c0a5-dbf839ac97e9;CD:E6:D3:07;0;AVIÁRIO MEIO;641,00;27/10/2025;13:34:58;20;1283-20
CO2;1283;CT-CO2-0;1f94f8ad-7171-b062-c0a5-dbf839ac97e9;CD:E6:D3:07;0;AVIÁRIO MEIO;639,00;27/10/2025;13:40:29;20;1283-20
CO2;1283;CT-CO2-0;1f94f8ad-7171-b062-c0a5-dbf839ac97e9;CD:E6:D3:07;0;AVIÁRIO MEIO;636,00;27/10/2025;13:46:01;20;1283-20
CO2;1283;CT-CO2-0;1f94f8ad-7171-b062-c0a5-dbf839ac97e9;CD:E6:D3:07;0;AVIÁRIO MEIO;742,00;27/10/2025;13:56:35;20;1283-20
CO2;1283;CT-CO2-0;1f94f8ad-7171-b062-c0a5-dbf839ac97e9;CD:E6:D3:07;0;AVIÁRIO MEIO;797,00;27/10/2025;14:12:42;20;1283-20
CO2;1283;CT-CO2-0;1f94f8ad-7171-b062-c0a5-dbf839ac97e9;CD:E6:D3:07;0;AVIÁRIO MEIO;717,00;27/10/2025;14:18:15;20;1283-20
CO2;1283;CT-CO2-0;1f94f8ad-7171-b062-c0a5-dbf839ac97e9;CD:E6:D3:07;0;AVIÁRIO MEIO;688,00;27/10/2025;14:23:48;20;1283-20
CO2;1283;CT-CO2-0;1f94f8ad-7171-b062-c0a5-dbf839ac97e9;CD:E6:D3:07;0;AVIÁRIO MEIO;707,00;27/10/2025;14:29:51;20;1283-20
CO2;1283;CT-CO2-0;1f94f8ad-7171-b062-c0a5-dbf839ac97e9;CD:E6:D3:07;0;AVIÁRIO MEIO;710,00;27/10/2025;14:34:22;20;1283-20
CO2;1283;CT-CO2-0;1f94f8ad-7171-b062-c0a5-dbf839ac97e9;CD:E6:D3:07;0;AVIÁRIO MEIO;742,00;27/10/2025;14:45:26;20;1283-20
CO2;1283;CT-CO2-0;1f94f8ad-7171-b062-c0a5-dbf839ac97e9;CD:E6:D3:07;0;AVIÁRIO MEIO;706,00;27/10/2025;14:50:58;20;1283-20
CO2;1283;CT-CO2-0;1f94f8ad-7171-b062-c0a5-dbf839ac97e9;CD:E6:D3:07;0;AVIÁRIO MEIO;701,00;27/10/2025;14:56:05;20;1283-20
CO2;1283;CT-CO2-0;1f94f8ad-7171-b062-c0a5-dbf839ac97e9;CD:E6:D3:07;0;AVIÁRIO MEIO;713,00;27/10/2025;15:01:37;20;1283-20
CO2;1283;CT-CO2-0;1f94f8ad-7171-b062-c0a5-dbf839ac97e9;CD:E6:D3:07;0;AVIÁRIO MEIO;726,00;27/10/2025;15:07:09;20;1283-20
CO2;1283;CT-CO2-0;1f94f8ad-7171-b062-c0a5-dbf839ac97e9;CD:E6:D3:07;0;AVIÁRIO MEIO;712,00;27/10/2025;15:12:40;20;1283-20
CO2;1283;CT-CO2-0;1f94f8ad-7171-b062-c0a5-dbf839ac97e9;CD:E6:D3:07;0;AVIÁRIO MEIO;718,00;27/10/2025;15:17:42;20;1283-20
CO2;1283;CT-CO2-0;1f94f8ad-7171-b062-c0a5-dbf839ac97e9;CD:E6:D3:07;0;AVIÁRIO MEIO;702,00;27/10/2025;15:23:14;20;1283-20
CO2;1283;CT-CO2-0;1f94f8ad-7171-b062-c0a5-dbf839ac97e9;CD:E6:D3:07;0;AVIÁRIO MEIO;694,00;27/10/2025;15:28:46;20;1283-20
CO2;1283;CT-CO2-0;1f94f8ad-7171-b062-c0a5-dbf839ac97e9;CD:E6:D3:07;0;AVIÁRIO MEIO;699,00;27/10/2025;15:34:18;20;1283-20
CO2;1283;CT-CO2-0;1f94f8ad-7171-b062-c0a5-dbf839ac97e9;CD:E6:D3:07;0;AVIÁRIO MEIO;726,00;27/10/2025;15:55:58;20;1283-20
CO2;1283;CT-CO2-0;1f94f8ad-7171-b062-c0a5-dbf839ac97e9;CD:E6:D3:07;0;AVIÁRIO MEIO;722,00;27/10/2025;16:01:01;20;1283-20
CO2;1283;CT-CO2-0;1f94f8ad-7171-b062-c0a5-dbf839ac97e9;CD:E6:D3:07;0;AVIÁRIO MEIO;712,00;27/10/2025;16:06:33;20;1283-20
CO2;1283;CT-CO2-0;1f94f8ad-7171-b062-c0a5-dbf839ac97e9;CD:E6:D3:07;0;AVIÁRIO MEIO;718,00;27/10/2025;16:12:04;20;1283-20
CO2;1283;CT-CO2-0;1f94f8ad-7171-b062-c0a5-dbf839ac97e9;CD:E6:D3:07;0;AVIÁRIO MEIO;710,00;27/10/2025;16:17:36;20;1283-20
CO2;1283;CT-CO2-0;1f94f8ad-7171-b062-c0a5-dbf839ac97e9;CD:E6:D3:07;0;AVIÁRIO MEIO;729,00;27/10/2025;16:22:38;20;1283-20
CO2;1283;CT-CO2-0;1f94f8ad-7171-b062-c0a5-dbf839ac97e9;CD:E6:D3:07;0;AVIÁRIO MEIO;708,00;27/10/2025;16:28:10;20;1283-20
CO2;1283;CT-CO2-0;1f94f8ad-7171-b062-c0a5-dbf839ac97e9;CD:E6:D3:07;0;AVIÁRIO MEIO;701,00;27/10/2025;16:33:44;20;1283-20
CO2;1283;CT-CO2-0;1f94f8ad-7171-b062-c0a5-dbf839ac97e9;CD:E6:D3:07;0;AVIÁRIO MEIO;697,00;27/10/2025;16:39:16;20;1283-20
CO2;1283;CT-CO2-0;1f94f8ad-7171-b062-c0a5-dbf839ac97e9;CD:E6:D3:07;0;AVIÁRIO MEIO;717,00;27/10/2025;16:44:18;20;1283-20
CO2;1283;CT-CO2-0;1f94f8ad-7171-b062-c0a5-dbf839ac97e9;CD:E6:D3:07;0;AVIÁRIO MEIO;711,00;27/10/2025;17:05:59;20;1283-20
CO2;1283;CT-CO2-0;1f94f8ad-7171-b062-c0a5-dbf839ac97e9;CD:E6:D3:07;0;AVIÁRIO MEIO;699,00;27/10/2025;17:11:31;20;1283-20
CO2;1283;CT-CO2-0;1f94f8ad-7171-b062-c0a5-dbf839ac97e9;CD:E6:D3:07;0;AVIÁRIO MEIO;712,00;27/10/2025;17:17:03;20;1283-20
CO2;1283;CT-CO2-0;1f94f8ad-7171-b062-c0a5-dbf839ac97e9;CD:E6:D3:07;0;AVIÁRIO MEIO;722,00;27/10/2025;17:22:05;20;1283-20
CO2;1283;CT-CO2-0;1f94f8ad-7171-b062-c0a5-dbf839ac97e9;CD:E6:D3:07;0;AVIÁRIO MEIO;851,00;27/10/2025;17:27:37;20;1283-20
CO2;1283;CT-CO2-0;1f94f8ad-7171-b062-c0a5-dbf839ac97e9;CD:E6:D3:07;0;AVIÁRIO MEIO;823,00;27/10/2025;17:33:08;20;1283-20
CO2;1283;CT-CO2-0;1f94f8ad-7171-b062-c0a5-dbf839ac97e9;CD:E6:D3:07;0;AVIÁRIO MEIO;719,00;27/10/2025;17:38:41;20;1283-20
CO2;1283;CT-CO2-0;1f94f8ad-7171-b062-c0a5-dbf839ac97e9;CD:E6:D3:07;0;AVIÁRIO MEIO;697,00;27/10/2025;17:43:43;20;1283-20
CO2;1283;CT-CO2-0;1f94f8ad-7171-b062-c0a5-dbf839ac97e9;CD:E6:D3:07;0;AVIÁRIO MEIO;693,00;27/10/2025;17:49:15;20;1283-20
CO2;1283;CT-CO2-0;1f94f8ad-7171-b062-c0a5-dbf839ac97e9;CD:E6:D3:07;0;AVIÁRIO MEIO;702,00;27/10/2025;17:54:47;20;1283-20
CO2;1283;CT-CO2-0;1f94f8ad-7171-b062-c0a5-dbf839ac97e9;CD:E6:D3:07;0;AVIÁRIO MEIO;811,00;27/10/2025;18:00:55;20;1283-20
CO2;1283;CT-CO2-0;1f94f8ad-7171-b062-c0a5-dbf839ac97e9;CD:E6:D3:07;0;AVIÁRIO MEIO;843,00;27/10/2025;18:05:27;20;1283-20
CO2;1283;CT-CO2-0;1f94f8ad-7171-b062-c0a5-dbf839ac97e9;CD:E6:D3:07;0;AVIÁRIO MEIO;834,00;27/10/2025;18:10:59;20;1283-20
CO2;1283;CT-CO2-0;1f94f8ad-7171-b062-c0a5-dbf839ac97e9;CD:E6:D3:07;0;AVIÁRIO MEIO;943,00;27/10/2025;18:16:31;20;1283-20
CO2;1283;CT-CO2-0;1f94f8ad-7171-b062-c0a5-dbf839ac97e9;CD:E6:D3:07;0;AVIÁRIO MEIO;794,00;27/10/2025;18:21:33;20;1283-20
CO2;1283;CT-CO2-0;1f94f8ad-7171-b062-c0a5-dbf839ac97e9;CD:E6:D3:07;0;AVIÁRIO MEIO;902,00;27/10/2025;18:27:05;20;1283-20
CO2;1283;CT-CO2-0;1f94f8ad-7171-b062-c0a5-dbf839ac97e9;CD:E6:D3:07;0;AVIÁRIO MEIO;970,00;27/10/2025;18:38:09;20;1283-20
CO2;1283;CT-CO2-0;1f94f8ad-7171-b062-c0a5-dbf839ac97e9;CD:E6:D3:07;0;AVIÁRIO MEIO;1.072,00;27/10/2025;18:43:11;20;1283-20
CO2;1283;CT-CO2-0;1f94f8ad-7171-b062-c0a5-dbf839ac97e9;CD:E6:D3:07;0;AVIÁRIO MEIO;1.001,00;27/10/2025;18:48:43;20;1283-20
CO2;1283;CT-CO2-0;1f94f8ad-7171-b062-c0a5-dbf839ac97e9;CD:E6:D3:07;0;AVIÁRIO MEIO;1.096,00;27/10/2025;18:54:15;20;1283-20
CO2;1283;CT-CO2-0;1f94f8ad-7171-b062-c0a5-dbf839ac97e9;CD:E6:D3:07;0;AVIÁRIO MEIO;1.085,00;27/10/2025;19:04:49;20;1283-20
CO2;1283;CT-CO2-0;1f94f8ad-7171-b062-c0a5-dbf839ac97e9;CD:E6:D3:07;0;AVIÁRIO MEIO;1.186,00;27/10/2025;19:16:00;20;1283-20
CO2;1283;CT-CO2-0;1f94f8ad-7171-b062-c0a5-dbf839ac97e9;CD:E6:D3:07;0;AVIÁRIO MEIO;1.175,00;27/10/2025;19:21:32;20;1283-20
CO2;1283;CT-CO2-0;1f94f8ad-7171-b062-c0a5-dbf839ac97e9;CD:E6:D3:07;0;AVIÁRIO MEIO;1.139,00;27/10/2025;19:26:34;20;1283-20
CO2;1283;CT-CO2-0;1f94f8ad-7171-b062-c0a5-dbf839ac97e9;CD:E6:D3:07;0;AVIÁRIO MEIO;1.134,00;27/10/2025;19:32:06;20;1283-20
CO2;1283;CT-CO2-0;1f94f8ad-7171-b062-c0a5-dbf839ac97e9;CD:E6:D3:07;0;AVIÁRIO MEIO;1.165,00;27/10/2025;19:37:38;20;1283-20
CO2;1283;CT-CO2-0;1f94f8ad-7171-b062-c0a5-dbf839ac97e9;CD:E6:D3:07;0;AVIÁRIO MEIO;1.225,00;27/10/2025;19:43:10;20;1283-20
CO2;1283;CT-CO2-0;1f94f8ad-7171-b062-c0a5-dbf839ac97e9;CD:E6:D3:07;0;AVIÁRIO MEIO;1.262,00;27/10/2025;19:48:12;20;1283-20
CO2;1283;CT-CO2-0;1f94f8ad-7171-b062-c0a5-dbf839ac97e9;CD:E6:D3:07;0;AVIÁRIO MEIO;1.282,00;27/10/2025;19:53:44;20;1283-20
CO2;1283;CT-CO2-0;1f94f8ad-7171-b062-c0a5-dbf839ac97e9;CD:E6:D3:07;0;AVIÁRIO MEIO;1.303,00;27/10/2025;19:59:17;20;1283-20
CO2;1283;CT-CO2-0;1f94f8ad-7171-b062-c0a5-dbf839ac97e9;CD:E6:D3:07;0;AVIÁRIO MEIO;1.283,00;27/10/2025;20:04:49;20;1283-20
CO2;1283;CT-CO2-0;1f94f8ad-7171-b062-c0a5-dbf839ac97e9;CD:E6:D3:07;0;AVIÁRIO MEIO;1.299,00;27/10/2025;20:09:51;20;1283-20
CO2;1283;CT-CO2-0;1f94f8ad-7171-b062-c0a5-dbf839ac97e9;CD:E6:D3:07;0;AVIÁRIO MEIO;1.303,00;27/10/2025;20:21:28;20;1283-20
CO2;1283;CT-CO2-0;1f94f8ad-7171-b062-c0a5-dbf839ac97e9;CD:E6:D3:07;0;AVIÁRIO MEIO;1.313,00;27/10/2025;20:26:29;20;1283-20
CO2;1283;CT-CO2-0;1f94f8ad-7171-b062-c0a5-dbf839ac97e9;CD:E6:D3:07;0;AVIÁRIO MEIO;1.293,00;27/10/2025;20:31:31;20;1283-20
CO2;1283;CT-CO2-0;1f94f8ad-7171-b062-c0a5-dbf839ac97e9;CD:E6:D3:07;0;AVIÁRIO MEIO;1.300,00;27/10/2025;20:37:02;20;1283-20
CO2;1283;CT-CO2-0;1f94f8ad-7171-b062-c0a5-dbf839ac97e9;CD:E6:D3:07;0;AVIÁRIO MEIO;1.330,00;27/10/2025;20:42:34;20;1283-20
CO2;1283;CT-CO2-0;1f94f8ad-7171-b062-c0a5-dbf839ac97e9;CD:E6:D3:07;0;AVIÁRIO MEIO;1.346,00;27/10/2025;20:48:07;20;1283-20
CO2;1283;CT-CO2-0;1f94f8ad-7171-b062-c0a5-dbf839ac97e9;CD:E6:D3:07;0;AVIÁRIO MEIO;1.295,00;27/10/2025;20:53:10;20;1283-20
CO2;1283;CT-CO2-0;1f94f8ad-7171-b062-c0a5-dbf839ac97e9;CD:E6:D3:07;0;AVIÁRIO MEIO;1.260,00;27/10/2025;20:58:42;20;1283-20
CO2;1283;CT-CO2-0;1f94f8ad-7171-b062-c0a5-dbf839ac97e9;CD:E6:D3:07;0;AVIÁRIO MEIO;1.240,00;27/10/2025;21:06:43;20;1283-20
CO2;1283;CT-CO2-0;1f94f8ad-7171-b062-c0a5-dbf839ac97e9;CD:E6:D3:07;0;AVIÁRIO MEIO;1.230,00;27/10/2025;21:11:45;20;1283-20
CO2;1283;CT-CO2-0;1f94f8ad-7171-b062-c0a5-dbf839ac97e9;CD:E6:D3:07;0;AVIÁRIO MEIO;1.224,00;27/10/2025;21:17:16;20;1283-20
CO2;1283;CT-CO2-0;1f94f8ad-7171-b062-c0a5-dbf839ac97e9;CD:E6:D3:07;0;AVIÁRIO MEIO;1.229,00;27/10/2025;21:22:48;20;1283-20
CO2;1283;CT-CO2-0;1f94f8ad-7171-b062-c0a5-dbf839ac97e9;CD:E6:D3:07;0;AVIÁRIO MEIO;1.218,00;27/10/2025;21:28:52;20;1283-20
CO2;1283;CT-CO2-0;1f94f8ad-7171-b062-c0a5-dbf839ac97e9;CD:E6:D3:07;0;AVIÁRIO MEIO;1.185,00;27/10/2025;21:33:24;20;1283-20
CO2;1283;CT-CO2-0;1f94f8ad-7171-b062-c0a5-dbf839ac97e9;CD:E6:D3:07;0;AVIÁRIO MEIO;1.165,00;27/10/2025;21:44:28;20;1283-20
CO2;1283;CT-CO2-0;1f94f8ad-7171-b062-c0a5-dbf839ac97e9;CD:E6:D3:07;0;AVIÁRIO MEIO;1.126,00;27/10/2025;21:50:00;20;1283-20
CO2;1283;CT-CO2-0;1f94f8ad-7171-b062-c0a5-dbf839ac97e9;CD:E6:D3:07;0;AVIÁRIO MEIO;1.115,00;27/10/2025;22:00:35;20;1283-20
CO2;1283;CT-CO2-0;1f94f8ad-7171-b062-c0a5-dbf839ac97e9;CD:E6:D3:07;0;AVIÁRIO MEIO;1.098,00;27/10/2025;22:06:12;20;1283-20
CO2;1283;CT-CO2-0;1f94f8ad-7171-b062-c0a5-dbf839ac97e9;CD:E6:D3:07;0;AVIÁRIO MEIO;1.079,00;27/10/2025;22:11:45;20;1283-20
CO2;1283;CT-CO2-0;1f94f8ad-7171-b062-c0a5-dbf839ac97e9;CD:E6:D3:07;0;AVIÁRIO MEIO;1.094,00;27/10/2025;22:16:48;20;1283-20
CO2;1283;CT-CO2-0;1f94f8ad-7171-b062-c0a5-dbf839ac97e9;CD:E6:D3:07;0;AVIÁRIO MEIO;1.083,00;27/10/2025;22:22:20;20;1283-20
CO2;1283;CT-CO2-0;1f94f8ad-7171-b062-c0a5-dbf839ac97e9;CD:E6:D3:07;0;AVIÁRIO MEIO;1.092,00;27/10/2025;22:27:52;20;1283-20
CO2;1283;CT-CO2-0;1f94f8ad-7171-b062-c0a5-dbf839ac97e9;CD:E6:D3:07;0;AVIÁRIO MEIO;1.068,00;27/10/2025;22:33:56;20;1283-20
CO2;1283;CT-CO2-0;1f94f8ad-7171-b062-c0a5-dbf839ac97e9;CD:E6:D3:07;0;AVIÁRIO MEIO;1.067,00;27/10/2025;22:38:28;20;1283-20
CO2;1283;CT-CO2-0;1f94f8ad-7171-b062-c0a5-dbf839ac97e9;CD:E6:D3:07;0;AVIÁRIO MEIO;1.023,00;27/10/2025;22:44:00;20;1283-20
CO2;1283;CT-CO2-0;1f94f8ad-7171-b062-c0a5-dbf839ac97e9;CD:E6:D3:07;0;AVIÁRIO MEIO;1.071,00;27/10/2025;22:49:32;20;1283-20
CO2;1283;CT-CO2-0;1f94f8ad-7171-b062-c0a5-dbf839ac97e9;CD:E6:D3:07;0;AVIÁRIO MEIO;1.050,00;27/10/2025;22:54:33;20;1283-20
CO2;1283;CT-CO2-0;1f94f8ad-7171-b062-c0a5-dbf839ac97e9;CD:E6:D3:07;0;AVIÁRIO MEIO;1.107,00;27/10/2025;23:00:05;20;1283-20
CO2;1283;CT-CO2-0;1f94f8ad-7171-b062-c0a5-dbf839ac97e9;CD:E6:D3:07;0;AVIÁRIO MEIO;1.102,00;27/10/2025;23:05:37;20;1283-20
CO2;1283;CT-CO2-0;1f94f8ad-7171-b062-c0a5-dbf839ac97e9;CD:E6:D3:07;0;AVIÁRIO MEIO;1.077,00;27/10/2025;23:11:09;20;1283-20
CO2;1283;CT-CO2-0;1f94f8ad-7171-b062-c0a5-dbf839ac97e9;CD:E6:D3:07;0;AVIÁRIO MEIO;1.085,00;27/10/2025;23:16:11;20;1283-20
CO2;1283;CT-CO2-0;1f94f8ad-7171-b062-c0a5-dbf839ac97e9;CD:E6:D3:07;0;AVIÁRIO MEIO;1.117,00;27/10/2025;23:21:43;20;1283-20
CO2;1283;CT-CO2-0;1f94f8ad-7171-b062-c0a5-dbf839ac97e9;CD:E6:D3:07;0;AVIÁRIO MEIO;1.152,00;27/10/2025;23:27:14;20;1283-20
CO2;1283;CT-CO2-0;1f94f8ad-7171-b062-c0a5-dbf839ac97e9;CD:E6:D3:07;0;AVIÁRIO MEIO;1.210,00;27/10/2025;23:32:47;20;1283-20
CO2;1283;CT-CO2-0;1f94f8ad-7171-b062-c0a5-dbf839ac97e9;CD:E6:D3:07;0;AVIÁRIO MEIO;1.174,00;27/10/2025;23:38:20;20;1283-20
CO2;1283;CT-CO2-0;1f94f8ad-7171-b062-c0a5-dbf839ac97e9;CD:E6:D3:07;0;AVIÁRIO MEIO;1.175,00;27/10/2025;23:43:54;20;1283-20
CO2;1283;CT-CO2-0;1f94f8ad-7171-b062-c0a5-dbf839ac97e9;CD:E6:D3:07;0;AVIÁRIO MEIO;1.166,00;27/10/2025;23:48:56;20;1283-20
CO2;1283;CT-CO2-0;1f94f8ad-7171-b062-c0a5-dbf839ac97e9;CD:E6:D3:07;0;AVIÁRIO MEIO;1.160,00;27/10/2025;23:54:29;20;1283-20
CO2;1283;CT-CO2-0;1f94f8ad-7171-b062-c0a5-dbf839ac97e9;CD:E6:D3:07;0;AVIÁRIO MEIO;1.178,00;27/10/2025;23:59:31;20;1283-20
CO2;1283;CT-CO2-0;1f94f8ad-7171-b062-c0a5-dbf839ac97e9;CD:E6:D3:07;0;AVIÁRIO MEIO;1.146,00;28/10/2025;00:05:06;20;1283-20
CO2;1283;CT-CO2-0;1f94f8ad-7171-b062-c0a5-dbf839ac97e9;CD:E6:D3:07;0;AVIÁRIO MEIO;1.197,00;28/10/2025;00:10:38;20;1283-20
CO2;1283;CT-CO2-0;1f94f8ad-7171-b062-c0a5-dbf839ac97e9;CD:E6:D3:07;0;AVIÁRIO MEIO;1.233,00;28/10/2025;00:16:10;20;1283-20
CO2;1283;CT-CO2-0;1f94f8ad-7171-b062-c0a5-dbf839ac97e9;CD:E6:D3:07;0;AVIÁRIO MEIO;1.200,00;28/10/2025;00:21:13;20;1283-20
CO2;1283;CT-CO2-0;1f94f8ad-7171-b062-c0a5-dbf839ac97e9;CD:E6:D3:07;0;AVIÁRIO MEIO;1.158,00;28/10/2025;00:26:45;20;1283-20
CO2;1283;CT-CO2-0;1f94f8ad-7171-b062-c0a5-dbf839ac97e9;CD:E6:D3:07;0;AVIÁRIO MEIO;1.129,00;28/10/2025;00:32:17;20;1283-20
CO2;1283;CT-CO2-0;1f94f8ad-7171-b062-c0a5-dbf839ac97e9;CD:E6:D3:07;0;AVIÁRIO MEIO;1.215,00;28/10/2025;00:37:50;20;1283-20
CO2;1283;CT-CO2-0;1f94f8ad-7171-b062-c0a5-dbf839ac97e9;CD:E6:D3:07;0;AVIÁRIO MEIO;1.244,00;28/10/2025;00:42:52;20;1283-20
CO2;1283;CT-CO2-0;1f94f8ad-7171-b062-c0a5-dbf839ac97e9;CD:E6:D3:07;0;AVIÁRIO MEIO;1.188,00;28/10/2025;00:48:57;20;1283-20
CO2;1283;CT-CO2-0;1f94f8ad-7171-b062-c0a5-dbf839ac97e9;CD:E6:D3:07;0;AVIÁRIO MEIO;1.239,00;28/10/2025;00:53:59;20;1283-20
CO2;1283;CT-CO2-0;1f94f8ad-7171-b062-c0a5-dbf839ac97e9;CD:E6:D3:07;0;AVIÁRIO MEIO;1.155,00;28/10/2025;00:59:31;20;1283-20
CO2;1283;CT-CO2-0;1f94f8ad-7171-b062-c0a5-dbf839ac97e9;CD:E6:D3:07;0;AVIÁRIO MEIO;1.201,00;28/10/2025;01:04:33;20;1283-20
CO2;1283;CT-CO2-0;1f94f8ad-7171-b062-c0a5-dbf839ac97e9;CD:E6:D3:07;0;AVIÁRIO MEIO;1.215,00;28/10/2025;01:10:06;20;1283-20
CO2;1283;CT-CO2-0;1f94f8ad-7171-b062-c0a5-dbf839ac97e9;CD:E6:D3:07;0;AVIÁRIO MEIO;1.204,00;28/10/2025;01:15:38;20;1283-20
CO2;1283;CT-CO2-0;1f94f8ad-7171-b062-c0a5-dbf839ac97e9;CD:E6:D3:07;0;AVIÁRIO MEIO;1.224,00;28/10/2025;01:21:10;20;1283-20
CO2;1283;CT-CO2-0;1f94f8ad-7171-b062-c0a5-dbf839ac97e9;CD:E6:D3:07;0;AVIÁRIO MEIO;1.242,00;28/10/2025;01:26:12;20;1283-20
CO2;1283;CT-CO2-0;1f94f8ad-7171-b062-c0a5-dbf839ac97e9;CD:E6:D3:07;0;AVIÁRIO MEIO;1.210,00;28/10/2025;01:31:43;20;1283-20
CO2;1283;CT-CO2-0;1f94f8ad-7171-b062-c0a5-dbf839ac97e9;CD:E6:D3:07;0;AVIÁRIO MEIO;1.233,00;28/10/2025;01:37:15;20;1283-20
CO2;1283;CT-CO2-0;1f94f8ad-7171-b062-c0a5-dbf839ac97e9;CD:E6:D3:07;0;AVIÁRIO MEIO;1.257,00;28/10/2025;01:42:50;20;1283-20
CO2;1283;CT-CO2-0;1f94f8ad-7171-b062-c0a5-dbf839ac97e9;CD:E6:D3:07;0;AVIÁRIO MEIO;1.315,00;28/10/2025;01:47:52;20;1283-20
CO2;1283;CT-CO2-0;1f94f8ad-7171-b062-c0a5-dbf839ac97e9;CD:E6:D3:07;0;AVIÁRIO MEIO;1.353,00;28/10/2025;01:53:24;20;1283-20
CO2;1283;CT-CO2-0;1f94f8ad-7171-b062-c0a5-dbf839ac97e9;CD:E6:D3:07;0;AVIÁRIO MEIO;1.342,00;28/10/2025;01:59:28;20;1283-20
CO2;1283;CT-CO2-0;1f94f8ad-7171-b062-c0a5-dbf839ac97e9;CD:E6:D3:07;0;AVIÁRIO MEIO;1.318,00;28/10/2025;02:04:30;20;1283-20
CO2;1283;CT-CO2-0;1f94f8ad-7171-b062-c0a5-dbf839ac97e9;CD:E6:D3:07;0;AVIÁRIO MEIO;1.278,00;28/10/2025;02:09:33;20;1283-20
CO2;1283;CT-CO2-0;1f94f8ad-7171-b062-c0a5-dbf839ac97e9;CD:E6:D3:07;0;AVIÁRIO MEIO;1.301,00;28/10/2025;02:15:05;20;1283-20
CO2;1283;CT-CO2-0;1f94f8ad-7171-b062-c0a5-dbf839ac97e9;CD:E6:D3:07;0;AVIÁRIO MEIO;1.298,00;28/10/2025;02:20:37;20;1283-20
CO2;1283;CT-CO2-0;1f94f8ad-7171-b062-c0a5-dbf839ac97e9;CD:E6:D3:07;0;AVIÁRIO MEIO;1.294,00;28/10/2025;02:26:08;20;1283-20
CO2;1283;CT-CO2-0;1f94f8ad-7171-b062-c0a5-dbf839ac97e9;CD:E6:D3:07;0;AVIÁRIO MEIO;1.303,00;28/10/2025;02:31:10;20;1283-20
CO2;1283;CT-CO2-0;1f94f8ad-7171-b062-c0a5-dbf839ac97e9;CD:E6:D3:07;0;AVIÁRIO MEIO;1.274,00;28/10/2025;02:36:42;20;1283-20
CO2;1283;CT-CO2-0;1f94f8ad-7171-b062-c0a5-dbf839ac97e9;CD:E6:D3:07;0;AVIÁRIO MEIO;1.283,00;28/10/2025;02:42:15;20;1283-20
CO2;1283;CT-CO2-0;1f94f8ad-7171-b062-c0a5-dbf839ac97e9;CD:E6:D3:07;0;AVIÁRIO MEIO;1.302,00;28/10/2025;02:47:47;20;1283-20
CO2;1283;CT-CO2-0;1f94f8ad-7171-b062-c0a5-dbf839ac97e9;CD:E6:D3:07;0;AVIÁRIO MEIO;1.276,00;28/10/2025;02:52:49;20;1283-20
CO2;1283;CT-CO2-0;1f94f8ad-7171-b062-c0a5-dbf839ac97e9;CD:E6:D3:07;0;AVIÁRIO MEIO;1.279,00;28/10/2025;02:58:23;20;1283-20
CO2;1283;CT-CO2-0;1f94f8ad-7171-b062-c0a5-dbf839ac97e9;CD:E6:D3:07;0;AVIÁRIO MEIO;1.245,00;28/10/2025;03:03:55;20;1283-20
CO2;1283;CT-CO2-0;1f94f8ad-7171-b062-c0a5-dbf839ac97e9;CD:E6:D3:07;0;AVIÁRIO MEIO;1.279,00;28/10/2025;03:09:27;20;1283-20
CO2;1283;CT-CO2-0;1f94f8ad-7171-b062-c0a5-dbf839ac97e9;CD:E6:D3:07;0;AVIÁRIO MEIO;1.302,00;28/10/2025;03:14:29;20;1283-20
CO2;1283;CT-CO2-0;1f94f8ad-7171-b062-c0a5-dbf839ac97e9;CD:E6:D3:07;0;AVIÁRIO MEIO;1.302,00;28/10/2025;03:20:01;20;1283-20
CO2;1283;CT-CO2-0;1f94f8ad-7171-b062-c0a5-dbf839ac97e9;CD:E6:D3:07;0;AVIÁRIO MEIO;1.312,00;28/10/2025;03:25:33;20;1283-20
CO2;1283;CT-CO2-0;1f94f8ad-7171-b062-c0a5-dbf839ac97e9;CD:E6:D3:07;0;AVIÁRIO MEIO;1.323,00;28/10/2025;03:30:35;20;1283-20
CO2;1283;CT-CO2-0;1f94f8ad-7171-b062-c0a5-dbf839ac97e9;CD:E6:D3:07;0;AVIÁRIO MEIO;1.304,00;28/10/2025;03:36:07;20;1283-20
CO2;1283;CT-CO2-0;1f94f8ad-7171-b062-c0a5-dbf839ac97e9;CD:E6:D3:07;0;AVIÁRIO MEIO;1.322,00;28/10/2025;03:41:39;20;1283-20
CO2;1283;CT-CO2-0;1f94f8ad-7171-b062-c0a5-dbf839ac97e9;CD:E6:D3:07;0;AVIÁRIO MEIO;1.348,00;28/10/2025;03:47:12;20;1283-20
CO2;1283;CT-CO2-0;1f94f8ad-7171-b062-c0a5-dbf839ac97e9;CD:E6:D3:07;0;AVIÁRIO MEIO;1.401,00;28/10/2025;03:52:44;20;1283-20
CO2;1283;CT-CO2-0;1f94f8ad-7171-b062-c0a5-dbf839ac97e9;CD:E6:D3:07;0;AVIÁRIO MEIO;1.382,00;28/10/2025;03:57:46;20;1283-20
CO2;1283;CT-CO2-0;1f94f8ad-7171-b062-c0a5-dbf839ac97e9;CD:E6:D3:07;0;AVIÁRIO MEIO;1.333,00;28/10/2025;04:03:19;20;1283-20
CO2;1283;CT-CO2-0;1f94f8ad-7171-b062-c0a5-dbf839ac97e9;CD:E6:D3:07;0;AVIÁRIO MEIO;1.330,00;28/10/2025;04:08:51;20;1283-20
CO2;1283;CT-CO2-0;1f94f8ad-7171-b062-c0a5-dbf839ac97e9;CD:E6:D3:07;0;AVIÁRIO MEIO;1.302,00;28/10/2025;04:13:52;20;1283-20
CO2;1283;CT-CO2-0;1f94f8ad-7171-b062-c0a5-dbf839ac97e9;CD:E6:D3:07;0;AVIÁRIO MEIO;1.293,00;28/10/2025;04:19:56;20;1283-20
CO2;1283;CT-CO2-0;1f94f8ad-7171-b062-c0a5-dbf839ac97e9;CD:E6:D3:07;0;AVIÁRIO MEIO;1.311,00;28/10/2025;04:24:58;20;1283-20
CO2;1283;CT-CO2-0;1f94f8ad-7171-b062-c0a5-dbf839ac97e9;CD:E6:D3:07;0;AVIÁRIO MEIO;1.328,00;28/10/2025;04:30:30;20;1283-20
CO2;1283;CT-CO2-0;1f94f8ad-7171-b062-c0a5-dbf839ac97e9;CD:E6:D3:07;0;AVIÁRIO MEIO;1.275,00;28/10/2025;04:35:32;20;1283-20
CO2;1283;CT-CO2-0;1f94f8ad-7171-b062-c0a5-dbf839ac97e9;CD:E6:D3:07;0;AVIÁRIO MEIO;1.281,00;28/10/2025;04:41:04;20;1283-20
CO2;1283;CT-CO2-0;1f94f8ad-7171-b062-c0a5-dbf839ac97e9;CD:E6:D3:07;0;AVIÁRIO MEIO;1.351,00;28/10/2025;04:46:37;20;1283-20
CO2;1283;CT-CO2-0;1f94f8ad-7171-b062-c0a5-dbf839ac97e9;CD:E6:D3:07;0;AVIÁRIO MEIO;1.298,00;28/10/2025;04:52:09;20;1283-20
CO2;1283;CT-CO2-0;1f94f8ad-7171-b062-c0a5-dbf839ac97e9;CD:E6:D3:07;0;AVIÁRIO MEIO;1.319,00;28/10/2025;04:57:11;20;1283-20
CO2;1283;CT-CO2-0;1f94f8ad-7171-b062-c0a5-dbf839ac97e9;CD:E6:D3:07;0;AVIÁRIO MEIO;1.332,00;28/10/2025;05:02:43;20;1283-20
CO2;1283;CT-CO2-0;1f94f8ad-7171-b062-c0a5-dbf839ac97e9;CD:E6:D3:07;0;AVIÁRIO MEIO;1.315,00;28/10/2025;05:08:15;20;1283-20
CO2;1283;CT-CO2-0;1f94f8ad-7171-b062-c0a5-dbf839ac97e9;CD:E6:D3:07;0;AVIÁRIO MEIO;1.331,00;28/10/2025;05:13:46;20;1283-20
CO2;1283;CT-CO2-0;1f94f8ad-7171-b062-c0a5-dbf839ac97e9;CD:E6:D3:07;0;AVIÁRIO MEIO;1.390,00;28/10/2025;05:18:48;20;1283-20
CO2;1283;CT-CO2-0;1f94f8ad-7171-b062-c0a5-dbf839ac97e9;CD:E6:D3:07;0;AVIÁRIO MEIO;1.343,00;28/10/2025;05:24:21;20;1283-20
CO2;1283;CT-CO2-0;1f94f8ad-7171-b062-c0a5-dbf839ac97e9;CD:E6:D3:07;0;AVIÁRIO MEIO;1.378,00;28/10/2025;05:40:29;20;1283-20
CO2;1283;CT-CO2-0;1f94f8ad-7171-b062-c0a5-dbf839ac97e9;CD:E6:D3:07;0;AVIÁRIO MEIO;1.402,00;28/10/2025;05:46:01;20;1283-20
CO2;1283;CT-CO2-0;1f94f8ad-7171-b062-c0a5-dbf839ac97e9;CD:E6:D3:07;0;AVIÁRIO MEIO;1.343,00;28/10/2025;05:51:33;20;1283-20
CO2;1283;CT-CO2-0;1f94f8ad-7171-b062-c0a5-dbf839ac97e9;CD:E6:D3:07;0;AVIÁRIO MEIO;1.374,00;28/10/2025;05:57:05;20;1283-20
CO2;1283;CT-CO2-0;1f94f8ad-7171-b062-c0a5-dbf839ac97e9;CD:E6:D3:07;0;AVIÁRIO MEIO;1.368,00;28/10/2025;06:02:07;20;1283-20
CO2;1283;CT-CO2-0;1f94f8ad-7171-b062-c0a5-dbf839ac97e9;CD:E6:D3:07;0;AVIÁRIO MEIO;1.353,00;28/10/2025;06:07:39;20;1283-20
CO2;1283;CT-CO2-0;1f94f8ad-7171-b062-c0a5-dbf839ac97e9;CD:E6:D3:07;0;AVIÁRIO MEIO;1.413,00;28/10/2025;06:13:13;20;1283-20
CO2;1283;CT-CO2-0;1f94f8ad-7171-b062-c0a5-dbf839ac97e9;CD:E6:D3:07;0;AVIÁRIO MEIO;1.404,00;28/10/2025;06:18:45;20;1283-20
CO2;1283;CT-CO2-0;1f94f8ad-7171-b062-c0a5-dbf839ac97e9;CD:E6:D3:07;0;AVIÁRIO MEIO;1.378,00;28/10/2025;06:23:47;20;1283-20
CO2;1283;CT-CO2-0;1f94f8ad-7171-b062-c0a5-dbf839ac97e9;CD:E6:D3:07;0;AVIÁRIO MEIO;1.470,00;28/10/2025;06:29:19;20;1283-20
CO2;1283;CT-CO2-0;1f94f8ad-7171-b062-c0a5-dbf839ac97e9;CD:E6:D3:07;0;AVIÁRIO MEIO;1.464,00;28/10/2025;06:34:51;20;1283-20
CO2;1283;CT-CO2-0;1f94f8ad-7171-b062-c0a5-dbf839ac97e9;CD:E6:D3:07;0;AVIÁRIO MEIO;1.442,00;28/10/2025;06:40:56;20;1283-20
CO2;1283;CT-CO2-0;1f94f8ad-7171-b062-c0a5-dbf839ac97e9;CD:E6:D3:07;0;AVIÁRIO MEIO;1.430,00;28/10/2025;06:45:27;20;1283-20
CO2;1283;CT-CO2-0;1f94f8ad-7171-b062-c0a5-dbf839ac97e9;CD:E6:D3:07;0;AVIÁRIO MEIO;1.406,00;28/10/2025;06:50:59;20;1283-20
CO2;1283;CT-CO2-0;1f94f8ad-7171-b062-c0a5-dbf839ac97e9;CD:E6:D3:07;0;AVIÁRIO MEIO;1.412,00;28/10/2025;06:56:32;20;1283-20
CO2;1283;CT-CO2-0;1f94f8ad-7171-b062-c0a5-dbf839ac97e9;CD:E6:D3:07;0;AVIÁRIO MEIO;1.361,00;28/10/2025;07:02:05;20;1283-20
CO2;1283;CT-CO2-0;1f94f8ad-7171-b062-c0a5-dbf839ac97e9;CD:E6:D3:07;0;AVIÁRIO MEIO;1.373,00;28/10/2025;07:07:07;20;1283-20
CO2;1283;CT-CO2-0;1f94f8ad-7171-b062-c0a5-dbf839ac97e9;CD:E6:D3:07;0;AVIÁRIO MEIO;1.350,00;28/10/2025;07:12:39;20;1283-20
CO2;1283;CT-CO2-0;1f94f8ad-7171-b062-c0a5-dbf839ac97e9;CD:E6:D3:07;0;AVIÁRIO MEIO;1.336,00;28/10/2025;07:18:11;20;1283-20
CO2;1283;CT-CO2-0;1f94f8ad-7171-b062-c0a5-dbf839ac97e9;CD:E6:D3:07;0;AVIÁRIO MEIO;1.297,00;28/10/2025;07:28:45;20;1283-20
CO2;1283;CT-CO2-0;1f94f8ad-7171-b062-c0a5-dbf839ac97e9;CD:E6:D3:07;0;AVIÁRIO MEIO;1.271,00;28/10/2025;07:34:17;20;1283-20
CO2;1283;CT-CO2-0;1f94f8ad-7171-b062-c0a5-dbf839ac97e9;CD:E6:D3:07;0;AVIÁRIO MEIO;1.291,00;28/10/2025;07:39:48;20;1283-20
CO2;1283;CT-CO2-0;1f94f8ad-7171-b062-c0a5-dbf839ac97e9;CD:E6:D3:07;0;AVIÁRIO MEIO;1.244,00;28/10/2025;07:50:55;20;1283-20
CO2;1283;CT-CO2-0;1f94f8ad-7171-b062-c0a5-dbf839ac97e9;CD:E6:D3:07;0;AVIÁRIO MEIO;1.224,00;28/10/2025;07:55:57;20;1283-20
CO2;1283;CT-CO2-0;1f94f8ad-7171-b062-c0a5-dbf839ac97e9;CD:E6:D3:07;0;AVIÁRIO MEIO;1.234,00;28/10/2025;08:01:29;20;1283-20
CO2;1283;CT-CO2-0;1f94f8ad-7171-b062-c0a5-dbf839ac97e9;CD:E6:D3:07;0;AVIÁRIO MEIO;1.217,00;28/10/2025;08:06:32;20;1283-20
CO2;1283;CT-CO2-0;1f94f8ad-7171-b062-c0a5-dbf839ac97e9;CD:E6:D3:07;0;AVIÁRIO MEIO;1.221,00;28/10/2025;08:12:05;20;1283-20
CO2;1283;CT-CO2-0;1f94f8ad-7171-b062-c0a5-dbf839ac97e9;CD:E6:D3:07;0;AVIÁRIO MEIO;1.232,00;28/10/2025;08:17:37;20;1283-20
CO2;1283;CT-CO2-0;1f94f8ad-7171-b062-c0a5-dbf839ac97e9;CD:E6:D3:07;0;AVIÁRIO MEIO;1.231,00;28/10/2025;08:23:09;20;1283-20
CO2;1283;CT-CO2-0;1f94f8ad-7171-b062-c0a5-dbf839ac97e9;CD:E6:D3:07;0;AVIÁRIO MEIO;1.174,00;28/10/2025;08:28:11;20;1283-20
CO2;1283;CT-CO2-0;1f94f8ad-7171-b062-c0a5-dbf839ac97e9;CD:E6:D3:07;0;AVIÁRIO MEIO;1.160,00;28/10/2025;08:33:43;20;1283-20
CO2;1283;CT-CO2-0;1f94f8ad-7171-b062-c0a5-dbf839ac97e9;CD:E6:D3:07;0;AVIÁRIO MEIO;1.193,00;28/10/2025;08:39:15;20;1283-20
CO2;1283;CT-CO2-0;1f94f8ad-7171-b062-c0a5-dbf839ac97e9;CD:E6:D3:07;0;AVIÁRIO MEIO;1.187,00;28/10/2025;08:44:46;20;1283-20
CO2;1283;CT-CO2-0;1f94f8ad-7171-b062-c0a5-dbf839ac97e9;CD:E6:D3:07;0;AVIÁRIO MEIO;1.212,00;28/10/2025;08:55:22;20;1283-20
CO2;1283;CT-CO2-0;1f94f8ad-7171-b062-c0a5-dbf839ac97e9;CD:E6:D3:07;0;AVIÁRIO MEIO;1.178,00;28/10/2025;09:01:26;20;1283-20
CO2;1283;CT-CO2-0;1f94f8ad-7171-b062-c0a5-dbf839ac97e9;CD:E6:D3:07;0;AVIÁRIO MEIO;1.167,00;28/10/2025;09:06:28;20;1283-20
CO2;1283;CT-CO2-0;1f94f8ad-7171-b062-c0a5-dbf839ac97e9;CD:E6:D3:07;0;AVIÁRIO MEIO;1.164,00;28/10/2025;09:11:30;20;1283-20
CO2;1283;CT-CO2-0;1f94f8ad-7171-b062-c0a5-dbf839ac97e9;CD:E6:D3:07;0;AVIÁRIO MEIO;1.196,00;28/10/2025;09:17:02;20;1283-20
CO2;1283;CT-CO2-0;1f94f8ad-7171-b062-c0a5-dbf839ac97e9;CD:E6:D3:07;0;AVIÁRIO MEIO;1.187,00;28/10/2025;09:22:33;20;1283-20
CO2;1283;CT-CO2-0;1f94f8ad-7171-b062-c0a5-dbf839ac97e9;CD:E6:D3:07;0;AVIÁRIO MEIO;1.208,00;28/10/2025;09:28:06;20;1283-20
CO2;1283;CT-CO2-0;1f94f8ad-7171-b062-c0a5-dbf839ac97e9;CD:E6:D3:07;0;AVIÁRIO MEIO;1.227,00;28/10/2025;09:33:08;20;1283-20
CO2;1283;CT-CO2-0;1f94f8ad-7171-b062-c0a5-dbf839ac97e9;CD:E6:D3:07;0;AVIÁRIO MEIO;1.232,00;28/10/2025;09:38:42;20;1283-20
CO2;1283;CT-CO2-0;1f94f8ad-7171-b062-c0a5-dbf839ac97e9;CD:E6:D3:07;0;AVIÁRIO MEIO;1.228,00;28/10/2025;09:44:14;20;1283-20
CO2;1283;CT-CO2-0;1f94f8ad-7171-b062-c0a5-dbf839ac97e9;CD:E6:D3:07;0;AVIÁRIO MEIO;1.202,00;28/10/2025;09:49:46;20;1283-20
CO2;1283;CT-CO2-0;1f94f8ad-7171-b062-c0a5-dbf839ac97e9;CD:E6:D3:07;0;AVIÁRIO MEIO;1.243,00;28/10/2025;09:54:48;20;1283-20
CO2;1283;CT-CO2-0;1f94f8ad-7171-b062-c0a5-dbf839ac97e9;CD:E6:D3:07;0;AVIÁRIO MEIO;1.247,00;28/10/2025;10:05:52;20;1283-20
CO2;1283;CT-CO2-0;1f94f8ad-7171-b062-c0a5-dbf839ac97e9;CD:E6:D3:07;0;AVIÁRIO MEIO;1.239,00;28/10/2025;10:11:55;20;1283-20
CO2;1283;CT-CO2-0;1f94f8ad-7171-b062-c0a5-dbf839ac97e9;CD:E6:D3:07;0;AVIÁRIO MEIO;1.224,00;28/10/2025;10:16:30;20;1283-20
CO2;1283;CT-CO2-0;1f94f8ad-7171-b062-c0a5-dbf839ac97e9;CD:E6:D3:07;0;AVIÁRIO MEIO;1.194,00;28/10/2025;10:27:34;20;1283-20
CO2;1283;CT-CO2-0;1f94f8ad-7171-b062-c0a5-dbf839ac97e9;CD:E6:D3:07;0;AVIÁRIO MEIO;1.189,00;28/10/2025;10:33:08;20;1283-20
CO2;1283;CT-CO2-0;1f94f8ad-7171-b062-c0a5-dbf839ac97e9;CD:E6:D3:07;0;AVIÁRIO MEIO;1.163,00;28/10/2025;10:38:09;20;1283-20
CO2;1283;CT-CO2-0;1f94f8ad-7171-b062-c0a5-dbf839ac97e9;CD:E6:D3:07;0;AVIÁRIO MEIO;1.150,00;28/10/2025;10:43:41;20;1283-20
CO2;1283;CT-CO2-0;1f94f8ad-7171-b062-c0a5-dbf839ac97e9;CD:E6:D3:07;0;AVIÁRIO MEIO;1.200,00;28/10/2025;10:49:13;20;1283-20
CO2;1283;CT-CO2-0;1f94f8ad-7171-b062-c0a5-dbf839ac97e9;CD:E6:D3:07;0;AVIÁRIO MEIO;1.173,00;28/10/2025;10:54:45;20;1283-20
CO2;1283;CT-CO2-0;1f94f8ad-7171-b062-c0a5-dbf839ac97e9;CD:E6:D3:07;0;AVIÁRIO MEIO;1.175,00;28/10/2025;10:59:46;20;1283-20
CO2;1283;CT-CO2-0;1f94f8ad-7171-b062-c0a5-dbf839ac97e9;CD:E6:D3:07;0;AVIÁRIO MEIO;1.168,00;28/10/2025;11:05:20;20;1283-20
CO2;1283;CT-CO2-0;1f94f8ad-7171-b062-c0a5-dbf839ac97e9;CD:E6:D3:07;0;AVIÁRIO MEIO;1.186,00;28/10/2025;11:10:52;20;1283-20
CO2;1283;CT-CO2-0;1f94f8ad-7171-b062-c0a5-dbf839ac97e9;CD:E6:D3:07;0;AVIÁRIO MEIO;1.150,00;28/10/2025;11:16:24;20;1283-20
CO2;1283;CT-CO2-0;1f94f8ad-7171-b062-c0a5-dbf839ac97e9;CD:E6:D3:07;0;AVIÁRIO MEIO;1.213,00;28/10/2025;11:22:00;20;1283-20
CO2;1283;CT-CO2-0;1f94f8ad-7171-b062-c0a5-dbf839ac97e9;CD:E6:D3:07;0;AVIÁRIO MEIO;1.289,00;28/10/2025;11:27:02;20;1283-20
CO2;1283;CT-CO2-0;1f94f8ad-7171-b062-c0a5-dbf839ac97e9;CD:E6:D3:07;0;AVIÁRIO MEIO;1.364,00;28/10/2025;11:32:34;20;1283-20
CO2;1283;CT-CO2-0;1f94f8ad-7171-b062-c0a5-dbf839ac97e9;CD:E6:D3:07;0;AVIÁRIO MEIO;1.394,00;28/10/2025;11:38:07;20;1283-20
CO2;1283;CT-CO2-0;1f94f8ad-7171-b062-c0a5-dbf839ac97e9;CD:E6:D3:07;0;AVIÁRIO MEIO;1.386,00;28/10/2025;11:43:08;20;1283-20
CO2;1283;CT-CO2-0;1f94f8ad-7171-b062-c0a5-dbf839ac97e9;CD:E6:D3:07;0;AVIÁRIO MEIO;1.411,00;28/10/2025;11:48:42;20;1283-20
CO2;1283;CT-CO2-0;1f94f8ad-7171-b062-c0a5-dbf839ac97e9;CD:E6:D3:07;0;AVIÁRIO MEIO;1.447,00;28/10/2025;11:54:14;20;1283-20
CO2;1283;CT-CO2-0;1f94f8ad-7171-b062-c0a5-dbf839ac97e9;CD:E6:D3:07;0;AVIÁRIO MEIO;1.432,00;28/10/2025;11:59:56;20;1283-20
CO2;1283;CT-CO2-0;1f94f8ad-7171-b062-c0a5-dbf839ac97e9;CD:E6:D3:07;0;AVIÁRIO MEIO;1.446,00;28/10/2025;12:04:58;20;1283-20
CO2;1283;CT-CO2-0;1f94f8ad-7171-b062-c0a5-dbf839ac97e9;CD:E6:D3:07;0;AVIÁRIO MEIO;1.323,00;28/10/2025;12:10:30;20;1283-20
CO2;1283;CT-CO2-0;1f94f8ad-7171-b062-c0a5-dbf839ac97e9;CD:E6:D3:07;0;AVIÁRIO MEIO;1.275,00;28/10/2025;12:16:02;20;1283-20
CO2;1283;CT-CO2-0;1f94f8ad-7171-b062-c0a5-dbf839ac97e9;CD:E6:D3:07;0;AVIÁRIO MEIO;1.381,00;28/10/2025;12:21:04;20;1283-20
CO2;1283;CT-CO2-0;1f94f8ad-7171-b062-c0a5-dbf839ac97e9;CD:E6:D3:07;0;AVIÁRIO MEIO;1.363,00;28/10/2025;12:27:08;20;1283-20
CO2;1283;CT-CO2-0;1f94f8ad-7171-b062-c0a5-dbf839ac97e9;CD:E6:D3:07;0;AVIÁRIO MEIO;1.429,00;28/10/2025;12:32:12;20;1283-20
CO2;1283;CT-CO2-0;1f94f8ad-7171-b062-c0a5-dbf839ac97e9;CD:E6:D3:07;0;AVIÁRIO MEIO;1.257,00;28/10/2025;12:37:14;20;1283-20
CO2;1283;CT-CO2-0;1f94f8ad-7171-b062-c0a5-dbf839ac97e9;CD:E6:D3:07;0;AVIÁRIO MEIO;1.137,00;28/10/2025;12:42:46;20;1283-20
CO2;1283;CT-CO2-0;1f94f8ad-7171-b062-c0a5-dbf839ac97e9;CD:E6:D3:07;0;AVIÁRIO MEIO;1.045,00;28/10/2025;12:53:50;20;1283-20
CO2;1283;CT-CO2-0;1f94f8ad-7171-b062-c0a5-dbf839ac97e9;CD:E6:D3:07;0;AVIÁRIO MEIO;1.018,00;28/10/2025;12:59:22;20;1283-20
CO2;1283;CT-CO2-0;1f94f8ad-7171-b062-c0a5-dbf839ac97e9;CD:E6:D3:07;0;AVIÁRIO MEIO;824,00;28/10/2025;13:04:24;20;1283-20
CO2;1283;CT-CO2-0;1f94f8ad-7171-b062-c0a5-dbf839ac97e9;CD:E6:D3:07;0;AVIÁRIO MEIO;819,00;28/10/2025;13:09:56;20;1283-20
CO2;1283;CT-CO2-0;1f94f8ad-7171-b062-c0a5-dbf839ac97e9;CD:E6:D3:07;0;AVIÁRIO MEIO;791,00;28/10/2025;13:21:01;20;1283-20
CO2;1283;CT-CO2-0;1f94f8ad-7171-b062-c0a5-dbf839ac97e9;CD:E6:D3:07;0;AVIÁRIO MEIO;807,00;28/10/2025;13:26:38;20;1283-20
CO2;1283;CT-CO2-0;1f94f8ad-7171-b062-c0a5-dbf839ac97e9;CD:E6:D3:07;0;AVIÁRIO MEIO;828,00;28/10/2025;13:32:12;20;1283-20
CO2;1283;CT-CO2-0;1f94f8ad-7171-b062-c0a5-dbf839ac97e9;CD:E6:D3:07;0;AVIÁRIO MEIO;781,00;28/10/2025;13:37:14;20;1283-20
CO2;1283;CT-CO2-0;1f94f8ad-7171-b062-c0a5-dbf839ac97e9;CD:E6:D3:07;0;AVIÁRIO MEIO;961,00;28/10/2025;13:48:18;20;1283-20
CO2;1283;CT-CO2-0;1f94f8ad-7171-b062-c0a5-dbf839ac97e9;CD:E6:D3:07;0;AVIÁRIO MEIO;881,00;28/10/2025;13:53:20;20;1283-20
CO2;1283;CT-CO2-0;1f94f8ad-7171-b062-c0a5-dbf839ac97e9;CD:E6:D3:07;0;AVIÁRIO MEIO;967,00;28/10/2025;13:58:52;20;1283-20
CO2;1283;CT-CO2-0;1f94f8ad-7171-b062-c0a5-dbf839ac97e9;CD:E6:D3:07;0;AVIÁRIO MEIO;927,00;28/10/2025;14:04:29;20;1283-20
CO2;1283;CT-CO2-0;1f94f8ad-7171-b062-c0a5-dbf839ac97e9;CD:E6:D3:07;0;AVIÁRIO MEIO;1.002,00;28/10/2025;14:09:31;20;1283-20
CO2;1283;CT-CO2-0;1f94f8ad-7171-b062-c0a5-dbf839ac97e9;CD:E6:D3:07;0;AVIÁRIO MEIO;989,00;28/10/2025;14:15:03;20;1283-20
CO2;1283;CT-CO2-0;1f94f8ad-7171-b062-c0a5-dbf839ac97e9;CD:E6:D3:07;0;AVIÁRIO MEIO;1.040,00;28/10/2025;14:20:36;20;1283-20
CO2;1283;CT-CO2-0;1f94f8ad-7171-b062-c0a5-dbf839ac97e9;CD:E6:D3:07;0;AVIÁRIO MEIO;1.093,00;28/10/2025;14:26:08;20;1283-20
CO2;1283;CT-CO2-0;1f94f8ad-7171-b062-c0a5-dbf839ac97e9;CD:E6:D3:07;0;AVIÁRIO MEIO;1.001,00;28/10/2025;14:31:09;20;1283-20
CO2;1283;CT-CO2-0;1f94f8ad-7171-b062-c0a5-dbf839ac97e9;CD:E6:D3:07;0;AVIÁRIO MEIO;1.103,00;28/10/2025;14:37:14;20;1283-20
CO2;1283;CT-CO2-0;1f94f8ad-7171-b062-c0a5-dbf839ac97e9;CD:E6:D3:07;0;AVIÁRIO MEIO;988,00;28/10/2025;14:42:17;20;1283-20
CO2;1283;CT-CO2-0;1f94f8ad-7171-b062-c0a5-dbf839ac97e9;CD:E6:D3:07;0;AVIÁRIO MEIO;1.086,00;28/10/2025;14:47:50;20;1283-20
CO2;1283;CT-CO2-0;1f94f8ad-7171-b062-c0a5-dbf839ac97e9;CD:E6:D3:07;0;AVIÁRIO MEIO;1.145,00;28/10/2025;14:52:52;20;1283-20
CO2;1283;CT-CO2-0;1f94f8ad-7171-b062-c0a5-dbf839ac97e9;CD:E6:D3:07;0;AVIÁRIO MEIO;1.093,00;28/10/2025;14:58:24;20;1283-20
CO2;1283;CT-CO2-0;1f94f8ad-7171-b062-c0a5-dbf839ac97e9;CD:E6:D3:07;0;AVIÁRIO MEIO;1.196,00;28/10/2025;15:03:56;20;1283-20
CO2;1283;CT-CO2-0;1f94f8ad-7171-b062-c0a5-dbf839ac97e9;CD:E6:D3:07;0;AVIÁRIO MEIO;1.144,00;28/10/2025;15:09:28;20;1283-20
CO2;1283;CT-CO2-0;1f94f8ad-7171-b062-c0a5-dbf839ac97e9;CD:E6:D3:07;0;AVIÁRIO MEIO;1.203,00;28/10/2025;15:14:30;20;1283-20
CO2;1283;CT-CO2-0;1f94f8ad-7171-b062-c0a5-dbf839ac97e9;CD:E6:D3:07;0;AVIÁRIO MEIO;1.265,00;28/10/2025;15:20:02;20;1283-20
CO2;1283;CT-CO2-0;1f94f8ad-7171-b062-c0a5-dbf839ac97e9;CD:E6:D3:07;0;AVIÁRIO MEIO;1.372,00;28/10/2025;15:25:34;20;1283-20
CO2;1283;CT-CO2-0;1f94f8ad-7171-b062-c0a5-dbf839ac97e9;CD:E6:D3:07;0;AVIÁRIO MEIO;1.397,00;28/10/2025;15:31:06;20;1283-20
CO2;1283;CT-CO2-0;1f94f8ad-7171-b062-c0a5-dbf839ac97e9;CD:E6:D3:07;0;AVIÁRIO MEIO;1.282,00;28/10/2025;15:36:08;20;1283-20
CO2;1283;CT-CO2-0;1f94f8ad-7171-b062-c0a5-dbf839ac97e9;CD:E6:D3:07;0;AVIÁRIO MEIO;1.355,00;28/10/2025;15:41:41;20;1283-20
CO2;1283;CT-CO2-0;1f94f8ad-7171-b062-c0a5-dbf839ac97e9;CD:E6:D3:07;0;AVIÁRIO MEIO;1.438,00;28/10/2025;15:47:44;20;1283-20
CO2;1283;CT-CO2-0;1f94f8ad-7171-b062-c0a5-dbf839ac97e9;CD:E6:D3:07;0;AVIÁRIO MEIO;1.467,00;28/10/2025;15:52:46;20;1283-20
CO2;1283;CT-CO2-0;1f94f8ad-7171-b062-c0a5-dbf839ac97e9;CD:E6:D3:07;0;AVIÁRIO MEIO;1.499,00;28/10/2025;15:57:47;20;1283-20
CO2;1283;CT-CO2-0;1f94f8ad-7171-b062-c0a5-dbf839ac97e9;CD:E6:D3:07;0;AVIÁRIO MEIO;1.500,00;28/10/2025;16:03:20;20;1283-20
CO2;1283;CT-CO2-0;1f94f8ad-7171-b062-c0a5-dbf839ac97e9;CD:E6:D3:07;0;AVIÁRIO MEIO;1.504,00;28/10/2025;16:08:52;20;1283-20
CO2;1283;CT-CO2-0;1f94f8ad-7171-b062-c0a5-dbf839ac97e9;CD:E6:D3:07;0;AVIÁRIO MEIO;1.493,00;28/10/2025;16:14:25;20;1283-20
CO2;1283;CT-CO2-0;1f94f8ad-7171-b062-c0a5-dbf839ac97e9;CD:E6:D3:07;0;AVIÁRIO MEIO;1.460,00;28/10/2025;16:19:27;20;1283-20
CO2;1283;CT-CO2-0;1f94f8ad-7171-b062-c0a5-dbf839ac97e9;CD:E6:D3:07;0;AVIÁRIO MEIO;1.466,00;28/10/2025;16:24:59;20;1283-20
CO2;1283;CT-CO2-0;1f94f8ad-7171-b062-c0a5-dbf839ac97e9;CD:E6:D3:07;0;AVIÁRIO MEIO;1.452,00;28/10/2025;16:30:31;20;1283-20
CO2;1283;CT-CO2-0;1f94f8ad-7171-b062-c0a5-dbf839ac97e9;CD:E6:D3:07;0;AVIÁRIO MEIO;1.534,00;28/10/2025;16:36:13;20;1283-20
CO2;1283;CT-CO2-0;1f94f8ad-7171-b062-c0a5-dbf839ac97e9;CD:E6:D3:07;0;AVIÁRIO MEIO;1.538,00;28/10/2025;16:41:16;20;1283-20
CO2;1283;CT-CO2-0;1f94f8ad-7171-b062-c0a5-dbf839ac97e9;CD:E6:D3:07;0;AVIÁRIO MEIO;1.456,00;28/10/2025;16:46:48;20;1283-20
CO2;1283;CT-CO2-0;1f94f8ad-7171-b062-c0a5-dbf839ac97e9;CD:E6:D3:07;0;AVIÁRIO MEIO;1.448,00;28/10/2025;16:51:50;20;1283-20
CO2;1283;CT-CO2-0;1f94f8ad-7171-b062-c0a5-dbf839ac97e9;CD:E6:D3:07;0;AVIÁRIO MEIO;1.528,00;28/10/2025;16:57:53;20;1283-20
CO2;1283;CT-CO2-0;1f94f8ad-7171-b062-c0a5-dbf839ac97e9;CD:E6:D3:07;0;AVIÁRIO MEIO;1.526,00;28/10/2025;17:02:55;20;1283-20
CO2;1283;CT-CO2-0;1f94f8ad-7171-b062-c0a5-dbf839ac97e9;CD:E6:D3:07;0;AVIÁRIO MEIO;1.463,00;28/10/2025;17:07:57;20;1283-20
CO2;1283;CT-CO2-0;1f94f8ad-7171-b062-c0a5-dbf839ac97e9;CD:E6:D3:07;0;AVIÁRIO MEIO;1.348,00;28/10/2025;17:13:29;20;1283-20
CO2;1283;CT-CO2-0;1f94f8ad-7171-b062-c0a5-dbf839ac97e9;CD:E6:D3:07;0;AVIÁRIO MEIO;1.253,00;28/10/2025;17:19:01;20;1283-20
CO2;1283;CT-CO2-0;1f94f8ad-7171-b062-c0a5-dbf839ac97e9;CD:E6:D3:07;0;AVIÁRIO MEIO;1.180,00;28/10/2025;17:24:03;20;1283-20
CO2;1283;CT-CO2-0;1f94f8ad-7171-b062-c0a5-dbf839ac97e9;CD:E6:D3:07;0;AVIÁRIO MEIO;1.178,00;28/10/2025;17:29:36;20;1283-20
CO2;1283;CT-CO2-0;1f94f8ad-7171-b062-c0a5-dbf839ac97e9;CD:E6:D3:07;0;AVIÁRIO MEIO;1.186,00;28/10/2025;17:35:08;20;1283-20
CO2;1283;CT-CO2-0;1f94f8ad-7171-b062-c0a5-dbf839ac97e9;CD:E6:D3:07;0;AVIÁRIO MEIO;1.181,00;28/10/2025;17:40:12;20;1283-20
CO2;1283;CT-CO2-0;1f94f8ad-7171-b062-c0a5-dbf839ac97e9;CD:E6:D3:07;0;AVIÁRIO MEIO;1.210,00;28/10/2025;17:45:49;20;1283-20
CO2;1283;CT-CO2-0;1f94f8ad-7171-b062-c0a5-dbf839ac97e9;CD:E6:D3:07;0;AVIÁRIO MEIO;1.189,00;28/10/2025;17:50:51;20;1283-20
CO2;1283;CT-CO2-0;1f94f8ad-7171-b062-c0a5-dbf839ac97e9;CD:E6:D3:07;0;AVIÁRIO MEIO;1.170,00;28/10/2025;17:56:23;20;1283-20
CO2;1283;CT-CO2-0;1f94f8ad-7171-b062-c0a5-dbf839ac97e9;CD:E6:D3:07;0;AVIÁRIO MEIO;1.175,00;28/10/2025;18:01:56;20;1283-20
CO2;1283;CT-CO2-0;1f94f8ad-7171-b062-c0a5-dbf839ac97e9;CD:E6:D3:07;0;AVIÁRIO MEIO;1.154,00;28/10/2025;18:07:30;20;1283-20
CO2;1283;CT-CO2-0;1f94f8ad-7171-b062-c0a5-dbf839ac97e9;CD:E6:D3:07;0;AVIÁRIO MEIO;1.195,00;28/10/2025;18:12:32;20;1283-20
CO2;1283;CT-CO2-0;1f94f8ad-7171-b062-c0a5-dbf839ac97e9;CD:E6:D3:07;0;AVIÁRIO MEIO;1.181,00;28/10/2025;18:18:04;20;1283-20
CO2;1283;CT-CO2-0;1f94f8ad-7171-b062-c0a5-dbf839ac97e9;CD:E6:D3:07;0;AVIÁRIO MEIO;1.200,00;28/10/2025;18:23:06;20;1283-20
CO2;1283;CT-CO2-0;1f94f8ad-7171-b062-c0a5-dbf839ac97e9;CD:E6:D3:07;0;AVIÁRIO MEIO;1.289,00;28/10/2025;18:28:37;20;1283-20
CO2;1283;CT-CO2-0;1f94f8ad-7171-b062-c0a5-dbf839ac97e9;CD:E6:D3:07;0;AVIÁRIO MEIO;1.252,00;28/10/2025;18:34:11;20;1283-20
CO2;1283;CT-CO2-0;1f94f8ad-7171-b062-c0a5-dbf839ac97e9;CD:E6:D3:07;0;AVIÁRIO MEIO;1.227,00;28/10/2025;18:39:12;20;1283-20
CO2;1283;CT-CO2-0;1f94f8ad-7171-b062-c0a5-dbf839ac97e9;CD:E6:D3:07;0;AVIÁRIO MEIO;1.205,00;28/10/2025;18:44:44;20;1283-20
CO2;1283;CT-CO2-0;1f94f8ad-7171-b062-c0a5-dbf839ac97e9;CD:E6:D3:07;0;AVIÁRIO MEIO;1.180,00;28/10/2025;18:50:19;20;1283-20
CO2;1283;CT-CO2-0;1f94f8ad-7171-b062-c0a5-dbf839ac97e9;CD:E6:D3:07;0;AVIÁRIO MEIO;1.241,00;28/10/2025;19:00:55;20;1283-20
CO2;1283;CT-CO2-0;1f94f8ad-7171-b062-c0a5-dbf839ac97e9;CD:E6:D3:07;0;AVIÁRIO MEIO;1.277,00;28/10/2025;19:06:28;20;1283-20
CO2;1283;CT-CO2-0;1f94f8ad-7171-b062-c0a5-dbf839ac97e9;CD:E6:D3:07;0;AVIÁRIO MEIO;1.198,00;28/10/2025;19:11:30;20;1283-20
CO2;1283;CT-CO2-0;1f94f8ad-7171-b062-c0a5-dbf839ac97e9;CD:E6:D3:07;0;AVIÁRIO MEIO;1.187,00;28/10/2025;19:17:35;20;1283-20
CO2;1283;CT-CO2-0;1f94f8ad-7171-b062-c0a5-dbf839ac97e9;CD:E6:D3:07;0;AVIÁRIO MEIO;1.204,00;28/10/2025;19:22:39;20;1283-20
CO2;1283;CT-CO2-0;1f94f8ad-7171-b062-c0a5-dbf839ac97e9;CD:E6:D3:07;0;AVIÁRIO MEIO;1.229,00;28/10/2025;19:27:42;20;1283-20
CO2;1283;CT-CO2-0;1f94f8ad-7171-b062-c0a5-dbf839ac97e9;CD:E6:D3:07;0;AVIÁRIO MEIO;1.306,00;28/10/2025;19:38:18;20;1283-20
CO2;1283;CT-CO2-0;1f94f8ad-7171-b062-c0a5-dbf839ac97e9;CD:E6:D3:07;0;AVIÁRIO MEIO;1.321,00;28/10/2025;19:43:49;20;1283-20
CO2;1283;CT-CO2-0;1f94f8ad-7171-b062-c0a5-dbf839ac97e9;CD:E6:D3:07;0;AVIÁRIO MEIO;1.274,00;28/10/2025;19:49:22;20;1283-20
CO2;1283;CT-CO2-0;1f94f8ad-7171-b062-c0a5-dbf839ac97e9;CD:E6:D3:07;0;AVIÁRIO MEIO;1.244,00;28/10/2025;19:54:24;20;1283-20
CO2;1283;CT-CO2-0;1f94f8ad-7171-b062-c0a5-dbf839ac97e9;CD:E6:D3:07;0;AVIÁRIO MEIO;1.246,00;28/10/2025;19:59:55;20;1283-20
CO2;1283;CT-CO2-0;1f94f8ad-7171-b062-c0a5-dbf839ac97e9;CD:E6:D3:07;0;AVIÁRIO MEIO;1.264,00;28/10/2025;20:05:28;20;1283-20
CO2;1283;CT-CO2-0;1f94f8ad-7171-b062-c0a5-dbf839ac97e9;CD:E6:D3:07;0;AVIÁRIO MEIO;1.244,00;28/10/2025;20:16:03;20;1283-20
CO2;1283;CT-CO2-0;1f94f8ad-7171-b062-c0a5-dbf839ac97e9;CD:E6:D3:07;0;AVIÁRIO MEIO;1.270,00;28/10/2025;20:21:36;20;1283-20
CO2;1283;CT-CO2-0;1f94f8ad-7171-b062-c0a5-dbf839ac97e9;CD:E6:D3:07;0;AVIÁRIO MEIO;1.243,00;28/10/2025;20:27:11;20;1283-20
CO2;1283;CT-CO2-0;1f94f8ad-7171-b062-c0a5-dbf839ac97e9;CD:E6:D3:07;0;AVIÁRIO MEIO;1.241,00;28/10/2025;20:32:13;20;1283-20
CO2;1283;CT-CO2-0;1f94f8ad-7171-b062-c0a5-dbf839ac97e9;CD:E6:D3:07;0;AVIÁRIO MEIO;1.243,00;28/10/2025;20:37:45;20;1283-20
CO2;1283;CT-CO2-0;1f94f8ad-7171-b062-c0a5-dbf839ac97e9;CD:E6:D3:07;0;AVIÁRIO MEIO;1.259,00;28/10/2025;20:42:47;20;1283-20
CO2;1283;CT-CO2-0;1f94f8ad-7171-b062-c0a5-dbf839ac97e9;CD:E6:D3:07;0;AVIÁRIO MEIO;1.285,00;28/10/2025;20:48:19;20;1283-20
CO2;1283;CT-CO2-0;1f94f8ad-7171-b062-c0a5-dbf839ac97e9;CD:E6:D3:07;0;AVIÁRIO MEIO;1.276,00;28/10/2025;20:53:51;20;1283-20
CO2;1283;CT-CO2-0;1f94f8ad-7171-b062-c0a5-dbf839ac97e9;CD:E6:D3:07;0;AVIÁRIO MEIO;1.233,00;28/10/2025;20:58:53;20;1283-20
CO2;1283;CT-CO2-0;1f94f8ad-7171-b062-c0a5-dbf839ac97e9;CD:E6:D3:07;0;AVIÁRIO MEIO;1.298,00;28/10/2025;21:06:57;20;1283-20
CO2;1283;CT-CO2-0;1f94f8ad-7171-b062-c0a5-dbf839ac97e9;CD:E6:D3:07;0;AVIÁRIO MEIO;1.273,00;28/10/2025;21:11:58;20;1283-20
CO2;1283;CT-CO2-0;1f94f8ad-7171-b062-c0a5-dbf839ac97e9;CD:E6:D3:07;0;AVIÁRIO MEIO;1.246,00;28/10/2025;21:17:31;20;1283-20
CO2;1283;CT-CO2-0;1f94f8ad-7171-b062-c0a5-dbf839ac97e9;CD:E6:D3:07;0;AVIÁRIO MEIO;1.310,00;28/10/2025;21:23:03;20;1283-20
CO2;1283;CT-CO2-0;1f94f8ad-7171-b062-c0a5-dbf839ac97e9;CD:E6:D3:07;0;AVIÁRIO MEIO;1.274,00;28/10/2025;21:28:05;20;1283-20
CO2;1283;CT-CO2-0;1f94f8ad-7171-b062-c0a5-dbf839ac97e9;CD:E6:D3:07;0;AVIÁRIO MEIO;1.260,00;28/10/2025;21:34:10;20;1283-20
CO2;1283;CT-CO2-0;1f94f8ad-7171-b062-c0a5-dbf839ac97e9;CD:E6:D3:07;0;AVIÁRIO MEIO;1.263,00;28/10/2025;21:44:23;20;1283-20
CO2;1283;CT-CO2-0;1f94f8ad-7171-b062-c0a5-dbf839ac97e9;CD:E6:D3:07;0;AVIÁRIO MEIO;1.224,00;28/10/2025;21:49:55;20;1283-20
CO2;1283;CT-CO2-0;1f94f8ad-7171-b062-c0a5-dbf839ac97e9;CD:E6:D3:07;0;AVIÁRIO MEIO;1.258,00;28/10/2025;22:11:34;20;1283-20
CO2;1283;CT-CO2-0;1f94f8ad-7171-b062-c0a5-dbf839ac97e9;CD:E6:D3:07;0;AVIÁRIO MEIO;1.268,00;28/10/2025;22:17:06;20;1283-20
CO2;1283;CT-CO2-0;1f94f8ad-7171-b062-c0a5-dbf839ac97e9;CD:E6:D3:07;0;AVIÁRIO MEIO;1.249,00;28/10/2025;22:22:08;20;1283-20
CO2;1283;CT-CO2-0;1f94f8ad-7171-b062-c0a5-dbf839ac97e9;CD:E6:D3:07;0;AVIÁRIO MEIO;1.287,00;28/10/2025;22:27:44;20;1283-20
CO2;1283;CT-CO2-0;1f94f8ad-7171-b062-c0a5-dbf839ac97e9;CD:E6:D3:07;0;AVIÁRIO MEIO;1.232,00;28/10/2025;22:33:16;20;1283-20
CO2;1283;CT-CO2-0;1f94f8ad-7171-b062-c0a5-dbf839ac97e9;CD:E6:D3:07;0;AVIÁRIO MEIO;1.254,00;28/10/2025;22:38:18;20;1283-20
CO2;1283;CT-CO2-0;1f94f8ad-7171-b062-c0a5-dbf839ac97e9;CD:E6:D3:07;0;AVIÁRIO MEIO;1.242,00;28/10/2025;22:44:22;20;1283-20
CO2;1283;CT-CO2-0;1f94f8ad-7171-b062-c0a5-dbf839ac97e9;CD:E6:D3:07;0;AVIÁRIO MEIO;1.206,00;28/10/2025;22:49:24;20;1283-20
CO2;1283;CT-CO2-0;1f94f8ad-7171-b062-c0a5-dbf839ac97e9;CD:E6:D3:07;0;AVIÁRIO MEIO;1.226,00;28/10/2025;22:54:26;20;1283-20
CO2;1283;CT-CO2-0;1f94f8ad-7171-b062-c0a5-dbf839ac97e9;CD:E6:D3:07;0;AVIÁRIO MEIO;1.237,00;28/10/2025;22:59:59;20;1283-20
CO2;1283;CT-CO2-0;1f94f8ad-7171-b062-c0a5-dbf839ac97e9;CD:E6:D3:07;0;AVIÁRIO MEIO;1.209,00;28/10/2025;23:05:34;20;1283-20
CO2;1283;CT-CO2-0;1f94f8ad-7171-b062-c0a5-dbf839ac97e9;CD:E6:D3:07;0;AVIÁRIO MEIO;1.191,00;28/10/2025;23:11:06;20;1283-20
CO2;1283;CT-CO2-0;1f94f8ad-7171-b062-c0a5-dbf839ac97e9;CD:E6:D3:07;0;AVIÁRIO MEIO;1.204,00;28/10/2025;23:16:09;20;1283-20
CO2;1283;CT-CO2-0;1f94f8ad-7171-b062-c0a5-dbf839ac97e9;CD:E6:D3:07;0;AVIÁRIO MEIO;1.186,00;28/10/2025;23:21:41;20;1283-20
CO2;1283;CT-CO2-0;1f94f8ad-7171-b062-c0a5-dbf839ac97e9;CD:E6:D3:07;0;AVIÁRIO MEIO;1.256,00;28/10/2025;23:27:14;20;1283-20
CO2;1283;CT-CO2-0;1f94f8ad-7171-b062-c0a5-dbf839ac97e9;CD:E6:D3:07;0;AVIÁRIO MEIO;1.229,00;28/10/2025;23:32:16;20;1283-20
CO2;1283;CT-CO2-0;1f94f8ad-7171-b062-c0a5-dbf839ac97e9;CD:E6:D3:07;0;AVIÁRIO MEIO;1.237,00;28/10/2025;23:37:49;20;1283-20
CO2;1283;CT-CO2-0;1f94f8ad-7171-b062-c0a5-dbf839ac97e9;CD:E6:D3:07;0;AVIÁRIO MEIO;1.273,00;28/10/2025;23:43:21;20;1283-20
CO2;1283;CT-CO2-0;1f94f8ad-7171-b062-c0a5-dbf839ac97e9;CD:E6:D3:07;0;AVIÁRIO MEIO;1.257,00;28/10/2025;23:48:23;20;1283-20
CO2;1283;CT-CO2-0;1f94f8ad-7171-b062-c0a5-dbf839ac97e9;CD:E6:D3:07;0;AVIÁRIO MEIO;1.294,00;28/10/2025;23:54:27;20;1283-20
CO2;1283;CT-CO2-0;1f94f8ad-7171-b062-c0a5-dbf839ac97e9;CD:E6:D3:07;0;AVIÁRIO MEIO;1.378,00;28/10/2025;23:59:29;20;1283-20
CO2;1283;CT-CO2-0;1f94f8ad-7171-b062-c0a5-dbf839ac97e9;CD:E6:D3:07;0;AVIÁRIO MEIO;1.346,00;29/10/2025;00:05:01;20;1283-20
CO2;1283;CT-CO2-0;1f94f8ad-7171-b062-c0a5-dbf839ac97e9;CD:E6:D3:07;0;AVIÁRIO MEIO;1.410,00;29/10/2025;00:10:04;20;1283-20
CO2;1283;CT-CO2-0;1f94f8ad-7171-b062-c0a5-dbf839ac97e9;CD:E6:D3:07;0;AVIÁRIO MEIO;1.378,00;29/10/2025;00:15:36;20;1283-20
CO2;1283;CT-CO2-0;1f94f8ad-7171-b062-c0a5-dbf839ac97e9;CD:E6:D3:07;0;AVIÁRIO MEIO;1.329,00;29/10/2025;00:21:08;20;1283-20
CO2;1283;CT-CO2-0;1f94f8ad-7171-b062-c0a5-dbf839ac97e9;CD:E6:D3:07;0;AVIÁRIO MEIO;1.352,00;29/10/2025;00:26:40;20;1283-20
CO2;1283;CT-CO2-0;1f94f8ad-7171-b062-c0a5-dbf839ac97e9;CD:E6:D3:07;0;AVIÁRIO MEIO;1.351,00;29/10/2025;00:31:43;20;1283-20
CO2;1283;CT-CO2-0;1f94f8ad-7171-b062-c0a5-dbf839ac97e9;CD:E6:D3:07;0;AVIÁRIO MEIO;1.453,00;29/10/2025;00:37:14;20;1283-20
CO2;1283;CT-CO2-0;1f94f8ad-7171-b062-c0a5-dbf839ac97e9;CD:E6:D3:07;0;AVIÁRIO MEIO;1.428,00;29/10/2025;00:42:47;20;1283-20
CO2;1283;CT-CO2-0;1f94f8ad-7171-b062-c0a5-dbf839ac97e9;CD:E6:D3:07;0;AVIÁRIO MEIO;1.394,00;29/10/2025;00:47:49;20;1283-20
CO2;1283;CT-CO2-0;1f94f8ad-7171-b062-c0a5-dbf839ac97e9;CD:E6:D3:07;0;AVIÁRIO MEIO;1.472,00;29/10/2025;00:53:21;20;1283-20
CO2;1283;CT-CO2-0;1f94f8ad-7171-b062-c0a5-dbf839ac97e9;CD:E6:D3:07;0;AVIÁRIO MEIO;1.432,00;29/10/2025;00:58:54;20;1283-20
CO2;1283;CT-CO2-0;1f94f8ad-7171-b062-c0a5-dbf839ac97e9;CD:E6:D3:07;0;AVIÁRIO MEIO;1.384,00;29/10/2025;01:04:58;20;1283-20
CO2;1283;CT-CO2-0;1f94f8ad-7171-b062-c0a5-dbf839ac97e9;CD:E6:D3:07;0;AVIÁRIO MEIO;1.380,00;29/10/2025;01:09:30;20;1283-20
CO2;1283;CT-CO2-0;1f94f8ad-7171-b062-c0a5-dbf839ac97e9;CD:E6:D3:07;0;AVIÁRIO MEIO;1.447,00;29/10/2025;01:15:02;20;1283-20
CO2;1283;CT-CO2-0;1f94f8ad-7171-b062-c0a5-dbf839ac97e9;CD:E6:D3:07;0;AVIÁRIO MEIO;1.465,00;29/10/2025;01:20:35;20;1283-20
CO2;1283;CT-CO2-0;1f94f8ad-7171-b062-c0a5-dbf839ac97e9;CD:E6:D3:07;0;AVIÁRIO MEIO;1.467,00;29/10/2025;01:26:07;20;1283-20
CO2;1283;CT-CO2-0;1f94f8ad-7171-b062-c0a5-dbf839ac97e9;CD:E6:D3:07;0;AVIÁRIO MEIO;1.473,00;29/10/2025;01:31:09;20;1283-20
CO2;1283;CT-CO2-0;1f94f8ad-7171-b062-c0a5-dbf839ac97e9;CD:E6:D3:07;0;AVIÁRIO MEIO;1.464,00;29/10/2025;01:36:41;20;1283-20
CO2;1283;CT-CO2-0;1f94f8ad-7171-b062-c0a5-dbf839ac97e9;CD:E6:D3:07;0;AVIÁRIO MEIO;1.490,00;29/10/2025;01:42:14;20;1283-20
CO2;1283;CT-CO2-0;1f94f8ad-7171-b062-c0a5-dbf839ac97e9;CD:E6:D3:07;0;AVIÁRIO MEIO;1.492,00;29/10/2025;01:47:16;20;1283-20
CO2;1283;CT-CO2-0;1f94f8ad-7171-b062-c0a5-dbf839ac97e9;CD:E6:D3:07;0;AVIÁRIO MEIO;1.457,00;29/10/2025;01:52:50;20;1283-20
CO2;1283;CT-CO2-0;1f94f8ad-7171-b062-c0a5-dbf839ac97e9;CD:E6:D3:07;0;AVIÁRIO MEIO;1.464,00;29/10/2025;01:58:22;20;1283-20
CO2;1283;CT-CO2-0;1f94f8ad-7171-b062-c0a5-dbf839ac97e9;CD:E6:D3:07;0;AVIÁRIO MEIO;1.512,00;29/10/2025;02:03:53;20;1283-20
CO2;1283;CT-CO2-0;1f94f8ad-7171-b062-c0a5-dbf839ac97e9;CD:E6:D3:07;0;AVIÁRIO MEIO;1.489,00;29/10/2025;02:08:55;20;1283-20
CO2;1283;CT-CO2-0;1f94f8ad-7171-b062-c0a5-dbf839ac97e9;CD:E6:D3:07;0;AVIÁRIO MEIO;1.485,00;29/10/2025;02:14:59;20;1283-20
CO2;1283;CT-CO2-0;1f94f8ad-7171-b062-c0a5-dbf839ac97e9;CD:E6:D3:07;0;AVIÁRIO MEIO;1.517,00;29/10/2025;02:20:01;20;1283-20
CO2;1283;CT-CO2-0;1f94f8ad-7171-b062-c0a5-dbf839ac97e9;CD:E6:D3:07;0;AVIÁRIO MEIO;1.548,00;29/10/2025;02:25:03;20;1283-20
CO2;1283;CT-CO2-0;1f94f8ad-7171-b062-c0a5-dbf839ac97e9;CD:E6:D3:07;0;AVIÁRIO MEIO;1.490,00;29/10/2025;02:30:35;20;1283-20
CO2;1283;CT-CO2-0;1f94f8ad-7171-b062-c0a5-dbf839ac97e9;CD:E6:D3:07;0;AVIÁRIO MEIO;1.500,00;29/10/2025;02:36:07;20;1283-20
CO2;1283;CT-CO2-0;1f94f8ad-7171-b062-c0a5-dbf839ac97e9;CD:E6:D3:07;0;AVIÁRIO MEIO;1.504,00;29/10/2025;02:41:09;20;1283-20
CO2;1283;CT-CO2-0;1f94f8ad-7171-b062-c0a5-dbf839ac97e9;CD:E6:D3:07;0;AVIÁRIO MEIO;1.503,00;29/10/2025;02:46:41;20;1283-20
CO2;1283;CT-CO2-0;1f94f8ad-7171-b062-c0a5-dbf839ac97e9;CD:E6:D3:07;0;AVIÁRIO MEIO;1.499,00;29/10/2025;02:52:13;20;1283-20
CO2;1283;CT-CO2-0;1f94f8ad-7171-b062-c0a5-dbf839ac97e9;CD:E6:D3:07;0;AVIÁRIO MEIO;1.533,00;29/10/2025;02:57:15;20;1283-20
CO2;1283;CT-CO2-0;1f94f8ad-7171-b062-c0a5-dbf839ac97e9;CD:E6:D3:07;0;AVIÁRIO MEIO;1.527,00;29/10/2025;03:02:47;20;1283-20
CO2;1283;CT-CO2-0;1f94f8ad-7171-b062-c0a5-dbf839ac97e9;CD:E6:D3:07;0;AVIÁRIO MEIO;1.556,00;29/10/2025;03:08:19;20;1283-20
CO2;1283;CT-CO2-0;1f94f8ad-7171-b062-c0a5-dbf839ac97e9;CD:E6:D3:07;0;AVIÁRIO MEIO;1.534,00;29/10/2025;03:13:51;20;1283-20
CO2;1283;CT-CO2-0;1f94f8ad-7171-b062-c0a5-dbf839ac97e9;CD:E6:D3:07;0;AVIÁRIO MEIO;1.592,00;29/10/2025;03:18:55;20;1283-20
CO2;1283;CT-CO2-0;1f94f8ad-7171-b062-c0a5-dbf839ac97e9;CD:E6:D3:07;0;AVIÁRIO MEIO;1.537,00;29/10/2025;03:24:59;20;1283-20
CO2;1283;CT-CO2-0;1f94f8ad-7171-b062-c0a5-dbf839ac97e9;CD:E6:D3:07;0;AVIÁRIO MEIO;1.537,00;29/10/2025;03:29:31;20;1283-20
CO2;1283;CT-CO2-0;1f94f8ad-7171-b062-c0a5-dbf839ac97e9;CD:E6:D3:07;0;AVIÁRIO MEIO;1.611,00;29/10/2025;03:35:02;20;1283-20
CO2;1283;CT-CO2-0;1f94f8ad-7171-b062-c0a5-dbf839ac97e9;CD:E6:D3:07;0;AVIÁRIO MEIO;1.548,00;29/10/2025;03:40:34;20;1283-20
CO2;1283;CT-CO2-0;1f94f8ad-7171-b062-c0a5-dbf839ac97e9;CD:E6:D3:07;0;AVIÁRIO MEIO;1.520,00;29/10/2025;03:46:07;20;1283-20
CO2;1283;CT-CO2-0;1f94f8ad-7171-b062-c0a5-dbf839ac97e9;CD:E6:D3:07;0;AVIÁRIO MEIO;1.601,00;29/10/2025;03:51:09;20;1283-20
CO2;1283;CT-CO2-0;1f94f8ad-7171-b062-c0a5-dbf839ac97e9;CD:E6:D3:07;0;AVIÁRIO MEIO;1.593,00;29/10/2025;03:56:41;20;1283-20
CO2;1283;CT-CO2-0;1f94f8ad-7171-b062-c0a5-dbf839ac97e9;CD:E6:D3:07;0;AVIÁRIO MEIO;1.522,00;29/10/2025;04:02:13;20;1283-20
CO2;1283;CT-CO2-0;1f94f8ad-7171-b062-c0a5-dbf839ac97e9;CD:E6:D3:07;0;AVIÁRIO MEIO;1.603,00;29/10/2025;04:07:17;20;1283-20
CO2;1283;CT-CO2-0;1f94f8ad-7171-b062-c0a5-dbf839ac97e9;CD:E6:D3:07;0;AVIÁRIO MEIO;1.543,00;29/10/2025;04:12:48;20;1283-20
CO2;1283;CT-CO2-0;1f94f8ad-7171-b062-c0a5-dbf839ac97e9;CD:E6:D3:07;0;AVIÁRIO MEIO;1.555,00;29/10/2025;04:18:20;20;1283-20
CO2;1283;CT-CO2-0;1f94f8ad-7171-b062-c0a5-dbf839ac97e9;CD:E6:D3:07;0;AVIÁRIO MEIO;1.565,00;29/10/2025;04:23:22;20;1283-20
CO2;1283;CT-CO2-0;1f94f8ad-7171-b062-c0a5-dbf839ac97e9;CD:E6:D3:07;0;AVIÁRIO MEIO;1.574,00;29/10/2025;04:28:54;20;1283-20
CO2;1283;CT-CO2-0;1f94f8ad-7171-b062-c0a5-dbf839ac97e9;CD:E6:D3:07;0;AVIÁRIO MEIO;1.541,00;29/10/2025;04:34:58;20;1283-20
CO2;1283;CT-CO2-0;1f94f8ad-7171-b062-c0a5-dbf839ac97e9;CD:E6:D3:07;0;AVIÁRIO MEIO;1.627,00;29/10/2025;04:39:30;20;1283-20
CO2;1283;CT-CO2-0;1f94f8ad-7171-b062-c0a5-dbf839ac97e9;CD:E6:D3:07;0;AVIÁRIO MEIO;1.598,00;29/10/2025;04:45:03;20;1283-20
CO2;1283;CT-CO2-0;1f94f8ad-7171-b062-c0a5-dbf839ac97e9;CD:E6:D3:07;0;AVIÁRIO MEIO;1.541,00;29/10/2025;04:50:35;20;1283-20
CO2;1283;CT-CO2-0;1f94f8ad-7171-b062-c0a5-dbf839ac97e9;CD:E6:D3:07;0;AVIÁRIO MEIO;1.595,00;29/10/2025;04:55:37;20;1283-20
CO2;1283;CT-CO2-0;1f94f8ad-7171-b062-c0a5-dbf839ac97e9;CD:E6:D3:07;0;AVIÁRIO MEIO;1.529,00;29/10/2025;05:01:09;20;1283-20
CO2;1283;CT-CO2-0;1f94f8ad-7171-b062-c0a5-dbf839ac97e9;CD:E6:D3:07;0;AVIÁRIO MEIO;1.627,00;29/10/2025;05:06:41;20;1283-20
CO2;1283;CT-CO2-0;1f94f8ad-7171-b062-c0a5-dbf839ac97e9;CD:E6:D3:07;0;AVIÁRIO MEIO;1.564,00;29/10/2025;05:11:43;20;1283-20
CO2;1283;CT-CO2-0;1f94f8ad-7171-b062-c0a5-dbf839ac97e9;CD:E6:D3:07;0;AVIÁRIO MEIO;1.593,00;29/10/2025;05:17:15;20;1283-20
CO2;1283;CT-CO2-0;1f94f8ad-7171-b062-c0a5-dbf839ac97e9;CD:E6:D3:07;0;AVIÁRIO MEIO;1.588,00;29/10/2025;05:22:48;20;1283-20
CO2;1283;CT-CO2-0;1f94f8ad-7171-b062-c0a5-dbf839ac97e9;CD:E6:D3:07;0;AVIÁRIO MEIO;1.573,00;29/10/2025;05:27:50;20;1283-20
CO2;1283;CT-CO2-0;1f94f8ad-7171-b062-c0a5-dbf839ac97e9;CD:E6:D3:07;0;AVIÁRIO MEIO;1.582,00;29/10/2025;05:33:22;20;1283-20
CO2;1283;CT-CO2-0;1f94f8ad-7171-b062-c0a5-dbf839ac97e9;CD:E6:D3:07;0;AVIÁRIO MEIO;1.568,00;29/10/2025;05:38:54;20;1283-20
CO2;1283;CT-CO2-0;1f94f8ad-7171-b062-c0a5-dbf839ac97e9;CD:E6:D3:07;0;AVIÁRIO MEIO;1.652,00;29/10/2025;05:44:28;20;1283-20
CO2;1283;CT-CO2-0;1f94f8ad-7171-b062-c0a5-dbf839ac97e9;CD:E6:D3:07;0;AVIÁRIO MEIO;1.558,00;29/10/2025;05:49:30;20;1283-20
CO2;1283;CT-CO2-0;1f94f8ad-7171-b062-c0a5-dbf839ac97e9;CD:E6:D3:07;0;AVIÁRIO MEIO;1.621,00;29/10/2025;05:55:05;20;1283-20
CO2;1283;CT-CO2-0;1f94f8ad-7171-b062-c0a5-dbf839ac97e9;CD:E6:D3:07;0;AVIÁRIO MEIO;1.549,00;29/10/2025;06:00:07;20;1283-20
CO2;1283;CT-CO2-0;1f94f8ad-7171-b062-c0a5-dbf839ac97e9;CD:E6:D3:07;0;AVIÁRIO MEIO;1.581,00;29/10/2025;06:05:39;20;1283-20
CO2;1283;CT-CO2-0;1f94f8ad-7171-b062-c0a5-dbf839ac97e9;CD:E6:D3:07;0;AVIÁRIO MEIO;1.614,00;29/10/2025;06:11:11;20;1283-20
CO2;1283;CT-CO2-0;1f94f8ad-7171-b062-c0a5-dbf839ac97e9;CD:E6:D3:07;0;AVIÁRIO MEIO;1.584,00;29/10/2025;06:16:13;20;1283-20
CO2;1283;CT-CO2-0;1f94f8ad-7171-b062-c0a5-dbf839ac97e9;CD:E6:D3:07;0;AVIÁRIO MEIO;1.630,00;29/10/2025;06:21:45;20;1283-20
CO2;1283;CT-CO2-0;1f94f8ad-7171-b062-c0a5-dbf839ac97e9;CD:E6:D3:07;0;AVIÁRIO MEIO;1.597,00;29/10/2025;06:26:47;20;1283-20
CO2;1283;CT-CO2-0;1f94f8ad-7171-b062-c0a5-dbf839ac97e9;CD:E6:D3:07;0;AVIÁRIO MEIO;1.631,00;29/10/2025;06:37:53;20;1283-20
CO2;1283;CT-CO2-0;1f94f8ad-7171-b062-c0a5-dbf839ac97e9;CD:E6:D3:07;0;AVIÁRIO MEIO;1.591,00;29/10/2025;06:43:25;20;1283-20
CO2;1283;CT-CO2-0;1f94f8ad-7171-b062-c0a5-dbf839ac97e9;CD:E6:D3:07;0;AVIÁRIO MEIO;1.600,00;29/10/2025;06:48:27;20;1283-20
CO2;1283;CT-CO2-0;1f94f8ad-7171-b062-c0a5-dbf839ac97e9;CD:E6:D3:07;0;AVIÁRIO MEIO;1.589,00;29/10/2025;06:54:30;20;1283-20
CO2;1283;CT-CO2-0;1f94f8ad-7171-b062-c0a5-dbf839ac97e9;CD:E6:D3:07;0;AVIÁRIO MEIO;1.616,00;29/10/2025;06:59:32;20;1283-20
CO2;1283;CT-CO2-0;1f94f8ad-7171-b062-c0a5-dbf839ac97e9;CD:E6:D3:07;0;AVIÁRIO MEIO;1.572,00;29/10/2025;07:05:04;20;1283-20
CO2;1283;CT-CO2-0;1f94f8ad-7171-b062-c0a5-dbf839ac97e9;CD:E6:D3:07;0;AVIÁRIO MEIO;1.596,00;29/10/2025;07:10:06;20;1283-20
CO2;1283;CT-CO2-0;1f94f8ad-7171-b062-c0a5-dbf839ac97e9;CD:E6:D3:07;0;AVIÁRIO MEIO;1.612,00;29/10/2025;07:15:38;20;1283-20
CO2;1283;CT-CO2-0;1f94f8ad-7171-b062-c0a5-dbf839ac97e9;CD:E6:D3:07;0;AVIÁRIO MEIO;1.564,00;29/10/2025;07:21:09;20;1283-20
CO2;1283;CT-CO2-0;1f94f8ad-7171-b062-c0a5-dbf839ac97e9;CD:E6:D3:07;0;AVIÁRIO MEIO;1.527,00;29/10/2025;07:26:41;20;1283-20
CO2;1283;CT-CO2-0;1f94f8ad-7171-b062-c0a5-dbf839ac97e9;CD:E6:D3:07;0;AVIÁRIO MEIO;1.585,00;29/10/2025;07:31:44;20;1283-20
CO2;1283;CT-CO2-0;1f94f8ad-7171-b062-c0a5-dbf839ac97e9;CD:E6:D3:07;0;AVIÁRIO MEIO;1.567,00;29/10/2025;07:37:16;20;1283-20
CO2;1283;CT-CO2-0;1f94f8ad-7171-b062-c0a5-dbf839ac97e9;CD:E6:D3:07;0;AVIÁRIO MEIO;1.527,00;29/10/2025;07:42:48;20;1283-20
CO2;1283;CT-CO2-0;1f94f8ad-7171-b062-c0a5-dbf839ac97e9;CD:E6:D3:07;0;AVIÁRIO MEIO;1.615,00;29/10/2025;07:48:21;20;1283-20
CO2;1283;CT-CO2-0;1f94f8ad-7171-b062-c0a5-dbf839ac97e9;CD:E6:D3:07;0;AVIÁRIO MEIO;1.600,00;29/10/2025;07:53:23;20;1283-20
CO2;1283;CT-CO2-0;1f94f8ad-7171-b062-c0a5-dbf839ac97e9;CD:E6:D3:07;0;AVIÁRIO MEIO;1.554,00;29/10/2025;07:58:57;20;1283-20
CO2;1283;CT-CO2-0;1f94f8ad-7171-b062-c0a5-dbf839ac97e9;CD:E6:D3:07;0;AVIÁRIO MEIO;1.538,00;29/10/2025;08:05:00;20;1283-20
CO2;1283;CT-CO2-0;1f94f8ad-7171-b062-c0a5-dbf839ac97e9;CD:E6:D3:07;0;AVIÁRIO MEIO;1.621,00;29/10/2025;08:09:31;20;1283-20
CO2;1283;CT-CO2-0;1f94f8ad-7171-b062-c0a5-dbf839ac97e9;CD:E6:D3:07;0;AVIÁRIO MEIO;1.582,00;29/10/2025;08:15:03;20;1283-20
CO2;1283;CT-CO2-0;1f94f8ad-7171-b062-c0a5-dbf839ac97e9;CD:E6:D3:07;0;AVIÁRIO MEIO;1.584,00;29/10/2025;08:20:35;20;1283-20
CO2;1283;CT-CO2-0;1f94f8ad-7171-b062-c0a5-dbf839ac97e9;CD:E6:D3:07;0;AVIÁRIO MEIO;1.585,00;29/10/2025;08:26:07;20;1283-20
CO2;1283;CT-CO2-0;1f94f8ad-7171-b062-c0a5-dbf839ac97e9;CD:E6:D3:07;0;AVIÁRIO MEIO;1.555,00;29/10/2025;08:31:09;20;1283-20
CO2;1283;CT-CO2-0;1f94f8ad-7171-b062-c0a5-dbf839ac97e9;CD:E6:D3:07;0;AVIÁRIO MEIO;1.586,00;29/10/2025;08:36:41;20;1283-20
CO2;1283;CT-CO2-0;1f94f8ad-7171-b062-c0a5-dbf839ac97e9;CD:E6:D3:07;0;AVIÁRIO MEIO;1.492,00;29/10/2025;08:42:13;20;1283-20
CO2;1283;CT-CO2-0;1f94f8ad-7171-b062-c0a5-dbf839ac97e9;CD:E6:D3:07;0;AVIÁRIO MEIO;1.464,00;29/10/2025;08:47:45;20;1283-20
CO2;1283;CT-CO2-0;1f94f8ad-7171-b062-c0a5-dbf839ac97e9;CD:E6:D3:07;0;AVIÁRIO MEIO;1.458,00;29/10/2025;08:52:47;20;1283-20
CO2;1283;CT-CO2-0;1f94f8ad-7171-b062-c0a5-dbf839ac97e9;CD:E6:D3:07;0;AVIÁRIO MEIO;1.445,00;29/10/2025;08:58:19;20;1283-20
CO2;1283;CT-CO2-0;1f94f8ad-7171-b062-c0a5-dbf839ac97e9;CD:E6:D3:07;0;AVIÁRIO MEIO;1.470,00;29/10/2025;09:03:52;20;1283-20
CO2;1283;CT-CO2-0;1f94f8ad-7171-b062-c0a5-dbf839ac97e9;CD:E6:D3:07;0;AVIÁRIO MEIO;1.486,00;29/10/2025;09:09:24;20;1283-20
CO2;1283;CT-CO2-0;1f94f8ad-7171-b062-c0a5-dbf839ac97e9;CD:E6:D3:07;0;AVIÁRIO MEIO;1.512,00;29/10/2025;09:14:57;20;1283-20
CO2;1283;CT-CO2-0;1f94f8ad-7171-b062-c0a5-dbf839ac97e9;CD:E6:D3:07;0;AVIÁRIO MEIO;1.521,00;29/10/2025;09:19:59;20;1283-20
CO2;1283;CT-CO2-0;1f94f8ad-7171-b062-c0a5-dbf839ac97e9;CD:E6:D3:07;0;AVIÁRIO MEIO;1.451,00;29/10/2025;09:25:32;20;1283-20
CO2;1283;CT-CO2-0;1f94f8ad-7171-b062-c0a5-dbf839ac97e9;CD:E6:D3:07;0;AVIÁRIO MEIO;1.489,00;29/10/2025;09:31:04;20;1283-20
CO2;1283;CT-CO2-0;1f94f8ad-7171-b062-c0a5-dbf839ac97e9;CD:E6:D3:07;0;AVIÁRIO MEIO;1.407,00;29/10/2025;09:36:06;20;1283-20
CO2;1283;CT-CO2-0;1f94f8ad-7171-b062-c0a5-dbf839ac97e9;CD:E6:D3:07;0;AVIÁRIO MEIO;1.420,00;29/10/2025;09:41:38;20;1283-20
CO2;1283;CT-CO2-0;1f94f8ad-7171-b062-c0a5-dbf839ac97e9;CD:E6:D3:07;0;AVIÁRIO MEIO;1.473,00;29/10/2025;09:47:09;20;1283-20
CO2;1283;CT-CO2-0;1f94f8ad-7171-b062-c0a5-dbf839ac97e9;CD:E6:D3:07;0;AVIÁRIO MEIO;1.458,00;29/10/2025;09:52:41;20;1283-20
CO2;1283;CT-CO2-0;1f94f8ad-7171-b062-c0a5-dbf839ac97e9;CD:E6:D3:07;0;AVIÁRIO MEIO;1.501,00;29/10/2025;09:57:44;20;1283-20
CO2;1283;CT-CO2-0;1f94f8ad-7171-b062-c0a5-dbf839ac97e9;CD:E6:D3:07;0;AVIÁRIO MEIO;1.441,00;29/10/2025;10:03:15;20;1283-20
CO2;1283;CT-CO2-0;1f94f8ad-7171-b062-c0a5-dbf839ac97e9;CD:E6:D3:07;0;AVIÁRIO MEIO;1.467,00;29/10/2025;10:08:46;20;1283-20
CO2;1283;CT-CO2-0;1f94f8ad-7171-b062-c0a5-dbf839ac97e9;CD:E6:D3:07;0;AVIÁRIO MEIO;1.412,00;29/10/2025;10:14:18;20;1283-20
CO2;1283;CT-CO2-0;1f94f8ad-7171-b062-c0a5-dbf839ac97e9;CD:E6:D3:07;0;AVIÁRIO MEIO;1.433,00;29/10/2025;10:19:21;20;1283-20
CO2;1283;CT-CO2-0;1f94f8ad-7171-b062-c0a5-dbf839ac97e9;CD:E6:D3:07;0;AVIÁRIO MEIO;1.352,00;29/10/2025;10:35:59;20;1283-20
CO2;1283;CT-CO2-0;1f94f8ad-7171-b062-c0a5-dbf839ac97e9;CD:E6:D3:07;0;AVIÁRIO MEIO;1.307,00;29/10/2025;10:41:02;20;1283-20
CO2;1283;CT-CO2-0;1f94f8ad-7171-b062-c0a5-dbf839ac97e9;CD:E6:D3:07;0;AVIÁRIO MEIO;1.298,00;29/10/2025;10:46:34;20;1283-20
CO2;1283;CT-CO2-0;1f94f8ad-7171-b062-c0a5-dbf839ac97e9;CD:E6:D3:07;0;AVIÁRIO MEIO;1.311,00;29/10/2025;10:52:06;20;1283-20
CO2;1283;CT-CO2-0;1f94f8ad-7171-b062-c0a5-dbf839ac97e9;CD:E6:D3:07;0;AVIÁRIO MEIO;1.300,00;29/10/2025;10:57:09;20;1283-20
CO2;1283;CT-CO2-0;1f94f8ad-7171-b062-c0a5-dbf839ac97e9;CD:E6:D3:07;0;AVIÁRIO MEIO;1.354,00;29/10/2025;11:02:41;20;1283-20
CO2;1283;CT-CO2-0;1f94f8ad-7171-b062-c0a5-dbf839ac97e9;CD:E6:D3:07;0;AVIÁRIO MEIO;1.327,00;29/10/2025;11:08:13;20;1283-20
CO2;1283;CT-CO2-0;1f94f8ad-7171-b062-c0a5-dbf839ac97e9;CD:E6:D3:07;0;AVIÁRIO MEIO;1.332,00;29/10/2025;11:13:45;20;1283-20
CO2;1283;CT-CO2-0;1f94f8ad-7171-b062-c0a5-dbf839ac97e9;CD:E6:D3:07;0;AVIÁRIO MEIO;1.287,00;29/10/2025;11:19:18;20;1283-20
CO2;1283;CT-CO2-0;1f94f8ad-7171-b062-c0a5-dbf839ac97e9;CD:E6:D3:07;0;AVIÁRIO MEIO;1.315,00;29/10/2025;11:24:21;20;1283-20
CO2;1283;CT-CO2-0;1f94f8ad-7171-b062-c0a5-dbf839ac97e9;CD:E6:D3:07;0;AVIÁRIO MEIO;1.269,00;29/10/2025;11:30:26;20;1283-20
CO2;1283;CT-CO2-0;1f94f8ad-7171-b062-c0a5-dbf839ac97e9;CD:E6:D3:07;0;AVIÁRIO MEIO;1.309,00;29/10/2025;11:40:30;20;1283-20
CO2;1283;CT-CO2-0;1f94f8ad-7171-b062-c0a5-dbf839ac97e9;CD:E6:D3:07;0;AVIÁRIO MEIO;1.283,00;29/10/2025;11:46:03;20;1283-20
CO2;1283;CT-CO2-0;1f94f8ad-7171-b062-c0a5-dbf839ac97e9;CD:E6:D3:07;0;AVIÁRIO MEIO;1.284,00;29/10/2025;11:51:35;20;1283-20
CO2;1283;CT-CO2-0;1f94f8ad-7171-b062-c0a5-dbf839ac97e9;CD:E6:D3:07;0;AVIÁRIO MEIO;1.259,00;29/10/2025;11:57:07;20;1283-20
CO2;1283;CT-CO2-0;1f94f8ad-7171-b062-c0a5-dbf839ac97e9;CD:E6:D3:07;0;AVIÁRIO MEIO;1.274,00;29/10/2025;12:02:09;20;1283-20
CO2;1283;CT-CO2-0;1f94f8ad-7171-b062-c0a5-dbf839ac97e9;CD:E6:D3:07;0;AVIÁRIO MEIO;1.247,00;29/10/2025;12:07:41;20;1283-20
CO2;1283;CT-CO2-0;1f94f8ad-7171-b062-c0a5-dbf839ac97e9;CD:E6:D3:07;0;AVIÁRIO MEIO;1.314,00;29/10/2025;12:13:13;20;1283-20
CO2;1283;CT-CO2-0;1f94f8ad-7171-b062-c0a5-dbf839ac97e9;CD:E6:D3:07;0;AVIÁRIO MEIO;1.304,00;29/10/2025;12:18:45;20;1283-20
CO2;1283;CT-CO2-0;1f94f8ad-7171-b062-c0a5-dbf839ac97e9;CD:E6:D3:07;0;AVIÁRIO MEIO;1.263,00;29/10/2025;12:23:47;20;1283-20
CO2;1283;CT-CO2-0;1f94f8ad-7171-b062-c0a5-dbf839ac97e9;CD:E6:D3:07;0;AVIÁRIO MEIO;1.249,00;29/10/2025;12:29:19;20;1283-20
CO2;1283;CT-CO2-0;1f94f8ad-7171-b062-c0a5-dbf839ac97e9;CD:E6:D3:07;0;AVIÁRIO MEIO;1.257,00;29/10/2025;12:34:52;20;1283-20
CO2;1283;CT-CO2-0;1f94f8ad-7171-b062-c0a5-dbf839ac97e9;CD:E6:D3:07;0;AVIÁRIO MEIO;1.270,00;29/10/2025;12:40:57;20;1283-20
CO2;1283;CT-CO2-0;1f94f8ad-7171-b062-c0a5-dbf839ac97e9;CD:E6:D3:07;0;AVIÁRIO MEIO;1.257,00;29/10/2025;12:51:02;20;1283-20
CO2;1283;CT-CO2-0;1f94f8ad-7171-b062-c0a5-dbf839ac97e9;CD:E6:D3:07;0;AVIÁRIO MEIO;1.313,00;29/10/2025;12:56:34;20;1283-20
CO2;1283;CT-CO2-0;1f94f8ad-7171-b062-c0a5-dbf839ac97e9;CD:E6:D3:07;0;AVIÁRIO MEIO;1.283,00;29/10/2025;13:02:06;20;1283-20
CO2;1283;CT-CO2-0;1f94f8ad-7171-b062-c0a5-dbf839ac97e9;CD:E6:D3:07;0;AVIÁRIO MEIO;1.290,00;29/10/2025;13:07:09;20;1283-20
CO2;1283;CT-CO2-0;1f94f8ad-7171-b062-c0a5-dbf839ac97e9;CD:E6:D3:07;0;AVIÁRIO MEIO;1.283,00;29/10/2025;13:12:40;20;1283-20
CO2;1283;CT-CO2-0;1f94f8ad-7171-b062-c0a5-dbf839ac97e9;CD:E6:D3:07;0;AVIÁRIO MEIO;1.243,00;29/10/2025;13:18:14;20;1283-20
CO2;1283;CT-CO2-0;1f94f8ad-7171-b062-c0a5-dbf839ac97e9;CD:E6:D3:07;0;AVIÁRIO MEIO;1.306,00;29/10/2025;13:23:46;20;1283-20
CO2;1283;CT-CO2-0;1f94f8ad-7171-b062-c0a5-dbf839ac97e9;CD:E6:D3:07;0;AVIÁRIO MEIO;1.238,00;29/10/2025;13:28:48;20;1283-20
CO2;1283;CT-CO2-0;1f94f8ad-7171-b062-c0a5-dbf839ac97e9;CD:E6:D3:07;0;AVIÁRIO MEIO;1.247,00;29/10/2025;13:34:20;20;1283-20
CO2;1283;CT-CO2-0;1f94f8ad-7171-b062-c0a5-dbf839ac97e9;CD:E6:D3:07;0;AVIÁRIO MEIO;1.238,00;29/10/2025;13:39:52;20;1283-20
CO2;1283;CT-CO2-0;1f94f8ad-7171-b062-c0a5-dbf839ac97e9;CD:E6:D3:07;0;AVIÁRIO MEIO;1.252,00;29/10/2025;13:44:55;20;1283-20
CO2;1283;CT-CO2-0;1f94f8ad-7171-b062-c0a5-dbf839ac97e9;CD:E6:D3:07;0;AVIÁRIO MEIO;1.268,00;29/10/2025;13:50:59;20;1283-20
CO2;1283;CT-CO2-0;1f94f8ad-7171-b062-c0a5-dbf839ac97e9;CD:E6:D3:07;0;AVIÁRIO MEIO;1.231,00;29/10/2025;13:56:02;20;1283-20
CO2;1283;CT-CO2-0;1f94f8ad-7171-b062-c0a5-dbf839ac97e9;CD:E6:D3:07;0;AVIÁRIO MEIO;1.207,00;29/10/2025;14:01:34;20;1283-20
CO2;1283;CT-CO2-0;1f94f8ad-7171-b062-c0a5-dbf839ac97e9;CD:E6:D3:07;0;AVIÁRIO MEIO;1.276,00;29/10/2025;14:07:11;20;1283-20
CO2;1283;CT-CO2-0;1f94f8ad-7171-b062-c0a5-dbf839ac97e9;CD:E6:D3:07;0;AVIÁRIO MEIO;1.280,00;29/10/2025;14:12:13;20;1283-20
CO2;1283;CT-CO2-0;1f94f8ad-7171-b062-c0a5-dbf839ac97e9;CD:E6:D3:07;0;AVIÁRIO MEIO;1.289,00;29/10/2025;14:17:50;20;1283-20
CO2;1283;CT-CO2-0;1f94f8ad-7171-b062-c0a5-dbf839ac97e9;CD:E6:D3:07;0;AVIÁRIO MEIO;1.329,00;29/10/2025;14:22:52;20;1283-20
CO2;1283;CT-CO2-0;1f94f8ad-7171-b062-c0a5-dbf839ac97e9;CD:E6:D3:07;0;AVIÁRIO MEIO;1.357,00;29/10/2025;14:28:24;20;1283-20
CO2;1283;CT-CO2-0;1f94f8ad-7171-b062-c0a5-dbf839ac97e9;CD:E6:D3:07;0;AVIÁRIO MEIO;1.313,00;29/10/2025;14:33:57;20;1283-20
CO2;1283;CT-CO2-0;1f94f8ad-7171-b062-c0a5-dbf839ac97e9;CD:E6:D3:07;0;AVIÁRIO MEIO;1.306,00;29/10/2025;14:39:29;20;1283-20
CO2;1283;CT-CO2-0;1f94f8ad-7171-b062-c0a5-dbf839ac97e9;CD:E6:D3:07;0;AVIÁRIO MEIO;1.320,00;29/10/2025;14:44:30;20;1283-20
CO2;1283;CT-CO2-0;1f94f8ad-7171-b062-c0a5-dbf839ac97e9;CD:E6:D3:07;0;AVIÁRIO MEIO;1.377,00;29/10/2025;14:50:02;20;1283-20
CO2;1283;CT-CO2-0;1f94f8ad-7171-b062-c0a5-dbf839ac97e9;CD:E6:D3:07;0;AVIÁRIO MEIO;1.327,00;29/10/2025;14:56:05;20;1283-20
CO2;1283;CT-CO2-0;1f94f8ad-7171-b062-c0a5-dbf839ac97e9;CD:E6:D3:07;0;AVIÁRIO MEIO;1.335,00;29/10/2025;15:01:08;20;1283-20
CO2;1283;CT-CO2-0;1f94f8ad-7171-b062-c0a5-dbf839ac97e9;CD:E6:D3:07;0;AVIÁRIO MEIO;1.349,00;29/10/2025;15:06:10;20;1283-20
CO2;1283;CT-CO2-0;1f94f8ad-7171-b062-c0a5-dbf839ac97e9;CD:E6:D3:07;0;AVIÁRIO MEIO;1.302,00;29/10/2025;15:11:42;20;1283-20
CO2;1283;CT-CO2-0;1f94f8ad-7171-b062-c0a5-dbf839ac97e9;CD:E6:D3:07;0;AVIÁRIO MEIO;1.318,00;29/10/2025;15:17:14;20;1283-20
CO2;1283;CT-CO2-0;1f94f8ad-7171-b062-c0a5-dbf839ac97e9;CD:E6:D3:07;0;AVIÁRIO MEIO;1.352,00;29/10/2025;15:22:47;20;1283-20
CO2;1283;CT-CO2-0;1f94f8ad-7171-b062-c0a5-dbf839ac97e9;CD:E6:D3:07;0;AVIÁRIO MEIO;1.343,00;29/10/2025;15:27:49;20;1283-20
CO2;1283;CT-CO2-0;1f94f8ad-7171-b062-c0a5-dbf839ac97e9;CD:E6:D3:07;0;AVIÁRIO MEIO;1.338,00;29/10/2025;15:33:21;20;1283-20
CO2;1283;CT-CO2-0;1f94f8ad-7171-b062-c0a5-dbf839ac97e9;CD:E6:D3:07;0;AVIÁRIO MEIO;1.294,00;29/10/2025;15:38:53;20;1283-20
CO2;1283;CT-CO2-0;1f94f8ad-7171-b062-c0a5-dbf839ac97e9;CD:E6:D3:07;0;AVIÁRIO MEIO;1.320,00;29/10/2025;15:44:24;20;1283-20
CO2;1283;CT-CO2-0;1f94f8ad-7171-b062-c0a5-dbf839ac97e9;CD:E6:D3:07;0;AVIÁRIO MEIO;1.337,00;29/10/2025;15:49:26;20;1283-20
CO2;1283;CT-CO2-0;1f94f8ad-7171-b062-c0a5-dbf839ac97e9;CD:E6:D3:07;0;AVIÁRIO MEIO;1.350,00;29/10/2025;15:55:04;20;1283-20
CO2;1283;CT-CO2-0;1f94f8ad-7171-b062-c0a5-dbf839ac97e9;CD:E6:D3:07;0;AVIÁRIO MEIO;1.305,00;29/10/2025;16:01:08;20;1283-20
CO2;1283;CT-CO2-0;1f94f8ad-7171-b062-c0a5-dbf839ac97e9;CD:E6:D3:07;0;AVIÁRIO MEIO;1.317,00;29/10/2025;16:05:46;20;1283-20
CO2;1283;CT-CO2-0;1f94f8ad-7171-b062-c0a5-dbf839ac97e9;CD:E6:D3:07;0;AVIÁRIO MEIO;1.363,00;29/10/2025;16:11:18;20;1283-20
CO2;1283;CT-CO2-0;1f94f8ad-7171-b062-c0a5-dbf839ac97e9;CD:E6:D3:07;0;AVIÁRIO MEIO;1.387,00;29/10/2025;16:16:50;20;1283-20
CO2;1283;CT-CO2-0;1f94f8ad-7171-b062-c0a5-dbf839ac97e9;CD:E6:D3:07;0;AVIÁRIO MEIO;1.361,00;29/10/2025;16:22:22;20;1283-20
CO2;1283;CT-CO2-0;1f94f8ad-7171-b062-c0a5-dbf839ac97e9;CD:E6:D3:07;0;AVIÁRIO MEIO;1.411,00;29/10/2025;16:27:24;20;1283-20
CO2;1283;CT-CO2-0;1f94f8ad-7171-b062-c0a5-dbf839ac97e9;CD:E6:D3:07;0;AVIÁRIO MEIO;1.327,00;29/10/2025;16:38:29;20;1283-20
CO2;1283;CT-CO2-0;1f94f8ad-7171-b062-c0a5-dbf839ac97e9;CD:E6:D3:07;0;AVIÁRIO MEIO;1.335,00;29/10/2025;16:44:01;20;1283-20
CO2;1283;CT-CO2-0;1f94f8ad-7171-b062-c0a5-dbf839ac97e9;CD:E6:D3:07;0;AVIÁRIO MEIO;1.335,00;29/10/2025;16:49:03;20;1283-20
CO2;1283;CT-CO2-0;1f94f8ad-7171-b062-c0a5-dbf839ac97e9;CD:E6:D3:07;0;AVIÁRIO MEIO;1.368,00;29/10/2025;16:54:35;20;1283-20
CO2;1283;CT-CO2-0;1f94f8ad-7171-b062-c0a5-dbf839ac97e9;CD:E6:D3:07;0;AVIÁRIO MEIO;1.318,00;29/10/2025;17:00:07;20;1283-20
CO2;1283;CT-CO2-0;1f94f8ad-7171-b062-c0a5-dbf839ac97e9;CD:E6:D3:07;0;AVIÁRIO MEIO;1.316,00;29/10/2025;17:05:09;20;1283-20
CO2;1283;CT-CO2-0;1f94f8ad-7171-b062-c0a5-dbf839ac97e9;CD:E6:D3:07;0;AVIÁRIO MEIO;1.352,00;29/10/2025;17:11:13;20;1283-20
CO2;1283;CT-CO2-0;1f94f8ad-7171-b062-c0a5-dbf839ac97e9;CD:E6:D3:07;0;AVIÁRIO MEIO;1.284,00;29/10/2025;17:16:16;20;1283-20
CO2;1283;CT-CO2-0;1f94f8ad-7171-b062-c0a5-dbf839ac97e9;CD:E6:D3:07;0;AVIÁRIO MEIO;1.294,00;29/10/2025;17:21:18;20;1283-20
CO2;1283;CT-CO2-0;1f94f8ad-7171-b062-c0a5-dbf839ac97e9;CD:E6:D3:07;0;AVIÁRIO MEIO;1.449,00;29/10/2025;17:36:52;20;1283-20
CO2;1283;CT-CO2-0;1f94f8ad-7171-b062-c0a5-dbf839ac97e9;CD:E6:D3:07;0;AVIÁRIO MEIO;1.424,00;29/10/2025;17:42:24;20;1283-20
CO2;1283;CT-CO2-0;1f94f8ad-7171-b062-c0a5-dbf839ac97e9;CD:E6:D3:07;0;AVIÁRIO MEIO;1.359,00;29/10/2025;17:47:56;20;1283-20
CO2;1283;CT-CO2-0;1f94f8ad-7171-b062-c0a5-dbf839ac97e9;CD:E6:D3:07;0;AVIÁRIO MEIO;1.328,00;29/10/2025;17:52:59;20;1283-20
CO2;1283;CT-CO2-0;1f94f8ad-7171-b062-c0a5-dbf839ac97e9;CD:E6:D3:07;0;AVIÁRIO MEIO;1.357,00;29/10/2025;17:58:31;20;1283-20
CO2;1283;CT-CO2-0;1f94f8ad-7171-b062-c0a5-dbf839ac97e9;CD:E6:D3:07;0;AVIÁRIO MEIO;1.365,00;29/10/2025;18:04:03;20;1283-20
CO2;1283;CT-CO2-0;1f94f8ad-7171-b062-c0a5-dbf839ac97e9;CD:E6:D3:07;0;AVIÁRIO MEIO;1.332,00;29/10/2025;18:09:05;20;1283-20
CO2;1283;CT-CO2-0;1f94f8ad-7171-b062-c0a5-dbf839ac97e9;CD:E6:D3:07;0;AVIÁRIO MEIO;1.315,00;29/10/2025;18:14:38;20;1283-20
CO2;1283;CT-CO2-0;1f94f8ad-7171-b062-c0a5-dbf839ac97e9;CD:E6:D3:07;0;AVIÁRIO MEIO;1.344,00;29/10/2025;18:25:14;20;1283-20
CO2;1283;CT-CO2-0;1f94f8ad-7171-b062-c0a5-dbf839ac97e9;CD:E6:D3:07;0;AVIÁRIO MEIO;1.317,00;29/10/2025;18:30:46;20;1283-20
CO2;1283;CT-CO2-0;1f94f8ad-7171-b062-c0a5-dbf839ac97e9;CD:E6:D3:07;0;AVIÁRIO MEIO;1.399,00;29/10/2025;18:41:49;20;1283-20
CO2;1283;CT-CO2-0;1f94f8ad-7171-b062-c0a5-dbf839ac97e9;CD:E6:D3:07;0;AVIÁRIO MEIO;1.381,00;29/10/2025;18:46:51;20;1283-20
CO2;1283;CT-CO2-0;1f94f8ad-7171-b062-c0a5-dbf839ac97e9;CD:E6:D3:07;0;AVIÁRIO MEIO;1.334,00;29/10/2025;18:52:24;20;1283-20
CO2;1283;CT-CO2-0;1f94f8ad-7171-b062-c0a5-dbf839ac97e9;CD:E6:D3:07;0;AVIÁRIO MEIO;1.454,00;29/10/2025;18:57:56;20;1283-20
CO2;1283;CT-CO2-0;1f94f8ad-7171-b062-c0a5-dbf839ac97e9;CD:E6:D3:07;0;AVIÁRIO MEIO;1.657,00;29/10/2025;19:02:58;20;1283-20
CO2;1283;CT-CO2-0;1f94f8ad-7171-b062-c0a5-dbf839ac97e9;CD:E6:D3:07;0;AVIÁRIO MEIO;1.721,00;29/10/2025;19:08:30;20;1283-20
CO2;1283;CT-CO2-0;1f94f8ad-7171-b062-c0a5-dbf839ac97e9;CD:E6:D3:07;0;AVIÁRIO MEIO;1.602,00;29/10/2025;19:14:02;20;1283-20
CO2;1283;CT-CO2-0;1f94f8ad-7171-b062-c0a5-dbf839ac97e9;CD:E6:D3:07;0;AVIÁRIO MEIO;1.440,00;29/10/2025;19:19:05;20;1283-20
CO2;1283;CT-CO2-0;1f94f8ad-7171-b062-c0a5-dbf839ac97e9;CD:E6:D3:07;0;AVIÁRIO MEIO;1.436,00;29/10/2025;19:24:37;20;1283-20
CO2;1283;CT-CO2-0;1f94f8ad-7171-b062-c0a5-dbf839ac97e9;CD:E6:D3:07;0;AVIÁRIO MEIO;1.424,00;29/10/2025;19:30:40;20;1283-20
CO2;1283;CT-CO2-0;1f94f8ad-7171-b062-c0a5-dbf839ac97e9;CD:E6:D3:07;0;AVIÁRIO MEIO;1.435,00;29/10/2025;19:35:42;20;1283-20
CO2;1283;CT-CO2-0;1f94f8ad-7171-b062-c0a5-dbf839ac97e9;CD:E6:D3:07;0;AVIÁRIO MEIO;1.448,00;29/10/2025;19:40:46;20;1283-20
CO2;1283;CT-CO2-0;1f94f8ad-7171-b062-c0a5-dbf839ac97e9;CD:E6:D3:07;0;AVIÁRIO MEIO;1.425,00;29/10/2025;19:46:17;20;1283-20
CO2;1283;CT-CO2-0;1f94f8ad-7171-b062-c0a5-dbf839ac97e9;CD:E6:D3:07;0;AVIÁRIO MEIO;1.391,00;29/10/2025;19:51:50;20;1283-20
CO2;1283;CT-CO2-0;1f94f8ad-7171-b062-c0a5-dbf839ac97e9;CD:E6:D3:07;0;AVIÁRIO MEIO;1.397,00;29/10/2025;19:56:52;20;1283-20
CO2;1283;CT-CO2-0;1f94f8ad-7171-b062-c0a5-dbf839ac97e9;CD:E6:D3:07;0;AVIÁRIO MEIO;1.400,00;29/10/2025;20:02:24;20;1283-20
CO2;1283;CT-CO2-0;1f94f8ad-7171-b062-c0a5-dbf839ac97e9;CD:E6:D3:07;0;AVIÁRIO MEIO;1.406,00;29/10/2025;20:12:58;20;1283-20
CO2;1283;CT-CO2-0;1f94f8ad-7171-b062-c0a5-dbf839ac97e9;CD:E6:D3:07;0;AVIÁRIO MEIO;1.424,00;29/10/2025;20:18:30;20;1283-20
CO2;1283;CT-CO2-0;1f94f8ad-7171-b062-c0a5-dbf839ac97e9;CD:E6:D3:07;0;AVIÁRIO MEIO;1.419,00;29/10/2025;20:24:02;20;1283-20
CO2;1283;CT-CO2-0;1f94f8ad-7171-b062-c0a5-dbf839ac97e9;CD:E6:D3:07;0;AVIÁRIO MEIO;1.427,00;29/10/2025;20:29:35;20;1283-20
CO2;1283;CT-CO2-0;1f94f8ad-7171-b062-c0a5-dbf839ac97e9;CD:E6:D3:07;0;AVIÁRIO MEIO;1.460,00;29/10/2025;20:34:37;20;1283-20
CO2;1283;CT-CO2-0;1f94f8ad-7171-b062-c0a5-dbf839ac97e9;CD:E6:D3:07;0;AVIÁRIO MEIO;1.425,00;29/10/2025;20:40:41;20;1283-20
CO2;1283;CT-CO2-0;1f94f8ad-7171-b062-c0a5-dbf839ac97e9;CD:E6:D3:07;0;AVIÁRIO MEIO;1.498,00;29/10/2025;20:45:43;20;1283-20
CO2;1283;CT-CO2-0;1f94f8ad-7171-b062-c0a5-dbf839ac97e9;CD:E6:D3:07;0;AVIÁRIO MEIO;1.389,00;29/10/2025;20:50:45;20;1283-20
CO2;1283;CT-CO2-0;1f94f8ad-7171-b062-c0a5-dbf839ac97e9;CD:E6:D3:07;0;AVIÁRIO MEIO;1.465,00;29/10/2025;20:56:17;20;1283-20
CO2;1283;CT-CO2-0;1f94f8ad-7171-b062-c0a5-dbf839ac97e9;CD:E6:D3:07;0;AVIÁRIO MEIO;1.486,00;29/10/2025;21:06:19;20;1283-20
CO2;1283;CT-CO2-0;1f94f8ad-7171-b062-c0a5-dbf839ac97e9;CD:E6:D3:07;0;AVIÁRIO MEIO;1.457,00;29/10/2025;21:11:20;20;1283-20
CO2;1283;CT-CO2-0;1f94f8ad-7171-b062-c0a5-dbf839ac97e9;CD:E6:D3:07;0;AVIÁRIO MEIO;1.476,00;29/10/2025;21:16:54;20;1283-20
CO2;1283;CT-CO2-0;1f94f8ad-7171-b062-c0a5-dbf839ac97e9;CD:E6:D3:07;0;AVIÁRIO MEIO;1.476,00;29/10/2025;21:22:26;20;1283-20
CO2;1283;CT-CO2-0;1f94f8ad-7171-b062-c0a5-dbf839ac97e9;CD:E6:D3:07;0;AVIÁRIO MEIO;1.431,00;29/10/2025;21:27:58;20;1283-20
CO2;1283;CT-CO2-0;1f94f8ad-7171-b062-c0a5-dbf839ac97e9;CD:E6:D3:07;0;AVIÁRIO MEIO;1.568,00;29/10/2025;21:33:00;20;1283-20
CO2;1283;CT-CO2-0;1f94f8ad-7171-b062-c0a5-dbf839ac97e9;CD:E6:D3:07;0;AVIÁRIO MEIO;1.471,00;29/10/2025;21:38:32;20;1283-20
CO2;1283;CT-CO2-0;1f94f8ad-7171-b062-c0a5-dbf839ac97e9;CD:E6:D3:07;0;AVIÁRIO MEIO;1.456,00;29/10/2025;21:44:04;20;1283-20
CO2;1283;CT-CO2-0;1f94f8ad-7171-b062-c0a5-dbf839ac97e9;CD:E6:D3:07;0;AVIÁRIO MEIO;1.478,00;29/10/2025;21:49:39;20;1283-20
CO2;1283;CT-CO2-0;1f94f8ad-7171-b062-c0a5-dbf839ac97e9;CD:E6:D3:07;0;AVIÁRIO MEIO;1.458,00;29/10/2025;21:54:41;20;1283-20
CO2;1283;CT-CO2-0;1f94f8ad-7171-b062-c0a5-dbf839ac97e9;CD:E6:D3:07;0;AVIÁRIO MEIO;1.497,00;29/10/2025;22:00:13;20;1283-20
CO2;1283;CT-CO2-0;1f94f8ad-7171-b062-c0a5-dbf839ac97e9;CD:E6:D3:07;0;AVIÁRIO MEIO;1.457,00;29/10/2025;22:05:15;20;1283-20
CO2;1283;CT-CO2-0;1f94f8ad-7171-b062-c0a5-dbf839ac97e9;CD:E6:D3:07;0;AVIÁRIO MEIO;1.479,00;29/10/2025;22:10:48;20;1283-20
CO2;1283;CT-CO2-0;1f94f8ad-7171-b062-c0a5-dbf839ac97e9;CD:E6:D3:07;0;AVIÁRIO MEIO;1.542,00;29/10/2025;22:16:20;20;1283-20
CO2;1283;CT-CO2-0;1f94f8ad-7171-b062-c0a5-dbf839ac97e9;CD:E6:D3:07;0;AVIÁRIO MEIO;1.460,00;29/10/2025;22:21:52;20;1283-20
CO2;1283;CT-CO2-0;1f94f8ad-7171-b062-c0a5-dbf839ac97e9;CD:E6:D3:07;0;AVIÁRIO MEIO;1.493,00;29/10/2025;22:26:54;20;1283-20
CO2;1283;CT-CO2-0;1f94f8ad-7171-b062-c0a5-dbf839ac97e9;CD:E6:D3:07;0;AVIÁRIO MEIO;1.451,00;29/10/2025;22:32:26;20;1283-20
CO2;1283;CT-CO2-0;1f94f8ad-7171-b062-c0a5-dbf839ac97e9;CD:E6:D3:07;0;AVIÁRIO MEIO;1.518,00;29/10/2025;22:37:58;20;1283-20
CO2;1283;CT-CO2-0;1f94f8ad-7171-b062-c0a5-dbf839ac97e9;CD:E6:D3:07;0;AVIÁRIO MEIO;1.450,00;29/10/2025;22:42:59;20;1283-20
CO2;1283;CT-CO2-0;1f94f8ad-7171-b062-c0a5-dbf839ac97e9;CD:E6:D3:07;0;AVIÁRIO MEIO;1.461,00;29/10/2025;22:48:32;20;1283-20
CO2;1283;CT-CO2-0;1f94f8ad-7171-b062-c0a5-dbf839ac97e9;CD:E6:D3:07;0;AVIÁRIO MEIO;1.457,00;29/10/2025;22:54:03;20;1283-20
CO2;1283;CT-CO2-0;1f94f8ad-7171-b062-c0a5-dbf839ac97e9;CD:E6:D3:07;0;AVIÁRIO MEIO;1.444,00;29/10/2025;22:59:36;20;1283-20
CO2;1283;CT-CO2-0;1f94f8ad-7171-b062-c0a5-dbf839ac97e9;CD:E6:D3:07;0;AVIÁRIO MEIO;1.459,00;29/10/2025;23:04:38;20;1283-20
CO2;1283;CT-CO2-0;1f94f8ad-7171-b062-c0a5-dbf839ac97e9;CD:E6:D3:07;0;AVIÁRIO MEIO;1.407,00;29/10/2025;23:10:11;20;1283-20
CO2;1283;CT-CO2-0;1f94f8ad-7171-b062-c0a5-dbf839ac97e9;CD:E6:D3:07;0;AVIÁRIO MEIO;1.441,00;29/10/2025;23:15:43;20;1283-20
CO2;1283;CT-CO2-0;1f94f8ad-7171-b062-c0a5-dbf839ac97e9;CD:E6:D3:07;0;AVIÁRIO MEIO;1.449,00;29/10/2025;23:20:44;20;1283-20
CO2;1283;CT-CO2-0;1f94f8ad-7171-b062-c0a5-dbf839ac97e9;CD:E6:D3:07;0;AVIÁRIO MEIO;1.420,00;29/10/2025;23:26:17;20;1283-20
CO2;1283;CT-CO2-0;1f94f8ad-7171-b062-c0a5-dbf839ac97e9;CD:E6:D3:07;0;AVIÁRIO MEIO;1.461,00;29/10/2025;23:31:48;20;1283-20
CO2;1283;CT-CO2-0;1f94f8ad-7171-b062-c0a5-dbf839ac97e9;CD:E6:D3:07;0;AVIÁRIO MEIO;1.426,00;29/10/2025;23:36:50;20;1283-20
CO2;1283;CT-CO2-0;1f94f8ad-7171-b062-c0a5-dbf839ac97e9;CD:E6:D3:07;0;AVIÁRIO MEIO;1.510,00;29/10/2025;23:42:22;20;1283-20
CO2;1283;CT-CO2-0;1f94f8ad-7171-b062-c0a5-dbf839ac97e9;CD:E6:D3:07;0;AVIÁRIO MEIO;1.473,00;29/10/2025;23:47:54;20;1283-20
CO2;1283;CT-CO2-0;1f94f8ad-7171-b062-c0a5-dbf839ac97e9;CD:E6:D3:07;0;AVIÁRIO MEIO;1.504,00;29/10/2025;23:53:26;20;1283-20
CO2;1283;CT-CO2-0;1f94f8ad-7171-b062-c0a5-dbf839ac97e9;CD:E6:D3:07;0;AVIÁRIO MEIO;1.449,00;29/10/2025;23:58:29;20;1283-20
CO2;1283;CT-CO2-0;1f94f8ad-7171-b062-c0a5-dbf839ac97e9;CD:E6:D3:07;0;AVIÁRIO MEIO;1.490,00;30/10/2025;00:04:01;20;1283-20
CO2;1283;CT-CO2-0;1f94f8ad-7171-b062-c0a5-dbf839ac97e9;CD:E6:D3:07;0;AVIÁRIO MEIO;1.470,00;30/10/2025;00:10:06;20;1283-20
CO2;1283;CT-CO2-0;1f94f8ad-7171-b062-c0a5-dbf839ac97e9;CD:E6:D3:07;0;AVIÁRIO MEIO;1.467,00;30/10/2025;00:14:38;20;1283-20
CO2;1283;CT-CO2-0;1f94f8ad-7171-b062-c0a5-dbf839ac97e9;CD:E6:D3:07;0;AVIÁRIO MEIO;1.541,00;30/10/2025;00:20:10;20;1283-20
CO2;1283;CT-CO2-0;1f94f8ad-7171-b062-c0a5-dbf839ac97e9;CD:E6:D3:07;0;AVIÁRIO MEIO;1.525,00;30/10/2025;00:25:42;20;1283-20
CO2;1283;CT-CO2-0;1f94f8ad-7171-b062-c0a5-dbf839ac97e9;CD:E6:D3:07;0;AVIÁRIO MEIO;1.527,00;30/10/2025;00:30:44;20;1283-20
CO2;1283;CT-CO2-0;1f94f8ad-7171-b062-c0a5-dbf839ac97e9;CD:E6:D3:07;0;AVIÁRIO MEIO;1.557,00;30/10/2025;00:36:15;20;1283-20
CO2;1283;CT-CO2-0;1f94f8ad-7171-b062-c0a5-dbf839ac97e9;CD:E6:D3:07;0;AVIÁRIO MEIO;1.520,00;30/10/2025;00:41:47;20;1283-20
CO2;1283;CT-CO2-0;1f94f8ad-7171-b062-c0a5-dbf839ac97e9;CD:E6:D3:07;0;AVIÁRIO MEIO;1.541,00;30/10/2025;00:46:49;20;1283-20
CO2;1283;CT-CO2-0;1f94f8ad-7171-b062-c0a5-dbf839ac97e9;CD:E6:D3:07;0;AVIÁRIO MEIO;1.539,00;30/10/2025;00:52:21;20;1283-20
CO2;1283;CT-CO2-0;1f94f8ad-7171-b062-c0a5-dbf839ac97e9;CD:E6:D3:07;0;AVIÁRIO MEIO;1.557,00;30/10/2025;00:57:53;20;1283-20
CO2;1283;CT-CO2-0;1f94f8ad-7171-b062-c0a5-dbf839ac97e9;CD:E6:D3:07;0;AVIÁRIO MEIO;1.520,00;30/10/2025;01:03:24;20;1283-20
CO2;1283;CT-CO2-0;1f94f8ad-7171-b062-c0a5-dbf839ac97e9;CD:E6:D3:07;0;AVIÁRIO MEIO;1.519,00;30/10/2025;01:08:26;20;1283-20
CO2;1283;CT-CO2-0;1f94f8ad-7171-b062-c0a5-dbf839ac97e9;CD:E6:D3:07;0;AVIÁRIO MEIO;1.524,00;30/10/2025;01:13:59;20;1283-20
CO2;1283;CT-CO2-0;1f94f8ad-7171-b062-c0a5-dbf839ac97e9;CD:E6:D3:07;0;AVIÁRIO MEIO;1.564,00;30/10/2025;01:20:02;20;1283-20
CO2;1283;CT-CO2-0;1f94f8ad-7171-b062-c0a5-dbf839ac97e9;CD:E6:D3:07;0;AVIÁRIO MEIO;1.543,00;30/10/2025;01:24:34;20;1283-20
CO2;1283;CT-CO2-0;1f94f8ad-7171-b062-c0a5-dbf839ac97e9;CD:E6:D3:07;0;AVIÁRIO MEIO;1.529,00;30/10/2025;01:30:06;20;1283-20
CO2;1283;CT-CO2-0;1f94f8ad-7171-b062-c0a5-dbf839ac97e9;CD:E6:D3:07;0;AVIÁRIO MEIO;1.547,00;30/10/2025;01:35:37;20;1283-20
CO2;1283;CT-CO2-0;1f94f8ad-7171-b062-c0a5-dbf839ac97e9;CD:E6:D3:07;0;AVIÁRIO MEIO;1.549,00;30/10/2025;01:41:10;20;1283-20
CO2;1283;CT-CO2-0;1f94f8ad-7171-b062-c0a5-dbf839ac97e9;CD:E6:D3:07;0;AVIÁRIO MEIO;1.548,00;30/10/2025;01:46:14;20;1283-20
CO2;1283;CT-CO2-0;1f94f8ad-7171-b062-c0a5-dbf839ac97e9;CD:E6:D3:07;0;AVIÁRIO MEIO;1.563,00;30/10/2025;01:51:48;20;1283-20
CO2;1283;CT-CO2-0;1f94f8ad-7171-b062-c0a5-dbf839ac97e9;CD:E6:D3:07;0;AVIÁRIO MEIO;1.527,00;30/10/2025;01:56:50;20;1283-20
CO2;1283;CT-CO2-0;1f94f8ad-7171-b062-c0a5-dbf839ac97e9;CD:E6:D3:07;0;AVIÁRIO MEIO;1.585,00;30/10/2025;02:02:22;20;1283-20
CO2;1283;CT-CO2-0;1f94f8ad-7171-b062-c0a5-dbf839ac97e9;CD:E6:D3:07;0;AVIÁRIO MEIO;1.577,00;30/10/2025;02:07:54;20;1283-20
CO2;1283;CT-CO2-0;1f94f8ad-7171-b062-c0a5-dbf839ac97e9;CD:E6:D3:07;0;AVIÁRIO MEIO;1.580,00;30/10/2025;02:13:25;20;1283-20
CO2;1283;CT-CO2-0;1f94f8ad-7171-b062-c0a5-dbf839ac97e9;CD:E6:D3:07;0;AVIÁRIO MEIO;1.562,00;30/10/2025;02:18:28;20;1283-20
CO2;1283;CT-CO2-0;1f94f8ad-7171-b062-c0a5-dbf839ac97e9;CD:E6:D3:07;0;AVIÁRIO MEIO;1.548,00;30/10/2025;02:24:00;20;1283-20
CO2;1283;CT-CO2-0;1f94f8ad-7171-b062-c0a5-dbf839ac97e9;CD:E6:D3:07;0;AVIÁRIO MEIO;1.530,00;30/10/2025;02:30:03;20;1283-20
CO2;1283;CT-CO2-0;1f94f8ad-7171-b062-c0a5-dbf839ac97e9;CD:E6:D3:07;0;AVIÁRIO MEIO;1.571,00;30/10/2025;02:34:35;20;1283-20
CO2;1283;CT-CO2-0;1f94f8ad-7171-b062-c0a5-dbf839ac97e9;CD:E6:D3:07;0;AVIÁRIO MEIO;1.586,00;30/10/2025;02:40:07;20;1283-20
CO2;1283;CT-CO2-0;1f94f8ad-7171-b062-c0a5-dbf839ac97e9;CD:E6:D3:07;0;AVIÁRIO MEIO;1.572,00;30/10/2025;02:45:39;20;1283-20
CO2;1283;CT-CO2-0;1f94f8ad-7171-b062-c0a5-dbf839ac97e9;CD:E6:D3:07;0;AVIÁRIO MEIO;1.635,00;30/10/2025;02:50:41;20;1283-20
CO2;1283;CT-CO2-0;1f94f8ad-7171-b062-c0a5-dbf839ac97e9;CD:E6:D3:07;0;AVIÁRIO MEIO;1.618,00;30/10/2025;02:56:14;20;1283-20
CO2;1283;CT-CO2-0;1f94f8ad-7171-b062-c0a5-dbf839ac97e9;CD:E6:D3:07;0;AVIÁRIO MEIO;1.558,00;30/10/2025;03:01:46;20;1283-20
CO2;1283;CT-CO2-0;1f94f8ad-7171-b062-c0a5-dbf839ac97e9;CD:E6:D3:07;0;AVIÁRIO MEIO;1.602,00;30/10/2025;03:07:17;20;1283-20
CO2;1283;CT-CO2-0;1f94f8ad-7171-b062-c0a5-dbf839ac97e9;CD:E6:D3:07;0;AVIÁRIO MEIO;1.596,00;30/10/2025;03:12:20;20;1283-20
CO2;1283;CT-CO2-0;1f94f8ad-7171-b062-c0a5-dbf839ac97e9;CD:E6:D3:07;0;AVIÁRIO MEIO;1.546,00;30/10/2025;03:17:52;20;1283-20
CO2;1283;CT-CO2-0;1f94f8ad-7171-b062-c0a5-dbf839ac97e9;CD:E6:D3:07;0;AVIÁRIO MEIO;1.510,00;30/10/2025;03:23:24;20;1283-20
CO2;1283;CT-CO2-0;1f94f8ad-7171-b062-c0a5-dbf839ac97e9;CD:E6:D3:07;0;AVIÁRIO MEIO;1.566,00;30/10/2025;03:28:26;20;1283-20
CO2;1283;CT-CO2-0;1f94f8ad-7171-b062-c0a5-dbf839ac97e9;CD:E6:D3:07;0;AVIÁRIO MEIO;1.554,00;30/10/2025;03:34:00;20;1283-20
CO2;1283;CT-CO2-0;1f94f8ad-7171-b062-c0a5-dbf839ac97e9;CD:E6:D3:07;0;AVIÁRIO MEIO;1.529,00;30/10/2025;03:40:04;20;1283-20
CO2;1283;CT-CO2-0;1f94f8ad-7171-b062-c0a5-dbf839ac97e9;CD:E6:D3:07;0;AVIÁRIO MEIO;1.587,00;30/10/2025;03:44:35;20;1283-20
CO2;1283;CT-CO2-0;1f94f8ad-7171-b062-c0a5-dbf839ac97e9;CD:E6:D3:07;0;AVIÁRIO MEIO;1.573,00;30/10/2025;03:50:07;20;1283-20
CO2;1283;CT-CO2-0;1f94f8ad-7171-b062-c0a5-dbf839ac97e9;CD:E6:D3:07;0;AVIÁRIO MEIO;1.529,00;30/10/2025;03:55:39;20;1283-20
CO2;1283;CT-CO2-0;1f94f8ad-7171-b062-c0a5-dbf839ac97e9;CD:E6:D3:07;0;AVIÁRIO MEIO;1.511,00;30/10/2025;04:00:41;20;1283-20
CO2;1283;CT-CO2-0;1f94f8ad-7171-b062-c0a5-dbf839ac97e9;CD:E6:D3:07;0;AVIÁRIO MEIO;1.577,00;30/10/2025;04:06:14;20;1283-20
CO2;1283;CT-CO2-0;1f94f8ad-7171-b062-c0a5-dbf839ac97e9;CD:E6:D3:07;0;AVIÁRIO MEIO;1.532,00;30/10/2025;04:11:46;20;1283-20
CO2;1283;CT-CO2-0;1f94f8ad-7171-b062-c0a5-dbf839ac97e9;CD:E6:D3:07;0;AVIÁRIO MEIO;1.529,00;30/10/2025;04:17:18;20;1283-20
CO2;1283;CT-CO2-0;1f94f8ad-7171-b062-c0a5-dbf839ac97e9;CD:E6:D3:07;0;AVIÁRIO MEIO;1.519,00;30/10/2025;04:22:20;20;1283-20
CO2;1283;CT-CO2-0;1f94f8ad-7171-b062-c0a5-dbf839ac97e9;CD:E6:D3:07;0;AVIÁRIO MEIO;1.570,00;30/10/2025;04:27:53;20;1283-20
CO2;1283;CT-CO2-0;1f94f8ad-7171-b062-c0a5-dbf839ac97e9;CD:E6:D3:07;0;AVIÁRIO MEIO;1.603,00;30/10/2025;04:33:25;20;1283-20
CO2;1283;CT-CO2-0;1f94f8ad-7171-b062-c0a5-dbf839ac97e9;CD:E6:D3:07;0;AVIÁRIO MEIO;1.612,00;30/10/2025;04:38:28;20;1283-20
CO2;1283;CT-CO2-0;1f94f8ad-7171-b062-c0a5-dbf839ac97e9;CD:E6:D3:07;0;AVIÁRIO MEIO;1.574,00;30/10/2025;04:44:00;20;1283-20
CO2;1283;CT-CO2-0;1f94f8ad-7171-b062-c0a5-dbf839ac97e9;CD:E6:D3:07;0;AVIÁRIO MEIO;1.590,00;30/10/2025;04:50:05;20;1283-20
CO2;1283;CT-CO2-0;1f94f8ad-7171-b062-c0a5-dbf839ac97e9;CD:E6:D3:07;0;AVIÁRIO MEIO;1.542,00;30/10/2025;04:54:37;20;1283-20
CO2;1283;CT-CO2-0;1f94f8ad-7171-b062-c0a5-dbf839ac97e9;CD:E6:D3:07;0;AVIÁRIO MEIO;1.543,00;30/10/2025;05:00:09;20;1283-20
CO2;1283;CT-CO2-0;1f94f8ad-7171-b062-c0a5-dbf839ac97e9;CD:E6:D3:07;0;AVIÁRIO MEIO;1.554,00;30/10/2025;05:05:41;20;1283-20
CO2;1283;CT-CO2-0;1f94f8ad-7171-b062-c0a5-dbf839ac97e9;CD:E6:D3:07;0;AVIÁRIO MEIO;1.595,00;30/10/2025;05:10:43;20;1283-20
CO2;1283;CT-CO2-0;1f94f8ad-7171-b062-c0a5-dbf839ac97e9;CD:E6:D3:07;0;AVIÁRIO MEIO;1.532,00;30/10/2025;05:16:15;20;1283-20
CO2;1283;CT-CO2-0;1f94f8ad-7171-b062-c0a5-dbf839ac97e9;CD:E6:D3:07;0;AVIÁRIO MEIO;1.561,00;30/10/2025;05:21:47;20;1283-20
CO2;1283;CT-CO2-0;1f94f8ad-7171-b062-c0a5-dbf839ac97e9;CD:E6:D3:07;0;AVIÁRIO MEIO;1.557,00;30/10/2025;05:27:18;20;1283-20
CO2;1283;CT-CO2-0;1f94f8ad-7171-b062-c0a5-dbf839ac97e9;CD:E6:D3:07;0;AVIÁRIO MEIO;1.540,00;30/10/2025;05:32:21;20;1283-20
CO2;1283;CT-CO2-0;1f94f8ad-7171-b062-c0a5-dbf839ac97e9;CD:E6:D3:07;0;AVIÁRIO MEIO;1.528,00;30/10/2025;05:37:52;20;1283-20
CO2;1283;CT-CO2-0;1f94f8ad-7171-b062-c0a5-dbf839ac97e9;CD:E6:D3:07;0;AVIÁRIO MEIO;1.595,00;30/10/2025;05:43:24;20;1283-20
CO2;1283;CT-CO2-0;1f94f8ad-7171-b062-c0a5-dbf839ac97e9;CD:E6:D3:07;0;AVIÁRIO MEIO;1.528,00;30/10/2025;05:48:26;20;1283-20
CO2;1283;CT-CO2-0;1f94f8ad-7171-b062-c0a5-dbf839ac97e9;CD:E6:D3:07;0;AVIÁRIO MEIO;1.514,00;30/10/2025;05:53:58;20;1283-20
CO2;1283;CT-CO2-0;1f94f8ad-7171-b062-c0a5-dbf839ac97e9;CD:E6:D3:07;0;AVIÁRIO MEIO;1.615,00;30/10/2025;06:00:02;20;1283-20
CO2;1283;CT-CO2-0;1f94f8ad-7171-b062-c0a5-dbf839ac97e9;CD:E6:D3:07;0;AVIÁRIO MEIO;1.574,00;30/10/2025;06:05:04;20;1283-20
CO2;1283;CT-CO2-0;1f94f8ad-7171-b062-c0a5-dbf839ac97e9;CD:E6:D3:07;0;AVIÁRIO MEIO;1.525,00;30/10/2025;06:10:06;20;1283-20
CO2;1283;CT-CO2-0;1f94f8ad-7171-b062-c0a5-dbf839ac97e9;CD:E6:D3:07;0;AVIÁRIO MEIO;1.515,00;30/10/2025;06:15:38;20;1283-20
CO2;1283;CT-CO2-0;1f94f8ad-7171-b062-c0a5-dbf839ac97e9;CD:E6:D3:07;0;AVIÁRIO MEIO;1.539,00;30/10/2025;06:21:11;20;1283-20
CO2;1283;CT-CO2-0;1f94f8ad-7171-b062-c0a5-dbf839ac97e9;CD:E6:D3:07;0;AVIÁRIO MEIO;1.571,00;30/10/2025;06:26:13;20;1283-20
CO2;1283;CT-CO2-0;1f94f8ad-7171-b062-c0a5-dbf839ac97e9;CD:E6:D3:07;0;AVIÁRIO MEIO;1.553,00;30/10/2025;06:31:44;20;1283-20
CO2;1283;CT-CO2-0;1f94f8ad-7171-b062-c0a5-dbf839ac97e9;CD:E6:D3:07;0;AVIÁRIO MEIO;1.538,00;30/10/2025;06:37:16;20;1283-20
CO2;1283;CT-CO2-0;1f94f8ad-7171-b062-c0a5-dbf839ac97e9;CD:E6:D3:07;0;AVIÁRIO MEIO;1.517,00;30/10/2025;06:42:18;20;1283-20
CO2;1283;CT-CO2-0;1f94f8ad-7171-b062-c0a5-dbf839ac97e9;CD:E6:D3:07;0;AVIÁRIO MEIO;1.574,00;30/10/2025;06:47:50;20;1283-20
CO2;1283;CT-CO2-0;1f94f8ad-7171-b062-c0a5-dbf839ac97e9;CD:E6:D3:07;0;AVIÁRIO MEIO;1.514,00;30/10/2025;06:58:56;20;1283-20
CO2;1283;CT-CO2-0;1f94f8ad-7171-b062-c0a5-dbf839ac97e9;CD:E6:D3:07;0;AVIÁRIO MEIO;1.462,00;30/10/2025;07:03:59;20;1283-20
CO2;1283;CT-CO2-0;1f94f8ad-7171-b062-c0a5-dbf839ac97e9;CD:E6:D3:07;0;AVIÁRIO MEIO;1.473,00;30/10/2025;07:15:05;20;1283-20
CO2;1283;CT-CO2-0;1f94f8ad-7171-b062-c0a5-dbf839ac97e9;CD:E6:D3:07;0;AVIÁRIO MEIO;1.427,00;30/10/2025;07:20:07;20;1283-20
CO2;1283;CT-CO2-0;1f94f8ad-7171-b062-c0a5-dbf839ac97e9;CD:E6:D3:07;0;AVIÁRIO MEIO;1.500,00;30/10/2025;07:25:39;20;1283-20
CO2;1283;CT-CO2-0;1f94f8ad-7171-b062-c0a5-dbf839ac97e9;CD:E6:D3:07;0;AVIÁRIO MEIO;1.487,00;30/10/2025;07:31:11;20;1283-20
CO2;1283;CT-CO2-0;1f94f8ad-7171-b062-c0a5-dbf839ac97e9;CD:E6:D3:07;0;AVIÁRIO MEIO;1.441,00;30/10/2025;07:36:13;20;1283-20
CO2;1283;CT-CO2-0;1f94f8ad-7171-b062-c0a5-dbf839ac97e9;CD:E6:D3:07;0;AVIÁRIO MEIO;1.415,00;30/10/2025;07:41:45;20;1283-20
CO2;1283;CT-CO2-0;1f94f8ad-7171-b062-c0a5-dbf839ac97e9;CD:E6:D3:07;0;AVIÁRIO MEIO;1.432,00;30/10/2025;07:47:18;20;1283-20
CO2;1283;CT-CO2-0;1f94f8ad-7171-b062-c0a5-dbf839ac97e9;CD:E6:D3:07;0;AVIÁRIO MEIO;1.470,00;30/10/2025;07:52:50;20;1283-20
CO2;1283;CT-CO2-0;1f94f8ad-7171-b062-c0a5-dbf839ac97e9;CD:E6:D3:07;0;AVIÁRIO MEIO;1.464,00;30/10/2025;07:57:54;20;1283-20
CO2;1283;CT-CO2-0;1f94f8ad-7171-b062-c0a5-dbf839ac97e9;CD:E6:D3:07;0;AVIÁRIO MEIO;1.479,00;30/10/2025;08:03:26;20;1283-20
CO2;1283;CT-CO2-0;1f94f8ad-7171-b062-c0a5-dbf839ac97e9;CD:E6:D3:07;0;AVIÁRIO MEIO;1.450,00;30/10/2025;08:08:57;20;1283-20
CO2;1283;CT-CO2-0;1f94f8ad-7171-b062-c0a5-dbf839ac97e9;CD:E6:D3:07;0;AVIÁRIO MEIO;1.429,00;30/10/2025;08:13:59;20;1283-20
CO2;1283;CT-CO2-0;1f94f8ad-7171-b062-c0a5-dbf839ac97e9;CD:E6:D3:07;0;AVIÁRIO MEIO;1.385,00;30/10/2025;08:20:03;20;1283-20
CO2;1283;CT-CO2-0;1f94f8ad-7171-b062-c0a5-dbf839ac97e9;CD:E6:D3:07;0;AVIÁRIO MEIO;1.377,00;30/10/2025;08:25:05;20;1283-20
CO2;1283;CT-CO2-0;1f94f8ad-7171-b062-c0a5-dbf839ac97e9;CD:E6:D3:07;0;AVIÁRIO MEIO;1.404,00;30/10/2025;08:30:08;20;1283-20
CO2;1283;CT-CO2-0;1f94f8ad-7171-b062-c0a5-dbf839ac97e9;CD:E6:D3:07;0;AVIÁRIO MEIO;1.401,00;30/10/2025;08:35:41;20;1283-20
CO2;1283;CT-CO2-0;1f94f8ad-7171-b062-c0a5-dbf839ac97e9;CD:E6:D3:07;0;AVIÁRIO MEIO;1.389,00;30/10/2025;08:41:13;20;1283-20
CO2;1283;CT-CO2-0;1f94f8ad-7171-b062-c0a5-dbf839ac97e9;CD:E6:D3:07;0;AVIÁRIO MEIO;1.372,00;30/10/2025;08:46:45;20;1283-20
CO2;1283;CT-CO2-0;1f94f8ad-7171-b062-c0a5-dbf839ac97e9;CD:E6:D3:07;0;AVIÁRIO MEIO;1.366,00;30/10/2025;08:51:46;20;1283-20
CO2;1283;CT-CO2-0;1f94f8ad-7171-b062-c0a5-dbf839ac97e9;CD:E6:D3:07;0;AVIÁRIO MEIO;1.389,00;30/10/2025;08:57:18;20;1283-20
CO2;1283;CT-CO2-0;1f94f8ad-7171-b062-c0a5-dbf839ac97e9;CD:E6:D3:07;0;AVIÁRIO MEIO;1.342,00;30/10/2025;09:02:50;20;1283-20
CO2;1283;CT-CO2-0;1f94f8ad-7171-b062-c0a5-dbf839ac97e9;CD:E6:D3:07;0;AVIÁRIO MEIO;1.358,00;30/10/2025;09:07:52;20;1283-20
CO2;1283;CT-CO2-0;1f94f8ad-7171-b062-c0a5-dbf839ac97e9;CD:E6:D3:07;0;AVIÁRIO MEIO;1.372,00;30/10/2025;09:13:24;20;1283-20
CO2;1283;CT-CO2-0;1f94f8ad-7171-b062-c0a5-dbf839ac97e9;CD:E6:D3:07;0;AVIÁRIO MEIO;1.335,00;30/10/2025;09:18:56;20;1283-20
CO2;1283;CT-CO2-0;1f94f8ad-7171-b062-c0a5-dbf839ac97e9;CD:E6:D3:07;0;AVIÁRIO MEIO;1.296,00;30/10/2025;09:23:58;20;1283-20
CO2;1283;CT-CO2-0;1f94f8ad-7171-b062-c0a5-dbf839ac97e9;CD:E6:D3:07;0;AVIÁRIO MEIO;1.308,00;30/10/2025;09:30:02;20;1283-20
CO2;1283;CT-CO2-0;1f94f8ad-7171-b062-c0a5-dbf839ac97e9;CD:E6:D3:07;0;AVIÁRIO MEIO;1.311,00;30/10/2025;09:35:04;20;1283-20
CO2;1283;CT-CO2-0;1f94f8ad-7171-b062-c0a5-dbf839ac97e9;CD:E6:D3:07;0;AVIÁRIO MEIO;1.308,00;30/10/2025;09:40:36;20;1283-20
CO2;1283;CT-CO2-0;1f94f8ad-7171-b062-c0a5-dbf839ac97e9;CD:E6:D3:07;0;AVIÁRIO MEIO;1.319,00;30/10/2025;09:45:38;20;1283-20
CO2;1283;CT-CO2-0;1f94f8ad-7171-b062-c0a5-dbf839ac97e9;CD:E6:D3:07;0;AVIÁRIO MEIO;1.318,00;30/10/2025;09:51:11;20;1283-20
CO2;1283;CT-CO2-0;1f94f8ad-7171-b062-c0a5-dbf839ac97e9;CD:E6:D3:07;0;AVIÁRIO MEIO;1.313,00;30/10/2025;09:56:43;20;1283-20
CO2;1283;CT-CO2-0;1f94f8ad-7171-b062-c0a5-dbf839ac97e9;CD:E6:D3:07;0;AVIÁRIO MEIO;1.332,00;30/10/2025;10:01:46;20;1283-20
CO2;1283;CT-CO2-0;1f94f8ad-7171-b062-c0a5-dbf839ac97e9;CD:E6:D3:07;0;AVIÁRIO MEIO;1.340,00;30/10/2025;10:07:19;20;1283-20
CO2;1283;CT-CO2-0;1f94f8ad-7171-b062-c0a5-dbf839ac97e9;CD:E6:D3:07;0;AVIÁRIO MEIO;1.326,00;30/10/2025;10:12:51;20;1283-20
CO2;1283;CT-CO2-0;1f94f8ad-7171-b062-c0a5-dbf839ac97e9;CD:E6:D3:07;0;AVIÁRIO MEIO;1.335,00;30/10/2025;10:17:53;20;1283-20
CO2;1283;CT-CO2-0;1f94f8ad-7171-b062-c0a5-dbf839ac97e9;CD:E6:D3:07;0;AVIÁRIO MEIO;1.357,00;30/10/2025;10:23:30;20;1283-20
CO2;1283;CT-CO2-0;1f94f8ad-7171-b062-c0a5-dbf839ac97e9;CD:E6:D3:07;0;AVIÁRIO MEIO;1.334,00;30/10/2025;10:29:02;20;1283-20
CO2;1283;CT-CO2-0;1f94f8ad-7171-b062-c0a5-dbf839ac97e9;CD:E6:D3:07;0;AVIÁRIO MEIO;1.322,00;30/10/2025;10:34:04;20;1283-20
CO2;1283;CT-CO2-0;1f94f8ad-7171-b062-c0a5-dbf839ac97e9;CD:E6:D3:07;0;AVIÁRIO MEIO;1.330,00;30/10/2025;10:40:09;20;1283-20
CO2;1283;CT-CO2-0;1f94f8ad-7171-b062-c0a5-dbf839ac97e9;CD:E6:D3:07;0;AVIÁRIO MEIO;1.218,00;30/10/2025;10:45:10;20;1283-20
CO2;1283;CT-CO2-0;1f94f8ad-7171-b062-c0a5-dbf839ac97e9;CD:E6:D3:07;0;AVIÁRIO MEIO;1.268,00;30/10/2025;10:50:12;20;1283-20
CO2;1283;CT-CO2-0;1f94f8ad-7171-b062-c0a5-dbf839ac97e9;CD:E6:D3:07;0;AVIÁRIO MEIO;1.213,00;30/10/2025;10:55:45;20;1283-20
CO2;1283;CT-CO2-0;1f94f8ad-7171-b062-c0a5-dbf839ac97e9;CD:E6:D3:07;0;AVIÁRIO MEIO;1.236,00;30/10/2025;11:01:17;20;1283-20
CO2;1283;CT-CO2-0;1f94f8ad-7171-b062-c0a5-dbf839ac97e9;CD:E6:D3:07;0;AVIÁRIO MEIO;1.127,00;30/10/2025;11:06:48;20;1283-20
CO2;1283;CT-CO2-0;1f94f8ad-7171-b062-c0a5-dbf839ac97e9;CD:E6:D3:07;0;AVIÁRIO MEIO;1.263,00;30/10/2025;11:11:50;20;1283-20
CO2;1283;CT-CO2-0;1f94f8ad-7171-b062-c0a5-dbf839ac97e9;CD:E6:D3:07;0;AVIÁRIO MEIO;1.093,00;30/10/2025;11:17:22;20;1283-20
CO2;1283;CT-CO2-0;1f94f8ad-7171-b062-c0a5-dbf839ac97e9;CD:E6:D3:07;0;AVIÁRIO MEIO;1.207,00;30/10/2025;11:22:55;20;1283-20
CO2;1283;CT-CO2-0;1f94f8ad-7171-b062-c0a5-dbf839ac97e9;CD:E6:D3:07;0;AVIÁRIO MEIO;1.066,00;30/10/2025;11:27:57;20;1283-20
CO2;1283;CT-CO2-0;1f94f8ad-7171-b062-c0a5-dbf839ac97e9;CD:E6:D3:07;0;AVIÁRIO MEIO;1.145,00;30/10/2025;11:33:29;20;1283-20
CO2;1283;CT-CO2-0;1f94f8ad-7171-b062-c0a5-dbf839ac97e9;CD:E6:D3:07;0;AVIÁRIO MEIO;1.055,00;30/10/2025;11:39:02;20;1283-20
CO2;1283;CT-CO2-0;1f94f8ad-7171-b062-c0a5-dbf839ac97e9;CD:E6:D3:07;0;AVIÁRIO MEIO;1.029,00;30/10/2025;11:44:05;20;1283-20
CO2;1283;CT-CO2-0;1f94f8ad-7171-b062-c0a5-dbf839ac97e9;CD:E6:D3:07;0;AVIÁRIO MEIO;1.051,00;30/10/2025;11:50:10;20;1283-20
CO2;1283;CT-CO2-0;1f94f8ad-7171-b062-c0a5-dbf839ac97e9;CD:E6:D3:07;0;AVIÁRIO MEIO;924,00;30/10/2025;11:55:12;20;1283-20
CO2;1283;CT-CO2-0;1f94f8ad-7171-b062-c0a5-dbf839ac97e9;CD:E6:D3:07;0;AVIÁRIO MEIO;1.022,00;30/10/2025;12:00:14;20;1283-20
CO2;1283;CT-CO2-0;1f94f8ad-7171-b062-c0a5-dbf839ac97e9;CD:E6:D3:07;0;AVIÁRIO MEIO;961,00;30/10/2025;12:05:46;20;1283-20
CO2;1283;CT-CO2-0;1f94f8ad-7171-b062-c0a5-dbf839ac97e9;CD:E6:D3:07;0;AVIÁRIO MEIO;942,00;30/10/2025;12:11:18;20;1283-20
CO2;1283;CT-CO2-0;1f94f8ad-7171-b062-c0a5-dbf839ac97e9;CD:E6:D3:07;0;AVIÁRIO MEIO;1.014,00;30/10/2025;12:16:50;20;1283-20
CO2;1283;CT-CO2-0;1f94f8ad-7171-b062-c0a5-dbf839ac97e9;CD:E6:D3:07;0;AVIÁRIO MEIO;821,00;30/10/2025;12:21:51;20;1283-20
CO2;1283;CT-CO2-0;1f94f8ad-7171-b062-c0a5-dbf839ac97e9;CD:E6:D3:07;0;AVIÁRIO MEIO;779,00;30/10/2025;12:27:23;20;1283-20
CO2;1283;CT-CO2-0;1f94f8ad-7171-b062-c0a5-dbf839ac97e9;CD:E6:D3:07;0;AVIÁRIO MEIO;779,00;30/10/2025;12:32:55;20;1283-20
CO2;1283;CT-CO2-0;1f94f8ad-7171-b062-c0a5-dbf839ac97e9;CD:E6:D3:07;0;AVIÁRIO MEIO;804,00;30/10/2025;12:37:57;20;1283-20
CO2;1283;CT-CO2-0;1f94f8ad-7171-b062-c0a5-dbf839ac97e9;CD:E6:D3:07;0;AVIÁRIO MEIO;792,00;30/10/2025;12:43:34;20;1283-20
CO2;1283;CT-CO2-0;1f94f8ad-7171-b062-c0a5-dbf839ac97e9;CD:E6:D3:07;0;AVIÁRIO MEIO;803,00;30/10/2025;12:49:06;20;1283-20
CO2;1283;CT-CO2-0;1f94f8ad-7171-b062-c0a5-dbf839ac97e9;CD:E6:D3:07;0;AVIÁRIO MEIO;780,00;30/10/2025;12:54:09;20;1283-20
CO2;1283;CT-CO2-0;1f94f8ad-7171-b062-c0a5-dbf839ac97e9;CD:E6:D3:07;0;AVIÁRIO MEIO;780,00;30/10/2025;13:00:13;20;1283-20
CO2;1283;CT-CO2-0;1f94f8ad-7171-b062-c0a5-dbf839ac97e9;CD:E6:D3:07;0;AVIÁRIO MEIO;774,00;30/10/2025;13:05:15;20;1283-20
CO2;1283;CT-CO2-0;1f94f8ad-7171-b062-c0a5-dbf839ac97e9;CD:E6:D3:07;0;AVIÁRIO MEIO;763,00;30/10/2025;13:15:51;20;1283-20
CO2;1283;CT-CO2-0;1f94f8ad-7171-b062-c0a5-dbf839ac97e9;CD:E6:D3:07;0;AVIÁRIO MEIO;783,00;30/10/2025;13:21:24;20;1283-20
CO2;1283;CT-CO2-0;1f94f8ad-7171-b062-c0a5-dbf839ac97e9;CD:E6:D3:07;0;AVIÁRIO MEIO;775,00;30/10/2025;13:26:56;20;1283-20
CO2;1283;CT-CO2-0;1f94f8ad-7171-b062-c0a5-dbf839ac97e9;CD:E6:D3:07;0;AVIÁRIO MEIO;787,00;30/10/2025;13:31:58;20;1283-20
CO2;1283;CT-CO2-0;1f94f8ad-7171-b062-c0a5-dbf839ac97e9;CD:E6:D3:07;0;AVIÁRIO MEIO;782,00;30/10/2025;13:37:31;20;1283-20
CO2;1283;CT-CO2-0;1f94f8ad-7171-b062-c0a5-dbf839ac97e9;CD:E6:D3:07;0;AVIÁRIO MEIO;793,00;30/10/2025;13:43:04;20;1283-20
CO2;1283;CT-CO2-0;1f94f8ad-7171-b062-c0a5-dbf839ac97e9;CD:E6:D3:07;0;AVIÁRIO MEIO;807,00;30/10/2025;13:48:06;20;1283-20
CO2;1283;CT-CO2-0;1f94f8ad-7171-b062-c0a5-dbf839ac97e9;CD:E6:D3:07;0;AVIÁRIO MEIO;783,00;30/10/2025;13:53:38;20;1283-20
CO2;1283;CT-CO2-0;1f94f8ad-7171-b062-c0a5-dbf839ac97e9;CD:E6:D3:07;0;AVIÁRIO MEIO;791,00;30/10/2025;13:59:10;20;1283-20
CO2;1283;CT-CO2-0;1f94f8ad-7171-b062-c0a5-dbf839ac97e9;CD:E6:D3:07;0;AVIÁRIO MEIO;801,00;30/10/2025;14:04:12;20;1283-20
CO2;1283;CT-CO2-0;1f94f8ad-7171-b062-c0a5-dbf839ac97e9;CD:E6:D3:07;0;AVIÁRIO MEIO;773,00;30/10/2025;14:10:21;20;1283-20
CO2;1283;CT-CO2-0;1f94f8ad-7171-b062-c0a5-dbf839ac97e9;CD:E6:D3:07;0;AVIÁRIO MEIO;790,00;30/10/2025;14:20:29;20;1283-20
CO2;1283;CT-CO2-0;1f94f8ad-7171-b062-c0a5-dbf839ac97e9;CD:E6:D3:07;0;AVIÁRIO MEIO;793,00;30/10/2025;14:26:00;20;1283-20
CO2;1283;CT-CO2-0;1f94f8ad-7171-b062-c0a5-dbf839ac97e9;CD:E6:D3:07;0;AVIÁRIO MEIO;791,00;30/10/2025;14:31:32;20;1283-20
CO2;1283;CT-CO2-0;1f94f8ad-7171-b062-c0a5-dbf839ac97e9;CD:E6:D3:07;0;AVIÁRIO MEIO;701,00;30/10/2025;14:36:34;20;1283-20
CO2;1283;CT-CO2-0;1f94f8ad-7171-b062-c0a5-dbf839ac97e9;CD:E6:D3:07;0;AVIÁRIO MEIO;760,00;30/10/2025;14:42:07;20;1283-20
CO2;1283;CT-CO2-0;1f94f8ad-7171-b062-c0a5-dbf839ac97e9;CD:E6:D3:07;0;AVIÁRIO MEIO;786,00;30/10/2025;14:47:40;20;1283-20
CO2;1283;CT-CO2-0;1f94f8ad-7171-b062-c0a5-dbf839ac97e9;CD:E6:D3:07;0;AVIÁRIO MEIO;782,00;30/10/2025;14:52:42;20;1283-20
CO2;1283;CT-CO2-0;1f94f8ad-7171-b062-c0a5-dbf839ac97e9;CD:E6:D3:07;0;AVIÁRIO MEIO;801,00;30/10/2025;14:58:14;20;1283-20
CO2;1283;CT-CO2-0;1f94f8ad-7171-b062-c0a5-dbf839ac97e9;CD:E6:D3:07;0;AVIÁRIO MEIO;808,00;30/10/2025;15:03:46;20;1283-20
CO2;1283;CT-CO2-0;1f94f8ad-7171-b062-c0a5-dbf839ac97e9;CD:E6:D3:07;0;AVIÁRIO MEIO;714,00;30/10/2025;15:08:48;20;1283-20
CO2;1283;CT-CO2-0;1f94f8ad-7171-b062-c0a5-dbf839ac97e9;CD:E6:D3:07;0;AVIÁRIO MEIO;671,00;30/10/2025;15:14:20;20;1283-20
CO2;1283;CT-CO2-0;1f94f8ad-7171-b062-c0a5-dbf839ac97e9;CD:E6:D3:07;0;AVIÁRIO MEIO;762,00;30/10/2025;15:24:56;20;1283-20
CO2;1283;CT-CO2-0;1f94f8ad-7171-b062-c0a5-dbf839ac97e9;CD:E6:D3:07;0;AVIÁRIO MEIO;775,00;30/10/2025;15:30:28;20;1283-20
CO2;1283;CT-CO2-0;1f94f8ad-7171-b062-c0a5-dbf839ac97e9;CD:E6:D3:07;0;AVIÁRIO MEIO;779,00;30/10/2025;15:36:01;20;1283-20
CO2;1283;CT-CO2-0;1f94f8ad-7171-b062-c0a5-dbf839ac97e9;CD:E6:D3:07;0;AVIÁRIO MEIO;782,00;30/10/2025;15:41:03;20;1283-20
CO2;1283;CT-CO2-0;1f94f8ad-7171-b062-c0a5-dbf839ac97e9;CD:E6:D3:07;0;AVIÁRIO MEIO;741,00;30/10/2025;15:46:35;20;1283-20
CO2;1283;CT-CO2-0;1f94f8ad-7171-b062-c0a5-dbf839ac97e9;CD:E6:D3:07;0;AVIÁRIO MEIO;685,00;30/10/2025;15:52:07;20;1283-20
CO2;1283;CT-CO2-0;1f94f8ad-7171-b062-c0a5-dbf839ac97e9;CD:E6:D3:07;0;AVIÁRIO MEIO;680,00;30/10/2025;15:57:08;20;1283-20
CO2;1283;CT-CO2-0;1f94f8ad-7171-b062-c0a5-dbf839ac97e9;CD:E6:D3:07;0;AVIÁRIO MEIO;747,00;30/10/2025;16:02:41;20;1283-20
CO2;1283;CT-CO2-0;1f94f8ad-7171-b062-c0a5-dbf839ac97e9;CD:E6:D3:07;0;AVIÁRIO MEIO;705,00;30/10/2025;16:08:13;20;1283-20
CO2;1283;CT-CO2-0;1f94f8ad-7171-b062-c0a5-dbf839ac97e9;CD:E6:D3:07;0;AVIÁRIO MEIO;660,00;30/10/2025;16:13:15;20;1283-20
CO2;1283;CT-CO2-0;1f94f8ad-7171-b062-c0a5-dbf839ac97e9;CD:E6:D3:07;0;AVIÁRIO MEIO;655,00;30/10/2025;16:18:47;20;1283-20
CO2;1283;CT-CO2-0;1f94f8ad-7171-b062-c0a5-dbf839ac97e9;CD:E6:D3:07;0;AVIÁRIO MEIO;680,00;30/10/2025;16:24:19;20;1283-20
CO2;1283;CT-CO2-0;1f94f8ad-7171-b062-c0a5-dbf839ac97e9;CD:E6:D3:07;0;AVIÁRIO MEIO;670,00;30/10/2025;16:29:54;20;1283-20
CO2;1283;CT-CO2-0;1f94f8ad-7171-b062-c0a5-dbf839ac97e9;CD:E6:D3:07;0;AVIÁRIO MEIO;706,00;30/10/2025;16:34:55;20;1283-20
CO2;1283;CT-CO2-0;1f94f8ad-7171-b062-c0a5-dbf839ac97e9;CD:E6:D3:07;0;AVIÁRIO MEIO;775,00;30/10/2025;16:39:57;20;1283-20
CO2;1283;CT-CO2-0;1f94f8ad-7171-b062-c0a5-dbf839ac97e9;CD:E6:D3:07;0;AVIÁRIO MEIO;799,00;30/10/2025;16:45:29;20;1283-20
CO2;1283;CT-CO2-0;1f94f8ad-7171-b062-c0a5-dbf839ac97e9;CD:E6:D3:07;0;AVIÁRIO MEIO;800,00;30/10/2025;16:51:01;20;1283-20
CO2;1283;CT-CO2-0;1f94f8ad-7171-b062-c0a5-dbf839ac97e9;CD:E6:D3:07;0;AVIÁRIO MEIO;1.008,00;30/10/2025;17:01:35;20;1283-20
CO2;1283;CT-CO2-0;1f94f8ad-7171-b062-c0a5-dbf839ac97e9;CD:E6:D3:07;0;AVIÁRIO MEIO;997,00;30/10/2025;17:07:07;20;1283-20
CO2;1283;CT-CO2-0;1f94f8ad-7171-b062-c0a5-dbf839ac97e9;CD:E6:D3:07;0;AVIÁRIO MEIO;1.142,00;30/10/2025;17:12:40;20;1283-20
CO2;1283;CT-CO2-0;1f94f8ad-7171-b062-c0a5-dbf839ac97e9;CD:E6:D3:07;0;AVIÁRIO MEIO;1.046,00;30/10/2025;17:17:42;20;1283-20
CO2;1283;CT-CO2-0;1f94f8ad-7171-b062-c0a5-dbf839ac97e9;CD:E6:D3:07;0;AVIÁRIO MEIO;1.184,00;30/10/2025;17:23:15;20;1283-20
CO2;1283;CT-CO2-0;1f94f8ad-7171-b062-c0a5-dbf839ac97e9;CD:E6:D3:07;0;AVIÁRIO MEIO;1.186,00;30/10/2025;17:28:47;20;1283-20
CO2;1283;CT-CO2-0;1f94f8ad-7171-b062-c0a5-dbf839ac97e9;CD:E6:D3:07;0;AVIÁRIO MEIO;1.179,00;30/10/2025;17:33:49;20;1283-20
CO2;1283;CT-CO2-0;1f94f8ad-7171-b062-c0a5-dbf839ac97e9;CD:E6:D3:07;0;AVIÁRIO MEIO;1.247,00;30/10/2025;17:39:54;20;1283-20
CO2;1283;CT-CO2-0;1f94f8ad-7171-b062-c0a5-dbf839ac97e9;CD:E6:D3:07;0;AVIÁRIO MEIO;1.298,00;30/10/2025;17:44:56;20;1283-20
CO2;1283;CT-CO2-0;1f94f8ad-7171-b062-c0a5-dbf839ac97e9;CD:E6:D3:07;0;AVIÁRIO MEIO;1.194,00;30/10/2025;17:49:58;20;1283-20
CO2;1283;CT-CO2-0;1f94f8ad-7171-b062-c0a5-dbf839ac97e9;CD:E6:D3:07;0;AVIÁRIO MEIO;1.277,00;30/10/2025;17:55:30;20;1283-20
CO2;1283;CT-CO2-0;1f94f8ad-7171-b062-c0a5-dbf839ac97e9;CD:E6:D3:07;0;AVIÁRIO MEIO;1.337,00;30/10/2025;18:01:02;20;1283-20
CO2;1283;CT-CO2-0;1f94f8ad-7171-b062-c0a5-dbf839ac97e9;CD:E6:D3:07;0;AVIÁRIO MEIO;1.233,00;30/10/2025;18:06:04;20;1283-20
CO2;1283;CT-CO2-0;1f94f8ad-7171-b062-c0a5-dbf839ac97e9;CD:E6:D3:07;0;AVIÁRIO MEIO;1.114,00;30/10/2025;18:11:36;20;1283-20
CO2;1283;CT-CO2-0;1f94f8ad-7171-b062-c0a5-dbf839ac97e9;CD:E6:D3:07;0;AVIÁRIO MEIO;1.192,00;30/10/2025;18:17:08;20;1283-20
CO2;1283;CT-CO2-0;1f94f8ad-7171-b062-c0a5-dbf839ac97e9;CD:E6:D3:07;0;AVIÁRIO MEIO;1.208,00;30/10/2025;18:22:40;20;1283-20
CO2;1283;CT-CO2-0;1f94f8ad-7171-b062-c0a5-dbf839ac97e9;CD:E6:D3:07;0;AVIÁRIO MEIO;1.115,00;30/10/2025;18:27:43;20;1283-20
CO2;1283;CT-CO2-0;1f94f8ad-7171-b062-c0a5-dbf839ac97e9;CD:E6:D3:07;0;AVIÁRIO MEIO;1.073,00;30/10/2025;18:33:16;20;1283-20
CO2;1283;CT-CO2-0;1f94f8ad-7171-b062-c0a5-dbf839ac97e9;CD:E6:D3:07;0;AVIÁRIO MEIO;1.067,00;30/10/2025;18:38:48;20;1283-20
CO2;1283;CT-CO2-0;1f94f8ad-7171-b062-c0a5-dbf839ac97e9;CD:E6:D3:07;0;AVIÁRIO MEIO;1.045,00;30/10/2025;18:43:50;20;1283-20
CO2;1283;CT-CO2-0;1f94f8ad-7171-b062-c0a5-dbf839ac97e9;CD:E6:D3:07;0;AVIÁRIO MEIO;1.052,00;30/10/2025;18:49:55;20;1283-20
CO2;1283;CT-CO2-0;1f94f8ad-7171-b062-c0a5-dbf839ac97e9;CD:E6:D3:07;0;AVIÁRIO MEIO;1.074,00;30/10/2025;18:54:58;20;1283-20
CO2;1283;CT-CO2-0;1f94f8ad-7171-b062-c0a5-dbf839ac97e9;CD:E6:D3:07;0;AVIÁRIO MEIO;1.050,00;30/10/2025;19:00:00;20;1283-20
CO2;1283;CT-CO2-0;1f94f8ad-7171-b062-c0a5-dbf839ac97e9;CD:E6:D3:07;0;AVIÁRIO MEIO;1.162,00;30/10/2025;19:05:33;20;1283-20
CO2;1283;CT-CO2-0;1f94f8ad-7171-b062-c0a5-dbf839ac97e9;CD:E6:D3:07;0;AVIÁRIO MEIO;1.081,00;30/10/2025;19:16:12;20;1283-20
CO2;1283;CT-CO2-0;1f94f8ad-7171-b062-c0a5-dbf839ac97e9;CD:E6:D3:07;0;AVIÁRIO MEIO;1.065,00;30/10/2025;19:21:44;20;1283-20
CO2;1283;CT-CO2-0;1f94f8ad-7171-b062-c0a5-dbf839ac97e9;CD:E6:D3:07;0;AVIÁRIO MEIO;1.106,00;30/10/2025;19:26:46;20;1283-20
CO2;1283;CT-CO2-0;1f94f8ad-7171-b062-c0a5-dbf839ac97e9;CD:E6:D3:07;0;AVIÁRIO MEIO;1.129,00;30/10/2025;19:32:18;20;1283-20
CO2;1283;CT-CO2-0;1f94f8ad-7171-b062-c0a5-dbf839ac97e9;CD:E6:D3:07;0;AVIÁRIO MEIO;1.099,00;30/10/2025;19:37:51;20;1283-20
CO2;1283;CT-CO2-0;1f94f8ad-7171-b062-c0a5-dbf839ac97e9;CD:E6:D3:07;0;AVIÁRIO MEIO;1.148,00;30/10/2025;19:43:23;20;1283-20
CO2;1283;CT-CO2-0;1f94f8ad-7171-b062-c0a5-dbf839ac97e9;CD:E6:D3:07;0;AVIÁRIO MEIO;1.152,00;30/10/2025;19:48:25;20;1283-20
CO2;1283;CT-CO2-0;1f94f8ad-7171-b062-c0a5-dbf839ac97e9;CD:E6:D3:07;0;AVIÁRIO MEIO;1.155,00;30/10/2025;19:53:57;20;1283-20
CO2;1283;CT-CO2-0;1f94f8ad-7171-b062-c0a5-dbf839ac97e9;CD:E6:D3:07;0;AVIÁRIO MEIO;1.144,00;30/10/2025;20:00:00;20;1283-20
CO2;1283;CT-CO2-0;1f94f8ad-7171-b062-c0a5-dbf839ac97e9;CD:E6:D3:07;0;AVIÁRIO MEIO;1.167,00;30/10/2025;20:04:33;20;1283-20
CO2;1283;CT-CO2-0;1f94f8ad-7171-b062-c0a5-dbf839ac97e9;CD:E6:D3:07;0;AVIÁRIO MEIO;1.138,00;30/10/2025;20:10:05;20;1283-20
CO2;1283;CT-CO2-0;1f94f8ad-7171-b062-c0a5-dbf839ac97e9;CD:E6:D3:07;0;AVIÁRIO MEIO;1.167,00;30/10/2025;20:15:38;20;1283-20
CO2;1283;CT-CO2-0;1f94f8ad-7171-b062-c0a5-dbf839ac97e9;CD:E6:D3:07;0;AVIÁRIO MEIO;1.129,00;30/10/2025;20:20:40;20;1283-20
CO2;1283;CT-CO2-0;1f94f8ad-7171-b062-c0a5-dbf839ac97e9;CD:E6:D3:07;0;AVIÁRIO MEIO;1.161,00;30/10/2025;20:26:12;20;1283-20
CO2;1283;CT-CO2-0;1f94f8ad-7171-b062-c0a5-dbf839ac97e9;CD:E6:D3:07;0;AVIÁRIO MEIO;1.136,00;30/10/2025;20:31:44;20;1283-20
CO2;1283;CT-CO2-0;1f94f8ad-7171-b062-c0a5-dbf839ac97e9;CD:E6:D3:07;0;AVIÁRIO MEIO;1.147,00;30/10/2025;20:36:46;20;1283-20
CO2;1283;CT-CO2-0;1f94f8ad-7171-b062-c0a5-dbf839ac97e9;CD:E6:D3:07;0;AVIÁRIO MEIO;1.154,00;30/10/2025;20:42:23;20;1283-20
CO2;1283;CT-CO2-0;1f94f8ad-7171-b062-c0a5-dbf839ac97e9;CD:E6:D3:07;0;AVIÁRIO MEIO;1.175,00;30/10/2025;20:47:55;20;1283-20
CO2;1283;CT-CO2-0;1f94f8ad-7171-b062-c0a5-dbf839ac97e9;CD:E6:D3:07;0;AVIÁRIO MEIO;1.142,00;30/10/2025;20:52:57;20;1283-20
CO2;1283;CT-CO2-0;1f94f8ad-7171-b062-c0a5-dbf839ac97e9;CD:E6:D3:07;0;AVIÁRIO MEIO;1.143,00;30/10/2025;20:58:30;20;1283-20
CO2;1283;CT-CO2-0;1f94f8ad-7171-b062-c0a5-dbf839ac97e9;CD:E6:D3:07;0;AVIÁRIO MEIO;1.162,00;30/10/2025;21:06:33;20;1283-20
CO2;1283;CT-CO2-0;1f94f8ad-7171-b062-c0a5-dbf839ac97e9;CD:E6:D3:07;0;AVIÁRIO MEIO;1.140,00;30/10/2025;21:11:45;20;1283-20
CO2;1283;CT-CO2-0;1f94f8ad-7171-b062-c0a5-dbf839ac97e9;CD:E6:D3:07;0;AVIÁRIO MEIO;1.204,00;30/10/2025;21:17:17;20;1283-20
CO2;1283;CT-CO2-0;1f94f8ad-7171-b062-c0a5-dbf839ac97e9;CD:E6:D3:07;0;AVIÁRIO MEIO;1.197,00;30/10/2025;21:22:20;20;1283-20
CO2;1283;CT-CO2-0;1f94f8ad-7171-b062-c0a5-dbf839ac97e9;CD:E6:D3:07;0;AVIÁRIO MEIO;1.131,00;30/10/2025;21:27:52;20;1283-20
CO2;1283;CT-CO2-0;1f94f8ad-7171-b062-c0a5-dbf839ac97e9;CD:E6:D3:07;0;AVIÁRIO MEIO;1.204,00;30/10/2025;21:33:24;20;1283-20
CO2;1283;CT-CO2-0;1f94f8ad-7171-b062-c0a5-dbf839ac97e9;CD:E6:D3:07;0;AVIÁRIO MEIO;1.162,00;30/10/2025;21:43:58;20;1283-20
CO2;1283;CT-CO2-0;1f94f8ad-7171-b062-c0a5-dbf839ac97e9;CD:E6:D3:07;0;AVIÁRIO MEIO;1.133,00;30/10/2025;21:49:30;20;1283-20
CO2;1283;CT-CO2-0;1f94f8ad-7171-b062-c0a5-dbf839ac97e9;CD:E6:D3:07;0;AVIÁRIO MEIO;1.213,00;30/10/2025;21:54:32;20;1283-20
CO2;1283;CT-CO2-0;1f94f8ad-7171-b062-c0a5-dbf839ac97e9;CD:E6:D3:07;0;AVIÁRIO MEIO;1.186,00;30/10/2025;22:00:04;20;1283-20
CO2;1283;CT-CO2-0;1f94f8ad-7171-b062-c0a5-dbf839ac97e9;CD:E6:D3:07;0;AVIÁRIO MEIO;1.171,00;30/10/2025;22:10:41;20;1283-20
CO2;1283;CT-CO2-0;1f94f8ad-7171-b062-c0a5-dbf839ac97e9;CD:E6:D3:07;0;AVIÁRIO MEIO;1.187,00;30/10/2025;22:16:44;20;1283-20
CO2;1283;CT-CO2-0;1f94f8ad-7171-b062-c0a5-dbf839ac97e9;CD:E6:D3:07;0;AVIÁRIO MEIO;1.215,00;30/10/2025;22:21:46;20;1283-20
CO2;1283;CT-CO2-0;1f94f8ad-7171-b062-c0a5-dbf839ac97e9;CD:E6:D3:07;0;AVIÁRIO MEIO;1.199,00;30/10/2025;22:27:18;20;1283-20
CO2;1283;CT-CO2-0;1f94f8ad-7171-b062-c0a5-dbf839ac97e9;CD:E6:D3:07;0;AVIÁRIO MEIO;1.230,00;30/10/2025;22:32:20;20;1283-20
CO2;1283;CT-CO2-0;1f94f8ad-7171-b062-c0a5-dbf839ac97e9;CD:E6:D3:07;0;AVIÁRIO MEIO;1.154,00;30/10/2025;22:37:52;20;1283-20
CO2;1283;CT-CO2-0;1f94f8ad-7171-b062-c0a5-dbf839ac97e9;CD:E6:D3:07;0;AVIÁRIO MEIO;1.220,00;30/10/2025;22:43:24;20;1283-20
CO2;1283;CT-CO2-0;1f94f8ad-7171-b062-c0a5-dbf839ac97e9;CD:E6:D3:07;0;AVIÁRIO MEIO;1.179,00;30/10/2025;22:48:28;20;1283-20
CO2;1283;CT-CO2-0;1f94f8ad-7171-b062-c0a5-dbf839ac97e9;CD:E6:D3:07;0;AVIÁRIO MEIO;1.169,00;30/10/2025;22:54:01;20;1283-20
CO2;1283;CT-CO2-0;1f94f8ad-7171-b062-c0a5-dbf839ac97e9;CD:E6:D3:07;0;AVIÁRIO MEIO;1.167,00;30/10/2025;22:59:32;20;1283-20
CO2;1283;CT-CO2-0;1f94f8ad-7171-b062-c0a5-dbf839ac97e9;CD:E6:D3:07;0;AVIÁRIO MEIO;1.161,00;30/10/2025;23:04:35;20;1283-20
CO2;1283;CT-CO2-0;1f94f8ad-7171-b062-c0a5-dbf839ac97e9;CD:E6:D3:07;0;AVIÁRIO MEIO;1.142,00;30/10/2025;23:10:07;20;1283-20
CO2;1283;CT-CO2-0;1f94f8ad-7171-b062-c0a5-dbf839ac97e9;CD:E6:D3:07;0;AVIÁRIO MEIO;1.169,00;30/10/2025;23:15:39;20;1283-20
CO2;1283;CT-CO2-0;1f94f8ad-7171-b062-c0a5-dbf839ac97e9;CD:E6:D3:07;0;AVIÁRIO MEIO;1.135,00;30/10/2025;23:20:41;20;1283-20
CO2;1283;CT-CO2-0;1f94f8ad-7171-b062-c0a5-dbf839ac97e9;CD:E6:D3:07;0;AVIÁRIO MEIO;1.131,00;30/10/2025;23:26:44;20;1283-20
CO2;1283;CT-CO2-0;1f94f8ad-7171-b062-c0a5-dbf839ac97e9;CD:E6:D3:07;0;AVIÁRIO MEIO;1.155,00;30/10/2025;23:31:47;20;1283-20
CO2;1283;CT-CO2-0;1f94f8ad-7171-b062-c0a5-dbf839ac97e9;CD:E6:D3:07;0;AVIÁRIO MEIO;1.152,00;30/10/2025;23:37:18;20;1283-20
CO2;1283;CT-CO2-0;1f94f8ad-7171-b062-c0a5-dbf839ac97e9;CD:E6:D3:07;0;AVIÁRIO MEIO;1.213,00;30/10/2025;23:42:20;20;1283-20
CO2;1283;CT-CO2-0;1f94f8ad-7171-b062-c0a5-dbf839ac97e9;CD:E6:D3:07;0;AVIÁRIO MEIO;1.236,00;30/10/2025;23:47:52;20;1283-20
CO2;1283;CT-CO2-0;1f94f8ad-7171-b062-c0a5-dbf839ac97e9;CD:E6:D3:07;0;AVIÁRIO MEIO;1.217,00;30/10/2025;23:53:24;20;1283-20
CO2;1283;CT-CO2-0;1f94f8ad-7171-b062-c0a5-dbf839ac97e9;CD:E6:D3:07;0;AVIÁRIO MEIO;1.223,00;30/10/2025;23:58:28;20;1283-20
CO2;1283;CT-CO2-0;1f94f8ad-7171-b062-c0a5-dbf839ac97e9;CD:E6:D3:07;0;AVIÁRIO MEIO;1.210,00;31/10/2025;00:04:00;20;1283-20
CO2;1283;CT-CO2-0;1f94f8ad-7171-b062-c0a5-dbf839ac97e9;CD:E6:D3:07;0;AVIÁRIO MEIO;1.214,00;31/10/2025;00:09:32;20;1283-20
CO2;1283;CT-CO2-0;1f94f8ad-7171-b062-c0a5-dbf839ac97e9;CD:E6:D3:07;0;AVIÁRIO MEIO;1.217,00;31/10/2025;00:14:34;20;1283-20
CO2;1283;CT-CO2-0;1f94f8ad-7171-b062-c0a5-dbf839ac97e9;CD:E6:D3:07;0;AVIÁRIO MEIO;1.197,00;31/10/2025;00:20:08;20;1283-20
CO2;1283;CT-CO2-0;1f94f8ad-7171-b062-c0a5-dbf839ac97e9;CD:E6:D3:07;0;AVIÁRIO MEIO;1.251,00;31/10/2025;00:25:42;20;1283-20
CO2;1283;CT-CO2-0;1f94f8ad-7171-b062-c0a5-dbf839ac97e9;CD:E6:D3:07;0;AVIÁRIO MEIO;1.283,00;31/10/2025;00:30:44;20;1283-20
CO2;1283;CT-CO2-0;1f94f8ad-7171-b062-c0a5-dbf839ac97e9;CD:E6:D3:07;0;AVIÁRIO MEIO;1.237,00;31/10/2025;00:36:48;20;1283-20
CO2;1283;CT-CO2-0;1f94f8ad-7171-b062-c0a5-dbf839ac97e9;CD:E6:D3:07;0;AVIÁRIO MEIO;1.217,00;31/10/2025;00:41:50;20;1283-20
CO2;1283;CT-CO2-0;1f94f8ad-7171-b062-c0a5-dbf839ac97e9;CD:E6:D3:07;0;AVIÁRIO MEIO;1.235,00;31/10/2025;00:46:52;20;1283-20
CO2;1283;CT-CO2-0;1f94f8ad-7171-b062-c0a5-dbf839ac97e9;CD:E6:D3:07;0;AVIÁRIO MEIO;1.220,00;31/10/2025;00:52:24;20;1283-20
CO2;1283;CT-CO2-0;1f94f8ad-7171-b062-c0a5-dbf839ac97e9;CD:E6:D3:07;0;AVIÁRIO MEIO;1.222,00;31/10/2025;00:57:56;20;1283-20
CO2;1283;CT-CO2-0;1f94f8ad-7171-b062-c0a5-dbf839ac97e9;CD:E6:D3:07;0;AVIÁRIO MEIO;1.240,00;31/10/2025;01:03:28;20;1283-20
CO2;1283;CT-CO2-0;1f94f8ad-7171-b062-c0a5-dbf839ac97e9;CD:E6:D3:07;0;AVIÁRIO MEIO;1.199,00;31/10/2025;01:08:30;20;1283-20
CO2;1283;CT-CO2-0;1f94f8ad-7171-b062-c0a5-dbf839ac97e9;CD:E6:D3:07;0;AVIÁRIO MEIO;1.209,00;31/10/2025;01:14:02;20;1283-20
CO2;1283;CT-CO2-0;1f94f8ad-7171-b062-c0a5-dbf839ac97e9;CD:E6:D3:07;0;AVIÁRIO MEIO;1.200,00;31/10/2025;01:19:34;20;1283-20
CO2;1283;CT-CO2-0;1f94f8ad-7171-b062-c0a5-dbf839ac97e9;CD:E6:D3:07;0;AVIÁRIO MEIO;1.192,00;31/10/2025;01:24:36;20;1283-20
CO2;1283;CT-CO2-0;1f94f8ad-7171-b062-c0a5-dbf839ac97e9;CD:E6:D3:07;0;AVIÁRIO MEIO;1.198,00;31/10/2025;01:30:08;20;1283-20
CO2;1283;CT-CO2-0;1f94f8ad-7171-b062-c0a5-dbf839ac97e9;CD:E6:D3:07;0;AVIÁRIO MEIO;1.172,00;31/10/2025;01:35:40;20;1283-20
CO2;1283;CT-CO2-0;1f94f8ad-7171-b062-c0a5-dbf839ac97e9;CD:E6:D3:07;0;AVIÁRIO MEIO;1.201,00;31/10/2025;01:41:12;20;1283-20
CO2;1283;CT-CO2-0;1f94f8ad-7171-b062-c0a5-dbf839ac97e9;CD:E6:D3:07;0;AVIÁRIO MEIO;1.181,00;31/10/2025;01:46:46;20;1283-20
CO2;1283;CT-CO2-0;1f94f8ad-7171-b062-c0a5-dbf839ac97e9;CD:E6:D3:07;0;AVIÁRIO MEIO;1.145,00;31/10/2025;01:51:48;20;1283-20
CO2;1283;CT-CO2-0;1f94f8ad-7171-b062-c0a5-dbf839ac97e9;CD:E6:D3:07;0;AVIÁRIO MEIO;1.191,00;31/10/2025;01:57:20;20;1283-20
CO2;1283;CT-CO2-0;1f94f8ad-7171-b062-c0a5-dbf839ac97e9;CD:E6:D3:07;0;AVIÁRIO MEIO;1.159,00;31/10/2025;02:02:22;20;1283-20
CO2;1283;CT-CO2-0;1f94f8ad-7171-b062-c0a5-dbf839ac97e9;CD:E6:D3:07;0;AVIÁRIO MEIO;1.162,00;31/10/2025;02:07:53;20;1283-20
CO2;1283;CT-CO2-0;1f94f8ad-7171-b062-c0a5-dbf839ac97e9;CD:E6:D3:07;0;AVIÁRIO MEIO;1.169,00;31/10/2025;02:13:26;20;1283-20
CO2;1283;CT-CO2-0;1f94f8ad-7171-b062-c0a5-dbf839ac97e9;CD:E6:D3:07;0;AVIÁRIO MEIO;1.159,00;31/10/2025;02:18:28;20;1283-20
CO2;1283;CT-CO2-0;1f94f8ad-7171-b062-c0a5-dbf839ac97e9;CD:E6:D3:07;0;AVIÁRIO MEIO;1.165,00;31/10/2025;02:24:00;20;1283-20
CO2;1283;CT-CO2-0;1f94f8ad-7171-b062-c0a5-dbf839ac97e9;CD:E6:D3:07;0;AVIÁRIO MEIO;1.144,00;31/10/2025;02:29:32;20;1283-20
CO2;1283;CT-CO2-0;1f94f8ad-7171-b062-c0a5-dbf839ac97e9;CD:E6:D3:07;0;AVIÁRIO MEIO;1.106,00;31/10/2025;02:35:04;20;1283-20
CO2;1283;CT-CO2-0;1f94f8ad-7171-b062-c0a5-dbf839ac97e9;CD:E6:D3:07;0;AVIÁRIO MEIO;1.154,00;31/10/2025;02:40:08;20;1283-20
CO2;1283;CT-CO2-0;1f94f8ad-7171-b062-c0a5-dbf839ac97e9;CD:E6:D3:07;0;AVIÁRIO MEIO;1.147,00;31/10/2025;02:45:40;20;1283-20
CO2;1283;CT-CO2-0;1f94f8ad-7171-b062-c0a5-dbf839ac97e9;CD:E6:D3:07;0;AVIÁRIO MEIO;1.123,00;31/10/2025;02:51:12;20;1283-20
CO2;1283;CT-CO2-0;1f94f8ad-7171-b062-c0a5-dbf839ac97e9;CD:E6:D3:07;0;AVIÁRIO MEIO;1.133,00;31/10/2025;02:56:47;20;1283-20
CO2;1283;CT-CO2-0;1f94f8ad-7171-b062-c0a5-dbf839ac97e9;CD:E6:D3:07;0;AVIÁRIO MEIO;1.112,00;31/10/2025;03:01:50;20;1283-20
CO2;1283;CT-CO2-0;1f94f8ad-7171-b062-c0a5-dbf839ac97e9;CD:E6:D3:07;0;AVIÁRIO MEIO;1.132,00;31/10/2025;03:07:22;20;1283-20
CO2;1283;CT-CO2-0;1f94f8ad-7171-b062-c0a5-dbf839ac97e9;CD:E6:D3:07;0;AVIÁRIO MEIO;1.137,00;31/10/2025;03:12:24;20;1283-20
CO2;1283;CT-CO2-0;1f94f8ad-7171-b062-c0a5-dbf839ac97e9;CD:E6:D3:07;0;AVIÁRIO MEIO;1.087,00;31/10/2025;03:17:56;20;1283-20
CO2;1283;CT-CO2-0;1f94f8ad-7171-b062-c0a5-dbf839ac97e9;CD:E6:D3:07;0;AVIÁRIO MEIO;1.136,00;31/10/2025;03:23:28;20;1283-20
CO2;1283;CT-CO2-0;1f94f8ad-7171-b062-c0a5-dbf839ac97e9;CD:E6:D3:07;0;AVIÁRIO MEIO;1.116,00;31/10/2025;03:29:02;20;1283-20
CO2;1283;CT-CO2-0;1f94f8ad-7171-b062-c0a5-dbf839ac97e9;CD:E6:D3:07;0;AVIÁRIO MEIO;1.115,00;31/10/2025;03:34:04;20;1283-20
CO2;1283;CT-CO2-0;1f94f8ad-7171-b062-c0a5-dbf839ac97e9;CD:E6:D3:07;0;AVIÁRIO MEIO;1.137,00;31/10/2025;03:39:36;20;1283-20
CO2;1283;CT-CO2-0;1f94f8ad-7171-b062-c0a5-dbf839ac97e9;CD:E6:D3:07;0;AVIÁRIO MEIO;1.089,00;31/10/2025;03:45:09;20;1283-20
CO2;1283;CT-CO2-0;1f94f8ad-7171-b062-c0a5-dbf839ac97e9;CD:E6:D3:07;0;AVIÁRIO MEIO;1.150,00;31/10/2025;03:50:11;20;1283-20
CO2;1283;CT-CO2-0;1f94f8ad-7171-b062-c0a5-dbf839ac97e9;CD:E6:D3:07;0;AVIÁRIO MEIO;1.129,00;31/10/2025;03:55:43;20;1283-20
CO2;1283;CT-CO2-0;1f94f8ad-7171-b062-c0a5-dbf839ac97e9;CD:E6:D3:07;0;AVIÁRIO MEIO;1.070,00;31/10/2025;04:01:15;20;1283-20
CO2;1283;CT-CO2-0;1f94f8ad-7171-b062-c0a5-dbf839ac97e9;CD:E6:D3:07;0;AVIÁRIO MEIO;1.126,00;31/10/2025;04:06:49;20;1283-20
CO2;1283;CT-CO2-0;1f94f8ad-7171-b062-c0a5-dbf839ac97e9;CD:E6:D3:07;0;AVIÁRIO MEIO;1.118,00;31/10/2025;04:11:51;20;1283-20
CO2;1283;CT-CO2-0;1f94f8ad-7171-b062-c0a5-dbf839ac97e9;CD:E6:D3:07;0;AVIÁRIO MEIO;1.110,00;31/10/2025;04:17:23;20;1283-20
CO2;1283;CT-CO2-0;1f94f8ad-7171-b062-c0a5-dbf839ac97e9;CD:E6:D3:07;0;AVIÁRIO MEIO;1.123,00;31/10/2025;04:22:55;20;1283-20
CO2;1283;CT-CO2-0;1f94f8ad-7171-b062-c0a5-dbf839ac97e9;CD:E6:D3:07;0;AVIÁRIO MEIO;1.080,00;31/10/2025;04:27:57;20;1283-20
CO2;1283;CT-CO2-0;1f94f8ad-7171-b062-c0a5-dbf839ac97e9;CD:E6:D3:07;0;AVIÁRIO MEIO;1.129,00;31/10/2025;04:33:28;20;1283-20
CO2;1283;CT-CO2-0;1f94f8ad-7171-b062-c0a5-dbf839ac97e9;CD:E6:D3:07;0;AVIÁRIO MEIO;1.115,00;31/10/2025;04:39:00;20;1283-20
CO2;1283;CT-CO2-0;1f94f8ad-7171-b062-c0a5-dbf839ac97e9;CD:E6:D3:07;0;AVIÁRIO MEIO;1.074,00;31/10/2025;04:44:03;20;1283-20
CO2;1283;CT-CO2-0;1f94f8ad-7171-b062-c0a5-dbf839ac97e9;CD:E6:D3:07;0;AVIÁRIO MEIO;1.096,00;31/10/2025;04:49:35;20;1283-20
CO2;1283;CT-CO2-0;1f94f8ad-7171-b062-c0a5-dbf839ac97e9;CD:E6:D3:07;0;AVIÁRIO MEIO;1.103,00;31/10/2025;04:55:07;20;1283-20
CO2;1283;CT-CO2-0;1f94f8ad-7171-b062-c0a5-dbf839ac97e9;CD:E6:D3:07;0;AVIÁRIO MEIO;1.102,00;31/10/2025;05:00:10;20;1283-20
CO2;1283;CT-CO2-0;1f94f8ad-7171-b062-c0a5-dbf839ac97e9;CD:E6:D3:07;0;AVIÁRIO MEIO;1.095,00;31/10/2025;05:05:42;20;1283-20
CO2;1283;CT-CO2-0;1f94f8ad-7171-b062-c0a5-dbf839ac97e9;CD:E6:D3:07;0;AVIÁRIO MEIO;1.061,00;31/10/2025;05:11:14;20;1283-20
CO2;1283;CT-CO2-0;1f94f8ad-7171-b062-c0a5-dbf839ac97e9;CD:E6:D3:07;0;AVIÁRIO MEIO;1.127,00;31/10/2025;05:17:17;20;1283-20
CO2;1283;CT-CO2-0;1f94f8ad-7171-b062-c0a5-dbf839ac97e9;CD:E6:D3:07;0;AVIÁRIO MEIO;1.122,00;31/10/2025;05:21:49;20;1283-20
CO2;1283;CT-CO2-0;1f94f8ad-7171-b062-c0a5-dbf839ac97e9;CD:E6:D3:07;0;AVIÁRIO MEIO;1.091,00;31/10/2025;05:27:21;20;1283-20
CO2;1283;CT-CO2-0;1f94f8ad-7171-b062-c0a5-dbf839ac97e9;CD:E6:D3:07;0;AVIÁRIO MEIO;1.096,00;31/10/2025;05:32:53;20;1283-20
CO2;1283;CT-CO2-0;1f94f8ad-7171-b062-c0a5-dbf839ac97e9;CD:E6:D3:07;0;AVIÁRIO MEIO;1.104,00;31/10/2025;05:37:55;20;1283-20
CO2;1283;CT-CO2-0;1f94f8ad-7171-b062-c0a5-dbf839ac97e9;CD:E6:D3:07;0;AVIÁRIO MEIO;1.120,00;31/10/2025;05:43:27;20;1283-20
CO2;1283;CT-CO2-0;1f94f8ad-7171-b062-c0a5-dbf839ac97e9;CD:E6:D3:07;0;AVIÁRIO MEIO;1.116,00;31/10/2025;05:49:00;20;1283-20
CO2;1283;CT-CO2-0;1f94f8ad-7171-b062-c0a5-dbf839ac97e9;CD:E6:D3:07;0;AVIÁRIO MEIO;1.074,00;31/10/2025;05:54:02;20;1283-20
CO2;1283;CT-CO2-0;1f94f8ad-7171-b062-c0a5-dbf839ac97e9;CD:E6:D3:07;0;AVIÁRIO MEIO;1.112,00;31/10/2025;05:59:34;20;1283-20
CO2;1283;CT-CO2-0;1f94f8ad-7171-b062-c0a5-dbf839ac97e9;CD:E6:D3:07;0;AVIÁRIO MEIO;1.109,00;31/10/2025;06:05:07;20;1283-20
CO2;1283;CT-CO2-0;1f94f8ad-7171-b062-c0a5-dbf839ac97e9;CD:E6:D3:07;0;AVIÁRIO MEIO;1.067,00;31/10/2025;06:10:38;20;1283-20
CO2;1283;CT-CO2-0;1f94f8ad-7171-b062-c0a5-dbf839ac97e9;CD:E6:D3:07;0;AVIÁRIO MEIO;1.098,00;31/10/2025;06:15:40;20;1283-20
CO2;1283;CT-CO2-0;1f94f8ad-7171-b062-c0a5-dbf839ac97e9;CD:E6:D3:07;0;AVIÁRIO MEIO;1.077,00;31/10/2025;06:21:12;20;1283-20
CO2;1283;CT-CO2-0;1f94f8ad-7171-b062-c0a5-dbf839ac97e9;CD:E6:D3:07;0;AVIÁRIO MEIO;1.089,00;31/10/2025;06:27:18;20;1283-20
CO2;1283;CT-CO2-0;1f94f8ad-7171-b062-c0a5-dbf839ac97e9;CD:E6:D3:07;0;AVIÁRIO MEIO;1.136,00;31/10/2025;06:31:51;20;1283-20
CO2;1283;CT-CO2-0;1f94f8ad-7171-b062-c0a5-dbf839ac97e9;CD:E6:D3:07;0;AVIÁRIO MEIO;1.133,00;31/10/2025;06:37:23;20;1283-20
CO2;1283;CT-CO2-0;1f94f8ad-7171-b062-c0a5-dbf839ac97e9;CD:E6:D3:07;0;AVIÁRIO MEIO;1.132,00;31/10/2025;06:42:55;20;1283-20
CO2;1283;CT-CO2-0;1f94f8ad-7171-b062-c0a5-dbf839ac97e9;CD:E6:D3:07;0;AVIÁRIO MEIO;1.130,00;31/10/2025;06:47:57;20;1283-20
CO2;1283;CT-CO2-0;1f94f8ad-7171-b062-c0a5-dbf839ac97e9;CD:E6:D3:07;0;AVIÁRIO MEIO;1.196,00;31/10/2025;06:53:29;20;1283-20
CO2;1283;CT-CO2-0;1f94f8ad-7171-b062-c0a5-dbf839ac97e9;CD:E6:D3:07;0;AVIÁRIO MEIO;1.160,00;31/10/2025;06:59:01;20;1283-20
CO2;1283;CT-CO2-0;1f94f8ad-7171-b062-c0a5-dbf839ac97e9;CD:E6:D3:07;0;AVIÁRIO MEIO;1.168,00;31/10/2025;07:04:33;20;1283-20
CO2;1283;CT-CO2-0;1f94f8ad-7171-b062-c0a5-dbf839ac97e9;CD:E6:D3:07;0;AVIÁRIO MEIO;1.168,00;31/10/2025;07:09:37;20;1283-20
CO2;1283;CT-CO2-0;1f94f8ad-7171-b062-c0a5-dbf839ac97e9;CD:E6:D3:07;0;AVIÁRIO MEIO;1.189,00;31/10/2025;07:15:10;20;1283-20
CO2;1283;CT-CO2-0;1f94f8ad-7171-b062-c0a5-dbf839ac97e9;CD:E6:D3:07;0;AVIÁRIO MEIO;1.154,00;31/10/2025;07:20:42;20;1283-20
CO2;1283;CT-CO2-0;1f94f8ad-7171-b062-c0a5-dbf839ac97e9;CD:E6:D3:07;0;AVIÁRIO MEIO;1.209,00;31/10/2025;07:25:44;20;1283-20
CO2;1283;CT-CO2-0;1f94f8ad-7171-b062-c0a5-dbf839ac97e9;CD:E6:D3:07;0;AVIÁRIO MEIO;1.211,00;31/10/2025;07:31:18;20;1283-20
CO2;1283;CT-CO2-0;1f94f8ad-7171-b062-c0a5-dbf839ac97e9;CD:E6:D3:07;0;AVIÁRIO MEIO;1.195,00;31/10/2025;07:37:22;20;1283-20
CO2;1283;CT-CO2-0;1f94f8ad-7171-b062-c0a5-dbf839ac97e9;CD:E6:D3:07;0;AVIÁRIO MEIO;1.149,00;31/10/2025;07:47:25;20;1283-20
CO2;1283;CT-CO2-0;1f94f8ad-7171-b062-c0a5-dbf839ac97e9;CD:E6:D3:07;0;AVIÁRIO MEIO;1.205,00;31/10/2025;07:52:57;20;1283-20
CO2;1283;CT-CO2-0;1f94f8ad-7171-b062-c0a5-dbf839ac97e9;CD:E6:D3:07;0;AVIÁRIO MEIO;1.141,00;31/10/2025;07:57:59;20;1283-20
CO2;1283;CT-CO2-0;1f94f8ad-7171-b062-c0a5-dbf839ac97e9;CD:E6:D3:07;0;AVIÁRIO MEIO;1.161,00;31/10/2025;08:03:31;20;1283-20
CO2;1283;CT-CO2-0;1f94f8ad-7171-b062-c0a5-dbf839ac97e9;CD:E6:D3:07;0;AVIÁRIO MEIO;1.110,00;31/10/2025;08:09:03;20;1283-20
CO2;1283;CT-CO2-0;1f94f8ad-7171-b062-c0a5-dbf839ac97e9;CD:E6:D3:07;0;AVIÁRIO MEIO;1.082,00;31/10/2025;08:14:35;20;1283-20
CO2;1283;CT-CO2-0;1f94f8ad-7171-b062-c0a5-dbf839ac97e9;CD:E6:D3:07;0;AVIÁRIO MEIO;1.097,00;31/10/2025;08:19:38;20;1283-20
CO2;1283;CT-CO2-0;1f94f8ad-7171-b062-c0a5-dbf839ac97e9;CD:E6:D3:07;0;AVIÁRIO MEIO;1.062,00;31/10/2025;08:25:10;20;1283-20
CO2;1283;CT-CO2-0;1f94f8ad-7171-b062-c0a5-dbf839ac97e9;CD:E6:D3:07;0;AVIÁRIO MEIO;1.068,00;31/10/2025;08:30:43;20;1283-20
CO2;1283;CT-CO2-0;1f94f8ad-7171-b062-c0a5-dbf839ac97e9;CD:E6:D3:07;0;AVIÁRIO MEIO;1.084,00;31/10/2025;08:36:15;20;1283-20
CO2;1283;CT-CO2-0;1f94f8ad-7171-b062-c0a5-dbf839ac97e9;CD:E6:D3:07;0;AVIÁRIO MEIO;1.063,00;31/10/2025;08:47:19;20;1283-20
CO2;1283;CT-CO2-0;1f94f8ad-7171-b062-c0a5-dbf839ac97e9;CD:E6:D3:07;0;AVIÁRIO MEIO;1.062,00;31/10/2025;08:52:21;20;1283-20
CO2;1283;CT-CO2-0;1f94f8ad-7171-b062-c0a5-dbf839ac97e9;CD:E6:D3:07;0;AVIÁRIO MEIO;1.032,00;31/10/2025;08:57:24;20;1283-20
CO2;1283;CT-CO2-0;1f94f8ad-7171-b062-c0a5-dbf839ac97e9;CD:E6:D3:07;0;AVIÁRIO MEIO;1.055,00;31/10/2025;09:02:56;20;1283-20
CO2;1283;CT-CO2-0;1f94f8ad-7171-b062-c0a5-dbf839ac97e9;CD:E6:D3:07;0;AVIÁRIO MEIO;1.051,00;31/10/2025;09:08:28;20;1283-20
CO2;1283;CT-CO2-0;1f94f8ad-7171-b062-c0a5-dbf839ac97e9;CD:E6:D3:07;0;AVIÁRIO MEIO;1.052,00;31/10/2025;09:13:31;20;1283-20
CO2;1283;CT-CO2-0;1f94f8ad-7171-b062-c0a5-dbf839ac97e9;CD:E6:D3:07;0;AVIÁRIO MEIO;1.047,00;31/10/2025;09:19:03;20;1283-20
CO2;1283;CT-CO2-0;1f94f8ad-7171-b062-c0a5-dbf839ac97e9;CD:E6:D3:07;0;AVIÁRIO MEIO;1.062,00;31/10/2025;09:24:35;20;1283-20
CO2;1283;CT-CO2-0;1f94f8ad-7171-b062-c0a5-dbf839ac97e9;CD:E6:D3:07;0;AVIÁRIO MEIO;1.045,00;31/10/2025;09:35:09;20;1283-20
CO2;1283;CT-CO2-0;1f94f8ad-7171-b062-c0a5-dbf839ac97e9;CD:E6:D3:07;0;AVIÁRIO MEIO;1.025,00;31/10/2025;09:40:41;20;1283-20
CO2;1283;CT-CO2-0;1f94f8ad-7171-b062-c0a5-dbf839ac97e9;CD:E6:D3:07;0;AVIÁRIO MEIO;1.020,00;31/10/2025;09:46:13;20;1283-20
CO2;1283;CT-CO2-0;1f94f8ad-7171-b062-c0a5-dbf839ac97e9;CD:E6:D3:07;0;AVIÁRIO MEIO;1.091,00;31/10/2025;09:51:15;20;1283-20
CO2;1283;CT-CO2-0;1f94f8ad-7171-b062-c0a5-dbf839ac97e9;CD:E6:D3:07;0;AVIÁRIO MEIO;967,00;31/10/2025;09:57:19;20;1283-20
CO2;1283;CT-CO2-0;1f94f8ad-7171-b062-c0a5-dbf839ac97e9;CD:E6:D3:07;0;AVIÁRIO MEIO;945,00;31/10/2025;10:02:22;20;1283-20
CO2;1283;CT-CO2-0;1f94f8ad-7171-b062-c0a5-dbf839ac97e9;CD:E6:D3:07;0;AVIÁRIO MEIO;959,00;31/10/2025;10:07:25;20;1283-20
CO2;1283;CT-CO2-0;1f94f8ad-7171-b062-c0a5-dbf839ac97e9;CD:E6:D3:07;0;AVIÁRIO MEIO;899,00;31/10/2025;10:12:56;20;1283-20
CO2;1283;CT-CO2-0;1f94f8ad-7171-b062-c0a5-dbf839ac97e9;CD:E6:D3:07;0;AVIÁRIO MEIO;1.061,00;31/10/2025;10:18:31;20;1283-20
CO2;1283;CT-CO2-0;1f94f8ad-7171-b062-c0a5-dbf839ac97e9;CD:E6:D3:07;0;AVIÁRIO MEIO;977,00;31/10/2025;10:24:05;20;1283-20
CO2;1283;CT-CO2-0;1f94f8ad-7171-b062-c0a5-dbf839ac97e9;CD:E6:D3:07;0;AVIÁRIO MEIO;939,00;31/10/2025;10:29:08;20;1283-20
CO2;1283;CT-CO2-0;1f94f8ad-7171-b062-c0a5-dbf839ac97e9;CD:E6:D3:07;0;AVIÁRIO MEIO;988,00;31/10/2025;10:34:39;20;1283-20
CO2;1283;CT-CO2-0;1f94f8ad-7171-b062-c0a5-dbf839ac97e9;CD:E6:D3:07;0;AVIÁRIO MEIO;914,00;31/10/2025;10:40:16;20;1283-20
CO2;1283;CT-CO2-0;1f94f8ad-7171-b062-c0a5-dbf839ac97e9;CD:E6:D3:07;0;AVIÁRIO MEIO;845,00;31/10/2025;10:45:18;20;1283-20
CO2;1283;CT-CO2-0;1f94f8ad-7171-b062-c0a5-dbf839ac97e9;CD:E6:D3:07;0;AVIÁRIO MEIO;976,00;31/10/2025;10:50:51;20;1283-20
CO2;1283;CT-CO2-0;1f94f8ad-7171-b062-c0a5-dbf839ac97e9;CD:E6:D3:07;0;AVIÁRIO MEIO;918,00;31/10/2025;10:56:22;20;1283-20
CO2;1283;CT-CO2-0;1f94f8ad-7171-b062-c0a5-dbf839ac97e9;CD:E6:D3:07;0;AVIÁRIO MEIO;727,00;31/10/2025;11:01:24;20;1283-20
CO2;1283;CT-CO2-0;1f94f8ad-7171-b062-c0a5-dbf839ac97e9;CD:E6:D3:07;0;AVIÁRIO MEIO;713,00;31/10/2025;11:07:28;20;1283-20
CO2;1283;CT-CO2-0;1f94f8ad-7171-b062-c0a5-dbf839ac97e9;CD:E6:D3:07;0;AVIÁRIO MEIO;917,00;31/10/2025;11:12:29;20;1283-20
CO2;1283;CT-CO2-0;1f94f8ad-7171-b062-c0a5-dbf839ac97e9;CD:E6:D3:07;0;AVIÁRIO MEIO;722,00;31/10/2025;11:17:32;20;1283-20
CO2;1283;CT-CO2-0;1f94f8ad-7171-b062-c0a5-dbf839ac97e9;CD:E6:D3:07;0;AVIÁRIO MEIO;862,00;31/10/2025;11:23:04;20;1283-20
CO2;1283;CT-CO2-0;1f94f8ad-7171-b062-c0a5-dbf839ac97e9;CD:E6:D3:07;0;AVIÁRIO MEIO;720,00;31/10/2025;11:28:36;20;1283-20
CO2;1283;CT-CO2-0;1f94f8ad-7171-b062-c0a5-dbf839ac97e9;CD:E6:D3:07;0;AVIÁRIO MEIO;842,00;31/10/2025;11:34:08;20;1283-20
CO2;1283;CT-CO2-0;1f94f8ad-7171-b062-c0a5-dbf839ac97e9;CD:E6:D3:07;0;AVIÁRIO MEIO;752,00;31/10/2025;11:39:10;20;1283-20
CO2;1283;CT-CO2-0;1f94f8ad-7171-b062-c0a5-dbf839ac97e9;CD:E6:D3:07;0;AVIÁRIO MEIO;687,00;31/10/2025;11:44:43;20;1283-20
CO2;1283;CT-CO2-0;1f94f8ad-7171-b062-c0a5-dbf839ac97e9;CD:E6:D3:07;0;AVIÁRIO MEIO;701,00;31/10/2025;11:50:15;20;1283-20
CO2;1283;CT-CO2-0;1f94f8ad-7171-b062-c0a5-dbf839ac97e9;CD:E6:D3:07;0;AVIÁRIO MEIO;661,00;31/10/2025;11:55:17;20;1283-20
CO2;1283;CT-CO2-0;1f94f8ad-7171-b062-c0a5-dbf839ac97e9;CD:E6:D3:07;0;AVIÁRIO MEIO;647,00;31/10/2025;12:00:49;20;1283-20
CO2;1283;CT-CO2-0;1f94f8ad-7171-b062-c0a5-dbf839ac97e9;CD:E6:D3:07;0;AVIÁRIO MEIO;652,00;31/10/2025;12:06:21;20;1283-20
CO2;1283;CT-CO2-0;1f94f8ad-7171-b062-c0a5-dbf839ac97e9;CD:E6:D3:07;0;AVIÁRIO MEIO;652,00;31/10/2025;12:11:23;20;1283-20
CO2;1283;CT-CO2-0;1f94f8ad-7171-b062-c0a5-dbf839ac97e9;CD:E6:D3:07;0;AVIÁRIO MEIO;624,00;31/10/2025;12:17:27;20;1283-20
CO2;1283;CT-CO2-0;1f94f8ad-7171-b062-c0a5-dbf839ac97e9;CD:E6:D3:07;0;AVIÁRIO MEIO;621,00;31/10/2025;12:22:29;20;1283-20
CO2;1283;CT-CO2-0;1f94f8ad-7171-b062-c0a5-dbf839ac97e9;CD:E6:D3:07;0;AVIÁRIO MEIO;616,00;31/10/2025;12:28:01;20;1283-20
CO2;1283;CT-CO2-0;1f94f8ad-7171-b062-c0a5-dbf839ac97e9;CD:E6:D3:07;0;AVIÁRIO MEIO;639,00;31/10/2025;12:33:03;20;1283-20
CO2;1283;CT-CO2-0;1f94f8ad-7171-b062-c0a5-dbf839ac97e9;CD:E6:D3:07;0;AVIÁRIO MEIO;649,00;31/10/2025;12:38:35;20;1283-20
CO2;1283;CT-CO2-0;1f94f8ad-7171-b062-c0a5-dbf839ac97e9;CD:E6:D3:07;0;AVIÁRIO MEIO;657,00;31/10/2025;12:44:08;20;1283-20
CO2;1283;CT-CO2-0;1f94f8ad-7171-b062-c0a5-dbf839ac97e9;CD:E6:D3:07;0;AVIÁRIO MEIO;654,00;31/10/2025;12:49:10;20;1283-20
CO2;1283;CT-CO2-0;1f94f8ad-7171-b062-c0a5-dbf839ac97e9;CD:E6:D3:07;0;AVIÁRIO MEIO;660,00;31/10/2025;12:54:42;20;1283-20
CO2;1283;CT-CO2-0;1f94f8ad-7171-b062-c0a5-dbf839ac97e9;CD:E6:D3:07;0;AVIÁRIO MEIO;667,00;31/10/2025;13:00:14;20;1283-20
CO2;1283;CT-CO2-0;1f94f8ad-7171-b062-c0a5-dbf839ac97e9;CD:E6:D3:07;0;AVIÁRIO MEIO;669,00;31/10/2025;13:05:16;20;1283-20
CO2;1283;CT-CO2-0;1f94f8ad-7171-b062-c0a5-dbf839ac97e9;CD:E6:D3:07;0;AVIÁRIO MEIO;683,00;31/10/2025;13:10:48;20;1283-20
CO2;1283;CT-CO2-0;1f94f8ad-7171-b062-c0a5-dbf839ac97e9;CD:E6:D3:07;0;AVIÁRIO MEIO;671,00;31/10/2025;13:16:20;20;1283-20
CO2;1283;CT-CO2-0;1f94f8ad-7171-b062-c0a5-dbf839ac97e9;CD:E6:D3:07;0;AVIÁRIO MEIO;664,00;31/10/2025;13:21:52;20;1283-20
CO2;1283;CT-CO2-0;1f94f8ad-7171-b062-c0a5-dbf839ac97e9;CD:E6:D3:07;0;AVIÁRIO MEIO;652,00;31/10/2025;13:27:27;20;1283-20
CO2;1283;CT-CO2-0;1f94f8ad-7171-b062-c0a5-dbf839ac97e9;CD:E6:D3:07;0;AVIÁRIO MEIO;644,00;31/10/2025;13:32:30;20;1283-20
CO2;1283;CT-CO2-0;1f94f8ad-7171-b062-c0a5-dbf839ac97e9;CD:E6:D3:07;0;AVIÁRIO MEIO;656,00;31/10/2025;13:38:02;20;1283-20
CO2;1283;CT-CO2-0;1f94f8ad-7171-b062-c0a5-dbf839ac97e9;CD:E6:D3:07;0;AVIÁRIO MEIO;652,00;31/10/2025;13:43:04;20;1283-20
CO2;1283;CT-CO2-0;1f94f8ad-7171-b062-c0a5-dbf839ac97e9;CD:E6:D3:07;0;AVIÁRIO MEIO;653,00;31/10/2025;13:48:36;20;1283-20
CO2;1283;CT-CO2-0;1f94f8ad-7171-b062-c0a5-dbf839ac97e9;CD:E6:D3:07;0;AVIÁRIO MEIO;670,00;31/10/2025;13:54:08;20;1283-20
CO2;1283;CT-CO2-0;1f94f8ad-7171-b062-c0a5-dbf839ac97e9;CD:E6:D3:07;0;AVIÁRIO MEIO;610,00;31/10/2025;13:59:10;20;1283-20
CO2;1283;CT-CO2-0;1f94f8ad-7171-b062-c0a5-dbf839ac97e9;CD:E6:D3:07;0;AVIÁRIO MEIO;607,00;31/10/2025;14:04:42;20;1283-20
CO2;1283;CT-CO2-0;1f94f8ad-7171-b062-c0a5-dbf839ac97e9;CD:E6:D3:07;0;AVIÁRIO MEIO;620,00;31/10/2025;14:10:14;20;1283-20
CO2;1283;CT-CO2-0;1f94f8ad-7171-b062-c0a5-dbf839ac97e9;CD:E6:D3:07;0;AVIÁRIO MEIO;625,00;31/10/2025;14:15:46;20;1283-20
CO2;1283;CT-CO2-0;1f94f8ad-7171-b062-c0a5-dbf839ac97e9;CD:E6:D3:07;0;AVIÁRIO MEIO;625,00;31/10/2025;14:20:49;20;1283-20
CO2;1283;CT-CO2-0;1f94f8ad-7171-b062-c0a5-dbf839ac97e9;CD:E6:D3:07;0;AVIÁRIO MEIO;609,00;31/10/2025;14:26:21;20;1283-20
CO2;1283;CT-CO2-0;1f94f8ad-7171-b062-c0a5-dbf839ac97e9;CD:E6:D3:07;0;AVIÁRIO MEIO;622,00;31/10/2025;14:31:54;20;1283-20
CO2;1283;CT-CO2-0;1f94f8ad-7171-b062-c0a5-dbf839ac97e9;CD:E6:D3:07;0;AVIÁRIO MEIO;633,00;31/10/2025;14:37:29;20;1283-20
CO2;1283;CT-CO2-0;1f94f8ad-7171-b062-c0a5-dbf839ac97e9;CD:E6:D3:07;0;AVIÁRIO MEIO;643,00;31/10/2025;14:42:30;20;1283-20
CO2;1283;CT-CO2-0;1f94f8ad-7171-b062-c0a5-dbf839ac97e9;CD:E6:D3:07;0;AVIÁRIO MEIO;597,00;31/10/2025;14:48:02;20;1283-20
CO2;1283;CT-CO2-0;1f94f8ad-7171-b062-c0a5-dbf839ac97e9;CD:E6:D3:07;0;AVIÁRIO MEIO;590,00;31/10/2025;14:53:05;20;1283-20
CO2;1283;CT-CO2-0;1f94f8ad-7171-b062-c0a5-dbf839ac97e9;CD:E6:D3:07;0;AVIÁRIO MEIO;618,00;31/10/2025;14:58:37;20;1283-20
CO2;1283;CT-CO2-0;1f94f8ad-7171-b062-c0a5-dbf839ac97e9;CD:E6:D3:07;0;AVIÁRIO MEIO;623,00;31/10/2025;15:04:09;20;1283-20
CO2;1283;CT-CO2-0;1f94f8ad-7171-b062-c0a5-dbf839ac97e9;CD:E6:D3:07;0;AVIÁRIO MEIO;610,00;31/10/2025;15:09:41;20;1283-20
CO2;1283;CT-CO2-0;1f94f8ad-7171-b062-c0a5-dbf839ac97e9;CD:E6:D3:07;0;AVIÁRIO MEIO;619,00;31/10/2025;15:14:42;20;1283-20
CO2;1283;CT-CO2-0;1f94f8ad-7171-b062-c0a5-dbf839ac97e9;CD:E6:D3:07;0;AVIÁRIO MEIO;623,00;31/10/2025;15:20:14;20;1283-20
CO2;1283;CT-CO2-0;1f94f8ad-7171-b062-c0a5-dbf839ac97e9;CD:E6:D3:07;0;AVIÁRIO MEIO;627,00;31/10/2025;15:25:46;20;1283-20
CO2;1283;CT-CO2-0;1f94f8ad-7171-b062-c0a5-dbf839ac97e9;CD:E6:D3:07;0;AVIÁRIO MEIO;602,00;31/10/2025;15:31:18;20;1283-20
CO2;1283;CT-CO2-0;1f94f8ad-7171-b062-c0a5-dbf839ac97e9;CD:E6:D3:07;0;AVIÁRIO MEIO;624,00;31/10/2025;15:36:20;20;1283-20
CO2;1283;CT-CO2-0;1f94f8ad-7171-b062-c0a5-dbf839ac97e9;CD:E6:D3:07;0;AVIÁRIO MEIO;637,00;31/10/2025;15:41:52;20;1283-20
CO2;1283;CT-CO2-0;1f94f8ad-7171-b062-c0a5-dbf839ac97e9;CD:E6:D3:07;0;AVIÁRIO MEIO;676,00;31/10/2025;15:47:56;20;1283-20
CO2;1283;CT-CO2-0;1f94f8ad-7171-b062-c0a5-dbf839ac97e9;CD:E6:D3:07;0;AVIÁRIO MEIO;640,00;31/10/2025;15:52:28;20;1283-20
CO2;1283;CT-CO2-0;1f94f8ad-7171-b062-c0a5-dbf839ac97e9;CD:E6:D3:07;0;AVIÁRIO MEIO;622,00;31/10/2025;15:57:59;20;1283-20
CO2;1283;CT-CO2-0;1f94f8ad-7171-b062-c0a5-dbf839ac97e9;CD:E6:D3:07;0;AVIÁRIO MEIO;626,00;31/10/2025;16:03:32;20;1283-20
CO2;1283;CT-CO2-0;1f94f8ad-7171-b062-c0a5-dbf839ac97e9;CD:E6:D3:07;0;AVIÁRIO MEIO;641,00;31/10/2025;16:09:04;20;1283-20
CO2;1283;CT-CO2-0;1f94f8ad-7171-b062-c0a5-dbf839ac97e9;CD:E6:D3:07;0;AVIÁRIO MEIO;642,00;31/10/2025;16:14:06;20;1283-20
CO2;1283;CT-CO2-0;1f94f8ad-7171-b062-c0a5-dbf839ac97e9;CD:E6:D3:07;0;AVIÁRIO MEIO;629,00;31/10/2025;16:19:37;20;1283-20
CO2;1283;CT-CO2-0;1f94f8ad-7171-b062-c0a5-dbf839ac97e9;CD:E6:D3:07;0;AVIÁRIO MEIO;663,00;31/10/2025;16:25:09;20;1283-20
CO2;1283;CT-CO2-0;1f94f8ad-7171-b062-c0a5-dbf839ac97e9;CD:E6:D3:07;0;AVIÁRIO MEIO;633,00;31/10/2025;16:30:11;20;1283-20
CO2;1283;CT-CO2-0;1f94f8ad-7171-b062-c0a5-dbf839ac97e9;CD:E6:D3:07;0;AVIÁRIO MEIO;617,00;31/10/2025;16:35:43;20;1283-20
CO2;1283;CT-CO2-0;1f94f8ad-7171-b062-c0a5-dbf839ac97e9;CD:E6:D3:07;0;AVIÁRIO MEIO;619,00;31/10/2025;16:41:15;20;1283-20
CO2;1283;CT-CO2-0;1f94f8ad-7171-b062-c0a5-dbf839ac97e9;CD:E6:D3:07;0;AVIÁRIO MEIO;623,00;31/10/2025;16:46:47;20;1283-20
CO2;1283;CT-CO2-0;1f94f8ad-7171-b062-c0a5-dbf839ac97e9;CD:E6:D3:07;0;AVIÁRIO MEIO;623,00;31/10/2025;16:51:49;20;1283-20
CO2;1283;CT-CO2-0;1f94f8ad-7171-b062-c0a5-dbf839ac97e9;CD:E6:D3:07;0;AVIÁRIO MEIO;625,00;31/10/2025;16:57:52;20;1283-20
CO2;1283;CT-CO2-0;1f94f8ad-7171-b062-c0a5-dbf839ac97e9;CD:E6:D3:07;0;AVIÁRIO MEIO;622,00;31/10/2025;17:02:54;20;1283-20
CO2;1283;CT-CO2-0;1f94f8ad-7171-b062-c0a5-dbf839ac97e9;CD:E6:D3:07;0;AVIÁRIO MEIO;622,00;31/10/2025;17:08:27;20;1283-20
CO2;1283;CT-CO2-0;1f94f8ad-7171-b062-c0a5-dbf839ac97e9;CD:E6:D3:07;0;AVIÁRIO MEIO;618,00;31/10/2025;17:13:32;20;1283-20
CO2;1283;CT-CO2-0;1f94f8ad-7171-b062-c0a5-dbf839ac97e9;CD:E6:D3:07;0;AVIÁRIO MEIO;608,00;31/10/2025;17:19:05;20;1283-20
CO2;1283;CT-CO2-0;1f94f8ad-7171-b062-c0a5-dbf839ac97e9;CD:E6:D3:07;0;AVIÁRIO MEIO;613,00;31/10/2025;17:24:37;20;1283-20
CO2;1283;CT-CO2-0;1f94f8ad-7171-b062-c0a5-dbf839ac97e9;CD:E6:D3:07;0;AVIÁRIO MEIO;608,00;31/10/2025;17:29:39;20;1283-20
CO2;1283;CT-CO2-0;1f94f8ad-7171-b062-c0a5-dbf839ac97e9;CD:E6:D3:07;0;AVIÁRIO MEIO;608,00;31/10/2025;17:35:12;20;1283-20
CO2;1283;CT-CO2-0;1f94f8ad-7171-b062-c0a5-dbf839ac97e9;CD:E6:D3:07;0;AVIÁRIO MEIO;619,00;31/10/2025;17:40:43;20;1283-20
CO2;1283;CT-CO2-0;1f94f8ad-7171-b062-c0a5-dbf839ac97e9;CD:E6:D3:07;0;AVIÁRIO MEIO;625,00;31/10/2025;17:45:45;20;1283-20
CO2;1283;CT-CO2-0;1f94f8ad-7171-b062-c0a5-dbf839ac97e9;CD:E6:D3:07;0;AVIÁRIO MEIO;623,00;31/10/2025;17:51:19;20;1283-20
CO2;1283;CT-CO2-0;1f94f8ad-7171-b062-c0a5-dbf839ac97e9;CD:E6:D3:07;0;AVIÁRIO MEIO;628,00;31/10/2025;17:56:52;20;1283-20
CO2;1283;CT-CO2-0;1f94f8ad-7171-b062-c0a5-dbf839ac97e9;CD:E6:D3:07;0;AVIÁRIO MEIO;632,00;31/10/2025;18:02:55;20;1283-20
CO2;1283;CT-CO2-0;1f94f8ad-7171-b062-c0a5-dbf839ac97e9;CD:E6:D3:07;0;AVIÁRIO MEIO;666,00;31/10/2025;18:07:27;20;1283-20
CO2;1283;CT-CO2-0;1f94f8ad-7171-b062-c0a5-dbf839ac97e9;CD:E6:D3:07;0;AVIÁRIO MEIO;703,00;31/10/2025;18:12:59;20;1283-20
CO2;1283;CT-CO2-0;1f94f8ad-7171-b062-c0a5-dbf839ac97e9;CD:E6:D3:07;0;AVIÁRIO MEIO;693,00;31/10/2025;18:18:32;20;1283-20
CO2;1283;CT-CO2-0;1f94f8ad-7171-b062-c0a5-dbf839ac97e9;CD:E6:D3:07;0;AVIÁRIO MEIO;690,00;31/10/2025;18:23:34;20;1283-20
CO2;1283;CT-CO2-0;1f94f8ad-7171-b062-c0a5-dbf839ac97e9;CD:E6:D3:07;0;AVIÁRIO MEIO;686,00;31/10/2025;18:29:07;20;1283-20
CO2;1283;CT-CO2-0;1f94f8ad-7171-b062-c0a5-dbf839ac97e9;CD:E6:D3:07;0;AVIÁRIO MEIO;675,00;31/10/2025;18:34:39;20;1283-20
CO2;1283;CT-CO2-0;1f94f8ad-7171-b062-c0a5-dbf839ac97e9;CD:E6:D3:07;0;AVIÁRIO MEIO;710,00;31/10/2025;18:40:11;20;1283-20
CO2;1283;CT-CO2-0;1f94f8ad-7171-b062-c0a5-dbf839ac97e9;CD:E6:D3:07;0;AVIÁRIO MEIO;698,00;31/10/2025;18:45:13;20;1283-20
CO2;1283;CT-CO2-0;1f94f8ad-7171-b062-c0a5-dbf839ac97e9;CD:E6:D3:07;0;AVIÁRIO MEIO;703,00;31/10/2025;18:50:45;20;1283-20
CO2;1283;CT-CO2-0;1f94f8ad-7171-b062-c0a5-dbf839ac97e9;CD:E6:D3:07;0;AVIÁRIO MEIO;800,00;31/10/2025;18:56:18;20;1283-20
CO2;1283;CT-CO2-0;1f94f8ad-7171-b062-c0a5-dbf839ac97e9;CD:E6:D3:07;0;AVIÁRIO MEIO;839,00;31/10/2025;19:01:19;20;1283-20
CO2;1283;CT-CO2-0;1f94f8ad-7171-b062-c0a5-dbf839ac97e9;CD:E6:D3:07;0;AVIÁRIO MEIO;889,00;31/10/2025;19:06:51;20;1283-20
CO2;1283;CT-CO2-0;1f94f8ad-7171-b062-c0a5-dbf839ac97e9;CD:E6:D3:07;0;AVIÁRIO MEIO;888,00;31/10/2025;19:12:54;20;1283-20
CO2;1283;CT-CO2-0;1f94f8ad-7171-b062-c0a5-dbf839ac97e9;CD:E6:D3:07;0;AVIÁRIO MEIO;946,00;31/10/2025;19:28:31;20;1283-20
CO2;1283;CT-CO2-0;1f94f8ad-7171-b062-c0a5-dbf839ac97e9;CD:E6:D3:07;0;AVIÁRIO MEIO;992,00;31/10/2025;19:34:03;20;1283-20
CO2;1283;CT-CO2-0;1f94f8ad-7171-b062-c0a5-dbf839ac97e9;CD:E6:D3:07;0;AVIÁRIO MEIO;963,00;31/10/2025;19:39:05;20;1283-20
CO2;1283;CT-CO2-0;1f94f8ad-7171-b062-c0a5-dbf839ac97e9;CD:E6:D3:07;0;AVIÁRIO MEIO;1.004,00;31/10/2025;19:44:37;20;1283-20
CO2;1283;CT-CO2-0;1f94f8ad-7171-b062-c0a5-dbf839ac97e9;CD:E6:D3:07;0;AVIÁRIO MEIO;1.147,00;31/10/2025;19:50:09;20;1283-20
CO2;1283;CT-CO2-0;1f94f8ad-7171-b062-c0a5-dbf839ac97e9;CD:E6:D3:07;0;AVIÁRIO MEIO;1.000,00;31/10/2025;19:55:41;20;1283-20
CO2;1283;CT-CO2-0;1f94f8ad-7171-b062-c0a5-dbf839ac97e9;CD:E6:D3:07;0;AVIÁRIO MEIO;1.050,00;31/10/2025;20:00:45;20;1283-20
CO2;1283;CT-CO2-0;1f94f8ad-7171-b062-c0a5-dbf839ac97e9;CD:E6:D3:07;0;AVIÁRIO MEIO;1.125,00;31/10/2025;20:06:17;20;1283-20
CO2;1283;CT-CO2-0;1f94f8ad-7171-b062-c0a5-dbf839ac97e9;CD:E6:D3:07;0;AVIÁRIO MEIO;1.061,00;31/10/2025;20:11:49;20;1283-20
CO2;1283;CT-CO2-0;1f94f8ad-7171-b062-c0a5-dbf839ac97e9;CD:E6:D3:07;0;AVIÁRIO MEIO;1.101,00;31/10/2025;20:17:21;20;1283-20
CO2;1283;CT-CO2-0;1f94f8ad-7171-b062-c0a5-dbf839ac97e9;CD:E6:D3:07;0;AVIÁRIO MEIO;1.128,00;31/10/2025;20:22:54;20;1283-20
CO2;1283;CT-CO2-0;1f94f8ad-7171-b062-c0a5-dbf839ac97e9;CD:E6:D3:07;0;AVIÁRIO MEIO;1.184,00;31/10/2025;20:27:56;20;1283-20
CO2;1283;CT-CO2-0;1f94f8ad-7171-b062-c0a5-dbf839ac97e9;CD:E6:D3:07;0;AVIÁRIO MEIO;1.221,00;31/10/2025;20:33:29;20;1283-20
CO2;1283;CT-CO2-0;1f94f8ad-7171-b062-c0a5-dbf839ac97e9;CD:E6:D3:07;0;AVIÁRIO MEIO;1.257,00;31/10/2025;20:38:31;20;1283-20
CO2;1283;CT-CO2-0;1f94f8ad-7171-b062-c0a5-dbf839ac97e9;CD:E6:D3:07;0;AVIÁRIO MEIO;1.218,00;31/10/2025;20:44:03;20;1283-20
CO2;1283;CT-CO2-0;1f94f8ad-7171-b062-c0a5-dbf839ac97e9;CD:E6:D3:07;0;AVIÁRIO MEIO;1.222,00;31/10/2025;20:49:35;20;1283-20
CO2;1283;CT-CO2-0;1f94f8ad-7171-b062-c0a5-dbf839ac97e9;CD:E6:D3:07;0;AVIÁRIO MEIO;1.207,00;31/10/2025;20:55:07;20;1283-20
CO2;1283;CT-CO2-0;1f94f8ad-7171-b062-c0a5-dbf839ac97e9;CD:E6:D3:07;0;AVIÁRIO MEIO;1.164,00;31/10/2025;21:00:39;20;1283-20
CO2;1283;CT-CO2-0;1f94f8ad-7171-b062-c0a5-dbf839ac97e9;CD:E6:D3:07;0;AVIÁRIO MEIO;1.119,00;31/10/2025;21:06:12;20;1283-20
CO2;1283;CT-CO2-0;1f94f8ad-7171-b062-c0a5-dbf839ac97e9;CD:E6:D3:07;0;AVIÁRIO MEIO;1.123,00;31/10/2025;21:11:49;20;1283-20
CO2;1283;CT-CO2-0;1f94f8ad-7171-b062-c0a5-dbf839ac97e9;CD:E6:D3:07;0;AVIÁRIO MEIO;1.118,00;31/10/2025;21:16:51;20;1283-20
CO2;1283;CT-CO2-0;1f94f8ad-7171-b062-c0a5-dbf839ac97e9;CD:E6:D3:07;0;AVIÁRIO MEIO;1.119,00;31/10/2025;21:22:24;20;1283-20
CO2;1283;CT-CO2-0;1f94f8ad-7171-b062-c0a5-dbf839ac97e9;CD:E6:D3:07;0;AVIÁRIO MEIO;1.101,00;31/10/2025;21:28:27;20;1283-20
CO2;1283;CT-CO2-0;1f94f8ad-7171-b062-c0a5-dbf839ac97e9;CD:E6:D3:07;0;AVIÁRIO MEIO;1.105,00;31/10/2025;21:32:59;20;1283-20
CO2;1283;CT-CO2-0;1f94f8ad-7171-b062-c0a5-dbf839ac97e9;CD:E6:D3:07;0;AVIÁRIO MEIO;1.095,00;31/10/2025;21:38:36;20;1283-20
CO2;1283;CT-CO2-0;1f94f8ad-7171-b062-c0a5-dbf839ac97e9;CD:E6:D3:07;0;AVIÁRIO MEIO;1.157,00;31/10/2025;21:44:08;20;1283-20
CO2;1283;CT-CO2-0;1f94f8ad-7171-b062-c0a5-dbf839ac97e9;CD:E6:D3:07;0;AVIÁRIO MEIO;1.098,00;31/10/2025;21:49:10;20;1283-20
CO2;1283;CT-CO2-0;1f94f8ad-7171-b062-c0a5-dbf839ac97e9;CD:E6:D3:07;0;AVIÁRIO MEIO;1.100,00;31/10/2025;21:54:42;20;1283-20
CO2;1283;CT-CO2-0;1f94f8ad-7171-b062-c0a5-dbf839ac97e9;CD:E6:D3:07;0;AVIÁRIO MEIO;1.100,00;31/10/2025;22:00:19;20;1283-20
CO2;1283;CT-CO2-0;1f94f8ad-7171-b062-c0a5-dbf839ac97e9;CD:E6:D3:07;0;AVIÁRIO MEIO;1.096,00;31/10/2025;22:05:22;20;1283-20
CO2;1283;CT-CO2-0;1f94f8ad-7171-b062-c0a5-dbf839ac97e9;CD:E6:D3:07;0;AVIÁRIO MEIO;1.076,00;31/10/2025;22:10:54;20;1283-20
CO2;1283;CT-CO2-0;1f94f8ad-7171-b062-c0a5-dbf839ac97e9;CD:E6:D3:07;0;AVIÁRIO MEIO;1.142,00;31/10/2025;22:16:27;20;1283-20
CO2;1283;CT-CO2-0;1f94f8ad-7171-b062-c0a5-dbf839ac97e9;CD:E6:D3:07;0;AVIÁRIO MEIO;1.110,00;31/10/2025;22:21:59;20;1283-20
CO2;1283;CT-CO2-0;1f94f8ad-7171-b062-c0a5-dbf839ac97e9;CD:E6:D3:07;0;AVIÁRIO MEIO;1.101,00;31/10/2025;22:27:01;20;1283-20
CO2;1283;CT-CO2-0;1f94f8ad-7171-b062-c0a5-dbf839ac97e9;CD:E6:D3:07;0;AVIÁRIO MEIO;1.079,00;31/10/2025;22:32:34;20;1283-20
CO2;1283;CT-CO2-0;1f94f8ad-7171-b062-c0a5-dbf839ac97e9;CD:E6:D3:07;0;AVIÁRIO MEIO;1.111,00;31/10/2025;22:38:37;20;1283-20
CO2;1283;CT-CO2-0;1f94f8ad-7171-b062-c0a5-dbf839ac97e9;CD:E6:D3:07;0;AVIÁRIO MEIO;1.094,00;31/10/2025;22:43:09;20;1283-20
CO2;1283;CT-CO2-0;1f94f8ad-7171-b062-c0a5-dbf839ac97e9;CD:E6:D3:07;0;AVIÁRIO MEIO;1.049,00;31/10/2025;22:48:41;20;1283-20
CO2;1283;CT-CO2-0;1f94f8ad-7171-b062-c0a5-dbf839ac97e9;CD:E6:D3:07;0;AVIÁRIO MEIO;1.067,00;31/10/2025;22:54:13;20;1283-20
CO2;1283;CT-CO2-0;1f94f8ad-7171-b062-c0a5-dbf839ac97e9;CD:E6:D3:07;0;AVIÁRIO MEIO;1.075,00;31/10/2025;22:59:46;20;1283-20
CO2;1283;CT-CO2-0;1f94f8ad-7171-b062-c0a5-dbf839ac97e9;CD:E6:D3:07;0;AVIÁRIO MEIO;1.071,00;31/10/2025;23:04:48;20;1283-20
CO2;1283;CT-CO2-0;1f94f8ad-7171-b062-c0a5-dbf839ac97e9;CD:E6:D3:07;0;AVIÁRIO MEIO;1.080,00;31/10/2025;23:10:20;20;1283-20
CO2;1283;CT-CO2-0;1f94f8ad-7171-b062-c0a5-dbf839ac97e9;CD:E6:D3:07;0;AVIÁRIO MEIO;1.045,00;31/10/2025;23:15:52;20;1283-20
CO2;1283;CT-CO2-0;1f94f8ad-7171-b062-c0a5-dbf839ac97e9;CD:E6:D3:07;0;AVIÁRIO MEIO;1.066,00;31/10/2025;23:20:54;20;1283-20
CO2;1283;CT-CO2-0;1f94f8ad-7171-b062-c0a5-dbf839ac97e9;CD:E6:D3:07;0;AVIÁRIO MEIO;1.067,00;31/10/2025;23:26:27;20;1283-20
CO2;1283;CT-CO2-0;1f94f8ad-7171-b062-c0a5-dbf839ac97e9;CD:E6:D3:07;0;AVIÁRIO MEIO;1.067,00;31/10/2025;23:31:59;20;1283-20
CO2;1283;CT-CO2-0;1f94f8ad-7171-b062-c0a5-dbf839ac97e9;CD:E6:D3:07;0;AVIÁRIO MEIO;1.061,00;31/10/2025;23:37:32;20;1283-20
CO2;1283;CT-CO2-0;1f94f8ad-7171-b062-c0a5-dbf839ac97e9;CD:E6:D3:07;0;AVIÁRIO MEIO;1.064,00;31/10/2025;23:42:34;20;1283-20
CO2;1283;CT-CO2-0;1f94f8ad-7171-b062-c0a5-dbf839ac97e9;CD:E6:D3:07;0;AVIÁRIO MEIO;1.077,00;31/10/2025;23:48:37;20;1283-20
CO2;1283;CT-CO2-0;1f94f8ad-7171-b062-c0a5-dbf839ac97e9;CD:E6:D3:07;0;AVIÁRIO MEIO;1.053,00;31/10/2025;23:53:39;20;1283-20
CO2;1283;CT-CO2-0;1f94f8ad-7171-b062-c0a5-dbf839ac97e9;CD:E6:D3:07;0;AVIÁRIO MEIO;1.045,00;31/10/2025;23:58:42;20;1283-20
CO2;1283;CT-CO2-0;1f94f8ad-7171-b062-c0a5-dbf839ac97e9;CD:E6:D3:07;0;AVIÁRIO MEIO;1.082,00;01/11/2025;00:04:14;20;1283-20
CO2;1283;CT-CO2-0;1f94f8ad-7171-b062-c0a5-dbf839ac97e9;CD:E6:D3:07;0;AVIÁRIO MEIO;1.043,00;01/11/2025;00:09:46;20;1283-20
CO2;1283;CT-CO2-0;1f94f8ad-7171-b062-c0a5-dbf839ac97e9;CD:E6:D3:07;0;AVIÁRIO MEIO;1.059,00;01/11/2025;00:15:19;20;1283-20
CO2;1283;CT-CO2-0;1f94f8ad-7171-b062-c0a5-dbf839ac97e9;CD:E6:D3:07;0;AVIÁRIO MEIO;1.016,00;01/11/2025;00:20:22;20;1283-20
CO2;1283;CT-CO2-0;1f94f8ad-7171-b062-c0a5-dbf839ac97e9;CD:E6:D3:07;0;AVIÁRIO MEIO;1.041,00;01/11/2025;00:25:55;20;1283-20
CO2;1283;CT-CO2-0;1f94f8ad-7171-b062-c0a5-dbf839ac97e9;CD:E6:D3:07;0;AVIÁRIO MEIO;1.060,00;01/11/2025;00:31:29;20;1283-20
CO2;1283;CT-CO2-0;1f94f8ad-7171-b062-c0a5-dbf839ac97e9;CD:E6:D3:07;0;AVIÁRIO MEIO;1.054,00;01/11/2025;00:36:31;20;1283-20
CO2;1283;CT-CO2-0;1f94f8ad-7171-b062-c0a5-dbf839ac97e9;CD:E6:D3:07;0;AVIÁRIO MEIO;1.065,00;01/11/2025;00:42:03;20;1283-20
CO2;1283;CT-CO2-0;1f94f8ad-7171-b062-c0a5-dbf839ac97e9;CD:E6:D3:07;0;AVIÁRIO MEIO;1.086,00;01/11/2025;00:47:35;20;1283-20
CO2;1283;CT-CO2-0;1f94f8ad-7171-b062-c0a5-dbf839ac97e9;CD:E6:D3:07;0;AVIÁRIO MEIO;1.101,00;01/11/2025;00:52:36;20;1283-20
CO2;1283;CT-CO2-0;1f94f8ad-7171-b062-c0a5-dbf839ac97e9;CD:E6:D3:07;0;AVIÁRIO MEIO;1.062,00;01/11/2025;00:58:40;20;1283-20
CO2;1283;CT-CO2-0;1f94f8ad-7171-b062-c0a5-dbf839ac97e9;CD:E6:D3:07;0;AVIÁRIO MEIO;1.069,00;01/11/2025;01:03:43;20;1283-20
CO2;1283;CT-CO2-0;1f94f8ad-7171-b062-c0a5-dbf839ac97e9;CD:E6:D3:07;0;AVIÁRIO MEIO;1.067,00;01/11/2025;01:09:15;20;1283-20
CO2;1283;CT-CO2-0;1f94f8ad-7171-b062-c0a5-dbf839ac97e9;CD:E6:D3:07;0;AVIÁRIO MEIO;1.075,00;01/11/2025;01:14:17;20;1283-20
CO2;1283;CT-CO2-0;1f94f8ad-7171-b062-c0a5-dbf839ac97e9;CD:E6:D3:07;0;AVIÁRIO MEIO;1.070,00;01/11/2025;01:19:52;20;1283-20
CO2;1283;CT-CO2-0;1f94f8ad-7171-b062-c0a5-dbf839ac97e9;CD:E6:D3:07;0;AVIÁRIO MEIO;1.120,00;01/11/2025;01:25:25;20;1283-20
CO2;1283;CT-CO2-0;1f94f8ad-7171-b062-c0a5-dbf839ac97e9;CD:E6:D3:07;0;AVIÁRIO MEIO;1.083,00;01/11/2025;01:36:03;20;1283-20
CO2;1283;CT-CO2-0;1f94f8ad-7171-b062-c0a5-dbf839ac97e9;CD:E6:D3:07;0;AVIÁRIO MEIO;1.132,00;01/11/2025;01:41:35;20;1283-20
CO2;1283;CT-CO2-0;1f94f8ad-7171-b062-c0a5-dbf839ac97e9;CD:E6:D3:07;0;AVIÁRIO MEIO;1.118,00;01/11/2025;01:46:38;20;1283-20
CO2;1283;CT-CO2-0;1f94f8ad-7171-b062-c0a5-dbf839ac97e9;CD:E6:D3:07;0;AVIÁRIO MEIO;1.092,00;01/11/2025;01:52:23;20;1283-20
CO2;1283;CT-CO2-0;1f94f8ad-7171-b062-c0a5-dbf839ac97e9;CD:E6:D3:07;0;AVIÁRIO MEIO;1.155,00;01/11/2025;01:57:42;20;1283-20
CO2;1283;CT-CO2-0;1f94f8ad-7171-b062-c0a5-dbf839ac97e9;CD:E6:D3:07;0;AVIÁRIO MEIO;1.152,00;01/11/2025;02:04:07;20;1283-20
CO2;1283;CT-CO2-0;1f94f8ad-7171-b062-c0a5-dbf839ac97e9;CD:E6:D3:07;0;AVIÁRIO MEIO;1.104,00;01/11/2025;02:08:57;20;1283-20
CO2;1283;CT-CO2-0;1f94f8ad-7171-b062-c0a5-dbf839ac97e9;CD:E6:D3:07;0;AVIÁRIO MEIO;1.133,00;01/11/2025;02:14:15;20;1283-20
CO2;1283;CT-CO2-0;1f94f8ad-7171-b062-c0a5-dbf839ac97e9;CD:E6:D3:07;0;AVIÁRIO MEIO;1.156,00;01/11/2025;02:20:06;20;1283-20
CO2;1283;CT-CO2-0;1f94f8ad-7171-b062-c0a5-dbf839ac97e9;CD:E6:D3:07;0;AVIÁRIO MEIO;1.159,00;01/11/2025;02:36:29;20;1283-20
CO2;1283;CT-CO2-0;1f94f8ad-7171-b062-c0a5-dbf839ac97e9;CD:E6:D3:07;0;AVIÁRIO MEIO;1.128,00;01/11/2025;02:41:44;20;1283-20
CO2;1283;CT-CO2-0;1f94f8ad-7171-b062-c0a5-dbf839ac97e9;CD:E6:D3:07;0;AVIÁRIO MEIO;1.081,00;01/11/2025;02:47:28;20;1283-20
CO2;1283;CT-CO2-0;1f94f8ad-7171-b062-c0a5-dbf839ac97e9;CD:E6:D3:07;0;AVIÁRIO MEIO;1.090,00;01/11/2025;02:52:41;20;1283-20
CO2;1283;CT-CO2-0;1f94f8ad-7171-b062-c0a5-dbf839ac97e9;CD:E6:D3:07;0;AVIÁRIO MEIO;1.147,00;01/11/2025;02:58:24;20;1283-20
CO2;1283;CT-CO2-0;1f94f8ad-7171-b062-c0a5-dbf839ac97e9;CD:E6:D3:07;0;AVIÁRIO MEIO;1.091,00;01/11/2025;03:03:27;20;1283-20
CO2;1283;CT-CO2-0;1f94f8ad-7171-b062-c0a5-dbf839ac97e9;CD:E6:D3:07;0;AVIÁRIO MEIO;1.076,00;01/11/2025;03:09:31;20;1283-20
CO2;1283;CT-CO2-0;1f94f8ad-7171-b062-c0a5-dbf839ac97e9;CD:E6:D3:07;0;AVIÁRIO MEIO;1.103,00;01/11/2025;03:14:34;20;1283-20
CO2;1283;CT-CO2-0;1f94f8ad-7171-b062-c0a5-dbf839ac97e9;CD:E6:D3:07;0;AVIÁRIO MEIO;1.098,00;01/11/2025;03:19:36;20;1283-20
CO2;1283;CT-CO2-0;1f94f8ad-7171-b062-c0a5-dbf839ac97e9;CD:E6:D3:07;0;AVIÁRIO MEIO;1.094,00;01/11/2025;03:25:09;20;1283-20
CO2;1283;CT-CO2-0;1f94f8ad-7171-b062-c0a5-dbf839ac97e9;CD:E6:D3:07;0;AVIÁRIO MEIO;1.131,00;01/11/2025;03:30:41;20;1283-20
CO2;1283;CT-CO2-0;1f94f8ad-7171-b062-c0a5-dbf839ac97e9;CD:E6:D3:07;0;AVIÁRIO MEIO;1.076,00;01/11/2025;03:35:44;20;1283-20
CO2;1283;CT-CO2-0;1f94f8ad-7171-b062-c0a5-dbf839ac97e9;CD:E6:D3:07;0;AVIÁRIO MEIO;1.072,00;01/11/2025;03:41:16;20;1283-20
CO2;1283;CT-CO2-0;1f94f8ad-7171-b062-c0a5-dbf839ac97e9;CD:E6:D3:07;0;AVIÁRIO MEIO;1.081,00;01/11/2025;03:46:48;20;1283-20
CO2;1283;CT-CO2-0;1f94f8ad-7171-b062-c0a5-dbf839ac97e9;CD:E6:D3:07;0;AVIÁRIO MEIO;1.086,00;01/11/2025;03:52:20;20;1283-20
CO2;1283;CT-CO2-0;1f94f8ad-7171-b062-c0a5-dbf839ac97e9;CD:E6:D3:07;0;AVIÁRIO MEIO;1.093,00;01/11/2025;03:57:22;20;1283-20
CO2;1283;CT-CO2-0;1f94f8ad-7171-b062-c0a5-dbf839ac97e9;CD:E6:D3:07;0;AVIÁRIO MEIO;1.091,00;01/11/2025;04:02:54;20;1283-20
CO2;1283;CT-CO2-0;1f94f8ad-7171-b062-c0a5-dbf839ac97e9;CD:E6:D3:07;0;AVIÁRIO MEIO;1.099,00;01/11/2025;04:08:26;20;1283-20
CO2;1283;CT-CO2-0;1f94f8ad-7171-b062-c0a5-dbf839ac97e9;CD:E6:D3:07;0;AVIÁRIO MEIO;1.066,00;01/11/2025;04:13:58;20;1283-20
CO2;1283;CT-CO2-0;1f94f8ad-7171-b062-c0a5-dbf839ac97e9;CD:E6:D3:07;0;AVIÁRIO MEIO;1.094,00;01/11/2025;04:19:32;20;1283-20
CO2;1283;CT-CO2-0;1f94f8ad-7171-b062-c0a5-dbf839ac97e9;CD:E6:D3:07;0;AVIÁRIO MEIO;1.123,00;01/11/2025;04:24:34;20;1283-20
CO2;1283;CT-CO2-0;1f94f8ad-7171-b062-c0a5-dbf839ac97e9;CD:E6:D3:07;0;AVIÁRIO MEIO;1.101,00;01/11/2025;04:30:06;20;1283-20
CO2;1283;CT-CO2-0;1f94f8ad-7171-b062-c0a5-dbf839ac97e9;CD:E6:D3:07;0;AVIÁRIO MEIO;1.080,00;01/11/2025;04:35:08;20;1283-20
CO2;1283;CT-CO2-0;1f94f8ad-7171-b062-c0a5-dbf839ac97e9;CD:E6:D3:07;0;AVIÁRIO MEIO;1.118,00;01/11/2025;04:40:40;20;1283-20
CO2;1283;CT-CO2-0;1f94f8ad-7171-b062-c0a5-dbf839ac97e9;CD:E6:D3:07;0;AVIÁRIO MEIO;1.087,00;01/11/2025;04:46:12;20;1283-20
CO2;1283;CT-CO2-0;1f94f8ad-7171-b062-c0a5-dbf839ac97e9;CD:E6:D3:07;0;AVIÁRIO MEIO;1.069,00;01/11/2025;04:51:45;20;1283-20
CO2;1283;CT-CO2-0;1f94f8ad-7171-b062-c0a5-dbf839ac97e9;CD:E6:D3:07;0;AVIÁRIO MEIO;1.100,00;01/11/2025;04:56:47;20;1283-20
CO2;1283;CT-CO2-0;1f94f8ad-7171-b062-c0a5-dbf839ac97e9;CD:E6:D3:07;0;AVIÁRIO MEIO;1.080,00;01/11/2025;05:02:19;20;1283-20
CO2;1283;CT-CO2-0;1f94f8ad-7171-b062-c0a5-dbf839ac97e9;CD:E6:D3:07;0;AVIÁRIO MEIO;1.076,00;01/11/2025;05:07:51;20;1283-20
CO2;1283;CT-CO2-0;1f94f8ad-7171-b062-c0a5-dbf839ac97e9;CD:E6:D3:07;0;AVIÁRIO MEIO;1.078,00;01/11/2025;05:12:53;20;1283-20
CO2;1283;CT-CO2-0;1f94f8ad-7171-b062-c0a5-dbf839ac97e9;CD:E6:D3:07;0;AVIÁRIO MEIO;1.062,00;01/11/2025;05:18:24;20;1283-20
CO2;1283;CT-CO2-0;1f94f8ad-7171-b062-c0a5-dbf839ac97e9;CD:E6:D3:07;0;AVIÁRIO MEIO;1.090,00;01/11/2025;05:23:57;20;1283-20
CO2;1283;CT-CO2-0;1f94f8ad-7171-b062-c0a5-dbf839ac97e9;CD:E6:D3:07;0;AVIÁRIO MEIO;1.069,00;01/11/2025;05:30:00;20;1283-20
CO2;1283;CT-CO2-0;1f94f8ad-7171-b062-c0a5-dbf839ac97e9;CD:E6:D3:07;0;AVIÁRIO MEIO;1.091,00;01/11/2025;05:34:32;20;1283-20
CO2;1283;CT-CO2-0;1f94f8ad-7171-b062-c0a5-dbf839ac97e9;CD:E6:D3:07;0;AVIÁRIO MEIO;1.134,00;01/11/2025;05:40:06;20;1283-20
CO2;1283;CT-CO2-0;1f94f8ad-7171-b062-c0a5-dbf839ac97e9;CD:E6:D3:07;0;AVIÁRIO MEIO;1.103,00;01/11/2025;05:45:38;20;1283-20
CO2;1283;CT-CO2-0;1f94f8ad-7171-b062-c0a5-dbf839ac97e9;CD:E6:D3:07;0;AVIÁRIO MEIO;1.073,00;01/11/2025;05:50:40;20;1283-20
CO2;1283;CT-CO2-0;1f94f8ad-7171-b062-c0a5-dbf839ac97e9;CD:E6:D3:07;0;AVIÁRIO MEIO;1.122,00;01/11/2025;05:56:12;20;1283-20
CO2;1283;CT-CO2-0;1f94f8ad-7171-b062-c0a5-dbf839ac97e9;CD:E6:D3:07;0;AVIÁRIO MEIO;1.102,00;01/11/2025;06:01:44;20;1283-20
CO2;1283;CT-CO2-0;1f94f8ad-7171-b062-c0a5-dbf839ac97e9;CD:E6:D3:07;0;AVIÁRIO MEIO;1.078,00;01/11/2025;06:07:17;20;1283-20
CO2;1283;CT-CO2-0;1f94f8ad-7171-b062-c0a5-dbf839ac97e9;CD:E6:D3:07;0;AVIÁRIO MEIO;1.110,00;01/11/2025;06:17:51;20;1283-20
CO2;1283;CT-CO2-0;1f94f8ad-7171-b062-c0a5-dbf839ac97e9;CD:E6:D3:07;0;AVIÁRIO MEIO;1.071,00;01/11/2025;06:23:23;20;1283-20
CO2;1283;CT-CO2-0;1f94f8ad-7171-b062-c0a5-dbf839ac97e9;CD:E6:D3:07;0;AVIÁRIO MEIO;1.068,00;01/11/2025;06:28:55;20;1283-20
CO2;1283;CT-CO2-0;1f94f8ad-7171-b062-c0a5-dbf839ac97e9;CD:E6:D3:07;0;AVIÁRIO MEIO;1.109,00;01/11/2025;06:33:56;20;1283-20
CO2;1283;CT-CO2-0;1f94f8ad-7171-b062-c0a5-dbf839ac97e9;CD:E6:D3:07;0;AVIÁRIO MEIO;1.105,00;01/11/2025;06:39:59;20;1283-20
CO2;1283;CT-CO2-0;1f94f8ad-7171-b062-c0a5-dbf839ac97e9;CD:E6:D3:07;0;AVIÁRIO MEIO;1.119,00;01/11/2025;06:45:01;20;1283-20
CO2;1283;CT-CO2-0;1f94f8ad-7171-b062-c0a5-dbf839ac97e9;CD:E6:D3:07;0;AVIÁRIO MEIO;1.124,00;01/11/2025;06:50:04;20;1283-20
CO2;1283;CT-CO2-0;1f94f8ad-7171-b062-c0a5-dbf839ac97e9;CD:E6:D3:07;0;AVIÁRIO MEIO;1.148,00;01/11/2025;06:55:37;20;1283-20
CO2;1283;CT-CO2-0;1f94f8ad-7171-b062-c0a5-dbf839ac97e9;CD:E6:D3:07;0;AVIÁRIO MEIO;1.155,00;01/11/2025;07:01:09;20;1283-20
CO2;1283;CT-CO2-0;1f94f8ad-7171-b062-c0a5-dbf839ac97e9;CD:E6:D3:07;0;AVIÁRIO MEIO;1.135,00;01/11/2025;07:06:41;20;1283-20
CO2;1283;CT-CO2-0;1f94f8ad-7171-b062-c0a5-dbf839ac97e9;CD:E6:D3:07;0;AVIÁRIO MEIO;1.108,00;01/11/2025;07:11:43;20;1283-20
CO2;1283;CT-CO2-0;1f94f8ad-7171-b062-c0a5-dbf839ac97e9;CD:E6:D3:07;0;AVIÁRIO MEIO;1.122,00;01/11/2025;07:17:14;20;1283-20
CO2;1283;CT-CO2-0;1f94f8ad-7171-b062-c0a5-dbf839ac97e9;CD:E6:D3:07;0;AVIÁRIO MEIO;1.191,00;01/11/2025;07:22:59;20;1283-20
CO2;1283;CT-CO2-0;1f94f8ad-7171-b062-c0a5-dbf839ac97e9;CD:E6:D3:07;0;AVIÁRIO MEIO;1.133,00;01/11/2025;07:28:15;20;1283-20
CO2;1283;CT-CO2-0;1f94f8ad-7171-b062-c0a5-dbf839ac97e9;CD:E6:D3:07;0;AVIÁRIO MEIO;1.116,00;01/11/2025;07:33:49;20;1283-20
CO2;1283;CT-CO2-0;1f94f8ad-7171-b062-c0a5-dbf839ac97e9;CD:E6:D3:07;0;AVIÁRIO MEIO;1.142,00;01/11/2025;07:39:33;20;1283-20
CO2;1283;CT-CO2-0;1f94f8ad-7171-b062-c0a5-dbf839ac97e9;CD:E6:D3:07;0;AVIÁRIO MEIO;1.133,00;01/11/2025;07:50:10;20;1283-20
CO2;1283;CT-CO2-0;1f94f8ad-7171-b062-c0a5-dbf839ac97e9;CD:E6:D3:07;0;AVIÁRIO MEIO;1.279,00;01/11/2025;08:01:12;20;1283-20
CO2;1283;CT-CO2-0;1f94f8ad-7171-b062-c0a5-dbf839ac97e9;CD:E6:D3:07;0;AVIÁRIO MEIO;1.307,00;01/11/2025;08:06:24;20;1283-20
CO2;1283;CT-CO2-0;1f94f8ad-7171-b062-c0a5-dbf839ac97e9;CD:E6:D3:07;0;AVIÁRIO MEIO;1.236,00;01/11/2025;08:12:10;20;1283-20
CO2;1283;CT-CO2-0;1f94f8ad-7171-b062-c0a5-dbf839ac97e9;CD:E6:D3:07;0;AVIÁRIO MEIO;1.152,00;01/11/2025;08:17:23;20;1283-20
CO2;1283;CT-CO2-0;1f94f8ad-7171-b062-c0a5-dbf839ac97e9;CD:E6:D3:07;0;AVIÁRIO MEIO;1.144,00;01/11/2025;08:23:06;20;1283-20
CO2;1283;CT-CO2-0;1f94f8ad-7171-b062-c0a5-dbf839ac97e9;CD:E6:D3:07;0;AVIÁRIO MEIO;1.134,00;01/11/2025;08:28:18;20;1283-20
CO2;1283;CT-CO2-0;1f94f8ad-7171-b062-c0a5-dbf839ac97e9;CD:E6:D3:07;0;AVIÁRIO MEIO;1.107,00;01/11/2025;08:33:22;20;1283-20
CO2;1283;CT-CO2-0;1f94f8ad-7171-b062-c0a5-dbf839ac97e9;CD:E6:D3:07;0;AVIÁRIO MEIO;1.099,00;01/11/2025;08:38:53;20;1283-20
CO2;1283;CT-CO2-0;1f94f8ad-7171-b062-c0a5-dbf839ac97e9;CD:E6:D3:07;0;AVIÁRIO MEIO;1.095,00;01/11/2025;08:44:25;20;1283-20
CO2;1283;CT-CO2-0;1f94f8ad-7171-b062-c0a5-dbf839ac97e9;CD:E6:D3:07;0;AVIÁRIO MEIO;1.129,00;01/11/2025;08:49:27;20;1283-20
CO2;1283;CT-CO2-0;1f94f8ad-7171-b062-c0a5-dbf839ac97e9;CD:E6:D3:07;0;AVIÁRIO MEIO;1.117,00;01/11/2025;08:55:29;20;1283-20
CO2;1283;CT-CO2-0;1f94f8ad-7171-b062-c0a5-dbf839ac97e9;CD:E6:D3:07;0;AVIÁRIO MEIO;1.108,00;01/11/2025;09:00:33;20;1283-20
CO2;1283;CT-CO2-0;1f94f8ad-7171-b062-c0a5-dbf839ac97e9;CD:E6:D3:07;0;AVIÁRIO MEIO;1.156,00;01/11/2025;09:05:35;20;1283-20
CO2;1283;CT-CO2-0;1f94f8ad-7171-b062-c0a5-dbf839ac97e9;CD:E6:D3:07;0;AVIÁRIO MEIO;1.056,00;01/11/2025;09:11:09;20;1283-20
CO2;1283;CT-CO2-0;1f94f8ad-7171-b062-c0a5-dbf839ac97e9;CD:E6:D3:07;0;AVIÁRIO MEIO;1.097,00;01/11/2025;09:16:40;20;1283-20
CO2;1283;CT-CO2-0;1f94f8ad-7171-b062-c0a5-dbf839ac97e9;CD:E6:D3:07;0;AVIÁRIO MEIO;1.148,00;01/11/2025;09:21:42;20;1283-20
CO2;1283;CT-CO2-0;1f94f8ad-7171-b062-c0a5-dbf839ac97e9;CD:E6:D3:07;0;AVIÁRIO MEIO;1.015,00;01/11/2025;09:27:16;20;1283-20
CO2;1283;CT-CO2-0;1f94f8ad-7171-b062-c0a5-dbf839ac97e9;CD:E6:D3:07;0;AVIÁRIO MEIO;1.057,00;01/11/2025;09:32:48;20;1283-20
CO2;1283;CT-CO2-0;1f94f8ad-7171-b062-c0a5-dbf839ac97e9;CD:E6:D3:07;0;AVIÁRIO MEIO;935,00;01/11/2025;09:37:51;20;1283-20
CO2;1283;CT-CO2-0;1f94f8ad-7171-b062-c0a5-dbf839ac97e9;CD:E6:D3:07;0;AVIÁRIO MEIO;975,00;01/11/2025;09:43:23;20;1283-20
CO2;1283;CT-CO2-0;1f94f8ad-7171-b062-c0a5-dbf839ac97e9;CD:E6:D3:07;0;AVIÁRIO MEIO;902,00;01/11/2025;09:48:55;20;1283-20
CO2;1283;CT-CO2-0;1f94f8ad-7171-b062-c0a5-dbf839ac97e9;CD:E6:D3:07;0;AVIÁRIO MEIO;847,00;01/11/2025;09:54:27;20;1283-20
CO2;1283;CT-CO2-0;1f94f8ad-7171-b062-c0a5-dbf839ac97e9;CD:E6:D3:07;0;AVIÁRIO MEIO;887,00;01/11/2025;09:59:29;20;1283-20
CO2;1283;CT-CO2-0;1f94f8ad-7171-b062-c0a5-dbf839ac97e9;CD:E6:D3:07;0;AVIÁRIO MEIO;850,00;01/11/2025;10:10:11;20;1283-20
CO2;1283;CT-CO2-0;1f94f8ad-7171-b062-c0a5-dbf839ac97e9;CD:E6:D3:07;0;AVIÁRIO MEIO;779,00;01/11/2025;10:15:43;20;1283-20
CO2;1283;CT-CO2-0;1f94f8ad-7171-b062-c0a5-dbf839ac97e9;CD:E6:D3:07;0;AVIÁRIO MEIO;850,00;01/11/2025;10:21:17;20;1283-20
CO2;1283;CT-CO2-0;1f94f8ad-7171-b062-c0a5-dbf839ac97e9;CD:E6:D3:07;0;AVIÁRIO MEIO;713,00;01/11/2025;10:31:50;20;1283-20
CO2;1283;CT-CO2-0;1f94f8ad-7171-b062-c0a5-dbf839ac97e9;CD:E6:D3:07;0;AVIÁRIO MEIO;718,00;01/11/2025;10:37:23;20;1283-20
CO2;1283;CT-CO2-0;1f94f8ad-7171-b062-c0a5-dbf839ac97e9;CD:E6:D3:07;0;AVIÁRIO MEIO;716,00;01/11/2025;10:42:24;20;1283-20
CO2;1283;CT-CO2-0;1f94f8ad-7171-b062-c0a5-dbf839ac97e9;CD:E6:D3:07;0;AVIÁRIO MEIO;717,00;01/11/2025;10:47:57;20;1283-20
CO2;1283;CT-CO2-0;1f94f8ad-7171-b062-c0a5-dbf839ac97e9;CD:E6:D3:07;0;AVIÁRIO MEIO;718,00;01/11/2025;10:53:29;20;1283-20
CO2;1283;CT-CO2-0;1f94f8ad-7171-b062-c0a5-dbf839ac97e9;CD:E6:D3:07;0;AVIÁRIO MEIO;726,00;01/11/2025;10:59:01;20;1283-20
CO2;1283;CT-CO2-0;1f94f8ad-7171-b062-c0a5-dbf839ac97e9;CD:E6:D3:07;0;AVIÁRIO MEIO;736,00;01/11/2025;11:04:03;20;1283-20
CO2;1283;CT-CO2-0;1f94f8ad-7171-b062-c0a5-dbf839ac97e9;CD:E6:D3:07;0;AVIÁRIO MEIO;728,00;01/11/2025;11:09:34;20;1283-20
CO2;1283;CT-CO2-0;1f94f8ad-7171-b062-c0a5-dbf839ac97e9;CD:E6:D3:07;0;AVIÁRIO MEIO;725,00;01/11/2025;11:15:48;20;1283-20
CO2;1283;CT-CO2-0;1f94f8ad-7171-b062-c0a5-dbf839ac97e9;CD:E6:D3:07;0;AVIÁRIO MEIO;721,00;01/11/2025;11:20:19;20;1283-20
CO2;1283;CT-CO2-0;1f94f8ad-7171-b062-c0a5-dbf839ac97e9;CD:E6:D3:07;0;AVIÁRIO MEIO;730,00;01/11/2025;11:25:52;20;1283-20
CO2;1283;CT-CO2-0;1f94f8ad-7171-b062-c0a5-dbf839ac97e9;CD:E6:D3:07;0;AVIÁRIO MEIO;775,00;01/11/2025;11:30:53;20;1283-20
CO2;1283;CT-CO2-0;1f94f8ad-7171-b062-c0a5-dbf839ac97e9;CD:E6:D3:07;0;AVIÁRIO MEIO;728,00;01/11/2025;11:36:25;20;1283-20
CO2;1283;CT-CO2-0;1f94f8ad-7171-b062-c0a5-dbf839ac97e9;CD:E6:D3:07;0;AVIÁRIO MEIO;726,00;01/11/2025;11:41:58;20;1283-20
CO2;1283;CT-CO2-0;1f94f8ad-7171-b062-c0a5-dbf839ac97e9;CD:E6:D3:07;0;AVIÁRIO MEIO;731,00;01/11/2025;11:47:00;20;1283-20
CO2;1283;CT-CO2-0;1f94f8ad-7171-b062-c0a5-dbf839ac97e9;CD:E6:D3:07;0;AVIÁRIO MEIO;689,00;01/11/2025;11:52:32;20;1283-20
CO2;1283;CT-CO2-0;1f94f8ad-7171-b062-c0a5-dbf839ac97e9;CD:E6:D3:07;0;AVIÁRIO MEIO;653,00;01/11/2025;11:58:04;20;1283-20
CO2;1283;CT-CO2-0;1f94f8ad-7171-b062-c0a5-dbf839ac97e9;CD:E6:D3:07;0;AVIÁRIO MEIO;652,00;01/11/2025;12:03:36;20;1283-20
CO2;1283;CT-CO2-0;1f94f8ad-7171-b062-c0a5-dbf839ac97e9;CD:E6:D3:07;0;AVIÁRIO MEIO;643,00;01/11/2025;12:08:37;20;1283-20
CO2;1283;CT-CO2-0;1f94f8ad-7171-b062-c0a5-dbf839ac97e9;CD:E6:D3:07;0;AVIÁRIO MEIO;646,00;01/11/2025;12:14:09;20;1283-20
CO2;1283;CT-CO2-0;1f94f8ad-7171-b062-c0a5-dbf839ac97e9;CD:E6:D3:07;0;AVIÁRIO MEIO;648,00;01/11/2025;12:19:41;20;1283-20
CO2;1283;CT-CO2-0;1f94f8ad-7171-b062-c0a5-dbf839ac97e9;CD:E6:D3:07;0;AVIÁRIO MEIO;610,00;01/11/2025;12:35:49;20;1283-20
CO2;1283;CT-CO2-0;1f94f8ad-7171-b062-c0a5-dbf839ac97e9;CD:E6:D3:07;0;AVIÁRIO MEIO;593,00;01/11/2025;12:40:51;20;1283-20
CO2;1283;CT-CO2-0;1f94f8ad-7171-b062-c0a5-dbf839ac97e9;CD:E6:D3:07;0;AVIÁRIO MEIO;606,00;01/11/2025;12:46:23;20;1283-20
CO2;1283;CT-CO2-0;1f94f8ad-7171-b062-c0a5-dbf839ac97e9;CD:E6:D3:07;0;AVIÁRIO MEIO;603,00;01/11/2025;12:51:55;20;1283-20
CO2;1283;CT-CO2-0;1f94f8ad-7171-b062-c0a5-dbf839ac97e9;CD:E6:D3:07;0;AVIÁRIO MEIO;591,00;01/11/2025;12:57:27;20;1283-20
CO2;1283;CT-CO2-0;1f94f8ad-7171-b062-c0a5-dbf839ac97e9;CD:E6:D3:07;0;AVIÁRIO MEIO;608,00;01/11/2025;13:02:30;20;1283-20
CO2;1283;CT-CO2-0;1f94f8ad-7171-b062-c0a5-dbf839ac97e9;CD:E6:D3:07;0;AVIÁRIO MEIO;601,00;01/11/2025;13:08:02;20;1283-20
CO2;1283;CT-CO2-0;1f94f8ad-7171-b062-c0a5-dbf839ac97e9;CD:E6:D3:07;0;AVIÁRIO MEIO;597,00;01/11/2025;13:13:34;20;1283-20
CO2;1283;CT-CO2-0;1f94f8ad-7171-b062-c0a5-dbf839ac97e9;CD:E6:D3:07;0;AVIÁRIO MEIO;602,00;01/11/2025;13:18:36;20;1283-20
CO2;1283;CT-CO2-0;1f94f8ad-7171-b062-c0a5-dbf839ac97e9;CD:E6:D3:07;0;AVIÁRIO MEIO;613,00;01/11/2025;13:24:08;20;1283-20
CO2;1283;CT-CO2-0;1f94f8ad-7171-b062-c0a5-dbf839ac97e9;CD:E6:D3:07;0;AVIÁRIO MEIO;601,00;01/11/2025;13:29:40;20;1283-20
CO2;1283;CT-CO2-0;1f94f8ad-7171-b062-c0a5-dbf839ac97e9;CD:E6:D3:07;0;AVIÁRIO MEIO;597,00;01/11/2025;13:40:17;20;1283-20
CO2;1283;CT-CO2-0;1f94f8ad-7171-b062-c0a5-dbf839ac97e9;CD:E6:D3:07;0;AVIÁRIO MEIO;647,00;01/11/2025;13:45:49;20;1283-20
CO2;1283;CT-CO2-0;1f94f8ad-7171-b062-c0a5-dbf839ac97e9;CD:E6:D3:07;0;AVIÁRIO MEIO;610,00;01/11/2025;13:50:52;20;1283-20
CO2;1283;CT-CO2-0;1f94f8ad-7171-b062-c0a5-dbf839ac97e9;CD:E6:D3:07;0;AVIÁRIO MEIO;618,00;01/11/2025;13:56:25;20;1283-20
CO2;1283;CT-CO2-0;1f94f8ad-7171-b062-c0a5-dbf839ac97e9;CD:E6:D3:07;0;AVIÁRIO MEIO;613,00;01/11/2025;14:01:57;20;1283-20
CO2;1283;CT-CO2-0;1f94f8ad-7171-b062-c0a5-dbf839ac97e9;CD:E6:D3:07;0;AVIÁRIO MEIO;600,00;01/11/2025;14:07:29;20;1283-20
CO2;1283;CT-CO2-0;1f94f8ad-7171-b062-c0a5-dbf839ac97e9;CD:E6:D3:07;0;AVIÁRIO MEIO;600,00;01/11/2025;14:12:31;20;1283-20
CO2;1283;CT-CO2-0;1f94f8ad-7171-b062-c0a5-dbf839ac97e9;CD:E6:D3:07;0;AVIÁRIO MEIO;607,00;01/11/2025;14:18:03;20;1283-20
CO2;1283;CT-CO2-0;1f94f8ad-7171-b062-c0a5-dbf839ac97e9;CD:E6:D3:07;0;AVIÁRIO MEIO;604,00;01/11/2025;14:23:35;20;1283-20
CO2;1283;CT-CO2-0;1f94f8ad-7171-b062-c0a5-dbf839ac97e9;CD:E6:D3:07;0;AVIÁRIO MEIO;596,00;01/11/2025;14:28:38;20;1283-20
CO2;1283;CT-CO2-0;1f94f8ad-7171-b062-c0a5-dbf839ac97e9;CD:E6:D3:07;0;AVIÁRIO MEIO;604,00;01/11/2025;14:34:10;20;1283-20
CO2;1283;CT-CO2-0;1f94f8ad-7171-b062-c0a5-dbf839ac97e9;CD:E6:D3:07;0;AVIÁRIO MEIO;604,00;01/11/2025;14:39:41;20;1283-20
CO2;1283;CT-CO2-0;1f94f8ad-7171-b062-c0a5-dbf839ac97e9;CD:E6:D3:07;0;AVIÁRIO MEIO;609,00;01/11/2025;14:45:16;20;1283-20
CO2;1283;CT-CO2-0;1f94f8ad-7171-b062-c0a5-dbf839ac97e9;CD:E6:D3:07;0;AVIÁRIO MEIO;611,00;01/11/2025;14:50:19;20;1283-20
CO2;1283;CT-CO2-0;1f94f8ad-7171-b062-c0a5-dbf839ac97e9;CD:E6:D3:07;0;AVIÁRIO MEIO;604,00;01/11/2025;14:55:51;20;1283-20
CO2;1283;CT-CO2-0;1f94f8ad-7171-b062-c0a5-dbf839ac97e9;CD:E6:D3:07;0;AVIÁRIO MEIO;603,00;01/11/2025;15:00:54;20;1283-20
CO2;1283;CT-CO2-0;1f94f8ad-7171-b062-c0a5-dbf839ac97e9;CD:E6:D3:07;0;AVIÁRIO MEIO;607,00;01/11/2025;15:06:26;20;1283-20
CO2;1283;CT-CO2-0;1f94f8ad-7171-b062-c0a5-dbf839ac97e9;CD:E6:D3:07;0;AVIÁRIO MEIO;600,00;01/11/2025;15:11:58;20;1283-20
CO2;1283;CT-CO2-0;1f94f8ad-7171-b062-c0a5-dbf839ac97e9;CD:E6:D3:07;0;AVIÁRIO MEIO;588,00;01/11/2025;15:17:30;20;1283-20
CO2;1283;CT-CO2-0;1f94f8ad-7171-b062-c0a5-dbf839ac97e9;CD:E6:D3:07;0;AVIÁRIO MEIO;594,00;01/11/2025;15:22:32;20;1283-20
CO2;1283;CT-CO2-0;1f94f8ad-7171-b062-c0a5-dbf839ac97e9;CD:E6:D3:07;0;AVIÁRIO MEIO;594,00;01/11/2025;15:28:04;20;1283-20
CO2;1283;CT-CO2-0;1f94f8ad-7171-b062-c0a5-dbf839ac97e9;CD:E6:D3:07;0;AVIÁRIO MEIO;606,00;01/11/2025;15:33:36;20;1283-20
CO2;1283;CT-CO2-0;1f94f8ad-7171-b062-c0a5-dbf839ac97e9;CD:E6:D3:07;0;AVIÁRIO MEIO;602,00;01/11/2025;15:38:37;20;1283-20
CO2;1283;CT-CO2-0;1f94f8ad-7171-b062-c0a5-dbf839ac97e9;CD:E6:D3:07;0;AVIÁRIO MEIO;640,00;01/11/2025;15:44:10;20;1283-20
CO2;1283;CT-CO2-0;1f94f8ad-7171-b062-c0a5-dbf839ac97e9;CD:E6:D3:07;0;AVIÁRIO MEIO;595,00;01/11/2025;15:49:42;20;1283-20
CO2;1283;CT-CO2-0;1f94f8ad-7171-b062-c0a5-dbf839ac97e9;CD:E6:D3:07;0;AVIÁRIO MEIO;611,00;01/11/2025;15:55:16;20;1283-20
CO2;1283;CT-CO2-0;1f94f8ad-7171-b062-c0a5-dbf839ac97e9;CD:E6:D3:07;0;AVIÁRIO MEIO;601,00;01/11/2025;16:00:18;20;1283-20
CO2;1283;CT-CO2-0;1f94f8ad-7171-b062-c0a5-dbf839ac97e9;CD:E6:D3:07;0;AVIÁRIO MEIO;596,00;01/11/2025;16:05:50;20;1283-20
CO2;1283;CT-CO2-0;1f94f8ad-7171-b062-c0a5-dbf839ac97e9;CD:E6:D3:07;0;AVIÁRIO MEIO;609,00;01/11/2025;16:11:23;20;1283-20
CO2;1283;CT-CO2-0;1f94f8ad-7171-b062-c0a5-dbf839ac97e9;CD:E6:D3:07;0;AVIÁRIO MEIO;609,00;01/11/2025;16:16:25;20;1283-20
CO2;1283;CT-CO2-0;1f94f8ad-7171-b062-c0a5-dbf839ac97e9;CD:E6:D3:07;0;AVIÁRIO MEIO;636,00;01/11/2025;16:21:58;20;1283-20
CO2;1283;CT-CO2-0;1f94f8ad-7171-b062-c0a5-dbf839ac97e9;CD:E6:D3:07;0;AVIÁRIO MEIO;689,00;01/11/2025;16:27:30;20;1283-20
CO2;1283;CT-CO2-0;1f94f8ad-7171-b062-c0a5-dbf839ac97e9;CD:E6:D3:07;0;AVIÁRIO MEIO;741,00;01/11/2025;16:32:32;20;1283-20
CO2;1283;CT-CO2-0;1f94f8ad-7171-b062-c0a5-dbf839ac97e9;CD:E6:D3:07;0;AVIÁRIO MEIO;744,00;01/11/2025;16:38:04;20;1283-20
CO2;1283;CT-CO2-0;1f94f8ad-7171-b062-c0a5-dbf839ac97e9;CD:E6:D3:07;0;AVIÁRIO MEIO;738,00;01/11/2025;16:43:38;20;1283-20
CO2;1283;CT-CO2-0;1f94f8ad-7171-b062-c0a5-dbf839ac97e9;CD:E6:D3:07;0;AVIÁRIO MEIO;941,00;01/11/2025;16:48:40;20;1283-20
CO2;1283;CT-CO2-0;1f94f8ad-7171-b062-c0a5-dbf839ac97e9;CD:E6:D3:07;0;AVIÁRIO MEIO;794,00;01/11/2025;16:54:12;20;1283-20
CO2;1283;CT-CO2-0;1f94f8ad-7171-b062-c0a5-dbf839ac97e9;CD:E6:D3:07;0;AVIÁRIO MEIO;900,00;01/11/2025;16:59:44;20;1283-20
CO2;1283;CT-CO2-0;1f94f8ad-7171-b062-c0a5-dbf839ac97e9;CD:E6:D3:07;0;AVIÁRIO MEIO;921,00;01/11/2025;17:05:55;20;1283-20
CO2;1283;CT-CO2-0;1f94f8ad-7171-b062-c0a5-dbf839ac97e9;CD:E6:D3:07;0;AVIÁRIO MEIO;845,00;01/11/2025;17:10:26;20;1283-20
CO2;1283;CT-CO2-0;1f94f8ad-7171-b062-c0a5-dbf839ac97e9;CD:E6:D3:07;0;AVIÁRIO MEIO;926,00;01/11/2025;17:15:58;20;1283-20
CO2;1283;CT-CO2-0;1f94f8ad-7171-b062-c0a5-dbf839ac97e9;CD:E6:D3:07;0;AVIÁRIO MEIO;919,00;01/11/2025;17:21:30;20;1283-20
CO2;1283;CT-CO2-0;1f94f8ad-7171-b062-c0a5-dbf839ac97e9;CD:E6:D3:07;0;AVIÁRIO MEIO;911,00;01/11/2025;17:26:35;20;1283-20
CO2;1283;CT-CO2-0;1f94f8ad-7171-b062-c0a5-dbf839ac97e9;CD:E6:D3:07;0;AVIÁRIO MEIO;1.068,00;01/11/2025;17:32:07;20;1283-20
CO2;1283;CT-CO2-0;1f94f8ad-7171-b062-c0a5-dbf839ac97e9;CD:E6:D3:07;0;AVIÁRIO MEIO;1.026,00;01/11/2025;17:37:41;20;1283-20
CO2;1283;CT-CO2-0;1f94f8ad-7171-b062-c0a5-dbf839ac97e9;CD:E6:D3:07;0;AVIÁRIO MEIO;1.129,00;01/11/2025;17:42:43;20;1283-20
CO2;1283;CT-CO2-0;1f94f8ad-7171-b062-c0a5-dbf839ac97e9;CD:E6:D3:07;0;AVIÁRIO MEIO;1.061,00;01/11/2025;17:48:15;20;1283-20
CO2;1283;CT-CO2-0;1f94f8ad-7171-b062-c0a5-dbf839ac97e9;CD:E6:D3:07;0;AVIÁRIO MEIO;1.116,00;01/11/2025;17:53:47;20;1283-20
CO2;1283;CT-CO2-0;1f94f8ad-7171-b062-c0a5-dbf839ac97e9;CD:E6:D3:07;0;AVIÁRIO MEIO;1.104,00;01/11/2025;17:58:49;20;1283-20
CO2;1283;CT-CO2-0;1f94f8ad-7171-b062-c0a5-dbf839ac97e9;CD:E6:D3:07;0;AVIÁRIO MEIO;1.091,00;01/11/2025;18:04:23;20;1283-20
CO2;1283;CT-CO2-0;1f94f8ad-7171-b062-c0a5-dbf839ac97e9;CD:E6:D3:07;0;AVIÁRIO MEIO;1.252,00;01/11/2025;18:15:27;20;1283-20
CO2;1283;CT-CO2-0;1f94f8ad-7171-b062-c0a5-dbf839ac97e9;CD:E6:D3:07;0;AVIÁRIO MEIO;1.358,00;01/11/2025;18:24:59;20;1283-20
CO2;1283;CT-CO2-0;1f94f8ad-7171-b062-c0a5-dbf839ac97e9;CD:E6:D3:07;0;AVIÁRIO MEIO;1.122,00;01/11/2025;18:30:31;20;1283-20
CO2;1283;CT-CO2-0;1f94f8ad-7171-b062-c0a5-dbf839ac97e9;CD:E6:D3:07;0;AVIÁRIO MEIO;1.206,00;01/11/2025;18:36:05;20;1283-20
CO2;1283;CT-CO2-0;1f94f8ad-7171-b062-c0a5-dbf839ac97e9;CD:E6:D3:07;0;AVIÁRIO MEIO;1.122,00;01/11/2025;18:41:07;20;1283-20
CO2;1283;CT-CO2-0;1f94f8ad-7171-b062-c0a5-dbf839ac97e9;CD:E6:D3:07;0;AVIÁRIO MEIO;1.122,00;01/11/2025;18:46:38;20;1283-20
CO2;1283;CT-CO2-0;1f94f8ad-7171-b062-c0a5-dbf839ac97e9;CD:E6:D3:07;0;AVIÁRIO MEIO;1.129,00;01/11/2025;18:52:10;20;1283-20
CO2;1283;CT-CO2-0;1f94f8ad-7171-b062-c0a5-dbf839ac97e9;CD:E6:D3:07;0;AVIÁRIO MEIO;1.183,00;01/11/2025;18:57:17;20;1283-20
CO2;1283;CT-CO2-0;1f94f8ad-7171-b062-c0a5-dbf839ac97e9;CD:E6:D3:07;0;AVIÁRIO MEIO;1.184,00;01/11/2025;19:02:50;20;1283-20
CO2;1283;CT-CO2-0;1f94f8ad-7171-b062-c0a5-dbf839ac97e9;CD:E6:D3:07;0;AVIÁRIO MEIO;1.185,00;01/11/2025;19:08:24;20;1283-20
CO2;1283;CT-CO2-0;1f94f8ad-7171-b062-c0a5-dbf839ac97e9;CD:E6:D3:07;0;AVIÁRIO MEIO;1.172,00;01/11/2025;19:13:26;20;1283-20
CO2;1283;CT-CO2-0;1f94f8ad-7171-b062-c0a5-dbf839ac97e9;CD:E6:D3:07;0;AVIÁRIO MEIO;1.167,00;01/11/2025;19:18:59;20;1283-20
CO2;1283;CT-CO2-0;1f94f8ad-7171-b062-c0a5-dbf839ac97e9;CD:E6:D3:07;0;AVIÁRIO MEIO;1.156,00;01/11/2025;19:25:02;20;1283-20
CO2;1283;CT-CO2-0;1f94f8ad-7171-b062-c0a5-dbf839ac97e9;CD:E6:D3:07;0;AVIÁRIO MEIO;1.169,00;01/11/2025;19:29:35;20;1283-20
CO2;1283;CT-CO2-0;1f94f8ad-7171-b062-c0a5-dbf839ac97e9;CD:E6:D3:07;0;AVIÁRIO MEIO;1.167,00;01/11/2025;19:35:13;20;1283-20
CO2;1283;CT-CO2-0;1f94f8ad-7171-b062-c0a5-dbf839ac97e9;CD:E6:D3:07;0;AVIÁRIO MEIO;1.209,00;01/11/2025;19:45:48;20;1283-20
CO2;1283;CT-CO2-0;1f94f8ad-7171-b062-c0a5-dbf839ac97e9;CD:E6:D3:07;0;AVIÁRIO MEIO;1.191,00;01/11/2025;19:51:20;20;1283-20
CO2;1283;CT-CO2-0;1f94f8ad-7171-b062-c0a5-dbf839ac97e9;CD:E6:D3:07;0;AVIÁRIO MEIO;1.181,00;01/11/2025;19:56:22;20;1283-20
CO2;1283;CT-CO2-0;1f94f8ad-7171-b062-c0a5-dbf839ac97e9;CD:E6:D3:07;0;AVIÁRIO MEIO;1.190,00;01/11/2025;20:01:56;20;1283-20
CO2;1283;CT-CO2-0;1f94f8ad-7171-b062-c0a5-dbf839ac97e9;CD:E6:D3:07;0;AVIÁRIO MEIO;1.188,00;01/11/2025;20:07:28;20;1283-20
CO2;1283;CT-CO2-0;1f94f8ad-7171-b062-c0a5-dbf839ac97e9;CD:E6:D3:07;0;AVIÁRIO MEIO;1.178,00;01/11/2025;20:13:01;20;1283-20
CO2;1283;CT-CO2-0;1f94f8ad-7171-b062-c0a5-dbf839ac97e9;CD:E6:D3:07;0;AVIÁRIO MEIO;1.180,00;01/11/2025;20:18:03;20;1283-20
CO2;1283;CT-CO2-0;1f94f8ad-7171-b062-c0a5-dbf839ac97e9;CD:E6:D3:07;0;AVIÁRIO MEIO;1.167,00;01/11/2025;20:23:35;20;1283-20
CO2;1283;CT-CO2-0;1f94f8ad-7171-b062-c0a5-dbf839ac97e9;CD:E6:D3:07;0;AVIÁRIO MEIO;1.181,00;01/11/2025;20:29:07;20;1283-20
CO2;1283;CT-CO2-0;1f94f8ad-7171-b062-c0a5-dbf839ac97e9;CD:E6:D3:07;0;AVIÁRIO MEIO;1.208,00;01/11/2025;20:34:41;20;1283-20
CO2;1283;CT-CO2-0;1f94f8ad-7171-b062-c0a5-dbf839ac97e9;CD:E6:D3:07;0;AVIÁRIO MEIO;1.168,00;01/11/2025;20:39:44;20;1283-20
CO2;1283;CT-CO2-0;1f94f8ad-7171-b062-c0a5-dbf839ac97e9;CD:E6:D3:07;0;AVIÁRIO MEIO;1.184,00;01/11/2025;20:55:51;20;1283-20
CO2;1283;CT-CO2-0;1f94f8ad-7171-b062-c0a5-dbf839ac97e9;CD:E6:D3:07;0;AVIÁRIO MEIO;1.169,00;01/11/2025;21:01:25;20;1283-20
CO2;1283;CT-CO2-0;1f94f8ad-7171-b062-c0a5-dbf839ac97e9;CD:E6:D3:07;0;AVIÁRIO MEIO;1.196,00;01/11/2025;21:06:58;20;1283-20
CO2;1283;CT-CO2-0;1f94f8ad-7171-b062-c0a5-dbf839ac97e9;CD:E6:D3:07;0;AVIÁRIO MEIO;1.247,00;01/11/2025;21:12:31;20;1283-20
CO2;1283;CT-CO2-0;1f94f8ad-7171-b062-c0a5-dbf839ac97e9;CD:E6:D3:07;0;AVIÁRIO MEIO;1.193,00;01/11/2025;21:18:03;20;1283-20
CO2;1283;CT-CO2-0;1f94f8ad-7171-b062-c0a5-dbf839ac97e9;CD:E6:D3:07;0;AVIÁRIO MEIO;1.197,00;01/11/2025;21:23:06;20;1283-20
CO2;1283;CT-CO2-0;1f94f8ad-7171-b062-c0a5-dbf839ac97e9;CD:E6:D3:07;0;AVIÁRIO MEIO;1.201,00;01/11/2025;21:28:38;20;1283-20
CO2;1283;CT-CO2-0;1f94f8ad-7171-b062-c0a5-dbf839ac97e9;CD:E6:D3:07;0;AVIÁRIO MEIO;1.267,00;01/11/2025;21:34:09;20;1283-20
CO2;1283;CT-CO2-0;1f94f8ad-7171-b062-c0a5-dbf839ac97e9;CD:E6:D3:07;0;AVIÁRIO MEIO;1.221,00;01/11/2025;21:39:42;20;1283-20
CO2;1283;CT-CO2-0;1f94f8ad-7171-b062-c0a5-dbf839ac97e9;CD:E6:D3:07;0;AVIÁRIO MEIO;1.194,00;01/11/2025;21:44:44;20;1283-20
CO2;1283;CT-CO2-0;1f94f8ad-7171-b062-c0a5-dbf839ac97e9;CD:E6:D3:07;0;AVIÁRIO MEIO;1.217,00;01/11/2025;21:50:16;20;1283-20
CO2;1283;CT-CO2-0;1f94f8ad-7171-b062-c0a5-dbf839ac97e9;CD:E6:D3:07;0;AVIÁRIO MEIO;1.218,00;01/11/2025;21:55:48;20;1283-20
CO2;1283;CT-CO2-0;1f94f8ad-7171-b062-c0a5-dbf839ac97e9;CD:E6:D3:07;0;AVIÁRIO MEIO;1.240,00;01/11/2025;22:00:55;20;1283-20
CO2;1283;CT-CO2-0;1f94f8ad-7171-b062-c0a5-dbf839ac97e9;CD:E6:D3:07;0;AVIÁRIO MEIO;1.218,00;01/11/2025;22:06:27;20;1283-20
CO2;1283;CT-CO2-0;1f94f8ad-7171-b062-c0a5-dbf839ac97e9;CD:E6:D3:07;0;AVIÁRIO MEIO;1.223,00;01/11/2025;22:11:30;20;1283-20
CO2;1283;CT-CO2-0;1f94f8ad-7171-b062-c0a5-dbf839ac97e9;CD:E6:D3:07;0;AVIÁRIO MEIO;1.267,00;01/11/2025;22:17:04;20;1283-20
CO2;1283;CT-CO2-0;1f94f8ad-7171-b062-c0a5-dbf839ac97e9;CD:E6:D3:07;0;AVIÁRIO MEIO;1.304,00;01/11/2025;22:22:37;20;1283-20
CO2;1283;CT-CO2-0;1f94f8ad-7171-b062-c0a5-dbf839ac97e9;CD:E6:D3:07;0;AVIÁRIO MEIO;1.268,00;01/11/2025;22:27:39;20;1283-20
CO2;1283;CT-CO2-0;1f94f8ad-7171-b062-c0a5-dbf839ac97e9;CD:E6:D3:07;0;AVIÁRIO MEIO;1.265,00;01/11/2025;22:33:11;20;1283-20
CO2;1283;CT-CO2-0;1f94f8ad-7171-b062-c0a5-dbf839ac97e9;CD:E6:D3:07;0;AVIÁRIO MEIO;1.355,00;01/11/2025;22:38:44;20;1283-20
CO2;1283;CT-CO2-0;1f94f8ad-7171-b062-c0a5-dbf839ac97e9;CD:E6:D3:07;0;AVIÁRIO MEIO;1.266,00;01/11/2025;22:43:45;20;1283-20
CO2;1283;CT-CO2-0;1f94f8ad-7171-b062-c0a5-dbf839ac97e9;CD:E6:D3:07;0;AVIÁRIO MEIO;1.282,00;01/11/2025;22:49:49;20;1283-20
CO2;1283;CT-CO2-0;1f94f8ad-7171-b062-c0a5-dbf839ac97e9;CD:E6:D3:07;0;AVIÁRIO MEIO;1.269,00;01/11/2025;22:54:51;20;1283-20
CO2;1283;CT-CO2-0;1f94f8ad-7171-b062-c0a5-dbf839ac97e9;CD:E6:D3:07;0;AVIÁRIO MEIO;1.225,00;01/11/2025;23:00:22;20;1283-20
CO2;1283;CT-CO2-0;1f94f8ad-7171-b062-c0a5-dbf839ac97e9;CD:E6:D3:07;0;AVIÁRIO MEIO;1.189,00;01/11/2025;23:05:24;20;1283-20
CO2;1283;CT-CO2-0;1f94f8ad-7171-b062-c0a5-dbf839ac97e9;CD:E6:D3:07;0;AVIÁRIO MEIO;1.254,00;01/11/2025;23:10:56;20;1283-20
CO2;1283;CT-CO2-0;1f94f8ad-7171-b062-c0a5-dbf839ac97e9;CD:E6:D3:07;0;AVIÁRIO MEIO;1.207,00;01/11/2025;23:16:28;20;1283-20
CO2;1283;CT-CO2-0;1f94f8ad-7171-b062-c0a5-dbf839ac97e9;CD:E6:D3:07;0;AVIÁRIO MEIO;1.251,00;01/11/2025;23:22:00;20;1283-20
CO2;1283;CT-CO2-0;1f94f8ad-7171-b062-c0a5-dbf839ac97e9;CD:E6:D3:07;0;AVIÁRIO MEIO;1.203,00;01/11/2025;23:27:02;20;1283-20
CO2;1283;CT-CO2-0;1f94f8ad-7171-b062-c0a5-dbf839ac97e9;CD:E6:D3:07;0;AVIÁRIO MEIO;1.220,00;01/11/2025;23:32:34;20;1283-20
CO2;1283;CT-CO2-0;1f94f8ad-7171-b062-c0a5-dbf839ac97e9;CD:E6:D3:07;0;AVIÁRIO MEIO;1.188,00;01/11/2025;23:38:07;20;1283-20
CO2;1283;CT-CO2-0;1f94f8ad-7171-b062-c0a5-dbf839ac97e9;CD:E6:D3:07;0;AVIÁRIO MEIO;1.232,00;01/11/2025;23:43:40;20;1283-20
CO2;1283;CT-CO2-0;1f94f8ad-7171-b062-c0a5-dbf839ac97e9;CD:E6:D3:07;0;AVIÁRIO MEIO;1.201,00;01/11/2025;23:48:59;20;1283-20
CO2;1283;CT-CO2-0;1f94f8ad-7171-b062-c0a5-dbf839ac97e9;CD:E6:D3:07;0;AVIÁRIO MEIO;1.225,00;01/11/2025;23:55:04;20;1283-20
CO2;1283;CT-CO2-0;1f94f8ad-7171-b062-c0a5-dbf839ac97e9;CD:E6:D3:07;0;AVIÁRIO MEIO;1.161,00;02/11/2025;00:05:31;20;1283-20
CO2;1283;CT-CO2-0;1f94f8ad-7171-b062-c0a5-dbf839ac97e9;CD:E6:D3:07;0;AVIÁRIO MEIO;1.188,00;02/11/2025;00:11:03;20;1283-20
CO2;1283;CT-CO2-0;1f94f8ad-7171-b062-c0a5-dbf839ac97e9;CD:E6:D3:07;0;AVIÁRIO MEIO;1.221,00;02/11/2025;00:16:05;20;1283-20
CO2;1283;CT-CO2-0;1f94f8ad-7171-b062-c0a5-dbf839ac97e9;CD:E6:D3:07;0;AVIÁRIO MEIO;1.183,00;02/11/2025;00:21:37;20;1283-20
CO2;1283;CT-CO2-0;1f94f8ad-7171-b062-c0a5-dbf839ac97e9;CD:E6:D3:07;0;AVIÁRIO MEIO;1.169,00;02/11/2025;00:27:09;20;1283-20
CO2;1283;CT-CO2-0;1f94f8ad-7171-b062-c0a5-dbf839ac97e9;CD:E6:D3:07;0;AVIÁRIO MEIO;1.156,00;02/11/2025;00:32:11;20;1283-20
CO2;1283;CT-CO2-0;1f94f8ad-7171-b062-c0a5-dbf839ac97e9;CD:E6:D3:07;0;AVIÁRIO MEIO;1.234,00;02/11/2025;00:37:42;20;1283-20
CO2;1283;CT-CO2-0;1f94f8ad-7171-b062-c0a5-dbf839ac97e9;CD:E6:D3:07;0;AVIÁRIO MEIO;1.178,00;02/11/2025;00:43:14;20;1283-20
CO2;1283;CT-CO2-0;1f94f8ad-7171-b062-c0a5-dbf839ac97e9;CD:E6:D3:07;0;AVIÁRIO MEIO;1.155,00;02/11/2025;00:48:47;20;1283-20
CO2;1283;CT-CO2-0;1f94f8ad-7171-b062-c0a5-dbf839ac97e9;CD:E6:D3:07;0;AVIÁRIO MEIO;1.222,00;02/11/2025;00:53:49;20;1283-20
CO2;1283;CT-CO2-0;1f94f8ad-7171-b062-c0a5-dbf839ac97e9;CD:E6:D3:07;0;AVIÁRIO MEIO;1.171,00;02/11/2025;00:59:22;20;1283-20
CO2;1283;CT-CO2-0;1f94f8ad-7171-b062-c0a5-dbf839ac97e9;CD:E6:D3:07;0;AVIÁRIO MEIO;1.162,00;02/11/2025;01:09:58;20;1283-20
CO2;1283;CT-CO2-0;1f94f8ad-7171-b062-c0a5-dbf839ac97e9;CD:E6:D3:07;0;AVIÁRIO MEIO;1.196,00;02/11/2025;01:15:31;20;1283-20
CO2;1283;CT-CO2-0;1f94f8ad-7171-b062-c0a5-dbf839ac97e9;CD:E6:D3:07;0;AVIÁRIO MEIO;1.146,00;02/11/2025;01:21:03;20;1283-20
CO2;1283;CT-CO2-0;1f94f8ad-7171-b062-c0a5-dbf839ac97e9;CD:E6:D3:07;0;AVIÁRIO MEIO;1.167,00;02/11/2025;01:26:05;20;1283-20
CO2;1283;CT-CO2-0;1f94f8ad-7171-b062-c0a5-dbf839ac97e9;CD:E6:D3:07;0;AVIÁRIO MEIO;1.141,00;02/11/2025;01:31:37;20;1283-20
CO2;1283;CT-CO2-0;1f94f8ad-7171-b062-c0a5-dbf839ac97e9;CD:E6:D3:07;0;AVIÁRIO MEIO;1.154,00;02/11/2025;01:37:09;20;1283-20
CO2;1283;CT-CO2-0;1f94f8ad-7171-b062-c0a5-dbf839ac97e9;CD:E6:D3:07;0;AVIÁRIO MEIO;1.187,00;02/11/2025;01:42:11;20;1283-20
CO2;1283;CT-CO2-0;1f94f8ad-7171-b062-c0a5-dbf839ac97e9;CD:E6:D3:07;0;AVIÁRIO MEIO;1.184,00;02/11/2025;01:47:43;20;1283-20
CO2;1283;CT-CO2-0;1f94f8ad-7171-b062-c0a5-dbf839ac97e9;CD:E6:D3:07;0;AVIÁRIO MEIO;1.132,00;02/11/2025;01:53:14;20;1283-20
CO2;1283;CT-CO2-0;1f94f8ad-7171-b062-c0a5-dbf839ac97e9;CD:E6:D3:07;0;AVIÁRIO MEIO;1.171,00;02/11/2025;01:58:46;20;1283-20
CO2;1283;CT-CO2-0;1f94f8ad-7171-b062-c0a5-dbf839ac97e9;CD:E6:D3:07;0;AVIÁRIO MEIO;1.160,00;02/11/2025;02:03:48;20;1283-20
CO2;1283;CT-CO2-0;1f94f8ad-7171-b062-c0a5-dbf839ac97e9;CD:E6:D3:07;0;AVIÁRIO MEIO;1.169,00;02/11/2025;02:09:20;20;1283-20
CO2;1283;CT-CO2-0;1f94f8ad-7171-b062-c0a5-dbf839ac97e9;CD:E6:D3:07;0;AVIÁRIO MEIO;1.169,00;02/11/2025;02:19:55;20;1283-20
CO2;1283;CT-CO2-0;1f94f8ad-7171-b062-c0a5-dbf839ac97e9;CD:E6:D3:07;0;AVIÁRIO MEIO;1.147,00;02/11/2025;02:25:27;20;1283-20
CO2;1283;CT-CO2-0;1f94f8ad-7171-b062-c0a5-dbf839ac97e9;CD:E6:D3:07;0;AVIÁRIO MEIO;1.136,00;02/11/2025;04:24:13;20;1283-20
CO2;1283;CT-CO2-0;1f94f8ad-7171-b062-c0a5-dbf839ac97e9;CD:E6:D3:07;0;AVIÁRIO MEIO;1.156,00;02/11/2025;04:29:45;20;1283-20
CO2;1283;CT-CO2-0;1f94f8ad-7171-b062-c0a5-dbf839ac97e9;CD:E6:D3:07;0;AVIÁRIO MEIO;1.120,00;02/11/2025;04:34:47;20;1283-20
CO2;1283;CT-CO2-0;1f94f8ad-7171-b062-c0a5-dbf839ac97e9;CD:E6:D3:07;0;AVIÁRIO MEIO;1.123,00;02/11/2025;04:40:19;20;1283-20
CO2;1283;CT-CO2-0;1f94f8ad-7171-b062-c0a5-dbf839ac97e9;CD:E6:D3:07;0;AVIÁRIO MEIO;1.128,00;02/11/2025;04:45:51;20;1283-20
CO2;1283;CT-CO2-0;1f94f8ad-7171-b062-c0a5-dbf839ac97e9;CD:E6:D3:07;0;AVIÁRIO MEIO;1.112,00;02/11/2025;04:50:52;20;1283-20
CO2;1283;CT-CO2-0;1f94f8ad-7171-b062-c0a5-dbf839ac97e9;CD:E6:D3:07;0;AVIÁRIO MEIO;1.102,00;02/11/2025;04:56:24;20;1283-20
CO2;1283;CT-CO2-0;1f94f8ad-7171-b062-c0a5-dbf839ac97e9;CD:E6:D3:07;0;AVIÁRIO MEIO;1.114,00;02/11/2025;05:01:56;20;1283-20
CO2;1283;CT-CO2-0;1f94f8ad-7171-b062-c0a5-dbf839ac97e9;CD:E6:D3:07;0;AVIÁRIO MEIO;1.133,00;02/11/2025;05:06:59;20;1283-20
CO2;1283;CT-CO2-0;1f94f8ad-7171-b062-c0a5-dbf839ac97e9;CD:E6:D3:07;0;AVIÁRIO MEIO;1.104,00;02/11/2025;05:12:32;20;1283-20
CO2;1283;CT-CO2-0;1f94f8ad-7171-b062-c0a5-dbf839ac97e9;CD:E6:D3:07;0;AVIÁRIO MEIO;1.127,00;02/11/2025;05:18:04;20;1283-20
CO2;1283;CT-CO2-0;1f94f8ad-7171-b062-c0a5-dbf839ac97e9;CD:E6:D3:07;0;AVIÁRIO MEIO;1.119,00;02/11/2025;05:23:06;20;1283-20
CO2;1283;CT-CO2-0;1f94f8ad-7171-b062-c0a5-dbf839ac97e9;CD:E6:D3:07;0;AVIÁRIO MEIO;1.107,00;02/11/2025;05:29:10;20;1283-20
CO2;1283;CT-CO2-0;1f94f8ad-7171-b062-c0a5-dbf839ac97e9;CD:E6:D3:07;0;AVIÁRIO MEIO;1.093,00;02/11/2025;05:34:13;20;1283-20
CO2;1283;CT-CO2-0;1f94f8ad-7171-b062-c0a5-dbf839ac97e9;CD:E6:D3:07;0;AVIÁRIO MEIO;1.128,00;02/11/2025;05:39:15;20;1283-20
CO2;1283;CT-CO2-0;1f94f8ad-7171-b062-c0a5-dbf839ac97e9;CD:E6:D3:07;0;AVIÁRIO MEIO;1.107,00;02/11/2025;05:44:47;20;1283-20
CO2;1283;CT-CO2-0;1f94f8ad-7171-b062-c0a5-dbf839ac97e9;CD:E6:D3:07;0;AVIÁRIO MEIO;1.107,00;02/11/2025;05:50:19;20;1283-20
CO2;1283;CT-CO2-0;1f94f8ad-7171-b062-c0a5-dbf839ac97e9;CD:E6:D3:07;0;AVIÁRIO MEIO;1.142,00;02/11/2025;05:55:51;20;1283-20
CO2;1283;CT-CO2-0;1f94f8ad-7171-b062-c0a5-dbf839ac97e9;CD:E6:D3:07;0;AVIÁRIO MEIO;1.096,00;02/11/2025;06:00:54;20;1283-20
CO2;1283;CT-CO2-0;1f94f8ad-7171-b062-c0a5-dbf839ac97e9;CD:E6:D3:07;0;AVIÁRIO MEIO;1.124,00;02/11/2025;06:06:26;20;1283-20
CO2;1283;CT-CO2-0;1f94f8ad-7171-b062-c0a5-dbf839ac97e9;CD:E6:D3:07;0;AVIÁRIO MEIO;1.114,00;02/11/2025;06:11:59;20;1283-20
CO2;1283;CT-CO2-0;1f94f8ad-7171-b062-c0a5-dbf839ac97e9;CD:E6:D3:07;0;AVIÁRIO MEIO;1.127,00;02/11/2025;06:17:01;20;1283-20
CO2;1283;CT-CO2-0;1f94f8ad-7171-b062-c0a5-dbf839ac97e9;CD:E6:D3:07;0;AVIÁRIO MEIO;1.098,00;02/11/2025;06:22:35;20;1283-20
CO2;1283;CT-CO2-0;1f94f8ad-7171-b062-c0a5-dbf839ac97e9;CD:E6:D3:07;0;AVIÁRIO MEIO;1.179,00;02/11/2025;06:28:13;20;1283-20
CO2;1283;CT-CO2-0;1f94f8ad-7171-b062-c0a5-dbf839ac97e9;CD:E6:D3:07;0;AVIÁRIO MEIO;1.194,00;02/11/2025;06:33:17;20;1283-20
CO2;1283;CT-CO2-0;1f94f8ad-7171-b062-c0a5-dbf839ac97e9;CD:E6:D3:07;0;AVIÁRIO MEIO;1.148,00;02/11/2025;06:39:21;20;1283-20
CO2;1283;CT-CO2-0;1f94f8ad-7171-b062-c0a5-dbf839ac97e9;CD:E6:D3:07;0;AVIÁRIO MEIO;1.167,00;02/11/2025;06:43:53;20;1283-20
CO2;1283;CT-CO2-0;1f94f8ad-7171-b062-c0a5-dbf839ac97e9;CD:E6:D3:07;0;AVIÁRIO MEIO;1.196,00;02/11/2025;06:49:26;20;1283-20
CO2;1283;CT-CO2-0;1f94f8ad-7171-b062-c0a5-dbf839ac97e9;CD:E6:D3:07;0;AVIÁRIO MEIO;1.162,00;02/11/2025;06:54:58;20;1283-20
CO2;1283;CT-CO2-0;1f94f8ad-7171-b062-c0a5-dbf839ac97e9;CD:E6:D3:07;0;AVIÁRIO MEIO;1.181,00;02/11/2025;07:00:30;20;1283-20
CO2;1283;CT-CO2-0;1f94f8ad-7171-b062-c0a5-dbf839ac97e9;CD:E6:D3:07;0;AVIÁRIO MEIO;1.216,00;02/11/2025;07:05:33;20;1283-20
CO2;1283;CT-CO2-0;1f94f8ad-7171-b062-c0a5-dbf839ac97e9;CD:E6:D3:07;0;AVIÁRIO MEIO;1.210,00;02/11/2025;07:11:05;20;1283-20
CO2;1283;CT-CO2-0;1f94f8ad-7171-b062-c0a5-dbf839ac97e9;CD:E6:D3:07;0;AVIÁRIO MEIO;1.205,00;02/11/2025;07:16:37;20;1283-20
CO2;1283;CT-CO2-0;1f94f8ad-7171-b062-c0a5-dbf839ac97e9;CD:E6:D3:07;0;AVIÁRIO MEIO;1.213,00;02/11/2025;07:21:39;20;1283-20
CO2;1283;CT-CO2-0;1f94f8ad-7171-b062-c0a5-dbf839ac97e9;CD:E6:D3:07;0;AVIÁRIO MEIO;1.211,00;02/11/2025;07:27:11;20;1283-20
CO2;1283;CT-CO2-0;1f94f8ad-7171-b062-c0a5-dbf839ac97e9;CD:E6:D3:07;0;AVIÁRIO MEIO;1.200,00;02/11/2025;07:32:43;20;1283-20
CO2;1283;CT-CO2-0;1f94f8ad-7171-b062-c0a5-dbf839ac97e9;CD:E6:D3:07;0;AVIÁRIO MEIO;1.184,00;02/11/2025;07:37:46;20;1283-20
CO2;1283;CT-CO2-0;1f94f8ad-7171-b062-c0a5-dbf839ac97e9;CD:E6:D3:07;0;AVIÁRIO MEIO;1.215,00;02/11/2025;07:43:17;20;1283-20
CO2;1283;CT-CO2-0;1f94f8ad-7171-b062-c0a5-dbf839ac97e9;CD:E6:D3:07;0;AVIÁRIO MEIO;1.196,00;02/11/2025;07:49:21;20;1283-20
CO2;1283;CT-CO2-0;1f94f8ad-7171-b062-c0a5-dbf839ac97e9;CD:E6:D3:07;0;AVIÁRIO MEIO;1.186,00;02/11/2025;07:53:52;20;1283-20
CO2;1283;CT-CO2-0;1f94f8ad-7171-b062-c0a5-dbf839ac97e9;CD:E6:D3:07;0;AVIÁRIO MEIO;1.190,00;02/11/2025;07:59:24;20;1283-20
CO2;1283;CT-CO2-0;1f94f8ad-7171-b062-c0a5-dbf839ac97e9;CD:E6:D3:07;0;AVIÁRIO MEIO;1.189,00;02/11/2025;08:04:56;20;1283-20
CO2;1283;CT-CO2-0;1f94f8ad-7171-b062-c0a5-dbf839ac97e9;CD:E6:D3:07;0;AVIÁRIO MEIO;1.186,00;02/11/2025;08:10:28;20;1283-20
CO2;1283;CT-CO2-0;1f94f8ad-7171-b062-c0a5-dbf839ac97e9;CD:E6:D3:07;0;AVIÁRIO MEIO;1.125,00;02/11/2025;08:15:30;20;1283-20
CO2;1283;CT-CO2-0;1f94f8ad-7171-b062-c0a5-dbf839ac97e9;CD:E6:D3:07;0;AVIÁRIO MEIO;1.193,00;02/11/2025;08:21:02;20;1283-20
CO2;1283;CT-CO2-0;1f94f8ad-7171-b062-c0a5-dbf839ac97e9;CD:E6:D3:07;0;AVIÁRIO MEIO;1.183,00;02/11/2025;08:26:35;20;1283-20
CO2;1283;CT-CO2-0;1f94f8ad-7171-b062-c0a5-dbf839ac97e9;CD:E6:D3:07;0;AVIÁRIO MEIO;1.174,00;02/11/2025;08:31:39;20;1283-20
CO2;1283;CT-CO2-0;1f94f8ad-7171-b062-c0a5-dbf839ac97e9;CD:E6:D3:07;0;AVIÁRIO MEIO;1.161,00;02/11/2025;08:46:45;20;1283-20
CO2;1283;CT-CO2-0;1f94f8ad-7171-b062-c0a5-dbf839ac97e9;CD:E6:D3:07;0;AVIÁRIO MEIO;1.169,00;02/11/2025;08:52:16;20;1283-20
CO2;1283;CT-CO2-0;1f94f8ad-7171-b062-c0a5-dbf839ac97e9;CD:E6:D3:07;0;AVIÁRIO MEIO;1.182,00;02/11/2025;08:58:20;20;1283-20
CO2;1283;CT-CO2-0;1f94f8ad-7171-b062-c0a5-dbf839ac97e9;CD:E6:D3:07;0;AVIÁRIO MEIO;1.247,00;02/11/2025;09:02:53;20;1283-20
CO2;1283;CT-CO2-0;1f94f8ad-7171-b062-c0a5-dbf839ac97e9;CD:E6:D3:07;0;AVIÁRIO MEIO;1.349,00;02/11/2025;09:08:25;20;1283-20
CO2;1283;CT-CO2-0;1f94f8ad-7171-b062-c0a5-dbf839ac97e9;CD:E6:D3:07;0;AVIÁRIO MEIO;1.400,00;02/11/2025;09:13:57;20;1283-20
CO2;1283;CT-CO2-0;1f94f8ad-7171-b062-c0a5-dbf839ac97e9;CD:E6:D3:07;0;AVIÁRIO MEIO;1.393,00;02/11/2025;09:18:59;20;1283-20
CO2;1283;CT-CO2-0;1f94f8ad-7171-b062-c0a5-dbf839ac97e9;CD:E6:D3:07;0;AVIÁRIO MEIO;1.287,00;02/11/2025;09:24:31;20;1283-20
CO2;1283;CT-CO2-0;1f94f8ad-7171-b062-c0a5-dbf839ac97e9;CD:E6:D3:07;0;AVIÁRIO MEIO;1.226,00;02/11/2025;09:30:03;20;1283-20
CO2;1283;CT-CO2-0;1f94f8ad-7171-b062-c0a5-dbf839ac97e9;CD:E6:D3:07;0;AVIÁRIO MEIO;1.115,00;02/11/2025;09:35:06;20;1283-20
CO2;1283;CT-CO2-0;1f94f8ad-7171-b062-c0a5-dbf839ac97e9;CD:E6:D3:07;0;AVIÁRIO MEIO;1.217,00;02/11/2025;09:40:37;20;1283-20
CO2;1283;CT-CO2-0;1f94f8ad-7171-b062-c0a5-dbf839ac97e9;CD:E6:D3:07;0;AVIÁRIO MEIO;1.078,00;02/11/2025;09:46:09;20;1283-20
CO2;1283;CT-CO2-0;1f94f8ad-7171-b062-c0a5-dbf839ac97e9;CD:E6:D3:07;0;AVIÁRIO MEIO;1.183,00;02/11/2025;09:51:11;20;1283-20
CO2;1283;CT-CO2-0;1f94f8ad-7171-b062-c0a5-dbf839ac97e9;CD:E6:D3:07;0;AVIÁRIO MEIO;1.030,00;02/11/2025;09:56:43;20;1283-20
CO2;1283;CT-CO2-0;1f94f8ad-7171-b062-c0a5-dbf839ac97e9;CD:E6:D3:07;0;AVIÁRIO MEIO;1.020,00;02/11/2025;10:02:16;20;1283-20
CO2;1283;CT-CO2-0;1f94f8ad-7171-b062-c0a5-dbf839ac97e9;CD:E6:D3:07;0;AVIÁRIO MEIO;1.082,00;02/11/2025;10:07:49;20;1283-20
CO2;1283;CT-CO2-0;1f94f8ad-7171-b062-c0a5-dbf839ac97e9;CD:E6:D3:07;0;AVIÁRIO MEIO;955,00;02/11/2025;10:12:51;20;1283-20
CO2;1283;CT-CO2-0;1f94f8ad-7171-b062-c0a5-dbf839ac97e9;CD:E6:D3:07;0;AVIÁRIO MEIO;920,00;02/11/2025;10:18:23;20;1283-20
CO2;1283;CT-CO2-0;1f94f8ad-7171-b062-c0a5-dbf839ac97e9;CD:E6:D3:07;0;AVIÁRIO MEIO;981,00;02/11/2025;10:23:55;20;1283-20
CO2;1283;CT-CO2-0;1f94f8ad-7171-b062-c0a5-dbf839ac97e9;CD:E6:D3:07;0;AVIÁRIO MEIO;940,00;02/11/2025;10:29:01;20;1283-20
CO2;1283;CT-CO2-0;1f94f8ad-7171-b062-c0a5-dbf839ac97e9;CD:E6:D3:07;0;AVIÁRIO MEIO;863,00;02/11/2025;10:34:32;20;1283-20
CO2;1283;CT-CO2-0;1f94f8ad-7171-b062-c0a5-dbf839ac97e9;CD:E6:D3:07;0;AVIÁRIO MEIO;911,00;02/11/2025;10:39:36;20;1283-20
CO2;1283;CT-CO2-0;1f94f8ad-7171-b062-c0a5-dbf839ac97e9;CD:E6:D3:07;0;AVIÁRIO MEIO;908,00;02/11/2025;10:45:11;20;1283-20
CO2;1283;CT-CO2-0;1f94f8ad-7171-b062-c0a5-dbf839ac97e9;CD:E6:D3:07;0;AVIÁRIO MEIO;837,00;02/11/2025;10:50:42;20;1283-20
CO2;1283;CT-CO2-0;1f94f8ad-7171-b062-c0a5-dbf839ac97e9;CD:E6:D3:07;0;AVIÁRIO MEIO;824,00;02/11/2025;10:55:46;20;1283-20
CO2;1283;CT-CO2-0;1f94f8ad-7171-b062-c0a5-dbf839ac97e9;CD:E6:D3:07;0;AVIÁRIO MEIO;827,00;02/11/2025;11:01:17;20;1283-20
CO2;1283;CT-CO2-0;1f94f8ad-7171-b062-c0a5-dbf839ac97e9;CD:E6:D3:07;0;AVIÁRIO MEIO;832,00;02/11/2025;11:06:51;20;1283-20
CO2;1283;CT-CO2-0;1f94f8ad-7171-b062-c0a5-dbf839ac97e9;CD:E6:D3:07;0;AVIÁRIO MEIO;833,00;02/11/2025;11:11:53;20;1283-20
CO2;1283;CT-CO2-0;1f94f8ad-7171-b062-c0a5-dbf839ac97e9;CD:E6:D3:07;0;AVIÁRIO MEIO;779,00;02/11/2025;11:17:58;20;1283-20
CO2;1283;CT-CO2-0;1f94f8ad-7171-b062-c0a5-dbf839ac97e9;CD:E6:D3:07;0;AVIÁRIO MEIO;737,00;02/11/2025;11:23:00;20;1283-20
CO2;1283;CT-CO2-0;1f94f8ad-7171-b062-c0a5-dbf839ac97e9;CD:E6:D3:07;0;AVIÁRIO MEIO;735,00;02/11/2025;11:28:02;20;1283-20
CO2;1283;CT-CO2-0;1f94f8ad-7171-b062-c0a5-dbf839ac97e9;CD:E6:D3:07;0;AVIÁRIO MEIO;751,00;02/11/2025;11:33:34;20;1283-20
CO2;1283;CT-CO2-0;1f94f8ad-7171-b062-c0a5-dbf839ac97e9;CD:E6:D3:07;0;AVIÁRIO MEIO;757,00;02/11/2025;11:39:07;20;1283-20
CO2;1283;CT-CO2-0;1f94f8ad-7171-b062-c0a5-dbf839ac97e9;CD:E6:D3:07;0;AVIÁRIO MEIO;734,00;02/11/2025;11:44:11;20;1283-20
CO2;1283;CT-CO2-0;1f94f8ad-7171-b062-c0a5-dbf839ac97e9;CD:E6:D3:07;0;AVIÁRIO MEIO;733,00;02/11/2025;11:49:43;20;1283-20
CO2;1283;CT-CO2-0;1f94f8ad-7171-b062-c0a5-dbf839ac97e9;CD:E6:D3:07;0;AVIÁRIO MEIO;734,00;02/11/2025;11:55:15;20;1283-20
CO2;1283;CT-CO2-0;1f94f8ad-7171-b062-c0a5-dbf839ac97e9;CD:E6:D3:07;0;AVIÁRIO MEIO;731,00;02/11/2025;12:00:48;20;1283-20
CO2;1283;CT-CO2-0;1f94f8ad-7171-b062-c0a5-dbf839ac97e9;CD:E6:D3:07;0;AVIÁRIO MEIO;728,00;02/11/2025;12:05:50;20;1283-20
CO2;1283;CT-CO2-0;1f94f8ad-7171-b062-c0a5-dbf839ac97e9;CD:E6:D3:07;0;AVIÁRIO MEIO;740,00;02/11/2025;12:11:22;20;1283-20
CO2;1283;CT-CO2-0;1f94f8ad-7171-b062-c0a5-dbf839ac97e9;CD:E6:D3:07;0;AVIÁRIO MEIO;742,00;02/11/2025;12:16:54;20;1283-20
CO2;1283;CT-CO2-0;1f94f8ad-7171-b062-c0a5-dbf839ac97e9;CD:E6:D3:07;0;AVIÁRIO MEIO;747,00;02/11/2025;12:21:56;20;1283-20
CO2;1283;CT-CO2-0;1f94f8ad-7171-b062-c0a5-dbf839ac97e9;CD:E6:D3:07;0;AVIÁRIO MEIO;755,00;02/11/2025;12:28:00;20;1283-20
CO2;1283;CT-CO2-0;1f94f8ad-7171-b062-c0a5-dbf839ac97e9;CD:E6:D3:07;0;AVIÁRIO MEIO;742,00;02/11/2025;12:33:02;20;1283-20
CO2;1283;CT-CO2-0;1f94f8ad-7171-b062-c0a5-dbf839ac97e9;CD:E6:D3:07;0;AVIÁRIO MEIO;753,00;02/11/2025;12:38:03;20;1283-20
CO2;1283;CT-CO2-0;1f94f8ad-7171-b062-c0a5-dbf839ac97e9;CD:E6:D3:07;0;AVIÁRIO MEIO;742,00;02/11/2025;12:43:36;20;1283-20
CO2;1283;CT-CO2-0;1f94f8ad-7171-b062-c0a5-dbf839ac97e9;CD:E6:D3:07;0;AVIÁRIO MEIO;734,00;02/11/2025;12:49:09;20;1283-20
CO2;1283;CT-CO2-0;1f94f8ad-7171-b062-c0a5-dbf839ac97e9;CD:E6:D3:07;0;AVIÁRIO MEIO;731,00;02/11/2025;12:54:12;20;1283-20
CO2;1283;CT-CO2-0;1f94f8ad-7171-b062-c0a5-dbf839ac97e9;CD:E6:D3:07;0;AVIÁRIO MEIO;722,00;02/11/2025;12:59:44;20;1283-20
CO2;1283;CT-CO2-0;1f94f8ad-7171-b062-c0a5-dbf839ac97e9;CD:E6:D3:07;0;AVIÁRIO MEIO;737,00;02/11/2025;13:05:16;20;1283-20
CO2;1283;CT-CO2-0;1f94f8ad-7171-b062-c0a5-dbf839ac97e9;CD:E6:D3:07;0;AVIÁRIO MEIO;703,00;02/11/2025;13:10:19;20;1283-20
CO2;1283;CT-CO2-0;1f94f8ad-7171-b062-c0a5-dbf839ac97e9;CD:E6:D3:07;0;AVIÁRIO MEIO;660,00;02/11/2025;13:15:51;20;1283-20
CO2;1283;CT-CO2-0;1f94f8ad-7171-b062-c0a5-dbf839ac97e9;CD:E6:D3:07;0;AVIÁRIO MEIO;658,00;02/11/2025;13:21:25;20;1283-20
CO2;1283;CT-CO2-0;1f94f8ad-7171-b062-c0a5-dbf839ac97e9;CD:E6:D3:07;0;AVIÁRIO MEIO;675,00;02/11/2025;13:26:27;20;1283-20
CO2;1283;CT-CO2-0;1f94f8ad-7171-b062-c0a5-dbf839ac97e9;CD:E6:D3:07;0;AVIÁRIO MEIO;693,00;02/11/2025;13:31:59;20;1283-20
CO2;1283;CT-CO2-0;1f94f8ad-7171-b062-c0a5-dbf839ac97e9;CD:E6:D3:07;0;AVIÁRIO MEIO;705,00;02/11/2025;13:38:03;20;1283-20
CO2;1283;CT-CO2-0;1f94f8ad-7171-b062-c0a5-dbf839ac97e9;CD:E6:D3:07;0;AVIÁRIO MEIO;676,00;02/11/2025;13:43:10;20;1283-20
CO2;1283;CT-CO2-0;1f94f8ad-7171-b062-c0a5-dbf839ac97e9;CD:E6:D3:07;0;AVIÁRIO MEIO;680,00;02/11/2025;13:48:14;20;1283-20
CO2;1283;CT-CO2-0;1f94f8ad-7171-b062-c0a5-dbf839ac97e9;CD:E6:D3:07;0;AVIÁRIO MEIO;690,00;02/11/2025;13:53:46;20;1283-20
CO2;1283;CT-CO2-0;1f94f8ad-7171-b062-c0a5-dbf839ac97e9;CD:E6:D3:07;0;AVIÁRIO MEIO;674,00;02/11/2025;13:58:49;20;1283-20
CO2;1283;CT-CO2-0;1f94f8ad-7171-b062-c0a5-dbf839ac97e9;CD:E6:D3:07;0;AVIÁRIO MEIO;665,00;02/11/2025;14:04:22;20;1283-20
CO2;1283;CT-CO2-0;1f94f8ad-7171-b062-c0a5-dbf839ac97e9;CD:E6:D3:07;0;AVIÁRIO MEIO;685,00;02/11/2025;14:09:56;20;1283-20
CO2;1283;CT-CO2-0;1f94f8ad-7171-b062-c0a5-dbf839ac97e9;CD:E6:D3:07;0;AVIÁRIO MEIO;666,00;02/11/2025;14:14:58;20;1283-20
CO2;1283;CT-CO2-0;1f94f8ad-7171-b062-c0a5-dbf839ac97e9;CD:E6:D3:07;0;AVIÁRIO MEIO;674,00;02/11/2025;14:20:31;20;1283-20
CO2;1283;CT-CO2-0;1f94f8ad-7171-b062-c0a5-dbf839ac97e9;CD:E6:D3:07;0;AVIÁRIO MEIO;680,00;02/11/2025;14:26:04;20;1283-20
CO2;1283;CT-CO2-0;1f94f8ad-7171-b062-c0a5-dbf839ac97e9;CD:E6:D3:07;0;AVIÁRIO MEIO;670,00;02/11/2025;14:31:08;20;1283-20
CO2;1283;CT-CO2-0;1f94f8ad-7171-b062-c0a5-dbf839ac97e9;CD:E6:D3:07;0;AVIÁRIO MEIO;669,00;02/11/2025;14:36:41;20;1283-20
CO2;1283;CT-CO2-0;1f94f8ad-7171-b062-c0a5-dbf839ac97e9;CD:E6:D3:07;0;AVIÁRIO MEIO;674,00;02/11/2025;14:42:14;20;1283-20
CO2;1283;CT-CO2-0;1f94f8ad-7171-b062-c0a5-dbf839ac97e9;CD:E6:D3:07;0;AVIÁRIO MEIO;667,00;02/11/2025;14:47:49;20;1283-20
CO2;1283;CT-CO2-0;1f94f8ad-7171-b062-c0a5-dbf839ac97e9;CD:E6:D3:07;0;AVIÁRIO MEIO;657,00;02/11/2025;14:52:52;20;1283-20
CO2;1283;CT-CO2-0;1f94f8ad-7171-b062-c0a5-dbf839ac97e9;CD:E6:D3:07;0;AVIÁRIO MEIO;661,00;02/11/2025;14:58:25;20;1283-20
CO2;1283;CT-CO2-0;1f94f8ad-7171-b062-c0a5-dbf839ac97e9;CD:E6:D3:07;0;AVIÁRIO MEIO;652,00;02/11/2025;15:03:27;20;1283-20
CO2;1283;CT-CO2-0;1f94f8ad-7171-b062-c0a5-dbf839ac97e9;CD:E6:D3:07;0;AVIÁRIO MEIO;642,00;02/11/2025;15:08:59;20;1283-20
CO2;1283;CT-CO2-0;1f94f8ad-7171-b062-c0a5-dbf839ac97e9;CD:E6:D3:07;0;AVIÁRIO MEIO;668,00;02/11/2025;15:14:31;20;1283-20
CO2;1283;CT-CO2-0;1f94f8ad-7171-b062-c0a5-dbf839ac97e9;CD:E6:D3:07;0;AVIÁRIO MEIO;676,00;02/11/2025;15:19:33;20;1283-20
CO2;1283;CT-CO2-0;1f94f8ad-7171-b062-c0a5-dbf839ac97e9;CD:E6:D3:07;0;AVIÁRIO MEIO;683,00;02/11/2025;15:25:04;20;1283-20
CO2;1283;CT-CO2-0;1f94f8ad-7171-b062-c0a5-dbf839ac97e9;CD:E6:D3:07;0;AVIÁRIO MEIO;681,00;02/11/2025;15:30:36;20;1283-20
CO2;1283;CT-CO2-0;1f94f8ad-7171-b062-c0a5-dbf839ac97e9;CD:E6:D3:07;0;AVIÁRIO MEIO;683,00;02/11/2025;15:35:39;20;1283-20
CO2;1283;CT-CO2-0;1f94f8ad-7171-b062-c0a5-dbf839ac97e9;CD:E6:D3:07;0;AVIÁRIO MEIO;665,00;02/11/2025;15:41:11;20;1283-20
CO2;1283;CT-CO2-0;1f94f8ad-7171-b062-c0a5-dbf839ac97e9;CD:E6:D3:07;0;AVIÁRIO MEIO;681,00;02/11/2025;15:46:42;20;1283-20
CO2;1283;CT-CO2-0;1f94f8ad-7171-b062-c0a5-dbf839ac97e9;CD:E6:D3:07;0;AVIÁRIO MEIO;624,00;02/11/2025;15:52:15;20;1283-20
CO2;1283;CT-CO2-0;1f94f8ad-7171-b062-c0a5-dbf839ac97e9;CD:E6:D3:07;0;AVIÁRIO MEIO;689,00;02/11/2025;15:57:49;20;1283-20
CO2;1283;CT-CO2-0;1f94f8ad-7171-b062-c0a5-dbf839ac97e9;CD:E6:D3:07;0;AVIÁRIO MEIO;698,00;02/11/2025;16:02:50;20;1283-20
CO2;1283;CT-CO2-0;1f94f8ad-7171-b062-c0a5-dbf839ac97e9;CD:E6:D3:07;0;AVIÁRIO MEIO;702,00;02/11/2025;16:08:23;20;1283-20
CO2;1283;CT-CO2-0;1f94f8ad-7171-b062-c0a5-dbf839ac97e9;CD:E6:D3:07;0;AVIÁRIO MEIO;696,00;02/11/2025;16:13:24;20;1283-20
CO2;1283;CT-CO2-0;1f94f8ad-7171-b062-c0a5-dbf839ac97e9;CD:E6:D3:07;0;AVIÁRIO MEIO;697,00;02/11/2025;16:18:57;20;1283-20
CO2;1283;CT-CO2-0;1f94f8ad-7171-b062-c0a5-dbf839ac97e9;CD:E6:D3:07;0;AVIÁRIO MEIO;712,00;02/11/2025;16:24:29;20;1283-20
CO2;1283;CT-CO2-0;1f94f8ad-7171-b062-c0a5-dbf839ac97e9;CD:E6:D3:07;0;AVIÁRIO MEIO;735,00;02/11/2025;16:29:32;20;1283-20
CO2;1283;CT-CO2-0;1f94f8ad-7171-b062-c0a5-dbf839ac97e9;CD:E6:D3:07;0;AVIÁRIO MEIO;762,00;02/11/2025;16:35:04;20;1283-20
CO2;1283;CT-CO2-0;1f94f8ad-7171-b062-c0a5-dbf839ac97e9;CD:E6:D3:07;0;AVIÁRIO MEIO;767,00;02/11/2025;16:40:37;20;1283-20
CO2;1283;CT-CO2-0;1f94f8ad-7171-b062-c0a5-dbf839ac97e9;CD:E6:D3:07;0;AVIÁRIO MEIO;755,00;02/11/2025;16:45:40;20;1283-20
CO2;1283;CT-CO2-0;1f94f8ad-7171-b062-c0a5-dbf839ac97e9;CD:E6:D3:07;0;AVIÁRIO MEIO;777,00;02/11/2025;16:51:12;20;1283-20
CO2;1283;CT-CO2-0;1f94f8ad-7171-b062-c0a5-dbf839ac97e9;CD:E6:D3:07;0;AVIÁRIO MEIO;766,00;02/11/2025;16:56:44;20;1283-20
CO2;1283;CT-CO2-0;1f94f8ad-7171-b062-c0a5-dbf839ac97e9;CD:E6:D3:07;0;AVIÁRIO MEIO;769,00;02/11/2025;17:02:16;20;1283-20
CO2;1283;CT-CO2-0;1f94f8ad-7171-b062-c0a5-dbf839ac97e9;CD:E6:D3:07;0;AVIÁRIO MEIO;771,00;02/11/2025;17:07:56;20;1283-20
CO2;1283;CT-CO2-0;1f94f8ad-7171-b062-c0a5-dbf839ac97e9;CD:E6:D3:07;0;AVIÁRIO MEIO;776,00;02/11/2025;17:12:57;20;1283-20
CO2;1283;CT-CO2-0;1f94f8ad-7171-b062-c0a5-dbf839ac97e9;CD:E6:D3:07;0;AVIÁRIO MEIO;794,00;02/11/2025;17:17:59;20;1283-20
CO2;1283;CT-CO2-0;1f94f8ad-7171-b062-c0a5-dbf839ac97e9;CD:E6:D3:07;0;AVIÁRIO MEIO;793,00;02/11/2025;17:23:32;20;1283-20
CO2;1283;CT-CO2-0;1f94f8ad-7171-b062-c0a5-dbf839ac97e9;CD:E6:D3:07;0;AVIÁRIO MEIO;801,00;02/11/2025;17:29:04;20;1283-20
CO2;1283;CT-CO2-0;1f94f8ad-7171-b062-c0a5-dbf839ac97e9;CD:E6:D3:07;0;AVIÁRIO MEIO;783,00;02/11/2025;17:34:06;20;1283-20
CO2;1283;CT-CO2-0;1f94f8ad-7171-b062-c0a5-dbf839ac97e9;CD:E6:D3:07;0;AVIÁRIO MEIO;787,00;02/11/2025;17:39:38;20;1283-20
CO2;1283;CT-CO2-0;1f94f8ad-7171-b062-c0a5-dbf839ac97e9;CD:E6:D3:07;0;AVIÁRIO MEIO;903,00;02/11/2025;18:01:18;20;1283-20
CO2;1283;CT-CO2-0;1f94f8ad-7171-b062-c0a5-dbf839ac97e9;CD:E6:D3:07;0;AVIÁRIO MEIO;848,00;02/11/2025;18:06:20;20;1283-20
CO2;1283;CT-CO2-0;1f94f8ad-7171-b062-c0a5-dbf839ac97e9;CD:E6:D3:07;0;AVIÁRIO MEIO;887,00;02/11/2025;18:11:54;20;1283-20
CO2;1283;CT-CO2-0;1f94f8ad-7171-b062-c0a5-dbf839ac97e9;CD:E6:D3:07;0;AVIÁRIO MEIO;929,00;02/11/2025;18:17:57;20;1283-20
CO2;1283;CT-CO2-0;1f94f8ad-7171-b062-c0a5-dbf839ac97e9;CD:E6:D3:07;0;AVIÁRIO MEIO;969,00;02/11/2025;18:22:59;20;1283-20
CO2;1283;CT-CO2-0;1f94f8ad-7171-b062-c0a5-dbf839ac97e9;CD:E6:D3:07;0;AVIÁRIO MEIO;1.073,00;02/11/2025;18:28:00;20;1283-20
CO2;1283;CT-CO2-0;1f94f8ad-7171-b062-c0a5-dbf839ac97e9;CD:E6:D3:07;0;AVIÁRIO MEIO;1.071,00;02/11/2025;18:33:34;20;1283-20
CO2;1283;CT-CO2-0;1f94f8ad-7171-b062-c0a5-dbf839ac97e9;CD:E6:D3:07;0;AVIÁRIO MEIO;1.126,00;02/11/2025;18:39:06;20;1283-20
CO2;1283;CT-CO2-0;1f94f8ad-7171-b062-c0a5-dbf839ac97e9;CD:E6:D3:07;0;AVIÁRIO MEIO;1.107,00;02/11/2025;18:44:08;20;1283-20
CO2;1283;CT-CO2-0;1f94f8ad-7171-b062-c0a5-dbf839ac97e9;CD:E6:D3:07;0;AVIÁRIO MEIO;1.138,00;02/11/2025;18:49:40;20;1283-20
CO2;1283;CT-CO2-0;1f94f8ad-7171-b062-c0a5-dbf839ac97e9;CD:E6:D3:07;0;AVIÁRIO MEIO;1.159,00;02/11/2025;19:00:15;20;1283-20
CO2;1283;CT-CO2-0;1f94f8ad-7171-b062-c0a5-dbf839ac97e9;CD:E6:D3:07;0;AVIÁRIO MEIO;1.143,00;02/11/2025;19:05:47;20;1283-20
CO2;1283;CT-CO2-0;1f94f8ad-7171-b062-c0a5-dbf839ac97e9;CD:E6:D3:07;0;AVIÁRIO MEIO;1.150,00;02/11/2025;19:11:21;20;1283-20
CO2;1283;CT-CO2-0;1f94f8ad-7171-b062-c0a5-dbf839ac97e9;CD:E6:D3:07;0;AVIÁRIO MEIO;1.138,00;02/11/2025;19:17:05;20;1283-20
CO2;1283;CT-CO2-0;1f94f8ad-7171-b062-c0a5-dbf839ac97e9;CD:E6:D3:07;0;AVIÁRIO MEIO;1.163,00;02/11/2025;19:22:07;20;1283-20
CO2;1283;CT-CO2-0;1f94f8ad-7171-b062-c0a5-dbf839ac97e9;CD:E6:D3:07;0;AVIÁRIO MEIO;1.187,00;02/11/2025;19:28:10;20;1283-20
CO2;1283;CT-CO2-0;1f94f8ad-7171-b062-c0a5-dbf839ac97e9;CD:E6:D3:07;0;AVIÁRIO MEIO;1.158,00;02/11/2025;19:40:46;20;1283-20
CO2;1283;CT-CO2-0;1f94f8ad-7171-b062-c0a5-dbf839ac97e9;CD:E6:D3:07;0;AVIÁRIO MEIO;1.145,00;02/11/2025;19:46:18;20;1283-20
CO2;1283;CT-CO2-0;1f94f8ad-7171-b062-c0a5-dbf839ac97e9;CD:E6:D3:07;0;AVIÁRIO MEIO;1.166,00;02/11/2025;19:51:52;20;1283-20
CO2;1283;CT-CO2-0;1f94f8ad-7171-b062-c0a5-dbf839ac97e9;CD:E6:D3:07;0;AVIÁRIO MEIO;1.205,00;02/11/2025;19:57:05;20;1283-20
CO2;1283;CT-CO2-0;1f94f8ad-7171-b062-c0a5-dbf839ac97e9;CD:E6:D3:07;0;AVIÁRIO MEIO;1.229,00;02/11/2025;20:02:43;20;1283-20
CO2;1283;CT-CO2-0;1f94f8ad-7171-b062-c0a5-dbf839ac97e9;CD:E6:D3:07;0;AVIÁRIO MEIO;1.224,00;02/11/2025;20:08:00;20;1283-20
CO2;1283;CT-CO2-0;1f94f8ad-7171-b062-c0a5-dbf839ac97e9;CD:E6:D3:07;0;AVIÁRIO MEIO;1.236,00;02/11/2025;20:13:03;20;1283-20
CO2;1283;CT-CO2-0;1f94f8ad-7171-b062-c0a5-dbf839ac97e9;CD:E6:D3:07;0;AVIÁRIO MEIO;1.174,00;02/11/2025;20:18:36;20;1283-20
CO2;1283;CT-CO2-0;1f94f8ad-7171-b062-c0a5-dbf839ac97e9;CD:E6:D3:07;0;AVIÁRIO MEIO;1.173,00;02/11/2025;20:23:54;20;1283-20
CO2;1283;CT-CO2-0;1f94f8ad-7171-b062-c0a5-dbf839ac97e9;CD:E6:D3:07;0;AVIÁRIO MEIO;1.174,00;02/11/2025;20:29:26;20;1283-20
CO2;1283;CT-CO2-0;1f94f8ad-7171-b062-c0a5-dbf839ac97e9;CD:E6:D3:07;0;AVIÁRIO MEIO;1.187,00;02/11/2025;20:34:29;20;1283-20
CO2;1283;CT-CO2-0;1f94f8ad-7171-b062-c0a5-dbf839ac97e9;CD:E6:D3:07;0;AVIÁRIO MEIO;1.148,00;02/11/2025;20:40:01;20;1283-20
CO2;1283;CT-CO2-0;1f94f8ad-7171-b062-c0a5-dbf839ac97e9;CD:E6:D3:07;0;AVIÁRIO MEIO;1.126,00;02/11/2025;20:46:15;20;1283-20
CO2;1283;CT-CO2-0;1f94f8ad-7171-b062-c0a5-dbf839ac97e9;CD:E6:D3:07;0;AVIÁRIO MEIO;1.158,00;02/11/2025;20:50:48;20;1283-20
CO2;1283;CT-CO2-0;1f94f8ad-7171-b062-c0a5-dbf839ac97e9;CD:E6:D3:07;0;AVIÁRIO MEIO;1.170,00;02/11/2025;20:55:51;20;1283-20
CO2;1283;CT-CO2-0;1f94f8ad-7171-b062-c0a5-dbf839ac97e9;CD:E6:D3:07;0;AVIÁRIO MEIO;1.169,00;02/11/2025;21:01:53;20;1283-20
CO2;1283;CT-CO2-0;1f94f8ad-7171-b062-c0a5-dbf839ac97e9;CD:E6:D3:07;0;AVIÁRIO MEIO;1.175,00;02/11/2025;21:07:27;20;1283-20
CO2;1283;CT-CO2-0;1f94f8ad-7171-b062-c0a5-dbf839ac97e9;CD:E6:D3:07;0;AVIÁRIO MEIO;1.180,00;02/11/2025;21:12:30;20;1283-20
CO2;1283;CT-CO2-0;1f94f8ad-7171-b062-c0a5-dbf839ac97e9;CD:E6:D3:07;0;AVIÁRIO MEIO;1.201,00;02/11/2025;21:18:02;20;1283-20
CO2;1283;CT-CO2-0;1f94f8ad-7171-b062-c0a5-dbf839ac97e9;CD:E6:D3:07;0;AVIÁRIO MEIO;1.185,00;02/11/2025;21:23:35;20;1283-20
CO2;1283;CT-CO2-0;1f94f8ad-7171-b062-c0a5-dbf839ac97e9;CD:E6:D3:07;0;AVIÁRIO MEIO;1.173,00;02/11/2025;21:28:36;20;1283-20
CO2;1283;CT-CO2-0;1f94f8ad-7171-b062-c0a5-dbf839ac97e9;CD:E6:D3:07;0;AVIÁRIO MEIO;1.173,00;02/11/2025;21:34:08;20;1283-20
CO2;1283;CT-CO2-0;1f94f8ad-7171-b062-c0a5-dbf839ac97e9;CD:E6:D3:07;0;AVIÁRIO MEIO;1.194,00;02/11/2025;21:39:40;20;1283-20
CO2;1283;CT-CO2-0;1f94f8ad-7171-b062-c0a5-dbf839ac97e9;CD:E6:D3:07;0;AVIÁRIO MEIO;1.190,00;02/11/2025;21:44:43;20;1283-20
CO2;1283;CT-CO2-0;1f94f8ad-7171-b062-c0a5-dbf839ac97e9;CD:E6:D3:07;0;AVIÁRIO MEIO;1.179,00;02/11/2025;21:55:52;20;1283-20
CO2;1283;CT-CO2-0;1f94f8ad-7171-b062-c0a5-dbf839ac97e9;CD:E6:D3:07;0;AVIÁRIO MEIO;1.200,00;02/11/2025;22:00:54;20;1283-20
CO2;1283;CT-CO2-0;1f94f8ad-7171-b062-c0a5-dbf839ac97e9;CD:E6:D3:07;0;AVIÁRIO MEIO;1.180,00;02/11/2025;22:06:26;20;1283-20
CO2;1283;CT-CO2-0;1f94f8ad-7171-b062-c0a5-dbf839ac97e9;CD:E6:D3:07;0;AVIÁRIO MEIO;1.218,00;02/11/2025;22:11:28;20;1283-20
CO2;1283;CT-CO2-0;1f94f8ad-7171-b062-c0a5-dbf839ac97e9;CD:E6:D3:07;0;AVIÁRIO MEIO;1.171,00;02/11/2025;22:17:00;20;1283-20
CO2;1283;CT-CO2-0;1f94f8ad-7171-b062-c0a5-dbf839ac97e9;CD:E6:D3:07;0;AVIÁRIO MEIO;1.183,00;02/11/2025;22:22:32;20;1283-20
CO2;1283;CT-CO2-0;1f94f8ad-7171-b062-c0a5-dbf839ac97e9;CD:E6:D3:07;0;AVIÁRIO MEIO;1.171,00;02/11/2025;22:27:33;20;1283-20
CO2;1283;CT-CO2-0;1f94f8ad-7171-b062-c0a5-dbf839ac97e9;CD:E6:D3:07;0;AVIÁRIO MEIO;1.145,00;02/11/2025;22:33:07;20;1283-20
CO2;1283;CT-CO2-0;1f94f8ad-7171-b062-c0a5-dbf839ac97e9;CD:E6:D3:07;0;AVIÁRIO MEIO;1.145,00;02/11/2025;22:38:38;20;1283-20
CO2;1283;CT-CO2-0;1f94f8ad-7171-b062-c0a5-dbf839ac97e9;CD:E6:D3:07;0;AVIÁRIO MEIO;1.142,00;02/11/2025;22:43:40;20;1283-20
CO2;1283;CT-CO2-0;1f94f8ad-7171-b062-c0a5-dbf839ac97e9;CD:E6:D3:07;0;AVIÁRIO MEIO;1.138,00;02/11/2025;22:49:12;20;1283-20
CO2;1283;CT-CO2-0;1f94f8ad-7171-b062-c0a5-dbf839ac97e9;CD:E6:D3:07;0;AVIÁRIO MEIO;1.131,00;02/11/2025;22:54:44;20;1283-20
CO2;1283;CT-CO2-0;1f94f8ad-7171-b062-c0a5-dbf839ac97e9;CD:E6:D3:07;0;AVIÁRIO MEIO;1.123,00;02/11/2025;22:59:46;20;1283-20
CO2;1283;CT-CO2-0;1f94f8ad-7171-b062-c0a5-dbf839ac97e9;CD:E6:D3:07;0;AVIÁRIO MEIO;1.153,00;02/11/2025;23:05:50;20;1283-20
CO2;1283;CT-CO2-0;1f94f8ad-7171-b062-c0a5-dbf839ac97e9;CD:E6:D3:07;0;AVIÁRIO MEIO;1.134,00;02/11/2025;23:10:53;20;1283-20
CO2;1283;CT-CO2-0;1f94f8ad-7171-b062-c0a5-dbf839ac97e9;CD:E6:D3:07;0;AVIÁRIO MEIO;1.127,00;02/11/2025;23:15:55;20;1283-20
CO2;1283;CT-CO2-0;1f94f8ad-7171-b062-c0a5-dbf839ac97e9;CD:E6:D3:07;0;AVIÁRIO MEIO;1.118,00;02/11/2025;23:21:29;20;1283-20
CO2;1283;CT-CO2-0;1f94f8ad-7171-b062-c0a5-dbf839ac97e9;CD:E6:D3:07;0;AVIÁRIO MEIO;1.113,00;02/11/2025;23:27:01;20;1283-20
CO2;1283;CT-CO2-0;1f94f8ad-7171-b062-c0a5-dbf839ac97e9;CD:E6:D3:07;0;AVIÁRIO MEIO;1.119,00;02/11/2025;23:32:03;20;1283-20
CO2;1283;CT-CO2-0;1f94f8ad-7171-b062-c0a5-dbf839ac97e9;CD:E6:D3:07;0;AVIÁRIO MEIO;1.125,00;02/11/2025;23:37:36;20;1283-20
CO2;1283;CT-CO2-0;1f94f8ad-7171-b062-c0a5-dbf839ac97e9;CD:E6:D3:07;0;AVIÁRIO MEIO;1.112,00;02/11/2025;23:42:38;20;1283-20
CO2;1283;CT-CO2-0;1f94f8ad-7171-b062-c0a5-dbf839ac97e9;CD:E6:D3:07;0;AVIÁRIO MEIO;1.130,00;02/11/2025;23:48:10;20;1283-20
CO2;1283;CT-CO2-0;1f94f8ad-7171-b062-c0a5-dbf839ac97e9;CD:E6:D3:07;0;AVIÁRIO MEIO;1.119,00;02/11/2025;23:53:44;20;1283-20
CO2;1283;CT-CO2-0;1f94f8ad-7171-b062-c0a5-dbf839ac97e9;CD:E6:D3:07;0;AVIÁRIO MEIO;1.118,00;02/11/2025;23:58:46;20;1283-20
CO2;1283;CT-CO2-0;1f94f8ad-7171-b062-c0a5-dbf839ac97e9;CD:E6:D3:07;0;AVIÁRIO MEIO;1.113,00;03/11/2025;00:04:18;20;1283-20
CO2;1283;CT-CO2-0;1f94f8ad-7171-b062-c0a5-dbf839ac97e9;CD:E6:D3:07;0;AVIÁRIO MEIO;1.104,00;03/11/2025;00:09:51;20;1283-20
CO2;1283;CT-CO2-0;1f94f8ad-7171-b062-c0a5-dbf839ac97e9;CD:E6:D3:07;0;AVIÁRIO MEIO;1.107,00;03/11/2025;00:15:25;20;1283-20
CO2;1283;CT-CO2-0;1f94f8ad-7171-b062-c0a5-dbf839ac97e9;CD:E6:D3:07;0;AVIÁRIO MEIO;1.128,00;03/11/2025;00:20:27;20;1283-20
CO2;1283;CT-CO2-0;1f94f8ad-7171-b062-c0a5-dbf839ac97e9;CD:E6:D3:07;0;AVIÁRIO MEIO;1.116,00;03/11/2025;00:25:59;20;1283-20
CO2;1283;CT-CO2-0;1f94f8ad-7171-b062-c0a5-dbf839ac97e9;CD:E6:D3:07;0;AVIÁRIO MEIO;1.100,00;03/11/2025;00:31:02;20;1283-20
CO2;1283;CT-CO2-0;1f94f8ad-7171-b062-c0a5-dbf839ac97e9;CD:E6:D3:07;0;AVIÁRIO MEIO;1.120,00;03/11/2025;00:36:34;20;1283-20
CO2;1283;CT-CO2-0;1f94f8ad-7171-b062-c0a5-dbf839ac97e9;CD:E6:D3:07;0;AVIÁRIO MEIO;1.105,00;03/11/2025;00:42:07;20;1283-20
CO2;1283;CT-CO2-0;1f94f8ad-7171-b062-c0a5-dbf839ac97e9;CD:E6:D3:07;0;AVIÁRIO MEIO;1.092,00;03/11/2025;00:47:08;20;1283-20
CO2;1283;CT-CO2-0;1f94f8ad-7171-b062-c0a5-dbf839ac97e9;CD:E6:D3:07;0;AVIÁRIO MEIO;1.070,00;03/11/2025;00:52:41;20;1283-20
CO2;1283;CT-CO2-0;1f94f8ad-7171-b062-c0a5-dbf839ac97e9;CD:E6:D3:07;0;AVIÁRIO MEIO;1.078,00;03/11/2025;00:58:13;20;1283-20
CO2;1283;CT-CO2-0;1f94f8ad-7171-b062-c0a5-dbf839ac97e9;CD:E6:D3:07;0;AVIÁRIO MEIO;1.082,00;03/11/2025;01:03:15;20;1283-20
CO2;1283;CT-CO2-0;1f94f8ad-7171-b062-c0a5-dbf839ac97e9;CD:E6:D3:07;0;AVIÁRIO MEIO;1.086,00;03/11/2025;01:08:48;20;1283-20
CO2;1283;CT-CO2-0;1f94f8ad-7171-b062-c0a5-dbf839ac97e9;CD:E6:D3:07;0;AVIÁRIO MEIO;1.085,00;03/11/2025;01:14:20;20;1283-20
CO2;1283;CT-CO2-0;1f94f8ad-7171-b062-c0a5-dbf839ac97e9;CD:E6:D3:07;0;AVIÁRIO MEIO;1.094,00;03/11/2025;01:19:22;20;1283-20
CO2;1283;CT-CO2-0;1f94f8ad-7171-b062-c0a5-dbf839ac97e9;CD:E6:D3:07;0;AVIÁRIO MEIO;1.080,00;03/11/2025;01:30:00;20;1283-20
CO2;1283;CT-CO2-0;1f94f8ad-7171-b062-c0a5-dbf839ac97e9;CD:E6:D3:07;0;AVIÁRIO MEIO;1.075,00;03/11/2025;01:35:33;20;1283-20
CO2;1283;CT-CO2-0;1f94f8ad-7171-b062-c0a5-dbf839ac97e9;CD:E6:D3:07;0;AVIÁRIO MEIO;1.081,00;03/11/2025;01:41:06;20;1283-20
CO2;1283;CT-CO2-0;1f94f8ad-7171-b062-c0a5-dbf839ac97e9;CD:E6:D3:07;0;AVIÁRIO MEIO;1.076,00;03/11/2025;01:46:09;20;1283-20
CO2;1283;CT-CO2-0;1f94f8ad-7171-b062-c0a5-dbf839ac97e9;CD:E6:D3:07;0;AVIÁRIO MEIO;1.074,00;03/11/2025;01:51:41;20;1283-20
CO2;1283;CT-CO2-0;1f94f8ad-7171-b062-c0a5-dbf839ac97e9;CD:E6:D3:07;0;AVIÁRIO MEIO;1.077,00;03/11/2025;01:57:12;20;1283-20
CO2;1283;CT-CO2-0;1f94f8ad-7171-b062-c0a5-dbf839ac97e9;CD:E6:D3:07;0;AVIÁRIO MEIO;1.082,00;03/11/2025;02:02:15;20;1283-20
CO2;1283;CT-CO2-0;1f94f8ad-7171-b062-c0a5-dbf839ac97e9;CD:E6:D3:07;0;AVIÁRIO MEIO;1.066,00;03/11/2025;02:07:47;20;1283-20
CO2;1283;CT-CO2-0;1f94f8ad-7171-b062-c0a5-dbf839ac97e9;CD:E6:D3:07;0;AVIÁRIO MEIO;1.075,00;03/11/2025;02:13:20;20;1283-20
CO2;1283;CT-CO2-0;1f94f8ad-7171-b062-c0a5-dbf839ac97e9;CD:E6:D3:07;0;AVIÁRIO MEIO;1.089,00;03/11/2025;02:18:22;20;1283-20
CO2;1283;CT-CO2-0;1f94f8ad-7171-b062-c0a5-dbf839ac97e9;CD:E6:D3:07;0;AVIÁRIO MEIO;1.083,00;03/11/2025;02:23:54;20;1283-20
CO2;1283;CT-CO2-0;1f94f8ad-7171-b062-c0a5-dbf839ac97e9;CD:E6:D3:07;0;AVIÁRIO MEIO;1.084,00;03/11/2025;02:29:25;20;1283-20
CO2;1283;CT-CO2-0;1f94f8ad-7171-b062-c0a5-dbf839ac97e9;CD:E6:D3:07;0;AVIÁRIO MEIO;1.095,00;03/11/2025;02:35:00;20;1283-20
CO2;1283;CT-CO2-0;1f94f8ad-7171-b062-c0a5-dbf839ac97e9;CD:E6:D3:07;0;AVIÁRIO MEIO;1.090,00;03/11/2025;02:40:03;20;1283-20
CO2;1283;CT-CO2-0;1f94f8ad-7171-b062-c0a5-dbf839ac97e9;CD:E6:D3:07;0;AVIÁRIO MEIO;1.103,00;03/11/2025;02:45:07;20;1283-20
CO2;1283;CT-CO2-0;1f94f8ad-7171-b062-c0a5-dbf839ac97e9;CD:E6:D3:07;0;AVIÁRIO MEIO;1.093,00;03/11/2025;02:50:40;20;1283-20
CO2;1283;CT-CO2-0;1f94f8ad-7171-b062-c0a5-dbf839ac97e9;CD:E6:D3:07;0;AVIÁRIO MEIO;1.121,00;03/11/2025;02:56:12;20;1283-20
CO2;1283;CT-CO2-0;1f94f8ad-7171-b062-c0a5-dbf839ac97e9;CD:E6:D3:07;0;AVIÁRIO MEIO;1.098,00;03/11/2025;03:01:14;20;1283-20
CO2;1283;CT-CO2-0;1f94f8ad-7171-b062-c0a5-dbf839ac97e9;CD:E6:D3:07;0;AVIÁRIO MEIO;1.104,00;03/11/2025;03:06:49;20;1283-20
CO2;1283;CT-CO2-0;1f94f8ad-7171-b062-c0a5-dbf839ac97e9;CD:E6:D3:07;0;AVIÁRIO MEIO;1.089,00;03/11/2025;03:12:22;20;1283-20
CO2;1283;CT-CO2-0;1f94f8ad-7171-b062-c0a5-dbf839ac97e9;CD:E6:D3:07;0;AVIÁRIO MEIO;1.096,00;03/11/2025;03:17:24;20;1283-20
CO2;1283;CT-CO2-0;1f94f8ad-7171-b062-c0a5-dbf839ac97e9;CD:E6:D3:07;0;AVIÁRIO MEIO;1.113,00;03/11/2025;03:22:56;20;1283-20
CO2;1283;CT-CO2-0;1f94f8ad-7171-b062-c0a5-dbf839ac97e9;CD:E6:D3:07;0;AVIÁRIO MEIO;1.093,00;03/11/2025;03:28:28;20;1283-20
CO2;1283;CT-CO2-0;1f94f8ad-7171-b062-c0a5-dbf839ac97e9;CD:E6:D3:07;0;AVIÁRIO MEIO;1.089,00;03/11/2025;03:33:30;20;1283-20
CO2;1283;CT-CO2-0;1f94f8ad-7171-b062-c0a5-dbf839ac97e9;CD:E6:D3:07;0;AVIÁRIO MEIO;1.100,00;03/11/2025;03:39:02;20;1283-20
CO2;1283;CT-CO2-0;1f94f8ad-7171-b062-c0a5-dbf839ac97e9;CD:E6:D3:07;0;AVIÁRIO MEIO;1.090,00;03/11/2025;03:45:10;20;1283-20
CO2;1283;CT-CO2-0;1f94f8ad-7171-b062-c0a5-dbf839ac97e9;CD:E6:D3:07;0;AVIÁRIO MEIO;1.071,00;03/11/2025;03:49:42;20;1283-20
CO2;1283;CT-CO2-0;1f94f8ad-7171-b062-c0a5-dbf839ac97e9;CD:E6:D3:07;0;AVIÁRIO MEIO;1.084,00;03/11/2025;03:55:14;20;1283-20
CO2;1283;CT-CO2-0;1f94f8ad-7171-b062-c0a5-dbf839ac97e9;CD:E6:D3:07;0;AVIÁRIO MEIO;1.092,00;03/11/2025;04:00:17;20;1283-20
CO2;1283;CT-CO2-0;1f94f8ad-7171-b062-c0a5-dbf839ac97e9;CD:E6:D3:07;0;AVIÁRIO MEIO;1.096,00;03/11/2025;04:05:49;20;1283-20
CO2;1283;CT-CO2-0;1f94f8ad-7171-b062-c0a5-dbf839ac97e9;CD:E6:D3:07;0;AVIÁRIO MEIO;1.077,00;03/11/2025;04:11:21;20;1283-20
CO2;1283;CT-CO2-0;1f94f8ad-7171-b062-c0a5-dbf839ac97e9;CD:E6:D3:07;0;AVIÁRIO MEIO;1.073,00;03/11/2025;04:16:23;20;1283-20
CO2;1283;CT-CO2-0;1f94f8ad-7171-b062-c0a5-dbf839ac97e9;CD:E6:D3:07;0;AVIÁRIO MEIO;1.108,00;03/11/2025;04:21:56;20;1283-20
CO2;1283;CT-CO2-0;1f94f8ad-7171-b062-c0a5-dbf839ac97e9;CD:E6:D3:07;0;AVIÁRIO MEIO;1.108,00;03/11/2025;04:27:29;20;1283-20
CO2;1283;CT-CO2-0;1f94f8ad-7171-b062-c0a5-dbf839ac97e9;CD:E6:D3:07;0;AVIÁRIO MEIO;1.096,00;03/11/2025;04:32:31;20;1283-20
CO2;1283;CT-CO2-0;1f94f8ad-7171-b062-c0a5-dbf839ac97e9;CD:E6:D3:07;0;AVIÁRIO MEIO;1.085,00;03/11/2025;04:38:02;20;1283-20
CO2;1283;CT-CO2-0;1f94f8ad-7171-b062-c0a5-dbf839ac97e9;CD:E6:D3:07;0;AVIÁRIO MEIO;1.076,00;03/11/2025;04:43:35;20;1283-20
CO2;1283;CT-CO2-0;1f94f8ad-7171-b062-c0a5-dbf839ac97e9;CD:E6:D3:07;0;AVIÁRIO MEIO;1.093,00;03/11/2025;04:48:37;20;1283-20
CO2;1283;CT-CO2-0;1f94f8ad-7171-b062-c0a5-dbf839ac97e9;CD:E6:D3:07;0;AVIÁRIO MEIO;1.083,00;03/11/2025;04:54:41;20;1283-20
CO2;1283;CT-CO2-0;1f94f8ad-7171-b062-c0a5-dbf839ac97e9;CD:E6:D3:07;0;AVIÁRIO MEIO;1.098,00;03/11/2025;04:59:14;20;1283-20
CO2;1283;CT-CO2-0;1f94f8ad-7171-b062-c0a5-dbf839ac97e9;CD:E6:D3:07;0;AVIÁRIO MEIO;1.096,00;03/11/2025;05:04:46;20;1283-20
CO2;1283;CT-CO2-0;1f94f8ad-7171-b062-c0a5-dbf839ac97e9;CD:E6:D3:07;0;AVIÁRIO MEIO;1.084,00;03/11/2025;05:10:18;20;1283-20
CO2;1283;CT-CO2-0;1f94f8ad-7171-b062-c0a5-dbf839ac97e9;CD:E6:D3:07;0;AVIÁRIO MEIO;1.066,00;03/11/2025;05:15:21;20;1283-20
CO2;1283;CT-CO2-0;1f94f8ad-7171-b062-c0a5-dbf839ac97e9;CD:E6:D3:07;0;AVIÁRIO MEIO;1.074,00;03/11/2025;05:20:53;20;1283-20
CO2;1283;CT-CO2-0;1f94f8ad-7171-b062-c0a5-dbf839ac97e9;CD:E6:D3:07;0;AVIÁRIO MEIO;1.095,00;03/11/2025;05:26:24;20;1283-20
CO2;1283;CT-CO2-0;1f94f8ad-7171-b062-c0a5-dbf839ac97e9;CD:E6:D3:07;0;AVIÁRIO MEIO;1.098,00;03/11/2025;05:31:27;20;1283-20
CO2;1283;CT-CO2-0;1f94f8ad-7171-b062-c0a5-dbf839ac97e9;CD:E6:D3:07;0;AVIÁRIO MEIO;1.103,00;03/11/2025;05:36:59;20;1283-20
CO2;1283;CT-CO2-0;1f94f8ad-7171-b062-c0a5-dbf839ac97e9;CD:E6:D3:07;0;AVIÁRIO MEIO;1.076,00;03/11/2025;05:42:31;20;1283-20
CO2;1283;CT-CO2-0;1f94f8ad-7171-b062-c0a5-dbf839ac97e9;CD:E6:D3:07;0;AVIÁRIO MEIO;1.057,00;03/11/2025;05:47:33;20;1283-20
CO2;1283;CT-CO2-0;1f94f8ad-7171-b062-c0a5-dbf839ac97e9;CD:E6:D3:07;0;AVIÁRIO MEIO;1.079,00;03/11/2025;05:53:05;20;1283-20
CO2;1283;CT-CO2-0;1f94f8ad-7171-b062-c0a5-dbf839ac97e9;CD:E6:D3:07;0;AVIÁRIO MEIO;1.121,00;03/11/2025;05:58:37;20;1283-20
CO2;1283;CT-CO2-0;1f94f8ad-7171-b062-c0a5-dbf839ac97e9;CD:E6:D3:07;0;AVIÁRIO MEIO;1.061,00;03/11/2025;06:04:10;20;1283-20
CO2;1283;CT-CO2-0;1f94f8ad-7171-b062-c0a5-dbf839ac97e9;CD:E6:D3:07;0;AVIÁRIO MEIO;1.036,00;03/11/2025;06:09:14;20;1283-20
CO2;1283;CT-CO2-0;1f94f8ad-7171-b062-c0a5-dbf839ac97e9;CD:E6:D3:07;0;AVIÁRIO MEIO;1.044,00;03/11/2025;06:14:45;20;1283-20
CO2;1283;CT-CO2-0;1f94f8ad-7171-b062-c0a5-dbf839ac97e9;CD:E6:D3:07;0;AVIÁRIO MEIO;1.095,00;03/11/2025;06:19:49;20;1283-20
CO2;1283;CT-CO2-0;1f94f8ad-7171-b062-c0a5-dbf839ac97e9;CD:E6:D3:07;0;AVIÁRIO MEIO;1.063,00;03/11/2025;06:25:21;20;1283-20
CO2;1283;CT-CO2-0;1f94f8ad-7171-b062-c0a5-dbf839ac97e9;CD:E6:D3:07;0;AVIÁRIO MEIO;1.066,00;03/11/2025;06:30:54;20;1283-20
CO2;1283;CT-CO2-0;1f94f8ad-7171-b062-c0a5-dbf839ac97e9;CD:E6:D3:07;0;AVIÁRIO MEIO;1.068,00;03/11/2025;06:42:08;20;1283-20
CO2;1283;CT-CO2-0;1f94f8ad-7171-b062-c0a5-dbf839ac97e9;CD:E6:D3:07;0;AVIÁRIO MEIO;1.001,00;03/11/2025;06:47:40;20;1283-20
CO2;1283;CT-CO2-0;1f94f8ad-7171-b062-c0a5-dbf839ac97e9;CD:E6:D3:07;0;AVIÁRIO MEIO;1.080,00;03/11/2025;06:53:12;20;1283-20
CO2;1283;CT-CO2-0;1f94f8ad-7171-b062-c0a5-dbf839ac97e9;CD:E6:D3:07;0;AVIÁRIO MEIO;1.022,00;03/11/2025;06:58:14;20;1283-20
CO2;1283;CT-CO2-0;1f94f8ad-7171-b062-c0a5-dbf839ac97e9;CD:E6:D3:07;0;AVIÁRIO MEIO;1.078,00;03/11/2025;07:03:46;20;1283-20
CO2;1283;CT-CO2-0;1f94f8ad-7171-b062-c0a5-dbf839ac97e9;CD:E6:D3:07;0;AVIÁRIO MEIO;996,00;03/11/2025;07:09:18;20;1283-20
CO2;1283;CT-CO2-0;1f94f8ad-7171-b062-c0a5-dbf839ac97e9;CD:E6:D3:07;0;AVIÁRIO MEIO;1.029,00;03/11/2025;07:14:19;20;1283-20
CO2;1283;CT-CO2-0;1f94f8ad-7171-b062-c0a5-dbf839ac97e9;CD:E6:D3:07;0;AVIÁRIO MEIO;1.064,00;03/11/2025;07:19:51;20;1283-20
CO2;1283;CT-CO2-0;1f94f8ad-7171-b062-c0a5-dbf839ac97e9;CD:E6:D3:07;0;AVIÁRIO MEIO;1.048,00;03/11/2025;07:25:24;20;1283-20
CO2;1283;CT-CO2-0;1f94f8ad-7171-b062-c0a5-dbf839ac97e9;CD:E6:D3:07;0;AVIÁRIO MEIO;1.018,00;03/11/2025;07:30:26;20;1283-20
CO2;1283;CT-CO2-0;1f94f8ad-7171-b062-c0a5-dbf839ac97e9;CD:E6:D3:07;0;AVIÁRIO MEIO;1.044,00;03/11/2025;07:35:57;20;1283-20
CO2;1283;CT-CO2-0;1f94f8ad-7171-b062-c0a5-dbf839ac97e9;CD:E6:D3:07;0;AVIÁRIO MEIO;1.019,00;03/11/2025;07:41:31;20;1283-20
CO2;1283;CT-CO2-0;1f94f8ad-7171-b062-c0a5-dbf839ac97e9;CD:E6:D3:07;0;AVIÁRIO MEIO;1.053,00;03/11/2025;07:47:04;20;1283-20
CO2;1283;CT-CO2-0;1f94f8ad-7171-b062-c0a5-dbf839ac97e9;CD:E6:D3:07;0;AVIÁRIO MEIO;892,00;03/11/2025;07:52:06;20;1283-20
CO2;1283;CT-CO2-0;1f94f8ad-7171-b062-c0a5-dbf839ac97e9;CD:E6:D3:07;0;AVIÁRIO MEIO;883,00;03/11/2025;07:57:39;20;1283-20
CO2;1283;CT-CO2-0;1f94f8ad-7171-b062-c0a5-dbf839ac97e9;CD:E6:D3:07;0;AVIÁRIO MEIO;949,00;03/11/2025;08:02:41;20;1283-20
CO2;1283;CT-CO2-0;1f94f8ad-7171-b062-c0a5-dbf839ac97e9;CD:E6:D3:07;0;AVIÁRIO MEIO;899,00;03/11/2025;08:08:13;20;1283-20
CO2;1283;CT-CO2-0;1f94f8ad-7171-b062-c0a5-dbf839ac97e9;CD:E6:D3:07;0;AVIÁRIO MEIO;964,00;03/11/2025;08:13:45;20;1283-20
CO2;1283;CT-CO2-0;1f94f8ad-7171-b062-c0a5-dbf839ac97e9;CD:E6:D3:07;0;AVIÁRIO MEIO;871,00;03/11/2025;08:18:47;20;1283-20
CO2;1283;CT-CO2-0;1f94f8ad-7171-b062-c0a5-dbf839ac97e9;CD:E6:D3:07;0;AVIÁRIO MEIO;820,00;03/11/2025;08:24:19;20;1283-20
CO2;1283;CT-CO2-0;1f94f8ad-7171-b062-c0a5-dbf839ac97e9;CD:E6:D3:07;0;AVIÁRIO MEIO;937,00;03/11/2025;08:29:51;20;1283-20
CO2;1283;CT-CO2-0;1f94f8ad-7171-b062-c0a5-dbf839ac97e9;CD:E6:D3:07;0;AVIÁRIO MEIO;826,00;03/11/2025;08:34:54;20;1283-20
CO2;1283;CT-CO2-0;1f94f8ad-7171-b062-c0a5-dbf839ac97e9;CD:E6:D3:07;0;AVIÁRIO MEIO;933,00;03/11/2025;08:40:25;20;1283-20
CO2;1283;CT-CO2-0;1f94f8ad-7171-b062-c0a5-dbf839ac97e9;CD:E6:D3:07;0;AVIÁRIO MEIO;845,00;03/11/2025;08:45:58;20;1283-20
CO2;1283;CT-CO2-0;1f94f8ad-7171-b062-c0a5-dbf839ac97e9;CD:E6:D3:07;0;AVIÁRIO MEIO;926,00;03/11/2025;08:51:00;20;1283-20
CO2;1283;CT-CO2-0;1f94f8ad-7171-b062-c0a5-dbf839ac97e9;CD:E6:D3:07;0;AVIÁRIO MEIO;829,00;03/11/2025;08:57:02;20;1283-20
CO2;1283;CT-CO2-0;1f94f8ad-7171-b062-c0a5-dbf839ac97e9;CD:E6:D3:07;0;AVIÁRIO MEIO;949,00;03/11/2025;09:02:05;20;1283-20
CO2;1283;CT-CO2-0;1f94f8ad-7171-b062-c0a5-dbf839ac97e9;CD:E6:D3:07;0;AVIÁRIO MEIO;824,00;03/11/2025;09:07:07;20;1283-20
CO2;1283;CT-CO2-0;1f94f8ad-7171-b062-c0a5-dbf839ac97e9;CD:E6:D3:07;0;AVIÁRIO MEIO;787,00;03/11/2025;09:12:41;20;1283-20
CO2;1283;CT-CO2-0;1f94f8ad-7171-b062-c0a5-dbf839ac97e9;CD:E6:D3:07;0;AVIÁRIO MEIO;807,00;03/11/2025;09:18:13;20;1283-20
CO2;1283;CT-CO2-0;1f94f8ad-7171-b062-c0a5-dbf839ac97e9;CD:E6:D3:07;0;AVIÁRIO MEIO;777,00;03/11/2025;09:23:15;20;1283-20
CO2;1283;CT-CO2-0;1f94f8ad-7171-b062-c0a5-dbf839ac97e9;CD:E6:D3:07;0;AVIÁRIO MEIO;779,00;03/11/2025;09:28:47;20;1283-20
CO2;1283;CT-CO2-0;1f94f8ad-7171-b062-c0a5-dbf839ac97e9;CD:E6:D3:07;0;AVIÁRIO MEIO;791,00;03/11/2025;09:34:20;20;1283-20
CO2;1283;CT-CO2-0;1f94f8ad-7171-b062-c0a5-dbf839ac97e9;CD:E6:D3:07;0;AVIÁRIO MEIO;784,00;03/11/2025;09:39:23;20;1283-20
CO2;1283;CT-CO2-0;1f94f8ad-7171-b062-c0a5-dbf839ac97e9;CD:E6:D3:07;0;AVIÁRIO MEIO;791,00;03/11/2025;09:44:55;20;1283-20
CO2;1283;CT-CO2-0;1f94f8ad-7171-b062-c0a5-dbf839ac97e9;CD:E6:D3:07;0;AVIÁRIO MEIO;811,00;03/11/2025;09:50:26;20;1283-20
CO2;1283;CT-CO2-0;1f94f8ad-7171-b062-c0a5-dbf839ac97e9;CD:E6:D3:07;0;AVIÁRIO MEIO;805,00;03/11/2025;09:55:29;20;1283-20
CO2;1283;CT-CO2-0;1f94f8ad-7171-b062-c0a5-dbf839ac97e9;CD:E6:D3:07;0;AVIÁRIO MEIO;812,00;03/11/2025;10:01:01;20;1283-20
CO2;1283;CT-CO2-0;1f94f8ad-7171-b062-c0a5-dbf839ac97e9;CD:E6:D3:07;0;AVIÁRIO MEIO;772,00;03/11/2025;10:07:03;20;1283-20
CO2;1283;CT-CO2-0;1f94f8ad-7171-b062-c0a5-dbf839ac97e9;CD:E6:D3:07;0;AVIÁRIO MEIO;723,00;03/11/2025;10:11:35;20;1283-20
CO2;1283;CT-CO2-0;1f94f8ad-7171-b062-c0a5-dbf839ac97e9;CD:E6:D3:07;0;AVIÁRIO MEIO;729,00;03/11/2025;10:17:07;20;1283-20
CO2;1283;CT-CO2-0;1f94f8ad-7171-b062-c0a5-dbf839ac97e9;CD:E6:D3:07;0;AVIÁRIO MEIO;711,00;03/11/2025;10:22:39;20;1283-20
CO2;1283;CT-CO2-0;1f94f8ad-7171-b062-c0a5-dbf839ac97e9;CD:E6:D3:07;0;AVIÁRIO MEIO;721,00;03/11/2025;10:27:44;20;1283-20
CO2;1283;CT-CO2-0;1f94f8ad-7171-b062-c0a5-dbf839ac97e9;CD:E6:D3:07;0;AVIÁRIO MEIO;718,00;03/11/2025;10:33:16;20;1283-20
CO2;1283;CT-CO2-0;1f94f8ad-7171-b062-c0a5-dbf839ac97e9;CD:E6:D3:07;0;AVIÁRIO MEIO;722,00;03/11/2025;10:38:19;20;1283-20
CO2;1283;CT-CO2-0;1f94f8ad-7171-b062-c0a5-dbf839ac97e9;CD:E6:D3:07;0;AVIÁRIO MEIO;702,00;03/11/2025;10:43:50;20;1283-20
CO2;1283;CT-CO2-0;1f94f8ad-7171-b062-c0a5-dbf839ac97e9;CD:E6:D3:07;0;AVIÁRIO MEIO;692,00;03/11/2025;10:49:23;20;1283-20
CO2;1283;CT-CO2-0;1f94f8ad-7171-b062-c0a5-dbf839ac97e9;CD:E6:D3:07;0;AVIÁRIO MEIO;690,00;03/11/2025;10:54:25;20;1283-20
CO2;1283;CT-CO2-0;1f94f8ad-7171-b062-c0a5-dbf839ac97e9;CD:E6:D3:07;0;AVIÁRIO MEIO;685,00;03/11/2025;10:59:57;20;1283-20
CO2;1283;CT-CO2-0;1f94f8ad-7171-b062-c0a5-dbf839ac97e9;CD:E6:D3:07;0;AVIÁRIO MEIO;679,00;03/11/2025;11:05:29;20;1283-20
CO2;1283;CT-CO2-0;1f94f8ad-7171-b062-c0a5-dbf839ac97e9;CD:E6:D3:07;0;AVIÁRIO MEIO;678,00;03/11/2025;11:10:33;20;1283-20
CO2;1283;CT-CO2-0;1f94f8ad-7171-b062-c0a5-dbf839ac97e9;CD:E6:D3:07;0;AVIÁRIO MEIO;683,00;03/11/2025;11:16:37;20;1283-20
CO2;1283;CT-CO2-0;1f94f8ad-7171-b062-c0a5-dbf839ac97e9;CD:E6:D3:07;0;AVIÁRIO MEIO;677,00;03/11/2025;11:21:40;20;1283-20
CO2;1283;CT-CO2-0;1f94f8ad-7171-b062-c0a5-dbf839ac97e9;CD:E6:D3:07;0;AVIÁRIO MEIO;676,00;03/11/2025;11:26:42;20;1283-20
CO2;1283;CT-CO2-0;1f94f8ad-7171-b062-c0a5-dbf839ac97e9;CD:E6:D3:07;0;AVIÁRIO MEIO;667,00;03/11/2025;11:32:18;20;1283-20
CO2;1283;CT-CO2-0;1f94f8ad-7171-b062-c0a5-dbf839ac97e9;CD:E6:D3:07;0;AVIÁRIO MEIO;667,00;03/11/2025;11:37:22;20;1283-20
CO2;1283;CT-CO2-0;1f94f8ad-7171-b062-c0a5-dbf839ac97e9;CD:E6:D3:07;0;AVIÁRIO MEIO;649,00;03/11/2025;11:42:54;20;1283-20
CO2;1283;CT-CO2-0;1f94f8ad-7171-b062-c0a5-dbf839ac97e9;CD:E6:D3:07;0;AVIÁRIO MEIO;640,00;03/11/2025;11:48:27;20;1283-20
CO2;1283;CT-CO2-0;1f94f8ad-7171-b062-c0a5-dbf839ac97e9;CD:E6:D3:07;0;AVIÁRIO MEIO;668,00;03/11/2025;11:53:29;20;1283-20
CO2;1283;CT-CO2-0;1f94f8ad-7171-b062-c0a5-dbf839ac97e9;CD:E6:D3:07;0;AVIÁRIO MEIO;658,00;03/11/2025;11:59:00;20;1283-20
CO2;1283;CT-CO2-0;1f94f8ad-7171-b062-c0a5-dbf839ac97e9;CD:E6:D3:07;0;AVIÁRIO MEIO;664,00;03/11/2025;12:04:34;20;1283-20
CO2;1283;CT-CO2-0;1f94f8ad-7171-b062-c0a5-dbf839ac97e9;CD:E6:D3:07;0;AVIÁRIO MEIO;656,00;03/11/2025;12:09:35;20;1283-20
CO2;1283;CT-CO2-0;1f94f8ad-7171-b062-c0a5-dbf839ac97e9;CD:E6:D3:07;0;AVIÁRIO MEIO;652,00;03/11/2025;12:15:11;20;1283-20
CO2;1283;CT-CO2-0;1f94f8ad-7171-b062-c0a5-dbf839ac97e9;CD:E6:D3:07;0;AVIÁRIO MEIO;656,00;03/11/2025;12:20:43;20;1283-20
CO2;1283;CT-CO2-0;1f94f8ad-7171-b062-c0a5-dbf839ac97e9;CD:E6:D3:07;0;AVIÁRIO MEIO;647,00;03/11/2025;12:26:16;20;1283-20
CO2;1283;CT-CO2-0;1f94f8ad-7171-b062-c0a5-dbf839ac97e9;CD:E6:D3:07;0;AVIÁRIO MEIO;665,00;03/11/2025;12:31:17;20;1283-20
CO2;1283;CT-CO2-0;1f94f8ad-7171-b062-c0a5-dbf839ac97e9;CD:E6:D3:07;0;AVIÁRIO MEIO;663,00;03/11/2025;12:36:49;20;1283-20
CO2;1283;CT-CO2-0;1f94f8ad-7171-b062-c0a5-dbf839ac97e9;CD:E6:D3:07;0;AVIÁRIO MEIO;649,00;03/11/2025;12:41:51;20;1283-20
CO2;1283;CT-CO2-0;1f94f8ad-7171-b062-c0a5-dbf839ac97e9;CD:E6:D3:07;0;AVIÁRIO MEIO;650,00;03/11/2025;12:47:24;20;1283-20
CO2;1283;CT-CO2-0;1f94f8ad-7171-b062-c0a5-dbf839ac97e9;CD:E6:D3:07;0;AVIÁRIO MEIO;678,00;03/11/2025;12:52:55;20;1283-20
CO2;1283;CT-CO2-0;1f94f8ad-7171-b062-c0a5-dbf839ac97e9;CD:E6:D3:07;0;AVIÁRIO MEIO;647,00;03/11/2025;12:57:58;20;1283-20
CO2;1283;CT-CO2-0;1f94f8ad-7171-b062-c0a5-dbf839ac97e9;CD:E6:D3:07;0;AVIÁRIO MEIO;636,00;03/11/2025;13:03:30;20;1283-20
CO2;1283;CT-CO2-0;1f94f8ad-7171-b062-c0a5-dbf839ac97e9;CD:E6:D3:07;0;AVIÁRIO MEIO;654,00;03/11/2025;13:09:02;20;1283-20
CO2;1283;CT-CO2-0;1f94f8ad-7171-b062-c0a5-dbf839ac97e9;CD:E6:D3:07;0;AVIÁRIO MEIO;643,00;03/11/2025;13:14:03;20;1283-20
CO2;1283;CT-CO2-0;1f94f8ad-7171-b062-c0a5-dbf839ac97e9;CD:E6:D3:07;0;AVIÁRIO MEIO;640,00;03/11/2025;13:19:35;20;1283-20
CO2;1283;CT-CO2-0;1f94f8ad-7171-b062-c0a5-dbf839ac97e9;CD:E6:D3:07;0;AVIÁRIO MEIO;670,00;03/11/2025;13:25:12;20;1283-20
CO2;1283;CT-CO2-0;1f94f8ad-7171-b062-c0a5-dbf839ac97e9;CD:E6:D3:07;0;AVIÁRIO MEIO;667,00;03/11/2025;13:30:14;20;1283-20
CO2;1283;CT-CO2-0;1f94f8ad-7171-b062-c0a5-dbf839ac97e9;CD:E6:D3:07;0;AVIÁRIO MEIO;648,00;03/11/2025;13:36:18;20;1283-20
CO2;1283;CT-CO2-0;1f94f8ad-7171-b062-c0a5-dbf839ac97e9;CD:E6:D3:07;0;AVIÁRIO MEIO;654,00;03/11/2025;13:41:20;20;1283-20
CO2;1283;CT-CO2-0;1f94f8ad-7171-b062-c0a5-dbf839ac97e9;CD:E6:D3:07;0;AVIÁRIO MEIO;642,00;03/11/2025;13:46:22;20;1283-20
CO2;1283;CT-CO2-0;1f94f8ad-7171-b062-c0a5-dbf839ac97e9;CD:E6:D3:07;0;AVIÁRIO MEIO;649,00;03/11/2025;13:51:54;20;1283-20
CO2;1283;CT-CO2-0;1f94f8ad-7171-b062-c0a5-dbf839ac97e9;CD:E6:D3:07;0;AVIÁRIO MEIO;642,00;03/11/2025;13:57:26;20;1283-20
CO2;1283;CT-CO2-0;1f94f8ad-7171-b062-c0a5-dbf839ac97e9;CD:E6:D3:07;0;AVIÁRIO MEIO;637,00;03/11/2025;14:02:28;20;1283-20
CO2;1283;CT-CO2-0;1f94f8ad-7171-b062-c0a5-dbf839ac97e9;CD:E6:D3:07;0;AVIÁRIO MEIO;655,00;03/11/2025;14:08:01;20;1283-20
CO2;1283;CT-CO2-0;1f94f8ad-7171-b062-c0a5-dbf839ac97e9;CD:E6:D3:07;0;AVIÁRIO MEIO;670,00;03/11/2025;14:13:34;20;1283-20
CO2;1283;CT-CO2-0;1f94f8ad-7171-b062-c0a5-dbf839ac97e9;CD:E6:D3:07;0;AVIÁRIO MEIO;653,00;03/11/2025;14:18:36;20;1283-20
CO2;1283;CT-CO2-0;1f94f8ad-7171-b062-c0a5-dbf839ac97e9;CD:E6:D3:07;0;AVIÁRIO MEIO;651,00;03/11/2025;14:24:08;20;1283-20
CO2;1283;CT-CO2-0;1f94f8ad-7171-b062-c0a5-dbf839ac97e9;CD:E6:D3:07;0;AVIÁRIO MEIO;648,00;03/11/2025;14:29:40;20;1283-20
CO2;1283;CT-CO2-0;1f94f8ad-7171-b062-c0a5-dbf839ac97e9;CD:E6:D3:07;0;AVIÁRIO MEIO;646,00;03/11/2025;14:34:43;20;1283-20
CO2;1283;CT-CO2-0;1f94f8ad-7171-b062-c0a5-dbf839ac97e9;CD:E6:D3:07;0;AVIÁRIO MEIO;647,00;03/11/2025;14:40:17;20;1283-20
CO2;1283;CT-CO2-0;1f94f8ad-7171-b062-c0a5-dbf839ac97e9;CD:E6:D3:07;0;AVIÁRIO MEIO;636,00;03/11/2025;14:45:51;20;1283-20
CO2;1283;CT-CO2-0;1f94f8ad-7171-b062-c0a5-dbf839ac97e9;CD:E6:D3:07;0;AVIÁRIO MEIO;636,00;03/11/2025;14:50:53;20;1283-20
CO2;1283;CT-CO2-0;1f94f8ad-7171-b062-c0a5-dbf839ac97e9;CD:E6:D3:07;0;AVIÁRIO MEIO;608,00;03/11/2025;14:56:25;20;1283-20
CO2;1283;CT-CO2-0;1f94f8ad-7171-b062-c0a5-dbf839ac97e9;CD:E6:D3:07;0;AVIÁRIO MEIO;617,00;03/11/2025;15:01:28;20;1283-20
CO2;1283;CT-CO2-0;1f94f8ad-7171-b062-c0a5-dbf839ac97e9;CD:E6:D3:07;0;AVIÁRIO MEIO;624,00;03/11/2025;15:06:59;20;1283-20
CO2;1283;CT-CO2-0;1f94f8ad-7171-b062-c0a5-dbf839ac97e9;CD:E6:D3:07;0;AVIÁRIO MEIO;613,00;03/11/2025;15:12:31;20;1283-20
CO2;1283;CT-CO2-0;1f94f8ad-7171-b062-c0a5-dbf839ac97e9;CD:E6:D3:07;0;AVIÁRIO MEIO;642,00;03/11/2025;15:22:34;20;1283-20
CO2;1283;CT-CO2-0;1f94f8ad-7171-b062-c0a5-dbf839ac97e9;CD:E6:D3:07;0;AVIÁRIO MEIO;618,00;03/11/2025;15:28:05;20;1283-20
CO2;1283;CT-CO2-0;1f94f8ad-7171-b062-c0a5-dbf839ac97e9;CD:E6:D3:07;0;AVIÁRIO MEIO;622,00;03/11/2025;15:33:38;20;1283-20
CO2;1283;CT-CO2-0;1f94f8ad-7171-b062-c0a5-dbf839ac97e9;CD:E6:D3:07;0;AVIÁRIO MEIO;622,00;03/11/2025;15:38:39;20;1283-20
CO2;1283;CT-CO2-0;1f94f8ad-7171-b062-c0a5-dbf839ac97e9;CD:E6:D3:07;0;AVIÁRIO MEIO;642,00;03/11/2025;15:44:13;20;1283-20
CO2;1283;CT-CO2-0;1f94f8ad-7171-b062-c0a5-dbf839ac97e9;CD:E6:D3:07;0;AVIÁRIO MEIO;654,00;03/11/2025;15:49:47;20;1283-20
CO2;1283;CT-CO2-0;1f94f8ad-7171-b062-c0a5-dbf839ac97e9;CD:E6:D3:07;0;AVIÁRIO MEIO;657,00;03/11/2025;15:55:20;20;1283-20
CO2;1283;CT-CO2-0;1f94f8ad-7171-b062-c0a5-dbf839ac97e9;CD:E6:D3:07;0;AVIÁRIO MEIO;624,00;03/11/2025;16:00:22;20;1283-20
CO2;1283;CT-CO2-0;1f94f8ad-7171-b062-c0a5-dbf839ac97e9;CD:E6:D3:07;0;AVIÁRIO MEIO;597,00;03/11/2025;16:05:55;20;1283-20
CO2;1283;CT-CO2-0;1f94f8ad-7171-b062-c0a5-dbf839ac97e9;CD:E6:D3:07;0;AVIÁRIO MEIO;602,00;03/11/2025;16:10:57;20;1283-20
CO2;1283;CT-CO2-0;1f94f8ad-7171-b062-c0a5-dbf839ac97e9;CD:E6:D3:07;0;AVIÁRIO MEIO;607,00;03/11/2025;16:16:29;20;1283-20
CO2;1283;CT-CO2-0;1f94f8ad-7171-b062-c0a5-dbf839ac97e9;CD:E6:D3:07;0;AVIÁRIO MEIO;611,00;03/11/2025;16:22:01;20;1283-20
CO2;1283;CT-CO2-0;1f94f8ad-7171-b062-c0a5-dbf839ac97e9;CD:E6:D3:07;0;AVIÁRIO MEIO;607,00;03/11/2025;16:27:03;20;1283-20
CO2;1283;CT-CO2-0;1f94f8ad-7171-b062-c0a5-dbf839ac97e9;CD:E6:D3:07;0;AVIÁRIO MEIO;610,00;03/11/2025;16:32:35;20;1283-20
CO2;1283;CT-CO2-0;1f94f8ad-7171-b062-c0a5-dbf839ac97e9;CD:E6:D3:07;0;AVIÁRIO MEIO;614,00;03/11/2025;16:38:07;20;1283-20
CO2;1283;CT-CO2-0;1f94f8ad-7171-b062-c0a5-dbf839ac97e9;CD:E6:D3:07;0;AVIÁRIO MEIO;610,00;03/11/2025;16:43:10;20;1283-20
CO2;1283;CT-CO2-0;1f94f8ad-7171-b062-c0a5-dbf839ac97e9;CD:E6:D3:07;0;AVIÁRIO MEIO;603,00;03/11/2025;16:48:42;20;1283-20
CO2;1283;CT-CO2-0;1f94f8ad-7171-b062-c0a5-dbf839ac97e9;CD:E6:D3:07;0;AVIÁRIO MEIO;601,00;03/11/2025;16:54:15;20;1283-20
CO2;1283;CT-CO2-0;1f94f8ad-7171-b062-c0a5-dbf839ac97e9;CD:E6:D3:07;0;AVIÁRIO MEIO;604,00;03/11/2025;16:59:17;20;1283-20
CO2;1283;CT-CO2-0;1f94f8ad-7171-b062-c0a5-dbf839ac97e9;CD:E6:D3:07;0;AVIÁRIO MEIO;595,00;03/11/2025;17:05:21;20;1283-20
CO2;1283;CT-CO2-0;1f94f8ad-7171-b062-c0a5-dbf839ac97e9;CD:E6:D3:07;0;AVIÁRIO MEIO;588,00;03/11/2025;17:09:52;20;1283-20
CO2;1283;CT-CO2-0;1f94f8ad-7171-b062-c0a5-dbf839ac97e9;CD:E6:D3:07;0;AVIÁRIO MEIO;603,00;03/11/2025;17:15:24;20;1283-20
CO2;1283;CT-CO2-0;1f94f8ad-7171-b062-c0a5-dbf839ac97e9;CD:E6:D3:07;0;AVIÁRIO MEIO;605,00;03/11/2025;17:20:57;20;1283-20
CO2;1283;CT-CO2-0;1f94f8ad-7171-b062-c0a5-dbf839ac97e9;CD:E6:D3:07;0;AVIÁRIO MEIO;606,00;03/11/2025;17:26:00;20;1283-20
CO2;1283;CT-CO2-0;1f94f8ad-7171-b062-c0a5-dbf839ac97e9;CD:E6:D3:07;0;AVIÁRIO MEIO;594,00;03/11/2025;17:31:33;20;1283-20
CO2;1283;CT-CO2-0;1f94f8ad-7171-b062-c0a5-dbf839ac97e9;CD:E6:D3:07;0;AVIÁRIO MEIO;641,00;03/11/2025;17:42:08;20;1283-20
CO2;1283;CT-CO2-0;1f94f8ad-7171-b062-c0a5-dbf839ac97e9;CD:E6:D3:07;0;AVIÁRIO MEIO;616,00;03/11/2025;17:47:42;20;1283-20
CO2;1283;CT-CO2-0;1f94f8ad-7171-b062-c0a5-dbf839ac97e9;CD:E6:D3:07;0;AVIÁRIO MEIO;640,00;03/11/2025;17:52:43;20;1283-20
CO2;1283;CT-CO2-0;1f94f8ad-7171-b062-c0a5-dbf839ac97e9;CD:E6:D3:07;0;AVIÁRIO MEIO;630,00;03/11/2025;17:58:16;20;1283-20
CO2;1283;CT-CO2-0;1f94f8ad-7171-b062-c0a5-dbf839ac97e9;CD:E6:D3:07;0;AVIÁRIO MEIO;631,00;03/11/2025;18:03:48;20;1283-20
CO2;1283;CT-CO2-0;1f94f8ad-7171-b062-c0a5-dbf839ac97e9;CD:E6:D3:07;0;AVIÁRIO MEIO;632,00;03/11/2025;18:08:50;20;1283-20
CO2;1283;CT-CO2-0;1f94f8ad-7171-b062-c0a5-dbf839ac97e9;CD:E6:D3:07;0;AVIÁRIO MEIO;650,00;03/11/2025;18:14:56;20;1283-20
CO2;1283;CT-CO2-0;1f94f8ad-7171-b062-c0a5-dbf839ac97e9;CD:E6:D3:07;0;AVIÁRIO MEIO;637,00;03/11/2025;18:19:58;20;1283-20
CO2;1283;CT-CO2-0;1f94f8ad-7171-b062-c0a5-dbf839ac97e9;CD:E6:D3:07;0;AVIÁRIO MEIO;637,00;03/11/2025;18:25:00;20;1283-20
CO2;1283;CT-CO2-0;1f94f8ad-7171-b062-c0a5-dbf839ac97e9;CD:E6:D3:07;0;AVIÁRIO MEIO;688,00;03/11/2025;18:30:32;20;1283-20
CO2;1283;CT-CO2-0;1f94f8ad-7171-b062-c0a5-dbf839ac97e9;CD:E6:D3:07;0;AVIÁRIO MEIO;680,00;03/11/2025;18:36:04;20;1283-20
CO2;1283;CT-CO2-0;1f94f8ad-7171-b062-c0a5-dbf839ac97e9;CD:E6:D3:07;0;AVIÁRIO MEIO;688,00;03/11/2025;18:41:06;20;1283-20
CO2;1283;CT-CO2-0;1f94f8ad-7171-b062-c0a5-dbf839ac97e9;CD:E6:D3:07;0;AVIÁRIO MEIO;678,00;03/11/2025;18:46:39;20;1283-20
CO2;1283;CT-CO2-0;1f94f8ad-7171-b062-c0a5-dbf839ac97e9;CD:E6:D3:07;0;AVIÁRIO MEIO;696,00;03/11/2025;18:52:11;20;1283-20
CO2;1283;CT-CO2-0;1f94f8ad-7171-b062-c0a5-dbf839ac97e9;CD:E6:D3:07;0;AVIÁRIO MEIO;695,00;03/11/2025;18:57:13;20;1283-20
CO2;1283;CT-CO2-0;1f94f8ad-7171-b062-c0a5-dbf839ac97e9;CD:E6:D3:07;0;AVIÁRIO MEIO;710,00;03/11/2025;19:02:45;20;1283-20
CO2;1283;CT-CO2-0;1f94f8ad-7171-b062-c0a5-dbf839ac97e9;CD:E6:D3:07;0;AVIÁRIO MEIO;729,00;03/11/2025;19:07:48;20;1283-20
CO2;1283;CT-CO2-0;1f94f8ad-7171-b062-c0a5-dbf839ac97e9;CD:E6:D3:07;0;AVIÁRIO MEIO;754,00;03/11/2025;19:13:20;20;1283-20
CO2;1283;CT-CO2-0;1f94f8ad-7171-b062-c0a5-dbf839ac97e9;CD:E6:D3:07;0;AVIÁRIO MEIO;812,00;03/11/2025;19:18:53;20;1283-20
CO2;1283;CT-CO2-0;1f94f8ad-7171-b062-c0a5-dbf839ac97e9;CD:E6:D3:07;0;AVIÁRIO MEIO;815,00;03/11/2025;19:24:26;20;1283-20
CO2;1283;CT-CO2-0;1f94f8ad-7171-b062-c0a5-dbf839ac97e9;CD:E6:D3:07;0;AVIÁRIO MEIO;808,00;03/11/2025;19:29:28;20;1283-20
CO2;1283;CT-CO2-0;1f94f8ad-7171-b062-c0a5-dbf839ac97e9;CD:E6:D3:07;0;AVIÁRIO MEIO;816,00;03/11/2025;19:35:00;20;1283-20
CO2;1283;CT-CO2-0;1f94f8ad-7171-b062-c0a5-dbf839ac97e9;CD:E6:D3:07;0;AVIÁRIO MEIO;834,00;03/11/2025;19:40:02;20;1283-20
CO2;1283;CT-CO2-0;1f94f8ad-7171-b062-c0a5-dbf839ac97e9;CD:E6:D3:07;0;AVIÁRIO MEIO;827,00;03/11/2025;19:45:34;20;1283-20
CO2;1283;CT-CO2-0;1f94f8ad-7171-b062-c0a5-dbf839ac97e9;CD:E6:D3:07;0;AVIÁRIO MEIO;818,00;03/11/2025;19:51:06;20;1283-20
CO2;1283;CT-CO2-0;1f94f8ad-7171-b062-c0a5-dbf839ac97e9;CD:E6:D3:07;0;AVIÁRIO MEIO;825,00;03/11/2025;19:56:07;20;1283-20
CO2;1283;CT-CO2-0;1f94f8ad-7171-b062-c0a5-dbf839ac97e9;CD:E6:D3:07;0;AVIÁRIO MEIO;839,00;03/11/2025;20:01:40;20;1283-20
CO2;1283;CT-CO2-0;1f94f8ad-7171-b062-c0a5-dbf839ac97e9;CD:E6:D3:07;0;AVIÁRIO MEIO;821,00;03/11/2025;20:07:12;20;1283-20
CO2;1283;CT-CO2-0;1f94f8ad-7171-b062-c0a5-dbf839ac97e9;CD:E6:D3:07;0;AVIÁRIO MEIO;817,00;03/11/2025;20:12:14;20;1283-20
CO2;1283;CT-CO2-0;1f94f8ad-7171-b062-c0a5-dbf839ac97e9;CD:E6:D3:07;0;AVIÁRIO MEIO;820,00;03/11/2025;20:17:46;20;1283-20
CO2;1283;CT-CO2-0;1f94f8ad-7171-b062-c0a5-dbf839ac97e9;CD:E6:D3:07;0;AVIÁRIO MEIO;815,00;03/11/2025;20:23:18;20;1283-20
CO2;1283;CT-CO2-0;1f94f8ad-7171-b062-c0a5-dbf839ac97e9;CD:E6:D3:07;0;AVIÁRIO MEIO;818,00;03/11/2025;20:28:20;20;1283-20
CO2;1283;CT-CO2-0;1f94f8ad-7171-b062-c0a5-dbf839ac97e9;CD:E6:D3:07;0;AVIÁRIO MEIO;806,00;03/11/2025;20:34:24;20;1283-20
CO2;1283;CT-CO2-0;1f94f8ad-7171-b062-c0a5-dbf839ac97e9;CD:E6:D3:07;0;AVIÁRIO MEIO;824,00;03/11/2025;20:39:26;20;1283-20
CO2;1283;CT-CO2-0;1f94f8ad-7171-b062-c0a5-dbf839ac97e9;CD:E6:D3:07;0;AVIÁRIO MEIO;810,00;03/11/2025;20:44:28;20;1283-20
CO2;1283;CT-CO2-0;1f94f8ad-7171-b062-c0a5-dbf839ac97e9;CD:E6:D3:07;0;AVIÁRIO MEIO;862,00;03/11/2025;20:50:00;20;1283-20
CO2;1283;CT-CO2-0;1f94f8ad-7171-b062-c0a5-dbf839ac97e9;CD:E6:D3:07;0;AVIÁRIO MEIO;879,00;03/11/2025;20:55:32;20;1283-20
CO2;1283;CT-CO2-0;1f94f8ad-7171-b062-c0a5-dbf839ac97e9;CD:E6:D3:07;0;AVIÁRIO MEIO;847,00;03/11/2025;21:01:03;20;1283-20
CO2;1283;CT-CO2-0;1f94f8ad-7171-b062-c0a5-dbf839ac97e9;CD:E6:D3:07;0;AVIÁRIO MEIO;812,00;03/11/2025;21:06:35;20;1283-20
CO2;1283;CT-CO2-0;1f94f8ad-7171-b062-c0a5-dbf839ac97e9;CD:E6:D3:07;0;AVIÁRIO MEIO;800,00;03/11/2025;21:12:07;20;1283-20
CO2;1283;CT-CO2-0;1f94f8ad-7171-b062-c0a5-dbf839ac97e9;CD:E6:D3:07;0;AVIÁRIO MEIO;802,00;03/11/2025;21:17:09;20;1283-20
CO2;1283;CT-CO2-0;1f94f8ad-7171-b062-c0a5-dbf839ac97e9;CD:E6:D3:07;0;AVIÁRIO MEIO;813,00;03/11/2025;21:22:41;20;1283-20
CO2;1283;CT-CO2-0;1f94f8ad-7171-b062-c0a5-dbf839ac97e9;CD:E6:D3:07;0;AVIÁRIO MEIO;804,00;03/11/2025;21:28:13;20;1283-20
CO2;1283;CT-CO2-0;1f94f8ad-7171-b062-c0a5-dbf839ac97e9;CD:E6:D3:07;0;AVIÁRIO MEIO;797,00;03/11/2025;21:33:15;20;1283-20
CO2;1283;CT-CO2-0;1f94f8ad-7171-b062-c0a5-dbf839ac97e9;CD:E6:D3:07;0;AVIÁRIO MEIO;939,00;03/11/2025;21:38:48;20;1283-20
CO2;1283;CT-CO2-0;1f94f8ad-7171-b062-c0a5-dbf839ac97e9;CD:E6:D3:07;0;AVIÁRIO MEIO;846,00;03/11/2025;21:44:52;20;1283-20
CO2;1283;CT-CO2-0;1f94f8ad-7171-b062-c0a5-dbf839ac97e9;CD:E6:D3:07;0;AVIÁRIO MEIO;903,00;03/11/2025;21:49:24;20;1283-20
CO2;1283;CT-CO2-0;1f94f8ad-7171-b062-c0a5-dbf839ac97e9;CD:E6:D3:07;0;AVIÁRIO MEIO;856,00;03/11/2025;21:54:56;20;1283-20
CO2;1283;CT-CO2-0;1f94f8ad-7171-b062-c0a5-dbf839ac97e9;CD:E6:D3:07;0;AVIÁRIO MEIO;970,00;03/11/2025;22:00:27;20;1283-20
CO2;1283;CT-CO2-0;1f94f8ad-7171-b062-c0a5-dbf839ac97e9;CD:E6:D3:07;0;AVIÁRIO MEIO;843,00;03/11/2025;22:05:29;20;1283-20
CO2;1283;CT-CO2-0;1f94f8ad-7171-b062-c0a5-dbf839ac97e9;CD:E6:D3:07;0;AVIÁRIO MEIO;944,00;03/11/2025;22:11:02;20;1283-20
CO2;1283;CT-CO2-0;1f94f8ad-7171-b062-c0a5-dbf839ac97e9;CD:E6:D3:07;0;AVIÁRIO MEIO;877,00;03/11/2025;22:16:34;20;1283-20
CO2;1283;CT-CO2-0;1f94f8ad-7171-b062-c0a5-dbf839ac97e9;CD:E6:D3:07;0;AVIÁRIO MEIO;932,00;03/11/2025;22:21:38;20;1283-20
CO2;1283;CT-CO2-0;1f94f8ad-7171-b062-c0a5-dbf839ac97e9;CD:E6:D3:07;0;AVIÁRIO MEIO;1.029,00;03/11/2025;22:27:11;20;1283-20
CO2;1283;CT-CO2-0;1f94f8ad-7171-b062-c0a5-dbf839ac97e9;CD:E6:D3:07;0;AVIÁRIO MEIO;1.010,00;03/11/2025;22:32:13;20;1283-20
CO2;1283;CT-CO2-0;1f94f8ad-7171-b062-c0a5-dbf839ac97e9;CD:E6:D3:07;0;AVIÁRIO MEIO;1.019,00;03/11/2025;22:37:44;20;1283-20
CO2;1283;CT-CO2-0;1f94f8ad-7171-b062-c0a5-dbf839ac97e9;CD:E6:D3:07;0;AVIÁRIO MEIO;1.038,00;03/11/2025;22:43:17;20;1283-20
CO2;1283;CT-CO2-0;1f94f8ad-7171-b062-c0a5-dbf839ac97e9;CD:E6:D3:07;0;AVIÁRIO MEIO;1.050,00;03/11/2025;22:48:19;20;1283-20
CO2;1283;CT-CO2-0;1f94f8ad-7171-b062-c0a5-dbf839ac97e9;CD:E6:D3:07;0;AVIÁRIO MEIO;1.034,00;03/11/2025;22:54:26;20;1283-20
CO2;1283;CT-CO2-0;1f94f8ad-7171-b062-c0a5-dbf839ac97e9;CD:E6:D3:07;0;AVIÁRIO MEIO;1.049,00;03/11/2025;22:59:28;20;1283-20
CO2;1283;CT-CO2-0;1f94f8ad-7171-b062-c0a5-dbf839ac97e9;CD:E6:D3:07;0;AVIÁRIO MEIO;1.038,00;03/11/2025;23:04:30;20;1283-20
CO2;1283;CT-CO2-0;1f94f8ad-7171-b062-c0a5-dbf839ac97e9;CD:E6:D3:07;0;AVIÁRIO MEIO;1.038,00;03/11/2025;23:10:03;20;1283-20
CO2;1283;CT-CO2-0;1f94f8ad-7171-b062-c0a5-dbf839ac97e9;CD:E6:D3:07;0;AVIÁRIO MEIO;1.051,00;03/11/2025;23:15:35;20;1283-20
CO2;1283;CT-CO2-0;1f94f8ad-7171-b062-c0a5-dbf839ac97e9;CD:E6:D3:07;0;AVIÁRIO MEIO;1.026,00;03/11/2025;23:20:37;20;1283-20
CO2;1283;CT-CO2-0;1f94f8ad-7171-b062-c0a5-dbf839ac97e9;CD:E6:D3:07;0;AVIÁRIO MEIO;1.059,00;03/11/2025;23:26:09;20;1283-20
CO2;1283;CT-CO2-0;1f94f8ad-7171-b062-c0a5-dbf839ac97e9;CD:E6:D3:07;0;AVIÁRIO MEIO;1.010,00;03/11/2025;23:31:41;20;1283-20
CO2;1283;CT-CO2-0;1f94f8ad-7171-b062-c0a5-dbf839ac97e9;CD:E6:D3:07;0;AVIÁRIO MEIO;1.048,00;03/11/2025;23:36:43;20;1283-20
CO2;1283;CT-CO2-0;1f94f8ad-7171-b062-c0a5-dbf839ac97e9;CD:E6:D3:07;0;AVIÁRIO MEIO;1.035,00;03/11/2025;23:42:15;20;1283-20
CO2;1283;CT-CO2-0;1f94f8ad-7171-b062-c0a5-dbf839ac97e9;CD:E6:D3:07;0;AVIÁRIO MEIO;1.065,00;03/11/2025;23:47:47;20;1283-20
CO2;1283;CT-CO2-0;1f94f8ad-7171-b062-c0a5-dbf839ac97e9;CD:E6:D3:07;0;AVIÁRIO MEIO;1.048,00;03/11/2025;23:52:49;20;1283-20
CO2;1283;CT-CO2-0;1f94f8ad-7171-b062-c0a5-dbf839ac97e9;CD:E6:D3:07;0;AVIÁRIO MEIO;1.055,00;03/11/2025;23:58:21;20;1283-20
CO2;1283;CT-CO2-0;1f94f8ad-7171-b062-c0a5-dbf839ac97e9;CD:E6:D3:07;0;AVIÁRIO MEIO;1.052,00;04/11/2025;00:04:24;20;1283-20
CO2;1283;CT-CO2-0;1f94f8ad-7171-b062-c0a5-dbf839ac97e9;CD:E6:D3:07;0;AVIÁRIO MEIO;1.031,00;04/11/2025;00:08:58;20;1283-20
CO2;1283;CT-CO2-0;1f94f8ad-7171-b062-c0a5-dbf839ac97e9;CD:E6:D3:07;0;AVIÁRIO MEIO;1.063,00;04/11/2025;00:14:31;20;1283-20
CO2;1283;CT-CO2-0;1f94f8ad-7171-b062-c0a5-dbf839ac97e9;CD:E6:D3:07;0;AVIÁRIO MEIO;1.122,00;04/11/2025;00:19:34;20;1283-20
CO2;1283;CT-CO2-0;1f94f8ad-7171-b062-c0a5-dbf839ac97e9;CD:E6:D3:07;0;AVIÁRIO MEIO;1.100,00;04/11/2025;00:30:42;20;1283-20
CO2;1283;CT-CO2-0;1f94f8ad-7171-b062-c0a5-dbf839ac97e9;CD:E6:D3:07;0;AVIÁRIO MEIO;1.113,00;04/11/2025;00:35:44;20;1283-20
CO2;1283;CT-CO2-0;1f94f8ad-7171-b062-c0a5-dbf839ac97e9;CD:E6:D3:07;0;AVIÁRIO MEIO;1.073,00;04/11/2025;00:41:16;20;1283-20
CO2;1283;CT-CO2-0;1f94f8ad-7171-b062-c0a5-dbf839ac97e9;CD:E6:D3:07;0;AVIÁRIO MEIO;1.110,00;04/11/2025;00:46:50;20;1283-20
CO2;1283;CT-CO2-0;1f94f8ad-7171-b062-c0a5-dbf839ac97e9;CD:E6:D3:07;0;AVIÁRIO MEIO;1.132,00;04/11/2025;00:51:52;20;1283-20
CO2;1283;CT-CO2-0;1f94f8ad-7171-b062-c0a5-dbf839ac97e9;CD:E6:D3:07;0;AVIÁRIO MEIO;1.177,00;04/11/2025;00:57:25;20;1283-20
CO2;1283;CT-CO2-0;1f94f8ad-7171-b062-c0a5-dbf839ac97e9;CD:E6:D3:07;0;AVIÁRIO MEIO;1.173,00;04/11/2025;01:02:58;20;1283-20
CO2;1283;CT-CO2-0;1f94f8ad-7171-b062-c0a5-dbf839ac97e9;CD:E6:D3:07;0;AVIÁRIO MEIO;1.179,00;04/11/2025;01:08:01;20;1283-20
CO2;1283;CT-CO2-0;1f94f8ad-7171-b062-c0a5-dbf839ac97e9;CD:E6:D3:07;0;AVIÁRIO MEIO;1.193,00;04/11/2025;01:14:04;20;1283-20
CO2;1283;CT-CO2-0;1f94f8ad-7171-b062-c0a5-dbf839ac97e9;CD:E6:D3:07;0;AVIÁRIO MEIO;1.211,00;04/11/2025;01:18:37;20;1283-20
CO2;1283;CT-CO2-0;1f94f8ad-7171-b062-c0a5-dbf839ac97e9;CD:E6:D3:07;0;AVIÁRIO MEIO;1.220,00;04/11/2025;01:24:11;20;1283-20
CO2;1283;CT-CO2-0;1f94f8ad-7171-b062-c0a5-dbf839ac97e9;CD:E6:D3:07;0;AVIÁRIO MEIO;1.255,00;04/11/2025;01:29:43;20;1283-20
CO2;1283;CT-CO2-0;1f94f8ad-7171-b062-c0a5-dbf839ac97e9;CD:E6:D3:07;0;AVIÁRIO MEIO;1.209,00;04/11/2025;01:34:46;20;1283-20
CO2;1283;CT-CO2-0;1f94f8ad-7171-b062-c0a5-dbf839ac97e9;CD:E6:D3:07;0;AVIÁRIO MEIO;1.180,00;04/11/2025;01:40:18;20;1283-20
CO2;1283;CT-CO2-0;1f94f8ad-7171-b062-c0a5-dbf839ac97e9;CD:E6:D3:07;0;AVIÁRIO MEIO;1.203,00;04/11/2025;01:45:51;20;1283-20
CO2;1283;CT-CO2-0;1f94f8ad-7171-b062-c0a5-dbf839ac97e9;CD:E6:D3:07;0;AVIÁRIO MEIO;1.227,00;04/11/2025;01:50:53;20;1283-20
CO2;1283;CT-CO2-0;1f94f8ad-7171-b062-c0a5-dbf839ac97e9;CD:E6:D3:07;0;AVIÁRIO MEIO;1.193,00;04/11/2025;01:56:25;20;1283-20
CO2;1283;CT-CO2-0;1f94f8ad-7171-b062-c0a5-dbf839ac97e9;CD:E6:D3:07;0;AVIÁRIO MEIO;1.182,00;04/11/2025;02:01:58;20;1283-20
CO2;1283;CT-CO2-0;1f94f8ad-7171-b062-c0a5-dbf839ac97e9;CD:E6:D3:07;0;AVIÁRIO MEIO;1.184,00;04/11/2025;02:06:59;20;1283-20
CO2;1283;CT-CO2-0;1f94f8ad-7171-b062-c0a5-dbf839ac97e9;CD:E6:D3:07;0;AVIÁRIO MEIO;1.181,00;04/11/2025;02:12:32;20;1283-20
CO2;1283;CT-CO2-0;1f94f8ad-7171-b062-c0a5-dbf839ac97e9;CD:E6:D3:07;0;AVIÁRIO MEIO;1.143,00;04/11/2025;02:18:05;20;1283-20
CO2;1283;CT-CO2-0;1f94f8ad-7171-b062-c0a5-dbf839ac97e9;CD:E6:D3:07;0;AVIÁRIO MEIO;1.163,00;04/11/2025;02:23:39;20;1283-20
CO2;1283;CT-CO2-0;1f94f8ad-7171-b062-c0a5-dbf839ac97e9;CD:E6:D3:07;0;AVIÁRIO MEIO;1.157,00;04/11/2025;02:28:41;20;1283-20
CO2;1283;CT-CO2-0;1f94f8ad-7171-b062-c0a5-dbf839ac97e9;CD:E6:D3:07;0;AVIÁRIO MEIO;1.182,00;04/11/2025;02:34:16;20;1283-20
CO2;1283;CT-CO2-0;1f94f8ad-7171-b062-c0a5-dbf839ac97e9;CD:E6:D3:07;0;AVIÁRIO MEIO;1.164,00;04/11/2025;02:39:19;20;1283-20
CO2;1283;CT-CO2-0;1f94f8ad-7171-b062-c0a5-dbf839ac97e9;CD:E6:D3:07;0;AVIÁRIO MEIO;1.172,00;04/11/2025;02:44:51;20;1283-20
CO2;1283;CT-CO2-0;1f94f8ad-7171-b062-c0a5-dbf839ac97e9;CD:E6:D3:07;0;AVIÁRIO MEIO;1.162,00;04/11/2025;02:49:53;20;1283-20
CO2;1283;CT-CO2-0;1f94f8ad-7171-b062-c0a5-dbf839ac97e9;CD:E6:D3:07;0;AVIÁRIO MEIO;1.195,00;04/11/2025;03:01:00;20;1283-20
CO2;1283;CT-CO2-0;1f94f8ad-7171-b062-c0a5-dbf839ac97e9;CD:E6:D3:07;0;AVIÁRIO MEIO;1.181,00;04/11/2025;03:06:02;20;1283-20
CO2;1283;CT-CO2-0;1f94f8ad-7171-b062-c0a5-dbf839ac97e9;CD:E6:D3:07;0;AVIÁRIO MEIO;1.194,00;04/11/2025;03:11:34;20;1283-20
CO2;1283;CT-CO2-0;1f94f8ad-7171-b062-c0a5-dbf839ac97e9;CD:E6:D3:07;0;AVIÁRIO MEIO;1.180,00;04/11/2025;03:17:07;20;1283-20
CO2;1283;CT-CO2-0;1f94f8ad-7171-b062-c0a5-dbf839ac97e9;CD:E6:D3:07;0;AVIÁRIO MEIO;1.176,00;04/11/2025;03:22:09;20;1283-20
CO2;1283;CT-CO2-0;1f94f8ad-7171-b062-c0a5-dbf839ac97e9;CD:E6:D3:07;0;AVIÁRIO MEIO;1.178,00;04/11/2025;03:27:41;20;1283-20
CO2;1283;CT-CO2-0;1f94f8ad-7171-b062-c0a5-dbf839ac97e9;CD:E6:D3:07;0;AVIÁRIO MEIO;1.170,00;04/11/2025;03:33:45;20;1283-20
CO2;1283;CT-CO2-0;1f94f8ad-7171-b062-c0a5-dbf839ac97e9;CD:E6:D3:07;0;AVIÁRIO MEIO;1.191,00;04/11/2025;03:38:17;20;1283-20
CO2;1283;CT-CO2-0;1f94f8ad-7171-b062-c0a5-dbf839ac97e9;CD:E6:D3:07;0;AVIÁRIO MEIO;1.196,00;04/11/2025;03:43:49;20;1283-20
CO2;1283;CT-CO2-0;1f94f8ad-7171-b062-c0a5-dbf839ac97e9;CD:E6:D3:07;0;AVIÁRIO MEIO;1.179,00;04/11/2025;03:49:22;20;1283-20
CO2;1283;CT-CO2-0;1f94f8ad-7171-b062-c0a5-dbf839ac97e9;CD:E6:D3:07;0;AVIÁRIO MEIO;1.173,00;04/11/2025;03:54:24;20;1283-20
CO2;1283;CT-CO2-0;1f94f8ad-7171-b062-c0a5-dbf839ac97e9;CD:E6:D3:07;0;AVIÁRIO MEIO;1.264,00;04/11/2025;03:59:56;20;1283-20
CO2;1283;CT-CO2-0;1f94f8ad-7171-b062-c0a5-dbf839ac97e9;CD:E6:D3:07;0;AVIÁRIO MEIO;1.170,00;04/11/2025;04:05:28;20;1283-20
CO2;1283;CT-CO2-0;1f94f8ad-7171-b062-c0a5-dbf839ac97e9;CD:E6:D3:07;0;AVIÁRIO MEIO;1.148,00;04/11/2025;04:10:30;20;1283-20
CO2;1283;CT-CO2-0;1f94f8ad-7171-b062-c0a5-dbf839ac97e9;CD:E6:D3:07;0;AVIÁRIO MEIO;1.139,00;04/11/2025;04:16:02;20;1283-20
CO2;1283;CT-CO2-0;1f94f8ad-7171-b062-c0a5-dbf839ac97e9;CD:E6:D3:07;0;AVIÁRIO MEIO;1.154,00;04/11/2025;04:21:33;20;1283-20
CO2;1283;CT-CO2-0;1f94f8ad-7171-b062-c0a5-dbf839ac97e9;CD:E6:D3:07;0;AVIÁRIO MEIO;1.136,00;04/11/2025;04:26:36;20;1283-20
CO2;1283;CT-CO2-0;1f94f8ad-7171-b062-c0a5-dbf839ac97e9;CD:E6:D3:07;0;AVIÁRIO MEIO;1.129,00;04/11/2025;04:32:10;20;1283-20
CO2;1283;CT-CO2-0;1f94f8ad-7171-b062-c0a5-dbf839ac97e9;CD:E6:D3:07;0;AVIÁRIO MEIO;1.130,00;04/11/2025;04:37:42;20;1283-20
CO2;1283;CT-CO2-0;1f94f8ad-7171-b062-c0a5-dbf839ac97e9;CD:E6:D3:07;0;AVIÁRIO MEIO;1.132,00;04/11/2025;04:43:15;20;1283-20
CO2;1283;CT-CO2-0;1f94f8ad-7171-b062-c0a5-dbf839ac97e9;CD:E6:D3:07;0;AVIÁRIO MEIO;1.143,00;04/11/2025;04:48:17;20;1283-20
CO2;1283;CT-CO2-0;1f94f8ad-7171-b062-c0a5-dbf839ac97e9;CD:E6:D3:07;0;AVIÁRIO MEIO;1.134,00;04/11/2025;04:53:49;20;1283-20
CO2;1283;CT-CO2-0;1f94f8ad-7171-b062-c0a5-dbf839ac97e9;CD:E6:D3:07;0;AVIÁRIO MEIO;1.120,00;04/11/2025;04:58:51;20;1283-20
CO2;1283;CT-CO2-0;1f94f8ad-7171-b062-c0a5-dbf839ac97e9;CD:E6:D3:07;0;AVIÁRIO MEIO;1.144,00;04/11/2025;05:04:23;20;1283-20
CO2;1283;CT-CO2-0;1f94f8ad-7171-b062-c0a5-dbf839ac97e9;CD:E6:D3:07;0;AVIÁRIO MEIO;1.123,00;04/11/2025;05:09:55;20;1283-20
CO2;1283;CT-CO2-0;1f94f8ad-7171-b062-c0a5-dbf839ac97e9;CD:E6:D3:07;0;AVIÁRIO MEIO;1.117,00;04/11/2025;05:14:57;20;1283-20
CO2;1283;CT-CO2-0;1f94f8ad-7171-b062-c0a5-dbf839ac97e9;CD:E6:D3:07;0;AVIÁRIO MEIO;1.111,00;04/11/2025;05:26:03;20;1283-20
CO2;1283;CT-CO2-0;1f94f8ad-7171-b062-c0a5-dbf839ac97e9;CD:E6:D3:07;0;AVIÁRIO MEIO;1.108,00;04/11/2025;05:31:05;20;1283-20
CO2;1283;CT-CO2-0;1f94f8ad-7171-b062-c0a5-dbf839ac97e9;CD:E6:D3:07;0;AVIÁRIO MEIO;1.113,00;04/11/2025;05:36:37;20;1283-20
CO2;1283;CT-CO2-0;1f94f8ad-7171-b062-c0a5-dbf839ac97e9;CD:E6:D3:07;0;AVIÁRIO MEIO;1.099,00;04/11/2025;05:42:09;20;1283-20
CO2;1283;CT-CO2-0;1f94f8ad-7171-b062-c0a5-dbf839ac97e9;CD:E6:D3:07;0;AVIÁRIO MEIO;1.116,00;04/11/2025;05:47:11;20;1283-20
CO2;1283;CT-CO2-0;1f94f8ad-7171-b062-c0a5-dbf839ac97e9;CD:E6:D3:07;0;AVIÁRIO MEIO;1.129,00;04/11/2025;05:53:14;20;1283-20
CO2;1283;CT-CO2-0;1f94f8ad-7171-b062-c0a5-dbf839ac97e9;CD:E6:D3:07;0;AVIÁRIO MEIO;1.125,00;04/11/2025;05:58:15;20;1283-20
CO2;1283;CT-CO2-0;1f94f8ad-7171-b062-c0a5-dbf839ac97e9;CD:E6:D3:07;0;AVIÁRIO MEIO;1.115,00;04/11/2025;06:03:18;20;1283-20
CO2;1283;CT-CO2-0;1f94f8ad-7171-b062-c0a5-dbf839ac97e9;CD:E6:D3:07;0;AVIÁRIO MEIO;1.116,00;04/11/2025;06:08:51;20;1283-20
CO2;1283;CT-CO2-0;1f94f8ad-7171-b062-c0a5-dbf839ac97e9;CD:E6:D3:07;0;AVIÁRIO MEIO;1.127,00;04/11/2025;06:14:24;20;1283-20
CO2;1283;CT-CO2-0;1f94f8ad-7171-b062-c0a5-dbf839ac97e9;CD:E6:D3:07;0;AVIÁRIO MEIO;1.119,00;04/11/2025;06:19:26;20;1283-20
CO2;1283;CT-CO2-0;1f94f8ad-7171-b062-c0a5-dbf839ac97e9;CD:E6:D3:07;0;AVIÁRIO MEIO;1.133,00;04/11/2025;06:24:58;20;1283-20
CO2;1283;CT-CO2-0;1f94f8ad-7171-b062-c0a5-dbf839ac97e9;CD:E6:D3:07;0;AVIÁRIO MEIO;1.324,00;04/11/2025;06:40:35;20;1283-20
CO2;1283;CT-CO2-0;1f94f8ad-7171-b062-c0a5-dbf839ac97e9;CD:E6:D3:07;0;AVIÁRIO MEIO;1.210,00;04/11/2025;06:46:09;20;1283-20
CO2;1283;CT-CO2-0;1f94f8ad-7171-b062-c0a5-dbf839ac97e9;CD:E6:D3:07;0;AVIÁRIO MEIO;1.260,00;04/11/2025;06:51:41;20;1283-20
CO2;1283;CT-CO2-0;1f94f8ad-7171-b062-c0a5-dbf839ac97e9;CD:E6:D3:07;0;AVIÁRIO MEIO;1.155,00;04/11/2025;06:56:43;20;1283-20
CO2;1283;CT-CO2-0;1f94f8ad-7171-b062-c0a5-dbf839ac97e9;CD:E6:D3:07;0;AVIÁRIO MEIO;1.245,00;04/11/2025;07:02:47;20;1283-20
CO2;1283;CT-CO2-0;1f94f8ad-7171-b062-c0a5-dbf839ac97e9;CD:E6:D3:07;0;AVIÁRIO MEIO;1.122,00;04/11/2025;07:07:50;20;1283-20
CO2;1283;CT-CO2-0;1f94f8ad-7171-b062-c0a5-dbf839ac97e9;CD:E6:D3:07;0;AVIÁRIO MEIO;1.195,00;04/11/2025;07:12:52;20;1283-20
CO2;1283;CT-CO2-0;1f94f8ad-7171-b062-c0a5-dbf839ac97e9;CD:E6:D3:07;0;AVIÁRIO MEIO;1.046,00;04/11/2025;07:18:25;20;1283-20
CO2;1283;CT-CO2-0;1f94f8ad-7171-b062-c0a5-dbf839ac97e9;CD:E6:D3:07;0;AVIÁRIO MEIO;995,00;04/11/2025;07:23:28;20;1283-20
CO2;1283;CT-CO2-0;1f94f8ad-7171-b062-c0a5-dbf839ac97e9;CD:E6:D3:07;0;AVIÁRIO MEIO;986,00;04/11/2025;07:29:01;20;1283-20
CO2;1283;CT-CO2-0;1f94f8ad-7171-b062-c0a5-dbf839ac97e9;CD:E6:D3:07;0;AVIÁRIO MEIO;945,00;04/11/2025;07:34:33;20;1283-20
CO2;1283;CT-CO2-0;1f94f8ad-7171-b062-c0a5-dbf839ac97e9;CD:E6:D3:07;0;AVIÁRIO MEIO;866,00;04/11/2025;07:39:34;20;1283-20
CO2;1283;CT-CO2-0;1f94f8ad-7171-b062-c0a5-dbf839ac97e9;CD:E6:D3:07;0;AVIÁRIO MEIO;957,00;04/11/2025;07:45:06;20;1283-20
CO2;1283;CT-CO2-0;1f94f8ad-7171-b062-c0a5-dbf839ac97e9;CD:E6:D3:07;0;AVIÁRIO MEIO;890,00;04/11/2025;07:50:38;20;1283-20
CO2;1283;CT-CO2-0;1f94f8ad-7171-b062-c0a5-dbf839ac97e9;CD:E6:D3:07;0;AVIÁRIO MEIO;870,00;04/11/2025;07:55:40;20;1283-20
CO2;1283;CT-CO2-0;1f94f8ad-7171-b062-c0a5-dbf839ac97e9;CD:E6:D3:07;0;AVIÁRIO MEIO;834,00;04/11/2025;08:01:12;20;1283-20
CO2;1283;CT-CO2-0;1f94f8ad-7171-b062-c0a5-dbf839ac97e9;CD:E6:D3:07;0;AVIÁRIO MEIO;821,00;04/11/2025;08:06:45;20;1283-20
CO2;1283;CT-CO2-0;1f94f8ad-7171-b062-c0a5-dbf839ac97e9;CD:E6:D3:07;0;AVIÁRIO MEIO;873,00;04/11/2025;08:12:18;20;1283-20
CO2;1283;CT-CO2-0;1f94f8ad-7171-b062-c0a5-dbf839ac97e9;CD:E6:D3:07;0;AVIÁRIO MEIO;865,00;04/11/2025;08:17:21;20;1283-20
CO2;1283;CT-CO2-0;1f94f8ad-7171-b062-c0a5-dbf839ac97e9;CD:E6:D3:07;0;AVIÁRIO MEIO;850,00;04/11/2025;08:22:53;20;1283-20
CO2;1283;CT-CO2-0;1f94f8ad-7171-b062-c0a5-dbf839ac97e9;CD:E6:D3:07;0;AVIÁRIO MEIO;833,00;04/11/2025;08:27:55;20;1283-20
CO2;1283;CT-CO2-0;1f94f8ad-7171-b062-c0a5-dbf839ac97e9;CD:E6:D3:07;0;AVIÁRIO MEIO;814,00;04/11/2025;08:33:28;20;1283-20
CO2;1283;CT-CO2-0;1f94f8ad-7171-b062-c0a5-dbf839ac97e9;CD:E6:D3:07;0;AVIÁRIO MEIO;754,00;04/11/2025;08:38:59;20;1283-20
CO2;1283;CT-CO2-0;1f94f8ad-7171-b062-c0a5-dbf839ac97e9;CD:E6:D3:07;0;AVIÁRIO MEIO;734,00;04/11/2025;08:44:02;20;1283-20
CO2;1283;CT-CO2-0;1f94f8ad-7171-b062-c0a5-dbf839ac97e9;CD:E6:D3:07;0;AVIÁRIO MEIO;735,00;04/11/2025;08:49:39;20;1283-20
CO2;1283;CT-CO2-0;1f94f8ad-7171-b062-c0a5-dbf839ac97e9;CD:E6:D3:07;0;AVIÁRIO MEIO;744,00;04/11/2025;08:54:41;20;1283-20
CO2;1283;CT-CO2-0;1f94f8ad-7171-b062-c0a5-dbf839ac97e9;CD:E6:D3:07;0;AVIÁRIO MEIO;719,00;04/11/2025;09:00:13;20;1283-20
CO2;1283;CT-CO2-0;1f94f8ad-7171-b062-c0a5-dbf839ac97e9;CD:E6:D3:07;0;AVIÁRIO MEIO;713,00;04/11/2025;09:05:45;20;1283-20
CO2;1283;CT-CO2-0;1f94f8ad-7171-b062-c0a5-dbf839ac97e9;CD:E6:D3:07;0;AVIÁRIO MEIO;697,00;04/11/2025;09:10:46;20;1283-20
CO2;1283;CT-CO2-0;1f94f8ad-7171-b062-c0a5-dbf839ac97e9;CD:E6:D3:07;0;AVIÁRIO MEIO;727,00;04/11/2025;09:16:19;20;1283-20
CO2;1283;CT-CO2-0;1f94f8ad-7171-b062-c0a5-dbf839ac97e9;CD:E6:D3:07;0;AVIÁRIO MEIO;715,00;04/11/2025;09:22:22;20;1283-20
CO2;1283;CT-CO2-0;1f94f8ad-7171-b062-c0a5-dbf839ac97e9;CD:E6:D3:07;0;AVIÁRIO MEIO;716,00;04/11/2025;09:26:55;20;1283-20
CO2;1283;CT-CO2-0;1f94f8ad-7171-b062-c0a5-dbf839ac97e9;CD:E6:D3:07;0;AVIÁRIO MEIO;711,00;04/11/2025;09:32:27;20;1283-20
CO2;1283;CT-CO2-0;1f94f8ad-7171-b062-c0a5-dbf839ac97e9;CD:E6:D3:07;0;AVIÁRIO MEIO;713,00;04/11/2025;09:37:58;20;1283-20
CO2;1283;CT-CO2-0;1f94f8ad-7171-b062-c0a5-dbf839ac97e9;CD:E6:D3:07;0;AVIÁRIO MEIO;660,00;04/11/2025;09:43:00;20;1283-20
CO2;1283;CT-CO2-0;1f94f8ad-7171-b062-c0a5-dbf839ac97e9;CD:E6:D3:07;0;AVIÁRIO MEIO;660,00;04/11/2025;09:48:32;20;1283-20
CO2;1283;CT-CO2-0;1f94f8ad-7171-b062-c0a5-dbf839ac97e9;CD:E6:D3:07;0;AVIÁRIO MEIO;697,00;04/11/2025;09:54:06;20;1283-20
CO2;1283;CT-CO2-0;1f94f8ad-7171-b062-c0a5-dbf839ac97e9;CD:E6:D3:07;0;AVIÁRIO MEIO;681,00;04/11/2025;09:59:08;20;1283-20
CO2;1283;CT-CO2-0;1f94f8ad-7171-b062-c0a5-dbf839ac97e9;CD:E6:D3:07;0;AVIÁRIO MEIO;704,00;04/11/2025;10:04:40;20;1283-20
CO2;1283;CT-CO2-0;1f94f8ad-7171-b062-c0a5-dbf839ac97e9;CD:E6:D3:07;0;AVIÁRIO MEIO;656,00;04/11/2025;10:10:11;20;1283-20
CO2;1283;CT-CO2-0;1f94f8ad-7171-b062-c0a5-dbf839ac97e9;CD:E6:D3:07;0;AVIÁRIO MEIO;656,00;04/11/2025;10:15:13;20;1283-20
CO2;1283;CT-CO2-0;1f94f8ad-7171-b062-c0a5-dbf839ac97e9;CD:E6:D3:07;0;AVIÁRIO MEIO;722,00;04/11/2025;10:20:45;20;1283-20
CO2;1283;CT-CO2-0;1f94f8ad-7171-b062-c0a5-dbf839ac97e9;CD:E6:D3:07;0;AVIÁRIO MEIO;639,00;04/11/2025;10:26:23;20;1283-20
CO2;1283;CT-CO2-0;1f94f8ad-7171-b062-c0a5-dbf839ac97e9;CD:E6:D3:07;0;AVIÁRIO MEIO;638,00;04/11/2025;10:31:56;20;1283-20
CO2;1283;CT-CO2-0;1f94f8ad-7171-b062-c0a5-dbf839ac97e9;CD:E6:D3:07;0;AVIÁRIO MEIO;643,00;04/11/2025;10:36:58;20;1283-20
CO2;1283;CT-CO2-0;1f94f8ad-7171-b062-c0a5-dbf839ac97e9;CD:E6:D3:07;0;AVIÁRIO MEIO;642,00;04/11/2025;10:42:29;20;1283-20
CO2;1283;CT-CO2-0;1f94f8ad-7171-b062-c0a5-dbf839ac97e9;CD:E6:D3:07;0;AVIÁRIO MEIO;654,00;04/11/2025;10:47:31;20;1283-20
CO2;1283;CT-CO2-0;1f94f8ad-7171-b062-c0a5-dbf839ac97e9;CD:E6:D3:07;0;AVIÁRIO MEIO;645,00;04/11/2025;10:53:03;20;1283-20
CO2;1283;CT-CO2-0;1f94f8ad-7171-b062-c0a5-dbf839ac97e9;CD:E6:D3:07;0;AVIÁRIO MEIO;669,00;04/11/2025;10:58:36;20;1283-20
CO2;1283;CT-CO2-0;1f94f8ad-7171-b062-c0a5-dbf839ac97e9;CD:E6:D3:07;0;AVIÁRIO MEIO;625,00;04/11/2025;11:03:38;20;1283-20
CO2;1283;CT-CO2-0;1f94f8ad-7171-b062-c0a5-dbf839ac97e9;CD:E6:D3:07;0;AVIÁRIO MEIO;629,00;04/11/2025;11:09:10;20;1283-20
CO2;1283;CT-CO2-0;1f94f8ad-7171-b062-c0a5-dbf839ac97e9;CD:E6:D3:07;0;AVIÁRIO MEIO;647,00;04/11/2025;11:14:42;20;1283-20
CO2;1283;CT-CO2-0;1f94f8ad-7171-b062-c0a5-dbf839ac97e9;CD:E6:D3:07;0;AVIÁRIO MEIO;619,00;04/11/2025;11:19:44;20;1283-20
CO2;1283;CT-CO2-0;1f94f8ad-7171-b062-c0a5-dbf839ac97e9;CD:E6:D3:07;0;AVIÁRIO MEIO;620,00;04/11/2025;11:25:16;20;1283-20
CO2;1283;CT-CO2-0;1f94f8ad-7171-b062-c0a5-dbf839ac97e9;CD:E6:D3:07;0;AVIÁRIO MEIO;637,00;04/11/2025;11:30:48;20;1283-20
CO2;1283;CT-CO2-0;1f94f8ad-7171-b062-c0a5-dbf839ac97e9;CD:E6:D3:07;0;AVIÁRIO MEIO;633,00;04/11/2025;11:35:50;20;1283-20
CO2;1283;CT-CO2-0;1f94f8ad-7171-b062-c0a5-dbf839ac97e9;CD:E6:D3:07;0;AVIÁRIO MEIO;622,00;04/11/2025;11:41:54;20;1283-20
CO2;1283;CT-CO2-0;1f94f8ad-7171-b062-c0a5-dbf839ac97e9;CD:E6:D3:07;0;AVIÁRIO MEIO;630,00;04/11/2025;11:46:56;20;1283-20
CO2;1283;CT-CO2-0;1f94f8ad-7171-b062-c0a5-dbf839ac97e9;CD:E6:D3:07;0;AVIÁRIO MEIO;624,00;04/11/2025;11:51:58;20;1283-20
CO2;1283;CT-CO2-0;1f94f8ad-7171-b062-c0a5-dbf839ac97e9;CD:E6:D3:07;0;AVIÁRIO MEIO;619,00;04/11/2025;11:57:30;20;1283-20
CO2;1283;CT-CO2-0;1f94f8ad-7171-b062-c0a5-dbf839ac97e9;CD:E6:D3:07;0;AVIÁRIO MEIO;605,00;04/11/2025;12:03:02;20;1283-20
CO2;1283;CT-CO2-0;1f94f8ad-7171-b062-c0a5-dbf839ac97e9;CD:E6:D3:07;0;AVIÁRIO MEIO;609,00;04/11/2025;12:08:05;20;1283-20
CO2;1283;CT-CO2-0;1f94f8ad-7171-b062-c0a5-dbf839ac97e9;CD:E6:D3:07;0;AVIÁRIO MEIO;609,00;04/11/2025;12:13:37;20;1283-20
CO2;1283;CT-CO2-0;1f94f8ad-7171-b062-c0a5-dbf839ac97e9;CD:E6:D3:07;0;AVIÁRIO MEIO;611,00;04/11/2025;12:19:09;20;1283-20
CO2;1283;CT-CO2-0;1f94f8ad-7171-b062-c0a5-dbf839ac97e9;CD:E6:D3:07;0;AVIÁRIO MEIO;607,00;04/11/2025;12:24:14;20;1283-20
CO2;1283;CT-CO2-0;1f94f8ad-7171-b062-c0a5-dbf839ac97e9;CD:E6:D3:07;0;AVIÁRIO MEIO;604,00;04/11/2025;12:29:47;20;1283-20
CO2;1283;CT-CO2-0;1f94f8ad-7171-b062-c0a5-dbf839ac97e9;CD:E6:D3:07;0;AVIÁRIO MEIO;612,00;04/11/2025;12:34:49;20;1283-20
CO2;1283;CT-CO2-0;1f94f8ad-7171-b062-c0a5-dbf839ac97e9;CD:E6:D3:07;0;AVIÁRIO MEIO;623,00;04/11/2025;12:40:21;20;1283-20
CO2;1283;CT-CO2-0;1f94f8ad-7171-b062-c0a5-dbf839ac97e9;CD:E6:D3:07;0;AVIÁRIO MEIO;640,00;04/11/2025;12:45:53;20;1283-20
CO2;1283;CT-CO2-0;1f94f8ad-7171-b062-c0a5-dbf839ac97e9;CD:E6:D3:07;0;AVIÁRIO MEIO;611,00;04/11/2025;12:51:26;20;1283-20
CO2;1283;CT-CO2-0;1f94f8ad-7171-b062-c0a5-dbf839ac97e9;CD:E6:D3:07;0;AVIÁRIO MEIO;627,00;04/11/2025;12:56:29;20;1283-20
CO2;1283;CT-CO2-0;1f94f8ad-7171-b062-c0a5-dbf839ac97e9;CD:E6:D3:07;0;AVIÁRIO MEIO;634,00;04/11/2025;13:02:01;20;1283-20
CO2;1283;CT-CO2-0;1f94f8ad-7171-b062-c0a5-dbf839ac97e9;CD:E6:D3:07;0;AVIÁRIO MEIO;687,00;04/11/2025;13:07:03;20;1283-20
CO2;1283;CT-CO2-0;1f94f8ad-7171-b062-c0a5-dbf839ac97e9;CD:E6:D3:07;0;AVIÁRIO MEIO;617,00;04/11/2025;13:12:35;20;1283-20
CO2;1283;CT-CO2-0;1f94f8ad-7171-b062-c0a5-dbf839ac97e9;CD:E6:D3:07;0;AVIÁRIO MEIO;625,00;04/11/2025;13:18:07;20;1283-20
CO2;1283;CT-CO2-0;1f94f8ad-7171-b062-c0a5-dbf839ac97e9;CD:E6:D3:07;0;AVIÁRIO MEIO;627,00;04/11/2025;13:23:09;20;1283-20
CO2;1283;CT-CO2-0;1f94f8ad-7171-b062-c0a5-dbf839ac97e9;CD:E6:D3:07;0;AVIÁRIO MEIO;627,00;04/11/2025;13:28:42;20;1283-20
CO2;1283;CT-CO2-0;1f94f8ad-7171-b062-c0a5-dbf839ac97e9;CD:E6:D3:07;0;AVIÁRIO MEIO;606,00;04/11/2025;13:34:14;20;1283-20
CO2;1283;CT-CO2-0;1f94f8ad-7171-b062-c0a5-dbf839ac97e9;CD:E6:D3:07;0;AVIÁRIO MEIO;626,00;04/11/2025;13:39:16;20;1283-20
CO2;1283;CT-CO2-0;1f94f8ad-7171-b062-c0a5-dbf839ac97e9;CD:E6:D3:07;0;AVIÁRIO MEIO;612,00;04/11/2025;13:44:49;20;1283-20
CO2;1283;CT-CO2-0;1f94f8ad-7171-b062-c0a5-dbf839ac97e9;CD:E6:D3:07;0;AVIÁRIO MEIO;621,00;04/11/2025;13:50:21;20;1283-20
CO2;1283;CT-CO2-0;1f94f8ad-7171-b062-c0a5-dbf839ac97e9;CD:E6:D3:07;0;AVIÁRIO MEIO;620,00;04/11/2025;14:01:32;20;1283-20
CO2;1283;CT-CO2-0;1f94f8ad-7171-b062-c0a5-dbf839ac97e9;CD:E6:D3:07;0;AVIÁRIO MEIO;678,00;04/11/2025;14:06:35;20;1283-20
CO2;1283;CT-CO2-0;1f94f8ad-7171-b062-c0a5-dbf839ac97e9;CD:E6:D3:07;0;AVIÁRIO MEIO;616,00;04/11/2025;14:11:36;20;1283-20
CO2;1283;CT-CO2-0;1f94f8ad-7171-b062-c0a5-dbf839ac97e9;CD:E6:D3:07;0;AVIÁRIO MEIO;605,00;04/11/2025;14:17:08;20;1283-20
CO2;1283;CT-CO2-0;1f94f8ad-7171-b062-c0a5-dbf839ac97e9;CD:E6:D3:07;0;AVIÁRIO MEIO;610,00;04/11/2025;14:22:40;20;1283-20
CO2;1283;CT-CO2-0;1f94f8ad-7171-b062-c0a5-dbf839ac97e9;CD:E6:D3:07;0;AVIÁRIO MEIO;606,00;04/11/2025;14:27:42;20;1283-20
CO2;1283;CT-CO2-0;1f94f8ad-7171-b062-c0a5-dbf839ac97e9;CD:E6:D3:07;0;AVIÁRIO MEIO;590,00;04/11/2025;14:33:14;20;1283-20
CO2;1283;CT-CO2-0;1f94f8ad-7171-b062-c0a5-dbf839ac97e9;CD:E6:D3:07;0;AVIÁRIO MEIO;597,00;04/11/2025;14:38:46;20;1283-20
CO2;1283;CT-CO2-0;1f94f8ad-7171-b062-c0a5-dbf839ac97e9;CD:E6:D3:07;0;AVIÁRIO MEIO;605,00;04/11/2025;14:43:48;20;1283-20
CO2;1283;CT-CO2-0;1f94f8ad-7171-b062-c0a5-dbf839ac97e9;CD:E6:D3:07;0;AVIÁRIO MEIO;607,00;04/11/2025;14:49:20;20;1283-20
CO2;1283;CT-CO2-0;1f94f8ad-7171-b062-c0a5-dbf839ac97e9;CD:E6:D3:07;0;AVIÁRIO MEIO;583,00;04/11/2025;14:54:53;20;1283-20
CO2;1283;CT-CO2-0;1f94f8ad-7171-b062-c0a5-dbf839ac97e9;CD:E6:D3:07;0;AVIÁRIO MEIO;602,00;04/11/2025;14:59:56;20;1283-20
CO2;1283;CT-CO2-0;1f94f8ad-7171-b062-c0a5-dbf839ac97e9;CD:E6:D3:07;0;AVIÁRIO MEIO;595,00;04/11/2025;15:11:33;20;1283-20
CO2;1283;CT-CO2-0;1f94f8ad-7171-b062-c0a5-dbf839ac97e9;CD:E6:D3:07;0;AVIÁRIO MEIO;604,00;04/11/2025;15:16:05;20;1283-20
CO2;1283;CT-CO2-0;1f94f8ad-7171-b062-c0a5-dbf839ac97e9;CD:E6:D3:07;0;AVIÁRIO MEIO;582,00;04/11/2025;15:21:38;20;1283-20
CO2;1283;CT-CO2-0;1f94f8ad-7171-b062-c0a5-dbf839ac97e9;CD:E6:D3:07;0;AVIÁRIO MEIO;587,00;04/11/2025;15:26:45;20;1283-20
CO2;1283;CT-CO2-0;1f94f8ad-7171-b062-c0a5-dbf839ac97e9;CD:E6:D3:07;0;AVIÁRIO MEIO;589,00;04/11/2025;15:32:17;20;1283-20
CO2;1283;CT-CO2-0;1f94f8ad-7171-b062-c0a5-dbf839ac97e9;CD:E6:D3:07;0;AVIÁRIO MEIO;587,00;04/11/2025;15:37:50;20;1283-20
CO2;1283;CT-CO2-0;1f94f8ad-7171-b062-c0a5-dbf839ac97e9;CD:E6:D3:07;0;AVIÁRIO MEIO;600,00;04/11/2025;15:42:52;20;1283-20
CO2;1283;CT-CO2-0;1f94f8ad-7171-b062-c0a5-dbf839ac97e9;CD:E6:D3:07;0;AVIÁRIO MEIO;600,00;04/11/2025;15:48:25;20;1283-20
CO2;1283;CT-CO2-0;1f94f8ad-7171-b062-c0a5-dbf839ac97e9;CD:E6:D3:07;0;AVIÁRIO MEIO;597,00;04/11/2025;15:53:58;20;1283-20
CO2;1283;CT-CO2-0;1f94f8ad-7171-b062-c0a5-dbf839ac97e9;CD:E6:D3:07;0;AVIÁRIO MEIO;600,00;04/11/2025;15:59:03;20;1283-20
CO2;1283;CT-CO2-0;1f94f8ad-7171-b062-c0a5-dbf839ac97e9;CD:E6:D3:07;0;AVIÁRIO MEIO;619,00;04/11/2025;16:04:34;20;1283-20
CO2;1283;CT-CO2-0;1f94f8ad-7171-b062-c0a5-dbf839ac97e9;CD:E6:D3:07;0;AVIÁRIO MEIO;634,00;04/11/2025;16:09:36;20;1283-20
CO2;1283;CT-CO2-0;1f94f8ad-7171-b062-c0a5-dbf839ac97e9;CD:E6:D3:07;0;AVIÁRIO MEIO;625,00;04/11/2025;16:15:08;20;1283-20
CO2;1283;CT-CO2-0;1f94f8ad-7171-b062-c0a5-dbf839ac97e9;CD:E6:D3:07;0;AVIÁRIO MEIO;611,00;04/11/2025;16:21:13;20;1283-20
CO2;1283;CT-CO2-0;1f94f8ad-7171-b062-c0a5-dbf839ac97e9;CD:E6:D3:07;0;AVIÁRIO MEIO;613,00;04/11/2025;16:25:45;20;1283-20
CO2;1283;CT-CO2-0;1f94f8ad-7171-b062-c0a5-dbf839ac97e9;CD:E6:D3:07;0;AVIÁRIO MEIO;602,00;04/11/2025;16:31:18;20;1283-20
CO2;1283;CT-CO2-0;1f94f8ad-7171-b062-c0a5-dbf839ac97e9;CD:E6:D3:07;0;AVIÁRIO MEIO;608,00;04/11/2025;16:36:49;20;1283-20
CO2;1283;CT-CO2-0;1f94f8ad-7171-b062-c0a5-dbf839ac97e9;CD:E6:D3:07;0;AVIÁRIO MEIO;608,00;04/11/2025;16:41:51;20;1283-20
CO2;1283;CT-CO2-0;1f94f8ad-7171-b062-c0a5-dbf839ac97e9;CD:E6:D3:07;0;AVIÁRIO MEIO;609,00;04/11/2025;16:47:23;20;1283-20
CO2;1283;CT-CO2-0;1f94f8ad-7171-b062-c0a5-dbf839ac97e9;CD:E6:D3:07;0;AVIÁRIO MEIO;606,00;04/11/2025;16:52:55;20;1283-20
CO2;1283;CT-CO2-0;1f94f8ad-7171-b062-c0a5-dbf839ac97e9;CD:E6:D3:07;0;AVIÁRIO MEIO;611,00;04/11/2025;16:57:57;20;1283-20
CO2;1283;CT-CO2-0;1f94f8ad-7171-b062-c0a5-dbf839ac97e9;CD:E6:D3:07;0;AVIÁRIO MEIO;608,00;04/11/2025;17:03:28;20;1283-20
CO2;1283;CT-CO2-0;1f94f8ad-7171-b062-c0a5-dbf839ac97e9;CD:E6:D3:07;0;AVIÁRIO MEIO;618,00;04/11/2025;17:09:00;20;1283-20
CO2;1283;CT-CO2-0;1f94f8ad-7171-b062-c0a5-dbf839ac97e9;CD:E6:D3:07;0;AVIÁRIO MEIO;628,00;04/11/2025;17:14:32;20;1283-20
CO2;1283;CT-CO2-0;1f94f8ad-7171-b062-c0a5-dbf839ac97e9;CD:E6:D3:07;0;AVIÁRIO MEIO;600,00;04/11/2025;17:19:35;20;1283-20
CO2;1283;CT-CO2-0;1f94f8ad-7171-b062-c0a5-dbf839ac97e9;CD:E6:D3:07;0;AVIÁRIO MEIO;609,00;04/11/2025;17:25:07;20;1283-20
CO2;1283;CT-CO2-0;1f94f8ad-7171-b062-c0a5-dbf839ac97e9;CD:E6:D3:07;0;AVIÁRIO MEIO;643,00;04/11/2025;17:30:41;20;1283-20
CO2;1283;CT-CO2-0;1f94f8ad-7171-b062-c0a5-dbf839ac97e9;CD:E6:D3:07;0;AVIÁRIO MEIO;653,00;04/11/2025;17:40:36;20;1283-20
CO2;1283;CT-CO2-0;1f94f8ad-7171-b062-c0a5-dbf839ac97e9;CD:E6:D3:07;0;AVIÁRIO MEIO;615,00;04/11/2025;17:45:38;20;1283-20
CO2;1283;CT-CO2-0;1f94f8ad-7171-b062-c0a5-dbf839ac97e9;CD:E6:D3:07;0;AVIÁRIO MEIO;633,00;04/11/2025;17:51:11;20;1283-20
CO2;1283;CT-CO2-0;1f94f8ad-7171-b062-c0a5-dbf839ac97e9;CD:E6:D3:07;0;AVIÁRIO MEIO;630,00;04/11/2025;17:56:42;20;1283-20
CO2;1283;CT-CO2-0;1f94f8ad-7171-b062-c0a5-dbf839ac97e9;CD:E6:D3:07;0;AVIÁRIO MEIO;617,00;04/11/2025;18:02:14;20;1283-20
CO2;1283;CT-CO2-0;1f94f8ad-7171-b062-c0a5-dbf839ac97e9;CD:E6:D3:07;0;AVIÁRIO MEIO;619,00;04/11/2025;18:07:16;20;1283-20
CO2;1283;CT-CO2-0;1f94f8ad-7171-b062-c0a5-dbf839ac97e9;CD:E6:D3:07;0;AVIÁRIO MEIO;617,00;04/11/2025;18:12:50;20;1283-20
CO2;1283;CT-CO2-0;1f94f8ad-7171-b062-c0a5-dbf839ac97e9;CD:E6:D3:07;0;AVIÁRIO MEIO;621,00;04/11/2025;18:18:21;20;1283-20
CO2;1283;CT-CO2-0;1f94f8ad-7171-b062-c0a5-dbf839ac97e9;CD:E6:D3:07;0;AVIÁRIO MEIO;627,00;04/11/2025;18:23:24;20;1283-20
CO2;1283;CT-CO2-0;1f94f8ad-7171-b062-c0a5-dbf839ac97e9;CD:E6:D3:07;0;AVIÁRIO MEIO;632,00;04/11/2025;18:28:57;20;1283-20
CO2;1283;CT-CO2-0;1f94f8ad-7171-b062-c0a5-dbf839ac97e9;CD:E6:D3:07;0;AVIÁRIO MEIO;653,00;04/11/2025;18:34:29;20;1283-20
CO2;1283;CT-CO2-0;1f94f8ad-7171-b062-c0a5-dbf839ac97e9;CD:E6:D3:07;0;AVIÁRIO MEIO;707,00;04/11/2025;18:39:31;20;1283-20
CO2;1283;CT-CO2-0;1f94f8ad-7171-b062-c0a5-dbf839ac97e9;CD:E6:D3:07;0;AVIÁRIO MEIO;668,00;04/11/2025;18:50:09;20;1283-20
CO2;1283;CT-CO2-0;1f94f8ad-7171-b062-c0a5-dbf839ac97e9;CD:E6:D3:07;0;AVIÁRIO MEIO;667,00;04/11/2025;18:55:40;20;1283-20
CO2;1283;CT-CO2-0;1f94f8ad-7171-b062-c0a5-dbf839ac97e9;CD:E6:D3:07;0;AVIÁRIO MEIO;678,00;04/11/2025;19:01:12;20;1283-20
CO2;1283;CT-CO2-0;1f94f8ad-7171-b062-c0a5-dbf839ac97e9;CD:E6:D3:07;0;AVIÁRIO MEIO;692,00;04/11/2025;19:06:15;20;1283-20
CO2;1283;CT-CO2-0;1f94f8ad-7171-b062-c0a5-dbf839ac97e9;CD:E6:D3:07;0;AVIÁRIO MEIO;689,00;04/11/2025;19:11:47;20;1283-20
CO2;1283;CT-CO2-0;1f94f8ad-7171-b062-c0a5-dbf839ac97e9;CD:E6:D3:07;0;AVIÁRIO MEIO;687,00;04/11/2025;19:17:21;20;1283-20
CO2;1283;CT-CO2-0;1f94f8ad-7171-b062-c0a5-dbf839ac97e9;CD:E6:D3:07;0;AVIÁRIO MEIO;702,00;04/11/2025;19:22:24;20;1283-20
CO2;1283;CT-CO2-0;1f94f8ad-7171-b062-c0a5-dbf839ac97e9;CD:E6:D3:07;0;AVIÁRIO MEIO;680,00;04/11/2025;19:27:56;20;1283-20
CO2;1283;CT-CO2-0;1f94f8ad-7171-b062-c0a5-dbf839ac97e9;CD:E6:D3:07;0;AVIÁRIO MEIO;676,00;04/11/2025;19:33:28;20;1283-20
CO2;1283;CT-CO2-0;1f94f8ad-7171-b062-c0a5-dbf839ac97e9;CD:E6:D3:07;0;AVIÁRIO MEIO;690,00;04/11/2025;19:44:03;20;1283-20
CO2;1283;CT-CO2-0;1f94f8ad-7171-b062-c0a5-dbf839ac97e9;CD:E6:D3:07;0;AVIÁRIO MEIO;662,00;04/11/2025;19:49:05;20;1283-20
CO2;1283;CT-CO2-0;1f94f8ad-7171-b062-c0a5-dbf839ac97e9;CD:E6:D3:07;0;AVIÁRIO MEIO;659,00;04/11/2025;19:55:09;20;1283-20
CO2;1283;CT-CO2-0;1f94f8ad-7171-b062-c0a5-dbf839ac97e9;CD:E6:D3:07;0;AVIÁRIO MEIO;654,00;04/11/2025;19:59:41;20;1283-20
CO2;1283;CT-CO2-0;1f94f8ad-7171-b062-c0a5-dbf839ac97e9;CD:E6:D3:07;0;AVIÁRIO MEIO;663,00;04/11/2025;20:05:13;20;1283-20
CO2;1283;CT-CO2-0;1f94f8ad-7171-b062-c0a5-dbf839ac97e9;CD:E6:D3:07;0;AVIÁRIO MEIO;647,00;04/11/2025;20:43:02;20;1283-20
CO2;1283;CT-CO2-0;1f94f8ad-7171-b062-c0a5-dbf839ac97e9;CD:E6:D3:07;0;AVIÁRIO MEIO;654,00;04/11/2025;20:48:05;20;1283-20
CO2;1283;CT-CO2-0;1f94f8ad-7171-b062-c0a5-dbf839ac97e9;CD:E6:D3:07;0;AVIÁRIO MEIO;646,00;04/11/2025;20:53:37;20;1283-20
CO2;1283;CT-CO2-0;1f94f8ad-7171-b062-c0a5-dbf839ac97e9;CD:E6:D3:07;0;AVIÁRIO MEIO;636,00;04/11/2025;20:59:09;20;1283-20
CO2;1283;CT-CO2-0;1f94f8ad-7171-b062-c0a5-dbf839ac97e9;CD:E6:D3:07;0;AVIÁRIO MEIO;644,00;04/11/2025;21:07:13;20;1283-20
CO2;1283;CT-CO2-0;1f94f8ad-7171-b062-c0a5-dbf839ac97e9;CD:E6:D3:07;0;AVIÁRIO MEIO;647,00;04/11/2025;21:12:16;20;1283-20
CO2;1283;CT-CO2-0;1f94f8ad-7171-b062-c0a5-dbf839ac97e9;CD:E6:D3:07;0;AVIÁRIO MEIO;654,00;04/11/2025;21:17:49;20;1283-20
CO2;1283;CT-CO2-0;1f94f8ad-7171-b062-c0a5-dbf839ac97e9;CD:E6:D3:07;0;AVIÁRIO MEIO;655,00;04/11/2025;21:22:52;20;1283-20
CO2;1283;CT-CO2-0;1f94f8ad-7171-b062-c0a5-dbf839ac97e9;CD:E6:D3:07;0;AVIÁRIO MEIO;666,00;04/11/2025;21:28:24;20;1283-20
CO2;1283;CT-CO2-0;1f94f8ad-7171-b062-c0a5-dbf839ac97e9;CD:E6:D3:07;0;AVIÁRIO MEIO;661,00;04/11/2025;21:33:57;20;1283-20
CO2;1283;CT-CO2-0;1f94f8ad-7171-b062-c0a5-dbf839ac97e9;CD:E6:D3:07;0;AVIÁRIO MEIO;683,00;04/11/2025;21:38:59;20;1283-20
CO2;1283;CT-CO2-0;1f94f8ad-7171-b062-c0a5-dbf839ac97e9;CD:E6:D3:07;0;AVIÁRIO MEIO;679,00;04/11/2025;21:44:31;20;1283-20
CO2;1283;CT-CO2-0;1f94f8ad-7171-b062-c0a5-dbf839ac97e9;CD:E6:D3:07;0;AVIÁRIO MEIO;685,00;04/11/2025;21:50:03;20;1283-20
CO2;1283;CT-CO2-0;1f94f8ad-7171-b062-c0a5-dbf839ac97e9;CD:E6:D3:07;0;AVIÁRIO MEIO;693,00;04/11/2025;21:55:05;20;1283-20
CO2;1283;CT-CO2-0;1f94f8ad-7171-b062-c0a5-dbf839ac97e9;CD:E6:D3:07;0;AVIÁRIO MEIO;685,00;04/11/2025;22:00:37;20;1283-20
CO2;1283;CT-CO2-0;1f94f8ad-7171-b062-c0a5-dbf839ac97e9;CD:E6:D3:07;0;AVIÁRIO MEIO;697,00;04/11/2025;22:06:09;20;1283-20
CO2;1283;CT-CO2-0;1f94f8ad-7171-b062-c0a5-dbf839ac97e9;CD:E6:D3:07;0;AVIÁRIO MEIO;677,00;04/11/2025;22:11:11;20;1283-20
CO2;1283;CT-CO2-0;1f94f8ad-7171-b062-c0a5-dbf839ac97e9;CD:E6:D3:07;0;AVIÁRIO MEIO;693,00;04/11/2025;22:17:15;20;1283-20
CO2;1283;CT-CO2-0;1f94f8ad-7171-b062-c0a5-dbf839ac97e9;CD:E6:D3:07;0;AVIÁRIO MEIO;682,00;04/11/2025;22:22:17;20;1283-20
CO2;1283;CT-CO2-0;1f94f8ad-7171-b062-c0a5-dbf839ac97e9;CD:E6:D3:07;0;AVIÁRIO MEIO;666,00;04/11/2025;22:27:19;20;1283-20
CO2;1283;CT-CO2-0;1f94f8ad-7171-b062-c0a5-dbf839ac97e9;CD:E6:D3:07;0;AVIÁRIO MEIO;676,00;04/11/2025;22:32:51;20;1283-20
CO2;1283;CT-CO2-0;1f94f8ad-7171-b062-c0a5-dbf839ac97e9;CD:E6:D3:07;0;AVIÁRIO MEIO;698,00;04/11/2025;22:38:23;20;1283-20
CO2;1283;CT-CO2-0;1f94f8ad-7171-b062-c0a5-dbf839ac97e9;CD:E6:D3:07;0;AVIÁRIO MEIO;702,00;04/11/2025;22:43:26;20;1283-20
CO2;1283;CT-CO2-0;1f94f8ad-7171-b062-c0a5-dbf839ac97e9;CD:E6:D3:07;0;AVIÁRIO MEIO;700,00;04/11/2025;22:48:58;20;1283-20
CO2;1283;CT-CO2-0;1f94f8ad-7171-b062-c0a5-dbf839ac97e9;CD:E6:D3:07;0;AVIÁRIO MEIO;706,00;04/11/2025;22:54:31;20;1283-20
CO2;1283;CT-CO2-0;1f94f8ad-7171-b062-c0a5-dbf839ac97e9;CD:E6:D3:07;0;AVIÁRIO MEIO;721,00;04/11/2025;22:59:33;20;1283-20
CO2;1283;CT-CO2-0;1f94f8ad-7171-b062-c0a5-dbf839ac97e9;CD:E6:D3:07;0;AVIÁRIO MEIO;800,00;04/11/2025;23:05:05;20;1283-20
CO2;1283;CT-CO2-0;1f94f8ad-7171-b062-c0a5-dbf839ac97e9;CD:E6:D3:07;0;AVIÁRIO MEIO;829,00;04/11/2025;23:10:08;20;1283-20
CO2;1283;CT-CO2-0;1f94f8ad-7171-b062-c0a5-dbf839ac97e9;CD:E6:D3:07;0;AVIÁRIO MEIO;838,00;04/11/2025;23:15:41;20;1283-20
CO2;1283;CT-CO2-0;1f94f8ad-7171-b062-c0a5-dbf839ac97e9;CD:E6:D3:07;0;AVIÁRIO MEIO;837,00;04/11/2025;23:21:13;20;1283-20
CO2;1283;CT-CO2-0;1f94f8ad-7171-b062-c0a5-dbf839ac97e9;CD:E6:D3:07;0;AVIÁRIO MEIO;821,00;04/11/2025;23:26:48;20;1283-20
CO2;1283;CT-CO2-0;1f94f8ad-7171-b062-c0a5-dbf839ac97e9;CD:E6:D3:07;0;AVIÁRIO MEIO;839,00;04/11/2025;23:31:49;20;1283-20
CO2;1283;CT-CO2-0;1f94f8ad-7171-b062-c0a5-dbf839ac97e9;CD:E6:D3:07;0;AVIÁRIO MEIO;889,00;04/11/2025;23:37:21;20;1283-20
CO2;1283;CT-CO2-0;1f94f8ad-7171-b062-c0a5-dbf839ac97e9;CD:E6:D3:07;0;AVIÁRIO MEIO;901,00;04/11/2025;23:42:23;20;1283-20
CO2;1283;CT-CO2-0;1f94f8ad-7171-b062-c0a5-dbf839ac97e9;CD:E6:D3:07;0;AVIÁRIO MEIO;903,00;04/11/2025;23:47:55;20;1283-20
CO2;1283;CT-CO2-0;1f94f8ad-7171-b062-c0a5-dbf839ac97e9;CD:E6:D3:07;0;AVIÁRIO MEIO;899,00;04/11/2025;23:53:28;20;1283-20
CO2;1283;CT-CO2-0;1f94f8ad-7171-b062-c0a5-dbf839ac97e9;CD:E6:D3:07;0;AVIÁRIO MEIO;904,00;04/11/2025;23:58:31;20;1283-20
CO2;1283;CT-CO2-0;1f94f8ad-7171-b062-c0a5-dbf839ac97e9;CD:E6:D3:07;0;AVIÁRIO MEIO;897,00;05/11/2025;00:04:03;20;1283-20
CO2;1283;CT-CO2-0;1f94f8ad-7171-b062-c0a5-dbf839ac97e9;CD:E6:D3:07;0;AVIÁRIO MEIO;924,00;05/11/2025;00:09:36;20;1283-20
CO2;1283;CT-CO2-0;1f94f8ad-7171-b062-c0a5-dbf839ac97e9;CD:E6:D3:07;0;AVIÁRIO MEIO;913,00;05/11/2025;00:14:39;20;1283-20
CO2;1283;CT-CO2-0;1f94f8ad-7171-b062-c0a5-dbf839ac97e9;CD:E6:D3:07;0;AVIÁRIO MEIO;914,00;05/11/2025;00:20:11;20;1283-20
CO2;1283;CT-CO2-0;1f94f8ad-7171-b062-c0a5-dbf839ac97e9;CD:E6:D3:07;0;AVIÁRIO MEIO;911,00;05/11/2025;00:25:43;20;1283-20
CO2;1283;CT-CO2-0;1f94f8ad-7171-b062-c0a5-dbf839ac97e9;CD:E6:D3:07;0;AVIÁRIO MEIO;913,00;05/11/2025;00:30:45;20;1283-20
CO2;1283;CT-CO2-0;1f94f8ad-7171-b062-c0a5-dbf839ac97e9;CD:E6:D3:07;0;AVIÁRIO MEIO;936,00;05/11/2025;00:36:48;20;1283-20
CO2;1283;CT-CO2-0;1f94f8ad-7171-b062-c0a5-dbf839ac97e9;CD:E6:D3:07;0;AVIÁRIO MEIO;925,00;05/11/2025;00:41:50;20;1283-20
CO2;1283;CT-CO2-0;1f94f8ad-7171-b062-c0a5-dbf839ac97e9;CD:E6:D3:07;0;AVIÁRIO MEIO;922,00;05/11/2025;00:46:51;20;1283-20
CO2;1283;CT-CO2-0;1f94f8ad-7171-b062-c0a5-dbf839ac97e9;CD:E6:D3:07;0;AVIÁRIO MEIO;916,00;05/11/2025;00:52:24;20;1283-20
CO2;1283;CT-CO2-0;1f94f8ad-7171-b062-c0a5-dbf839ac97e9;CD:E6:D3:07;0;AVIÁRIO MEIO;919,00;05/11/2025;00:57:56;20;1283-20
CO2;1283;CT-CO2-0;1f94f8ad-7171-b062-c0a5-dbf839ac97e9;CD:E6:D3:07;0;AVIÁRIO MEIO;941,00;05/11/2025;01:02:59;20;1283-20
CO2;1283;CT-CO2-0;1f94f8ad-7171-b062-c0a5-dbf839ac97e9;CD:E6:D3:07;0;AVIÁRIO MEIO;915,00;05/11/2025;01:08:30;20;1283-20
CO2;1283;CT-CO2-0;1f94f8ad-7171-b062-c0a5-dbf839ac97e9;CD:E6:D3:07;0;AVIÁRIO MEIO;922,00;05/11/2025;01:14:02;20;1283-20
CO2;1283;CT-CO2-0;1f94f8ad-7171-b062-c0a5-dbf839ac97e9;CD:E6:D3:07;0;AVIÁRIO MEIO;911,00;05/11/2025;01:19:04;20;1283-20
CO2;1283;CT-CO2-0;1f94f8ad-7171-b062-c0a5-dbf839ac97e9;CD:E6:D3:07;0;AVIÁRIO MEIO;883,00;05/11/2025;01:24:35;20;1283-20
CO2;1283;CT-CO2-0;1f94f8ad-7171-b062-c0a5-dbf839ac97e9;CD:E6:D3:07;0;AVIÁRIO MEIO;884,00;05/11/2025;01:30:08;20;1283-20
CO2;1283;CT-CO2-0;1f94f8ad-7171-b062-c0a5-dbf839ac97e9;CD:E6:D3:07;0;AVIÁRIO MEIO;878,00;05/11/2025;01:35:11;20;1283-20
CO2;1283;CT-CO2-0;1f94f8ad-7171-b062-c0a5-dbf839ac97e9;CD:E6:D3:07;0;AVIÁRIO MEIO;853,00;05/11/2025;01:40:43;20;1283-20
CO2;1283;CT-CO2-0;1f94f8ad-7171-b062-c0a5-dbf839ac97e9;CD:E6:D3:07;0;AVIÁRIO MEIO;872,00;05/11/2025;01:46:46;20;1283-20
CO2;1283;CT-CO2-0;1f94f8ad-7171-b062-c0a5-dbf839ac97e9;CD:E6:D3:07;0;AVIÁRIO MEIO;885,00;05/11/2025;01:51:18;20;1283-20
CO2;1283;CT-CO2-0;1f94f8ad-7171-b062-c0a5-dbf839ac97e9;CD:E6:D3:07;0;AVIÁRIO MEIO;901,00;05/11/2025;01:56:51;20;1283-20
CO2;1283;CT-CO2-0;1f94f8ad-7171-b062-c0a5-dbf839ac97e9;CD:E6:D3:07;0;AVIÁRIO MEIO;889,00;05/11/2025;02:02:25;20;1283-20
CO2;1283;CT-CO2-0;1f94f8ad-7171-b062-c0a5-dbf839ac97e9;CD:E6:D3:07;0;AVIÁRIO MEIO;886,00;05/11/2025;02:07:27;20;1283-20
CO2;1283;CT-CO2-0;1f94f8ad-7171-b062-c0a5-dbf839ac97e9;CD:E6:D3:07;0;AVIÁRIO MEIO;877,00;05/11/2025;02:12:59;20;1283-20
CO2;1283;CT-CO2-0;1f94f8ad-7171-b062-c0a5-dbf839ac97e9;CD:E6:D3:07;0;AVIÁRIO MEIO;898,00;05/11/2025;02:18:31;20;1283-20
CO2;1283;CT-CO2-0;1f94f8ad-7171-b062-c0a5-dbf839ac97e9;CD:E6:D3:07;0;AVIÁRIO MEIO;925,00;05/11/2025;02:23:33;20;1283-20
CO2;1283;CT-CO2-0;1f94f8ad-7171-b062-c0a5-dbf839ac97e9;CD:E6:D3:07;0;AVIÁRIO MEIO;904,00;05/11/2025;02:29:05;20;1283-20
CO2;1283;CT-CO2-0;1f94f8ad-7171-b062-c0a5-dbf839ac97e9;CD:E6:D3:07;0;AVIÁRIO MEIO;902,00;05/11/2025;02:34:37;20;1283-20
CO2;1283;CT-CO2-0;1f94f8ad-7171-b062-c0a5-dbf839ac97e9;CD:E6:D3:07;0;AVIÁRIO MEIO;899,00;05/11/2025;02:39:39;20;1283-20
CO2;1283;CT-CO2-0;1f94f8ad-7171-b062-c0a5-dbf839ac97e9;CD:E6:D3:07;0;AVIÁRIO MEIO;892,00;05/11/2025;02:45:11;20;1283-20
CO2;1283;CT-CO2-0;1f94f8ad-7171-b062-c0a5-dbf839ac97e9;CD:E6:D3:07;0;AVIÁRIO MEIO;883,00;05/11/2025;02:50:43;20;1283-20
CO2;1283;CT-CO2-0;1f94f8ad-7171-b062-c0a5-dbf839ac97e9;CD:E6:D3:07;0;AVIÁRIO MEIO;884,00;05/11/2025;02:56:17;20;1283-20
CO2;1283;CT-CO2-0;1f94f8ad-7171-b062-c0a5-dbf839ac97e9;CD:E6:D3:07;0;AVIÁRIO MEIO;875,00;05/11/2025;03:01:19;20;1283-20
CO2;1283;CT-CO2-0;1f94f8ad-7171-b062-c0a5-dbf839ac97e9;CD:E6:D3:07;0;AVIÁRIO MEIO;908,00;05/11/2025;03:06:52;20;1283-20
CO2;1283;CT-CO2-0;1f94f8ad-7171-b062-c0a5-dbf839ac97e9;CD:E6:D3:07;0;AVIÁRIO MEIO;920,00;05/11/2025;03:11:54;20;1283-20
CO2;1283;CT-CO2-0;1f94f8ad-7171-b062-c0a5-dbf839ac97e9;CD:E6:D3:07;0;AVIÁRIO MEIO;918,00;05/11/2025;03:17:26;20;1283-20
CO2;1283;CT-CO2-0;1f94f8ad-7171-b062-c0a5-dbf839ac97e9;CD:E6:D3:07;0;AVIÁRIO MEIO;944,00;05/11/2025;03:22:58;20;1283-20
CO2;1283;CT-CO2-0;1f94f8ad-7171-b062-c0a5-dbf839ac97e9;CD:E6:D3:07;0;AVIÁRIO MEIO;953,00;05/11/2025;03:28:03;20;1283-20
CO2;1283;CT-CO2-0;1f94f8ad-7171-b062-c0a5-dbf839ac97e9;CD:E6:D3:07;0;AVIÁRIO MEIO;960,00;05/11/2025;03:33:35;20;1283-20
CO2;1283;CT-CO2-0;1f94f8ad-7171-b062-c0a5-dbf839ac97e9;CD:E6:D3:07;0;AVIÁRIO MEIO;1.056,00;05/11/2025;03:38:37;20;1283-20
CO2;1283;CT-CO2-0;1f94f8ad-7171-b062-c0a5-dbf839ac97e9;CD:E6:D3:07;0;AVIÁRIO MEIO;1.040,00;05/11/2025;03:44:09;20;1283-20
CO2;1283;CT-CO2-0;1f94f8ad-7171-b062-c0a5-dbf839ac97e9;CD:E6:D3:07;0;AVIÁRIO MEIO;1.115,00;05/11/2025;03:49:41;20;1283-20
CO2;1283;CT-CO2-0;1f94f8ad-7171-b062-c0a5-dbf839ac97e9;CD:E6:D3:07;0;AVIÁRIO MEIO;1.156,00;05/11/2025;03:54:43;20;1283-20
CO2;1283;CT-CO2-0;1f94f8ad-7171-b062-c0a5-dbf839ac97e9;CD:E6:D3:07;0;AVIÁRIO MEIO;1.092,00;05/11/2025;04:00:15;20;1283-20
CO2;1283;CT-CO2-0;1f94f8ad-7171-b062-c0a5-dbf839ac97e9;CD:E6:D3:07;0;AVIÁRIO MEIO;1.144,00;05/11/2025;04:06:18;20;1283-20
CO2;1283;CT-CO2-0;1f94f8ad-7171-b062-c0a5-dbf839ac97e9;CD:E6:D3:07;0;AVIÁRIO MEIO;1.092,00;05/11/2025;04:10:50;20;1283-20
CO2;1283;CT-CO2-0;1f94f8ad-7171-b062-c0a5-dbf839ac97e9;CD:E6:D3:07;0;AVIÁRIO MEIO;1.122,00;05/11/2025;04:16:22;20;1283-20
CO2;1283;CT-CO2-0;1f94f8ad-7171-b062-c0a5-dbf839ac97e9;CD:E6:D3:07;0;AVIÁRIO MEIO;1.178,00;05/11/2025;04:21:53;20;1283-20
CO2;1283;CT-CO2-0;1f94f8ad-7171-b062-c0a5-dbf839ac97e9;CD:E6:D3:07;0;AVIÁRIO MEIO;1.107,00;05/11/2025;04:26:56;20;1283-20
CO2;1283;CT-CO2-0;1f94f8ad-7171-b062-c0a5-dbf839ac97e9;CD:E6:D3:07;0;AVIÁRIO MEIO;1.143,00;05/11/2025;04:32:27;20;1283-20
CO2;1283;CT-CO2-0;1f94f8ad-7171-b062-c0a5-dbf839ac97e9;CD:E6:D3:07;0;AVIÁRIO MEIO;1.186,00;05/11/2025;04:38:00;20;1283-20
CO2;1283;CT-CO2-0;1f94f8ad-7171-b062-c0a5-dbf839ac97e9;CD:E6:D3:07;0;AVIÁRIO MEIO;1.183,00;05/11/2025;04:43:02;20;1283-20
CO2;1283;CT-CO2-0;1f94f8ad-7171-b062-c0a5-dbf839ac97e9;CD:E6:D3:07;0;AVIÁRIO MEIO;1.128,00;05/11/2025;04:48:34;20;1283-20
CO2;1283;CT-CO2-0;1f94f8ad-7171-b062-c0a5-dbf839ac97e9;CD:E6:D3:07;0;AVIÁRIO MEIO;1.164,00;05/11/2025;04:54:06;20;1283-20
CO2;1283;CT-CO2-0;1f94f8ad-7171-b062-c0a5-dbf839ac97e9;CD:E6:D3:07;0;AVIÁRIO MEIO;1.214,00;05/11/2025;04:59:08;20;1283-20
CO2;1283;CT-CO2-0;1f94f8ad-7171-b062-c0a5-dbf839ac97e9;CD:E6:D3:07;0;AVIÁRIO MEIO;1.136,00;05/11/2025;05:04:40;20;1283-20
CO2;1283;CT-CO2-0;1f94f8ad-7171-b062-c0a5-dbf839ac97e9;CD:E6:D3:07;0;AVIÁRIO MEIO;1.154,00;05/11/2025;05:10:12;20;1283-20
CO2;1283;CT-CO2-0;1f94f8ad-7171-b062-c0a5-dbf839ac97e9;CD:E6:D3:07;0;AVIÁRIO MEIO;1.202,00;05/11/2025;05:15:46;20;1283-20
CO2;1283;CT-CO2-0;1f94f8ad-7171-b062-c0a5-dbf839ac97e9;CD:E6:D3:07;0;AVIÁRIO MEIO;1.159,00;05/11/2025;05:20:48;20;1283-20
CO2;1283;CT-CO2-0;1f94f8ad-7171-b062-c0a5-dbf839ac97e9;CD:E6:D3:07;0;AVIÁRIO MEIO;1.143,00;05/11/2025;05:26:20;20;1283-20
CO2;1283;CT-CO2-0;1f94f8ad-7171-b062-c0a5-dbf839ac97e9;CD:E6:D3:07;0;AVIÁRIO MEIO;1.135,00;05/11/2025;05:31:22;20;1283-20
CO2;1283;CT-CO2-0;1f94f8ad-7171-b062-c0a5-dbf839ac97e9;CD:E6:D3:07;0;AVIÁRIO MEIO;1.196,00;05/11/2025;05:36:53;20;1283-20
CO2;1283;CT-CO2-0;1f94f8ad-7171-b062-c0a5-dbf839ac97e9;CD:E6:D3:07;0;AVIÁRIO MEIO;1.136,00;05/11/2025;05:42:25;20;1283-20
CO2;1283;CT-CO2-0;1f94f8ad-7171-b062-c0a5-dbf839ac97e9;CD:E6:D3:07;0;AVIÁRIO MEIO;1.167,00;05/11/2025;05:47:58;20;1283-20
CO2;1283;CT-CO2-0;1f94f8ad-7171-b062-c0a5-dbf839ac97e9;CD:E6:D3:07;0;AVIÁRIO MEIO;1.191,00;05/11/2025;05:53:00;20;1283-20
CO2;1283;CT-CO2-0;1f94f8ad-7171-b062-c0a5-dbf839ac97e9;CD:E6:D3:07;0;AVIÁRIO MEIO;1.212,00;05/11/2025;05:58:32;20;1283-20
CO2;1283;CT-CO2-0;1f94f8ad-7171-b062-c0a5-dbf839ac97e9;CD:E6:D3:07;0;AVIÁRIO MEIO;1.213,00;05/11/2025;06:04:05;20;1283-20
CO2;1283;CT-CO2-0;1f94f8ad-7171-b062-c0a5-dbf839ac97e9;CD:E6:D3:07;0;AVIÁRIO MEIO;1.139,00;05/11/2025;06:09:07;20;1283-20
CO2;1283;CT-CO2-0;1f94f8ad-7171-b062-c0a5-dbf839ac97e9;CD:E6:D3:07;0;AVIÁRIO MEIO;1.147,00;05/11/2025;06:14:39;20;1283-20
CO2;1283;CT-CO2-0;1f94f8ad-7171-b062-c0a5-dbf839ac97e9;CD:E6:D3:07;0;AVIÁRIO MEIO;1.161,00;05/11/2025;06:20:11;20;1283-20
CO2;1283;CT-CO2-0;1f94f8ad-7171-b062-c0a5-dbf839ac97e9;CD:E6:D3:07;0;AVIÁRIO MEIO;1.127,00;05/11/2025;06:25:43;20;1283-20
CO2;1283;CT-CO2-0;1f94f8ad-7171-b062-c0a5-dbf839ac97e9;CD:E6:D3:07;0;AVIÁRIO MEIO;1.118,00;05/11/2025;06:30:45;20;1283-20
CO2;1283;CT-CO2-0;1f94f8ad-7171-b062-c0a5-dbf839ac97e9;CD:E6:D3:07;0;AVIÁRIO MEIO;1.089,00;05/11/2025;06:36:18;20;1283-20
CO2;1283;CT-CO2-0;1f94f8ad-7171-b062-c0a5-dbf839ac97e9;CD:E6:D3:07;0;AVIÁRIO MEIO;1.058,00;05/11/2025;06:41:20;20;1283-20
CO2;1283;CT-CO2-0;1f94f8ad-7171-b062-c0a5-dbf839ac97e9;CD:E6:D3:07;0;AVIÁRIO MEIO;1.059,00;05/11/2025;06:46:52;20;1283-20
CO2;1283;CT-CO2-0;1f94f8ad-7171-b062-c0a5-dbf839ac97e9;CD:E6:D3:07;0;AVIÁRIO MEIO;1.200,00;05/11/2025;06:52:23;20;1283-20
CO2;1283;CT-CO2-0;1f94f8ad-7171-b062-c0a5-dbf839ac97e9;CD:E6:D3:07;0;AVIÁRIO MEIO;1.112,00;05/11/2025;06:57:25;20;1283-20
CO2;1283;CT-CO2-0;1f94f8ad-7171-b062-c0a5-dbf839ac97e9;CD:E6:D3:07;0;AVIÁRIO MEIO;1.076,00;05/11/2025;07:02:58;20;1283-20
CO2;1283;CT-CO2-0;1f94f8ad-7171-b062-c0a5-dbf839ac97e9;CD:E6:D3:07;0;AVIÁRIO MEIO;1.208,00;05/11/2025;07:08:30;20;1283-20
CO2;1283;CT-CO2-0;1f94f8ad-7171-b062-c0a5-dbf839ac97e9;CD:E6:D3:07;0;AVIÁRIO MEIO;1.131,00;05/11/2025;07:13:32;20;1283-20
CO2;1283;CT-CO2-0;1f94f8ad-7171-b062-c0a5-dbf839ac97e9;CD:E6:D3:07;0;AVIÁRIO MEIO;1.152,00;05/11/2025;07:19:04;20;1283-20
CO2;1283;CT-CO2-0;1f94f8ad-7171-b062-c0a5-dbf839ac97e9;CD:E6:D3:07;0;AVIÁRIO MEIO;1.188,00;05/11/2025;07:24:36;20;1283-20
CO2;1283;CT-CO2-0;1f94f8ad-7171-b062-c0a5-dbf839ac97e9;CD:E6:D3:07;0;AVIÁRIO MEIO;1.250,00;05/11/2025;07:29:38;20;1283-20
CO2;1283;CT-CO2-0;1f94f8ad-7171-b062-c0a5-dbf839ac97e9;CD:E6:D3:07;0;AVIÁRIO MEIO;1.169,00;05/11/2025;07:35:41;20;1283-20
CO2;1283;CT-CO2-0;1f94f8ad-7171-b062-c0a5-dbf839ac97e9;CD:E6:D3:07;0;AVIÁRIO MEIO;1.238,00;05/11/2025;07:40:43;20;1283-20
CO2;1283;CT-CO2-0;1f94f8ad-7171-b062-c0a5-dbf839ac97e9;CD:E6:D3:07;0;AVIÁRIO MEIO;1.143,00;05/11/2025;07:45:45;20;1283-20
CO2;1283;CT-CO2-0;1f94f8ad-7171-b062-c0a5-dbf839ac97e9;CD:E6:D3:07;0;AVIÁRIO MEIO;1.120,00;05/11/2025;07:51:17;20;1283-20
CO2;1283;CT-CO2-0;1f94f8ad-7171-b062-c0a5-dbf839ac97e9;CD:E6:D3:07;0;AVIÁRIO MEIO;1.256,00;05/11/2025;07:56:49;20;1283-20
CO2;1283;CT-CO2-0;1f94f8ad-7171-b062-c0a5-dbf839ac97e9;CD:E6:D3:07;0;AVIÁRIO MEIO;1.204,00;05/11/2025;08:01:51;20;1283-20
CO2;1283;CT-CO2-0;1f94f8ad-7171-b062-c0a5-dbf839ac97e9;CD:E6:D3:07;0;AVIÁRIO MEIO;1.590,00;05/11/2025;08:12:23;20;1283-20
CO2;1283;CT-CO2-0;1f94f8ad-7171-b062-c0a5-dbf839ac97e9;CD:E6:D3:07;0;AVIÁRIO MEIO;1.209,00;05/11/2025;08:17:55;20;1283-20
CO2;1283;CT-CO2-0;1f94f8ad-7171-b062-c0a5-dbf839ac97e9;CD:E6:D3:07;0;AVIÁRIO MEIO;1.134,00;05/11/2025;08:22:58;20;1283-20
CO2;1283;CT-CO2-0;1f94f8ad-7171-b062-c0a5-dbf839ac97e9;CD:E6:D3:07;0;AVIÁRIO MEIO;1.097,00;05/11/2025;08:28:30;20;1283-20
CO2;1283;CT-CO2-0;1f94f8ad-7171-b062-c0a5-dbf839ac97e9;CD:E6:D3:07;0;AVIÁRIO MEIO;1.098,00;05/11/2025;08:34:02;20;1283-20
CO2;1283;CT-CO2-0;1f94f8ad-7171-b062-c0a5-dbf839ac97e9;CD:E6:D3:07;0;AVIÁRIO MEIO;1.231,00;05/11/2025;08:39:04;20;1283-20
CO2;1283;CT-CO2-0;1f94f8ad-7171-b062-c0a5-dbf839ac97e9;CD:E6:D3:07;0;AVIÁRIO MEIO;1.139,00;05/11/2025;08:45:09;20;1283-20
CO2;1283;CT-CO2-0;1f94f8ad-7171-b062-c0a5-dbf839ac97e9;CD:E6:D3:07;0;AVIÁRIO MEIO;1.116,00;05/11/2025;08:50:11;20;1283-20
CO2;1283;CT-CO2-0;1f94f8ad-7171-b062-c0a5-dbf839ac97e9;CD:E6:D3:07;0;AVIÁRIO MEIO;1.075,00;05/11/2025;08:55:13;20;1283-20
CO2;1283;CT-CO2-0;1f94f8ad-7171-b062-c0a5-dbf839ac97e9;CD:E6:D3:07;0;AVIÁRIO MEIO;1.107,00;05/11/2025;09:00:44;20;1283-20
CO2;1283;CT-CO2-0;1f94f8ad-7171-b062-c0a5-dbf839ac97e9;CD:E6:D3:07;0;AVIÁRIO MEIO;1.082,00;05/11/2025;09:06:17;20;1283-20
CO2;1283;CT-CO2-0;1f94f8ad-7171-b062-c0a5-dbf839ac97e9;CD:E6:D3:07;0;AVIÁRIO MEIO;1.169,00;05/11/2025;09:11:19;20;1283-20
CO2;1283;CT-CO2-0;1f94f8ad-7171-b062-c0a5-dbf839ac97e9;CD:E6:D3:07;0;AVIÁRIO MEIO;1.075,00;05/11/2025;09:16:51;20;1283-20
CO2;1283;CT-CO2-0;1f94f8ad-7171-b062-c0a5-dbf839ac97e9;CD:E6:D3:07;0;AVIÁRIO MEIO;950,00;05/11/2025;09:22:23;20;1283-20
CO2;1283;CT-CO2-0;1f94f8ad-7171-b062-c0a5-dbf839ac97e9;CD:E6:D3:07;0;AVIÁRIO MEIO;968,00;05/11/2025;09:27:25;20;1283-20
CO2;1283;CT-CO2-0;1f94f8ad-7171-b062-c0a5-dbf839ac97e9;CD:E6:D3:07;0;AVIÁRIO MEIO;1.023,00;05/11/2025;09:32:57;20;1283-20
CO2;1283;CT-CO2-0;1f94f8ad-7171-b062-c0a5-dbf839ac97e9;CD:E6:D3:07;0;AVIÁRIO MEIO;1.084,00;05/11/2025;09:38:29;20;1283-20
CO2;1283;CT-CO2-0;1f94f8ad-7171-b062-c0a5-dbf839ac97e9;CD:E6:D3:07;0;AVIÁRIO MEIO;1.079,00;05/11/2025;09:43:31;20;1283-20
CO2;1283;CT-CO2-0;1f94f8ad-7171-b062-c0a5-dbf839ac97e9;CD:E6:D3:07;0;AVIÁRIO MEIO;1.088,00;05/11/2025;09:49:04;20;1283-20
CO2;1283;CT-CO2-0;1f94f8ad-7171-b062-c0a5-dbf839ac97e9;CD:E6:D3:07;0;AVIÁRIO MEIO;1.060,00;05/11/2025;09:55:09;20;1283-20
CO2;1283;CT-CO2-0;1f94f8ad-7171-b062-c0a5-dbf839ac97e9;CD:E6:D3:07;0;AVIÁRIO MEIO;1.123,00;05/11/2025;09:59:41;20;1283-20
CO2;1283;CT-CO2-0;1f94f8ad-7171-b062-c0a5-dbf839ac97e9;CD:E6:D3:07;0;AVIÁRIO MEIO;1.089,00;05/11/2025;10:05:14;20;1283-20
CO2;1283;CT-CO2-0;1f94f8ad-7171-b062-c0a5-dbf839ac97e9;CD:E6:D3:07;0;AVIÁRIO MEIO;1.053,00;05/11/2025;10:10:16;20;1283-20
CO2;1283;CT-CO2-0;1f94f8ad-7171-b062-c0a5-dbf839ac97e9;CD:E6:D3:07;0;AVIÁRIO MEIO;1.027,00;05/11/2025;10:15:48;20;1283-20
CO2;1283;CT-CO2-0;1f94f8ad-7171-b062-c0a5-dbf839ac97e9;CD:E6:D3:07;0;AVIÁRIO MEIO;1.037,00;05/11/2025;10:21:20;20;1283-20
CO2;1283;CT-CO2-0;1f94f8ad-7171-b062-c0a5-dbf839ac97e9;CD:E6:D3:07;0;AVIÁRIO MEIO;1.050,00;05/11/2025;10:26:24;20;1283-20
CO2;1283;CT-CO2-0;1f94f8ad-7171-b062-c0a5-dbf839ac97e9;CD:E6:D3:07;0;AVIÁRIO MEIO;1.056,00;05/11/2025;10:31:56;20;1283-20
CO2;1283;CT-CO2-0;1f94f8ad-7171-b062-c0a5-dbf839ac97e9;CD:E6:D3:07;0;AVIÁRIO MEIO;1.059,00;05/11/2025;10:37:28;20;1283-20
CO2;1283;CT-CO2-0;1f94f8ad-7171-b062-c0a5-dbf839ac97e9;CD:E6:D3:07;0;AVIÁRIO MEIO;1.130,00;05/11/2025;10:42:30;20;1283-20
CO2;1283;CT-CO2-0;1f94f8ad-7171-b062-c0a5-dbf839ac97e9;CD:E6:D3:07;0;AVIÁRIO MEIO;1.328,00;05/11/2025;10:53:02;20;1283-20
CO2;1283;CT-CO2-0;1f94f8ad-7171-b062-c0a5-dbf839ac97e9;CD:E6:D3:07;0;AVIÁRIO MEIO;1.269,00;05/11/2025;10:58:36;20;1283-20
CO2;1283;CT-CO2-0;1f94f8ad-7171-b062-c0a5-dbf839ac97e9;CD:E6:D3:07;0;AVIÁRIO MEIO;1.131,00;05/11/2025;11:04:11;20;1283-20
CO2;1283;CT-CO2-0;1f94f8ad-7171-b062-c0a5-dbf839ac97e9;CD:E6:D3:07;0;AVIÁRIO MEIO;1.091,00;05/11/2025;11:09:13;20;1283-20
CO2;1283;CT-CO2-0;1f94f8ad-7171-b062-c0a5-dbf839ac97e9;CD:E6:D3:07;0;AVIÁRIO MEIO;1.072,00;05/11/2025;11:14:15;20;1283-20
CO2;1283;CT-CO2-0;1f94f8ad-7171-b062-c0a5-dbf839ac97e9;CD:E6:D3:07;0;AVIÁRIO MEIO;1.080,00;05/11/2025;11:19:49;20;1283-20
CO2;1283;CT-CO2-0;1f94f8ad-7171-b062-c0a5-dbf839ac97e9;CD:E6:D3:07;0;AVIÁRIO MEIO;1.055,00;05/11/2025;11:25:21;20;1283-20
CO2;1283;CT-CO2-0;1f94f8ad-7171-b062-c0a5-dbf839ac97e9;CD:E6:D3:07;0;AVIÁRIO MEIO;1.060,00;05/11/2025;11:30:23;20;1283-20
CO2;1283;CT-CO2-0;1f94f8ad-7171-b062-c0a5-dbf839ac97e9;CD:E6:D3:07;0;AVIÁRIO MEIO;1.056,00;05/11/2025;11:35:55;20;1283-20
CO2;1283;CT-CO2-0;1f94f8ad-7171-b062-c0a5-dbf839ac97e9;CD:E6:D3:07;0;AVIÁRIO MEIO;1.080,00;05/11/2025;11:41:27;20;1283-20
CO2;1283;CT-CO2-0;1f94f8ad-7171-b062-c0a5-dbf839ac97e9;CD:E6:D3:07;0;AVIÁRIO MEIO;1.113,00;05/11/2025;11:46:29;20;1283-20
CO2;1283;CT-CO2-0;1f94f8ad-7171-b062-c0a5-dbf839ac97e9;CD:E6:D3:07;0;AVIÁRIO MEIO;1.133,00;05/11/2025;11:52:02;20;1283-20
CO2;1283;CT-CO2-0;1f94f8ad-7171-b062-c0a5-dbf839ac97e9;CD:E6:D3:07;0;AVIÁRIO MEIO;987,00;05/11/2025;11:57:33;20;1283-20
CO2;1283;CT-CO2-0;1f94f8ad-7171-b062-c0a5-dbf839ac97e9;CD:E6:D3:07;0;AVIÁRIO MEIO;1.027,00;05/11/2025;12:02:36;20;1283-20
CO2;1283;CT-CO2-0;1f94f8ad-7171-b062-c0a5-dbf839ac97e9;CD:E6:D3:07;0;AVIÁRIO MEIO;874,00;05/11/2025;12:08:08;20;1283-20
CO2;1283;CT-CO2-0;1f94f8ad-7171-b062-c0a5-dbf839ac97e9;CD:E6:D3:07;0;AVIÁRIO MEIO;969,00;05/11/2025;12:14:16;20;1283-20
CO2;1283;CT-CO2-0;1f94f8ad-7171-b062-c0a5-dbf839ac97e9;CD:E6:D3:07;0;AVIÁRIO MEIO;896,00;05/11/2025;12:18:49;20;1283-20
CO2;1283;CT-CO2-0;1f94f8ad-7171-b062-c0a5-dbf839ac97e9;CD:E6:D3:07;0;AVIÁRIO MEIO;829,00;05/11/2025;12:24:21;20;1283-20
CO2;1283;CT-CO2-0;1f94f8ad-7171-b062-c0a5-dbf839ac97e9;CD:E6:D3:07;0;AVIÁRIO MEIO;848,00;05/11/2025;12:29:53;20;1283-20
CO2;1283;CT-CO2-0;1f94f8ad-7171-b062-c0a5-dbf839ac97e9;CD:E6:D3:07;0;AVIÁRIO MEIO;830,00;05/11/2025;12:34:55;20;1283-20
CO2;1283;CT-CO2-0;1f94f8ad-7171-b062-c0a5-dbf839ac97e9;CD:E6:D3:07;0;AVIÁRIO MEIO;803,00;05/11/2025;12:45:30;20;1283-20
CO2;1283;CT-CO2-0;1f94f8ad-7171-b062-c0a5-dbf839ac97e9;CD:E6:D3:07;0;AVIÁRIO MEIO;792,00;05/11/2025;12:51:02;20;1283-20
CO2;1283;CT-CO2-0;1f94f8ad-7171-b062-c0a5-dbf839ac97e9;CD:E6:D3:07;0;AVIÁRIO MEIO;805,00;05/11/2025;12:56:34;20;1283-20
CO2;1283;CT-CO2-0;1f94f8ad-7171-b062-c0a5-dbf839ac97e9;CD:E6:D3:07;0;AVIÁRIO MEIO;810,00;05/11/2025;13:01:37;20;1283-20
CO2;1283;CT-CO2-0;1f94f8ad-7171-b062-c0a5-dbf839ac97e9;CD:E6:D3:07;0;AVIÁRIO MEIO;820,00;05/11/2025;13:07:09;20;1283-20
CO2;1283;CT-CO2-0;1f94f8ad-7171-b062-c0a5-dbf839ac97e9;CD:E6:D3:07;0;AVIÁRIO MEIO;834,00;05/11/2025;13:12:41;20;1283-20
CO2;1283;CT-CO2-0;1f94f8ad-7171-b062-c0a5-dbf839ac97e9;CD:E6:D3:07;0;AVIÁRIO MEIO;806,00;05/11/2025;13:17:43;20;1283-20
CO2;1283;CT-CO2-0;1f94f8ad-7171-b062-c0a5-dbf839ac97e9;CD:E6:D3:07;0;AVIÁRIO MEIO;813,00;05/11/2025;13:23:47;20;1283-20
CO2;1283;CT-CO2-0;1f94f8ad-7171-b062-c0a5-dbf839ac97e9;CD:E6:D3:07;0;AVIÁRIO MEIO;823,00;05/11/2025;13:28:50;20;1283-20
CO2;1283;CT-CO2-0;1f94f8ad-7171-b062-c0a5-dbf839ac97e9;CD:E6:D3:07;0;AVIÁRIO MEIO;819,00;05/11/2025;13:33:53;20;1283-20
CO2;1283;CT-CO2-0;1f94f8ad-7171-b062-c0a5-dbf839ac97e9;CD:E6:D3:07;0;AVIÁRIO MEIO;827,00;05/11/2025;13:39:25;20;1283-20
CO2;1283;CT-CO2-0;1f94f8ad-7171-b062-c0a5-dbf839ac97e9;CD:E6:D3:07;0;AVIÁRIO MEIO;776,00;05/11/2025;13:44:57;20;1283-20
CO2;1283;CT-CO2-0;1f94f8ad-7171-b062-c0a5-dbf839ac97e9;CD:E6:D3:07;0;AVIÁRIO MEIO;730,00;05/11/2025;13:49:59;20;1283-20
CO2;1283;CT-CO2-0;1f94f8ad-7171-b062-c0a5-dbf839ac97e9;CD:E6:D3:07;0;AVIÁRIO MEIO;704,00;05/11/2025;13:55:32;20;1283-20
CO2;1283;CT-CO2-0;1f94f8ad-7171-b062-c0a5-dbf839ac97e9;CD:E6:D3:07;0;AVIÁRIO MEIO;710,00;05/11/2025;14:06:09;20;1283-20
CO2;1283;CT-CO2-0;1f94f8ad-7171-b062-c0a5-dbf839ac97e9;CD:E6:D3:07;0;AVIÁRIO MEIO;705,00;05/11/2025;14:11:42;20;1283-20
CO2;1283;CT-CO2-0;1f94f8ad-7171-b062-c0a5-dbf839ac97e9;CD:E6:D3:07;0;AVIÁRIO MEIO;695,00;05/11/2025;14:16:44;20;1283-20
CO2;1283;CT-CO2-0;1f94f8ad-7171-b062-c0a5-dbf839ac97e9;CD:E6:D3:07;0;AVIÁRIO MEIO;763,00;05/11/2025;14:22:16;20;1283-20
CO2;1283;CT-CO2-0;1f94f8ad-7171-b062-c0a5-dbf839ac97e9;CD:E6:D3:07;0;AVIÁRIO MEIO;712,00;05/11/2025;14:27:49;20;1283-20
CO2;1283;CT-CO2-0;1f94f8ad-7171-b062-c0a5-dbf839ac97e9;CD:E6:D3:07;0;AVIÁRIO MEIO;698,00;05/11/2025;14:33:24;20;1283-20
CO2;1283;CT-CO2-0;1f94f8ad-7171-b062-c0a5-dbf839ac97e9;CD:E6:D3:07;0;AVIÁRIO MEIO;720,00;05/11/2025;14:38:27;20;1283-20
CO2;1283;CT-CO2-0;1f94f8ad-7171-b062-c0a5-dbf839ac97e9;CD:E6:D3:07;0;AVIÁRIO MEIO;722,00;05/11/2025;14:44:00;20;1283-20
CO2;1283;CT-CO2-0;1f94f8ad-7171-b062-c0a5-dbf839ac97e9;CD:E6:D3:07;0;AVIÁRIO MEIO;734,00;05/11/2025;14:49:02;20;1283-20
CO2;1283;CT-CO2-0;1f94f8ad-7171-b062-c0a5-dbf839ac97e9;CD:E6:D3:07;0;AVIÁRIO MEIO;735,00;05/11/2025;14:54:34;20;1283-20
CO2;1283;CT-CO2-0;1f94f8ad-7171-b062-c0a5-dbf839ac97e9;CD:E6:D3:07;0;AVIÁRIO MEIO;747,00;05/11/2025;15:00:06;20;1283-20
CO2;1283;CT-CO2-0;1f94f8ad-7171-b062-c0a5-dbf839ac97e9;CD:E6:D3:07;0;AVIÁRIO MEIO;743,00;05/11/2025;15:05:08;20;1283-20
CO2;1283;CT-CO2-0;1f94f8ad-7171-b062-c0a5-dbf839ac97e9;CD:E6:D3:07;0;AVIÁRIO MEIO;726,00;05/11/2025;15:10:40;20;1283-20
CO2;1283;CT-CO2-0;1f94f8ad-7171-b062-c0a5-dbf839ac97e9;CD:E6:D3:07;0;AVIÁRIO MEIO;728,00;05/11/2025;15:16:12;20;1283-20
CO2;1283;CT-CO2-0;1f94f8ad-7171-b062-c0a5-dbf839ac97e9;CD:E6:D3:07;0;AVIÁRIO MEIO;735,00;05/11/2025;15:21:16;20;1283-20
CO2;1283;CT-CO2-0;1f94f8ad-7171-b062-c0a5-dbf839ac97e9;CD:E6:D3:07;0;AVIÁRIO MEIO;730,00;05/11/2025;15:26:48;20;1283-20
CO2;1283;CT-CO2-0;1f94f8ad-7171-b062-c0a5-dbf839ac97e9;CD:E6:D3:07;0;AVIÁRIO MEIO;725,00;05/11/2025;15:31:50;20;1283-20
CO2;1283;CT-CO2-0;1f94f8ad-7171-b062-c0a5-dbf839ac97e9;CD:E6:D3:07;0;AVIÁRIO MEIO;715,00;05/11/2025;15:37:22;20;1283-20
CO2;1283;CT-CO2-0;1f94f8ad-7171-b062-c0a5-dbf839ac97e9;CD:E6:D3:07;0;AVIÁRIO MEIO;705,00;05/11/2025;15:43:27;20;1283-20
CO2;1283;CT-CO2-0;1f94f8ad-7171-b062-c0a5-dbf839ac97e9;CD:E6:D3:07;0;AVIÁRIO MEIO;716,00;05/11/2025;15:47:59;20;1283-20
CO2;1283;CT-CO2-0;1f94f8ad-7171-b062-c0a5-dbf839ac97e9;CD:E6:D3:07;0;AVIÁRIO MEIO;713,00;05/11/2025;15:53:31;20;1283-20
CO2;1283;CT-CO2-0;1f94f8ad-7171-b062-c0a5-dbf839ac97e9;CD:E6:D3:07;0;AVIÁRIO MEIO;705,00;05/11/2025;15:59:05;20;1283-20
CO2;1283;CT-CO2-0;1f94f8ad-7171-b062-c0a5-dbf839ac97e9;CD:E6:D3:07;0;AVIÁRIO MEIO;709,00;05/11/2025;16:04:07;20;1283-20
CO2;1283;CT-CO2-0;1f94f8ad-7171-b062-c0a5-dbf839ac97e9;CD:E6:D3:07;0;AVIÁRIO MEIO;664,00;05/11/2025;16:09:39;20;1283-20
CO2;1283;CT-CO2-0;1f94f8ad-7171-b062-c0a5-dbf839ac97e9;CD:E6:D3:07;0;AVIÁRIO MEIO;671,00;05/11/2025;16:15:13;20;1283-20
CO2;1283;CT-CO2-0;1f94f8ad-7171-b062-c0a5-dbf839ac97e9;CD:E6:D3:07;0;AVIÁRIO MEIO;695,00;05/11/2025;16:20:15;20;1283-20
CO2;1283;CT-CO2-0;1f94f8ad-7171-b062-c0a5-dbf839ac97e9;CD:E6:D3:07;0;AVIÁRIO MEIO;717,00;05/11/2025;16:25:47;20;1283-20
CO2;1283;CT-CO2-0;1f94f8ad-7171-b062-c0a5-dbf839ac97e9;CD:E6:D3:07;0;AVIÁRIO MEIO;713,00;05/11/2025;16:31:19;20;1283-20
CO2;1283;CT-CO2-0;1f94f8ad-7171-b062-c0a5-dbf839ac97e9;CD:E6:D3:07;0;AVIÁRIO MEIO;718,00;05/11/2025;16:36:22;20;1283-20
CO2;1283;CT-CO2-0;1f94f8ad-7171-b062-c0a5-dbf839ac97e9;CD:E6:D3:07;0;AVIÁRIO MEIO;713,00;05/11/2025;16:41:56;20;1283-20
CO2;1283;CT-CO2-0;1f94f8ad-7171-b062-c0a5-dbf839ac97e9;CD:E6:D3:07;0;AVIÁRIO MEIO;693,00;05/11/2025;16:47:03;20;1283-20
CO2;1283;CT-CO2-0;1f94f8ad-7171-b062-c0a5-dbf839ac97e9;CD:E6:D3:07;0;AVIÁRIO MEIO;666,00;05/11/2025;16:53:07;20;1283-20
CO2;1283;CT-CO2-0;1f94f8ad-7171-b062-c0a5-dbf839ac97e9;CD:E6:D3:07;0;AVIÁRIO MEIO;655,00;05/11/2025;16:57:39;20;1283-20
CO2;1283;CT-CO2-0;1f94f8ad-7171-b062-c0a5-dbf839ac97e9;CD:E6:D3:07;0;AVIÁRIO MEIO;674,00;05/11/2025;17:03:12;20;1283-20
CO2;1283;CT-CO2-0;1f94f8ad-7171-b062-c0a5-dbf839ac97e9;CD:E6:D3:07;0;AVIÁRIO MEIO;660,00;05/11/2025;17:08:46;20;1283-20
CO2;1283;CT-CO2-0;1f94f8ad-7171-b062-c0a5-dbf839ac97e9;CD:E6:D3:07;0;AVIÁRIO MEIO;672,00;05/11/2025;17:13:49;20;1283-20
CO2;1283;CT-CO2-0;1f94f8ad-7171-b062-c0a5-dbf839ac97e9;CD:E6:D3:07;0;AVIÁRIO MEIO;677,00;05/11/2025;17:19:23;20;1283-20
CO2;1283;CT-CO2-0;1f94f8ad-7171-b062-c0a5-dbf839ac97e9;CD:E6:D3:07;0;AVIÁRIO MEIO;665,00;05/11/2025;17:24:56;20;1283-20
CO2;1283;CT-CO2-0;1f94f8ad-7171-b062-c0a5-dbf839ac97e9;CD:E6:D3:07;0;AVIÁRIO MEIO;667,00;05/11/2025;17:29:58;20;1283-20
CO2;1283;CT-CO2-0;1f94f8ad-7171-b062-c0a5-dbf839ac97e9;CD:E6:D3:07;0;AVIÁRIO MEIO;664,00;05/11/2025;17:35:32;20;1283-20
CO2;1283;CT-CO2-0;1f94f8ad-7171-b062-c0a5-dbf839ac97e9;CD:E6:D3:07;0;AVIÁRIO MEIO;665,00;05/11/2025;17:40:35;20;1283-20
CO2;1283;CT-CO2-0;1f94f8ad-7171-b062-c0a5-dbf839ac97e9;CD:E6:D3:07;0;AVIÁRIO MEIO;651,00;05/11/2025;17:46:06;20;1283-20
CO2;1283;CT-CO2-0;1f94f8ad-7171-b062-c0a5-dbf839ac97e9;CD:E6:D3:07;0;AVIÁRIO MEIO;662,00;05/11/2025;17:51:38;20;1283-20
CO2;1283;CT-CO2-0;1f94f8ad-7171-b062-c0a5-dbf839ac97e9;CD:E6:D3:07;0;AVIÁRIO MEIO;679,00;05/11/2025;17:56:40;20;1283-20
CO2;1283;CT-CO2-0;1f94f8ad-7171-b062-c0a5-dbf839ac97e9;CD:E6:D3:07;0;AVIÁRIO MEIO;699,00;05/11/2025;18:02:44;20;1283-20
CO2;1283;CT-CO2-0;1f94f8ad-7171-b062-c0a5-dbf839ac97e9;CD:E6:D3:07;0;AVIÁRIO MEIO;719,00;05/11/2025;18:07:46;20;1283-20
CO2;1283;CT-CO2-0;1f94f8ad-7171-b062-c0a5-dbf839ac97e9;CD:E6:D3:07;0;AVIÁRIO MEIO;710,00;05/11/2025;18:12:48;20;1283-20
CO2;1283;CT-CO2-0;1f94f8ad-7171-b062-c0a5-dbf839ac97e9;CD:E6:D3:07;0;AVIÁRIO MEIO;726,00;05/11/2025;18:18:20;20;1283-20
CO2;1283;CT-CO2-0;1f94f8ad-7171-b062-c0a5-dbf839ac97e9;CD:E6:D3:07;0;AVIÁRIO MEIO;747,00;05/11/2025;18:23:53;20;1283-20
CO2;1283;CT-CO2-0;1f94f8ad-7171-b062-c0a5-dbf839ac97e9;CD:E6:D3:07;0;AVIÁRIO MEIO;822,00;05/11/2025;18:28:56;20;1283-20
CO2;1283;CT-CO2-0;1f94f8ad-7171-b062-c0a5-dbf839ac97e9;CD:E6:D3:07;0;AVIÁRIO MEIO;841,00;05/11/2025;18:34:30;20;1283-20
CO2;1283;CT-CO2-0;1f94f8ad-7171-b062-c0a5-dbf839ac97e9;CD:E6:D3:07;0;AVIÁRIO MEIO;842,00;05/11/2025;18:40:01;20;1283-20
CO2;1283;CT-CO2-0;1f94f8ad-7171-b062-c0a5-dbf839ac97e9;CD:E6:D3:07;0;AVIÁRIO MEIO;859,00;05/11/2025;18:45:04;20;1283-20
CO2;1283;CT-CO2-0;1f94f8ad-7171-b062-c0a5-dbf839ac97e9;CD:E6:D3:07;0;AVIÁRIO MEIO;850,00;05/11/2025;18:50:36;20;1283-20
CO2;1283;CT-CO2-0;1f94f8ad-7171-b062-c0a5-dbf839ac97e9;CD:E6:D3:07;0;AVIÁRIO MEIO;857,00;05/11/2025;18:56:08;20;1283-20
CO2;1283;CT-CO2-0;1f94f8ad-7171-b062-c0a5-dbf839ac97e9;CD:E6:D3:07;0;AVIÁRIO MEIO;852,00;05/11/2025;19:01:10;20;1283-20
CO2;1283;CT-CO2-0;1f94f8ad-7171-b062-c0a5-dbf839ac97e9;CD:E6:D3:07;0;AVIÁRIO MEIO;865,00;05/11/2025;19:06:42;20;1283-20
CO2;1283;CT-CO2-0;1f94f8ad-7171-b062-c0a5-dbf839ac97e9;CD:E6:D3:07;0;AVIÁRIO MEIO;895,00;05/11/2025;19:12:46;20;1283-20
CO2;1283;CT-CO2-0;1f94f8ad-7171-b062-c0a5-dbf839ac97e9;CD:E6:D3:07;0;AVIÁRIO MEIO;909,00;05/11/2025;19:17:18;20;1283-20
CO2;1283;CT-CO2-0;1f94f8ad-7171-b062-c0a5-dbf839ac97e9;CD:E6:D3:07;0;AVIÁRIO MEIO;906,00;05/11/2025;19:22:52;20;1283-20
CO2;1283;CT-CO2-0;1f94f8ad-7171-b062-c0a5-dbf839ac97e9;CD:E6:D3:07;0;AVIÁRIO MEIO;887,00;05/11/2025;19:27:54;20;1283-20
CO2;1283;CT-CO2-0;1f94f8ad-7171-b062-c0a5-dbf839ac97e9;CD:E6:D3:07;0;AVIÁRIO MEIO;888,00;05/11/2025;19:33:26;20;1283-20
CO2;1283;CT-CO2-0;1f94f8ad-7171-b062-c0a5-dbf839ac97e9;CD:E6:D3:07;0;AVIÁRIO MEIO;883,00;05/11/2025;19:39:00;20;1283-20
CO2;1283;CT-CO2-0;1f94f8ad-7171-b062-c0a5-dbf839ac97e9;CD:E6:D3:07;0;AVIÁRIO MEIO;884,00;05/11/2025;19:44:02;20;1283-20
CO2;1283;CT-CO2-0;1f94f8ad-7171-b062-c0a5-dbf839ac97e9;CD:E6:D3:07;0;AVIÁRIO MEIO;884,00;05/11/2025;19:49:34;20;1283-20
CO2;1283;CT-CO2-0;1f94f8ad-7171-b062-c0a5-dbf839ac97e9;CD:E6:D3:07;0;AVIÁRIO MEIO;890,00;05/11/2025;19:55:06;20;1283-20
CO2;1283;CT-CO2-0;1f94f8ad-7171-b062-c0a5-dbf839ac97e9;CD:E6:D3:07;0;AVIÁRIO MEIO;886,00;05/11/2025;20:00:08;20;1283-20
CO2;1283;CT-CO2-0;1f94f8ad-7171-b062-c0a5-dbf839ac97e9;CD:E6:D3:07;0;AVIÁRIO MEIO;870,00;05/11/2025;20:05:40;20;1283-20
CO2;1283;CT-CO2-0;1f94f8ad-7171-b062-c0a5-dbf839ac97e9;CD:E6:D3:07;0;AVIÁRIO MEIO;885,00;05/11/2025;20:11:13;20;1283-20
CO2;1283;CT-CO2-0;1f94f8ad-7171-b062-c0a5-dbf839ac97e9;CD:E6:D3:07;0;AVIÁRIO MEIO;892,00;05/11/2025;20:16:14;20;1283-20
CO2;1283;CT-CO2-0;1f94f8ad-7171-b062-c0a5-dbf839ac97e9;CD:E6:D3:07;0;AVIÁRIO MEIO;890,00;05/11/2025;20:22:18;20;1283-20
CO2;1283;CT-CO2-0;1f94f8ad-7171-b062-c0a5-dbf839ac97e9;CD:E6:D3:07;0;AVIÁRIO MEIO;877,00;05/11/2025;20:27:20;20;1283-20
CO2;1283;CT-CO2-0;1f94f8ad-7171-b062-c0a5-dbf839ac97e9;CD:E6:D3:07;0;AVIÁRIO MEIO;874,00;05/11/2025;20:32:22;20;1283-20
CO2;1283;CT-CO2-0;1f94f8ad-7171-b062-c0a5-dbf839ac97e9;CD:E6:D3:07;0;AVIÁRIO MEIO;865,00;05/11/2025;20:37:54;20;1283-20
CO2;1283;CT-CO2-0;1f94f8ad-7171-b062-c0a5-dbf839ac97e9;CD:E6:D3:07;0;AVIÁRIO MEIO;883,00;05/11/2025;20:43:27;20;1283-20
CO2;1283;CT-CO2-0;1f94f8ad-7171-b062-c0a5-dbf839ac97e9;CD:E6:D3:07;0;AVIÁRIO MEIO;879,00;05/11/2025;20:48:29;20;1283-20
CO2;1283;CT-CO2-0;1f94f8ad-7171-b062-c0a5-dbf839ac97e9;CD:E6:D3:07;0;AVIÁRIO MEIO;1.047,00;05/11/2025;20:54:02;20;1283-20
CO2;1283;CT-CO2-0;1f94f8ad-7171-b062-c0a5-dbf839ac97e9;CD:E6:D3:07;0;AVIÁRIO MEIO;921,00;05/11/2025;20:59:36;20;1283-20
CO2;1283;CT-CO2-0;1f94f8ad-7171-b062-c0a5-dbf839ac97e9;CD:E6:D3:07;0;AVIÁRIO MEIO;862,00;05/11/2025;21:06:08;20;1283-20
CO2;1283;CT-CO2-0;1f94f8ad-7171-b062-c0a5-dbf839ac97e9;CD:E6:D3:07;0;AVIÁRIO MEIO;919,00;05/11/2025;21:11:39;20;1283-20
CO2;1283;CT-CO2-0;1f94f8ad-7171-b062-c0a5-dbf839ac97e9;CD:E6:D3:07;0;AVIÁRIO MEIO;974,00;05/11/2025;21:16:42;20;1283-20
CO2;1283;CT-CO2-0;1f94f8ad-7171-b062-c0a5-dbf839ac97e9;CD:E6:D3:07;0;AVIÁRIO MEIO;1.007,00;05/11/2025;21:22:14;20;1283-20
CO2;1283;CT-CO2-0;1f94f8ad-7171-b062-c0a5-dbf839ac97e9;CD:E6:D3:07;0;AVIÁRIO MEIO;945,00;05/11/2025;21:28:20;20;1283-20
CO2;1283;CT-CO2-0;1f94f8ad-7171-b062-c0a5-dbf839ac97e9;CD:E6:D3:07;0;AVIÁRIO MEIO;1.043,00;05/11/2025;21:32:52;20;1283-20
CO2;1283;CT-CO2-0;1f94f8ad-7171-b062-c0a5-dbf839ac97e9;CD:E6:D3:07;0;AVIÁRIO MEIO;1.094,00;05/11/2025;21:38:26;20;1283-20
CO2;1283;CT-CO2-0;1f94f8ad-7171-b062-c0a5-dbf839ac97e9;CD:E6:D3:07;0;AVIÁRIO MEIO;1.151,00;05/11/2025;21:43:59;20;1283-20
CO2;1283;CT-CO2-0;1f94f8ad-7171-b062-c0a5-dbf839ac97e9;CD:E6:D3:07;0;AVIÁRIO MEIO;1.112,00;05/11/2025;21:49:02;20;1283-20
CO2;1283;CT-CO2-0;1f94f8ad-7171-b062-c0a5-dbf839ac97e9;CD:E6:D3:07;0;AVIÁRIO MEIO;1.197,00;05/11/2025;21:54:34;20;1283-20
CO2;1283;CT-CO2-0;1f94f8ad-7171-b062-c0a5-dbf839ac97e9;CD:E6:D3:07;0;AVIÁRIO MEIO;1.156,00;05/11/2025;21:59:37;20;1283-20
CO2;1283;CT-CO2-0;1f94f8ad-7171-b062-c0a5-dbf839ac97e9;CD:E6:D3:07;0;AVIÁRIO MEIO;1.086,00;05/11/2025;22:05:10;20;1283-20
CO2;1283;CT-CO2-0;1f94f8ad-7171-b062-c0a5-dbf839ac97e9;CD:E6:D3:07;0;AVIÁRIO MEIO;1.145,00;05/11/2025;22:10:42;20;1283-20
CO2;1283;CT-CO2-0;1f94f8ad-7171-b062-c0a5-dbf839ac97e9;CD:E6:D3:07;0;AVIÁRIO MEIO;1.069,00;05/11/2025;22:15:44;20;1283-20
CO2;1283;CT-CO2-0;1f94f8ad-7171-b062-c0a5-dbf839ac97e9;CD:E6:D3:07;0;AVIÁRIO MEIO;1.160,00;05/11/2025;22:21:16;20;1283-20
CO2;1283;CT-CO2-0;1f94f8ad-7171-b062-c0a5-dbf839ac97e9;CD:E6:D3:07;0;AVIÁRIO MEIO;1.061,00;05/11/2025;22:26:48;20;1283-20
CO2;1283;CT-CO2-0;1f94f8ad-7171-b062-c0a5-dbf839ac97e9;CD:E6:D3:07;0;AVIÁRIO MEIO;1.170,00;05/11/2025;22:31:50;20;1283-20
CO2;1283;CT-CO2-0;1f94f8ad-7171-b062-c0a5-dbf839ac97e9;CD:E6:D3:07;0;AVIÁRIO MEIO;1.171,00;05/11/2025;22:37:53;20;1283-20
CO2;1283;CT-CO2-0;1f94f8ad-7171-b062-c0a5-dbf839ac97e9;CD:E6:D3:07;0;AVIÁRIO MEIO;1.169,00;05/11/2025;22:42:56;20;1283-20
CO2;1283;CT-CO2-0;1f94f8ad-7171-b062-c0a5-dbf839ac97e9;CD:E6:D3:07;0;AVIÁRIO MEIO;1.186,00;05/11/2025;22:48:04;20;1283-20
CO2;1283;CT-CO2-0;1f94f8ad-7171-b062-c0a5-dbf839ac97e9;CD:E6:D3:07;0;AVIÁRIO MEIO;1.152,00;05/11/2025;22:53:36;20;1283-20
CO2;1283;CT-CO2-0;1f94f8ad-7171-b062-c0a5-dbf839ac97e9;CD:E6:D3:07;0;AVIÁRIO MEIO;1.118,00;05/11/2025;22:58:38;20;1283-20
CO2;1283;CT-CO2-0;1f94f8ad-7171-b062-c0a5-dbf839ac97e9;CD:E6:D3:07;0;AVIÁRIO MEIO;1.113,00;05/11/2025;23:04:10;20;1283-20
CO2;1283;CT-CO2-0;1f94f8ad-7171-b062-c0a5-dbf839ac97e9;CD:E6:D3:07;0;AVIÁRIO MEIO;1.121,00;05/11/2025;23:09:43;20;1283-20
CO2;1283;CT-CO2-0;1f94f8ad-7171-b062-c0a5-dbf839ac97e9;CD:E6:D3:07;0;AVIÁRIO MEIO;1.117,00;05/11/2025;23:14:45;20;1283-20
CO2;1283;CT-CO2-0;1f94f8ad-7171-b062-c0a5-dbf839ac97e9;CD:E6:D3:07;0;AVIÁRIO MEIO;1.108,00;05/11/2025;23:20:17;20;1283-20
CO2;1283;CT-CO2-0;1f94f8ad-7171-b062-c0a5-dbf839ac97e9;CD:E6:D3:07;0;AVIÁRIO MEIO;1.097,00;05/11/2025;23:25:50;20;1283-20
CO2;1283;CT-CO2-0;1f94f8ad-7171-b062-c0a5-dbf839ac97e9;CD:E6:D3:07;0;AVIÁRIO MEIO;1.096,00;05/11/2025;23:30:52;20;1283-20
CO2;1283;CT-CO2-0;1f94f8ad-7171-b062-c0a5-dbf839ac97e9;CD:E6:D3:07;0;AVIÁRIO MEIO;1.118,00;05/11/2025;23:36:25;20;1283-20
CO2;1283;CT-CO2-0;1f94f8ad-7171-b062-c0a5-dbf839ac97e9;CD:E6:D3:07;0;AVIÁRIO MEIO;1.105,00;05/11/2025;23:41:57;20;1283-20
CO2;1283;CT-CO2-0;1f94f8ad-7171-b062-c0a5-dbf839ac97e9;CD:E6:D3:07;0;AVIÁRIO MEIO;1.095,00;05/11/2025;23:47:31;20;1283-20
CO2;1283;CT-CO2-0;1f94f8ad-7171-b062-c0a5-dbf839ac97e9;CD:E6:D3:07;0;AVIÁRIO MEIO;1.105,00;05/11/2025;23:52:33;20;1283-20
CO2;1283;CT-CO2-0;1f94f8ad-7171-b062-c0a5-dbf839ac97e9;CD:E6:D3:07;0;AVIÁRIO MEIO;1.135,00;05/11/2025;23:58:05;20;1283-20
CO2;1283;CT-CO2-0;1f94f8ad-7171-b062-c0a5-dbf839ac97e9;CD:E6:D3:07;0;AVIÁRIO MEIO;1.088,00;06/11/2025;00:03:07;20;1283-20
CO2;1283;CT-CO2-0;1f94f8ad-7171-b062-c0a5-dbf839ac97e9;CD:E6:D3:07;0;AVIÁRIO MEIO;1.101,00;06/11/2025;00:08:38;20;1283-20
CO2;1283;CT-CO2-0;1f94f8ad-7171-b062-c0a5-dbf839ac97e9;CD:E6:D3:07;0;AVIÁRIO MEIO;1.081,00;06/11/2025;00:14:11;20;1283-20
CO2;1283;CT-CO2-0;1f94f8ad-7171-b062-c0a5-dbf839ac97e9;CD:E6:D3:07;0;AVIÁRIO MEIO;1.119,00;06/11/2025;00:19:43;20;1283-20
CO2;1283;CT-CO2-0;1f94f8ad-7171-b062-c0a5-dbf839ac97e9;CD:E6:D3:07;0;AVIÁRIO MEIO;1.106,00;06/11/2025;00:24:45;20;1283-20
CO2;1283;CT-CO2-0;1f94f8ad-7171-b062-c0a5-dbf839ac97e9;CD:E6:D3:07;0;AVIÁRIO MEIO;1.148,00;06/11/2025;00:30:17;20;1283-20
CO2;1283;CT-CO2-0;1f94f8ad-7171-b062-c0a5-dbf839ac97e9;CD:E6:D3:07;0;AVIÁRIO MEIO;1.108,00;06/11/2025;00:35:49;20;1283-20
CO2;1283;CT-CO2-0;1f94f8ad-7171-b062-c0a5-dbf839ac97e9;CD:E6:D3:07;0;AVIÁRIO MEIO;1.108,00;06/11/2025;00:40:51;20;1283-20
CO2;1283;CT-CO2-0;1f94f8ad-7171-b062-c0a5-dbf839ac97e9;CD:E6:D3:07;0;AVIÁRIO MEIO;1.066,00;06/11/2025;00:46:22;20;1283-20
CO2;1283;CT-CO2-0;1f94f8ad-7171-b062-c0a5-dbf839ac97e9;CD:E6:D3:07;0;AVIÁRIO MEIO;1.039,00;06/11/2025;00:51:54;20;1283-20
CO2;1283;CT-CO2-0;1f94f8ad-7171-b062-c0a5-dbf839ac97e9;CD:E6:D3:07;0;AVIÁRIO MEIO;1.036,00;06/11/2025;00:57:28;20;1283-20
CO2;1283;CT-CO2-0;1f94f8ad-7171-b062-c0a5-dbf839ac97e9;CD:E6:D3:07;0;AVIÁRIO MEIO;1.066,00;06/11/2025;01:02:30;20;1283-20
CO2;1283;CT-CO2-0;1f94f8ad-7171-b062-c0a5-dbf839ac97e9;CD:E6:D3:07;0;AVIÁRIO MEIO;1.107,00;06/11/2025;01:08:02;20;1283-20
CO2;1283;CT-CO2-0;1f94f8ad-7171-b062-c0a5-dbf839ac97e9;CD:E6:D3:07;0;AVIÁRIO MEIO;1.141,00;06/11/2025;01:13:04;20;1283-20
CO2;1283;CT-CO2-0;1f94f8ad-7171-b062-c0a5-dbf839ac97e9;CD:E6:D3:07;0;AVIÁRIO MEIO;1.131,00;06/11/2025;01:18:36;20;1283-20
CO2;1283;CT-CO2-0;1f94f8ad-7171-b062-c0a5-dbf839ac97e9;CD:E6:D3:07;0;AVIÁRIO MEIO;1.119,00;06/11/2025;01:24:07;20;1283-20
CO2;1283;CT-CO2-0;1f94f8ad-7171-b062-c0a5-dbf839ac97e9;CD:E6:D3:07;0;AVIÁRIO MEIO;1.105,00;06/11/2025;01:29:09;20;1283-20
CO2;1283;CT-CO2-0;1f94f8ad-7171-b062-c0a5-dbf839ac97e9;CD:E6:D3:07;0;AVIÁRIO MEIO;1.068,00;06/11/2025;01:34:42;20;1283-20
CO2;1283;CT-CO2-0;1f94f8ad-7171-b062-c0a5-dbf839ac97e9;CD:E6:D3:07;0;AVIÁRIO MEIO;1.032,00;06/11/2025;01:40:14;20;1283-20
CO2;1283;CT-CO2-0;1f94f8ad-7171-b062-c0a5-dbf839ac97e9;CD:E6:D3:07;0;AVIÁRIO MEIO;1.029,00;06/11/2025;01:45:16;20;1283-20
CO2;1283;CT-CO2-0;1f94f8ad-7171-b062-c0a5-dbf839ac97e9;CD:E6:D3:07;0;AVIÁRIO MEIO;1.050,00;06/11/2025;01:50:48;20;1283-20
CO2;1283;CT-CO2-0;1f94f8ad-7171-b062-c0a5-dbf839ac97e9;CD:E6:D3:07;0;AVIÁRIO MEIO;1.047,00;06/11/2025;01:56:19;20;1283-20
CO2;1283;CT-CO2-0;1f94f8ad-7171-b062-c0a5-dbf839ac97e9;CD:E6:D3:07;0;AVIÁRIO MEIO;1.004,00;06/11/2025;02:01:21;20;1283-20
CO2;1283;CT-CO2-0;1f94f8ad-7171-b062-c0a5-dbf839ac97e9;CD:E6:D3:07;0;AVIÁRIO MEIO;1.006,00;06/11/2025;02:07:24;20;1283-20
CO2;1283;CT-CO2-0;1f94f8ad-7171-b062-c0a5-dbf839ac97e9;CD:E6:D3:07;0;AVIÁRIO MEIO;1.035,00;06/11/2025;02:12:27;20;1283-20
CO2;1283;CT-CO2-0;1f94f8ad-7171-b062-c0a5-dbf839ac97e9;CD:E6:D3:07;0;AVIÁRIO MEIO;1.045,00;06/11/2025;02:17:28;20;1283-20
CO2;1283;CT-CO2-0;1f94f8ad-7171-b062-c0a5-dbf839ac97e9;CD:E6:D3:07;0;AVIÁRIO MEIO;987,00;06/11/2025;02:23:00;20;1283-20
CO2;1283;CT-CO2-0;1f94f8ad-7171-b062-c0a5-dbf839ac97e9;CD:E6:D3:07;0;AVIÁRIO MEIO;1.010,00;06/11/2025;02:28:33;20;1283-20
CO2;1283;CT-CO2-0;1f94f8ad-7171-b062-c0a5-dbf839ac97e9;CD:E6:D3:07;0;AVIÁRIO MEIO;1.032,00;06/11/2025;02:33:35;20;1283-20
CO2;1283;CT-CO2-0;1f94f8ad-7171-b062-c0a5-dbf839ac97e9;CD:E6:D3:07;0;AVIÁRIO MEIO;1.019,00;06/11/2025;02:39:07;20;1283-20
CO2;1283;CT-CO2-0;1f94f8ad-7171-b062-c0a5-dbf839ac97e9;CD:E6:D3:07;0;AVIÁRIO MEIO;994,00;06/11/2025;02:44:39;20;1283-20
CO2;1283;CT-CO2-0;1f94f8ad-7171-b062-c0a5-dbf839ac97e9;CD:E6:D3:07;0;AVIÁRIO MEIO;985,00;06/11/2025;02:49:41;20;1283-20
CO2;1283;CT-CO2-0;1f94f8ad-7171-b062-c0a5-dbf839ac97e9;CD:E6:D3:07;0;AVIÁRIO MEIO;997,00;06/11/2025;02:55:12;20;1283-20
CO2;1283;CT-CO2-0;1f94f8ad-7171-b062-c0a5-dbf839ac97e9;CD:E6:D3:07;0;AVIÁRIO MEIO;998,00;06/11/2025;03:00:44;20;1283-20
CO2;1283;CT-CO2-0;1f94f8ad-7171-b062-c0a5-dbf839ac97e9;CD:E6:D3:07;0;AVIÁRIO MEIO;997,00;06/11/2025;03:05:46;20;1283-20
CO2;1283;CT-CO2-0;1f94f8ad-7171-b062-c0a5-dbf839ac97e9;CD:E6:D3:07;0;AVIÁRIO MEIO;1.012,00;06/11/2025;03:11:18;20;1283-20
CO2;1283;CT-CO2-0;1f94f8ad-7171-b062-c0a5-dbf839ac97e9;CD:E6:D3:07;0;AVIÁRIO MEIO;999,00;06/11/2025;03:17:24;20;1283-20
CO2;1283;CT-CO2-0;1f94f8ad-7171-b062-c0a5-dbf839ac97e9;CD:E6:D3:07;0;AVIÁRIO MEIO;1.028,00;06/11/2025;03:21:55;20;1283-20
CO2;1283;CT-CO2-0;1f94f8ad-7171-b062-c0a5-dbf839ac97e9;CD:E6:D3:07;0;AVIÁRIO MEIO;1.000,00;06/11/2025;03:27:28;20;1283-20
CO2;1283;CT-CO2-0;1f94f8ad-7171-b062-c0a5-dbf839ac97e9;CD:E6:D3:07;0;AVIÁRIO MEIO;996,00;06/11/2025;03:33:01;20;1283-20
CO2;1283;CT-CO2-0;1f94f8ad-7171-b062-c0a5-dbf839ac97e9;CD:E6:D3:07;0;AVIÁRIO MEIO;991,00;06/11/2025;03:38:03;20;1283-20
CO2;1283;CT-CO2-0;1f94f8ad-7171-b062-c0a5-dbf839ac97e9;CD:E6:D3:07;0;AVIÁRIO MEIO;1.025,00;06/11/2025;03:43:35;20;1283-20
CO2;1283;CT-CO2-0;1f94f8ad-7171-b062-c0a5-dbf839ac97e9;CD:E6:D3:07;0;AVIÁRIO MEIO;1.002,00;06/11/2025;03:49:07;20;1283-20
CO2;1283;CT-CO2-0;1f94f8ad-7171-b062-c0a5-dbf839ac97e9;CD:E6:D3:07;0;AVIÁRIO MEIO;1.019,00;06/11/2025;03:54:09;20;1283-20
CO2;1283;CT-CO2-0;1f94f8ad-7171-b062-c0a5-dbf839ac97e9;CD:E6:D3:07;0;AVIÁRIO MEIO;999,00;06/11/2025;03:59:41;20;1283-20
CO2;1283;CT-CO2-0;1f94f8ad-7171-b062-c0a5-dbf839ac97e9;CD:E6:D3:07;0;AVIÁRIO MEIO;1.003,00;06/11/2025;04:05:13;20;1283-20
CO2;1283;CT-CO2-0;1f94f8ad-7171-b062-c0a5-dbf839ac97e9;CD:E6:D3:07;0;AVIÁRIO MEIO;992,00;06/11/2025;04:10:15;20;1283-20
CO2;1283;CT-CO2-0;1f94f8ad-7171-b062-c0a5-dbf839ac97e9;CD:E6:D3:07;0;AVIÁRIO MEIO;986,00;06/11/2025;04:15:46;20;1283-20
CO2;1283;CT-CO2-0;1f94f8ad-7171-b062-c0a5-dbf839ac97e9;CD:E6:D3:07;0;AVIÁRIO MEIO;1.009,00;06/11/2025;04:21:19;20;1283-20
CO2;1283;CT-CO2-0;1f94f8ad-7171-b062-c0a5-dbf839ac97e9;CD:E6:D3:07;0;AVIÁRIO MEIO;1.016,00;06/11/2025;04:27:22;20;1283-20
CO2;1283;CT-CO2-0;1f94f8ad-7171-b062-c0a5-dbf839ac97e9;CD:E6:D3:07;0;AVIÁRIO MEIO;997,00;06/11/2025;04:31:55;20;1283-20
CO2;1283;CT-CO2-0;1f94f8ad-7171-b062-c0a5-dbf839ac97e9;CD:E6:D3:07;0;AVIÁRIO MEIO;990,00;06/11/2025;04:37:26;20;1283-20
CO2;1283;CT-CO2-0;1f94f8ad-7171-b062-c0a5-dbf839ac97e9;CD:E6:D3:07;0;AVIÁRIO MEIO;1.007,00;06/11/2025;04:42:58;20;1283-20
CO2;1283;CT-CO2-0;1f94f8ad-7171-b062-c0a5-dbf839ac97e9;CD:E6:D3:07;0;AVIÁRIO MEIO;1.010,00;06/11/2025;04:48:00;20;1283-20
CO2;1283;CT-CO2-0;1f94f8ad-7171-b062-c0a5-dbf839ac97e9;CD:E6:D3:07;0;AVIÁRIO MEIO;1.006,00;06/11/2025;04:53:33;20;1283-20
CO2;1283;CT-CO2-0;1f94f8ad-7171-b062-c0a5-dbf839ac97e9;CD:E6:D3:07;0;AVIÁRIO MEIO;996,00;06/11/2025;04:59:05;20;1283-20
CO2;1283;CT-CO2-0;1f94f8ad-7171-b062-c0a5-dbf839ac97e9;CD:E6:D3:07;0;AVIÁRIO MEIO;993,00;06/11/2025;05:04:07;20;1283-20
CO2;1283;CT-CO2-0;1f94f8ad-7171-b062-c0a5-dbf839ac97e9;CD:E6:D3:07;0;AVIÁRIO MEIO;994,00;06/11/2025;05:09:40;20;1283-20
CO2;1283;CT-CO2-0;1f94f8ad-7171-b062-c0a5-dbf839ac97e9;CD:E6:D3:07;0;AVIÁRIO MEIO;1.012,00;06/11/2025;05:15:12;20;1283-20
CO2;1283;CT-CO2-0;1f94f8ad-7171-b062-c0a5-dbf839ac97e9;CD:E6:D3:07;0;AVIÁRIO MEIO;1.005,00;06/11/2025;05:20:14;20;1283-20
CO2;1283;CT-CO2-0;1f94f8ad-7171-b062-c0a5-dbf839ac97e9;CD:E6:D3:07;0;AVIÁRIO MEIO;1.013,00;06/11/2025;05:31:19;20;1283-20
CO2;1283;CT-CO2-0;1f94f8ad-7171-b062-c0a5-dbf839ac97e9;CD:E6:D3:07;0;AVIÁRIO MEIO;1.025,00;06/11/2025;05:36:53;20;1283-20
CO2;1283;CT-CO2-0;1f94f8ad-7171-b062-c0a5-dbf839ac97e9;CD:E6:D3:07;0;AVIÁRIO MEIO;1.029,00;06/11/2025;05:41:56;20;1283-20
CO2;1283;CT-CO2-0;1f94f8ad-7171-b062-c0a5-dbf839ac97e9;CD:E6:D3:07;0;AVIÁRIO MEIO;1.005,00;06/11/2025;05:47:28;20;1283-20
CO2;1283;CT-CO2-0;1f94f8ad-7171-b062-c0a5-dbf839ac97e9;CD:E6:D3:07;0;AVIÁRIO MEIO;996,00;06/11/2025;05:52:29;20;1283-20
CO2;1283;CT-CO2-0;1f94f8ad-7171-b062-c0a5-dbf839ac97e9;CD:E6:D3:07;0;AVIÁRIO MEIO;1.009,00;06/11/2025;05:58:01;20;1283-20
CO2;1283;CT-CO2-0;1f94f8ad-7171-b062-c0a5-dbf839ac97e9;CD:E6:D3:07;0;AVIÁRIO MEIO;984,00;06/11/2025;06:03:33;20;1283-20
CO2;1283;CT-CO2-0;1f94f8ad-7171-b062-c0a5-dbf839ac97e9;CD:E6:D3:07;0;AVIÁRIO MEIO;984,00;06/11/2025;06:08:36;20;1283-20
CO2;1283;CT-CO2-0;1f94f8ad-7171-b062-c0a5-dbf839ac97e9;CD:E6:D3:07;0;AVIÁRIO MEIO;983,00;06/11/2025;06:14:10;20;1283-20
CO2;1283;CT-CO2-0;1f94f8ad-7171-b062-c0a5-dbf839ac97e9;CD:E6:D3:07;0;AVIÁRIO MEIO;981,00;06/11/2025;06:19:43;20;1283-20
CO2;1283;CT-CO2-0;1f94f8ad-7171-b062-c0a5-dbf839ac97e9;CD:E6:D3:07;0;AVIÁRIO MEIO;1.011,00;06/11/2025;06:24:45;20;1283-20
CO2;1283;CT-CO2-0;1f94f8ad-7171-b062-c0a5-dbf839ac97e9;CD:E6:D3:07;0;AVIÁRIO MEIO;1.068,00;06/11/2025;06:30:17;20;1283-20
CO2;1283;CT-CO2-0;1f94f8ad-7171-b062-c0a5-dbf839ac97e9;CD:E6:D3:07;0;AVIÁRIO MEIO;1.106,00;06/11/2025;06:35:49;20;1283-20
CO2;1283;CT-CO2-0;1f94f8ad-7171-b062-c0a5-dbf839ac97e9;CD:E6:D3:07;0;AVIÁRIO MEIO;1.148,00;06/11/2025;06:40:51;20;1283-20
CO2;1283;CT-CO2-0;1f94f8ad-7171-b062-c0a5-dbf839ac97e9;CD:E6:D3:07;0;AVIÁRIO MEIO;1.108,00;06/11/2025;06:46:56;20;1283-20
CO2;1283;CT-CO2-0;1f94f8ad-7171-b062-c0a5-dbf839ac97e9;CD:E6:D3:07;0;AVIÁRIO MEIO;1.243,00;06/11/2025;06:56:59;20;1283-20
CO2;1283;CT-CO2-0;1f94f8ad-7171-b062-c0a5-dbf839ac97e9;CD:E6:D3:07;0;AVIÁRIO MEIO;1.179,00;06/11/2025;07:02:31;20;1283-20
CO2;1283;CT-CO2-0;1f94f8ad-7171-b062-c0a5-dbf839ac97e9;CD:E6:D3:07;0;AVIÁRIO MEIO;1.134,00;06/11/2025;07:07:35;20;1283-20
CO2;1283;CT-CO2-0;1f94f8ad-7171-b062-c0a5-dbf839ac97e9;CD:E6:D3:07;0;AVIÁRIO MEIO;1.111,00;06/11/2025;07:13:12;20;1283-20
CO2;1283;CT-CO2-0;1f94f8ad-7171-b062-c0a5-dbf839ac97e9;CD:E6:D3:07;0;AVIÁRIO MEIO;1.166,00;06/11/2025;07:18:14;20;1283-20
CO2;1283;CT-CO2-0;1f94f8ad-7171-b062-c0a5-dbf839ac97e9;CD:E6:D3:07;0;AVIÁRIO MEIO;1.218,00;06/11/2025;07:23:46;20;1283-20
CO2;1283;CT-CO2-0;1f94f8ad-7171-b062-c0a5-dbf839ac97e9;CD:E6:D3:07;0;AVIÁRIO MEIO;1.208,00;06/11/2025;07:29:21;20;1283-20
CO2;1283;CT-CO2-0;1f94f8ad-7171-b062-c0a5-dbf839ac97e9;CD:E6:D3:07;0;AVIÁRIO MEIO;1.175,00;06/11/2025;07:34:23;20;1283-20
CO2;1283;CT-CO2-0;1f94f8ad-7171-b062-c0a5-dbf839ac97e9;CD:E6:D3:07;0;AVIÁRIO MEIO;1.203,00;06/11/2025;07:39:54;20;1283-20
CO2;1283;CT-CO2-0;1f94f8ad-7171-b062-c0a5-dbf839ac97e9;CD:E6:D3:07;0;AVIÁRIO MEIO;1.036,00;06/11/2025;07:56:35;20;1283-20
CO2;1283;CT-CO2-0;1f94f8ad-7171-b062-c0a5-dbf839ac97e9;CD:E6:D3:07;0;AVIÁRIO MEIO;897,00;06/11/2025;08:01:07;20;1283-20
CO2;1283;CT-CO2-0;1f94f8ad-7171-b062-c0a5-dbf839ac97e9;CD:E6:D3:07;0;AVIÁRIO MEIO;1.008,00;06/11/2025;08:06:42;20;1283-20
CO2;1283;CT-CO2-0;1f94f8ad-7171-b062-c0a5-dbf839ac97e9;CD:E6:D3:07;0;AVIÁRIO MEIO;995,00;06/11/2025;08:12:14;20;1283-20
CO2;1283;CT-CO2-0;1f94f8ad-7171-b062-c0a5-dbf839ac97e9;CD:E6:D3:07;0;AVIÁRIO MEIO;899,00;06/11/2025;08:17:15;20;1283-20
CO2;1283;CT-CO2-0;1f94f8ad-7171-b062-c0a5-dbf839ac97e9;CD:E6:D3:07;0;AVIÁRIO MEIO;896,00;06/11/2025;08:22:48;20;1283-20
CO2;1283;CT-CO2-0;1f94f8ad-7171-b062-c0a5-dbf839ac97e9;CD:E6:D3:07;0;AVIÁRIO MEIO;875,00;06/11/2025;08:28:21;20;1283-20
CO2;1283;CT-CO2-0;1f94f8ad-7171-b062-c0a5-dbf839ac97e9;CD:E6:D3:07;0;AVIÁRIO MEIO;878,00;06/11/2025;08:33:23;20;1283-20
CO2;1283;CT-CO2-0;1f94f8ad-7171-b062-c0a5-dbf839ac97e9;CD:E6:D3:07;0;AVIÁRIO MEIO;868,00;06/11/2025;08:38:55;20;1283-20
CO2;1283;CT-CO2-0;1f94f8ad-7171-b062-c0a5-dbf839ac97e9;CD:E6:D3:07;0;AVIÁRIO MEIO;863,00;06/11/2025;08:44:27;20;1283-20
CO2;1283;CT-CO2-0;1f94f8ad-7171-b062-c0a5-dbf839ac97e9;CD:E6:D3:07;0;AVIÁRIO MEIO;857,00;06/11/2025;08:49:29;20;1283-20
CO2;1283;CT-CO2-0;1f94f8ad-7171-b062-c0a5-dbf839ac97e9;CD:E6:D3:07;0;AVIÁRIO MEIO;832,00;06/11/2025;08:55:01;20;1283-20
CO2;1283;CT-CO2-0;1f94f8ad-7171-b062-c0a5-dbf839ac97e9;CD:E6:D3:07;0;AVIÁRIO MEIO;820,00;06/11/2025;09:00:34;20;1283-20
CO2;1283;CT-CO2-0;1f94f8ad-7171-b062-c0a5-dbf839ac97e9;CD:E6:D3:07;0;AVIÁRIO MEIO;818,00;06/11/2025;09:06:07;20;1283-20
CO2;1283;CT-CO2-0;1f94f8ad-7171-b062-c0a5-dbf839ac97e9;CD:E6:D3:07;0;AVIÁRIO MEIO;862,00;06/11/2025;09:11:09;20;1283-20
CO2;1283;CT-CO2-0;1f94f8ad-7171-b062-c0a5-dbf839ac97e9;CD:E6:D3:07;0;AVIÁRIO MEIO;822,00;06/11/2025;09:16:41;20;1283-20
CO2;1283;CT-CO2-0;1f94f8ad-7171-b062-c0a5-dbf839ac97e9;CD:E6:D3:07;0;AVIÁRIO MEIO;745,00;06/11/2025;09:21:43;20;1283-20
CO2;1283;CT-CO2-0;1f94f8ad-7171-b062-c0a5-dbf839ac97e9;CD:E6:D3:07;0;AVIÁRIO MEIO;728,00;06/11/2025;09:27:15;20;1283-20
CO2;1283;CT-CO2-0;1f94f8ad-7171-b062-c0a5-dbf839ac97e9;CD:E6:D3:07;0;AVIÁRIO MEIO;725,00;06/11/2025;09:32:47;20;1283-20
CO2;1283;CT-CO2-0;1f94f8ad-7171-b062-c0a5-dbf839ac97e9;CD:E6:D3:07;0;AVIÁRIO MEIO;737,00;06/11/2025;09:37:48;20;1283-20
CO2;1283;CT-CO2-0;1f94f8ad-7171-b062-c0a5-dbf839ac97e9;CD:E6:D3:07;0;AVIÁRIO MEIO;720,00;06/11/2025;09:43:20;20;1283-20
CO2;1283;CT-CO2-0;1f94f8ad-7171-b062-c0a5-dbf839ac97e9;CD:E6:D3:07;0;AVIÁRIO MEIO;729,00;06/11/2025;09:48:53;20;1283-20
CO2;1283;CT-CO2-0;1f94f8ad-7171-b062-c0a5-dbf839ac97e9;CD:E6:D3:07;0;AVIÁRIO MEIO;716,00;06/11/2025;09:53:55;20;1283-20
CO2;1283;CT-CO2-0;1f94f8ad-7171-b062-c0a5-dbf839ac97e9;CD:E6:D3:07;0;AVIÁRIO MEIO;710,00;06/11/2025;09:59:27;20;1283-20
CO2;1283;CT-CO2-0;1f94f8ad-7171-b062-c0a5-dbf839ac97e9;CD:E6:D3:07;0;AVIÁRIO MEIO;682,00;06/11/2025;10:04:59;20;1283-20
CO2;1283;CT-CO2-0;1f94f8ad-7171-b062-c0a5-dbf839ac97e9;CD:E6:D3:07;0;AVIÁRIO MEIO;693,00;06/11/2025;10:10:01;20;1283-20
CO2;1283;CT-CO2-0;1f94f8ad-7171-b062-c0a5-dbf839ac97e9;CD:E6:D3:07;0;AVIÁRIO MEIO;669,00;06/11/2025;10:16:03;20;1283-20
CO2;1283;CT-CO2-0;1f94f8ad-7171-b062-c0a5-dbf839ac97e9;CD:E6:D3:07;0;AVIÁRIO MEIO;684,00;06/11/2025;10:21:05;20;1283-20
CO2;1283;CT-CO2-0;1f94f8ad-7171-b062-c0a5-dbf839ac97e9;CD:E6:D3:07;0;AVIÁRIO MEIO;664,00;06/11/2025;10:26:37;20;1283-20
CO2;1283;CT-CO2-0;1f94f8ad-7171-b062-c0a5-dbf839ac97e9;CD:E6:D3:07;0;AVIÁRIO MEIO;654,00;06/11/2025;10:31:38;20;1283-20
CO2;1283;CT-CO2-0;1f94f8ad-7171-b062-c0a5-dbf839ac97e9;CD:E6:D3:07;0;AVIÁRIO MEIO;651,00;06/11/2025;10:37:10;20;1283-20
CO2;1283;CT-CO2-0;1f94f8ad-7171-b062-c0a5-dbf839ac97e9;CD:E6:D3:07;0;AVIÁRIO MEIO;653,00;06/11/2025;10:42:42;20;1283-20
CO2;1283;CT-CO2-0;1f94f8ad-7171-b062-c0a5-dbf839ac97e9;CD:E6:D3:07;0;AVIÁRIO MEIO;659,00;06/11/2025;10:47:44;20;1283-20
CO2;1283;CT-CO2-0;1f94f8ad-7171-b062-c0a5-dbf839ac97e9;CD:E6:D3:07;0;AVIÁRIO MEIO;649,00;06/11/2025;10:53:16;20;1283-20
CO2;1283;CT-CO2-0;1f94f8ad-7171-b062-c0a5-dbf839ac97e9;CD:E6:D3:07;0;AVIÁRIO MEIO;654,00;06/11/2025;10:58:49;20;1283-20
CO2;1283;CT-CO2-0;1f94f8ad-7171-b062-c0a5-dbf839ac97e9;CD:E6:D3:07;0;AVIÁRIO MEIO;654,00;06/11/2025;11:03:51;20;1283-20
CO2;1283;CT-CO2-0;1f94f8ad-7171-b062-c0a5-dbf839ac97e9;CD:E6:D3:07;0;AVIÁRIO MEIO;664,00;06/11/2025;11:09:23;20;1283-20
CO2;1283;CT-CO2-0;1f94f8ad-7171-b062-c0a5-dbf839ac97e9;CD:E6:D3:07;0;AVIÁRIO MEIO;663,00;06/11/2025;11:15:00;20;1283-20
CO2;1283;CT-CO2-0;1f94f8ad-7171-b062-c0a5-dbf839ac97e9;CD:E6:D3:07;0;AVIÁRIO MEIO;677,00;06/11/2025;11:20:02;20;1283-20
CO2;1283;CT-CO2-0;1f94f8ad-7171-b062-c0a5-dbf839ac97e9;CD:E6:D3:07;0;AVIÁRIO MEIO;676,00;06/11/2025;11:26:07;20;1283-20
CO2;1283;CT-CO2-0;1f94f8ad-7171-b062-c0a5-dbf839ac97e9;CD:E6:D3:07;0;AVIÁRIO MEIO;668,00;06/11/2025;11:30:41;20;1283-20
CO2;1283;CT-CO2-0;1f94f8ad-7171-b062-c0a5-dbf839ac97e9;CD:E6:D3:07;0;AVIÁRIO MEIO;681,00;06/11/2025;11:36:13;20;1283-20
CO2;1283;CT-CO2-0;1f94f8ad-7171-b062-c0a5-dbf839ac97e9;CD:E6:D3:07;0;AVIÁRIO MEIO;663,00;06/11/2025;11:41:45;20;1283-20
CO2;1283;CT-CO2-0;1f94f8ad-7171-b062-c0a5-dbf839ac97e9;CD:E6:D3:07;0;AVIÁRIO MEIO;665,00;06/11/2025;11:46:47;20;1283-20
CO2;1283;CT-CO2-0;1f94f8ad-7171-b062-c0a5-dbf839ac97e9;CD:E6:D3:07;0;AVIÁRIO MEIO;668,00;06/11/2025;11:52:19;20;1283-20
CO2;1283;CT-CO2-0;1f94f8ad-7171-b062-c0a5-dbf839ac97e9;CD:E6:D3:07;0;AVIÁRIO MEIO;649,00;06/11/2025;11:57:51;20;1283-20
CO2;1283;CT-CO2-0;1f94f8ad-7171-b062-c0a5-dbf839ac97e9;CD:E6:D3:07;0;AVIÁRIO MEIO;671,00;06/11/2025;12:02:53;20;1283-20
CO2;1283;CT-CO2-0;1f94f8ad-7171-b062-c0a5-dbf839ac97e9;CD:E6:D3:07;0;AVIÁRIO MEIO;668,00;06/11/2025;12:08:25;20;1283-20
CO2;1283;CT-CO2-0;1f94f8ad-7171-b062-c0a5-dbf839ac97e9;CD:E6:D3:07;0;AVIÁRIO MEIO;664,00;06/11/2025;12:13:57;20;1283-20
CO2;1283;CT-CO2-0;1f94f8ad-7171-b062-c0a5-dbf839ac97e9;CD:E6:D3:07;0;AVIÁRIO MEIO;667,00;06/11/2025;12:18:59;20;1283-20
CO2;1283;CT-CO2-0;1f94f8ad-7171-b062-c0a5-dbf839ac97e9;CD:E6:D3:07;0;AVIÁRIO MEIO;667,00;06/11/2025;12:24:31;20;1283-20
CO2;1283;CT-CO2-0;1f94f8ad-7171-b062-c0a5-dbf839ac97e9;CD:E6:D3:07;0;AVIÁRIO MEIO;667,00;06/11/2025;12:30:03;20;1283-20
CO2;1283;CT-CO2-0;1f94f8ad-7171-b062-c0a5-dbf839ac97e9;CD:E6:D3:07;0;AVIÁRIO MEIO;645,00;06/11/2025;12:36:07;20;1283-20
CO2;1283;CT-CO2-0;1f94f8ad-7171-b062-c0a5-dbf839ac97e9;CD:E6:D3:07;0;AVIÁRIO MEIO;628,00;06/11/2025;12:40:39;20;1283-20
CO2;1283;CT-CO2-0;1f94f8ad-7171-b062-c0a5-dbf839ac97e9;CD:E6:D3:07;0;AVIÁRIO MEIO;641,00;06/11/2025;12:46:11;20;1283-20
CO2;1283;CT-CO2-0;1f94f8ad-7171-b062-c0a5-dbf839ac97e9;CD:E6:D3:07;0;AVIÁRIO MEIO;690,00;06/11/2025;12:51:43;20;1283-20
CO2;1283;CT-CO2-0;1f94f8ad-7171-b062-c0a5-dbf839ac97e9;CD:E6:D3:07;0;AVIÁRIO MEIO;630,00;06/11/2025;12:56:47;20;1283-20
CO2;1283;CT-CO2-0;1f94f8ad-7171-b062-c0a5-dbf839ac97e9;CD:E6:D3:07;0;AVIÁRIO MEIO;626,00;06/11/2025;13:02:18;20;1283-20
CO2;1283;CT-CO2-0;1f94f8ad-7171-b062-c0a5-dbf839ac97e9;CD:E6:D3:07;0;AVIÁRIO MEIO;616,00;06/11/2025;13:07:50;20;1283-20
CO2;1283;CT-CO2-0;1f94f8ad-7171-b062-c0a5-dbf839ac97e9;CD:E6:D3:07;0;AVIÁRIO MEIO;636,00;06/11/2025;13:12:52;20;1283-20
CO2;1283;CT-CO2-0;1f94f8ad-7171-b062-c0a5-dbf839ac97e9;CD:E6:D3:07;0;AVIÁRIO MEIO;633,00;06/11/2025;13:18:24;20;1283-20
CO2;1283;CT-CO2-0;1f94f8ad-7171-b062-c0a5-dbf839ac97e9;CD:E6:D3:07;0;AVIÁRIO MEIO;621,00;06/11/2025;13:23:57;20;1283-20
CO2;1283;CT-CO2-0;1f94f8ad-7171-b062-c0a5-dbf839ac97e9;CD:E6:D3:07;0;AVIÁRIO MEIO;625,00;06/11/2025;13:29:00;20;1283-20
CO2;1283;CT-CO2-0;1f94f8ad-7171-b062-c0a5-dbf839ac97e9;CD:E6:D3:07;0;AVIÁRIO MEIO;640,00;06/11/2025;13:34:31;20;1283-20
CO2;1283;CT-CO2-0;1f94f8ad-7171-b062-c0a5-dbf839ac97e9;CD:E6:D3:07;0;AVIÁRIO MEIO;630,00;06/11/2025;13:40:03;20;1283-20
CO2;1283;CT-CO2-0;1f94f8ad-7171-b062-c0a5-dbf839ac97e9;CD:E6:D3:07;0;AVIÁRIO MEIO;612,00;06/11/2025;13:45:37;20;1283-20
CO2;1283;CT-CO2-0;1f94f8ad-7171-b062-c0a5-dbf839ac97e9;CD:E6:D3:07;0;AVIÁRIO MEIO;597,00;06/11/2025;13:50:40;20;1283-20
CO2;1283;CT-CO2-0;1f94f8ad-7171-b062-c0a5-dbf839ac97e9;CD:E6:D3:07;0;AVIÁRIO MEIO;605,00;06/11/2025;13:55:41;20;1283-20
CO2;1283;CT-CO2-0;1f94f8ad-7171-b062-c0a5-dbf839ac97e9;CD:E6:D3:07;0;AVIÁRIO MEIO;619,00;06/11/2025;14:01:13;20;1283-20
CO2;1283;CT-CO2-0;1f94f8ad-7171-b062-c0a5-dbf839ac97e9;CD:E6:D3:07;0;AVIÁRIO MEIO;597,00;06/11/2025;14:06:45;20;1283-20
CO2;1283;CT-CO2-0;1f94f8ad-7171-b062-c0a5-dbf839ac97e9;CD:E6:D3:07;0;AVIÁRIO MEIO;587,00;06/11/2025;14:12:16;20;1283-20
CO2;1283;CT-CO2-0;1f94f8ad-7171-b062-c0a5-dbf839ac97e9;CD:E6:D3:07;0;AVIÁRIO MEIO;609,00;06/11/2025;14:17:18;20;1283-20
CO2;1283;CT-CO2-0;1f94f8ad-7171-b062-c0a5-dbf839ac97e9;CD:E6:D3:07;0;AVIÁRIO MEIO;622,00;06/11/2025;14:22:50;20;1283-20
CO2;1283;CT-CO2-0;1f94f8ad-7171-b062-c0a5-dbf839ac97e9;CD:E6:D3:07;0;AVIÁRIO MEIO;605,00;06/11/2025;14:28:22;20;1283-20
CO2;1283;CT-CO2-0;1f94f8ad-7171-b062-c0a5-dbf839ac97e9;CD:E6:D3:07;0;AVIÁRIO MEIO;602,00;06/11/2025;14:33:23;20;1283-20
CO2;1283;CT-CO2-0;1f94f8ad-7171-b062-c0a5-dbf839ac97e9;CD:E6:D3:07;0;AVIÁRIO MEIO;608,00;06/11/2025;14:38:56;20;1283-20
CO2;1283;CT-CO2-0;1f94f8ad-7171-b062-c0a5-dbf839ac97e9;CD:E6:D3:07;0;AVIÁRIO MEIO;601,00;06/11/2025;14:44:27;20;1283-20
CO2;1283;CT-CO2-0;1f94f8ad-7171-b062-c0a5-dbf839ac97e9;CD:E6:D3:07;0;AVIÁRIO MEIO;592,00;06/11/2025;14:49:29;20;1283-20
CO2;1283;CT-CO2-0;1f94f8ad-7171-b062-c0a5-dbf839ac97e9;CD:E6:D3:07;0;AVIÁRIO MEIO;596,00;06/11/2025;14:55:32;20;1283-20
CO2;1283;CT-CO2-0;1f94f8ad-7171-b062-c0a5-dbf839ac97e9;CD:E6:D3:07;0;AVIÁRIO MEIO;600,00;06/11/2025;15:00:34;20;1283-20
CO2;1283;CT-CO2-0;1f94f8ad-7171-b062-c0a5-dbf839ac97e9;CD:E6:D3:07;0;AVIÁRIO MEIO;601,00;06/11/2025;15:05:36;20;1283-20
CO2;1283;CT-CO2-0;1f94f8ad-7171-b062-c0a5-dbf839ac97e9;CD:E6:D3:07;0;AVIÁRIO MEIO;596,00;06/11/2025;15:11:08;20;1283-20
CO2;1283;CT-CO2-0;1f94f8ad-7171-b062-c0a5-dbf839ac97e9;CD:E6:D3:07;0;AVIÁRIO MEIO;604,00;06/11/2025;15:16:41;20;1283-20
CO2;1283;CT-CO2-0;1f94f8ad-7171-b062-c0a5-dbf839ac97e9;CD:E6:D3:07;0;AVIÁRIO MEIO;602,00;06/11/2025;15:21:43;20;1283-20
CO2;1283;CT-CO2-0;1f94f8ad-7171-b062-c0a5-dbf839ac97e9;CD:E6:D3:07;0;AVIÁRIO MEIO;599,00;06/11/2025;15:27:15;20;1283-20
CO2;1283;CT-CO2-0;1f94f8ad-7171-b062-c0a5-dbf839ac97e9;CD:E6:D3:07;0;AVIÁRIO MEIO;595,00;06/11/2025;15:32:47;20;1283-20
CO2;1283;CT-CO2-0;1f94f8ad-7171-b062-c0a5-dbf839ac97e9;CD:E6:D3:07;0;AVIÁRIO MEIO;590,00;06/11/2025;15:37:49;20;1283-20
CO2;1283;CT-CO2-0;1f94f8ad-7171-b062-c0a5-dbf839ac97e9;CD:E6:D3:07;0;AVIÁRIO MEIO;596,00;06/11/2025;15:43:22;20;1283-20
CO2;1283;CT-CO2-0;1f94f8ad-7171-b062-c0a5-dbf839ac97e9;CD:E6:D3:07;0;AVIÁRIO MEIO;609,00;06/11/2025;15:48:54;20;1283-20
CO2;1283;CT-CO2-0;1f94f8ad-7171-b062-c0a5-dbf839ac97e9;CD:E6:D3:07;0;AVIÁRIO MEIO;602,00;06/11/2025;15:54:01;20;1283-20
CO2;1283;CT-CO2-0;1f94f8ad-7171-b062-c0a5-dbf839ac97e9;CD:E6:D3:07;0;AVIÁRIO MEIO;590,00;06/11/2025;15:59:33;20;1283-20
CO2;1283;CT-CO2-0;1f94f8ad-7171-b062-c0a5-dbf839ac97e9;CD:E6:D3:07;0;AVIÁRIO MEIO;616,00;06/11/2025;16:10:10;20;1283-20
CO2;1283;CT-CO2-0;1f94f8ad-7171-b062-c0a5-dbf839ac97e9;CD:E6:D3:07;0;AVIÁRIO MEIO;609,00;06/11/2025;16:15:42;20;1283-20
CO2;1283;CT-CO2-0;1f94f8ad-7171-b062-c0a5-dbf839ac97e9;CD:E6:D3:07;0;AVIÁRIO MEIO;594,00;06/11/2025;16:21:15;20;1283-20
CO2;1283;CT-CO2-0;1f94f8ad-7171-b062-c0a5-dbf839ac97e9;CD:E6:D3:07;0;AVIÁRIO MEIO;600,00;06/11/2025;16:26:20;20;1283-20
CO2;1283;CT-CO2-0;1f94f8ad-7171-b062-c0a5-dbf839ac97e9;CD:E6:D3:07;0;AVIÁRIO MEIO;602,00;06/11/2025;16:31:52;20;1283-20
CO2;1283;CT-CO2-0;1f94f8ad-7171-b062-c0a5-dbf839ac97e9;CD:E6:D3:07;0;AVIÁRIO MEIO;598,00;06/11/2025;16:36:53;20;1283-20
CO2;1283;CT-CO2-0;1f94f8ad-7171-b062-c0a5-dbf839ac97e9;CD:E6:D3:07;0;AVIÁRIO MEIO;599,00;06/11/2025;16:42:25;20;1283-20
CO2;1283;CT-CO2-0;1f94f8ad-7171-b062-c0a5-dbf839ac97e9;CD:E6:D3:07;0;AVIÁRIO MEIO;603,00;06/11/2025;16:47:58;20;1283-20
CO2;1283;CT-CO2-0;1f94f8ad-7171-b062-c0a5-dbf839ac97e9;CD:E6:D3:07;0;AVIÁRIO MEIO;608,00;06/11/2025;16:53:29;20;1283-20
CO2;1283;CT-CO2-0;1f94f8ad-7171-b062-c0a5-dbf839ac97e9;CD:E6:D3:07;0;AVIÁRIO MEIO;592,00;06/11/2025;16:58:31;20;1283-20
CO2;1283;CT-CO2-0;1f94f8ad-7171-b062-c0a5-dbf839ac97e9;CD:E6:D3:07;0;AVIÁRIO MEIO;584,00;06/11/2025;17:04:03;20;1283-20
CO2;1283;CT-CO2-0;1f94f8ad-7171-b062-c0a5-dbf839ac97e9;CD:E6:D3:07;0;AVIÁRIO MEIO;588,00;06/11/2025;17:09:35;20;1283-20
CO2;1283;CT-CO2-0;1f94f8ad-7171-b062-c0a5-dbf839ac97e9;CD:E6:D3:07;0;AVIÁRIO MEIO;594,00;06/11/2025;17:15:08;20;1283-20
CO2;1283;CT-CO2-0;1f94f8ad-7171-b062-c0a5-dbf839ac97e9;CD:E6:D3:07;0;AVIÁRIO MEIO;581,00;06/11/2025;17:20:10;20;1283-20
CO2;1283;CT-CO2-0;1f94f8ad-7171-b062-c0a5-dbf839ac97e9;CD:E6:D3:07;0;AVIÁRIO MEIO;587,00;06/11/2025;17:25:42;20;1283-20
CO2;1283;CT-CO2-0;1f94f8ad-7171-b062-c0a5-dbf839ac97e9;CD:E6:D3:07;0;AVIÁRIO MEIO;607,00;06/11/2025;17:30:45;20;1283-20
CO2;1283;CT-CO2-0;1f94f8ad-7171-b062-c0a5-dbf839ac97e9;CD:E6:D3:07;0;AVIÁRIO MEIO;599,00;06/11/2025;17:36:18;20;1283-20
CO2;1283;CT-CO2-0;1f94f8ad-7171-b062-c0a5-dbf839ac97e9;CD:E6:D3:07;0;AVIÁRIO MEIO;599,00;06/11/2025;17:41:50;20;1283-20
CO2;1283;CT-CO2-0;1f94f8ad-7171-b062-c0a5-dbf839ac97e9;CD:E6:D3:07;0;AVIÁRIO MEIO;588,00;06/11/2025;17:46:52;20;1283-20
CO2;1283;CT-CO2-0;1f94f8ad-7171-b062-c0a5-dbf839ac97e9;CD:E6:D3:07;0;AVIÁRIO MEIO;593,00;06/11/2025;17:52:24;20;1283-20
CO2;1283;CT-CO2-0;1f94f8ad-7171-b062-c0a5-dbf839ac97e9;CD:E6:D3:07;0;AVIÁRIO MEIO;602,00;06/11/2025;17:57:59;20;1283-20
CO2;1283;CT-CO2-0;1f94f8ad-7171-b062-c0a5-dbf839ac97e9;CD:E6:D3:07;0;AVIÁRIO MEIO;589,00;06/11/2025;18:03:01;20;1283-20
CO2;1283;CT-CO2-0;1f94f8ad-7171-b062-c0a5-dbf839ac97e9;CD:E6:D3:07;0;AVIÁRIO MEIO;607,00;06/11/2025;18:08:33;20;1283-20
CO2;1283;CT-CO2-0;1f94f8ad-7171-b062-c0a5-dbf839ac97e9;CD:E6:D3:07;0;AVIÁRIO MEIO;608,00;06/11/2025;18:14:04;20;1283-20
CO2;1283;CT-CO2-0;1f94f8ad-7171-b062-c0a5-dbf839ac97e9;CD:E6:D3:07;0;AVIÁRIO MEIO;615,00;06/11/2025;18:19:06;20;1283-20
CO2;1283;CT-CO2-0;1f94f8ad-7171-b062-c0a5-dbf839ac97e9;CD:E6:D3:07;0;AVIÁRIO MEIO;607,00;06/11/2025;18:25:10;20;1283-20
CO2;1283;CT-CO2-0;1f94f8ad-7171-b062-c0a5-dbf839ac97e9;CD:E6:D3:07;0;AVIÁRIO MEIO;607,00;06/11/2025;18:30:13;20;1283-20
CO2;1283;CT-CO2-0;1f94f8ad-7171-b062-c0a5-dbf839ac97e9;CD:E6:D3:07;0;AVIÁRIO MEIO;639,00;06/11/2025;18:35:18;20;1283-20
CO2;1283;CT-CO2-0;1f94f8ad-7171-b062-c0a5-dbf839ac97e9;CD:E6:D3:07;0;AVIÁRIO MEIO;637,00;06/11/2025;18:40:50;20;1283-20
CO2;1283;CT-CO2-0;1f94f8ad-7171-b062-c0a5-dbf839ac97e9;CD:E6:D3:07;0;AVIÁRIO MEIO;648,00;06/11/2025;18:46:22;20;1283-20
CO2;1283;CT-CO2-0;1f94f8ad-7171-b062-c0a5-dbf839ac97e9;CD:E6:D3:07;0;AVIÁRIO MEIO;647,00;06/11/2025;18:51:24;20;1283-20
CO2;1283;CT-CO2-0;1f94f8ad-7171-b062-c0a5-dbf839ac97e9;CD:E6:D3:07;0;AVIÁRIO MEIO;700,00;06/11/2025;18:56:57;20;1283-20
CO2;1283;CT-CO2-0;1f94f8ad-7171-b062-c0a5-dbf839ac97e9;CD:E6:D3:07;0;AVIÁRIO MEIO;698,00;06/11/2025;19:02:29;20;1283-20
CO2;1283;CT-CO2-0;1f94f8ad-7171-b062-c0a5-dbf839ac97e9;CD:E6:D3:07;0;AVIÁRIO MEIO;723,00;06/11/2025;19:07:31;20;1283-20
CO2;1283;CT-CO2-0;1f94f8ad-7171-b062-c0a5-dbf839ac97e9;CD:E6:D3:07;0;AVIÁRIO MEIO;713,00;06/11/2025;19:13:04;20;1283-20
CO2;1283;CT-CO2-0;1f94f8ad-7171-b062-c0a5-dbf839ac97e9;CD:E6:D3:07;0;AVIÁRIO MEIO;743,00;06/11/2025;19:18:36;20;1283-20
CO2;1283;CT-CO2-0;1f94f8ad-7171-b062-c0a5-dbf839ac97e9;CD:E6:D3:07;0;AVIÁRIO MEIO;755,00;06/11/2025;19:23:38;20;1283-20
CO2;1283;CT-CO2-0;1f94f8ad-7171-b062-c0a5-dbf839ac97e9;CD:E6:D3:07;0;AVIÁRIO MEIO;800,00;06/11/2025;19:29:09;20;1283-20
CO2;1283;CT-CO2-0;1f94f8ad-7171-b062-c0a5-dbf839ac97e9;CD:E6:D3:07;0;AVIÁRIO MEIO;783,00;06/11/2025;19:35:12;20;1283-20
CO2;1283;CT-CO2-0;1f94f8ad-7171-b062-c0a5-dbf839ac97e9;CD:E6:D3:07;0;AVIÁRIO MEIO;786,00;06/11/2025;19:39:44;20;1283-20
CO2;1283;CT-CO2-0;1f94f8ad-7171-b062-c0a5-dbf839ac97e9;CD:E6:D3:07;0;AVIÁRIO MEIO;848,00;06/11/2025;19:45:17;20;1283-20
CO2;1283;CT-CO2-0;1f94f8ad-7171-b062-c0a5-dbf839ac97e9;CD:E6:D3:07;0;AVIÁRIO MEIO;825,00;06/11/2025;19:50:49;20;1283-20
CO2;1283;CT-CO2-0;1f94f8ad-7171-b062-c0a5-dbf839ac97e9;CD:E6:D3:07;0;AVIÁRIO MEIO;772,00;06/11/2025;19:55:52;20;1283-20
CO2;1283;CT-CO2-0;1f94f8ad-7171-b062-c0a5-dbf839ac97e9;CD:E6:D3:07;0;AVIÁRIO MEIO;816,00;06/11/2025;20:01:23;20;1283-20
CO2;1283;CT-CO2-0;1f94f8ad-7171-b062-c0a5-dbf839ac97e9;CD:E6:D3:07;0;AVIÁRIO MEIO;888,00;06/11/2025;20:06:55;20;1283-20
CO2;1283;CT-CO2-0;1f94f8ad-7171-b062-c0a5-dbf839ac97e9;CD:E6:D3:07;0;AVIÁRIO MEIO;797,00;06/11/2025;20:11:57;20;1283-20
CO2;1283;CT-CO2-0;1f94f8ad-7171-b062-c0a5-dbf839ac97e9;CD:E6:D3:07;0;AVIÁRIO MEIO;823,00;06/11/2025;20:17:30;20;1283-20
CO2;1283;CT-CO2-0;1f94f8ad-7171-b062-c0a5-dbf839ac97e9;CD:E6:D3:07;0;AVIÁRIO MEIO;893,00;06/11/2025;20:23:02;20;1283-20
CO2;1283;CT-CO2-0;1f94f8ad-7171-b062-c0a5-dbf839ac97e9;CD:E6:D3:07;0;AVIÁRIO MEIO;899,00;06/11/2025;20:28:03;20;1283-20
CO2;1283;CT-CO2-0;1f94f8ad-7171-b062-c0a5-dbf839ac97e9;CD:E6:D3:07;0;AVIÁRIO MEIO;907,00;06/11/2025;20:33:35;20;1283-20
CO2;1283;CT-CO2-0;1f94f8ad-7171-b062-c0a5-dbf839ac97e9;CD:E6:D3:07;0;AVIÁRIO MEIO;917,00;06/11/2025;20:39:07;20;1283-20
CO2;1283;CT-CO2-0;1f94f8ad-7171-b062-c0a5-dbf839ac97e9;CD:E6:D3:07;0;AVIÁRIO MEIO;926,00;06/11/2025;20:45:11;20;1283-20
CO2;1283;CT-CO2-0;1f94f8ad-7171-b062-c0a5-dbf839ac97e9;CD:E6:D3:07;0;AVIÁRIO MEIO;927,00;06/11/2025;20:49:43;20;1283-20
CO2;1283;CT-CO2-0;1f94f8ad-7171-b062-c0a5-dbf839ac97e9;CD:E6:D3:07;0;AVIÁRIO MEIO;930,00;06/11/2025;20:55:16;20;1283-20
CO2;1283;CT-CO2-0;1f94f8ad-7171-b062-c0a5-dbf839ac97e9;CD:E6:D3:07;0;AVIÁRIO MEIO;963,00;06/11/2025;21:00:47;20;1283-20
CO2;1283;CT-CO2-0;1f94f8ad-7171-b062-c0a5-dbf839ac97e9;CD:E6:D3:07;0;AVIÁRIO MEIO;914,00;06/11/2025;21:06:22;20;1283-20
CO2;1283;CT-CO2-0;1f94f8ad-7171-b062-c0a5-dbf839ac97e9;CD:E6:D3:07;0;AVIÁRIO MEIO;890,00;06/11/2025;21:11:54;20;1283-20
CO2;1283;CT-CO2-0;1f94f8ad-7171-b062-c0a5-dbf839ac97e9;CD:E6:D3:07;0;AVIÁRIO MEIO;903,00;06/11/2025;21:16:57;20;1283-20
CO2;1283;CT-CO2-0;1f94f8ad-7171-b062-c0a5-dbf839ac97e9;CD:E6:D3:07;0;AVIÁRIO MEIO;906,00;06/11/2025;21:22:29;20;1283-20
CO2;1283;CT-CO2-0;1f94f8ad-7171-b062-c0a5-dbf839ac97e9;CD:E6:D3:07;0;AVIÁRIO MEIO;904,00;06/11/2025;21:28:01;20;1283-20
CO2;1283;CT-CO2-0;1f94f8ad-7171-b062-c0a5-dbf839ac97e9;CD:E6:D3:07;0;AVIÁRIO MEIO;926,00;06/11/2025;21:33:04;20;1283-20
CO2;1283;CT-CO2-0;1f94f8ad-7171-b062-c0a5-dbf839ac97e9;CD:E6:D3:07;0;AVIÁRIO MEIO;904,00;06/11/2025;21:38:35;20;1283-20
CO2;1283;CT-CO2-0;1f94f8ad-7171-b062-c0a5-dbf839ac97e9;CD:E6:D3:07;0;AVIÁRIO MEIO;901,00;06/11/2025;21:44:07;20;1283-20
CO2;1283;CT-CO2-0;1f94f8ad-7171-b062-c0a5-dbf839ac97e9;CD:E6:D3:07;0;AVIÁRIO MEIO;908,00;06/11/2025;21:49:09;20;1283-20
CO2;1283;CT-CO2-0;1f94f8ad-7171-b062-c0a5-dbf839ac97e9;CD:E6:D3:07;0;AVIÁRIO MEIO;910,00;06/11/2025;21:55:13;20;1283-20
CO2;1283;CT-CO2-0;1f94f8ad-7171-b062-c0a5-dbf839ac97e9;CD:E6:D3:07;0;AVIÁRIO MEIO;915,00;06/11/2025;22:00:15;20;1283-20
CO2;1283;CT-CO2-0;1f94f8ad-7171-b062-c0a5-dbf839ac97e9;CD:E6:D3:07;0;AVIÁRIO MEIO;916,00;06/11/2025;22:05:19;20;1283-20
CO2;1283;CT-CO2-0;1f94f8ad-7171-b062-c0a5-dbf839ac97e9;CD:E6:D3:07;0;AVIÁRIO MEIO;899,00;06/11/2025;22:16:23;20;1283-20
CO2;1283;CT-CO2-0;1f94f8ad-7171-b062-c0a5-dbf839ac97e9;CD:E6:D3:07;0;AVIÁRIO MEIO;911,00;06/11/2025;22:21:25;20;1283-20
CO2;1283;CT-CO2-0;1f94f8ad-7171-b062-c0a5-dbf839ac97e9;CD:E6:D3:07;0;AVIÁRIO MEIO;907,00;06/11/2025;22:26:57;20;1283-20
CO2;1283;CT-CO2-0;1f94f8ad-7171-b062-c0a5-dbf839ac97e9;CD:E6:D3:07;0;AVIÁRIO MEIO;918,00;06/11/2025;22:32:28;20;1283-20
CO2;1283;CT-CO2-0;1f94f8ad-7171-b062-c0a5-dbf839ac97e9;CD:E6:D3:07;0;AVIÁRIO MEIO;987,00;06/11/2025;22:37:31;20;1283-20
CO2;1283;CT-CO2-0;1f94f8ad-7171-b062-c0a5-dbf839ac97e9;CD:E6:D3:07;0;AVIÁRIO MEIO;1.043,00;06/11/2025;22:43:03;20;1283-20
CO2;1283;CT-CO2-0;1f94f8ad-7171-b062-c0a5-dbf839ac97e9;CD:E6:D3:07;0;AVIÁRIO MEIO;919,00;06/11/2025;22:48:35;20;1283-20
CO2;1283;CT-CO2-0;1f94f8ad-7171-b062-c0a5-dbf839ac97e9;CD:E6:D3:07;0;AVIÁRIO MEIO;1.063,00;06/11/2025;22:54:07;20;1283-20
CO2;1283;CT-CO2-0;1f94f8ad-7171-b062-c0a5-dbf839ac97e9;CD:E6:D3:07;0;AVIÁRIO MEIO;950,00;06/11/2025;22:59:09;20;1283-20
CO2;1283;CT-CO2-0;1f94f8ad-7171-b062-c0a5-dbf839ac97e9;CD:E6:D3:07;0;AVIÁRIO MEIO;1.059,00;06/11/2025;23:05:13;20;1283-20
CO2;1283;CT-CO2-0;1f94f8ad-7171-b062-c0a5-dbf839ac97e9;CD:E6:D3:07;0;AVIÁRIO MEIO;946,00;06/11/2025;23:10:14;20;1283-20
CO2;1283;CT-CO2-0;1f94f8ad-7171-b062-c0a5-dbf839ac97e9;CD:E6:D3:07;0;AVIÁRIO MEIO;1.056,00;06/11/2025;23:15:16;20;1283-20
CO2;1283;CT-CO2-0;1f94f8ad-7171-b062-c0a5-dbf839ac97e9;CD:E6:D3:07;0;AVIÁRIO MEIO;939,00;06/11/2025;23:20:49;20;1283-20
CO2;1283;CT-CO2-0;1f94f8ad-7171-b062-c0a5-dbf839ac97e9;CD:E6:D3:07;0;AVIÁRIO MEIO;1.044,00;06/11/2025;23:26:21;20;1283-20
CO2;1283;CT-CO2-0;1f94f8ad-7171-b062-c0a5-dbf839ac97e9;CD:E6:D3:07;0;AVIÁRIO MEIO;937,00;06/11/2025;23:31:23;20;1283-20
CO2;1283;CT-CO2-0;1f94f8ad-7171-b062-c0a5-dbf839ac97e9;CD:E6:D3:07;0;AVIÁRIO MEIO;1.041,00;06/11/2025;23:36:56;20;1283-20
CO2;1283;CT-CO2-0;1f94f8ad-7171-b062-c0a5-dbf839ac97e9;CD:E6:D3:07;0;AVIÁRIO MEIO;921,00;06/11/2025;23:42:28;20;1283-20
CO2;1283;CT-CO2-0;1f94f8ad-7171-b062-c0a5-dbf839ac97e9;CD:E6:D3:07;0;AVIÁRIO MEIO;1.088,00;06/11/2025;23:47:30;20;1283-20
CO2;1283;CT-CO2-0;1f94f8ad-7171-b062-c0a5-dbf839ac97e9;CD:E6:D3:07;0;AVIÁRIO MEIO;1.024,00;06/11/2025;23:53:02;20;1283-20
CO2;1283;CT-CO2-0;1f94f8ad-7171-b062-c0a5-dbf839ac97e9;CD:E6:D3:07;0;AVIÁRIO MEIO;1.115,00;06/11/2025;23:58:35;20;1283-20
CO2;1283;CT-CO2-0;1f94f8ad-7171-b062-c0a5-dbf839ac97e9;CD:E6:D3:07;0;AVIÁRIO MEIO;1.030,00;07/11/2025;00:03:38;20;1283-20
CO2;1283;CT-CO2-0;1f94f8ad-7171-b062-c0a5-dbf839ac97e9;CD:E6:D3:07;0;AVIÁRIO MEIO;1.148,00;07/11/2025;00:09:15;20;1283-20
CO2;1283;CT-CO2-0;1f94f8ad-7171-b062-c0a5-dbf839ac97e9;CD:E6:D3:07;0;AVIÁRIO MEIO;1.055,00;07/11/2025;00:15:25;20;1283-20
CO2;1283;CT-CO2-0;1f94f8ad-7171-b062-c0a5-dbf839ac97e9;CD:E6:D3:07;0;AVIÁRIO MEIO;1.177,00;07/11/2025;00:19:57;20;1283-20
CO2;1283;CT-CO2-0;1f94f8ad-7171-b062-c0a5-dbf839ac97e9;CD:E6:D3:07;0;AVIÁRIO MEIO;1.037,00;07/11/2025;00:25:31;20;1283-20
CO2;1283;CT-CO2-0;1f94f8ad-7171-b062-c0a5-dbf839ac97e9;CD:E6:D3:07;0;AVIÁRIO MEIO;1.140,00;07/11/2025;00:30:33;20;1283-20
CO2;1283;CT-CO2-0;1f94f8ad-7171-b062-c0a5-dbf839ac97e9;CD:E6:D3:07;0;AVIÁRIO MEIO;1.023,00;07/11/2025;00:36:04;20;1283-20
CO2;1283;CT-CO2-0;1f94f8ad-7171-b062-c0a5-dbf839ac97e9;CD:E6:D3:07;0;AVIÁRIO MEIO;1.109,00;07/11/2025;00:41:37;20;1283-20
CO2;1283;CT-CO2-0;1f94f8ad-7171-b062-c0a5-dbf839ac97e9;CD:E6:D3:07;0;AVIÁRIO MEIO;990,00;07/11/2025;00:47:09;20;1283-20
CO2;1283;CT-CO2-0;1f94f8ad-7171-b062-c0a5-dbf839ac97e9;CD:E6:D3:07;0;AVIÁRIO MEIO;1.083,00;07/11/2025;00:52:12;20;1283-20
CO2;1283;CT-CO2-0;1f94f8ad-7171-b062-c0a5-dbf839ac97e9;CD:E6:D3:07;0;AVIÁRIO MEIO;1.024,00;07/11/2025;00:57:44;20;1283-20
CO2;1283;CT-CO2-0;1f94f8ad-7171-b062-c0a5-dbf839ac97e9;CD:E6:D3:07;0;AVIÁRIO MEIO;1.034,00;07/11/2025;01:03:16;20;1283-20
CO2;1283;CT-CO2-0;1f94f8ad-7171-b062-c0a5-dbf839ac97e9;CD:E6:D3:07;0;AVIÁRIO MEIO;1.087,00;07/11/2025;01:08:19;20;1283-20
CO2;1283;CT-CO2-0;1f94f8ad-7171-b062-c0a5-dbf839ac97e9;CD:E6:D3:07;0;AVIÁRIO MEIO;1.058,00;07/11/2025;01:13:51;20;1283-20
CO2;1283;CT-CO2-0;1f94f8ad-7171-b062-c0a5-dbf839ac97e9;CD:E6:D3:07;0;AVIÁRIO MEIO;1.099,00;07/11/2025;01:19:23;20;1283-20
CO2;1283;CT-CO2-0;1f94f8ad-7171-b062-c0a5-dbf839ac97e9;CD:E6:D3:07;0;AVIÁRIO MEIO;1.055,00;07/11/2025;01:24:55;20;1283-20
CO2;1283;CT-CO2-0;1f94f8ad-7171-b062-c0a5-dbf839ac97e9;CD:E6:D3:07;0;AVIÁRIO MEIO;1.049,00;07/11/2025;01:29:57;20;1283-20
CO2;1283;CT-CO2-0;1f94f8ad-7171-b062-c0a5-dbf839ac97e9;CD:E6:D3:07;0;AVIÁRIO MEIO;1.066,00;07/11/2025;01:35:30;20;1283-20
CO2;1283;CT-CO2-0;1f94f8ad-7171-b062-c0a5-dbf839ac97e9;CD:E6:D3:07;0;AVIÁRIO MEIO;1.073,00;07/11/2025;01:40:32;20;1283-20
CO2;1283;CT-CO2-0;1f94f8ad-7171-b062-c0a5-dbf839ac97e9;CD:E6:D3:07;0;AVIÁRIO MEIO;1.052,00;07/11/2025;01:46:04;20;1283-20
CO2;1283;CT-CO2-0;1f94f8ad-7171-b062-c0a5-dbf839ac97e9;CD:E6:D3:07;0;AVIÁRIO MEIO;1.112,00;07/11/2025;01:51:36;20;1283-20
CO2;1283;CT-CO2-0;1f94f8ad-7171-b062-c0a5-dbf839ac97e9;CD:E6:D3:07;0;AVIÁRIO MEIO;1.162,00;07/11/2025;01:56:38;20;1283-20
CO2;1283;CT-CO2-0;1f94f8ad-7171-b062-c0a5-dbf839ac97e9;CD:E6:D3:07;0;AVIÁRIO MEIO;1.155,00;07/11/2025;02:02:10;20;1283-20
CO2;1283;CT-CO2-0;1f94f8ad-7171-b062-c0a5-dbf839ac97e9;CD:E6:D3:07;0;AVIÁRIO MEIO;1.038,00;07/11/2025;02:07:42;20;1283-20
CO2;1283;CT-CO2-0;1f94f8ad-7171-b062-c0a5-dbf839ac97e9;CD:E6:D3:07;0;AVIÁRIO MEIO;1.102,00;07/11/2025;02:13:14;20;1283-20
CO2;1283;CT-CO2-0;1f94f8ad-7171-b062-c0a5-dbf839ac97e9;CD:E6:D3:07;0;AVIÁRIO MEIO;995,00;07/11/2025;02:18:16;20;1283-20
CO2;1283;CT-CO2-0;1f94f8ad-7171-b062-c0a5-dbf839ac97e9;CD:E6:D3:07;0;AVIÁRIO MEIO;1.087,00;07/11/2025;02:23:48;20;1283-20
CO2;1283;CT-CO2-0;1f94f8ad-7171-b062-c0a5-dbf839ac97e9;CD:E6:D3:07;0;AVIÁRIO MEIO;1.000,00;07/11/2025;02:29:20;20;1283-20
CO2;1283;CT-CO2-0;1f94f8ad-7171-b062-c0a5-dbf839ac97e9;CD:E6:D3:07;0;AVIÁRIO MEIO;1.093,00;07/11/2025;02:34:53;20;1283-20
CO2;1283;CT-CO2-0;1f94f8ad-7171-b062-c0a5-dbf839ac97e9;CD:E6:D3:07;0;AVIÁRIO MEIO;1.116,00;07/11/2025;02:39:55;20;1283-20
CO2;1283;CT-CO2-0;1f94f8ad-7171-b062-c0a5-dbf839ac97e9;CD:E6:D3:07;0;AVIÁRIO MEIO;1.022,00;07/11/2025;02:45:28;20;1283-20
CO2;1283;CT-CO2-0;1f94f8ad-7171-b062-c0a5-dbf839ac97e9;CD:E6:D3:07;0;AVIÁRIO MEIO;1.126,00;07/11/2025;02:56:02;20;1283-20
CO2;1283;CT-CO2-0;1f94f8ad-7171-b062-c0a5-dbf839ac97e9;CD:E6:D3:07;0;AVIÁRIO MEIO;1.129,00;07/11/2025;03:01:34;20;1283-20
CO2;1283;CT-CO2-0;1f94f8ad-7171-b062-c0a5-dbf839ac97e9;CD:E6:D3:07;0;AVIÁRIO MEIO;1.145,00;07/11/2025;03:06:37;20;1283-20
CO2;1283;CT-CO2-0;1f94f8ad-7171-b062-c0a5-dbf839ac97e9;CD:E6:D3:07;0;AVIÁRIO MEIO;1.168,00;07/11/2025;03:12:09;20;1283-20
CO2;1283;CT-CO2-0;1f94f8ad-7171-b062-c0a5-dbf839ac97e9;CD:E6:D3:07;0;AVIÁRIO MEIO;1.127,00;07/11/2025;03:17:41;20;1283-20
CO2;1283;CT-CO2-0;1f94f8ad-7171-b062-c0a5-dbf839ac97e9;CD:E6:D3:07;0;AVIÁRIO MEIO;1.110,00;07/11/2025;03:22:43;20;1283-20
CO2;1283;CT-CO2-0;1f94f8ad-7171-b062-c0a5-dbf839ac97e9;CD:E6:D3:07;0;AVIÁRIO MEIO;1.121,00;07/11/2025;03:28:14;20;1283-20
CO2;1283;CT-CO2-0;1f94f8ad-7171-b062-c0a5-dbf839ac97e9;CD:E6:D3:07;0;AVIÁRIO MEIO;1.124,00;07/11/2025;03:33:46;20;1283-20
CO2;1283;CT-CO2-0;1f94f8ad-7171-b062-c0a5-dbf839ac97e9;CD:E6:D3:07;0;AVIÁRIO MEIO;1.132,00;07/11/2025;03:38:49;20;1283-20
CO2;1283;CT-CO2-0;1f94f8ad-7171-b062-c0a5-dbf839ac97e9;CD:E6:D3:07;0;AVIÁRIO MEIO;1.110,00;07/11/2025;03:44:52;20;1283-20
CO2;1283;CT-CO2-0;1f94f8ad-7171-b062-c0a5-dbf839ac97e9;CD:E6:D3:07;0;AVIÁRIO MEIO;1.105,00;07/11/2025;03:49:54;20;1283-20
CO2;1283;CT-CO2-0;1f94f8ad-7171-b062-c0a5-dbf839ac97e9;CD:E6:D3:07;0;AVIÁRIO MEIO;1.092,00;07/11/2025;04:06:00;20;1283-20
CO2;1283;CT-CO2-0;1f94f8ad-7171-b062-c0a5-dbf839ac97e9;CD:E6:D3:07;0;AVIÁRIO MEIO;1.069,00;07/11/2025;04:11:32;20;1283-20
CO2;1283;CT-CO2-0;1f94f8ad-7171-b062-c0a5-dbf839ac97e9;CD:E6:D3:07;0;AVIÁRIO MEIO;1.082,00;07/11/2025;04:16:34;20;1283-20
CO2;1283;CT-CO2-0;1f94f8ad-7171-b062-c0a5-dbf839ac97e9;CD:E6:D3:07;0;AVIÁRIO MEIO;1.094,00;07/11/2025;04:22:06;20;1283-20
CO2;1283;CT-CO2-0;1f94f8ad-7171-b062-c0a5-dbf839ac97e9;CD:E6:D3:07;0;AVIÁRIO MEIO;1.077,00;07/11/2025;04:27:38;20;1283-20
CO2;1283;CT-CO2-0;1f94f8ad-7171-b062-c0a5-dbf839ac97e9;CD:E6:D3:07;0;AVIÁRIO MEIO;1.062,00;07/11/2025;04:32:40;20;1283-20
CO2;1283;CT-CO2-0;1f94f8ad-7171-b062-c0a5-dbf839ac97e9;CD:E6:D3:07;0;AVIÁRIO MEIO;1.054,00;07/11/2025;04:38:12;20;1283-20
CO2;1283;CT-CO2-0;1f94f8ad-7171-b062-c0a5-dbf839ac97e9;CD:E6:D3:07;0;AVIÁRIO MEIO;1.026,00;07/11/2025;04:43:45;20;1283-20
CO2;1283;CT-CO2-0;1f94f8ad-7171-b062-c0a5-dbf839ac97e9;CD:E6:D3:07;0;AVIÁRIO MEIO;1.025,00;07/11/2025;04:48:48;20;1283-20
CO2;1283;CT-CO2-0;1f94f8ad-7171-b062-c0a5-dbf839ac97e9;CD:E6:D3:07;0;AVIÁRIO MEIO;1.007,00;07/11/2025;04:54:51;20;1283-20
CO2;1283;CT-CO2-0;1f94f8ad-7171-b062-c0a5-dbf839ac97e9;CD:E6:D3:07;0;AVIÁRIO MEIO;988,00;07/11/2025;04:59:54;20;1283-20
CO2;1283;CT-CO2-0;1f94f8ad-7171-b062-c0a5-dbf839ac97e9;CD:E6:D3:07;0;AVIÁRIO MEIO;983,00;07/11/2025;05:04:56;20;1283-20
CO2;1283;CT-CO2-0;1f94f8ad-7171-b062-c0a5-dbf839ac97e9;CD:E6:D3:07;0;AVIÁRIO MEIO;948,00;07/11/2025;05:10:28;20;1283-20
CO2;1283;CT-CO2-0;1f94f8ad-7171-b062-c0a5-dbf839ac97e9;CD:E6:D3:07;0;AVIÁRIO MEIO;962,00;07/11/2025;05:16:01;20;1283-20
CO2;1283;CT-CO2-0;1f94f8ad-7171-b062-c0a5-dbf839ac97e9;CD:E6:D3:07;0;AVIÁRIO MEIO;981,00;07/11/2025;05:21:33;20;1283-20
CO2;1283;CT-CO2-0;1f94f8ad-7171-b062-c0a5-dbf839ac97e9;CD:E6:D3:07;0;AVIÁRIO MEIO;963,00;07/11/2025;05:26:35;20;1283-20
CO2;1283;CT-CO2-0;1f94f8ad-7171-b062-c0a5-dbf839ac97e9;CD:E6:D3:07;0;AVIÁRIO MEIO;964,00;07/11/2025;05:32:06;20;1283-20
CO2;1283;CT-CO2-0;1f94f8ad-7171-b062-c0a5-dbf839ac97e9;CD:E6:D3:07;0;AVIÁRIO MEIO;966,00;07/11/2025;05:37:38;20;1283-20
CO2;1283;CT-CO2-0;1f94f8ad-7171-b062-c0a5-dbf839ac97e9;CD:E6:D3:07;0;AVIÁRIO MEIO;968,00;07/11/2025;05:42:40;20;1283-20
CO2;1283;CT-CO2-0;1f94f8ad-7171-b062-c0a5-dbf839ac97e9;CD:E6:D3:07;0;AVIÁRIO MEIO;988,00;07/11/2025;05:48:11;20;1283-20
CO2;1283;CT-CO2-0;1f94f8ad-7171-b062-c0a5-dbf839ac97e9;CD:E6:D3:07;0;AVIÁRIO MEIO;1.020,00;07/11/2025;05:53:46;20;1283-20
CO2;1283;CT-CO2-0;1f94f8ad-7171-b062-c0a5-dbf839ac97e9;CD:E6:D3:07;0;AVIÁRIO MEIO;1.018,00;07/11/2025;05:58:48;20;1283-20
CO2;1283;CT-CO2-0;1f94f8ad-7171-b062-c0a5-dbf839ac97e9;CD:E6:D3:07;0;AVIÁRIO MEIO;1.009,00;07/11/2025;06:04:51;20;1283-20
CO2;1283;CT-CO2-0;1f94f8ad-7171-b062-c0a5-dbf839ac97e9;CD:E6:D3:07;0;AVIÁRIO MEIO;1.002,00;07/11/2025;06:09:53;20;1283-20
CO2;1283;CT-CO2-0;1f94f8ad-7171-b062-c0a5-dbf839ac97e9;CD:E6:D3:07;0;AVIÁRIO MEIO;981,00;07/11/2025;06:14:55;20;1283-20
CO2;1283;CT-CO2-0;1f94f8ad-7171-b062-c0a5-dbf839ac97e9;CD:E6:D3:07;0;AVIÁRIO MEIO;981,00;07/11/2025;06:26:00;20;1283-20
CO2;1283;CT-CO2-0;1f94f8ad-7171-b062-c0a5-dbf839ac97e9;CD:E6:D3:07;0;AVIÁRIO MEIO;1.026,00;07/11/2025;06:31:01;20;1283-20
CO2;1283;CT-CO2-0;1f94f8ad-7171-b062-c0a5-dbf839ac97e9;CD:E6:D3:07;0;AVIÁRIO MEIO;1.084,00;07/11/2025;06:36:33;20;1283-20
CO2;1283;CT-CO2-0;1f94f8ad-7171-b062-c0a5-dbf839ac97e9;CD:E6:D3:07;0;AVIÁRIO MEIO;1.055,00;07/11/2025;06:42:05;20;1283-20
CO2;1283;CT-CO2-0;1f94f8ad-7171-b062-c0a5-dbf839ac97e9;CD:E6:D3:07;0;AVIÁRIO MEIO;1.105,00;07/11/2025;06:47:37;20;1283-20
CO2;1283;CT-CO2-0;1f94f8ad-7171-b062-c0a5-dbf839ac97e9;CD:E6:D3:07;0;AVIÁRIO MEIO;1.149,00;07/11/2025;06:52:39;20;1283-20
CO2;1283;CT-CO2-0;1f94f8ad-7171-b062-c0a5-dbf839ac97e9;CD:E6:D3:07;0;AVIÁRIO MEIO;1.121,00;07/11/2025;06:58:11;20;1283-20
CO2;1283;CT-CO2-0;1f94f8ad-7171-b062-c0a5-dbf839ac97e9;CD:E6:D3:07;0;AVIÁRIO MEIO;1.161,00;07/11/2025;07:03:44;20;1283-20
CO2;1283;CT-CO2-0;1f94f8ad-7171-b062-c0a5-dbf839ac97e9;CD:E6:D3:07;0;AVIÁRIO MEIO;1.201,00;07/11/2025;07:08:47;20;1283-20
CO2;1283;CT-CO2-0;1f94f8ad-7171-b062-c0a5-dbf839ac97e9;CD:E6:D3:07;0;AVIÁRIO MEIO;1.230,00;07/11/2025;07:14:50;20;1283-20
CO2;1283;CT-CO2-0;1f94f8ad-7171-b062-c0a5-dbf839ac97e9;CD:E6:D3:07;0;AVIÁRIO MEIO;1.220,00;07/11/2025;07:19:51;20;1283-20
CO2;1283;CT-CO2-0;1f94f8ad-7171-b062-c0a5-dbf839ac97e9;CD:E6:D3:07;0;AVIÁRIO MEIO;1.175,00;07/11/2025;07:24:53;20;1283-20
CO2;1283;CT-CO2-0;1f94f8ad-7171-b062-c0a5-dbf839ac97e9;CD:E6:D3:07;0;AVIÁRIO MEIO;1.185,00;07/11/2025;07:35:59;20;1283-20
CO2;1283;CT-CO2-0;1f94f8ad-7171-b062-c0a5-dbf839ac97e9;CD:E6:D3:07;0;AVIÁRIO MEIO;1.041,00;07/11/2025;07:41:01;20;1283-20
CO2;1283;CT-CO2-0;1f94f8ad-7171-b062-c0a5-dbf839ac97e9;CD:E6:D3:07;0;AVIÁRIO MEIO;1.129,00;07/11/2025;07:46:34;20;1283-20
CO2;1283;CT-CO2-0;1f94f8ad-7171-b062-c0a5-dbf839ac97e9;CD:E6:D3:07;0;AVIÁRIO MEIO;1.159,00;07/11/2025;07:52:06;20;1283-20
CO2;1283;CT-CO2-0;1f94f8ad-7171-b062-c0a5-dbf839ac97e9;CD:E6:D3:07;0;AVIÁRIO MEIO;967,00;07/11/2025;07:57:38;20;1283-20
CO2;1283;CT-CO2-0;1f94f8ad-7171-b062-c0a5-dbf839ac97e9;CD:E6:D3:07;0;AVIÁRIO MEIO;1.006,00;07/11/2025;08:02:41;20;1283-20
CO2;1283;CT-CO2-0;1f94f8ad-7171-b062-c0a5-dbf839ac97e9;CD:E6:D3:07;0;AVIÁRIO MEIO;891,00;07/11/2025;08:08:13;20;1283-20
CO2;1283;CT-CO2-0;1f94f8ad-7171-b062-c0a5-dbf839ac97e9;CD:E6:D3:07;0;AVIÁRIO MEIO;958,00;07/11/2025;08:13:45;20;1283-20
CO2;1283;CT-CO2-0;1f94f8ad-7171-b062-c0a5-dbf839ac97e9;CD:E6:D3:07;0;AVIÁRIO MEIO;960,00;07/11/2025;08:18:46;20;1283-20
CO2;1283;CT-CO2-0;1f94f8ad-7171-b062-c0a5-dbf839ac97e9;CD:E6:D3:07;0;AVIÁRIO MEIO;858,00;07/11/2025;08:24:50;20;1283-20
CO2;1283;CT-CO2-0;1f94f8ad-7171-b062-c0a5-dbf839ac97e9;CD:E6:D3:07;0;AVIÁRIO MEIO;822,00;07/11/2025;08:29:51;20;1283-20
CO2;1283;CT-CO2-0;1f94f8ad-7171-b062-c0a5-dbf839ac97e9;CD:E6:D3:07;0;AVIÁRIO MEIO;815,00;07/11/2025;08:34:53;20;1283-20
CO2;1283;CT-CO2-0;1f94f8ad-7171-b062-c0a5-dbf839ac97e9;CD:E6:D3:07;0;AVIÁRIO MEIO;829,00;07/11/2025;08:45:57;20;1283-20
CO2;1283;CT-CO2-0;1f94f8ad-7171-b062-c0a5-dbf839ac97e9;CD:E6:D3:07;0;AVIÁRIO MEIO;828,00;07/11/2025;08:50:59;20;1283-20
CO2;1283;CT-CO2-0;1f94f8ad-7171-b062-c0a5-dbf839ac97e9;CD:E6:D3:07;0;AVIÁRIO MEIO;833,00;07/11/2025;08:56:32;20;1283-20
CO2;1283;CT-CO2-0;1f94f8ad-7171-b062-c0a5-dbf839ac97e9;CD:E6:D3:07;0;AVIÁRIO MEIO;823,00;07/11/2025;09:02:04;20;1283-20
CO2;1283;CT-CO2-0;1f94f8ad-7171-b062-c0a5-dbf839ac97e9;CD:E6:D3:07;0;AVIÁRIO MEIO;845,00;07/11/2025;09:07:36;20;1283-20
CO2;1283;CT-CO2-0;1f94f8ad-7171-b062-c0a5-dbf839ac97e9;CD:E6:D3:07;0;AVIÁRIO MEIO;823,00;07/11/2025;09:12:38;20;1283-20
CO2;1283;CT-CO2-0;1f94f8ad-7171-b062-c0a5-dbf839ac97e9;CD:E6:D3:07;0;AVIÁRIO MEIO;839,00;07/11/2025;09:18:10;20;1283-20
CO2;1283;CT-CO2-0;1f94f8ad-7171-b062-c0a5-dbf839ac97e9;CD:E6:D3:07;0;AVIÁRIO MEIO;831,00;07/11/2025;09:23:42;20;1283-20
CO2;1283;CT-CO2-0;1f94f8ad-7171-b062-c0a5-dbf839ac97e9;CD:E6:D3:07;0;AVIÁRIO MEIO;838,00;07/11/2025;09:28:45;20;1283-20
CO2;1283;CT-CO2-0;1f94f8ad-7171-b062-c0a5-dbf839ac97e9;CD:E6:D3:07;0;AVIÁRIO MEIO;836,00;07/11/2025;09:34:53;20;1283-20
CO2;1283;CT-CO2-0;1f94f8ad-7171-b062-c0a5-dbf839ac97e9;CD:E6:D3:07;0;AVIÁRIO MEIO;834,00;07/11/2025;09:39:26;20;1283-20
CO2;1283;CT-CO2-0;1f94f8ad-7171-b062-c0a5-dbf839ac97e9;CD:E6:D3:07;0;AVIÁRIO MEIO;835,00;07/11/2025;09:44:57;20;1283-20
CO2;1283;CT-CO2-0;1f94f8ad-7171-b062-c0a5-dbf839ac97e9;CD:E6:D3:07;0;AVIÁRIO MEIO;752,00;07/11/2025;09:56:02;20;1283-20
CO2;1283;CT-CO2-0;1f94f8ad-7171-b062-c0a5-dbf839ac97e9;CD:E6:D3:07;0;AVIÁRIO MEIO;794,00;07/11/2025;10:01:04;20;1283-20
CO2;1283;CT-CO2-0;1f94f8ad-7171-b062-c0a5-dbf839ac97e9;CD:E6:D3:07;0;AVIÁRIO MEIO;804,00;07/11/2025;10:06:36;20;1283-20
CO2;1283;CT-CO2-0;1f94f8ad-7171-b062-c0a5-dbf839ac97e9;CD:E6:D3:07;0;AVIÁRIO MEIO;781,00;07/11/2025;10:12:08;20;1283-20
CO2;1283;CT-CO2-0;1f94f8ad-7171-b062-c0a5-dbf839ac97e9;CD:E6:D3:07;0;AVIÁRIO MEIO;786,00;07/11/2025;10:17:10;20;1283-20
CO2;1283;CT-CO2-0;1f94f8ad-7171-b062-c0a5-dbf839ac97e9;CD:E6:D3:07;0;AVIÁRIO MEIO;716,00;07/11/2025;10:22:48;20;1283-20
CO2;1283;CT-CO2-0;1f94f8ad-7171-b062-c0a5-dbf839ac97e9;CD:E6:D3:07;0;AVIÁRIO MEIO;709,00;07/11/2025;10:28:21;20;1283-20
CO2;1283;CT-CO2-0;1f94f8ad-7171-b062-c0a5-dbf839ac97e9;CD:E6:D3:07;0;AVIÁRIO MEIO;695,00;07/11/2025;10:33:23;20;1283-20
CO2;1283;CT-CO2-0;1f94f8ad-7171-b062-c0a5-dbf839ac97e9;CD:E6:D3:07;0;AVIÁRIO MEIO;660,00;07/11/2025;10:38:55;20;1283-20
CO2;1283;CT-CO2-0;1f94f8ad-7171-b062-c0a5-dbf839ac97e9;CD:E6:D3:07;0;AVIÁRIO MEIO;658,00;07/11/2025;10:44:58;20;1283-20
CO2;1283;CT-CO2-0;1f94f8ad-7171-b062-c0a5-dbf839ac97e9;CD:E6:D3:07;0;AVIÁRIO MEIO;669,00;07/11/2025;10:49:30;20;1283-20
CO2;1283;CT-CO2-0;1f94f8ad-7171-b062-c0a5-dbf839ac97e9;CD:E6:D3:07;0;AVIÁRIO MEIO;683,00;07/11/2025;10:55:02;20;1283-20
CO2;1283;CT-CO2-0;1f94f8ad-7171-b062-c0a5-dbf839ac97e9;CD:E6:D3:07;0;AVIÁRIO MEIO;645,00;07/11/2025;11:05:37;20;1283-20
CO2;1283;CT-CO2-0;1f94f8ad-7171-b062-c0a5-dbf839ac97e9;CD:E6:D3:07;0;AVIÁRIO MEIO;635,00;07/11/2025;11:11:09;20;1283-20
CO2;1283;CT-CO2-0;1f94f8ad-7171-b062-c0a5-dbf839ac97e9;CD:E6:D3:07;0;AVIÁRIO MEIO;607,00;07/11/2025;11:16:42;20;1283-20
CO2;1283;CT-CO2-0;1f94f8ad-7171-b062-c0a5-dbf839ac97e9;CD:E6:D3:07;0;AVIÁRIO MEIO;603,00;07/11/2025;11:21:45;20;1283-20
CO2;1283;CT-CO2-0;1f94f8ad-7171-b062-c0a5-dbf839ac97e9;CD:E6:D3:07;0;AVIÁRIO MEIO;653,00;07/11/2025;11:27:17;20;1283-20
CO2;1283;CT-CO2-0;1f94f8ad-7171-b062-c0a5-dbf839ac97e9;CD:E6:D3:07;0;AVIÁRIO MEIO;613,00;07/11/2025;11:32:50;20;1283-20
CO2;1283;CT-CO2-0;1f94f8ad-7171-b062-c0a5-dbf839ac97e9;CD:E6:D3:07;0;AVIÁRIO MEIO;620,00;07/11/2025;11:37:52;20;1283-20
CO2;1283;CT-CO2-0;1f94f8ad-7171-b062-c0a5-dbf839ac97e9;CD:E6:D3:07;0;AVIÁRIO MEIO;614,00;07/11/2025;11:43:24;20;1283-20
CO2;1283;CT-CO2-0;1f94f8ad-7171-b062-c0a5-dbf839ac97e9;CD:E6:D3:07;0;AVIÁRIO MEIO;612,00;07/11/2025;11:48:56;20;1283-20
CO2;1283;CT-CO2-0;1f94f8ad-7171-b062-c0a5-dbf839ac97e9;CD:E6:D3:07;0;AVIÁRIO MEIO;600,00;07/11/2025;11:54:29;20;1283-20
CO2;1283;CT-CO2-0;1f94f8ad-7171-b062-c0a5-dbf839ac97e9;CD:E6:D3:07;0;AVIÁRIO MEIO;603,00;07/11/2025;11:59:31;20;1283-20
CO2;1283;CT-CO2-0;1f94f8ad-7171-b062-c0a5-dbf839ac97e9;CD:E6:D3:07;0;AVIÁRIO MEIO;612,00;07/11/2025;12:05:03;20;1283-20
CO2;1283;CT-CO2-0;1f94f8ad-7171-b062-c0a5-dbf839ac97e9;CD:E6:D3:07;0;AVIÁRIO MEIO;610,00;07/11/2025;12:10:06;20;1283-20
CO2;1283;CT-CO2-0;1f94f8ad-7171-b062-c0a5-dbf839ac97e9;CD:E6:D3:07;0;AVIÁRIO MEIO;608,00;07/11/2025;12:15:38;20;1283-20
CO2;1283;CT-CO2-0;1f94f8ad-7171-b062-c0a5-dbf839ac97e9;CD:E6:D3:07;0;AVIÁRIO MEIO;607,00;07/11/2025;12:21:12;20;1283-20
CO2;1283;CT-CO2-0;1f94f8ad-7171-b062-c0a5-dbf839ac97e9;CD:E6:D3:07;0;AVIÁRIO MEIO;598,00;07/11/2025;12:26:14;20;1283-20
CO2;1283;CT-CO2-0;1f94f8ad-7171-b062-c0a5-dbf839ac97e9;CD:E6:D3:07;0;AVIÁRIO MEIO;602,00;07/11/2025;12:31:46;20;1283-20
CO2;1283;CT-CO2-0;1f94f8ad-7171-b062-c0a5-dbf839ac97e9;CD:E6:D3:07;0;AVIÁRIO MEIO;598,00;07/11/2025;12:37:19;20;1283-20
CO2;1283;CT-CO2-0;1f94f8ad-7171-b062-c0a5-dbf839ac97e9;CD:E6:D3:07;0;AVIÁRIO MEIO;602,00;07/11/2025;12:42:52;20;1283-20
CO2;1283;CT-CO2-0;1f94f8ad-7171-b062-c0a5-dbf839ac97e9;CD:E6:D3:07;0;AVIÁRIO MEIO;590,00;07/11/2025;12:47:55;20;1283-20
CO2;1283;CT-CO2-0;1f94f8ad-7171-b062-c0a5-dbf839ac97e9;CD:E6:D3:07;0;AVIÁRIO MEIO;586,00;07/11/2025;12:53:29;20;1283-20
CO2;1283;CT-CO2-0;1f94f8ad-7171-b062-c0a5-dbf839ac97e9;CD:E6:D3:07;0;AVIÁRIO MEIO;593,00;07/11/2025;12:58:31;20;1283-20
CO2;1283;CT-CO2-0;1f94f8ad-7171-b062-c0a5-dbf839ac97e9;CD:E6:D3:07;0;AVIÁRIO MEIO;583,00;07/11/2025;13:04:35;20;1283-20
CO2;1283;CT-CO2-0;1f94f8ad-7171-b062-c0a5-dbf839ac97e9;CD:E6:D3:07;0;AVIÁRIO MEIO;585,00;07/11/2025;13:09:36;20;1283-20
CO2;1283;CT-CO2-0;1f94f8ad-7171-b062-c0a5-dbf839ac97e9;CD:E6:D3:07;0;AVIÁRIO MEIO;589,00;07/11/2025;13:15:08;20;1283-20
CO2;1283;CT-CO2-0;1f94f8ad-7171-b062-c0a5-dbf839ac97e9;CD:E6:D3:07;0;AVIÁRIO MEIO;595,00;07/11/2025;13:20:13;20;1283-20
CO2;1283;CT-CO2-0;1f94f8ad-7171-b062-c0a5-dbf839ac97e9;CD:E6:D3:07;0;AVIÁRIO MEIO;599,00;07/11/2025;13:25:46;20;1283-20
CO2;1283;CT-CO2-0;1f94f8ad-7171-b062-c0a5-dbf839ac97e9;CD:E6:D3:07;0;AVIÁRIO MEIO;604,00;07/11/2025;13:30:48;20;1283-20
CO2;1283;CT-CO2-0;1f94f8ad-7171-b062-c0a5-dbf839ac97e9;CD:E6:D3:07;0;AVIÁRIO MEIO;591,00;07/11/2025;13:36:20;20;1283-20
CO2;1283;CT-CO2-0;1f94f8ad-7171-b062-c0a5-dbf839ac97e9;CD:E6:D3:07;0;AVIÁRIO MEIO;590,00;07/11/2025;13:41:52;20;1283-20
CO2;1283;CT-CO2-0;1f94f8ad-7171-b062-c0a5-dbf839ac97e9;CD:E6:D3:07;0;AVIÁRIO MEIO;582,00;07/11/2025;13:47:24;20;1283-20
CO2;1283;CT-CO2-0;1f94f8ad-7171-b062-c0a5-dbf839ac97e9;CD:E6:D3:07;0;AVIÁRIO MEIO;588,00;07/11/2025;13:52:26;20;1283-20
CO2;1283;CT-CO2-0;1f94f8ad-7171-b062-c0a5-dbf839ac97e9;CD:E6:D3:07;0;AVIÁRIO MEIO;597,00;07/11/2025;13:57:59;20;1283-20
CO2;1283;CT-CO2-0;1f94f8ad-7171-b062-c0a5-dbf839ac97e9;CD:E6:D3:07;0;AVIÁRIO MEIO;580,00;07/11/2025;14:03:31;20;1283-20
CO2;1283;CT-CO2-0;1f94f8ad-7171-b062-c0a5-dbf839ac97e9;CD:E6:D3:07;0;AVIÁRIO MEIO;595,00;07/11/2025;14:08:33;20;1283-20
CO2;1283;CT-CO2-0;1f94f8ad-7171-b062-c0a5-dbf839ac97e9;CD:E6:D3:07;0;AVIÁRIO MEIO;588,00;07/11/2025;14:14:35;20;1283-20
CO2;1283;CT-CO2-0;1f94f8ad-7171-b062-c0a5-dbf839ac97e9;CD:E6:D3:07;0;AVIÁRIO MEIO;585,00;07/11/2025;14:19:37;20;1283-20
CO2;1283;CT-CO2-0;1f94f8ad-7171-b062-c0a5-dbf839ac97e9;CD:E6:D3:07;0;AVIÁRIO MEIO;584,00;07/11/2025;14:24:40;20;1283-20
CO2;1283;CT-CO2-0;1f94f8ad-7171-b062-c0a5-dbf839ac97e9;CD:E6:D3:07;0;AVIÁRIO MEIO;603,00;07/11/2025;14:30:12;20;1283-20
CO2;1283;CT-CO2-0;1f94f8ad-7171-b062-c0a5-dbf839ac97e9;CD:E6:D3:07;0;AVIÁRIO MEIO;593,00;07/11/2025;14:35:44;20;1283-20
CO2;1283;CT-CO2-0;1f94f8ad-7171-b062-c0a5-dbf839ac97e9;CD:E6:D3:07;0;AVIÁRIO MEIO;584,00;07/11/2025;14:41:16;20;1283-20
CO2;1283;CT-CO2-0;1f94f8ad-7171-b062-c0a5-dbf839ac97e9;CD:E6:D3:07;0;AVIÁRIO MEIO;569,00;07/11/2025;14:46:18;20;1283-20
CO2;1283;CT-CO2-0;1f94f8ad-7171-b062-c0a5-dbf839ac97e9;CD:E6:D3:07;0;AVIÁRIO MEIO;575,00;07/11/2025;14:51:50;20;1283-20
CO2;1283;CT-CO2-0;1f94f8ad-7171-b062-c0a5-dbf839ac97e9;CD:E6:D3:07;0;AVIÁRIO MEIO;566,00;07/11/2025;14:57:22;20;1283-20
CO2;1283;CT-CO2-0;1f94f8ad-7171-b062-c0a5-dbf839ac97e9;CD:E6:D3:07;0;AVIÁRIO MEIO;567,00;07/11/2025;15:02:24;20;1283-20
CO2;1283;CT-CO2-0;1f94f8ad-7171-b062-c0a5-dbf839ac97e9;CD:E6:D3:07;0;AVIÁRIO MEIO;576,00;07/11/2025;15:07:57;20;1283-20
CO2;1283;CT-CO2-0;1f94f8ad-7171-b062-c0a5-dbf839ac97e9;CD:E6:D3:07;0;AVIÁRIO MEIO;573,00;07/11/2025;15:13:29;20;1283-20
CO2;1283;CT-CO2-0;1f94f8ad-7171-b062-c0a5-dbf839ac97e9;CD:E6:D3:07;0;AVIÁRIO MEIO;589,00;07/11/2025;15:19:01;20;1283-20
CO2;1283;CT-CO2-0;1f94f8ad-7171-b062-c0a5-dbf839ac97e9;CD:E6:D3:07;0;AVIÁRIO MEIO;617,00;07/11/2025;15:24:39;20;1283-20
CO2;1283;CT-CO2-0;1f94f8ad-7171-b062-c0a5-dbf839ac97e9;CD:E6:D3:07;0;AVIÁRIO MEIO;580,00;07/11/2025;15:29:41;20;1283-20
CO2;1283;CT-CO2-0;1f94f8ad-7171-b062-c0a5-dbf839ac97e9;CD:E6:D3:07;0;AVIÁRIO MEIO;577,00;07/11/2025;15:35:13;20;1283-20
CO2;1283;CT-CO2-0;1f94f8ad-7171-b062-c0a5-dbf839ac97e9;CD:E6:D3:07;0;AVIÁRIO MEIO;584,00;07/11/2025;15:40:16;20;1283-20
CO2;1283;CT-CO2-0;1f94f8ad-7171-b062-c0a5-dbf839ac97e9;CD:E6:D3:07;0;AVIÁRIO MEIO;597,00;07/11/2025;15:45:48;20;1283-20
CO2;1283;CT-CO2-0;1f94f8ad-7171-b062-c0a5-dbf839ac97e9;CD:E6:D3:07;0;AVIÁRIO MEIO;604,00;07/11/2025;15:51:20;20;1283-20
CO2;1283;CT-CO2-0;1f94f8ad-7171-b062-c0a5-dbf839ac97e9;CD:E6:D3:07;0;AVIÁRIO MEIO;619,00;07/11/2025;15:56:22;20;1283-20
CO2;1283;CT-CO2-0;1f94f8ad-7171-b062-c0a5-dbf839ac97e9;CD:E6:D3:07;0;AVIÁRIO MEIO;619,00;07/11/2025;16:01:54;20;1283-20
CO2;1283;CT-CO2-0;1f94f8ad-7171-b062-c0a5-dbf839ac97e9;CD:E6:D3:07;0;AVIÁRIO MEIO;618,00;07/11/2025;16:12:30;20;1283-20
CO2;1283;CT-CO2-0;1f94f8ad-7171-b062-c0a5-dbf839ac97e9;CD:E6:D3:07;0;AVIÁRIO MEIO;601,00;07/11/2025;16:18:02;20;1283-20
CO2;1283;CT-CO2-0;1f94f8ad-7171-b062-c0a5-dbf839ac97e9;CD:E6:D3:07;0;AVIÁRIO MEIO;707,00;07/11/2025;16:23:34;20;1283-20
CO2;1283;CT-CO2-0;1f94f8ad-7171-b062-c0a5-dbf839ac97e9;CD:E6:D3:07;0;AVIÁRIO MEIO;608,00;07/11/2025;16:28:36;20;1283-20
CO2;1283;CT-CO2-0;1f94f8ad-7171-b062-c0a5-dbf839ac97e9;CD:E6:D3:07;0;AVIÁRIO MEIO;589,00;07/11/2025;16:34:41;20;1283-20
CO2;1283;CT-CO2-0;1f94f8ad-7171-b062-c0a5-dbf839ac97e9;CD:E6:D3:07;0;AVIÁRIO MEIO;578,00;07/11/2025;16:39:42;20;1283-20
CO2;1283;CT-CO2-0;1f94f8ad-7171-b062-c0a5-dbf839ac97e9;CD:E6:D3:07;0;AVIÁRIO MEIO;590,00;07/11/2025;16:44:44;20;1283-20
CO2;1283;CT-CO2-0;1f94f8ad-7171-b062-c0a5-dbf839ac97e9;CD:E6:D3:07;0;AVIÁRIO MEIO;584,00;07/11/2025;16:50:17;20;1283-20
CO2;1283;CT-CO2-0;1f94f8ad-7171-b062-c0a5-dbf839ac97e9;CD:E6:D3:07;0;AVIÁRIO MEIO;595,00;07/11/2025;16:55:49;20;1283-20
CO2;1283;CT-CO2-0;1f94f8ad-7171-b062-c0a5-dbf839ac97e9;CD:E6:D3:07;0;AVIÁRIO MEIO;614,00;07/11/2025;17:00:51;20;1283-20
CO2;1283;CT-CO2-0;1f94f8ad-7171-b062-c0a5-dbf839ac97e9;CD:E6:D3:07;0;AVIÁRIO MEIO;612,00;07/11/2025;17:06:23;20;1283-20
CO2;1283;CT-CO2-0;1f94f8ad-7171-b062-c0a5-dbf839ac97e9;CD:E6:D3:07;0;AVIÁRIO MEIO;606,00;07/11/2025;17:11:55;20;1283-20
CO2;1283;CT-CO2-0;1f94f8ad-7171-b062-c0a5-dbf839ac97e9;CD:E6:D3:07;0;AVIÁRIO MEIO;602,00;07/11/2025;17:16:57;20;1283-20
CO2;1283;CT-CO2-0;1f94f8ad-7171-b062-c0a5-dbf839ac97e9;CD:E6:D3:07;0;AVIÁRIO MEIO;611,00;07/11/2025;17:22:29;20;1283-20
CO2;1283;CT-CO2-0;1f94f8ad-7171-b062-c0a5-dbf839ac97e9;CD:E6:D3:07;0;AVIÁRIO MEIO;606,00;07/11/2025;17:28:00;20;1283-20
CO2;1283;CT-CO2-0;1f94f8ad-7171-b062-c0a5-dbf839ac97e9;CD:E6:D3:07;0;AVIÁRIO MEIO;605,00;07/11/2025;17:33:02;20;1283-20
CO2;1283;CT-CO2-0;1f94f8ad-7171-b062-c0a5-dbf839ac97e9;CD:E6:D3:07;0;AVIÁRIO MEIO;603,00;07/11/2025;17:38:35;20;1283-20
CO2;1283;CT-CO2-0;1f94f8ad-7171-b062-c0a5-dbf839ac97e9;CD:E6:D3:07;0;AVIÁRIO MEIO;635,00;07/11/2025;17:44:41;20;1283-20
CO2;1283;CT-CO2-0;1f94f8ad-7171-b062-c0a5-dbf839ac97e9;CD:E6:D3:07;0;AVIÁRIO MEIO;671,00;07/11/2025;17:49:13;20;1283-20
CO2;1283;CT-CO2-0;1f94f8ad-7171-b062-c0a5-dbf839ac97e9;CD:E6:D3:07;0;AVIÁRIO MEIO;678,00;07/11/2025;17:54:45;20;1283-20
CO2;1283;CT-CO2-0;1f94f8ad-7171-b062-c0a5-dbf839ac97e9;CD:E6:D3:07;0;AVIÁRIO MEIO;680,00;07/11/2025;18:00:17;20;1283-20
CO2;1283;CT-CO2-0;1f94f8ad-7171-b062-c0a5-dbf839ac97e9;CD:E6:D3:07;0;AVIÁRIO MEIO;661,00;07/11/2025;18:05:19;20;1283-20
CO2;1283;CT-CO2-0;1f94f8ad-7171-b062-c0a5-dbf839ac97e9;CD:E6:D3:07;0;AVIÁRIO MEIO;706,00;07/11/2025;18:10:51;20;1283-20
CO2;1283;CT-CO2-0;1f94f8ad-7171-b062-c0a5-dbf839ac97e9;CD:E6:D3:07;0;AVIÁRIO MEIO;676,00;07/11/2025;18:16:22;20;1283-20
CO2;1283;CT-CO2-0;1f94f8ad-7171-b062-c0a5-dbf839ac97e9;CD:E6:D3:07;0;AVIÁRIO MEIO;662,00;07/11/2025;18:21:54;20;1283-20
CO2;1283;CT-CO2-0;1f94f8ad-7171-b062-c0a5-dbf839ac97e9;CD:E6:D3:07;0;AVIÁRIO MEIO;662,00;07/11/2025;18:26:56;20;1283-20
CO2;1283;CT-CO2-0;1f94f8ad-7171-b062-c0a5-dbf839ac97e9;CD:E6:D3:07;0;AVIÁRIO MEIO;654,00;07/11/2025;18:32:28;20;1283-20
CO2;1283;CT-CO2-0;1f94f8ad-7171-b062-c0a5-dbf839ac97e9;CD:E6:D3:07;0;AVIÁRIO MEIO;712,00;07/11/2025;18:38:00;20;1283-20
CO2;1283;CT-CO2-0;1f94f8ad-7171-b062-c0a5-dbf839ac97e9;CD:E6:D3:07;0;AVIÁRIO MEIO;721,00;07/11/2025;18:43:02;20;1283-20
CO2;1283;CT-CO2-0;1f94f8ad-7171-b062-c0a5-dbf839ac97e9;CD:E6:D3:07;0;AVIÁRIO MEIO;710,00;07/11/2025;18:48:34;20;1283-20
CO2;1283;CT-CO2-0;1f94f8ad-7171-b062-c0a5-dbf839ac97e9;CD:E6:D3:07;0;AVIÁRIO MEIO;711,00;07/11/2025;18:54:40;20;1283-20
CO2;1283;CT-CO2-0;1f94f8ad-7171-b062-c0a5-dbf839ac97e9;CD:E6:D3:07;0;AVIÁRIO MEIO;713,00;07/11/2025;18:59:12;20;1283-20
CO2;1283;CT-CO2-0;1f94f8ad-7171-b062-c0a5-dbf839ac97e9;CD:E6:D3:07;0;AVIÁRIO MEIO;700,00;07/11/2025;19:04:45;20;1283-20
CO2;1283;CT-CO2-0;1f94f8ad-7171-b062-c0a5-dbf839ac97e9;CD:E6:D3:07;0;AVIÁRIO MEIO;719,00;07/11/2025;19:10:18;20;1283-20
CO2;1283;CT-CO2-0;1f94f8ad-7171-b062-c0a5-dbf839ac97e9;CD:E6:D3:07;0;AVIÁRIO MEIO;725,00;07/11/2025;19:15:20;20;1283-20
CO2;1283;CT-CO2-0;1f94f8ad-7171-b062-c0a5-dbf839ac97e9;CD:E6:D3:07;0;AVIÁRIO MEIO;717,00;07/11/2025;19:20:52;20;1283-20
CO2;1283;CT-CO2-0;1f94f8ad-7171-b062-c0a5-dbf839ac97e9;CD:E6:D3:07;0;AVIÁRIO MEIO;726,00;07/11/2025;19:26:24;20;1283-20
CO2;1283;CT-CO2-0;1f94f8ad-7171-b062-c0a5-dbf839ac97e9;CD:E6:D3:07;0;AVIÁRIO MEIO;747,00;07/11/2025;19:31:26;20;1283-20
CO2;1283;CT-CO2-0;1f94f8ad-7171-b062-c0a5-dbf839ac97e9;CD:E6:D3:07;0;AVIÁRIO MEIO;738,00;07/11/2025;19:37:03;20;1283-20
CO2;1283;CT-CO2-0;1f94f8ad-7171-b062-c0a5-dbf839ac97e9;CD:E6:D3:07;0;AVIÁRIO MEIO;732,00;07/11/2025;19:42:35;20;1283-20
CO2;1283;CT-CO2-0;1f94f8ad-7171-b062-c0a5-dbf839ac97e9;CD:E6:D3:07;0;AVIÁRIO MEIO;734,00;07/11/2025;19:47:37;20;1283-20
CO2;1283;CT-CO2-0;1f94f8ad-7171-b062-c0a5-dbf839ac97e9;CD:E6:D3:07;0;AVIÁRIO MEIO;731,00;07/11/2025;19:53:10;20;1283-20
CO2;1283;CT-CO2-0;1f94f8ad-7171-b062-c0a5-dbf839ac97e9;CD:E6:D3:07;0;AVIÁRIO MEIO;735,00;07/11/2025;19:58:43;20;1283-20
CO2;1283;CT-CO2-0;1f94f8ad-7171-b062-c0a5-dbf839ac97e9;CD:E6:D3:07;0;AVIÁRIO MEIO;744,00;07/11/2025;20:04:21;20;1283-20
CO2;1283;CT-CO2-0;1f94f8ad-7171-b062-c0a5-dbf839ac97e9;CD:E6:D3:07;0;AVIÁRIO MEIO;757,00;07/11/2025;20:09:22;20;1283-20
CO2;1283;CT-CO2-0;1f94f8ad-7171-b062-c0a5-dbf839ac97e9;CD:E6:D3:07;0;AVIÁRIO MEIO;752,00;07/11/2025;20:14:25;20;1283-20
CO2;1283;CT-CO2-0;1f94f8ad-7171-b062-c0a5-dbf839ac97e9;CD:E6:D3:07;0;AVIÁRIO MEIO;756,00;07/11/2025;20:19:57;20;1283-20
CO2;1283;CT-CO2-0;1f94f8ad-7171-b062-c0a5-dbf839ac97e9;CD:E6:D3:07;0;AVIÁRIO MEIO;858,00;07/11/2025;20:31:01;20;1283-20
CO2;1283;CT-CO2-0;1f94f8ad-7171-b062-c0a5-dbf839ac97e9;CD:E6:D3:07;0;AVIÁRIO MEIO;811,00;07/11/2025;20:36:02;20;1283-20
CO2;1283;CT-CO2-0;1f94f8ad-7171-b062-c0a5-dbf839ac97e9;CD:E6:D3:07;0;AVIÁRIO MEIO;801,00;07/11/2025;20:41:34;20;1283-20
CO2;1283;CT-CO2-0;1f94f8ad-7171-b062-c0a5-dbf839ac97e9;CD:E6:D3:07;0;AVIÁRIO MEIO;926,00;07/11/2025;20:47:10;20;1283-20
CO2;1283;CT-CO2-0;1f94f8ad-7171-b062-c0a5-dbf839ac97e9;CD:E6:D3:07;0;AVIÁRIO MEIO;924,00;07/11/2025;20:52:12;20;1283-20
CO2;1283;CT-CO2-0;1f94f8ad-7171-b062-c0a5-dbf839ac97e9;CD:E6:D3:07;0;AVIÁRIO MEIO;814,00;07/11/2025;20:57:44;20;1283-20
CO2;1283;CT-CO2-0;1f94f8ad-7171-b062-c0a5-dbf839ac97e9;CD:E6:D3:07;0;AVIÁRIO MEIO;925,00;07/11/2025;21:06:16;20;1283-20
CO2;1283;CT-CO2-0;1f94f8ad-7171-b062-c0a5-dbf839ac97e9;CD:E6:D3:07;0;AVIÁRIO MEIO;850,00;07/11/2025;21:12:19;20;1283-20
CO2;1283;CT-CO2-0;1f94f8ad-7171-b062-c0a5-dbf839ac97e9;CD:E6:D3:07;0;AVIÁRIO MEIO;954,00;07/11/2025;21:17:23;20;1283-20
CO2;1283;CT-CO2-0;1f94f8ad-7171-b062-c0a5-dbf839ac97e9;CD:E6:D3:07;0;AVIÁRIO MEIO;836,00;07/11/2025;21:22:25;20;1283-20
CO2;1283;CT-CO2-0;1f94f8ad-7171-b062-c0a5-dbf839ac97e9;CD:E6:D3:07;0;AVIÁRIO MEIO;912,00;07/11/2025;21:28:02;20;1283-20
CO2;1283;CT-CO2-0;1f94f8ad-7171-b062-c0a5-dbf839ac97e9;CD:E6:D3:07;0;AVIÁRIO MEIO;856,00;07/11/2025;21:33:04;20;1283-20
CO2;1283;CT-CO2-0;1f94f8ad-7171-b062-c0a5-dbf839ac97e9;CD:E6:D3:07;0;AVIÁRIO MEIO;892,00;07/11/2025;21:38:37;20;1283-20
CO2;1283;CT-CO2-0;1f94f8ad-7171-b062-c0a5-dbf839ac97e9;CD:E6:D3:07;0;AVIÁRIO MEIO;850,00;07/11/2025;21:44:08;20;1283-20
CO2;1283;CT-CO2-0;1f94f8ad-7171-b062-c0a5-dbf839ac97e9;CD:E6:D3:07;0;AVIÁRIO MEIO;883,00;07/11/2025;21:49:12;20;1283-20
CO2;1283;CT-CO2-0;1f94f8ad-7171-b062-c0a5-dbf839ac97e9;CD:E6:D3:07;0;AVIÁRIO MEIO;906,00;07/11/2025;21:54:44;20;1283-20
CO2;1283;CT-CO2-0;1f94f8ad-7171-b062-c0a5-dbf839ac97e9;CD:E6:D3:07;0;AVIÁRIO MEIO;816,00;07/11/2025;22:00:15;20;1283-20
CO2;1283;CT-CO2-0;1f94f8ad-7171-b062-c0a5-dbf839ac97e9;CD:E6:D3:07;0;AVIÁRIO MEIO;886,00;07/11/2025;22:05:18;20;1283-20
CO2;1283;CT-CO2-0;1f94f8ad-7171-b062-c0a5-dbf839ac97e9;CD:E6:D3:07;0;AVIÁRIO MEIO;888,00;07/11/2025;22:10:49;20;1283-20
CO2;1283;CT-CO2-0;1f94f8ad-7171-b062-c0a5-dbf839ac97e9;CD:E6:D3:07;0;AVIÁRIO MEIO;920,00;07/11/2025;22:16:21;20;1283-20
CO2;1283;CT-CO2-0;1f94f8ad-7171-b062-c0a5-dbf839ac97e9;CD:E6:D3:07;0;AVIÁRIO MEIO;921,00;07/11/2025;22:21:55;20;1283-20
CO2;1283;CT-CO2-0;1f94f8ad-7171-b062-c0a5-dbf839ac97e9;CD:E6:D3:07;0;AVIÁRIO MEIO;932,00;07/11/2025;22:26:57;20;1283-20
CO2;1283;CT-CO2-0;1f94f8ad-7171-b062-c0a5-dbf839ac97e9;CD:E6:D3:07;0;AVIÁRIO MEIO;918,00;07/11/2025;22:32:30;20;1283-20
CO2;1283;CT-CO2-0;1f94f8ad-7171-b062-c0a5-dbf839ac97e9;CD:E6:D3:07;0;AVIÁRIO MEIO;904,00;07/11/2025;22:37:32;20;1283-20
CO2;1283;CT-CO2-0;1f94f8ad-7171-b062-c0a5-dbf839ac97e9;CD:E6:D3:07;0;AVIÁRIO MEIO;899,00;07/11/2025;22:43:04;20;1283-20
CO2;1283;CT-CO2-0;1f94f8ad-7171-b062-c0a5-dbf839ac97e9;CD:E6:D3:07;0;AVIÁRIO MEIO;907,00;07/11/2025;22:48:36;20;1283-20
CO2;1283;CT-CO2-0;1f94f8ad-7171-b062-c0a5-dbf839ac97e9;CD:E6:D3:07;0;AVIÁRIO MEIO;879,00;07/11/2025;22:53:38;20;1283-20
CO2;1283;CT-CO2-0;1f94f8ad-7171-b062-c0a5-dbf839ac97e9;CD:E6:D3:07;0;AVIÁRIO MEIO;864,00;07/11/2025;22:59:11;20;1283-20
CO2;1283;CT-CO2-0;1f94f8ad-7171-b062-c0a5-dbf839ac97e9;CD:E6:D3:07;0;AVIÁRIO MEIO;862,00;07/11/2025;23:04:44;20;1283-20
CO2;1283;CT-CO2-0;1f94f8ad-7171-b062-c0a5-dbf839ac97e9;CD:E6:D3:07;0;AVIÁRIO MEIO;876,00;07/11/2025;23:09:46;20;1283-20
CO2;1283;CT-CO2-0;1f94f8ad-7171-b062-c0a5-dbf839ac97e9;CD:E6:D3:07;0;AVIÁRIO MEIO;884,00;07/11/2025;23:15:19;20;1283-20
CO2;1283;CT-CO2-0;1f94f8ad-7171-b062-c0a5-dbf839ac97e9;CD:E6:D3:07;0;AVIÁRIO MEIO;881,00;07/11/2025;23:20:50;20;1283-20
CO2;1283;CT-CO2-0;1f94f8ad-7171-b062-c0a5-dbf839ac97e9;CD:E6:D3:07;0;AVIÁRIO MEIO;890,00;07/11/2025;23:25:52;20;1283-20
CO2;1283;CT-CO2-0;1f94f8ad-7171-b062-c0a5-dbf839ac97e9;CD:E6:D3:07;0;AVIÁRIO MEIO;874,00;07/11/2025;23:31:56;20;1283-20
CO2;1283;CT-CO2-0;1f94f8ad-7171-b062-c0a5-dbf839ac97e9;CD:E6:D3:07;0;AVIÁRIO MEIO;873,00;07/11/2025;23:36:58;20;1283-20
CO2;1283;CT-CO2-0;1f94f8ad-7171-b062-c0a5-dbf839ac97e9;CD:E6:D3:07;0;AVIÁRIO MEIO;870,00;07/11/2025;23:42:00;20;1283-20
CO2;1283;CT-CO2-0;1f94f8ad-7171-b062-c0a5-dbf839ac97e9;CD:E6:D3:07;0;AVIÁRIO MEIO;857,00;07/11/2025;23:47:32;20;1283-20
CO2;1283;CT-CO2-0;1f94f8ad-7171-b062-c0a5-dbf839ac97e9;CD:E6:D3:07;0;AVIÁRIO MEIO;846,00;07/11/2025;23:53:04;20;1283-20
CO2;1283;CT-CO2-0;1f94f8ad-7171-b062-c0a5-dbf839ac97e9;CD:E6:D3:07;0;AVIÁRIO MEIO;858,00;07/11/2025;23:58:06;20;1283-20
CO2;1283;CT-CO2-0;1f94f8ad-7171-b062-c0a5-dbf839ac97e9;CD:E6:D3:07;0;AVIÁRIO MEIO;850,00;08/11/2025;00:03:38;20;1283-20
CO2;1283;CT-CO2-0;1f94f8ad-7171-b062-c0a5-dbf839ac97e9;CD:E6:D3:07;0;AVIÁRIO MEIO;849,00;08/11/2025;00:09:10;20;1283-20
CO2;1283;CT-CO2-0;1f94f8ad-7171-b062-c0a5-dbf839ac97e9;CD:E6:D3:07;0;AVIÁRIO MEIO;834,00;08/11/2025;00:14:12;20;1283-20
CO2;1283;CT-CO2-0;1f94f8ad-7171-b062-c0a5-dbf839ac97e9;CD:E6:D3:07;0;AVIÁRIO MEIO;857,00;08/11/2025;00:19:46;20;1283-20
CO2;1283;CT-CO2-0;1f94f8ad-7171-b062-c0a5-dbf839ac97e9;CD:E6:D3:07;0;AVIÁRIO MEIO;826,00;08/11/2025;00:25:18;20;1283-20
CO2;1283;CT-CO2-0;1f94f8ad-7171-b062-c0a5-dbf839ac97e9;CD:E6:D3:07;0;AVIÁRIO MEIO;844,00;08/11/2025;00:30:21;20;1283-20
CO2;1283;CT-CO2-0;1f94f8ad-7171-b062-c0a5-dbf839ac97e9;CD:E6:D3:07;0;AVIÁRIO MEIO;833,00;08/11/2025;00:35:52;20;1283-20
CO2;1283;CT-CO2-0;1f94f8ad-7171-b062-c0a5-dbf839ac97e9;CD:E6:D3:07;0;AVIÁRIO MEIO;849,00;08/11/2025;00:41:57;20;1283-20
CO2;1283;CT-CO2-0;1f94f8ad-7171-b062-c0a5-dbf839ac97e9;CD:E6:D3:07;0;AVIÁRIO MEIO;857,00;08/11/2025;00:46:29;20;1283-20
CO2;1283;CT-CO2-0;1f94f8ad-7171-b062-c0a5-dbf839ac97e9;CD:E6:D3:07;0;AVIÁRIO MEIO;836,00;08/11/2025;00:52:01;20;1283-20
CO2;1283;CT-CO2-0;1f94f8ad-7171-b062-c0a5-dbf839ac97e9;CD:E6:D3:07;0;AVIÁRIO MEIO;843,00;08/11/2025;00:57:33;20;1283-20
CO2;1283;CT-CO2-0;1f94f8ad-7171-b062-c0a5-dbf839ac97e9;CD:E6:D3:07;0;AVIÁRIO MEIO;853,00;08/11/2025;01:02:36;20;1283-20
CO2;1283;CT-CO2-0;1f94f8ad-7171-b062-c0a5-dbf839ac97e9;CD:E6:D3:07;0;AVIÁRIO MEIO;858,00;08/11/2025;01:08:10;20;1283-20
CO2;1283;CT-CO2-0;1f94f8ad-7171-b062-c0a5-dbf839ac97e9;CD:E6:D3:07;0;AVIÁRIO MEIO;866,00;08/11/2025;01:13:43;20;1283-20
CO2;1283;CT-CO2-0;1f94f8ad-7171-b062-c0a5-dbf839ac97e9;CD:E6:D3:07;0;AVIÁRIO MEIO;833,00;08/11/2025;01:18:45;20;1283-20
CO2;1283;CT-CO2-0;1f94f8ad-7171-b062-c0a5-dbf839ac97e9;CD:E6:D3:07;0;AVIÁRIO MEIO;860,00;08/11/2025;01:24:17;20;1283-20
CO2;1283;CT-CO2-0;1f94f8ad-7171-b062-c0a5-dbf839ac97e9;CD:E6:D3:07;0;AVIÁRIO MEIO;852,00;08/11/2025;01:29:49;20;1283-20
CO2;1283;CT-CO2-0;1f94f8ad-7171-b062-c0a5-dbf839ac97e9;CD:E6:D3:07;0;AVIÁRIO MEIO;831,00;08/11/2025;01:34:52;20;1283-20
CO2;1283;CT-CO2-0;1f94f8ad-7171-b062-c0a5-dbf839ac97e9;CD:E6:D3:07;0;AVIÁRIO MEIO;836,00;08/11/2025;01:40:25;20;1283-20
CO2;1283;CT-CO2-0;1f94f8ad-7171-b062-c0a5-dbf839ac97e9;CD:E6:D3:07;0;AVIÁRIO MEIO;845,00;08/11/2025;01:45:57;20;1283-20
CO2;1283;CT-CO2-0;1f94f8ad-7171-b062-c0a5-dbf839ac97e9;CD:E6:D3:07;0;AVIÁRIO MEIO;845,00;08/11/2025;01:51:32;20;1283-20
CO2;1283;CT-CO2-0;1f94f8ad-7171-b062-c0a5-dbf839ac97e9;CD:E6:D3:07;0;AVIÁRIO MEIO;857,00;08/11/2025;01:56:34;20;1283-20
CO2;1283;CT-CO2-0;1f94f8ad-7171-b062-c0a5-dbf839ac97e9;CD:E6:D3:07;0;AVIÁRIO MEIO;833,00;08/11/2025;02:02:09;20;1283-20
CO2;1283;CT-CO2-0;1f94f8ad-7171-b062-c0a5-dbf839ac97e9;CD:E6:D3:07;0;AVIÁRIO MEIO;823,00;08/11/2025;02:07:18;20;1283-20
CO2;1283;CT-CO2-0;1f94f8ad-7171-b062-c0a5-dbf839ac97e9;CD:E6:D3:07;0;AVIÁRIO MEIO;870,00;08/11/2025;02:12:50;20;1283-20
CO2;1283;CT-CO2-0;1f94f8ad-7171-b062-c0a5-dbf839ac97e9;CD:E6:D3:07;0;AVIÁRIO MEIO;838,00;08/11/2025;02:17:53;20;1283-20
CO2;1283;CT-CO2-0;1f94f8ad-7171-b062-c0a5-dbf839ac97e9;CD:E6:D3:07;0;AVIÁRIO MEIO;817,00;08/11/2025;02:23:24;20;1283-20
CO2;1283;CT-CO2-0;1f94f8ad-7171-b062-c0a5-dbf839ac97e9;CD:E6:D3:07;0;AVIÁRIO MEIO;830,00;08/11/2025;02:28:56;20;1283-20
CO2;1283;CT-CO2-0;1f94f8ad-7171-b062-c0a5-dbf839ac97e9;CD:E6:D3:07;0;AVIÁRIO MEIO;850,00;08/11/2025;02:33:58;20;1283-20
CO2;1283;CT-CO2-0;1f94f8ad-7171-b062-c0a5-dbf839ac97e9;CD:E6:D3:07;0;AVIÁRIO MEIO;830,00;08/11/2025;02:39:31;20;1283-20
CO2;1283;CT-CO2-0;1f94f8ad-7171-b062-c0a5-dbf839ac97e9;CD:E6:D3:07;0;AVIÁRIO MEIO;822,00;08/11/2025;02:45:03;20;1283-20
CO2;1283;CT-CO2-0;1f94f8ad-7171-b062-c0a5-dbf839ac97e9;CD:E6:D3:07;0;AVIÁRIO MEIO;822,00;08/11/2025;02:50:04;20;1283-20
CO2;1283;CT-CO2-0;1f94f8ad-7171-b062-c0a5-dbf839ac97e9;CD:E6:D3:07;0;AVIÁRIO MEIO;813,00;08/11/2025;02:55:36;20;1283-20
CO2;1283;CT-CO2-0;1f94f8ad-7171-b062-c0a5-dbf839ac97e9;CD:E6:D3:07;0;AVIÁRIO MEIO;833,00;08/11/2025;03:01:40;20;1283-20
CO2;1283;CT-CO2-0;1f94f8ad-7171-b062-c0a5-dbf839ac97e9;CD:E6:D3:07;0;AVIÁRIO MEIO;817,00;08/11/2025;03:06:12;20;1283-20
CO2;1283;CT-CO2-0;1f94f8ad-7171-b062-c0a5-dbf839ac97e9;CD:E6:D3:07;0;AVIÁRIO MEIO;837,00;08/11/2025;03:11:44;20;1283-20
CO2;1283;CT-CO2-0;1f94f8ad-7171-b062-c0a5-dbf839ac97e9;CD:E6:D3:07;0;AVIÁRIO MEIO;834,00;08/11/2025;03:17:17;20;1283-20
CO2;1283;CT-CO2-0;1f94f8ad-7171-b062-c0a5-dbf839ac97e9;CD:E6:D3:07;0;AVIÁRIO MEIO;812,00;08/11/2025;03:22:19;20;1283-20
CO2;1283;CT-CO2-0;1f94f8ad-7171-b062-c0a5-dbf839ac97e9;CD:E6:D3:07;0;AVIÁRIO MEIO;867,00;08/11/2025;03:27:51;20;1283-20
CO2;1283;CT-CO2-0;1f94f8ad-7171-b062-c0a5-dbf839ac97e9;CD:E6:D3:07;0;AVIÁRIO MEIO;802,00;08/11/2025;03:33:24;20;1283-20
CO2;1283;CT-CO2-0;1f94f8ad-7171-b062-c0a5-dbf839ac97e9;CD:E6:D3:07;0;AVIÁRIO MEIO;820,00;08/11/2025;03:38:26;20;1283-20
CO2;1283;CT-CO2-0;1f94f8ad-7171-b062-c0a5-dbf839ac97e9;CD:E6:D3:07;0;AVIÁRIO MEIO;823,00;08/11/2025;03:43:57;20;1283-20
CO2;1283;CT-CO2-0;1f94f8ad-7171-b062-c0a5-dbf839ac97e9;CD:E6:D3:07;0;AVIÁRIO MEIO;814,00;08/11/2025;03:49:31;20;1283-20
CO2;1283;CT-CO2-0;1f94f8ad-7171-b062-c0a5-dbf839ac97e9;CD:E6:D3:07;0;AVIÁRIO MEIO;817,00;08/11/2025;03:54:33;20;1283-20
CO2;1283;CT-CO2-0;1f94f8ad-7171-b062-c0a5-dbf839ac97e9;CD:E6:D3:07;0;AVIÁRIO MEIO;826,00;08/11/2025;04:00:05;20;1283-20
CO2;1283;CT-CO2-0;1f94f8ad-7171-b062-c0a5-dbf839ac97e9;CD:E6:D3:07;0;AVIÁRIO MEIO;827,00;08/11/2025;04:05:37;20;1283-20
CO2;1283;CT-CO2-0;1f94f8ad-7171-b062-c0a5-dbf839ac97e9;CD:E6:D3:07;0;AVIÁRIO MEIO;804,00;08/11/2025;04:11:17;20;1283-20
CO2;1283;CT-CO2-0;1f94f8ad-7171-b062-c0a5-dbf839ac97e9;CD:E6:D3:07;0;AVIÁRIO MEIO;794,00;08/11/2025;04:16:19;20;1283-20
CO2;1283;CT-CO2-0;1f94f8ad-7171-b062-c0a5-dbf839ac97e9;CD:E6:D3:07;0;AVIÁRIO MEIO;815,00;08/11/2025;04:21:22;20;1283-20
CO2;1283;CT-CO2-0;1f94f8ad-7171-b062-c0a5-dbf839ac97e9;CD:E6:D3:07;0;AVIÁRIO MEIO;818,00;08/11/2025;04:26:54;20;1283-20
CO2;1283;CT-CO2-0;1f94f8ad-7171-b062-c0a5-dbf839ac97e9;CD:E6:D3:07;0;AVIÁRIO MEIO;806,00;08/11/2025;04:32:25;20;1283-20
CO2;1283;CT-CO2-0;1f94f8ad-7171-b062-c0a5-dbf839ac97e9;CD:E6:D3:07;0;AVIÁRIO MEIO;800,00;08/11/2025;04:37:27;20;1283-20
CO2;1283;CT-CO2-0;1f94f8ad-7171-b062-c0a5-dbf839ac97e9;CD:E6:D3:07;0;AVIÁRIO MEIO;792,00;08/11/2025;04:42:59;20;1283-20
CO2;1283;CT-CO2-0;1f94f8ad-7171-b062-c0a5-dbf839ac97e9;CD:E6:D3:07;0;AVIÁRIO MEIO;797,00;08/11/2025;04:48:31;20;1283-20
CO2;1283;CT-CO2-0;1f94f8ad-7171-b062-c0a5-dbf839ac97e9;CD:E6:D3:07;0;AVIÁRIO MEIO;796,00;08/11/2025;04:53:32;20;1283-20
CO2;1283;CT-CO2-0;1f94f8ad-7171-b062-c0a5-dbf839ac97e9;CD:E6:D3:07;0;AVIÁRIO MEIO;790,00;08/11/2025;04:59:04;20;1283-20
CO2;1283;CT-CO2-0;1f94f8ad-7171-b062-c0a5-dbf839ac97e9;CD:E6:D3:07;0;AVIÁRIO MEIO;788,00;08/11/2025;05:04:36;20;1283-20
CO2;1283;CT-CO2-0;1f94f8ad-7171-b062-c0a5-dbf839ac97e9;CD:E6:D3:07;0;AVIÁRIO MEIO;807,00;08/11/2025;05:10:07;20;1283-20
CO2;1283;CT-CO2-0;1f94f8ad-7171-b062-c0a5-dbf839ac97e9;CD:E6:D3:07;0;AVIÁRIO MEIO;803,00;08/11/2025;05:15:09;20;1283-20
CO2;1283;CT-CO2-0;1f94f8ad-7171-b062-c0a5-dbf839ac97e9;CD:E6:D3:07;0;AVIÁRIO MEIO;801,00;08/11/2025;05:21:18;20;1283-20
CO2;1283;CT-CO2-0;1f94f8ad-7171-b062-c0a5-dbf839ac97e9;CD:E6:D3:07;0;AVIÁRIO MEIO;787,00;08/11/2025;05:25:50;20;1283-20
CO2;1283;CT-CO2-0;1f94f8ad-7171-b062-c0a5-dbf839ac97e9;CD:E6:D3:07;0;AVIÁRIO MEIO;778,00;08/11/2025;05:31:23;20;1283-20
CO2;1283;CT-CO2-0;1f94f8ad-7171-b062-c0a5-dbf839ac97e9;CD:E6:D3:07;0;AVIÁRIO MEIO;807,00;08/11/2025;05:36:55;20;1283-20
CO2;1283;CT-CO2-0;1f94f8ad-7171-b062-c0a5-dbf839ac97e9;CD:E6:D3:07;0;AVIÁRIO MEIO;804,00;08/11/2025;05:41:57;20;1283-20
CO2;1283;CT-CO2-0;1f94f8ad-7171-b062-c0a5-dbf839ac97e9;CD:E6:D3:07;0;AVIÁRIO MEIO;779,00;08/11/2025;05:47:28;20;1283-20
CO2;1283;CT-CO2-0;1f94f8ad-7171-b062-c0a5-dbf839ac97e9;CD:E6:D3:07;0;AVIÁRIO MEIO;799,00;08/11/2025;05:53:01;20;1283-20
CO2;1283;CT-CO2-0;1f94f8ad-7171-b062-c0a5-dbf839ac97e9;CD:E6:D3:07;0;AVIÁRIO MEIO;790,00;08/11/2025;05:58:03;20;1283-20
CO2;1283;CT-CO2-0;1f94f8ad-7171-b062-c0a5-dbf839ac97e9;CD:E6:D3:07;0;AVIÁRIO MEIO;781,00;08/11/2025;06:03:35;20;1283-20
CO2;1283;CT-CO2-0;1f94f8ad-7171-b062-c0a5-dbf839ac97e9;CD:E6:D3:07;0;AVIÁRIO MEIO;778,00;08/11/2025;06:09:07;20;1283-20
CO2;1283;CT-CO2-0;1f94f8ad-7171-b062-c0a5-dbf839ac97e9;CD:E6:D3:07;0;AVIÁRIO MEIO;783,00;08/11/2025;06:14:09;20;1283-20
CO2;1283;CT-CO2-0;1f94f8ad-7171-b062-c0a5-dbf839ac97e9;CD:E6:D3:07;0;AVIÁRIO MEIO;799,00;08/11/2025;06:19:43;20;1283-20
CO2;1283;CT-CO2-0;1f94f8ad-7171-b062-c0a5-dbf839ac97e9;CD:E6:D3:07;0;AVIÁRIO MEIO;791,00;08/11/2025;06:25:17;20;1283-20
CO2;1283;CT-CO2-0;1f94f8ad-7171-b062-c0a5-dbf839ac97e9;CD:E6:D3:07;0;AVIÁRIO MEIO;823,00;08/11/2025;06:30:51;20;1283-20
CO2;1283;CT-CO2-0;1f94f8ad-7171-b062-c0a5-dbf839ac97e9;CD:E6:D3:07;0;AVIÁRIO MEIO;851,00;08/11/2025;06:35:52;20;1283-20
CO2;1283;CT-CO2-0;1f94f8ad-7171-b062-c0a5-dbf839ac97e9;CD:E6:D3:07;0;AVIÁRIO MEIO;881,00;08/11/2025;06:41:24;20;1283-20
CO2;1283;CT-CO2-0;1f94f8ad-7171-b062-c0a5-dbf839ac97e9;CD:E6:D3:07;0;AVIÁRIO MEIO;856,00;08/11/2025;06:46:26;20;1283-20
CO2;1283;CT-CO2-0;1f94f8ad-7171-b062-c0a5-dbf839ac97e9;CD:E6:D3:07;0;AVIÁRIO MEIO;862,00;08/11/2025;06:51:58;20;1283-20
CO2;1283;CT-CO2-0;1f94f8ad-7171-b062-c0a5-dbf839ac97e9;CD:E6:D3:07;0;AVIÁRIO MEIO;860,00;08/11/2025;06:57:29;20;1283-20
CO2;1283;CT-CO2-0;1f94f8ad-7171-b062-c0a5-dbf839ac97e9;CD:E6:D3:07;0;AVIÁRIO MEIO;889,00;08/11/2025;07:02:31;20;1283-20
CO2;1283;CT-CO2-0;1f94f8ad-7171-b062-c0a5-dbf839ac97e9;CD:E6:D3:07;0;AVIÁRIO MEIO;872,00;08/11/2025;07:08:03;20;1283-20
CO2;1283;CT-CO2-0;1f94f8ad-7171-b062-c0a5-dbf839ac97e9;CD:E6:D3:07;0;AVIÁRIO MEIO;859,00;08/11/2025;07:13:35;20;1283-20
CO2;1283;CT-CO2-0;1f94f8ad-7171-b062-c0a5-dbf839ac97e9;CD:E6:D3:07;0;AVIÁRIO MEIO;862,00;08/11/2025;07:18:42;20;1283-20
CO2;1283;CT-CO2-0;1f94f8ad-7171-b062-c0a5-dbf839ac97e9;CD:E6:D3:07;0;AVIÁRIO MEIO;872,00;08/11/2025;07:24:14;20;1283-20
CO2;1283;CT-CO2-0;1f94f8ad-7171-b062-c0a5-dbf839ac97e9;CD:E6:D3:07;0;AVIÁRIO MEIO;851,00;08/11/2025;07:29:46;20;1283-20
CO2;1283;CT-CO2-0;1f94f8ad-7171-b062-c0a5-dbf839ac97e9;CD:E6:D3:07;0;AVIÁRIO MEIO;859,00;08/11/2025;07:34:48;20;1283-20
CO2;1283;CT-CO2-0;1f94f8ad-7171-b062-c0a5-dbf839ac97e9;CD:E6:D3:07;0;AVIÁRIO MEIO;866,00;08/11/2025;07:40:53;20;1283-20
CO2;1283;CT-CO2-0;1f94f8ad-7171-b062-c0a5-dbf839ac97e9;CD:E6:D3:07;0;AVIÁRIO MEIO;868,00;08/11/2025;07:45:54;20;1283-20
CO2;1283;CT-CO2-0;1f94f8ad-7171-b062-c0a5-dbf839ac97e9;CD:E6:D3:07;0;AVIÁRIO MEIO;888,00;08/11/2025;07:50:56;20;1283-20
CO2;1283;CT-CO2-0;1f94f8ad-7171-b062-c0a5-dbf839ac97e9;CD:E6:D3:07;0;AVIÁRIO MEIO;872,00;08/11/2025;07:56:28;20;1283-20
CO2;1283;CT-CO2-0;1f94f8ad-7171-b062-c0a5-dbf839ac97e9;CD:E6:D3:07;0;AVIÁRIO MEIO;857,00;08/11/2025;08:01:59;20;1283-20
CO2;1283;CT-CO2-0;1f94f8ad-7171-b062-c0a5-dbf839ac97e9;CD:E6:D3:07;0;AVIÁRIO MEIO;885,00;08/11/2025;08:07:01;20;1283-20
CO2;1283;CT-CO2-0;1f94f8ad-7171-b062-c0a5-dbf839ac97e9;CD:E6:D3:07;0;AVIÁRIO MEIO;885,00;08/11/2025;08:12:34;20;1283-20
CO2;1283;CT-CO2-0;1f94f8ad-7171-b062-c0a5-dbf839ac97e9;CD:E6:D3:07;0;AVIÁRIO MEIO;887,00;08/11/2025;08:18:07;20;1283-20
CO2;1283;CT-CO2-0;1f94f8ad-7171-b062-c0a5-dbf839ac97e9;CD:E6:D3:07;0;AVIÁRIO MEIO;905,00;08/11/2025;08:23:09;20;1283-20
CO2;1283;CT-CO2-0;1f94f8ad-7171-b062-c0a5-dbf839ac97e9;CD:E6:D3:07;0;AVIÁRIO MEIO;883,00;08/11/2025;08:28:43;20;1283-20
CO2;1283;CT-CO2-0;1f94f8ad-7171-b062-c0a5-dbf839ac97e9;CD:E6:D3:07;0;AVIÁRIO MEIO;875,00;08/11/2025;08:34:15;20;1283-20
CO2;1283;CT-CO2-0;1f94f8ad-7171-b062-c0a5-dbf839ac97e9;CD:E6:D3:07;0;AVIÁRIO MEIO;876,00;08/11/2025;08:39:17;20;1283-20
CO2;1283;CT-CO2-0;1f94f8ad-7171-b062-c0a5-dbf839ac97e9;CD:E6:D3:07;0;AVIÁRIO MEIO;909,00;08/11/2025;08:44:50;20;1283-20
CO2;1283;CT-CO2-0;1f94f8ad-7171-b062-c0a5-dbf839ac97e9;CD:E6:D3:07;0;AVIÁRIO MEIO;896,00;08/11/2025;08:51:01;20;1283-20
CO2;1283;CT-CO2-0;1f94f8ad-7171-b062-c0a5-dbf839ac97e9;CD:E6:D3:07;0;AVIÁRIO MEIO;913,00;08/11/2025;08:55:35;20;1283-20
CO2;1283;CT-CO2-0;1f94f8ad-7171-b062-c0a5-dbf839ac97e9;CD:E6:D3:07;0;AVIÁRIO MEIO;890,00;08/11/2025;09:01:07;20;1283-20
CO2;1283;CT-CO2-0;1f94f8ad-7171-b062-c0a5-dbf839ac97e9;CD:E6:D3:07;0;AVIÁRIO MEIO;874,00;08/11/2025;09:06:10;20;1283-20
CO2;1283;CT-CO2-0;1f94f8ad-7171-b062-c0a5-dbf839ac97e9;CD:E6:D3:07;0;AVIÁRIO MEIO;851,00;08/11/2025;09:11:45;20;1283-20
CO2;1283;CT-CO2-0;1f94f8ad-7171-b062-c0a5-dbf839ac97e9;CD:E6:D3:07;0;AVIÁRIO MEIO;841,00;08/11/2025;09:17:17;20;1283-20
CO2;1283;CT-CO2-0;1f94f8ad-7171-b062-c0a5-dbf839ac97e9;CD:E6:D3:07;0;AVIÁRIO MEIO;845,00;08/11/2025;09:22:19;20;1283-20
CO2;1283;CT-CO2-0;1f94f8ad-7171-b062-c0a5-dbf839ac97e9;CD:E6:D3:07;0;AVIÁRIO MEIO;816,00;08/11/2025;09:27:51;20;1283-20
CO2;1283;CT-CO2-0;1f94f8ad-7171-b062-c0a5-dbf839ac97e9;CD:E6:D3:07;0;AVIÁRIO MEIO;837,00;08/11/2025;09:33:23;20;1283-20
CO2;1283;CT-CO2-0;1f94f8ad-7171-b062-c0a5-dbf839ac97e9;CD:E6:D3:07;0;AVIÁRIO MEIO;866,00;08/11/2025;09:38:25;20;1283-20
CO2;1283;CT-CO2-0;1f94f8ad-7171-b062-c0a5-dbf839ac97e9;CD:E6:D3:07;0;AVIÁRIO MEIO;866,00;08/11/2025;09:43:57;20;1283-20
CO2;1283;CT-CO2-0;1f94f8ad-7171-b062-c0a5-dbf839ac97e9;CD:E6:D3:07;0;AVIÁRIO MEIO;851,00;08/11/2025;09:49:29;20;1283-20
CO2;1283;CT-CO2-0;1f94f8ad-7171-b062-c0a5-dbf839ac97e9;CD:E6:D3:07;0;AVIÁRIO MEIO;860,00;08/11/2025;09:55:01;20;1283-20
CO2;1283;CT-CO2-0;1f94f8ad-7171-b062-c0a5-dbf839ac97e9;CD:E6:D3:07;0;AVIÁRIO MEIO;857,00;08/11/2025;10:00:35;20;1283-20
CO2;1283;CT-CO2-0;1f94f8ad-7171-b062-c0a5-dbf839ac97e9;CD:E6:D3:07;0;AVIÁRIO MEIO;865,00;08/11/2025;10:05:37;20;1283-20
CO2;1283;CT-CO2-0;1f94f8ad-7171-b062-c0a5-dbf839ac97e9;CD:E6:D3:07;0;AVIÁRIO MEIO;861,00;08/11/2025;10:11:09;20;1283-20
CO2;1283;CT-CO2-0;1f94f8ad-7171-b062-c0a5-dbf839ac97e9;CD:E6:D3:07;0;AVIÁRIO MEIO;846,00;08/11/2025;10:16:12;20;1283-20
CO2;1283;CT-CO2-0;1f94f8ad-7171-b062-c0a5-dbf839ac97e9;CD:E6:D3:07;0;AVIÁRIO MEIO;893,00;08/11/2025;10:21:44;20;1283-20
CO2;1283;CT-CO2-0;1f94f8ad-7171-b062-c0a5-dbf839ac97e9;CD:E6:D3:07;0;AVIÁRIO MEIO;886,00;08/11/2025;10:27:16;20;1283-20
CO2;1283;CT-CO2-0;1f94f8ad-7171-b062-c0a5-dbf839ac97e9;CD:E6:D3:07;0;AVIÁRIO MEIO;887,00;08/11/2025;10:32:18;20;1283-20
CO2;1283;CT-CO2-0;1f94f8ad-7171-b062-c0a5-dbf839ac97e9;CD:E6:D3:07;0;AVIÁRIO MEIO;856,00;08/11/2025;10:37:51;20;1283-20
CO2;1283;CT-CO2-0;1f94f8ad-7171-b062-c0a5-dbf839ac97e9;CD:E6:D3:07;0;AVIÁRIO MEIO;896,00;08/11/2025;10:43:24;20;1283-20
CO2;1283;CT-CO2-0;1f94f8ad-7171-b062-c0a5-dbf839ac97e9;CD:E6:D3:07;0;AVIÁRIO MEIO;888,00;08/11/2025;10:48:25;20;1283-20
CO2;1283;CT-CO2-0;1f94f8ad-7171-b062-c0a5-dbf839ac97e9;CD:E6:D3:07;0;AVIÁRIO MEIO;867,00;08/11/2025;10:53:57;20;1283-20
CO2;1283;CT-CO2-0;1f94f8ad-7171-b062-c0a5-dbf839ac97e9;CD:E6:D3:07;0;AVIÁRIO MEIO;878,00;08/11/2025;10:59:29;20;1283-20
CO2;1283;CT-CO2-0;1f94f8ad-7171-b062-c0a5-dbf839ac97e9;CD:E6:D3:07;0;AVIÁRIO MEIO;871,00;08/11/2025;11:04:31;20;1283-20
CO2;1283;CT-CO2-0;1f94f8ad-7171-b062-c0a5-dbf839ac97e9;CD:E6:D3:07;0;AVIÁRIO MEIO;884,00;08/11/2025;11:15:37;20;1283-20
CO2;1283;CT-CO2-0;1f94f8ad-7171-b062-c0a5-dbf839ac97e9;CD:E6:D3:07;0;AVIÁRIO MEIO;851,00;08/11/2025;11:20:39;20;1283-20
CO2;1283;CT-CO2-0;1f94f8ad-7171-b062-c0a5-dbf839ac97e9;CD:E6:D3:07;0;AVIÁRIO MEIO;887,00;08/11/2025;11:26:11;20;1283-20
CO2;1283;CT-CO2-0;1f94f8ad-7171-b062-c0a5-dbf839ac97e9;CD:E6:D3:07;0;AVIÁRIO MEIO;888,00;08/11/2025;11:31:43;20;1283-20
CO2;1283;CT-CO2-0;1f94f8ad-7171-b062-c0a5-dbf839ac97e9;CD:E6:D3:07;0;AVIÁRIO MEIO;876,00;08/11/2025;11:36:45;20;1283-20
CO2;1283;CT-CO2-0;1f94f8ad-7171-b062-c0a5-dbf839ac97e9;CD:E6:D3:07;0;AVIÁRIO MEIO;897,00;08/11/2025;11:42:17;20;1283-20
CO2;1283;CT-CO2-0;1f94f8ad-7171-b062-c0a5-dbf839ac97e9;CD:E6:D3:07;0;AVIÁRIO MEIO;916,00;08/11/2025;11:47:48;20;1283-20
CO2;1283;CT-CO2-0;1f94f8ad-7171-b062-c0a5-dbf839ac97e9;CD:E6:D3:07;0;AVIÁRIO MEIO;921,00;08/11/2025;11:53:20;20;1283-20
CO2;1283;CT-CO2-0;1f94f8ad-7171-b062-c0a5-dbf839ac97e9;CD:E6:D3:07;0;AVIÁRIO MEIO;918,00;08/11/2025;11:58:24;20;1283-20
CO2;1283;CT-CO2-0;1f94f8ad-7171-b062-c0a5-dbf839ac97e9;CD:E6:D3:07;0;AVIÁRIO MEIO;908,00;08/11/2025;12:03:56;20;1283-20
CO2;1283;CT-CO2-0;1f94f8ad-7171-b062-c0a5-dbf839ac97e9;CD:E6:D3:07;0;AVIÁRIO MEIO;906,00;08/11/2025;12:09:28;20;1283-20
CO2;1283;CT-CO2-0;1f94f8ad-7171-b062-c0a5-dbf839ac97e9;CD:E6:D3:07;0;AVIÁRIO MEIO;892,00;08/11/2025;12:14:31;20;1283-20
CO2;1283;CT-CO2-0;1f94f8ad-7171-b062-c0a5-dbf839ac97e9;CD:E6:D3:07;0;AVIÁRIO MEIO;910,00;08/11/2025;12:25:07;20;1283-20
CO2;1283;CT-CO2-0;1f94f8ad-7171-b062-c0a5-dbf839ac97e9;CD:E6:D3:07;0;AVIÁRIO MEIO;882,00;08/11/2025;12:30:39;20;1283-20
CO2;1283;CT-CO2-0;1f94f8ad-7171-b062-c0a5-dbf839ac97e9;CD:E6:D3:07;0;AVIÁRIO MEIO;765,00;08/11/2025;12:36:11;20;1283-20
CO2;1283;CT-CO2-0;1f94f8ad-7171-b062-c0a5-dbf839ac97e9;CD:E6:D3:07;0;AVIÁRIO MEIO;761,00;08/11/2025;12:41:43;20;1283-20
CO2;1283;CT-CO2-0;1f94f8ad-7171-b062-c0a5-dbf839ac97e9;CD:E6:D3:07;0;AVIÁRIO MEIO;768,00;08/11/2025;12:46:45;20;1283-20
CO2;1283;CT-CO2-0;1f94f8ad-7171-b062-c0a5-dbf839ac97e9;CD:E6:D3:07;0;AVIÁRIO MEIO;749,00;08/11/2025;12:52:17;20;1283-20
CO2;1283;CT-CO2-0;1f94f8ad-7171-b062-c0a5-dbf839ac97e9;CD:E6:D3:07;0;AVIÁRIO MEIO;761,00;08/11/2025;12:57:49;20;1283-20
CO2;1283;CT-CO2-0;1f94f8ad-7171-b062-c0a5-dbf839ac97e9;CD:E6:D3:07;0;AVIÁRIO MEIO;735,00;08/11/2025;13:02:51;20;1283-20
CO2;1283;CT-CO2-0;1f94f8ad-7171-b062-c0a5-dbf839ac97e9;CD:E6:D3:07;0;AVIÁRIO MEIO;745,00;08/11/2025;13:08:23;20;1283-20
CO2;1283;CT-CO2-0;1f94f8ad-7171-b062-c0a5-dbf839ac97e9;CD:E6:D3:07;0;AVIÁRIO MEIO;755,00;08/11/2025;13:13:56;20;1283-20
CO2;1283;CT-CO2-0;1f94f8ad-7171-b062-c0a5-dbf839ac97e9;CD:E6:D3:07;0;AVIÁRIO MEIO;746,00;08/11/2025;13:18:58;20;1283-20
CO2;1283;CT-CO2-0;1f94f8ad-7171-b062-c0a5-dbf839ac97e9;CD:E6:D3:07;0;AVIÁRIO MEIO;742,00;08/11/2025;13:24:31;20;1283-20
CO2;1283;CT-CO2-0;1f94f8ad-7171-b062-c0a5-dbf839ac97e9;CD:E6:D3:07;0;AVIÁRIO MEIO;759,00;08/11/2025;13:35:06;20;1283-20
CO2;1283;CT-CO2-0;1f94f8ad-7171-b062-c0a5-dbf839ac97e9;CD:E6:D3:07;0;AVIÁRIO MEIO;758,00;08/11/2025;13:40:38;20;1283-20
CO2;1283;CT-CO2-0;1f94f8ad-7171-b062-c0a5-dbf839ac97e9;CD:E6:D3:07;0;AVIÁRIO MEIO;755,00;08/11/2025;13:46:10;20;1283-20
CO2;1283;CT-CO2-0;1f94f8ad-7171-b062-c0a5-dbf839ac97e9;CD:E6:D3:07;0;AVIÁRIO MEIO;756,00;08/11/2025;13:51:13;20;1283-20
CO2;1283;CT-CO2-0;1f94f8ad-7171-b062-c0a5-dbf839ac97e9;CD:E6:D3:07;0;AVIÁRIO MEIO;765,00;08/11/2025;13:56:45;20;1283-20
CO2;1283;CT-CO2-0;1f94f8ad-7171-b062-c0a5-dbf839ac97e9;CD:E6:D3:07;0;AVIÁRIO MEIO;755,00;08/11/2025;14:02:17;20;1283-20
CO2;1283;CT-CO2-0;1f94f8ad-7171-b062-c0a5-dbf839ac97e9;CD:E6:D3:07;0;AVIÁRIO MEIO;754,00;08/11/2025;14:07:19;20;1283-20
CO2;1283;CT-CO2-0;1f94f8ad-7171-b062-c0a5-dbf839ac97e9;CD:E6:D3:07;0;AVIÁRIO MEIO;742,00;08/11/2025;14:12:52;20;1283-20
CO2;1283;CT-CO2-0;1f94f8ad-7171-b062-c0a5-dbf839ac97e9;CD:E6:D3:07;0;AVIÁRIO MEIO;726,00;08/11/2025;14:18:23;20;1283-20
CO2;1283;CT-CO2-0;1f94f8ad-7171-b062-c0a5-dbf839ac97e9;CD:E6:D3:07;0;AVIÁRIO MEIO;737,00;08/11/2025;14:23:55;20;1283-20
CO2;1283;CT-CO2-0;1f94f8ad-7171-b062-c0a5-dbf839ac97e9;CD:E6:D3:07;0;AVIÁRIO MEIO;751,00;08/11/2025;14:28:59;20;1283-20
CO2;1283;CT-CO2-0;1f94f8ad-7171-b062-c0a5-dbf839ac97e9;CD:E6:D3:07;0;AVIÁRIO MEIO;762,00;08/11/2025;14:34:31;20;1283-20
CO2;1283;CT-CO2-0;1f94f8ad-7171-b062-c0a5-dbf839ac97e9;CD:E6:D3:07;0;AVIÁRIO MEIO;763,00;08/11/2025;14:45:05;20;1283-20
CO2;1283;CT-CO2-0;1f94f8ad-7171-b062-c0a5-dbf839ac97e9;CD:E6:D3:07;0;AVIÁRIO MEIO;749,00;08/11/2025;14:50:36;20;1283-20
CO2;1283;CT-CO2-0;1f94f8ad-7171-b062-c0a5-dbf839ac97e9;CD:E6:D3:07;0;AVIÁRIO MEIO;781,00;08/11/2025;14:56:08;20;1283-20
CO2;1283;CT-CO2-0;1f94f8ad-7171-b062-c0a5-dbf839ac97e9;CD:E6:D3:07;0;AVIÁRIO MEIO;750,00;08/11/2025;15:01:10;20;1283-20
CO2;1283;CT-CO2-0;1f94f8ad-7171-b062-c0a5-dbf839ac97e9;CD:E6:D3:07;0;AVIÁRIO MEIO;753,00;08/11/2025;15:06:42;20;1283-20
CO2;1283;CT-CO2-0;1f94f8ad-7171-b062-c0a5-dbf839ac97e9;CD:E6:D3:07;0;AVIÁRIO MEIO;755,00;08/11/2025;15:12:13;20;1283-20
CO2;1283;CT-CO2-0;1f94f8ad-7171-b062-c0a5-dbf839ac97e9;CD:E6:D3:07;0;AVIÁRIO MEIO;804,00;08/11/2025;15:17:15;20;1283-20
CO2;1283;CT-CO2-0;1f94f8ad-7171-b062-c0a5-dbf839ac97e9;CD:E6:D3:07;0;AVIÁRIO MEIO;750,00;08/11/2025;15:22:48;20;1283-20
CO2;1283;CT-CO2-0;1f94f8ad-7171-b062-c0a5-dbf839ac97e9;CD:E6:D3:07;0;AVIÁRIO MEIO;737,00;08/11/2025;15:28:20;20;1283-20
CO2;1283;CT-CO2-0;1f94f8ad-7171-b062-c0a5-dbf839ac97e9;CD:E6:D3:07;0;AVIÁRIO MEIO;747,00;08/11/2025;15:33:52;20;1283-20
CO2;1283;CT-CO2-0;1f94f8ad-7171-b062-c0a5-dbf839ac97e9;CD:E6:D3:07;0;AVIÁRIO MEIO;757,00;08/11/2025;15:38:53;20;1283-20
CO2;1283;CT-CO2-0;1f94f8ad-7171-b062-c0a5-dbf839ac97e9;CD:E6:D3:07;0;AVIÁRIO MEIO;755,00;08/11/2025;15:44:25;20;1283-20
CO2;1283;CT-CO2-0;1f94f8ad-7171-b062-c0a5-dbf839ac97e9;CD:E6:D3:07;0;AVIÁRIO MEIO;762,00;08/11/2025;15:55:01;20;1283-20
CO2;1283;CT-CO2-0;1f94f8ad-7171-b062-c0a5-dbf839ac97e9;CD:E6:D3:07;0;AVIÁRIO MEIO;750,00;08/11/2025;16:00:33;20;1283-20
CO2;1283;CT-CO2-0;1f94f8ad-7171-b062-c0a5-dbf839ac97e9;CD:E6:D3:07;0;AVIÁRIO MEIO;754,00;08/11/2025;16:06:04;20;1283-20
CO2;1283;CT-CO2-0;1f94f8ad-7171-b062-c0a5-dbf839ac97e9;CD:E6:D3:07;0;AVIÁRIO MEIO;741,00;08/11/2025;16:11:06;20;1283-20
CO2;1283;CT-CO2-0;1f94f8ad-7171-b062-c0a5-dbf839ac97e9;CD:E6:D3:07;0;AVIÁRIO MEIO;806,00;08/11/2025;16:16:39;20;1283-20
CO2;1283;CT-CO2-0;1f94f8ad-7171-b062-c0a5-dbf839ac97e9;CD:E6:D3:07;0;AVIÁRIO MEIO;764,00;08/11/2025;16:22:14;20;1283-20
CO2;1283;CT-CO2-0;1f94f8ad-7171-b062-c0a5-dbf839ac97e9;CD:E6:D3:07;0;AVIÁRIO MEIO;765,00;08/11/2025;16:27:17;20;1283-20
CO2;1283;CT-CO2-0;1f94f8ad-7171-b062-c0a5-dbf839ac97e9;CD:E6:D3:07;0;AVIÁRIO MEIO;754,00;08/11/2025;16:32:49;20;1283-20
CO2;1283;CT-CO2-0;1f94f8ad-7171-b062-c0a5-dbf839ac97e9;CD:E6:D3:07;0;AVIÁRIO MEIO;784,00;08/11/2025;16:38:21;20;1283-20
CO2;1283;CT-CO2-0;1f94f8ad-7171-b062-c0a5-dbf839ac97e9;CD:E6:D3:07;0;AVIÁRIO MEIO;769,00;08/11/2025;16:43:24;20;1283-20
CO2;1283;CT-CO2-0;1f94f8ad-7171-b062-c0a5-dbf839ac97e9;CD:E6:D3:07;0;AVIÁRIO MEIO;759,00;08/11/2025;16:48:57;20;1283-20
CO2;1283;CT-CO2-0;1f94f8ad-7171-b062-c0a5-dbf839ac97e9;CD:E6:D3:07;0;AVIÁRIO MEIO;776,00;08/11/2025;16:54:29;20;1283-20
CO2;1283;CT-CO2-0;1f94f8ad-7171-b062-c0a5-dbf839ac97e9;CD:E6:D3:07;0;AVIÁRIO MEIO;758,00;08/11/2025;17:00:02;20;1283-20
CO2;1283;CT-CO2-0;1f94f8ad-7171-b062-c0a5-dbf839ac97e9;CD:E6:D3:07;0;AVIÁRIO MEIO;754,00;08/11/2025;17:05:04;20;1283-20
CO2;1283;CT-CO2-0;1f94f8ad-7171-b062-c0a5-dbf839ac97e9;CD:E6:D3:07;0;AVIÁRIO MEIO;754,00;08/11/2025;17:10:38;20;1283-20
CO2;1283;CT-CO2-0;1f94f8ad-7171-b062-c0a5-dbf839ac97e9;CD:E6:D3:07;0;AVIÁRIO MEIO;750,00;08/11/2025;17:15:39;20;1283-20
CO2;1283;CT-CO2-0;1f94f8ad-7171-b062-c0a5-dbf839ac97e9;CD:E6:D3:07;0;AVIÁRIO MEIO;768,00;08/11/2025;17:21:11;20;1283-20
CO2;1283;CT-CO2-0;1f94f8ad-7171-b062-c0a5-dbf839ac97e9;CD:E6:D3:07;0;AVIÁRIO MEIO;754,00;08/11/2025;17:26:43;20;1283-20
CO2;1283;CT-CO2-0;1f94f8ad-7171-b062-c0a5-dbf839ac97e9;CD:E6:D3:07;0;AVIÁRIO MEIO;895,00;08/11/2025;17:31:46;20;1283-20
CO2;1283;CT-CO2-0;1f94f8ad-7171-b062-c0a5-dbf839ac97e9;CD:E6:D3:07;0;AVIÁRIO MEIO;788,00;08/11/2025;17:37:18;20;1283-20
CO2;1283;CT-CO2-0;1f94f8ad-7171-b062-c0a5-dbf839ac97e9;CD:E6:D3:07;0;AVIÁRIO MEIO;858,00;08/11/2025;17:42:51;20;1283-20
CO2;1283;CT-CO2-0;1f94f8ad-7171-b062-c0a5-dbf839ac97e9;CD:E6:D3:07;0;AVIÁRIO MEIO;924,00;08/11/2025;17:47:53;20;1283-20
CO2;1283;CT-CO2-0;1f94f8ad-7171-b062-c0a5-dbf839ac97e9;CD:E6:D3:07;0;AVIÁRIO MEIO;805,00;08/11/2025;17:53:25;20;1283-20
CO2;1283;CT-CO2-0;1f94f8ad-7171-b062-c0a5-dbf839ac97e9;CD:E6:D3:07;0;AVIÁRIO MEIO;915,00;08/11/2025;17:58:57;20;1283-20
CO2;1283;CT-CO2-0;1f94f8ad-7171-b062-c0a5-dbf839ac97e9;CD:E6:D3:07;0;AVIÁRIO MEIO;863,00;08/11/2025;18:03:59;20;1283-20
CO2;1283;CT-CO2-0;1f94f8ad-7171-b062-c0a5-dbf839ac97e9;CD:E6:D3:07;0;AVIÁRIO MEIO;932,00;08/11/2025;18:10:04;20;1283-20
CO2;1283;CT-CO2-0;1f94f8ad-7171-b062-c0a5-dbf839ac97e9;CD:E6:D3:07;0;AVIÁRIO MEIO;969,00;08/11/2025;18:15:06;20;1283-20
CO2;1283;CT-CO2-0;1f94f8ad-7171-b062-c0a5-dbf839ac97e9;CD:E6:D3:07;0;AVIÁRIO MEIO;990,00;08/11/2025;18:20:08;20;1283-20
CO2;1283;CT-CO2-0;1f94f8ad-7171-b062-c0a5-dbf839ac97e9;CD:E6:D3:07;0;AVIÁRIO MEIO;967,00;08/11/2025;18:25:40;20;1283-20
CO2;1283;CT-CO2-0;1f94f8ad-7171-b062-c0a5-dbf839ac97e9;CD:E6:D3:07;0;AVIÁRIO MEIO;957,00;08/11/2025;18:31:13;20;1283-20
CO2;1283;CT-CO2-0;1f94f8ad-7171-b062-c0a5-dbf839ac97e9;CD:E6:D3:07;0;AVIÁRIO MEIO;965,00;08/11/2025;18:36:15;20;1283-20
CO2;1283;CT-CO2-0;1f94f8ad-7171-b062-c0a5-dbf839ac97e9;CD:E6:D3:07;0;AVIÁRIO MEIO;976,00;08/11/2025;18:41:51;20;1283-20
CO2;1283;CT-CO2-0;1f94f8ad-7171-b062-c0a5-dbf839ac97e9;CD:E6:D3:07;0;AVIÁRIO MEIO;923,00;08/11/2025;18:47:24;20;1283-20
CO2;1283;CT-CO2-0;1f94f8ad-7171-b062-c0a5-dbf839ac97e9;CD:E6:D3:07;0;AVIÁRIO MEIO;930,00;08/11/2025;18:52:26;20;1283-20
CO2;1283;CT-CO2-0;1f94f8ad-7171-b062-c0a5-dbf839ac97e9;CD:E6:D3:07;0;AVIÁRIO MEIO;934,00;08/11/2025;18:57:58;20;1283-20
CO2;1283;CT-CO2-0;1f94f8ad-7171-b062-c0a5-dbf839ac97e9;CD:E6:D3:07;0;AVIÁRIO MEIO;902,00;08/11/2025;19:03:30;20;1283-20
CO2;1283;CT-CO2-0;1f94f8ad-7171-b062-c0a5-dbf839ac97e9;CD:E6:D3:07;0;AVIÁRIO MEIO;884,00;08/11/2025;19:08:32;20;1283-20
CO2;1283;CT-CO2-0;1f94f8ad-7171-b062-c0a5-dbf839ac97e9;CD:E6:D3:07;0;AVIÁRIO MEIO;909,00;08/11/2025;19:14:04;20;1283-20
CO2;1283;CT-CO2-0;1f94f8ad-7171-b062-c0a5-dbf839ac97e9;CD:E6:D3:07;0;AVIÁRIO MEIO;941,00;08/11/2025;19:20:06;20;1283-20
CO2;1283;CT-CO2-0;1f94f8ad-7171-b062-c0a5-dbf839ac97e9;CD:E6:D3:07;0;AVIÁRIO MEIO;938,00;08/11/2025;19:24:38;20;1283-20
CO2;1283;CT-CO2-0;1f94f8ad-7171-b062-c0a5-dbf839ac97e9;CD:E6:D3:07;0;AVIÁRIO MEIO;926,00;08/11/2025;19:30:11;20;1283-20
CO2;1283;CT-CO2-0;1f94f8ad-7171-b062-c0a5-dbf839ac97e9;CD:E6:D3:07;0;AVIÁRIO MEIO;915,00;08/11/2025;19:35:43;20;1283-20
CO2;1283;CT-CO2-0;1f94f8ad-7171-b062-c0a5-dbf839ac97e9;CD:E6:D3:07;0;AVIÁRIO MEIO;849,00;08/11/2025;19:41:15;20;1283-20
CO2;1283;CT-CO2-0;1f94f8ad-7171-b062-c0a5-dbf839ac97e9;CD:E6:D3:07;0;AVIÁRIO MEIO;833,00;08/11/2025;19:46:17;20;1283-20
CO2;1283;CT-CO2-0;1f94f8ad-7171-b062-c0a5-dbf839ac97e9;CD:E6:D3:07;0;AVIÁRIO MEIO;810,00;08/11/2025;19:51:50;20;1283-20
CO2;1283;CT-CO2-0;1f94f8ad-7171-b062-c0a5-dbf839ac97e9;CD:E6:D3:07;0;AVIÁRIO MEIO;804,00;08/11/2025;19:57:21;20;1283-20
CO2;1283;CT-CO2-0;1f94f8ad-7171-b062-c0a5-dbf839ac97e9;CD:E6:D3:07;0;AVIÁRIO MEIO;800,00;08/11/2025;20:02:23;20;1283-20
CO2;1283;CT-CO2-0;1f94f8ad-7171-b062-c0a5-dbf839ac97e9;CD:E6:D3:07;0;AVIÁRIO MEIO;806,00;08/11/2025;20:07:55;20;1283-20
CO2;1283;CT-CO2-0;1f94f8ad-7171-b062-c0a5-dbf839ac97e9;CD:E6:D3:07;0;AVIÁRIO MEIO;797,00;08/11/2025;20:13:29;20;1283-20
CO2;1283;CT-CO2-0;1f94f8ad-7171-b062-c0a5-dbf839ac97e9;CD:E6:D3:07;0;AVIÁRIO MEIO;808,00;08/11/2025;20:18:31;20;1283-20
CO2;1283;CT-CO2-0;1f94f8ad-7171-b062-c0a5-dbf839ac97e9;CD:E6:D3:07;0;AVIÁRIO MEIO;825,00;08/11/2025;20:24:03;20;1283-20
CO2;1283;CT-CO2-0;1f94f8ad-7171-b062-c0a5-dbf839ac97e9;CD:E6:D3:07;0;AVIÁRIO MEIO;810,00;08/11/2025;20:30:06;20;1283-20
CO2;1283;CT-CO2-0;1f94f8ad-7171-b062-c0a5-dbf839ac97e9;CD:E6:D3:07;0;AVIÁRIO MEIO;820,00;08/11/2025;20:34:38;20;1283-20
CO2;1283;CT-CO2-0;1f94f8ad-7171-b062-c0a5-dbf839ac97e9;CD:E6:D3:07;0;AVIÁRIO MEIO;819,00;08/11/2025;20:40:10;20;1283-20
CO2;1283;CT-CO2-0;1f94f8ad-7171-b062-c0a5-dbf839ac97e9;CD:E6:D3:07;0;AVIÁRIO MEIO;819,00;08/11/2025;20:45:42;20;1283-20
CO2;1283;CT-CO2-0;1f94f8ad-7171-b062-c0a5-dbf839ac97e9;CD:E6:D3:07;0;AVIÁRIO MEIO;818,00;08/11/2025;20:50:46;20;1283-20
CO2;1283;CT-CO2-0;1f94f8ad-7171-b062-c0a5-dbf839ac97e9;CD:E6:D3:07;0;AVIÁRIO MEIO;817,00;08/11/2025;20:56:18;20;1283-20
CO2;1283;CT-CO2-0;1f94f8ad-7171-b062-c0a5-dbf839ac97e9;CD:E6:D3:07;0;AVIÁRIO MEIO;809,00;08/11/2025;21:06:22;20;1283-20
CO2;1283;CT-CO2-0;1f94f8ad-7171-b062-c0a5-dbf839ac97e9;CD:E6:D3:07;0;AVIÁRIO MEIO;807,00;08/11/2025;21:11:24;20;1283-20
CO2;1283;CT-CO2-0;1f94f8ad-7171-b062-c0a5-dbf839ac97e9;CD:E6:D3:07;0;AVIÁRIO MEIO;811,00;08/11/2025;21:16:56;20;1283-20
CO2;1283;CT-CO2-0;1f94f8ad-7171-b062-c0a5-dbf839ac97e9;CD:E6:D3:07;0;AVIÁRIO MEIO;799,00;08/11/2025;21:22:28;20;1283-20
CO2;1283;CT-CO2-0;1f94f8ad-7171-b062-c0a5-dbf839ac97e9;CD:E6:D3:07;0;AVIÁRIO MEIO;804,00;08/11/2025;21:27:31;20;1283-20
CO2;1283;CT-CO2-0;1f94f8ad-7171-b062-c0a5-dbf839ac97e9;CD:E6:D3:07;0;AVIÁRIO MEIO;800,00;08/11/2025;21:33:02;20;1283-20
CO2;1283;CT-CO2-0;1f94f8ad-7171-b062-c0a5-dbf839ac97e9;CD:E6:D3:07;0;AVIÁRIO MEIO;806,00;08/11/2025;21:39:07;20;1283-20
CO2;1283;CT-CO2-0;1f94f8ad-7171-b062-c0a5-dbf839ac97e9;CD:E6:D3:07;0;AVIÁRIO MEIO;811,00;08/11/2025;21:43:39;20;1283-20
CO2;1283;CT-CO2-0;1f94f8ad-7171-b062-c0a5-dbf839ac97e9;CD:E6:D3:07;0;AVIÁRIO MEIO;806,00;08/11/2025;21:49:12;20;1283-20
CO2;1283;CT-CO2-0;1f94f8ad-7171-b062-c0a5-dbf839ac97e9;CD:E6:D3:07;0;AVIÁRIO MEIO;803,00;08/11/2025;21:54:44;20;1283-20
CO2;1283;CT-CO2-0;1f94f8ad-7171-b062-c0a5-dbf839ac97e9;CD:E6:D3:07;0;AVIÁRIO MEIO;808,00;08/11/2025;21:59:46;20;1283-20
CO2;1283;CT-CO2-0;1f94f8ad-7171-b062-c0a5-dbf839ac97e9;CD:E6:D3:07;0;AVIÁRIO MEIO;790,00;08/11/2025;22:05:24;20;1283-20
CO2;1283;CT-CO2-0;1f94f8ad-7171-b062-c0a5-dbf839ac97e9;CD:E6:D3:07;0;AVIÁRIO MEIO;808,00;08/11/2025;22:16:03;20;1283-20
CO2;1283;CT-CO2-0;1f94f8ad-7171-b062-c0a5-dbf839ac97e9;CD:E6:D3:07;0;AVIÁRIO MEIO;794,00;08/11/2025;22:21:35;20;1283-20
CO2;1283;CT-CO2-0;1f94f8ad-7171-b062-c0a5-dbf839ac97e9;CD:E6:D3:07;0;AVIÁRIO MEIO;773,00;08/11/2025;22:26:38;20;1283-20
CO2;1283;CT-CO2-0;1f94f8ad-7171-b062-c0a5-dbf839ac97e9;CD:E6:D3:07;0;AVIÁRIO MEIO;766,00;08/11/2025;22:32:10;20;1283-20
CO2;1283;CT-CO2-0;1f94f8ad-7171-b062-c0a5-dbf839ac97e9;CD:E6:D3:07;0;AVIÁRIO MEIO;770,00;08/11/2025;22:37:42;20;1283-20
CO2;1283;CT-CO2-0;1f94f8ad-7171-b062-c0a5-dbf839ac97e9;CD:E6:D3:07;0;AVIÁRIO MEIO;767,00;08/11/2025;22:42:43;20;1283-20
CO2;1283;CT-CO2-0;1f94f8ad-7171-b062-c0a5-dbf839ac97e9;CD:E6:D3:07;0;AVIÁRIO MEIO;772,00;08/11/2025;22:48:47;20;1283-20
CO2;1283;CT-CO2-0;1f94f8ad-7171-b062-c0a5-dbf839ac97e9;CD:E6:D3:07;0;AVIÁRIO MEIO;770,00;08/11/2025;22:53:49;20;1283-20
CO2;1283;CT-CO2-0;1f94f8ad-7171-b062-c0a5-dbf839ac97e9;CD:E6:D3:07;0;AVIÁRIO MEIO;768,00;08/11/2025;22:58:51;20;1283-20
CO2;1283;CT-CO2-0;1f94f8ad-7171-b062-c0a5-dbf839ac97e9;CD:E6:D3:07;0;AVIÁRIO MEIO;761,00;08/11/2025;23:04:23;20;1283-20
CO2;1283;CT-CO2-0;1f94f8ad-7171-b062-c0a5-dbf839ac97e9;CD:E6:D3:07;0;AVIÁRIO MEIO;757,00;08/11/2025;23:09:54;20;1283-20
CO2;1283;CT-CO2-0;1f94f8ad-7171-b062-c0a5-dbf839ac97e9;CD:E6:D3:07;0;AVIÁRIO MEIO;743,00;08/11/2025;23:20:30;20;1283-20
CO2;1283;CT-CO2-0;1f94f8ad-7171-b062-c0a5-dbf839ac97e9;CD:E6:D3:07;0;AVIÁRIO MEIO;756,00;08/11/2025;23:26:02;20;1283-20
CO2;1283;CT-CO2-0;1f94f8ad-7171-b062-c0a5-dbf839ac97e9;CD:E6:D3:07;0;AVIÁRIO MEIO;766,00;08/11/2025;23:31:34;20;1283-20
CO2;1283;CT-CO2-0;1f94f8ad-7171-b062-c0a5-dbf839ac97e9;CD:E6:D3:07;0;AVIÁRIO MEIO;758,00;08/11/2025;23:36:36;20;1283-20
CO2;1283;CT-CO2-0;1f94f8ad-7171-b062-c0a5-dbf839ac97e9;CD:E6:D3:07;0;AVIÁRIO MEIO;759,00;08/11/2025;23:42:08;20;1283-20
CO2;1283;CT-CO2-0;1f94f8ad-7171-b062-c0a5-dbf839ac97e9;CD:E6:D3:07;0;AVIÁRIO MEIO;759,00;08/11/2025;23:47:40;20;1283-20
CO2;1283;CT-CO2-0;1f94f8ad-7171-b062-c0a5-dbf839ac97e9;CD:E6:D3:07;0;AVIÁRIO MEIO;767,00;08/11/2025;23:53:11;20;1283-20
CO2;1283;CT-CO2-0;1f94f8ad-7171-b062-c0a5-dbf839ac97e9;CD:E6:D3:07;0;AVIÁRIO MEIO;759,00;08/11/2025;23:58:44;20;1283-20
